canonical_specimen,record_type,specimen_kind,access_class,evidence_source_ids,specimen_name,primary_identifier,alternate_identifiers,collection,source_publication,item_reference,printed_name,published_taxon,resolved_taxon,taxon_concept,taxon_conflict,match,sex,note
PONGO-HARRY,specimen,historical_biological_specimen,public,PUB_MACLEOD_2000,Harry,OY 1148,HARRY 2/97; OY 1148,Zilles/Semendeferi (ex Yerkes),MacLeod__2000,MacLeod__2000_APPENDIXI,PONGO PYGMAEUS; ZILLES(SEMEND.); HARRY (2/97),Pongo pygmaeus,,Pongo pygmaeus (s.l.),FALSE,MacLeod-only,M,"MacLeod 2000 Appendix I: brain 440 g, fixed vol 186.11 cc. No modern Bornean/Sumatran assignment on record."
PONGO-BRIGGS,specimen,historical_biological_specimen,public,PUB_MACLEOD_2000,Briggs,6728,BR. 5/97; OHDZ; 6728,Zilles/Semendeferi (ex Yerkes),MacLeod__2000,MacLeod__2000_APPENDIXI,PONGO PYGMAEUS; ZILLES(SEMEND.); BRIGGS (5/97),Pongo pygmaeus,,Pongo pygmaeus (s.l.),FALSE,MacLeod-only,M,"MacLeod 2000 Appendix I: brain 345 g, fixed vol 154.89 cc."
PONGO-0475,specimen,historical_biological_specimen,public,PUB_MACLEOD_2000,,0475,0475; A79,Zilles,MacLeod__2000,MacLeod__2000_APPENDIXI,PONGO (ZILLES)+A79,Pongo pygmaeus,,Pongo pygmaeus (s.l.),FALSE,MacLeod-only,F,MacLeod 2000 Appendix I: fixed vol 107.6 cc. Not obviously matched to a catalog house name.
PONGO-YN85-38,specimen,historical_biological_specimen,public,PUB_MACLEOD_2000,,YN85-38,YN85-38,Zilles/Semendeferi (ex Yerkes; Kanting),MacLeod__2000,MacLeod__2000_APPENDIXI,PONGO PYGMAEUS; ABELII; ZILLES (SEMEND.),Pongo pygmaeus,Pongo abelii,Pongo pygmaeus (s.l.),TRUE,matched,M,THE pygmaeus->abelii case: the printed record carries both 'PONGO PYGMAEUS' and 'ABELII'. Resolved to Pongo abelii (Sumatran); brain 369 g and fixed volume 216.3 cc are printed in MacLeod 2000 Appendix I.
Qafzeh 9,specimen,fossil_specimen,public,PUB_KOCHIYAMA_2018,Qafzeh 9,Qafzeh 9,,"fossil hominin (Skhul-Qafzeh, Israel)",Kochiyama_etal_2018,Kochiyama_etal_2018_FossilSpecimensText,early Homo sapiens,Homo sapiens,Homo sapiens,Homo sapiens (early/fossil),FALSE,Kochiyama-only,,"Late Pleistocene EH grade. Date ~90-120 ka (mean 105 ka). Kochiyama cerebrum 1075 cc, cerebellum 147 cc (GM+WM reconstructed by deforming MRI brains onto endocast). No specimen in Weaver A-15. FOSSIL: never pool into the extant 'Homo sapiens' species mean."
Skhul 5,specimen,fossil_specimen,public,PUB_KOCHIYAMA_2018,Skhul 5,Skhul 5,,"fossil hominin (Skhul-Qafzeh, Israel)",Kochiyama_etal_2018,Kochiyama_etal_2018_FossilSpecimensText,early Homo sapiens,Homo sapiens,Homo sapiens,Homo sapiens (early/fossil),FALSE,Kochiyama-only,,"Late Pleistocene EH grade. Date ~100-135 ka (mean 117.5 ka). Kochiyama cerebrum 1053 cc, cerebellum 146 cc. No specimen in Weaver A-15. FOSSIL: keep out of the extant 'Homo sapiens' mean."
Mladeč 1,specimen,fossil_specimen,public,PUB_KOCHIYAMA_2018,Mladeč 1,Mladeč 1,,"fossil hominin (Mladeč, Czechia)",Kochiyama_etal_2018,Kochiyama_etal_2018_FossilSpecimensText,early Homo sapiens,Homo sapiens,Homo sapiens,Homo sapiens (early/fossil),FALSE,Kochiyama-only,,"Early Upper Palaeolithic EH grade. Date ~35 ka (point estimate). Kochiyama cerebrum 1205 cc, cerebellum 165 cc. No specimen in Weaver A-15. FOSSIL: keep out of the extant 'Homo sapiens' mean."
Cro-Magnon 1,specimen,fossil_specimen,public,PUB_KOCHIYAMA_2018,Cro-Magnon 1,Cro-Magnon 1,,"fossil hominin (Cro-Magnon, France)",Kochiyama_etal_2018,Kochiyama_etal_2018_FossilSpecimensText,early Homo sapiens,Homo sapiens,Homo sapiens,Homo sapiens (early/fossil),FALSE,matched,,"Early Upper Palaeolithic EH grade. Date ~32 ka (point estimate). Kochiyama cerebrum 1208 cc, cerebellum 156 cc. Also in Weaver A-15 (group 13-EMH). FOSSIL: keep out of the extant 'Homo sapiens' mean."
Cro-Magnon 1,specimen,fossil_specimen,public,PUB_WEAVER_2001,Cro-Magnon 1,Cro-Magnon 1,,"fossil hominin (Cro-Magnon, France)",Weaver__2001,Weaver__2001_TableA-15,early Homo sapiens (Early Modern Homo),Homo sapiens,Homo sapiens,Homo sapiens (early/fossil),FALSE,matched,,Weaver group 13-EMH. Cerebellum 118.92 cc from 3D virtual endocast; brain mass 1477.34 g. Method differs from Kochiyama (endocast vs MRI-deformation); see fossil_specimen_cerebellum_comparison.csv.
Amud 1,specimen,fossil_specimen,public,PUB_KOCHIYAMA_2018,Amud 1,Amud 1,,"fossil hominin (Amud, Israel)",Kochiyama_etal_2018,Kochiyama_etal_2018_FossilSpecimensText,Neanderthal,Homo neanderthalensis,Homo neanderthalensis,Homo neanderthalensis,FALSE,Kochiyama-only,,"Neanderthal. Date ~50-70 ka (mean 60 ka). Kochiyama cerebrum 1304 cc, cerebellum 182 cc. No specimen in Weaver A-15. FOSSIL (extinct sister species); never merge into any extant Homo sapiens mean."
La Chapelle-aux-Saints 1,specimen,fossil_specimen,public,PUB_KOCHIYAMA_2018,La Chapelle-aux-Saints 1,La Chapelle-aux-Saints 1,,"fossil hominin (La Chapelle-aux-Saints, France)",Kochiyama_etal_2018,Kochiyama_etal_2018_FossilSpecimensText,Neanderthal,Homo neanderthalensis,Homo neanderthalensis,Homo neanderthalensis,FALSE,matched,,"Neanderthal. Date ~47-56 ka (mean 51.5 ka). Kochiyama cerebrum 1159 cc, cerebellum 140 cc. Also in Weaver A-15 (group 12-LAH)."
La Chapelle-aux-Saints 1,specimen,fossil_specimen,public,PUB_WEAVER_2001,La Chapelle-aux-Saints 1,La Chapelle-aux-Saints 1,,"fossil hominin (La Chapelle-aux-Saints, France)",Weaver__2001,Weaver__2001_TableA-15,Neanderthal (Late Archaic Homo),Homo neanderthalensis,Homo neanderthalensis,Homo neanderthalensis,FALSE,matched,,Weaver group 12-LAH ('La Chapelle I'). Cerebellum 119.01 cc from virtual endocast; brain mass 1516.76 g.
La Ferrassie 1,specimen,fossil_specimen,public,PUB_KOCHIYAMA_2018,La Ferrassie 1,La Ferrassie 1,,"fossil hominin (La Ferrassie, France)",Kochiyama_etal_2018,Kochiyama_etal_2018_FossilSpecimensText,Neanderthal,Homo neanderthalensis,Homo neanderthalensis,Homo neanderthalensis,FALSE,matched,,"Neanderthal. Date ~43-45 ka (mean 44 ka). Kochiyama cerebrum 1268 cc, cerebellum 166 cc. Also in Weaver A-15 (group 12-LAH)."
La Ferrassie 1,specimen,fossil_specimen,public,PUB_WEAVER_2001,La Ferrassie 1,La Ferrassie 1,,"fossil hominin (La Ferrassie, France)",Weaver__2001,Weaver__2001_TableA-15,Neanderthal (Late Archaic Homo),Homo neanderthalensis,Homo neanderthalensis,Homo neanderthalensis,FALSE,matched,,Weaver group 12-LAH ('La Ferrassie I'). Cerebellum 118.33 cc from virtual endocast; brain mass 1575.83 g.
Gibraltar 1 (Forbes' Quarry 1),specimen,fossil_specimen,public,PUB_KOCHIYAMA_2018,Gibraltar 1 (Forbes' Quarry 1),Gibraltar 1,Forbes' Quarry 1,"fossil hominin (Forbes' Quarry, Gibraltar)",Kochiyama_etal_2018,Kochiyama_etal_2018_FossilSpecimensText,Neanderthal,Homo neanderthalensis,Homo neanderthalensis,Homo neanderthalensis,FALSE,matched,,"Neanderthal. No dating information in Kochiyama. Kochiyama cerebrum 912 cc, cerebellum 106 cc (printed 'Forbes' Quarry 1'). Also in Weaver A-15 (group 12-LAH)."
Gibraltar 1 (Forbes' Quarry 1),specimen,fossil_specimen,public,PUB_WEAVER_2001,Gibraltar 1 (Forbes' Quarry 1),Gibraltar 1,Forbes' Quarry 1,"fossil hominin (Forbes' Quarry, Gibraltar)",Weaver__2001,Weaver__2001_TableA-15,Neanderthal (Late Archaic Homo),Homo neanderthalensis,Homo neanderthalensis,Homo neanderthalensis,FALSE,matched,,Weaver group 12-LAH ('Gibraltar/Forbes Quarry'). Cerebellum 81.71 cc from virtual endocast; brain mass 1185.58 g.
PONGO-YN85-38,specimen,historical_biological_specimen,public,PUB_SMAERS_2011;PUB_MACLEOD_2000,,YN85-38,YN85-38; Smaers catalogue 'yn85 38',Zilles/Semendeferi (ex Yerkes; Kanting),Smaers_etal_2011,Smaers_etal_2011_SupplementaryTable1,Pongo pygmaeus (yn85 38),Pongo pygmaeus,Pongo abelii,Pongo pygmaeus (s.l.),TRUE,matched,M,"This is the Pongo specimen that enters volumes_compiled_select.R as FrontalCortex_grey_matter under the lumped label 'Pongo sp.'. The printed YN85-38 identifier links it to MacLeod 2000 using public sources; brain mass and total-brain volume are also consistent. n=1, so this is a specimen measurement, not a pooled s.l. mean, and it is reassignable to Pongo abelii under the consumer contract."
PONGO-YN85-38,specimen,historical_biological_specimen,public,PUB_SMAERS_2017;PUB_SMAERS_2011;PUB_MACLEOD_2000,,YN85-38,YN85-38; via Smaers 2011 Suppl. Table 2 sec5,Zilles/Semendeferi (ex Yerkes; Kanting),Smaers_etal_2017,Smaers_etal_2017_TableS1part1,Pongo_pygmaeus,Pongo pygmaeus,Pongo abelii,Pongo pygmaeus (s.l.),TRUE,matched,M,"Smaers 2017 carries the same animal forward: its Pongo prefrontal_gray 8.596 cm3 = Smaers 2011 Suppl. Table 2 sec5_grey_total 8.60 for 'yn85 38'. So the FrontalMotor_grey/white value already in volumes_wide_select.csv under 'Pongo sp.' is also this Sumatran (P. abelii) individual, not a Bornean or pooled orangutan."
UW-WELKER-63-307,specimen,historical_biological_specimen,public,WEB_BRAINMUSEUM,,63-307,,Welker / University of Wisconsin comparative collection (NMHM/AFIP),Brainmuseum.org,brainmuseum_chimpanzee_page,Pan troglodytes,Pan troglodytes,Pan troglodytes,,FALSE,Brainmuseum-only,,"Public Brainmuseum chimpanzee atlas prints accession 63-307. Bush workbook and Reader sheet independently print 63-397. Treat as a separate provisional canonical specimen (or unresolved accession typo), never a silent alias."
ZILLES-HOMO-14686,specimen,historical_biological_specimen,public,PUB_DESOUSA_DISSERTATION_2008;PUB_DESOUSA_2010,,hs14,14686,Zilles,deSousa_dissertation_2008,deSousa_dissertation_2008_Table5.1,Homo sapiens hs14,Homo sapiens,Homo sapiens,Homo sapiens (living/extant),FALSE,matched,M,"Dissertation Table 5.1 code hs14; public de Sousa 2010 Table 1 supplies archive label '14686'. V1/LGN are de Sousa measurements; neocortex, where present, was supplied by Carol MacLeod."
ZILLES-HOMO-1696,specimen,historical_biological_specimen,public,PUB_DESOUSA_DISSERTATION_2008;PUB_DESOUSA_2010,,hs16,1696,Zilles,deSousa_dissertation_2008,deSousa_dissertation_2008_Table5.1,Homo sapiens hs16,Homo sapiens,Homo sapiens,Homo sapiens (living/extant),FALSE,matched,M,"Dissertation Table 5.1 code hs16; public de Sousa 2010 Table 1 supplies archive label '1696'. V1/LGN are de Sousa measurements; neocortex, where present, was supplied by Carol MacLeod."
ZILLES-HOMO-18992,specimen,historical_biological_specimen,public,PUB_DESOUSA_DISSERTATION_2008;PUB_DESOUSA_2010,,hs18,18992,Zilles,deSousa_dissertation_2008,deSousa_dissertation_2008_Table5.1,Homo sapiens hs18,Homo sapiens,Homo sapiens,Homo sapiens (living/extant),FALSE,matched,M,"Dissertation Table 5.1 code hs18; public de Sousa 2010 Table 1 supplies archive label '18992'. V1/LGN are de Sousa measurements; neocortex, where present, was supplied by Carol MacLeod."
ZILLES-HOMO-20784,specimen,historical_biological_specimen,public,PUB_DESOUSA_DISSERTATION_2008;PUB_DESOUSA_2010,,hs20,20784,Zilles,deSousa_dissertation_2008,deSousa_dissertation_2008_Table5.1,Homo sapiens hs20,Homo sapiens,Homo sapiens,Homo sapiens (living/extant),FALSE,matched,M,"Dissertation Table 5.1 code hs20; public de Sousa 2010 Table 1 supplies archive label '20784'. V1/LGN are de Sousa measurements; neocortex, where present, was supplied by Carol MacLeod."
ZILLES-HOMO-28193,specimen,historical_biological_specimen,public,PUB_DESOUSA_DISSERTATION_2008;PUB_DESOUSA_2010,,hs28,28193,Zilles,deSousa_dissertation_2008,deSousa_dissertation_2008_Table5.1,Homo sapiens hs28,Homo sapiens,Homo sapiens,Homo sapiens (living/extant),FALSE,matched,M,"Dissertation Table 5.1 code hs28; public de Sousa 2010 Table 1 supplies archive label '28193'. V1/LGN are de Sousa measurements; neocortex, where present, was supplied by Carol MacLeod."
ZILLES-HOMO-295,specimen,historical_biological_specimen,public,PUB_DESOUSA_DISSERTATION_2008;PUB_DESOUSA_2010,,hs29,295,Zilles,deSousa_dissertation_2008,deSousa_dissertation_2008_Table5.1,Homo sapiens hs29,Homo sapiens,Homo sapiens,Homo sapiens (living/extant),FALSE,matched,F,"Dissertation Table 5.1 code hs29; public de Sousa 2010 Table 1 supplies archive label '295'. V1/LGN are de Sousa measurements; neocortex, where present, was supplied by Carol MacLeod."
ZILLES-HOMO-SN382-81,specimen,historical_biological_specimen,public,PUB_DESOUSA_DISSERTATION_2008;PUB_DESOUSA_2010;PUB_MACLEOD_2000,,hs38,SN382/81,Zilles,deSousa_dissertation_2008,deSousa_dissertation_2008_Table5.1,Homo sapiens hs38,Homo sapiens,Homo sapiens,Homo sapiens (living/extant),FALSE,matched,F,"Dissertation Table 5.1 code hs38; public de Sousa 2010 Table 1 supplies archive label 'SN382/81'. V1/LGN are de Sousa measurements; neocortex, where present, was supplied by Carol MacLeod."
ZILLES-HOMO-54491,specimen,historical_biological_specimen,public,PUB_DESOUSA_DISSERTATION_2008;PUB_DESOUSA_2010,,hs5,54491,Zilles,deSousa_dissertation_2008,deSousa_dissertation_2008_Table5.1,Homo sapiens hs5,Homo sapiens,Homo sapiens,Homo sapiens (living/extant),FALSE,matched,F,"Dissertation Table 5.1 code hs5; public de Sousa 2010 Table 1 supplies archive label '54491'. V1/LGN are de Sousa measurements; neocortex, where present, was supplied by Carol MacLeod."
ZILLES-HOMO-5694,specimen,historical_biological_specimen,public,PUB_DESOUSA_DISSERTATION_2008;PUB_DESOUSA_2010,,hs56,5694,Zilles,deSousa_dissertation_2008,deSousa_dissertation_2008_Table5.1,Homo sapiens hs56,Homo sapiens,Homo sapiens,Homo sapiens (living/extant),FALSE,matched,F,"Dissertation Table 5.1 code hs56; public de Sousa 2010 Table 1 supplies archive label '5694'. V1/LGN are de Sousa measurements; neocortex, where present, was supplied by Carol MacLeod."
ZILLES-HOMO-6895,specimen,historical_biological_specimen,public,PUB_DESOUSA_DISSERTATION_2008;PUB_DESOUSA_2010,,hs6,6895,Zilles,deSousa_dissertation_2008,deSousa_dissertation_2008_Table5.1,Homo sapiens hs6,Homo sapiens,Homo sapiens,Homo sapiens (living/extant),FALSE,matched,F,"Dissertation Table 5.1 code hs6; public de Sousa 2010 Table 1 supplies archive label '6895'. V1/LGN are de Sousa measurements; neocortex, where present, was supplied by Carol MacLeod."
ZILLES-PAN-1548,specimen,historical_biological_specimen,public,PUB_DESOUSA_DISSERTATION_2008;PUB_DESOUSA_2010;PUB_MACLEOD_2000,,ptd,1548,Zilles,deSousa_dissertation_2008,deSousa_dissertation_2008_Table5.1,Pan troglodytes ptd,Pan troglodytes,Pan troglodytes,,FALSE,matched,,"Dissertation Table 5.1 code ptd; public de Sousa 2010 Table 1 supplies archive label '1548'. V1/LGN are de Sousa measurements; neocortex, where present, was supplied by Carol MacLeod."
ZILLES-PAN-WPZ-486,specimen,historical_biological_specimen,public,PUB_DESOUSA_DISSERTATION_2008;PUB_DESOUSA_2010;PUB_MACLEOD_2000,Bathsheba,ptb,Bathsheba 4/97,Zilles,deSousa_dissertation_2008,deSousa_dissertation_2008_Table5.1,Pan troglodytes ptb,Pan troglodytes,Pan troglodytes,,FALSE,matched,F,"Dissertation Table 5.1 code ptb; public de Sousa 2010 Table 1 supplies archive label 'Bathsheba 4/97'. V1/LGN are de Sousa measurements; neocortex, where present, was supplied by Carol MacLeod."
ZILLES-PAN-PAN1,specimen,historical_biological_specimen,public,PUB_DESOUSA_DISSERTATION_2008;PUB_DESOUSA_2010;PUB_MACLEOD_2000,Schimp,pt1,Schimp 1,Zilles,deSousa_dissertation_2008,deSousa_dissertation_2008_Table5.1,Pan troglodytes pt1,Pan troglodytes,Pan troglodytes,,FALSE,matched,F,"Dissertation Table 5.1 code pt1; public de Sousa 2010 Table 1 supplies archive label 'Schimp 1'. V1/LGN are de Sousa measurements; neocortex, where present, was supplied by Carol MacLeod."
ZILLES-PAN-YN89-278,specimen,historical_biological_specimen,public,PUB_DESOUSA_DISSERTATION_2008;PUB_DESOUSA_2010;PUB_MACLEOD_2000,,pty,YN89-278,Zilles,deSousa_dissertation_2008,deSousa_dissertation_2008_Table5.1,Pan troglodytes pty,Pan troglodytes,Pan troglodytes,,FALSE,matched,M,"Dissertation Table 5.1 code pty; public de Sousa 2010 Table 1 supplies archive label 'YN89-278'. V1/LGN are de Sousa measurements; neocortex, where present, was supplied by Carol MacLeod."
YAKOVLEV-PAN-3.1.1.0.1,specimen,historical_biological_specimen,public,PUB_DESOUSA_DISSERTATION_2008;PUB_DESOUSA_2010,,ptc1,3.1.1.0.1,Yakovlev-Haleem,deSousa_dissertation_2008,deSousa_dissertation_2008_Table5.1,Pan troglodytes ptc1,Pan troglodytes,Pan troglodytes,,FALSE,matched,F,"Dissertation Table 5.1 code ptc1; public de Sousa 2010 Table 1 supplies archive label '3.1.1.0.1'. V1/LGN are de Sousa measurements; neocortex, where present, was supplied by Carol MacLeod."
YAKOVLEV-PAN-3.1.1.0.3,specimen,historical_biological_specimen,public,PUB_DESOUSA_DISSERTATION_2008;PUB_DESOUSA_2010,,ptc3,3.1.1.0.3,Yakovlev-Haleem,deSousa_dissertation_2008,deSousa_dissertation_2008_Table5.1,Pan troglodytes ptc3,Pan troglodytes,Pan troglodytes,,FALSE,matched,M,"Dissertation Table 5.1 code ptc3; public de Sousa 2010 Table 1 supplies archive label '3.1.1.0.3'. V1/LGN are de Sousa measurements; neocortex, where present, was supplied by Carol MacLeod."
WELKER-PAN-56-49,specimen,historical_biological_specimen,public,PUB_DESOUSA_DISSERTATION_2008;PUB_DESOUSA_2010,,ptw1,56_49,Welker,deSousa_dissertation_2008,deSousa_dissertation_2008_Table5.1,Pan troglodytes ptw1,Pan troglodytes,Pan troglodytes,,FALSE,matched,,"Dissertation Table 5.1 code ptw1; public de Sousa 2010 Table 1 supplies archive label '56_49'. V1/LGN are de Sousa measurements; neocortex, where present, was supplied by Carol MacLeod."
ZILLES-PANPAN-YN86-137,specimen,historical_biological_specimen,public,PUB_DESOUSA_DISSERTATION_2008;PUB_DESOUSA_2010;PUB_MACLEOD_2000,,ppy,YN86-137,Zilles,deSousa_dissertation_2008,deSousa_dissertation_2008_Table5.1,Pan paniscus ppy,Pan paniscus,Pan paniscus,,FALSE,matched,F,"Dissertation Table 5.1 code ppy; public de Sousa 2010 Table 1 supplies archive label 'YN86-137'. V1/LGN are de Sousa measurements; neocortex, where present, was supplied by Carol MacLeod."
ZILLES-PANPAN-ZAHLIA,specimen,historical_biological_specimen,public,PUB_DESOUSA_DISSERTATION_2008;PUB_DESOUSA_2010;PUB_MACLEOD_2000,Zahlia,ppz,Zahlia 1/97,Zilles,deSousa_dissertation_2008,deSousa_dissertation_2008_Table5.1,Pan paniscus ppz,Pan paniscus,Pan paniscus,,FALSE,matched,F,"Dissertation Table 5.1 code ppz; public de Sousa 2010 Table 1 supplies archive label 'Zahlia 1/97'. V1/LGN are de Sousa measurements; neocortex, where present, was supplied by Carol MacLeod."
GWU-PANPAN-MCZ-2007-52,specimen,historical_biological_specimen,public,PUB_DESOUSA_DISSERTATION_2008;PUB_DESOUSA_2010,,ppm,MCZ-2007-52,GWU,deSousa_dissertation_2008,deSousa_dissertation_2008_Table5.1,Pan paniscus ppm,Pan paniscus,Pan paniscus,,FALSE,matched,F,"Dissertation Table 5.1 code ppm; public de Sousa 2010 Table 1 supplies archive label 'MCZ-2007-52'. V1/LGN are de Sousa measurements; neocortex, where present, was supplied by Carol MacLeod."
ZILLES-GORILLA-YN82-140,specimen,historical_biological_specimen,public,PUB_DESOUSA_DISSERTATION_2008;PUB_DESOUSA_2010;PUB_MACLEOD_2000,,ggy,YN82-140,Zilles,deSousa_dissertation_2008,deSousa_dissertation_2008_Table5.1,Gorilla gorilla ggy,Gorilla gorilla,Gorilla gorilla,,FALSE,matched,F,"Dissertation Table 5.1 code ggy; public de Sousa 2010 Table 1 supplies archive label 'YN82-140'. V1/LGN are de Sousa measurements; neocortex, where present, was supplied by Carol MacLeod."
STEPHAN-GORILLA-A375,specimen,historical_biological_specimen,public,PUB_DESOUSA_DISSERTATION_2008;PUB_DESOUSA_2010;PUB_MACLEOD_2000,,gga,A375,Stephan,deSousa_dissertation_2008,deSousa_dissertation_2008_Table5.1,Gorilla gorilla gga,Gorilla gorilla,,Gorilla sp. (indet.),TRUE,matched,M,"Dissertation Table 5.1 code gga; public de Sousa 2010 Table 1 supplies archive label 'A375'. V1/LGN are de Sousa measurements; neocortex, where present, was supplied by Carol MacLeod."
PONGO-HARRY,specimen,historical_biological_specimen,public,PUB_DESOUSA_DISSERTATION_2008;PUB_DESOUSA_2010;PUB_MACLEOD_2000,Harry,ouh,Harry 2/97,Zilles,deSousa_dissertation_2008,deSousa_dissertation_2008_Table5.1,Pongo pygmaeus ouh,Pongo pygmaeus,,Pongo pygmaeus (s.l.),FALSE,matched,M,"Dissertation Table 5.1 code ouh; public de Sousa 2010 Table 1 supplies archive label 'Harry 2/97'. V1/LGN are de Sousa measurements; neocortex, where present, was supplied by Carol MacLeod."
PONGO-YN85-38,specimen,historical_biological_specimen,public,PUB_DESOUSA_DISSERTATION_2008;PUB_DESOUSA_2010;PUB_MACLEOD_2000,,ouy,YN85-38,Zilles,deSousa_dissertation_2008,deSousa_dissertation_2008_Table5.1,Pongo pygmaeus ouy,Pongo pygmaeus,Pongo abelii,Pongo pygmaeus (s.l.),TRUE,matched,M,"Dissertation Table 5.1 code ouy; public de Sousa 2010 Table 1 supplies archive label 'YN85-38'. V1/LGN are de Sousa measurements; neocortex, where present, was supplied by Carol MacLeod."
PONGO-BRIGGS,specimen,historical_biological_specimen,public,PUB_DESOUSA_DISSERTATION_2008;PUB_DESOUSA_2010;PUB_MACLEOD_2000,Briggs,oub,Briggs 5/97,Zilles,deSousa_dissertation_2008,deSousa_dissertation_2008_Table5.1,Pongo pygmaeus oub,Pongo pygmaeus,,Pongo pygmaeus (s.l.),FALSE,matched,M,"Dissertation Table 5.1 code oub; public de Sousa 2010 Table 1 supplies archive label 'Briggs 5/97'. V1/LGN are de Sousa measurements; neocortex, where present, was supplied by Carol MacLeod."
ZILLES-HYLOBATES-YN81-146,specimen,historical_biological_specimen,public,PUB_DESOUSA_DISSERTATION_2008;PUB_DESOUSA_2010;PUB_MACLEOD_2000,,hly,YN81-146,Zilles,deSousa_dissertation_2008,deSousa_dissertation_2008_Table5.1,Hylobates lar hly,Hylobates lar,Hylobates lar,,FALSE,matched,F,"Dissertation Table 5.1 code hly; public de Sousa 2010 Table 1 supplies archive label 'YN81-146'. V1/LGN are de Sousa measurements; neocortex, where present, was supplied by Carol MacLeod."
ZILLES-HYLOBATES-GPZ-5542,specimen,historical_biological_specimen,public,PUB_DESOUSA_DISSERTATION_2008;PUB_DESOUSA_2010;PUB_MACLEOD_2000,Disco,hld,Disco 3/97,Zilles,deSousa_dissertation_2008,deSousa_dissertation_2008_Table5.1,Hylobates lar hld,Hylobates lar,,,TRUE,matched,F,"Dissertation Table 5.1 code hld; public de Sousa 2010 Table 1 supplies archive label 'Disco 3/97'. V1/LGN are de Sousa measurements; neocortex, where present, was supplied by Carol MacLeod."
GWU-SYMPHALANGUS-880804,specimen,historical_biological_specimen,public,PUB_DESOUSA_DISSERTATION_2008;PUB_DESOUSA_2010,,ss1,880804,GWU,deSousa_dissertation_2008,deSousa_dissertation_2008_Table5.1,Symphalagus syndactylus ss1,Symphalangus syndactylus,Symphalangus syndactylus,,FALSE,matched,M,"Dissertation Table 5.1 code ss1; public de Sousa 2010 Table 1 supplies archive label '880804'. V1/LGN are de Sousa measurements; neocortex, where present, was supplied by Carol MacLeod."
ZILLES-MACACA-MA22,specimen,historical_biological_specimen,public,PUB_DESOUSA_DISSERTATION_2008;PUB_DESOUSA_2010,,mf2,ma22,Zilles,deSousa_dissertation_2008,deSousa_dissertation_2008_Table5.1,Macaca fascicularis mf2,Macaca fascicularis,Macaca fascicularis,,FALSE,matched,M,"Dissertation Table 5.1 code mf2; public de Sousa 2010 Table 1 supplies archive label 'ma22'. V1/LGN are de Sousa measurements; neocortex, where present, was supplied by Carol MacLeod."
ZILLES-HOMO-14686,specimen,historical_biological_specimen,public,PUB_DESOUSA_2010;PUB_DESOUSA_DISSERTATION_2008,,14686,hs14,Zilles,deSousa_etal_2010,deSousa_etal_2010_Table1,Homo sapiens (14686),Homo sapiens,Homo sapiens,Homo sapiens (living/extant),FALSE,matched,M,Public Table 1 archive label; same specimen as dissertation code hs14. Preserve measure-level provenance: V1/LGN de Sousa; neocortex where present MacLeod.
ZILLES-HOMO-1696,specimen,historical_biological_specimen,public,PUB_DESOUSA_2010;PUB_DESOUSA_DISSERTATION_2008,,1696,hs16,Zilles,deSousa_etal_2010,deSousa_etal_2010_Table1,Homo sapiens (1696),Homo sapiens,Homo sapiens,Homo sapiens (living/extant),FALSE,matched,M,Public Table 1 archive label; same specimen as dissertation code hs16. Preserve measure-level provenance: V1/LGN de Sousa; neocortex where present MacLeod.
ZILLES-HOMO-18992,specimen,historical_biological_specimen,public,PUB_DESOUSA_2010;PUB_DESOUSA_DISSERTATION_2008,,18992,hs18,Zilles,deSousa_etal_2010,deSousa_etal_2010_Table1,Homo sapiens (18992),Homo sapiens,Homo sapiens,Homo sapiens (living/extant),FALSE,matched,M,Public Table 1 archive label; same specimen as dissertation code hs18. Preserve measure-level provenance: V1/LGN de Sousa; neocortex where present MacLeod.
ZILLES-HOMO-20784,specimen,historical_biological_specimen,public,PUB_DESOUSA_2010;PUB_DESOUSA_DISSERTATION_2008,,20784,hs20,Zilles,deSousa_etal_2010,deSousa_etal_2010_Table1,Homo sapiens (20784),Homo sapiens,Homo sapiens,Homo sapiens (living/extant),FALSE,matched,M,Public Table 1 archive label; same specimen as dissertation code hs20. Preserve measure-level provenance: V1/LGN de Sousa; neocortex where present MacLeod.
ZILLES-HOMO-28193,specimen,historical_biological_specimen,public,PUB_DESOUSA_2010;PUB_DESOUSA_DISSERTATION_2008,,28193,hs28,Zilles,deSousa_etal_2010,deSousa_etal_2010_Table1,Homo sapiens (28193),Homo sapiens,Homo sapiens,Homo sapiens (living/extant),FALSE,matched,M,Public Table 1 archive label; same specimen as dissertation code hs28. Preserve measure-level provenance: V1/LGN de Sousa; neocortex where present MacLeod.
ZILLES-HOMO-295,specimen,historical_biological_specimen,public,PUB_DESOUSA_2010;PUB_DESOUSA_DISSERTATION_2008,,295,hs29,Zilles,deSousa_etal_2010,deSousa_etal_2010_Table1,Homo sapiens (295),Homo sapiens,Homo sapiens,Homo sapiens (living/extant),FALSE,matched,F,Public Table 1 archive label; same specimen as dissertation code hs29. Preserve measure-level provenance: V1/LGN de Sousa; neocortex where present MacLeod.
ZILLES-HOMO-SN382-81,specimen,historical_biological_specimen,public,PUB_DESOUSA_2010;PUB_DESOUSA_DISSERTATION_2008;PUB_MACLEOD_2000,,SN382/81,hs38,Zilles,deSousa_etal_2010,deSousa_etal_2010_Table1,Homo sapiens (SN382/81),Homo sapiens,Homo sapiens,Homo sapiens (living/extant),FALSE,matched,F,Public Table 1 archive label; same specimen as dissertation code hs38. Preserve measure-level provenance: V1/LGN de Sousa; neocortex where present MacLeod.
ZILLES-HOMO-54491,specimen,historical_biological_specimen,public,PUB_DESOUSA_2010;PUB_DESOUSA_DISSERTATION_2008,,54491,hs5,Zilles,deSousa_etal_2010,deSousa_etal_2010_Table1,Homo sapiens (54491),Homo sapiens,Homo sapiens,Homo sapiens (living/extant),FALSE,matched,F,Public Table 1 archive label; same specimen as dissertation code hs5. Preserve measure-level provenance: V1/LGN de Sousa; neocortex where present MacLeod.
ZILLES-HOMO-5694,specimen,historical_biological_specimen,public,PUB_DESOUSA_2010;PUB_DESOUSA_DISSERTATION_2008,,5694,hs56,Zilles,deSousa_etal_2010,deSousa_etal_2010_Table1,Homo sapiens (5694),Homo sapiens,Homo sapiens,Homo sapiens (living/extant),FALSE,matched,F,Public Table 1 archive label; same specimen as dissertation code hs56. Preserve measure-level provenance: V1/LGN de Sousa; neocortex where present MacLeod.
ZILLES-HOMO-6895,specimen,historical_biological_specimen,public,PUB_DESOUSA_2010;PUB_DESOUSA_DISSERTATION_2008,,6895,hs6,Zilles,deSousa_etal_2010,deSousa_etal_2010_Table1,Homo sapiens (6895),Homo sapiens,Homo sapiens,Homo sapiens (living/extant),FALSE,matched,F,Public Table 1 archive label; same specimen as dissertation code hs6. Preserve measure-level provenance: V1/LGN de Sousa; neocortex where present MacLeod.
ZILLES-PAN-1548,specimen,historical_biological_specimen,public,PUB_DESOUSA_2010;PUB_DESOUSA_DISSERTATION_2008;PUB_MACLEOD_2000,,1548,ptd,Zilles,deSousa_etal_2010,deSousa_etal_2010_Table1,Pan troglodytes (1548),Pan troglodytes,Pan troglodytes,,FALSE,matched,,Public Table 1 archive label; same specimen as dissertation code ptd. Preserve measure-level provenance: V1/LGN de Sousa; neocortex where present MacLeod.
ZILLES-PAN-WPZ-486,specimen,historical_biological_specimen,public,PUB_DESOUSA_2010;PUB_DESOUSA_DISSERTATION_2008;PUB_MACLEOD_2000,Bathsheba,Bathsheba 4/97,ptb,Zilles,deSousa_etal_2010,deSousa_etal_2010_Table1,Pan troglodytes (Bathsheba 4/97),Pan troglodytes,Pan troglodytes,,FALSE,matched,F,Public Table 1 archive label; same specimen as dissertation code ptb. Preserve measure-level provenance: V1/LGN de Sousa; neocortex where present MacLeod.
ZILLES-PAN-PAN1,specimen,historical_biological_specimen,public,PUB_DESOUSA_2010;PUB_DESOUSA_DISSERTATION_2008;PUB_MACLEOD_2000,Schimp,Schimp 1,pt1,Zilles,deSousa_etal_2010,deSousa_etal_2010_Table1,Pan troglodytes (Schimp 1),Pan troglodytes,Pan troglodytes,,FALSE,matched,F,Public Table 1 archive label; same specimen as dissertation code pt1. Preserve measure-level provenance: V1/LGN de Sousa; neocortex where present MacLeod.
ZILLES-PAN-YN89-278,specimen,historical_biological_specimen,public,PUB_DESOUSA_2010;PUB_DESOUSA_DISSERTATION_2008;PUB_MACLEOD_2000,,YN89-278,pty,Zilles,deSousa_etal_2010,deSousa_etal_2010_Table1,Pan troglodytes (YN89-278),Pan troglodytes,Pan troglodytes,,FALSE,matched,M,Public Table 1 archive label; same specimen as dissertation code pty. Preserve measure-level provenance: V1/LGN de Sousa; neocortex where present MacLeod.
YAKOVLEV-PAN-3.1.1.0.1,specimen,historical_biological_specimen,public,PUB_DESOUSA_2010;PUB_DESOUSA_DISSERTATION_2008,,3.1.1.0.1,ptc1,Yakovlev-Haleem,deSousa_etal_2010,deSousa_etal_2010_Table1,Pan troglodytes (3.1.1.0.1),Pan troglodytes,Pan troglodytes,,FALSE,matched,F,Public Table 1 archive label; same specimen as dissertation code ptc1. Preserve measure-level provenance: V1/LGN de Sousa; neocortex where present MacLeod.
YAKOVLEV-PAN-3.1.1.0.3,specimen,historical_biological_specimen,public,PUB_DESOUSA_2010;PUB_DESOUSA_DISSERTATION_2008,,3.1.1.0.3,ptc3,Yakovlev-Haleem,deSousa_etal_2010,deSousa_etal_2010_Table1,Pan troglodytes (3.1.1.0.3),Pan troglodytes,Pan troglodytes,,FALSE,matched,M,Public Table 1 archive label; same specimen as dissertation code ptc3. Preserve measure-level provenance: V1/LGN de Sousa; neocortex where present MacLeod.
WELKER-PAN-56-49,specimen,historical_biological_specimen,public,PUB_DESOUSA_2010;PUB_DESOUSA_DISSERTATION_2008,,56_49,ptw1,Welker,deSousa_etal_2010,deSousa_etal_2010_Table1,Pan troglodytes (56_49),Pan troglodytes,Pan troglodytes,,FALSE,matched,,Public Table 1 archive label; same specimen as dissertation code ptw1. Preserve measure-level provenance: V1/LGN de Sousa; neocortex where present MacLeod.
ZILLES-PANPAN-YN86-137,specimen,historical_biological_specimen,public,PUB_DESOUSA_2010;PUB_DESOUSA_DISSERTATION_2008;PUB_MACLEOD_2000,,YN86-137,ppy,Zilles,deSousa_etal_2010,deSousa_etal_2010_Table1,Pan paniscus (YN86-137),Pan paniscus,Pan paniscus,,FALSE,matched,F,Public Table 1 archive label; same specimen as dissertation code ppy. Preserve measure-level provenance: V1/LGN de Sousa; neocortex where present MacLeod.
ZILLES-PANPAN-ZAHLIA,specimen,historical_biological_specimen,public,PUB_DESOUSA_2010;PUB_DESOUSA_DISSERTATION_2008;PUB_MACLEOD_2000,Zahlia,Zahlia 1/97,ppz,Zilles,deSousa_etal_2010,deSousa_etal_2010_Table1,Pan paniscus (Zahlia 1/97),Pan paniscus,Pan paniscus,,FALSE,matched,F,Public Table 1 archive label; same specimen as dissertation code ppz. Preserve measure-level provenance: V1/LGN de Sousa; neocortex where present MacLeod.
GWU-PANPAN-MCZ-2007-52,specimen,historical_biological_specimen,public,PUB_DESOUSA_2010;PUB_DESOUSA_DISSERTATION_2008,,MCZ-2007-52,ppm,GWU,deSousa_etal_2010,deSousa_etal_2010_Table1,Pan paniscus (MCZ-2007-52),Pan paniscus,Pan paniscus,,FALSE,matched,F,Public Table 1 archive label; same specimen as dissertation code ppm. Preserve measure-level provenance: V1/LGN de Sousa; neocortex where present MacLeod.
ZILLES-GORILLA-YN82-140,specimen,historical_biological_specimen,public,PUB_DESOUSA_2010;PUB_DESOUSA_DISSERTATION_2008;PUB_MACLEOD_2000,,YN82-140,ggy,Zilles,deSousa_etal_2010,deSousa_etal_2010_Table1,Gorilla gorilla (YN82-140),Gorilla gorilla,Gorilla gorilla,,FALSE,matched,F,Public Table 1 archive label; same specimen as dissertation code ggy. Preserve measure-level provenance: V1/LGN de Sousa; neocortex where present MacLeod.
STEPHAN-GORILLA-A375,specimen,historical_biological_specimen,public,PUB_DESOUSA_2010;PUB_DESOUSA_DISSERTATION_2008;PUB_MACLEOD_2000,,A375,gga,Stephan,deSousa_etal_2010,deSousa_etal_2010_Table1,Gorilla gorilla (A375),Gorilla gorilla,,Gorilla sp. (indet.),TRUE,matched,M,Public Table 1 archive label; same specimen as dissertation code gga. Preserve measure-level provenance: V1/LGN de Sousa; neocortex where present MacLeod.
PONGO-HARRY,specimen,historical_biological_specimen,public,PUB_DESOUSA_2010;PUB_DESOUSA_DISSERTATION_2008;PUB_MACLEOD_2000,Harry,Harry 2/97,ouh,Zilles,deSousa_etal_2010,deSousa_etal_2010_Table1,Pongo pygmaeus (Harry 2/97),Pongo pygmaeus,,Pongo pygmaeus (s.l.),FALSE,matched,M,Public Table 1 archive label; same specimen as dissertation code ouh. Preserve measure-level provenance: V1/LGN de Sousa; neocortex where present MacLeod.
PONGO-YN85-38,specimen,historical_biological_specimen,public,PUB_DESOUSA_2010;PUB_DESOUSA_DISSERTATION_2008;PUB_MACLEOD_2000,,YN85-38,ouy,Zilles,deSousa_etal_2010,deSousa_etal_2010_Table1,Pongo pygmaeus (YN85-38),Pongo pygmaeus,Pongo abelii,Pongo pygmaeus (s.l.),TRUE,matched,M,Public Table 1 archive label; same specimen as dissertation code ouy. Preserve measure-level provenance: V1/LGN de Sousa; neocortex where present MacLeod.
PONGO-BRIGGS,specimen,historical_biological_specimen,public,PUB_DESOUSA_2010;PUB_DESOUSA_DISSERTATION_2008;PUB_MACLEOD_2000,Briggs,Briggs 5/97,oub,Zilles,deSousa_etal_2010,deSousa_etal_2010_Table1,Pongo pygmaeus (Briggs 5/97),Pongo pygmaeus,,Pongo pygmaeus (s.l.),FALSE,matched,M,Public Table 1 archive label; same specimen as dissertation code oub. Preserve measure-level provenance: V1/LGN de Sousa; neocortex where present MacLeod.
ZILLES-HYLOBATES-YN81-146,specimen,historical_biological_specimen,public,PUB_DESOUSA_2010;PUB_DESOUSA_DISSERTATION_2008;PUB_MACLEOD_2000,,YN81-146,hly,Zilles,deSousa_etal_2010,deSousa_etal_2010_Table1,Hylobates lar (YN81-146),Hylobates lar,Hylobates lar,,FALSE,matched,F,Public Table 1 archive label; same specimen as dissertation code hly. Preserve measure-level provenance: V1/LGN de Sousa; neocortex where present MacLeod.
ZILLES-HYLOBATES-GPZ-5542,specimen,historical_biological_specimen,public,PUB_DESOUSA_2010;PUB_DESOUSA_DISSERTATION_2008;PUB_MACLEOD_2000,Disco,Disco 3/97,hld,Zilles,deSousa_etal_2010,deSousa_etal_2010_Table1,Hylobates lar (Disco 3/97),Hylobates lar,,,TRUE,matched,F,Public Table 1 archive label; same specimen as dissertation code hld. Preserve measure-level provenance: V1/LGN de Sousa; neocortex where present MacLeod.
GWU-SYMPHALANGUS-880804,specimen,historical_biological_specimen,public,PUB_DESOUSA_2010;PUB_DESOUSA_DISSERTATION_2008,,880804,ss1,GWU,deSousa_etal_2010,deSousa_etal_2010_Table1,Symphalagus syndactylus (880804),Symphalangus syndactylus,Symphalangus syndactylus,,FALSE,matched,M,Public Table 1 archive label; same specimen as dissertation code ss1. Preserve measure-level provenance: V1/LGN de Sousa; neocortex where present MacLeod.
ZILLES-MACACA-MA22,specimen,historical_biological_specimen,public,PUB_DESOUSA_2010;PUB_DESOUSA_DISSERTATION_2008,,ma22,mf2,Zilles,deSousa_etal_2010,deSousa_etal_2010_Table1,Macaca fascicularis (ma22),Macaca fascicularis,Macaca fascicularis,,FALSE,matched,M,Public Table 1 archive label; same specimen as dissertation code mf2. Preserve measure-level provenance: V1/LGN de Sousa; neocortex where present MacLeod.
BARGER-HOMO-SN207-84,specimen,historical_biological_specimen,public,PUB_BARGER_2007,,SN207/84,SN207/84,Zilles,Barger_etal_2007,Barger_etal_2007_Table1,Homo sapiens (SN207/84),Homo sapiens,Homo sapiens,Homo sapiens (living/extant),FALSE,Barger-only,M,Barger Table 1 specimen; no cross-publication match asserted.
ZILLES-PAN-WPZ-486,specimen,historical_biological_specimen,public,PUB_BARGER_2007;PUB_DESOUSA_2010;PUB_MACLEOD_2000,Bathsheba,WPZ-486,Bathsheba,Zilles/Semendeferi,Barger_etal_2007,Barger_etal_2007_Table1,Pan troglodytes (Bathsheba),Pan troglodytes,Pan troglodytes,,FALSE,matched,F,Barger Table 1 age/sex/name or accession agrees with the public MacLeod/de Sousa record; amygdala values remain Barger measurements for the same physical brain.
ZILLES-PAN-PAN1,specimen,historical_biological_specimen,public,PUB_BARGER_2007;PUB_DESOUSA_2010;PUB_MACLEOD_2000,Schimp,PAN 1,Schimp,Zilles/Semendeferi,Barger_etal_2007,Barger_etal_2007_Table1,Pan troglodytes (Schimp),Pan troglodytes,Pan troglodytes,,FALSE,matched,F,Barger Table 1 age/sex/name or accession agrees with the public MacLeod/de Sousa record; amygdala values remain Barger measurements for the same physical brain.
ZILLES-PAN-YN89-278,specimen,historical_biological_specimen,public,PUB_BARGER_2007;PUB_DESOUSA_2010;PUB_MACLEOD_2000,,YN89-278,YN89-278,Zilles/Semendeferi,Barger_etal_2007,Barger_etal_2007_Table1,Pan troglodytes (YN89-278),Pan troglodytes,Pan troglodytes,,FALSE,matched,M,Barger Table 1 age/sex/name or accession agrees with the public MacLeod/de Sousa record; amygdala values remain Barger measurements for the same physical brain.
ZILLES-PANPAN-ZAHLIA,specimen,historical_biological_specimen,public,PUB_BARGER_2007;PUB_DESOUSA_2010;PUB_MACLEOD_2000,Zahlia,ZAHLIA/97,Zahlia,Zilles/Semendeferi,Barger_etal_2007,Barger_etal_2007_Table1,Pan paniscus (Zahlia),Pan paniscus,Pan paniscus,,FALSE,matched,F,Barger Table 1 age/sex/name or accession agrees with the public MacLeod/de Sousa record; amygdala values remain Barger measurements for the same physical brain.
ZILLES-PANPAN-YN86-137,specimen,historical_biological_specimen,public,PUB_BARGER_2007;PUB_DESOUSA_2010;PUB_MACLEOD_2000,,YN86-137,YN86-137,Zilles/Semendeferi,Barger_etal_2007,Barger_etal_2007_Table1,Pan paniscus (YN86-137),Pan paniscus,Pan paniscus,,FALSE,matched,F,Barger Table 1 age/sex/name or accession agrees with the public MacLeod/de Sousa record; amygdala values remain Barger measurements for the same physical brain.
ZILLES-GORILLA-YN82-140,specimen,historical_biological_specimen,public,PUB_BARGER_2007;PUB_DESOUSA_2010;PUB_MACLEOD_2000,,YN82-140,YN82-140,Zilles/Semendeferi,Barger_etal_2007,Barger_etal_2007_Table1,Gorilla gorilla (YN82-140),Gorilla gorilla,Gorilla gorilla,,FALSE,matched,F,Barger Table 1 age/sex/name or accession agrees with the public MacLeod/de Sousa record; amygdala values remain Barger measurements for the same physical brain.
PONGO-HARRY,specimen,historical_biological_specimen,public,PUB_BARGER_2007;PUB_DESOUSA_2010;PUB_MACLEOD_2000,Harry,OY 1148,Harry,Zilles/Semendeferi,Barger_etal_2007,Barger_etal_2007_Table1,Pongo pygmaeus (Harry),Pongo pygmaeus,,Pongo pygmaeus (s.l.),FALSE,matched,M,Barger Table 1 age/sex/name or accession agrees with the public MacLeod/de Sousa record; amygdala values remain Barger measurements for the same physical brain.
PONGO-BRIGGS,specimen,historical_biological_specimen,public,PUB_BARGER_2007;PUB_DESOUSA_2010;PUB_MACLEOD_2000,Briggs,6728,Briggs,Zilles/Semendeferi,Barger_etal_2007,Barger_etal_2007_Table1,Pongo pygmaeus (Briggs),Pongo pygmaeus,,Pongo pygmaeus (s.l.),FALSE,matched,M,Barger Table 1 age/sex/name or accession agrees with the public MacLeod/de Sousa record; amygdala values remain Barger measurements for the same physical brain.
PONGO-YN85-38,specimen,historical_biological_specimen,public,PUB_BARGER_2007;PUB_DESOUSA_2010;PUB_MACLEOD_2000,,YN85-38,YN85-38,Zilles/Semendeferi,Barger_etal_2007,Barger_etal_2007_Table1,Pongo pygmaeus (YN85-38),Pongo pygmaeus,Pongo abelii,Pongo pygmaeus (s.l.),TRUE,matched,M,Barger Table 1 age/sex/name or accession agrees with the public MacLeod/de Sousa record; amygdala values remain Barger measurements for the same physical brain.
ZILLES-HYLOBATES-GPZ-5542,specimen,historical_biological_specimen,public,PUB_BARGER_2007;PUB_DESOUSA_2010;PUB_MACLEOD_2000,Disco,GPZ-5542,Disco,Zilles/Semendeferi,Barger_etal_2007,Barger_etal_2007_Table1,Hylobates lar (Disco),Hylobates lar,,,TRUE,matched,F,Barger Table 1 age/sex/name or accession agrees with the public MacLeod/de Sousa record; amygdala values remain Barger measurements for the same physical brain.
ZILLES-HYLOBATES-YN81-146,specimen,historical_biological_specimen,public,PUB_BARGER_2007;PUB_DESOUSA_2010;PUB_MACLEOD_2000,,732-1,YN81-146,Zilles/Semendeferi,Barger_etal_2007,Barger_etal_2007_Table1,Hylobates lar (YN81-146),Hylobates lar,Hylobates lar,,FALSE,matched,F,Barger Table 1 age/sex/name or accession agrees with the public MacLeod/de Sousa record; amygdala values remain Barger measurements for the same physical brain.
STEPHAN-GORILLA-A375,specimen,historical_biological_specimen,public,PUB_MACLEOD_2000;PUB_DESOUSA_2010,,A375,A375,Hirnforschung / Stephan-Zilles shared collection,MacLeod__2000,MacLeod__2000_APPENDIXI,GORILLA; ?EAST. LOWLAND; STEPHAN *,Gorilla gorilla,,Gorilla sp. (indet.),TRUE,matched,M,Public Appendix I identifier links this physical brain to the de Sousa and/or Barger source row; measurements remain source-specific.
ZILLES-GORILLA-YN82-140,specimen,historical_biological_specimen,public,PUB_MACLEOD_2000;PUB_DESOUSA_2010,,YN82-140,YN82-140,Hirnforschung / Stephan-Zilles shared collection,MacLeod__2000,MacLeod__2000_APPENDIXI,"GORILLA; ZILLES (SEMEND.); ""JINI""",Gorilla gorilla,Gorilla gorilla,,FALSE,matched,F,Public Appendix I identifier links this physical brain to the de Sousa and/or Barger source row; measurements remain source-specific.
ZILLES-PANPAN-YN86-137,specimen,historical_biological_specimen,public,PUB_MACLEOD_2000;PUB_DESOUSA_2010,,YN86-137,YN86-137,Hirnforschung / Stephan-Zilles shared collection,MacLeod__2000,MacLeod__2000_APPENDIXI,"PAN PANISCUS; ZILLES (SEMEND.); ""MULIKA""",Pan paniscus,Pan paniscus,,FALSE,matched,F,Public Appendix I identifier links this physical brain to the de Sousa and/or Barger source row; measurements remain source-specific.
ZILLES-PANPAN-ZAHLIA,specimen,historical_biological_specimen,public,PUB_MACLEOD_2000;PUB_DESOUSA_2010,,ZAHLIA/97,ZAHLIA/97,Hirnforschung / Stephan-Zilles shared collection,MacLeod__2000,MacLeod__2000_APPENDIXI,PAN PANISCUS; ZILLES(SEMEND.); ZAHLIA (1/97),Pan paniscus,Pan paniscus,,FALSE,matched,F,Public Appendix I identifier links this physical brain to the de Sousa and/or Barger source row; measurements remain source-specific.
ZILLES-PAN-YN89-278,specimen,historical_biological_specimen,public,PUB_MACLEOD_2000;PUB_DESOUSA_2010,YN-YERKES,YN89-278,YN89-278; YN-YERKES,Hirnforschung / Stephan-Zilles shared collection,MacLeod__2000,MacLeod__2000_APPENDIXI,"PAN TROGLODYTES; ZILLES (SEMEND.); ""HARV""",Pan troglodytes,Pan troglodytes,,FALSE,matched,M,Public Appendix I identifier links this physical brain to the de Sousa and/or Barger source row; measurements remain source-specific.
ZILLES-PAN-1548,specimen,historical_biological_specimen,public,PUB_MACLEOD_2000;PUB_DESOUSA_2010,,1548,1548,Hirnforschung / Stephan-Zilles shared collection,MacLeod__2000,MacLeod__2000_APPENDIXI,PAN TROGLODYTES; ZILLES FROM ST.,Pan troglodytes,Pan troglodytes,,FALSE,matched,,Public Appendix I identifier links this physical brain to the de Sousa and/or Barger source row; measurements remain source-specific.
ZILLES-PAN-PAN1,specimen,historical_biological_specimen,public,PUB_MACLEOD_2000;PUB_DESOUSA_2010,,PAN 1,CHIMP 1; PAN 1,Hirnforschung / Stephan-Zilles shared collection,MacLeod__2000,MacLeod__2000_APPENDIXI,PAN TROGLODYTES; ZILLES (SEMEND.),Pan troglodytes,Pan troglodytes,,FALSE,matched,F,Public Appendix I identifier links this physical brain to the de Sousa and/or Barger source row; measurements remain source-specific.
ZILLES-PAN-WPZ-486,specimen,historical_biological_specimen,public,PUB_MACLEOD_2000;PUB_DESOUSA_2010,,WPZ-486,BATH.4/97; WPZ-486,Hirnforschung / Stephan-Zilles shared collection,MacLeod__2000,MacLeod__2000_APPENDIXI,PAN TROGLODYTES; ZILLES (SEMEND.); BATHSHEBA (4/97),Pan troglodytes,Pan troglodytes,,FALSE,matched,F,Public Appendix I identifier links this physical brain to the de Sousa and/or Barger source row; measurements remain source-specific.
ZILLES-HYLOBATES-YN81-146,specimen,historical_biological_specimen,public,PUB_MACLEOD_2000;PUB_DESOUSA_2010,,732-1,YN81-146; 732-1,Hirnforschung / Stephan-Zilles shared collection,MacLeod__2000,MacLeod__2000_APPENDIXI,GIBBON; HYLOBATES LAR; ZILLES (SEMEND.),Hylobates lar,Hylobates lar,,FALSE,matched,F,Public Appendix I identifier links this physical brain to the de Sousa and/or Barger source row; measurements remain source-specific.
ZILLES-HYLOBATES-GPZ-5542,specimen,historical_biological_specimen,public,PUB_MACLEOD_2000;PUB_DESOUSA_2010,DISCO,GPZ-5542,DISCO (3/97); GPZ-5542,Hirnforschung / Stephan-Zilles shared collection,MacLeod__2000,MacLeod__2000_APPENDIXI,GIBBON; ZILLES(SEMEND.),,,,TRUE,matched,F,Public Appendix I identifier links this physical brain to the de Sousa and/or Barger source row; measurements remain source-specific.
KAAS-PAN-11_38,specimen,historical_biological_specimen,public,PUB_MILLER_DISSERTATION_2017,,11_38,left hemisphere; Nissl V1 series,Kaas laboratory / Vanderbilt; from Texas Biomedical Research Institute,Miller_dissertation_2017,Miller_dissertation_2017_Table3,Pan troglodytes (11_38),Pan troglodytes,Pan troglodytes,,FALSE,matched,F,"Miller prints case 11_38, female, age 53, Texas source, and left V1 histology."
KAAS-PAN-11_38,specimen,historical_biological_specimen,public,PUB_TURNER_DISSERTATION_2017;PUB_MILLER_DISSERTATION_2017,,11_38,53-year-old female Texas chimp; right cortex,Kaas laboratory / Vanderbilt; from Texas Biomedical Research Institute,Turner_dissertation_2017,Turner_dissertation_2017_Chapter2,Pan troglodytes (53-year-old female),Pan troglodytes,Pan troglodytes,,FALSE,matched,F,"Turner describes the same 53-year-old female, assigns the right cortex to the flattened-cortex study, and says the left hemisphere served other studies; Miller supplies case 11_38."
KAAS-PAN-11_38,specimen,historical_biological_specimen,public,PUB_COLLINS_2016;PUB_TURNER_DISSERTATION_2017;PUB_MILLER_DISSERTATION_2017,,11_38,53-year-old female Texas chimp; right flattened cortex,Kaas laboratory / Vanderbilt; from Texas Biomedical Research Institute,Collins_etal_2016,Collins_etal_2016_Table1,Pan troglodytes (53-year-old female),Pan troglodytes,Pan troglodytes,,FALSE,matched,F,"Age, sex, source institution, hemisphere, and preparation match Turner's public dissertation narrative."
KAAS-PAN-11_38,specimen,historical_biological_specimen,public,PUB_YOUNG_2013;PUB_COLLINS_2016;PUB_TURNER_DISSERTATION_2017;PUB_MILLER_DISSERTATION_2017,,11_38,single Texas Biomedical chimpanzee; M1,Kaas laboratory / Vanderbilt; from Texas Biomedical Research Institute,Young_etal_2013,Young_etal_2013_Table1,Pan troglodytes,Pan troglodytes,Pan troglodytes,,FALSE,probable,F,"High-confidence probable same animal: Young and Collins are the same Kaas/Vanderbilt team, each reports one Texas Biomedical chimpanzee, and both report 27% neurons in M1. Turner 2016 consistently describes a singular chimpanzee while distinguishing multiple baboons. Young prints no age, sex, accession, or case number, so retain probable; never count it as independent by default."
KAAS-OTO-08-07,specimen,historical_biological_specimen,public,PUB_COLLINS_2010;PUB_YOUNG_2013,,08-07,,Kaas laboratory / Vanderbilt,Collins_etal_2010,Collins_etal_2010_DatasetS1,Otolemur garnetti (08-07),Otolemur garnetti,Otolemur garnettii,,FALSE,matched,,Collins prints case 08-07. Its 1849.493 mm2 and 2.8721 g cortex numerically identify it as one member of Young's three-galago sample.
KAAS-OTO-08-07,specimen,historical_biological_specimen,public,PUB_COLLINS_2010;PUB_YOUNG_2013,,08-07,one member of pooled n=3 row,Kaas laboratory / Vanderbilt,Young_etal_2013,Young_etal_2013_Table1,Otolemur garnettii (n=3),Otolemur garnettii,Otolemur garnettii,,FALSE,probable,,"Young omits case numbers but reports one galago at 1850 mm2 and 2.87 g, matching Collins 08-07. The Table 1 value is a three-animal mean and must not be wholly assigned to or deduplicated as this specimen."
KAAS-AOTUS-07-78,specimen,historical_biological_specimen,public,PUB_COLLINS_2010;PUB_YOUNG_2013,,07-78,,Kaas laboratory / Vanderbilt,Collins_etal_2010,Collins_etal_2010_DatasetS1,Aotus nancymae (07-78),Aotus nancymae,Aotus nancymaae,,FALSE,matched,,Collins prints case 07-78; piece totals are 5.2155 g and 2036.45 mm2.
KAAS-AOTUS-07-78,specimen,historical_biological_specimen,public,PUB_COLLINS_2010;PUB_YOUNG_2013,,07-78,single owl monkey,Kaas laboratory / Vanderbilt,Young_etal_2013,Young_etal_2013_Table1,Aotus nancymaae (n=1),Aotus nancymaae,Aotus nancymaae,,FALSE,probable,,"Young omits a case number but reports one Vanderbilt owl monkey at 5.21 g and about 2000 mm2, closely matching Collins 07-78."
KAAS-PAPIO-09-27,specimen,historical_biological_specimen,public,PUB_COLLINS_2010;PUB_YOUNG_2013;PUB_YOUNG_2013_B;PUB_TURNER_2016,,09-27,9-27; PHX,Kaas laboratory / Vanderbilt; from Washington National Primate Research Center,Collins_etal_2010,Collins_etal_2010_DatasetS1,Papio cynocephalus anubis (09-27),Papio cynocephalus anubis,Papio cynocephalus anubis,,TRUE,matched,F,Collins case 09-27 is the identity anchor; its 18577.4 mm2 cortical surface recurs across the paper chain. The later PHX label identifies an anubis/cynocephalus hybrid.
KAAS-PAPIO-09-27,specimen,historical_biological_specimen,public,PUB_COLLINS_2010;PUB_YOUNG_2013;PUB_YOUNG_2013_B;PUB_TURNER_2016,,09-27,baboon 1; PHX,Kaas laboratory / Vanderbilt; from Washington National Primate Research Center,Young_etal_2013,Young_etal_2013_Table1,Papio cynocephalus anubis,Papio cynocephalus anubis,Papio cynocephalus anubis,,TRUE,probable,F,"Young's M1 paper omits case numbers, but the Washington source and exact 18577 mm2 total cortical surface identify this row as probable case 09-27."
KAAS-PAPIO-09-27,specimen,historical_biological_specimen,public,PUB_COLLINS_2010;PUB_YOUNG_2013_B;PUB_TURNER_2016,,09-27,PHX,Kaas laboratory / Vanderbilt; from Washington National Primate Research Center,Young_etal_2013_b,Young_etal_2013_b_Table1,Papio hamadryas anubis/cynocephalus hybrid (PHX; 09-27),Papio hamadryas anubis/cynocephalus hybrid,Papio cynocephalus anubis,,TRUE,matched,F,Young 2013b prints case 09-27 and identifies it as the Washington NPRC normal baboon; duplicate of Collins 2010.
KAAS-PAPIO-09-27,specimen,historical_biological_specimen,public,PUB_COLLINS_2010;PUB_YOUNG_2013_B;PUB_TURNER_2016,,09-27,9-27; PHX,Kaas laboratory / Vanderbilt; from Washington National Primate Research Center,Turner_etal_2016,Turner_etal_2016_Table1,PHX (9-27),Papio hamadryas anubis/cyncephalus hybrid,Papio cynocephalus anubis,,TRUE,matched,F,"Turner prints case 9-27, PHX, and 186.0 cm2; same case as Collins 2010 and Young 2013b."
KAAS-PAPIO-11-31,specimen,historical_biological_specimen,public,PUB_YOUNG_2013;PUB_YOUNG_2013_B;PUB_TURNER_2016,,11-31,baboon 2; PHA,Kaas laboratory / Vanderbilt; from Texas Biomedical Research Institute,Young_etal_2013,Young_etal_2013_Table1,Papio hamadryas anubis,Papio hamadryas anubis,Papio cynocephalus anubis,,FALSE,probable,F,"Young's M1 paper omits case numbers, but the Texas source and exact 23400 mm2 total cortical surface identify this row as probable case 11-31."
KAAS-PAPIO-11-31,specimen,historical_biological_specimen,public,PUB_YOUNG_2013_B;PUB_TURNER_2016,,11-31,PHA,Kaas laboratory / Vanderbilt; from Texas Biomedical Research Institute,Young_etal_2013_b,Young_etal_2013_b_Table1,Papio hamadryas anubis (PHA; 11-31),Papio hamadryas anubis,Papio cynocephalus anubis,,FALSE,matched,F,Young 2013b prints case 11-31 and identifies it as the Texas Biomedical normal baboon.
KAAS-PAPIO-11-31,specimen,historical_biological_specimen,public,PUB_YOUNG_2013_B;PUB_TURNER_2016,,11-31,PHA,Kaas laboratory / Vanderbilt; from Texas Biomedical Research Institute,Turner_etal_2016,Turner_etal_2016_Table1,PHA (11-31),Papio hamadryas anubis,Papio cynocephalus anubis,,FALSE,matched,F,"Turner prints case 11-31, PHA, and 234.0 cm2; same case as Young 2013b."
ZILLES-HYLOBATES-GPZ-5542,specimen,historical_biological_specimen,public,PUB_MACLEOD_2003;PUB_DESOUSA_2010;PUB_MACLEOD_2000,Disco,GPZ-5542,Disco 3/97; hld,Hirnforschung,MacLeod_etal_2003,MacLeod_etal_2003_Table2,Hylobates lar (Disco 3/97),Hylobates lar,,,TRUE,matched,F,Table 2 archive label 'Disco 3/97' is the identifier de Sousa 2010 Table 1 prints for the same brain; brain volume 115.8 cm3 in both. This is the printed origin of the 115800 mm3 brain volume DeCasien & Higham 2019 enter under both Hylobates_lar and Nomascus_concolor.
ZILLES-HYLOBATES-GPZ-5542,specimen,historical_biological_specimen,public,PUB_BARGER_2014;PUB_BARGER_2007,Disco,GPZ-5542,Disco 3/97; hld,Zilles/Semendeferi,Barger_etal_2014,Barger_etal_2014_Table1,Nomascus concolor,Nomascus concolor,,,TRUE,probable,F,"Case 19, in_barger2007 = Y, no specimen handle printed. Left-hemisphere lateral 0.060 / basal 0.086 / accessory basal 0.022 / total 0.270 cc equal Barger 2007 Table 1's Disco left values exactly, and Disco is the only Barger 2007 gibbon not accounted for by case 18 (= YN81-146). Value-level identity; the Nomascus concolor label is Barger 2014's re-identification of the same brain published as Hylobates lar in 2007."
ZILLES-HYLOBATES-GPZ-5542,specimen,historical_biological_specimen,public,PUB_DECASIEN_HIGHAM_2019;PUB_BARGER_2007;PUB_BARGER_2014;PUB_MACLEOD_2003;PUB_DESOUSA_2010,Disco,GPZ-5542,Disco 3/97; hld,Zilles/Semendeferi,DeCasien_Higham_2019,DeCasien_Higham_2019_BrainRegion r217,Nomascus_concolor,Nomascus concolor,,,TRUE,probable,F,"DeCasien data row r217 (refs 56,57; N = 1): Amygdala 637 = Barger 2007 Table 1 Disco amygdaloid complex L 0.270 + R 0.367 cc; BV 115800 = MacLeod 2003 Table 2 / de Sousa 2010 Table 1 Disco 3/97 brain volume 115.8 cm3; Hippocampus 1900 and Striatum 3988 = Barger 2014 Table 1 case 19 Nomascus concolor. Cross-genus duplicate of the brain DeCasien also enters as Hylobates_lar (BV 115800, row r154 citing ref 60). Taxon label follows Barger 2014; see Disco_gibbon_specimen_note.md."
YERKES-PANTRO-JCARTER,specimen,in_vivo_subject,public,PUB_SCHENKER_2005_APPENDIX1,jcarter,jcarter,,Yerkes,Schenker_etal_2005,Schenker_etal_2005_Appendix1,Pan troglodytes,Pan troglodytes,Pan troglodytes,,FALSE,Schenker-only,M,"Schenker et al. 2005 Appendix 1 individual 'jcarter', a living Yerkes-derived MRI subject; specimen_kind = in_vivo_subject."
YERKES-PANTRO-LAZ,specimen,in_vivo_subject,public,PUB_SCHENKER_2005_APPENDIX1,laz,laz,,Yerkes,Schenker_etal_2005,Schenker_etal_2005_Appendix1,Pan troglodytes,Pan troglodytes,Pan troglodytes,,FALSE,Schenker-only,M,"Schenker et al. 2005 Appendix 1 individual 'laz', a living Yerkes-derived MRI subject; specimen_kind = in_vivo_subject."
YERKES-PANTRO-LULU,specimen,in_vivo_subject,public,PUB_SCHENKER_2005_APPENDIX1,lulu,lulu,,Yerkes,Schenker_etal_2005,Schenker_etal_2005_Appendix1,Pan troglodytes,Pan troglodytes,Pan troglodytes,,FALSE,Schenker-only,F,"Schenker et al. 2005 Appendix 1 individual 'lulu', a living Yerkes-derived MRI subject; specimen_kind = in_vivo_subject."
YERKES-PANTRO-MARY,specimen,in_vivo_subject,public,PUB_SCHENKER_2005_APPENDIX1,mary,mary,,Yerkes,Schenker_etal_2005,Schenker_etal_2005_Appendix1,Pan troglodytes,Pan troglodytes,Pan troglodytes,,FALSE,Schenker-only,F,"Schenker et al. 2005 Appendix 1 individual 'mary', a living Yerkes-derived MRI subject; specimen_kind = in_vivo_subject."
YERKES-PANTRO-MERV,specimen,in_vivo_subject,public,PUB_SCHENKER_2005_APPENDIX1,merv,merv,,Yerkes,Schenker_etal_2005,Schenker_etal_2005_Appendix1,Pan troglodytes,Pan troglodytes,Pan troglodytes,,FALSE,Schenker-only,M,"Schenker et al. 2005 Appendix 1 individual 'merv', a living Yerkes-derived MRI subject; specimen_kind = in_vivo_subject."
YERKES-PANPAN-BO,specimen,in_vivo_subject,public,PUB_SCHENKER_2005_APPENDIX1,bo,bo,,Yerkes,Schenker_etal_2005,Schenker_etal_2005_Appendix1,Pan paniscus,Pan paniscus,Pan paniscus,,FALSE,Schenker-only,M,"Schenker et al. 2005 Appendix 1 individual 'bo', a living Yerkes-derived MRI subject; specimen_kind = in_vivo_subject."
YERKES-PANPAN-BRIAN,specimen,in_vivo_subject,public,PUB_SCHENKER_2005_APPENDIX1,brian,brian,,Yerkes,Schenker_etal_2005,Schenker_etal_2005_Appendix1,Pan paniscus,Pan paniscus,Pan paniscus,,FALSE,Schenker-only,M,"Schenker et al. 2005 Appendix 1 individual 'brian', a living Yerkes-derived MRI subject; specimen_kind = in_vivo_subject."
YERKES-PANPAN-JILL,specimen,in_vivo_subject,public,PUB_SCHENKER_2005_APPENDIX1,jill,jill,,Yerkes,Schenker_etal_2005,Schenker_etal_2005_Appendix1,Pan paniscus,Pan paniscus,Pan paniscus,,FALSE,Schenker-only,F,"Schenker et al. 2005 Appendix 1 individual 'jill', a living Yerkes-derived MRI subject; specimen_kind = in_vivo_subject."
YERKES-GORILLA-KEKLA,specimen,in_vivo_subject,public,PUB_SCHENKER_2005_APPENDIX1,kekla,kekla,,Yerkes,Schenker_etal_2005,Schenker_etal_2005_Appendix1,Gorilla gorilla,Gorilla gorilla,Gorilla gorilla,,FALSE,Schenker-only,M,"Schenker et al. 2005 Appendix 1 individual 'kekla', a living Yerkes-derived MRI subject; specimen_kind = in_vivo_subject."
YERKES-GORILLA-KINYANI,specimen,in_vivo_subject,public,PUB_SCHENKER_2005_APPENDIX1,kinyani,kinyani,,Yerkes,Schenker_etal_2005,Schenker_etal_2005_Appendix1,Gorilla gorilla,Gorilla gorilla,Gorilla gorilla,,FALSE,Schenker-only,F,"Schenker et al. 2005 Appendix 1 individual 'kinyani', a living Yerkes-derived MRI subject; specimen_kind = in_vivo_subject."
YERKES-PONGO-HATI,specimen,in_vivo_subject,public,PUB_SCHENKER_2005_APPENDIX1,hati,hati,,Yerkes,Schenker_etal_2005,Schenker_etal_2005_Appendix1,Pongo pygmaeus,Pongo pygmaeus,Pongo pygmaeus,,FALSE,Schenker-only,F,"Schenker et al. 2005 Appendix 1 individual 'hati', a living Yerkes-derived MRI subject; specimen_kind = in_vivo_subject."
YERKES-PONGO-MENTUBAR,specimen,in_vivo_subject,public,PUB_SCHENKER_2005_APPENDIX1,mentubar,mentubar,,Yerkes,Schenker_etal_2005,Schenker_etal_2005_Appendix1,Pongo pygmaeus,Pongo pygmaeus,Pongo pygmaeus,,FALSE,Schenker-only,M,"Schenker et al. 2005 Appendix 1 individual 'mentubar', a living Yerkes-derived MRI subject; specimen_kind = in_vivo_subject."
YERKES-PONGO-MINYAK,specimen,in_vivo_subject,public,PUB_SCHENKER_2005_APPENDIX1,minyak,minyak,,Yerkes,Schenker_etal_2005,Schenker_etal_2005_Appendix1,Pongo pygmaeus,Pongo pygmaeus,Pongo pygmaeus,,FALSE,Schenker-only,M,"Schenker et al. 2005 Appendix 1 individual 'minyak', a living Yerkes-derived MRI subject; specimen_kind = in_vivo_subject."
YERKES-PONGO-MOLEK,specimen,in_vivo_subject,public,PUB_SCHENKER_2005_APPENDIX1,molek,molek,,Yerkes,Schenker_etal_2005,Schenker_etal_2005_Appendix1,Pongo pygmaeus,Pongo pygmaeus,Pongo pygmaeus,,FALSE,Schenker-only,M,"Schenker et al. 2005 Appendix 1 individual 'molek', a living Yerkes-derived MRI subject; specimen_kind = in_vivo_subject."
YERKES-HYLOBATES-736_IL,specimen,in_vivo_subject,public,PUB_SCHENKER_2005_APPENDIX1,736_il,736_il,,Yerkes,Schenker_etal_2005,Schenker_etal_2005_Appendix1,Hylobates lar,Hylobates lar,Hylobates lar,,FALSE,Schenker-only,F,"Schenker et al. 2005 Appendix 1 individual '736_il', a living Yerkes-derived MRI subject; specimen_kind = in_vivo_subject."
YERKES-HYLOBATES-BUDDY,specimen,in_vivo_subject,public,PUB_SCHENKER_2005_APPENDIX1,buddy,buddy,,Yerkes,Schenker_etal_2005,Schenker_etal_2005_Appendix1,Hylobates lar,Hylobates lar,Hylobates lar,,FALSE,Schenker-only,M,"Schenker et al. 2005 Appendix 1 individual 'buddy', a living Yerkes-derived MRI subject; specimen_kind = in_vivo_subject."
YERKES-HYLOBATES-GIBBON4,specimen,in_vivo_subject,public,PUB_SCHENKER_2005_APPENDIX1,gibbon4,gibbon4,,Yerkes,Schenker_etal_2005,Schenker_etal_2005_Appendix1,Hylobates lar,Hylobates lar,Hylobates lar,,FALSE,Schenker-only,M,"Schenker et al. 2005 Appendix 1 individual 'gibbon4', a living Yerkes-derived MRI subject; specimen_kind = in_vivo_subject."
YERKES-HOMO-1,specimen,historical_biological_specimen,public,PUB_MACLEOD_2003,,1,,Yerkes,MacLeod_etal_2003,MacLeod_etal_2003_Table1,Homo sapiens 1,Homo sapiens,Homo sapiens,,FALSE,MacLeod-only,F,"Printed specimen row in MacLeod etal 2003 Table1; identifier is a table-local sequence label, not a collection accession, so this row cannot be joined to another publication on identifier alone. Registered from the published table; no private evidence used."
YERKES-HOMO-2,specimen,historical_biological_specimen,public,PUB_MACLEOD_2003,,2,,Yerkes,MacLeod_etal_2003,MacLeod_etal_2003_Table1,Homo sapiens 2,Homo sapiens,Homo sapiens,,FALSE,MacLeod-only,M,"Printed specimen row in MacLeod etal 2003 Table1; identifier is a table-local sequence label, not a collection accession, so this row cannot be joined to another publication on identifier alone. Registered from the published table; no private evidence used."
YERKES-HOMO-3,specimen,historical_biological_specimen,public,PUB_MACLEOD_2003,,3,,Yerkes,MacLeod_etal_2003,MacLeod_etal_2003_Table1,Homo sapiens 3,Homo sapiens,Homo sapiens,,FALSE,MacLeod-only,F,"Printed specimen row in MacLeod etal 2003 Table1; identifier is a table-local sequence label, not a collection accession, so this row cannot be joined to another publication on identifier alone. Registered from the published table; no private evidence used."
YERKES-HOMO-4,specimen,historical_biological_specimen,public,PUB_MACLEOD_2003,,4,,Yerkes,MacLeod_etal_2003,MacLeod_etal_2003_Table1,Homo sapiens 4,Homo sapiens,Homo sapiens,,FALSE,MacLeod-only,F,"Printed specimen row in MacLeod etal 2003 Table1; identifier is a table-local sequence label, not a collection accession, so this row cannot be joined to another publication on identifier alone. Registered from the published table; no private evidence used."
YERKES-HOMO-5,specimen,historical_biological_specimen,public,PUB_MACLEOD_2003,,5,,Yerkes,MacLeod_etal_2003,MacLeod_etal_2003_Table1,Homo sapiens 5,Homo sapiens,Homo sapiens,,FALSE,MacLeod-only,M,"Printed specimen row in MacLeod etal 2003 Table1; identifier is a table-local sequence label, not a collection accession, so this row cannot be joined to another publication on identifier alone. Registered from the published table; no private evidence used."
YERKES-HOMO-6,specimen,historical_biological_specimen,public,PUB_MACLEOD_2003,,6,,Yerkes,MacLeod_etal_2003,MacLeod_etal_2003_Table1,Homo sapiens 6,Homo sapiens,Homo sapiens,,FALSE,MacLeod-only,M,"Printed specimen row in MacLeod etal 2003 Table1; identifier is a table-local sequence label, not a collection accession, so this row cannot be joined to another publication on identifier alone. Registered from the published table; no private evidence used."
YERKES-GORILLA-KINYANI,specimen,historical_biological_specimen,public,PUB_MACLEOD_2003,Kinyani,Kinyani,,Yerkes,MacLeod_etal_2003,MacLeod_etal_2003_Table1,Gorilla gorilla (Kinyani),Gorilla gorilla,Gorilla gorilla,,FALSE,matched,F,Printed specimen row in MacLeod etal 2003 Table1; identifier is the accession/catalog code printed by the source. Registered from the published table; no private evidence used.
YERKES-GORILLA-KEKLA,specimen,historical_biological_specimen,public,PUB_MACLEOD_2003,Kekla,Kekla,,Yerkes,MacLeod_etal_2003,MacLeod_etal_2003_Table1,Gorilla gorilla (Kekla),Gorilla gorilla,Gorilla gorilla,,FALSE,matched,M,Printed specimen row in MacLeod etal 2003 Table1; identifier is the accession/catalog code printed by the source. Registered from the published table; no private evidence used.
YERKES-PANPAN-BRIAN,specimen,historical_biological_specimen,public,PUB_MACLEOD_2003,Brian,Brian,,Yerkes,MacLeod_etal_2003,MacLeod_etal_2003_Table1,Pan paniscus (Brian),Pan paniscus,Pan paniscus,,FALSE,matched,M,Printed specimen row in MacLeod etal 2003 Table1; identifier is the accession/catalog code printed by the source. Registered from the published table; no private evidence used.
YERKES-PANPAN-BOSANDJO,specimen,historical_biological_specimen,public,PUB_MACLEOD_2003,Bosandjo,Bosandjo,,Yerkes,MacLeod_etal_2003,MacLeod_etal_2003_Table1,Pan paniscus (Bosandjo),Pan paniscus,Pan paniscus,,FALSE,matched,M,Printed specimen row in MacLeod etal 2003 Table1; identifier is the accession/catalog code printed by the source. Registered from the published table; no private evidence used.
YERKES-PANPAN-LOREL,specimen,historical_biological_specimen,public,PUB_MACLEOD_2003,Lorel,Lorel,,Yerkes,MacLeod_etal_2003,MacLeod_etal_2003_Table1,Pan paniscus (Lorel),Pan paniscus,Pan paniscus,,FALSE,matched,F,Printed specimen row in MacLeod etal 2003 Table1; identifier is the accession/catalog code printed by the source. Registered from the published table; no private evidence used.
YERKES-PANPAN-JILL,specimen,historical_biological_specimen,public,PUB_MACLEOD_2003,Jill,Jill,,Yerkes,MacLeod_etal_2003,MacLeod_etal_2003_Table1,Pan paniscus (Jill),Pan paniscus,Pan paniscus,,FALSE,matched,F,Printed specimen row in MacLeod etal 2003 Table1; identifier is the accession/catalog code printed by the source. Registered from the published table; no private evidence used.
YERKES-PANTRO-KENGEE,specimen,historical_biological_specimen,public,PUB_MACLEOD_2003,Kengee,Kengee,,Yerkes,MacLeod_etal_2003,MacLeod_etal_2003_Table1,Pan troglodytes (Kengee),Pan troglodytes,Pan troglodytes,,FALSE,matched,F,Printed specimen row in MacLeod etal 2003 Table1; identifier is the accession/catalog code printed by the source. Registered from the published table; no private evidence used.
YERKES-PANTRO-MERV,specimen,historical_biological_specimen,public,PUB_MACLEOD_2003,Merv,Merv,,Yerkes,MacLeod_etal_2003,MacLeod_etal_2003_Table1,Pan troglodytes (Merv),Pan troglodytes,Pan troglodytes,,FALSE,matched,M,Printed specimen row in MacLeod etal 2003 Table1; identifier is the accession/catalog code printed by the source. Registered from the published table; no private evidence used.
YERKES-PANTRO-JIMMY-CARTER,specimen,historical_biological_specimen,public,PUB_MACLEOD_2003,,Jimmy Carter,,Yerkes,MacLeod_etal_2003,MacLeod_etal_2003_Table1,Pan troglodytes (Jimmy Carter),Pan troglodytes,Pan troglodytes,,FALSE,matched,M,Printed specimen row in MacLeod etal 2003 Table1; identifier is the accession/catalog code printed by the source. Registered from the published table; no private evidence used.
YERKES-PANTRO-LAZ,specimen,historical_biological_specimen,public,PUB_MACLEOD_2003,Laz,Laz,,Yerkes,MacLeod_etal_2003,MacLeod_etal_2003_Table1,Pan troglodytes (Laz),Pan troglodytes,Pan troglodytes,,FALSE,matched,M,Printed specimen row in MacLeod etal 2003 Table1; identifier is the accession/catalog code printed by the source. Registered from the published table; no private evidence used.
YERKES-PANTRO-LULU,specimen,historical_biological_specimen,public,PUB_MACLEOD_2003,Lulu,Lulu,,Yerkes,MacLeod_etal_2003,MacLeod_etal_2003_Table1,Pan troglodytes (Lulu),Pan troglodytes,Pan troglodytes,,FALSE,matched,F,Printed specimen row in MacLeod etal 2003 Table1; identifier is the accession/catalog code printed by the source. Registered from the published table; no private evidence used.
YERKES-PANTRO-MARY,specimen,historical_biological_specimen,public,PUB_MACLEOD_2003,Mary,Mary,,Yerkes,MacLeod_etal_2003,MacLeod_etal_2003_Table1,Pan troglodytes (Mary),Pan troglodytes,Pan troglodytes,,FALSE,matched,F,Printed specimen row in MacLeod etal 2003 Table1; identifier is the accession/catalog code printed by the source. Registered from the published table; no private evidence used.
YERKES-PANTRO-PANZEE,specimen,historical_biological_specimen,public,PUB_MACLEOD_2003,Panzee,Panzee,,Yerkes,MacLeod_etal_2003,MacLeod_etal_2003_Table1,Pan troglodytes (Panzee),Pan troglodytes,Pan troglodytes,,FALSE,matched,F,Printed specimen row in MacLeod etal 2003 Table1; identifier is the accession/catalog code printed by the source. Registered from the published table; no private evidence used.
YERKES-PONGO-HATI,specimen,historical_biological_specimen,public,PUB_MACLEOD_2003,Hati,Hati,,Yerkes,MacLeod_etal_2003,MacLeod_etal_2003_Table1,Pongo pygmaeus(Hati),Pongo pygmaeus,Pongo pygmaeus,,FALSE,matched,F,Printed specimen row in MacLeod etal 2003 Table1; identifier is the accession/catalog code printed by the source. Registered from the published table; no private evidence used.
YERKES-PONGO-MENTUBAR,specimen,historical_biological_specimen,public,PUB_MACLEOD_2003,Mentubar,Mentubar,,Yerkes,MacLeod_etal_2003,MacLeod_etal_2003_Table1,Pongo pygmaeus(Mentubar),Pongo pygmaeus,Pongo pygmaeus,,FALSE,matched,M,Printed specimen row in MacLeod etal 2003 Table1; identifier is the accession/catalog code printed by the source. Registered from the published table; no private evidence used.
YERKES-PONGO-MINYAK,specimen,historical_biological_specimen,public,PUB_MACLEOD_2003,Minyak,Minyak,,Yerkes,MacLeod_etal_2003,MacLeod_etal_2003_Table1,Pongo pygmaeus(Minyak),Pongo pygmaeus,Pongo pygmaeus,,FALSE,matched,M,Printed specimen row in MacLeod etal 2003 Table1; identifier is the accession/catalog code printed by the source. Registered from the published table; no private evidence used.
YERKES-PONGO-MOLEK,specimen,historical_biological_specimen,public,PUB_MACLEOD_2003,Molek,Molek,,Yerkes,MacLeod_etal_2003,MacLeod_etal_2003_Table1,Pongo pygmaeus(Molek),Pongo pygmaeus,Pongo pygmaeus,,FALSE,matched,M,Printed specimen row in MacLeod etal 2003 Table1; identifier is the accession/catalog code printed by the source. Registered from the published table; no private evidence used.
YERKES-HYLOBATES-SUNNY,specimen,historical_biological_specimen,public,PUB_MACLEOD_2003,Sunny,Sunny,,Yerkes,MacLeod_etal_2003,MacLeod_etal_2003_Table1,Hylobates lar (Sunny),Hylobates lar,Hylobates lar,,FALSE,matched,M,Printed specimen row in MacLeod etal 2003 Table1; identifier is the accession/catalog code printed by the source. Registered from the published table; no private evidence used.
YERKES-HYLOBATES-CHEROKEE,specimen,historical_biological_specimen,public,PUB_MACLEOD_2003,Cherokee,Cherokee,,Yerkes,MacLeod_etal_2003,MacLeod_etal_2003_Table1,Hylobates lar (Cherokee),Hylobates lar,Hylobates lar,,FALSE,matched,F,Printed specimen row in MacLeod etal 2003 Table1; identifier is the accession/catalog code printed by the source. Registered from the published table; no private evidence used.
YERKES-HYLOBATES-CLEO,specimen,historical_biological_specimen,public,PUB_MACLEOD_2003,Cleo,Cleo,,Yerkes,MacLeod_etal_2003,MacLeod_etal_2003_Table1,Hylobates lar (Cleo),Hylobates lar,Hylobates lar,,FALSE,matched,F,Printed specimen row in MacLeod etal 2003 Table1; identifier is the accession/catalog code printed by the source. Registered from the published table; no private evidence used.
YERKES-HYLOBATES-BUDDY,specimen,historical_biological_specimen,public,PUB_MACLEOD_2003,Buddy,Buddy,,Yerkes,MacLeod_etal_2003,MacLeod_etal_2003_Table1,Hylobates lar (Buddy),Hylobates lar,Hylobates lar,,FALSE,matched,M,Printed specimen row in MacLeod etal 2003 Table1; identifier is the accession/catalog code printed by the source. Registered from the published table; no private evidence used.
YERKES-PAPIO-B263,specimen,historical_biological_specimen,public,PUB_MACLEOD_2003,,B263,,Yerkes,MacLeod_etal_2003,MacLeod_etal_2003_Table1,Papio cynocephalus (B263),Papio cynocephalus,Papio cynocephalus,,FALSE,matched,M,Printed specimen row in MacLeod etal 2003 Table1; identifier is the accession/catalog code printed by the source. Registered from the published table; no private evidence used.
YERKES-PAPIO-140M,specimen,historical_biological_specimen,public,PUB_MACLEOD_2003,,140M,,Yerkes,MacLeod_etal_2003,MacLeod_etal_2003_Table1,Papio cynocephalus (140M),Papio cynocephalus,Papio cynocephalus,,FALSE,matched,M,Printed specimen row in MacLeod etal 2003 Table1; identifier is the accession/catalog code printed by the source. Registered from the published table; no private evidence used.
YERKES-CEBUAPE-BINKEY,specimen,historical_biological_specimen,public,PUB_MACLEOD_2003,Binkey,Binkey,,Yerkes,MacLeod_etal_2003,MacLeod_etal_2003_Table1,Cebus apella (Binkey),Cebus apella,Cebus apella,,FALSE,matched,F,Printed specimen row in MacLeod etal 2003 Table1; identifier is the accession/catalog code printed by the source. Registered from the published table; no private evidence used.
YERKES-CEBUAPE-DIVA,specimen,historical_biological_specimen,public,PUB_MACLEOD_2003,Diva,Diva,,Yerkes,MacLeod_etal_2003,MacLeod_etal_2003_Table1,Cebus apella (Diva),Cebus apella,Cebus apella,,FALSE,matched,F,Printed specimen row in MacLeod etal 2003 Table1; identifier is the accession/catalog code printed by the source. Registered from the published table; no private evidence used.
YERKES-CEBUAPE-ANDY,specimen,historical_biological_specimen,public,PUB_MACLEOD_2003,Andy,Andy,,Yerkes,MacLeod_etal_2003,MacLeod_etal_2003_Table1,Cebus apella (Andy),Cebus apella,Cebus apella,,FALSE,matched,M,Printed specimen row in MacLeod etal 2003 Table1; identifier is the accession/catalog code printed by the source. Registered from the published table; no private evidence used.
YERKES-CEBUAPE-VINCENT,specimen,historical_biological_specimen,public,PUB_MACLEOD_2003,Vincent,Vincent,,Yerkes,MacLeod_etal_2003,MacLeod_etal_2003_Table1,Cebus apella (Vincent),Cebus apella,Cebus apella,,FALSE,matched,M,Printed specimen row in MacLeod etal 2003 Table1; identifier is the accession/catalog code printed by the source. Registered from the published table; no private evidence used.
YERKES-MACACA-153C,specimen,historical_biological_specimen,public,PUB_MACLEOD_2003,,153C,,Yerkes,MacLeod_etal_2003,MacLeod_etal_2003_Table1,Macaca mulatta (153C),Macaca mulatta,Macaca mulatta,,FALSE,matched,M,Printed specimen row in MacLeod etal 2003 Table1; identifier is the accession/catalog code printed by the source. Registered from the published table; no private evidence used.
YERKES-MACACA-RAI5,specimen,historical_biological_specimen,public,PUB_MACLEOD_2003,,RAI5,,Yerkes,MacLeod_etal_2003,MacLeod_etal_2003_Table1,Macaca mulatta (RAI5),Macaca mulatta,Macaca mulatta,,FALSE,matched,M,Printed specimen row in MacLeod etal 2003 Table1; identifier is the accession/catalog code printed by the source. Registered from the published table; no private evidence used.
YERKES-MACACA-REG3,specimen,historical_biological_specimen,public,PUB_MACLEOD_2003,,REG3,,Yerkes,MacLeod_etal_2003,MacLeod_etal_2003_Table1,Macaca mulatta (REG3),Macaca mulatta,Macaca mulatta,,FALSE,matched,M,Printed specimen row in MacLeod etal 2003 Table1; identifier is the accession/catalog code printed by the source. Registered from the published table; no private evidence used.
YERKES-MACACA-RUL1,specimen,historical_biological_specimen,public,PUB_MACLEOD_2003,,RUL1,,Yerkes,MacLeod_etal_2003,MacLeod_etal_2003_Table1,Macaca mulatta (RUL1),Macaca mulatta,Macaca mulatta,,FALSE,matched,M,Printed specimen row in MacLeod etal 2003 Table1; identifier is the accession/catalog code printed by the source. Registered from the published table; no private evidence used.
YERKES-MACACA-RPE1,specimen,historical_biological_specimen,public,PUB_MACLEOD_2003,,RPE1,,Yerkes,MacLeod_etal_2003,MacLeod_etal_2003_Table1,Macaca mulatta (RPE1),Macaca mulatta,Macaca mulatta,,FALSE,matched,M,Printed specimen row in MacLeod etal 2003 Table1; identifier is the accession/catalog code printed by the source. Registered from the published table; no private evidence used.
YERKES-MACACA-RAK5,specimen,historical_biological_specimen,public,PUB_MACLEOD_2003,,RAK5,,Yerkes,MacLeod_etal_2003,MacLeod_etal_2003_Table1,Macaca mulatta (RAK5),Macaca mulatta,Macaca mulatta,,FALSE,matched,,Printed specimen row in MacLeod etal 2003 Table1; identifier is the accession/catalog code printed by the source. Registered from the published table; no private evidence used.
YERKES-CERCTOR-FYF,specimen,historical_biological_specimen,public,PUB_MACLEOD_2003,,FYF,,Yerkes,MacLeod_etal_2003,MacLeod_etal_2003_Table1,Cercocebus torquatus atys (FYF),Cercocebus torquatus atys,Cercocebus torquatus atys,,FALSE,matched,M,Printed specimen row in MacLeod etal 2003 Table1; identifier is the accession/catalog code printed by the source. Registered from the published table; no private evidence used.
YERKES-CERCTOR-FSO,specimen,historical_biological_specimen,public,PUB_MACLEOD_2003,,FSO,,Yerkes,MacLeod_etal_2003,MacLeod_etal_2003_Table1,Cercocebus torquatus atys (FSO),Cercocebus torquatus atys,Cercocebus torquatus atys,,FALSE,matched,M,Printed specimen row in MacLeod etal 2003 Table1; identifier is the accession/catalog code printed by the source. Registered from the published table; no private evidence used.
YERKES-CERCTOR-FFK,specimen,historical_biological_specimen,public,PUB_MACLEOD_2003,,FFK,,Yerkes,MacLeod_etal_2003,MacLeod_etal_2003_Table1,Cercocebus torquatus atys (FFK),Cercocebus torquatus atys,Cercocebus torquatus atys,,FALSE,matched,F,Printed specimen row in MacLeod etal 2003 Table1; identifier is the accession/catalog code printed by the source. Registered from the published table; no private evidence used.
YERKES-CERCTOR-FWJ,specimen,historical_biological_specimen,public,PUB_MACLEOD_2003,,FWJ,,Yerkes,MacLeod_etal_2003,MacLeod_etal_2003_Table1,Cercocebus torquatus atys (FWJ),Cercocebus torquatus atys,Cercocebus torquatus atys,,FALSE,matched,M,Printed specimen row in MacLeod etal 2003 Table1; identifier is the accession/catalog code printed by the source. Registered from the published table; no private evidence used.
YERKES-SAIMIRI-93M,specimen,historical_biological_specimen,public,PUB_MACLEOD_2003,,93M,,Yerkes,MacLeod_etal_2003,MacLeod_etal_2003_Table1,Saimiri sciureus (93M),Saimiri sciureus,Saimiri sciureus,,FALSE,matched,M,Printed specimen row in MacLeod etal 2003 Table1; identifier is the accession/catalog code printed by the source. Registered from the published table; no private evidence used.
YERKES-SAIMIRI-93I,specimen,historical_biological_specimen,public,PUB_MACLEOD_2003,,93I,,Yerkes,MacLeod_etal_2003,MacLeod_etal_2003_Table1,Saimiri sciureus (93I),Saimiri sciureus,Saimiri sciureus,,FALSE,matched,F,Printed specimen row in MacLeod etal 2003 Table1; identifier is the accession/catalog code printed by the source. Registered from the published table; no private evidence used.
YERKES-SAIMIRI-S104,specimen,historical_biological_specimen,public,PUB_MACLEOD_2003,,S104,,Yerkes,MacLeod_etal_2003,MacLeod_etal_2003_Table1,Saimiri sciureus (S104),Saimiri sciureus,Saimiri sciureus,,FALSE,matched,M,Printed specimen row in MacLeod etal 2003 Table1; identifier is the accession/catalog code printed by the source. Registered from the published table; no private evidence used.
YERKES-SAIMIRI-S105,specimen,historical_biological_specimen,public,PUB_MACLEOD_2003,,S105,,Yerkes,MacLeod_etal_2003,MacLeod_etal_2003_Table1,Saimiri sciureus (S105),Saimiri sciureus,Saimiri sciureus,,FALSE,matched,M,Printed specimen row in MacLeod etal 2003 Table1; identifier is the accession/catalog code printed by the source. Registered from the published table; no private evidence used.
HIRN-HOMO-139-95,specimen,historical_biological_specimen,public,PUB_MACLEOD_2003,,139/95,,Hirnforschung / Stephan-Zilles shared collection,MacLeod_etal_2003,MacLeod_etal_2003_Table2,Homo sapiens (139/95),Homo sapiens,Homo sapiens,,FALSE,matched,M,Printed specimen row in MacLeod etal 2003 Table2; identifier is the accession/catalog code printed by the source. Registered from the published table; no private evidence used.
HIRN-HOMO-H9-88,specimen,historical_biological_specimen,public,PUB_MACLEOD_2003,,H9/88,,Hirnforschung / Stephan-Zilles shared collection,MacLeod_etal_2003,MacLeod_etal_2003_Table2,Homo sapiens (H9/88),Homo sapiens,Homo sapiens,,FALSE,matched,M,Printed specimen row in MacLeod etal 2003 Table2; identifier is the accession/catalog code printed by the source. Registered from the published table; no private evidence used.
ZILLES-HOMO-SN382-81,specimen,historical_biological_specimen,public,PUB_MACLEOD_2003,,SN382/81,,Hirnforschung / Stephan-Zilles shared collection,MacLeod_etal_2003,MacLeod_etal_2003_Table2,Homo sapiens (SN382/81),Homo sapiens,Homo sapiens,,FALSE,matched,F,Printed specimen row in MacLeod etal 2003 Table2; identifier is the accession/catalog code printed by the source. Registered from the published table; no private evidence used.
HIRN-HOMO-71-84,specimen,historical_biological_specimen,public,PUB_MACLEOD_2003,,71/84,,Hirnforschung / Stephan-Zilles shared collection,MacLeod_etal_2003,MacLeod_etal_2003_Table2,Homo sapiens (71/84),Homo sapiens,Homo sapiens,,FALSE,matched,F,Printed specimen row in MacLeod etal 2003 Table2; identifier is the accession/catalog code printed by the source. Registered from the published table; no private evidence used.
HIRN-HOMO-14-94,specimen,historical_biological_specimen,public,PUB_MACLEOD_2003,,14/94,,Hirnforschung / Stephan-Zilles shared collection,MacLeod_etal_2003,MacLeod_etal_2003_Table2,Homo sapiens (14/94),Homo sapiens,Homo sapiens,,FALSE,matched,F,Printed specimen row in MacLeod etal 2003 Table2; identifier is the accession/catalog code printed by the source. Registered from the published table; no private evidence used.
HIRN-HOMO-146-86,specimen,historical_biological_specimen,public,PUB_MACLEOD_2003,,146/86,,Hirnforschung / Stephan-Zilles shared collection,MacLeod_etal_2003,MacLeod_etal_2003_Table2,Homo sapiens (146/86),Homo sapiens,Homo sapiens,,FALSE,matched,M,Printed specimen row in MacLeod etal 2003 Table2; identifier is the accession/catalog code printed by the source. Registered from the published table; no private evidence used.
HIRN-HOMO-SN201-86,specimen,historical_biological_specimen,public,PUB_MACLEOD_2003,,SN201/86,,Hirnforschung / Stephan-Zilles shared collection,MacLeod_etal_2003,MacLeod_etal_2003_Table2,Homo sapiens (SN201/86),Homo sapiens,Homo sapiens,,FALSE,matched,M,Printed specimen row in MacLeod etal 2003 Table2; identifier is the accession/catalog code printed by the source. Registered from the published table; no private evidence used.
HIRN-HOMO-503-81,specimen,historical_biological_specimen,public,PUB_MACLEOD_2003,,503/81,,Hirnforschung / Stephan-Zilles shared collection,MacLeod_etal_2003,MacLeod_etal_2003_Table2,Homo sapiens (503/81),Homo sapiens,Homo sapiens,,FALSE,matched,F,Printed specimen row in MacLeod etal 2003 Table2; identifier is the accession/catalog code printed by the source. Registered from the published table; no private evidence used.
STEPHAN-GORILLA-A375,specimen,historical_biological_specimen,public,PUB_MACLEOD_2003,,A375,,Hirnforschung / Stephan-Zilles shared collection,MacLeod_etal_2003,MacLeod_etal_2003_Table2,Gorilla gorilla (A375),Gorilla gorilla,Gorilla gorilla,,FALSE,matched,M,Printed specimen row in MacLeod etal 2003 Table2; identifier is the accession/catalog code printed by the source. Registered from the published table; no private evidence used.
HIRN-GORILLA-1001,specimen,historical_biological_specimen,public,PUB_MACLEOD_2003,,1001,,Hirnforschung / Stephan-Zilles shared collection,MacLeod_etal_2003,MacLeod_etal_2003_Table2,Gorilla gorilla (1001),Gorilla gorilla,Gorilla gorilla,,FALSE,matched,,Printed specimen row in MacLeod etal 2003 Table2; identifier is the accession/catalog code printed by the source. Registered from the published table; no private evidence used.
ZILLES-GORILLA-YN82-140,specimen,historical_biological_specimen,public,PUB_MACLEOD_2003,,YN82-140,,Hirnforschung / Stephan-Zilles shared collection,MacLeod_etal_2003,MacLeod_etal_2003_Table2,Gorilla gorilla (YN82-140),Gorilla gorilla,Gorilla gorilla,,FALSE,matched,F,Printed specimen row in MacLeod etal 2003 Table2; identifier is the accession/catalog code printed by the source. Registered from the published table; no private evidence used.
ZILLES-PANPAN-YN86-137,specimen,historical_biological_specimen,public,PUB_MACLEOD_2003,,YN86-137,,Hirnforschung / Stephan-Zilles shared collection,MacLeod_etal_2003,MacLeod_etal_2003_Table2,Pan paniscus (YN86-137),Pan paniscus,Pan paniscus,,FALSE,matched,F,Printed specimen row in MacLeod etal 2003 Table2; identifier is the accession/catalog code printed by the source. Registered from the published table; no private evidence used.
ZILLES-PANPAN-ZAHLIA,specimen,historical_biological_specimen,public,PUB_MACLEOD_2003,Zahlia 1/97,Zahlia 1/97,ZAHLIA/97,Hirnforschung / Stephan-Zilles shared collection,MacLeod_etal_2003,MacLeod_etal_2003_Table2,Pan paniscus (Zahlia 1/97),Pan paniscus,Pan paniscus,,FALSE,matched,F,Printed specimen row in MacLeod etal 2003 Table2; identifier is the accession/catalog code printed by the source. Registered from the published table; no private evidence used.
ZILLES-PAN-YN89-278,specimen,historical_biological_specimen,public,PUB_MACLEOD_2003,,YN89-278,YN-YERKES,Hirnforschung / Stephan-Zilles shared collection,MacLeod_etal_2003,MacLeod_etal_2003_Table2,Pan troglodytes (YN89-278),Pan troglodytes,Pan troglodytes,,FALSE,matched,M,Printed specimen row in MacLeod etal 2003 Table2; identifier is the accession/catalog code printed by the source. Registered from the published table; no private evidence used.
ZILLES-PAN-1548,specimen,historical_biological_specimen,public,PUB_MACLEOD_2003,,1548,,Hirnforschung / Stephan-Zilles shared collection,MacLeod_etal_2003,MacLeod_etal_2003_Table2,Pan troglodytes (1548),Pan troglodytes,Pan troglodytes,,FALSE,matched,,Printed specimen row in MacLeod etal 2003 Table2; identifier is the accession/catalog code printed by the source. Registered from the published table; no private evidence used.
ZILLES-PAN-PAN1,specimen,historical_biological_specimen,public,PUB_MACLEOD_2003,,PAN 1,,Hirnforschung / Stephan-Zilles shared collection,MacLeod_etal_2003,MacLeod_etal_2003_Table2,Pan troglodytes (PAN 1),Pan troglodytes,Pan troglodytes,,FALSE,matched,F,Printed specimen row in MacLeod etal 2003 Table2; identifier is the accession/catalog code printed by the source. Registered from the published table; no private evidence used.
ZILLES-PAN-WPZ-486,specimen,historical_biological_specimen,public,PUB_MACLEOD_2003,Bathsheba 4/97,Bathsheba 4/97,WPZ-486,Hirnforschung / Stephan-Zilles shared collection,MacLeod_etal_2003,MacLeod_etal_2003_Table2,Pan troglodytes (Bathsheba 4/97),Pan troglodytes,Pan troglodytes,,FALSE,matched,F,Printed specimen row in MacLeod etal 2003 Table2; identifier is the accession/catalog code printed by the source. Registered from the published table; no private evidence used.
HIRN-PANTRO-SCHIMPANSE-280,specimen,historical_biological_specimen,public,PUB_MACLEOD_2003,Schimpanse 280,Schimpanse 280,,Hirnforschung / Stephan-Zilles shared collection,MacLeod_etal_2003,MacLeod_etal_2003_Table2,Pan troglodytes (Schimpanse 280),Pan troglodytes,Pan troglodytes,,FALSE,matched,M,Printed specimen row in MacLeod etal 2003 Table2; identifier is the accession/catalog code printed by the source. Registered from the published table; no private evidence used.
HIRN-PANTRO-SCHIMPANSE-278,specimen,historical_biological_specimen,public,PUB_MACLEOD_2003,Schimpanse 278,Schimpanse 278,,Hirnforschung / Stephan-Zilles shared collection,MacLeod_etal_2003,MacLeod_etal_2003_Table2,Pan troglodytes (Schimpanse 278),Pan troglodytes,Pan troglodytes,,FALSE,matched,F,Printed specimen row in MacLeod etal 2003 Table2; identifier is the accession/catalog code printed by the source. Registered from the published table; no private evidence used.
HIRN-PANTRO-SCHIMPANSE-A269,specimen,historical_biological_specimen,public,PUB_MACLEOD_2003,,Schimpanse A269,,Hirnforschung / Stephan-Zilles shared collection,MacLeod_etal_2003,MacLeod_etal_2003_Table2,Pan troglodytes (Schimpanse A269),Pan troglodytes,Pan troglodytes,,FALSE,matched,M,Printed specimen row in MacLeod etal 2003 Table2; identifier is the accession/catalog code printed by the source. Registered from the published table; no private evidence used.
PONGO-0475,specimen,historical_biological_specimen,public,PUB_MACLEOD_2003,,0475,,Hirnforschung / Stephan-Zilles shared collection,MacLeod_etal_2003,MacLeod_etal_2003_Table2,Pongo pygmaeus (0475),Pongo pygmaeus,Pongo pygmaeus,,FALSE,matched,F,Printed specimen row in MacLeod etal 2003 Table2; identifier is the accession/catalog code printed by the source. Registered from the published table; no private evidence used.
PONGO-YN85-38,specimen,historical_biological_specimen,public,PUB_MACLEOD_2003,,YN85-38,,Hirnforschung / Stephan-Zilles shared collection,MacLeod_etal_2003,MacLeod_etal_2003_Table2,Pongo pygmaeus (YN85-38),Pongo pygmaeus,Pongo pygmaeus,,FALSE,matched,M,Printed specimen row in MacLeod etal 2003 Table2; identifier is the accession/catalog code printed by the source. Registered from the published table; no private evidence used.
PONGO-HARRY,specimen,historical_biological_specimen,public,PUB_MACLEOD_2003,Harry 2/97,Harry 2/97,OY 1148,Hirnforschung / Stephan-Zilles shared collection,MacLeod_etal_2003,MacLeod_etal_2003_Table2,Pongo pygmaeus (Harry 2/97),Pongo pygmaeus,Pongo pygmaeus,,FALSE,matched,M,Printed specimen row in MacLeod etal 2003 Table2; identifier is the accession/catalog code printed by the source. Registered from the published table; no private evidence used.
PONGO-BRIGGS,specimen,historical_biological_specimen,public,PUB_MACLEOD_2003,Briggs 5/97,Briggs 5/97,OHDZ,Hirnforschung / Stephan-Zilles shared collection,MacLeod_etal_2003,MacLeod_etal_2003_Table2,Pongo pygmaeus (Briggs 5/97),Pongo pygmaeus,Pongo pygmaeus,,FALSE,matched,M,Printed specimen row in MacLeod etal 2003 Table2; identifier is the accession/catalog code printed by the source. Registered from the published table; no private evidence used.
ZILLES-HYLOBATES-YN81-146,specimen,historical_biological_specimen,public,PUB_MACLEOD_2003,,YN81-146,732-1,Hirnforschung / Stephan-Zilles shared collection,MacLeod_etal_2003,MacLeod_etal_2003_Table2,Hylobates lar (YN81-146),Hylobates lar,Hylobates lar,,FALSE,matched,F,Printed specimen row in MacLeod etal 2003 Table2; identifier is the accession/catalog code printed by the source. Registered from the published table; no private evidence used.
HIRN-HYLOBATES-LH,specimen,historical_biological_specimen,public,PUB_MACLEOD_2003,,LH,,Hirnforschung / Stephan-Zilles shared collection,MacLeod_etal_2003,MacLeod_etal_2003_Table2,Hylobates lar (2436) (LH),Hylobates lar,Hylobates lar,,FALSE,matched,,Printed specimen row in MacLeod etal 2003 Table2; identifier is the accession/catalog code printed by the source. Registered from the published table; no private evidence used.
HIRN-HYLOBATES-1547,specimen,historical_biological_specimen,public,PUB_MACLEOD_2003,,1547,,Hirnforschung / Stephan-Zilles shared collection,MacLeod_etal_2003,MacLeod_etal_2003_Table2,Hylobates lar (1547),Hylobates lar,Hylobates lar,,FALSE,matched,M,Printed specimen row in MacLeod etal 2003 Table2; identifier is the accession/catalog code printed by the source. Registered from the published table; no private evidence used.
HIRN-HYLOBATES-1203,specimen,historical_biological_specimen,public,PUB_MACLEOD_2003,,1203,,Hirnforschung / Stephan-Zilles shared collection,MacLeod_etal_2003,MacLeod_etal_2003_Table2,Hylobates lar (1203),Hylobates lar,Hylobates lar,,FALSE,matched,M,Printed specimen row in MacLeod etal 2003 Table2; identifier is the accession/catalog code printed by the source. Registered from the published table; no private evidence used.
HIRN-ERYTHROCEBUS-1545,specimen,historical_biological_specimen,public,PUB_MACLEOD_2003,,1545,,Hirnforschung / Stephan-Zilles shared collection,MacLeod_etal_2003,MacLeod_etal_2003_Table2,Erythrocebus patas (1545),Erythrocebus patas,Erythrocebus patas,,FALSE,matched,M,Printed specimen row in MacLeod etal 2003 Table2; identifier is the accession/catalog code printed by the source. Registered from the published table; no private evidence used.
HIRN-MACACA-RHESUS-516,specimen,historical_biological_specimen,public,PUB_MACLEOD_2003,Rhesus 516,Rhesus 516,,Hirnforschung / Stephan-Zilles shared collection,MacLeod_etal_2003,MacLeod_etal_2003_Table2,Macaca mulatta (Rhesus 516),Macaca mulatta,Macaca mulatta,,FALSE,matched,F,Printed specimen row in MacLeod etal 2003 Table2; identifier is the accession/catalog code printed by the source. Registered from the published table; no private evidence used.
HIRN-MACACA-RHESUS-R4,specimen,historical_biological_specimen,public,PUB_MACLEOD_2003,,Rhesus R4,,Hirnforschung / Stephan-Zilles shared collection,MacLeod_etal_2003,MacLeod_etal_2003_Table2,Macaca mulatta (Rhesus R4),Macaca mulatta,Macaca mulatta,,FALSE,matched,,Printed specimen row in MacLeod etal 2003 Table2; identifier is the accession/catalog code printed by the source. Registered from the published table; no private evidence used.
HIRN-CERCOPITHECUS-S,specimen,historical_biological_specimen,public,PUB_MACLEOD_2003,,S,,Hirnforschung / Stephan-Zilles shared collection,MacLeod_etal_2003,MacLeod_etal_2003_Table2,Cercopithecus sp. (S),Cercopithecus sp.,,,FALSE,matched,,Printed specimen row in MacLeod etal 2003 Table2; identifier is the accession/catalog code printed by the source. Registered from the published table; no private evidence used.
HIRN-CERCOPITHECUS-CER,specimen,historical_biological_specimen,public,PUB_MACLEOD_2003,,CER,,Hirnforschung / Stephan-Zilles shared collection,MacLeod_etal_2003,MacLeod_etal_2003_Table2,Cercopithecus sp. (CER),Cercopithecus sp.,,,FALSE,matched,M,Printed specimen row in MacLeod etal 2003 Table2; identifier is the accession/catalog code printed by the source. Registered from the published table; no private evidence used.
HIRN-CERCALB-A221,specimen,historical_biological_specimen,public,PUB_MACLEOD_2003,,A221,,Hirnforschung / Stephan-Zilles shared collection,MacLeod_etal_2003,MacLeod_etal_2003_Table2,Cercocebus albigena (A221),Cercocebus albigena,Cercocebus albigena,,FALSE,matched,M,Printed specimen row in MacLeod etal 2003 Table2; identifier is the accession/catalog code printed by the source. Registered from the published table; no private evidence used.
HIRN-PAPIO-P3,specimen,historical_biological_specimen,public,PUB_MACLEOD_2003,,P3,,Hirnforschung / Stephan-Zilles shared collection,MacLeod_etal_2003,MacLeod_etal_2003_Table2,Papio cynocephalus (P3),Papio cynocephalus,Papio cynocephalus,,FALSE,matched,F,Printed specimen row in MacLeod etal 2003 Table2; identifier is the accession/catalog code printed by the source. Registered from the published table; no private evidence used.
HIRN-PAPIO-P4,specimen,historical_biological_specimen,public,PUB_MACLEOD_2003,,P4,,Hirnforschung / Stephan-Zilles shared collection,MacLeod_etal_2003,MacLeod_etal_2003_Table2,Papio cynocephalus (P4),Papio cynocephalus,Papio cynocephalus,,FALSE,matched,F,Printed specimen row in MacLeod etal 2003 Table2; identifier is the accession/catalog code printed by the source. Registered from the published table; no private evidence used.
HIRN-ATELES-2412,specimen,historical_biological_specimen,public,PUB_MACLEOD_2003,,2412,,Hirnforschung / Stephan-Zilles shared collection,MacLeod_etal_2003,MacLeod_etal_2003_Table2,Ateles paniscus (2412),Ateles paniscus,Ateles paniscus,,FALSE,matched,,Printed specimen row in MacLeod etal 2003 Table2; identifier is the accession/catalog code printed by the source. Registered from the published table; no private evidence used.
HIRN-ATELES-1541,specimen,historical_biological_specimen,public,PUB_MACLEOD_2003,,1541,,Hirnforschung / Stephan-Zilles shared collection,MacLeod_etal_2003,MacLeod_etal_2003_Table2,Ateles paniscus (1541),Ateles paniscus,Ateles paniscus,,FALSE,matched,M,Printed specimen row in MacLeod etal 2003 Table2; identifier is the accession/catalog code printed by the source. Registered from the published table; no private evidence used.
HIRN-ATELES-1538,specimen,historical_biological_specimen,public,PUB_MACLEOD_2003,,1538,,Hirnforschung / Stephan-Zilles shared collection,MacLeod_etal_2003,MacLeod_etal_2003_Table2,Ateles paniscus (1538),Ateles paniscus,Ateles paniscus,,FALSE,matched,M,Printed specimen row in MacLeod etal 2003 Table2; identifier is the accession/catalog code printed by the source. Registered from the published table; no private evidence used.
HIRN-ALOUSEN-1961-8,specimen,historical_biological_specimen,public,PUB_MACLEOD_2003,,1961/8,,Hirnforschung / Stephan-Zilles shared collection,MacLeod_etal_2003,MacLeod_etal_2003_Table2,Alouatta seniculus (1961/8),Alouatta seniculus,Alouatta seniculus,,FALSE,matched,M,Printed specimen row in MacLeod etal 2003 Table2; identifier is the accession/catalog code printed by the source. Registered from the published table; no private evidence used.
HIRN-ALOUSEN-1961-9,specimen,historical_biological_specimen,public,PUB_MACLEOD_2003,,1961/9,,Hirnforschung / Stephan-Zilles shared collection,MacLeod_etal_2003,MacLeod_etal_2003_Table2,Alouatta seniculus (1961/9),Alouatta seniculus,Alouatta seniculus,,FALSE,matched,F,Printed specimen row in MacLeod etal 2003 Table2; identifier is the accession/catalog code printed by the source. Registered from the published table; no private evidence used.
HIRN-CEBUSP-CEBUS-SP-1-LH-RH-CORONAL,specimen,historical_biological_specimen,public,PUB_MACLEOD_2003,,Cebus sp. 1 LH RH coronal,,Hirnforschung / Stephan-Zilles shared collection,MacLeod_etal_2003,MacLeod_etal_2003_Table2,Cebus sp. 1 LH RH coronal,Cebus sp.,,,FALSE,matched,M,Printed specimen row in MacLeod etal 2003 Table2; identifier is the accession/catalog code printed by the source. Registered from the published table; no private evidence used.
HIRN-CEBUSP-CEBUS-SP-5,specimen,historical_biological_specimen,public,PUB_MACLEOD_2003,,Cebus sp. 5,,Hirnforschung / Stephan-Zilles shared collection,MacLeod_etal_2003,MacLeod_etal_2003_Table2,Cebus sp. 5,Cebus sp.,,,FALSE,matched,,Printed specimen row in MacLeod etal 2003 Table2; identifier is the accession/catalog code printed by the source. Registered from the published table; no private evidence used.
HIRN-SAIMIRI-1064,specimen,historical_biological_specimen,public,PUB_MACLEOD_2003,,1064,,Hirnforschung / Stephan-Zilles shared collection,MacLeod_etal_2003,MacLeod_etal_2003_Table2,Saimiri sciureus (1064),Saimiri sciureus,Saimiri sciureus,,FALSE,matched,F,Printed specimen row in MacLeod etal 2003 Table2; identifier is the accession/catalog code printed by the source. Registered from the published table; no private evidence used.
HIRN-SAIMIRI-2408,specimen,historical_biological_specimen,public,PUB_MACLEOD_2003,,2408,,Hirnforschung / Stephan-Zilles shared collection,MacLeod_etal_2003,MacLeod_etal_2003_Table2,Saimiri sciureus (2408),Saimiri sciureus,Saimiri sciureus,,FALSE,matched,M,Printed specimen row in MacLeod etal 2003 Table2; identifier is the accession/catalog code printed by the source. Registered from the published table; no private evidence used.
HIRN-AOTUTRI-1536,specimen,historical_biological_specimen,public,PUB_MACLEOD_2003,,1536,,Hirnforschung / Stephan-Zilles shared collection,MacLeod_etal_2003,MacLeod_etal_2003_Table2,Aotus trivirgatus (1536),Aotus trivirgatus,Aotus trivirgatus,,FALSE,matched,F,Printed specimen row in MacLeod etal 2003 Table2; identifier is the accession/catalog code printed by the source. Registered from the published table; no private evidence used.
HIRN-AOTUTRI-K197,specimen,historical_biological_specimen,public,PUB_MACLEOD_2003,,K197,,Hirnforschung / Stephan-Zilles shared collection,MacLeod_etal_2003,MacLeod_etal_2003_Table2,Aotus trivirgatus (K197),Aotus trivirgatus,Aotus trivirgatus,,FALSE,matched,F,Printed specimen row in MacLeod etal 2003 Table2; identifier is the accession/catalog code printed by the source. Registered from the published table; no private evidence used.
HIRN-AOTUTRI-888,specimen,historical_biological_specimen,public,PUB_MACLEOD_2003,,888,,Hirnforschung / Stephan-Zilles shared collection,MacLeod_etal_2003,MacLeod_etal_2003_Table2,Aotus trivirgatus (888),Aotus trivirgatus,Aotus trivirgatus,,FALSE,matched,,Printed specimen row in MacLeod etal 2003 Table2; identifier is the accession/catalog code printed by the source. Registered from the published table; no private evidence used.
HIRN-AOTUTRI-1535,specimen,historical_biological_specimen,public,PUB_MACLEOD_2003,,1535,,Hirnforschung / Stephan-Zilles shared collection,MacLeod_etal_2003,MacLeod_etal_2003_Table2,Aotus trivirgatus (1535),Aotus trivirgatus,Aotus trivirgatus,,FALSE,matched,F,Printed specimen row in MacLeod etal 2003 Table2; identifier is the accession/catalog code printed by the source. Registered from the published table; no private evidence used.
HIRN-GORILLA-1001,specimen,historical_biological_specimen,public,PUB_MACLEOD_2000,,1001,,Hirnforschung / Stephan-Zilles shared collection,MacLeod__2000,MacLeod__2000_APPENDIXI,Gorilla gorilla (1001),Gorilla gorilla,Gorilla gorilla,,FALSE,matched,,Printed specimen row in MacLeod  2000 APPENDIXI; identifier is the accession/catalog code printed by the source. Registered from the published table; no private evidence used.
HIRN-PANTRO-A280,specimen,historical_biological_specimen,public,PUB_MACLEOD_2000,,A280,,Hirnforschung / Stephan-Zilles shared collection,MacLeod__2000,MacLeod__2000_APPENDIXI,Pan troglodytes (A280),Pan troglodytes,Pan troglodytes,,FALSE,matched,M,Printed specimen row in MacLeod  2000 APPENDIXI; identifier is the accession/catalog code printed by the source. Registered from the published table; no private evidence used.
HIRN-PANTRO-A-278,specimen,historical_biological_specimen,public,PUB_MACLEOD_2000,,A 278,,Hirnforschung / Stephan-Zilles shared collection,MacLeod__2000,MacLeod__2000_APPENDIXI,Pan troglodytes (A 278),Pan troglodytes,Pan troglodytes,,FALSE,matched,F,Printed specimen row in MacLeod  2000 APPENDIXI; identifier is the accession/catalog code printed by the source. Registered from the published table; no private evidence used.
HIRN-PANTRO-3549,specimen,historical_biological_specimen,public,PUB_MACLEOD_2000,,3549,,Hirnforschung / Stephan-Zilles shared collection,MacLeod__2000,MacLeod__2000_APPENDIXI,Pan troglodytes (3549),Pan troglodytes,Pan troglodytes,,FALSE,matched,M,Printed specimen row in MacLeod  2000 APPENDIXI; identifier is the accession/catalog code printed by the source. Registered from the published table; no private evidence used.
HIRN-UNKNOWN-2436,specimen,historical_biological_specimen,public,PUB_MACLEOD_2000,,2436,,Hirnforschung / Stephan-Zilles shared collection,MacLeod__2000,MacLeod__2000_APPENDIXI,gibbon (2436),,,,FALSE,matched,,Printed specimen row in MacLeod  2000 APPENDIXI; identifier is the accession/catalog code printed by the source. Registered from the published table; no private evidence used.
HIRN-UNKNOWN-1547,specimen,historical_biological_specimen,public,PUB_MACLEOD_2000,,1547,,Hirnforschung / Stephan-Zilles shared collection,MacLeod__2000,MacLeod__2000_APPENDIXI,gibbon (1547),,,,FALSE,matched,M,Printed specimen row in MacLeod  2000 APPENDIXI; identifier is the accession/catalog code printed by the source. Registered from the published table; no private evidence used.
HIRN-UNKNOWN-3539,specimen,historical_biological_specimen,public,PUB_MACLEOD_2000,,3539,,Hirnforschung / Stephan-Zilles shared collection,MacLeod__2000,MacLeod__2000_APPENDIXI,gibbon (3539),,,,FALSE,matched,M,Printed specimen row in MacLeod  2000 APPENDIXI; identifier is the accession/catalog code printed by the source. Registered from the published table; no private evidence used.
HIRN-HOMO-139-95,specimen,historical_biological_specimen,public,PUB_MACLEOD_2000,,139/95,,Hirnforschung / Stephan-Zilles shared collection,MacLeod__2000,MacLeod__2000_APPENDIXI,Homo sapiens (139/95),Homo sapiens,Homo sapiens,,FALSE,matched,M,Printed specimen row in MacLeod  2000 APPENDIXI; identifier is the accession/catalog code printed by the source. Registered from the published table; no private evidence used.
HIRN-HOMO-H9-88,specimen,historical_biological_specimen,public,PUB_MACLEOD_2000,,H9/88,,Hirnforschung / Stephan-Zilles shared collection,MacLeod__2000,MacLeod__2000_APPENDIXI,Homo sapiens (H9/88),Homo sapiens,Homo sapiens,,FALSE,matched,M,Printed specimen row in MacLeod  2000 APPENDIXI; identifier is the accession/catalog code printed by the source. Registered from the published table; no private evidence used.
ZILLES-HOMO-SN382-81,specimen,historical_biological_specimen,public,PUB_MACLEOD_2000,,SN382/81,,Hirnforschung / Stephan-Zilles shared collection,MacLeod__2000,MacLeod__2000_APPENDIXI,Homo sapiens (SN382/81),Homo sapiens,Homo sapiens,,FALSE,matched,F,Printed specimen row in MacLeod  2000 APPENDIXI; identifier is the accession/catalog code printed by the source. Registered from the published table; no private evidence used.
HIRN-HOMO-SN71-84,specimen,historical_biological_specimen,public,PUB_MACLEOD_2000,,SN71/84,,Hirnforschung / Stephan-Zilles shared collection,MacLeod__2000,MacLeod__2000_APPENDIXI,Homo sapiens (SN71/84),Homo sapiens,Homo sapiens,,FALSE,matched,F,Printed specimen row in MacLeod  2000 APPENDIXI; identifier is the accession/catalog code printed by the source. Registered from the published table; no private evidence used.
HIRN-HOMO-14-94,specimen,historical_biological_specimen,public,PUB_MACLEOD_2000,,14/94,,Hirnforschung / Stephan-Zilles shared collection,MacLeod__2000,MacLeod__2000_APPENDIXI,Homo sapiens (14/94),Homo sapiens,Homo sapiens,,FALSE,matched,F,Printed specimen row in MacLeod  2000 APPENDIXI; identifier is the accession/catalog code printed by the source. Registered from the published table; no private evidence used.
HIRN-HOMO-SN-146-86,specimen,historical_biological_specimen,public,PUB_MACLEOD_2000,,SN 146/86,,Hirnforschung / Stephan-Zilles shared collection,MacLeod__2000,MacLeod__2000_APPENDIXI,Homo sapiens (SN 146/86),Homo sapiens,Homo sapiens,,FALSE,matched,M,Printed specimen row in MacLeod  2000 APPENDIXI; identifier is the accession/catalog code printed by the source. Registered from the published table; no private evidence used.
HIRN-HOMO-SN-201-86,specimen,historical_biological_specimen,public,PUB_MACLEOD_2000,,SN 201/86,,Hirnforschung / Stephan-Zilles shared collection,MacLeod__2000,MacLeod__2000_APPENDIXI,Homo sapiens (SN 201/86),Homo sapiens,Homo sapiens,,FALSE,matched,M,Printed specimen row in MacLeod  2000 APPENDIXI; identifier is the accession/catalog code printed by the source. Registered from the published table; no private evidence used.
HIRN-HOMO-SN-503-81,specimen,historical_biological_specimen,public,PUB_MACLEOD_2000,,SN 503/81,,Hirnforschung / Stephan-Zilles shared collection,MacLeod__2000,MacLeod__2000_APPENDIXI,Homo sapiens (SN 503/81),Homo sapiens,Homo sapiens,,FALSE,matched,F,Printed specimen row in MacLeod  2000 APPENDIXI; identifier is the accession/catalog code printed by the source. Registered from the published table; no private evidence used.
HIRN-ERYTHROCEBUS-1545,specimen,historical_biological_specimen,public,PUB_MACLEOD_2000,,1545,,Hirnforschung / Stephan-Zilles shared collection,MacLeod__2000,MacLeod__2000_APPENDIXI,Erythrocebus patas (1545),Erythrocebus patas,Erythrocebus patas,,FALSE,matched,M,Printed specimen row in MacLeod  2000 APPENDIXI; identifier is the accession/catalog code printed by the source. Registered from the published table; no private evidence used.
HIRN-MACACA-516,specimen,historical_biological_specimen,public,PUB_MACLEOD_2000,,516,,Hirnforschung / Stephan-Zilles shared collection,MacLeod__2000,MacLeod__2000_APPENDIXI,Macaca mulatta (516),Macaca mulatta,Macaca mulatta,,FALSE,matched,F,Printed specimen row in MacLeod  2000 APPENDIXI; identifier is the accession/catalog code printed by the source. Registered from the published table; no private evidence used.
HIRN-MACACA-R4,specimen,historical_biological_specimen,public,PUB_MACLEOD_2000,,R4,,Hirnforschung / Stephan-Zilles shared collection,MacLeod__2000,MacLeod__2000_APPENDIXI,Macaca mulatta (R4),Macaca mulatta,Macaca mulatta,,FALSE,matched,,Printed specimen row in MacLeod  2000 APPENDIXI; identifier is the accession/catalog code printed by the source. Registered from the published table; no private evidence used.
HIRN-CERCOPITHECUS-CERC-S,specimen,historical_biological_specimen,public,PUB_MACLEOD_2000,,CERC. S,,Hirnforschung / Stephan-Zilles shared collection,MacLeod__2000,MacLeod__2000_APPENDIXI,Cercopithecus sp. (CERC. S),Cercopithecus sp.,,,FALSE,matched,,Printed specimen row in MacLeod  2000 APPENDIXI; identifier is the accession/catalog code printed by the source. Registered from the published table; no private evidence used.
HIRN-CERCOPITHECUS-CERC-CER,specimen,historical_biological_specimen,public,PUB_MACLEOD_2000,,CERC. CER,,Hirnforschung / Stephan-Zilles shared collection,MacLeod__2000,MacLeod__2000_APPENDIXI,Cercopithecus sp. (CERC. CER),Cercopithecus sp.,,,FALSE,matched,,Printed specimen row in MacLeod  2000 APPENDIXI; identifier is the accession/catalog code printed by the source. Registered from the published table; no private evidence used.
HIRN-CERCALB-A221,specimen,historical_biological_specimen,public,PUB_MACLEOD_2000,,A221,,Hirnforschung / Stephan-Zilles shared collection,MacLeod__2000,MacLeod__2000_APPENDIXI,Cercocebus albigena (A221),Cercocebus albigena,Cercocebus albigena,,FALSE,matched,M,Printed specimen row in MacLeod  2000 APPENDIXI; identifier is the accession/catalog code printed by the source. Registered from the published table; no private evidence used.
HIRN-PAPIO-P3,specimen,historical_biological_specimen,public,PUB_MACLEOD_2000,,P3,,Hirnforschung / Stephan-Zilles shared collection,MacLeod__2000,MacLeod__2000_APPENDIXI,Papio cynocephalus (P3),Papio cynocephalus,Papio cynocephalus,,FALSE,matched,F,Printed specimen row in MacLeod  2000 APPENDIXI; identifier is the accession/catalog code printed by the source. Registered from the published table; no private evidence used.
HIRN-PAPIO-P4,specimen,historical_biological_specimen,public,PUB_MACLEOD_2000,,P4,,Hirnforschung / Stephan-Zilles shared collection,MacLeod__2000,MacLeod__2000_APPENDIXI,Papio cynocephalus (P4),Papio cynocephalus,Papio cynocephalus,,FALSE,matched,F,Printed specimen row in MacLeod  2000 APPENDIXI; identifier is the accession/catalog code printed by the source. Registered from the published table; no private evidence used.
HIRN-ATELES-2412,specimen,historical_biological_specimen,public,PUB_MACLEOD_2000,,2412,,Hirnforschung / Stephan-Zilles shared collection,MacLeod__2000,MacLeod__2000_APPENDIXI,Ateles paniscus (2412),Ateles paniscus,Ateles paniscus,,FALSE,matched,,Printed specimen row in MacLeod  2000 APPENDIXI; identifier is the accession/catalog code printed by the source. Registered from the published table; no private evidence used.
HIRN-ATELES-1541,specimen,historical_biological_specimen,public,PUB_MACLEOD_2000,,1541,,Hirnforschung / Stephan-Zilles shared collection,MacLeod__2000,MacLeod__2000_APPENDIXI,Ateles paniscus (1541),Ateles paniscus,Ateles paniscus,,FALSE,matched,M,Printed specimen row in MacLeod  2000 APPENDIXI; identifier is the accession/catalog code printed by the source. Registered from the published table; no private evidence used.
HIRN-ATELES-1538,specimen,historical_biological_specimen,public,PUB_MACLEOD_2000,,1538,,Hirnforschung / Stephan-Zilles shared collection,MacLeod__2000,MacLeod__2000_APPENDIXI,Ateles paniscus (1538),Ateles paniscus,Ateles paniscus,,FALSE,matched,M,Printed specimen row in MacLeod  2000 APPENDIXI; identifier is the accession/catalog code printed by the source. Registered from the published table; no private evidence used.
HIRN-ALOUSP-1961-8,specimen,historical_biological_specimen,public,PUB_MACLEOD_2000,,1961/8,,Hirnforschung / Stephan-Zilles shared collection,MacLeod__2000,MacLeod__2000_APPENDIXI,Alouatta sp. (1961/8),Alouatta sp.,,,FALSE,matched,M,Printed specimen row in MacLeod  2000 APPENDIXI; identifier is the accession/catalog code printed by the source. Registered from the published table; no private evidence used.
HIRN-ALOUSEN-1961-9,specimen,historical_biological_specimen,public,PUB_MACLEOD_2000,,1961/9,,Hirnforschung / Stephan-Zilles shared collection,MacLeod__2000,MacLeod__2000_APPENDIXI,Alouatta seniculus (1961/9),Alouatta seniculus,Alouatta seniculus,,FALSE,matched,F,Printed specimen row in MacLeod  2000 APPENDIXI; identifier is the accession/catalog code printed by the source. Registered from the published table; no private evidence used.
HIRN-CEBUSP-CEBUS-I,specimen,historical_biological_specimen,public,PUB_MACLEOD_2000,,CEBUS I,,Hirnforschung / Stephan-Zilles shared collection,MacLeod__2000,MacLeod__2000_APPENDIXI,Cebus sp. (CEBUS I),Cebus sp.,,,FALSE,matched,M,Printed specimen row in MacLeod  2000 APPENDIXI; identifier is the accession/catalog code printed by the source. Registered from the published table; no private evidence used.
HIRN-SAIMIRI-1064,specimen,historical_biological_specimen,public,PUB_MACLEOD_2000,,1064,,Hirnforschung / Stephan-Zilles shared collection,MacLeod__2000,MacLeod__2000_APPENDIXI,Saimiri sciureus (1064),Saimiri sciureus,Saimiri sciureus,,FALSE,matched,F,Printed specimen row in MacLeod  2000 APPENDIXI; identifier is the accession/catalog code printed by the source. Registered from the published table; no private evidence used.
HIRN-SAIMIRI-1968-4,specimen,historical_biological_specimen,public,PUB_MACLEOD_2000,,1968/4,,Hirnforschung / Stephan-Zilles shared collection,MacLeod__2000,MacLeod__2000_APPENDIXI,Saimiri sciureus (1968/4),Saimiri sciureus,Saimiri sciureus,,FALSE,matched,M,Printed specimen row in MacLeod  2000 APPENDIXI; identifier is the accession/catalog code printed by the source. Registered from the published table; no private evidence used.
HIRN-AOTUSP-1536,specimen,historical_biological_specimen,public,PUB_MACLEOD_2000,,1536,,Hirnforschung / Stephan-Zilles shared collection,MacLeod__2000,MacLeod__2000_APPENDIXI,Aotus sp. (1536),Aotus sp.,,,FALSE,matched,F,Printed specimen row in MacLeod  2000 APPENDIXI; identifier is the accession/catalog code printed by the source. Registered from the published table; no private evidence used.
HIRN-AOTUSP-K197,specimen,historical_biological_specimen,public,PUB_MACLEOD_2000,,K197,,Hirnforschung / Stephan-Zilles shared collection,MacLeod__2000,MacLeod__2000_APPENDIXI,Aotus sp. (K197),Aotus sp.,,,FALSE,matched,F,Printed specimen row in MacLeod  2000 APPENDIXI; identifier is the accession/catalog code printed by the source. Registered from the published table; no private evidence used.
HIRN-HOMO-H9-88,specimen,historical_biological_specimen,public,PUB_BAUERNFEIND_2013,,H9-88a,H9-88,UCSD,Bauernfeind_etal_2013,Bauernfeind_etal_2013_Table1,Homo sapiens,Homo sapiens,Homo sapiens,,FALSE,matched,M,Printed specimen row in Bauernfeind etal 2013 Table1; identifier is the accession/catalog code printed by the source. Registered from the published table; no private evidence used.
YAKOVLEV-HOMO-MU-88-65,specimen,historical_biological_specimen,public,PUB_BAUERNFEIND_2013,,MU-88-65a,MU-88-65,Yakovlev-Haleem,Bauernfeind_etal_2013,Bauernfeind_etal_2013_Table1,Homo sapiens,Homo sapiens,Homo sapiens,,FALSE,matched,M,Printed specimen row in Bauernfeind etal 2013 Table1; identifier is the accession/catalog code printed by the source. Registered from the published table; no private evidence used.
BARGER-HOMO-SN207-84,specimen,historical_biological_specimen,public,PUB_BAUERNFEIND_2013,,SN207-84a,SN207-84,UCSD,Bauernfeind_etal_2013,Bauernfeind_etal_2013_Table1,Homo sapiens,Homo sapiens,Homo sapiens,,FALSE,matched,M,Printed specimen row in Bauernfeind etal 2013 Table1; identifier is the accession/catalog code printed by the source. Registered from the published table; no private evidence used.
YAKOVLEV-HOMO-W2-2-70,specimen,historical_biological_specimen,public,PUB_BAUERNFEIND_2013,,W2-2-70a,W2-2-70,Yakovlev-Haleem,Bauernfeind_etal_2013,Bauernfeind_etal_2013_Table1,Homo sapiens,Homo sapiens,Homo sapiens,,FALSE,matched,M,Printed specimen row in Bauernfeind etal 2013 Table1; identifier is the accession/catalog code printed by the source. Registered from the published table; no private evidence used.
YAKOVLEV-HOMO-STD-IIA-54,specimen,historical_biological_specimen,public,PUB_BAUERNFEIND_2013,,STD-IIA-54a,STD-IIA-54,Yakovlev-Haleem,Bauernfeind_etal_2013,Bauernfeind_etal_2013_Table1,Homo sapiens,Homo sapiens,Homo sapiens,,FALSE,matched,F,Printed specimen row in Bauernfeind etal 2013 Table1; identifier is the accession/catalog code printed by the source. Registered from the published table; no private evidence used.
BAUERNFEIND-PANPAN-NAMBO,specimen,historical_biological_specimen,public,PUB_BAUERNFEIND_2013,Nambob,Nambob,Nambo,GAAP,Bauernfeind_etal_2013,Bauernfeind_etal_2013_Table1,Pan paniscus,Pan paniscus,Pan paniscus,,FALSE,matched,M,Printed specimen row in Bauernfeind etal 2013 Table1; identifier is the accession/catalog code printed by the source. Registered from the published table; no private evidence used.
GWU-PANPAN-MCZ-2007-52,specimen,historical_biological_specimen,public,PUB_BAUERNFEIND_2013,,MCZ-2007-52a,MCZ-2007-52,GAAP,Bauernfeind_etal_2013,Bauernfeind_etal_2013_Table1,Pan paniscus,Pan paniscus,Pan paniscus,,FALSE,matched,F,Printed specimen row in Bauernfeind etal 2013 Table1; identifier is the accession/catalog code printed by the source. Registered from the published table; no private evidence used.
ZILLES-PANPAN-ZAHLIA,specimen,historical_biological_specimen,public,PUB_BAUERNFEIND_2013,Zahliaa,Zahliaa,Zahlia,UCSD,Bauernfeind_etal_2013,Bauernfeind_etal_2013_Table1,Pan paniscus,Pan paniscus,Pan paniscus,,FALSE,matched,F,Printed specimen row in Bauernfeind etal 2013 Table1; identifier is the accession/catalog code printed by the source. Registered from the published table; no private evidence used.
BAUERNFEIND-PANTRO-CA0171,specimen,historical_biological_specimen,public,PUB_BAUERNFEIND_2013,,CA0171b,CA0171,GAAP,Bauernfeind_etal_2013,Bauernfeind_etal_2013_Table1,Pan troglodytes,Pan troglodytes,Pan troglodytes,,FALSE,matched,M,Printed specimen row in Bauernfeind etal 2013 Table1; identifier is the accession/catalog code printed by the source. Registered from the published table; no private evidence used.
BAUERNFEIND-PANTRO-YN01-92,specimen,historical_biological_specimen,public,PUB_BAUERNFEIND_2013,,YN01-92a,,GAAP,Bauernfeind_etal_2013,Bauernfeind_etal_2013_Table1,Pan troglodytes,Pan troglodytes,Pan troglodytes,,FALSE,matched,M,Printed specimen row in Bauernfeind etal 2013 Table1; identifier is the accession/catalog code printed by the source. Registered from the published table; no private evidence used.
BAUERNFEIND-PANTRO-YN00-170,specimen,historical_biological_specimen,public,PUB_BAUERNFEIND_2013,,YN00-170a,YN00-170,GAAP,Bauernfeind_etal_2013,Bauernfeind_etal_2013_Table1,Pan troglodytes,Pan troglodytes,Pan troglodytes,,FALSE,matched,F,Printed specimen row in Bauernfeind etal 2013 Table1; identifier is the accession/catalog code printed by the source. Registered from the published table; no private evidence used.
BAUERNFEIND-GORIGOR-OON1072,specimen,historical_biological_specimen,public,PUB_BAUERNFEIND_2013,,OON1072b,,GAAP,Bauernfeind_etal_2013,Bauernfeind_etal_2013_Table1,Gorilla gorilla,Gorilla gorilla,Gorilla gorilla,,FALSE,matched,M,Printed specimen row in Bauernfeind etal 2013 Table1; identifier is the accession/catalog code printed by the source. Registered from the published table; no private evidence used.
BAUERNFEIND-GORIGOR-862094,specimen,historical_biological_specimen,public,PUB_BAUERNFEIND_2013,,862094b,862094,GAAP,Bauernfeind_etal_2013,Bauernfeind_etal_2013_Table1,Gorilla gorilla,Gorilla gorilla,Gorilla gorilla,,FALSE,matched,F,Printed specimen row in Bauernfeind etal 2013 Table1; identifier is the accession/catalog code printed by the source. Registered from the published table; no private evidence used.
BAUERNFEIND-GORIGOR-439,specimen,historical_biological_specimen,public,PUB_BAUERNFEIND_2013,,439b,,GAAP,Bauernfeind_etal_2013,Bauernfeind_etal_2013_Table1,Gorilla gorilla,Gorilla gorilla,Gorilla gorilla,,FALSE,Bauernfeind-only,F,"Printed specimen row in Bauernfeind etal 2013 Table1; identifier is the paper's own specimen number, table-local rather than a collection accession, so it cannot be joined to another publication on identifier alone. Registered from the published table; no private evidence used."
ZILLES-GORILLA-YN82-140,specimen,historical_biological_specimen,public,PUB_BAUERNFEIND_2013,,YN82-140a,YN82-140,UCSD,Bauernfeind_etal_2013,Bauernfeind_etal_2013_Table1,Gorilla gorilla,Gorilla gorilla,Gorilla gorilla,,FALSE,matched,F,Printed specimen row in Bauernfeind etal 2013 Table1; identifier is the accession/catalog code printed by the source. Registered from the published table; no private evidence used.
BAUERNFEIND-PONGABE-M00305,specimen,historical_biological_specimen,public,PUB_BAUERNFEIND_2013,,M00305b,M00305,GAAP,Bauernfeind_etal_2013,Bauernfeind_etal_2013_Table1,Pongo abelii,Pongo abelii,Pongo abelii,Pongo abelii,FALSE,matched,F,Printed specimen row in Bauernfeind etal 2013 Table1; identifier is the accession/catalog code printed by the source. Registered from the published table; no private evidence used.
BAUERNFEIND-PONGABE-THELMA,specimen,historical_biological_specimen,public,PUB_BAUERNFEIND_2013,Thelmab,Thelmab,,GAAP,Bauernfeind_etal_2013,Bauernfeind_etal_2013_Table1,Pongo abelii,Pongo abelii,Pongo abelii,Pongo abelii,FALSE,matched,F,Printed specimen row in Bauernfeind etal 2013 Table1; identifier is the accession/catalog code printed by the source. Registered from the published table; no private evidence used.
BAUERNFEIND-PONGPYG-SABTUB,specimen,historical_biological_specimen,public,PUB_BAUERNFEIND_2013,,"Sabtub,c",,GAAP,Bauernfeind_etal_2013,Bauernfeind_etal_2013_Table1,Pongo pygmaeus,Pongo pygmaeus,Pongo pygmaeus,,FALSE,matched,F,Printed specimen row in Bauernfeind etal 2013 Table1; identifier is the accession/catalog code printed by the source. Registered from the published table; no private evidence used.
PONGO-BRIGGS,specimen,historical_biological_specimen,public,PUB_BAUERNFEIND_2013,Briggsa,Briggsa,Briggs,UCSD,Bauernfeind_etal_2013,Bauernfeind_etal_2013_Table1,Pongo pygmaeus,Pongo pygmaeus,Pongo pygmaeus,,FALSE,matched,M,Printed specimen row in Bauernfeind etal 2013 Table1; identifier is the accession/catalog code printed by the source. Registered from the published table; no private evidence used.
BAUERNFEIND-HYLOMUE-970431,specimen,historical_biological_specimen,public,PUB_BAUERNFEIND_2013,,970431a,,GAAP,Bauernfeind_etal_2013,Bauernfeind_etal_2013_Table1,Hylobates muelleri,Hylobates muelleri,Hylobates muelleri,,FALSE,matched,M,Printed specimen row in Bauernfeind etal 2013 Table1; identifier is the accession/catalog code printed by the source. Registered from the published table; no private evidence used.
ZILLES-HYLOBATES-YN81-146,specimen,historical_biological_specimen,public,PUB_BAUERNFEIND_2013,,YN81-146b,,Stephan,Bauernfeind_etal_2013,Bauernfeind_etal_2013_Table1,Hylobates lar,Hylobates lar,Hylobates lar,,FALSE,matched,F,Printed specimen row in Bauernfeind etal 2013 Table1; identifier is the accession/catalog code printed by the source. Registered from the published table; no private evidence used.
GWU-SYMPHALANGUS-880804,specimen,historical_biological_specimen,public,PUB_BAUERNFEIND_2013,,880804a,,GAAP,Bauernfeind_etal_2013,Bauernfeind_etal_2013_Table1,Symphalangus syndactylus,Symphalangus syndactylus,Symphalangus syndactylus,,FALSE,matched,M,Printed specimen row in Bauernfeind etal 2013 Table1; identifier is the accession/catalog code printed by the source. Registered from the published table; no private evidence used.
BAUERNFEIND-CERCOPITHECUS-201202,specimen,historical_biological_specimen,public,PUB_BAUERNFEIND_2013,,201202a,,GAAP,Bauernfeind_etal_2013,Bauernfeind_etal_2013_Table1,Cercopithecus kandti,Cercopithecus kandti,Cercopithecus kandti,,FALSE,matched,M,Printed specimen row in Bauernfeind etal 2013 Table1; identifier is the accession/catalog code printed by the source. Registered from the published table; no private evidence used.
BAUERNFEIND-CERCOCEBUS-980820,specimen,historical_biological_specimen,public,PUB_BAUERNFEIND_2013,,980820a,,GAAP,Bauernfeind_etal_2013,Bauernfeind_etal_2013_Table1,Cercocebus agilis,Cercocebus agilis,Cercocebus agilis,,FALSE,matched,F,Printed specimen row in Bauernfeind etal 2013 Table1; identifier is the accession/catalog code printed by the source. Registered from the published table; no private evidence used.
BAUERNFEIND-LOPHOCEBUS-3407,specimen,historical_biological_specimen,public,PUB_BAUERNFEIND_2013,,3407b,,Stephan,Bauernfeind_etal_2013,Bauernfeind_etal_2013_Table1,Lophocebus albigena,Lophocebus albigena,Lophocebus albigena,,FALSE,matched,M,Printed specimen row in Bauernfeind etal 2013 Table1; identifier is the accession/catalog code printed by the source. Registered from the published table; no private evidence used.
BAUERNFEIND-MACACA-M1005,specimen,historical_biological_specimen,public,PUB_BAUERNFEIND_2013,,M1005a,,GAAP,Bauernfeind_etal_2013,Bauernfeind_etal_2013_Table1,Macaca maura,Macaca maura,Macaca maura,,FALSE,matched,F,Printed specimen row in Bauernfeind etal 2013 Table1; identifier is the accession/catalog code printed by the source. Registered from the published table; no private evidence used.
BAUERNFEIND-COLOBUS-M00652,specimen,historical_biological_specimen,public,PUB_BAUERNFEIND_2013,,M00652a,,GAAP,Bauernfeind_etal_2013,Bauernfeind_etal_2013_Table1,Colobus angolensis,Colobus angolensis,Colobus angolensis,,FALSE,matched,M,Printed specimen row in Bauernfeind etal 2013 Table1; identifier is the accession/catalog code printed by the source. Registered from the published table; no private evidence used.
BAUERNFEIND-PILIOCOLOBUS-3477,specimen,historical_biological_specimen,public,PUB_BAUERNFEIND_2013,,3477b,,Stephan,Bauernfeind_etal_2013,Bauernfeind_etal_2013_Table1,Piliocolobus badius,Piliocolobus badius,Piliocolobus badius,,FALSE,matched,F,Printed specimen row in Bauernfeind etal 2013 Table1; identifier is the accession/catalog code printed by the source. Registered from the published table; no private evidence used.
BAUERNFEIND-TRACHYPITHECUS-51106,specimen,historical_biological_specimen,public,PUB_BAUERNFEIND_2013,,51106a,,GAAP,Bauernfeind_etal_2013,Bauernfeind_etal_2013_Table1,Trachypithecus francoisi,Trachypithecus francoisi,Trachypithecus francoisi,,FALSE,matched,M,Printed specimen row in Bauernfeind etal 2013 Table1; identifier is the accession/catalog code printed by the source. Registered from the published table; no private evidence used.
BAUERNFEIND-ALOUATTA-890708,specimen,historical_biological_specimen,public,PUB_BAUERNFEIND_2013,,890708a,,GAAP,Bauernfeind_etal_2013,Bauernfeind_etal_2013_Table1,Alouatta caraya,Alouatta caraya,Alouatta caraya,,FALSE,matched,M,Printed specimen row in Bauernfeind etal 2013 Table1; identifier is the accession/catalog code printed by the source. Registered from the published table; no private evidence used.
BAUERNFEIND-ATELES-3371,specimen,historical_biological_specimen,public,PUB_BAUERNFEIND_2013,,3371b,,Stephan,Bauernfeind_etal_2013,Bauernfeind_etal_2013_Table1,Ateles geoffroyi,Ateles geoffroyi,Ateles geoffroyi,,FALSE,matched,M,Printed specimen row in Bauernfeind etal 2013 Table1; identifier is the accession/catalog code printed by the source. Registered from the published table; no private evidence used.
BAUERNFEIND-CALLITHRIX-3289,specimen,historical_biological_specimen,public,PUB_BAUERNFEIND_2013,,3289b,,Stephan,Bauernfeind_etal_2013,Bauernfeind_etal_2013_Table1,Callithrix pygmaea,Callithrix pygmaea,Callithrix pygmaea,,FALSE,matched,M,Printed specimen row in Bauernfeind etal 2013 Table1; identifier is the accession/catalog code printed by the source. Registered from the published table; no private evidence used.
BAUERNFEIND-LEONTOPITHECUS-950728,specimen,historical_biological_specimen,public,PUB_BAUERNFEIND_2013,,950728a,,GAAP,Bauernfeind_etal_2013,Bauernfeind_etal_2013_Table1,Leontopithecus rosalia,Leontopithecus rosalia,Leontopithecus rosalia,,FALSE,matched,F,Printed specimen row in Bauernfeind etal 2013 Table1; identifier is the accession/catalog code printed by the source. Registered from the published table; no private evidence used.
BAUERNFEIND-SAGUGEO-900722,specimen,historical_biological_specimen,public,PUB_BAUERNFEIND_2013,,900722a,,GAAP,Bauernfeind_etal_2013,Bauernfeind_etal_2013_Table1,Saguinus geoffroyi,Saguinus geoffroyi,Saguinus geoffroyi,,FALSE,matched,M,Printed specimen row in Bauernfeind etal 2013 Table1; identifier is the accession/catalog code printed by the source. Registered from the published table; no private evidence used.
BAUERNFEIND-SAGUOED-3311,specimen,historical_biological_specimen,public,PUB_BAUERNFEIND_2013,,3311b,,Stephan,Bauernfeind_etal_2013,Bauernfeind_etal_2013_Table1,Saguinus oedipus,Saguinus oedipus,Saguinus oedipus,,FALSE,matched,M,Printed specimen row in Bauernfeind etal 2013 Table1; identifier is the accession/catalog code printed by the source. Registered from the published table; no private evidence used.
BAUERNFEIND-CEBUS-3317,specimen,historical_biological_specimen,public,PUB_BAUERNFEIND_2013,,3317b,,Stephan,Bauernfeind_etal_2013,Bauernfeind_etal_2013_Table1,Cebus albifrons,Cebus albifrons,Cebus albifrons,,FALSE,matched,M,Printed specimen row in Bauernfeind etal 2013 Table1; identifier is the accession/catalog code printed by the source. Registered from the published table; no private evidence used.
BAUERNFEIND-PITHECIA-M30709,specimen,historical_biological_specimen,public,PUB_BAUERNFEIND_2013,,M30709a,,GAAP,Bauernfeind_etal_2013,Bauernfeind_etal_2013_Table1,Pithecia pithecia,Pithecia pithecia,Pithecia pithecia,,FALSE,matched,F,Printed specimen row in Bauernfeind etal 2013 Table1; identifier is the accession/catalog code printed by the source. Registered from the published table; no private evidence used.
BAUERNFEIND-AVAHI-3244,specimen,historical_biological_specimen,public,PUB_BAUERNFEIND_2013,,3244b,,Stephan,Bauernfeind_etal_2013,Bauernfeind_etal_2013_Table1,Avahi laniger,Avahi laniger,Avahi laniger,,FALSE,matched,M,Printed specimen row in Bauernfeind etal 2013 Table1; identifier is the accession/catalog code printed by the source. Registered from the published table; no private evidence used.
BAUERNFEIND-INDRI-3249,specimen,historical_biological_specimen,public,PUB_BAUERNFEIND_2013,,3249b,,Stephan,Bauernfeind_etal_2013,Bauernfeind_etal_2013_Table1,Indri indri,Indri indri,Indri indri,,FALSE,matched,M,Printed specimen row in Bauernfeind etal 2013 Table1; identifier is the accession/catalog code printed by the source. Registered from the published table; no private evidence used.
BAUERNFEIND-VARECIA-3227,specimen,historical_biological_specimen,public,PUB_BAUERNFEIND_2013,,3227b,,Stephan,Bauernfeind_etal_2013,Bauernfeind_etal_2013_Table1,Varecia variegata,Varecia variegata,Varecia variegata,,FALSE,matched,M,Printed specimen row in Bauernfeind etal 2013 Table1; identifier is the accession/catalog code printed by the source. Registered from the published table; no private evidence used.
BAUERNFEIND-PERODICTICUS-3259,specimen,historical_biological_specimen,public,PUB_BAUERNFEIND_2013,,3259b,,Stephan,Bauernfeind_etal_2013,Bauernfeind_etal_2013_Table1,Perodicticus potto,Perodicticus potto,Perodicticus potto,,FALSE,matched,M,Printed specimen row in Bauernfeind etal 2013 Table1; identifier is the accession/catalog code printed by the source. Registered from the published table; no private evidence used.
BAUERNFEIND-GALAGOIDES-3275,specimen,historical_biological_specimen,public,PUB_BAUERNFEIND_2013,,3275b,,Stephan,Bauernfeind_etal_2013,Bauernfeind_etal_2013_Table1,Galagoides demidoff,Galagoides demidoff,Galagoides demidoff,,FALSE,matched,M,Printed specimen row in Bauernfeind etal 2013 Table1; identifier is the accession/catalog code printed by the source. Registered from the published table; no private evidence used.
BAUERNFEIND-LORIS-3253,specimen,historical_biological_specimen,public,PUB_BAUERNFEIND_2013,,3253b,,Stephan,Bauernfeind_etal_2013,Bauernfeind_etal_2013_Table1,Loris tardigradus,Loris tardigradus,Loris tardigradus,,FALSE,matched,M,Printed specimen row in Bauernfeind etal 2013 Table1; identifier is the accession/catalog code printed by the source. Registered from the published table; no private evidence used.
HIRN-HOMO-H9-88,specimen,historical_biological_specimen,public,PUB_BAUERNFEIND_2013,,H9-88,H9-88a,UCSD,Bauernfeind_etal_2013,Bauernfeind_etal_2013_Table2,Homo sapiens,Homo sapiens,Homo sapiens,,FALSE,matched,,Printed specimen row in Bauernfeind etal 2013 Table2; identifier is the accession/catalog code printed by the source. Registered from the published table; no private evidence used.
YAKOVLEV-HOMO-MU-88-65,specimen,historical_biological_specimen,public,PUB_BAUERNFEIND_2013,,MU-88-65,MU-88-65a,Yakovlev-Haleem,Bauernfeind_etal_2013,Bauernfeind_etal_2013_Table2,Homo sapiens,Homo sapiens,Homo sapiens,,FALSE,matched,,Printed specimen row in Bauernfeind etal 2013 Table2; identifier is the accession/catalog code printed by the source. Registered from the published table; no private evidence used.
BARGER-HOMO-SN207-84,specimen,historical_biological_specimen,public,PUB_BAUERNFEIND_2013,,SN207-84,SN207-84a,UCSD,Bauernfeind_etal_2013,Bauernfeind_etal_2013_Table2,Homo sapiens,Homo sapiens,Homo sapiens,,FALSE,matched,,Printed specimen row in Bauernfeind etal 2013 Table2; identifier is the accession/catalog code printed by the source. Registered from the published table; no private evidence used.
YAKOVLEV-HOMO-W2-2-70,specimen,historical_biological_specimen,public,PUB_BAUERNFEIND_2013,,W2-2-70,W2-2-70a,Yakovlev-Haleem,Bauernfeind_etal_2013,Bauernfeind_etal_2013_Table2,Homo sapiens,Homo sapiens,Homo sapiens,,FALSE,matched,,Printed specimen row in Bauernfeind etal 2013 Table2; identifier is the accession/catalog code printed by the source. Registered from the published table; no private evidence used.
YAKOVLEV-HOMO-STD-IIA-54,specimen,historical_biological_specimen,public,PUB_BAUERNFEIND_2013,,STD-IIA-54,STD-IIA-54a,Yakovlev-Haleem,Bauernfeind_etal_2013,Bauernfeind_etal_2013_Table2,Homo sapiens,Homo sapiens,Homo sapiens,,FALSE,matched,,Printed specimen row in Bauernfeind etal 2013 Table2; identifier is the accession/catalog code printed by the source. Registered from the published table; no private evidence used.
BAUERNFEIND-PANPAN-NAMBO,specimen,historical_biological_specimen,public,PUB_BAUERNFEIND_2013,Nambo,Nambo,Nambob,GAAP,Bauernfeind_etal_2013,Bauernfeind_etal_2013_Table2,Pan paniscus,Pan paniscus,Pan paniscus,,FALSE,matched,,Printed specimen row in Bauernfeind etal 2013 Table2; identifier is the accession/catalog code printed by the source. Registered from the published table; no private evidence used.
GWU-PANPAN-MCZ-2007-52,specimen,historical_biological_specimen,public,PUB_BAUERNFEIND_2013,,MCZ-2007-52,MCZ-2007-52a,GAAP,Bauernfeind_etal_2013,Bauernfeind_etal_2013_Table2,Pan paniscus,Pan paniscus,Pan paniscus,,FALSE,matched,,Printed specimen row in Bauernfeind etal 2013 Table2; identifier is the accession/catalog code printed by the source. Registered from the published table; no private evidence used.
ZILLES-PANPAN-ZAHLIA,specimen,historical_biological_specimen,public,PUB_BAUERNFEIND_2013,Zahlia,Zahlia,Zahliaa,UCSD,Bauernfeind_etal_2013,Bauernfeind_etal_2013_Table2,Pan paniscus,Pan paniscus,Pan paniscus,,FALSE,matched,,Printed specimen row in Bauernfeind etal 2013 Table2; identifier is the accession/catalog code printed by the source. Registered from the published table; no private evidence used.
BAUERNFEIND-PANTRO-CA0171,specimen,historical_biological_specimen,public,PUB_BAUERNFEIND_2013,,CA0171,CA0171b,GAAP,Bauernfeind_etal_2013,Bauernfeind_etal_2013_Table2,Pan troglodytes,Pan troglodytes,Pan troglodytes,,FALSE,matched,,Printed specimen row in Bauernfeind etal 2013 Table2; identifier is the accession/catalog code printed by the source. Registered from the published table; no private evidence used.
BAUERNFEIND-PANTRO-YN00-170,specimen,historical_biological_specimen,public,PUB_BAUERNFEIND_2013,,YN00-170,YN00-170a,GAAP,Bauernfeind_etal_2013,Bauernfeind_etal_2013_Table2,Pan troglodytes,Pan troglodytes,Pan troglodytes,,FALSE,matched,,Printed specimen row in Bauernfeind etal 2013 Table2; identifier is the accession/catalog code printed by the source. Registered from the published table; no private evidence used.
BAUERNFEIND-GORIGOR-862094,specimen,historical_biological_specimen,public,PUB_BAUERNFEIND_2013,,862094,862094b,GAAP,Bauernfeind_etal_2013,Bauernfeind_etal_2013_Table2,Gorilla gorilla,Gorilla gorilla,Gorilla gorilla,,FALSE,matched,,Printed specimen row in Bauernfeind etal 2013 Table2; identifier is the accession/catalog code printed by the source. Registered from the published table; no private evidence used.
ZILLES-GORILLA-YN82-140,specimen,historical_biological_specimen,public,PUB_BAUERNFEIND_2013,,YN82-140,YN82-140a,UCSD,Bauernfeind_etal_2013,Bauernfeind_etal_2013_Table2,Gorilla gorilla,Gorilla gorilla,Gorilla gorilla,,FALSE,matched,,Printed specimen row in Bauernfeind etal 2013 Table2; identifier is the accession/catalog code printed by the source. Registered from the published table; no private evidence used.
BAUERNFEIND-PONGABE-M00305,specimen,historical_biological_specimen,public,PUB_BAUERNFEIND_2013,,M00305,M00305b,GAAP,Bauernfeind_etal_2013,Bauernfeind_etal_2013_Table2,Pongo abelii,Pongo abelii,Pongo abelii,Pongo abelii,FALSE,matched,,Printed specimen row in Bauernfeind etal 2013 Table2; identifier is the accession/catalog code printed by the source. Registered from the published table; no private evidence used.
BAUERNFEIND-PONGPYG-SABTU,specimen,historical_biological_specimen,public,PUB_BAUERNFEIND_2013,Sabtu,Sabtu,,,Bauernfeind_etal_2013,Bauernfeind_etal_2013_Table2,Pongo pygmaeus,Pongo pygmaeus,Pongo pygmaeus,,FALSE,matched,,Printed specimen row in Bauernfeind etal 2013 Table2; identifier is the accession/catalog code printed by the source. Registered from the published table; no private evidence used.
PONGO-BRIGGS,specimen,historical_biological_specimen,public,PUB_BAUERNFEIND_2013,Briggs,Briggs,Briggsa,UCSD,Bauernfeind_etal_2013,Bauernfeind_etal_2013_Table2,Pongo pygmaeus,Pongo pygmaeus,Pongo pygmaeus,,FALSE,matched,,Printed specimen row in Bauernfeind etal 2013 Table2; identifier is the accession/catalog code printed by the source. Registered from the published table; no private evidence used.
BARKS-GORIBER-3,specimen,historical_biological_specimen,public,PUB_BARKS_2014,,3,,,Barks_etal_2014,Barks_etal_2014_Table1,Gorilla beringei beringei,Gorilla beringei beringei,Gorilla beringei beringei,,FALSE,Barks-only,M,"Printed specimen row in Barks etal 2014 Table1; identifier is the paper's own specimen number, table-local rather than a collection accession, so it cannot be joined to another publication on identifier alone. Registered from the published table; no private evidence used."
BARKS-GORIBER-12,specimen,historical_biological_specimen,public,PUB_BARKS_2014,,12,,,Barks_etal_2014,Barks_etal_2014_Table1,Gorilla beringei beringei,Gorilla beringei beringei,Gorilla beringei beringei,,FALSE,Barks-only,M,"Printed specimen row in Barks etal 2014 Table1; identifier is the paper's own specimen number, table-local rather than a collection accession, so it cannot be joined to another publication on identifier alone. Registered from the published table; no private evidence used."
BARKS-GORIBER-5,specimen,historical_biological_specimen,public,PUB_BARKS_2014,,5,,,Barks_etal_2014,Barks_etal_2014_Table1,Gorilla beringei beringei,Gorilla beringei beringei,Gorilla beringei beringei,,FALSE,Barks-only,M,"Printed specimen row in Barks etal 2014 Table1; identifier is the paper's own specimen number, table-local rather than a collection accession, so it cannot be joined to another publication on identifier alone. Registered from the published table; no private evidence used."
BARKS-GORIBER-45,specimen,historical_biological_specimen,public,PUB_BARKS_2014,,45,,,Barks_etal_2014,Barks_etal_2014_Table1,Gorilla beringei beringei,Gorilla beringei beringei,Gorilla beringei beringei,,FALSE,Barks-only,F,"Printed specimen row in Barks etal 2014 Table1; identifier is the paper's own specimen number, table-local rather than a collection accession, so it cannot be joined to another publication on identifier alone. Registered from the published table; no private evidence used."
BARKS-GORIBER-46,specimen,historical_biological_specimen,public,PUB_BARKS_2014,,46,,,Barks_etal_2014,Barks_etal_2014_Table1,Gorilla beringei beringei,Gorilla beringei beringei,Gorilla beringei beringei,,FALSE,Barks-only,F,"Printed specimen row in Barks etal 2014 Table1; identifier is the paper's own specimen number, table-local rather than a collection accession, so it cannot be joined to another publication on identifier alone. Registered from the published table; no private evidence used."
BARKS-GORIBER-2,specimen,historical_biological_specimen,public,PUB_BARKS_2014,,2,,,Barks_etal_2014,Barks_etal_2014_Table1,Gorilla beringei beringei,Gorilla beringei beringei,Gorilla beringei beringei,,FALSE,Barks-only,F,"Printed specimen row in Barks etal 2014 Table1; identifier is the paper's own specimen number, table-local rather than a collection accession, so it cannot be joined to another publication on identifier alone. Registered from the published table; no private evidence used."
BARKS-GORIBER-6,specimen,historical_biological_specimen,public,PUB_BARKS_2014,,6,,,Barks_etal_2014,Barks_etal_2014_Table1,Gorilla beringei beringei,Gorilla beringei beringei,Gorilla beringei beringei,,FALSE,Barks-only,F,"Printed specimen row in Barks etal 2014 Table1; identifier is the paper's own specimen number, table-local rather than a collection accession, so it cannot be joined to another publication on identifier alone. Registered from the published table; no private evidence used."
BARKS-GORIBER-29,specimen,historical_biological_specimen,public,PUB_BARKS_2014,,29,,,Barks_etal_2014,Barks_etal_2014_Table1,Gorilla beringei beringei,Gorilla beringei beringei,Gorilla beringei beringei,,FALSE,Barks-only,M,"Printed specimen row in Barks etal 2014 Table1; identifier is the paper's own specimen number, table-local rather than a collection accession, so it cannot be joined to another publication on identifier alone. Registered from the published table; no private evidence used."
BARKS-GORIBER-30,specimen,historical_biological_specimen,public,PUB_BARKS_2014,,30,,,Barks_etal_2014,Barks_etal_2014_Table1,Gorilla beringei beringei,Gorilla beringei beringei,Gorilla beringei beringei,,FALSE,Barks-only,F,"Printed specimen row in Barks etal 2014 Table1; identifier is the paper's own specimen number, table-local rather than a collection accession, so it cannot be joined to another publication on identifier alone. Registered from the published table; no private evidence used."
BARKS-GORIBER-35,specimen,historical_biological_specimen,public,PUB_BARKS_2014,,35,,,Barks_etal_2014,Barks_etal_2014_Table1,Gorilla beringei beringei,Gorilla beringei beringei,Gorilla beringei beringei,,FALSE,Barks-only,F,"Printed specimen row in Barks etal 2014 Table1; identifier is the paper's own specimen number, table-local rather than a collection accession, so it cannot be joined to another publication on identifier alone. Registered from the published table; no private evidence used."
BARKS-GORIBER-32,specimen,historical_biological_specimen,public,PUB_BARKS_2014,,32,,,Barks_etal_2014,Barks_etal_2014_Table1,Gorilla beringei beringei,Gorilla beringei beringei,Gorilla beringei beringei,,FALSE,Barks-only,M,"Printed specimen row in Barks etal 2014 Table1; identifier is the paper's own specimen number, table-local rather than a collection accession, so it cannot be joined to another publication on identifier alone. Registered from the published table; no private evidence used."
BARKS-GORIBER-33,specimen,historical_biological_specimen,public,PUB_BARKS_2014,,33,,,Barks_etal_2014,Barks_etal_2014_Table1,Gorilla beringei beringei,Gorilla beringei beringei,Gorilla beringei beringei,,FALSE,Barks-only,F,"Printed specimen row in Barks etal 2014 Table1; identifier is the paper's own specimen number, table-local rather than a collection accession, so it cannot be joined to another publication on identifier alone. Registered from the published table; no private evidence used."
BARKS-GORIBER-34,specimen,historical_biological_specimen,public,PUB_BARKS_2014,,34,,,Barks_etal_2014,Barks_etal_2014_Table1,Gorilla beringei beringei,Gorilla beringei beringei,Gorilla beringei beringei,,FALSE,Barks-only,F,"Printed specimen row in Barks etal 2014 Table1; identifier is the paper's own specimen number, table-local rather than a collection accession, so it cannot be joined to another publication on identifier alone. Registered from the published table; no private evidence used."
BARKS-GORIBER-4,specimen,historical_biological_specimen,public,PUB_BARKS_2014,,4,,,Barks_etal_2014,Barks_etal_2014_Table1,Gorilla beringei beringei,Gorilla beringei beringei,Gorilla beringei beringei,,FALSE,Barks-only,,"Printed specimen row in Barks etal 2014 Table1; identifier is the paper's own specimen number, table-local rather than a collection accession, so it cannot be joined to another publication on identifier alone. Registered from the published table; no private evidence used."
BARKS-GORIBER-7,specimen,historical_biological_specimen,public,PUB_BARKS_2014,,7,,,Barks_etal_2014,Barks_etal_2014_Table1,Gorilla beringei beringei,Gorilla beringei beringei,Gorilla beringei beringei,,FALSE,Barks-only,F,"Printed specimen row in Barks etal 2014 Table1; identifier is the paper's own specimen number, table-local rather than a collection accession, so it cannot be joined to another publication on identifier alone. Registered from the published table; no private evidence used."
BARKS-GORIBER-9907,specimen,historical_biological_specimen,public,PUB_BARKS_2014,,9907,,,Barks_etal_2014,Barks_etal_2014_Table1,Gorilla beringei graueri,Gorilla beringei graueri,Gorilla beringei graueri,,TRUE,matched,M,"Printed specimen row in Barks etal 2014 Table1; identifier is the accession/catalog code printed by the source. Registered from the published table; no private evidence used. TAXON CONFLICT: Barks' own Table 1 prints Gorilla beringei graueri while the values recovered via DeCasien & Higham's MOESM3 print Gorilla gorilla graueri for this same specimen number. One animal, two printed genera; resolved_taxon follows the measuring paper."
BARKS-GORIBER-49,specimen,historical_biological_specimen,public,PUB_BARKS_2014,,49,,,Barks_etal_2014,Barks_etal_2014_Table1,Gorilla beringei graueri,Gorilla beringei graueri,Gorilla beringei graueri,,TRUE,Barks-only,F,"Printed specimen row in Barks etal 2014 Table1; identifier is the paper's own specimen number, table-local rather than a collection accession, so it cannot be joined to another publication on identifier alone. Registered from the published table; no private evidence used. TAXON CONFLICT: Barks' own Table 1 prints Gorilla beringei graueri while the values recovered via DeCasien & Higham's MOESM3 print Gorilla gorilla graueri for this same specimen number. One animal, two printed genera; resolved_taxon follows the measuring paper."
BARKS-GORIBER-28,specimen,historical_biological_specimen,public,PUB_BARKS_2014,,28,,,Barks_etal_2014,Barks_etal_2014_Table1,Gorilla beringei graueri,Gorilla beringei graueri,Gorilla beringei graueri,,TRUE,Barks-only,M,"Printed specimen row in Barks etal 2014 Table1; identifier is the paper's own specimen number, table-local rather than a collection accession, so it cannot be joined to another publication on identifier alone. Registered from the published table; no private evidence used. TAXON CONFLICT: Barks' own Table 1 prints Gorilla beringei graueri while the values recovered via DeCasien & Higham's MOESM3 print Gorilla gorilla graueri for this same specimen number. One animal, two printed genera; resolved_taxon follows the measuring paper."
BARKS-GORIGOR-224,specimen,historical_biological_specimen,public,PUB_BARKS_2014,,224,,,Barks_etal_2014,Barks_etal_2014_Table1,Gorilla gorilla gorilla,Gorilla gorilla gorilla,Gorilla gorilla gorilla,,FALSE,Barks-only,F,"Printed specimen row in Barks etal 2014 Table1; identifier is the paper's own specimen number, table-local rather than a collection accession, so it cannot be joined to another publication on identifier alone. Registered from the published table; no private evidence used."
BARKS-GORIGOR-897,specimen,historical_biological_specimen,public,PUB_BARKS_2014,,897,,,Barks_etal_2014,Barks_etal_2014_Table1,Gorilla gorilla gorilla,Gorilla gorilla gorilla,Gorilla gorilla gorilla,,FALSE,Barks-only,M,"Printed specimen row in Barks etal 2014 Table1; identifier is the paper's own specimen number, table-local rather than a collection accession, so it cannot be joined to another publication on identifier alone. Registered from the published table; no private evidence used."
BARKS-GORIGOR-653,specimen,historical_biological_specimen,public,PUB_BARKS_2014,,653,,,Barks_etal_2014,Barks_etal_2014_Table1,Gorilla gorilla gorilla,Gorilla gorilla gorilla,Gorilla gorilla gorilla,,FALSE,Barks-only,M,"Printed specimen row in Barks etal 2014 Table1; identifier is the paper's own specimen number, table-local rather than a collection accession, so it cannot be joined to another publication on identifier alone. Registered from the published table; no private evidence used."
BARKS-GORIGOR-506,specimen,historical_biological_specimen,public,PUB_BARKS_2014,,506,,,Barks_etal_2014,Barks_etal_2014_Table1,Gorilla gorilla gorilla,Gorilla gorilla gorilla,Gorilla gorilla gorilla,,FALSE,Barks-only,M,"Printed specimen row in Barks etal 2014 Table1; identifier is the paper's own specimen number, table-local rather than a collection accession, so it cannot be joined to another publication on identifier alone. Registered from the published table; no private evidence used."
BARKS-GORIGOR-15,specimen,historical_biological_specimen,public,PUB_BARKS_2014,,15,,,Barks_etal_2014,Barks_etal_2014_Table1,Gorilla gorilla gorilla,Gorilla gorilla gorilla,Gorilla gorilla gorilla,,FALSE,Barks-only,F,"Printed specimen row in Barks etal 2014 Table1; identifier is the paper's own specimen number, table-local rather than a collection accession, so it cannot be joined to another publication on identifier alone. Registered from the published table; no private evidence used."
BARKS-GORIGOR-393,specimen,historical_biological_specimen,public,PUB_BARKS_2014,,393,,,Barks_etal_2014,Barks_etal_2014_Table1,Gorilla gorilla gorilla,Gorilla gorilla gorilla,Gorilla gorilla gorilla,,FALSE,Barks-only,F,"Printed specimen row in Barks etal 2014 Table1; identifier is the paper's own specimen number, table-local rather than a collection accession, so it cannot be joined to another publication on identifier alone. Registered from the published table; no private evidence used."
BARKS-GORIGOR-62,specimen,historical_biological_specimen,public,PUB_BARKS_2014,,62,,,Barks_etal_2014,Barks_etal_2014_Table1,Gorilla gorilla gorilla,Gorilla gorilla gorilla,Gorilla gorilla gorilla,,FALSE,Barks-only,F,"Printed specimen row in Barks etal 2014 Table1; identifier is the paper's own specimen number, table-local rather than a collection accession, so it cannot be joined to another publication on identifier alone. Registered from the published table; no private evidence used."
BARKS-GORIGOR-1108,specimen,historical_biological_specimen,public,PUB_BARKS_2014,,1108,,,Barks_etal_2014,Barks_etal_2014_Table1,Gorilla gorilla gorilla,Gorilla gorilla gorilla,Gorilla gorilla gorilla,,FALSE,matched,M,Printed specimen row in Barks etal 2014 Table1; identifier is the accession/catalog code printed by the source. Registered from the published table; no private evidence used.
BARKS-GORIGOR-820,specimen,historical_biological_specimen,public,PUB_BARKS_2014,,820,,,Barks_etal_2014,Barks_etal_2014_Table1,Gorilla gorilla gorilla,Gorilla gorilla gorilla,Gorilla gorilla gorilla,,FALSE,Barks-only,F,"Printed specimen row in Barks etal 2014 Table1; identifier is the paper's own specimen number, table-local rather than a collection accession, so it cannot be joined to another publication on identifier alone. Registered from the published table; no private evidence used."
BARKS-GORIGOR-783,specimen,historical_biological_specimen,public,PUB_BARKS_2014,,783,,,Barks_etal_2014,Barks_etal_2014_Table1,Gorilla gorilla gorilla,Gorilla gorilla gorilla,Gorilla gorilla gorilla,,FALSE,Barks-only,M,"Printed specimen row in Barks etal 2014 Table1; identifier is the paper's own specimen number, table-local rather than a collection accession, so it cannot be joined to another publication on identifier alone. Registered from the published table; no private evidence used."
BARKS-GORIGOR-444,specimen,historical_biological_specimen,public,PUB_BARKS_2014,,444,,,Barks_etal_2014,Barks_etal_2014_Table1,Gorilla gorilla gorilla,Gorilla gorilla gorilla,Gorilla gorilla gorilla,,FALSE,Barks-only,M,"Printed specimen row in Barks etal 2014 Table1; identifier is the paper's own specimen number, table-local rather than a collection accession, so it cannot be joined to another publication on identifier alone. Registered from the published table; no private evidence used."
BARKS-GORIGOR-713,specimen,historical_biological_specimen,public,PUB_BARKS_2014,,713,,,Barks_etal_2014,Barks_etal_2014_Table1,Gorilla gorilla gorilla,Gorilla gorilla gorilla,Gorilla gorilla gorilla,,FALSE,Barks-only,F,"Printed specimen row in Barks etal 2014 Table1; identifier is the paper's own specimen number, table-local rather than a collection accession, so it cannot be joined to another publication on identifier alone. Registered from the published table; no private evidence used."
BARKS-GORIGOR-191,specimen,historical_biological_specimen,public,PUB_BARKS_2014,,191,,,Barks_etal_2014,Barks_etal_2014_Table1,Gorilla gorilla gorilla,Gorilla gorilla gorilla,Gorilla gorilla gorilla,,FALSE,Barks-only,F,"Printed specimen row in Barks etal 2014 Table1; identifier is the paper's own specimen number, table-local rather than a collection accession, so it cannot be joined to another publication on identifier alone. Registered from the published table; no private evidence used."
BARKS-GORIGOR-232,specimen,historical_biological_specimen,public,PUB_BARKS_2014,,232,,,Barks_etal_2014,Barks_etal_2014_Table1,Gorilla gorilla gorilla,Gorilla gorilla gorilla,Gorilla gorilla gorilla,,FALSE,Barks-only,M,"Printed specimen row in Barks etal 2014 Table1; identifier is the paper's own specimen number, table-local rather than a collection accession, so it cannot be joined to another publication on identifier alone. Registered from the published table; no private evidence used."
BARKS-GORIGOR-72,specimen,historical_biological_specimen,public,PUB_BARKS_2014,,72,,,Barks_etal_2014,Barks_etal_2014_Table1,Gorilla gorilla gorilla,Gorilla gorilla gorilla,Gorilla gorilla gorilla,,FALSE,Barks-only,M,"Printed specimen row in Barks etal 2014 Table1; identifier is the paper's own specimen number, table-local rather than a collection accession, so it cannot be joined to another publication on identifier alone. Registered from the published table; no private evidence used."
BARKS-GORIGOR-234,specimen,historical_biological_specimen,public,PUB_BARKS_2014,,234,,,Barks_etal_2014,Barks_etal_2014_Table1,Gorilla gorilla gorilla,Gorilla gorilla gorilla,Gorilla gorilla gorilla,,FALSE,Barks-only,F,"Printed specimen row in Barks etal 2014 Table1; identifier is the paper's own specimen number, table-local rather than a collection accession, so it cannot be joined to another publication on identifier alone. Registered from the published table; no private evidence used."
BARKS-GORIGOR-172,specimen,historical_biological_specimen,public,PUB_BARKS_2014,,172,,,Barks_etal_2014,Barks_etal_2014_Table1,Gorilla gorilla gorilla,Gorilla gorilla gorilla,Gorilla gorilla gorilla,,FALSE,Barks-only,F,"Printed specimen row in Barks etal 2014 Table1; identifier is the paper's own specimen number, table-local rather than a collection accession, so it cannot be joined to another publication on identifier alone. Registered from the published table; no private evidence used."
BARKS-GORIGOR-115,specimen,historical_biological_specimen,public,PUB_BARKS_2014,,115,,,Barks_etal_2014,Barks_etal_2014_Table1,Gorilla gorilla gorilla,Gorilla gorilla gorilla,Gorilla gorilla gorilla,,FALSE,Barks-only,M,"Printed specimen row in Barks etal 2014 Table1; identifier is the paper's own specimen number, table-local rather than a collection accession, so it cannot be joined to another publication on identifier alone. Registered from the published table; no private evidence used."
BARKS-GORIBER-3,specimen,historical_biological_specimen,public,PUB_BARKS_2014;PUB_DECASIEN_HIGHAM_2019,,3,,,Barks_etal_2014,Barks_etal_2014_unpublishedviaDeCasien,Gorilla beringei,Gorilla beringei,Gorilla beringei,,FALSE,Barks-only,,"Printed specimen row in Barks etal 2014 unpublishedviaDeCasien; identifier is the paper's own specimen number, table-local rather than a collection accession, so it cannot be joined to another publication on identifier alone. Regional volumes for this animal are absent from the direct Barks table and were recovered from DeCasien & Higham's MOESM3; that is a provenance route, not a second independent sample."
BARKS-GORIBER-12,specimen,historical_biological_specimen,public,PUB_BARKS_2014;PUB_DECASIEN_HIGHAM_2019,,12,,,Barks_etal_2014,Barks_etal_2014_unpublishedviaDeCasien,Gorilla beringei,Gorilla beringei,Gorilla beringei,,FALSE,Barks-only,,"Printed specimen row in Barks etal 2014 unpublishedviaDeCasien; identifier is the paper's own specimen number, table-local rather than a collection accession, so it cannot be joined to another publication on identifier alone. Regional volumes for this animal are absent from the direct Barks table and were recovered from DeCasien & Higham's MOESM3; that is a provenance route, not a second independent sample."
BARKS-GORIBER-5,specimen,historical_biological_specimen,public,PUB_BARKS_2014;PUB_DECASIEN_HIGHAM_2019,,5,,,Barks_etal_2014,Barks_etal_2014_unpublishedviaDeCasien,Gorilla beringei,Gorilla beringei,Gorilla beringei,,FALSE,Barks-only,,"Printed specimen row in Barks etal 2014 unpublishedviaDeCasien; identifier is the paper's own specimen number, table-local rather than a collection accession, so it cannot be joined to another publication on identifier alone. Regional volumes for this animal are absent from the direct Barks table and were recovered from DeCasien & Higham's MOESM3; that is a provenance route, not a second independent sample."
BARKS-GORIBER-45,specimen,historical_biological_specimen,public,PUB_BARKS_2014;PUB_DECASIEN_HIGHAM_2019,,45,,,Barks_etal_2014,Barks_etal_2014_unpublishedviaDeCasien,Gorilla beringei,Gorilla beringei,Gorilla beringei,,FALSE,Barks-only,,"Printed specimen row in Barks etal 2014 unpublishedviaDeCasien; identifier is the paper's own specimen number, table-local rather than a collection accession, so it cannot be joined to another publication on identifier alone. Regional volumes for this animal are absent from the direct Barks table and were recovered from DeCasien & Higham's MOESM3; that is a provenance route, not a second independent sample."
BARKS-GORIBER-46,specimen,historical_biological_specimen,public,PUB_BARKS_2014;PUB_DECASIEN_HIGHAM_2019,,46,,,Barks_etal_2014,Barks_etal_2014_unpublishedviaDeCasien,Gorilla beringei,Gorilla beringei,Gorilla beringei,,FALSE,Barks-only,,"Printed specimen row in Barks etal 2014 unpublishedviaDeCasien; identifier is the paper's own specimen number, table-local rather than a collection accession, so it cannot be joined to another publication on identifier alone. Regional volumes for this animal are absent from the direct Barks table and were recovered from DeCasien & Higham's MOESM3; that is a provenance route, not a second independent sample."
BARKS-GORIBER-2,specimen,historical_biological_specimen,public,PUB_BARKS_2014;PUB_DECASIEN_HIGHAM_2019,,2,,,Barks_etal_2014,Barks_etal_2014_unpublishedviaDeCasien,Gorilla beringei,Gorilla beringei,Gorilla beringei,,FALSE,Barks-only,,"Printed specimen row in Barks etal 2014 unpublishedviaDeCasien; identifier is the paper's own specimen number, table-local rather than a collection accession, so it cannot be joined to another publication on identifier alone. Regional volumes for this animal are absent from the direct Barks table and were recovered from DeCasien & Higham's MOESM3; that is a provenance route, not a second independent sample."
BARKS-GORIBER-6,specimen,historical_biological_specimen,public,PUB_BARKS_2014;PUB_DECASIEN_HIGHAM_2019,,6,,,Barks_etal_2014,Barks_etal_2014_unpublishedviaDeCasien,Gorilla beringei,Gorilla beringei,Gorilla beringei,,FALSE,Barks-only,,"Printed specimen row in Barks etal 2014 unpublishedviaDeCasien; identifier is the paper's own specimen number, table-local rather than a collection accession, so it cannot be joined to another publication on identifier alone. Regional volumes for this animal are absent from the direct Barks table and were recovered from DeCasien & Higham's MOESM3; that is a provenance route, not a second independent sample."
BARKS-GORIBER-30,specimen,historical_biological_specimen,public,PUB_BARKS_2014;PUB_DECASIEN_HIGHAM_2019,,30,,,Barks_etal_2014,Barks_etal_2014_unpublishedviaDeCasien,Gorilla beringei,Gorilla beringei,Gorilla beringei,,FALSE,Barks-only,,"Printed specimen row in Barks etal 2014 unpublishedviaDeCasien; identifier is the paper's own specimen number, table-local rather than a collection accession, so it cannot be joined to another publication on identifier alone. Regional volumes for this animal are absent from the direct Barks table and were recovered from DeCasien & Higham's MOESM3; that is a provenance route, not a second independent sample."
BARKS-GORIBER-35,specimen,historical_biological_specimen,public,PUB_BARKS_2014;PUB_DECASIEN_HIGHAM_2019,,35,,,Barks_etal_2014,Barks_etal_2014_unpublishedviaDeCasien,Gorilla beringei,Gorilla beringei,Gorilla beringei,,FALSE,Barks-only,,"Printed specimen row in Barks etal 2014 unpublishedviaDeCasien; identifier is the paper's own specimen number, table-local rather than a collection accession, so it cannot be joined to another publication on identifier alone. Regional volumes for this animal are absent from the direct Barks table and were recovered from DeCasien & Higham's MOESM3; that is a provenance route, not a second independent sample."
BARKS-GORIBER-32,specimen,historical_biological_specimen,public,PUB_BARKS_2014;PUB_DECASIEN_HIGHAM_2019,,32,,,Barks_etal_2014,Barks_etal_2014_unpublishedviaDeCasien,Gorilla beringei,Gorilla beringei,Gorilla beringei,,FALSE,Barks-only,,"Printed specimen row in Barks etal 2014 unpublishedviaDeCasien; identifier is the paper's own specimen number, table-local rather than a collection accession, so it cannot be joined to another publication on identifier alone. Regional volumes for this animal are absent from the direct Barks table and were recovered from DeCasien & Higham's MOESM3; that is a provenance route, not a second independent sample."
BARKS-GORIBER-33,specimen,historical_biological_specimen,public,PUB_BARKS_2014;PUB_DECASIEN_HIGHAM_2019,,33,,,Barks_etal_2014,Barks_etal_2014_unpublishedviaDeCasien,Gorilla beringei,Gorilla beringei,Gorilla beringei,,FALSE,Barks-only,,"Printed specimen row in Barks etal 2014 unpublishedviaDeCasien; identifier is the paper's own specimen number, table-local rather than a collection accession, so it cannot be joined to another publication on identifier alone. Regional volumes for this animal are absent from the direct Barks table and were recovered from DeCasien & Higham's MOESM3; that is a provenance route, not a second independent sample."
BARKS-GORIBER-34,specimen,historical_biological_specimen,public,PUB_BARKS_2014;PUB_DECASIEN_HIGHAM_2019,,34,,,Barks_etal_2014,Barks_etal_2014_unpublishedviaDeCasien,Gorilla beringei,Gorilla beringei,Gorilla beringei,,FALSE,Barks-only,,"Printed specimen row in Barks etal 2014 unpublishedviaDeCasien; identifier is the paper's own specimen number, table-local rather than a collection accession, so it cannot be joined to another publication on identifier alone. Regional volumes for this animal are absent from the direct Barks table and were recovered from DeCasien & Higham's MOESM3; that is a provenance route, not a second independent sample."
BARKS-GORIBER-4,specimen,historical_biological_specimen,public,PUB_BARKS_2014;PUB_DECASIEN_HIGHAM_2019,,4,,,Barks_etal_2014,Barks_etal_2014_unpublishedviaDeCasien,Gorilla beringei,Gorilla beringei,Gorilla beringei,,FALSE,Barks-only,,"Printed specimen row in Barks etal 2014 unpublishedviaDeCasien; identifier is the paper's own specimen number, table-local rather than a collection accession, so it cannot be joined to another publication on identifier alone. Regional volumes for this animal are absent from the direct Barks table and were recovered from DeCasien & Higham's MOESM3; that is a provenance route, not a second independent sample."
BARKS-GORIBER-7,specimen,historical_biological_specimen,public,PUB_BARKS_2014;PUB_DECASIEN_HIGHAM_2019,,7,,,Barks_etal_2014,Barks_etal_2014_unpublishedviaDeCasien,Gorilla beringei,Gorilla beringei,Gorilla beringei,,FALSE,Barks-only,,"Printed specimen row in Barks etal 2014 unpublishedviaDeCasien; identifier is the paper's own specimen number, table-local rather than a collection accession, so it cannot be joined to another publication on identifier alone. Regional volumes for this animal are absent from the direct Barks table and were recovered from DeCasien & Higham's MOESM3; that is a provenance route, not a second independent sample."
BARKS-GORIGOR-62,specimen,historical_biological_specimen,public,PUB_BARKS_2014;PUB_DECASIEN_HIGHAM_2019,,62,,,Barks_etal_2014,Barks_etal_2014_unpublishedviaDeCasien,Gorilla gorilla gorilla,Gorilla gorilla gorilla,Gorilla gorilla gorilla,,FALSE,Barks-only,,"Printed specimen row in Barks etal 2014 unpublishedviaDeCasien; identifier is the paper's own specimen number, table-local rather than a collection accession, so it cannot be joined to another publication on identifier alone. Regional volumes for this animal are absent from the direct Barks table and were recovered from DeCasien & Higham's MOESM3; that is a provenance route, not a second independent sample."
BARKS-GORIGOR-393,specimen,historical_biological_specimen,public,PUB_BARKS_2014;PUB_DECASIEN_HIGHAM_2019,,393,,,Barks_etal_2014,Barks_etal_2014_unpublishedviaDeCasien,Gorilla gorilla gorilla,Gorilla gorilla gorilla,Gorilla gorilla gorilla,,FALSE,Barks-only,,"Printed specimen row in Barks etal 2014 unpublishedviaDeCasien; identifier is the paper's own specimen number, table-local rather than a collection accession, so it cannot be joined to another publication on identifier alone. Regional volumes for this animal are absent from the direct Barks table and were recovered from DeCasien & Higham's MOESM3; that is a provenance route, not a second independent sample."
BARKS-GORIGOR-232,specimen,historical_biological_specimen,public,PUB_BARKS_2014;PUB_DECASIEN_HIGHAM_2019,,232,,,Barks_etal_2014,Barks_etal_2014_unpublishedviaDeCasien,Gorilla gorilla gorilla,Gorilla gorilla gorilla,Gorilla gorilla gorilla,,FALSE,Barks-only,,"Printed specimen row in Barks etal 2014 unpublishedviaDeCasien; identifier is the paper's own specimen number, table-local rather than a collection accession, so it cannot be joined to another publication on identifier alone. Regional volumes for this animal are absent from the direct Barks table and were recovered from DeCasien & Higham's MOESM3; that is a provenance route, not a second independent sample."
BARKS-GORIGOR-72,specimen,historical_biological_specimen,public,PUB_BARKS_2014;PUB_DECASIEN_HIGHAM_2019,,72,,,Barks_etal_2014,Barks_etal_2014_unpublishedviaDeCasien,Gorilla gorilla gorilla,Gorilla gorilla gorilla,Gorilla gorilla gorilla,,FALSE,Barks-only,,"Printed specimen row in Barks etal 2014 unpublishedviaDeCasien; identifier is the paper's own specimen number, table-local rather than a collection accession, so it cannot be joined to another publication on identifier alone. Regional volumes for this animal are absent from the direct Barks table and were recovered from DeCasien & Higham's MOESM3; that is a provenance route, not a second independent sample."
BARKS-GORIGOR-713,specimen,historical_biological_specimen,public,PUB_BARKS_2014;PUB_DECASIEN_HIGHAM_2019,,713,,,Barks_etal_2014,Barks_etal_2014_unpublishedviaDeCasien,Gorilla gorilla gorilla,Gorilla gorilla gorilla,Gorilla gorilla gorilla,,FALSE,Barks-only,,"Printed specimen row in Barks etal 2014 unpublishedviaDeCasien; identifier is the paper's own specimen number, table-local rather than a collection accession, so it cannot be joined to another publication on identifier alone. Regional volumes for this animal are absent from the direct Barks table and were recovered from DeCasien & Higham's MOESM3; that is a provenance route, not a second independent sample."
BARKS-GORIGOR-444,specimen,historical_biological_specimen,public,PUB_BARKS_2014;PUB_DECASIEN_HIGHAM_2019,,444,,,Barks_etal_2014,Barks_etal_2014_unpublishedviaDeCasien,Gorilla gorilla gorilla,Gorilla gorilla gorilla,Gorilla gorilla gorilla,,FALSE,Barks-only,,"Printed specimen row in Barks etal 2014 unpublishedviaDeCasien; identifier is the paper's own specimen number, table-local rather than a collection accession, so it cannot be joined to another publication on identifier alone. Regional volumes for this animal are absent from the direct Barks table and were recovered from DeCasien & Higham's MOESM3; that is a provenance route, not a second independent sample."
BARKS-GORIGOR-897,specimen,historical_biological_specimen,public,PUB_BARKS_2014;PUB_DECASIEN_HIGHAM_2019,,897,,,Barks_etal_2014,Barks_etal_2014_unpublishedviaDeCasien,Gorilla gorilla gorilla,Gorilla gorilla gorilla,Gorilla gorilla gorilla,,FALSE,Barks-only,,"Printed specimen row in Barks etal 2014 unpublishedviaDeCasien; identifier is the paper's own specimen number, table-local rather than a collection accession, so it cannot be joined to another publication on identifier alone. Regional volumes for this animal are absent from the direct Barks table and were recovered from DeCasien & Higham's MOESM3; that is a provenance route, not a second independent sample."
BARKS-GORIGOR-506,specimen,historical_biological_specimen,public,PUB_BARKS_2014;PUB_DECASIEN_HIGHAM_2019,,506,,,Barks_etal_2014,Barks_etal_2014_unpublishedviaDeCasien,Gorilla gorilla gorilla,Gorilla gorilla gorilla,Gorilla gorilla gorilla,,FALSE,Barks-only,,"Printed specimen row in Barks etal 2014 unpublishedviaDeCasien; identifier is the paper's own specimen number, table-local rather than a collection accession, so it cannot be joined to another publication on identifier alone. Regional volumes for this animal are absent from the direct Barks table and were recovered from DeCasien & Higham's MOESM3; that is a provenance route, not a second independent sample."
BARKS-GORIGOR-1108,specimen,historical_biological_specimen,public,PUB_BARKS_2014;PUB_DECASIEN_HIGHAM_2019,,1108,,,Barks_etal_2014,Barks_etal_2014_unpublishedviaDeCasien,Gorilla gorilla gorilla,Gorilla gorilla gorilla,Gorilla gorilla gorilla,,FALSE,matched,,"Printed specimen row in Barks etal 2014 unpublishedviaDeCasien; identifier is the accession/catalog code printed by the source. Regional volumes for this animal are absent from the direct Barks table and were recovered from DeCasien & Higham's MOESM3; that is a provenance route, not a second independent sample."
BARKS-GORIGOR-783,specimen,historical_biological_specimen,public,PUB_BARKS_2014;PUB_DECASIEN_HIGHAM_2019,,783,,,Barks_etal_2014,Barks_etal_2014_unpublishedviaDeCasien,Gorilla gorilla gorilla,Gorilla gorilla gorilla,Gorilla gorilla gorilla,,FALSE,Barks-only,,"Printed specimen row in Barks etal 2014 unpublishedviaDeCasien; identifier is the paper's own specimen number, table-local rather than a collection accession, so it cannot be joined to another publication on identifier alone. Regional volumes for this animal are absent from the direct Barks table and were recovered from DeCasien & Higham's MOESM3; that is a provenance route, not a second independent sample."
BARKS-GORIGOR-234,specimen,historical_biological_specimen,public,PUB_BARKS_2014;PUB_DECASIEN_HIGHAM_2019,,234,,,Barks_etal_2014,Barks_etal_2014_unpublishedviaDeCasien,Gorilla gorilla gorilla,Gorilla gorilla gorilla,Gorilla gorilla gorilla,,FALSE,Barks-only,,"Printed specimen row in Barks etal 2014 unpublishedviaDeCasien; identifier is the paper's own specimen number, table-local rather than a collection accession, so it cannot be joined to another publication on identifier alone. Regional volumes for this animal are absent from the direct Barks table and were recovered from DeCasien & Higham's MOESM3; that is a provenance route, not a second independent sample."
BARKS-GORIGOR-191,specimen,historical_biological_specimen,public,PUB_BARKS_2014;PUB_DECASIEN_HIGHAM_2019,,191,,,Barks_etal_2014,Barks_etal_2014_unpublishedviaDeCasien,Gorilla gorilla gorilla,Gorilla gorilla gorilla,Gorilla gorilla gorilla,,FALSE,Barks-only,,"Printed specimen row in Barks etal 2014 unpublishedviaDeCasien; identifier is the paper's own specimen number, table-local rather than a collection accession, so it cannot be joined to another publication on identifier alone. Regional volumes for this animal are absent from the direct Barks table and were recovered from DeCasien & Higham's MOESM3; that is a provenance route, not a second independent sample."
BARKS-GORIGOR-820,specimen,historical_biological_specimen,public,PUB_BARKS_2014;PUB_DECASIEN_HIGHAM_2019,,820,,,Barks_etal_2014,Barks_etal_2014_unpublishedviaDeCasien,Gorilla gorilla gorilla,Gorilla gorilla gorilla,Gorilla gorilla gorilla,,FALSE,Barks-only,,"Printed specimen row in Barks etal 2014 unpublishedviaDeCasien; identifier is the paper's own specimen number, table-local rather than a collection accession, so it cannot be joined to another publication on identifier alone. Regional volumes for this animal are absent from the direct Barks table and were recovered from DeCasien & Higham's MOESM3; that is a provenance route, not a second independent sample."
BARKS-GORIGOR-653,specimen,historical_biological_specimen,public,PUB_BARKS_2014;PUB_DECASIEN_HIGHAM_2019,,653,,,Barks_etal_2014,Barks_etal_2014_unpublishedviaDeCasien,Gorilla gorilla gorilla,Gorilla gorilla gorilla,Gorilla gorilla gorilla,,FALSE,Barks-only,,"Printed specimen row in Barks etal 2014 unpublishedviaDeCasien; identifier is the paper's own specimen number, table-local rather than a collection accession, so it cannot be joined to another publication on identifier alone. Regional volumes for this animal are absent from the direct Barks table and were recovered from DeCasien & Higham's MOESM3; that is a provenance route, not a second independent sample."
BARKS-GORIGOR-224,specimen,historical_biological_specimen,public,PUB_BARKS_2014;PUB_DECASIEN_HIGHAM_2019,,224,,,Barks_etal_2014,Barks_etal_2014_unpublishedviaDeCasien,Gorilla gorilla gorilla,Gorilla gorilla gorilla,Gorilla gorilla gorilla,,FALSE,Barks-only,,"Printed specimen row in Barks etal 2014 unpublishedviaDeCasien; identifier is the paper's own specimen number, table-local rather than a collection accession, so it cannot be joined to another publication on identifier alone. Regional volumes for this animal are absent from the direct Barks table and were recovered from DeCasien & Higham's MOESM3; that is a provenance route, not a second independent sample."
BARKS-GORIGOR-15,specimen,historical_biological_specimen,public,PUB_BARKS_2014;PUB_DECASIEN_HIGHAM_2019,,15,,,Barks_etal_2014,Barks_etal_2014_unpublishedviaDeCasien,Gorilla gorilla gorilla,Gorilla gorilla gorilla,Gorilla gorilla gorilla,,FALSE,Barks-only,,"Printed specimen row in Barks etal 2014 unpublishedviaDeCasien; identifier is the paper's own specimen number, table-local rather than a collection accession, so it cannot be joined to another publication on identifier alone. Regional volumes for this animal are absent from the direct Barks table and were recovered from DeCasien & Higham's MOESM3; that is a provenance route, not a second independent sample."
BARKS-GORIBER-9907,specimen,historical_biological_specimen,public,PUB_BARKS_2014;PUB_DECASIEN_HIGHAM_2019,,9907,,,Barks_etal_2014,Barks_etal_2014_unpublishedviaDeCasien,Gorilla gorilla graueri,Gorilla gorilla graueri,Gorilla beringei graueri,,TRUE,matched,,"Printed specimen row in Barks etal 2014 unpublishedviaDeCasien; identifier is the accession/catalog code printed by the source. Regional volumes for this animal are absent from the direct Barks table and were recovered from DeCasien & Higham's MOESM3; that is a provenance route, not a second independent sample. TAXON CONFLICT: Barks' own Table 1 prints Gorilla beringei graueri while the values recovered via DeCasien & Higham's MOESM3 print Gorilla gorilla graueri for this same specimen number. One animal, two printed genera; resolved_taxon follows the measuring paper."
BARKS-GORIBER-49,specimen,historical_biological_specimen,public,PUB_BARKS_2014;PUB_DECASIEN_HIGHAM_2019,,49,,,Barks_etal_2014,Barks_etal_2014_unpublishedviaDeCasien,Gorilla gorilla graueri,Gorilla gorilla graueri,Gorilla beringei graueri,,TRUE,Barks-only,,"Printed specimen row in Barks etal 2014 unpublishedviaDeCasien; identifier is the paper's own specimen number, table-local rather than a collection accession, so it cannot be joined to another publication on identifier alone. Regional volumes for this animal are absent from the direct Barks table and were recovered from DeCasien & Higham's MOESM3; that is a provenance route, not a second independent sample. TAXON CONFLICT: Barks' own Table 1 prints Gorilla beringei graueri while the values recovered via DeCasien & Higham's MOESM3 print Gorilla gorilla graueri for this same specimen number. One animal, two printed genera; resolved_taxon follows the measuring paper."
BARKS-GORIBER-28,specimen,historical_biological_specimen,public,PUB_BARKS_2014;PUB_DECASIEN_HIGHAM_2019,,28,,,Barks_etal_2014,Barks_etal_2014_unpublishedviaDeCasien,Gorilla gorilla graueri,Gorilla gorilla graueri,Gorilla beringei graueri,,TRUE,Barks-only,,"Printed specimen row in Barks etal 2014 unpublishedviaDeCasien; identifier is the paper's own specimen number, table-local rather than a collection accession, so it cannot be joined to another publication on identifier alone. Regional volumes for this animal are absent from the direct Barks table and were recovered from DeCasien & Higham's MOESM3; that is a provenance route, not a second independent sample. TAXON CONFLICT: Barks' own Table 1 prints Gorilla beringei graueri while the values recovered via DeCasien & Higham's MOESM3 print Gorilla gorilla graueri for this same specimen number. One animal, two printed genera; resolved_taxon follows the measuring paper."
