"No"	"Species"	"Species_Genoud2018"	"Subspecies"	"Species_Nexus"	"Order"	"Domestic"	"Authors"	"Cited_value"	"Source_unavailable"	"Secondary_reference"	"Body_mass.g"	"BMR.mlO2_h"	"BMR_pct"	"sample_size"	"b"	"b1"	"c"	"d"	"e"	"f"	"g"	"h"	"i"	"j"	"k"	"l"	"m"	"n"	"o"	"p"	"q"	"Ecrit"	"E"	"Accepted"	"ALL"	"SELECT"	"SPOILED"
"1"	"Antilocapra americana"	"Antilocapra americana"		"Antilocapra americana"	"Artio"	"0"	"Wesley et al. (1973)"	"0"	"0"		37800	10586	204.549588631036	"4?"	"1"	"1"	"1"	"1"	"1"	"0"	"1"	"1"										"2"	"2"	"1"	"1"	"1"	"1"
"2"	"Alcelaphus buselaphus"	"Alcelaphus buselaphus cokii"	"cokii"	"Alcelaphus buselaphus"	"Artio"	"0"	"Finch (1972)"	"0"	"0"		98000	30024	289.682983743592	"2"	"0"	"0"	"1"	"-1"	"0"	"-1"	"-1"	"1"				"1"						"4"	"4"	"0"	"1"		
"3"	"Bos grunniens"	"Bos grunniens"	"grunniens"	"Bos grunniens"	"Artio"	"1"	"Han et al. (2002)"	"0"	"0"		143000	29177	213.726762373518	"12"	"0"	"0"	"1"	"-1"	"1"	"-1"	"-1"	"1"				"1"			"1"	"1"		"4"	"4"	"0"			
"4"	"Bos taurus"	"cow & steer"		"Bos taurus"	"Artio"	"1"	"Benedict (1938)"	"0"	"0"		500000	53819	158.28681252808	"12"	"0"	"1"	"1"	"0"	"1"	"0"	"1"	"1"							"1"			"2"	"3"	"0"			
"5"	"Bos taurus"	"bull"		"Bos taurus"	"Artio"	"1"	"Benedict (1938)"	"0"	"0"		600000	105035	270.470573004367	"4"	"0"	"1"	"1"	"0"	"1"	"0"	"1"	"1"							"1"			"2"	"3"	"0"			
"6"	"Bos taurus"			"Bos taurus"	"Artio"	"1"	"Blaxter (1966)"	"0"	"1"	"Heusner (1991)"	347000	54971	211.004488239256			"1"																		"0"			
"7"	"Bos taurus"	"Hereford steer"		"Bos taurus"	"Artio"	"1"	"Taylor & Lyman (1967)"	"0"	"0"		225000	40725	214.377044937171	"3"	"1"	"1"	"1"	"0"	"-1"	"1"	"1"	"1"					"1"					"3"	"4"	"0"			
"8"	"Bos taurus"	"Bos indicus"	"indicus"	"Bos taurus"	"Artio"	"1"	"Taylor et al. (1969a)"	"0"	"0"		145000	22910	166.129232398368	"2"	"1"	"1"	"1"	"0"	"-1"	"1"	"1"	"1"					"1"		"1"			"3"	"4"	"0"			
"9"	"Bos taurus"	"Bos taurus"		"Bos taurus"	"Artio"	"1"	"McLean et al. (1982)"	"0"	"0"		275000	75220	342.072402715296	"2"	"0"	"1"	"0"	"0"	"-1"	"1"	"1"	"1"							"1"			"4"	"4"	"0"			
"10"	"Bos taurus"	"Bos taurus"		"Bos taurus"	"Artio"	"1"	"Han et al. (2003)"	"0"	"0"		200000	24364	139.751335511137	"4"	"0"	"1"	"1"	"0"	"1"	"1"	"-1"	"1"					"1"	"1"				"3"	"4"	"0"			
"11"	"Capra hircus"	"goat (doe)"		"Capra hircus"	"Artio"	"1"	"Benedict (1938)"	"0"	"0"		36000	6944	139.034772940289	"6"	"0"	"1"	"1"	"0"	"1"	"0"	"1"	"1"					"1"					"2"	"3"	"0"			
"12"	"Capra hircus"	"Capra hircus mambrica (mountain goat)"		"Capra hircus"	"Artio"	"1"	"Shkolnik et al. (1972)"	"0"	"0"		32550	9049	194.988571329387	"2"	"1"	"1"	"1"	"-1"	"-1"	"-1"	"0"	"0"					"1"					"4"	"4"	"0"			
"13"	"Capra hircus"	"Capra hircus (Sinaï goat)"		"Capra hircus"	"Artio"	"1"	"Shkolnik et al. (1972)"	"0"	"0"		16275	3646	130.219523003179	"4"	"1"	"1"	"1"	"-1"	"-1"	"-1"	"0"	"0"					"1"					"4"	"4"	"0"			
"14"	"Capra hircus"	"Capra hircus"		"Capra hircus"	"Artio"	"1"	"Taylor & Rowntree (1973)"	"0"	"0"		32500	6760	145.828352256134	"2"	"0"	"1"	"1"	"0"	"-1"	"-1"	"1"	"0"										"4"	"4"	"0"			
"15"	"Connochaetes taurinus"			"Connochaetes taurinus"	"Artio"	"0"	"Rogerson (1968)"	"0"	"1"	"White & Seymour (2003)"	196500	41242	239.627500846643			"0"																		"0"			
"16"	"Connochaetes taurinus"	"Connochaetes taurinus"		"Connochaetes taurinus"	"Artio"	"0"	"Taylor et al. (1969a)"	"0"	"0"		140000	27440	204.133843120068	"2"	"0"	"0"	"1"	"0"	"-1"	"0"	"0"	"1"					"1"		"1"			"4"	"4"	"0"	"1"		
"17"	"Gazella gazella"	"Gazella gazella"		"Gazella gazella"	"Artio"	"0"	"Dittmann et al. (2015)"	"0"	"0"		16300	6275	223.865520594553	"5"	"0"	"0"	"0"	"0"	"-1"	"1"	"1"	"1"				"1"	"1"	"1"				"4"	"4"	"0"	"1"		
"18"	"Gazella spekei"	"Gazella spekei"		"Gazella spekei"	"Artio"	"0"	"Dittmann et al. (2015)"	"0"	"0"		12400	5926	258.056903363973	"5"	"0"	"0"	"0"	"0"	"-1"	"1"	"1"	"1"					"1"	"1"				"4"	"4"	"0"	"1"		
"19"	"Gazella subgutturosa"	"Gazella subgutturosa"		"Gazella subgutturosa"	"Artio"	"0"	"Ostrowski et al. (2006a)"	"0"	"0"		17100	4595.8	158.330724549301	"6"	"0"	"0"	"0"	"1"	"1"	"0"	"1"	"1"										"2"	"2"	"1"	"1"	"1"	"1"
"20"	"Kobus ellipsiprymnus"	"Kobus defassa ugandae"		"Kobus ellipsiprymnus"	"Artio"	"0"	"Taylor et al. (1969b)"	"0"	"0"		100000	26667	253.531778969706	"3"	"1"	"1"	"1"	"0"	"-1"	"0"	"0"	"1"					"1"					"4"	"4"	"0"	"1"		
"21"	"Madoqua kirkii"	"Madoqua (Rhynchotragus) kirkii"		"Madoqua kirkii"	"Artio"	"0"	"Maskrey & Hoppe (1979)"	"0"	"0"		3970	2064.4	206.221439384769	"7"	"1"	"1"	"1"	"-1"	"-1"	"0"	"1"	"1"					"1"					"4"	"4"	"0"			
"22"	"Madoqua kirkii"	"Rhynchotragus kirkii"		"Madoqua kirkii"	"Artio"	"0"	"Kamau & Maloiy (1982)"	"0"	"0"		4850	2671	230.582531799375	"4"	"0"	"1"	"0"	"0"	"0"	"0"	"1"	"1"							"1"			"3"	"4"	"0"	"1"		
"23"	"Madoqua saltiana"	"Madoqua saltiana phillipsi"	"phillipsi"	"Madoqua saltiana"	"Artio"	"0"	"Dittmann et al. (2014)"	"0"	"0"		2000	851.5	140.214209646703	"7"	"0"	"0"	"0"	"1"	"-1"	"1"	"1"	"0"										"4"	"4"	"0"	"1"		
"24"	"Nanger soemmerringii"	"Nanger soemmerringii"		"Nanger soemmerringii"	"Artio"	"0"	"Dittmann et al. (2015)"	"0"	"0"		35100	9213	187.901577474578	"6"	"0"	"0"	"0"	"0"	"-1"	"1"	"1"	"1"					"1"	"1"				"4"	"4"	"0"	"1"		
"25"	"Oreamnos americanus"	"Oreamnos americanus"		"Oreamnos americanus"	"Artio"	"0"	"Krog & Monson (1954)"	"0"	"0"		32000	8320	181.521150274043	"1"	"0"	"0"	"1"	"0"	"-1"	"0"	"0"	"1"					"1"					"4"	"4"	"0"	"1"		
"26"	"Oryx gazella"	"oryx"		"Oryx gazella"	"Artio"	"0"	"Taylor (1969)"	"0"	"0"		180000	43560	269.806530763757		"1"	"1"	"1"	"0"	"-1"	"0"	"0"	"0"	"1"				"1"	"1"	"1"	"1"		"4"	"4"	"0"	"1"		
"27"	"Oryx leucoryx"	"Oryx leucoryx"		"Oryx leucoryx"	"Artio"	"0"	"Williams et al. (2001a)"	"0"	"0"		84100	18600	200.629553269427	"12"	"0"	"0"	"1"	"-1"	"1"	"1"	"1"	"0"										"3"	"3"	"0"			
"28"	"Oryx leucoryx"	"Oryx leucoryx"		"Oryx leucoryx"	"Artio"	"0"	"Ostrowski et al. (2006b)"	"0"	"0"		93050	17353	173.875571502428	"13"	"0"	"0"	"1"	"-1"	"1"	"1"	"1"	"1"										"3"	"3"	"0"	"1"		
"29"	"Ovibos moschatus"	"Ovibos moschatus"		"Ovibos moschatus"	"Artio"	"0"	"Nilssen et al. (1994)"	"0"	"0"		195500	26988	157.392109081002	"2"	"0"	"0"	"1"	"1"	"1"	"0"	"1"	"1"										"2"	"2"	"1"	"1"	"1"	
"30"	"Ovibos moschatus"	"Ovibos moschatus"		"Ovibos moschatus"	"Artio"	"0"	"Lawler & White (1997)"	"0"	"0"		186500	46803	282.49259159502	"3"	"0"	"0"	"1"	"-1"	"-1"	"-1"	"0"	"1"				"1"				"1"		"4"	"4"	"0"			"1"
"31"	"Ovis aries"	"sheep"		"Ovis aries"	"Artio"	"1"	"Benedict (1938)"	"0"	"0"		45000	10069	171.337592863675	"61"	"0"	"0"	"1"	"1"	"1"	"0"	"1"	"1"							"1"			"2"	"2"	"1"			
"32"	"Ovis aries"	"sheep"		"Ovis aries"	"Artio"	"1"	"Blaxter (1962)"	"0"	"0"		50000	8998	141.793100324925	"30"	"0"	"0"	"1"	"-1"	"1"	"1"	"1"	"0"					"1"					"3"	"3"	"0"			
"33"	"Ovis aries"	"fat-tailed awasi"		"Ovis aries"	"Artio"	"1"	"Degen & Shkolnik (1978)"	"0"	"0"		25600	5837	149.844567119683	"5"	"0"	"0"	"1"	"-1"	"1"	"-1"	"0"	"0"										"4"	"4"	"0"			
"34"	"Ovis aries"	"german mutton merino"		"Ovis aries"	"Artio"	"1"	"Degen & Shkolnik (1978)"	"0"	"0"		27700	6925	167.845719055213	"5"	"0"	"0"	"1"	"-1"	"1"	"-1"	"0"	"0"										"4"	"4"	"0"			
"35"	"Ovis canadensis"	"Ovis canadensis"		"Ovis canadensis"	"Artio"	"0"	"Chappel & Hudson (1978b)"	"0"	"0"		65000	23350	303.900413333876	"4"	"1"	"1"	"1"	"-1"	"0"	"1"	"1"	"1"										"3"	"3"	"0"			
"36"	"Ovis canadensis"	"Ovis canadensis"		"Ovis canadensis"	"Artio"	"0"	"Chappel & Hudson (1978a)"	"0"	"0"		67750	19380	244.725450247762	"4"	"0"	"1"	"1"	"-1"	"1"	"0"	"0"	"0"					"1"			"1"		"4"	"4"	"0"			
"37"	"Ovis canadensis"	"Ovis canadensis"		"Ovis canadensis"	"Artio"	"0"	"Chappel & Hudson (1979)"	"0"	"0"		78500	16245	184.254447155897	"2"	"0"	"1"	"1"	"1"	"-1"	"0"	"0"	"1"										"4"	"4"	"0"	"1"		
"38"	"Philantomba monticola"	"Cephalophus monticola"		"Cephalophus monticola"	"Artio"	"0"	"Haim & Skinner (1991)"	"0"	"0"		4267	1834.8	173.89518929237	"3"	"1"	"1"	"1"	"0"	"0"	"0"	"0"	"0"					"1"			"1"		"3"	"4"	"0"	"1"		
"39"	"Raphicerus campestris"	"Raphicerus campestris"		"Raphicerus campestris"	"Artio"	"0"	"Haim & Skinner (1991)"	"0"	"0"		8377	3225.1	186.92608077954	"5"	"1"	"1"	"1"	"0"	"0"	"0"	"-1"	"0"				"1"	"1"			"1"		"4"	"4"	"0"	"1"		
"40"	"Taurotragus oryx"	"Taurotragus oryx"		"Taurotragus oryx"	"Artio"	"0"	"Taylor & Lyman (1967)"	"0"	"0"		133000	31787	245.482161420587	"3"	"1"	"1"	"1"	"0"	"-1"	"1"	"-1"	"1"				"1"	"1"					"4"	"4"	"0"			
"41"	"Taurotragus oryx"	"Taurotragus"		"Taurotragus oryx"	"Artio"	"0"	"Taylor (1969)"	"0"	"0"		500000	119000	349.990350821114		"1"	"1"	"1"	"0"	"-1"	"0"	"0"	"0"					"1"	"1"	"1"	"1"		"4"	"4"	"0"			
"42"	"Taurotragus oryx"	"Taurotragus oryx"		"Taurotragus oryx"	"Artio"	"0"	"Finch (1972)"	"0"	"0"		383000	86353	308.449284152454	"2"	"0"	"1"	"1"	"-1"	"0"	"-1"	"0"	"1"				"1"			"1"			"4"	"4"	"0"	"1"		
"43"	"Camelus dromedarius"	"Camelus dromedarius"		"Camelus dromedarius"	"Artio"	"0"	"Schmidt-Nielsen et al. (1967)"	"0"	"0"		280800	28980	129.800132432818	"4"	"0"	"0"	"1"	"1"	"-1"	"0"	"1"	"1"							"1"			"3"	"4"	"0"	"1"		
"44"	"Camelus dromedarius"	"Camelus dromedarius"		"Camelus dromedarius"	"Artio"	"1"	"Maloiy et al. (2009)"	"0"	"0"		240000	37824	189.955425560987	"2"	"0"	"0"	"1"	"-1"	"-1"	"0"	"0"	"1"										"4"	"4"	"0"			
"45"	"Lama glama"	"Lama glama"		"Lama glama"	"Artio"	"1"	"El-Nouty et al. (1978)"	"0"	"0"		115000	26689	229.161585801919	"2"	"0"	"0"	"0"	"-1"	"-1"	"1"	"1"	"1"										"4"	"4"	"0"			
"46"	"Alces americanus"	"Alces alces gigas"	"gigas"	"Alces alces"	"Artio"	"0"	"Regelin et al. (1985)"	"0"	"0"					"6"	"0"	"1"		"1"	"1"		"1"	"0"								"1"			"4"	"0"			
"47"	"Alces americanus"	"Alces alces"		"Alces alces"	"Artio"	"0"	"Renecker & Hudson (1986)"	"0"	"0"		350000	56029	213.72016943459	"2"	"1"	"1"	"1"	"-1"	"1"	"0"	"1"	"1"								"1"		"3"	"3"	"0"	"1"		
"48"	"Alces americanus"	"Alces alces"		"Alces alces"	"Artio"	"0"	"Schwarts et al. (1991)"	"0"	"0"					"10"	"0"	"1"	"1"	"1"	"-1"	"0"	"-1"	"1"							"1"	"1"		"4"	"4"	"0"			
"49"	"Capreolus capreolus"	"Capreolus capreolus"		"Capreolus capreolus"	"Artio"	"0"	"Weiner (1977)"	"0"	"0"		21500	8616	251.198068582568	"5"	"1"	"1"	"1"	"0"	"1"	"1"	"1"	"1"										"2"	"2"	"1"	"1"	"1"	
"50"	"Capreolus capreolus"	"Capreolus capreolus"		"Capreolus capreolus"	"Artio"	"0"	"Mauget et al. (1997)"	"0"	"0"		22100	10034	286.728176029366	"12"	"0"	"1"	"1"	"1"	"1"	"1"	"1"	"1"								"1"		"1"	"2"	"1"			"1"
"51"	"Cervus elaphus"	"Cervus elaphus"		"Cervus elaphus"	"Artio"	"0"	"Brockway & Maloiy (1968)"	"0"	"0"		58000	16420	232.21613282522	"2"	"0"	"0"	"1"	"0"	"1"	"0"	"1"	"1"					"1"					"2"	"2"	"1"	"1"	"1"	"1"
"52"	"Odocoileus virginianus"	"Odocoileus virginianus"		"Odocoileus virginianus"	"Artio"	"0"	"Silver et al. (1959)"	"0"	"0"		51190	11481	177.845139467552	"4"	"0"	"1"	"1"	"1"	"1"	"1"	"1"	"1"										"1"	"1"	"1"	"1"	"1"	
"53"	"Odocoileus virginianus"	"Odocoileus virginianus"		"Odocoileus virginianus"	"Artio"	"0"	"Silver et al. (1969)"	"0"	"0"		58473	26459	371.981378827455	"9"	"0"	"1"	"1"	"-1"	"1"	"0"	"1"	"1"										"3"	"3"	"0"			"1"
"54"	"Odocoileus virginianus"	"Odocoileus virginianus"		"Odocoileus virginianus"	"Artio"	"0"	"Mautz et al. (1992)"	"0"	"0"					"4"	"1"	"1"	"1"	"1"	"1"	"1"	"1"	"1"							"1"	"1"		"1"	"4"	"0"			
"55"	"Odocoileus virginianus"	"Odocoileus virginianus"		"Odocoileus virginianus"	"Artio"	"0"	"Worden & Pekins (1995)"	"0"	"0"		71300	17270	210.110769429988	"5"	"0"	"1"	"-1"	"1"	"1"	"1"	"1"	"0"										"3"	"3"	"0"			
"56"	"Rangifer tarandus"	"Rangifer tarandus"		"Rangifer tarandus"	"Artio"	"0"	"McEwan (1970)"	"0"	"0"		94100	23748	236.014370731664	"1"	"0"	"1"	"1"	"0"	"1"	"1"	"1"	"1"					"1"					"2"	"3"	"0"	"1"		
"57"	"Rangifer tarandus"	"Rangifer tarandus platyrhynchus"	"platyrhynchus"	"Rangifer tarandus"	"Artio"	"0"	"Nilssen et al. (1984)"	"0"	"0"		53400	20559	308.803812150574	"3"	"1"	"1"	"1"	"-1"	"-1"	"1"	"1"	"1"										"4"	"4"	"0"			
"58"	"Rangifer tarandus"	"Rangifer tarandus tarandus"	"tarandus"	"Rangifer tarandus"	"Artio"	"1"	"Nilssen et al. (1984)"	"0"	"0"		68600	36289	454.101527949414	"3"	"1"	"1"	"1"	"-1"	"-1"	"1"	"1"	"1"										"4"	"4"	"0"			
"59"	"Sus scrofa"			"Sus scrofa"	"Artio"	"1"	"Capstick & Wood (1922)"	"0"	"1"	"Heusner (1991)"	135000	18663	142.569419629029			"1"																		"0"			
"60"	"Sus scrofa"	"pig"		"Sus scrofa"	"Artio"	"1"	"Smuts (1935)"	"0"	"0"		67640	11634	147.085167260687	"5"	"0"	"1"	"1"	"0"	"1"	"0"	"0"	"0"					"1"					"3"	"3"	"0"			
"61"	"Sus scrofa"	"sow & boar"		"Sus scrofa"	"Artio"	"1"	"Benedict (1938)"	"0"	"0"		180000	35525	220.038498746154	"4"	"0"	"1"	"1"	"1"	"1"	"0"	"1"	"1"										"2"	"2"	"1"			
"62"	"Sus scrofa"	"swine"		"Sus scrofa"	"Artio"	"1"	"Irving et al. (1956)"	"0"	"0"		47500	16625	271.963270663443	"2"	"1"	"1"	"1"	"0"	"-1"	"1"	"-1"	"1"					"1"					"4"	"4"	"0"			
"63"	"Pecari tajacu"	"Tayassu tajacu"		"Pecari tajacu"	"Artio"	"0"	"Zervanos (1975)"	"0"	"0"		20200	5858	178.733706585781	"5"	"1"	"1"	"1"	"0"	"1"	"0"	"1"	"0"					"1"					"2"	"2"	"1"	"1"	"1"	"1"
"64"	"Tragulus javanicus"	"Tragulus javanicus"		"Tragulus javanicus"	"Artio"	"0"	"Whittow et al. (1977c)"	"0"	"0"		1613	869.4	167.460515924978	"5"	"1"	"1"	"1"	"0"	"-1"	"1"	"1"	"0"										"4"	"4"	"0"	"1"		
"65"	"Orcinus orca"	"Orcinus orca"		"Orcinus orca"	"Cetac"	"0"	"Kasting et al. (1989)"	"0"	"0"		3608000	809910	563.959224364918	"1"	"0"	"0"	"1"	"1"	"1"	"0"	"1"	"1"							"1"		"1"	"2"	"4"	"0"			"1"
"66"	"Orcinus orca"	"Orcinus orca"		"Orcinus orca"	"Cetac"	"0"	"Kriete (1995)"	"0"	"0"		4037500	387196	248.38940473399	"2"	"0"	"0"	"1"	"1"	"1"	"0"	"1"	"1"							"1"	"1"		"2"	"2"	"1"	"1"	"1"	
"67"	"Tursiops truncatus"	"Tursiops truncatus"		"Tursiops truncatus"	"Cetac"	"0"	"Irving et al. (1941)"	"0"	"0"		170000	60000	387.446934919058	"4"	"0"	"1"	"1"	"0"	"-1"	"0"	"1"	"0"					"1"					"4"	"4"	"0"			
"68"	"Tursiops truncatus"	"Tursiops truncatus"		"Tursiops truncatus"	"Cetac"	"0"	"Williams et al. (2001b)"	"0"	"0"		148600	58221	414.702058729385	"3"	"1"	"1"	"1"	"1"	"1"	"0"	"1"	"1"										"2"	"2"	"1"			"1"
"69"	"Tursiops truncatus"	"Tursiops truncatus"		"Tursiops truncatus"	"Cetac"	"0"	"Yeates & Houser (2008)"	"0"	"0"		190720	43503	258.326281539624	"5"	"1"	"1"	"1"	"1"	"1"	"0"	"1"	"1"										"2"	"2"	"1"	"1"	"1"	
"70"	"Delphinapterus leucas"	"Delphinapterus leucas"		"Delphinapterus leucas"	"Cetac"	"0"	"Kasting et al. (1989)"	"0"	"0"		625000	114090	285.17358174145	"1"	"0"	"0"	"1"	"1"	"1"	"0"	"1"	"1"							"1"			"2"	"2"	"1"	"1"	"1"	"1"
"71"	"Phocoena phocoena"			"Phocoena phocoena"	"Cetac"	"0"	"Kanwisher & Sundnes (1965)"	"0"	"1"	"McNab (2008a)"	28500	19380	460.076565558442			"0"										"1"								"0"	"1"		
"72"	"Equus asinus"	"Equus asinus"		"Equus asinus"	"Perisso"	"0"	"Yousef & Dill (1969)"	"0"	"0"		177500	29400	183.967018839371	"2"	"0"	"1"	"1"	"-1"	"1"	"0"	"1"	"1"										"3"	"3"	"0"	"1"		
"73"	"Equus asinus"	"Equus asinus"		"Equus asinus"	"Perisso"	"1"	"Maloiy (1971)"	"0"	"0"		146500	35160	253.052994477501	"7"	"1"	"1"	"1"	"-1"	"-1"	"0"	"1"	"0"					"1"			"1"		"4"	"4"	"0"			
"74"	"Equus asinus"	"Equus asinus"		"Equus asinus"	"Perisso"	"0"	"El-Nouty et al. (1978)"	"0"	"0"		106000	38054	346.745298266484	"2"	"0"	"1"	"1"	"-1"	"-1"	"0"	"-1"	"1"										"4"	"4"	"0"			
"75"	"Equus asinus"	"Equus asinus"		"Equus asinus"	"Perisso"	"1"	"Maloiy et al. (2009)"	"0"	"0"		170000	37146	239.868397408389	"3"	"0"	"1"	"1"	"-1"	"-1"	"0"	"0"	"1"										"4"	"4"	"0"			
"76"	"Equus caballus"	"Percheron"		"Equus caballus"	"Perisso"	"1"	"Benedict (1938)"	"0"	"0"		703000	103255	236.885731275423	"4"	"0"	"0"	"1"	"0"	"1"	"0"	"1"	"1"							"1"			"2"	"3"	"0"			
"77"	"Canis latrans"	"Canis latrans"		"Canis latrans"	"Carniv"	"0"	"Golightly & Ohmart (1983)"	"0"	"0"		10000	2688	136.926500002093	"3"	"1"	"1"	"1"	"1"	"1"	"1"	"1"	"1"										"1"	"1"	"1"	"1"	"1"	
"78"	"Canis latrans"	"Canis latrans"		"Canis latrans"	"Carniv"	"0"	"Shield (1972)"	"0"	"0"		10300	4593.8	229.019250721237	"3"	"1"	"1"	"1"	"0"	"-1"	"0"	"1"	"0"										"4"	"4"	"0"			"1"
"79"	"Canis lupus"	"Canis lupus"		"Canis lupus"	"Carniv"	"0"	"Okarma & Koteja (1987)"	"0"	"0"		35500	8305	167.989218708441	"9"	"0"	"1"	"0"	"1"	"1"	"1"	"1"	"1"										"2"	"2"	"1"	"1"	"1"	
"80"	"Canis lupus"	"Canis dingo"	"dingo"	"Canis lupus"	"Carniv"	"0"	"Shield (1972)"	"0"	"0"		18000	7344	243.723415050679	"12"	"1"	"1"	"1"	"0"	"-1"	"0"	"0"	"0"										"4"	"4"	"0"			"1"
"81"	"Canis lupus"	"dog"	"familiaris"	"Canis lupus"	"Carniv"	"1"	"Kunde & Steinhaus (1926)"	"0"	"0"		14730	4404	169.155354913152	"13"	"0"	"1"	"1"	"1"	"1"	"1"	"0"	"1"										"2"	"2"	"1"			
"82"	"Canis lupus"	"dog"	"familiaris"	"Canis lupus"	"Carniv"	"1"	"Benedict (1938)"	"0"	"0"		14000	4210	167.808131118968	"34"	"0"	"1"	"1"	"1"	"1"	"1"	"1"	"1"									"1"	"1"	"2"	"1"			
"83"	"Canis lupus"	"bull terrier"	"familiaris"	"Canis lupus"	"Carniv"	"1"	"deBeer & Hjort (1938)"	"0"	"0"		23164	7409	204.582628947382	"11"	"0"	"1"	"0"	"0"	"-1"	"1"	"1"	"0"						"1"	"1"			"4"	"4"	"0"			
"84"	"Canis lupus"	"Canis familiaris"	"familiaris"	"Canis lupus"	"Carniv"	"1"	"Taylor et al. (1970)"	"0"	"0"		10300	4790	238.800603194463	"4"	"0"	"1"	"1"	"1"	"-1"	"1"	"1"	"0"							"1"			"3"	"4"	"0"			
"85"	"Canis lupus"	"beagle, labrador, terrier, daachshund, poodle"	"familiaris"	"Canis lupus"	"Carniv"	"1"	"Burger & Johnson (1991)"	"0"	"0"		27300	11667	285.795160906211	"22"	"0"	"1"	"0"	"1"	"-1"	"1"	"1"	"0"										"4"	"4"	"0"			
"86"	"Canis lupus"	"Canis familiaris"	"familiaris"	"Canis lupus"	"Carniv"	"1"	"Scantlebury et al. (2001)"	"0"	"0"		6800	2180	147.101038613812	"4"	"0"	"1"	"0"	"1"	"-1"	"1"	"1"	"1"										"3"	"3"	"0"			
"87"	"Canis lupus"	"Canis familiaris"	"familiaris"	"Canis lupus"	"Carniv"	"1"	"Scantlebury et al. (2001)"	"0"	"0"		30000	7055	161.336958805703	"12"	"0"	"1"	"1"	"1"	"-1"	"1"	"1"	"1"										"3"	"3"	"0"			
"88"	"Canis lupus"	"Canis lupus familiaris"	"familiaris"	"Canis lupus"	"Carniv"	"1"	"Gerth et al. (2010)"	"0"	"0"		33700	9301	195.409507198762	"11"	"0"	"1"	"1"	"1"	"1"	"1"	"1"	"1"										"1"	"1"	"1"			
"89"	"Canis lupus"	"Canis lupus pallipes"	"pallipes"	"Canis lupus"	"Carniv"	"0"	"Afik & Pinshow (1993)"	"0"	"0"		17000	4845	167.631163949937	"3"	"1"	"1"	"1"	"1"	"1"	"1"	"1"	"1"								"1"		"1"	"2"	"1"			
"90"	"Canis mesomelas"	"Canis mesomelas"		"Canis mesomelas"	"Carniv"	"0"	"Downs et al. (1991)"	"0"	"0"		7720	3760	231.298638211568	"4"	"1"	"1"	"1"	"1"	"1"	"1"	"1"	"0"										"2"	"2"	"1"	"1"	"1"	"1"
"91"	"Lycalopex culpaeus"	"Pseudalopex culpaeus"		"Pseudalopex culpaeus"	"Carniv"	"0"	"Silva et al. (2004)"	"0"	"0"		5418	2034.5	162.012045594296	"11"	"0"	"0"	"1"	"1"	"1"	"1"	"0"	"1"				"1"						"2"	"2"	"1"	"1"	"1"	"1"
"92"	"Lycaon pictus"	"Lycaon pictus"		"Lycaon pictus"	"Carniv"	"0"	"Taylor et al. (1971)"	"0"	"0"		8750	5469	307.073469243918	"1"	"0"	"0"	"1"	"0"	"-1"	"-1"	"0"	"1"							"1"			"4"	"4"	"0"	"1"		
"93"	"Cerdocyon thous"	"Cerdocyon thous"		"Cerdocyon thous"	"Carniv"	"0"	"Hennemann et al. (1983)"	"0"	"0"		5444	1497.1	118.802271999603	"2"	"1"	"1"	"1"	"1"	"1"	"1"	"1"	"0"										"2"	"2"	"1"	"1"	"1"	"1"
"94"	"Nyctereutes procyonoides"	"Nyctereutes procyonoides"		"Nyctereutes procyonoides"	"Carniv"	"0"	"Korhonen et al. (1983)"	"0"	"0"		7575	3045	189.922140940795	"4"	"1"	"1"	"1"	"1"	"-1"	"1"	"1"	"1"										"3"	"3"	"0"	"1"		
"95"	"Vulpes rueppellii"	"Vulpes rueppelli"		"Vulpes rueppellii"	"Carniv"	"0"	"Williams et al. (2002)"	"0"	"0"		1546	798.9	158.7146245554	"6"	"0"	"0"	"0"	"1"	"1"	"1"	"1"	"1"										"2"	"2"	"1"	"1"	"1"	"1"
"96"	"Vulpes cana"	"Vulpes cana"		"Vulpes cana"	"Carniv"	"0"	"Williams et al. (2004a)"	"0"	"0"		1285	631.2	143.494367065974	"4"	"0"	"0"	"1"	"1"	"1"	"1"	"0"	"0"										"2"	"2"	"1"	"1"	"1"	"1"
"97"	"Vulpes zerda"	"Fennecus zerda"		"Vulpes zerda"	"Carniv"	"0"	"Noll-Banholzer (1979)"	"0"	"0"		1106	396	100.428260684586	"5"	"1"	"1"	"1"	"1"	"1"	"1"	"0"	"0"										"2"	"2"	"1"	"1"	"1"	
"98"	"Vulpes zerda"	"Fennecus zerda"		"Vulpes zerda"	"Carniv"	"0"	"Maloiy et al. (1982)"	"0"	"0"		1215	583.2	138.108259313945	"4"	"1"	"1"	"1"	"0"	"-1"	"1"	"1"	"0"										"4"	"4"	"0"			"1"
"99"	"Vulpes lagopus"	"Alopex lagopus"		"Alopex lagopus"	"Carniv"	"0"	"Scholander et al. (1950)"	"0"	"0"		4700	2747	242.637299562363	"3"	"1"	"1"	"1"	"0"	"1"	"1"	"0"	"0"						"1"			"1"	"2"	"3"	"0"			"1"
"100"	"Vulpes lagopus"	"Alopex lagopus"		"Alopex lagopus"	"Carniv"	"0"	"Casey et al. (1979)"	"0"	"0"		3600	1374	147.401007683235	"3"	"1"	"1"	"1"	"0"	"-1"	"1"	"0"	"0"						"1"				"4"	"4"	"0"			
"101"	"Vulpes lagopus"	"Alopex lagopus"		"Alopex lagopus"	"Carniv"	"0"	"Korhonen et al. (1983)"	"0"	"0"		6550	3152	218.577041804958	"2"	"1"	"1"	"1"	"1"	"-1"	"1"	"1"	"1"										"3"	"3"	"0"			
"102"	"Vulpes lagopus"	"Alopex lagopus"		"Alopex lagopus"	"Carniv"	"0"	"Klir & Heath (1992)"	"0"	"0"		5090	2144.4	178.717375485596	"2"	"1"	"1"	"1"	"1"	"-1"	"1"	"1"	"1"										"3"	"3"	"0"			
"103"	"Vulpes lagopus"	"Alopex lagopus"		"Alopex lagopus"	"Carniv"	"0"	"Fuglei & Oristland (1999)"	"0"	"0"		3410	1753	195.642055321043	"6"	"0"	"1"	"1"	"1"	"1"	"1"	"1"	"1"							"1"			"1"	"2"	"1"			
"104"	"Vulpes lagopus"	"Alopex lagopus"		"Alopex lagopus"	"Carniv"	"0"	"Fuglesteg et al. (2006)"	"0"	"0"		3970	1709.5	170.769013092551	"4"	"1"	"1"	"1"	"1"	"1"	"1"	"1"	"1"										"1"	"1"	"1"	"1"	"1"	
"105"	"Vulpes macrotis"	"Vulpes macrotis"		"Vulpes macrotis"	"Carniv"	"0"	"Golightly & Ohmart (1983)"	"0"	"0"		1769	1078.4	194.197901158588	"11"	"1"	"1"	"1"	"1"	"1"	"1"	"1"	"1"										"1"	"1"	"1"	"1"	"1"	"1"
"106"	"Vulpes vulpes"	"Vulpes vulpes alascensis"	"alascensis"	"Vulpes vulpes"	"Carniv"	"0"	"Irving et al. (1955)"	"0"	"0"		4440	2442	224.833860329835	"1"	"1"	"1"	"1"	"0"	"-1"	"0"	"1"	"1"										"4"	"4"	"0"			"1"
"107"	"Vulpes vulpes"	"Vulpes vulpes"		"Vulpes vulpes"	"Carniv"	"0"	"Klir & Heath (1992)"	"0"	"0"		4230	1964	187.325801078647	"4"	"1"	"1"	"1"	"1"	"-1"	"1"	"1"	"1"										"3"	"3"	"0"			
"108"	"Vulpes vulpes"	"Vulpes vulpes"		"Vulpes vulpes"	"Carniv"	"0"	"Williams et al. (2004a)"	"0"	"0"		3060	1501	181.279216381333	"3"	"0"	"1"	"0"	"1"	"1"	"1"	"0"	"0"										"2"	"2"	"1"	"1"	"1"	
"109"	"Vulpes vulpes"	"Vulpes vulpes arabica"	"arabica"	"Vulpes vulpes"	"Carniv"	"0"	"Williams et al. (2004a)"	"0"	"0"		1967	866.5	144.425350944177	"5"	"0"	"1"	"0"	"1"	"1"	"1"	"0"	"0"										"2"	"2"	"1"			
"110"	"Fossa fossana"	"Fossa fossa"		"Fossa fossana"	"Carniv"	"0"	"McNab (1995)"	"0"	"0"		2260	906.3	136.516507974333	"1"	"1"	"1"	"1"	"1"	"1"	"1"	"1"	"1"										"1"	"1"	"1"	"1"	"1"	"1"
"111"	"Acinonyx jubatus"	"Acinonyx jubatus"		"Acinonyx jubatus"	"Carniv"	"0"	"Taylor & Rowntree (1973)"	"0"	"0"		39000	13260	250.446904603572	"2"	"0"	"0"	"1"	"0"	"-1"	"-1"	"1"	"0"										"4"	"4"	"0"			"1"
"112"	"Acinonyx jubatus"	"Acinonyx jubatus"		"Acinonyx jubatus"	"Carniv"	"0"	"McNab (2000)"	"0"	"0"		37900	8982.3	173.227889707192	"2"	"0"	"0"	"1"	"1"	"1"	"0"	"1"	"1"									"1"	"2"	"2"	"1"	"1"	"1"	
"113"	"Felis catus"	"cat"		"Felis catus"	"Carniv"	"1"	"Martin (1903)"	"0"	"0"		1150	789.9	194.707029474008	"1"	"1"	"1"	"1"	"-1"	"1"	"1"	"-1"	"1"				"1"		"1"	"1"			"4"	"4"	"0"			
"114"	"Felis catus"	"cat"		"Felis catus"	"Carniv"	"1"	"Benedict (1938)"	"0"	"0"		3000	1319	161.614991498044	"30"	"0"	"1"	"1"	"1"	"1"	"1"	"1"	"1"									"1"	"1"	"2"	"1"			
"115"	"Felis margarita"	"Felis margarita"		"Felis margarita"	"Carniv"	"0"	"Ostrowski"	"1"	"0"	"Munoz-Garcia & Williams (2005)"	1925	898.8	152.184808318341	"3"	"0"	"0"																		"0"	"1"		
"116"	"Felis silvestris"	"Felis silvestris lybica"	"lybica"	"Felis silvestris"	"Carniv"	"0"	"Ostrowski"	"1"	"0"	"Munoz-Garcia & Williams (2005)"	2618	983.8	133.126707735261	"1"	"0"	"0"																		"0"	"1"		
"117"	"Puma concolor"	"Felis concolor"		"Puma concolor"	"Carniv"	"0"	"Corts & Lindzey (1984)"	"0"	"0"		51350	13685	211.50423026404	"2"	"0"	"1"	"1"	"1"	"1"	"0"	"1"	"0"										"2"	"2"	"1"			"1"
"118"	"Puma concolor"	"Puma concolor"		"Puma concolor"	"Carniv"	"0"	"McNab (2000)"	"0"	"0"		37200	8841.7	172.849534718183	"4"	"1"	"1"	"1"	"1"	"1"	"0"	"1"	"1"										"2"	"2"	"1"	"1"	"1"	
"119"	"Leopardus pardalis"	"Leopardus pardalis"		"Leopardus pardalis"	"Carniv"	"0"	"McNab (2000)"	"0"	"0"		10500	3126.3	153.688684919042	"1"	"1"	"1"	"1"	"1"	"1"	"0"	"1"	"1"										"2"	"2"	"1"	"1"	"1"	"1"
"120"	"Leopardus wiedii"	"Leopardus wiedii"		"Leopardus wiedii"	"Carniv"	"0"	"McNab (2000)"	"0"	"0"		3550	937.2	101.572011554551	"2"	"1"	"1"	"1"	"1"	"1"	"0"	"1"	"1"										"2"	"2"	"1"	"1"	"1"	"1"
"121"	"Leptailurus serval"	"Felis serval"		"Leptailurus serval"	"Carniv"	"0"	"Downs et al. (1991)"	"0"	"0"		10120	3140	158.566447821942	"4"	"1"	"1"	"1"	"1"	"1"	"1"	"1"	"0"							"1"			"2"	"2"	"1"	"1"	"1"	"1"
"122"	"Lynx rufus"	"Lynx rufus"		"Lynx rufus"	"Carniv"	"0"	"McNab (2000)"	"0"	"0"		9400	4220.6	224.916974124146	"3"	"0"	"0"	"1"	"1"	"1"	"0"	"1"	"1"										"2"	"2"	"1"	"1"	"1"	"1"
"123"	"Panthera leo"	"Panthera leo"		"Panthera leo"	"Carniv"	"0"	"McNab (2000)"	"0"	"0"		98000	16954	163.578647295126	"1"	"1"	"1"	"1"	"1"	"1"	"1"	"1"	"1"										"1"	"1"	"1"	"1"	"1"	"1"
"124"	"Panthera onca"	"Panthera onca"		"Panthera onca"	"Carniv"	"0"	"McNab (2000)"	"0"	"0"		69000	12834	159.918714719156	"1"	"1"	"1"	"1"	"1"	"1"	"0"	"1"	"1"										"2"	"2"	"1"	"1"	"1"	"1"
"125"	"Panthera tigris"	"Panthera tigris"		"Panthera tigris"	"Carniv"	"0"	"McNab (2000)"	"0"	"0"		137900	23994.6	180.480135046455	"1"	"1"	"1"	"1"	"1"	"1"	"1"	"1"	"1"										"1"	"1"	"1"	"1"	"1"	"1"
"126"	"Puma yagouaroundi"	"Herpailurus yaguaroundi"		"Herpailurus yaguarondi"	"Carniv"	"0"	"McNab (2000)"	"0"	"0"		8350	1737	100.91334932011	"1"	"1"	"1"	"1"	"1"	"1"	"1"	"1"	"1"										"1"	"1"	"1"	"1"	"1"	"1"
"127"	"Galerella sanguinea"	"Herpestes sanguineus"		"Galerella sanguinea"	"Carniv"	"0"	"Kamau et al. (1979)"	"0"	"0"		500	380	171.906661535444	"7"	"1"	"1"	"1"	"0"	"1"	"0"	"1"	"0"							"1"			"2"	"2"	"1"	"1"	"1"	"1"
"128"	"Herpestes javanicus"	"Herpestes auropunctatus"	"auropunctatus ?"	"Herpestes javanicus"	"Carniv"	"0"	"Ebisu & Whittow (1976)"	"0"	"0"		611	403.3	157.638546782087	"8"	"1"	"1"	"1"	"-1"	"-1"	"0"	"0"	"0"										"4"	"4"	"0"	"1"		
"129"	"Suricata suricatta"	"Suricata suricatta"		"Suricata suricatta"	"Carniv"	"0"	"Müller & Lojewski (1986)"	"0"	"0"		850	310.3	95.344055655226	"5"	"1"	"1"	"1"	"1"	"0"	"1"	"1"	"1"										"2"	"2"	"1"	"1"	"1"	"1"
"130"	"Hyaena hyaena"	"Hyaena hyaena"		"Hyaena hyaena"	"Carniv"	"0"	"McNab (2000)"	"0"	"0"		34300	5728.1	118.806286248032	"1"	"1"	"1"	"1"	"1"	"1"	"0"	"1"	"1"										"2"	"2"	"1"	"1"	"1"	"1"
"131"	"Proteles cristata"	"Proteles cristatus"		"Proteles cristatus"	"Carniv"	"0"	"McNab (1984)"	"0"	"0"		7710	1958	120.561401723929	"1"	"1"	"1"	"0"	"1"	"1"	"1"	"1"	"1"										"2"	"2"	"1"			"1"
"132"	"Proteles cristata"	"Proteles cristatus"		"Proteles cristatus"	"Carniv"	"0"	"Anderson et al. (1997)"	"0"	"0"		8100	2194	130.319464679751	"5"	"1"	"1"	"1"	"1"	"1"	"1"	"1"	"1"										"1"	"1"	"1"	"1"	"1"	
"133"	"Mephitis mephitis"	"Mephitis mephitis"		"Mephitis mephitis"	"Carniv"	"0"	"Knudsen (1979)"	"0"	"0"		5667	1507.5	116.177244503818	"2"	"1"	"1"	"1"	"1"	"1"	"1"	"1"	"1"										"1"	"1"	"1"	"1"	"1"	"1"
"134"	"Spilogale putorius"	"Spilogale putorius"		"Spilogale putorius"	"Carniv"	"0"	"Knudsen (1979), Knudsen & Kilgore (1990)"	"0"	"0"		624	265.8	102.311311919511	"6"	"1"	"1"	"1"	"1"	"1"	"1"	"1"	"0"										"2"	"2"	"1"	"1"	"1"	"1"
"135"	"Eira barbara"	"Eira barbara"		"Eira barbara"	"Carniv"	"0"	"McNab (1995)"	"0"	"0"		2950	1221.3	151.488738926351	"1"	"0"	"0"	"1"	"1"	"1"	"1"	"1"	"1"									"1"	"1"	"2"	"1"	"1"	"1"	"1"
"136"	"Enhydra lutris"	"Enhydra lutris"		"Enhydra lutris"	"Carniv"	"0"	"Iversen & Krog (1973)"	"0"	"0"		40000	25600	474.675126152551	"1"	"0"	"1"	"0"	"0"	"-1"	"0"	"1"	"0"							"1"			"4"	"4"	"0"			
"137"	"Enhydra lutris"	"Enhydra lutris"		"Enhydra lutris"	"Carniv"	"0"	"Morrison et al. (1974)"	"0"	"0"		18000	12960	430.100144207081		"1"	"1"	"1"	"1"	"1"	"0"	"0"	"0"										"2"	"2"	"1"	"1"	"1"	
"138"	"Enhydra lutris"	"Enhydra lutris"		"Enhydra lutris"	"Carniv"	"0"	"Yeates et al. (2007)"	"0"	"0"		27300	21785	533.645974144322	"2"	"0"	"1"	"0"	"0"	"1"	"0"	"1"	"1"					"1"					"2"	"3"	"0"			"1"
"139"	"Gulo gulo"	"Gulo gulo"		"Gulo gulo"	"Carniv"	"0"	"Iversen (1972)"	"0"	"0"		12700	5842	250.003957163016	"3"	"0"	"0"	"0"	"1"	"1"	"0"	"0"	"0"							"1"			"3"	"4"	"0"	"1"		
"140"	"Lutra lutra"	"Lutra lutra"		"Lutra lutra"	"Carniv"	"0"	"Iversen (1972)"	"0"	"0"		10000	4500	229.229631699933	"3"	"0"	"0"	"0"	"1"	"1"	"0"	"0"	"0"							"1"			"3"	"4"	"0"			
"141"	"Lutra lutra"	"Lutra lutra"		"Lutra lutra"	"Carniv"	"0"	"Kruuk et al. (1994)"	"0"	"0"		7967	4362	262.240631700928	"3"	"0"	"0"	"-1"	"1"	"1"	"1"	"0"	"0"										"4"	"4"	"0"	"1"		
"142"	"Martes americana"	"Martes americana"		"Martes americana"	"Carniv"	"0"	"Worthen & Kilgore (1981)"	"0"	"0"		1038	685.1	181.971904195459	"5"	"1"	"1"	"1"	"1"	"-1"	"1"	"1"	"0"										"3"	"3"	"0"	"1"		
"143"	"Martes martes"	"Martes martes"		"Martes martes"	"Carniv"	"0"	"Iversen (1972)"	"0"	"0"		920	736	213.468958428924	"1"	"0"	"0"	"0"	"1"	"1"	"0"	"0"	"0"							"1"			"3"	"4"	"0"	"1"		
"144"	"Meles meles"	"Meles meles"		"Meles meles"	"Carniv"	"0"	"Iversen (1972)"	"0"	"0"		11050	2984	141.333775629799	"1"	"0"	"0"	"0"	"1"	"1"	"0"	"0"	"0"							"1"			"3"	"4"	"0"	"1"		
"145"	"Mustela erminea"	"Mustela erminea"		"Mustela erminea"	"Carniv"	"0"	"Iversen (1972)"	"0"	"0"		210	310.8	264.631407760363	"3"	"0"	"1"	"0"	"1"	"1"	"0"	"0"	"0"							"1"			"3"	"4"	"0"			"1"
"146"	"Mustela erminea"	"Mustela erminea"		"Mustela erminea"	"Carniv"	"0"	"Casey & Casey (1979)"	"0"	"0"		161.5	337	347.480447212089	"3"	"1"	"1"	"1"	"1"	"1"	"1"	"1"	"0"										"2"	"2"	"1"	"1"	"1"	
"147"	"Mustela erminea"	"Mustela erminea"		"Mustela erminea"	"Carniv"	"0"	"Korhonen et al. (1983)"	"0"	"0"		255	357.7	264.368307986474	"1"	"1"	"1"	"1"	"1"	"0"	"1"	"1"	"1"						"1"			"1"	"2"	"3"	"0"			
"148"	"Mustela eversmanii"	"Mustela eversmannii"		"Mustela eversmannii"	"Carniv"	"0"	"Harrington et al. (2003)"	"0"	"0"		612	434.5	169.631396281388	"4"	"0"	"0"	"0"	"1"	"1"	"1"	"1"	"0"										"2"	"2"	"1"	"1"	"1"	"1"
"149"	"Mustela frenata"	"Mustela frenata"		"Mustela frenata"	"Carniv"	"0"	"Brown & Lasiewski (1972)"	"0"	"0"		225	236	191.086141094946	"4"	"1"	"1"	"0"	"1"	"1"	"1"	"1"	"1"										"2"	"2"	"1"	"1"	"1"	"1"
"150"	"Mustela nigripes"	"Mustela nigripes"		"Mustela nigripes"	"Carniv"	"0"	"Harrington et al. (2003)"	"0"	"0"		920	460	133.418099018078	"4"	"0"	"0"	"0"	"1"	"1"	"1"	"1"	"0"										"2"	"2"	"1"	"1"	"1"	"1"
"151"	"Mustela nivalis"	"Mustela rixosa"	"rixosa"	"Mustela nivalis"	"Carniv"	"0"	"Scholander et al. (1950)"	"0"	"0"		54	260.4	596.738656024653	"2"	"1"	"1"	"1"	"0"	"1"	"1"	"0"	"0"						"1"			"1"	"2"	"4"	"0"			"1"
"152"	"Mustela nivalis"	"Mustela nivalis"		"Mustela nivalis"	"Carniv"	"0"	"Iversen (1972)"	"0"	"0"		80	207	356.185296647992	"3"	"0"	"1"	"0"	"1"	"1"	"0"	"0"	"0"							"1"			"3"	"4"	"0"			
"153"	"Mustela nivalis"	"Mustela rixosa"	"rixosa"	"Mustela nivalis"	"Carniv"	"0"	"Casey et al. (1979)"	"0"	"0"		75	165	297.592872930991	"4"	"1"	"1"	"1"	"0"	"0"	"1"	"0"	"0"						"1"				"3"	"4"	"0"			
"154"	"Mustela nivalis"	"Mustela rixosa"	"rixosa"	"Mustela nivalis"	"Carniv"	"0"	"Casey & Casey (1979)"	"0"	"0"		60.2	162.4	343.809937681365	"5"	"1"	"1"	"0"	"1"	"1"	"1"	"1"	"0"										"2"	"2"	"1"			
"155"	"Mustela nivalis"	"Mustela nivalis"		"Mustela nivalis"	"Carniv"	"0"	"Zub et al.  (2012)"	"0"	"0"		89.5	171.6	272.079946558105	"61"	"0"	"1"	"0"	"1"	"1"	"1"	"0"											"2"	"2"	"1"	"1"	"1"	
"156"	"Mustela nivalis"	"Mustela nivalis"		"Mustela nivalis"	"Carniv"	"0"	"Chappell et al. (2013)"	"0"	"0"		86	158.4	258.561613454022	"21"	"0"	"1"	"0"	"1"	"-1"	"1"	"0"	"0"										"4"	"4"	"0"			
"157"	"Mustela nivalis"	"Mustela nivalis"		"Mustela nivalis"	"Carniv"	"0"	"Szafranska et al. (2013)"	"0"	"0"		94.3	213	325.10138694699	"62"	"0"	"1"	"1"	"1"	"1"	"1"	"0"	"1"							"1"	"1"		"2"	"4"	"0"			
"158"	"Mustela putorius"	"Mustela putorius"		"Mustela putorius"	"Carniv"	"0"	"Korhonen et al. (1983)"	"0"	"0"		1575	1268	248.519212935502	"4"	"1"	"1"	"1"	"1"	"-1"	"1"	"1"	"1"									"1"	"3"	"3"	"0"	"1"		
"159"	"Neovison vison"	"Mustela vison"		"Mustela vison"	"Carniv"	"0"	"Farrell & Wood (1968)"	"0"	"0"		704	515.3	181.651051771574	"3"	"1"	"1"	"1"	"1"	"1"	"1"	"1"	"0"										"2"	"2"	"1"	"1"	"1"	
"160"	"Neovison vison"	"Mustela vison"		"Mustela vison"	"Carniv"	"0"	"Iversen (1972)"	"0"	"0"		700	556	196.814260731407	"5"	"0"	"1"	"0"	"1"	"1"	"0"	"0"	"0"							"1"	"1"		"3"	"4"	"0"			
"161"	"Neovison vison"	"Mustela vison"		"Mustela vison"	"Carniv"	"0"	"Korhonen et al. (1983)"	"0"	"0"		1450	1395	290.399040329062	"1"	"1"	"1"	"1"	"1"	"-1"	"1"	"1"	"1"									"1"	"3"	"3"	"0"			"1"
"162"	"Taxidea taxus"	"Taxidea taxus"		"Taxidea taxus"	"Carniv"	"0"	"Harlow (1981)"	"0"	"0"		9000	2700	148.518042887987	"6"	"1"	"1"	"1"	"1"	"1"	"1"	"1"	"0"										"2"	"2"	"1"	"1"	"1"	"1"
"163"	"Nandinia binotata"	"Nandinia binotata"		"Nandinia binotata"	"Carniv"	"0"	"McNab (1995)"	"0"	"0"		4270	862.5	81.7025150635873	"1"	"1"	"1"	"1"	"1"	"1"	"1"	"1"	"1"										"1"	"1"	"1"	"1"	"1"	"1"
"164"	"Callorhinus ursinus"	"Callorhinus ursinus"		"Callorhinus ursinus"	"Carniv"	"0"	"Iversen & Krog (1973)"	"0"	"0"		32000	21701	473.460394482812	"1"	"0"	"0"	"1"	"0"	"1"	"0"	"-1"	"1"				"1"			"1"			"4"	"4"	"0"	"1"		
"165"	"Callorhinus ursinus"	"Callorhinus ursinus"		"Callorhinus ursinus"	"Carniv"	"0"	"Liwanag (2010)"	"0"	"0"		12400	6986	304.216254961308	"3"	"0"	"0"	"1"	"0"	"1"	"1"	"-1"	"1"				"1"	"1"					"3"	"4"	"0"			
"166"	"Eumetopias jubatus"	"Eumetopias jubatus"		"Eumetopias jubatus"	"Carniv"	"0"	"Rosen & Trites (2002)"	"0"	"0"		121800	42813	352.530770784946	"3"	"0"	"0"	"1"	"0"	"1"	"1"	"-1"	"1"				"1"	"1"					"3"	"4"	"0"			
"167"	"Eumetopias jubatus"	"Eumetopias jubatus"		"Eumetopias jubatus"	"Carniv"	"0"	"Fahlman (2008)"	"0"	"0"		171867	46460	297.633710462871	"3"	"0"	"0"	"1"	"0"	"1"	"1"	"1"	"1"					"1"					"2"	"3"	"0"	"1"		
"168"	"Eumetopias jubatus"	"Eumetopias jubatus"		"Eumetopias jubatus"	"Carniv"	"0"	"Jeanniard du Dot et al. (2009)"	"0"	"0"		132650	118463	916.615888822109	"8"	"0"	"0"	"1"	"-1"	"1"	"0"	"1"	"0"									"1"	"4"	"4"	"0"			
"169"	"Eumetopias jubatus"	"Eumetopias jubatus"		"Eumetopias jubatus"	"Carniv"	"0"	"Gerlinsky et al. (2013)"	"0"	"0"		172000	77400	495.563105392007	"8"	"0"	"0"	"1"	"0"	"1"	"0"	"1"	"1"					"1"				"1"	"2"	"4"	"0"			
"170"	"Zalophus californianus"	"Zalophus californianus"		"Zalophus californianus"	"Carniv"	"0"	"Feldkamp (1987)"	"0"	"0"		22500	8843	249.411694039705	"2"	"0"	"1"	"1"	"0"	"1"	"1"	"-1"	"1"				"1"	"1"					"3"	"4"	"0"			
"171"	"Zalophus californianus"			"Zalophus californianus"	"Carniv"	"0"	"Liao (1990)"	"0"	"1"	"Williams et al. (2001)"	73000	31894	381.421234739161	"1"		"1"											"1"							"0"			
"172"	"Zalophus californianus"	"Zalophus californianus"		"Zalophus californianus"	"Carniv"	"0"	"Liwanag et al. (2009)"	"0"	"0"		94660	36348	359.677593346886	"5"	"1"	"1"	"1"	"0"	"1"	"1"	"1"	"1"					"1"					"2"	"3"	"0"	"1"		
"173"	"Halichoerus grypus"	"Halichoerus grypus"		"Halichoerus grypus"	"Carniv"	"0"	"Folkow & Blix (1987)"	"0"	"0"		90667	19536	199.486444169183	"3"	"1"	"1"	"1"	"0"	"1"	"1"	"-1"	"1"				"1"	"1"		"1"	"1"		"3"	"4"	"0"			
"174"	"Halichoerus grypus"	"Halichoerus grypus"		"Halichoerus grypus"	"Carniv"	"0"	"Boily & Lavigne (1995)"	"0"	"0"		190700	33806	200.759624521001	"3"	"0"	"1"	"1"	"1"	"1"	"1"	"1"	"1"							"1"			"1"	"2"	"1"	"1"	"1"	
"175"	"Halichoerus grypus"	"Halichoerus grypus"		"Halichoerus grypus"	"Carniv"	"0"	"Boily (1996)"	"0"	"0"		180000	39843	246.783783407262	"2"	"0"	"1"	"1"	"1"	"1"	"1"	"1"	"1"							"1"			"1"	"2"	"1"			
"176"	"Halichoerus grypus"	"Halichoerus grypus"		"Halichoerus grypus"	"Carniv"	"0"	"Sparling & Feadk (2004)"	"0"	"0"		128100	43999	349.218894602541	"4"	"0"	"1"	"1"	"-1"	"1"	"1"	"1"	"0"					"1"		"1"	"1"		"3"	"4"	"0"			"1"
"177"	"Halichoerus grypus"	"Halichoerus grypus"		"Halichoerus grypus"	"Carniv"	"0"	"Sparling et al. (2006)"	"0"	"0"		118000	36800	310.101650819311	"4"	"0"	"1"	"1"	"-1"	"1"	"1"	"1"	"-1"					"1"					"4"	"4"	"0"			
"178"	"Leptonychotes weddellii"	"Leptonychotes weddellii"		"Leptonychotes weddellii"	"Carniv"	"0"	"Castellini et al.  (1992)"	"0"	"0"		355000	87330	329.689589385564	"5"	"0"	"0"	"1"	"0"	"-1"	"1"	"1"	"0"					"1"					"4"	"4"	"0"			"1"
"179"	"Leptonychotes weddellii"	"Leptonychotes weddellii"		"Leptonychotes weddellii"	"Carniv"	"0"	"Williams et al. (2001b)"	"0"	"0"		388500	74592	263.684401120023	"7"	"0"	"0"	"1"	"0"	"1"	"1"	"1"	"1"					"1"					"2"	"2"	"1"	"1"	"1"	
"180"	"Leptonychotes weddellii"	"Leptonychotes weddellii"		"Leptonychotes weddellii"	"Carniv"	"0"	"Williams et al. (2004b)"	"0"	"0"		387400	89102	315.629316543602	"5"	"0"	"0"	"1"	"0"	"1"	"1"	"1"	"1"					"1"					"2"	"2"	"1"			
"181"	"Histriophoca fasciata"	"Histriophoca fasciata"		"Phoca fasciata"	"Carniv"	"0"	"Iversen & Krog (1973)"	"0"	"0"		54000	17795	265.119202254508	"2"	"0"	"0"	"1"	"0"	"1"	"0"	"-1"	"1"				"1"			"1"			"4"	"4"	"0"	"1"		
"182"	"Pagophilus groenlandicus"	"Phoca groenlandica"		"Phoca groenlandica"	"Carniv"	"0"	"Gallivan & Ronald (1981)"	"0"	"0"		150000	28800	203.741830050398	"1"	"0"	"1"	"1"	"1"	"1"	"0"	"1"	"0"					"1"		"1"			"2"	"3"	"0"			"1"
"183"	"Pagophilus groenlandicus"	"Phoca groenlandica"		"Phoca groenlandica"	"Carniv"	"0"	"Aarseth et al. (1999)"	"0"	"0"		122850	26930	220.36372449693	"2"	"0"	"1"	"1"	"1"	"1"	"0"	"1"	"0"										"2"	"2"	"1"			
"184"	"Pagophilus groenlandicus"	"Pagophilus groenlandicus"		"Phoca groenlandica"	"Carniv"	"0"	"Ochoa-Acuna et al. (2009)"	"0"	"0"		149500	34236	242.788342995267	"7"	"1"	"1"	"1"	"1"	"1"	"0"	"1"	"1"										"2"	"2"	"1"	"1"	"1"	
"185"	"Phoca vitulina"	"Phoca vitulina concolor"	"concolor"	"Phoca vitulina"	"Carniv"	"0"	"Hart & Irving (1959)"	"0"	"0"		27400	13010	317.84499645641	"6"	"1"	"1"	"1"	"0"	"-1"	"1"	"0"	"0"						"1"				"4"	"4"	"0"			
"186"	"Phoca vitulina"	"Phoca vitulina"		"Phoca vitulina"	"Carniv"	"0"	"Davis et al. (1985)"	"0"	"0"		63000	17388	231.520053333668	"1"	"0"	"1"	"1"	"1"	"1"	"1"	"1"	"0"					"1"					"2"	"2"	"1"			"1"
"187"	"Phoca vitulina"	"Phoca vitulina"		"Phoca vitulina"	"Carniv"	"0"	"Ochoa-Acuna et al. (2009)"	"0"	"0"		86800	30120	317.491666706977	"3"	"1"	"1"	"1"	"1"	"1"	"1"	"1"	"1"										"1"	"1"	"1"	"1"	"1"	
"188"	"Pusa hispida"	"Pusa hispida"		"Phoca hispida"	"Carniv"	"0"	"Taugbol (1982)"	"0"	"0"		50000	17600	277.345917505966	"4"	"0"	"1"	"1"	"1"	"-1"	"1"	"1"	"1"										"3"	"3"	"0"			"1"
"189"	"Pusa hispida"	"Pusa hispida"		"Phoca hispida"	"Carniv"	"0"	"Ochoa-Acuna et al. (2009)"	"0"	"0"		46600	13800	228.920136389767	"1"	"1"	"1"	"1"	"1"	"1"	"1"	"1"	"1"				"1"						"1"	"2"	"1"	"1"	"1"	
"190"	"Ailurus fulgens"	"Ailurus fulgens"		"Ailurus fulgens"	"Carniv"	"0"	"McNab (1988b)"	"0"	"0"		5740	878.2	67.0509454616375	"2"	"1"	"1"	"1"	"1"	"1"	"1"	"1"	"1"										"1"	"1"	"1"	"1"	"1"	"1"
"191"	"Bassariscus astutus"	"Bassariscus astutus"		"Bassariscus astutus"	"Carniv"	"0"	"Chevalier (1985)"	"0"	"0"		865	371	112.550495193665		"0"	"1"	"1"	"1"	"1"	"0"	"0"	"0"						"1"				"2"	"2"	"1"	"1"	"1"	
"192"	"Bassariscus astutus"			"Bassariscus astutus"	"Carniv"	"0"	"Chevalier (1991)"	"0"	"1"	"Sieg et al. (2009)"	860.7	384.5	117.070540280736		"1"	"1"																		"0"			"1"
"193"	"Bassariscus sumichrasti"	"Bassariscus sumichrasti"		"Bassariscus sumichrasti"	"Carniv"	"0"	"Chevalier (1987)"	"0"	"0"		1282	634.6	144.513340556405	"7"	"0"	"1"	"1"	"1"	"1"	"0"	"0"	"0"						"1"				"2"	"2"	"1"	"1"	"1"	
"194"	"Bassariscus sumichrasti"			"Bassariscus sumichrasti"	"Carniv"	"0"	"Chevalier (1991)"	"0"	"1"	"Sieg et al. (2009)"	1287.3	631.8	143.443645074868		"1"	"1"																		"0"			"1"
"195"	"Nasua narica"	"Nasua narica"		"Nasua narica"	"Carniv"	"0"	"Scholander et al. (1950)"	"0"	"0"		4150	4322.9	418.096343717901	"2"	"1"	"1"	"0"	"0"	"1"	"0"	"0"	"0"						"1"			"1"	"3"	"4"	"0"			"1"
"196"	"Nasua narica"	"Nasua nasua"		"Nasua narica"	"Carniv"	"0"	"Chevalier (1987)"	"0"	"0"		3665	1205.8	127.680211000179	"4"	"0"	"1"	"1"	"1"	"1"	"0"	"0"	"0"						"1"				"2"	"2"	"1"	"1"	"1"	
"197"	"Nasua narica"			"Nasua narica"	"Carniv"	"0"	"Chevalier (1991)"	"0"	"1"	"Sieg et al. (2009)"	3630	1186.6	126.529169422684		"1"	"1"																		"0"			
"198"	"Nasua nasua"	"Nasua nasua"		"Nasua nasua"	"Carniv"	"0"	"Chevillard-Hugot et al. (1980)"	"0"	"0"		3850	1010.6	103.23730645955	"2"	"1"	"1"	"1"	"1"	"1"	"1"	"1"	"1"										"1"	"1"	"1"	"1"	"1"	"1"
"199"	"Potos flavus"	"Potos flavus"		"Potos flavus"	"Carniv"	"0"	"Müller & Kulzer (1977)"	"0"	"0"		2400	758	109.283212547653	"2"	"1"	"1"	"1"	"1"	"1"	"1"	"1"	"0"										"2"	"2"	"1"	"1"	"1"	
"200"	"Potos flavus"	"Potos flavus"		"Potos flavus"	"Carniv"	"0"	"Müller & Rost (1983)"	"0"	"0"		2600	884	120.225041925581	"2"	"1"	"1"	"1"	"1"	"1"	"1"	"1"	"0"										"2"	"2"	"1"			
"201"	"Potos flavus"	"Potos flavus"		"Potos flavus"	"Carniv"	"0"	"McNab (1995)"	"0"	"0"		2030	737	120.049711047553	"1"	"1"	"1"	"1"	"1"	"1"	"1"	"1"	"1"										"1"	"1"	"1"			"1"
"202"	"Procyon cancrivorus"	"Procyon cancrivorus"		"Procyon cancrivorus"	"Carniv"	"0"	"Scholander et al. (1950)"	"0"	"0"		1160	460.1	112.69913999651	"1"	"1"	"1"	"1"	"0"	"1"	"1"	"-1"	"1"	"1"			"1"		"1"				"3"	"4"	"0"	"1"		
"203"	"Procyon lotor"	"Procyon lotor"		"Procyon lotor"	"Carniv"	"0"	"Chevalier (1987)"	"0"	"0"		3674	1252.8	132.419988485392	"4"	"0"	"1"	"1"	"1"	"1"	"0"	"0"	"0"				"1"		"1"				"2"	"3"	"0"			
"204"	"Procyon lotor"	"Procyon lotor"		"Procyon lotor"	"Carniv"	"0"	"Mugaas et al. (1993)"	"0"	"0"		4700	2068	182.662517471775	"12"	"1"	"1"	"1"	"1"	"1"	"1"	"1"	"1"									"1"	"1"	"2"	"1"			"1"
"205"	"Procyon lotor"	"Procyon lotor"		"Procyon lotor"	"Carniv"	"0"	"McNab (1995)"	"0"	"0"		6480	1873	130.905484059076	"3"	"0"	"1"	"1"	"1"	"1"	"1"	"1"	"1"									"1"	"1"	"2"	"1"	"1"	"1"	
"206"	"Melursus ursinus"	"Ursus ursinus inornatus"	"inornatus"	"Melursus ursinus"	"Carniv"	"0"	"McNab (1992b)"	"0"	"0"		66957	8437	107.458560247439	"2"	"1"	"1"	"1"	"1"	"1"	"1"	"1"	"1"										"1"	"1"	"1"	"1"	"1"	"1"
"207"	"Ursus americanus"	"Ursus americanus"		"Ursus americanus"	"Carniv"	"0"	"Watts & Cuyler (1988)"	"0"	"0"		129500	15341	120.800088265005	"2"	"0"	"0"	"0"	"1"	"1"	"1"	"1"	"1"							"1"			"2"	"3"	"0"	"1"		
"208"	"Ursus americanus"	"Ursus americanus"		"Ursus americanus"	"Carniv"	"0"	"Watts (1989)"	"0"	"0"		143000	11600	84.9720822405597	"1"	"0"	"0"	"1"	"1"	"1"	"1"	"1"	"1"					"1"		"1"			"1"	"3"	"0"			
"209"	"Ursus americanus"	"Ursus americanus"		"Ursus americanus"	"Carniv"	"0"	"Toien et al. (2011)"	"0"	"0"		61450	15977	216.631208391635	"3"	"0"	"0"	"0"	"1"	"1"	"1"	"0"	"1"						"1"			"1"	"2"	"3"	"0"			
"210"	"Ursus arctos"	"Ursus arctos horribilis"	"horribilis"	"Ursus arctos"	"Carniv"	"0"	"Watts & Jonkel (1988)"	"0"	"0"		170000	19787	127.77354168739	"2"	"0"	"0"	"1"	"1"	"1"	"1"	"1"	"1"				"1"	"1"		"1"			"1"	"3"	"0"			
"211"	"Ursus arctos"	"Ursus arctos"		"Ursus arctos"	"Carniv"	"0"	"Watts (1989)"	"0"	"0"		136000	17400	132.207966976986	"1"	"0"	"0"	"1"	"1"	"1"	"1"	"1"	"1"				"1"	"1"		"1"			"1"	"3"	"0"	"1"		
"212"	"Ursus maritimus"	"Ursus maritimus"		"Ursus maritimus"	"Carniv"	"0"	"Watts et al. (1987)"	"0"	"0"		181333	22376	137.851366327011	"3"	"0"	"0"	"1"	"1"	"1"	"1"	"1"	"1"					"1"		"1"			"1"	"3"	"0"	"1"		
"213"	"Ursus maritimus"	"Ursus maritimus"		"Ursus maritimus"	"Carniv"	"0"	"Watts (1989)"	"0"	"0"		204000	24300	137.386520444107	"1"	"0"	"0"	"1"	"1"	"1"	"1"	"1"	"1"					"1"		"1"			"1"	"3"	"0"			
"214"	"Arctictis binturong"	"Arctictis binturong"		"Arctictis binturong"	"Carniv"	"0"	"McNab (1995)"	"0"	"0"		14280	1128.1	44.3209416442647	"2"	"1"	"1"	"1"	"1"	"1"	"1"	"1"	"1"										"1"	"1"	"1"	"1"	"1"	"1"
"215"	"Arctogalidia trivirgata"	"Arctogalidia trivirgata"		"Arctogalidia trivirgata"	"Carniv"	"0"	"McNab (1995)"	"0"	"0"		2010	552.8	90.6977161682541	"4"	"1"	"1"	"0"	"1"	"1"	"1"	"1"	"1"										"2"	"2"	"1"	"1"	"1"	"1"
"216"	"Genetta genetta"	"Genetta felina"	"felina ?"	"Genetta genetta"	"Carniv"	"0"	"Ostrowski"	"1"	"0"	"Munoz-Garcia & Williams (2005)"	1203.2	596.8	142.337975397829	"2"	"0"	"0"																		"0"	"1"		
"217"	"Genetta tigrina"	"Genetta tigrina"		"Genetta tigrina"	"Carniv"	"0"	"Hennemann & Konecny (1980)"	"0"	"0"		1732	762.1	139.369837721209	"2"	"1"	"1"	"1"	"1"	"1"	"1"	"1"	"1"										"1"	"1"	"1"	"1"	"1"	"1"
"218"	"Paradoxurus hermaphroditus"	"Paradoxurus hermaphroditus"		"Paradoxurus hermaphroditus"	"Carniv"	"0"	"McNab (1995)"	"0"	"0"		3160	760	89.660251327244	"2"	"1"	"1"	"1"	"1"	"1"	"1"	"1"	"1"										"1"	"1"	"1"	"1"	"1"	"1"
"219"	"Peropteryx macrotis"	"Peropteryx macrotis"		"Peropteryx macrotis"	"Chiro"	"0"	"Genoud et al. (1990)"	"0"	"0"		5.1	11.78	150.794282411966	"15"	"1"	"1"	"1"	"1"	"1"	"1"	"1"	"0"										"2"	"2"	"1"	"1"	"1"	"1"
"220"	"Saccopteryx bilineata"	"Saccopteryx bilineata"		"Saccopteryx bilineata"	"Chiro"	"0"	"Genoud & Bonaccorso (1986)"	"0"	"0"		7.8	14.5	136.172458909385	"10"	"1"	"1"	"1"	"1"	"1"	"1"	"1"	"0"										"2"	"2"	"1"	"1"	"1"	"1"
"221"	"Saccopteryx leptura"	"Saccopteryx leptura"		"Saccopteryx leptura"	"Chiro"	"0"	"McNab"	"1"	"0"	"McNab (1989)"	4.2	9.49	139.950908667433	"1"	"0"	"0"															"1"			"0"	"1"		
"222"	"Taphozous mauritianus"	"Taphozous mauritianus"		"Taphozous mauritianus"	"Chiro"	"0"	"Toussaint & McKechnie (2012)"	"0"	"0"		26.17	31.14	121.003501367756	"15"	"1"	"1"	"1"	"1"	"1"	"1"	"1"	"0"							"1"			"2"	"2"	"1"	"1"	"1"	"1"
"223"	"Aselliscus tricuspidatus"	"Aselliscus tricuspidatus"		"Aselliscus tricuspidatus"	"Chiro"	"0"	"Bonaccorso & McNab (2003)"	"0"	"0"		4.2	7.14	105.294993454739	"2"	"0"	"0"	"0"	"1"	"1"	"1"	"0"	"0"									"1"	"2"	"2"	"1"	"1"	"1"	"1"
"224"	"Hipposideros diadema"	"Hipposideros diadema"		"Hipposideros diadema"	"Chiro"	"0"	"Bonaccorso & McNab (2003)"	"0"	"0"		37.2	33	99.2307741580551	"5"	"1"	"1"	"1"	"1"	"1"	"1"	"1"	"0"										"2"	"2"	"1"	"1"	"1"	"1"
"225"	"Hipposideros cervinus"	"Hipposideros cervinus"		"Hipposideros cervinus"	"Chiro"	"0"	"Bonaccorso & McNab (2003)"	"0"	"0"		8.3	8.96	80.4189360730867	"7"	"1"	"1"	"1"	"1"	"1"	"1"	"0"	"0"										"2"	"2"	"1"	"1"	"1"	"1"
"226"	"Hipposideros galeritus"	"Hipposideros galeritus"		"Hipposideros galeritus"	"Chiro"	"0"	"McNab (1989)"	"0"	"0"		8.5	9.35	82.4752150993817	"3"	"1"	"1"	"1"	"1"	"1"	"1"	"0"	"0"										"2"	"2"	"1"	"1"	"1"	"1"
"227"	"Hipposideros maggietaylorae"	"Hipposideros maggietaylorae"		"Hipposideros maggietaylorae"	"Chiro"	"0"	"Bonaccorso & McNab (2003)"	"0"	"0"		18.2	21.1	106.843635315167	"13"	"1"	"1"	"1"	"1"	"1"	"1"	"0"	"0"										"2"	"2"	"1"	"1"	"1"	"1"
"228"	"Hipposideros armiger"	"Hipposideros terasensis"	"terasensis"	"Hipposideros terasensis"	"Chiro"	"0"	"Liu & Karasov (2012)"	"0"	"0"		53.1	32.9	76.3238439531083	"8"	"1"	"1"	"-1"	"1"	"1"	"1"	"0"	"0"								"1"		"4"	"4"	"0"	"1"		
"229"	"Rhinonicteris aurantia"	"Rhinonycteris aurantia"		"Rhinonicteris aurantia"	"Chiro"	"0"	"Baudinette et al. (2000)"	"0"	"0"		8.27	16.2	145.784630666245	"54"	"1"	"1"	"1"	"1"	"1"	"1"	"0"	"0"										"2"	"2"	"1"	"1"	"1"	"1"
"230"	"Macroderma gigas"	"Macroderma gigas"		"Macroderma gigas"	"Chiro"	"0"	"Leitner & Nelson (1967)"	"0"	"0"		148	139.1	152.849697062834	"6"	"1"	"1"	"1"	"1"	"1"	"1"	"1"	"0"										"2"	"2"	"1"			"1"
"231"	"Macroderma gigas"	"Macroderma gigas"		"Macroderma gigas"	"Chiro"	"0"	"Baudinette et al. (2000)"	"0"	"0"		107.2	94.3	131.086490666541	"9"	"1"	"1"	"1"	"1"	"1"	"1"	"0"	"0"										"2"	"2"	"1"	"1"	"1"	
"232"	"Nycteris thebaica"	"Nycteris thebaica"		"Nycteris thebaica"	"Chiro"	"0"	"Toussaint & McKechnie (2012)"	"0"	"0"		11.65	18.76	131.504155700615	"32"	"1"	"1"	"1"	"1"	"1"	"1"	"1"	"0"							"1"			"2"	"2"	"1"	"1"	"1"	"1"
"233"	"Miniopterus natalensis"	"Miniopterus natalensis"		"Miniopterus natalensis"	"Chiro"	"0"	"Doty (2012)"	"0"	"0"		9.77	4.89	38.9703193774993	"7"	"1"	"1"	"0"	"1"	"1"	"1"	"0"	"0"							"1"		"1"	"2"	"4"	"0"	"1"		
"234"	"Miniopterus schreibersii"	"Miniopterus schreibersii"		"Miniopterus schreibersi"	"Chiro"	"0"	"Brown (1999)"	"0"	"0"		11.1	25.4	184.438468744335	"8"	"1"	"1"	"1"	"1"	"1"	"1"	"0"	"0"										"2"	"2"	"1"	"1"	"1"	
"235"	"Miniopterus schreibersii"	"Miniopterus schreibersii"		"Miniopterus schreibersi"	"Chiro"	"0"	"Baudinette et al. (2000)"	"0"	"0"		10.91	25.97	190.965955106375	"40"	"1"	"1"	"1"	"1"	"1"	"1"	"0"	"0"										"2"	"2"	"1"			"1"
"236"	"Eumops perotis"	"Eumops perotis"		"Eumops perotis"	"Chiro"	"0"	"Leitner (1966)"	"0"	"0"		56	39.8	88.8203015386825	"5"	"1"	"1"	"1"	"1"	"1"	"1"	"0"	"0"										"2"	"2"	"1"	"1"	"1"	"1"
"237"	"Molossus molossus"	"Molossus molossus"		"Molossus molossus"	"Chiro"	"0"	"McNab (1969,1989)"	"0"	"0"		16.5	20.1	109.322235767645	"4"	"1"	"1"	"1"	"1"	"1"	"1"	"0"	"0"										"2"	"2"	"1"	"1"	"1"	"1"
"238"	"Mops condylurus"	"Mops condylurus"		"Mops condylurus"	"Chiro"	"0"	"Maloney et al. (1999)"	"0"	"0"		23.2	32.2	136.60713197882	"17"	"1"	"1"	"1"	"1"	"1"	"1"	"1"	"1"							"1"			"1"	"2"	"1"	"1"	"1"	"1"
"239"	"Sauromys petrophilus"	"Sauromys petrophilus"		"Sauromys petrophilus"	"Chiro"	"0"	"Toussaint & McKechnie (2012)"	"0"	"0"		10.98	6.74	49.3308993843836	"38"	"1"	"1"	"-1"	"1"	"1"	"1"	"1"	"0"							"1"			"3"	"4"	"0"	"1"		
"240"	"Tadarida brasiliensis"	"Tadarida mexicana"	"mexicana"	"Tadarida brasiliensis"	"Chiro"	"0"	"Herreid (1963)"	"0"	"0"		10.4	16.6	126.400568298625		"1"	"1"	"-1"	"1"	"1"	"1"	"0"	"0"						"1"	"1"	"1"		"4"	"4"	"0"			
"241"	"Tadarida brasiliensis"	"Tadarida brasiliensis mexicana"	"mexicana"	"Tadarida brasiliensis"	"Chiro"	"0"	"Herreid & Schmidt-Nielsen (1966)"	"0"	"0"		10.4	21	159.904333389827		"1"	"1"	"1"	"-1"	"1"	"1"	"0"	"0"							"1"			"4"	"4"	"0"			
"242"	"Tadarida brasiliensis"	"Tadarida brasiliensis"		"Tadarida brasiliensis"	"Chiro"	"0"	"Licht & Leitner (1967)"	"0"	"0"		11.5	14.6	103.314760440642	"6"	"0"	"1"	"1"	"0"	"1"	"1"	"0"	"0"					"1"				"1"	"2"	"4"	"0"			
"243"	"Tadarida brasiliensis"	"Tadarida brasiliensis"		"Tadarida brasiliensis"	"Chiro"	"0"	"Soriano et al. (2002)"	"0"	"0"		11	8.6	62.8610204193775	"7"	"1"	"1"	"-1"	"1"	"1"	"1"	"1"	"1"							"1"			"3"	"4"	"0"	"1"		
"244"	"Tadarida teniotis"	"Tadarida teniotis"		"Tadarida teniotis"	"Chiro"	"0"	"Marom et al. (2006)"	"0"	"0"		32	34.4	115.441603683731	"5"	"1"	"1"	"1"	"1"	"1"	"-1"	"0"	"0"							"1"			"4"	"4"	"0"	"1"		
"245"	"Mormoops blainvillei"	"Mormoops blainvillii"		"Mormoops blainvillii"	"Chiro"	"0"	"Rodriguez-Duran (1995)"	"0"	"0"		8.91	8.29	70.6564685177241	"13"	"1"	"1"	"1"	"1"	"1"	"1"	"1"	"1"										"1"	"1"	"1"	"1"	"1"	"1"
"246"	"Mormoops megalophylla"	"Mormoops megalophylla"		"Mormoops megalophylla"	"Chiro"	"0"	"Bonaccorso et al. (1992)"	"0"	"0"		16.5	24.4	132.709579737838	"15"	"1"	"1"	"1"	"1"	"1"	"1"	"1"	"0"										"2"	"2"	"1"	"1"	"1"	"1"
"247"	"Pteronotus davyi"	"Pteronotus davyi"		"Pteronotus davyi"	"Chiro"	"0"	"Bonaccorso et al. (1992)"	"0"	"0"		9.4	15.3	125.41210817678	"15"	"1"	"1"	"1"	"1"	"1"	"1"	"1"	"0"										"2"	"2"	"1"	"1"	"1"	"1"
"248"	"Pteronotus parnellii"	"Pteronotus parnellii"		"Pteronotus parnellii"	"Chiro"	"0"	"Bonaccorso et al. (1992)"	"0"	"0"		19.2	30.7	149.509924647981	"12"	"1"	"1"	"1"	"1"	"1"	"1"	"1"	"0"										"2"	"2"	"1"	"1"	"1"	"1"
"249"	"Pteronotus personatus"	"Pteronotus personatus"		"Pteronotus personatus"	"Chiro"	"0"	"Bonaccorso et al. (1992)"	"0"	"0"		14	23	141.012866458624	"14"	"1"	"1"	"1"	"1"	"1"	"1"	"1"	"0"										"2"	"2"	"1"	"1"	"1"	"1"
"250"	"Pteronotus quadridens"	"Pteronotus quadridens"		"Pteronotus quadridens"	"Chiro"	"0"	"Rodriguez-Duran (1995)"	"0"	"0"		4.8	6	80.275797949368	"25"	"1"	"1"	"1"	"1"	"1"	"1"	"1"	"1"										"1"	"1"	"1"	"1"	"1"	"1"
"251"	"Natalus tumidirostris"	"Natalus tumidirostris"		"Natalus tumidirostris"	"Chiro"	"0"	"Genoud et al. (1990)"	"0"	"0"		5.4	8.32	102.156620706388	"12"	"1"	"1"	"1"	"1"	"1"	"1"	"1"	"0"										"2"	"2"	"1"	"1"	"1"	"1"
"252"	"Noctilio albiventris"	"Noctilio labialis"		"Noctilio albiventris"	"Chiro"	"0"	"McNab (1969,1989)"	"0"	"0"		27	23.8	90.40053815435	"15"	"1"	"1"	"1"	"1"	"1"	"1"	"0"	"0"										"2"	"2"	"1"			"1"
"253"	"Noctilio albiventris"	"Noctilio albiventris"		"Noctilio albiventris"	"Chiro"	"0"	"Chappell & Roverud (1990)"	"0"	"0"		38.6	38.22	111.873385400873	"12"	"1"	"1"	"1"	"1"	"1"	"1"	"1"	"0"								"1"		"2"	"2"	"1"	"1"	"1"	
"254"	"Noctilio leporinus"	"Noctilio leporinus"		"Noctilio leporinus"	"Chiro"	"0"	"McNab (1969,1989)"	"0"	"0"		61	47	98.5486435852648	"17"	"1"	"1"	"1"	"1"	"1"	"1"	"0"	"0"										"2"	"2"	"1"	"1"	"1"	"1"
"255"	"Ametrida centurio"	"Ametrida minor"		"Ametrida centurio"	"Chiro"	"0"	"McNab (1969,1989)"	"0"	"0"		10.5	21.9	165.59810346926	"1"	"1"	"1"	"0"	"1"	"1"	"1"	"0"	"0"									"1"	"2"	"4"	"0"	"1"		
"256"	"Anoura caudifer"	"Anoura caudifera"		"Anoura caudifera"	"Chiro"	"0"	"McNab (1969,1989)"	"0"	"0"		11.5	35.1	248.380006264831	"18"	"1"	"1"	"1"	"1"	"1"	"1"	"0"	"0"										"2"	"2"	"1"	"1"	"1"	
"257"	"Anoura caudifer"	"Anoura caudifer"		"Anoura caudifera"	"Chiro"	"0"	"Cruz-Neto et al. (2001)"	"0"	"0"		11.3	28.1	201.405060049567	"7"	"0"	"1"	"0"	"0"	"1"	"1"	"0"	"0"							"1"		"1"	"3"	"4"	"0"			"1"
"258"	"Anoura latidens"	"Anoura latidens"		"Anoura latidens"	"Chiro"	"0"	"Soriano et al. (2002)"	"0"	"0"		13.5	36.6	230.423097824964	"1"	"1"	"1"	"1"	"1"	"1"	"1"	"1"	"1"										"1"	"1"	"1"	"1"	"1"	"1"
"259"	"Artibeus cinereus"	"Artibeus cinereus"		"Artibeus cinereus"	"Chiro"	"0"	"McNab (1969,1989)"	"0"	"0"		10.5	21.9	165.59810346926	"1"	"1"	"1"	"0"	"1"	"1"	"1"	"0"	"0"									"1"	"2"	"3"	"0"	"1"		
"260"	"Artibeus concolor"	"Artibeus concolor"		"Artibeus concolor"	"Chiro"	"0"	"McNab (1969,1989)"	"0"	"0"		19.7	32.9	157.249133836115	"7"	"1"	"1"	"1"	"1"	"1"	"1"	"0"	"0"										"2"	"2"	"1"	"1"	"1"	"1"
"261"	"Artibeus fimbriatus"	"Artibeus fimbriatus"		"Artibeus fimbriatus"	"Chiro"	"0"	"Cruz-Neto et al. (2001)"	"0"	"0"		63.9	77.96	158.022870925727	"4"	"0"	"0"	"0"	"0"	"1"	"1"	"0"	"0"										"3"	"3"	"0"	"1"		
"262"	"Artibeus jamaicensis"	"Artibeus jamaicensis"		"Artibeus jamaicensis"	"Chiro"	"0"	"McNab (1969,1989)"	"0"	"0"		45.2	56.5	147.404510088481	"4"	"1"	"1"	"1"	"1"	"1"	"1"	"0"	"0"										"2"	"2"	"1"	"1"	"1"	"1"
"263"	"Artibeus lituratus"	"Artibeus lituratus"		"Artibeus lituratus"	"Chiro"	"0"	"McNab (1969,1989)"	"0"	"0"		70.1	84.8	160.66662097545	"6"	"1"	"1"	"1"	"1"	"1"	"1"	"0"	"0"										"2"	"2"	"1"	"1"	"1"	
"264"	"Artibeus lituratus"	"Artibeus lituratus"		"Artibeus lituratus"	"Chiro"	"0"	"Cruz-Neto et al. (2001)"	"0"	"0"		69.7	86.4	164.382389854831	"25"	"0"	"1"	"0"	"0"	"1"	"1"	"0"	"0"							"1"		"1"	"3"	"4"	"0"			
"265"	"Artibeus lituratus"	"Artibeus lituratus"		"Artibeus lituratus"	"Chiro"	"0"	"Almeida & Cruz-Neto (2011)"	"0"	"0"		73.8	97.5	177.930242554155	"12"	"0"	"1"	"1"	"1"	"1"	"1"	"1"	"1"										"1"	"1"	"1"			"1"
"266"	"Artibeus hirsutus"	"Artibeus hirsutus"		"Artibeus hirsutus"	"Chiro"	"0"	"Carpenter & Graham (1967)"	"0"	"0"		51.5	121.5	288.22194913301	"1"	"1"	"1"	"1"	"1"	"1"	"1"	"0"	"1"									"1"	"2"	"2"	"1"	"1"	"1"	"1"
"267"	"Carollia perspicillata"	"Carollia perspicillata"		"Carollia perspicillata"	"Chiro"	"0"	"McNab (1969,1989)"	"0"	"0"		14.9	31.4	183.964956143403	"11"	"1"	"1"	"1"	"1"	"1"	"1"	"0"	"0"										"2"	"2"	"1"	"1"	"1"	
"268"	"Carollia perspicillata"	"Carollia perspicillata"		"Carollia perspicillata"	"Chiro"	"0"	"Audet & Thomas (1997)"	"0"	"0"		19.65	37.34	178.801539617188	"30"	"0"	"1"	"1"	"1"	"1"	"1"	"0"	"0"								"1"		"2"	"3"	"0"			
"269"	"Carollia perspicillata"	"Carollia perspicillata"		"Carollia perspicillata"	"Chiro"	"0"	"Cruz-Neto et al. (2001)"	"0"	"0"		13.9	29.1	179.346721654461	"8"	"0"	"1"	"0"	"0"	"1"	"1"	"0"	"0"							"1"		"1"	"3"	"4"	"0"			
"270"	"Carollia perspicillata"	"Carollia perspicillata"		"Carollia perspicillata"	"Chiro"	"0"	"Almeida & Cruz-Neto (2011)"	"0"	"0"		15.6	29.8	168.844405288888	"7"	"0"	"1"	"1"	"1"	"1"	"1"	"1"	"1"										"1"	"1"	"1"			"1"
"271"	"Chiroderma doriae"	"Chiroderma doriae"		"Chiroderma doriae"	"Chiro"	"0"	"Cruz-Neto et al. (2001)"	"0"	"0"		19.9	31.1	147.555274773613	"2"	"0"	"0"	"0"	"0"	"1"	"1"	"0"	"0"										"3"	"3"	"0"	"1"		
"272"	"Choeroniscus godmani"	"Choeroniscus godmani"		"Choeroniscus godmani"	"Chiro"	"0"	"Arends et al. (1995)"	"0"	"0"		10.1	19.1	148.573491209255	"6"	"1"	"1"	"1"	"1"	"1"	"1"	"1"	"0"										"2"	"2"	"1"	"1"	"1"	"1"
"273"	"Chrotopterus auritus"	"Chrotopterus auritus"		"Chrotopterus auritus"	"Chiro"	"0"	"McNab (1969,1989)"	"0"	"0"		96.1	101.9	153.400606698786	"5"	"1"	"1"	"1"	"1"	"1"	"1"	"0"	"0"										"2"	"2"	"1"	"1"	"1"	"1"
"274"	"Desmodus rotundus"	"Desmodus rotundus"		"Desmodus rotundus"	"Chiro"	"0"	"McNab (1969,1989)"	"0"	"0"		29.4	26.8	95.6682507172587	"30"	"1"	"1"	"1"	"1"	"1"	"1"	"0"	"0"										"2"	"2"	"1"	"1"	"1"	"1"
"275"	"Diaemus youngi"	"Diaemus youngi"		"Diaemus youngi"	"Chiro"	"0"	"McNab (1969,1989)"	"0"	"0"		36.6	34	103.456897057538	"2"	"1"	"1"	"1"	"1"	"1"	"1"	"0"	"0"										"2"	"2"	"1"	"1"	"1"	"1"
"276"	"Diphylla ecaudata"	"Diphylla ecaudata"		"Diphylla ecaudata"	"Chiro"	"0"	"McNab (1969,1989)"	"0"	"0"		27.8	33.9	126.051867661347	"8"	"1"	"1"	"1"	"1"	"1"	"1"	"0"	"0"										"2"	"2"	"1"	"1"	"1"	"1"
"277"	"Erophylla bombifrons"	"Erophylla bombifrons"		"Erophylla bombifrons"	"Chiro"	"0"	"Rodriguez-Duran (1995)"	"0"	"0"		16.41	18.1	98.8377071745249	"5"	"1"	"1"	"1"	"1"	"1"	"1"	"1"	"1"										"1"	"1"	"1"	"1"	"1"	"1"
"278"	"Glossophaga longirostris"	"Glossophaga longirostris"		"Glossophaga longirostris"	"Chiro"	"0"	"Arends et al. (1995)"	"0"	"0"		13.5	26.5	166.836395966162	"6"	"1"	"1"	"1"	"1"	"1"	"1"	"1"	"0"										"2"	"2"	"1"	"1"	"1"	"1"
"279"	"Glossophaga soricina"	"Glossophaga soricina"		"Glossophaga soricina"	"Chiro"	"0"	"McNab (1969,1989)"	"0"	"0"		9.6	21.6	174.355746293407	"13"	"1"	"1"	"1"	"1"	"1"	"1"	"0"	"0"										"2"	"2"	"1"	"1"	"1"	
"280"	"Glossophaga soricina"			"Glossophaga soricina"	"Chiro"	"0"	"Cruz-Neto & Abe (1997)"	"0"	"1"	"Sieg et al. (2009)"						"1"																		"0"			
"281"	"Glossophaga soricina"	"Glossophaga soricina"		"Glossophaga soricina"	"Chiro"	"0"	"Kelm & von Helversen (2007)"	"0"	"0"		10.11	26.29	204.354985118952	"6"	"1"	"1"	"1"	"-1"	"1"	"1"	"1"	"1"		"1"				"1"				"3"	"4"	"0"			"1"
"282"	"Leptonycteris curasoae"	"Leptonycteris curasoae"		"Leptonycteris curasoae"	"Chiro"	"0"	"Arends et al. (1995)"	"0"	"0"		24	34.1	141.136267100752	"6"	"1"	"1"	"1"	"1"	"1"	"1"	"1"	"0"										"2"	"2"	"1"	"1"	"1"	"1"
"283"	"Leptonycteris yerbabuenae"	"Leptonycteris sanborni"		"Leptonycteris yerbabuenae"	"Chiro"	"0"	"Carpenter & Graham (1967)"	"0"	"0"		22	36.5	160.962597953005	"24"	"1"	"1"	"1"	"1"	"1"	"1"	"0"	"0"										"2"	"2"	"1"	"1"	"1"	"1"
"284"	"Macrotus californicus"	"Macrotus californicus"		"Macrotus californicus"	"Chiro"	"0"	"Bell et al. (1986)"	"0"	"0"		11.7	14.6	102.024295703706	"9"	"1"	"1"	"1"	"1"	"1"	"1"	"1"	"1"										"1"	"1"	"1"	"1"	"1"	"1"
"285"	"Monophyllus redmani"	"Monophyllus redmani"		"Monophyllus redmani"	"Chiro"	"0"	"Rodriguez-Duran (1995)"	"0"	"0"		8.81	11.3	97.1067119542665	"4"	"1"	"1"	"1"	"1"	"1"	"1"	"1"	"1"										"1"	"1"	"1"	"1"	"1"	"1"
"286"	"Phyllostomus discolor"	"Phyllostomus discolor"		"Phyllostomus discolor"	"Chiro"	"0"	"McNab (1969,1989)"	"0"	"0"		33.5	34.5	111.974639675233	"32"	"1"	"1"	"1"	"1"	"1"	"1"	"0"	"0"										"2"	"2"	"1"	"1"	"1"	"1"
"287"	"Phyllostomus elongatus"	"Phyllostomus elongatum"		"Phyllostomus elongatus"	"Chiro"	"0"	"McNab (1969,1989)"	"0"	"0"		35.6	38.8	120.471112233203	"1"	"1"	"1"	"1"	"1"	"1"	"1"	"0"	"0"										"2"	"2"	"1"	"1"	"1"	"1"
"288"	"Phyllostomus hastatus"	"Phyllostomus hastatus"		"Phyllostomus hastatus"	"Chiro"	"0"	"McNab (1969,1989)"	"0"	"0"		84.2	70.7	117.199333511818	"26"	"1"	"1"	"1"	"1"	"1"	"1"	"0"	"0"										"2"	"2"	"1"	"1"	"1"	"1"
"289"	"Platyrrhinus lineatus"	"Vampyrops lineatus"		"Platyrrhinus lineatus"	"Chiro"	"0"	"McNab (1969,1989)"	"0"	"0"		21.9	32.2	142.472273573298	"2"	"1"	"1"	"1"	"1"	"1"	"1"	"0"	"0"										"2"	"2"	"1"	"1"	"1"	
"290"	"Platyrrhinus lineatus"	"Platyrrhinus lineatus"		"Platyrrhinus lineatus"	"Chiro"	"0"	"Cruz-Neto et al. (2001)"	"0"	"0"		22.3	30.9	134.928122450539	"23"	"0"	"1"	"0"	"0"	"1"	"1"	"0"	"0"							"1"		"1"	"3"	"4"	"0"			"1"
"291"	"Rhinophylla pumilio"	"Rhinophylla pumilio"		"Rhinophylla pumilio"	"Chiro"	"0"	"McNab (1969,1989)"	"0"	"0"		9.5	16.2	131.768848012666	"6"	"1"	"1"	"1"	"1"	"1"	"1"	"0"	"0"										"2"	"2"	"1"	"1"	"1"	"1"
"292"	"Sturnira erythromos"	"Sturnira erythromos"		"Sturnira erythromos"	"Chiro"	"0"	"Soriano et al. (2002)"	"0"	"0"		15.9	39.9	222.952648048931	"10"	"1"	"1"	"1"	"1"	"1"	"1"	"1"	"1"										"1"	"1"	"1"	"1"	"1"	"1"
"293"	"Sturnira lilium"	"Sturnira lilium"		"Sturnira lilium"	"Chiro"	"0"	"McNab (1969,1989)"	"0"	"0"		21.9	39.2	173.444506958797	"16"	"1"	"1"	"1"	"1"	"1"	"1"	"0"	"0"										"2"	"2"	"1"	"1"	"1"	
"294"	"Sturnira lilium"	"Sturnira lilium"		"Sturnira lilium"	"Chiro"	"0"	"Audet & Thomas (1997)"	"0"	"0"		17.05	34.1	181.086279647818	"14"	"0"	"1"	"1"	"1"	"1"	"1"	"0"	"0"								"1"		"2"	"3"	"0"			
"295"	"Sturnira lilium"	"Sturnira lilium"		"Sturnira lilium"	"Chiro"	"0"	"Almeida & Cruz-Neto (2011)"	"0"	"0"		21.6	52.2	233.298507936276	"12"	"0"	"1"	"1"	"1"	"1"	"1"	"1"	"1"										"1"	"1"	"1"			"1"
"296"	"Sturnira tildae"	"Sturnira tildae"		"Sturnira tildae"	"Chiro"	"0"	"Cruz-Neto et al. (2001)"	"0"	"0"		20.5	39.9	185.25185858096	"4"	"0"	"0"	"0"	"0"	"1"	"1"	"0"	"0"										"3"	"3"	"0"	"1"		
"297"	"Tonatia bidens"	"Tonatia bidens"		"Tonatia bidens"	"Chiro"	"0"	"McNab (1969,1989)"	"0"	"0"		27.4	39.2	147.307259361291	"3"	"1"	"1"	"1"	"1"	"1"	"1"	"0"	"0"										"2"	"2"	"1"	"1"	"1"	"1"
"298"	"Uroderma bilobatum"	"Uroderma bilobatum"		"Uroderma bilobatum"	"Chiro"	"0"	"McNab (1969,1989)"	"0"	"0"		16.2	26.6	146.623449929345	"2"	"1"	"1"	"1"	"1"	"1"	"1"	"0"	"0"										"2"	"2"	"1"	"1"	"1"	"1"
"299"	"Vampyressa nymphaea"	"Vampyressa nymphaea"		"Vampyressa nymphaea"	"Chiro"	"0"	"McNab (1969,1989)"	"0"	"0"		10.5	21.9	165.59810346926	"3"	"1"	"1"	"0"	"1"	"1"	"1"	"0"	"0"									"1"	"2"	"3"	"0"	"1"		
"300"	"Vampyressa pusilla"	"Vampyressa pussila"		"Vampyressa pusilla"	"Chiro"	"0"	"Cruz-Neto et al. (2001)"	"0"	"0"		8.8	18.6	159.97175858526	"3"	"0"	"0"	"0"	"0"	"1"	"1"	"0"	"0"										"3"	"3"	"0"	"1"		
"301"	"Cynopterus brachyotis"	"Cynopterus brachyotis"		"Cynopterus brachyotis"	"Chiro"	"0"	"McNab (1989)"	"0"	"0"		37.4	47.5	142.274954199388	"14"	"1"	"1"	"1"	"1"	"1"	"1"	"0"	"0"										"2"	"2"	"1"	"1"	"1"	"1"
"302"	"Dobsonia anderseni"	"Dobsonia anderseni"		"Dobsonia anderseni"	"Chiro"	"0"	"McNab & Bonaccorso (2001)"	"0"	"0"		241	174	134.003785527194	"2"	"1"	"1"	"1"	"1"	"1"	"1"	"1"	"0"										"2"	"2"	"1"	"1"	"1"	"1"
"303"	"Dobsonia minor"	"Dobsonia minor"		"Dobsonia minor"	"Chiro"	"0"	"Bartholomew et al. (1970)"	"0"	"0"		87	109.6	177.402306426849	"6"	"1"	"1"	"1"	"1"	"1"	"1"	"0"	"0"										"2"	"2"	"1"			"1"
"304"	"Dobsonia minor"	"Dobsonia minor"		"Dobsonia minor"	"Chiro"	"0"	"McNab & Bonaccorso (2001)"	"0"	"0"		73.7	74.4	135.908737988194	"9"	"1"	"1"	"1"	"1"	"1"	"1"	"1"	"0"										"2"	"2"	"1"	"1"	"1"	
"305"	"Dobsonia moluccensis"	"Dobsonia moluccensis"		"Dobsonia moluccensis"	"Chiro"	"0"	"McNab & Bonaccorso (2001)"	"0"	"0"		404.3	367.9	194.31261805873	"6"	"1"	"1"	"1"	"1"	"1"	"1"	"1"	"0"										"2"	"2"	"1"	"1"	"1"	"1"
"306"	"Dobsonia praedatrix"	"Dobsonia praedatrix"		"Dobsonia praedatrix"	"Chiro"	"0"	"McNab & Bonaccorso (2001)"	"0"	"0"		179.5	142.5	136.037963230481	"2"	"1"	"1"	"1"	"1"	"1"	"1"	"1"	"0"										"2"	"2"	"1"	"1"	"1"	"1"
"307"	"Eonycteris spelaea"	"Eonycteris spelaea"		"Eonycteris spelaea"	"Chiro"	"0"	"McNab (1989)"	"0"	"0"		51.6	48	113.704551043071	"7"	"1"	"1"	"1"	"1"	"1"	"1"	"0"	"0"										"2"	"2"	"1"	"1"	"1"	"1"
"308"	"Epomophorus wahlbergi"	"Epomophorus wahlbergi"		"Epomophorus wahlbergi"	"Chiro"	"0"	"Downs et al. (2012)"	"0"	"0"		101.7	105.16	151.904921850604	"10"	"1"	"1"	"1"	"1"	"1"	"1"	"1"	"1"										"1"	"1"	"1"	"1"	"1"	
"309"	"Epomophorus wahlbergi"	"Epomophorus wahlbergi"		"Epomophorus wahlbergi"	"Chiro"	"0"	"Minnaar et al. (2014a)"	"0"	"0"		84.4	93.49	154.710489079221	"10"	"1"	"1"	"1"	"1"	"1"	"1"	"1"	"1"							"1"			"1"	"1"	"1"			
"310"	"Epomophorus wahlbergi"	"Epomophorus wahlbergi"		"Epomophorus wahlbergi"	"Chiro"	"0"	"Minnaar et al. (2014b)"	"0"	"0"		99.4	137.64	202.166053174306	"10"	"0"	"1"	"1"	"1"	"1"	"1"	"0"	"0"										"2"	"2"	"1"			"1"
"311"	"Macroglossus minimus"	"Macroglossus minimus"		"Macroglossus minimus"	"Chiro"	"0"	"Bonaccorso & McNab (1997)"	"0"	"0"		16.4	14.4	78.6682645750379	"7"	"1"	"1"	"1"	"1"	"1"	"1"	"1"	"1"										"1"	"1"	"1"	"1"	"1"	
"312"	"Macroglossus minimus"	"Macroglossus minimus"		"Macroglossus minimus"	"Chiro"	"0"	"Bonaccorso & McNab (1997)"	"0"	"0"		15.3	22.6	129.875319494374	"1"	"1"	"1"	"1"	"1"	"1"	"1"	"1"	"1"									"1"	"1"	"3"	"0"			"1"
"313"	"Macroglossus minimus"	"Macroglossus minimus"		"Macroglossus minimus"	"Chiro"	"0"	"Bartels et al. (1998)"	"0"	"0"		16.3	21.03	115.401844926102	"5"	"1"	"1"	"1"	"1"	"1"	"1"	"0"	"0"										"2"	"2"	"1"			
"314"	"Megaloglossus woermanni"	"Megaloglossus woermanni"		"Megaloglossus woermanni"	"Chiro"	"0"	"Kulzer & Storff (1980)"	"0"	"0"		11.28	18	129.180634787152	"1"	"1"	"1"	"1"	"1"	"1"	"1"	"0"	"0"									"1"	"2"	"4"	"0"	"1"		
"315"	"Melonycteris melanops"	"Melonycteris melanops"		"Melonycteris melanops"	"Chiro"	"0"	"Bonaccorso & McNab (1997)"	"0"	"0"		53.3	43.2	99.9442594301025	"6"	"1"	"1"	"1"	"1"	"1"	"1"	"1"	"1"										"1"	"1"	"1"	"1"	"1"	"1"
"316"	"Nyctimene albiventer"	"Nyctimene albiventer"		"Nyctimene albiventer"	"Chiro"	"0"	"Bartholomew et al. (1970)"	"0"	"0"		28.2	40.3	148.296769014571	"18"	"1"	"1"	"1"	"1"	"1"	"1"	"0"	"0"										"2"	"2"	"1"			"1"
"317"	"Nyctimene albiventer"	"Nyctimene albiventer"		"Nyctimene albiventer"	"Chiro"	"0"	"McNab & Bonaccorso (2001)"	"0"	"0"		30.9	27.3	93.9812373023452	"5"	"1"	"1"	"1"	"1"	"1"	"1"	"1"	"1"										"1"	"1"	"1"	"1"	"1"	
"318"	"Nyctimene cyclotis"	"Nyctimene cyclotis"		"Nyctimene cyclotis"	"Chiro"	"0"	"McNab & Bonaccorso (2001)"	"0"	"0"		40.4	64.6	182.91054580694	"1"	"1"	"1"	"1"	"1"	"1"	"1"	"1"	"0"										"2"	"2"	"1"	"1"	"1"	"1"
"319"	"Nyctimene robinsoni"	"Nyctimene robinsoni"		"Nyctimene robinsoni"	"Chiro"	"0"	"Riek et al. (2010)"	"0"	"0"		54.8	54.7	124.01509264662	"5"	"1"	"1"	"0"	"1"	"1"	"1"	"0"	"0"										"2"	"2"	"1"	"1"	"1"	"1"
"320"	"Paranyctimene raptor"	"Paranyctimene raptor"		"Paranyctimene raptor"	"Chiro"	"0"	"Bartholomew et al. (1970)"	"0"	"0"		21.3	29.4	132.744593636427	"13"	"1"	"1"	"1"	"1"	"1"	"1"	"0"	"0"										"2"	"2"	"1"			"1"
"321"	"Paranyctimene raptor"	"Paranyctimene raptor"		"Paranyctimene raptor"	"Chiro"	"0"	"McNab & Bonaccorso (2001)"	"0"	"0"		23.6	24.5	102.652960065234	"5"	"1"	"1"	"1"	"1"	"1"	"1"	"1"	"0"										"2"	"2"	"1"	"1"	"1"	
"322"	"Pteropus giganteus"	"Pteropus giganteus"		"Pteropus giganteus"	"Chiro"	"0"	"McNab & Armstrong (2001)"	"0"	"0"		562.2	290.7	120.734906838447	"6"	"1"	"1"	"1"	"1"	"1"	"1"	"0"	"0"		"1"								"2"	"2"	"1"	"1"	"1"	"1"
"323"	"Pteropus hypomelanus"	"Pteropus hypomelanus"		"Pteropus hypomelanus"	"Chiro"	"0"	"McNab & Armstrong (2001)"	"0"	"0"		520.8	290.1	127.3951312195	"12"	"1"	"1"	"1"	"1"	"1"	"1"	"0"	"0"		"1"								"2"	"2"	"1"	"1"	"1"	"1"
"324"	"Pteropus poliocephalus"	"Pteropus poliocephalus"		"Pteropus poliocephalus"	"Chiro"	"0"	"Morrison (1959)"	"0"	"0"		250	210	157.463271878729	"1"	"1"	"1"	"0"	"1"	"1"	"1"	"0"	"1"							"1"		"1"	"2"	"3"	"0"			"1"
"325"	"Pteropus poliocephalus"	"Pteropus poliocephalus"		"Pteropus poliocephalus"	"Chiro"	"0"	"Bartholomew et al. (1964)"	"0"	"0"		598	316.9	125.824530605608	"3"	"1"	"1"	"1"	"1"	"1"	"1"	"1"	"0"										"2"	"2"	"1"	"1"	"1"	
"326"	"Pteropus pumilus"	"Pteropus pumilus"		"Pteropus pumilus"	"Chiro"	"0"	"McNab & Armstrong (2001)"	"0"	"0"		194.2	126.4	113.938797426112	"10"	"1"	"1"	"1"	"1"	"1"	"1"	"0"	"0"		"1"								"2"	"2"	"1"	"1"	"1"	"1"
"327"	"Pteropus rodricensis"	"Pteropus rodricensis"		"Pteropus rodricensis"	"Chiro"	"0"	"McNab & Armstrong (2001)"	"0"	"0"		254.5	134.9	99.8444194365815	"7"	"1"	"1"	"1"	"1"	"1"	"1"	"0"	"0"		"1"								"2"	"2"	"1"	"1"	"1"	"1"
"328"	"Pteropus scapulatus"	"Pteropus scapulatus"		"Pteropus scapulatus"	"Chiro"	"0"	"Bartholomew et al. (1964)"	"0"	"0"		362	242.5	138.826200547668	"3"	"1"	"1"	"1"	"1"	"1"	"1"	"1"	"0"										"2"	"2"	"1"	"1"	"1"	"1"
"329"	"Pteropus vampyrus"	"Pteropus vampyrus"		"Pteropus vampyrus"	"Chiro"	"0"	"McNab & Armstrong (2001)"	"0"	"0"		1024.3	804.1	215.65865685938	"7"	"1"	"1"	"1"	"1"	"1"	"1"	"0"	"0"		"1"								"2"	"2"	"1"	"1"	"1"	"1"
"330"	"Rousettus aegyptiacus"	"Rousettus aegyptiacus"		"Rousettus egyptiacus"	"Chiro"	"0"	"Noll (1979)"	"0"	"0"		146	122.6	136.061571014268	"7"	"1"	"1"	"1"	"1"	"1"	"1"	"0"	"0"		"1"								"2"	"2"	"1"	"1"	"1"	"1"
"331"	"Rousettus amplexicaudatus"	"Rousettus amplexicaudatus"		"Rousettus amplexicaudatus"	"Chiro"	"0"	"McNab & Bonaccorso (2001)"	"0"	"0"		91.5	104.3	162.729606290862	"2"	"1"	"1"	"1"	"1"	"1"	"1"	"1"	"1"										"1"	"1"	"1"	"1"	"1"	"1"
"332"	"Syconycteris australis"	"Syconycteris australis"		"Syconycteris australis"	"Chiro"	"0"	"Bartholomew et al. (1964)"	"0"	"0"		17.5	33.78	176.012353732551	"1"	"1"	"1"	"1"	"1"	"1"	"1"	"1"	"0"			"1"							"2"	"3"	"0"			"1"
"333"	"Syconycteris australis"	"Syconycteris australis"		"Syconycteris australis"	"Chiro"	"0"	"Geiser et al. (1996a)"	"0"	"0"		17.8	25.63	131.901783344562	"9"	"1"	"1"	"1"	"1"	"1"	"1"	"1"	"1"										"1"	"1"	"1"			
"334"	"Syconycteris australis"	"Syconycteris australis"		"Syconycteris australis"	"Chiro"	"0"	"Bonaccorso & McNab (1997)"	"0"	"0"		16.3	16.95	93.012899262835	"8"	"1"	"1"	"1"	"1"	"1"	"1"	"1"	"1"										"1"	"1"	"1"	"1"	"1"	
"335"	"Syconycteris australis"	"Syconycteris australis"		"Syconycteris australis"	"Chiro"	"0"	"Bonaccorso & McNab (1997)"	"0"	"0"		15.3	26.47	152.115031283898	"3"	"1"	"1"	"1"	"1"	"1"	"1"	"1"	"1"										"1"	"1"	"1"			
"336"	"Syconycteris australis"	"Syconycteris australis"		"Syconycteris australis"	"Chiro"	"0"	"Coburn & Geiser (1998)"	"0"	"0"		18	24.84	126.799102083033	"9"	"1"	"1"	"0"	"1"	"1"	"1"	"1"	"1"										"2"	"2"	"1"			
"337"	"Rhinolophus capensis"	"Rhinolophus capensis"		"Rhinolophus capensis"	"Chiro"	"0"	"Doty (2012)"	"0"	"0"		11.9	7.14	49.2813640151384	"2"	"1"	"1"	"1"	"1"	"1"	"1"	"0"	"0"									"1"	"2"	"2"	"1"	"1"	"1"	"1"
"338"	"Rhinolophus clivosus"	"Rhinolophus clivosus"		"Rhinolophus clivosus"	"Chiro"	"0"	"Doty (2012)"	"0"	"0"		16.83	13.46	72.1585806655389	"7"	"1"	"1"	"1"	"1"	"1"	"1"	"0"	"0"									"1"	"2"	"2"	"1"	"1"	"1"	"1"
"339"	"Antrozous pallidus"	"Antrozous pallidus"		"Antrozous pallidus"	"Chiro"	"0"	"Licht & Leitner (1967)"	"0"	"0"		22	19.2	84.6707364574711	"4"	"0"	"0"	"1"	"1"	"1"	"1"	"0"	"0"					"1"					"2"	"4"	"0"	"1"		
"340"	"Chalinolobus gouldii"	"Chalinolobus gouldii"		"Chalinolobus gouldii"	"Chiro"	"0"	"Hosken & Withers (1997)"	"0"	"0"		17.5	25.2	131.305841150393	"3"	"1"	"1"	"1"	"1"	"1"	"1"	"1"	"1"										"1"	"1"	"1"	"1"	"1"	"1"
"341"	"Eptesicus fuscus"	"Eptesicus fuscus fuscus"		"Eptesicus fuscus"	"Chiro"	"0"	"Herreid & Schmidt-Nielsen (1966)"	"0"	"0"		16.9	20.3	108.498784561158		"1"	"1"	"1"	"-1"	"1"	"1"	"0"	"0"							"1"			"4"	"4"	"0"			
"342"	"Eptesicus fuscus"			"Eptesicus fuscus"	"Chiro"	"0"	"Stack (1985)"	"0"	"1"	"Richardson et al. (2009)"						"1"																		"0"			
"343"	"Eptesicus fuscus"	"Eptesicus fuscus"		"Eptesicus fuscus"	"Chiro"	"0"	"Willis et al. (2005a)"	"0"	"0"		15	16.98	98.9977674959807	"5"	"1"	"1"	"1"	"1"	"1"	"1"	"1"	"1"					"1"			"1"		"1"	"2"	"1"	"1"	"1"	
"344"	"Eptesicus fuscus"	"Eptesicus fuscus"		"Eptesicus fuscus"	"Chiro"	"0"	"Richardson et al. (2009)"	"0"	"0"		13.21	10.75	68.7588418646208	"6"	"0"	"1"	"0"	"1"	"1"	"1"	"1"	"1"					"1"					"2"	"3"	"0"			
"345"	"Eptesicus fuscus"	"Eptesicus fuscus"		"Eptesicus fuscus"	"Chiro"	"0"	"Richardson et al. (2009)"	"0"	"0"		14.46	16	95.811036826494	"17"	"0"	"1"	"0"	"1"	"1"	"1"	"1"	"1"					"1"					"2"	"3"	"0"			
"346"	"Eptesicus fuscus"	"Eptesicus fuscus"		"Eptesicus fuscus"	"Chiro"	"0"	"Richardson et al. (2009)"	"0"	"0"		14.71	15.59	92.1965605273884	"8"	"0"	"1"	"0"	"1"	"1"	"1"	"1"	"1"					"1"					"2"	"3"	"0"			
"347"	"Eptesicus fuscus"	"Eptesicus fuscus"		"Eptesicus fuscus"	"Chiro"	"0"	"Richardson et al. (2009)"	"0"	"0"		15.16	12.61	72.953076576969	"6"	"0"	"1"	"0"	"1"	"1"	"1"	"1"	"1"					"1"					"2"	"3"	"0"			
"348"	"Eptesicus fuscus"	"Eptesicus fuscus"		"Eptesicus fuscus"	"Chiro"	"0"	"Richardson et al. (2009)"	"0"	"0"		14.84	15.9	93.4286456638963	"9"	"0"	"1"	"0"	"1"	"1"	"1"	"1"	"1"					"1"					"2"	"3"	"0"			
"349"	"Eptesicus fuscus"	"Eptesicus fuscus"		"Eptesicus fuscus"	"Chiro"	"0"	"Richardson et al. (2009)"	"0"	"0"		15.91	24.13	134.771481917225	"17"	"0"	"1"	"0"	"1"	"1"	"1"	"1"	"1"					"1"					"2"	"3"	"0"			"1"
"350"	"Eptesicus serotinus"			"Eptesicus serotinus"	"Chiro"	"0"	"Speakman et al. (2004)"	"0"	"1"	"Speakman & Thomas (2003)"	27	43.1	163.708537582037			"0"																		"0"	"1"		
"351"	"Histiotus velatus"	"Histiotus velatus"		"Histiotus velatus"	"Chiro"	"0"	"McNab (1969,1989)"	"0"	"0"		11.2	9.97	71.9239387695335	"2"	"1"	"1"	"1"	"1"	"1"	"1"	"0"	"0"										"2"	"2"	"1"	"1"	"1"	"1"
"352"	"Lasiurus borealis"	"Lasiurus borealis"		"Lasiurus borealis"	"Chiro"	"0"	"Genoud (1993)"	"0"	"0"		12.2	17.45	118.276198530211	"2"	"1"	"1"	"1"	"1"	"1"	"1"	"1"	"1"										"1"	"1"	"1"	"1"	"1"	"1"
"353"	"Lasiurus cinereus"	"Lasiurus cinereus"		"Lasiurus cinereus"	"Chiro"	"0"	"Genoud (1993)"	"0"	"0"		19.9	16.52	78.3798437061119	"1"	"1"	"1"	"1"	"1"	"1"	"1"	"1"	"1"										"1"	"1"	"1"	"1"	"1"	
"354"	"Lasiurus cinereus"	"Lasiurus cinereus"		"Lasiurus cinereus"	"Chiro"	"0"	"Cryan & Wolf (2003)"	"0"	"0"		24.8	40	161.64525432243	"20"	"1"	"1"	"1"	"1"	"1"	"1"	"1"	"1"							"1"	"1"		"1"	"3"	"0"			"1"
"355"	"Lasiurus intermedius"	"Lasiurus intermedius"		"Lasiurus intermedius"	"Chiro"	"0"	"Genoud (1993)"	"0"	"0"		22.6	18.3	79.1342116958975	"2"	"1"	"1"	"1"	"1"	"1"	"1"	"1"	"1"										"1"	"1"	"1"	"1"	"1"	"1"
"356"	"Lasiurus seminolus"	"Lasiurus seminolus"		"Lasiurus seminolus"	"Chiro"	"0"	"Genoud (1993)"	"0"	"0"		9.8	13.5	107.346577416271	"9"	"1"	"1"	"1"	"1"	"1"	"1"	"1"	"1"										"1"	"1"	"1"	"1"	"1"	"1"
"357"	"Myotis austroriparius"	"Myotis austroriparius"		"Myotis austroriparius"	"Chiro"	"0"	"McNab"	"1"	"0"	"McNab (1969, 1989)"	7.5	8.625	83.3484802766591		"0"	"0"																		"0"	"1"		
"358"	"Myotis bechsteinii"	"Myotis bechsteinii"		"Myotis bechsteini"	"Chiro"	"0"	"Becker et al. (2013a)"	"0"	"0"		8.9	9.6	81.8887347687064	"23"	"0"	"0"	"1"	"1"	"1"	"1"	"1"	"1"						"1"				"1"	"2"	"1"	"1"	"1"	
"359"	"Myotis bechsteinii"	"Myotis bechsteinii"		"Myotis bechsteini"	"Chiro"	"0"	"Becker et al. (2012)"	"0"	"0"		9.4	9.51	77.952231945175	"17"	"0"	"0"	"1"	"1"	"1"	"1"	"1"	"1"						"1"				"1"	"2"	"1"			"1"
"360"	"Myotis chiloensis"	"Myotis chiloensis"		"Myotis chiloensis"	"Chiro"	"0"	"Bozinovic et al. (1985)"	"0"	"0"		5.78	10.17	118.832108079139	"13"	"1"	"1"	"1"	"1"	"1"	"1"	"0"	"0"										"2"	"2"	"1"	"1"	"1"	"1"
"361"	"Myotis daubentonii"	"Myotis daubentonii"		"Myotis daubentoni"	"Chiro"	"0"	"Becker et al. (2013b)"	"0"	"0"		7.8	7.8	73.2513916891865	"15"	"0"	"0"	"1"	"1"	"1"	"1"	"1"	"1"						"1"				"1"	"2"	"1"	"1"	"1"	"1"
"362"	"Myotis lucifugus"	"Myotis lucifugus lucifugus"		"Myotis lucifugus"	"Chiro"	"0"	"Hock (1951)"	"0"	"0"		6.9	19.94	204.768151440916	"12"	"0"	"1"	"0"	"1"	"1"	"1"	"0"	"0"						"1"				"2"	"4"	"0"			
"363"	"Myotis lucifugus"	"Myotis lucifugus"		"Myotis lucifugus"	"Chiro"	"0"	"Dodgen & Blood (1956)"	"0"	"0"		6	10.8	122.803214995802		"0"	"1"	"0"	"1"	"1"	"1"	"0"	"0"					"1"					"2"	"3"	"0"	"1"		
"364"	"Myotis lucifugus"	"Myotis lucifugus"		"Myotis lucifugus"	"Chiro"	"0"	"Stones & Wiebers (1967)"	"0"	"0"		6.5	11.05	118.524104815975	"5"	"1"	"1"	"1"	"1"	"1"	"1"	"1"	"0"							"1"	"1"		"2"	"3"	"0"			
"365"	"Myotis lucifugus"	"Myotis lucifugus"		"Myotis lucifugus"	"Chiro"	"0"	"Henshaw (1968)"	"0"	"0"		6	9.18	104.382732746432	"22"	"0"	"1"	"0"	"1"	"1"	"1"	"0"	"0"								"1"		"2"	"4"	"0"			
"366"	"Myotis lucifugus"	"Myotis lucifugus"		"Myotis lucifugus"	"Chiro"	"0"	"Kurta et al. (1987), Kurta & Kunz (1988)"	"0"	"0"		7.7	18.5	175.379259731242	"10"	"0"	"1"	"-1"	"-1"	"1"	"1"	"1"	"-1"					"1"					"4"	"4"	"0"			
"367"	"Myotis yumanensis"	"Myotis yumanensis"		"Myotis yumanensis"	"Chiro"	"0"	"Licht & Leitner (1967)"	"0"	"0"		5	8.86	115.064891312891	"4"	"0"	"1"	"1"	"1"	"1"	"1"	"0"	"0"					"1"					"2"	"4"	"0"			
"368"	"Myotis yumanensis"	"Myotis yumanensis"		"Myotis yumanensis"	"Chiro"	"0"	"O'Farrell & Studier (1970)"	"0"	"0"		6.75	13.5	140.873583097458	"4"	"1"	"1"	"1"	"1"	"1"	"1"	"1"	"1"								"1"		"1"	"3"	"0"	"1"		
"369"	"Myotis myotis"	"Myotis myotis"		"Myotis myotis"	"Chiro"	"0"	"Hanus (1959)"	"0"	"0"		25	25	100.438446135402		"0"	"1"	"0"	"0"	"1"	"1"	"0"	"1"					"1"			"1"		"2"	"4"	"0"			
"370"	"Myotis myotis"	"Myotis myotis"		"Myotis myotis"	"Chiro"	"0"	"Mejsnar & Jansky (1967)"	"0"	"0"		25	78.75	316.381105326516	"10"	"1"	"1"	"-1"	"0"	"1"	"1"	"1"	"1"							"1"			"3"	"4"	"0"			
"371"	"Myotis myotis"	"Myotis myotis"		"Myotis myotis"	"Chiro"	"0"	"Giorgi et al. (2001)"	"0"	"0"		25	40.1	161.103267601185	"14"	"0"	"1"	"1"	"0"	"1"	"1"	"0"	"1"								"1"		"2"	"3"	"0"	"1"		
"372"	"Myotis nattereri"	"Myotis nattereri"		"Myotis nattereri"	"Chiro"	"0"	"Becker et al. (2012)"	"0"	"0"		7.6	7.84	75.0345352191376	"17"	"0"	"0"	"1"	"1"	"1"	"1"	"1"	"-1"						"1"				"3"	"3"	"0"			"1"
"373"	"Myotis nattereri"	"Myotis nattereri"		"Myotis nattereri"	"Chiro"	"0"	"Becker et al. (2013a)"	"0"	"0"		7.1	8.7	87.5004243569096	"18"	"0"	"0"	"1"	"1"	"1"	"1"	"1"	"1"						"1"				"1"	"2"	"1"	"1"	"1"	
"374"	"Myotis nigricans"	"Myotis nigricans"		"Myotis nigricans"	"Chiro"	"0"	"McNab"	"1"	"0"	"McNab (1989)"	3.7	4.81	77.8008357681359	"4"	"0"	"0"																		"0"	"1"		
"375"	"Myotis thysanodes"	"Myotis thysanodes"		"Myotis thysanodes"	"Chiro"	"0"	"O'Farrell & Studier (1970)"	"0"	"0"		8.7	15.1	130.956076511115	"8"	"1"	"1"	"1"	"1"	"1"	"1"	"1"	"1"								"1"		"1"	"3"	"0"	"1"		
"376"	"Myotis tricolor"	"Myotis tricolor"		"Myotis tricolor"	"Chiro"	"0"	"Doty (2012)"	"0"	"0"		12.71	6.36	41.8401518601686	"4"	"1"	"1"	"1"	"1"	"1"	"1"	"0"	"0"							"1"		"1"	"2"	"4"	"0"	"1"		
"377"	"Nyctalus noctula"	"Vesperugo noctula"		"Nyctalus noctula"	"Chiro"	"0"	"Kayser (1939)"	"0"	"0"		20	15	70.9085549696465	"1"	"0"	"0"	"-1"	"1"	"1"	"1"	"0"	"0"						"1"			"1"	"4"	"4"	"0"	"1"		
"378"	"Nycticeius humeralis"	"Nycticeius humeralis"		"Nycticeius humeralis"	"Chiro"	"0"	"Genoud (1993)"	"0"	"0"		9	10.7	90.5313988946165	"18"	"1"	"1"	"1"	"1"	"1"	"1"	"1"	"1"										"1"	"1"	"1"	"1"	"1"	"1"
"379"	"Nyctophilus bifax"	"Nyctophilus bifax"		"Nyctophilus bifax"	"Chiro"	"0"	"Stawski & Geiser (2011)"	"0"	"0"		9.9	12.67	100.003868619277	"11"	"1"	"1"	"1"	"1"	"1"	"1"	"0"	"0"										"2"	"2"	"1"	"1"	"1"	"1"
"380"	"Nyctophilus geoffroyi"	"Nyctophilus geoffroyi"		"Nyctophilus geoffroyi"	"Chiro"	"0"	"Hosken & Withers (1999)"	"0"	"0"		8	11.4	105.101882219955	"8"	"1"	"1"	"1"	"1"	"1"	"1"	"1"	"1"										"1"	"1"	"1"	"1"	"1"	
"381"	"Nyctophilus geoffroyi"	"Nyctophilus geoffroyi"		"Nyctophilus geoffroyi"	"Chiro"	"0"	"Geiser & Brigham (2000)"	"0"	"0"		7.1	9.66	97.1556435962928	"6"	"1"	"1"	"1"	"1"	"1"	"1"	"0"	"0"										"2"	"2"	"1"			"1"
"382"	"Nyctophilus gouldi"	"Nyctophilus gouldi"		"Nyctophilus gouldi"	"Chiro"	"0"	"Morris et al. (1994)"	"0"	"0"		9.25	20.35	168.773918316797	"25"	"1"	"1"	"-1"	"1"	"1"	"1"	"0"	"0"									"1"	"4"	"4"	"0"			"1"
"383"	"Nyctophilus gouldi"	"Nyctophilus gouldi"		"Nyctophilus gouldi"	"Chiro"	"0"	"Geiser & Brigham (2000)"	"0"	"0"		10	12.2	95.5912352148739	"8"	"1"	"1"	"1"	"1"	"1"	"1"	"0"	"0"										"2"	"2"	"1"	"1"	"1"	
"384"	"Nyctophilus gouldi"	"Nyctophilus gouldi"		"Nyctophilus gouldi"	"Chiro"	"0"	"Currie et al. (2015)"	"0"	"0"		9.9	13.27	104.73964771727	"4"	"1"	"1"	"1"	"1"	"1"	"1"	"0"	"0"										"2"	"2"	"1"			
"385"	"Nyctophilus timoriensis"	"Nyctophilus major (timoriensis)"	"major"	"Nyctophilus major"	"Chiro"	"0"	"Hosken (1997)"	"0"	"0"		13.6	20.4	127.743422055169	"5"	"1"	"1"	"1"	"1"	"1"	"1"	"1"	"1"										"1"	"1"	"1"	"1"	"1"	"1"
"386"	"Otonycteris hemprichii"	"Otonycteris hemprichii"		"Otonycteris hemprichii"	"Chiro"	"0"	"Marom et al. (2006)"	"0"	"0"		25.4	16.3	64.7324534718532	"5"	"1"	"1"	"1"	"1"	"1"	"-1"	"1"	"1"							"1"			"3"	"4"	"0"	"1"		
"387"	"Pipistrellus kuhlii"	"Pipistrellus kuhlii"		"Pipistrellus kuhlii"	"Chiro"	"0"	"Munoz-Garcia et al. (2012)"	"0"	"0"		6.99	9.31	94.7074324090874	"8"	"1"	"1"	"1"	"-1"	"1"	"-1"	"0"	"1"					"1"					"4"	"4"	"0"	"1"		
"388"	"Pipistrellus pipistrellus"	"Pipistrellus pipistrellus"		"Pipistrellus pipistrellus"	"Chiro"	"0"	"Speakman & Racey"	"1"	"0"	"Speakman (1993)"	6	12.8	145.544551106136		"0"	"1"																		"0"			"1"
"389"	"Pipistrellus pipistrellus"	"Pipistrellus pipistrellus"		"Pipistrellus pipistrellus"	"Chiro"	"0"	"Speakman & Thomas (2003)"	"0"	"0"		6.6	12.1	128.350062403262		"0"	"1"	"0"	"0"	"1"	"0"	"0"	"0"						"1"			"1"	"3"	"4"	"0"			
"390"	"Pipistrellus pipistrellus"	"Pipistrellus pipistrellus"		"Pipistrellus pipistrellus"	"Chiro"	"0"	"Genoud & Christe (2011)"	"0"	"0"		4.6	8	110.407295212913	"14"	"1"	"1"	"1"	"1"	"1"	"1"	"1"	"1"										"1"	"1"	"1"	"1"	"1"	
"391"	"Myotis vivesi"	"Pizonyx vivesi"		"Myotis vivesi"	"Chiro"	"0"	"Carpenter (1968)"	"0"	"0"		25	35.8	143.827854865896	"7"	"0"	"0"	"-1"	"1"	"1"	"1"	"1"	"1"							"1"	"1"		"3"	"3"	"0"	"1"		
"392"	"Plecotus auritus"	"Plecotus auritus"		"Plecotus auritus"	"Chiro"	"0"	"Kayser (1939)"	"0"	"0"		24	12.3	50.9083895993916		"0"	"1"	"-1"	"1"	"1"	"1"	"0"	"0"						"1"			"1"	"4"	"4"	"0"			"1"
"393"	"Plecotus auritus"	"Plecotus auritus"		"Plecotus auritus"	"Chiro"	"0"	"Webb et al. (1992)"	"0"	"0"		11.42	18.6	132.291699992685	"9"	"1"	"1"	"1"	"1"	"1"	"1"	"0"	"0"										"2"	"2"	"1"			
"394"	"Plecotus auritus"	"Plecotus auritus"		"Plecotus auritus"	"Chiro"	"0"	"McLean & Speakman (2000)"	"0"	"0"		10.7	14.69	109.56182674371	"14"	"0"	"1"	"1"	"1"	"1"	"1"	"1"	"1"										"1"	"1"	"1"	"1"	"1"	
"395"	"Plecotus auritus"	"Plecotus auritus"		"Plecotus auritus"	"Chiro"	"0"	"Becker et al. (2012)"	"0"	"0"		7.8	9.44	88.6529663520411	"11"	"0"	"1"	"1"	"1"	"1"	"1"	"1"	"1"						"1"				"1"	"2"	"1"			
"396"	"Plecotus auritus"	"Plecotus auritus"		"Plecotus auritus"	"Chiro"	"0"	"Becker et al. (2013a)"	"0"	"0"		7.8	9.5	89.216438595804	"13"	"0"	"1"	"1"	"1"	"1"	"1"	"1"	"1"						"1"				"1"	"2"	"1"			
"397"	"Vespadelus vulturnus"	"Vespadelus vulturnus"		"Eptesicus vulturnus"	"Chiro"	"0"	"Willis et al. (2005b)"	"0"	"0"		4	4.08	62.3471595289281	"5"	"1"	"1"	"1"	"1"	"1"	"1"	"0"	"0"										"2"	"2"	"1"	"1"	"1"	"1"
"398"	"Atelerix albiventris"	"Erinaceus albiventris"		"Atelerix albiventris"	"Erinaco"	"0"	"McNab (1980)"	"0"	"0"		450	146.7	71.6632391404536	"2"	"1"	"1"	"1"	"1"	"1"	"1"	"0"	"0"										"2"	"2"	"1"	"1"	"1"	"1"
"399"	"Atelerix frontalis"	"Atelerix frontalis"		"Atelerix frontalis"	"Erinaco"	"0"	"Gillies et al. (1991)"	"0"	"0"		375	86.25	48.1225411364477	"1"	"0"	"0"	"-1"	"-1"	"1"	"1"	"0"	"0"					"1"					"4"	"4"	"0"	"1"		
"400"	"Echinosorex gymnura"	"Echinosorex gymnura"		"Echinosorex gymnura"	"Erinaco"	"0"	"Whittow et al. (1977a)"	"0"	"0"		721	505	174.950348926912	"4"	"0"	"0"	"0"	"0"	"-1"	"0"	"1"	"1"									"1"	"4"	"4"	"0"	"1"		
"401"	"Erinaceus concolor"	"Erinaceus concolor"		"Erinaceus concolor"	"Erinaco"	"0"	"Krol (1994)"	"0"	"0"		823	347	109.159424604761	"18"	"1"	"1"	"1"	"1"	"1"	"1"	"1"	"1"										"1"	"1"	"1"	"1"	"1"	"1"
"402"	"Erinaceus europaeus"	"Erinaceus europaeus"		"Erinaceus europaeus"	"Erinaco"	"0"	"Kayser (1939)"	"0"	"0"		761	550.2	183.2522915368	"3"	"1"	"1"	"1"	"0"	"1"	"1"	"0"	"1"						"1"				"2"	"3"	"0"			"1"
"403"	"Erinaceus europaeus"	"Erinaceus europaeus"		"Erinaceus europaeus"	"Erinaco"	"0"	"Hildwein & Malan (1970)"	"0"	"0"		889	435.6	129.537863601109	"5"	"1"	"1"	"1"	"1"	"1"	"0"	"1"	"1"										"2"	"2"	"1"			
"404"	"Erinaceus europaeus"	"Erinaceus europaeus"		"Erinaceus europaeus"	"Erinaco"	"0"	"Shkolnik & Schmidt-Niesen (1976)"	"0"	"0"		749	337.1	113.584677759331	"8"	"1"	"1"	"1"	"1"	"1"	"1"	"1"	"0"										"2"	"2"	"1"	"1"	"1"	
"405"	"Erinaceus europaeus"	"Erinaceus europaeus"		"Erinaceus europaeus"	"Erinaco"	"0"	"Tähti (1978a, b)"	"0"	"0"		612.2	341	133.096730653036	"15"	"0"	"1"	"0"	"1"	"1"	"1"	"0"	"1"								"1"		"2"	"3"	"0"			
"406"	"Erinaceus europaeus"	"Erinaceus europaeus"		"Erinaceus europaeus"	"Erinaco"	"0"	"McNab (1980)"	"0"	"0"		2000	516	84.9683290401628	"1"	"0"	"1"	"1"	"1"	"1"	"1"	"1"	"1"		"1"	"1"						"1"	"1"	"3"	"0"			
"407"	"Erinaceus europaeus"	"Erinaceus europaeus"		"Erinaceus europaeus"	"Erinaco"	"0"	"Webb & Ellison (1998)"	"0"	"0"		505	401.4	180.275287299568	"7"	"1"	"1"	"1"	"1"	"1"	"1"	"0"	"0"										"2"	"2"	"1"			
"408"	"Hemiechinus auritus"	"Hemiechinus auritus"	"aegyptius"	"Hemiechinus auritus"	"Erinaco"	"0"	"Shkolnik & Schmidt-Niesen (1976)"	"0"	"0"		397	150.9	80.7661168941551	"8"	"1"	"1"	"1"	"1"	"1"	"1"	"1"	"0"										"2"	"2"	"1"	"1"	"1"	"1"
"409"	"Hylomys suillus"	"Hylomys suillus"		"Hylomys suillus"	"Erinaco"	"0"	"Genoud & Ruedi (1996)"	"0"	"0"		77.3	80.4	141.850686038966	"4"	"1"	"1"	"1"	"1"	"1"	"1"	"1"	"1"										"1"	"1"	"1"	"1"	"1"	"1"
"410"	"Paraechinus aethiopicus"	"Paraechinus aethiopicus"		"Hemiechinus aethiopicus"	"Erinaco"	"0"	"Shkolnik & Schmidt-Niesen (1976)"	"0"	"0"		453	113.3	55.0798264845781	"5"	"1"	"1"	"1"	"1"	"1"	"1"	"1"	"0"										"2"	"2"	"1"	"1"	"1"	"1"
"411"	"Blarina brevicauda"	"Blarina brevicauda kirtlandi"	"kirtlandi"	"Blarina brevicauda"	"Sorico"	"0"	"Pearson (1947)"	"0"	"0"		20	68	321.452115862397	"2"	"0"	"1"	"1"	"-1"	"1"	"1"	"0"	"0"						"1"			"1"	"4"	"4"	"0"			"1"
"412"	"Blarina brevicauda"	"Blarina brevicauda"		"Blarina brevicauda"	"Sorico"	"0"	"Martinsen (1969)"	"0"	"0"		18.9	41.2	202.962032641105	"7"	"0"	"1"	"-1"	"1"	"1"	"1"	"0"	"1"										"3"	"3"	"0"			
"413"	"Blarina brevicauda"	"Blarina brevicauda"		"Blarina brevicauda"	"Sorico"	"0"	"Platt (1974)"	"0"	"0"		21	52.5	239.507810390292	"10"	"1"	"1"	"1"	"1"	"1"	"1"	"0"	"0"										"2"	"2"	"1"	"1"	"1"	
"414"	"Blarina brevicauda"	"Blarina brevicauda"		"Blarina brevicauda"	"Sorico"	"0"	"Deavers & Hudson (1981)"	"0"	"0"		20.5	66	306.431645773016	"7"	"1"	"1"	"1"	"1"	"1"	"1"	"0"	"0"										"2"	"2"	"1"			
"415"	"Blarina brevicauda"	"Blarina brevicauda"		"Blarina brevicauda"	"Sorico"	"0"	"Merritt (1986)"	"0"	"0"		21	65.31	297.947716125523	"13"	"0"	"1"	"1"	"1"	"0"	"1"	"1"	"0"										"2"	"2"	"1"			
"416"	"Blarina carolinensis"	"Blarina carolinensis"		"Blarina carolinensis"	"Sorico"	"0"	"McNab (1991)"	"0"	"0"		10.2	33.3	257.177488677212	"5"	"1"	"1"	"1"	"1"	"1"	"1"	"0"	"1"										"2"	"2"	"1"	"1"	"1"	"1"
"417"	"Crocidura hildegardeae"	"Crocidura hildegardeae"		"Crocidura hildegardeae"	"Sorico"	"0"	"Sparti (1990)"	"0"	"0"		10	26	203.719025867764	"3"	"1"	"1"	"1"	"1"	"1"	"1"	"1"	"1"										"1"	"1"	"1"	"1"	"1"	"1"
"418"	"Crocidura jouvenetae"	"Crocidura jouvenetae"		"Crocidura jouvenetae"	"Sorico"	"0"	"Sparti (1990)"	"0"	"0"		10.2	22.4	172.996268659746	"3"	"1"	"1"	"1"	"1"	"1"	"1"	"1"	"1"										"1"	"1"	"1"	"1"	"1"	"1"
"419"	"Crocidura leucodon"	"Crocidura leucodon"		"Crocidura leucodon"	"Sorico"	"0"	"Nagel (1980)"	"0"	"0"		11.7	29.8	208.241370682907	"2"	"1"	"1"	"1"	"0"	"1"	"1"	"0"	"0"					"1"	"1"	"1"			"2"	"4"	"0"	"1"		
"420"	"Crocidura luna"	"Crocidura luna"		"Crocidura luna"	"Sorico"	"0"	"Sparti (1990)"	"0"	"0"		11.8	24.8	172.229658457132	"3"	"1"	"1"	"1"	"1"	"1"	"1"	"1"	"1"										"1"	"1"	"1"	"1"	"1"	"1"
"421"	"Crocidura olivieri"	"Crocidura occidentalis"	"occidentalis"	"Crocidura olivieri"	"Sorico"	"0"	"Hildwein (1972b)"	"0"	"0"		33.2	44.4	145.054614748978	"3"	"0"	"1"	"0"	"1"	"1"	"1"	"0"	"0"										"2"	"2"	"1"			"1"
"422"	"Crocidura olivieri"	"Crocidura olivieri"		"Crocidura olivieri"	"Sorico"	"0"	"Sparti (1990)"	"0"	"0"		38.9	58.4	169.980002229032	"11"	"1"	"1"	"1"	"1"	"1"	"1"	"1"	"1"										"1"	"1"	"1"	"1"	"1"	
"423"	"Crocidura poensis"	"Crocidura poensis"		"Crocidura poensis"	"Sorico"	"0"	"Sparti (1990)"	"0"	"0"		17.3	31.1	163.411652831919	"6"	"1"	"1"	"1"	"1"	"1"	"1"	"1"	"1"										"1"	"1"	"1"	"1"	"1"	"1"
"424"	"Crocidura russula"	"Crocidura russula"		"Crocidura russula"	"Sorico"	"0"	"Fons & Sicart (1976)"	"0"	"0"		8.5	25.8	227.578668402572	"3"	"1"	"1"	"1"	"-1"	"0"	"1"	"1"	"0"						"1"				"4"	"4"	"0"			
"425"	"Crocidura russula"	"Crocidura russula"		"Crocidura russula"	"Sorico"	"0"	"Nagel (1980, 1985)"	"0"	"0"		9.6	23.52	189.854034852821	"7"	"1"	"1"	"1"	"0"	"1"	"1"	"0"	"0"						"1"				"2"	"3"	"0"			
"426"	"Crocidura russula"	"Crocidura russula"		"Crocidura russula"	"Sorico"	"0"	"Sparti (1990)"	"0"	"0"		10.4	22.9	174.371868315574	"5"	"1"	"1"	"1"	"1"	"1"	"1"	"0"	"1"										"2"	"2"	"1"			
"427"	"Crocidura russula"	"Crocidura russula"		"Crocidura russula"	"Sorico"	"0"	"Magnanou et al. (2005)"	"0"	"0"		10.4	39	296.965190581108		"1"	"1"	"0"	"0"	"1"	"1"	"1"	"0"						"1"	"1"			"2"	"4"	"0"			"1"
"428"	"Crocidura russula"	"Crocidura russula"		"Crocidura russula"	"Sorico"	"0"	"Fontanillas et al. (2005)"	"0"	"0"		12.8	22.3	145.950987590974	"62"	"0"	"1"	"1"	"0"	"1"	"1"	"1"	"1"										"2"	"2"	"1"			
"429"	"Crocidura russula"	"Crocidura russula"		"Crocidura russula"	"Sorico"	"0"	"Nagel (1991)"	"0"	"0"		11.4	26.45	188.365031520121	"7"	"1"	"1"	"1"	"1"	"1"	"1"	"0"	"0"										"2"	"2"	"1"			
"430"	"Crocidura russula"	"Crocidura russula"		"Crocidura russula"	"Sorico"	"0"	"Cretegny & Genoud (2006)"	"0"	"0"		11.3	22.4	160.550652850901	"19"	"0"	"1"	"1"	"1"	"1"	"1"	"1"	"1"										"1"	"1"	"1"	"1"	"1"	
"431"	"Crocidura suaveolens"	"Crocidura russula monacha"		"Crocidura suaveolens"	"Sorico"	"0"	"Mover et al. (1986)"	"0"	"0"		7.9	20.22	188.1348470002	"5"	"1"	"1"	"1"	"1"	"1"	"1"	"0"	"1"					"1"					"2"	"2"	"1"			
"432"	"Crocidura suaveolens"	"Crocidura suaveolens"		"Crocidura suaveolens"	"Sorico"	"0"	"Nagel (1980)"	"0"	"0"		7.5	21.075	203.660199632532	"4"	"1"	"1"	"1"	"0"	"1"	"1"	"0"	"1"					"1"	"1"				"2"	"3"	"0"			
"433"	"Crocidura suaveolens"	"Crocidura russula monacha"		"Crocidura suaveolens"	"Sorico"	"0"	"Mover et al. (1988)"	"0"	"0"		8.53	21.86	192.32978970649	"14"	"0"	"1"	"0"	"0"	"0"	"1"	"1"	"1"										"2"	"2"	"1"			
"434"	"Crocidura suaveolens"	"Crocidura suaveolens"		"Crocidura suaveolens"	"Sorico"	"0"	"Sparti (1990)"	"0"	"0"		6.5	18.9	202.72448697031	"4"	"1"	"1"	"1"	"1"	"1"	"1"	"0"	"1"										"2"	"2"	"1"	"1"	"1"	
"435"	"Crocidura suaveolens"	"Crocidura suaveolens"		"Crocidura suaveolens"	"Sorico"	"0"	"Magnanou et al. (2005)"	"0"	"0"		7.99	28	258.380462970798		"1"	"1"	"0"	"0"	"1"	"1"	"1"	"0"						"1"	"1"			"2"	"4"	"0"			"1"
"436"	"Crocidura viaria"	"Crocidura viaria"		"Crocidura viaria"	"Sorico"	"0"	"Sparti (1990)"	"0"	"0"		14.7	22.1	130.760381656783	"6"	"1"	"1"	"1"	"1"	"1"	"1"	"1"	"1"										"1"	"1"	"1"	"1"	"1"	"1"
"437"	"Cryptotis parva"	"Cryptotis parva"		"Cryptotis parva"	"Sorico"	"0"	"Pfeiffer & Gass (1962)"	"0"	"0"		6.4	44.8	485.994165896077	"1"	"0"	"1"	"-1"	"-1"	"1"	"1"	"1"	"1"						"1"				"4"	"4"	"0"			"1"
"438"	"Cryptotis parva"	"Cryptotis parva"		"Cryptotis parva"	"Sorico"	"0"	"McNab (1991)"	"0"	"0"		6.2	19	210.939689384274	"2"	"1"	"1"	"1"	"1"	"1"	"1"	"0"	"1"										"2"	"2"	"1"	"1"	"1"	
"439"	"Cryptotis parva"	"Cryptotis parva"		"Cryptotis parva"	"Sorico"	"0"	"Merritt & Zegers (2014)"	"0"	"0"		5.11	20.29	259.359078037051	"21"	"1"	"1"	"1"	"1"	"0"	"1"	"0"	"0"		"1"								"2"	"2"	"1"			
"440"	"Myosorex varius"	"Myosorex varius"		"Myosorex varius"	"Sorico"	"0"	"Brown et al. (1997)"	"0"	"0"		12.32	23.86	160.573353010274	"7"	"1"	"1"	"1"	"1"	"1"	"1"	"0"	"0"										"2"	"2"	"1"	"1"	"1"	"1"
"441"	"Neomys anomalus"	"Neomys anomalus"		"Neomys anomalus"	"Sorico"	"0"	"Gebczynska & Gebczynski (1965)"	"0"	"0"		13.42	66.83	422.569473112846	"9"	"1"	"1"	"1"	"-1"	"0"	"1"	"0"	"0"						"1"				"4"	"4"	"0"	"1"		
"442"	"Neomys fodiens"	"Neomys fodiens"		"Neomys fodiens"	"Sorico"	"0"	"Gebczynska & Gebczynski (1965)"	"0"	"0"		14.18	66.65	404.842804123526	"14"	"1"	"1"	"1"	"-1"	"0"	"1"	"0"	"0"						"1"				"4"	"4"	"0"			"1"
"443"	"Neomys fodiens"	"Neomys fodiens"		"Neomys fodiens"	"Sorico"	"0"	"Nagel (1980, 1985)"	"0"	"0"		17.1	55.06	291.7697648954	"8"	"1"	"1"	"1"	"-1"	"1"	"1"	"0"	"0"						"1"				"4"	"4"	"0"			
"444"	"Neomys fodiens"	"Neomys fodiens"		"Neomys fodiens"	"Sorico"	"0"	"Sparti (1990)"	"0"	"0"		13.5	39.2	246.791951768814	"4"	"1"	"1"	"1"	"1"	"1"	"1"	"0"	"1"										"2"	"2"	"1"	"1"	"1"	
"445"	"Notiosorex crawfordi"	"Notiosorex crawfordi"		"Notiosorex crawfordi"	"Sorico"	"0"	"Lindstedt (1980)"	"0"	"0"		4	12.6	192.542698545219		"1"	"1"	"1"	"1"	"1"	"1"	"0"	"0"								"1"		"2"	"2"	"1"	"1"	"1"	"1"
"446"	"Sorex alpinus"	"Sorex alpinus"		"Sorex alpinus"	"Sorico"	"0"	"Sparti (1990)"	"0"	"0"		7.9	48.2	448.471791563287	"3"	"1"	"1"	"1"	"1"	"1"	"1"	"0"	"1"										"2"	"2"	"1"	"1"	"1"	"1"
"447"	"Sorex araneus"	"Sorex araneus"		"Sorex araneus"	"Sorico"	"0"	"Nagel (1980, 1985)"	"0"	"0"		8.7	66.4	575.859833134968	"9"	"1"	"1"	"-1"	"-1"	"1"	"1"	"0"	"0"						"1"	"1"			"4"	"4"	"0"			
"448"	"Sorex araneus"	"Sorex araneus"		"Sorex araneus"	"Sorico"	"0"	"Nagel (1994)"	"0"	"0"		8	66.4	612.172366614475	"11"	"1"	"1"	"-1"	"-1"	"1"	"1"	"0"	"0"										"4"	"4"	"0"			"1"
"449"	"Sorex araneus"	"Sorex araneus"		"Sorex araneus"	"Sorico"	"0"	"Taylor & Ochocinska"	"1"	"0"	"Taylor (1998)"	7.7	46.8	443.662127320115	"10"	"0"	"1"																		"0"			
"450"	"Sorex araneus"	"Sorex araneus"		"Sorex araneus"	"Sorico"	"0"	"Ochocinska & Taylor (2005)"	"0"	"0"		7.5	44.7	431.962558651207	"16"	"0"	"1"	"0"	"1"	"1"	"1"	"0"	"0"										"2"	"2"	"1"	"1"	"1"	
"451"	"Sorex araneus"	"Sorex araneus"		"Sorex araneus"	"Sorico"	"0"	"Taylor et al. (2013)"	"0"	"0"		7.06	41.91	423.250301959975	"24"	"0"	"1"	"0"	"1"	"1"	"1"	"0"	"1"										"2"	"2"	"1"			
"452"	"Sorex cinereus"	"Sorex cinereus cinereus"	"cinereus"	"Sorex cinereus"	"Sorico"	"0"	"Pearson (1947)"	"0"	"0"		3.65	38.7	632.204684703366	"1"	"0"	"1"	"1"	"-1"	"0"	"1"	"0"	"1"						"1"			"1"	"4"	"4"	"0"			
"453"	"Sorex cinereus"	"Sorex cinereus"		"Sorex cinereus"	"Sorico"	"0"	"Morrison et al. (1959)"	"0"	"0"		3.5	31.5	530.570613612276		"1"	"1"	"1"	"1"	"-1"	"1"	"0"	"0"										"4"	"4"	"0"			
"454"	"Sorex cinereus"	"Sorex cinereus"		"Sorex cinereus"	"Sorico"	"0"	"Kenagy & Vleck (1982)"	"0"	"0"		7.9	56.6	526.628701296308	"1"	"0"	"1"	"0"	"0"	"-1"	"1"	"0"	"0"										"4"	"4"	"0"			
"455"	"Sorex cinereus"	"Sorex cinereus"		"Sorex cinereus"	"Sorico"	"0"	"Merritt (1995)"	"0"	"0"		5	32.75	425.324513600132	"2"	"0"	"1"	"1"	"0"	"0"	"1"	"1"	"0"						"1"				"2"	"3"	"0"	"1"		
"456"	"Sorex coronatus"	"Sorex coronatus"		"Sorex coronatus"	"Sorico"	"0"	"Sparti & Genoud (1989)"	"0"	"0"		9.1	51.9	435.596544272538	"6"	"1"	"1"	"1"	"1"	"1"	"1"	"0"	"1"										"2"	"2"	"1"	"1"	"1"	"1"
"457"	"Sorex minutus"	"Sorex minutus"		"Sorex minutus"	"Sorico"	"0"	"Gebczynski (1971)"	"0"	"0"		4.57	52.28	724.961447395409	"6"	"1"	"1"	"1"	"-1"	"0"	"1"	"1"	"1"						"1"				"3"	"4"	"0"			"1"
"458"	"Sorex minutus"	"Sorex minutus"		"Sorex minutus"	"Sorico"	"0"	"Sparti & Genoud (1989)"	"0"	"0"		3.3	28.4	499.321102461274	"6"	"1"	"1"	"1"	"1"	"1"	"1"	"0"	"1"										"2"	"2"	"1"	"1"	"1"	
"459"	"Sorex minutus"	"Sorex minutus"		"Sorex minutus"	"Sorico"	"0"	"McDevitt & Andrews (1995)"	"0"	"0"		5.1	44.19	565.670572137927	"18"	"1"	"1"	"1"	"0"	"0"	"1"	"1"	"1"						"1"				"2"	"3"	"0"			
"460"	"Sorex ornatus"	"Sorex sinuosus"	"sinuosus ?"	"Sorex ornatus"	"Sorico"	"0"	"Newman (1971)"	"0"	"0"		4.7	25	339.65570461635	"6"	"1"	"1"	"1"	"0"	"0"	"1"	"0"	"0"							"1"			"3"	"4"	"0"	"1"		
"461"	"Sorex ornatus"	"Sorex sinuosus"	"sinuosus ?"	"Sorex ornatus"	"Sorico"	"0"	"Newman & Rudd (1978)"	"0"	"0"		6.4	60.16	652.620737060446	"9"	"0"	"1"	"-1"	"-1"	"-1"	"1"	"1"	"0"						"1"				"4"	"4"	"0"			
"462"	"Sorex palustris"	"Sorex palustris"		"Sorex palustris"	"Sorico"	"0"	"Gustak et al. (2005)"	"0"	"0"		14.4	70.65	424.349947029067	"5"	"1"	"1"	"1"	"1"	"1"	"1"	"1"	"1"										"1"	"1"	"1"	"1"	"1"	"1"
"463"	"Sorex vagrans"	"Sorex vagrans"		"Sorex vagrans"	"Sorico"	"0"	"Tomasi (1985)"	"0"	"0"		5.2	19.71	248.758786534446	"7"	"0"	"0"	"0"	"0"	"-1"	"0"	"0"	"0"							"1"			"4"	"4"	"0"	"1"		
"464"	"Suncus etruscus"	"Suncus etruscus"		"Suncus etruscus"	"Sorico"	"0"	"Fons & Sicart (1976)"	"0"	"0"		2.3	10.8	247.048604980208	"5"	"1"	"1"	"1"	"-1"	"0"	"1"	"1"	"0"						"1"			"1"	"4"	"4"	"0"			
"465"	"Suncus etruscus"	"Suncus etruscus"		"Suncus etruscus"	"Sorico"	"0"	"Nagel"	"1"	"0"	"Nagel (1980, 1985)"	2.5	9	193.732501410656	"2"	"0"	"1"																		"0"			
"466"	"Suncus etruscus"	"Suncus etruscus"		"Suncus etruscus"	"Sorico"	"0"	"Frey (1980)"	"0"	"0"		2.2	7.04	166.343091138056	"6"	"1"	"1"	"1"	"1"	"1"	"1"	"1"	"1"										"1"	"1"	"1"	"1"	"1"	
"467"	"Suncus etruscus"	"Suncus etruscus"		"Suncus etruscus"	"Sorico"	"0"	"Magnanou et al. (2005)"	"0"	"0"		2.31	13.9	316.956680449762	"10"	"1"	"1"	"0"	"0"	"1"	"1"	"1"	"0"						"1"	"1"			"2"	"4"	"0"			"1"
"468"	"Suncus murinus"	"Suncus murinus"		"Suncus murinus"	"Sorico"	"0"	"Dryden et al. (1974)"	"0"	"0"		52.4	88	206.133419054043	"13"	"0"	"0"	"-1"	"1"	"1"	"1"	"1"	"1"									"1"	"3"	"4"	"0"	"1"		
"469"	"Condylura cristata"	"Condylura cristata"		"Condylura cristata"	"Sorico"	"0"	"Campbell et al. (1999)"	"0"	"0"		49	110.3	271.319378111916	"12"	"1"	"1"	"1"	"1"	"1"	"1"	"1"	"0"										"2"	"2"	"1"	"1"	"1"	
"470"	"Condylura cristata"	"Condylura cristata"		"Condylura cristata"	"Sorico"	"0"	"McIntyre (2000)"	"0"	"0"		50	117.5	284.804584788388	"12"	"1"	"1"	"1"	"1"	"1"	"1"	"0"	"0"										"2"	"2"	"1"			"1"
"471"	"Neurotrichus gibbsii"	"Neurotrichus gibbsii"		"Neurotrichus gibbsii"	"Sorico"	"0"	"Campbell & Hochachka (2000)"	"0"	"0"		11.8	46.5	322.930609607122	"6"	"1"	"1"	"1"	"1"	"1"	"1"	"1"	"1"										"1"	"1"	"1"	"1"	"1"	"1"
"472"	"Scalopus aquaticus"	"Scalopus aquaticus"		"Scalopus aquaticus"	"Sorico"	"0"	"McNab (1979b)"	"0"	"0"		48	67.7	169.052675891223	"2"	"1"	"1"	"1"	"1"	"1"	"1"	"1"	"0"										"2"	"2"	"1"	"1"	"1"	"1"
"473"	"Scapanus latimanus"	"Scapanus latimanus"		"Scapanus latimanus"	"Sorico"	"0"	"Contreras (1983)"	"0"	"0"		61	76.3	159.984287352249	"3"	"1"	"1"	"1"	"1"	"0"	"1"	"0"	"0"										"2"	"2"	"1"	"1"	"1"	"1"
"474"	"Scapanus orarius"	"Scapanus orarius"		"Scapanus orarius"	"Sorico"	"0"	"Kenagy & Vleck (1982)"	"0"	"0"		61.2	64.1	134.083236876285	"1"	"0"	"0"	"0"	"1"	"1"	"1"	"0"	"0"										"2"	"2"	"1"	"1"	"1"	"1"
"475"	"Scapanus townsendii"	"Scapanus townsendii"		"Scapanus townsendii"	"Sorico"	"0"	"Kenagy & Vleck (1982)"	"0"	"0"		130.1	108.9	131.455261493427	"3"	"0"	"0"	"0"	"1"	"1"	"1"	"0"	"0"										"2"	"2"	"1"	"1"	"1"	"1"
"476"	"Parascalops breweri"	"Parascalops breweri"		"Parascalops breweri"	"Sorico"	"0"	"Jensen (1983)"	"0"	"0"		57.6	130.8	285.96836769086	"2"	"0"	"0"	"-1"	"1"	"-1"	"1"	"1"	"0"								"1"		"4"	"4"	"0"	"1"		
"477"	"Manis crassicaudata"	"Manis crassicaudata"		"Manis crassicaudata"	"Pholi"	"0"	"McNab (1984)"	"0"	"0"		15910	1241	45.0622075346675	"1"	"1"	"1"	"0"	"1"	"1"	"1"	"1"	"1"										"2"	"2"	"1"	"1"	"1"	"1"
"478"	"Manis javanica"	"Manis javanicus"		"Manis javanica"	"Pholi"	"0"	"McNab (1984)"	"0"	"0"		4220	1106	105.672162026028	"1"	"1"	"1"	"1"	"1"	"1"	"1"	"1"	"1"										"1"	"1"	"1"	"1"	"1"	"1"
"479"	"Manis pentadactyla"	"Manis pentadactyla"		"Manis pentadactyla"	"Pholi"	"0"	"Heath & Hammel (1986)"	"0"	"0"		3638	667.9	71.105104964852	"4"	"1"	"1"	"1"	"1"	"-1"	"1"	"1"	"-1"										"4"	"4"	"0"	"1"		
"480"	"Manis tetradactyla"	"Manis longicaudata"		"Manis tetradactyla"	"Pholi"	"0"	"Hildwein (1974)"	"0"	"0"		1430	242	50.8901390499291	"1"	"0"	"0"	"0"	"1"	"-1"	"1"	"0"	"0"							"1"			"4"	"4"	"0"	"1"		
"481"	"Manis tricuspis"	"Manis tricuspis"		"Manis tricuspis"	"Pholi"	"0"	"Hildwein (1972b)"	"0"	"0"		2730	831.3	109.107210795895	"1"	"0"	"0"	"0"	"1"	"1"	"1"	"0"	"0"										"2"	"2"	"1"	"1"	"1"	
"482"	"Manis tricuspis"	"Manis tricuspis"		"Manis tricuspis"	"Pholi"	"0"	"Hildwein (1974)"	"0"	"0"		1220	295	69.6504525012068	"5"	"0"	"0"	"0"	"1"	"-1"	"1"	"0"	"0"							"1"		"1"	"4"	"4"	"0"			"1"
"483"	"Echinops telfairi"	"Echinops telfairi"		"Echinops telfairi"	"Afro"	"0"	"Dryden"	"1"	"0"	"Dryden et al. (1974)"	116.4	133.9	175.290789558053	"3"	"0"	"0"																		"0"			
"484"	"Echinops telfairi"	"Echinops telfairi"		"Echinops telfairi"	"Afro"	"0"	"Thompson & Nicoll (1986)"	"0"	"0"		140.6	39.1	44.6019351046216	"1"	"0"	"0"	"-1"	"1"	"1"	"1"	"1"	"1"						"1"				"3"	"3"	"0"			
"485"	"Echinops telfairi"	"Echinops telfairi"		"Echinops telfairi"	"Afro"	"0"	"Nicoll & Thompson (1987)"	"0"	"0"		152.5	40.1	43.1120723513825	"1"	"0"	"0"	"-1"	"1"	"1"	"1"	"1"	"1"										"3"	"3"	"0"	"1"		
"486"	"Echinops telfairi"	"Echinops telfairi"		"Echinops telfairi"	"Afro"	"0"	"Poppitt et al. (1994)"	"0"	"0"		174.8	59.5	57.9111924185807	"4"	"0"	"0"	"0"	"1"	"-1"	"1"	"1"	"-1"										"4"	"4"	"0"			
"487"	"Geogale aurita"	"Geogale aurita"		"Geogale aurita"	"Afro"	"0"	"Stephenson & Racey (1993a)"	"0"	"0"		6.9	7.73	79.3810336328125	"12"	"1"	"1"	"-1"	"1"	"1"	"1"	"1"	"1"							"1"			"3"	"4"	"0"	"1"		
"488"	"Hemicentetes nigriceps"	"Hemicentetes nigriceps"		"Hemicentetes nigriceps"	"Afro"	"0"	"Stephenson & Racey (1994)"	"0"	"0"		101.9	72.5	104.577262521399	"5"	"0"	"0"	"-1"	"1"	"1"	"1"	"1"	"1"										"3"	"3"	"0"	"1"		
"489"	"Hemicentetes semispinosus"	"Hemicentetes semispinosus"		"Hemicentetes semispinosus"	"Afro"	"0"	"Stephenson & Racey (1994)"	"0"	"0"		133	64.1	76.1427268928005	"5"	"0"	"0"	"-1"	"1"	"1"	"1"	"1"	"1"										"3"	"3"	"0"	"1"		
"490"	"Limnogale mergulus"	"Limnogale mergulus"		"Limnogale mergulus"	"Afro"	"0"	"Stephenson (1994b)"	"0"	"0"		77.7	72.3	127.080705574649	"1"	"0"	"0"	"0"	"1"	"1"	"1"	"0"	"1"										"2"	"2"	"1"	"1"	"1"	"1"
"491"	"Microgale cowani"	"Microgale cowani"		"Microgale cowani"	"Afro"	"0"	"Stephenson & Racey (1993b)"	"0"	"0"		10.3	27	207.044486630264	"2"	"0"	"0"	"0"	"1"	"1"	"1"	"1"	"1"										"2"	"2"	"1"	"1"	"1"	"1"
"492"	"Microgale dobsoni"	"Microgale dobsoni"		"Microgale dobsoni"	"Afro"	"0"	"Stephenson & Racey (1993b)"	"0"	"0"		44.6	41.7	109.857366985656	"6"	"1"	"1"	"-1"	"1"	"1"	"1"	"1"	"1"							"1"			"3"	"4"	"0"	"1"		
"493"	"Microgale drouhardi"	"Microgale melanorrhachis"		"Microgale drouhardi"	"Afro"	"0"	"Stephenson & Racey (1993b)"	"0"	"0"		11.9	28.386	195.924481643378	"1"	"0"	"0"	"-1"	"1"	"1"	"1"	"1"	"1"									"1"	"3"	"4"	"0"	"1"		
"494"	"Microgale talazaci"	"Microgale talazaci"		"Microgale talazaci"	"Afro"	"0"	"Stephenson & Racey (1993b)"	"0"	"0"		44	43.5	115.736541031872	"6"	"0"	"0"	"0"	"1"	"1"	"1"	"1"	"1"										"2"	"2"	"1"	"1"	"1"	"1"
"495"	"Oryzorictes hova"	"Oryzorictes hova"		"Oryzorictes hova"	"Afro"	"0"	"Stephenson (1994a)"	"0"	"0"		44.4	68.7	181.581999773204	"1"	"0"	"0"	"-1"	"0"	"0"	"0"	"0"	"0"						"1"	"1"			"4"	"4"	"0"	"1"		
"496"	"Setifer setosus"	"Setifer setosus"		"Setifer setosus"	"Afro"	"0"	"Hildwein (1972a)"	"0"	"0"		364	83.72	47.7358383139459	"8"	"1"	"1"	"1"	"1"	"1"	"1"	"1"	"1"										"1"	"1"	"1"			"1"
"497"	"Setifer setosus"	"Setifer setosus"		"Setifer setosus"	"Afro"	"0"	"McNab (1980)"	"0"	"0"		530	122.4	53.0692013301725	"2"	"1"	"1"	"1"	"1"	"1"	"1"	"1"	"1"		"1"								"1"	"2"	"1"			
"498"	"Setifer setosus"	"Setifer setosus"		"Setifer setosus"	"Afro"	"0"	"Levesque & Lovegrove (2014)"	"0"	"0"		159.5	56.85	59.1529176767718	"25"	"1"	"1"	"1"	"1"	"0"	"1"	"1"	"1"										"2"	"2"	"1"	"1"	"1"	
"499"	"Tenrec ecaudatus"	"Tenrec ecaudatus"		"Tenrec ecaudatus"	"Afro"	"0"	"Hildwein (1970)"	"0"	"0"		790	260.5	84.4298117488238	"5"	"1"	"1"	"1"	"1"	"1"	"0"	"1"	"1"					"1"					"2"	"2"	"1"	"1"	"1"	"1"
"500"	"Amblysomus hottentotus"			"Amblysomus hottentotus"	"Afro"	"0"	"Kuyper (1979)"	"0"	"1"	"McNab (2008a)"	70	84.66	160.568383731739			"1"																		"0"			
"501"	"Amblysomus hottentotus"	"Amblysomus hottentotus"		"Amblysomus hottentotus"	"Afro"	"0"	"Kuyper (1985)"	"0"	"0"		69.8	95.63	181.753086846711	"15"	"1"	"1"	"1"	"0"	"0"	"1"	"1"	"0"						"1"				"2"	"3"	"0"			"1"
"502"	"Amblysomus hottentotus"	"Amblysomus hottentotus longiceps"	"longiceps"	"Amblysomus hottentotus"	"Afro"	"0"	"Scantlebury et al. (2005)"	"0"	"0"		65.5	73.5	146.320667689785	"8"	"0"	"1"	"1"	"1"	"0"	"1"	"0"	"0"										"2"	"2"	"1"	"1"	"1"	
"503"	"Amblysomus hottentotus"	"Amblysomus hottentotus longiceps"	"longiceps"	"Amblysomus hottentotus"	"Afro"	"0"	"Scantlebury et al. (2008)"	"0"	"0"		70.05	84.44	160.067784425265	"10"	"0"	"1"	"0"	"1"	"0"	"1"	"0"	"0"										"3"	"3"	"0"			
"504"	"Chrysochloris asiatica"	"Chrysochloris asiatica"		"Chrysochloris asiatica"	"Afro"	"0"	"Withers (1978)"	"0"	"0"		33	40.84	134.013118718382	"2"	"1"	"1"	"1"	"-1"	"0"	"1"	"0"	"0"				"1"		"1"				"4"	"4"	"0"			"1"
"505"	"Chrysochloris asiatica"	"Chrysochloris asiatica"		"Chrysochloris asiatica"	"Afro"	"0"	"Bennett & Spinks (1995)"	"0"	"0"		44	51.5	137.021422141181	"7"	"1"	"1"	"1"	"1"	"1"	"1"	"0"	"0"										"2"	"2"	"1"	"1"	"1"	
"506"	"Eremitalpa granti"	"Eremitalpa granti namibensis"	"namibensis"	"Eremitalpa granti"	"Afro"	"0"	"Fielden et al. (1990)"	"0"	"0"		26.1	13.57	52.833229785752	"7"	"1"	"1"	"1"	"0"	"1"	"1"	"1"	"1"						"1"				"2"	"2"	"1"	"1"	"1"	
"507"	"Eremitalpa granti"	"Eremitalpa granti namibensis"	"namibensis"	"Eremitalpa granti"	"Afro"	"0"	"Seymour et al. (1998)"	"0"	"0"		20.62	10.87	50.2540830465972	"19"	"1"	"1"	"-1"	"1"	"1"	"1"	"0"	"0"						"1"	"1"			"4"	"4"	"0"			"1"
"508"	"Elephantulus brachyrhynchus"	"Elephantulus brachyrhynchus"		"Elephantulus brachyrhynchus"	"Macros"	"0"	"Downs & Perrin (1995b)"	"0"	"0"		45.3	43.72	113.878780268487	"4"	"1"	"1"	"0"	"1"	"1"	"1"	"0"	"0"										"2"	"2"	"1"	"1"	"1"	"1"
"509"	"Elephantulus edwardii"	"Elephantulus edwardi"		"Elephantulus edwardii"	"Macros"	"0"	"Leon et al. (1983)"	"0"	"0"		49.8	54.28	131.952581457314	"7"	"1"	"1"	"1"	"1"	"-1"	"0"	"1"	"1"										"3"	"3"	"0"	"1"		
"510"	"Elephantulus intufi"	"Elephantulus intufi"		"Elephantulus intufi"	"Macros"	"0"	"Downs & Perrin (1995b)"	"0"	"0"		46.5	52.03	132.965467875641	"7"	"1"	"1"	"0"	"1"	"1"	"1"	"0"	"0"										"2"	"2"	"1"	"1"	"1"	"1"
"511"	"Elephantulus myurus"	"Elephantulus myurus"		"Elephantulus myurus"	"Macros"	"0"	"Lovegrove et al. (2001)"	"0"	"0"		63	66.3	135.785223262946	"7"	"1"	"1"	"1"	"1"	"1"	"1"	"0"	"1"										"2"	"2"	"1"	"1"	"1"	
"512"	"Elephantulus myurus"	"Elephantulus myurus"		"Elephantulus myurus"	"Macros"	"0"	"Mzilikazi & Lovegrove (2006)"	"0"	"0"		60.9	151	316.99264366441	"10"	"0"	"1"	"-1"	"1"	"1"	"1"	"1"	"1"										"3"	"3"	"0"			"1"
"513"	"Elephantulus rozeti"	"Elephantulus rozeti"		"Elephantulus rozeti"	"Macros"	"0"	"Lovegrove et al. (2001)"	"0"	"0"		45.3	47.8	124.506077237733	"7"	"1"	"1"	"1"	"1"	"1"	"1"	"0"	"1"										"2"	"2"	"1"	"1"	"1"	"1"
"514"	"Elephantulus rufescens"	"Elephantulus rufescens"		"Elephantulus rufescens"	"Macros"	"0"	"McNab (1984)"	"0"	"0"		53	56.87	132.112637272718	"6"	"1"	"1"	"1"	"1"	"1"	"1"	"1"	"1"										"1"	"1"	"1"	"1"	"1"	
"515"	"Elephantulus rufescens"	"Elephantulus rufescens"		"Elephantulus rufescens"	"Macros"	"0"	"Thompson & Nicoll (1986)"	"0"	"0"		84.1	77.88	129.213504286966	"1"	"0"	"1"	"0"	"1"	"1"	"1"	"1"	"1"						"1"				"2"	"3"	"0"			"1"
"516"	"Elephantulus rupestris"	"Elephantulus rupestris"		"Elephantulus rupestris"	"Macros"	"0"	"Oelkrug et al. (2012)"	"0"	"0"		59.7	53.17	113.250366402569	"7"	"1"	"1"	"0"	"1"	"1"	"1"	"1"	"1"										"2"	"2"	"1"	"1"	"1"	"1"
"517"	"Macroscelides proboscideus"	"Macroscelides proboscideus"		"Macroscelides proboscideus"	"Macros"	"0"	"Roxburgh & Perrin (1994)"	"0"	"0"		38.8	51.99	151.60716697597	"12"	"1"	"1"	"1"	"1"	"1"	"1"	"1"	"0"										"2"	"2"	"1"	"1"	"1"	"1"
"518"	"Petrodromus tetradactylus"	"Petrodromus tetradactylus"		"Petrodromus tetradactylus"	"Macros"	"0"	"McNab (1984)"	"0"	"0"		210	127.7	108.730472236159	"2"	"1"	"1"	"0"	"1"	"1"	"1"	"1"	"1"							"1"		"1"	"2"	"3"	"0"			"1"
"519"	"Petrodromus tetradactylus"	"Petrodromus tetradactylus"		"Petrodromus tetradactylus"	"Macros"	"0"	"Downs & Perrin (1995b)"	"0"	"0"		206.1	179.5	154.93867574945	"3"	"1"	"1"	"1"	"1"	"0"	"1"	"0"	"0"										"2"	"2"	"1"	"1"	"1"	
"520"	"Elephas maximus"	"elephant"		"Elephas maximus"	"Probo"	"0"	"Benedict (1938)"	"0"	"0"		3672000	425347	292.406867722328	"1"	"0"	"0"	"1"	"-1"	"-1"	"0"	"1"	"1"					"1"		"1"			"4"	"4"	"0"	"1"		
"521"	"Loxodonta africana"	"African elephant"		"Loxodonta africana"	"Probo"	"0"	"Langman et al. (1995)"	"0"	"0"		1542000	252888	327.244952167954	"3"	"0"	"0"	"1"	"1"	"-1"	"-1"	"-1"	"1"					"1"					"4"	"4"	"0"	"1"		
"522"	"Dendrohyrax dorsalis"	"Dendrohyrax dorsalis"		"Dendrohyrax dorsalis"	"Hyraco"	"0"	"Hildwein (1972b)"	"0"	"0"		2210	752.1	115.152100403697	"1"	"0"	"0"	"0"	"1"	"1"	"1"	"1"	"1"										"2"	"2"	"1"	"1"	"1"	"1"
"523"	"Heterohyrax brucei"	"Heterohyrax brucei"		"Heterohyrax brucei"	"Hyraco"	"0"	"Taylor & Sale (1969)"	"0"	"0"		2000	720.1	118.576925856243	"2"	"1"	"1"	"1"	"0"	"-1"	"-1"	"0"	"0"						"1"	"1"			"4"	"4"	"0"			
"524"	"Heterohyrax brucei"	"Heterohyrax brucei"		"Heterohyrax brucei"	"Hyraco"	"0"	"Bartholomew & Rainy (1971)"	"0"	"0"		1287	669.2	151.960745139305	"4"	"1"	"1"	"1"	"1"	"1"	"-1"	"1"	"1"										"3"	"3"	"0"	"1"		
"525"	"Procavia capensis"	"Procavia capensis"		"Procavia capensis"	"Hyraco"	"0"	"Taylor & Sale (1969)"	"0"	"0"		2630	1157	156.042845471511	"2"	"1"	"1"	"1"	"0"	"-1"	"-1"	"0"	"0"						"1"	"1"			"4"	"4"	"0"			
"526"	"Procavia capensis"	"Procavia habessinica"	"habessinicus"	"Procavia capensis"	"Hyraco"	"0"	"Taylor & Sale (1969)"	"0"	"0"		2250	945	142.806835520296	"4"	"1"	"1"	"1"	"0"	"-1"	"-1"	"0"	"0"						"1"	"1"			"4"	"4"	"0"			
"527"	"Procavia capensis"	"Procavia habessinica"	"habessinicus"	"Procavia capensis"	"Hyraco"	"0"	"Rübsamen et al. (1979)"	"0"	"0"		2400	648	93.4241711489173	"3"	"1"	"1"	"1"	"1"	"1"	"-1"	"0"	"0"										"4"	"4"	"0"	"1"		
"528"	"Procavia capensis"	"Procavia  johnstoni"	"johnstoni"	"Procavia capensis"	"Hyraco"	"0"	"Taylor & Sale (1969)"	"0"	"0"		2750	1210	157.968349075716	"3"	"1"	"1"	"1"	"0"	"-1"	"-1"	"0"	"0"						"1"	"1"			"4"	"4"	"0"			
"529"	"Trichechus inunguis"	"Trichechus inunguis"		"Trichechus inunguis"	"Sirenia"	"0"	"Gallivan & Best (1980)"	"0"	"0"		170500	8531	54.9706800051845	"1"	"0"	"0"	"1"	"1"	"1"	"1"	"1"	"1"										"1"	"1"	"1"	"1"	"1"	
"530"	"Trichechus inunguis"	"Trichechus inunguis"		"Trichechus inunguis"	"Sirenia"	"0"	"Gallivan & Best (1986)"	"0"	"0"		169250	8280	53.6402970026156	"2"	"0"	"0"	"1"	"1"	"1"	"1"	"-1"	"1"										"3"	"3"	"0"			"1"
"531"	"Trichechus manatus"	"Trichechus latirostris"		"Trichechus manatus"	"Sirenia"	"0"	"Scholander & Irving (1941)"	"0"	"0"		330000	30000	119.449087220072	"1"	"0"	"1"	"1"	"0"	"-1"	"0"	"1"	"0"					"1"		"1"			"4"	"4"	"0"			
"532"	"Trichechus manatus"	"Trichechus manatus"		"Trichechus manatus"	"Sirenia"	"0"	"Irvine (1983)"	"0"	"0"		427700	10992	36.2271733415989	"3"	"1"	"1"	"1"	"1"	"-1"	"0"	"1"	"1"							"1"			"3"	"3"	"0"	"1"		
"533"	"Orycteropus afer"	"Orycteropus afer"		"Orycteropus afer"	"Tubuli"	"0"	"McNab (1984)"	"0"	"0"		48000	6144	99.7434963905971	"1"	"1"	"1"	"1"	"1"	"1"	"1"	"1"	"1"										"1"	"1"	"1"	"1"	"1"	"1"
"534"	"Aotus trivirgatus"	"Aotus trivirgatus"		"Aotus trivirgatus"	"Prima"	"0"	"Scholander et al. (1950)"	"0"	"0"		820	416.7	131.435125730787	"1"	"1"	"1"	"1"	"0"	"1"	"1"	"0"	"0"	"1"					"1"				"2"	"3"	"0"			
"535"	"Aotus trivirgatus"	"Aotus trivirgatus"		"Aotus trivirgatus"	"Prima"	"0"	"Goffart (1977)"	"0"	"0"		1020	452.7	121.786517552548	"7"	"0"	"1"	"1"	"0"	"1"	"1"	"0"	"0"	"1"									"2"	"2"	"1"			"1"
"536"	"Aotus trivirgatus"	"Aotus trivirgatus trivirgatus & azarae"		"Aotus trivirgatus"	"Prima"	"0"	"Le Maho et al. (1981)"	"0"	"0"		1030	496	132.489537039387	"6"	"1"	"1"	"1"	"1"	"1"	"1"	"0"	"0"	"1"				"1"					"2"	"2"	"1"	"1"	"1"	
"537"	"Alouatta palliata"	"Alouatta palliata"		"Alouatta palliata"	"Prima"	"0"	"Milton et al. (1979)"	"0"	"0"		4670	2060	182.807267575133	"2"	"0"	"0"	"1"	"1"	"1"	"-1"	"1"	"1"										"3"	"3"	"0"	"1"		
"538"	"Callimico goeldii"	"Callimico goeldii"		"Callimico goeldii"	"Prima"	"0"	"Power et al. (2003)"	"0"	"0"		547	288.5	122.239425304574	"6"	"1"	"1"	"1"	"1"	"1"	"1"	"1"	"1"		"1"								"1"	"1"	"1"			"1"
"539"	"Callimico goeldii"	"Callimico goeldii"		"Callimico goeldii"	"Prima"	"0"	"Kälin et al. (2003)"	"0"	"0"		557	278	116.245085562029	"10"	"1"	"1"	"1"	"1"	"1"	"1"	"1"	"1"		"1"								"1"	"1"	"1"	"1"	"1"	
"540"	"Callithrix jacchus"			"Callithrix jacchus"	"Prima"	"0"	"Morrison & Simoes (1962)"	"0"	"1"	"Ross (1992)"	190	152	139.216418132069			"0"					"-1"												"4"	"0"			"1"
"541"	"Callithrix jacchus"	"Callithrix jacchus"		"Callithrix jacchus"	"Prima"	"0"	"Petry et al. (1986)"	"0"	"0"		356.7	163	94.3228425928432	"5"	"0"	"0"	"0"	"1"	"1"	"1"	"1"	"1"		"1"								"2"	"2"	"1"	"1"	"1"	
"542"	"Callithrix pygmaea"	"Cebuella pygmaea"		"Callithrix pygmaea"	"Prima"	"0"	"Morrison & Middleton (1967)"	"0"	"0"		116.8	110.6	144.4267163798	"2"	"1"	"1"	"1"	"1"	"1"	"-1"	"1"	"1"										"3"	"3"	"0"			"1"
"543"	"Callithrix pygmaea"	"Cebuella pygmaea"		"Callithrix pygmaea"	"Prima"	"0"	"Power (1991)"	"0"	"0"		121.6	78.4	99.4163305705578	"4"	"1"	"1"	"1"	"1"	"1"	"1"	"1"	"1"		"1"								"1"	"1"	"1"			
"544"	"Callithrix pygmaea"	"Cebuella pygmaea"		"Callithrix pygmaea"	"Prima"	"0"	"Genoud et al. (1997)"	"0"	"0"		153	97.8	104.895545201228	"6"	"1"	"1"	"1"	"1"	"1"	"1"	"1"	"1"		"1"								"1"	"1"	"1"	"1"	"1"	
"545"	"Leontopithecus rosalia"	"Leontopithecus rosalia"		"Leontopithecus rosalia"	"Prima"	"0"	"Thompson et al. (1994)"	"0"	"0"		733	382	130.755753654972	"6"	"1"	"1"	"1"	"1"	"1"	"1"	"1"	"1"		"1"								"1"	"1"	"1"	"1"	"1"	"1"
"546"	"Saguinus geoffroyi"	"Leontocebus geoffroyi"		"Saguinus geoffroyi"	"Prima"	"0"	"Scholander et al. (1950)"	"0"	"0"		225	234.4	189.790641833285	"1"	"1"	"1"	"0"	"0"	"1"	"-1"	"0"	"0"						"1"	"1"		"1"	"4"	"4"	"0"	"1"		
"547"	"Saguinus oedipus"	"Saguinus oedipus"		"Saguinus oedipus"	"Prima"	"0"	"Stonerook et al. (1994)"	"0"	"0"		296	265.5	176.015579944946	"8"	"1"	"1"	"1"	"1"	"1"	"-1"	"1"	"1"		"1"								"3"	"3"	"0"	"1"		
"548"	"Saimiri boliviensis"	"Saimiri sciureus"		"Saimiri boliviensis"	"Prima"	"0"	"Le Maho et al. (1981)"	"0"	"0"		850	592	181.900357550415	"5"	"0"	"0"	"0"	"1"	"1"	"-1"	"1"	"1"										"3"	"3"	"0"	"1"		
"549"	"Saimiri boliviensis"	"Saimiri sciureus"		"Saimiri boliviensis"	"Prima"	"0"	"Robinson et al. (1993)"	"0"	"0"		1090	782	200.438469961344	"5"	"0"	"0"	"-1"	"1"	"-1"	"1"	"0"	"0"										"4"	"4"	"0"			
"550"	"Saimiri boliviensis"	"Saimiri boliviensis"		"Saimiri boliviensis"	"Prima"	"0"	"Hanna (2006)"	"0"	"0"		782.5	993.2	324.14913375176	"2"	"0"	"0"	"0"	"1"	"1"	"-1"	"1"	"1"		"1"							"1"	"3"	"4"	"0"			
"551"	"Saimiri sciureus"	"Saimiri sciurea"		"Saimiri sciureus"	"Prima"	"0"	"Malinow & Wagner (1966)"	"0"	"0"		839.8	694.9	215.40528029387	"11"	"0"	"1"	"-1"	"0"	"1"	"0"	"1"	"1"					"1"					"4"	"4"	"0"	"1"		
"552"	"Saimiri sciureus"	"Saimiri sciureus"		"Saimiri sciureus"	"Prima"	"0"	"Stitt & Hardy (1971)"	"0"	"0"		950	950	269.166706086508	"5"	"1"	"1"	"1"	"-1"	"-1"	"-1"	"1"	"0"		"1"			"1"					"4"	"4"	"0"			
"553"	"Cercocebus torquatus"	"Cercocebus torquatus lunulatus"		"Cercocebus torquatus"	"Prima"	"0"	"Bruhn (1934)"	"0"	"0"		3750	1600	166.613209875333	"2"	"0"	"0"	"0"	"1"	"1"	"1"	"-1"	"1"										"3"	"3"	"0"	"1"		
"554"	"Cercopithecus mitis"	"Cercopithecus mitis"		"Cercopithecus mitis"	"Prima"	"0"	"Müller et al. (1983)"	"0"	"0"		8500	3392	194.521535715091	"2"	"1"	"1"	"1"	"1"	"1"	"1"	"1"	"1"										"1"	"1"	"1"	"1"	"1"	"1"
"555"	"Colobus guereza"	"Colobus guereza"		"Colobus guereza"	"Prima"	"0"	"Müller et al. (1983)"	"0"	"0"		10500	2980	146.496587358457	"2"	"1"	"1"	"1"	"1"	"1"	"1"	"1"	"1"										"1"	"1"	"1"	"1"	"1"	"1"
"556"	"Erythrocebus patas"	"patas monkey"		"Erythrocebus patas"	"Prima"	"0"	"Mahoney (1980)"	"0"	"0"		3000	644.7	78.9940750711063	"1"	"1"	"1"	"1"	"0"	"-1"	"-1"	"0"	"1"		"1"								"4"	"4"	"0"	"1"		
"557"	"Macaca fascicularis"			"Macaca fascicularis"	"Prima"	"0"	"Tokura et al. (1975)"	"0"	"1"	"Ross (1992)"	7100	3458	226.107982842411			"0"																		"0"	"1"		
"558"	"Macaca fuscata"	"Macaca fuscata"		"Macaca fuscata"	"Prima"	"0"	"Nakayama et al. (1971)"	"0"	"0"		9575	4149	218.148135343929	"4"	"1"	"1"	"1"	"-1"	"1"	"-1"	"1"	"1"					"1"					"4"	"4"	"0"	"1"		
"559"	"Macaca fuscata"			"Macaca fuscata"	"Prima"	"0"	"Tokura et al. (1975)"	"0"	"1"	"Ross (1992)"	9000	4524	248.850231861205			"1"																		"0"			
"560"	"Macaca fuscata"	"Macaca fuscata"		"Macaca fuscata"	"Prima"	"0"	"Tokura et al. (1981)"	"0"	"0"		10550	2140	104.838542142262	"1"	"0"	"1"	"0"	"-1"	"-1"	"-1"	"1"	"1"					"1"			"1"		"4"	"4"	"0"			
"561"	"Macaca mulatta"	"Macaca mulatta"		"Macaca mulatta"	"Prima"	"0"	"Bruhn (1934)"	"0"	"0"		6225	2165	155.807569602744	"2"	"0"	"1"	"-1"	"1"	"1"	"1"	"1"	"1"		"1"								"3"	"3"	"0"	"1"		
"562"	"Macaca mulatta"	"Macaca mulatta"		"Macaca mulatta"	"Prima"	"0"	"Johnson & Elizondo (1979)"	"0"	"0"		4300	2520	237.49817651996	"4"	"1"	"1"	"1"	"-1"	"1"	"-1"	"-1"	"1"		"1"			"1"		"1"			"4"	"4"	"0"			
"563"	"Macaca mulatta"	"Macaca mulatta"		"Macaca mulatta"	"Prima"	"0"	"Walters et al. (2004)"	"0"	"0"		3980	2304	229.734361677191	"6"	"1"	"1"	"1"	"-1"	"-1"	"-1"	"-1"	"1"		"1"			"1"		"1"			"4"	"4"	"0"			
"564"	"Papio anubis"	"Papio anubis"		"Papio anubis"	"Prima"	"0"	"Proppe & Gale (1970)"	"0"	"0"		9500	3058	161.709381362118	"1"	"0"	"0"	"0"	"-1"	"1"	"-1"	"1"	"0"		"1"			"1"					"4"	"4"	"0"	"1"		
"565"	"Papio cynocephalus"	"Papio cynocephalus"		"Papio cynocephalus"	"Prima"	"0"	"Funkhouser et al. (1967)"	"0"	"0"		14350	7950	311.229199446274	"4"	"0"	"0"	"0"	"-1"	"1"	"-1"	"-1"	"1"		"1"			"1"					"4"	"4"	"0"	"1"		
"566"	"Papio papio"	"Papio papio"		"Papio papio"	"Prima"	"0"	"Bruhn (1934)"	"0"	"0"		6233	2622	188.51969337048	"3"	"0"	"0"	"0"	"1"	"1"	"1"	"-1"	"1"										"3"	"3"	"0"	"1"		
"567"	"Papio ursinus"	"Papio ursinus"		"Papio ursinus"	"Prima"	"0"	"Goldstone et al. (1967)"	"0"	"0"		16380	4986	177.245690958914	"18"	"0"	"0"	"1"	"0"	"-1"	"-1"	"1"	"1"		"1"			"1"					"4"	"4"	"0"	"1"		
"568"	"Daubentonia madagascariensis"	"Daubentonia madagascariensis"		"Daubentonia madagascariensis"	"Prima"	"0"	"Barrickman & Lin (2010)"	"0"	"0"		2562	1393.9	191.617724498643	"5"	"0"	"0"	"0"	"1"	"1"	"1"	"1"	"1"										"2"	"2"	"1"	"1"	"1"	"1"
"569"	"Cheirogaleus medius"	"Cheirogaleus medius"		"Cheirogaleus medius"	"Prima"	"0"	"McCormick (1981)"	"0"	"0"		300	159	104.38400900336	"3"	"0"	"1"	"0"	"1"	"0"	"1"	"1"	"0"						"1"				"2"	"2"	"1"	"1"	"1"	
"570"	"Cheirogaleus medius"	"Cheirogaleus medius"		"Cheirogaleus medius"	"Prima"	"0"	"Hanna (2006)"	"0"	"0"		259	101.2	73.9508597308796	"3"	"0"	"1"	"0"	"1"	"1"	"0"	"1"	"1"									"1"	"2"	"2"	"1"			"1"
"571"	"Cheirogaleus medius"	"Cheirogaleus medius"		"Cheirogaleus medius"	"Prima"	"0"	"Dausmann et al. (2009)"	"0"	"0"		174	133.1	129.979809561561	"14"	"1"	"1"	"1"	"1"	"1"	"1"	"0"	"0"					"1"					"2"	"2"	"1"			
"572"	"Microcebus griseorufus"	"Microcebus griseorufus"		"Microcebus griseorufus"	"Prima"	"0"	"Kobbe et al. (2014)"	"0"	"0"		51.5	44.29	105.064610099597	"7"	"1"	"1"	"1"	"1"	"1"	"1"	"1"	"0"								"1"		"2"	"2"	"1"	"1"	"1"	"1"
"573"	"Microcebus murinus"			"Microcebus murinus"	"Prima"	"0"	"Chevillard (1976)"	"0"	"1"	"Müller (1983)"	75	68.25	123.095233803273			"0"																		"0"			
"574"	"Microcebus murinus"	"Microcebus murinus"		"Microcebus murinus"	"Prima"	"0"	"Perret et al. (1998)"	"0"	"0"		84	117.4	194.951571432702	"8"	"0"	"0"	"0"	"-1"	"1"	"1"	"1"	"1"		"1"				"1"				"3"	"3"	"0"			
"575"	"Microcebus murinus"	"Microcebus murinus"		"Microcebus murinus"	"Prima"	"0"	"Génin & Perret (2000)"	"0"	"0"		84.5	82.7	136.736736882175	"12"	"0"	"0"	"0"	"1"	"1"	"1"	"1"	"0"		"1"								"2"	"3"	"0"	"1"		
"576"	"Euoticus elegantulus"	"Euoticus elegantulus"		"Euoticus elegantulus"	"Prima"	"0"	"Hildwein (1972b)"	"0"	"0"		262	216	156.520185031025	"2"	"0"	"0"	"1"	"1"	"1"	"1"	"0"	"0"							"1"			"2"	"2"	"1"	"1"	"1"	"1"
"577"	"Galago demidoff"	"Galago demidovii"		"Galagoides demidoff"	"Prima"	"0"	"Hildwein (1972b)"	"0"	"0"		57.5	68.8	150.608270829695	"2"	"0"	"1"	"0"	"1"	"1"	"1"	"0"	"0"							"1"			"2"	"2"	"1"			
"578"	"Galago demidoff"	"Galagoides demidovii"		"Galagoides demidoff"	"Prima"	"0"	"Perret (1978)"	"0"	"0"		55.5	84.36	189.498261158742	"12"	"0"	"1"	"-1"	"0"	"1"	"1"	"1"	"1"						"1"		"1"		"3"	"4"	"0"			"1"
"579"	"Galago demidoff"	"Galagoides demidovii"		"Galagoides demidoff"	"Prima"	"0"	"Dobler (1982)"	"0"	"0"		68	62.7	121.45818481221	"3"	"1"	"1"	"1"	"1"	"0"	"1"	"1"	"0"										"2"	"2"	"1"	"1"	"1"	
"580"	"Galago moholi"	"Galago senegalensis moholi"		"Galago moholi"	"Prima"	"0"	"Dobler (1982)"	"0"	"0"		156	120	126.89708816466	"14"	"1"	"1"	"1"	"1"	"0"	"1"	"1"	"0"										"2"	"2"	"1"			
"581"	"Galago moholi"	"Galago senegalensis moholi"		"Galago moholi"	"Prima"	"0"	"Knox & Wright (1989)"	"0"	"0"		171.5	137.2	135.404721278948	"18"	"1"	"1"	"1"	"1"	"1"	"-1"	"1"	"1"										"3"	"3"	"0"			"1"
"582"	"Galago moholi"	"Galago moholi"		"Galago moholi"	"Prima"	"0"	"Nowack et al. (2013)"	"0"	"0"		181	86.9	82.4575331845483	"7"	"0"	"1"	"1"	"1"	"1"	"1"	"1"	"1"										"1"	"1"	"1"	"1"	"1"	
"583"	"Galago senegalensis"	"Galago senegalensis senegalensis"	"senegalensis"	"Galago senegalensis"	"Prima"	"0"	"Dobler (1982)"	"0"	"0"		275	198	138.500040154368	"1"	"1"	"1"	"1"	"1"	"0"	"1"	"1"	"1"										"2"	"2"	"1"	"1"	"1"	"1"
"584"	"Otolemur crassicaudatus"			"Otolemur crassicaudatus"	"Prima"	"0"	"Palacio (1977)"	"0"	"1"	"McNab (1988a)"	1039	519.5	137.889456746085			"0"																		"0"	"1"		
"585"	"Otolemur garnettii"	"Galago crassicaudatus"		"Otolemur garnettii"	"Prima"	"0"	"Müller & Jaschke (1980)"	"0"	"0"		947	411	116.718831218931	"3"	"1"	"1"	"1"	"1"	"0"	"1"	"1"	"1"										"2"	"2"	"1"	"1"	"1"	"1"
"586"	"Homo sapiens"			"Homo sapiens"	"Prima"	"1"	"Harris & Benedict (1919)"	"0"	"1"	"Sieg et al. (2009)"	67650	13377	169.103167704282			"0"																		"0"			
"587"	"Homo sapiens"	"man & woman"		"Homo sapiens"	"Prima"	"1"	"Benedict (1938)"	"0"	"0"		60500	12500	171.422801263077	"340"	"0"	"0"	"0"	"1"	"1"	"0"	"1"	"1"										"2"	"2"	"1"			
"588"	"Homo sapiens"	"Indians"		"Homo sapiens"	"Prima"	"1"	"Banerjee & Sen (1958)"	"0"	"0"		51300	10740	166.106629147369	"25"	"0"	"0"	"0"	"1"	"1"	"-1"	"1"	"1"										"3"	"3"	"0"			
"589"	"Homo sapiens"	"men"		"Homo sapiens"	"Prima"	"1"	"Picon-Reategui (1961)"	"0"	"0"		53000	13080	197.546290016461	"17"	"0"	"0"	"0"	"1"	"1"	"-1"	"1"	"1"										"3"	"3"	"0"			
"590"	"Homo sapiens"	"male students"		"Homo sapiens"	"Prima"	"1"	"Kashiwasaki et al. (1986)"	"0"	"0"		63500	10125	134.03901539705	"15"	"0"	"0"	"0"	"1"	"1"	"-1"	"1"	"1"										"3"	"3"	"0"			
"591"	"Homo sapiens"	"men"		"Homo sapiens"	"Prima"	"1"	"Owen et al. (1987)"	"0"	"0"		86600	15246	160.976920483711	"60"	"0"	"0"	"0"	"1"	"1"	"-1"	"1"	"1"										"3"	"3"	"0"			
"592"	"Homo sapiens"	"\"subjects\""		"Homo sapiens"	"Prima"	"1"	"Mifflin et al. (1990)"	"0"	"0"		69075	12646	157.451386342083	"264"	"0"	"0"	"0"	"1"	"1"	"-1"	"1"	"1"										"3"	"3"	"0"			
"593"	"Homo sapiens"	"Australian & Europeans"		"Homo sapiens"	"Prima"	"1"	"Piers et al. (1998)"	"0"	"0"		65900	12653	163.036289827703	"38"	"0"	"0"	"0"	"1"	"1"	"-1"	"1"	"1"										"3"	"3"	"0"			
"594"	"Homo sapiens"	"\"subjects\""		"Homo sapiens"	"Prima"	"1"	"Seale & Conway (1999)"	"0"	"0"		74050	12494	147.86860428602	"69"	"0"	"0"	"0"	"1"	"1"	"1"	"1"	"1"							"1"			"2"	"2"	"1"			
"595"	"Homo sapiens"	"men & women"		"Homo sapiens"	"Prima"	"1"	"Byrne et al. (2005)"	"0"	"0"		89250	13950	144.091729655318	"671"	"0"	"0"	"0"	"1"	"1"	"-1"	"1"	"1"										"3"	"3"	"0"			
"596"	"Homo sapiens"	"Homo sapiens"		"Homo sapiens"	"Prima"	"1"	"Snodgrass et al. (2005)"	"0"	"0"		63500	13676	181.048649340252	"125"	"0"	"0"	"0"	"1"	"1"	"-1"	"1"	"1"										"3"	"3"	"0"			
"597"	"Homo sapiens"	"Caucasian (Scotland)"		"Homo sapiens"	"Prima"	"1"	"Johnstone et al. (2006)"	"0"	"0"		77020	13751	158.146127911396	"150"	"0"	"0"	"0"	"1"	"1"	"-1"	"1"	"1"										"3"	"3"	"0"			
"598"	"Homo sapiens"	"\"subjects\""		"Homo sapiens"	"Prima"	"1"	"Wouters-Adriaens & Westerterp (2006)"	"0"	"0"		68900	12346	154.000702771505	"30"	"0"	"0"	"0"	"1"	"1"	"1"	"1"	"1"							"1"			"2"	"2"	"1"			
"599"	"Pan troglodytes"	"Pan satyrus"		"Pan troglodytes"	"Prima"	"0"	"Bruhn (1934)"	"0"	"0"		18333	5047	165.27010311778	"3"	"0"	"0"	"1"	"1"	"1"	"1"	"-1"	"1"		"1"								"3"	"3"	"0"			"1"
"600"	"Pan troglodytes"	"chimpanzee"		"Pan troglodytes"	"Prima"	"0"	"Bruhn & Benedict (1936)"	"0"	"0"		33900	9070	189.736091459587	"12"	"0"	"0"	"0"	"1"	"1"	"1"	"1"	"1"		"1"								"2"	"2"	"1"			
"601"	"Pan troglodytes"	"chimpanzee"		"Pan troglodytes"	"Prima"	"0"	"Benedict (1938)"	"0"	"0"		38000	9462	182.128933562237	"10"	"0"	"0"	"1"	"0"	"1"	"0"	"1"	"1"		"1"								"2"	"2"	"1"	"1"	"1"	
"602"	"Pongo pygmaeus"	"Pongo pygmaeus"		"Pongo pygmaeus"	"Prima"	"0"	"Bruhn (1934)"	"0"	"0"		16200	4970	178.10585065978	"1"	"0"	"0"	"1"	"1"	"1"	"1"	"-1"	"1"										"3"	"3"	"0"	"1"		
"603"	"Hylobates lar"	"Hylobates lar"		"Hylobates lar"	"Prima"	"0"	"Bruhn (1934)"	"0"	"0"		1900	1073	183.419958025664	"1"	"0"	"0"	"0"	"1"	"1"	"1"	"-1"	"1"										"3"	"3"	"0"	"1"		
"604"	"Propithecus coquereli"	"Propithecus coquereli"		"Propithecus coquereli"	"Prima"	"0"	"Barrickman & Lin (2010)"	"0"	"0"		4052	1012.3	99.6268640704902	"5"	"0"	"0"	"0"	"1"	"1"	"-1"	"1"	"1"										"3"	"3"	"0"	"1"		
"605"	"Propithecus verreauxi"	"Propithecus verreauxi"		"Propithecus verreauxi"	"Prima"	"0"	"Richard & Nicoll (1987)"	"0"	"0"		3400	641.2	71.7139470173683	"1"	"0"	"0"	"-1"	"1"	"1"	"1"	"1"	"1"							"1"		"1"	"3"	"4"	"0"	"1"		
"606"	"Eulemur fulvus"	"Lemur fulvus"		"Eulemur fulvus"	"Prima"	"0"	"Daniels (1984)"	"0"	"0"		2330	324	47.7310278473801	"3"	"1"	"1"	"1"	"1"	"1"	"1"	"1"	"1"		"1"								"1"	"1"	"1"	"1"	"1"	"1"
"607"	"Eulemur mongoz"	"Eulemur mongoz"		"Eulemur mongoz"	"Prima"	"0"	"Hanna (2006)"	"0"	"0"		1382	1143	246.418954072145	"3"	"0"	"0"	"-1"	"1"	"1"	"0"	"1"	"1"		"1"							"1"	"3"	"4"	"0"	"1"		
"608"	"Lemur catta"	"Lemur catta"		"Lemur catta"	"Prima"	"0"	"McNab"	"1"	"0"	"Young et al. (1990)"	2512	382	53.2730168785074		"0"	"0"													"1"					"0"			"1"
"609"	"Lemur catta"	"Lemur catta"		"Lemur catta"	"Prima"	"0"	"Barrickman & Lin (2010)"	"0"	"0"		2527	651.4	90.4496260596531	"5"	"0"	"0"	"0"	"1"	"1"	"0"	"1"	"1"										"2"	"2"	"1"	"1"	"1"	
"610"	"Varecia variegata"	"Varecia variegata"		"Varecia variegata"	"Prima"	"0"	"McNab"	"1"	"0"	"Young et al. (1990)"	3053	590	71.3747194450436		"0"	"0"													"1"					"0"	"1"		
"611"	"Lepilemur ruficaudatus"	"Lepilemur ruficaudatus"		"Lepilemur ruficaudatus"	"Prima"	"0"	"Schmid & Ganzhorn (1996)"	"0"	"0"		693	225	80.2317440654676	"16"	"0"	"0"	"0"	"1"	"1"	"1"	"1"	"0"							"1"			"2"	"4"	"0"	"1"		
"612"	"Arctocebus calabarensis"	"Arctocebus calabarensis"		"Arctocebus calabarensis"	"Prima"	"0"	"Hildwein (1972b)"	"0"	"0"		206	131	113.115035165854	"2"	"0"	"0"	"1"	"1"	"1"	"1"	"0"	"0"				"1"			"1"			"2"	"3"	"0"	"1"		
"613"	"Loris tardigradus"	"Loris tardigradus"		"Loris tardigradus"	"Prima"	"0"	"Müller et al. (1985)"	"0"	"0"		284	128	87.4579196461094	"2"	"1"	"1"	"1"	"1"	"1"	"1"	"0"	"0"		"1"								"2"	"2"	"1"	"1"	"1"	
"614"	"Loris tardigradus"	"Loris tardigradus"		"Loris tardigradus"	"Prima"	"0"	"Hanna (2006)"	"0"	"0"		166.7	107.4	108.211015319014	"3"	"0"	"1"	"-1"	"1"	"1"	"0"	"1"	"1"		"1"								"3"	"3"	"0"			"1"
"615"	"Nycticebus coucang"	"Nycticebus coucang"		"Nycticebus coucang"	"Prima"	"0"	"Whittow et al. (1977b)"	"0"	"0"		778.3	312.1	102.2600089313	"14"	"0"	"1"	"0"	"0"	"0"	"1"	"0"	"0"							"1"			"3"	"4"	"0"			"1"
"616"	"Nycticebus coucang"	"Nycticebus coucang"		"Nycticebus coucang"	"Prima"	"0"	"Whittow et al. (1977d)"	"0"	"0"		606.5	151.6	59.5763355843851	"6"	"1"	"1"	"1"	"0"	"0"	"1"	"0"	"0"		"1"								"3"	"3"	"0"			
"617"	"Nycticebus coucang"	"Nycticebus coucang"		"Nycticebus coucang"	"Prima"	"0"	"Müller (1979)"	"0"	"0"		1300	307	69.2041142590904	"6"	"1"	"1"	"1"	"1"	"0"	"1"	"0"	"0"		"1"				"1"				"2"	"2"	"1"	"1"	"1"	
"618"	"Nycticebus pygmaeus"	"Nycticebus pygmaeus"		"Nycticebus pygmaeus"	"Prima"	"0"	"Hanna (2006)"	"0"	"0"		469.5	172	81.4637390943981	"2"	"0"	"1"	"-1"	"1"	"1"	"0"	"1"	"1"		"1"								"3"	"3"	"0"	"1"		
"619"	"Nycticebus pygmaeus"	"Nycticebus pygmaeus"		"Nycticebus pygmaeus"	"Prima"	"0"	"Xiao et al. (2010)"	"0"	"0"		484.2	174	80.5794730135938	"6"	"1"	"1"	"1"	"1"	"1"	"-1"	"1"	"0"		"1"					"1"			"3"	"3"	"0"			
"620"	"Perodicticus potto"	"Perodicticus potto"		"Perodicticus potto"	"Prima"	"0"	"Hildwein (1972b), Hildwein & Goffart (1975)"	"0"	"0"		898	337	99.4831880547932	"4"	"1"	"1"	"1"	"1"	"1"	"1"	"0"	"0"							"1"			"2"	"2"	"1"	"1"	"1"	
"621"	"Perodicticus potto"			"Perodicticus potto"	"Prima"	"0"	"Palacio (1977)"	"0"	"1"	"McNab (2008a)"	1386	512.9	110.343193017483			"1"																		"0"			"1"
"622"	"Tarsius syrichta"	"Tarsius spectrum"		"Tarsius syrichta"	"Prima"	"0"	"Clarke (1943)"	"0"	"0"		204	129.6	112.704914099302	"1"	"0"	"1"	"-1"	"1"	"1"	"1"	"1"	"1"						"1"				"3"	"4"	"0"			"1"
"623"	"Tarsius syrichta"	"Tarsius syrichta"		"Tarsius syrichta"	"Prima"	"0"	"McNab & Wright (1987)"	"0"	"0"		114	77	102.344693896141	"4"	"1"	"1"	"1"	"1"	"1"	"1"	"1"	"1"		"1"								"1"	"1"	"1"	"1"	"1"	
"624"	"Ptilocercus lowii"	"Ptilocercus lowii"		"Ptilocercus lowii"	"Scand"	"0"	"Whittow & Gould (1976)"	"0"	"0"		57.5	43.1	94.3490766389514	"3"	"0"	"0"	"0"	"1"	"0"	"1"	"1"	"0"										"2"	"2"	"1"	"1"	"1"	"1"
"625"	"Tupaia glis"	"Tupaia glis"		"Tupaia glis"	"Scand"	"0"	"Bradley & Hudson (1974)"	"0"	"0"		123	93.5	117.578801079188	"3"	"1"	"1"	"1"	"1"	"1"	"1"	"0"	"0"										"2"	"2"	"1"	"1"	"1"	
"626"	"Tupaia glis"	"Tupaia glis"		"Tupaia glis"	"Scand"	"0"	"Whittow et al. (1977b)"	"0"	"0"		149.8	380.5	414.442984042392	"13"	"0"	"1"	"-1"	"0"	"-1"	"-1"	"0"	"0"						"1"	"1"			"4"	"4"	"0"			"1"
"627"	"Tupaia belangeri"	"Tupaia chinesis"	"chinensis"	"Tupaia belangeri"	"Scand"	"0"	"Yousef et al. (1971)"	"0"	"0"		161	151.3	156.35836023796	"18"	"0"	"1"	"1"	"0"	"-1"	"-1"	"0"	"0"						"1"				"4"	"4"	"0"			
"628"	"Tupaia belangeri"	"Tupaia belangeri"		"Tupaia belangeri"	"Scand"	"0"	"Weigold (1979)"	"0"	"0"		186	126.5	117.672188871783	"12"	"1"	"1"	"1"	"1"	"0"	"1"	"0"	"0"										"2"	"2"	"1"	"1"	"1"	
"629"	"Tupaia belangeri"	"Tupaia belangeri"		"Tupaia belangeri"	"Scand"	"0"	"Li et al. (2001)"	"0"	"0"		125	190.8	237.131481027967	"6"	"0"	"1"	"-1"	"1"	"-1"	"-1"	"0"	"0"						"1"				"4"	"4"	"0"			
"630"	"Tupaia belangeri"	"Tupaia belangeri"		"Tupaia belangeri"	"Scand"	"0"	"Zhu et al. (2010c)"	"0"	"0"		100.9	139.2	202.237094833496	"18"	"1"	"1"	"1"	"1"	"-1"	"-1"	"1"	"0"										"4"	"4"	"0"			
"631"	"Tupaia belangeri"	"Tupaia belangeri chinensis"	"chinensis"	"Tupaia belangeri"	"Scand"	"0"	"Zhu et al. (2012e)"	"0"	"0"		105.4	152.8	215.045714275872	"10"	"0"	"1"	"1"	"1"	"-1"	"-1"	"1"	"1"					"1"					"4"	"4"	"0"			
"632"	"Tupaia belangeri"	"Tupaia belangeri chinensis"	"chinensis"	"Tupaia belangeri"	"Scand"	"0"	"Zhu et al. (2012b)"	"0"	"0"		120.8	205.4	261.716972026484	"30"	"0"	"1"	"1"	"0"	"-1"	"-1"	"1"	"1"							"1"			"4"	"4"	"0"			"1"
"633"	"Tupaia belangeri"	"Tupaia belangeri"		"Tupaia belangeri"	"Scand"	"0"	"Zhang et al. (2012c)"	"0"	"0"		122.5	183.75	231.75781192429	"16"	"0"	"1"	"0"	"1"	"-1"	"-1"	"1"	"0"										"4"	"4"	"0"			
"634"	"Tupaia belangeri"	"Tupaia belangeri"		"Tupaia belangeri"	"Scand"	"0"	"Zhang et al. (2012b)"	"0"	"0"		111	184.3	249.771640637508	"36"	"0"	"1"	"1"	"1"	"-1"	"-1"	"1"	"1"										"4"	"4"	"0"			
"635"	"Urogale everetti"			"Urogale everetti"	"Scand"	"0"	"Nelson & Asling (1962)"	"0"	"1"	"Weigold (1979)"	264	229.7	165.527431206922			"0"																		"0"	"1"		
"636"	"Brachylagus idahoensis"	"Brachylagus idahoensis"		"Brachylagus idahoensis"	"Lago"	"0"	"Katzner et al. (1997)"	"0"	"0"		432	384.5	193.502658263381	"8"	"1"	"1"	"1"	"1"	"-1"	"1"	"0"	"1"										"3"	"3"	"0"	"1"		
"637"	"Lepus alleni"			"Lepus alleni"	"Lago"	"0"	"Dawson & Schmidt-Nielsen (1966)"	"0"	"1"	"McNab (1970)"	3000	1650	202.171899902785			"1"																		"0"			
"638"	"Lepus alleni"	"Lepus alleni"		"Lepus alleni"	"Lago"	"0"	"Hinds (1977)"	"0"	"0"		3362	1516	170.949452497416	"11"	"1"	"1"	"1"	"1"	"-1"	"1"	"1"	"1"										"3"	"3"	"0"	"1"		
"639"	"Lepus americanus"	"Lepus americanus"		"Lepus americanus"	"Lago"	"0"	"Hart et al. (1965)"	"0"	"0"		1579	1374	268.796991014785	"12"	"1"	"1"	"1"	"1"	"-1"	"1"	"0"	"0"					"1"					"4"	"4"	"0"			"1"
"640"	"Lepus americanus"	"Lepus americanus"		"Lepus americanus"	"Lago"	"0"	"Sheriff et al. (2009)"	"0"	"0"		1438	1216	254.674574870899	"6"	"1"	"1"	"1"	"1"	"1"	"1"	"0"	"1"										"2"	"2"	"1"	"1"	"1"	
"641"	"Lepus arcticus"			"Lepus arcticus"	"Lago"	"0"	"Wang et al. (1973)"	"0"	"1"	"McNab (2008a)"	3004	1081	132.324630225937			"0"					"0"					"1"								"0"	"1"		
"642"	"Lepus californicus"			"Lepus californicus"	"Lago"	"0"	"Schmidt-Nielsen et al. (1965)"	"0"	"1"	"McNab (1970)"	2300	1311	194.967104570118			"1"																		"0"			
"643"	"Lepus californicus"	"Lepus californicus"		"Lepus californicus"	"Lago"	"0"	"Hinds (1977)"	"0"	"0"		1989	1118	184.839714696615	"11"	"1"	"1"	"1"	"1"	"-1"	"1"	"1"	"1"										"3"	"3"	"0"	"1"		
"644"	"Lepus capensis"	"Lepus capensis"		"Lepus capensis"	"Lago"	"0"	"Kronfeld & Shkolnik (1996)"	"0"	"0"		1400	525	112.121837939381	"11"	"1"	"1"	"1"	"1"	"-1"	"1"	"0"	"0"										"3"	"3"	"0"	"1"		
"645"	"Lepus europaeus"	"Lepus capensis"		"Lepus europaeus"	"Lago"	"0"	"Kronfeld & Shkolnik (1996)"	"0"	"0"		2800	1512	194.819232985158	"5"	"1"	"1"	"1"	"1"	"-1"	"1"	"0"	"0"										"3"	"3"	"0"	"1"		
"646"	"Lepus europaeus"	"Lepus europaeus"		"Lepus europaeus"	"Lago"	"0"	"Hackländer et al. (2002)"	"0"	"0"		995	826	226.269107756724	"23"	"1"	"1"	"0"	"1"	"-1"	"1"	"-1"	"1"				"1"				"1"		"4"	"4"	"0"			
"647"	"Lepus timidus"	"Lepus timidus"		"Lepus timidus"	"Lago"	"0"	"Pyörnilä et al. (1992)"	"0"	"0"		3096	2637.8	315.8684234357	"2"	"1"	"1"	"1"	"0"	"1"	"1"	"1"	"1"								"1"		"2"	"2"	"1"	"1"	"1"	"1"
"648"	"Lepus townsendii"	"Lepus townsendii"		"Lepus townsendii"	"Lago"	"0"	"Rogowitz (1990)"	"0"	"0"		2430	1263	180.449058293232	"6"	"1"	"1"	"1"	"1"	"1"	"1"	"1"	"1"										"1"	"1"	"1"	"1"	"1"	"1"
"649"	"Oryctolagus cuniculus"	"rabbit"		"Oryctolagus cuniculus"	"Lago"	"1"	"Martin (1903)"	"0"	"0"		750	520.3	175.142848096688	"1"	"1"	"1"	"1"	"-1"	"1"	"1"	"0"	"0"				"1"		"1"	"1"			"4"	"4"	"0"			
"650"	"Oryctolagus cuniculus"	"lapin"		"Oryctolagus cuniculus"	"Lago"	"1"	"Terroine & Trautmann (1927)"	"0"	"0"		2492	1727	242.251826808889	"2"	"1"	"1"	"1"	"0"	"1"	"1"	"1"	"0"						"1"	"1"			"2"	"3"	"0"			
"651"	"Oryctolagus cuniculus"	"rabbit"		"Oryctolagus cuniculus"	"Lago"	"1"	"Smuts (1935)"	"0"	"0"		2072	1077	172.832661418498	"10"	"0"	"1"	"0"	"0"	"1"	"1"	"1"	"0"						"1"				"2"	"2"	"1"			
"652"	"Oryctolagus cuniculus"	"rabbit"		"Oryctolagus cuniculus"	"Lago"	"1"	"Benedict (1938)"	"0"	"0"		2600	1016	138.177197507229	"59"	"0"	"1"	"1"	"1"	"1"	"0"	"1"	"1"									"1"	"2"	"2"	"1"			
"653"	"Oryctolagus cuniculus"			"Oryctolagus cuniculus"	"Lago"	"1"	"Gelineo (1956)"	"0"	"1"	"Hart (1971)"	2000	1140	187.720726949197			"1"																		"0"			
"654"	"Oryctolagus cuniculus"	"Oryctolagus cuniculus"		"Oryctolagus cuniculus"	"Lago"	"1"	"Nagasaka (1974)"	"0"	"0"		2200	1016	156.072294956837	"8"	"1"	"1"	"1"	"-1"	"-1"	"1"	"0"	"1"					"1"		"1"	"1"		"4"	"4"	"0"			
"655"	"Oryctolagus cuniculus"	"rabbit"		"Oryctolagus cuniculus"	"Lago"	"1"	"Maskrey & Nicol (1975)"	"0"	"0"		2750	1694	221.155688706003	"9"	"0"	"1"	"0"	"0"	"-1"	"1"	"0"	"1"					"1"					"4"	"4"	"0"			
"656"	"Oryctolagus cuniculus"	"New Zealand white & Himalayan breeds"		"Oryctolagus cuniculus"	"Lago"	"1"	"Maskrey & Nicol (1976)"	"0"	"0"		4000	1932	191.939178307307	"6"	"0"	"1"	"0"	"0"	"-1"	"1"	"0"	"1"					"1"					"4"	"4"	"0"			
"657"	"Oryctolagus cuniculus"	"Oryctolagus cuniculus"		"Oryctolagus cuniculus"	"Lago"		"Hinds et al. (1993)"	"0"	"0"		1242	873.6	203.589898028173	"2"	"0"	"1"	"0"	"1"	"-1"	"1"	"0"	"0"										"4"	"4"	"0"			
"658"	"Oryctolagus cuniculus"	"Oryctolagus cuniculus"		"Oryctolagus cuniculus"	"Lago"	"1"	"Rey et al. (2015)"	"0"	"0"		2150	1389	216.976575891089	"8"	"1"	"1"	"1"	"1"	"-1"	"1"	"0"	"0"							"1"			"4"	"4"	"0"			
"659"	"Sylvilagus audubonii"	"Sylvilagus audubonii"		"Sylvilagus audubonii"	"Lago"	"0"	"Hinds (1973)"	"0"	"0"		672.4	436.9	159.257425497618	"29?"	"1"	"1"	"1"	"1"	"-1"	"1"	"1"	"1"							"1"			"3"	"3"	"0"	"1"		
"660"	"Sylvilagus floridanus"	"Lepus sylvaticus (wild cottontail rabbit in Oklahoma)"		"Sylvilagus floridanus"	"Lago"	"0"	"Lee (1940)"	"0"	"0"		981	557.2	154.220690835076	"8"	"0"	"0"	"1"	"1"	"1"	"1"	"0"	"0"										"2"	"2"	"1"	"1"	"1"	"1"
"661"	"Ochotona curzoniae"			"Ochotona curzoniae"	"Lago"	"0"	"Wang et al. (1979)"	"0"	"1"	"Wang EA (1999)"						"0"																		"0"			
"662"	"Ochotona curzoniae"	"Ochotona curzoniae"		"Ochotona curzoniae"	"Lago"	"0"	"Wang & Wang (1996)"	"0"	"0"		118.8	250.7	323.348902770456	"44"	"0"	"0"	"0"	"0"	"-1"	"-1"	"1"	"1"						"1"				"4"	"4"	"0"			
"663"	"Ochotona curzoniae"	"Ochotona curzoniae"		"Ochotona curzoniae"	"Lago"	"0"	"Wang et al. (1999)"	"0"	"0"		117.5	190.3	247.422634230312	"4"	"0"	"0"	"0"	"1"	"-1"	"-1"	"0"	"0"										"4"	"4"	"0"			
"664"	"Ochotona curzoniae"	"Ochotona curzoniae"		"Ochotona curzoniae"	"Lago"	"0"	"Li et al. (2001)"	"0"	"0"		132	198.5	237.093887770101	"6"	"0"	"0"	"0"	"1"	"-1"	"-1"	"0"	"0"						"1"				"4"	"4"	"0"			
"665"	"Ochotona curzoniae"	"Ochotona curzoniae"		"Ochotona curzoniae"	"Lago"	"0"	"Wang et al. (2006c)"	"0"	"0"		128.2	218	265.989422223346	"10"	"0"	"0"	"1"	"0"	"-1"	"0"	"1"	"1"						"1"	"1"			"4"	"4"	"0"	"1"		
"666"	"Ochotona dauurica"	"Ochotona daurica"		"Ochotona dauurica"	"Lago"	"0"	"Weiner & Gorecki (1981)"	"0"	"0"		127.7	249	304.680335989115	"12"	"1"	"1"	"1"	"0"	"0"	"-1"	"1"	"0"					"1"	"1"				"4"	"4"	"0"	"1"		
"667"	"Ochotona princeps"	"Ochotona princeps"		"Ochotona princeps"	"Lago"	"0"	"MacArthur & Wang (1973)"	"0"	"0"		109.3	167.2	229.160846536288	"16"	"1"	"1"	"1"	"1"	"-1"	"-1"	"-1"	"0"				"1"						"4"	"4"	"0"	"1"		
"668"	"Bathyergus janetta"	"Bathyergus janetta"		"Bathyergus janetta"	"RodHystrico"	"0"	"Scantlebury et al. (2006a)"	"0"	"0"		357	213.5	123.469870508023	"14"	"0"	"1"	"0"	"1"	"-1"	"1"	"1"	"1"										"3"	"3"	"0"			"1"
"669"	"Bathyergus janetta"	"Bathyergus janetta"		"Bathyergus janetta"	"RodHystrico"	"0"	"Lovegrove (1986b)"	"0"	"0"		406	219.2	115.420596433971	"3"	"1"	"1"	"1"	"1"	"0"	"1"	"0"	"0"										"2"	"2"	"1"	"1"	"1"	
"670"	"Bathyergus suillus"	"Bathyergus suillus"		"Bathyergus suillus"	"RodHystrico"	"0"	"Lovegrove (1986b)"	"0"	"0"		712	341.8	119.501232881356	"4"	"1"	"1"	"1"	"1"	"0"	"1"	"0"	"0"										"2"	"2"	"1"	"1"	"1"	"1"
"671"	"Cryptomys amatus"	"Cryptomys hottentotus amatus"	"2N=50"	"Cryptomys amatus"	"RodHystrico"	"0"	"Bennett et al. (1994)"	"0"	"0"		77.3	48.7	85.9219951504684	"7"	"1"	"1"	"1"	"1"	"1"	"1"	"0"	"0"	"1"									"2"	"2"	"1"	"1"	"1"	"1"
"672"	"Cryptomys anselli"	"Cryptomys 68 chromosomes, Zambian common mole rat"	"2N=68"	"Cryptomys anselli"	"RodHystrico"	"0"	"Marhold & Nagel (1995)"	"0"	"0"		81.9	62.2	105.211851464384	"10"	"1"	"1"	"1"	"1"	"1"	"1"	"1"	"0"							"1"			"2"	"2"	"1"	"1"	"1"	"1"
"673"	"Cryptomys bocagei"	"Cryptomys bocagei"		"Cryptomys bocagei"	"RodHystrico"	"0"	"Bennett et al. (1994)"	"0"	"0"		94.4	69.9	106.60580028891	"4"	"1"	"1"	"1"	"1"	"1"	"1"	"0"	"0"										"2"	"2"	"1"	"1"	"1"	"1"
"674"	"Cryptomys damarensis"	"Cryptomys damarensis"	"2N=74 or 78"	"Cryptomys damarensis"	"RodHystrico"	"0"	"Lovegrove (1986a)"	"0"	"0"		124.5	71	88.4989533333135	"7"	"1"	"1"	"1"	"1"	"-1"	"1"	"0"	"0"										"4"	"4"	"0"			
"675"	"Cryptomys damarensis"	"Cryptomys damarensis"	"2N=74 or 78"	"Cryptomys damarensis"	"RodHystrico"	"0"	"Bennett et al. (1992)"	"0"	"0"		125	82.5	102.533266167753	"6"	"1"	"1"	"1"	"1"	"0"	"1"	"0"	"0"										"2"	"2"	"1"	"1"	"1"	
"676"	"Cryptomys damarensis"	"Cryptomys damarensis"	"2N=74 or 78"	"Cryptomys damarensis"	"RodHystrico"	"0"	"Scantlebury et al. (2006b)"	"0"	"0"		112	100.3	135.045226419365	"41"	"0"	"1"	"0"	"1"	"-1"	"1"	"0"	"0"										"4"	"4"	"0"			
"677"	"Cryptomys damarensis"	"Cryptomys damarensis"	"2N=74 or 78"	"Cryptomys damarensis"	"RodHystrico"	"0"	"Scantlebury et al. (2006b)"	"0"	"0"		113.2	102.2	136.538489328267	"37"	"0"	"1"	"0"	"1"	"-1"	"1"	"0"	"0"										"4"	"4"	"0"			"1"
"678"	"Cryptomys darlingi"	"Cryptomys hottentotus darlingi"	"2N=54"	"Cryptomys darlingi"	"RodHystrico"	"0"	"Bennett et al. (1993a)"	"0"	"0"		60	58.8	124.785265504789	"7"	"1"	"1"	"1"	"1"	"1"	"1"	"0"	"0"										"2"	"2"	"1"	"1"	"1"	
"679"	"Cryptomys darlingi"	"Cryptomys hottentotus nimrodi"		"Cryptomys darlingi"	"RodHystrico"	"0"	"Bennett et al. (1996)"	"0"	"0"		81	67.23	114.639893873193	"6"	"1"	"1"	"1"	"1"	"1"	"1"	"0"	"0"										"2"	"2"	"1"			
"680"	"Cryptomys darlingi"	"Cryptomys hottentotus nimrodi"		"Cryptomys darlingi"	"RodHystrico"	"0"	"Bennett et al. (1996)"	"0"	"0"		99	94.05	138.547593233513	"6"	"1"	"1"	"1"	"1"	"1"	"1"	"0"	"0"										"2"	"2"	"1"			"1"
"681"	"Cryptomys darlingi"	"Fukomys darlingi"		"Cryptomys darlingi"	"RodHystrico"	"0"	"Zemanova et al. (2012)"	"0"	"0"		143	108.8	122.587776226592	"10"	"1"	"1"	"1"	"0"	"-1"	"1"	"1"	"1"										"3"	"3"	"0"			
"682"	"Cryptomys hottentotus"	"Cryptomys hottentotus"		"Cryptomys hottentotus"	"RodHystrico"	"0"	"Contreras (1983)"	"0"	"0"		71	67.6	126.892981738375	"2"	"1"	"1"	"1"	"1"	"1"	"0"	"0"	"0"										"2"	"2"	"1"			
"683"	"Cryptomys hottentotus"			"Cryptomys hottentotus"	"RodHystrico"	"0"	"Haim & Fairall (1986)"	"0"	"1"	"McNab (2008a)"	102	69.7	100.46655157342			"1"																		"0"			"1"
"684"	"Cryptomys hottentotus"	"Cryptomys hottentotus hottentotus"	"hottentotus, 2N=54"	"Cryptomys hottentotus"	"RodHystrico"	"0"	"Bennett et al. (1992)"	"0"	"0"		75	103.5	186.671893020349	"6"	"1"	"1"	"1"	"1"	"1"	"1"	"0"	"0"									"1"	"2"	"3"	"0"			
"685"	"Cryptomys hottentotus"	"Cryptomys hottentotus natalensis"	"natalensis, 2N=54"	"Cryptomys hottentotus"	"RodHystrico"	"0"	"Bennett et al. (1993b)"	"0"	"0"		102	105	151.348463632842	"7"	"1"	"1"	"1"	"1"	"0"	"1"	"0"	"0"										"2"	"2"	"1"	"1"	"1"	
"686"	"Cryptomys hottentotus"	"Cryptomys hottentotus mahali"	"natalensis"	"Cryptomys hottentotus"	"RodHystrico"	"0"	"Broekman et al. (2006)"	"0"	"0"		84.47	100.5	166.210396817386	"6"	"1"	"1"	"0"	"1"	"0"	"1"	"0"	"0"							"1"			"3"	"3"	"0"			
"687"	"Cryptomys hottentotus"	"Cryptomys hottentotus mahali"	"natalensis"	"Cryptomys hottentotus"	"RodHystrico"	"0"	"Broekman et al. (2006)"	"0"	"0"		56.63	69.7	154.283711384231	"12"	"1"	"1"	"0"	"1"	"0"	"1"	"0"	"0"							"1"			"3"	"3"	"0"			
"688"	"Cryptomys mechowi"	"Cryptomys mechowi"		"Cryptomys mechowi"	"RodHystrico"	"0"	"Bennett et al. (1994)"	"0"	"0"		267	160.2	114.496983505309	"6"	"1"	"1"	"1"	"1"	"0"	"1"	"0"	"0"										"2"	"2"	"1"	"1"	"1"	"1"
"689"	"Georychus capensis"	"Georychus capensis"		"Georychus capensis"	"RodHystrico"	"0"	"Du Toit et al. (1985)"	"0"	"0"		280	428.4	295.753232582822	"1"	"0"	"1"	"-1"	"1"	"-1"	"1"	"1"	"1"										"4"	"4"	"0"			
"690"	"Georychus capensis"	"Georychus capensis"		"Georychus capensis"	"RodHystrico"	"0"	"Lovegrove (1987)"	"0"	"0"		193	113.9	103.136096139652	"8"	"1"	"1"	"1"	"1"	"-1"	"0"	"1"	"0"										"4"	"4"	"0"			
"691"	"Georychus capensis"	"Georychus capensis"		"Georychus capensis"	"RodHystrico"	"0"	"Scantlebury et al. (2006a)"	"0"	"0"		132	126.5	151.095097243918	"17"	"0"	"1"	"0"	"1"	"-1"	"1"	"1"	"1"										"3"	"3"	"0"	"1"		
"692"	"Heliophobius argenteocinereus"	"Heliophobius kapeti"	"kapiti ?"	"Heliophobius argenteocinereus"	"RodHystrico"	"0"	"McNab (1966)"	"0"	"0"		88	74.8	120.069298341568	"2"	"1"	"1"	"1"	"1"	"1"	"1"	"0"	"0"										"2"	"2"	"1"			
"693"	"Heliophobius argenteocinereus"	"Heliophobius argenteocinereus"		"Heliophobius argenteocinereus"	"RodHystrico"	"0"	"Zelova et al. (2007)"	"0"	"0"		223	154	125.506066503163	"8"	"1"	"1"	"1"	"1"	"0"	"1"	"1"	"0"			"1"							"2"	"2"	"1"	"1"	"1"	
"694"	"Heliophobius argenteocinereus"	"Heliophobius argenteocinereus"		"Heliophobius argenteocinereus"	"RodHystrico"	"0"	"Zelova et al. (2011)"	"0"	"0"		162	176.2	181.270737353085	"4"	"0"	"1"	"1"	"1"	"-1"	"1"	"1"	"0"										"3"	"3"	"0"			"1"
"695"	"Heterocephalus glaber"	"Heterocephalus glaber"		"Heterocephalus glaber"	"RodHystrico"	"0"	"McNab (1966)"	"0"	"0"		39	25.7	74.662971037434	"11"	"1"	"1"	"1"	"1"	"1"	"1"	"0"	"0"										"2"	"2"	"1"	"1"	"1"	
"696"	"Heterocephalus glaber"	"Heterocephalus glaber"		"Heterocephalus glaber"	"RodHystrico"	"0"	"McNab (1968)"	"0"	"0"		32	8.32	27.9207599607163	"3"	"0"	"1"	"1"	"1"	"1"	"1"	"0"	"0"									"1"	"2"	"3"	"0"			
"697"	"Heterocephalus glaber"	"Heterocephalus glaber"		"Heterocephalus glaber"	"RodHystrico"	"0"	"Withers & Jarvis (1980)"	"0"	"0"		40	24.8	70.7307380805224		"1"	"1"	"0"	"1"	"0"	"0"	"0"	"0"										"3"	"3"	"0"			
"698"	"Heterocephalus glaber"	"Heterocephalus glaber"		"Heterocephalus glaber"	"RodHystrico"	"0"	"Yahav & Buffenstein (1991)"	"0"	"0"		42.7	46.5	126.453040107146	"8"	"1"	"1"	"1"	"1"	"0"	"1"	"0"	"0"					"1"					"2"	"3"	"0"			
"699"	"Heterocephalus glaber"	"Heterocephalus glaber"		"Heterocephalus glaber"	"RodHystrico"	"0"	"Urison & Buffenstein (1995)"	"0"	"0"		45	54	141.338370544912	"8"	"0"	"1"	"-1"	"1"	"0"	"1"	"0"	"0"								"1"		"4"	"4"	"0"			"1"
"700"	"Capromys pilorides"	"Capromys pilorides"		"Capromys pilorides"	"RodHystrico"	"0"	"McNab (1978a)"	"0"	"0"		2630	597	80.5164898413934	"1"	"1"	"1"	"1"	"1"	"1"	"1"	"0"	"0"										"2"	"2"	"1"	"1"	"1"	"1"
"701"	"Geocapromys brownii"	"Geocapromys brownii"		"Geocapromys brownii"	"RodHystrico"	"0"	"Ottenwalder"	"1"	"0"	"Arends & McNab (2001)"	2456	736.8	104.455517207017		"0"	"0"																		"0"	"1"		
"702"	"Geocapromys ingrahami"			"Geocapromys ingrahami"	"RodHystrico"	"0"	"Jordan (1989)"	"0"	"1"	"Arends & McNab (2001)"	775	265.8	87.359930194054			"0"																		"0"	"1"		
"703"	"Cavia magna"	"Cavia magna"		"Cavia magna"	"RodHystrico"	"0"	"Künkele et al. (2005)"	"0"	"0"		544	473	201.218443715209	"10"	"0"	"0"	"-1"	"0"	"-1"	"1"	"1"	"0"										"4"	"4"	"0"	"1"		
"704"	"Cavia porcellus"	"cobaye"		"Cavia porcellus"	"RodHystrico"	"1"	"Terroine & Trautmann (1927)"	"0"	"0"		672.7	526.4	191.819300387369	"3"	"1"	"1"	"1"	"0"	"0"	"-1"	"1"	"0"									"1"	"4"	"4"	"0"			
"705"	"Cavia porcellus"	"Guinea pig"		"Cavia porcellus"	"RodHystrico"	"1"	"Smuts (1935)"	"0"	"0"		414	347.8	180.548785684915	"9"	"0"	"1"	"1"	"0"	"1"	"-1"	"0"	"0"						"1"				"4"	"4"	"0"			
"706"	"Cavia porcellus"	"Guinea pig"		"Cavia porcellus"	"RodHystrico"	"1"	"Benedict (1938)"	"0"	"0"		410	304.7	159.29834563198	"31"	"0"	"1"	"1"	"1"	"1"	"0"	"1"	"1"										"2"	"2"	"1"			
"707"	"Cavia porcellus"	"Guinea pig"		"Cavia porcellus"	"RodHystrico"	"1"	"Herrington (1940)"	"0"	"0"		629	346	132.409157163567		"1"	"1"	"1"	"-1"	"1"	"-1"	"1"	"1"							"1"			"4"	"4"	"0"			
"708"	"Cavia porcellus"	"Guinea pig"		"Cavia porcellus"	"RodHystrico"	"1"	"Kibler et al. (1947)"	"0"	"0"		755.5	399.3	133.69791217684	"8"	"0"	"1"	"0"	"1"	"1"	"-1"	"1"	"1"						"1"				"3"	"3"	"0"			
"709"	"Dolichotis salinicola"	"Dolichotis salinicola"		"Dolichotis salinicola"	"RodHystrico"	"0"	"Arends & McNab (2001)"	"0"	"0"		1613	725.9	139.820092604028	"1"	"1"	"1"	"1"	"1"	"1"	"1"	"1"	"1"										"1"	"1"	"1"	"1"	"1"	"1"
"710"	"Galea musteloides"	"Galea musteloides"		"Galea musteloides"	"RodHystrico"	"0"	"Müller & Soppa (1988)"	"0"	"0"		322	264	164.602049818776	"7"	"1"	"1"	"1"	"1"	"-1"	"1"	"0"	"0"						"1"				"4"	"4"	"0"	"1"		
"711"	"Hydrochoeris hydrochaeris"	"Hydrochaeris hydrochaeris"		"Hydrochaeris hydrochaeris"	"RodHystrico"	"0"	"Arends & McNab (2001)"	"0"	"0"		26385	6596.3	165.649190229817	"1"	"1"	"1"	"1"	"1"	"1"	"1"	"1"	"1"				"1"						"1"	"1"	"1"	"1"	"1"	"1"
"712"	"Kerodon rupestris"	"Kerodon rupestris"		"Kerodon rupestris"	"RodHystrico"	"0"	"Arends & McNab (2001)"	"0"	"0"		733	366.5	125.45021914803	"2"	"1"	"1"	"1"	"1"	"1"	"1"	"1"	"1"										"1"	"1"	"1"	"1"	"1"	"1"
"713"	"Microcavia niata"	"Microcavia niata"		"Microcavia niata"	"RodHystrico"	"0"	"Bozinovic (1992a)"	"0"	"0"		255.2	175.8	129.855726144453	"6"	"0"	"0"	"1"	"1"	"1"	"1"	"0"	"0"										"2"	"2"	"1"	"1"	"1"	
"714"	"Microcavia niata"	"Microcavia niata"		"Microcavia niata"	"RodHystrico"	"0"	"Marquet et al. (1993)"	"0"	"0"		255.2	175.8	129.855726144453	"6"	"0"	"0"	"1"	"1"	"1"	"1"	"0"	"0"										"2"	"2"	"1"			"1"
"715"	"Chinchilla lanigera"	"Chinchilla lanigera"		"Chinchilla lanigera"	"RodHystrico"	"0"	"Drozdz & Gorecki (1967)"	"0"	"0"		402.5	279.3	147.997659936046	"6"	"1"	"1"	"1"	"0"	"-1"	"1"	"1"	"1"						"1"				"3"	"4"	"0"			"1"
"716"	"Chinchilla lanigera"	"Chinchilla laniger"		"Chinchilla lanigera"	"RodHystrico"	"0"	"Kohl (1980)"	"0"	"0"		494	232.2	105.972581153537	"2"	"1"	"1"	"1"	"0"	"-1"	"1"	"0"	"0"										"4"	"4"	"0"			
"717"	"Chinchilla lanigera"	"Chinchilla lanigera"		"Chinchilla lanigera"	"RodHystrico"	"0"	"Cortés et al. (2000)"	"0"	"0"		358.8	236.8	136.443394752631	"4"	"1"	"1"	"1"	"1"	"0"	"1"	"1"	"0"										"2"	"2"	"1"			
"718"	"Chinchilla lanigera"	"Chinchilla laniger"		"Chinchilla lanigera"	"RodHystrico"	"0"	"Arends & McNab (2001)"	"0"	"0"		426	225.8	114.800183617547	"4"	"1"	"1"	"1"	"1"	"1"	"1"	"1"	"1"		"1"								"1"	"2"	"1"	"1"	"1"	
"719"	"Chinchilla chinchilla"	"Chinchilla brevicaudata"		"Chinchilla brevicaudata"	"RodHystrico"	"0"	"Cortés et al. (2003)"	"0"	"0"		454.4	226.3	109.766611963431	"5"	"1"	"1"	"1"	"1"	"0"	"1"	"0"	"0"										"2"	"2"	"1"	"1"	"1"	"1"
"720"	"Lagidium viscacia"	"Lagidium viscacia"		"Lagidium viscacia"	"RodHystrico"	"0"	"Tirado et al. (2007)"	"0"	"0"		2056	699	112.808434196645	"4"	"1"	"1"	"1"	"1"	"0"	"0"	"1"	"0"										"2"	"2"	"1"	"1"	"1"	"1"
"721"	"Lagostomus maximus"	"Lagostomus maximus"		"Lagostomus maximus"	"RodHystrico"	"0"	"Kohl (1980)"	"0"	"0"		6784	1886	127.481379509638	"2"	"1"	"1"	"1"	"0"	"-1"	"1"	"0"	"0"										"4"	"4"	"0"	"1"		
"722"	"Ctenomys australis"	"Ctenomys australis"		"Ctenomys australis"	"RodHystrico"	"0"	"Busch (1989)"	"0"	"0"		340	116.6	69.8728829773673	"3"	"0"	"0"	"0"	"1"	"-1"	"1"	"0"	"0"										"4"	"4"	"0"			
"723"	"Ctenomys australis"	"Ctenomys australis"		"Ctenomys australis"	"RodHystrico"	"0"	"Luna & Antinuchi (2007b)"	"0"	"0"		293.8	146.5	97.6531173231994	"5"	"0"	"0"	"0"	"1"	"-1"	"1"	"0"	"0"										"4"	"4"	"0"	"1"		
"724"		"Ctenomys chasiquensis"		"Ctenomys chasiquensis"	"RodHystrico"	"0"	"Luna et al. (2009)"	"0"	"0"		140.7	112.6	128.377890866569	"3"	"0"	"0"	"-1"	"1"	"1"	"1"	"0"	"0"										"4"	"4"	"0"	"1"		
"725"	"Ctenomys fulvus"	"Ctenomys fulvus"		"Ctenomys fulvus"	"RodHystrico"	"0"	"Contreras (1983)"	"0"	"0"		275	176	123.111146803883	"6"	"1"	"1"	"1"	"1"	"0"	"1"	"0"	"0"										"2"	"2"	"1"	"1"	"1"	"1"
"726"	"Ctenomys magellanicus"	"Ctenomys magellanicus"		"Ctenomys magellanicus"	"RodHystrico"	"0"	"Luna et al. (2009)"	"0"	"0"		263.1	184.2	133.069881599001	"6"	"0"	"0"	"-1"	"1"	"1"	"1"	"0"	"0"										"4"	"4"	"0"	"1"		
"727"	"Ctenomys maulinus"	"Ctenomys maulinus bruneus"	"brunneus"	"Ctenomys maulinus"	"RodHystrico"	"0"	"Contreras (1983)"	"0"	"0"		215	187.1	156.597344442508	"6"	"1"	"1"	"1"	"1"	"0"	"1"	"0"	"0"										"2"	"2"	"1"	"1"	"1"	"1"
"728"	"Ctenomys opimus"			"Ctenomys opimus"	"RodHystrico"	"0"	"Contreras & McNab (1990)"	"0"	"1"	"McNab (2008a)"	214	139.1	116.819066661143			"0"										"1"								"0"			
"729"	"Ctenomys opimus"	"Ctenomys opimus"		"Ctenomys opimus"	"RodHystrico"	"0"	"Luna et al. (2009)"	"0"	"0"		218.4	128.9	106.658627299528	"5"	"0"	"0"	"-1"	"1"	"1"	"1"	"0"	"0"				"1"						"4"	"4"	"0"	"1"		
"730"	"Ctenomys peruanus"	"Ctenomys peruanus"		"Ctenomys peruanus"	"RodHystrico"	"0"	"Morrison & McNab"	"1"	"0"	"Arends & McNab (2001)"	490	220.5	101.231085618199	"2"	"0"	"0"																		"0"	"1"		
"731"	"Ctenomys porteousi"	"Ctenomys porteousi"		"Ctenomys porteousi"	"RodHystrico"	"0"	"Luna et al. (2009)"	"0"	"0"		195.7	150.7	135.0833378317	"7"	"0"	"0"	"-1"	"1"	"1"	"1"	"0"	"0"										"4"	"4"	"0"	"1"		
"732"	"Ctenomys talarum"	"Ctenomys talarum talarum"	"talarum"	"Ctenomys talarum"	"RodHystrico"	"0"	"Busch (1989)"	"0"	"0"		126	119.2	147.286984565224	"3"	"1"	"1"	"1"	"1"	"-1"	"1"	"0"	"0"										"4"	"4"	"0"			
"733"	"Ctenomys talarum"	"Ctenomys talarum recessus"	"recessus"	"Ctenomys talarum"	"RodHystrico"	"0"	"Busch (1989)"	"0"	"0"		116	104.5	137.146478000266	"3"	"1"	"1"	"1"	"1"	"-1"	"1"	"0"	"0"										"4"	"4"	"0"			
"734"	"Ctenomys talarum"	"Ctenomys talarum"		"Ctenomys talarum"	"RodHystrico"	"0"	"Zenuto et al. (2002)"	"0"	"0"		117.7	95.5	124.012531519711	"9"	"0"	"1"	"0"	"1"	"-1"	"1"	"1"	"1"										"3"	"3"	"0"			
"735"	"Ctenomys talarum"	"Ctenomys talarum"		"Ctenomys talarum"	"RodHystrico"	"0"	"Luna & Antinuchi (2007a)"	"0"	"0"		126.5	116.8	143.905400510281	"14"	"0"	"1"	"1"	"1"	"-1"	"1"	"0"	"0"										"4"	"4"	"0"			
"736"	"Ctenomys talarum"	"Ctenomys talarum"		"Ctenomys talarum"	"RodHystrico"	"0"	"Luna & Antinuchi (2007b)"	"0"	"0"		125	123.8	153.862040625065	"12"	"0"	"1"	"1"	"1"	"-1"	"1"	"0"	"0"										"4"	"4"	"0"			
"737"	"Ctenomys talarum"	"Ctenomys talarum"		"Ctenomys talarum"	"RodHystrico"	"0"	"Luna et al. (2012)"	"0"	"0"		181.95	162.91	153.992984086298	"6"	"0"	"1"	"1"	"1"	"1"	"1"	"1"	"1"										"1"	"1"	"1"	"1"	"1"	
"738"	"Ctenomys talarum"	"Ctenomys talarum"		"Ctenomys talarum"	"RodHystrico"	"0"	"Baldo et al. (2014)"	"0"	"0"		80.9	140.8	240.307002033946	"14"	"0"	"1"	"1"	"1"	"0"	"1"	"-1"	"1"						"1"				"3"	"4"	"0"			"1"
"739"	"Ctenomys tuconax"	"Ctenomys tuconax"		"Ctenomys tuconax"	"RodHystrico"	"0"	"Luna et al. (2009)"	"0"	"0"		325.8	208.5	128.891110311024	"5"	"0"	"0"	"-1"	"1"	"1"	"1"	"0"	"0"										"4"	"4"	"0"	"1"		
"740"	"Cuniculus paca"	"Agouti paca"		"Agouti paca"	"RodHystrico"	"0"	"Arends & McNab (2001)"	"0"	"0"		9156	2746.8	149.211317477498	"1"	"1"	"1"	"1"	"1"	"1"	"1"	"1"	"1"										"1"	"1"	"1"	"1"	"1"	"1"
"741"	"Dasyprocta azarae"	"Dasyprocta azarae"		"Dasyprocta azarae"	"RodHystrico"	"0"	"Arends & McNab (2001)"	"0"	"0"		3849	1886	192.699817818464	"2"	"1"	"1"	"1"	"1"	"1"	"1"	"1"	"1"										"1"	"1"	"1"	"1"	"1"	"1"
"742"	"Dasyprocta leporina"	"Dasyprocta leporina"		"Dasyprocta leporina"	"RodHystrico"	"0"	"Arends & McNab (2001)"	"0"	"0"		2687	1558.5	206.932602938752	"1"	"1"	"1"	"1"	"1"	"1"	"1"	"1"	"1"										"1"	"1"	"1"	"1"	"1"	"1"
"743"	"Myoprocta acouchy"	"Myoprocta acouchy"		"Myoprocta acouchy"	"RodHystrico"	"0"	"Arends & McNab (2001)"	"0"	"0"		914	502.7	146.499907808504	"2"	"1"	"1"	"1"	"1"	"1"	"1"	"1"	"1"										"1"	"1"	"1"	"1"	"1"	"1"
"744"	"Proechimys semispinosus"	"Proechimys semispinosus"		"Proechimys semispinosus"	"RodHystrico"	"0"	"Scholander et al. (1950)"	"0"	"0"		265	338.5	243.259983962615	"1"	"1"	"1"	"1"	"0"	"1"	"1"	"0"	"0"	"1"			"1"		"1"			"1"	"2"	"3"	"0"	"1"		
"745"	"Proechimys semispinosus"			"Proechimys semispinosus"	"RodHystrico"	"0"	"McNab (1973)"	"0"	"1"	"McNab (1982)"	498	313.7	142.328728859024			"1"																		"0"			
"746"	"Thrichomys apereoides"	"Thrichomys apereoides"		"Thrichomys apereoides"	"RodHystrico"	"0"	"Arends & McNab (2001)"	"0"	"0"		323	206.7	128.584932346233	"2"	"1"	"1"	"1"	"1"	"1"	"1"	"1"	"1"										"1"	"1"	"1"	"1"	"1"	"1"
"747"	"Coendou prehensilis"	"Coendou prehensilis"		"Coendou prehensilis"	"RodHystrico"	"0"	"McNab (1978a)"	"0"	"0"		3280	925	106.200837969613	"1"	"1"	"1"	"1"	"1"	"1"	"1"	"0"	"0"										"2"	"2"	"1"	"1"	"1"	"1"
"748"	"Erethizon dorsata"	"Erethizon dorsatum myops"	"myops"	"Erethizon dorsatum"	"RodHystrico"	"0"	"Irving et al. (1955)"	"0"	"0"		5530	2378	186.562121803933	"1"	"1"	"1"	"1"	"-1"	"-1"	"0"	"1"	"1"										"4"	"4"	"0"			
"749"	"Erethizon dorsata"	"Erethizon dorsatum"		"Erethizon dorsatum"	"RodHystrico"	"0"	"Fournier & Thomas (1999)"	"0"	"0"		6100	3074.4	224.550054386961	"5"	"1"	"1"	"1"	"0"	"1"	"1"	"1"	"0"									"1"	"2"	"3"	"0"	"1"		
"750"	"Erethizon dorsata"	"Erethizon dorsatum"		"Erethizon dorsatum"	"RodHystrico"	"0"	"Roberts & Thompson"	"1"	"0"	"Arends & McNab (2001)"	11136	2784	131.117865538118		"0"	"0"																		"0"			
"751"	"Sphiggurus villosus"	"Coendou villosus"		"Sphiggurus villosus"	"RodHystrico"	"0"	"Ozorio de Almeida & Galvao (1924)"	"0"	"0"		812	580	184.255258486782	"1"	"0"	"0"	"0"	"0"	"-1"	"1"	"0"	"0"	"1"			"1"		"1"			"1"	"4"	"4"	"0"	"1"		
"752"	"Hystrix africaeaustralis"	"Hystrix africaeaustralis"		"Hystrix africaeaustralis"	"RodHystrico"	"0"	"Haim et al. (1990b)"	"0"	"0"		11100	2320	109.523112207595	"6"	"1"	"1"	"1"	"0"	"-1"	"1"	"1"	"0"										"4"	"4"	"0"			
"753"	"Hystrix africaeaustralis"	"Hystrix africaeaustralis"		"Hystrix africaeaustralis"	"RodHystrico"	"0"	"Haim et al. (1990a)"	"0"	"0"		10700	2033	98.5768298658515	"6"	"1"	"1"	"1"	"0"	"-1"	"1"	"1"	"0"										"4"	"4"	"0"	"1"		
"754"	"Myocastor coypus"	"Myocastor coypus"		"Myocastor coypus"	"RodHystrico"	"0"	"Segal (1978)"	"0"	"0"		4325	3027.4	284.115007071291	"4"	"1"	"1"	"1"																	"0"	"1"		
"755"	"Aconaemys fuscus"	"Aconaemys fuscus"		"Aconaemys fuscus"	"RodHystrico"	"0"	"Contreras (1983)"	"0"	"0"		112	121	162.915976039313	"2"	"1"	"1"	"1"	"1"	"0"	"1"	"0"	"0"										"2"	"2"	"1"	"1"	"1"	"1"
"756"	"Octodon bridgesi"	"Octodon bridgesi"		"Octodon bridgesi"	"RodHystrico"	"0"	"Bozinovic (1992a)"	"0"	"0"		176.1	183.3	177.444334379376	"7"	"0"	"0"	"1"	"1"	"1"	"1"	"0"	"0"										"2"	"2"	"1"	"1"	"1"	"1"
"757"	"Octodon degus"	"Octodon degus"		"Octodon degus"	"RodHystrico"	"0"	"Rosenmann (1977)"	"0"	"0"		195	181.9	163.476642758516	"13"	"1"	"1"	"1"	"0"	"-1"	"-1"	"1"	"0"										"4"	"4"	"0"			
"758"	"Octodon degus"	"Octodon degus"		"Octodon degus"	"RodHystrico"	"0"	"Veloso & Bozinovic (1993)"	"0"	"0"		206.4	175.44	151.273722965504	"6"	"0"	"1"	"1"	"1"	"1"	"1"	"0"	"0"										"2"	"2"	"1"			
"759"	"Octodon degus"	"Octodon degus"		"Octodon degus"	"RodHystrico"	"0"	"Veloso & Bozinovic (1993)"	"0"	"0"		229.2	187.94	150.13467641769	"6"	"0"	"1"	"1"	"1"	"1"	"1"	"0"	"0"										"2"	"2"	"1"			
"760"	"Octodon degus"	"Octodon degus"		"Octodon degus"	"RodHystrico"	"0"	"Bozinovic (1995)"	"0"	"0"		149.6	115.4	125.816882496854	"5"	"0"	"1"	"1"	"1"	"1"	"1"	"1"	"1"		"1"								"1"	"1"	"1"			
"761"	"Octodon degus"	"Octodon degus"		"Octodon degus"	"RodHystrico"	"0"	"Bozinovic & Novoa (1997)"	"0"	"0"		179.9	149	142.012572049654	"20"	"0"	"1"	"1"	"1"	"1"	"1"	"0"	"1"										"2"	"2"	"1"			
"762"	"Octodon degus"	"Octodon degus"		"Octodon degus"	"RodHystrico"	"0"	"Veloso & Bozinovic (2000)"	"0"	"0"		184.3	129.4	121.178214699269		"0"	"1"	"1"	"1"	"-1"	"-1"	"1"	"1"										"4"	"4"	"0"			
"763"	"Octodon degus"	"Octodon degus"		"Octodon degus"	"RodHystrico"	"0"	"Veloso & Bozinovic (2000)"	"0"	"0"		184.3	146.8	137.472657788661		"0"	"1"	"1"	"1"	"-1"	"-1"	"1"	"1"										"4"	"4"	"0"			
"764"	"Octodon degus"	"Octodon degus"		"Octodon degus"	"RodHystrico"	"0"	"Bozinovic et al. (2000)"	"0"	"0"		237.1	184.9	144.102014170899	"2"	"0"	"1"	"1"	"1"	"-1"	"-1"	"1"	"1"										"4"	"4"	"0"			
"765"	"Octodon degus"	"Octodon degus"		"Octodon degus"	"RodHystrico"	"0"	"Nespolo et al. (2001b)"	"0"	"0"		182.7	301.5	284.143783057013	"7"	"0"	"1"	"1"	"0"	"-1"	"-1"	"0"	"0"										"4"	"4"	"0"			"1"
"766"	"Octodon degus"	"Octodon degus"		"Octodon degus"	"RodHystrico"	"0"	"Arends & McNab (2001)"	"0"	"0"		206	191.6	165.441532349447	"4"	"1"	"1"	"1"	"1"	"1"	"1"	"1"	"1"										"1"	"1"	"1"	"1"	"1"	
"767"	"Octodon degus"	"Octodon degus"		"Octodon degus"	"RodHystrico"	"0"	"Bozinovic et al. (2004a)"	"0"	"0"		182.17	161.5	152.525739680265	"9"	"0"	"1"	"1"	"1"	"1"	"-1"	"1"	"0"										"3"	"3"	"0"			
"768"	"Octodon degus"	"Octodon degus"		"Octodon degus"	"RodHystrico"	"0"	"Naya et al. (2008)"	"0"	"0"		207.2	134.6	115.732457244184	"10"	"0"	"1"	"1"	"1"	"1"	"-1"	"1"	"1"										"3"	"3"	"0"			
"769"	"Octodon degus"	"Octodon degus"		"Octodon degus"	"RodHystrico"	"0"	"Bozinovic et al. (2009)"	"0"	"0"		148.6	115.2	126.214429873492	"10"	"0"	"1"	"1"	"0"	"1"	"-1"	"1"	"1"										"3"	"3"	"0"			
"770"	"Octodon degus"	"Octodon degus"		"Octodon degus"	"RodHystrico"	"0"	"Bozinovic et al. (2009)"	"0"	"0"		138.4	130.8	150.93076633784	"10"	"0"	"1"	"1"	"0"	"1"	"-1"	"1"	"1"										"3"	"3"	"0"			
"771"	"Octodon degus"	"Octodon degus"		"Octodon degus"	"RodHystrico"	"0"	"Bozinovic et al. (2009)"	"0"	"0"		178.2	147	141.079484636281	"10"	"0"	"1"	"1"	"0"	"1"	"-1"	"1"	"1"										"3"	"3"	"0"			
"772"	"Octodon degus"	"Octodon degus"		"Octodon degus"	"RodHystrico"	"0"	"Bozinovic et al. (2009)"	"0"	"0"		182.2	153.6	145.047315332556	"10"	"0"	"1"	"1"	"0"	"1"	"-1"	"1"	"1"										"3"	"3"	"0"			
"773"	"Octodon lunatus"	"Octodon lunatus"		"Octodon lunatus"	"RodHystrico"	"0"	"Bozinovic (1992a)"	"0"	"0"		173.2	171.5	168.043205424196	"3"	"0"	"0"	"1"	"1"	"1"	"1"	"0"	"0"										"2"	"2"	"1"	"1"	"1"	"1"
"774"	"Octodontomys gliroides"	"Octodontomys gliroides"		"Octodontomys gliroides"	"RodHystrico"	"0"	"Bozinovic (1992a)"	"0"	"0"		156.3	125.8	132.844258484028	"3"	"0"	"1"	"1"	"1"	"1"	"1"	"0"	"0"										"2"	"2"	"1"			"1"
"775"	"Octodontomys gliroides"	"Octodontomys gliroides"		"Octodontomys gliroides"	"RodHystrico"	"0"	"Arends & McNab (2001)"	"0"	"0"		152	130.7	140.854217346771	"2"	"1"	"1"	"1"	"1"	"1"	"1"	"1"	"1"										"1"	"1"	"1"	"1"	"1"	
"776"	"Octomys mimax"	"Octomys mimax"		"Octomys mimax"	"RodHystrico"	"0"	"Bozinovic & Contreras (1990)"	"0"	"0"		118.6	115	148.507485549542	"8"	"1"	"1"	"1"	"1"	"-1"	"1"	"0"	"0"										"4"	"4"	"0"	"1"		
"777"	"Spalacopus cyanus"	"Spalacopus cyanus"		"Spalacopus cyanus"	"RodHystrico"	"0"	"McNab (1979b)"	"0"	"0"		185	146.2	136.532934770092	"2"	"1"	"1"	"1"	"1"	"1"	"1"	"1"	"1"			"1"							"1"	"1"	"1"			
"778"	"Spalacopus cyanus"	"Spalacopus cyanus"		"Spalacopus cyanus"	"RodHystrico"	"0"	"Contreras (1986,1983)"	"0"	"0"		136	101.3	118.390764231759	"9"	"1"	"1"	"1"	"1"	"1"	"1"	"0"	"0"										"2"	"2"	"1"	"1"	"1"	
"779"	"Spalacopus cyanus"	"Spalacopus cyanus"		"Spalacopus cyanus"	"RodHystrico"	"0"	"Contreras (1986,1983)"	"0"	"0"		83	79.3	132.838358652852	"8"	"1"	"1"	"1"	"1"	"1"	"1"	"0"	"0"										"2"	"2"	"1"			
"780"	"Spalacopus cyanus"	"Spalacopus cyanus"		"Spalacopus cyanus"	"RodHystrico"	"0"	"Nespolo et al. (2001a)"	"0"	"0"		105.6	76	106.812194709814	"6"	"0"	"1"	"1"	"1"	"1"	"1"	"0"	"0"						"1"				"2"	"3"	"0"			
"781"	"Spalacopus cyanus"	"Spalacopus cyanus"		"Spalacopus cyanus"	"RodHystrico"	"0"	"Bozinovic et al. (2005a)"	"0"	"0"		121.5	84.92	107.748720512887	"9"	"0"	"1"	"0"	"0"	"0"	"1"	"0"	"1"										"3"	"3"	"0"			
"782"	"Spalacopus cyanus"	"Spalacopus cyanus"		"Spalacopus cyanus"	"RodHystrico"	"0"	"Bozinovic et al. (2005a)"	"0"	"0"		105.1	74.83	105.532349745279	"5"	"0"	"1"	"0"	"0"	"0"	"1"	"0"	"1"										"3"	"3"	"0"			
"783"	"Spalacopus cyanus"	"Spalacopus cyanus"		"Spalacopus cyanus"	"RodHystrico"	"0"	"Bozinovic et al. (2005a)"	"0"	"0"		72.4	38.16	70.6182895251005	"4"	"0"	"1"	"0"	"0"	"1"	"1"	"0"	"1"										"2"	"2"	"1"			"1"
"784"	"Spalacopus cyanus"	"Spalacopus cyanus"		"Spalacopus cyanus"	"RodHystrico"	"0"	"Bozinovic et al. (2005a)"	"0"	"0"		93	60	92.5093061762265	"6"	"0"	"1"	"0"	"0"	"1"	"1"	"0"	"1"										"2"	"2"	"1"			
"785"	"Spalacopus cyanus"	"Spalacopus cyanus"		"Spalacopus cyanus"	"RodHystrico"	"0"	"Bozinovic et al. (2005a)"	"0"	"0"		86.1	66.67	108.735511200194	"6"	"0"	"1"	"0"	"0"	"1"	"1"	"0"	"1"										"2"	"2"	"1"			
"786"	"Spalacopus cyanus"	"Spalacopus cyanus"		"Spalacopus cyanus"	"RodHystrico"	"0"	"Bozinovic et al. (2005a)"	"0"	"0"		70.6	45.37	85.5162001463942	"7"	"0"	"1"	"0"	"0"	"1"	"1"	"0"	"1"										"2"	"2"	"1"			
"787"	"Spalacopus cyanus"	"Spalacopus cyanus"		"Spalacopus cyanus"	"RodHystrico"	"0"	"Bozinovic et al. (2005a)"	"0"	"0"		89.9	58.41	92.311250418312	"6"	"0"	"1"	"0"	"0"	"1"	"1"	"0"	"1"										"2"	"2"	"1"			
"788"	"Tympanoctomys barrerae"	"Tympanoctomys barrerae"		"Tympanoctomys barrerae"	"RodHystrico"	"0"	"Bozinovic & Contreras (1990)"	"0"	"0"		71.4	76.8	143.573228540274	"2"	"1"	"1"	"1"	"1"	"0"	"1"	"0"	"1"										"2"	"2"	"1"	"1"	"1"	"1"
"789"	"Pedetes capensis"	"Pedetes capensis"		"Pedetes capensis"	"RodAnomal"	"0"	"Müller et al. (1979)"	"0"	"0"		2300	793.3	117.976662132323	"2"	"1"	"1"	"1"	"1"	"1"	"1"	"1"	"0"										"2"	"2"	"1"	"1"	"1"	
"790"	"Pedetes capensis"	"Pedetes capensis"		"Pedetes capensis"	"RodAnomal"	"0"	"Peinke & Brown (2003)"	"0"	"0"		2800	1201.2	154.773057315987	"17"	"1"	"1"	"1"	"1"	"1"	"1"	"0"	"1"										"2"	"2"	"1"			"1"
"791"	"Castor canadensis"	"Castor canadensis"		"Castor canadensis"	"RodCastor"	"0"	"MacArthur (1989)"	"0"	"0"		15270	4688	175.399030229535	"4"	"1"	"1"	"1"	"1"	"1"	"1"	"1"	"0"										"2"	"2"	"1"	"1"	"1"	
"792"	"Castor canadensis"	"Castor canadensis"		"Castor canadensis"	"RodCastor"	"0"	"Allers & Culik (1997)"	"0"	"0"		18800	5256	168.986700866855	"4"	"0"	"1"	"1"	"0"	"1"	"-1"	"1"	"1"		"1"								"3"	"3"	"0"			"1"
"793"	"Geomys bursarius"	"Geomys bursarius"		"Geomys bursarius"	"RodCastor"	"0"	"Bradley & Yousef (1975)"	"0"	"0"		197	137.9	123.014591891988	"7"	"1"	"1"	"1"	"0"	"-1"	"1"	"0"	"0"						"1"				"4"	"4"	"0"	"1"		
"794"	"Geomys pinetis"	"Geomys pinetis"		"Geomys pinetis"	"RodCastor"	"0"	"McNab (1966)"	"0"	"0"		200	142	125.284031600354	"10"	"1"	"1"	"1"	"1"	"1"	"1"	"0"	"0"										"2"	"2"	"1"	"1"	"1"	
"795"	"Geomys pinetis"	"Geomys pinetis"		"Geomys pinetis"	"RodCastor"	"0"	"Ross (1980)"	"0"	"0"		150.4	103.2	112.079005191158	"5"	"1"	"1"	"1"	"1"	"-1"	"1"	"0"	"0"										"4"	"4"	"0"			"1"
"796"	"Thomomys bottae"	"Thomomys bottae"		"Thomomys bottae"	"RodCastor"	"0"	"Vleck (1979)"	"0"	"0"		143	120.1	135.319778720714	"21"	"1"	"1"	"1"	"1"	"1"	"1"	"1"	"1"										"1"	"1"	"1"	"1"	"1"	
"797"	"Thomomys bottae"	"Thomomys bottae bottae"	"bottae"	"Thomomys bottae"	"RodCastor"	"0"	"Contreras (1983)"	"0"	"0"		203	148.2	129.34267389636	"4"	"1"	"1"	"1"	"1"	"0"	"1"	"0"	"0"										"2"	"2"	"1"			
"798"	"Thomomys bottae"	"Thomomys bottae melanotus"		"Thomomys bottae"	"RodCastor"	"0"	"Contreras (1983)"	"0"	"0"		111	107.7	145.959878983503	"4"	"1"	"1"	"1"	"1"	"0"	"1"	"0"	"0"										"2"	"2"	"1"			"1"
"799"	"Thomomys talpoides"	"Thomomys talpoides"		"Thomomys talpoides"	"RodCastor"	"0"	"Bradley et al. (1974)"	"0"	"0"		106	109.2	153.049848995843	"7"	"1"	"1"	"1"	"1"	"-1"	"1"	"0"	"0"										"4"	"4"	"0"			
"800"	"Thomomys talpoides"	"Thomomys talpoides"		"Thomomys talpoides"	"RodCastor"	"0"	"Gettinger (1975)"	"0"	"0"		110.8	147.4	200.025903634925	"12"	"1"	"1"	"1"	"1"	"-1"	"1"	"0"	"1"										"3"	"3"	"0"			"1"
"801"	"Thomomys talpoides"	"Thomomys talpoides"		"Thomomys talpoides"	"RodCastor"	"0"	"Kenagy & Vleck (1982)"	"0"	"0"		82.6	102.6	172.475395357194	"3"	"0"	"1"	"1"	"1"	"1"	"1"	"0"	"0"										"2"	"2"	"1"	"1"	"1"	
"802"	"Thomomys townsendii"	"Thomomys townsendii beckmani"	"nevadensis"	"Thomomys townsendii"	"RodCastor"	"0"	"Contreras (1983)"	"0"	"0"		249	189.2	142.282029364034	"2"	"1"	"1"	"1"	"1"	"0"	"1"	"0"	"0"										"2"	"2"	"1"	"1"	"1"	"1"
"803"	"Thomomys umbrinus"	"Thomomys umbrinus"		"Thomomys umbrinus"	"RodCastor"	"0"	"Bradley et al. (1974)"	"0"	"0"		95.3	72.3	109.505974810612	"8"	"1"	"1"	"1"	"1"	"0"	"1"	"0"	"0"				"1"				"1"		"2"	"3"	"0"	"1"		
"804"	"Chaetodipus baileyi"	"Perognathus baileyi"		"Chaetodipus baileyi"	"RodCastor"	"0"	"Hinds & MacMillen (1985)"	"0"	"0"		29.1	34.54	124.223164130772	"10"	"1"	"1"	"0"	"1"	"-1"	"1"	"0"	"0"										"4"	"4"	"0"	"1"		
"805"	"Chaetodipus californicus"	"Perognathus californicus"		"Chaetodipus californicus"	"RodCastor"	"0"	"Tucker (1965)"	"0"	"0"		22	21.3	93.931598257507	"7"	"1"	"1"	"1"	"1"	"-1"	"1"	"0"	"0"										"4"	"4"	"0"	"1"		
"806"	"Chaetodipus fallax"	"Perognathus fallax"		"Chaetodipus fallax"	"RodCastor"	"0"	"Hinds & MacMillen (1985)"	"0"	"0"		19.6	26.85	128.809488859165	"9"	"1"	"1"	"0"	"1"	"-1"	"1"	"0"	"0"										"4"	"4"	"0"	"1"		
"807"	"Chaetodipus fallax"	"Perognathus fallax"		"Chaetodipus fallax"	"RodCastor"	"0"	"Hulbert et al. (1985)"	"0"	"0"		17.6	25.5	132.318231734154	"1"	"0"	"1"	"1"	"0"	"-1"	"0"	"0"	"0"										"4"	"4"	"0"			
"808"	"Chaetodipus fallax"	"Perognathus fallax"		"Chaetodipus fallax"	"RodCastor"	"0"	"Hulbert et al. (1985)"	"0"	"0"		21.2	27.7	125.498683290174	"4"	"0"	"1"	"1"	"0"	"-1"	"0"	"0"	"0"										"4"	"4"	"0"			
"809"	"Chaetodipus fallax"	"Perognathus fallax"		"Chaetodipus fallax"	"RodCastor"	"0"	"Hulbert et al. (1985)"	"0"	"0"		19.7	23.8	113.754692562296	"4"	"0"	"1"	"1"	"0"	"-1"	"0"	"0"	"0"										"4"	"4"	"0"			
"810"	"Chaetodipus formosus"	"Perognathus formosus"		"Chaetodipus formosus"	"RodCastor"	"0"	"Yousef & Johnson (1975)"	"0"	"0"		15.1	18.42	106.874396198547	"6"	"0"	"0"	"-1"	"0"	"0"	"1"	"0"	"0"						"1"				"4"	"4"	"0"	"1"		
"811"	"Chaetodipus hispidus"	"Perognathus hispidus"		"Chaetodipus hispidus"	"RodCastor"	"0"	"Wang & Hudson (1970)"	"0"	"0"		39.5	49.4	142.188970266638	"6"	"1"	"1"	"1"	"1"	"1"	"1"	"0"	"0"										"2"	"2"	"1"	"1"	"1"	
"812"	"Chaetodipus hispidus"	"Perognathus hispidus"		"Chaetodipus hispidus"	"RodCastor"	"0"	"Hinds & MacMillen (1985)"	"0"	"0"		32	45.9	154.034000264048	"10"	"1"	"1"	"0"	"1"	"-1"	"1"	"0"	"0"										"4"	"4"	"0"			"1"
"813"	"Chaetodipus intermedius"	"Perognathus intermedius"		"Chaetodipus intermedius"	"RodCastor"	"0"	"Bradley et al. (1975)"	"0"	"0"		14.6	15.6	92.7618944095561		"1"	"1"	"0"	"1"	"1"	"1"	"0"	"1"										"2"	"2"	"1"	"1"	"1"	
"814"	"Chaetodipus intermedius"	"Perognathus intermedius"		"Chaetodipus intermedius"	"RodCastor"	"0"	"Yousef & Johnson (1975)"	"0"	"0"		18.3	24.34	122.758612848574	"3"	"0"	"1"	"0"	"0"	"0"	"1"	"0"	"0"						"1"				"3"	"4"	"0"			"1"
"815"	"Chaetodipus penicillatus"	"Perognathus penicillatus"		"Chaetodipus penicillatus"	"RodCastor"	"0"	"Brower & Cade"	"1"	"0"	"Brower & Cade (1966)"	16	22.4	124.595625252409		"0"	"0"																		"0"	"1"		
"816"	"Dipodomys agilis"	"Dipodomys agilis perplexus"	"perplexus"	"Dipodomys agilis"	"RodCastor"	"0"	"Carpenter (1966)"	"0"	"0"		60.6	63.6	133.996302776376	"9"	"1"	"1"	"1"	"1"	"1"	"1"	"0"	"0"										"2"	"2"	"1"	"1"	"1"	"1"
"817"	"Dipodomys deserti"	"Dipodomys deserti"		"Dipodomys deserti"	"RodCastor"	"0"	"Yousef et al. (1974)"	"0"	"0"		101.1	92	133.46963652761	"9"	"0"	"1"	"1"	"0"	"0"	"1"	"0"	"0"						"1"				"3"	"4"	"0"			
"818"	"Dipodomys deserti"	"Dipodomys deserti"		"Dipodomys deserti"	"RodCastor"	"0"	"Yousef & Johnson (1975)"	"0"	"0"		97.8	85.09	126.46773524128	"14"	"0"	"1"	"0"	"0"	"0"	"1"	"0"	"0"						"1"				"3"	"4"	"0"			
"819"	"Dipodomys deserti"	"Dipodomys deserti"		"Dipodomys deserti"	"RodCastor"	"0"	"McNab (1979a)"	"0"	"0"		106	92.2	129.223407302351	"3"	"1"	"1"	"1"	"1"	"1"	"1"	"0"	"0"										"2"	"2"	"1"	"1"	"1"	
"820"	"Dipodomys deserti"	"Dipodomys deserti"		"Dipodomys deserti"	"RodCastor"	"0"	"Kenagy & Vleck (1982)"	"0"	"0"		107.5	86.6	120.13771415695	"4"	"0"	"1"	"1"	"1"	"1"	"1"	"0"	"0"										"2"	"2"	"1"			
"821"	"Dipodomys deserti"	"Dipodomys deserti"		"Dipodomys deserti"	"RodCastor"	"0"	"Hinds & MacMillen (1985)"	"0"	"0"		104.7	94	132.936721976594	"9"	"1"	"1"	"0"	"1"	"-1"	"1"	"0"	"0"										"4"	"4"	"0"			
"822"	"Dipodomys deserti"	"Dipodomys deserti"		"Dipodomys deserti"	"RodCastor"	"0"	"Hinds & Rice-Warner (1992)"	"0"	"0"		96	125.8	189.523537971676	"4"	"0"	"1"	"1"	"1"	"0"	"1"	"1"	"0"									"1"	"2"	"3"	"0"			"1"
"823"	"Dipodomys heermanni"	"Dipodomys heermanni"		"Dipodomys heermanni"	"RodCastor"	"0"	"Hinds & Rice-Warner (1992)"	"0"	"0"		63.3	73.2	149.39842508924	"3"	"0"	"0"	"1"	"1"	"0"	"1"	"1"	"0"									"1"	"2"	"3"	"0"	"1"		
"824"	"Dipodomys merriami"	"Dipodomys merriami"		"Dipodomys merriami"	"RodCastor"	"0"	"Dawson (1955)"	"0"	"0"		34.7	41.64	131.72517268076	"6"	"1"	"1"	"1"	"1"	"1"	"1"	"0"	"0"										"2"	"2"	"1"	"1"	"1"	
"825"	"Dipodomys merriami"	"Dipodomys merriami"		"Dipodomys merriami"	"RodCastor"	"0"	"Carpenter (1966)"	"0"	"0"		38.3	43.3	127.465963464867	"10"	"1"	"1"	"1"	"1"	"1"	"1"	"0"	"0"										"2"	"2"	"1"			
"826"	"Dipodomys merriami"	"Dipodomys merriami"		"Dipodomys merriami"	"RodCastor"	"0"	"Taylor et al. (1970)"	"0"	"0"		41	61.91	173.420173074923	"5"	"0"	"1"	"-1"	"1"	"0"	"1"	"1"	"0"										"4"	"4"	"0"			
"827"	"Dipodomys merriami"	"Dipodomys merriami"		"Dipodomys merriami"	"RodCastor"	"0"	"Yousef & Dill (1970)"	"0"	"0"		35	48.65	152.938026971278	"26"	"0"	"1"	"0"	"-1"	"0"	"1"	"0"	"0"						"1"				"4"	"4"	"0"			
"828"	"Dipodomys merriami"	"Dipodomys merriami"		"Dipodomys merriami"	"RodCastor"	"0"	"Yousef et al. (1974)"	"0"	"0"		33.9	38.65	124.363278099453	"13"	"0"	"1"	"0"	"0"	"0"	"1"	"0"	"0"						"1"				"3"	"4"	"0"			
"829"	"Dipodomys merriami"	"Dipodomys merriami"		"Dipodomys merriami"	"RodCastor"	"0"	"Yousef & Johnson (1975)"	"0"	"0"		38.8	41.52	121.075775588426	"14"	"0"	"1"	"0"	"0"	"0"	"1"	"0"	"0"						"1"				"3"	"4"	"0"			
"830"	"Dipodomys merriami"	"Dipodomys merriami"		"Dipodomys merriami"	"RodCastor"	"0"	"Kenagy & Vleck (1982)"	"0"	"0"		43.4	40.1	107.763726911596	"3"	"0"	"1"	"0"	"1"	"1"	"1"	"0"	"0"										"2"	"2"	"1"			
"831"	"Dipodomys merriami"	"Dipodomys merriami"		"Dipodomys merriami"	"RodCastor"	"0"	"Hulbert et al. (1985)"	"0"	"0"		34.2	37.6	120.210127135208	"4"	"0"	"1"	"1"	"0"	"-1"	"0"	"0"	"0"										"4"	"4"	"0"			
"832"	"Dipodomys merriami"	"Dipodomys merriami"		"Dipodomys merriami"	"RodCastor"	"0"	"Hulbert et al. (1985)"	"0"	"0"		32.6	46.3	153.286392476576	"4"	"0"	"1"	"1"	"0"	"-1"	"0"	"0"	"0"										"4"	"4"	"0"			
"833"	"Dipodomys merriami"	"Dipodomys merriami"		"Dipodomys merriami"	"RodCastor"	"0"	"Hinds & MacMillen (1985)"	"0"	"0"		35.8	45	139.152185028373	"10"	"1"	"1"	"1"	"1"	"-1"	"1"	"0"	"0"										"4"	"4"	"0"			
"834"	"Dipodomys merriami"	"Dipodomys merriami"		"Dipodomys merriami"	"RodCastor"	"0"	"Hinds & Rice-Warner (1992)"	"0"	"0"		36.5	59.4	181.106146378464	"3"	"0"	"1"	"1"	"1"	"0"	"1"	"1"	"0"									"1"	"2"	"3"	"0"			"1"
"835"	"Dipodomys merriami"	"Dipodomys merriami"		"Dipodomys merriami"	"RodCastor"	"0"	"Hinds & Rice-Warner (1992)"	"0"	"0"		33.5	55.2	179.159423480372	"3"	"0"	"1"	"1"	"1"	"0"	"1"	"1"	"0"									"1"	"2"	"3"	"0"			
"836"	"Dipodomys microps"	"Dipodomys microps"		"Dipodomys microps"	"RodCastor"	"0"	"Breyen et al. (1973)"	"0"	"0"		57.2	66.9	147.008570862474	"12"	"1"	"1"	"1"	"0"	"0"	"1"	"1"	"1"						"1"				"2"	"3"	"0"	"1"		
"837"	"Dipodomys microps"	"Dipodomys microps"		"Dipodomys microps"	"RodCastor"	"0"	"Yousef et al. (1974)"	"0"	"0"		54.2	59.08	135.024708884033	"13"	"0"	"1"	"1"	"0"	"0"	"1"	"0"	"0"						"1"				"3"	"4"	"0"			
"838"	"Dipodomys microps"	"Dipodomys microps"		"Dipodomys microps"	"RodCastor"	"0"	"Yousef & Johnson (1975)"	"0"	"0"		51.5	54.59	129.498240355317	"13"	"0"	"1"	"0"	"0"	"0"	"1"	"0"	"0"						"1"				"3"	"4"	"0"			
"839"	"Dipodomys nitratoides"	"Dipodomys nitratoides"		"Dipodomys nitratoides"	"RodCastor"	"0"	"Hinds & Rice-Warner (1992)"	"0"	"0"		37.8	46.2	137.31206433337	"2"	"0"	"0"	"1"	"1"	"0"	"1"	"1"	"0"									"1"	"2"	"3"	"0"	"1"		
"840"	"Dipodomys ordii"	"Dipodomys ordii"		"Dipodomys ordii"	"RodCastor"	"0"	"Kenagy & Vleck (1982)"	"0"	"0"		48.8	57.4	141.615922264124	"3"	"0"	"1"	"0"	"1"	"1"	"1"	"0"	"0"										"2"	"2"	"1"	"1"	"1"	
"841"	"Dipodomys ordii"	"Dipodomys ordii"		"Dipodomys ordii"	"RodCastor"	"0"	"Hinds & MacMillen (1985)"	"0"	"0"		46.8	64.2	163.299195070674	"9"	"1"	"1"	"0"	"1"	"-1"	"1"	"0"	"0"										"4"	"4"	"0"			"1"
"842"	"Dipodomys panamintinus"	"Dipodomys panamintinus"		"Dipodomys panamintinus"	"RodCastor"	"0"	"Dawson (1955)"	"0"	"0"		56.9	62.59	138.06587582483	"2"	"1"	"1"	"1"	"1"	"1"	"1"	"0"	"1"										"2"	"2"	"1"	"1"	"1"	
"843"	"Dipodomys panamintinus"	"Dipodomys panamintinus"		"Dipodomys panamintinus"	"RodCastor"	"0"	"Hinds & MacMillen (1985)"	"0"	"0"		64.2	74.3	150.090782273092	"9"	"1"	"1"	"0"	"1"	"-1"	"1"	"0"	"0"										"4"	"4"	"0"			
"844"	"Dipodomys panamintinus"	"Dipodomys panamintinus"		"Dipodomys panamintinus"	"RodCastor"	"0"	"Hinds & Rice-Warner (1992)"	"0"	"0"		71.7	98.23	183.074949249816	"2"	"0"	"1"	"1"	"1"	"0"	"1"	"1"	"0"									"1"	"2"	"3"	"0"			"1"
"845"	"Dipodomys spectabilis"	"Dipodomys spectabilis"		"Dipodomys spectabilis"	"RodCastor"	"0"	"Taylor et al. (1970)"	"0"	"0"		100	114	166.710553795572	"6"	"0"	"0"	"-1"	"1"	"0"	"1"	"1"	"0"										"4"	"4"	"0"	"1"		
"846"	"Heteromys anomalus"	"Heteromys anomalus"		"Heteromys anomalus"	"RodCastor"	"0"	"McNab (1979a)"	"0"	"0"		69.3	100.5	192.012621325454	"2"	"1"	"1"	"0"	"1"	"1"	"1"	"0"	"0"							"1"			"2"	"2"	"1"	"1"	"1"	"1"
"847"	"Heteromys desmarestianus"	"Heteromys desmarestianus"		"Heteromys desmarestianus"	"RodCastor"	"0"	"Hinds & MacMillen (1985)"	"0"	"0"		75.8	99.1	177.358924446505	"9"	"1"	"1"	"0"	"1"	"-1"	"1"	"0"	"0"							"1"			"4"	"4"	"0"	"1"		
"848"	"Liomys irroratus"	"Liomys irroratus"		"Liomys irroratus"	"RodCastor"	"0"	"Hudson & Rummel (1966)"	"0"	"0"		48.1	53.9	134.388853026094	"5"	"1"	"1"	"1"	"1"	"1"	"1"	"0"	"1"										"2"	"2"	"1"	"1"	"1"	
"849"	"Liomys irroratus"	"Liomys irroratus"		"Liomys irroratus"	"RodCastor"	"0"	"Hinds & MacMillen (1985)"	"0"	"0"		44.9	60.2	157.821857853049	"6"	"1"	"1"	"0"	"1"	"-1"	"1"	"0"	"0"							"1"			"4"	"4"	"0"			"1"
"850"	"Liomys salvini"	"Liomys salvani"		"Liomys salvini"	"RodCastor"	"0"	"Hudson & Rummel (1966)"	"0"	"0"		43.8	46.9	125.197731267531	"5"	"1"	"1"	"1"	"1"	"1"	"1"	"0"	"1"										"2"	"2"	"1"	"1"	"1"	
"851"	"Liomys salvini"	"Liomys salvini"		"Liomys salvini"	"RodCastor"	"0"	"Hinds & MacMillen (1985)"	"0"	"0"		42.7	56.1	152.559474193783	"9"	"1"	"1"	"0"	"1"	"-1"	"1"	"0"	"0"							"1"			"4"	"4"	"0"			"1"
"852"	"Liomys salvini"	"Liomys salvini"		"Liomys salvini"	"RodCastor"	"0"	"Hulbert et al. (1985)"	"0"	"0"		45.1	50.1	130.918575049342	"6"	"0"	"1"	"1"	"0"	"-1"	"0"	"0"	"0"										"4"	"4"	"0"			
"853"	"Microdipodops megacephalus"	"Microdipodops megacephalus"		"Microdipodops megacephalus"	"RodCastor"	"0"	"Hinds & MacMillen (1985)"	"0"	"0"		11	30.17	220.525230936351	"9"	"1"	"1"	"0"	"1"	"-1"	"1"	"0"	"0"										"4"	"4"	"0"			
"854"	"Microdipodops megacephalus"	"Microdipodops megacephalus"		"Microdipodops megacephalus"	"RodCastor"	"0"	"Hinds & Rice-Warner (1992)"	"0"	"0"		11.7	25.2	176.09672957078	"4"	"0"	"1"	"1"	"1"	"0"	"1"	"1"	"0"									"1"	"2"	"3"	"0"	"1"		
"855"	"Microdipodops pallidus"	"Microdipodops pallidus"		"Microdipodops pallidus"	"RodCastor"	"0"	"Bartholomew & MacMillen (1961)"	"0"	"0"		15.2	19.8	114.329803615221	"23"	"1"	"1"	"1"	"1"	"1"	"1"	"1"	"1"										"1"	"1"	"1"	"1"	"1"	
"856"	"Microdipodops pallidus"	"Microdipodops pallidus"		"Microdipodops pallidus"	"RodCastor"	"0"	"Brown & Bartholomew (1969)"	"0"	"0"		12	26.4	181.108586629478		"1"	"1"	"1"	"1"	"1"	"1"	"0"	"0"							"1"			"2"	"3"	"0"			"1"
"857"	"Perognathus flavus"	"Perognathus flavus"		"Perognathus flavus"	"RodCastor"	"0"	"Hinds & MacMillen (1985)"	"0"	"0"		8.3	17.3	155.273168980402	"9"	"1"	"1"	"0"	"1"	"-1"	"1"	"0"	"0"										"4"	"4"	"0"	"1"		
"858"	"Perognathus longimembris"	"Perognathus longimembris"		"Perognathus longimembris"	"RodCastor"	"0"	"Chew et al. (1967)"	"0"	"0"		8.9	9.52	81.2063286456339	"10"	"1"	"1"	"1"	"1"	"1"	"1"	"0"	"0"										"2"	"2"	"1"	"1"	"1"	
"859"	"Perognathus longimembris"	"Perognathus longimembris"		"Perognathus longimembris"	"RodCastor"	"0"	"Yousef & Johnson (1975)"	"0"	"0"		11	14.07	102.843553174493	"3"	"0"	"1"	"0"	"0"	"0"	"1"	"0"	"0"						"1"				"3"	"4"	"0"			
"860"	"Perognathus longimembris"	"Perognathus longimembris"		"Perognathus longimembris"	"RodCastor"	"0"	"Kenagy & Vleck (1982)"	"0"	"0"		8	7.1	65.4581898036563	"2"	"0"	"1"	"0"	"-1"	"1"	"1"	"0"	"0"					"1"					"4"	"4"	"0"			
"861"	"Perognathus longimembris"	"Perognathus longimembris"		"Perognathus longimembris"	"RodCastor"	"0"	"Hinds & MacMillen (1985)"	"0"	"0"		8	14.07	129.717849371471	"9"	"1"	"1"	"0"	"1"	"-1"	"1"	"0"	"0"										"4"	"4"	"0"			"1"
"862"	"Perognathus parvus"	"Perognathus parvus"		"Perognathus parvus"	"RodCastor"	"0"	"Kenagy & Vleck (1982)"	"0"	"0"		19.2	28.8	140.256867422211	"3"	"0"	"0"	"0"	"1"	"1"	"1"	"0"	"0"										"2"	"2"	"1"	"1"	"1"	"1"
"863"	"Abrothrix andinus"	"Abrothrix andinus"		"Chroeomys andinus"	"RodMyom"	"0"	"Bozinovic & Rosenmann (1988a)"	"0"	"0"		34.6	64.7	205.1049054885	"8"	"1"	"1"	"1"	"1"	"1"	"1"	"0"	"0"										"2"	"2"	"1"	"1"	"1"	
"864"	"Abrothrix andinus"	"Abrothrix andinus"		"Chroeomys andinus"	"RodMyom"	"0"	"Bozinovic et al. (1990)"	"0"	"0"		34.9	61.77	194.588024006924	"18"	"0"	"1"	"1"	"1"	"1"	"1"	"1"	"0"										"2"	"2"	"1"			
"865"	"Abrothrix andinus"	"Abrothrix andinus dolichonyx"		"Chroeomys andinus"	"RodMyom"	"0"	"Bozinovic & Novoa"	"1"	"0"	"Bozinovic (1992b)"	23	44.1	188.276987085173		"0"	"1"																		"0"			
"866"	"Abrothrix andinus"	"Abrothrix andinus"		"Chroeomys andinus"	"RodMyom"	"0"	"Bozinovic et al. (1999)"	"0"	"0"		22.3	40.59	177.240533665611	"7"	"0"	"1"	"1"	"1"	"0"	"1"	"0"	"0"										"2"	"2"	"1"			
"867"	"Abrothrix andinus"	"Abrothrix andinus"		"Chroeomys andinus"	"RodMyom"	"0"	"Bozinovic et al. (1999)"	"0"	"0"		18.8	33.09	163.641683179739	"6"	"0"	"1"	"1"	"1"	"0"	"1"	"0"	"0"										"2"	"2"	"1"			"1"
"868"	"Abrothrix andinus"	"Abrothrix andinus"		"Chroeomys andinus"	"RodMyom"	"0"	"Bozinovic et al. (1999)"	"0"	"0"		19.7	38.02	181.720731563803	"5"	"0"	"1"	"1"	"1"	"0"	"1"	"0"	"0"										"2"	"2"	"1"			
"869"	"Abrothrix lanosus"	"Akodon lanosus"		"Akodon lanosus"	"RodMyom"	"0"	"Bozinovic & Novoa"	"1"	"0"	"Bozinovic (1992b)"	24	45.6	188.733541929452		"0"	"0"																		"0"	"1"		
"870"	"Abrothrix longipilis"	"Abrothrix longipilis"		"Akodon longipilis"	"RodMyom"	"0"	"Bozinovic & Rosenmann (1988a)"	"0"	"0"		42.3	57.5	157.443218708279	"5"	"1"	"1"	"1"	"1"	"1"	"1"	"0"	"0"										"2"	"2"	"1"	"1"	"1"	"1"
"871"	"Abrothrix olivaceus"	"Abrothrix olivaceus"		"Akodon olivaceus"	"RodMyom"	"0"	"Bozinovic & Rosenmann (1988a)"	"0"	"0"		27	49.4	187.638091799365	"6"	"1"	"1"	"1"	"1"	"1"	"1"	"0"	"0"										"2"	"2"	"1"	"1"	"1"	
"872"	"Abrothrix olivaceus"	"Chroeomys olivaceus"		"Akodon olivaceus"	"RodMyom"	"0"	"Novoa et al. (2005)"	"0"	"0"		25.2	34.02	135.885012260927		"0"	"1"	"1"	"1"	"1"	"1"	"0"	"0"							"1"			"2"	"3"	"0"			
"873"	"Abrothrix olivaceus"	"Chroeomys olivaceus"		"Akodon olivaceus"	"RodMyom"	"0"	"Novoa et al. (2005)"	"0"	"0"		39.4	82.74	238.59262411447		"0"	"1"	"1"	"1"	"1"	"1"	"0"	"0"							"1"			"2"	"3"	"0"			"1"
"874"	"Akodon albiventer"	"Akodon albiventer"		"Akodon albiventer"	"RodMyom"	"0"	"Bozinovic & Novoa"	"1"	"0"	"Bozinovic (1992b)"	31	46.5	159.701325572619		"0"	"0"																		"0"	"1"		
"875"	"Akodon azarae"	"Akodon azarae"		"Akodon azarae"	"RodMyom"	"0"	"Dalby & Heath (1976)"	"0"	"0"		23.5	40	168.116276521755	"2"	"1"	"1"	"1"	"1"	"-1"	"1"	"1"	"1"						"1"			"1"	"3"	"4"	"0"			
"876"	"Akodon azarae"	"Akodon azarae"		"Akodon azarae"	"RodMyom"	"0"	"Antinuchi & Busch (2000)"	"0"	"0"		22.5	38.7	167.891284636748	"6"	"1"	"1"	"1"	"1"	"1"	"1"	"0"	"0"										"2"	"2"	"1"	"1"	"1"	
"877"	"Akodon azarae"	"Akodon azarae"		"Akodon azarae"	"RodMyom"	"0"	"Antinuchi & Busch (2001)"	"0"	"0"		26.34	38.96	150.677461273095	"8"	"0"	"1"	"0"	"1"	"0"	"1"	"1"	"1"						"1"				"2"	"2"	"1"			"1"
"878"	"Alticola argentatus"	"Alticola argentatus"		"Alticola argentatus"	"RodMyom"	"0"	"Weiner & Gorecki (1981)"	"0"	"0"		52.9	127	295.435567528384		"1"	"1"	"1"	"0"	"1"	"1"	"1"	"0"					"1"	"1"	"1"			"2"	"3"	"0"	"1"		
"879"	"Arborimus pomo"	"Arborimus longicaudus"		"Arborimus pomo"	"RodMyom"	"0"	"McNab (1992c)"	"0"	"0"		21.8	58.9	261.480167082481	"4"	"1"	"1"	"1"	"1"	"1"	"1"	"1"	"1"	"1"								"1"	"1"	"2"	"1"	"1"	"1"	"1"
"880"	"Arvicola amphibius"	"Arvicola terrestris"		"Arvicola terrestris"	"RodMyom"	"0"	"Drozdz et al. (1971)"	"0"	"0"		97.5	113.1	168.475394868799	"9"	"0"	"0"	"0"	"1"	"1"	"1"	"1"	"1"										"2"	"2"	"1"	"1"	"1"	"1"
"881"	"Auliscomys boliviensis"	"Auliscomys boliviensis"		"Auliscomys boliviensis"	"RodMyom"	"0"	"Bozinovic & Rosenmann (1988a)"	"0"	"0"		76.8	110.4	195.703677594502	"6"	"1"	"1"	"1"	"1"	"0"	"1"	"0"	"0"										"2"	"2"	"1"	"1"	"1"	"1"
"882"	"Baiomys taylori"	"Baiomys taylori"		"Baiomys taylori"	"RodMyom"	"0"	"Hudson (1965)"	"0"	"0"		7.3	14.2	139.953647689812	"10"	"1"	"1"	"1"	"1"	"0"	"1"	"0"	"0"										"2"	"2"	"1"	"1"	"1"	
"883"	"Baiomys taylori"	"Baiomys taylori"		"Baiomys taylori"	"RodMyom"	"0"	"Rosenmann & Morrison (1974)"	"0"	"0"		6.9	19.73	202.611616245199	"6?"	"0"	"1"	"-1"	"0"	"-1"	"0"	"0"	"0"						"1"				"4"	"4"	"0"			"1"
"884"	"Calomys callosus"	"Calomys callosus"		"Calomys callosus"	"RodMyom"	"0"	"Rosenmann & Morrison (1974)"	"0"	"0"		48	71.04	177.392940846566	"6"	"1"	"1"	"0"	"0"	"-1"	"0"	"0"	"0"						"1"	"1"			"4"	"4"	"0"	"1"		
"885"	"Calomys lepidus"	"Calomys ducilla"		"Calomys lepidus"	"RodMyom"	"0"	"Rosenmann & Morrison (1974)"	"0"	"0"		16	27.36	152.1846565583	"3"	"1"	"1"	"0"	"0"	"-1"	"0"	"0"	"0"						"1"	"1"			"4"	"4"	"0"	"1"		
"886"	"Calomys musculinus"	"Calomys musculinus"		"Calomys musculinus"	"RodMyom"	"0"	"Bozinovic & Rosenmann (1988b)"	"0"	"0"		16.9	27.89	149.065571498064	"5"	"1"	"1"	"1"	"1"	"1"	"1"	"0"	"0"						"1"				"2"	"2"	"1"	"1"	"1"	"1"
"887"	"Calomys venustus"	"Calomys venustus"		"Calomys venustus"	"RodMyom"	"0"	"Caviedes-Vidal et al. (1990)"	"0"	"0"		49.5	70.79	172.847445356986	"6"	"1"	"1"	"1"	"1"	"1"	"1"	"0"	"1"										"2"	"2"	"1"	"1"	"1"	"1"
"888"	"Chelemys macronyx"	"Notiomys macronyx"		"Chelemys macronyx"	"RodMyom"	"0"	"Contreras (1983)"	"0"	"0"		62	84.32	174.717054349349	"1"	"1"	"1"	"1"	"1"	"1"	"1"	"0"	"1"										"2"	"2"	"1"	"1"	"1"	"1"
"889"	"Chionomys nivalis"	"Microtus nivalis"		"Chionomys nivalis"	"RodMyom"	"0"	"Bienkowski & Marszalek (1974)"	"0"	"0"		37.5	117.6	351.5578261999	"21"	"1"	"1"	"1"	"0"	"0"	"1"	"0"	"0"					"1"	"1"				"3"	"3"	"0"	"1"		
"890"	"Cricetulus barabensis"	"Cricetulus griseus"		"Cricetulus barabensis"	"RodMyom"	"0"	"Trojan (1977)"	"0"	"0"		37.3	52.97	158.969012848798	"5"	"1"	"1"	"1"	"1"	"1"	"1"	"1"	"1"		"1"						"1"		"1"	"2"	"1"	"1"	"1"	
"891"	"Cricetulus barabensis"			"Cricetulus barabensis"	"RodMyom"	"0"	"Bao et al. (2002)"	"0"	"1"	"Sieg et al. (2009)"	24.8	68.2	275.605158619743			"1"																		"0"			"1"
"892"	"Cricetulus barabensis"	"Cricetulus barabensis"		"Cricetulus barabensis"	"RodMyom"	"0"	"Song & Wang (2003)"	"0"	"0"		31.4	69.08	235.043831647068	"14"	"1"	"1"	"1"	"0"	"1"	"1"	"0"	"0"						"1"				"2"	"3"	"1"			
"893"	"Cricetulus barabensis"	"Cricetulus barabensis"		"Cricetulus barabensis"	"RodMyom"	"0"	"Zhao & Cao (2009b)"	"0"	"0"		29.01	68.17	245.727771778348	"8"	"0"	"1"	"1"	"0"	"1"	"1"	"1"	"1"						"1"				"2"	"3"	"0"			
"894"	"Cricetulus barabensis"	"Cricetulus barabensis"		"Cricetulus barabensis"	"RodMyom"	"0"	"Zhao et al. (2010b)"	"0"	"0"		25.3	65.27	259.954293989043	"14"	"1"	"1"	"1"	"0"	"1"	"1"	"0"	"1"						"1"				"2"	"3"	"0"			
"895"	"Cricetulus barabensis"	"Cricetulus barabensis"		"Cricetulus barabensis"	"RodMyom"	"0"	"Zhao et al. (2010a)"	"0"	"0"		25.2	58.5	233.664703623288	"14"	"0"	"1"	"1"	"0"	"1"	"1"	"0"	"1"						"1"	"1"			"2"	"4"	"0"			
"896"	"Cricetulus barabensis"	"Cricetulus barabensis"		"Cricetulus barabensis"	"RodMyom"	"0"	"Zhao (2011)"	"0"	"0"		32.8	70	230.719472871936	"16"	"0"	"1"	"1"	"0"	"1"	"1"	"0"	"1"						"1"				"2"	"3"	"0"			
"897"	"Cricetulus barabensis"	"Cricetulus barabensis"		"Cricetulus barabensis"	"RodMyom"	"0"	"Zhao et al. (2014)"	"0"	"0"		37.8	37.7	112.049022194114	"6"	"0"	"1"	"1"	"1"	"1"	"1"	"1"	"1"							"1"		"1"	"1"	"3"	"0"			
"898"	"Cricetulus barabensis"	"Cricetulus barabensis"		"Cricetulus barabensis"	"RodMyom"	"0"	"Chen et al. (2014)"	"0"	"0"		35.6	55	170.770906516138	"16"	"0"	"1"	"1"	"1"	"1"	"1"	"1"	"0"							"1"			"2"	"3"	"0"			
"899"	"Cricetulus migratorius"	"Cricetulus migratorius"		"Cricetulus migratorius"	"RodMyom"	"0"	"Haim & Martinez (1992)"	"0"	"0"		30.7	45.74	158.208760269753	"6"	"1"	"1"	"1"	"1"	"1"	"1"	"0"	"0"										"2"	"2"	"1"	"1"	"1"	
"900"	"Cricetulus migratorius"	"Cricetulus migratorius"		"Cricetulus migratorius"	"RodMyom"	"0"	"Haim & Martinez"	"1"	"0"	"Haim & Izhaki (1993)"	30.7	43.9	151.844437600397		"0"	"1"																		"0"			"1"
"901"	"Cricetus cricetus"	"Cricetus frumentarius"		"Cricetus cricetus"	"RodMyom"	"0"	"Kayser (1939)"	"0"	"0"		346	285.1	168.682094188385	"2"	"1"	"1"	"1"	"0"	"1"	"1"	"0"	"0"						"1"				"2"	"3"	"0"			
"902"	"Cricetus cricetus"	"Cricetus frumentarius"		"Cricetus cricetus"	"RodMyom"	"0"	"Kayser (1950)"	"0"	"0"		309	295.7	189.989603274412	"3"	"0"	"1"	"1"	"0"	"1"	"1"	"0"	"0"						"1"				"2"	"3"	"0"			"1"
"903"	"Cricetus cricetus"	"Cricetus cricetus"		"Cricetus cricetus"	"RodMyom"	"0"	"Mletzko & Raths (1972)"	"0"	"0"		360	250	143.698994233581	"6"	"0"	"1"	"1"	"0"	"1"	"1"	"1"	"1"						"1"				"2"	"2"	"1"			
"904"	"Cricetus cricetus"	"Cricetus cricetus"		"Cricetus cricetus"	"RodMyom"	"0"	"Gorecki & Wolek (1975)"	"0"	"0"		361.2	231	132.456147405959	"30"	"1"	"1"	"1"	"0"	"-1"	"0"	"0"	"0"						"1"				"4"	"4"	"0"			
"905"	"Cricetus cricetus"	"Cricetus cricetus"		"Cricetus cricetus"	"RodMyom"	"0"	"Trojan (1977)"	"0"	"0"		369.6	192.2	108.37647605587	"5"	"1"	"1"	"1"	"1"	"1"	"1"	"1"	"1"								"1"		"1"	"2"	"1"	"1"	"1"	
"906"	"Dicrostonyx groenlandicus"	"Dicrostonyx groenlandicus"		"Dicrostonyx groenlandicus"	"RodMyom"	"0"	"Scholander et al. (1950)"	"0"	"0"		51	88	210.243344520509	"3"	"1"	"1"	"1"	"0"	"1"	"1"	"0"	"1"						"1"				"2"	"3"	"0"			
"907"	"Dicrostonyx groenlandicus"	"Dicrostonyx groenlandicus"		"Dicrostonyx groenlandicus"	"RodMyom"	"0"	"Casey et al. (1979)"	"0"	"0"		47	92.4	234.299237716087	"6"	"1"	"1"	"1"	"0"	"0"	"1"	"0"	"0"						"1"				"3"	"4"	"0"			
"908"	"Dicrostonyx groenlandicus"	"Dicrostonyx groenlandicus"		"Dicrostonyx groenlandicus"	"RodMyom"	"0"	"Reynolds & Lavigne (1988)"	"0"	"0"		54.5	81.2	184.833727506263	"7"	"1"	"1"	"1"	"0"	"1"	"1"	"1"	"1"										"2"	"2"	"1"			
"909"	"Dicrostonyx groenlandicus"	"Dicrostonyx groenlandicus"		"Dicrostonyx groenlandicus"	"RodMyom"	"0"	"Maier & Feist (1991)"	"0"	"0"		48.5	111.55	276.45349834451	"57"	"0"	"1"	"1"	"0"	"0"	"1"	"0"	"0"		"1"				"1"				"3"	"4"	"0"			"1"
"910"	"Dicrostonyx groenlandicus"	"Dicrostonyx groenlandicus"		"Dicrostonyx groenlandicus"	"RodMyom"	"0"	"McNab (1992c)"	"0"	"0"		62.3	105.3	217.422671676781	"7"	"1"	"1"	"1"	"1"	"1"	"1"	"1"	"1"										"1"	"1"	"1"	"1"	"1"	
"911"	"Dicrostonyx groenlandicus"	"Dicrostonyx groenlandicus"		"Dicrostonyx groenlandicus"	"RodMyom"	"0"	"Klaassen et al. (2002)"	"0"	"0"		62.2	133.2	275.352660620387	"6"	"1"	"1"	"1"	"1"	"0"	"1"	"0"	"1"							"1"		"1"	"2"	"3"	"0"			
"912"	"Dicrostonyx torquatus"	"Dicrostonyx torquatus"		"Dicrostonyx torquatus"	"RodMyom"	"0"	"Klaassen et al. (2002)"	"0"	"0"		69.8	138.6	263.42128868508	"3"	"0"	"0"	"0"	"1"	"0"	"1"	"0"	"1"							"1"			"2"	"3"	"0"	"1"		
"913"	"Eligmodontia puerulus"	"Eligmodontia typus puerulus"		"Eligmodontia puerulus"	"RodMyom"	"0"	"Bozinovic & Novoa"	"1"	"0"	"Bozinovic (1992b)"	21	33.6	153.284998649787		"0"	"0"																		"0"	"1"		
"914"	"Eligmodontia typus"	"Eligmodontia typus"		"Eligmodontia typus"	"RodMyom"	"0"	"Bozinovic & Rosenmann (1988a)"	"0"	"0"		17.5	29.9	155.795422634792	"4"	"1"	"1"	"1"	"1"	"1"	"1"	"0"	"0"										"2"	"2"	"1"	"1"	"1"	"1"
"915"	"Eothenomys melanogaster"	"Eothenomys melanogaster"		"Eothenomys melanogaster"	"RodMyom"	"0"	"Wang et al. (2010)"	"0"	"0"		27.2	7.22	27.2768810225964	"20"	"0"	"0"	"0"	"0"	"1"	"1"	"0"	"0"						"1"	"1"		"1"	"3"	"4"	"0"			
"916"	"Eothenomys melanogaster"	"Eothenomys melanogaster"		"Eothenomys melanogaster"	"RodMyom"	"0"	"Xu et al. (2011)"	"0"	"0"		25.2	62.5	249.641777375307	"16"	"0"	"0"	"0"	"0"	"1"	"1"	"0"	"0"						"1"				"3"	"3"	"0"	"1"		
"917"	"Eothenomys miletus"	"Eothenomys miletus"		"Eothenomys miletus"	"RodMyom"	"0"	"Li et al. (2001)"	"0"	"0"		46.4	129.2	330.696157498469	"6"	"0"	"1"	"0"	"1"	"0"	"0"	"0"	"0"						"1"				"3"	"4"	"0"			"1"
"918"	"Eothenomys miletus"	"Eothenomys miletus"		"Eothenomys miletus"	"RodMyom"	"0"	"Zhu et al. (2008)"	"0"	"0"		41.23	79.57	221.981652372568	"8"	"1"	"1"	"1"	"0"	"1"	"1"	"1"	"0"										"2"	"2"	"1"	"1"	"1"	
"919"	"Eothenomys miletus"	"Eothenomys miletus"		"Eothenomys miletus"	"RodMyom"	"0"	"Zhu et al. (2010b)"	"0"	"0"		38.72	76.28	222.773771843187	"56"	"0"	"1"	"0"	"1"	"0"	"1"	"1"	"0"						"1"		"1"		"2"	"3"	"0"			
"920"	"Eothenomys miletus"	"Eothenomys miletus"		"Eothenomys miletus"	"RodMyom"	"0"	"Zhu et al. (2010a)"	"0"	"0"		38	76	225.014027543934	"14"	"0"	"1"	"0"	"0"	"0"	"1"	"1"	"0"							"1"	"1"		"3"	"4"	"0"			
"921"	"Eothenomys miletus"	"Eothenomys miletus"		"Eothenomys miletus"	"RodMyom"	"0"	"Zhu et al. (2011a)"	"0"	"0"		41.8	83.18	229.741604310945	"20"	"0"	"1"	"1"	"1"	"0"	"1"	"0"	"1"						"1"	"1"			"2"	"3"	"0"			
"922"	"Eothenomys miletus"	"Eothenomys miletus"		"Eothenomys miletus"	"RodMyom"	"0"	"Zhu et al. (2012a)"	"0"	"0"		36.3	72.2	221.01589622863	"14"	"0"	"1"	"1"	"1"	"0"	"1"	"0"	"1"						"1"	"1"			"2"	"3"	"0"			
"923"	"Eothenomys miletus"	"Eothenomys miletus"		"Eothenomys miletus"	"RodMyom"	"0"	"Zhu et al. (2012c)"	"0"	"0"		40.1	79.7	226.894681832987	"14"	"0"	"1"	"0"	"0"	"0"	"1"	"1"	"1"						"1"	"1"	"1"		"2"	"4"	"0"			
"924"	"Eothenomys olitor"	"Eothenomys olitor"		"Eothenomys olitor"	"RodMyom"	"0"	"Zhu et al. (2013b)"	"0"	"0"		34.26	89.1	284.495867566286		"1"	"1"	"1"	"1"	"1"	"1"	"1"	"1"										"1"	"1"	"1"	"1"	"1"	"1"
"925"	"Euneomys chinchilloides"	"Euneomys chinchilloides"		"Euneomys chinchilloides"	"RodMyom"	"0"	"Bozinovic (1992a)"	"0"	"0"		65.4	84.4	168.207172654802	"12"	"0"	"0"	"1"	"1"	"1"	"1"	"0"	"0"										"2"	"2"	"1"	"1"	"1"	"1"
"926"	"Graomys griseoflavus"	"Graomys griseoflavus"		"Graomys griseoflavus"	"RodMyom"	"0"	"Caviedes-Vidal et al. (1987)"	"0"	"0"		69.4	83.97	160.262289247713	"6"	"1"	"1"	"1"	"1"	"0"	"1"	"0"	"0"						"1"				"2"	"2"	"1"	"1"	"1"	"1"
"927"	"Isthmomys pirrensis"	"Peromyscus pirrensis"		"Isthmomys pirrensis"	"RodMyom"	"0"	"Hill (1975)"	"0"	"0"		138	121.4	140.379947483642	"6"	"1"	"1"	"1"	"1"	"1"	"1"	"1"	"1"										"1"	"1"	"1"	"1"	"1"	"1"
"928"	"Lasiopodomys brandtii"	"Microtus brandti"		"Lasiopodomys brandtii"	"RodMyom"	"0"	"Weiner & Gorecki (1981)"	"0"	"0"		40.3	77	218.414561687668	"3"	"1"	"1"	"-1"	"0"	"1"	"1"	"1"	"0"					"1"	"1"		"1"		"4"	"4"	"0"			
"929"	"Lasiopodomys brandtii"	"Microtus brandtii"		"Lasiopodomys brandtii"	"RodMyom"	"0"	"Li et al. (2001)"	"0"	"0"		44.5	111.2	293.432748863479	"6"	"0"	"1"	"-1"	"0"	"0"	"0"	"0"	"0"						"1"				"4"	"4"	"0"			
"930"	"Lasiopodomys brandtii"	"Microtus brandtii"		"Lasiopodomys brandtii"	"RodMyom"	"0"	"Wang et al. (2003a)"	"0"	"0"		33	74.25	243.645300314395	"8"	"0"	"1"	"0"	"0"	"0"	"0"	"0"	"0"						"1"				"3"	"4"	"0"			
"931"	"Lasiopodomys brandtii"	"Microtus brandtii"		"Lasiopodomys brandtii"	"RodMyom"	"0"	"Li & Wang (2005a)"	"0"	"0"		61.4	146	304.674674676479	"7"	"0"	"1"	"0"	"0"	"1"	"1"	"1"	"1"						"1"		"1"		"2"	"3"	"0"			"1"
"932"	"Lasiopodomys brandtii"	"Lasiopodomys brandtii"		"Lasiopodomys brandtii"	"RodMyom"	"0"	"Song & Wang (2006)"	"0"	"0"		51.1	100.1	238.810536420817	"7"	"0"	"1"	"0"	"0"	"1"	"1"	"0"	"1"		"1"				"1"				"2"	"3"	"0"			
"933"	"Lasiopodomys brandtii"	"Lasiopodomys brandtii"		"Lasiopodomys brandtii"	"RodMyom"	"0"	"Lu et al. (2007b)"	"0"	"0"		37.6	95.1	283.744087583319	"96"	"0"	"1"	"0"	"0"	"-1"	"1"	"1"	"0"						"1"				"4"	"4"	"0"			
"934"	"Lasiopodomys brandtii"	"Lasiopodomys brandtii"		"Lasiopodomys brandtii"	"RodMyom"	"0"	"Lu et al. (2007a)"	"0"	"0"		52.8	104.4	243.197223251228	"8"	"0"	"1"	"0"	"0"	"-1"	"1"	"0"	"0"						"1"		"1"		"4"	"4"	"0"			
"935"	"Lasiopodomys brandtii"	"Lasiopodomys brandti"		"Lasiopodomys brandtii"	"RodMyom"	"0"	"Liu et al. (2009)"	"0"	"0"		63.8	128.6	260.966605560559	"6"	"0"	"1"	"-1"	"0"	"1"	"1"	"0"	"0"						"1"				"4"	"4"	"0"			
"936"	"Lasiopodomys brandtii"	"Lasiopodomys brandtii"		"Lasiopodomys brandtii"	"RodMyom"	"0"	"Zhan et al. (2009)"	"0"	"0"		52	124	292.087849015557	"8"	"0"	"1"	"0"	"0"	"0"	"1"	"1"	"1"						"1"				"2"	"3"	"0"			
"937"	"Lasiopodomys brandtii"	"Lasiopodomys brandtii"		"Lasiopodomys brandtii"	"RodMyom"	"0"	"Li et al. (2010)"	"0"	"0"		61.8	88.4	183.603057666481	"16"	"0"	"1"	"0"	"1"	"1"	"1"	"1"	"1"										"2"	"2"	"1"	"1"	"1"	
"938"	"Lemmiscus curtatus"	"Lagurus curtatus"		"Lemmiscus curtatus"	"RodMyom"	"0"	"McNab (1992c)"	"0"	"0"		30.3	50.3	175.65258752363	"11"	"1"	"1"	"1"	"1"	"1"	"1"	"1"	"1"										"1"	"1"	"1"	"1"	"1"	"1"
"939"	"Lemmus lemmus"	"Lemmus lemmus"		"Lemmus lemmus"	"RodMyom"	"0"	"Hissa (1970)"	"0"	"0"		60.6	141.8	298.752763108334	"8"	"0"	"0"	"-1"	"0"	"0"	"1"	"1"	"1"						"1"				"4"	"4"	"0"	"1"		
"940"	"Lemmus lemmus"	"Lemmus lemmus"		"Lemmus lemmus"	"RodMyom"	"0"	"Hissa (1970)"	"0"	"0"		60.6	178.2	375.442470986637	"7"	"0"	"0"	"-1"	"0"	"0"	"1"	"1"	"1"						"1"				"4"	"4"	"0"			
"941"	"Lemmus trimucronatus"	"Lemmus sibiricus"		"Lemmus trimucronatus"	"RodMyom"	"0"	"Coady (1975)"	"0"	"0"		51	86.19	205.919021184348	"9"	"1"	"1"	"1"	"1"	"1"	"1"	"0"	"1"										"2"	"2"	"1"			
"942"	"Lemmus trimucronatus"	"Lemmus trimucronatus"		"Lemmus trimucronatus"	"RodMyom"	"0"	"Casey et al. (1979)"	"0"	"0"		64	157.8	319.492038759839	"6"	"1"	"1"	"1"	"0"	"0"	"1"	"0"	"0"						"1"				"3"	"4"	"0"			
"943"	"Lemmus trimucronatus"	"Lemmus sibiricus"		"Lemmus trimucronatus"	"RodMyom"	"0"	"McNab (1992c)"	"0"	"0"		44	70.4	187.306953761925	"4"	"1"	"1"	"1"	"1"	"1"	"1"	"1"	"1"										"1"	"1"	"1"	"1"	"1"	
"944"	"Lemmus trimucronatus"	"Lemmus trimucronatus"		"Lemmus trimucronatus"	"RodMyom"	"0"	"Klaassen et al. (2002)"	"0"	"0"		41.2	144	401.939478282061	"8"	"1"	"1"	"0"	"1"	"0"	"1"	"0"	"1"							"1"			"2"	"3"	"0"			"1"
"945"	"Lemmus sibiricus"	"Lemmus sibiricus"		"Lemmus sibiricus"	"RodMyom"	"0"	"Klaassen et al. (2002)"	"0"	"0"		63.3	160.2	326.962127039567	"4"	"0"	"0"	"0"	"1"	"0"	"1"	"0"	"1"							"1"			"2"	"3"	"0"			
"946"	"Lemmus sibiricus"	"Lemmus bungei"		"Lemmus sibiricus"	"RodMyom"	"0"	"Klaassen et al. (2002)"	"0"	"0"		95.4	201.6	305.111098469552	"7"	"0"	"0"	"0"	"1"	"0"	"1"	"0"	"1"							"1"			"2"	"3"	"0"	"1"		
"947"	"Loxodontomys micropus"	"Auliscomys micropus"		"Auliscomys micropus"	"RodMyom"	"0"	"Bozinovic & Rosenmann (1988a)"	"0"	"0"		62.3	97.8	201.936726400657	"4"	"1"	"1"	"1"	"1"	"1"	"1"	"0"	"0"										"2"	"2"	"1"	"1"	"1"	"1"
"948"	"Megadontomys thomasi"	"Peromyscus thomasi"		"Megadontomys thomasi"	"RodMyom"	"0"	"Müsser & Shoemaker (1965)"	"0"	"0"		110.8	124	168.271452175921	"8"	"1"	"1"	"1"	"1"	"1"	"1"	"1"	"1"										"1"	"1"	"1"	"1"	"1"	"1"
"949"	"Mesocricetus auratus"	"Cricetus auratus"		"Mesocricetus auratus"	"RodMyom"	"0"	"Kayser (1939)"	"0"	"0"		110	111.5	152.110026766622		"0"	"1"	"1"	"0"	"1"	"1"	"0"	"0"						"1"			"1"	"2"	"3"	"0"			
"950"	"Mesocricetus auratus"	"Mesocricetus auratus"		"Mesocricetus auratus"	"RodMyom"	"0"	"Pohl (1965)"	"0"	"0"		98	147	218.158313923258		"1"	"1"	"1"	"-1"	"0"	"1"	"0"	"0"					"1"					"4"	"4"	"0"			
"951"	"Mesocricetus auratus"	"Mesocricetus auratus"		"Mesocricetus auratus"	"RodMyom"	"0"	"Tegowska & Gebczynski (1975)"	"0"	"0"		119.3	102.6	131.927313929806	"20"	"1"	"1"	"1"	"1"	"1"	"1"	"0"	"0"		"1"				"1"				"2"	"2"	"1"	"1"	"1"	
"952"	"Mesocricetus auratus"	"Mesocricetus auratus"		"Mesocricetus auratus"	"RodMyom"	"0"	"Trojan (1977)"	"0"	"0"		113.1	81.4	108.819921618038	"5"	"1"	"1"	"1"	"1"	"1"	"1"	"1"	"1"		"1"						"1"		"1"	"2"	"1"			
"953"	"Mesocricetus auratus"	"Mesocricetus auratus"		"Mesocricetus auratus"	"RodMyom"	"0"	"Refinetti (2007)"	"0"	"0"		116	254	333.351247962368	"13"	"0"	"1"	"-1"	"-1"	"-1"	"1"	"0"	"0"		"1"				"1"				"4"	"4"	"0"			"1"
"954"	"Microtus agrestis"	"Microtus agrestis"		"Microtus agrestis"	"RodMyom"	"0"	"Rigaudière (1969)"	"0"	"0"		22.5	103.05	447.059350951341		"0"	"1"	"1"	"0"	"1"	"1"	"1"	"1"						"1"				"2"	"2"	"1"			"1"
"955"	"Microtus agrestis"	"Microtus agrestis"		"Microtus agrestis"	"RodMyom"	"0"	"Hansson & Grodzinski (1970)"	"0"	"0"		22.3	66.68	291.165281715273	"17"	"1"	"1"	"0"	"1"	"-1"	"1"	"0"	"0"										"4"	"4"	"0"			
"956"	"Microtus agrestis"	"Microtus agrestis"		"Microtus agrestis"	"RodMyom"	"0"	"McDevitt & Speakman (1996)"	"0"	"0"		28	63.6	235.25407433423	"8"	"0"	"1"	"0"	"1"	"1"	"1"	"1"	"1"										"2"	"2"	"1"	"1"	"1"	
"957"	"Microtus agrestis"	"Microtus agrestis"		"Microtus agrestis"	"RodMyom"	"0"	"Jackson et al. (2001)"	"0"	"0"		18	69.9	356.813898373751	"16"	"0"	"1"	"0"	"1"	"0"	"1"	"1"	"1"							"1"			"2"	"2"	"1"			
"958"	"Microtus arvalis"	"Microtus arvalis"		"Microtus arvalis"	"RodMyom"	"0"	"Jansky (1959)"	"0"	"0"		23.9	60.2	249.920950735732	"10"	"1"	"1"	"1"	"1"	"-1"	"1"	"0"	"1"						"1"				"3"	"4"	"0"			
"959"	"Microtus arvalis"	"Microtus arvalis"		"Microtus arvalis"	"RodMyom"	"0"	"Rigaudière (1969)"	"0"	"0"		20.4	90.37	421.077594320386		"0"	"1"	"1"	"0"	"1"	"1"	"1"	"1"						"1"				"2"	"2"	"1"			"1"
"960"	"Microtus arvalis"	"Microtus arvalis"		"Microtus arvalis"	"RodMyom"	"0"	"Cretegny (1997)"	"0"	"0"		29	62.9	226.788353404092	"22"	"1"	"1"	"1"	"1"	"1"	"1"	"1"	"1"										"1"	"1"	"1"			
"961"	"Microtus arvalis"	"Microtus arvalis"		"Microtus arvalis"	"RodMyom"	"0"	"Cretegny & Genoud (2006)"	"0"	"0"		33.9	61.4	197.565466372741	"11"	"0"	"1"	"1"	"1"	"1"	"1"	"1"	"1"										"1"	"1"	"1"	"1"	"1"	
"962"	"Microtus breweri"	"Microtus breweri"		"Microtus breweri"	"RodMyom"	"0"	"Kurta & Ferkin (1991)"	"0"	"0"		53.1	73.7	170.974689949668	"8"	"1"	"1"	"1"	"1"	"1"	"1"	"1"	"1"										"1"	"1"	"1"	"1"	"1"	"1"
"963"	"Microtus cabrerae"	"Microtus cabrerae"		"Microtus cabrerae"	"RodMyom"	"0"	"Mathias et al. (2003)"	"0"	"0"		43	48.59	131.463938113757	"9"	"1"	"1"	"1"	"1"	"0"	"1"	"1"	"1"							"1"			"2"	"2"	"1"	"1"	"1"	
"964"	"Microtus cabrerae"	"Iberomys cabrerae"		"Microtus cabrerae"	"RodMyom"	"0"	"Castellanos-Frias (2015)"	"0"	"0"		51.14	106.3	253.45737916588	"8"	"1"	"1"	"1"	"0"	"0"	"1"	"1"	"0"									"1"	"2"	"3"	"0"			
"965"	"Microtus cabrerae"	"Iberomys cabrerae"		"Microtus cabrerae"	"RodMyom"	"0"	"Castellanos-Frias (2015)"	"0"	"0"		51.19	130	309.745949382077	"7"	"1"	"1"	"1"	"0"	"0"	"1"	"1"	"0"									"1"	"2"	"3"	"0"			"1"
"966"	"Microtus californicus"	"Microtus californicus"		"Microtus californicus"	"RodMyom"	"0"	"Bradley (1976)"	"0"	"0"		44	67.92	180.708640618039	"11"	"1"	"1"	"1"	"1"	"1"	"1"	"0"	"0"										"2"	"2"	"1"	"1"	"1"	"1"
"967"	"Microtus canicaudus"	"Microtus canicaudus"		"Microtus canicaudus"	"RodMyom"	"0"	"McNab (1992c)"	"0"	"0"		30.4	77.8	271.03351496941	"3"	"1"	"1"	"1"	"1"	"1"	"1"	"1"	"1"										"1"	"1"	"1"	"1"	"1"	"1"
"968"	"Microtus guentheri"			"Microtus guentheri"	"RodMyom"	"0"	"Banin (1990)"	"0"	"1"	"Haim & Izhaki (1993)"	43.8	80.15	213.957316867646	"6"		"0"																		"0"	"1"		
"969"	"Microtus longicaudus"	"Microtus longicaudus"		"Microtus longicaudus"	"RodMyom"	"0"	"Beck & Anthony (1971)"	"0"	"0"		26.9	71.8	273.459663450564	"8"	"1"	"1"	"1"	"1"	"1"	"1"	"0"	"0"										"2"	"2"	"1"			"1"
"970"	"Microtus longicaudus"	"Microtus longicaudus"		"Microtus longicaudus"	"RodMyom"	"0"	"Kenagy & Vleck (1982)"	"0"	"0"		41.4	70.2	195.254974104155	"1"	"0"	"1"	"0"	"1"	"1"	"1"	"0"	"0"										"2"	"2"	"1"			
"971"	"Microtus longicaudus"	"Microtus longicaudus"		"Microtus longicaudus"	"RodMyom"	"0"	"McNab (1992c)"	"0"	"0"		30.2	62.2	217.732653897156	"6"	"1"	"1"	"1"	"1"	"1"	"1"	"1"	"1"										"1"	"1"	"1"	"1"	"1"	
"972"	"Microtus maximowiczii"	"Microtus maximowiczii"		"Microtus maximowiczii"	"RodMyom"	"0"	"Chen et al. (2006)"	"0"	"0"		41.67	92.09	254.929083119599	"8"	"1"	"1"	"1"	"1"	"1"	"1"	"0"	"1"						"1"				"2"	"3"	"0"	"1"		
"973"	"Microtus maximowiczii"	"Microtus maximowiczii"		"Microtus maximowiczii"	"RodMyom"	"0"	"Chen et al. (2012)"	"0"	"0"		40.6	79.69	224.826029724927	"6"	"0"	"1"	"1"	"0"	"-1"	"1"	"1"	"1"						"1"				"3"	"3"	"0"			
"974"	"Microtus mexicanus"	"Microtus mexicanus"		"Microtus mexicanus"	"RodMyom"	"0"	"Bradley (1976)"	"0"	"0"		28.8	46.57	168.75916085424	"7"	"1"	"1"	"1"	"1"	"1"	"1"	"0"	"0"										"2"	"2"	"1"	"1"	"1"	"1"
"975"	"Microtus montanus"	"Microtus montanus"		"Microtus montanus"	"RodMyom"	"0"	"Packard (1968)"	"0"	"0"		30.8	81.6	281.575542341062	"10"	"1"	"1"	"1"	"1"	"1"	"1"	"1"	"1"						"1"				"1"	"2"	"1"			"1"
"976"	"Microtus montanus"	"Microtus montanus"		"Microtus montanus"	"RodMyom"	"0"	"Tomasi (1985)"	"0"	"0"		27.2	51.68	195.245043109111	"6"	"0"	"1"	"0"	"0"	"1"	"0"	"0"	"0"							"1"			"3"	"3"	"0"			
"977"	"Microtus montanus"	"Microtus montanus"		"Microtus montanus"	"RodMyom"	"0"	"McNab (1992c)"	"0"	"0"		28.1	71.1	262.313677685756	"3"	"1"	"1"	"1"	"1"	"1"	"1"	"1"	"1"										"1"	"1"	"1"			
"978"	"Microtus montanus"	"Microtus montanus"		"Microtus montanus"	"RodMyom"	"0"	"McNab (1992c)"	"0"	"0"		51.2	89.6	213.456041354601	"4"	"1"	"1"	"1"	"1"	"1"	"1"	"1"	"1"										"1"	"1"	"1"	"1"	"1"	
"979"	"Microtus ochrogaster"	"Microtus ochrogaster"		"Microtus ochrogaster"	"RodMyom"	"0"	"Bradley (1976)"	"0"	"0"		54.2	62.95	143.869421534358	"15"	"1"	"1"	"1"	"1"	"1"	"1"	"0"	"0"										"2"	"2"	"1"			"1"
"980"	"Microtus ochrogaster"	"Microtus ochrogaster"		"Microtus ochrogaster"	"RodMyom"	"0"	"Wunder et al. (1977)"	"0"	"0"		47.4	66.4	167.333891523242	"9"	"1"	"1"	"1"	"1"	"1"	"1"	"0"	"0"							"1"			"2"	"2"	"1"	"1"	"1"	
"981"	"Microtus oeconomus"	"Microtus oeconomus"		"Microtus oeconomus"	"RodMyom"	"0"	"Rosenmann & Morrison (1974)"	"0"	"0"		32	77.06	258.602615693846	"3"	"1"	"1"	"1"	"1"	"-1"	"1"	"0"	"0"						"1"	"1"			"4"	"4"	"0"			
"982"	"Microtus oeconomus"	"Microtus oeconomus"		"Microtus oeconomus"	"RodMyom"	"0"	"Casey et al. (1979)"	"0"	"0"		32	100.8	338.270745677909	"6"	"1"	"1"	"1"	"0"	"0"	"1"	"0"	"0"						"1"				"3"	"4"	"0"			
"983"	"Microtus oeconomus"	"Microtus oeconomus"		"Microtus oeconomus"	"RodMyom"	"0"	"McNab (1992c)"	"0"	"0"		35.4	100.5	313.329240937303	"9"	"1"	"1"	"1"	"1"	"1"	"1"	"1"	"1"										"1"	"1"	"1"	"1"	"1"	
"984"	"Microtus oeconomus"	"Microtus oeconomus"		"Microtus oeconomus"	"RodMyom"	"0"	"Wang & Wang (1996)"	"0"	"0"		23.7	117.6	491.217714755682	"49"	"0"	"1"	"1"	"0"	"-1"	"1"	"1"	"1"						"1"				"3"	"3"	"0"			"1"
"985"	"Microtus oeconomus"	"Microtus oeconomus"		"Microtus oeconomus"	"RodMyom"	"0"	"Wang et al. (1999)"	"0"	"0"		26	75.14	293.368758458103	"7"	"0"	"1"	"0"	"1"	"-1"	"0"	"0"	"0"										"4"	"4"	"0"			
"986"	"Microtus oeconomus"	"Microtus oeconomus"		"Microtus oeconomus"	"RodMyom"	"0"	"Gebczynski & Taylor (2004)"	"0"	"0"		34.6	73.8	233.952736090438	"46"	"0"	"1"	"1"	"1"	"0"	"1"	"0"	"0"		"1"								"2"	"3"	"0"			
"987"	"Microtus oeconomus"	"Microtus oeconomus"		"Microtus oeconomus"	"RodMyom"	"0"	"Wang et al. (2006b)"	"0"	"0"		23.8	82	341.466020731219	"10"	"0"	"1"	"1"	"0"	"1"	"1"	"1"	"1"						"1"	"1"			"2"	"4"	"0"			
"988"	"Microtus oeconomus"	"Microtus oeconomus"		"Microtus oeconomus"	"RodMyom"	"0"	"Wang et al. (2006a)"	"0"	"0"		29.4	92	328.413397984619	"10"	"0"	"1"	"1"	"0"	"1"	"1"	"0"	"0"						"1"	"1"	"1"		"2"	"3"	"0"			
"989"	"Microtus oeconomus"	"Microtus oeconomus"		"Microtus oeconomus"	"RodMyom"	"0"	"Lantova et al. (2011)"	"0"	"0"		36.3	123.1	376.829041907816	"104"	"0"	"1"	"1"	"-1"	"0"	"1"	"0"	"0"										"4"	"4"	"0"			
"990"	"Microtus pennsylvanicus"	"Microtus pennsylvanicus pennsylvanicus"		"Microtus pennsylvanicus"	"RodMyom"	"0"	"Pearson (1947)"	"0"	"0"		31.2	68.6	234.500438698329		"0"	"1"	"0"	"0"	"-1"	"1"	"0"	"0"						"1"			"1"	"4"	"4"	"0"			"1"
"991"	"Microtus pennsylvanicus"	"Microtus pennsylvanicus"		"Microtus pennsylvanicus"	"RodMyom"	"0"	"Bradley (1976)"	"0"	"0"		38.9	73.37	213.551930882604	"15"	"1"	"1"	"1"	"1"	"1"	"1"	"0"	"0"										"2"	"2"	"1"			
"992"	"Microtus pennsylvanicus"	"Microtus pennsylvanicus"		"Microtus pennsylvanicus"	"RodMyom"	"0"	"Kurta & Ferkin (1991)"	"0"	"0"		44.7	80.4	211.465784198387	"10"	"1"	"1"	"1"	"1"	"1"	"1"	"1"	"1"										"1"	"1"	"1"	"1"	"1"	
"993"	"Microtus pinetorum"	"Microtus pinetorum"		"Microtus pinetorum"	"RodMyom"	"0"	"Bradley (1976)"	"0"	"0"		24.5	48.16	196.355307871128	"11"	"1"	"1"	"1"	"1"	"1"	"1"	"0"	"0"										"2"	"2"	"1"			"1"
"994"	"Microtus pinetorum"	"Pitymys pinetorum scalopsoides"		"Microtus pinetorum"	"RodMyom"	"0"	"Pearson (1947)"	"0"	"0"		26	67.6	263.930370931166	"1"	"0"	"1"	"0"	"-1"	"1"	"1"	"0"	"0"						"1"			"1"	"4"	"4"	"0"			
"995"	"Microtus pinetorum"	"Pitymys pinetorum"		"Microtus pinetorum"	"RodMyom"	"0"	"McNab (1992c)"	"0"	"0"		23.8	55.9	232.779884864331	"14"	"1"	"1"	"1"	"1"	"1"	"1"	"1"	"1"										"1"	"1"	"1"	"1"	"1"	
"996"	"Microtus pinetorum"	"Microtus pinetorum"		"Microtus pinetorum"	"RodMyom"	"0"	"Derting & Austin (1998)"	"0"	"0"		23.2	52.2	221.456282276224	"7"	"0"	"1"	"1"	"1"	"0"	"1"	"1"	"1"							"1"			"2"	"3"	"0"			
"997"	"Microtus richardsoni"	"Arvicola richardsoni"		"Microtus richardsoni"	"RodMyom"	"0"	"Bradley (1976)"	"0"	"0"		51.3	89.03	211.796635612616	"10"	"1"	"1"	"1"	"1"	"1"	"1"	"0"	"0"										"2"	"2"	"1"			"1"
"998"	"Microtus richardsoni"	"Arvicola richardsoni"		"Microtus richardsoni"	"RodMyom"	"0"	"McNab (1992c)"	"0"	"0"		80	172.8	297.337291114846	"2"	"1"	"1"	"1"	"1"	"1"	"1"	"1"	"1"										"1"	"1"	"1"	"1"	"1"	
"999"	"Microtus socialis"	"Microtus socialis"		"Microtus socialis"	"RodMyom"	"0"	"Haim et al. (2005)"	"0"	"0"		61.2	85.7	179.26573167391	"6"	"1"	"1"	"-1"	"1"	"0"	"1"	"1"	"1"										"3"	"3"	"0"	"1"		
"1000"	"Microtus subterraneus"	"Pitymys subterraneus"		"Microtus subterraneus"	"RodMyom"	"0"	"Gebczynski & Szuma (1993)"	"0"	"0"		17.8	49.48	254.643005848182	"8"	"1"	"1"	"1"	"0"	"0"	"1"	"1"	"0"		"1"				"1"				"2"	"2"	"1"	"1"	"1"	"1"
"1001"	"Microtus townsendii"	"Microtus townsendii"		"Microtus townsendii"	"RodMyom"	"0"	"Kenagy & Vleck (1982)"	"0"	"0"		52.2	85.6	201.071357888875	"2"	"0"	"0"	"0"	"1"	"1"	"1"	"0"	"0"										"2"	"2"	"1"	"1"	"1"	"1"
"1002"	"Microtus xanthognathus"	"Microtus xanthognathus"		"Microtus xanthognathus"	"RodMyom"	"0"	"McNab (1992c)"	"0"	"0"		68.5	98.6	189.983870483165	"6"	"1"	"1"	"1"	"1"	"1"	"1"	"0"	"1"				"1"						"2"	"3"	"0"	"1"		
"1003"	"Myodes californicus"	"Clethrionomys californicus"		"Clethrionomys californicus"	"RodMyom"	"0"	"McNab (1992c)"	"0"	"0"		18.3	61.12	308.258275156322	"2"	"1"	"1"	"1"	"1"	"1"	"1"	"1"	"1"										"1"	"1"	"1"	"1"	"1"	"1"
"1004"	"Myodes gapperi"	"Clethrionomys gapperi gapperi"		"Clethrionomys gapperi"	"RodMyom"	"0"	"Pearson (1947)"	"0"	"0"		22	50.6	223.14267003896	"1"	"0"	"1"	"0"	"-1"	"1"	"1"	"0"	"0"						"1"			"1"	"4"	"4"	"0"			
"1005"	"Myodes gapperi"	"Clethrionomys gapperi rhoadsi"		"Clethrionomys gapperi"	"RodMyom"	"0"	"Pearson (1947)"	"0"	"0"		29	63.8	230.033337793022	"1"	"0"	"1"	"0"	"-1"	"1"	"1"	"0"	"0"						"1"			"1"	"4"	"4"	"0"			
"1006"	"Myodes gapperi"	"Clethrionomys gapperi"		"Clethrionomys gapperi"	"RodMyom"	"0"	"McManus (1974)"	"0"	"0"		24	75.36	311.907011399199	"9"	"1"	"1"	"1"	"-1"	"1"	"1"	"1"	"1"						"1"				"3"	"4"	"0"			"1"
"1007"	"Myodes gapperi"	"Clethrionomys gapperi"		"Clethrionomys gapperi"	"RodMyom"	"0"	"Bradley (1976)"	"0"	"0"		20.8	43.21	198.506319856656	"10"	"1"	"1"	"1"	"1"	"1"	"1"	"0"	"0"										"2"	"2"	"1"			
"1008"	"Myodes gapperi"	"Clethrionomys gapperi"		"Clethrionomys gapperi"	"RodMyom"	"0"	"Deavers & Hudson (1981)"	"0"	"0"		23.3	48.5	205.115044239519	"10"	"1"	"1"	"1"	"1"	"1"	"1"	"0"	"0"										"2"	"2"	"1"			
"1009"	"Myodes gapperi"	"Clethrionomys gapperi"		"Clethrionomys gapperi"	"RodMyom"	"0"	"Merritt & Zegers (1991)"	"0"	"0"		24.5	68.36	278.713638830364	"9"	"0"	"1"	"1"	"1"	"0"	"1"	"-1"	"-1"						"1"				"4"	"4"	"0"			
"1010"	"Myodes gapperi"	"Clethrionomys gapperi"		"Clethrionomys gapperi"	"RodMyom"	"0"	"McNab (1992c)"	"0"	"0"		21.4	60.56	272.503740884588	"4"	"1"	"1"	"1"	"1"	"1"	"1"	"1"	"1"										"1"	"1"	"1"			
"1011"	"Myodes gapperi"	"Clethrionomys gapperi"		"Clethrionomys gapperi"	"RodMyom"	"0"	"McNab (1992c)"	"0"	"0"		22.8	44.46	191.026314894983	"7"	"1"	"1"	"1"	"1"	"1"	"1"	"1"	"1"										"1"	"1"	"1"	"1"	"1"	
"1012"	"Myodes glareolus"	"Clethrionomys glareolus"		"Clethrionomys glareolus"	"RodMyom"	"0"	"Jansky (1959)"	"0"	"0"		17.4	55.7	291.442602265733	"10"	"1"	"1"	"1"	"1"	"0"	"1"	"0"	"1"						"1"				"2"	"3"	"0"			
"1013"	"Myodes glareolus"	"Clethrionomys glareolus"		"Clethrionomys glareolus"	"RodMyom"	"0"	"Pearson (1962)"	"0"	"0"		20.4	63.3	294.945354879721		"1"	"1"	"1"	"-1"	"0"	"1"	"0"	"1"							"1"			"4"	"4"	"0"			
"1014"	"Myodes glareolus"	"Clethrionomys glareolus"		"Clethrionomys glareolus"	"RodMyom"	"0"	"Gorecki (1966)"	"0"	"0"		23.3	82.016	346.860112749452	"22"	"1"	"1"	"1"	"0"	"0"	"1"	"0"	"0"						"1"				"3"	"3"	"0"			
"1015"	"Myodes glareolus"	"Clethrionomys glareolus"		"Clethrionomys glareolus"	"RodMyom"	"0"	"Gorecki (1968)"	"0"	"0"		24.6	57.3	232.927717909874	"16"	"1"	"1"	"1"	"0"	"1"	"1"	"0"	"0"							"1"			"2"	"3"	"0"			
"1016"	"Myodes glareolus"	"Evotomys glareolus"		"Clethrionomys glareolus"	"RodMyom"	"0"	"Rigaudière (1969)"	"0"	"0"		20	89.4	422.614987619093		"0"	"1"	"1"	"0"	"1"	"1"	"1"	"1"						"1"				"2"	"2"	"1"			"1"
"1017"	"Myodes glareolus"	"Clethrionomys glareolus"		"Clethrionomys glareolus"	"RodMyom"	"0"	"Klaus (1988)"	"0"	"0"		22.1	66.73	293.30360449534	"8"	"1"	"1"	"-1"	"0"	"0"	"1"	"0"	"0"							"1"	"1"		"4"	"4"	"0"			
"1018"	"Myodes glareolus"	"Clethrionomys glareolus"		"Clethrionomys glareolus"	"RodMyom"	"0"	"Labocha et al. (2004)"	"0"	"0"		20.9	52.5	240.342682276595	"118"	"0"	"1"	"0"	"0"	"1"	"1"	"1"	"1"										"2"	"2"	"1"	"1"	"1"	
"1019"	"Myodes glareolus"	"Clethrionomys glareolus"		"Clethrionomys glareolus"	"RodMyom"	"0"	"Sadowska et al. (2004)"	"0"	"0"		21.3	52.5	237.043917207906	"118"	"0"	"1"	"0"	"0"	"1"	"1"	"1"	"1"										"2"	"2"	"1"			
"1020"	"Myodes glareolus"	"Myodes glareolus"		"Clethrionomys glareolus"	"RodMyom"	"0"	"Boratynski & Koteja (2009)"	"0"	"0"		18.3	54.95	277.139925062825	"337"	"0"	"1"	"1"	"1"	"1"	"1"	"0"	"1"		"1"								"2"	"2"	"1"			
"1021"	"Myodes rufocanus"	"Clethrionomys rufocanus"		"Clethrionomys rufocanus"	"RodMyom"	"0"	"Pearson (1962)"	"0"	"0"		27.5	60.7	227.495808879625		"1"	"1"	"1"	"-1"	"0"	"1"	"0"	"1"				"1"			"1"			"4"	"4"	"0"			
"1022"	"Myodes rufocanus"	"Clethrionomys glareolus"		"Clethrionomys rufocanus"	"RodMyom"	"0"	"Liu et al. (2004)"	"0"	"0"		23.05	83.44	355.66852225214	"5"	"1"	"1"	"1"	"0"	"1"	"1"	"0"	"0"						"1"			"1"	"2"	"3"	"0"	"1"		
"1023"	"Myodes rutilus"	"Clethrionomys rutilus dawsoni"		"Clethrionomys rutilus"	"RodMyom"	"0"	"Rosenmann et al. (1975)"	"0"	"0"		28	77	284.820184335467	"11"	"1"	"1"	"1"	"1"	"1"	"1"	"1"	"1"										"1"	"1"	"1"	"1"	"1"	"1"
"1024"	"Myopus schisticolor"	"Myopus schisticolor"		"Myopus schisticolor"	"RodMyom"	"0"	"Saarela & Hissa (1993)"	"0"	"0"		26.4	95	366.80275206385	"10"	"1"	"1"	"1"	"0"	"0"	"1"	"1"	"1"										"2"	"2"	"1"	"1"	"1"	"1"
"1025"	"Neofiber alleni"	"Neofiber alleni"		"Neofiber alleni"	"RodMyom"	"0"	"McNab (1992c)"	"0"	"0"		258.1	216.8	158.826902205316	"5"	"1"	"1"	"1"	"1"	"1"	"1"	"1"	"1"										"1"	"1"	"1"	"1"	"1"	"1"
"1026"	"Neotoma albigula"	"Neotoma albigula"		"Neotoma albigula"	"RodMyom"	"0"	"Brown (1968)"	"0"	"0"		193.6	141.3	127.657519776344	"8"	"1"	"1"	"1"	"1"	"0"	"1"	"1"	"1"										"2"	"2"	"1"	"1"	"1"	
"1027"	"Neotoma albigula"	"Neotoma albigula"		"Neotoma albigula"	"RodMyom"	"0"	"Brown (1968)"	"0"	"0"		172.4	127.6	125.450747559263	"9"	"1"	"1"	"1"	"1"	"0"	"1"	"1"	"1"										"2"	"2"	"1"			
"1028"	"Neotoma albigula"	"Neotoma albigula"		"Neotoma albigula"	"RodMyom"	"0"	"McLister et al. (2004)"	"0"	"0"		188.6	159	146.414967804054	"8"	"1"	"1"	"1"	"1"	"-1"	"1"	"1"	"1"										"3"	"3"	"0"			
"1029"	"Neotoma albigula"	"Neotoma albigula"		"Neotoma albigula"	"RodMyom"	"0"	"Dearing et al. (2008)"	"0"	"0"		184	90	84.381756083539	"5"	"0"	"1"	"1"	"1"	"0"	"1"	"1"	"1"									"1"	"2"	"3"	"0"			"1"
"1030"	"Neotoma cinerea"	"Neotoma cinerea"		"Neotoma cinerea"	"RodMyom"	"0"	"Brown (1968)"	"0"	"0"		320.9	250.5	156.575010426643	"9"	"1"	"1"	"1"	"1"	"0"	"1"	"1"	"1"										"2"	"2"	"1"			"1"
"1031"	"Neotoma cinerea"	"Neotoma cinerea"		"Neotoma cinerea"	"RodMyom"	"0"	"Brown (1968)"	"0"	"0"		267.7	187.4	133.681763737228	"7"	"1"	"1"	"1"	"1"	"0"	"1"	"1"	"1"										"2"	"2"	"1"			
"1032"	"Neotoma cinerea"	"Neotoma cinerea"		"Neotoma cinerea"	"RodMyom"	"0"	"Brown (1968)"	"0"	"0"		168	134.4	134.650213137849	"8"	"1"	"1"	"1"	"1"	"0"	"1"	"1"	"1"										"2"	"2"	"1"			
"1033"	"Neotoma cinerea"	"Neotoma cinerea"		"Neotoma cinerea"	"RodMyom"	"0"	"Wunder"	"1"	"0"	"Brown & Lee (1969)"	261	164.4	119.461819799965	"4"	"0"	"1"	"1"	"1"	"0"	"1"	"0"	"0"										"2"	"2"	"1"			
"1034"	"Neotoma cinerea"	"Neotoma cinerea"		"Neotoma cinerea"	"RodMyom"	"0"	"Kenagy & Vleck (1982)"	"0"	"0"		158.1	120.4	126.084992398716	"1"	"0"	"1"	"0"	"1"	"1"	"1"	"0"	"0"										"2"	"2"	"1"	"1"	"1"	
"1035"	"Neotoma floridana"	"Neotoma floridana"		"Neotoma floridana"	"RodMyom"	"0"	"McClure & Randolph (1980)"	"0"	"0"		160	274	284.449607158021		"0"	"0"	"-1"	"1"	"-1"	"1"	"-1"	"1"										"4"	"4"	"0"	"1"		
"1036"	"Neotoma lepida"	"Neotoma lepida intermedia"	"intermedia"	"Neotoma lepida"	"RodMyom"	"0"	"Lee (1963)"	"0"	"0"		138.5	99.7	114.983762718282	"7"	"1"	"1"	"1"	"1"	"0"	"1"	"0"	"0"										"2"	"2"	"1"			
"1037"	"Neotoma lepida"	"Neotoma lepida lepida"	"lepida"	"Neotoma lepida"	"RodMyom"	"0"	"Lee (1963)"	"0"	"0"		110.3	87.1	118.587482443276	"11"	"1"	"1"	"1"	"1"	"0"	"1"	"0"	"0"										"2"	"2"	"1"	"1"	"1"	
"1038"	"Neotoma lepida"	"Neotoma lepida"		"Neotoma lepida"	"RodMyom"	"0"	"Brown & Lee (1969)"	"0"	"0"		100.4	79.3	115.629208684652	"7"	"0"	"1"	"1"	"1"	"0"	"1"	"0"	"0"										"2"	"2"	"1"			
"1039"	"Neotoma lepida"	"Neotoma lepida"		"Neotoma lepida"	"RodMyom"	"0"	"Yousef et al. (1974)"	"0"	"0"		98.9	114.7	169.092195931925	"12"	"0"	"1"	"1"	"0"	"0"	"1"	"0"	"0"						"1"				"3"	"4"	"0"			"1"
"1040"	"Neotoma lepida"	"Neotoma lepida"		"Neotoma lepida"	"RodMyom"	"0"	"Yousef & Johnson (1975)"	"0"	"0"		98.7	74.03	109.297137511269	"14"	"0"	"1"	"0"	"0"	"0"	"1"	"0"	"0"						"1"				"3"	"4"	"0"			
"1041"	"Neotoma lepida"	"Neotoma lepida"		"Neotoma lepida"	"RodMyom"	"0"	"Nelson & Yousef (1979)"	"0"	"0"		106	63.6	89.1389230415351		"1"	"1"	"1"	"0"	"-1"	"1"	"0"	"0"										"4"	"4"	"0"			
"1042"	"Neotoma macrotis"	"Neotoma fuscipes macrotis"		"Neotoma macrotis"	"RodMyom"	"0"	"Lee (1963)"	"0"	"0"		186.7	147.5	136.831489757581	"10"	"1"	"1"	"1"	"1"	"0"	"1"	"0"	"0"										"2"	"2"	"1"	"1"	"1"	"1"
"1043"	"Neotoma stephensi"	"Neotoma stephensi"		"Neotoma stephensi"	"RodMyom"	"0"	"McLister et al. (2004)"	"0"	"0"		191.3	138	125.767120053896	"9"	"0"	"0"	"1"	"1"	"-1"	"1"	"1"	"1"										"3"	"3"	"0"	"1"		
"1044"	"Ochrotomys nuttalli"	"Ochrotomys nuttalli floridanus"		"Ochrotomys nuttalli"	"RodMyom"	"0"	"Layne & Dolan (1975)"	"0"	"0"		19.5	27.1	130.494528351186	"9"	"1"	"1"	"1"	"1"	"0"	"1"	"0"	"0"										"2"	"2"	"1"	"1"	"1"	"1"
"1045"	"Oligoryzomys longicaudatus"	"Oryzomys longicaudatus"		"Oligoryzomys longicaudatus"	"RodMyom"	"0"	"Bozinovic & Rosenmann (1988a)"	"0"	"0"		28.2	51	187.670849125139	"10"	"1"	"1"	"1"	"1"	"1"	"1"	"0"	"0"										"2"	"2"	"1"	"1"	"1"	"1"
"1046"	"Ondatra zibethicus"	"Ondatra zibethicus"		"Ondatra zibethicus"	"RodMyom"	"0"	"Sherer & Wunder (1979)"	"0"	"0"		842	690.4	213.602588282818	"10"	"1"	"1"	"1"	"1"	"-1"	"1"	"0"	"0"										"4"	"4"	"0"			"1"
"1047"	"Ondatra zibethicus"	"Ondatra zibethicus"		"Ondatra zibethicus"	"RodMyom"	"0"	"Fish (1979)"	"0"	"0"		869	703.9	212.82556304641	"6"	"1"	"1"	"1"	"-1"	"1"	"1"	"0"	"0"					"1"					"4"	"4"	"0"			
"1048"	"Ondatra zibethicus"	"Ondatra zibethicus"		"Ondatra zibethicus"	"RodMyom"	"0"	"Fish (1982)"	"0"	"0"		649	571	213.58363184992	"10"	"0"	"1"	"1"	"0"	"-1"	"1"	"0"	"0"										"4"	"4"	"0"			
"1049"	"Ondatra zibethicus"	"Ondatra zibethicus"		"Ondatra zibethicus"	"RodMyom"	"0"	"McNab (1992c)"	"0"	"0"		1004.6	642.9	174.883422897668	"3"	"1"	"1"	"1"	"1"	"1"	"1"	"1"	"1"										"1"	"1"	"1"	"1"	"1"	
"1050"	"Ondatra zibethicus"	"Ondatra zibethicus"		"Ondatra zibethicus"	"RodMyom"	"0"	"Campbell & MacArthur (1998)"	"0"	"0"		931.6	651.5	187.242474576183	"64"	"0"	"1"	"1"	"1"	"1"	"1"	"1"	"0"										"2"	"2"	"1"			
"1051"	"Onychomys torridus"	"Onychomys torridus"		"Onychomys torridus"	"RodMyom"	"0"	"Whitford & Conley (1971)"	"0"	"0"		19.1	29.6	144.70269817287	"7"	"1"	"1"	"1"	"1"	"1"	"1"	"0"	"0"						"1"				"2"	"2"	"1"	"1"	"1"	"1"
"1052"	"Oryzomys talamancae"	"Oryzomys talamancae"		"Oryzomys talamancae"	"RodMyom"	"0"	"Enger (1957)"	"0"	"0"		20	35	165.453294929175	"1"	"1"	"1"	"-1"	"1"	"0"	"1"	"0"	"0"	"1"						"1"	"1"		"4"	"4"	"0"	"1"		
"1053"	"Oxymycterus roberti"	"Oxymycterus roberti"		"Oxymycterus roberti"	"RodMyom"	"0"	"McNab (1984)"	"0"	"0"		83.5	91.02	151.80484523858	"2"	"1"	"1"	"1"	"1"	"1"	"1"	"1"	"1"										"1"	"1"	"1"	"1"	"1"	"1"
"1054"	"Peromyscus boylii"	"Peromyscus boylii boylii"		"Peromyscus boylii"	"RodMyom"	"0"	"Mazen & Rudd (1980)"	"0"	"0"		23.2	54.29	230.323018482303	"20"	"0"	"0"	"0"	"0"	"0"	"0"	"0"	"0"						"1"				"3"	"4"	"0"	"1"		
"1055"	"Peromyscus californicus"	"Peromyscus californicus insignis"	"insignis"	"Peromyscus californicus"	"RodMyom"	"0"	"McNab & Morrison (1963)"	"0"	"0"		45.5	46.9	121.770132165055		"1"	"1"	"1"	"1"	"1"	"1"	"0"	"0"										"2"	"2"	"1"			"1"
"1056"	"Peromyscus californicus"	"Peromyscus californicus parasiticus"		"Peromyscus californicus"	"RodMyom"	"0"	"McNab & Morrison (1963)"	"0"	"0"		49.6	58	141.40999087791		"1"	"1"	"1"	"1"	"1"	"1"	"0"	"0"										"2"	"2"	"1"	"1"	"1"	
"1057"	"Peromyscus californicus"	"Peromyscus californicus"		"Peromyscus californicus"	"RodMyom"	"0"	"Hulbert et al. (1985)"	"0"	"0"		41.3	56.6	157.705589589345	"3"	"0"	"1"	"1"	"0"	"-1"	"0"	"0"	"0"										"4"	"4"	"0"			
"1058"	"Peromyscus californicus"	"Peromyscus californicus"		"Peromyscus californicus"	"RodMyom"	"0"	"Dlugosz et al. (2012)"	"0"	"0"		39.65	49.38	141.739221061319	"54"	"0"	"1"	"1"	"1"	"1"	"1"	"1"	"1"							"1"			"1"	"2"	"1"			
"1059"	"Peromyscus crinitus"	"Peromyscus crinitus stephensi"		"Peromyscus crinitus"	"RodMyom"	"0"	"McNab & Morrison (1963)"	"0"	"0"		15.9	25.1	140.253420201207		"1"	"1"	"1"	"1"	"1"	"1"	"0"	"0"										"2"	"2"	"1"			
"1060"	"Peromyscus crinitus"	"Peromyscus crinitus pergracilis"		"Peromyscus crinitus"	"RodMyom"	"0"	"McNab & Morrison (1963)"	"0"	"0"		20.9	30.9	141.458835854225		"1"	"1"	"1"	"1"	"1"	"1"	"0"	"0"										"2"	"2"	"1"	"1"	"1"	
"1061"	"Peromyscus crinitus"	"Peromyscus crinitus"		"Peromyscus crinitus"	"RodMyom"	"0"	"McNab (1968)"	"0"	"0"		23.1	21.25	90.4365619740897	"5"	"0"	"1"	"1"	"1"	"1"	"1"	"0"	"0"										"2"	"2"	"1"			"1"
"1062"	"Peromyscus crinitus"	"Peromyscus crinitus"		"Peromyscus crinitus"	"RodMyom"	"0"	"Kenagy & Vleck (1982)"	"0"	"0"		13.6	18.1	113.340977411694	"3"	"0"	"1"	"0"	"1"	"1"	"1"	"0"	"0"										"2"	"2"	"1"			
"1063"	"Peromyscus eremicus"	"Peromyscus eremicus"		"Peromyscus eremicus"	"RodMyom"	"0"	"Murie (1961)"	"0"	"0"		24.2	38.7	159.209070217468	"10"	"1"	"1"	"1"	"1"	"0"	"1"	"0"	"0"						"1"	"1"			"2"	"4"	"0"			
"1064"	"Peromyscus eremicus"	"Peromyscus eremicus eremicus"		"Peromyscus eremicus"	"RodMyom"	"0"	"McNab & Morrison (1963)"	"0"	"0"		19.9	31.8	150.876454591668		"1"	"1"	"1"	"1"	"1"	"1"	"0"	"0"										"2"	"2"	"1"			
"1065"	"Peromyscus eremicus"	"Peromyscus eremicus eremicus"		"Peromyscus eremicus"	"RodMyom"	"0"	"McNab & Morrison (1963)"	"0"	"0"		21.5	31.8	142.605976084597		"1"	"1"	"1"	"1"	"1"	"1"	"0"	"0"										"2"	"2"	"1"	"1"	"1"	
"1066"	"Peromyscus eremicus"	"Peromyscus eremicus"		"Peromyscus eremicus"	"RodMyom"	"0"	"MacMillen (1965)"	"0"	"0"		17.4	27.14	142.00632361745	"8"	"1"	"1"	"1"	"1"	"1"	"1"	"0"	"0"										"2"	"2"	"1"			
"1067"	"Peromyscus eremicus"	"Peromyscus eremicus"		"Peromyscus eremicus"	"RodMyom"	"0"	"Yousef & Johnson (1975)"	"0"	"0"		20.8	27.46	126.150972998468	"6"	"0"	"1"	"0"	"0"	"0"	"1"	"0"	"0"						"1"				"3"	"4"	"0"			
"1068"	"Peromyscus eremicus"	"Peromyscus eremicus"		"Peromyscus eremicus"	"RodMyom"	"0"	"Glazier (1985)"	"0"	"0"		25.4	38.86	154.325346129829	"15"	"0"	"1"	"0"	"1"	"1"	"1"	"1"	"1"										"2"	"2"	"1"			
"1069"	"Peromyscus eremicus"	"Peromyscus eremicus"		"Peromyscus eremicus"	"RodMyom"	"0"	"Hulbert et al. (1985)"	"0"	"0"		18.4	24.3	122.070949734599	"1"	"0"	"1"	"1"	"0"	"-1"	"0"	"0"	"0"										"4"	"4"	"0"			"1"
"1070"	"Peromyscus eremicus"	"Peromyscus eremicus"		"Peromyscus eremicus"	"RodMyom"	"0"	"Hulbert et al. (1985)"	"0"	"0"		19.1	26.9	131.503465569264	"4"	"0"	"1"	"1"	"0"	"-1"	"0"	"0"	"0"										"4"	"4"	"0"			
"1071"	"Peromyscus gossypinus"	"Peromyscus gossypinus"		"Peromyscus gossypinus"	"RodMyom"	"0"	"Glenn (1970)"	"0"	"0"		21.5	36.98	165.835503006554	"9"	"0"	"0"	"1"	"0"	"1"	"1"	"0"	"0"										"2"	"2"	"1"	"1"	"1"	"1"
"1072"	"Peromyscus keeni"	"Peromyscus oreas"		"Peromyscus keeni"	"RodMyom"	"0"	"Hayward (1965)"	"0"	"0"		24.6	43.54	176.992545162232	"10"	"1"	"1"	"1"	"1"	"1"	"1"	"1"	"0"										"2"	"2"	"1"			"1"
"1073"	"Peromyscus keeni"	"Peromyscus sitkensis"		"Peromyscus keeni"	"RodMyom"	"0"	"Hayward (1965)"	"0"	"0"		28.3	46.7	171.404733786608	"10"	"1"	"1"	"1"	"1"	"1"	"1"	"1"	"0"										"2"	"2"	"1"	"1"	"1"	
"1074"	"Peromyscus leucopus"	"Peromyscus leucopus noveboracensis"		"Peromyscus leucopus"	"RodMyom"	"0"	"Pearson (1947)"	"0"	"0"		21	32.55	148.494842441981	"2"	"0"	"1"	"0"	"-1"	"1"	"1"	"0"	"0"						"1"			"1"	"4"	"4"	"0"			
"1075"	"Peromyscus leucopus"	"Peromyscus leucopus noveboracensis"		"Peromyscus leucopus"	"RodMyom"	"0"	"Hart (1953)"	"0"	"0"		25.6	58	229.023106765148	"6"	"1"	"1"	"0"	"0"	"0"	"1"	"1"	"0"						"1"	"1"			"3"	"4"	"0"			
"1076"	"Peromyscus leucopus"	"Peromyscus leucopus"		"Peromyscus leucopus"	"RodMyom"	"0"	"Lynch (1973)"	"0"	"0"		23.3	59.182	250.291104086252	"17"	"0"	"1"	"1"	"-1"	"1"	"1"	"0"	"0"						"1"	"1"			"4"	"4"	"0"			"1"
"1077"	"Peromyscus leucopus"	"Peromyscus leucopus noveboracensis"		"Peromyscus leucopus"	"RodMyom"	"0"	"Glaser & Lustick (1975)"	"0"	"0"		24	50.4	208.600230553605	"10"	"1"	"1"	"1"	"1"	"0"	"1"	"0"	"0"										"2"	"2"	"1"			
"1078"	"Peromyscus leucopus"	"Peromyscus leucopus noveboracensis"		"Peromyscus leucopus"	"RodMyom"	"0"	"Wickler (1980)"	"0"	"0"		19.2	48	233.761445703684	"2"	"1"	"1"	"1"	"1"	"0"	"1"	"1"	"1"							"1"	"1"		"2"	"4"	"0"			
"1079"	"Peromyscus leucopus"	"Peromyscus leucopus"		"Peromyscus leucopus"	"RodMyom"	"0"	"Deavers & Hudson (1981)"	"0"	"0"		21.2	35.2	159.478471184625	"11"	"1"	"1"	"1"	"1"	"1"	"1"	"0"	"0"										"2"	"2"	"1"	"1"	"1"	
"1080"	"Peromyscus leucopus"	"Peromyscus leucopus"		"Peromyscus leucopus"	"RodMyom"	"0"	"Glazier (1985)"	"0"	"0"		18.7	36.84	182.896474115392	"8"	"0"	"1"	"0"	"1"	"1"	"1"	"1"	"1"										"2"	"2"	"1"			
"1081"	"Peromyscus leucopus"	"Peromyscus leucopus"		"Peromyscus leucopus"	"RodMyom"	"0"	"Kaseloo et al. (2012)"	"0"	"0"		26.1	47.04	183.144814231524	"8"	"0"	"1"	"1"	"1"	"1"	"1"	"1"	"1"		"1"								"1"	"3"	"0"			
"1082"	"Peromyscus maniculatus"	"Peromyscus maniculatus sonoriensis"		"Peromyscus maniculatus"	"RodMyom"	"0"	"Murie (1961)"	"0"	"0"		20.8	47.4	217.755139116073	"12"	"1"	"1"	"1"	"1"	"0"	"1"	"0"	"0"						"1"				"2"	"3"	"0"			
"1083"	"Peromyscus maniculatus"	"Peromyscus maniculatus gracilis"		"Peromyscus maniculatus"	"RodMyom"	"0"	"Pearson (1947)"	"0"	"0"		15	24	139.926173139195	"1"	"0"	"1"	"0"	"-1"	"1"	"1"	"0"	"0"						"1"			"1"	"4"	"4"	"0"			
"1084"	"Peromyscus maniculatus"	"Peromyscus maniculatus gambeli"		"Peromyscus maniculatus"	"RodMyom"	"0"	"Murie (1961)"	"0"	"0"		20.5	52.3	242.823864756496	"13"	"1"	"1"	"1"	"1"	"0"	"1"	"0"	"0"						"1"				"2"	"3"	"0"			
"1085"	"Peromyscus maniculatus"	"Peromyscus maniculatus sonoriensis"		"Peromyscus maniculatus"	"RodMyom"	"0"	"McNab & Morrison (1963)"	"0"	"0"		24.2	40.4	166.20275030454		"1"	"1"	"1"	"1"	"1"	"1"	"0"	"0"										"2"	"2"	"1"			
"1086"	"Peromyscus maniculatus"	"Peromyscus maniculatus gambeli"		"Peromyscus maniculatus"	"RodMyom"	"0"	"McNab & Morrison (1963)"	"0"	"0"		19.1	39	190.655582052092		"1"	"1"	"1"	"1"	"1"	"1"	"0"	"0"										"2"	"2"	"1"	"1"	"1"	
"1087"	"Peromyscus maniculatus"	"Peromyscus maniculatus sonoriensis"		"Peromyscus maniculatus"	"RodMyom"	"0"	"Hayward (1965)"	"0"	"0"		20.38	37.5	174.855647441912	"5"	"1"	"1"	"1"	"1"	"1"	"1"	"1"	"0"										"2"	"2"	"1"			
"1088"	"Peromyscus maniculatus"	"Peromyscus maniculatus artemisiae"		"Peromyscus maniculatus"	"RodMyom"	"0"	"Hayward (1965)"	"0"	"0"		23.2	46.17	195.874263461557	"10"	"1"	"1"	"1"	"1"	"1"	"1"	"1"	"0"										"2"	"2"	"1"			
"1089"	"Peromyscus maniculatus"	"Peromyscus maniculatus austerus"		"Peromyscus maniculatus"	"RodMyom"	"0"	"Hayward (1965)"	"0"	"0"		19.5	39.78	191.552484790043	"10"	"1"	"1"	"1"	"1"	"1"	"1"	"1"	"0"										"2"	"2"	"1"			
"1090"	"Peromyscus maniculatus"	"Peromyscus maniculatus nebrascensis"		"Peromyscus maniculatus"	"RodMyom"	"0"	"Hayward (1965)"	"0"	"0"		18.9	39.31	193.651395706841	"5"	"1"	"1"	"1"	"1"	"1"	"1"	"1"	"0"										"2"	"2"	"1"			
"1091"	"Peromyscus maniculatus"	"Peromyscus maniculatus"		"Peromyscus maniculatus"	"RodMyom"	"0"	"Brower & Cade (1966)"	"0"	"0"		17	30.6	162.847991171996	"7"	"1"	"1"	"1"	"1"	"1"	"1"	"0"	"0"							"1"			"2"	"2"	"1"			
"1092"	"Peromyscus maniculatus"	"Peromyscus maniculatus bairdii"		"Peromyscus maniculatus"	"RodMyom"	"0"	"Mason (1974)"	"0"	"0"		19.2	57.2	278.56572279689	"12"	"0"	"1"	"0"	"0"	"0"	"1"	"1"	"1"							"1"		"1"	"2"	"4"	"0"			
"1093"	"Peromyscus maniculatus"	"Peromyscus maniculatus"		"Peromyscus maniculatus"	"RodMyom"	"0"	"Yousef & Johnson (1975)"	"0"	"0"		26	47.58	185.76637646309	"5"	"0"	"1"	"0"	"0"	"0"	"1"	"0"	"0"						"1"				"3"	"4"	"0"			
"1094"	"Peromyscus maniculatus"	"Peromyscus maniculatus gambelii"		"Peromyscus maniculatus"	"RodMyom"	"0"	"Mazen & Rudd (1980)"	"0"	"0"		17.2	44.03	232.330747925166	"20"	"0"	"1"	"0"	"0"	"0"	"0"	"0"	"0"						"1"				"3"	"4"	"0"			
"1095"	"Peromyscus maniculatus"	"Peromyscus maniculatus"		"Peromyscus maniculatus"	"RodMyom"	"0"	"Kenagy & Vleck (1982)"	"0"	"0"		16.7	29.1	156.888432665497	"3"	"0"	"1"	"0"	"1"	"1"	"1"	"0"	"0"										"2"	"2"	"1"			
"1096"	"Peromyscus maniculatus"	"Peromyscus maniculatus"		"Peromyscus maniculatus"	"RodMyom"	"0"	"Tomasi (1985)"	"0"	"0"		18.2	31.12	157.581702891374	"6"	"0"	"1"	"0"	"0"	"1"	"0"	"0"	"0"							"1"			"3"	"3"	"0"			
"1097"	"Peromyscus maniculatus"	"Peromyscus maniculatus"		"Peromyscus maniculatus"	"RodMyom"	"0"	"Glazier (1985)"	"0"	"0"		15.5	42.63	242.673172371063	"15"	"0"	"1"	"0"	"1"	"1"	"1"	"1"	"1"										"2"	"2"	"1"			
"1098"	"Peromyscus maniculatus"	"Peromyscus maniculatus"		"Peromyscus maniculatus"	"RodMyom"	"0"	"Hayes (1989)"	"0"	"0"		17.7	19.32	99.8373060500888	"21"	"0"	"1"	"1"	"1"	"1"	"1"	"0"	"0"						"1"				"2"	"2"	"1"			"1"
"1099"	"Peromyscus maniculatus"	"Peromyscus maniculatus"		"Peromyscus maniculatus"	"RodMyom"	"0"	"Hayes (1989)"	"0"	"0"		18.9	30.12	148.379039396847	"7"	"0"	"1"	"1"	"1"	"1"	"1"	"0"	"0"						"1"				"2"	"2"	"1"			
"1100"	"Peromyscus maniculatus"	"Peromyscus maniculatus"		"Peromyscus maniculatus"	"RodMyom"	"0"	"Hinds & Rice-Warner (1992)"	"0"	"0"		13.3	31.2	198.575191758057	"3"	"0"	"1"	"1"	"1"	"0"	"1"	"1"	"0"									"1"	"2"	"3"	"0"			
"1101"	"Peromyscus maniculatus"	"Peromyscus maniculatus"		"Peromyscus maniculatus"	"RodMyom"	"0"	"Hinds & Rice-Warner (1992)"	"0"	"0"		14.9	44.4	260.128791489397	"3"	"0"	"1"	"1"	"1"	"0"	"1"	"1"	"0"									"1"	"2"	"3"	"0"			
"1102"	"Peromyscus maniculatus"	"Peromyscus maniculatus sonoriensis"		"Peromyscus maniculatus"	"RodMyom"	"0"	"Chappell et al. (2003)"	"0"	"0"		22.4	44.88	195.335098441842	"211"	"0"	"1"	"1"	"1"	"1"	"1"	"0"	"1"							"1"			"2"	"2"	"1"			
"1103"	"Peromyscus maniculatus"	"Peromyscus maniculatus sonoriensis"	"sonoriensis"	"Peromyscus maniculatus"	"RodMyom"	"0"	"Chappell et al. (2004)"	"0"	"0"		22.2	31.8	139.313769853545	"32"	"0"	"1"	"-1"	"1"	"-1"	"1"	"0"	"0"										"4"	"4"	"0"			
"1104"	"Peromyscus maniculatus"	"Peromyscus maniculatus sonoriensis"		"Peromyscus maniculatus"	"RodMyom"	"0"	"Russell & Chappell (2007)"	"0"	"0"		23.7	37.5	156.638301899133	"87"	"0"	"1"	"0"	"1"	"1"	"1"	"0"	"0"										"2"	"2"	"1"			
"1105"	"Peromyscus maniculatus"	"Peromyscus maniculatus sorniensis"		"Peromyscus maniculatus"	"RodMyom"	"0"	"Van Sant & Hammond (2008)"	"0"	"0"		24	49.2	203.633558397567	"27"	"0"	"1"	"-1"	"1"	"1"	"1"	"1"	"1"		"1"								"3"	"3"	"0"			
"1106"	"Peromyscus megalops"	"Peromyscus megalops"		"Peromyscus megalops"	"RodMyom"	"0"	"Musser & Shoemaker (1965)"	"0"	"0"		66.2	90.64	179.049315644432	"5"	"1"	"1"	"0"	"1"	"1"	"1"	"1"	"1"										"2"	"2"	"1"	"1"	"1"	"1"
"1107"	"Peromyscus polionotus"	"Peromyscus polionotus"		"Peromyscus polionotus"	"RodMyom"	"0"	"Glenn (1970)"	"0"	"0"		12	21.48	147.35653184853	"11"	"0"	"0"	"1"	"0"	"1"	"1"	"0"	"0"										"2"	"2"	"1"	"1"	"1"	
"1108"	"Peromyscus polionotus"	"Peromyscus polionotus roadsi & polionotus"		"Peromyscus polionotus"	"RodMyom"	"0"	"Mason (1974)"	"0"	"0"		16.1	58.6	324.473919754149	"12"	"0"	"0"	"0"	"0"	"0"	"1"	"1"	"1"							"1"	"1"	"1"	"2"	"4"	"0"			"1"
"1109"	"Peromyscus polionotus"	"Peromyscus polionotus"		"Peromyscus polionotus"	"RodMyom"	"0"	"Glazier (1985)"	"0"	"0"		14.5	27.12	162.072993788776	"14"	"0"	"0"	"0"	"1"	"1"	"1"	"1"	"1"										"2"	"2"	"1"			
"1110"	"Peromyscus truei"	"Peromyscus truei gilberti"		"Peromyscus truei"	"RodMyom"	"0"	"McNab & Morrison (1963)"	"0"	"0"		33.3	62.6	204.066036696442		"1"	"1"	"1"	"1"	"1"	"1"	"0"	"0"										"2"	"2"	"1"	"1"	"1"	
"1111"	"Peromyscus truei"	"Peromyscus truei truei"		"Peromyscus truei"	"RodMyom"	"0"	"McNab & Morrison (1963)"	"0"	"0"		33.2	50.8	165.963388046128		"1"	"1"	"1"	"1"	"1"	"1"	"0"	"0"										"2"	"2"	"1"			"1"
"1112"	"Phenacomys intermedius"	"Phenacomys intermedius"		"Phenacomys intermedius"	"RodMyom"	"0"	"McNab (1992c)"	"0"	"0"		21.5	67.23	301.490558873191	"13"	"1"	"1"	"1"	"1"	"1"	"1"	"1"	"1"										"1"	"1"	"1"	"1"	"1"	"1"
"1113"	"Phodopus campbelli"	"Phodopus sungorus campbelli"		"Phodopus campbelli"	"RodMyom"	"0"	"Weiner & Heldmaier (1987)"	"0"	"0"		31.4	59.03	200.84883297809		"1"	"1"	"1"	"0"	"0"	"1"	"0"	"0"		"1"								"3"	"3"	"0"	"1"		
"1114"	"Phodopus campbelli"	"Phodopus campbelli"		"Phodopus campbelli"	"RodMyom"	"0"	"Chen et al. (2006)"	"0"	"0"		39.2	78.79	228.046704414034	"8"	"1"	"1"	"1"	"0"	"1"	"1"	"0"	"1"						"1"				"2"	"3"	"0"			
"1115"	"Phodopus roborovskii"			"Phodopus roborovskii"	"RodMyom"	"0"	"Bao et al. (2002)"	"0"	"1"	"Sieg et al. (2009)"	15.4	45.9	262.523582936548			"1"																		"0"			"1"
"1116"	"Phodopus roborovskii"	"Phodopus roborovskii"		"Phodopus roborovskii"	"RodMyom"	"0"	"Zhan & Wang (2004)"	"0"	"0"		20.3	53	247.838915952625		"1"	"1"	"1"																	"0"			
"1117"	"Phodopus roborovskii"	"Phodopus roborovskii"		"Phodopus roborovskii"	"RodMyom"	"0"	"Chi & Wang (2011)"	"0"	"0"		21.8	30.1	133.625688101573	"8"	"0"	"1"	"0"	"1"	"0"	"1"	"1"	"1"										"2"	"2"	"1"	"1"	"1"	
"1118"	"Phodopus sungorus"	"Phodopus sungorus sungorus"		"Phodopus sungorus"	"RodMyom"	"0"	"Heldmaier (1975)"	"0"	"0"		31.1	52.87	181.152874470293	"15"	"1"	"1"	"1"	"0"	"1"	"1"	"1"	"1"		"1"								"2"	"2"	"1"			
"1119"	"Phodopus sungorus"	"Phodopus sungorus"		"Phodopus sungorus"	"RodMyom"	"0"	"Trojan (1977)"	"0"	"0"		31.3	39.13	133.449290356911	"5"	"1"	"1"	"1"	"1"	"1"	"1"	"1"	"1"		"1"						"1"		"1"	"2"	"1"	"1"	"1"	
"1120"	"Phodopus sungorus"	"Phodopus sungorus"		"Phodopus sungorus"	"RodMyom"	"0"	"Weiner & Gorecki (1981)"	"0"	"0"		33.2	53.1	173.477478449791	"2"	"1"	"1"	"-1"	"0"	"1"	"1"	"1"	"0"					"1"	"1"				"4"	"4"	"0"			
"1121"	"Phodopus sungorus"	"Phodopus sungorus sungorus"		"Phodopus sungorus"	"RodMyom"	"0"	"Heldmaier & Steinlechner (1981a)"	"0"	"0"		40.5	68.45	193.462583657567	"9"	"1"	"1"	"1"	"0"	"0"	"1"	"1"	"1"		"2"					"1"			"2"	"3"	"0"			
"1122"	"Phodopus sungorus"	"Phodopus sungorus"		"Phodopus sungorus"	"RodMyom"	"0"	"Heldmaier & Steinlechner (1981b)"	"0"	"0"		26	52	203.023362254743	"11"	"1"	"1"	"1"	"0"	"0"	"1"	"1"	"1"		"1"						"1"		"2"	"4"	"0"			
"1123"	"Phodopus sungorus"	"Phodopus sungorus sungorus"		"Phodopus sungorus"	"RodMyom"	"0"	"Weiner & Heldmaier (1987)"	"0"	"0"		35.9	76.11	234.87463152495		"1"	"1"	"1"	"0"	"0"	"1"	"0"	"0"		"1"								"3"	"3"	"0"			"1"
"1124"	"Phodopus sungorus"	"Phodopus sungorus"		"Phodopus sungorus"	"RodMyom"	"0"	"Gutowski et al. (2011)"	"0"	"0"		51.85	74.35	175.504141441135	"6"	"1"	"1"	"1"	"1"	"1"	"1"	"1"	"1"		"1"								"1"	"2"	"1"			
"1125"	"Phodopus sungorus"	"Phodopus sungorus"		"Phodopus sungorus"	"RodMyom"	"0"	"Pannorfi et al. (2012)"	"0"	"0"		46.5	70	178.88877092629	"20"	"1"	"1"	"1"	"1"	"1"	"1"	"1"	"1"		"2"					"1"			"1"	"3"	"0"			
"1126"	"Phodopus sungorus"	"Phodopus sungorus"		"Phodopus sungorus"	"RodMyom"	"0"	"Jefimow et al. (2014)"	"0"	"0"		38.1	49.06	144.974453220297	"24"	"0"	"1"	"1"	"0"	"1"	"1"	"1"	"1"		"2"								"2"	"3"	"0"			
"1127"	"Phyllotis darwini"	"Phyllotis darwini"		"Phyllotis darwini"	"RodMyom"	"0"	"Bozinovic & Rosenmann (1988a)"	"0"	"0"		59	71.4	153.392928248148	"9"	"1"	"1"	"1"	"1"	"1"	"1"	"0"	"0"										"2"	"2"	"1"			
"1128"	"Phyllotis darwini"	"Phyllotis darwini"		"Phyllotis darwini"	"RodMyom"	"0"	"Bozinovic & Novoa (1997)"	"0"	"0"		53.7	64.6	148.64130397594	"16"	"0"	"1"	"1"	"1"	"1"	"1"	"0"	"1"										"2"	"2"	"1"			
"1129"	"Phyllotis darwini"	"Phyllotis darwini"		"Phyllotis darwini"	"RodMyom"	"0"	"Rezende et al. (2001)"	"0"	"0"		65.6	85.9	170.815984270504	"6"	"0"	"1"	"1"	"1"	"1"	"1"	"0"	"0"										"2"	"2"	"1"			
"1130"	"Phyllotis darwini"	"Phyllotis darwini"		"Phyllotis darwini"	"RodMyom"	"0"	"Nespolo et al. (2001b)"	"0"	"0"		65.7	159	315.827696486354	"5"	"0"	"1"	"-1"	"0"	"-1"	"1"	"0"	"0"										"4"	"4"	"0"			"1"
"1131"	"Phyllotis darwini"	"Phyllotis darwini"		"Phyllotis darwini"	"RodMyom"	"0"	"Nespolo et al. (2003b)"	"0"	"0"		64.26	51.7	104.366231048078	"14"	"0"	"1"	"1"	"1"	"1"	"1"	"1"	"1"							"1"			"1"	"3"	"0"			
"1132"	"Phyllotis darwini"	"Phyllotis darwini"		"Phyllotis darwini"	"RodMyom"	"0"	"Nespolo et al. (2003a)"	"0"	"0"		58.8	60.4	130.082570662564	"124"	"0"	"1"	"1"	"1"	"1"	"1"	"1"	"1"								"1"		"1"	"2"	"1"			
"1133"	"Phyllotis darwini"	"Phyllotis darwini"		"Phyllotis darwini"	"RodMyom"	"0"	"Nespolo et al. (2005)"	"0"	"0"		44.37	51.61	136.478395591814	"368"	"0"	"1"	"1"	"1"	"1"	"1"	"1"	"1"								"1"		"1"	"2"	"1"			
"1134"	"Phyllotis darwini"	"Phyllotis darwini"		"Phyllotis darwini"	"RodMyom"	"0"	"Bozinovic et al. (2007)"	"0"	"0"		72.1	66.95	124.272208432504	"57"	"0"	"1"	"1"	"1"	"1"	"1"	"1"	"1"										"1"	"1"	"1"	"1"	"1"	
"1135"	"Phyllotis darwini"	"Phyllotis darwini"		"Phyllotis darwini"	"RodMyom"	"0"	"Canals et al. (2009)"	"0"	"0"		38	67.26	199.137414376381	"3"	"0"	"1"	"1"	"1"	"0"	"1"	"1"	"1"				"1"						"2"	"3"	"0"			
"1136"	"Phyllotis magister"	"Phyllotis magister"		"Phyllotis magister"	"RodMyom"	"0"	"Rezende et al. (2001)"	"0"	"0"		50.7	61.3	147.08484088528	"5"	"0"	"0"	"0"	"1"	"1"	"1"	"0"	"0"										"2"	"2"	"1"	"1"	"1"	"1"
"1137"	"Phyllotis xanthopygus"	"Phyllotis xanthopygus rupestris"		"Phyllotis xanthopygus"	"RodMyom"	"0"	"Contreras"	"1"	"0"	"Bozinovic & Rosenmann (1988a)"	55	56.7	128.208524207494	"6"	"0"	"1"																		"0"			
"1138"	"Phyllotis xanthopygus"	"Phyllotis darwini rupestris"		"Phyllotis xanthopygus"	"RodMyom"	"0"	"Bozinovic & Marquet (1991)"	"0"	"0"		35.9	45.2	139.486707987488	"6"	"1"	"1"	"1"	"1"	"1"	"1"	"0"	"0"				"1"						"2"	"2"	"1"	"1"	"1"	
"1139"	"Phyllotis xanthopygus"	"Phyllotis darwini chilensis"		"Phyllotis xanthopygus"	"RodMyom"	"0"	"Bozinovic & Novoa"	"1"	"0"	"Bozinovic (1992b)"	49	65.6	161.364924788229		"0"	"1"																		"0"			
"1140"	"Phyllotis xanthopygus"	"Phyllotis rupestris"		"Phyllotis xanthopygus"	"RodMyom"	"0"	"Rezende et al. (2001)"	"0"	"0"		36.4	55.7	170.165114130443	"12"	"0"	"1"	"1"	"1"	"1"	"1"	"0"	"0"				"1"						"2"	"2"	"1"			
"1141"	"Phyllotis xanthopygus"	"Phyllotis xanthopygus"		"Phyllotis xanthopygus"	"RodMyom"	"0"	"Nespolo et al. (2001b)"	"0"	"0"		65.1	123	245.959053785028	"5"	"0"	"1"	"-1"	"0"	"-1"	"1"	"0"	"0"										"4"	"4"	"0"			"1"
"1142"	"Podomys floridanus"	"Podomys floridanus"		"Podomys floridanus"	"RodMyom"	"0"	"Glenn (1970)"	"0"	"0"		30.8	51.74	178.538217655963	"10"	"0"	"0"	"1"	"0"	"1"	"1"	"0"	"0"										"2"	"2"	"1"	"1"	"1"	
"1143"	"Podomys floridanus"	"Podomys floridanus"		"Podomys floridanus"	"RodMyom"	"0"	"Glazier (1985)"	"0"	"0"		39.6	55.44	159.280156567353	"15"	"0"	"0"	"0"	"1"	"1"	"1"	"1"	"1"										"2"	"2"	"1"			"1"
"1144"	"Reithrodon auritus"	"Reithrodon auritus"		"Reithrodon auritus"	"RodMyom"	"0"	"Bozinovic (1992a)"	"0"	"0"		78.7	76.8	133.737710160656	"3"	"0"	"0"	"1"	"1"	"1"	"1"	"0"	"0"										"2"	"2"	"1"	"1"	"1"	"1"
"1145"	"Reithrodontomys humilis"	"Reithrodontomys humilis"		"Reithrodontomys humilis"	"RodMyom"	"0"	"Dunaway (1968)"	"0"	"0"		8.4	36.5	324.75175577491	"5"	"0"	"0"	"-1"	"0"	"0"	"0"	"0"	"0"						"1"		"1"		"4"	"4"	"0"	"1"		
"1146"	"Reithrodontomys megalotis"	"Reithrodontomys megalotis"		"Reithrodontomys megalotis"	"RodMyom"	"0"	"Pearson (1960)"	"0"	"0"		9	22.5	190.369764030736	"5"	"1"	"1"	"0"	"1"	"1"	"1"	"1"	"1"										"2"	"2"	"1"			
"1147"	"Reithrodontomys megalotis"	"Reithrodontomys megalotis longicaudus"		"Reithrodontomys megalotis"	"RodMyom"	"0"	"Thompson (1985)"	"0"	"0"		9.54	21.32	172.883950569845	"12"	"1"	"1"	"1"	"1"	"1"	"1"	"0"	"0"										"2"	"2"	"1"			
"1148"	"Reithrodontomys megalotis"	"Reithrodontomys megalotis ravus"		"Reithrodontomys megalotis"	"RodMyom"	"0"	"Thompson (1985)"	"0"	"0"		7.85	20.65	193.027114714168	"14"	"1"	"1"	"1"	"1"	"1"	"1"	"0"	"0"										"2"	"2"	"1"	"1"	"1"	
"1149"	"Reithrodontomys megalotis"	"Reithrodontomys megalotis"		"Reithrodontomys megalotis"	"RodMyom"	"0"	"Tomasi (1985)"	"0"	"0"		10.6	19.4	145.684046884886	"6"	"0"	"1"	"0"	"0"	"1"	"0"	"0"	"0"							"1"			"3"	"3"	"0"			"1"
"1150"	"Scotinomys teguina"	"Scotinomys teguina"		"Scotinomys teguina"	"RodMyom"	"0"	"Hill & Hooper (1971)"	"0"	"0"		12	33.6	230.501837528427	"9"	"1"	"1"	"-1"	"1"	"1"	"1"	"0"	"0"							"1"			"4"	"4"	"0"	"1"		
"1151"	"Scotinomys xerampelinus"	"Scotinomys xerampelinus"		"Scotinomys xerampelinus"	"RodMyom"	"0"	"Hill & Hooper (1971)"	"0"	"0"		15.2	31.9	184.198016935634	"9"	"1"	"1"	"-1"	"1"	"1"	"1"	"0"	"0"							"1"			"4"	"4"	"0"	"1"		
"1152"	"Sigmodon planifrons"	"Sigmodon alleni planifrons"		"Sigmodon planifrons"	"RodMyom"	"0"	"Bowers (1971)"	"0"	"0"		155.6	207	219.3075560974		"0"	"0"	"-1"	"1"	"0"	"1"	"1"	"1"										"3"	"3"	"0"	"1"		
"1153"	"Sigmodon alleni"	"Sigmodon alleni vulcani"		"Sigmodon alleni"	"RodMyom"	"0"	"Bowers (1971)"	"0"	"0"		120.1	194.6	249.008531094935		"0"	"0"	"-1"	"1"	"0"	"1"	"1"	"1"										"3"	"3"	"0"	"1"		
"1154"	"Sigmodon fulviventer"	"Sigmodon fulviventer fulviventer"		"Sigmodon fulviventer"	"RodMyom"	"0"	"Bowers (1971)"	"0"	"0"		166.4	244.6	246.770887975523		"0"	"0"	"-1"	"1"	"0"	"1"	"1"	"1"										"3"	"3"	"0"	"1"		
"1155"	"Sigmodon fulviventer"	"Sigmodon fulviventer melanotis"		"Sigmodon fulviventer"	"RodMyom"	"0"	"Bowers (1971)"	"0"	"0"		109.3	168.3	230.668483684553		"0"	"0"	"-1"	"1"	"0"	"1"	"1"	"1"										"3"	"3"	"0"			
"1156"	"Sigmodon toltecus"	"Sigmodon hispidus toltecus"		"Sigmodon toltecus"	"RodMyom"	"0"	"Bowers (1971)"	"0"	"0"		87.8	212.5	341.672224449005		"0"	"0"	"-1"	"1"	"1"	"1"	"1"	"1"										"3"	"3"	"0"	"1"		
"1157"	"Sigmodon mascotensis"	"Sigmodon hispidus mascotensis"		"Sigmodon mascotensis"	"RodMyom"	"0"	"Bowers (1971)"	"0"	"0"		116.2	177.8	233.053018421494		"0"	"0"	"-1"	"1"	"0"	"1"	"1"	"1"										"3"	"3"	"0"	"1"		
"1158"	"Sigmodon hirsutus"	"Sigmodon hispidus chiriquensis"		"Sigmodon hirsutus"	"RodMyom"	"0"	"Bowers (1971)"	"0"	"0"		109.8	184.5	252.031896481146		"0"	"0"	"-1"	"1"	"0"	"1"	"1"	"1"										"3"	"3"	"0"	"1"		
"1159"	"Sigmodon hispidus"	"Sigmodon hispidus texianus"		"Sigmodon hispidus"	"RodMyom"	"0"	"Bowers (1971)"	"0"	"0"		191.6	251	228.489181209841		"0"	"1"	"-1"	"1"	"0"	"1"	"1"	"1"										"3"	"3"	"0"			
"1160"	"Sigmodon hispidus"	"Sigmodon hispidus belandieri"		"Sigmodon hispidus"	"RodMyom"	"0"	"Bowers (1971)"	"0"	"0"		190.9	253.9	231.746627046109		"0"	"1"	"-1"	"1"	"0"	"1"	"1"	"1"										"3"	"3"	"0"			
"1161"	"Sigmodon hispidus"	"Sigmodon hispidus"		"Sigmodon hispidus"	"RodMyom"	"0"	"McClure & Randolph (1980)"	"0"	"0"		120	244	312.410010048225		"0"	"1"	"-1"	"1"	"0"	"1"	"-1"	"1"										"4"	"4"	"0"			"1"
"1162"	"Sigmodon hispidus"	"Sigmodon hispidus texianus"		"Sigmodon hispidus"	"RodMyom"	"0"	"Scheck (1982)"	"0"	"0"		152.4	126.5	136.066974257119	"10"	"1"	"1"	"1"	"1"	"1"	"1"	"1"	"1"										"1"	"1"	"1"	"1"	"1"	
"1163"	"Sigmodon hispidus"	"Sigmodon hispidus texianus"		"Sigmodon hispidus"	"RodMyom"	"0"	"Scheck (1982)"	"0"	"0"		140.5	144.7	165.147017011592	"10"	"1"	"1"	"1"	"1"	"1"	"1"	"1"	"1"										"1"	"1"	"1"			
"1164"	"Sigmodon hispidus"	"Sigmodon hispidus"		"Sigmodon hispidus"	"RodMyom"	"0"	"Tomasi & Mitchell (1996)"	"0"	"0"		178	194	186.339013133508	"17"	"0"	"1"	"1"	"0"	"-1"	"1"	"1"	"1"										"3"	"3"	"0"			
"1165"	"Sigmodon leucotis"	"Sigmodon leucotis"		"Sigmodon leucotis"	"RodMyom"	"0"	"Bowers (1971)"	"0"	"0"		128.6	186.5	227.038972628696		"0"	"0"	"-1"	"1"	"0"	"1"	"1"	"1"										"3"	"3"	"0"	"1"		
"1166"	"Sigmodon ochrognathus"	"Sigmodon ochrognathus"		"Sigmodon ochrognathus"	"RodMyom"	"0"	"Bowers (1971)"	"0"	"0"		115.1	154.2	203.525441559888		"0"	"0"	"-1"	"1"	"0"	"1"	"1"	"1"										"3"	"3"	"0"	"1"		
"1167"	"Tscherskia triton"	"Cricetulus triton"		"Tscherskia triton"	"RodMyom"	"0"	"Wang et al. (2003b)"	"0"	"0"		132	162.4	193.97504974239		"0"	"0"	"1"	"0"	"1"	"1"	"1"	"0"						"1"		"1"		"2"	"3"	"0"	"1"		
"1168"	"Dipus sagitta"			"Dipus sagitta"	"RodMyom"	"0"	"Bao et al. (2002)"	"0"	"1"	"Sieg et al. (2009)"	79.2	90.3	156.521980975932			"0"																		"0"	"1"		
"1169"	"Jaculus jaculus"	"Jaculus deserti"		"Jaculus jaculus"	"RodMyom"	"0"	"Hooper & El Hilali (1972)"	"0"	"0"		74.5	91.6	166.016706412051	"8"	"1"	"1"	"1"	"0"	"1"	"1"	"0"	"0"						"1"				"2"	"2"	"1"	"1"	"1"	"1"
"1170"	"Jaculus orientalis"	"Dipus aegyptius"		"Jaculus orientalis"	"RodMyom"	"0"	"Kirmiz (1962)"	"0"	"0"		158.7	130.8	136.598335466784	"7"	"1"	"1"	"1"	"0"	"1"	"1"	"1"	"1"										"2"	"2"	"1"			"1"
"1171"	"Jaculus orientalis"	"Jaculus orientalis"		"Jaculus orientalis"	"RodMyom"	"0"	"Hooper & El Hilali (1972)"	"0"	"0"		139.1	139.1	159.91893728279	"8"	"1"	"1"	"1"	"0"	"1"	"1"	"0"	"0"						"1"				"2"	"2"	"1"	"1"	"1"	
"1172"	"Napaeozapus insignis"	"Napaeozapus insignis insignis"		"Napaeozapus insignis"	"RodMyom"	"0"	"Brower & Cade (1966)"	"0"	"0"		21.6	38.9	173.856550933355	"11"	"1"	"1"	"1"	"1"	"1"	"1"	"0"	"0"							"1"			"2"	"2"	"1"	"1"	"1"	
"1173"	"Napaeozapus insignis"	"Napaeozapus insignis"		"Napaeozapus insignis"	"RodMyom"	"0"	"Pearson (1947)"	"0"	"0"		26	62.4	243.628034705691	"1"	"0"	"1"	"0"	"-1"	"1"	"1"	"0"	"0"						"1"			"1"	"4"	"4"	"0"			"1"
"1174"	"Sicista betulina"	"Sicista betulina"		"Sicista betulina"	"RodMyom"	"0"	"Johansen & Krog (1959)"	"0"	"0"		11.5	38	268.901431283863		"1"	"1"	"-1"	"1"	"0"	"1"	"0"	"0"										"4"	"4"	"0"	"1"		
"1175"	"Zapus hudsonius"	"Zapus hudsonius"		"Zapus hudsonius"	"RodMyom"	"0"	"Morrison & Ryser (1962)"	"0"	"0"		30	45	158.288499401442	"8"	"1"	"1"	"0"	"1"	"0"	"1"	"0"	"0"			"1"							"3"	"3"	"0"	"1"		
"1176"	"Zapus hudsonius"	"Zapus hudsonius americanus"		"Zapus hudsonius"	"RodMyom"	"0"	"Pearson (1947)"	"0"	"0"		20	63	297.815930872515	"2"	"0"	"1"	"-1"	"-1"	"1"	"1"	"0"	"0"						"1"			"1"	"4"	"4"	"0"			
"1177"	"Zapus hudsonius"	"Zapus hudsonius"		"Zapus hudsonius"	"RodMyom"	"0"	"Muchlinski & Rybak (1978)"	"0"	"0"		24.3	72.3	296.544290439138	"3"	"0"	"1"	"-1"	"1"	"-1"	"1"	"0"	"1"										"4"	"4"	"0"			
"1178"	"Zapus princeps"	"Zapus princeps"		"Zapus princeps"	"RodMyom"	"0"	"Cranford (1983)"	"0"	"0"		27.5	56.6	212.129535133225	"25"	"0"	"0"	"0"	"1"	"1"	"1"	"0"	"0"						"1"				"2"	"3"	"0"	"1"		
"1179"	"Acomys cahirinus"	"Acomys cahirinus"		"Acomys cahirinus"	"RodMyom"	"0"	"Shkolnik & Borut (1969)"	"0"	"0"		42	46.2	127.160282978555	"71"	"1"	"1"	"1"	"1"	"1"	"1"	"1"	"1"						"1"				"1"	"2"	"1"	"1"	"1"	
"1180"	"Acomys cahirinus"			"Acomys cahirinus"	"RodMyom"	"0"	"Weissenberg (1977)"	"0"	"1"	"Haim & Izhaki (1993)"	48	54.24	135.441907538256			"1"																		"0"			
"1181"	"Acomys cahirinus"	"Acomys cahirinus"		"Acomys cahirinus"	"RodMyom"	"0"	"Müller & van Aken (1990)"	"0"	"0"		48.5	48.5	120.197173193265	"8"	"1"	"1"	"1"	"1"	"0"	"1"	"1"	"1"										"2"	"2"	"1"			
"1182"	"Acomys cahirinus"	"Acomys cahirinus"		"Acomys cahirinus"	"RodMyom"	"0"	"Kronfeld-Schor et al. (2000)"	"0"	"0"		54.9	65.88	149.163853447129	"6"	"0"	"1"	"-1"	"1"	"0"	"1"	"0"	"1"										"4"	"4"	"0"			
"1183"	"Acomys cahirinus"	"Acomys cahirinus"		"Acomys cahirinus"	"RodMyom"	"0"	"Scantlebury et al. (2003)"	"0"	"0"		40.77	53.82	151.378276957657	"6"	"0"	"1"	"-1"	"0"	"0"	"1"	"1"	"1"										"4"	"4"	"0"			"1"
"1184"	"Acomys cahirinus"	"Acomys cahirinus"		"Acomys cahirinus"	"RodMyom"	"0"	"Scantlebury et al. (2003)"	"0"	"0"		43.66	50.21	134.346830193209	"8"	"0"	"1"	"-1"	"0"	"0"	"1"	"1"	"1"										"4"	"4"	"0"			
"1185"	"Acomys russatus"	"Acomys russatus"		"Acomys russatus"	"RodMyom"	"0"	"Shkolnik & Borut (1969)"	"0"	"0"		51.1	40.84	97.4327902839779	"83"	"1"	"1"	"1"	"1"	"1"	"1"	"1"	"1"						"1"				"1"	"2"	"1"	"1"	"1"	
"1186"	"Acomys russatus"	"Acomys russatus"		"Acomys russatus"	"RodMyom"	"0"	"Haim & Borut (1981)"	"0"	"0"		60	45	95.4989276822368	"6"	"1"	"1"	"1"	"0"	"1"	"1"	"1"	"1"						"1"				"2"	"3"	"0"			
"1187"	"Acomys russatus"	"Acomys russatus"		"Acomys russatus"	"RodMyom"	"0"	"Rubal et al. (1995)"	"0"	"0"		63.3	41.78	85.2713961779844	"4"	"0"	"1"	"1"	"1"	"0"	"1"	"0"	"1"						"1"				"2"	"3"	"0"			
"1188"	"Acomys russatus"	"Acomys russatus"		"Acomys russatus"	"RodMyom"	"0"	"Kronfeld-Schor et al. (2000)"	"0"	"0"		65.1	97.65	195.267492700065	"6"	"0"	"1"	"-1"	"1"	"0"	"1"	"0"	"1"										"4"	"4"	"0"			"1"
"1189"	"Acomys russatus"	"Acomys russatus"		"Acomys russatus"	"RodMyom"	"0"	"Ron & Haim (2001)"	"0"	"0"		50.4	54.4	131.094744505072	"7"	"0"	"1"	"-1"	"1"	"0"	"1"	"0"	"0"							"1"			"4"	"4"	"0"			
"1190"	"Acomys russatus"	"Acomys russatus"		"Acomys russatus"	"RodMyom"	"0"	"Ehrhardt et al. (2005)"	"0"	"0"		89.6	42.44	67.2358777760597	"18"	"0"	"1"	"1"	"1"	"1"	"1"	"1"	"1"								"1"	"1"	"1"	"3"	"0"			
"1191"	"Acomys russatus"	"Acomys russatus"		"Acomys russatus"	"RodMyom"	"0"	"Grimpo et al. (2013)"	"0"	"0"		62.9	59.6	122.204776774882	"12"	"0"	"1"	"1"	"1"	"1"	"1"	"1"	"0"						"1"				"2"	"3"	"0"			
"1192"	"Acomys russatus"	"Acomys russatus"		"Acomys russatus"	"RodMyom"	"0"	"Grimpo et al. (2014)"	"0"	"0"		52.2	28	65.7710049169216	"28"	"0"	"1"	"0"	"0"	"0"	"1"	"0"	"0"						"1"	"1"	"1"	"1"	"3"	"4"	"0"			
"1193"	"Acomys spinosissimus"	"Acomys spinosissimus"		"Acomys spinosissimus"	"RodMyom"	"0"	"Perrin & Downs (1994)"	"0"	"0"		27.02	44.15	167.606298298589	"9"	"1"	"1"	"1"	"1"	"0"	"1"	"0"	"0"										"2"	"2"	"1"	"1"	"1"	"1"
"1194"	"Acomys subspinosus"	"Acomys subspinosus"		"Acomys subspinosus"	"RodMyom"	"0"	"Perrin & Downs (1994)"	"0"	"0"		32.26	83.46	278.432740863603	"9"	"1"	"1"	"1"	"1"	"1"	"1"	"0"	"0"										"2"	"2"	"1"	"1"	"1"	"1"
"1195"	"Apodemus agrarius"	"Apodemus agrarius"		"Apodemus agrarius"	"RodMyom"	"0"	"Gorecki (1969)"	"0"	"0"		21.2	66.78	302.556031412195	"20"	"1"	"1"	"-1"	"1"	"0"	"1"	"0"	"0"					"1"	"1"				"4"	"4"	"0"			
"1196"	"Apodemus agrarius"	"Apodemus agrarius"		"Apodemus agrarius"	"RodMyom"	"0"	"Liu et al. (2004)"	"0"	"0"		24.37	80.18	328.175846388182	"7"	"1"	"1"	"1"	"0"	"1"	"1"	"0"	"0"						"1"			"1"	"2"	"3"	"0"	"1"		
"1197"	"Apodemus alpicola"	"Apodemus alpicola"		"Apodemus alpicola"	"RodMyom"	"0"	"Aeschimann et al. (1998)"	"0"	"0"		31.1	55.4	189.821623712015	"5"	"1"	"1"	"0"	"1"	"1"	"1"	"0"	"1"								"1"		"2"	"2"	"1"	"1"	"1"	"1"
"1198"	"Apodemus argenteus"	"Apodemus argenteus"		"Apodemus argenteus"	"RodMyom"	"0"	"Sekijima (1995)"	"0"	"0"		15.7	49.3	278.031700230917	"8"	"1"	"1"	"1"	"1"	"1"	"1"	"1"	"1"										"1"	"1"	"1"	"1"	"1"	"1"
"1199"	"Apodemus chevrieri"	"Apodemus chevrieri"		"Apodemus chevrieri"	"RodMyom"	"0"	"Zhu et al. (2008)"	"0"	"0"		32.56	87.91	291.306112839009	"7"	"1"	"1"	"1"	"0"	"1"	"1"	"1"	"0"										"2"	"2"	"1"	"1"	"1"	
"1200"	"Apodemus chevrieri"	"Apodemus chevrieri"		"Apodemus chevrieri"	"RodMyom"	"0"	"Zhu et al. (2011b)"	"0"	"0"		37	125.8	379.769276419909	"7"	"0"	"1"	"1"	"0"	"1"	"1"	"0"	"0"						"1"			"1"	"2"	"4"	"0"			
"1201"	"Apodemus chevrieri"	"Apodemus chevrieri"		"Apodemus chevrieri"	"RodMyom"	"0"	"Zhu et al. (2012d)"	"0"	"0"		39.83	115.76	331.17950111406	"14"	"0"	"1"	"1"	"0"	"0"	"1"	"1"	"1"						"1"				"2"	"3"	"0"			
"1202"	"Apodemus chevrieri"	"Apodemus chevrieri"		"Apodemus chevrieri"	"RodMyom"	"0"	"Zhang et al. (2012a)"	"0"	"0"		37	125.1	377.656092846826		"0"	"1"	"-1"	"1"	"0"	"1"	"-1"	"1"								"1"		"4"	"4"	"0"			
"1203"	"Apodemus chevrieri"	"Apodemus chevrieri"		"Apodemus chevrieri"	"RodMyom"	"0"	"Zhu et al. (2013a)"	"0"	"0"		38.44	151.1	443.62460320272	"8"	"0"	"1"	"1"	"1"	"0"	"1"	"1"	"1"									"1"	"2"	"3"	"0"			"1"
"1204"	"Apodemus flavicollis"	"Apodemus flavicollis"		"Apodemus flavicollis"	"RodMyom"	"0"	"Cygan (1985)"	"0"	"0"		25.9	75.11	294.07660557157	"7"	"1"	"1"	"0"	"0"	"1"	"1"	"0"	"1"						"1"				"2"	"3"	"0"			
"1205"	"Apodemus flavicollis"			"Apodemus flavicollis"	"RodMyom"	"0"	"Haim et al. (1986)"	"0"	"1"	"Haim & Izhaki (1995)"	23.9	43.26	179.594357621724	"6"		"1"																		"0"			
"1206"	"Apodemus flavicollis"	"Apodemus flavicollis"		"Apodemus flavicollis"	"RodMyom"	"0"	"Klaus (1988)"	"0"	"0"		33.1	88.69	290.387749047764	"5"	"0"	"1"	"-1"	"0"	"0"	"1"	"0"	"0"							"1"	"1"		"4"	"4"	"0"			
"1207"	"Apodemus flavicollis"	"Apodemus flavicollis"		"Apodemus flavicollis"	"RodMyom"	"0"	"Koteja (1995)"	"0"	"0"		27.35	63.18	237.736557866312	"28"	"0"	"1"	"1"	"0"	"1"	"1"	"0"	"1"						"1"				"2"	"3"	"1"			
"1208"	"Apodemus flavicollis"			"Apodemus flavicollis"	"RodMyom"	"0"	"Haim et al. (1996)"	"0"	"1"	"Sieg et al. (2009)"	23.4	42.4	178.758103889247			"1"																		"0"			
"1209"	"Apodemus flavicollis"	"Apodemus flavicollis"		"Apodemus flavicollis"	"RodMyom"	"0"	"Aeschimann et al. (1998)"	"0"	"0"		33.3	67.9	221.343193157962	"5"	"1"	"1"	"0"	"1"	"1"	"1"	"0"	"1"								"1"		"2"	"2"	"1"	"1"	"1"	
"1210"	"Apodemus flavicollis"	"Apodemus flavicollis"		"Apodemus flavicollis"	"RodMyom"	"0"	"Gebczynski & Taylor (2004)"	"0"	"0"		38.4	50.4	148.08508423983	"15"	"0"	"1"	"0"	"1"	"0"	"1"	"0"	"0"		"1"							"1"	"3"	"4"	"0"			"1"
"1211"	"Apodemus mystacinus"	"Apodemus mystacinus"		"Apodemus mystacinus"	"RodMyom"	"0"	"Haim & Yahav (1982)"	"0"	"0"		40.4	27.88	78.9403408219427	"5"	"0"	"1"	"-1"	"-1"	"0"	"1"	"1"	"1"					"1"					"4"	"4"	"0"			"1"
"1212"	"Apodemus mystacinus"			"Apodemus mystacinus"	"RodMyom"	"0"	"Yahav et al. (1982)"	"0"	"1"	"Sieg et al. (2009)"						"1"																		"0"			
"1213"	"Apodemus mystacinus"	"Apodemus mystacinus"		"Apodemus mystacinus"	"RodMyom"	"0"	"Haim et al. (1993)"	"0"	"0"		31.1	51.9	177.829282863783	"6"	"1"	"1"	"1"	"0"	"1"	"1"	"0"	"1"				"1"						"2"	"2"	"1"	"1"	"1"	
"1214"	"Apodemus mystacinus"			"Apodemus mystacinus"	"RodMyom"	"0"	"Haim et al. (1993)"	"0"	"1"	"Sieg et al. (2009)"						"1"																		"0"			
"1215"	"Apodemus mystacinus"	"Apodemus mystacinus"		"Apodemus mystacinus"	"RodMyom"	"0"	"Rubal et al. (1995)"	"0"	"0"		39.5	67.12	193.192787131513	"4"	"0"	"1"	"1"	"1"	"0"	"1"	"0"	"1"						"1"				"2"	"3"	"0"			
"1216"	"Apodemus mystacinus"			"Apodemus mystacinus"	"RodMyom"	"0"	"Haim et al. (1996)"	"0"	"1"	"Sieg et al. (2009)"						"1"																		"0"			
"1217"	"Apodemus speciosus"	"Apodemus speciosus"		"Apodemus speciosus"	"RodMyom"	"0"	"Sekijima (1995)"	"0"	"0"		34.2	53.69	171.651109731098	"12"	"1"	"1"	"1"	"1"	"1"	"1"	"1"	"1"									"1"	"1"	"3"	"0"	"1"		
"1218"	"Apodemus speciosus"	"Apodemus speciosus"		"Apodemus speciosus"	"RodMyom"	"0"	"Liu et al. (2004)"	"0"	"0"		28.52	76.72	280.003097743323	"6"	"1"	"1"	"1"	"0"	"1"	"1"	"0"	"0"						"1"			"1"	"2"	"3"	"0"			
"1219"	"Apodemus sylvaticus"			"Apodemus sylvaticus"	"RodMyom"	"0"	"Visinescu (1965)"	"0"	"1"	"Sieg et al. (2009)"						"1"																		"0"			
"1220"	"Apodemus sylvaticus"			"Apodemus sylvaticus"	"RodMyom"	"0"	"Haim et al. (1986)"	"0"	"1"	"Haim & Izhaki (1993)"	23.9	43.26	179.594357621724			"1"																		"0"			
"1221"	"Apodemus sylvaticus"	"Apodemus sylvaticus"		"Apodemus sylvaticus"	"RodMyom"	"0"	"Haim et al. (1995)"	"0"	"0"		25.3	42.5	169.26700619786	"6"	"1"	"1"	"1"	"1"	"1"	"1"	"0"	"0"										"2"	"2"	"1"	"1"	"1"	
"1222"	"Apodemus sylvaticus"			"Apodemus sylvaticus"	"RodMyom"	"0"	"Haim et al. (1996)"	"0"	"1"	"Sieg et al. (2009)"						"1"																		"0"			
"1223"	"Apodemus sylvaticus"	"Apodemus sylvaticus"		"Apodemus sylvaticus"	"RodMyom"	"0"	"Corp et al. (1997)"	"0"	"0"		21.3	34.94	157.758370804652	"8"	"1"	"1"	"0"	"0"	"-1"	"1"	"1"	"1"							"1"	"1"		"4"	"4"	"0"			
"1224"	"Apodemus sylvaticus"	"Apodemus sylvaticus"		"Apodemus sylvaticus"	"RodMyom"	"0"	"Corp et al. (1997)"	"0"	"0"		18.3	45.48	229.378048987394	"8"	"1"	"1"	"1"	"0"	"-1"	"1"	"1"	"1"							"1"	"1"		"3"	"4"	"0"			
"1225"	"Apodemus sylvaticus"	"Apodemus sylvaticus"		"Apodemus sylvaticus"	"RodMyom"	"0"	"Aeschimann et al. (1998)"	"0"	"0"		25.6	59	232.97178101972	"5"	"1"	"1"	"0"	"1"	"1"	"1"	"0"	"1"								"1"		"2"	"2"	"1"			"1"
"1226"	"Apodemus witherbyi"			"Apodemus hermonensis"	"RodMyom"	"0"	"Haim et al. (1993)"	"0"	"1"	"Haim & Izhaki (1995)"	20.5	50	232.145186191679	"6"		"1"																		"0"			"1"
"1227"	"Apodemus witherbyi"	"Apodemus hermonensis"		"Apodemus hermonensis"	"RodMyom"	"0"	"Haim et al. (1993)"	"0"	"0"		19.6	47.8	229.314471786521	"6"	"1"	"1"	"1"	"0"	"1"	"1"	"0"	"1"										"2"	"2"	"1"	"1"	"1"	
"1228"	"Conilurus penicillatus"	"Conilurus penicillatus"		"Conilurus penicillatus"	"RodMyom"	"0"	"Hinds et al. (1993)"	"0"	"0"		212.3	162.6	137.351130510306	"2"	"0"	"0"	"0"	"1"	"1"	"1"	"0"	"0"										"2"	"2"	"1"	"1"	"1"	"1"
"1229"	"Desmodillus auricularis"	"Desmodillus auricularis"		"Desmodillus auricularis"	"RodMyom"	"0"	"Downs & Perrin (1994)"	"0"	"0"		71.9	87.72	163.155419701239	"10"	"1"	"1"	"0"	"1"	"1"	"1"	"0"	"0"										"2"	"2"	"1"	"1"	"1"	"1"
"1230"	"Dipodillus campestris"	"Gerbillus campestris"		"Gerbillus campestris"	"RodMyom"	"0"	"Oufara et al. (1987)"	"0"	"0"		42.2	46.8	128.366387429194	"12"	"1"	"1"	"1"	"0"	"0"	"1"	"1"	"1"							"1"			"2"	"3"	"0"	"1"		
"1231"	"Dipodillus dasyurus"	"Gerbillus dasyurus"		"Gerbillus dasyurus"	"RodMyom"	"0"	"Haim (1987)"	"0"	"0"		27.6	29.26	109.372929294262	"6"	"1"	"1"	"1"	"1"	"0"	"1"	"1"	"1"										"2"	"2"	"1"	"1"	"1"	"1"
"1232"	"Gerbilliscus afra"	"Tatera afra"		"Tatera afra"	"RodMyom"	"0"	"Duxbury & Perrin (1992)"	"0"	"0"		106.5	182.1	254.349169890909	"9"	"1"	"1"	"1"	"1"	"1"	"1"	"1"	"1"								"1"		"1"	"2"	"1"	"1"	"1"	"1"
"1233"	"Gerbilliscus leucogaster"	"Tatera leucogaster"		"Tatera leucogaster"	"RodMyom"	"0"	"Downs & Perrin (1994)"	"0"	"0"		157.6	132.5	139.077104940805	"8"	"1"	"1"	"1"	"1"	"1"	"1"	"0"	"0"										"2"	"2"	"1"	"1"	"1"	
"1234"	"Gerbilliscus leucogaster"	"Tatera leucogaster"		"Tatera leucogaster"	"RodMyom"	"0"	"Webb & Skinner (1996)"	"0"	"0"		106.2	51.36	71.8850344502633	"6"	"0"	"1"	"1"	"1"	"0"	"1"	"1"	"0"									"1"	"2"	"3"	"0"			"1"
"1235"	"Gerbillurus paeba"	"Gerbillurus paeba"		"Gerbillurus paeba"	"RodMyom"	"0"	"Buffenstein (1984)"	"0"	"0"		31.13	27.71	94.8783644739699	"15"	"1"	"1"	"1"	"1"	"1"	"1"	"0"	"1"										"2"	"2"	"1"	"1"	"1"	
"1236"	"Gerbillurus paeba"	"Gerbillurus paeba paeba"		"Gerbillurus paeba"	"RodMyom"	"0"	"Downs & Perrin (1990)"	"0"	"0"		33.9	34.82	112.039569040698	"16"	"1"	"1"	"1"	"1"	"1"	"1"	"0"	"0"										"2"	"2"	"1"			"1"
"1237"	"Gerbillurus setzeri"	"Gerbillurus setzeri"		"Gerbillurus setzeri"	"RodMyom"	"0"	"Downs & Perrin (1990)"	"0"	"0"		46.1	37.02	95.2043259721114	"13"	"1"	"1"	"1"	"1"	"1"	"1"	"0"	"0"										"2"	"2"	"1"	"1"	"1"	"1"
"1238"	"Gerbillurus tytonis"	"Gerbillurus tytonis"		"Gerbillurus tytonis"	"RodMyom"	"0"	"Downs & Perrin (1990)"	"0"	"0"		29.9	31.69	111.741934517469	"16"	"1"	"1"	"1"	"1"	"1"	"1"	"0"	"0"										"2"	"2"	"1"	"1"	"1"	"1"
"1239"	"Gerbillurus vallinus"	"Gerbillurus vallinus vallinus"		"Gerbillurus vallinus"	"RodMyom"	"0"	"Downs & Perrin (1990)"	"0"	"0"		38.8	34.77	101.392213805626	"11"	"1"	"1"	"1"	"1"	"1"	"1"	"0"	"0"										"2"	"2"	"1"	"1"	"1"	"1"
"1240"	"Gerbillus andersoni"	"Gerbillus allenbyi"		"Gerbillus andersoni"	"RodMyom"	"0"	"Haim (1984)"	"0"	"0"		35.3	38.83	121.310354869149	"6"	"1"	"1"	"1"	"0"	"1"	"1"	"1"	"1"										"2"	"2"	"1"	"1"	"1"	"1"
"1241"	"Gerbillus gerbillus"			"Gerbillus gerbillus"	"RodMyom"	"0"	"Haim & Harari (1992)"	"0"	"1"	"Haim & Izhaki (1993)"	29.7	42.47	150.48771651021			"0"																		"0"	"1"		
"1242"	"Gerbillus nanus"	"Gerbillus nanus"		"Gerbillus nanus"	"RodMyom"	"0"	"Haim (1984)"	"0"	"0"		28.4	22.41	82.0410158942192	"6"	"1"	"1"	"1"	"0"	"1"	"1"	"1"	"1"										"2"	"2"	"1"	"1"	"1"	"1"
"1243"	"Gerbillus perpallidus"	"Gerbillus perpallidus"		"Gerbillus perpallidus"	"RodMyom"	"0"	"Müller (1985)"	"0"	"0"		52.4	48.2	112.904895436419	"21"	"1"	"1"	"1"	"1"	"0"	"1"	"1"	"1"						"1"				"2"	"3"	"0"	"1"		
"1244"	"Gerbillus pusillus"	"Gerbillus pusillus"		"Gerbillus pusillus"	"RodMyom"	"0"	"Buffenstein & Jarvis (1985)"	"0"	"0"		12.6	13.48	89.243790424546	"12"	"1"	"1"	"1"	"1"	"1"	"1"	"0"	"0"										"2"	"2"	"1"	"1"	"1"	
"1245"	"Gerbillus pusillus"	"Gerbillus pusillus"		"Gerbillus pusillus"	"RodMyom"	"0"	"Buffenstein (1985)"	"0"	"0"		12.6	11.59	76.7311224792647	"6"	"0"	"1"	"1"	"1"	"1"	"1"	"0"	"0"					"1"			"1"		"2"	"3"	"1"			"1"
"1246"	"Gerbillus pyramidum"	"Gerbillus pyramidum"		"Gerbillus pyramidum"	"RodMyom"	"0"	"Robinson & Hendrickson (1961)"	"0"	"0"		108.5	72.7	100.176158727866	"21"	"1"	"1"	"1"	"0"	"0"	"0"	"0"	"0"						"1"	"1"	"1"		"3"	"4"	"0"	"1"		
"1247"	"Gerbillus pyramidum"			"Gerbillus pyramidum"	"RodMyom"	"0"	"Haim & Harari (1992)"	"0"	"1"	"Haim & Izhaki (1993)"	53	53	123.122380437032			"1"																		"0"			
"1248"	"Golunda ellioti"	"Golunda ellioti gujerati"		"Golunda ellioti"	"RodMyom"	"0"	"Goyal et al. (1981)"	"0"	"0"		56.2	60.7	135.110518265218	"1"	"0"	"0"	"0"	"0"	"1"	"1"	"0"	"0"				"1"						"3"	"4"	"0"	"1"		
"1249"	"Hydromys chrysogaster"	"Hydromys chrysogaster"		"Hydromys chrysogaster"	"RodMyom"	"0"	"Dawson & Fanning (1981)"	"0"	"0"		780	458.6	150.022130222303	"5"	"1"	"1"	"1"	"0"	"1"	"1"	"0"	"0"										"2"	"2"	"1"	"1"	"1"	"1"
"1250"	"Lemniscomys rosalia"	"Lemniscomys griselda"		"Lemniscomys rosalia"	"RodMyom"	"0"	"Haim (1981)"	"0"	"0"		47.5	57.62	144.984593545155	"6"	"1"	"1"	"1"	"0"	"0"	"-1"	"0"	"1"										"4"	"4"	"0"			
"1251"	"Lemniscomys rosalia"	"Lemniscomys griselda"		"Lemniscomys rosalia"	"RodMyom"	"0"	"Haim (1982)"	"0"	"0"		48.8	59.05	145.686763235131	"6"	"0"	"1"	"1"	"1"	"0"	"-1"	"0"	"1"	"1"	"1"								"4"	"4"	"0"	"1"		
"1252"	"Mastomys natalensis"	"Praomys natalensis"		"Mastomys natalensis"	"RodMyom"	"0"	"Haim & Le R. Fourie (1980)"	"0"	"0"		41.5	32.79	91.0421692430244	"6"	"1"	"1"	"1"	"1"	"0"	"1"	"1"	"0"								"1"		"2"	"2"	"1"	"1"	"1"	"1"
"1253"	"Meriones crassus"	"Meriones crassus"		"Meriones crassus"	"RodMyom"	"0"	"Haim & Levi (1990)"	"0"	"0"		119.8	154.4	197.929495863295	"6"	"0"	"0"	"0"	"1"	"0"	"1"	"0"	"0"		"1"								"3"	"4"	"0"	"1"		
"1254"	"Meriones hurrianae"	"Meriones hurrianae"		"Meriones hurrianae"	"RodMyom"	"0"	"Goyal et al. (1981)"	"0"	"0"		72.3	53.5	99.1060589074894	"5"	"0"	"0"	"1"	"0"	"1"	"1"	"0"	"0"										"2"	"2"	"1"	"1"	"1"	"1"
"1255"	"Meriones meridianus"			"Meriones meridianus"	"RodMyom"	"0"	"Bao et al. (2002)"	"0"	"1"	"Sieg et al. (2009)"	45	61.2	160.183486617566			"0"																		"0"	"1"		
"1256"	"Meriones tristrami"	"Meriones tristrami"		"Meriones tristrami"	"RodMyom"	"0"	"Haim"	"1"	"0"	"Haim & Izhaki (1993)"	112	98.56	132.702467755659		"0"	"0"																		"0"	"1"		
"1257"	"Meriones unguiculatus"	"Meriones unguiculatus"		"Meriones unguiculatus"	"RodMyom"	"0"	"Weiner & Gorecki (1981)"	"0"	"0"		66.9	76.9	150.747091897509	"5"	"1"	"1"	"1"	"0"	"1"	"1"	"1"	"0"					"1"	"1"				"2"	"3"	"0"			
"1258"	"Meriones unguiculatus"	"Meriones unguiculatus"		"Meriones unguiculatus"	"RodMyom"	"0"	"Wang et al. (2000)"	"0"	"0"		58.1	123.75	268.855577161749	"8"	"1"	"1"	"1"	"0"	"1"	"1"	"1"	"1"						"1"			"1"	"2"	"3"	"0"			
"1259"	"Meriones unguiculatus"	"Meriones unguiculatus"		"Meriones unguiculatus"	"RodMyom"	"0"	"Li et al. (2001)"	"0"	"0"		58	46.5	101.151467631015	"6"	"0"	"1"	"-1"	"1"	"0"	"0"	"0"	"0"						"1"				"4"	"4"	"0"			
"1260"	"Meriones unguiculatus"	"Meriones unguiculatus"		"Meriones unguiculatus"	"RodMyom"	"0"	"Wang et al. (2003a)"	"0"	"0"		44.2	81.3	215.593644492839	"8"	"0"	"1"	"0"	"0"	"0"	"0"	"0"	"0"						"1"				"3"	"4"	"0"			
"1261"	"Meriones unguiculatus"	"Meriones unguiculatus"		"Meriones unguiculatus"	"RodMyom"	"0"	"Li & Wang (2005b)"	"0"	"0"		74	98.2	178.854473410031	"18"	"0"	"1"	"0"	"0"	"1"	"1"	"0"	"1"						"1"				"2"	"3"	"0"			
"1262"	"Meriones unguiculatus"	"Meriones unguiculatus"		"Meriones unguiculatus"	"RodMyom"	"0"	"Zhao & Wang (2006)"	"0"	"0"		53.5	95.77	220.96211752131	"16"	"0"	"1"	"1"	"0"	"1"	"1"	"1"	"1"						"1"				"2"	"3"	"0"			
"1263"	"Meriones unguiculatus"	"Meriones unguiculatus"		"Meriones unguiculatus"	"RodMyom"	"0"	"Chappell et al. (2007)"	"0"	"0"		68.4	73.19	141.173795776039	"27"	"0"	"1"	"1"	"1"	"1"	"0"	"1"	"1"										"2"	"2"	"1"			
"1264"	"Meriones unguiculatus"	"Meriones unguiculatus"		"Meriones unguiculatus"	"RodMyom"	"0"	"Zhang & Wang (2007)"	"0"	"0"		44	102	271.382234143699	"7"	"0"	"1"	"1"	"0"	"0"	"1"	"1"	"1"						"1"	"1"	"1"		"2"	"4"	"0"			"1"
"1265"	"Meriones unguiculatus"	"Meriones unguiculatus"		"Meriones unguiculatus"	"RodMyom"	"0"	"Zhao & Wang (2009)"	"0"	"0"		55	110	248.72905930907	"20"	"0"	"1"	"1"	"0"	"1"	"1"	"1"	"1"						"1"	"1"			"2"	"4"	"0"			
"1266"	"Meriones unguiculatus"	"Meriones unguiculatus"		"Meriones unguiculatus"	"RodMyom"	"0"	"Zhao & Wang (2009)"	"0"	"0"		56.7	93.6	207.000808470774	"20"	"0"	"1"	"0"	"0"	"-1"	"1"	"1"	"1"						"1"		"1"		"4"	"4"	"0"			
"1267"	"Meriones unguiculatus"	"Meriones unguiculatus"		"Meriones unguiculatus"	"RodMyom"	"0"	"Li et al. (2010)"	"0"	"0"		63.6	65.6	133.42642350594	"16"	"0"	"1"	"0"	"1"	"1"	"1"	"1"	"1"										"2"	"2"	"1"	"1"	"1"	
"1268"	"Meriones unguiculatus"	"Meriones unguiculatus"		"Meriones unguiculatus"	"RodMyom"	"0"	"Yang et al. (2013)"	"0"	"0"		63.7	82.8	168.217406705557	"10"	"0"	"1"	"1"	"1"	"1"	"1"	"1"	"1"						"1"				"1"	"2"	"1"			
"1269"	"Micaelamys namaquensis"	"Aethomys namaquensis"		"Aethomys namaquensis"	"RodMyom"	"0"	"Buffenstein (1984)"	"0"	"0"		48.37	43.05	106.899440197711	"15"	"1"	"1"	"1"	"1"	"1"	"1"	"0"	"1"										"2"	"2"	"1"			"1"
"1270"	"Micaelamys namaquensis"	"Aethomys namaquensis"		"Aethomys namaquensis"	"RodMyom"	"0"	"Lovegrove et al. (1991)"	"0"	"0"		66.3	52.38	103.35711413063	"6"	"1"	"1"	"1"	"1"	"0"	"1"	"0"	"0"										"2"	"2"	"1"	"1"	"1"	
"1271"	"Micromys minutus"	"Micromys minutus"		"Micromys minutus"	"RodMyom"	"0"	"Gorecki (1971)"	"0"	"0"		8.7	43.5	377.257571406191	"22"	"1"	"1"	"-1"	"-1"	"0"	"1"	"0"	"0"										"4"	"4"	"0"			
"1272"	"Micromys minutus"	"Micromys minutus"		"Micromys minutus"	"RodMyom"	"0"	"Grodzinski et al. (1988)"	"0"	"0"		7.4	21.16	206.492357471281	"3"	"1"	"1"	"-1"	"1"	"0"	"1"	"0"	"0"										"4"	"4"	"0"	"1"		
"1273"	"Millardia meltada"	"Rattus meltada pallidior"		"Millardia meltada"	"RodMyom"	"0"	"Goyal et al. (1981)"	"0"	"0"		67.4	58.64	114.329720008127	"5"	"0"	"0"	"0"	"0"	"1"	"1"	"0"	"0"										"3"	"3"	"0"	"1"		
"1274"	"Mus macedonicus"	"Mus macedonicus"		"Mus macedonicus"	"RodMyom"	"0"	"Haim et al. (1999)"	"0"	"0"		14.04	19.38	118.571794863394	"6"	"1"	"1"	"1"	"1"	"1"	"1"	"1"	"1"		"1"								"1"	"2"	"1"	"1"	"1"	
"1275"	"Mus macedonicus"	"Mus macedonicus"		"Mus macedonicus"	"RodMyom"	"0"	"Shabtay et al. (2000)"	"0"	"0"		14.2	26.13	158.554820215952	"6"	"1"	"1"	"1"	"1"	"1"	"1"	"0"	"0"		"1"								"2"	"2"	"1"			"1"
"1276"	"Mus minutoides"	"Mus minutoides"		"Mus minutoides"	"RodMyom"	"0"	"Webb & Skinner (1995)"	"0"	"0"		8.27	21.68	195.099431657049	"8"	"1"	"1"	"1"	"1"	"0"	"1"	"1"	"1"										"2"	"2"	"1"	"1"	"1"	
"1277"	"Mus minutoides"	"Mus minutoides"		"Mus minutoides"	"RodMyom"	"0"	"Downs & Perrin (1996)"	"0"	"0"		8.06	24	220.065133236458	"12"	"1"	"1"	"1"	"1"	"1"	"1"	"0"	"0"										"2"	"2"	"1"			"1"
"1278"	"Mus musculus"	"souris"	"laboratory"	"Mus musculus"	"RodMyom"	"1"	"Terroine & Trautmann (1927)"	"0"	"0"		17.7	51.2	264.579196157585	"3"	"1"	"1"	"1"	"0"	"1"	"1"	"1"	"0"									"1"	"2"	"3"	"0"			
"1279"	"Mus musculus"	"white mouse"	"laboratory"	"Mus musculus"	"RodMyom"	"1"	"Davis & Dyke (1933)"	"0"	"0"		28.9	33.9	122.535919400481	"6"	"0"	"1"	"-1"	"1"	"1"	"1"	"1"	"1"										"3"	"3"	"0"			
"1280"	"Mus musculus"	"mouse"	"laboratory"	"Mus musculus"	"RodMyom"	"1"	"Smuts (1935)"	"0"	"0"		24	68.4	283.100312894178	"9"	"0"	"1"	"0"	"0"	"1"	"1"	"1"	"0"						"1"				"2"	"3"	"0"			
"1281"	"Mus musculus"	"albino mouse"	"laboratory"	"Mus musculus"	"RodMyom"	"1"	"Benedict (1938)"	"0"	"0"		21	31.25	142.564172851364	"43"	"0"	"1"	"1"	"0"	"1"	"1"	"1"	"1"										"2"	"2"	"1"			
"1282"	"Mus musculus"	"mouse"	"laboratory"	"Mus musculus"	"RodMyom"	"1"	"Herrington (1940)"	"0"	"0"		27.1	52	196.982195406773		"1"	"1"	"1"	"-1"	"1"	"1"	"1"	"1"							"1"			"3"	"3"	"0"			
"1283"	"Mus musculus"	"Mus musculus"		"Mus musculus"	"RodMyom"	"0"	"Pearson (1947)"	"0"	"0"		15	25.05	146.047943214035	"3"	"0"	"1"	"-1"	"-1"	"1"	"1"	"0"	"0"						"1"			"1"	"4"	"4"	"0"			
"1284"	"Mus musculus"	"Mus musculus"	"laboratory"	"Mus musculus"	"RodMyom"	"1"	"Taylor et al. (1970)"	"0"	"0"		21	47.67	217.473091834385	"6"	"0"	"1"	"-1"	"1"	"0"	"1"	"1"	"0"										"4"	"4"	"0"			
"1285"	"Mus musculus"	"Mus musculus"	"laboratory"	"Mus musculus"	"RodMyom"	"1"	"Rosenmann & Morrison (1974)"	"0"	"0"		30	52.7	185.373420410133	"5"	"1"	"1"	"0"	"0"	"-1"	"1"	"0"	"0"						"1"	"1"			"4"	"4"	"0"			
"1286"	"Mus musculus"	"Mus musculus"		"Mus musculus"	"RodMyom"	"0"	"Rosenmann & Morrison (1974)"	"0"	"0"		17.3	32.7	171.818683202693	"6"	"1"	"1"	"0"	"0"	"-1"	"1"	"0"	"0"						"1"	"1"			"4"	"4"	"0"			
"1287"	"Mus musculus"	"Mus musculus"		"Mus musculus"	"RodMyom"	"0"	"Rosenmann & Morrison (1974)"	"0"	"0"		17	29.2	155.397429484389	"4"	"1"	"1"	"0"	"0"	"-1"	"1"	"0"	"0"						"1"	"1"			"4"	"4"	"0"			
"1288"	"Mus musculus"	"Mus musculus"	"laboratory"	"Mus musculus"	"RodMyom"	"1"	"Hudson & Scott (1979)"	"0"	"0"		45.5	66.89	173.671730075065	"5"	"1"	"1"	"1"	"1"	"1"	"1"	"1"	"1"										"1"	"1"	"1"			
"1289"	"Mus musculus"	"Mus musculus"	"laboratory"	"Mus musculus"	"RodMyom"	"1"	"Lacy & Lynch (1979)"	"0"	"0"		29.2	56.6	203.053544689185	"1171"	"0"	"1"	"1"	"0"	"1"	"1"	"1"	"1"						"1"				"2"	"3"	"0"			
"1290"	"Mus musculus"	"Mus musculus"	"laboratory"	"Mus musculus"	"RodMyom"	"1"	"Oufara et al. (1987)"	"0"	"0"		42.5	72.25	197.151717257052	"14"	"1"	"1"	"1"	"0"	"0"	"1"	"1"	"1"							"1"			"2"	"3"	"0"			
"1291"	"Mus musculus"	"Mus musculus"		"Mus musculus"	"RodMyom"	"0"	"Gorecki et al. (1990)"	"0"	"0"		13.2	65.34	418.156620465627	"13"	"1"	"1"	"1"	"1"	"-1"	"1"	"0"	"0"					"1"	"1"				"4"	"4"	"0"			"1"
"1292"	"Mus musculus"	"Mus musculus"		"Mus musculus"	"RodMyom"	"0"	"Gorecki et al. (1990)"	"0"	"0"		18.6	49.1	244.717371150766	"20"	"1"	"1"	"1"	"1"	"-1"	"1"	"0"	"0"					"1"	"1"				"4"	"4"	"0"			
"1293"	"Mus musculus"	"Mus musculus"		"Mus musculus"	"RodMyom"	"0"	"Hussein (1991)"	"0"	"0"		14.68	14.39	85.2267136386407	"8"	"1"	"1"	"1"	"0"	"0"	"1"	"0"	"0"						"1"	"1"		"1"	"3"	"4"	"0"			
"1294"	"Mus musculus"	"Mus domesticus"	"laboratory"	"Mus musculus"	"RodMyom"	"1"	"Hayes et al. (1992)"	"0"	"0"		20.7	38.5	177.491103911482	"74"	"0"	"1"	"1"	"1"	"1"	"1"	"1"	"1"										"1"	"1"	"1"			
"1295"	"Mus musculus"	"Mus domesticus"	"laboratory"	"Mus musculus"	"RodMyom"	"1"	"Richardson et al. (1994)"	"0"	"0"		18	38.4	196.017935587297	"19"	"0"	"1"	"0"	"1"	"1"	"1"	"1"	"1"										"2"	"2"	"1"			
"1296"	"Mus musculus"	"Mus domesticus"		"Mus musculus"	"RodMyom"	"0"	"Richardson et al. (1994)"	"0"	"0"		11.2	21.4	154.380370077033	"12"	"0"	"1"	"0"	"1"	"1"	"1"	"1"	"1"										"2"	"2"	"1"			
"1297"	"Mus musculus"	"Laboratory white mice"	"laboratory"	"Mus musculus"	"RodMyom"	"1"	"Speakman & Rossi (1999)"	"0"	"0"		33.6	66	213.747402193196	"10"	"0"	"1"	"1"	"1"	"0"	"1"	"0"	"1"							"1"			"2"	"3"	"0"			
"1298"	"Mus musculus"	"Laboratory mice"	"laboratory"	"Mus musculus"	"RodMyom"	"1"	"Konarzewski & Diamond (1995)"	"0"	"0"		19.7	22.7	108.497122737988	"12"	"0"	"1"	"1"	"1"	"1"	"1"	"1"	"1"										"1"	"1"	"1"			
"1299"	"Mus musculus"	"Laboratory mice"	"laboratory"	"Mus musculus"	"RodMyom"	"1"	"Konarzewski & Diamond (1995)"	"0"	"0"		22.8	31.4	134.912871968117	"10"	"0"	"1"	"1"	"1"	"1"	"1"	"1"	"1"										"1"	"1"	"1"			
"1300"	"Mus musculus"	"Laboratory mice"	"laboratory"	"Mus musculus"	"RodMyom"	"1"	"Konarzewski & Diamond (1995)"	"0"	"0"		19.3	25.3	122.74603882258	"10"	"0"	"1"	"1"	"1"	"1"	"1"	"1"	"1"										"1"	"1"	"1"			
"1301"	"Mus musculus"	"Laboratory mice"	"laboratory"	"Mus musculus"	"RodMyom"	"1"	"Konarzewski & Diamond (1995)"	"0"	"0"		21.7	28.5	126.947442775496	"10"	"0"	"1"	"1"	"1"	"1"	"1"	"1"	"1"										"1"	"1"	"1"			
"1302"	"Mus musculus"	"Laboratory mice"	"laboratory"	"Mus musculus"	"RodMyom"	"1"	"Konarzewski & Diamond (1995)"	"0"	"0"		18.2	26.1	132.162032309282	"10"	"0"	"1"	"1"	"1"	"1"	"1"	"1"	"1"										"1"	"1"	"1"			
"1303"	"Mus musculus"	"Mus musculus"	"laboratory"	"Mus musculus"	"RodMyom"	"1"	"Johnson et al. (2001)"	"0"	"0"		27.1	44.59	168.912232561307	"71"	"0"	"1"	"0"	"1"	"0"	"1"	"1"	"1"							"1"			"2"	"3"	"0"			
"1304"	"Mus musculus"	"Mus musculus"	"laboratory"	"Mus musculus"	"RodMyom"	"1"	"Selman et al. (2001)"	"0"	"0"		31.1	37.47	128.386574738072	"78"	"0"	"1"	"1"	"1"	"1"	"1"	"1"	"1"		"1"								"1"	"3"	"1"			
"1305"	"Mus musculus"	"Mus musculus"	"laboratory"	"Mus musculus"	"RodMyom"	"1"	"Krol et al. (2003)"	"0"	"0"		27.1	42.42	160.692014022217	"71"	"0"	"1"	"0"	"1"	"0"	"1"	"1"	"1"							"1"			"2"	"3"	"0"			
"1306"	"Mus musculus"	"Mus musculus domesticus"	"domesticus"	"Mus musculus"	"RodMyom"	"0"	"Mathias et al. (2004)"	"0"	"0"		13.23	23.81	152.124972190272	"7"	"1"	"1"	"0"	"1"	"0"	"1"	"1"	"1"								"1"		"2"	"2"	"1"			
"1307"	"Mus musculus"	"Mus musculus domesticus"	"domesticus"	"Mus musculus"	"RodMyom"	"0"	"Mathias et al. (2004)"	"0"	"0"		12.75	14.79	97.075467821116	"9"	"1"	"1"	"-1"	"1"	"0"	"1"	"1"	"1"								"1"		"3"	"3"	"0"			
"1308"	"Mus musculus"	"Mus musculus domesticus"	"domesticus"	"Mus musculus"	"RodMyom"	"0"	"Mathias et al. (2006)"	"0"	"0"		23.75	25.9	108.018771158004	"10"	"0"	"1"	"-1"	"1"	"0"	"1"	"1"	"1"								"1"		"3"	"3"	"0"			
"1309"	"Mus musculus"	"Mus musculus domesticus"	"domesticus"	"Mus musculus"	"RodMyom"	"0"	"Mathias et al. (2006)"	"0"	"0"		21.58	21.1	94.3663588781306	"5"	"0"	"1"	"-1"	"1"	"0"	"1"	"1"	"1"								"1"		"3"	"3"	"0"			
"1310"	"Mus musculus"	"Mus musculus domesticus"	"domesticus"	"Mus musculus"	"RodMyom"	"0"	"Mathias et al. (2006)"	"0"	"0"		25.69	26.2	103.190924213675	"5"	"0"	"1"	"-1"	"1"	"0"	"1"	"1"	"1"								"1"		"3"	"3"	"0"			
"1311"	"Mus musculus"	"Mus musculus domesticus"	"domesticus"	"Mus musculus"	"RodMyom"	"0"	"Mathias et al. (2006)"	"0"	"0"		25.69	27.1	106.735650617961	"5"	"0"	"1"	"-1"	"1"	"0"	"1"	"1"	"1"								"1"		"3"	"3"	"0"			
"1312"	"Mus musculus"	"Mus musculus domesticus"	"domesticus"	"Mus musculus"	"RodMyom"	"0"	"Mathias et al. (2006)"	"0"	"0"		23.25	18.9	80.0567049826526	"7"	"0"	"1"	"-1"	"1"	"0"	"1"	"1"	"1"								"1"		"3"	"3"	"0"			
"1313"	"Mus musculus"	"Mus domesticus"	"domesticus"	"Mus musculus"	"RodMyom"	"0"	"Cretegny & Genoud (2006)"	"0"	"0"		22.8	35.3	151.669566257151	"24"	"0"	"1"	"1"	"1"	"1"	"1"	"1"	"1"										"1"	"1"	"1"	"1"	"1"	
"1314"	"Mus musculus"	"Mus musculus"		"Mus musculus"	"RodMyom"	"0"	"Tomlinson et al. (2007)"	"0"	"0"		16.1	37.03	205.038724377067	"9"	"1"	"1"	"-1"	"1"	"1"	"1"	"1"	"1"		"1"							"1"	"3"	"4"	"0"			
"1315"	"Mus musculus"	"Mus domesticus"	"laboratory"	"Mus musculus"	"RodMyom"	"1"	"Vaanholt et al. (2007)"	"0"	"0"		28	46.5	172.001799631159	"8"	"1"	"1"	"0"	"0"	"0"	"1"	"1"	"1"						"1"	"1"			"2"	"4"	"0"			
"1316"	"Mus musculus"	"swiss mouse"	"laboratory"	"Mus musculus"	"RodMyom"	"1"	"Zhao & Cao (2009b)"	"0"	"0"		37.27	64.1	192.484283616957	"8"	"0"	"1"	"0"	"0"	"1"	"1"	"1"	"1"						"1"				"2"	"3"	"0"			
"1317"	"Mus musculus"	"swiss mouse"	"laboratory"	"Mus musculus"	"RodMyom"	"1"	"Zhao & Cao (2009a)"	"0"	"0"		36.3	84.7	259.280421198961	"8"	"0"	"1"	"0"	"0"	"1"	"1"	"1"	"1"						"1"				"2"	"3"	"0"			
"1318"	"Mus musculus"	"swiss mouse"	"laboratory"	"Mus musculus"	"RodMyom"	"1"	"Cao et al. (2009)"	"0"	"0"		40.35	91.39	258.998339787251	"8"	"0"	"1"	"0"	"0"	"1"	"1"	"1"	"1"						"1"				"2"	"3"	"0"			
"1319"	"Mus musculus"	"laboratory mouse"	"laboratory"	"Mus musculus"	"RodMyom"	"1"	"Gebczynski & Konarziewski (2009)"	"0"	"0"		37.8	59.7	177.435719495719		"0"	"1"	"0"	"1"	"1"	"1"	"1"	"1"		"1"								"2"	"3"	"0"			
"1320"	"Mus musculus"	"Mus domesticus"	"laboratory"	"Mus musculus"	"RodMyom"	"1"	"Rezende et al. (2009)"	"0"	"0"		33.95	50.79	163.250401128951	"96"	"0"	"1"	"-1"	"1"	"-1"	"1"	"1"	"1"										"4"	"4"	"0"			
"1321"	"Mus musculus"	"Mus musculus"	"laboratory"	"Mus musculus"	"RodMyom"	"1"	"Wone et al. (2009)"	"0"	"0"		21.8	36	159.818098726134	"1642"	"0"	"1"	"1"	"0"	"1"	"1"	"1"	"0"										"2"	"2"	"1"			
"1322"	"Mus musculus"	"mouse"	"laboratory"	"Mus musculus"	"RodMyom"	"1"	"Meyer et al. (2010)"	"0"	"0"		24.8	36.9	149.117747112442	"5"	"0"	"1"	"0"	"1"	"1"	"1"	"1"	"1"										"2"	"2"	"1"			
"1323"	"Mus musculus"	"Swiss mouse"	"laboratory"	"Mus musculus"	"RodMyom"	"1"	"Zhao et al. (2010c)"	"0"	"0"		44.5	90	237.490534152097	"8"	"0"	"1"	"1"	"1"	"1"	"1"	"1"	"1"							"1"			"1"	"3"	"0"			
"1324"	"Mus musculus"	"Swiss mouse"	"laboratory"	"Mus musculus"	"RodMyom"	"1"	"Zhao et al. (2013)"	"0"	"0"		50	101.7	246.507457642375	"13"	"0"	"1"	"-1"	"1"	"1"	"1"	"1"	"-1"							"1"	"1"		"4"	"4"	"0"			
"1325"	"Mus musculus"	"laboratory house mouse"	"laboratory"	"Mus musculus"	"RodMyom"	"1"	"Downs et al. (2013)"	"0"	"0"		24.3	39.9	163.65307314691		"0"	"1"	"0"	"0"	"0"	"1"	"1"	"1"		"1"				"1"	"1"	"1"		"2"	"4"	"0"			
"1326"	"Mus spretus"	"Mus spretus"		"Mus spretus"	"RodMyom"	"0"	"Gorecki et al. (1990)"	"0"	"0"		21.8	61.91	274.842735892638	"11"	"1"	"1"	"1"	"1"	"-1"	"1"	"0"	"0"					"1"	"1"				"4"	"4"	"0"	"1"		
"1327"	"Myotomys sloggetti"	"Otomys sloggetti"		"Otomys sloggetti"	"RodMyom"	"0"	"Richter et al. (1997)"	"0"	"0"		113.3	134	178.907866583859	"19"	"1"	"1"	"1"	"1"	"1"	"1"	"0"	"0"										"2"	"2"	"1"	"1"	"1"	"1"
"1328"	"Myotomys unisulcatus"	"Otomys unisulcatus"		"Otomys unisulcatus"	"RodMyom"	"0"	"Du Plessis et al. (1989)"	"0"	"0"		96	106.6	160.597846961691	"11"	"1"	"1"	"1"	"1"	"1"	"0"	"0"	"0"										"2"	"2"	"1"	"1"	"1"	"1"
"1329"	"Notomys alexis"	"Notomys alexis"		"Notomys alexis"	"RodMyom"	"0"	"MacMillen & Lee (1970)"	"0"	"0"		32.3	45.22	150.723219449771	"9"	"1"	"1"	"1"	"1"	"1"	"1"	"0"	"0"										"2"	"2"	"1"			
"1330"	"Notomys alexis"	"Notomys alexis"		"Notomys alexis"	"RodMyom"	"0"	"Withers et al. (1979)"	"0"	"0"		35	21.35	67.116688095309		"0"	"1"	"1"	"0"	"0"	"0"	"0"	"0"						"1"		"1"	"1"	"3"	"4"	"0"			"1"
"1331"	"Notomys alexis"	"Notomys alexis"		"Notomys alexis"	"RodMyom"	"0"	"Hinds et al. (1993)"	"0"	"0"		38.8	49.8	145.220944708661	"3"	"0"	"1"	"0"	"1"	"1"	"1"	"0"	"0"										"2"	"2"	"1"			
"1332"	"Notomys alexis"	"Notomys alexis"		"Notomys alexis"	"RodMyom"	"0"	"White et al. (2006)"	"0"	"0"		33	40.2	131.913011079309	"11"	"1"	"1"	"1"	"1"	"1"	"1"	"1"	"1"										"1"	"1"	"1"	"1"	"1"	
"1333"	"Notomys cervinus"	"Notomys cervinus"		"Notomys cervinus"	"RodMyom"	"0"	"MacMillen & Lee (1970)"	"0"	"0"		34.2	41.72	133.382087874491	"10"	"1"	"1"	"1"	"1"	"1"	"1"	"0"	"0"										"2"	"2"	"1"	"1"	"1"	
"1334"	"Notomys cervinus"	"Notomys cervinus"		"Notomys cervinus"	"RodMyom"	"0"	"Dawson & Dawson (1982)"	"0"	"0"		32.5	46.8	155.289154645744	"5"	"0"	"1"	"-1"	"1"	"1"	"1"	"1"	"0"										"3"	"3"	"0"			"1"
"1335"	"Otomys irroratus"	"Otomys irroratus"		"Otomys irroratus"	"RodMyom"	"0"	"Haim & Fairall (1987)"	"0"	"0"		102.1	84.95	122.360673867845	"6"	"1"	"1"	"1"	"1"	"0"	"-1"	"0"	"1"										"4"	"4"	"0"	"1"		
"1336"	"Parotomys brantsii"	"Parotomys brantsii"		"Parotomys brantsii"	"RodMyom"	"0"	"Du Plessis et al. (1989)"	"0"	"0"		86.5	83.9	136.375219102191	"8"	"1"	"1"	"1"	"1"	"1"	"1"	"0"	"0"				"1"						"2"	"3"	"0"	"1"		
"1337"	"Psammomys obesus"	"Psammomys obesus"		"Psammomys obesus"	"RodMyom"	"0"	"Degen et al. (1988)"	"0"	"0"		127.6	74.39	91.0767783450535	"6"	"0"	"0"	"-1"	"0"	"1"	"0"	"1"	"1"										"4"	"4"	"0"	"1"		
"1338"	"Pseudomys albocinereus"	"Pseudomys albocinereus"		"Pseudomys albocinereus"	"RodMyom"	"0"	"Barker et al. (2012)"	"0"	"0"		27.9	43.52	161.399306887218	"11"	"1"	"1"	"1"	"1"	"1"	"1"	"0"	"0"										"2"	"2"	"1"	"1"	"1"	"1"
"1339"	"Pseudomys gracilicaudatus"	"Pseudomys gracilicaudatus"		"Pseudomys gracilicaudatus"	"RodMyom"	"0"	"Dawson & Dawson (1982)"	"0"	"0"		79.8	83.79	144.440946449475	"5"	"0"	"0"	"1"	"1"	"1"	"1"	"1"	"0"										"2"	"2"	"1"	"1"	"1"	"1"
"1340"	"Pseudomys hermannsburgensis"	"Leggadina hermannsburgensis"		"Pseudomys hermannsburgensis"	"RodMyom"	"0"	"MacMillen et al. (1972)"	"0"	"0"		12.2	23.3	157.927531561829	"10"	"1"	"1"	"1"	"1"	"1"	"1"	"0"	"0"										"2"	"2"	"1"			"1"
"1341"	"Pseudomys hermannsburgensis"	"Pseudomys hermannsburgensis"		"Pseudomys hermannsburgensis"	"RodMyom"	"0"	"Tomlinson (2004)"	"0"	"0"		10.9	15.8	116.260292913058	"21"	"1"	"1"	"1"	"1"	"1"	"-1"	"0"	"0"								"1"		"4"	"4"	"0"			
"1342"	"Pseudomys hermannsburgensis"	"Pseudomys hermannsburgensis"		"Pseudomys hermannsburgensis"	"RodMyom"	"0"	"Tomlinson et al. (2007)"	"0"	"0"		11.7	16.97	118.58577384191	"10"	"1"	"1"	"1"	"1"	"1"	"1"	"0"	"1"										"2"	"2"	"1"	"1"	"1"	
"1343"	"Rattus colletti"	"Rattus colletti"		"Rattus colletti"	"RodMyom"	"0"	"Hinds et al. (1993)"	"0"	"0"		165.7	123	124.473598666826	"3"	"0"	"0"	"0"	"1"	"1"	"1"	"0"	"0"										"2"	"2"	"1"	"1"	"1"	"1"
"1344"	"Rattus fuscipes"	"Rattus fuscipes"		"Rattus fuscipes"	"RodMyom"	"0"	"Collins (1973b)"	"0"	"0"		77.1	93.29	164.903811695564	"10"	"1"	"1"	"1"	"0"	"1"	"1"	"0"	"1"						"1"				"2"	"2"	"1"			"1"
"1345"	"Rattus fuscipes"	"Rattus fuscipes"		"Rattus fuscipes"	"RodMyom"	"0"	"Collins (1973b)"	"0"	"0"		75.7	84.03	150.532997708271	"6"	"1"	"1"	"1"	"0"	"1"	"1"	"0"	"1"						"1"				"2"	"2"	"1"			
"1346"	"Rattus fuscipes"	"Rattus fuscipes"		"Rattus fuscipes"	"RodMyom"	"0"	"Connolly & Cooper (2014)"	"0"	"0"		77.4	68.5	120.741524219383	"8"	"0"	"1"	"1"	"0"	"1"	"1"	"0"	"0"								"1"		"2"	"2"	"1"	"1"	"1"	
"1347"	"Rattus lutreolus"	"Rattus lutreolus"		"Rattus lutreolus"	"RodMyom"	"0"	"Collins (1973a)"	"0"	"0"		109.1	63.3	86.8735781667794	"10"	"1"	"1"	"1"	"0"	"1"	"1"	"1"	"1"						"1"				"2"	"2"	"1"	"1"	"1"	"1"
"1348"	"Rattus niobe"	"Rattus niobe"		"Rattus niobe"	"RodMyom"	"0"	"Genoud (2014)"	"0"	"0"		42.3	53.6	146.764461265457	"10"	"1"	"1"	"1"	"1"	"1"	"1"	"1"	"0"										"2"	"2"	"1"	"1"	"1"	"1"
"1349"	"Rattus norvegicus"	"rat"	"laboratory"	"Rattus norvegicus"	"RodMyom"	"1"	"Terroine & Trautmann (1927)"	"0"	"0"		137.9	231.5	267.834728200419	"2"	"1"	"1"	"1"	"0"	"1"	"1"	"1"	"0"									"1"	"2"	"3"	"0"			
"1350"	"Rattus norvegicus"	"Mus norvegicus"		"Rattus norvegicus"	"RodMyom"	"0"	"Benedict & Petrik (1930)"	"0"	"0"		224.3	283.7	230.230596236828	"7"	"0"	"1"	"0"	"0"	"1"	"1"	"0"	"0"					"1"		"1"			"3"	"3"	"0"	"1"		
"1351"	"Rattus norvegicus"	"rat"	"laboratory"	"Rattus norvegicus"	"RodMyom"	"1"	"Horst et al. (1930)"	"0"	"0"		209	183.2	156.529814154003	"4"	"0"	"1"	"1"	"1"	"1"	"1"	"1"	"1"						"1"				"1"	"2"	"1"			
"1352"	"Rattus norvegicus"	"rat"	"laboratory"	"Rattus norvegicus"	"RodMyom"	"1"	"Smuts (1935)"	"0"	"0"		223	215	175.219508429741	"23"	"0"	"1"	"1"	"0"	"1"	"1"	"1"	"0"						"1"				"2"	"2"	"1"			
"1353"	"Rattus norvegicus"	"rat"	"laboratory"	"Rattus norvegicus"	"RodMyom"	"1"	"Benedict (1938)"	"0"	"0"		400	288.2	153.408875190038	"93"	"0"	"1"	"1"	"1"	"1"	"1"	"1"	"1"										"1"	"1"	"1"			
"1354"	"Rattus norvegicus"	"albino rat"	"laboratory"	"Rattus norvegicus"	"RodMyom"	"1"	"Herrington (1940)"	"0"	"0"		351	267.3	156.505034891479		"1"	"1"	"1"	"-1"	"1"	"1"	"1"	"1"							"1"			"3"	"3"	"0"			
"1355"	"Rattus norvegicus"	"rat"	"laboratory"	"Rattus norvegicus"	"RodMyom"	"1"	"Depocas et al. (1957)"	"0"	"0"		392	464.8	251.083873173911	"96"	"1"	"1"	"1"	"0"	"-1"	"1"	"1"	"1"							"1"			"3"	"4"	"0"			
"1356"	"Rattus norvegicus"	"Rattus norvegicus"		"Rattus norvegicus"	"RodMyom"	"0"	"Hart & Heroux (1963)"	"0"	"0"		250	380.6	285.383434652592	"8"	"1"	"1"	"0"	"0"	"0"	"1"	"0"	"0"							"1"			"3"	"4"	"0"			
"1357"	"Rattus norvegicus"	"Rattus norvegicus"	"laboratory"	"Rattus norvegicus"	"RodMyom"	"1"	"Taylor et al. (1970)"	"0"	"0"		384	391.7	214.800037000507	"6"	"0"	"1"	"0"	"1"	"-1"	"1"	"1"	"0"										"4"	"4"	"0"			
"1358"	"Rattus norvegicus"	"Rattus norvegicus"	"laboratory"	"Rattus norvegicus"	"RodMyom"	"1"	"Rosenmann & Morrison (1974)"	"0"	"0"		253	268.7	199.733562998669	"7"	"1"	"1"	"0"	"0"	"-1"	"1"	"0"	"0"						"1"	"1"			"4"	"4"	"0"			
"1359"	"Rattus norvegicus"	"Rattus norvegicus"	"laboratory"	"Rattus norvegicus"	"RodMyom"	"1"	"Nicol et al. (1997)"	"0"	"0"		199	228.9	202.693649778346	"11"	"0"	"1"	"1"	"0"	"0"	"1"	"0"	"0"					"1"					"3"	"4"	"0"			
"1360"	"Rattus rattus"	"Rattus rattus"		"Rattus rattus"	"RodMyom"	"0"	"Hildwein (1972b)"	"0"	"0"		117	137.5	179.330206181865	"1"	"0"	"1"	"1"	"1"	"1"	"1"	"0"	"0"										"2"	"2"	"1"	"1"	"1"	
"1361"	"Rattus rattus"	"Rattus rattus"		"Rattus rattus"	"RodMyom"	"0"	"Collins & Bradshaw (1973)"	"0"	"0"		129.8	164.9	199.389207723197	"12"	"1"	"1"	"1"	"1"	"1"	"1"	"0"	"0"										"2"	"2"	"1"			
"1362"	"Rattus rattus"	"Rattus rattus"		"Rattus rattus"	"RodMyom"	"0"	"Hussein (1991)"	"0"	"0"		118.4	87.6	113.263234032082	"9"	"1"	"1"	"1"	"0"	"0"	"1"	"0"	"0"						"1"	"1"		"1"	"3"	"4"	"0"			
"1363"	"Rattus rattus"	"Rattus rattus"		"Rattus rattus"	"RodMyom"	"0"	"Magnanou et al. (2006)"	"0"	"0"		134.26	67.13	79.1957338398736	"7"	"0"	"1"	"1"	"0"	"1"	"1"	"1"	"0"						"1"			"1"	"2"	"3"	"0"			"1"
"1364"	"Rattus villosissimus"	"Rattus villosissimus"		"Rattus villosissimus"	"RodMyom"	"0"	"Collins & Bradshaw (1973)"	"0"	"0"		184.4	107	100.161844198635	"12"	"1"	"1"	"1"	"1"	"1"	"1"	"0"	"0"										"2"	"2"	"1"	"1"	"1"	
"1365"	"Rattus villosissimus"	"Rattus villosissimus"		"Rattus villosissimus"	"RodMyom"	"0"	"Hinds et al. (1993)"	"0"	"0"		247.8	145.8	110.031217291128	"3"	"0"	"1"	"1"	"1"	"1"	"1"	"0"	"0"										"2"	"2"	"1"			"1"
"1366"	"Rhabdomys pumilio"	"Rhabdomys pumilio"		"Rhabdomys pumilio"	"RodMyom"	"0"	"Haim & Le R. Fourie (1980)"	"0"	"0"		39.62	32.09	92.1612402186477	"6"	"1"	"1"	"1"	"1"	"0"	"-1"	"0"	"0"								"1"		"4"	"4"	"0"			
"1367"	"Rhabdomys pumilio"	"Rhabdomys pumilio"		"Rhabdomys pumilio"	"RodMyom"	"0"	"Haim (1982)"	"0"	"0"		40.5	32.8	92.7037654341591	"6"	"0"	"1"	"1"	"1"	"0"	"-1"	"0"	"1"										"4"	"4"	"0"			
"1368"	"Rhabdomys pumilio"	"Rhabdomys pumilio"		"Rhabdomys pumilio"	"RodMyom"	"0"	"Haim & Fairall (1986)"	"0"	"0"		48.3	43.95	109.249551801746	"6"	"0"	"1"	"1"	"1"	"0"	"-1"	"0"	"1"										"4"	"4"	"0"	"1"		
"1369"	"Rhabdomys pumilio"	"Rhabdomys pumilio"		"Rhabdomys pumilio"	"RodMyom"	"0"	"Haim & Fairall (1986)"	"0"	"0"		74.4	68.45	124.180963547655	"6"	"0"	"1"	"1"	"1"	"0"	"-1"	"0"	"1"										"4"	"4"	"0"			
"1370"	"Sekeetamys calurus"	"Sekeetamys calurus"		"Sekeetamys calurus"	"RodMyom"	"0"	"Haim & Borut (1986)"	"0"	"0"		56.9	43.8	96.6174366692371	"6"	"1"	"1"	"1"	"1"	"1"	"1"	"1"	"1"										"1"	"1"	"1"			
"1371"	"Sekeetamys calurus"	"Sekeetamys calurus"		"Sekeetamys calurus"	"RodMyom"	"0"	"Haim & Borut (1986)"	"0"	"0"		59.5	46.4	99.0725532106643	"6"	"1"	"1"	"1"	"1"	"1"	"1"	"1"	"1"										"1"	"1"	"1"	"1"	"1"	
"1372"	"Sekeetamys calurus"	"Sekeetamys calurus"		"Sekeetamys calurus"	"RodMyom"	"0"	"Haim (1996)"	"0"	"0"		71.2	54.4	101.905876137289	"7"	"0"	"1"	"0"	"1"	"0"	"1"	"1"	"1"						"1"				"2"	"3"	"0"			"1"
"1373"	"Stochomys longicaudatus"	"Stochomys longicaudatus"		"Stochomys longicaudatus"	"RodMyom"	"0"	"Hildwein (1972b)"	"0"	"0"		89.3	102.6	162.942693134146	"4"	"0"	"0"	"0"	"1"	"1"	"1"	"0"	"0"										"2"	"2"	"1"	"1"	"1"	"1"
"1374"	"Tatera indica"	"Tatera indica indica"		"Tatera indica"	"RodMyom"	"0"	"Goyal et al. (1981)"	"0"	"0"		86.8	75.5	122.412090539235	"7"	"0"	"0"	"1"	"0"	"1"	"1"	"0"	"0"				"1"						"2"	"3"	"0"	"1"		
"1375"	"Thallomys paedulcus"	"Thallomys paedulcus"		"Thallomys paedulcus"	"RodMyom"	"0"	"Lovegrove et al. (1991)"	"0"	"0"		124.7	68.5	85.2829412127327	"6"	"1"	"1"	"1"	"1"	"0"	"1"	"0"	"0"										"2"	"2"	"1"	"1"	"1"	"1"
"1376"	"Uromys caudimaculatus"	"Uromys caudimaculatus"		"Uromys caudimaculatus"	"RodMyom"	"0"	"Hinds et al. (1993)"	"0"	"0"		819	570.6	180.138294145308	"3"	"0"	"0"	"0"	"1"	"1"	"1"	"0"	"0"										"2"	"2"	"1"	"1"	"1"	"1"
"1377"	"Cricetomys gambianus"	"Cricetomys gambianus"		"Cricetomys gambianus"	"RodMyom"	"0"	"Knight (1988)"	"0"	"0"		1870.9	1141	197.250911198453	"9"	"1"	"1"	"1"	"1"	"-1"	"1"	"0"	"0"										"4"	"4"	"0"	"1"		
"1378"	"Macrotarsomys ingens"	"Macrotarsomys ingens"		"Macrotarsomys ingens"	"RodMyom"	"0"	"Lobban et al. (2014)"	"0"	"0"		64.3	53.35	107.648223554529	"12"	"1"	"1"	"1"	"1"	"1"	"1"	"1"	"0"										"2"	"2"	"1"	"1"	"1"	"1"
"1379"	"Malacothrix typica"	"Malacothrix typica"		"Malacothrix typica"	"RodMyom"	"0"	"Knight & Skinner (1981)"	"0"	"0"		21.7	20.62	91.8475884221307	"47"	"1"	"1"	"1"	"1"	"0"	"1"	"1"	"1"										"2"	"2"	"1"	"1"	"1"	"1"
"1380"	"Mystromys albicaudatus"	"Mystromys albicaudatus"		"Mystromys albicaudatus"	"RodMyom"	"0"	"Downs & Perrin (1995a)"	"0"	"0"		93.78	126.8	194.31625859971	"8"	"1"	"1"	"1"	"1"	"1"	"1"	"1"	"0"						"1"				"2"	"3"	"0"	"1"		
"1381"	"Petromyscus collinus"	"Petromyscus collinus"		"Petromyscus collinus"	"RodMyom"	"0"	"Bragg & Lovegrove"	"1"	"0"	"Lovegrove (2003)"	20.41	20.61	95.9976682254189		"0"	"0"																		"0"	"1"		
"1382"	"Saccostomus campestris"	"Saccostomus campestris"		"Saccostomus campestris"	"RodMyom"	"0"	"Haim et al. (1991)"	"0"	"0"		61.4	47.28	98.6645110870133	"6"	"1"	"1"	"1"	"1"	"0"	"1"	"1"	"1"										"2"	"2"	"1"			"1"
"1383"	"Saccostomus campestris"	"Saccostomus campestris"		"Saccostomus campestris"	"RodMyom"	"0"	"Mzilikazi & Lovegrove (2002)"	"0"	"0"		78.1	48.24	84.473976459211	"16"	"1"	"1"	"1"	"1"	"1"	"1"	"1"	"1"								"1"		"1"	"2"	"1"	"1"	"1"	
"1384"	"Steatomys pratensis"	"Steatomys pratensis"		"Steatomys pratensis"	"RodMyom"	"0"	"Ellison (1995)"	"0"	"0"		27.5	36.16	135.523038699954	"10"	"1"	"1"	"1"	"1"	"1"	"1"	"1"	"1"										"1"	"1"	"1"	"1"	"1"	
"1385"	"Steatomys pratensis"	"Steatomys pratensis natalensis"		"Steatomys pratensis"	"RodMyom"	"0"	"Perrin & Richardson (2005)"	"0"	"0"		37.54	18.77	56.0681457847349	"65"	"1"	"1"	"1"	"1"	"0"	"1"	"0"	"0"							"1"		"1"	"2"	"3"	"0"			"1"
"1386"	"Cannomys badius"	"Cannomys badius"		"Cannomys badius"	"RodMyom"	"0"	"McNab (1979b)"	"0"	"0"		344	172	102.196397091794	"5"	"1"	"1"	"1"	"1"	"1"	"1"	"-1"	"0"				"1"						"3"	"3"	"0"	"1"		
"1387"	"Spalax carmeli"	"Spalax ehrenbergi 58chromosomes"		"Nannospalax carmeli"	"RodMyom"	"0"	"Nevo & Shkolnik (1974)"	"0"	"0"		117	99.5	129.769858291604	"4"	"0"	"0"	"0"	"1"	"1"	"1"	"0"	"0"										"2"	"2"	"1"	"1"	"1"	
"1388"	"Spalax carmeli"	"Spalax ehrenbergi 58chromosomes"		"Nannospalax carmeli"	"RodMyom"	"0"	"Nevo & Shkolnik (1974)"	"0"	"0"		124	107.9	134.888609899807	"4"	"0"	"0"	"0"	"1"	"1"	"1"	"0"	"0"										"2"	"2"	"1"			
"1389"	"Spalax carmeli"	"Spalax ehrenbergi 58chromosomes"		"Nannospalax carmeli"	"RodMyom"	"0"	"Haim et al. (1984)"	"0"	"0"		134.9	52.6	61.8394012146317	"6"	"0"	"0"	"-1"	"1"	"-1"	"1"	"1"	"1"					"1"					"4"	"4"	"0"			"1"
"1390"	"Spalax galili"	"Spalax ehrenbergi 52chromosomes"		"Nannospalax galili"	"RodMyom"	"0"	"Nevo & Shkolnik (1974)"	"0"	"0"		128	110.1	134.489845276171	"6"	"0"	"0"	"0"	"1"	"1"	"1"	"0"	"0"										"2"	"2"	"1"	"1"	"1"	
"1391"	"Spalax galili"	"Spalax ehrenbergi 52chromosomes"		"Nannospalax galili"	"RodMyom"	"0"	"Nevo & Shkolnik (1974)"	"0"	"0"		104	107.1	152.205522160767	"5"	"0"	"0"	"0"	"1"	"1"	"1"	"0"	"0"										"2"	"2"	"1"			
"1392"	"Spalax galili"	"Spalax ehrenbergi 52chromosomes"		"Nannospalax galili"	"RodMyom"	"0"	"Haim et al. (1984)"	"0"	"0"		137.5	71.5	82.8975351745053	"6"	"0"	"0"	"-1"	"1"	"-1"	"1"	"1"	"1"					"1"					"4"	"4"	"0"			"1"
"1393"	"Spalax golani"	"Spalax ehrenbergi 54chromosomes"		"Nannospalax golani"	"RodMyom"	"0"	"Haim et al. (1984)"	"0"	"0"		133.8	70.9	83.8528776685859	"6"	"0"	"0"	"-1"	"1"	"-1"	"1"	"1"	"1"					"1"					"4"	"4"	"0"	"1"		
"1394"	"Spalax judaei"	"Spalax ehrenbergi 60chromosomes"		"Nannospalax judaei"	"RodMyom"	"0"	"Nevo & Shkolnik (1974)"	"0"	"0"		121	75	95.4484700136218	"4"	"0"	"0"	"0"	"1"	"1"	"1"	"0"	"0"										"2"	"2"	"1"	"1"	"1"	
"1395"	"Spalax judaei"	"Spalax ehrenbergi 60chromosomes"		"Nannospalax judaei"	"RodMyom"	"0"	"Haim et al. (1984)"	"0"	"0"		133.6	37.4	44.2809507589847	"4"	"0"	"0"	"-1"	"1"	"-1"	"1"	"1"	"1"					"1"					"4"	"4"	"0"			"1"
"1396"	"Spalax leucodon"	"Spalax leucodon"		"Nannospalax leucodon"	"RodMyom"	"0"	"McNab (1966)"	"0"	"0"		201	148.7	130.719171163884	"1"	"1"	"1"	"1"	"1"	"1"	"1"	"0"	"0"										"2"	"2"	"1"	"1"	"1"	
"1397"	"Spalax leucodon"	"Spalax leucodon"		"Nannospalax leucodon"	"RodMyom"	"0"	"Gorecki & Christov (1969)"	"0"	"0"		177.9	111.4	107.044699550128	"6"	"1"	"1"	"1"	"0"	"-1"	"1"	"0"	"0"										"4"	"4"	"0"			"1"
"1398"	"Tachyoryctes splendens"	"Tachyoryctes splendens"		"Tachyoryctes splendens"	"RodMyom"	"0"	"McNab (1966)"	"0"	"0"		191	150.9	137.681046355387	"5"	"1"	"1"	"1"	"1"	"1"	"1"	"0"	"0"										"2"	"2"	"1"	"1"	"1"	"1"
"1399"	"Dryomys nitedula"	"Dryomys nitedula"		"Dryomys nitedula"	"RodSciuro"	"0"	"Gebczynski et al. (1972)"	"0"	"0"		25.1	88.1	352.916536392638	"5"	"1"	"1"	"-1"	"-1"	"0"	"1"	"0"	"0"										"4"	"4"	"0"	"1"		
"1400"	"Eliomys quercinus"	"Myoxus arbor"		"Eliomys quercinus"	"RodSciuro"	"0"	"Kayser (1939)"	"0"	"0"		44.3	77	203.854663748562		"0"	"0"	"0"	"0"	"1"	"1"	"0"	"0"					"1"	"1"				"3"	"4"	"0"	"1"		
"1401"	"Glis glis"	"Myoxus glis"		"Myoxus glis"	"RodSciuro"	"0"	"Kayser (1939)"	"0"	"0"		127	133.5	164.008590387991		"1"	"1"	"1"	"0"	"1"	"1"	"1"	"0"						"1"				"2"	"3"	"0"			
"1402"	"Glis glis"	"Glis glis"		"Myoxus glis"	"RodSciuro"	"0"	"Gebczynski et al. (1972)"	"0"	"0"		151.3	92.29	99.7953510705913	"26"	"1"	"1"	"-1"	"-1"	"0"	"1"	"0"	"1"										"4"	"4"	"0"	"1"		
"1403"	"Muscardinus avellanarius"	"Muscardinus avellanarius"		"Muscardinus avellanarius"	"RodSciuro"	"0"	"Kayser (1939)"	"0"	"0"		19.2	52.6	256.163584250287		"1"	"1"	"0"	"0"	"1"	"1"	"0"	"0"					"1"	"1"				"3"	"4"	"0"			
"1404"	"Muscardinus avellanarius"	"Muscardinus avellanarius"		"Muscardinus avellanarius"	"RodSciuro"	"0"	"Gebczynski et al. (1972)"	"0"	"0"		20.6	75.19	347.863709671859	"12"	"1"	"1"	"0"	"-1"	"0"	"1"	"0"	"0"										"4"	"4"	"0"	"1"		
"1405"	"Graphiurus ocularis"	"Graphiurus ocularis"		"Graphiurus ocularis"	"RodSciuro"	"0"	"Perrin & Ridgard (1999)"	"0"	"0"		67.8	66.24	128.591457798856	"8"	"1"	"1"	"1"	"1"	"1"	"1"	"1"	"1"										"1"	"1"	"1"	"1"	"1"	"1"
"1406"	"Graphiurus murinus"			"Graphiurus murinus"	"RodSciuro"	"0"	"Webb & Skinner (1996)"	"0"	"1"	"Sieg et al. (2009)"						"1"																		"0"			
"1407"	"Graphiurus murinus"	"Graphiurus murinus"		"Graphiurus murinus"	"RodSciuro"	"0"	"Whittington-Jones & Brown (1999)"	"0"	"0"		38.4	40.36	118.585595236499	"10"	"1"	"1"	"1"	"1"	"1"	"1"	"0"	"0"										"2"	"2"	"1"	"1"	"1"	"1"
"1408"	"Aplodontia rufa"	"Aplodontia rufa"		"Aplodontia rufa"	"RodSciuro"	"0"	"McNab (1979b)"	"0"	"0"		630	277.2	105.957623305156	"3"	"1"	"1"	"1"	"1"	"1"	"1"	"-1"	"0"										"3"	"3"	"0"	"1"		
"1409"	"Ammospermophilus leucurus"	"Citellus leucurus"		"Ammospermophilus leucurus"	"RodSciuro"	"0"	"Dawson (1955)"	"0"	"0"		79.2	102.96	178.466258707441	"4"	"1"	"1"	"1"	"0"	"1"	"-1"	"0"	"0"										"4"	"4"	"0"			
"1410"	"Ammospermophilus leucurus"	"Citellus leucurus"		"Ammospermophilus leucurus"	"RodSciuro"	"0"	"Hudson (1962)"	"0"	"0"		96.1	99	149.03493683199	"12"	"1"	"1"	"1"	"1"	"1"	"-1"	"0"	"1"										"3"	"3"	"0"			
"1411"	"Ammospermophilus leucurus"	"Ammospermophilus leucurus"		"Ammospermophilus leucurus"	"RodSciuro"	"0"	"Yousef et al. (1973)"	"0"	"0"		86	129	210.571010956874	"10"	"0"	"1"	"-1"	"1"	"0"	"-1"	"0"	"0"										"4"	"4"	"0"			"1"
"1412"	"Ammospermophilus leucurus"	"Ammospermophilus leucurus"		"Ammospermophilus leucurus"	"RodSciuro"	"0"	"Yousef et al. (1974)"	"0"	"0"		86.3	86.3	140.513214275933	"21"	"0"	"1"	"0"	"0"	"0"	"-1"	"0"	"0"						"1"				"4"	"4"	"0"			
"1413"	"Ammospermophilus leucurus"	"Ammospermophilus leucurus"		"Ammospermophilus leucurus"	"RodSciuro"	"0"	"Yousef & Johnson (1975)"	"0"	"0"		75	78	140.680267203741	"13"	"0"	"1"	"0"	"0"	"0"	"-1"	"0"	"0"						"1"				"4"	"4"	"0"			
"1414"	"Ammospermophilus leucurus"	"Ammospermophilus leucurus"		"Ammospermophilus leucurus"	"RodSciuro"	"0"	"Karasov (1981)"	"0"	"0"		89.6	68.1	107.887918863093	"8"	"0"	"1"	"1"	"1"	"-1"	"1"	"1"	"1"										"3"	"3"	"0"			
"1415"	"Ammospermophilus leucurus"	"Ammospermophilus leucurus"		"Ammospermophilus leucurus"	"RodSciuro"	"0"	"Kenagy & Vleck (1982)"	"0"	"0"		112.8	98	131.265617195308	"3"	"0"	"1"	"0"	"1"	"1"	"1"	"0"	"0"										"2"	"2"	"1"	"1"	"1"	
"1416"	"Cynomys ludovicianus"	"Cynomys ludovicianus"		"Cynomys ludovicianus"	"RodSciuro"	"0"	"Reinking et al. (1977)"	"0"	"0"		1112.3	426	107.590035229771	"12"	"1"	"1"	"1"	"1"	"0"	"1"	"1"	"0"										"2"	"2"	"1"	"1"	"1"	"1"
"1417"	"Epixerus ebii"	"Epixerus wilsoni"	"wilsoni"	"Epixerus wilsoni"	"RodSciuro"	"0"	"Hildwein (1972b)"	"0"	"0"		460	241.7	116.194195666029	"1"	"0"	"0"	"0"	"1"	"1"	"1"	"0"	"1"										"2"	"2"	"1"	"1"	"1"	"1"
"1418"	"Funisciurus congicus"	"Funisciurus congicus"		"Funisciurus congicus"	"RodSciuro"	"0"	"Viljoen (1985)"	"0"	"0"		112.3	97.7	131.28828168064	"4"	"1"	"1"	"1"	"1"	"0"	"-1"	"1"	"0"										"4"	"4"	"0"	"1"		
"1419"	"Funisciurus isabella"	"Funisciurus isabella"		"Funisciurus isabella"	"RodSciuro"	"0"	"Hildwein (1972b)"	"0"	"0"		60	102.1	216.676455919031	"1"	"0"	"0"	"-1"	"1"	"1"	"1"	"0"	"1"				"1"						"3"	"4"	"0"			
"1420"	"Funisciurus isabella"	"Funisciurus isabella"		"Funisciurus isabella"	"RodSciuro"	"0"	"Hildwein (1974)"	"0"	"0"		90	79.4	125.382220222554	"1"	"0"	"0"	"-1"	"1"	"-1"	"1"	"0"	"1"							"1"			"4"	"4"	"0"	"1"		
"1421"	"Funisciurus anerythrus"	"Funisciurus mystax"	"mystax"	"Funisciurus anerythrus"	"RodSciuro"	"0"	"Hildwein (1972b)"	"0"	"0"		63	104.2	213.406037164389	"1"	"0"	"0"	"0"	"1"	"1"	"1"	"0"	"1"				"1"						"2"	"3"	"0"			
"1422"	"Funisciurus anerythrus"	"Funisciurus anerythrus"		"Funisciurus anerythrus"	"RodSciuro"	"0"	"Hildwein (1974)"	"0"	"0"		185	127.5	119.069419857638	"1"	"0"	"0"	"0"	"1"	"-1"	"1"	"0"	"1"							"1"			"4"	"4"	"0"	"1"		
"1423"	"Funisciurus lemniscatus"	"Funisciurus lemniscatus"		"Funisciurus lemniscatus"	"RodSciuro"	"0"	"Hildwein (1972b)"	"0"	"0"		95	89.59	136.00575046699	"1"	"0"	"0"	"0"	"1"	"1"	"1"	"0"	"1"										"2"	"2"	"1"	"1"	"1"	
"1424"	"Funisciurus lemniscatus"	"Funisciurus lemniscatus"		"Funisciurus lemniscatus"	"RodSciuro"	"0"	"Hildwein (1974)"	"0"	"0"		143	168.5	189.853311527396	"1"	"0"	"0"	"0"	"1"	"-1"	"1"	"0"	"1"							"1"			"4"	"4"	"0"			"1"
"1425"	"Funisciurus pyrropus"	"Funisciurus pyrrhopus"		"Funisciurus pyrropus"	"RodSciuro"	"0"	"Hildwein (1972b)"	"0"	"0"		244	181.3	138.372205620954	"1"	"0"	"0"	"0"	"1"	"1"	"1"	"0"	"1"										"2"	"2"	"1"	"1"	"1"	
"1426"	"Funisciurus pyrropus"	"Funisciurus pyrrhopus"		"Funisciurus pyrropus"	"RodSciuro"	"0"	"Hildwein (1974)"	"0"	"0"		270	188.1	133.346878662959	"1"	"0"	"0"	"0"	"1"	"-1"	"1"	"0"	"1"							"1"			"4"	"4"	"0"			"1"
"1427"	"Glaucomys volans"	"Glaucomys volans"		"Glaucomys volans"	"RodSciuro"	"0"	"Neumann (1967)"	"0"	"0"		62.8	66.57	136.654588747266	"10"	"1"	"1"	"1"	"1"	"1"	"1"	"0"	"0"						"1"				"2"	"2"	"1"			
"1428"	"Glaucomys volans"	"Glaucomys volans"		"Glaucomys volans"	"RodSciuro"	"0"	"Pearson (1947)"	"0"	"0"		76	91.2	162.907084912661	"1"	"0"	"1"	"1"	"-1"	"1"	"1"	"0"	"0"						"1"			"1"	"4"	"4"	"0"			
"1429"	"Glaucomys volans"	"Glaucomys volans"		"Glaucomys volans"	"RodSciuro"	"0"	"Muul (1968)"	"0"	"0"		70	92.2	174.868946138275		"1"	"1"	"1"	"-1"	"1"	"1"								"1"	"1"			"3"	"4"	"0"			"1"
"1430"	"Glaucomys volans"			"Glaucomys volans"	"RodSciuro"	"0"	"Dolan (1975)"	"0"	"1"	"Stapp (1992)"	70.7	61.5	115.799479142339	"5"		"1"																		"0"			
"1431"	"Glaucomys volans"			"Glaucomys volans"	"RodSciuro"	"0"	"Dolan (1975)"	"0"	"1"	"Stapp (1992)"	62.8	65.3	134.04753860893	"7"		"1"																		"0"			
"1432"	"Glaucomys volans"			"Glaucomys volans"	"RodSciuro"	"0"	"VanVoorhes (1976)"	"0"	"1"	"Stapp (1992)"	67.1	65.09	127.318583212019	"6"		"1"																		"0"			
"1433"	"Glaucomys volans"	"Glaucomys volans"		"Glaucomys volans"	"RodSciuro"	"0"	"Stapp (1992)"	"0"	"0"		61.5	64.58	134.606590545636	"9"	"1"	"1"	"1"	"1"	"1"	"1"	"1"	"0"										"2"	"2"	"1"	"1"	"1"	
"1434"	"Glaucomys volans"	"Glaucomys volans"		"Glaucomys volans"	"RodSciuro"	"0"	"Merritt et al. (2001)"	"0"	"0"		72.7	62.5	115.313372715195	"12"	"0"	"1"	"1"	"1"	"-1"	"1"	"1"	"1"										"3"	"3"	"0"			
"1435"	"Heliosciurus rufobrachium"	"Heliosciurus rufobrachium"		"Heliosciurus rufobrachium"	"RodSciuro"	"0"	"Hildwein (1972b)"	"0"	"0"		271	162.5	114.888615301008	"2"	"0"	"0"	"0"	"1"	"1"	"1"	"0"	"0"										"2"	"2"	"1"	"1"	"1"	
"1436"	"Heliosciurus rufobrachium"	"Heliosciurus rufobrachium"		"Heliosciurus rufobrachium"	"RodSciuro"	"0"	"Hildwein (1974)"	"0"	"0"		361	269	154.307762050435	"1"	"0"	"0"	"0"	"1"	"-1"	"1"	"0"	"1"							"1"			"4"	"4"	"0"			"1"
"1437"	"Marmota flaviventris"	"Marmota flaviventris"		"Marmota flaviventris"	"RodSciuro"	"0"	"Kilgore"	"1"	"0"	"Reinking et al. (1977)"	4294.9	1560	147.149931097084		"0"	"1"																		"0"			
"1438"	"Marmota flaviventris"	"Marmota flaviventris"		"Marmota flaviventris"	"RodSciuro"	"0"	"Florant & Heller (1977)"	"0"	"0"		3760	943.8	98.0903483620699	"3"	"0"	"1"	"-1"	"-1"	"-1"	"-1"	"0"	"1"					"1"			"1"		"4"	"4"	"0"			
"1439"	"Marmota flaviventris"	"Marmota flaviventris"		"Marmota flaviventris"	"RodSciuro"	"0"	"Armitage et al. (1990)"	"0"	"0"		2790	848.2	109.574890868851	"26"	"1"	"1"	"1"	"1"	"1"	"-1"	"0"	"0"										"4"	"4"	"0"	"1"		
"1440"	"Marmota flaviventris"	"Marmota flaviventris"		"Marmota flaviventris"	"RodSciuro"	"0"	"Armitage et al. (1990)"	"0"	"0"		4200	1495	143.334489112974	"26"	"1"	"1"	"1"	"1"	"1"	"-1"	"0"	"0"										"4"	"4"	"0"			
"1441"	"Marmota marmota"	"Arctomys marmota"		"Marmota marmota"	"RodSciuro"	"0"	"Kayser (1939)"	"0"	"0"		2135	567.9	89.1659533774074	"4"	"1"	"1"	"1"	"1"	"1"	"-1"	"0"	"1"				"1"		"1"				"3"	"3"	"0"			
"1442"	"Marmota marmota"	"Arctomys marmota"		"Marmota marmota"	"RodSciuro"	"0"	"Kayser (1950)"	"0"	"0"		1868	836.9	144.843186674284	"2"	"0"	"1"	"1"	"1"	"0"	"-1"	"1"	"0"				"1"		"1"				"4"	"4"	"0"			
"1443"	"Marmota marmota"	"Marmota marmota"		"Marmota marmota"	"RodSciuro"	"0"	"Ortmann & Heldmaier (2000)"	"0"	"0"		3599	1332	142.924243273538	"9"	"1"	"1"	"1"	"1"	"-1"	"-1"	"1"	"1"							"1"			"4"	"4"	"0"	"1"		
"1444"	"Marmota monax"	"marmot"		"Marmota monax"	"RodSciuro"	"0"	"Benedict (1938)"	"0"	"0"		2650	651	87.3158305385658	"27"	"0"	"0"	"1"	"1"	"1"	"0"	"1"	"1"										"2"	"2"	"1"	"1"	"1"	
"1445"	"Marmota monax"	"woodchucks"		"Marmota monax"	"RodSciuro"	"0"	"Rawson et al. (1998)"	"0"	"0"		3600	1577	169.178594699026	"6"	"0"	"0"	"-1"	"1"	"-1"	"-1"	"1"	"1"										"4"	"4"	"0"			"1"
"1446"	"Paraxerus cepapi"	"Paraxerus cepapi"		"Paraxerus cepapi"	"RodSciuro"	"0"	"Viljoen (1985)"	"0"	"0"		223.6	145.4	118.265400746247	"4"	"1"	"1"	"1"	"1"	"0"	"-1"	"1"	"0"										"4"	"4"	"0"	"1"		
"1447"	"Paraxerus palliatus"	"Paraxerus palliatus tongensis"	"bridgemani"	"Paraxerus palliatus"	"RodSciuro"	"0"	"Viljoen (1985)"	"0"	"0"		206	179.2	154.734460318481	"4"	"1"	"1"	"1"	"1"	"0"	"-1"	"1"	"0"										"4"	"4"	"0"	"1"		
"1448"	"Paraxerus palliatus"	"Paraxerus palliatus ornatus"	"ornatus"	"Paraxerus palliatus"	"RodSciuro"	"0"	"Viljoen (1985)"	"0"	"0"		366.6	263.9	149.692943851412	"4"	"1"	"1"	"1"	"1"	"-1"	"-1"	"1"	"0"										"4"	"4"	"0"			
"1449"	"Paraxerus poensis"	"Aethosciurus poensis"		"Paraxerus poensis"	"RodSciuro"	"0"	"Hildwein (1974)"	"0"	"0"		97	127.5	190.639036037761	"1"	"0"	"0"	"-1"	"1"	"-1"	"1"	"0"	"1"							"1"			"4"	"4"	"0"	"1"		
"1450"	"Protoxerus stangeri"	"Protoxerus stangeri"		"Protoxerus stangeri"	"RodSciuro"	"0"	"Hildwein (1974)"	"0"	"0"		696	434.2	154.342640638911	"1"	"0"	"0"	"0"	"1"	"-1"	"1"	"0"	"1"							"1"			"4"	"4"	"0"	"1"		
"1451"	"Sciurus aberti"	"Sciurus aberti"		"Sciurus aberti"	"RodSciuro"	"0"	"Golightly & Ohmart (1978)"	"0"	"0"		624	430.6	165.745864983227	"3"	"1"	"1"	"1"	"0"	"1"	"-1"	"0"	"0"										"4"	"4"	"0"	"1"		
"1452"	"Sciurus carolinensis"	"Sciurus carolinensis"		"Sciurus carolinensis"	"RodSciuro"	"0"	"Bolls & Perfect (1972)"	"0"	"0"		440	369.6	183.532594588017	"18"	"0"	"0"	"0"	"1"	"-1"	"-1"	"1"	"1"					"1"					"4"	"4"	"0"	"1"		
"1453"	"Sciurus variegatoides"	"Sciurus variegatoides"		"Sciurus variegatoides"	"RodSciuro"	"0"	"Enger (1957)"	"0"	"0"		130	178	214.987664263915	"1"	"1"	"1"	"1"	"1"	"0"	"-1"	"0"	"0"							"1"	"1"		"4"	"4"	"0"	"1"		
"1454"	"Spermophilus armatus"	"Citellus armatus"		"Spermophilus armatus"	"RodSciuro"	"0"	"Hudson et al. (1972)"	"0"	"0"		306.2	165.6	107.107724896327	"11"	"0"	"0"	"1"	"1"	"1"	"1"	"0"	"0"										"2"	"2"	"1"	"1"	"1"	
"1455"	"Spermophilus armatus"	"Spermophilus armatus"		"Spermophilus armatus"	"RodSciuro"	"0"	"Hudson & Deavers (1973a, b)"	"0"	"0"		307	190.3	122.849432729006	"5"	"0"	"0"	"1"	"1"	"1"	"-1"	"0"	"0"										"4"	"4"	"0"			"1"
"1456"	"Spermophilus beecheyi"	"Spermophilus beecheyi"		"Spermophilus beecheyi"	"RodSciuro"	"0"	"Baudinette (1972)"	"0"	"0"		402.3	217.2	115.133336385697	"10"	"1"	"1"	"1"	"1"	"1"	"1"	"0"	"0"				"1"		"1"				"2"	"3"	"0"	"1"		
"1457"	"Spermophilus beldingi"	"Citellus beldingi"		"Spermophilus beldingi"	"RodSciuro"	"0"	"Hudson et al. (1972)"	"0"	"0"		283.3	153.2	104.86468468669	"4"	"0"	"0"	"1"	"1"	"1"	"1"	"0"	"0"										"2"	"2"	"1"	"1"	"1"	
"1458"	"Spermophilus beldingi"	"Spermophilus beldingi"		"Spermophilus beldingi"	"RodSciuro"	"0"	"Hudson & Deavers (1973a, b)"	"0"	"0"		289.8	159.4	107.319055058681	"3"	"0"	"0"	"1"	"1"	"1"	"-1"	"0"	"0"										"4"	"4"	"0"			"1"
"1459"	"Spermophilus citellus"	"Citellus citellus, Spermophilus"		"Spermophilus citellus"	"RodSciuro"	"0"	"Kayser (1939)"	"0"	"0"		243	239.4	183.263263238444	"2"	"0"	"0"	"-1"	"1"	"1"	"-1"	"1"	"0"						"1"			"1"	"4"	"4"	"0"	"1"		
"1460"	"Spermophilus dauricus"	"Spermophilus dauricus"		"Spermophilus dauricus"	"RodSciuro"	"0"	"Li et al. (2001)"	"0"	"0"		347	182.4	107.691862920995	"5"	"0"	"0"	"-1"	"1"	"0"	"-1"	"0"	"0"						"1"				"4"	"4"	"0"	"1"		
"1461"	"Spermophilus franklinii"	"Spermophilus franklinii"		"Spermophilus franklinii"	"RodSciuro"	"0"	"Haberman & Fleharty (1971)"	"0"	"0"		607	388.5	152.582494324719	"6"	"1"	"1"	"1"	"1"	"0"	"-1"	"0"	"0"										"4"	"4"	"0"	"1"		
"1462"	"Spermophilus lateralis"	"Citellus lateralis"		"Spermophilus lateralis"	"RodSciuro"	"0"	"Hudson et al. (1972)"	"0"	"0"		260.2	129.5	94.3124431291411	"3"	"0"	"0"	"1"	"1"	"1"	"1"	"0"	"0"										"2"	"2"	"1"	"1"	"1"	
"1463"	"Spermophilus lateralis"	"Spermophilus lateralis"		"Spermophilus lateralis"	"RodSciuro"	"0"	"Hudson & Deavers (1973a, b)"	"0"	"0"		278.7	200.7	139.027516589649	"5"	"0"	"0"	"1"	"1"	"1"	"-1"	"0"	"0"										"4"	"4"	"0"			
"1464"	"Spermophilus lateralis"	"Spermophilus lateralis"		"Spermophilus lateralis"	"RodSciuro"	"0"	"Yousef et al. (1974)"	"0"	"0"		156.6	227.1	239.481619104969	"13"	"0"	"0"	"1"	"0"	"0"	"-1"	"0"	"0"						"1"				"4"	"4"	"0"			
"1465"	"Spermophilus lateralis"	"Spermophilus lateralis"		"Spermophilus lateralis"	"RodSciuro"	"0"	"Yousef & Johnson (1975)"	"0"	"0"		170.5	242.1	239.95287447023	"11"	"0"	"0"	"-1"	"0"	"0"	"-1"	"0"	"0"						"1"				"4"	"4"	"0"			"1"
"1466"	"Spermophilus lateralis"	"Citellus lateralis"		"Spermophilus lateralis"	"RodSciuro"	"0"	"Snapp & Heller (1981)"	"0"	"0"		229	144	115.106717237725	"4"	"0"	"0"	"0"	"1"	"0"	"-1"	"0"	"0"					"1"			"1"		"4"	"4"	"0"			
"1467"	"Spermophilus mexicanus"			"Spermophilus mexicanus"	"RodSciuro"	"0"	"Neumann & Cade (1965)"	"0"	"1"	"Sieg et al. (2009)"	199	278.6	246.703585968752			"0"																		"0"	"1"		
"1468"	"Spermophilus mohavensis"	"Citellus mohavensis"		"Spermophilus mohavensis"	"RodSciuro"	"0"	"Hudson et al. (1972)"	"0"	"0"		239.5	111.3	86.107243124333	"7"	"0"	"0"	"1"	"1"	"1"	"1"	"0"	"0"										"2"	"2"	"1"	"1"	"1"	
"1469"	"Spermophilus mohavensis"	"Citellus mohavensis"		"Spermophilus mohavensis"	"RodSciuro"	"0"	"Bartholomew & Hudson (1960)"	"0"	"0"		259	216.8	158.424371439276	"4"	"0"	"0"	"0"	"1"	"1"	"-1"	"0"	"1"										"3"	"3"	"0"			"1"
"1470"	"Spermophilus undulatus"	"Citellus undulatus"		"Spermophilus undulatus"	"RodSciuro"	"0"	"Hock (1960)"	"0"	"0"		500	525	237.502624489758	">12"	"1"	"1"	"1"	"0"	"-1"	"0"	"0"	"0"							"1"	"1"		"4"	"4"	"0"			
"1471"	"Spermophilus undulatus"	"Citellus undulatus"		"Spermophilus undulatus"	"RodSciuro"	"0"	"Casey et al. (1979)"	"0"	"0"		680	588	212.586935531837	"3"	"1"	"1"	"1"	"0"	"-1"	"-1"	"0"	"0"						"1"				"4"	"4"	"0"	"1"		
"1472"	"Spermophilus parryii"	"Citellus parryii"		"Spermophilus parryii"	"RodSciuro"	"0"	"Scholander et al. (1950)"	"0"	"0"		964	572.9	160.599765714605	"5"	"1"	"1"	"1"	"0"	"1"	"1"	"0"	"0"						"1"				"2"	"3"	"0"			
"1473"	"Spermophilus parryii"	"Citellus parryi"		"Spermophilus parryii"	"RodSciuro"	"0"	"Erikson (1956)"	"0"	"0"		998	848	231.786389453658	"6"	"1"	"1"	"1"	"0"	"-1"	"-1"	"0"	"0"						"1"				"4"	"4"	"0"			"1"
"1474"	"Spermophilus parryii"	"Urocitellus parryii"		"Spermophilus parryii"	"RodSciuro"	"0"	"Sheriff et al. (2013)"	"0"	"0"		565.6	397.5	164.367527630867	"32"	"0"	"1"	"1"	"1"	"1"	"1"	"1"	"1"					"1"					"1"	"2"	"1"	"1"	"1"	
"1475"	"Spermophilus richardsonii"	"Citellus richardsoni"		"Spermophilus richardsonii"	"RodSciuro"	"0"	"Hudson et al. (1972)"	"0"	"0"		258.8	130.1	95.1227911505363	"10"	"0"	"0"	"1"	"1"	"1"	"1"	"0"	"0"										"2"	"2"	"1"	"1"	"1"	
"1476"	"Spermophilus richardsonii"	"Spermophilus richardsoni"		"Spermophilus richardsonii"	"RodSciuro"	"0"	"Hudson & Deavers (1973a, b)"	"0"	"0"		252.3	161.5	120.290988540671	"10"	"0"	"0"	"1"	"1"	"1"	"-1"	"0"	"0"										"4"	"4"	"0"			"1"
"1477"	"Spermophilus saturatus"	"Spermophilus saturatus"		"Spermophilus saturatus"	"RodSciuro"	"0"	"Kenagy & Vleck (1982)"	"0"	"0"		252.2	163	121.443334236889	"3"	"0"	"0"	"1"	"1"	"1"	"1"	"0"	"0"										"2"	"2"	"1"	"1"	"1"	"1"
"1478"	"Spermophilus spilosoma"	"Citellus spilosoma"		"Spermophilus spilosoma"	"RodSciuro"	"0"	"Hudson et al. (1972)"	"0"	"0"		148.8	88.6	96.9760360002349	"11"	"0"	"0"	"1"	"1"	"1"	"1"	"0"	"0"										"2"	"2"	"1"	"1"	"1"	
"1479"	"Spermophilus spilosoma"	"Spermophilus spilosoma"		"Spermophilus spilosoma"	"RodSciuro"	"0"	"Hudson & Deavers (1973b)"	"0"	"0"		180.3	111.8	106.384697157203	"6"	"0"	"0"	"1"	"1"	"1"	"-1"	"0"	"0"										"4"	"4"	"0"			
"1480"	"Spermophilus spilosoma"	"Spermophilus spilosoma"		"Spermophilus spilosoma"	"RodSciuro"	"0"	"Hudson & Deavers (1973a)"	"0"	"0"		184.1	114.1	106.934951169112	"11"	"0"	"0"	"1"	"1"	"1"	"1"	"0"	"0"										"2"	"2"	"1"			"1"
"1481"	"Spermophilus tereticaudus"	"Citellus tereticaudus"		"Spermophilus tereticaudus"	"RodSciuro"	"0"	"Taylor et al. (1970)"	"0"	"0"		236	266.7	208.558746715427	"3"	"0"	"1"	"-1"	"1"	"0"	"-1"	"1"	"0"										"4"	"4"	"0"			"1"
"1482"	"Spermophilus tereticaudus"	"Citellus tereticaudus"		"Spermophilus tereticaudus"	"RodSciuro"	"0"	"Hudson et al. (1972)"	"0"	"0"		167.2	93.6	94.1011321401811	"10"	"0"	"1"	"1"	"1"	"1"	"1"	"0"	"0"										"2"	"2"	"1"	"1"	"1"	
"1483"	"Spermophilus tereticaudus"	"Spermophilus tereticaudus"		"Spermophilus tereticaudus"	"RodSciuro"	"0"	"Yousef et al. (1974)"	"0"	"0"		116.9	74.82	97.6425624323395	"21"	"0"	"1"	"1"	"0"	"0"	"-1"	"0"	"0"						"1"				"4"	"4"	"0"			
"1484"	"Spermophilus tereticaudus"	"Spermophilus tereticaudus"		"Spermophilus tereticaudus"	"RodSciuro"	"0"	"Yousef & Johnson (1975)"	"0"	"0"		90.8	59.93	94.028159853577	"11"	"0"	"1"	"0"	"0"	"0"	"-1"	"0"	"0"						"1"				"4"	"4"	"0"			
"1485"	"Spermophilus tereticaudus"	"Spermophilus tereticaudus"		"Spermophilus tereticaudus"	"RodSciuro"	"0"	"Wooden & Walsberg (2002)"	"0"	"0"		131.4	84.5	101.264898223192	"11"	"1"	"1"	"1"	"1"	"1"	"1"	"0"	"1"										"2"	"2"	"1"			
"1486"	"Spermophilus townsendii"	"Citellus townsendi"		"Spermophilus townsendii"	"RodSciuro"	"0"	"Hudson et al. (1972)"	"0"	"0"		198.7	114.4	101.414025585256	"8"	"0"	"0"	"1"	"1"	"1"	"1"	"0"	"0"										"2"	"2"	"1"	"1"	"1"	
"1487"	"Spermophilus townsendii"	"Spermophilus townsendi"		"Spermophilus townsendii"	"RodSciuro"	"0"	"Hudson & Deavers (1973a, b)"	"0"	"0"		231	129.4	102.782549447103	"6"	"0"	"0"	"1"	"1"	"1"	"-1"	"0"	"0"										"4"	"4"	"0"			"1"
"1488"	"Spermophilus tridecemlineatus"	"Citellus tridecemlineatus"		"Spermophilus tridecemlineatus"	"RodSciuro"	"0"	"Pohl & Hart (1965)"	"0"	"0"		202	252.1	220.815695781497	"3"	"0"	"1"	"1"	"-1"	"0"	"-1"	"0"	"0"					"1"					"4"	"4"	"0"			"1"
"1489"	"Spermophilus tridecemlineatus"	"Citellus tridecemlineatus"		"Spermophilus tridecemlineatus"	"RodSciuro"	"0"	"Hudson et al. (1972)"	"0"	"0"		182.3	104.5	98.641814366882	"11"	"0"	"1"	"1"	"1"	"1"	"1"	"0"	"0"										"2"	"2"	"1"	"1"	"1"	
"1490"	"Spermophilus tridecemlineatus"	"Spermophilus tridecemlineatus"		"Spermophilus tridecemlineatus"	"RodSciuro"	"0"	"Maclean (1981)"	"0"	"0"		233.8	181	142.511257497686	"8"	"1"	"1"	"1"	"1"	"0"	"-1"	"0"	"0"										"4"	"4"	"0"			
"1491"	"Tamias alpinus"	"Eutamias alpinus"		"Tamias alpinus"	"RodSciuro"	"0"	"Heller & Gates (1971)"	"0"	"0"		39.1	57.87	167.808853054619	"6"	"1"	"1"	"1"	"1"	"1"	"-1"	"0"	"0"										"4"	"4"	"0"	"1"		
"1492"	"Tamias amoenus"	"Eutamias amoenus"		"Tamias amoenus"	"RodSciuro"	"0"	"Kenagy & Vleck (1982)"	"0"	"0"		52.7	76.6	178.684579309675	"3"	"0"	"1"	"0"	"1"	"1"	"1"	"0"	"0"										"2"	"2"	"1"	"1"	"1"	
"1493"	"Tamias amoenus"	"Eutamias amoenus"		"Tamias amoenus"	"RodSciuro"	"0"	"Heller & Gates (1971)"	"0"	"0"		42.4	70.38	192.379058908683	"7"	"1"	"1"	"1"	"1"	"1"	"-1"	"0"	"0"										"4"	"4"	"0"			
"1494"	"Tamias amoenus"	"Eutamias amoenus luteiventris"	"luteiventris"	"Tamias amoenus"	"RodSciuro"	"0"	"Jones & Wang (1976)"	"0"	"0"		57.3	96.84	212.529051600137	"54"	"1"	"1"	"1"	"1"	"1"	"0"	"0"	"0"										"2"	"2"	"1"			"1"
"1495"	"Tamias merriami"	"Eutamias merriami"		"Tamias merriami"	"RodSciuro"	"0"	"Wunder (1970)"	"0"	"0"		75	78.8	142.123141739164	"10"	"1"	"1"	"1"	"1"	"-1"	"-1"	"0"	"0"										"4"	"4"	"0"	"1"		
"1496"	"Tamias minimus"	"Eutamias minimus"		"Tamias minimus"	"RodSciuro"	"0"	"Kenagy & Vleck (1982)"	"0"	"0"		33.5	51.3	166.501420734477	"4"	"0"	"1"	"0"	"1"	"1"	"1"	"0"	"0"										"2"	"2"	"1"	"1"	"1"	
"1497"	"Tamias minimus"	"Eutamias minimus"		"Tamias minimus"	"RodSciuro"	"0"	"Heller & Gates (1971)"	"0"	"0"		35.2	55.62	174.124397100628	"10"	"1"	"1"	"1"	"1"	"1"	"-1"	"0"	"0"										"4"	"4"	"0"			
"1498"	"Tamias minimus"	"Eutamias minimus borealis"	"borealis"	"Tamias minimus"	"RodSciuro"	"0"	"Jones & Wang (1976)"	"0"	"0"		49.3	87.75	214.891859455948	"25"	"1"	"1"	"1"	"1"	"1"	"0"	"0"	"0"										"2"	"2"	"1"			"1"
"1499"	"Tamias minimus"	"Eutamias minimus oreocetes"	"oreocetes"	"Tamias minimus"	"RodSciuro"	"0"	"Jones & Wang (1976)"	"0"	"0"		45.8	75.11	194.081916186643	"62"	"1"	"1"	"1"	"1"	"1"	"0"	"0"	"0"										"2"	"2"	"1"			
"1500"	"Tamias minimus"	"Eutamias minimus operarius"	"operarius"	"Tamias minimus"	"RodSciuro"	"0"	"Jones & Wang (1976)"	"0"	"0"		44.8	67.2	176.459824802175	"33"	"1"	"1"	"1"	"1"	"1"	"0"	"0"	"0"										"2"	"2"	"1"			
"1501"	"Tamias minimus"	"Eutamias minimus"		"Tamias minimus"	"RodSciuro"	"0"	"Willems & Armitage (1975)"	"0"	"0"		47.8	56.88	142.467201649867	"9"	"1"	"1"	"1"	"0"	"1"	"1"	"0"	"0"										"2"	"2"	"1"			
"1502"	"Tamias minimus"	"Eutamias minimus"		"Tamias minimus"	"RodSciuro"	"0"	"Willems & Armitage (1975)"	"0"	"0"		53.4	53.4	123.373510805889	"9"	"1"	"1"	"1"	"0"	"1"	"1"	"0"	"0"										"2"	"2"	"1"			
"1503"	"Tamias palmeri"	"Eutamias palmeri"		"Tamias palmeri"	"RodSciuro"	"0"	"Yousef et al. (1974)"	"0"	"0"		69.4	113.1	215.858817600528	"8"	"0"	"0"	"0"	"0"	"0"	"-1"	"0"	"0"						"1"				"4"	"4"	"0"	"1"		
"1504"	"Tamias speciosus"	"Eutamias speciosus"		"Tamias speciosus"	"RodSciuro"	"0"	"Heller & Gates (1971)"	"0"	"0"		70.7	104.6	196.953260459977	"13"	"1"	"1"	"1"	"1"	"1"	"-1"	"0"	"0"										"4"	"4"	"0"	"1"		
"1505"	"Tamias striatus"	"Tamias striatus"		"Tamias striatus"	"RodSciuro"	"0"	"Neumann (1967)"	"0"	"0"		107	133.8	186.248842490897	"14"	"1"	"1"	"1"	"1"	"1"	"1"	"0"	"0"						"1"				"2"	"2"	"1"			"1"
"1506"	"Tamias striatus"	"Tamias striatus"		"Tamias striatus"	"RodSciuro"	"0"	"Wang & Hudson (1971)"	"0"	"0"		87.4	90	145.190739720169	"13"	"1"	"1"	"1"	"1"	"1"	"1"	"0"	"0"										"2"	"2"	"1"	"1"	"1"	
"1507"	"Tamias striatus"	"Tamias striatus"		"Tamias striatus"	"RodSciuro"	"0"	"Levesque (2008)"	"0"	"0"		100	113	165.248180516664	"9"	"1"	"1"	"1"	"1"	"1"	"1"	"1"	"1"							"1"			"1"	"2"	"1"			
"1508"	"Tamias striatus"	"Tamias striatus"		"Tamias striatus"	"RodSciuro"	"0"	"Levesque & Tattersall (2010)"	"0"	"0"		100	113.1	165.394417844555	"9"	"1"	"1"	"1"	"1"	"1"	"1"	"0"	"0"								"1"		"2"	"2"	"1"			
"1509"	"Tamias striatus"	"Tamias striatus"		"Tamias striatus"	"RodSciuro"	"0"	"Careau et al. (2013)"	"0"	"0"		90.8	116.5	182.784592406837	"204"	"0"	"1"	"1"	"1"	"-1"	"1"	"1"	"-1"										"4"	"4"	"0"			
"1510"	"Tamiasciurus hudsonicus"	"Tamiasciurus hudsonicus preblei"	"preblei"	"Tamiasciurus hudsonicus"	"RodSciuro"	"0"	"Irving et al. (1955)"	"0"	"0"		175	297.5	289.314683235276	"2"	"1"	"1"	"-1"	"1"	"0"	"-1"	"1"	"0"										"4"	"4"	"0"			"1"
"1511"	"Tamiasciurus hudsonicus"	"Tamiasciurus hudsonicus"		"Tamiasciurus hudsonicus"	"RodSciuro"	"0"	"Pauls (1981)"	"0"	"0"		268	246.6	175.76850152636	"5"	"1"	"1"	"1"	"1"	"0"	"1"	"1"	"1"					"1"					"2"	"2"	"1"	"1"	"1"	
"1512"	"Tamiasciurus hudsonicus"	"Tamiasciurus hudsonicus"		"Tamiasciurus hudsonicus"	"RodSciuro"	"0"	"Larivée et al. (2010)"	"0"	"0"		242.9	371.3	284.319426067039	"27"	"0"	"1"	"1"	"1"	"0"	"1"	"-1"	"1"										"3"	"3"	"0"			
"1513"	"Xerus inauris"	"Xerus inauris"		"Xerus inauris"	"RodSciuro"	"0"	"Haim et al. (1987)"	"0"	"0"		528	317.9	138.212919652674	"7"	"1"	"1"	"1"	"1"	"0"	"-1"	"0"	"1"										"4"	"4"	"0"	"1"		
"1514"	"Xerus inauris"	"Xerus inauris"		"Xerus inauris"	"RodSciuro"	"0"	"Scantlebury et al. (2007)"	"0"	"0"		578	341.8	139.118506614398	"18"	"0"	"1"	"1"	"1"	"-1"	"-1"	"0"	"1"										"4"	"4"	"0"			
"1515"	"Xerus princeps"	"Xerus princeps"		"Xerus princeps"	"RodSciuro"	"0"	"Haim et al. (1987)"	"0"	"0"		608	343.5	134.747052776855	"7"	"1"	"1"	"1"	"1"	"0"	"-1"	"0"	"1"										"4"	"4"	"0"	"1"		
"1516"	"Cabassous centralis"	"Cabassous centralis"		"Cabassous centralis"	"Cingulata"	"0"	"McNab (1980)"	"0"	"0"		3810	811.5	83.5319192058066	"3"	"1"	"1"	"1"	"1"	"1"	"1"	"0"	"0"										"2"	"2"	"1"	"1"	"1"	"1"
"1517"	"Chaetophractus nationi"	"Chaetophractus nationi"		"Chaetophractus nationi"	"Cingulata"	"0"	"McNab (1980)"	"0"	"0"		2150	559	87.3217465249235	"2"	"1"	"1"	"1"	"1"	"1"	"1"	"0"	"0"										"2"	"2"	"1"	"1"	"1"	"1"
"1518"	"Chaetophractus vellerosus"	"Chaetophractus vellerosus"		"Chaetophractus vellerosus"	"Cingulata"	"0"	"McNab (1980)"	"0"	"0"		1110	306.4	77.5008654483216	"2"	"1"	"1"	"1"	"1"	"1"	"1"	"0"	"0"										"2"	"2"	"1"	"1"	"1"	"1"
"1519"	"Chaetophractus villosus"	"Chaetophractus villosus"		"Chaetophractus villosus"	"Cingulata"	"0"	"McNab (1980)"	"0"	"0"		4540	808.1	73.2031269630686	"2"	"1"	"1"	"1"	"1"	"1"	"1"	"0"	"0"										"2"	"2"	"1"	"1"	"1"	"1"
"1520"	"Dasypus novemcinctus"	"Tatusia novemcincta"		"Dasypus novemcinctus"	"Cingulata"	"0"	"Ozorio de Almeida & de A. Fialho (1924b)"	"0"	"0"		3687	1626	171.424963945832	"1"	"0"	"1"	"-1"	"0"	"0"	"1"	"0"	"0"						"1"			"1"	"4"	"4"	"0"			"1"
"1521"	"Dasypus novemcinctus"	"Dasypus novemcinctus"		"Dasypus novemcinctus"	"Cingulata"	"0"	"Enger (1957)"	"0"	"0"		1800	520	92.46298937062	"1"	"1"	"1"	"0"	"1"	"-1"	"1"	"-1"	"0"				"1"			"1"	"1"		"4"	"4"	"0"			
"1522"	"Dasypus novemcinctus"	"Dasypus novemcinctus mexicanus"	"mexicanus"	"Dasypus novemcinctus"	"Cingulata"	"0"	"Johansen (1961)"	"0"	"0"		3700	881	92.6435299535834	"13"	"1"	"1"	"1"	"1"	"-1"	"1"	"1"	"0"							"1"			"3"	"3"	"0"			
"1523"	"Dasypus novemcinctus"	"Dasypus novemcinctus"		"Dasypus novemcinctus"	"Cingulata"	"0"	"McNab (1980)"	"0"	"0"		3320	806.8	91.8151756451201	"5"	"1"	"1"	"1"	"1"	"1"	"1"	"0"	"0"				"1"						"2"	"3"	"0"			
"1524"	"Dasypus novemcinctus"	"Dasypus novemcinctus"		"Dasypus novemcinctus"	"Cingulata"	"0"	"Boily (2002)"	"0"	"0"		4180	779.7	75.0150266099522	"40"	"0"	"1"	"1"	"1"	"1"	"1"	"1"	"0"										"2"	"2"	"1"	"1"	"1"	
"1525"	"Dasypus sabanicola"	"Dasypus sabanicola"		"Dasypus sabanicola"	"Cingulata"	"0"	"Fergusson-Laguna (1981)"	"0"	"0"		1380	310.9	67.0976192583991	"16"	"0"	"0"	"0"	"1"	"1"	"1"	"1"	"0"						"1"				"2"	"2"	"1"	"1"	"1"	"1"
"1526"	"Euphractus sexcinctus"	"Euphractus sexcinctus"		"Euphractus sexcinctus"	"Cingulata"	"0"	"McNab (1980)"	"0"	"0"		8190	1237	72.8859767384259	"2"	"1"	"1"	"1"	"1"	"1"	"1"	"0"	"0"										"2"	"2"	"1"	"1"	"1"	"1"
"1527"	"Priodontes maximus"	"Priodontes maximus"		"Priodontes maximus"	"Cingulata"	"0"	"McNab (1980)"	"0"	"0"		45190	3028	51.367478384602	"1"	"1"	"1"	"1"	"1"	"1"	"1"	"0"	"0"										"2"	"2"	"1"	"1"	"1"	"1"
"1528"	"Tolypeutes matacus"	"Tolypeutes matacus"		"Tolypeutes matacus"	"Cingulata"	"0"	"McNab (1980)"	"0"	"0"		1160	210	51.4384251233798	"4"	"1"	"1"	"1"	"1"	"1"	"1"	"0"	"0"										"2"	"2"	"1"	"1"	"1"	"1"
"1529"	"Zaedyus pichiy"	"Zaedyus pichiy"		"Zaedyus pichiy"	"Cingulata"	"0"	"McNab (1980)"	"0"	"0"		1740	393.2	71.6657004594812	"3"	"1"	"1"	"1"	"1"	"1"	"1"	"0"	"0"										"2"	"2"	"1"	"1"	"1"	"1"
"1530"	"Bradypus tridactylus"	"Bradipus tridactylus"		"Bradypus tridactylus"	"Pilosa"	"0"	"Ozorio de Almeida & de A. Fialho (1924a)"	"0"	"0"		3746	580.6	60.506825444361	"1"	"0"	"0"	"0"	"1"	"-1"	"0"	"0"	"0"	"1"					"1"				"4"	"4"	"0"	"1"		
"1531"	"Bradypus variegatus"		"ephippiger"	"Bradypus variegatus"	"Pilosa"	"0"	"Irving et al. (1942)"	"0"	"1"	"Scholander et al. (1950)"	3100	520.8	62.305522672577	"1"		"1"	"1"	"0"	"1"	"1"	"0"	"0"							"1"		"1"	"2"	"3"	"0"			"1"
"1532"	"Bradypus variegatus"	"Bradypus griseus griseus"	"ephippiger"	"Bradypus variegatus"	"Pilosa"	"0"	"Enger (1957)"	"0"	"0"		3400	677	75.7179384447261	"2"	"1"	"1"	"0"	"1"	"-1"	"1"	"0"	"0"	"1"						"1"	"1"		"4"	"4"	"0"			
"1533"	"Bradypus variegatus"	"Bradypus griseus"		"Bradypus variegatus"	"Pilosa"	"0"	"McNab (1978a)"	"0"	"0"		3790	686	70.8850050267054	"10"	"1"	"1"	"1"	"1"	"1"	"1"	"0"	"0"										"2"	"2"	"1"	"1"	"1"	
"1534"	"Cyclopes didactylus"	"Cyclopes didactylus"		"Cyclopes didactylus"	"Pilosa"	"0"	"McNab"	"1"	"0"	"McNab (1970)"	185	107.3	100.205088240977		"0"	"1"																		"0"			"1"
"1535"	"Cyclopes didactylus"	"Cyclopes didactylus"		"Cyclopes didactylus"	"Pilosa"	"0"	"McNab (1984)"	"0"	"0"		240	114.5	88.4483497442334	"3"	"1"	"1"	"1"	"1"	"1"	"1"	"1"	"1"										"1"	"1"	"1"	"1"	"1"	
"1536"	"Choloepus hoffmanni"	"Choloepus hoffmanni"		"Choloepus hoffmanni"	"Pilosa"	"0"	"Scholander et al. (1950)"	"0"	"0"		3770	616.3	63.9289492425154	"1"	"1"	"1"	"1"	"0"	"1"	"1"	"0"	"0"				"1"		"1"	"1"			"2"	"3"	"0"			"1"
"1537"	"Choloepus hoffmanni"	"Choloepus hoffmanni"		"Choloepus hoffmanni"	"Pilosa"	"0"	"McNab (1978a)"	"0"	"0"		4250	799	75.9468021804904	"3"	"1"	"1"	"1"	"1"	"1"	"1"	"0"	"0"				"1"						"2"	"2"	"1"	"1"	"1"	
"1538"	"Myrmecophaga tridactyla"	"Myrmecophaga tridactyla"		"Myrmecophaga tridactyla"	"Pilosa"	"0"	"McNab (1984)"	"0"	"0"		30600	2601	58.628350445812	"1"	"1"	"1"	"1"	"1"	"1"	"1"	"1"	"1"										"1"	"1"	"1"	"1"	"1"	"1"
"1539"	"Tamandua mexicana"	"Tamandua tetradactyla"		"Tamandua mexicana"	"Pilosa"	"0"	"Enger (1957)"	"0"	"0"		3500	910	99.6492491895023	"1"	"0"	"1"	"0"	"1"	"-1"	"1"	"0"	"0"	"1"						"1"	"1"	"1"	"4"	"4"	"0"			
"1540"	"Tamandua mexicana"	"Tamandua mexicana"		"Tamandua mexicana"	"Pilosa"	"0"	"McNab (1984)"	"0"	"0"		4210	850.4	81.3916488313269	"3"	"1"	"1"	"1"	"1"	"1"	"1"	"1"	"1"			"1"							"1"	"3"	"0"	"1"		
"1541"	"Tamandua tetradactyla"	"Tamandua tetradactyla"		"Tamandua tetradactyla"	"Pilosa"	"0"	"McNab (1984)"	"0"	"0"		3500	885.5	96.9663847882465	"2"	"1"	"1"	"1"	"1"	"1"	"1"	"0"	"1"				"1"						"2"	"2"	"1"	"1"	"1"	"1"
"1542"	"Antechinomys laniger"	"Antechinomys spenceri"		"Sminthopsis laniger"	"Dasyuro"	"0"	"MacMillen & Nelson (1969)"	"0"	"0"		24.2	23.72	97.5824068619724	"3"	"0"	"1"	"1"	"1"	"1"	"1"	"0"	"0"										"2"	"2"	"1"	"1"	"1"	
"1543"	"Antechinomys laniger"	"Antechinomys laniger"		"Sminthopsis laniger"	"Dasyuro"	"0"	"Geiser (1986)"	"0"	"0"		27.4	26.85	100.897956985986	"4"	"1"	"1"	"1"	"1"	"0"	"1"	"1"	"1"										"2"	"2"	"1"			"1"
"1544"	"Antechinus flavipes"	"Antechinus flavipes"		"Antechinus flavipes"	"Dasyuro"	"0"	"Geiser (1985)"	"0"	"0"		26	12.5	48.8036928496978	"1"	"1"	"1"	"-1"	"-1"	"1"	"1"	"0"	"0"										"4"	"4"	"0"			
"1545"	"Antechinus flavipes"	"Antechinus flavipes"		"Antechinus flavipes"	"Dasyuro"	"0"	"Geiser (1988)"	"0"	"0"		45	45	117.781975454093	"7"	"1"	"1"	"-1"	"-1"	"1"	"1"	"1"	"0"										"4"	"4"	"0"	"1"		
"1546"	"Antechinus stuartii"	"Antechinus stuartii"		"Antechinus stuartii"	"Dasyuro"	"0"	"MacMillen & Nelson (1969)"	"0"	"0"		22.1	33.81	148.607745661433	"2"	"0"	"1"	"1"	"1"	"1"	"1"	"0"	"1"										"2"	"2"	"1"			"1"
"1547"	"Antechinus stuartii"	"Antechinus stuartii"		"Antechinus stuartii"	"Dasyuro"	"0"	"Dawson & Hulbert (1970)"	"0"	"0"		36.5	36.6	111.590655849356	"6"	"0"	"1"	"0"	"1"	"1"	"1"	"1"	"0"										"2"	"2"	"1"	"1"	"1"	
"1548"	"Antechinus stuartii"	"Antechinus stuartii"		"Antechinus stuartii"	"Dasyuro"	"0"	"Wallis (1976)"	"0"	"0"		25	32.5	130.569979976023	"8"	"1"	"1"	"0"	"1"	"1"	"1"	"1"	"1"										"2"	"2"	"1"			
"1549"	"Antechinus swainsonii"	"Antechinus swainsonii"		"Antechinus swainsonii"	"Dasyuro"	"0"	"Chappell & Dawson (1994)"	"0"	"0"		66.9	63.82	125.106364172939	"6"	"0"	"0"	"1"	"1"	"1"	"1"	"0"	"0"										"2"	"2"	"1"	"1"	"1"	"1"
"1550"	"Dasycercus cristicauda"	"Dasycercus cristicauda"		"Dasycercus cristicauda"	"Dasyuro"	"0"	"MacMillen & Nelson (1969)"	"0"	"0"		88.8	46.18	73.6409053922682	"2"	"0"	"1"	"1"	"1"	"1"	"1"	"0"	"0"										"2"	"2"	"1"	"1"	"1"	
"1551"	"Dasycercus cristicauda"	"Dasycercus cristicauda"		"Dasycercus cristicauda"	"Dasyuro"	"0"	"Kennedy & MacFarlane (1971)"	"0"	"0"		113	55.37	74.0693581138919	"5"	"0"	"1"	"1"	"1"	"1"	"1"	"1"	"0"						"1"				"2"	"3"	"0"			
"1552"	"Dasycercus cristicauda"	"Dasycercus cristicauda"		"Dasycercus cristicauda"	"Dasyuro"	"0"	"Kennedy & MacFarlane (1971)"	"0"	"0"		86	43	70.1903369856246	"8"	"0"	"1"	"1"	"1"	"1"	"1"	"1"	"0"						"1"				"2"	"3"	"0"			
"1553"	"Dasycercus cristicauda"	"Dasycercus cristicauda"		"Dasycercus cristicauda"	"Dasyuro"	"0"	"Geiser & Masters (1994)"	"0"	"0"		103.6	104.7	149.213343809162	"4"	"1"	"1"	"-1"	"1"	"1"	"1"	"1"	"0"										"3"	"3"	"0"			"1"
"1554"	"Dasykaluta rosamondae"	"Dasykaluta rosamondae"		"Dasykaluta rosamondae"	"Dasyuro"	"0"	"Withers & Cooper (2009a)"	"0"	"0"		35.5	19.53	60.7636728391944	"8"	"1"	"1"	"1"	"1"	"1"	"-1"	"0"	"0"										"4"	"4"	"0"	"1"		
"1555"	"Dasyuroides byrnei"	"Dasyuroides byrnei"		"Dasycercus byrnei"	"Dasyuro"	"0"	"MacMillen & Nelson (1969)"	"0"	"0"		89	77.43	123.271359965959	"4"	"0"	"1"	"1"	"1"	"1"	"1"	"0"	"0"										"2"	"2"	"1"			
"1556"	"Dasyuroides byrnei"	"Dasyuroides byrnei"		"Dasycercus byrnei"	"Dasyuro"	"0"	"Dawson & Dawson (1982)"	"0"	"0"		115	74.8	98.7895745521217	"5"	"0"	"1"	"1"	"1"	"1"	"1"	"0"	"1"										"2"	"2"	"1"			
"1557"	"Dasyuroides byrnei"	"Dasyuroides byrnei"		"Dasycercus byrnei"	"Dasyuro"	"0"	"MacMillen & Dawson (1986)"	"0"	"0"		105.6	91.9	129.158430181999	"4"	"1"	"1"	"1"	"0"	"1"	"1"	"0"	"1"						"1"				"2"	"3"	"0"			"1"
"1558"	"Dasyuroides byrnei"	"Dasyuroides byrnei"		"Dasycercus byrnei"	"Dasyuro"	"0"	"Geiser et al. (1986)"	"0"	"0"		110	84.7	115.549051723165	"10"	"0"	"1"	"-1"	"1"	"0"	"1"	"1"	"0"							"1"			"4"	"4"	"0"			
"1559"	"Dasyuroides byrnei"	"Dasyuroides byrnei"		"Dasycercus byrnei"	"Dasyuro"	"0"	"Geiser & Baudinette (1987)"	"0"	"0"		118.2	82.74	107.111381062442	"6"	"1"	"1"	"1"	"1"	"1"	"1"	"0"	"0"										"2"	"2"	"1"	"1"	"1"	
"1560"	"Dasyuroides byrnei"	"Dasyuroides byrnei"		"Dasycercus byrnei"	"Dasyuro"	"0"	"Hinds et al. (1993)"	"0"	"0"		119.5	91.2	117.125613367289	"7"	"0"	"1"	"0"	"1"	"1"	"1"	"0"	"0"										"2"	"2"	"1"			
"1561"	"Dasyuroides byrnei"	"Dasyuroides byrnei"		"Dasycercus byrnei"	"Dasyuro"	"0"	"May (2003)"	"0"	"0"		133.3	91	107.91913513849	"10"	"1"	"1"	"0"	"1"	"1"	"1"	"0"	"0"										"2"	"2"	"1"			
"1562"	"Dasyurus geoffroii"	"Dasyurus geoffroii"		"Dasyurus geoffroii"	"Dasyuro"	"0"	"Arnold & Shield (1970)"	"0"	"0"		1251.4	462	107.077549725628	"10"	"1"	"1"	"1"	"1"	"1"	"1"	"1"	"1"										"1"	"1"	"1"			"1"
"1563"	"Dasyurus geoffroii"	"Dasyurus geoffroii"		"Dasyurus geoffroii"	"Dasyuro"	"0"	"Schmidt et al. (2009)"	"0"	"0"		1385	500	107.624553416828	"5"	"1"	"1"	"1"	"1"	"1"	"1"	"1"	"1"										"1"	"1"	"1"	"1"	"1"	
"1564"	"Dasyurus hallucatus"	"Satanellus hallucatus"		"Dasyurus hallucatus"	"Dasyuro"	"0"	"MacMillen & Nelson (1969)"	"0"	"0"		584.4	298	120.321369337088	"2"	"0"	"1"	"1"	"1"	"1"	"1"	"0"	"0"										"2"	"2"	"1"			
"1565"	"Dasyurus hallucatus"	"Dasyurus hallucatus"		"Dasyurus hallucatus"	"Dasyuro"	"0"	"Hinds et al. (1993)"	"0"	"0"		532.3	192	82.9834349524954	"4"	"0"	"1"	"0"	"1"	"1"	"1"	"0"	"0"									"1"	"2"	"3"	"0"			"1"
"1566"	"Dasyurus hallucatus"	"Dasyurus hallucatus"		"Dasyurus hallucatus"	"Dasyuro"	"0"	"Cooper & Withers (2010)"	"0"	"0"		516	250	110.529096261594	"4"	"1"	"1"	"1"	"1"	"1"	"1"	"0"	"0"										"2"	"2"	"1"	"1"	"1"	
"1567"	"Dasyurus maculatus"	"Dasyurus maculatus"		"Dasyurus maculatus"	"Dasyuro"	"0"	"Martin (1903)"	"0"	"0"		650	148.8	55.5964852820828	"1"	"1"	"1"	"1"	"-1"	"1"	"1"	"0"	"0"				"1"		"1"	"1"			"4"	"4"	"0"			"1"
"1568"	"Dasyurus maculatus"	"Dasyurops maculatus"		"Dasyurus maculatus"	"Dasyuro"	"0"	"MacMillen & Nelson (1969)"	"0"	"0"		1782	534.6	95.7580920254904	"1"	"0"	"1"	"1"	"1"	"1"	"1"	"0"	"1"				"1"						"2"	"2"	"1"			
"1569"	"Dasyurus maculatus"	"Dasyurus maculatus"		"Dasyurus maculatus"	"Dasyuro"	"0"	"Cooper & Withers (2010)"	"0"	"0"		3840	1195	122.306259853127	"6"	"1"	"1"	"1"	"1"	"1"	"1"	"0"	"0"										"2"	"2"	"1"	"1"	"1"	
"1570"	"Dasyurus viverrinus"	"Dasyurus viverrinus"		"Dasyurus viverrinus"	"Dasyuro"	"0"	"MacMillen & Nelson (1969)"	"0"	"0"		909.9	409.5	119.730767695415	"2"	"0"	"1"	"1"	"1"	"1"	"1"	"0"	"0"										"2"	"2"	"1"	"1"	"1"	
"1571"	"Dasyurus viverrinus"	"Dasyurus viverrinus"		"Dasyurus viverrinus"	"Dasyuro"	"0"	"Hinds et al. (1993)"	"0"	"0"		1054	376.8	98.9733639815294	"3"	"0"	"1"	"0"	"1"	"0"	"1"	"0"	"0"									"1"	"3"	"3"	"0"			
"1572"	"Dasyurus viverrinus"	"Dasyurus viverrinus"		"Dasyurus viverrinus"	"Dasyuro"	"0"	"Cooper & Withers (2010)"	"0"	"0"		780	516	168.799431301152	"7"	"1"	"1"	"1"	"1"	"1"	"1"	"0"	"0"									"1"	"2"	"3"	"0"			"1"
"1573"	"Ningaui yvonnae"	"Ningaui yvonneae"		"Ningaui yvonnae"	"Dasyuro"	"0"	"Geiser & Baudinette (1988)"	"0"	"0"		11.6	15.66	110.118459301965	"3"	"1"	"1"	"1"	"1"	"1"	"1"	"0"	"0"										"2"	"2"	"1"	"1"	"1"	
"1574"	"Ningaui yvonnae"	"Ningaui yvonnae"		"Ningaui yvonnae"	"Dasyuro"	"0"	"Cooper & Withers (2009)"	"0"	"0"		6.5	13.59	145.768559678651	"6"	"0"	"1"	"0"	"1"	"1"	"1"	"1"	"1"										"2"	"2"	"1"			"1"
"1575"	"Phascogale calura"	"Phascogale calura"		"Phascogale calura"	"Dasyuro"	"0"	"Pusey et al. (2013)"	"0"	"0"		34.7	28.8	91.1067476754539	"7"	"1"	"1"	"1"	"1"	"1"	"1"	"0"	"1"								"1"		"2"	"2"	"1"	"1"	"1"	"1"
"1576"	"Phascogale tapoatafa"	"Phascogale tapoatafa"		"Phascogale tapoatafa"	"Dasyuro"	"0"	"MacMillen & Nelson (1969)"	"0"	"0"		157.2	127.3	133.866757346974	"2"	"0"	"0"	"1"	"1"	"1"	"1"	"0"	"0"										"2"	"2"	"1"	"1"	"1"	"1"
"1577"	"Planigale gilesi"	"Planigale gilesi"		"Planigale gilesi"	"Dasyuro"	"0"	"Dawson & Wolfers (1978)"	"0"	"0"		9.4	13.16	107.870806771662	"1"	"1"	"1"	"0"	"1"	"1"	"1"	"0"	"0"										"2"	"2"	"1"			
"1578"	"Planigale gilesi"	"Planigale gilesi"		"Planigale gilesi"	"Dasyuro"	"0"	"Dawson & Dawson (1982)"	"0"	"0"		9.5	12.16	98.907974804569	"5"	"0"	"1"	"0"	"1"	"1"	"1"	"0"	"1"										"2"	"2"	"1"	"1"	"1"	
"1579"	"Planigale gilesi"	"Planigale gilesi"		"Planigale gilesi"	"Dasyuro"	"0"	"Geiser & Baudinette (1988)"	"0"	"0"		8.3	11.87	106.537139641466	"5"	"1"	"1"	"1"	"1"	"1"	"1"	"0"	"0"										"2"	"2"	"1"			
"1580"	"Planigale gilesi"	"Planigale gilesi"		"Planigale gilesi"	"Dasyuro"	"0"	"Warnecke et al. (2010a)"	"0"	"0"		9.1	10.9	91.4836672942325	"8"	"1"	"1"	"0"	"1"	"1"	"1"	"1"	"1"								"1"		"2"	"2"	"1"			
"1581"	"Planigale gilesi"	"Planigale gilesi"		"Planigale gilesi"	"Dasyuro"	"0"	"Warnecke et al. (2010b)"	"0"	"0"		9.3	14.4	118.958824891441	"6"	"1"	"1"	"1"	"1"	"-1"	"1"	"1"	"1"										"3"	"3"	"0"			"1"
"1582"	"Planigale ingrami"	"Planigale ingrami"		"Planigale ingrami"	"Dasyuro"	"0"	"Dawson & Wolfers (1978)"	"0"	"0"		7.1	11.29	113.549401263162		"1"	"1"	"0"	"1"	"1"	"1"	"0"	"0"									"1"	"2"	"3"	"0"	"1"		
"1583"	"Planigale maculata"	"Antechinus maculatus"		"Planigale maculata"	"Dasyuro"	"0"	"MacMillen & Nelson (1969)"	"0"	"0"		8.5	10.71	94.4716100229282	"2"	"0"	"1"	"1"	"1"	"1"	"1"	"0"	"0"										"2"	"2"	"1"	"1"	"1"	
"1584"	"Planigale maculata"	"Planigale maculata"		"Planigale maculata"	"Dasyuro"	"0"	"Morton & Lee (1978)"	"0"	"0"		13.1	13.23	85.1387584091008	"8"	"1"	"1"	"0"	"1"	"1"	"1"	"1"	"0"								"1"		"2"	"2"	"1"			"1"
"1585"	"Planigale tenuirostris"	"Planigale tenuirostris"		"Planigale tenuirostris"	"Dasyuro"	"0"	"Dawson & Wolfers (1978)"	"0"	"0"		7.1	11.29	113.549401263162		"1"	"1"	"0"	"1"	"1"	"1"	"0"	"0"									"1"	"2"	"3"	"0"			"1"
"1586"	"Planigale tenuirostris"	"Planigale tenuirostris"		"Planigale tenuirostris"	"Dasyuro"	"0"	"Chappell & Dawson (1994)"	"0"	"0"		5.7	7.11	83.9257196218	"4"	"0"	"1"	"0"	"1"	"1"	"1"	"0"	"0"										"2"	"2"	"1"	"1"	"1"	
"1587"	"Pseudantechinus macdonnellensis"	"Pseudantechinus macdonnellensis"		"Pseudantechinus macdonnellensis"	"Dasyuro"	"0"	"MacMillen & Nelson (1969)"	"0"	"0"		43.1	27.15	73.3321041931991	"2"	"0"	"0"	"1"	"1"	"1"	"1"	"0"	"0"										"2"	"2"	"1"	"1"	"1"	"1"
"1588"	"Sarcophilus harrisii"	"Sarcophilus harrisii"		"Sarcophilus laniarius"	"Dasyuro"	"0"	"MacMillen & Nelson (1969)"	"0"	"0"		5050	1414	118.524528862748	"1"	"0"	"1"	"1"	"1"	"1"	"1"	"0"	"1"										"2"	"2"	"1"	"1"	"1"	
"1589"	"Sarcophilus harrisii"	"Sarcophilus harrisii"		"Sarcophilus laniarius"	"Dasyuro"	"0"	"Nicol & Maskrey (1980)"	"0"	"0"		6500	1400	97.6275614362736	"3"	"1"	"1"	"1"	"1"	"1"	"1"	"1"	"0"							"1"		"1"	"2"	"3"	"0"			"1"
"1590"	"Sarcophilus harrisii"	"Sarcophilus harrisii"		"Sarcophilus laniarius"	"Dasyuro"	"0"	"Kabat et al. (2003)"	"0"	"0"		7570	2195.3	136.990743922516	"5"	"0"	"1"	"0"	"0"	"-1"	"1"	"0"	"1"										"4"	"4"	"0"			
"1591"	"Sminthopsis crassicaudata"	"Sminthopsis crassicaudata"		"Sminthopsis crassicaudata"	"Dasyuro"	"0"	"MacMillen & Nelson (1969)"	"0"	"0"		14.5	24.22	144.742179556201	"2"	"0"	"1"	"1"	"1"	"1"	"1"	"0"	"0"										"2"	"2"	"1"			
"1592"	"Sminthopsis crassicaudata"	"Sminthopsis crassicaudata"		"Sminthopsis crassicaudata"	"Dasyuro"	"0"	"Dawson & Hulbert (1970)"	"0"	"0"		14.1	18.7	114.056257284489	"6"	"0"	"1"	"1"	"1"	"1"	"1"	"1"	"0"										"2"	"2"	"1"			
"1593"	"Sminthopsis crassicaudata"	"Sminthopsis crassicaudata"		"Sminthopsis crassicaudata"	"Dasyuro"	"0"	"Kennedy & MacFarlane (1971)"	"0"	"0"		19	35.72	175.290475039434	"5"	"0"	"1"	"1"	"1"	"1"	"1"	"1"	"0"						"1"				"2"	"3"	"0"			"1"
"1594"	"Sminthopsis crassicaudata"	"Sminthopsis crassicaudata"		"Sminthopsis crassicaudata"	"Dasyuro"	"0"	"Geiser & Baudinette (1987)"	"0"	"0"		17.7	22.13	114.358156464206	"8"	"1"	"1"	"1"	"1"	"1"	"1"	"0"	"0"										"2"	"2"	"1"	"1"	"1"	
"1595"	"Sminthopsis crassicaudata"	"Sminthopsis crassicaudata"		"Sminthopsis crassicaudata"	"Dasyuro"	"0"	"Hinds et al. (1993)"	"0"	"0"		15.6	28.8	163.178485648322	"3"	"0"	"1"	"-1"	"1"	"1"	"1"	"0"	"0"										"4"	"4"	"0"			
"1596"	"Sminthopsis crassicaudata"	"Sminthopsis crassicaudata"		"Sminthopsis crassicaudata"	"Dasyuro"	"0"	"Chappell & Dawson (1994)"	"0"	"0"		14.2	15.76	95.630461791175	"4"	"0"	"1"	"1"	"1"	"1"	"1"	"0"	"0"										"2"	"2"	"1"			
"1597"	"Sminthopsis crassicaudata"	"Sminthopsis crassicaudata"		"Sminthopsis crassicaudata"	"Dasyuro"	"0"	"Cooper & Withers (2009)"	"0"	"0"		11.8	17.11	118.824574846836	"6"	"0"	"1"	"0"	"1"	"1"	"1"	"1"	"1"										"2"	"2"	"1"			
"1598"	"Sminthopsis crassicaudata"	"Sminthopsis crassicaudata"		"Sminthopsis crassicaudata"	"Dasyuro"	"0"	"Warnecke & Geiser (2010)"	"0"	"0"		19	21.9	107.47092394635	"16"	"1"	"1"	"0"	"1"	"1"	"0"	"0"	"1"								"1"		"2"	"3"	"0"			
"1599"	"Sminthopsis crassicaudata"	"Sminthopsis crassicaudata"		"Sminthopsis crassicaudata"	"Dasyuro"	"0"	"Polymeropoulos et al. (2012)"	"0"	"0"		17.46	21.5	112.213847215186	"7"	"1"	"1"	"1"	"1"	"1"	"1"	"0"	"1"										"2"	"2"	"1"			
"1600"	"Sminthopsis crassicaudata"	"Sminthopsis crassicaudata"		"Sminthopsis crassicaudata"	"Dasyuro"	"0"	"Riek & Geiser (2012)"	"0"	"0"		15.8	28.19	158.245840116784	"9"	"0"	"1"	"-1"	"1"	"1"	"1"	"1"	"1"										"3"	"3"	"0"			
"1601"	"Sminthopsis macroura"	"Sminthopsis macroura"		"Sminthopsis macroura"	"Dasyuro"	"0"	"Geiser & Baudinette (1987)"	"0"	"0"		22	23.54	103.809850844212	"5"	"1"	"1"	"1"	"1"	"1"	"1"	"0"	"0"										"2"	"2"	"1"	"1"	"1"	
"1602"	"Sminthopsis macroura"	"Sminthopsis macroura"		"Sminthopsis macroura"	"Dasyuro"	"0"	"Hinds et al. (1993)"	"0"	"0"		16.7	21	113.21845656273	"3"	"0"	"1"	"-1"	"1"	"1"	"1"	"0"	"0"										"4"	"4"	"0"			
"1603"	"Sminthopsis macroura"	"Sminthopsis macroura"		"Sminthopsis macroura"	"Dasyuro"	"0"	"Song et al. (1995)"	"0"	"0"		24.8	22.07	89.1877690724008	"7"	"1"	"1"	"1"	"0"	"1"	"1"	"1"	"1"						"1"				"2"	"3"	"0"			
"1604"	"Sminthopsis macroura"	"Sminthopsis macroura"		"Sminthopsis macroura"	"Dasyuro"	"0"	"Geiser et al. (1996b)"	"0"	"0"		24.7	21.5	87.1406156367039	"6"	"1"	"1"	"0"	"1"	"1"	"1"	"1"	"1"										"2"	"2"	"1"			
"1605"	"Sminthopsis macroura"	"Sminthopsis macroura"		"Sminthopsis macroura"	"Dasyuro"	"0"	"Geiser et al. (2003)"	"0"	"0"		26.7	27.5	105.308694074992	"8"	"1"	"1"	"0"	"1"	"0"	"1"	"1"	"1"										"2"	"2"	"1"			
"1606"	"Sminthopsis macroura"	"Sminthopsis macroura"		"Sminthopsis macroura"	"Dasyuro"	"0"	"Cooper et al. (2005)"	"0"	"0"		20	28	132.36263594334	"10"	"1"	"1"	"0"	"1"	"0"	"1"	"1"	"1"								"1"		"2"	"3"	"0"			"1"
"1607"	"Sminthopsis macroura"	"Sminthopsis macroura"		"Sminthopsis macroura"	"Dasyuro"	"0"	"Geiser et al. (2006)"	"0"	"0"		24.8	21.97	88.7836559365947	"5"	"0"	"1"	"1"	"1"	"1"	"1"	"1"	"1"										"1"	"1"	"1"			
"1608"	"Sminthopsis macroura"	"Sminthopsis macroura"		"Sminthopsis macroura"	"Dasyuro"	"0"	"Tomlinson et al. (2012)"	"0"	"0"		16	23.2	129.045469011424	"6"	"1"	"1"	"1"	"1"	"1"	"1"	"0"	"0"										"2"	"2"	"1"			
"1609"	"Sminthopsis murina"			"Sminthopsis murina"	"Dasyuro"	"0"	"Geiser et al. (1984)"	"0"	"1"	"McNab (2008a)"	19	21.41	105.066323364902			"0"																		"0"	"1"		
"1610"	"Sminthopsis ooldea"	"Sminthopsis ooldea"		"Sminthopsis ooldea"	"Dasyuro"	"0"	"Tomlinson et al. (2012)"	"0"	"0"		10.6	18.9	141.929303408471	"7"	"1"	"1"	"1"	"1"	"1"	"1"	"0"	"0"										"2"	"2"	"1"	"1"	"1"	"1"
"1611"	"Sminthopsis psammophila"	"Sminthopsis psammophila"		"Sminthopsis psammophila"	"Dasyuro"	"0"	"Withers & Cooper (2009b)"	"0"	"0"		43.6	34.7	92.939871347167	"6"	"1"	"1"	"1"	"1"	"1"	"1"	"0"	"0"										"2"	"2"	"1"	"1"	"1"	"1"
"1612"	"Myrmecobius fasciatus"	"Myrmecobius fasciatus"		"Myrmecobius fasciatus"	"Dasyuro"	"0"	"McNab (1984)"	"0"	"0"		400	142.4	75.7995275054179	"1"	"1"	"1"	"1"	"1"	"1"	"1"	"1"	"1"			"1"							"1"	"3"	"0"			
"1613"	"Myrmecobius fasciatus"	"Myrmecobius fasciatus"		"Myrmecobius fasciatus"	"Dasyuro"	"0"	"Cooper & Withers (2002)"	"0"	"0"		552	214.7	90.3684221797681	"6"	"1"	"1"	"1"	"1"	"1"	"1"	"1"	"1"										"1"	"1"	"1"			"1"
"1614"	"Myrmecobius fasciatus"	"Myrmecobius fasciatus"		"Myrmecobius fasciatus"	"Dasyuro"	"0"	"Cooper et al. (2003)"	"0"	"0"		488	180.6	83.1606621376173	"5"	"0"	"1"	"1"	"1"	"1"	"1"	"1"	"1"										"1"	"1"	"1"	"1"	"1"	
"1615"	"Myrmecobius fasciatus"	"Myrmecobius fasciatus"		"Myrmecobius fasciatus"	"Dasyuro"	"0"	"Cooper & Withers (2004)"	"0"	"0"		559	212.4	88.5828292901751	"5"	"1"	"1"	"1"	"1"	"0"	"1"	"1"	"1"										"2"	"2"	"1"			
"1616"	"Myrmecobius fasciatus"	"Myrmecobius fasciatus"		"Myrmecobius fasciatus"	"Dasyuro"	"0"	"Cooper & Withers (2012)"	"0"	"0"		482	178.3	82.8453801566886	"5"	"1"	"1"	"1"	"1"	"1"	"1"	"1"	"1"										"1"	"1"	"1"			
"1617"	"Caluromys derbianus"	"Caluromys derbianus"		"Caluromys derbianus"	"Didelphi"	"0"	"McNab (1978b)"	"0"	"0"		357	203.5	117.686738399919	"3"	"1"	"1"	"1"	"1"	"1"	"1"	"0"	"0"										"2"	"2"	"1"	"1"	"1"	"1"
"1618"	"Caluromys philander"	"Caluromys philander"		"Caluromys philander"	"Didelphi"	"0"	"Ribeiro & Bicudo (2007)"	"0"	"0"		170	127.5	126.640076423599	"6"	"1"	"1"	"1"	"1"	"1"	"1"	"1"	"0"										"2"	"2"	"1"	"1"	"1"	"1"
"1619"	"Chironectes minimus"	"Chironectes minimus"		"Chironectes minimus"	"Didelphi"	"0"	"McNab (1978b)"	"0"	"0"		946	548.7	155.943962236177	"3"	"1"	"1"	"1"	"1"	"1"	"1"	"0"	"0"										"2"	"2"	"1"			"1"
"1620"	"Chironectes minimus"	"Chironectes minimus"		"Chironectes minimus"	"Didelphi"	"0"	"Thompson (1988)"	"0"	"0"		922.9	366.5	106.055814804453	"4"	"1"	"1"	"1"	"1"	"1"	"1"	"1"	"0"										"2"	"2"	"1"	"1"	"1"	
"1621"	"Didelphis aurita"	"Didelphis didelphii"		"Didelphis aurita"	"Didelphi"	"0"	"Gley & Ozorio de Almeida (1924)"	"0"	"0"		1256	1141.7	263.904500653493	"3"	"0"	"0"	"-1"	"0"	"0"	"1"	"0"	"0"	"1"				"1"	"1"			"1"	"4"	"4"	"0"	"1"		
"1622"	"Didelphis marsupialis"	"Didelphis marsupialis"		"Didelphis marsupialis"	"Didelphi"	"0"	"Enger (1957)"	"0"	"0"		1130	580	144.807831866025	"2"	"1"	"1"	"0"	"1"	"-1"	"1"	"0"	"0"							"1"	"1"		"4"	"4"	"0"			"1"
"1623"	"Didelphis marsupialis"	"Didelphis marsupialis"		"Didelphis marsupialis"	"Didelphi"	"0"	"McNab (1978b)"	"0"	"0"		1329	611.3	135.601011007728	"2"	"1"	"1"	"1"	"1"	"1"	"1"	"0"	"0"										"2"	"2"	"1"	"1"	"1"	
"1624"	"Didelphis virginiana"	"Didelphis marsupialis virginiana"		"Didelphis virginiana"	"Didelphi"	"0"	"Lustick & Deschenes Lustick (1972)"	"0"	"0"		2660	646.4	86.4611240848224	"3"	"1"	"1"	"1"	"1"	"1"	"1"	"1"	"0"								"1"		"2"	"2"	"1"			"1"
"1625"	"Didelphis virginiana"	"Didelphis virginiana"		"Didelphis virginiana"	"Didelphi"	"0"	"McNab (1978b)"	"0"	"0"		3257	1074.8	124.034287037421	"3"	"1"	"1"	"1"	"1"	"1"	"1"	"0"	"0"										"2"	"2"	"1"	"1"	"1"	
"1626"	"Gracilinanus agilis"	"Gracilinanus agilis"		"Gracilinanus agilis"	"Didelphi"	"0"	"Cooper et al. (2009)"	"0"	"0"		31.4	31.4	106.838105294122	"6"	"1"	"1"	"1"	"1"	"1"	"1"	"1"	"1"										"1"	"1"	"1"	"1"	"1"	"1"
"1627"	"Gracilinanus microtarsus"	"Marmosa microtarsus microtarsus"		"Gracilinanus microtarsus"	"Didelphi"	"0"	"Morrison & McNab (1962)"	"0"	"0"		13	18.92	122.43756138828	"1"	"1"	"1"	"0"	"0"	"0"	"1"	"0"	"0"	"1"					"1"			"1"	"3"	"4"	"0"	"1"		
"1628"	"Lutreolina crassicaudata"	"Lutreolina crassicaudata"		"Lutreolina crassicaudata"	"Didelphi"	"0"	"McNab (1978b)"	"0"	"0"		812	405.9	128.946912792732	"4"	"1"	"1"	"1"	"1"	"1"	"1"	"0"	"0"										"2"	"2"	"1"	"1"	"1"	"1"
"1629"	"Marmosa robinsoni"	"Marmosa robinsoni"		"Marmosa robinsoni"	"Didelphi"	"0"	"McNab (1978b)"	"0"	"0"		122	97.6	123.467241128718	"5"	"1"	"1"	"1"	"1"	"1"	"1"	"0"	"0"										"2"	"2"	"1"	"1"	"1"	"1"
"1630"	"Metachirus nudicaudatus"	"Metachirus nudicaudatus"		"Metachirus nudicaudatus"	"Didelphi"	"0"	"McNab (1978b)"	"0"	"0"		336	205	123.911259297758	"3"	"1"	"1"	"1"	"1"	"1"	"1"	"0"	"0"										"2"	"2"	"1"			"1"
"1631"	"Metachirus nudicaudatus"	"Metachirus nudicaudatus"		"Metachirus nudicaudatus"	"Didelphi"	"0"	"Ribeiro & Bicudo (2007)"	"0"	"0"		261	156.6	113.793923240113	"6"	"1"	"1"	"1"	"1"	"1"	"1"	"1"	"0"										"2"	"2"	"1"	"1"	"1"	
"1632"	"Micoureus paraguayanus"	"Micoureus paraguayanus"		"Micoureus paraguayanus"	"Didelphi"	"0"	"Cooper et al. (2010)"	"0"	"0"		170.1	129.3	128.372891396342	"7"	"1"	"1"	"0"	"1"	"1"	"1"	"1"	"1"										"2"	"2"	"1"	"1"	"1"	"1"
"1633"	"Monodelphis brevicaudata"	"Monodelphis brevicaudata"		"Monodelphis brevicaudata"	"Didelphi"	"0"	"McNab (1978b)"	"0"	"0"		111	75.5	102.320992230775	"1"	"1"	"1"	"1"	"1"	"1"	"1"	"1"	"1"										"1"	"1"	"1"	"1"	"1"	"1"
"1634"	"Monodelphis domestica"	"Monodelphis domestica"		"Monodelphis domestica"	"Didelphi"	"0"	"Thompson & Nicoll (1986)"	"0"	"0"		82	59.45	100.470786830059	"5"	"0"	"1"	"0"	"1"	"1"	"1"	"1"	"1"						"1"				"2"	"3"	"0"			
"1635"	"Monodelphis domestica"	"Monodelphis domestica"		"Monodelphis domestica"	"Didelphi"	"0"	"Dawson & Olson (1988)"	"0"	"0"		104	59.49	84.5444118893002	"8"	"1"	"1"	"0"	"1"	"1"	"0"	"0"	"1"										"2"	"2"	"1"	"1"	"1"	
"1636"	"Monodelphis domestica"	"Monodelphis domestica"		"Monodelphis domestica"	"Didelphi"	"0"	"Harder et al. (1996)"	"0"	"0"		64.1	49.1	99.297938305334	"20"	"0"	"1"	"0"	"1"	"0"	"1"	"1"	"1"							"1"			"2"	"3"	"0"			
"1637"	"Monodelphis domestica"	"Monodelphis domestica"		"Monodelphis domestica"	"Didelphi"	"0"	"Nicol et al. (1997)"	"0"	"0"		68	76.2	147.609468623451	"4"	"0"	"1"	"-1"	"0"	"0"	"1"	"0"	"0"					"1"					"4"	"4"	"0"			"1"
"1638"	"Philander opossum"	"Philander opossum"		"Philander opossum"	"Didelphi"	"0"	"McNab (1978b)"	"0"	"0"		751	338	113.666746436431	"5"	"1"	"1"	"1"	"1"	"1"	"1"	"0"	"0"										"2"	"2"	"1"			"1"
"1639"	"Philander opossum"	"Philander opossum"		"Philander opossum"	"Didelphi"	"0"	"Ribeiro & Bicudo (2007)"	"0"	"0"		249	186.8	140.47718332559	"5"	"1"	"1"	"1"	"1"	"1"	"1"	"1"	"0"										"2"	"2"	"1"	"1"	"1"	
"1640"	"Thylamys elegans"	"Thylamys elegans"		"Thylamys elegans"	"Didelphi"	"0"	"Opazo et al. (1999)"	"0"	"0"		32.1	29.2	97.7684940448912	"16"	"0"	"1"	"-1"	"1"	"0"	"1"	"0"	"0"										"4"	"4"	"0"			
"1641"	"Thylamys elegans"	"Thylamys elegans"		"Thylamys elegans"	"Didelphi"	"0"	"Nespolo et al. (2002)"	"0"	"0"		31.1	20.1	68.8703002998465	"15"	"0"	"1"	"0"	"1"	"1"	"1"	"0"	"0"									"1"	"2"	"2"	"1"			"1"
"1642"	"Thylamys elegans"	"Thylamys elegans"		"Thylamys elegans"	"Didelphi"	"0"	"Bozinovic et al. (2005b)"	"0"	"0"		40.2	43.01	122.221298297798	"12"	"1"	"1"	"1"	"1"	"1"	"0"	"0"	"0"										"2"	"2"	"1"	"1"	"1"	
"1643"	"Acrobates pygmaeus"	"Acrobates pygmaeus"		"Acrobates pygmaeus"	"Diproto"	"0"	"Fleming (1985)"	"0"	"0"		14	15.12	92.7006322110608	"11"	"1"	"1"	"1"	"1"	"1"	"1"	"0"	"0"										"2"	"2"	"1"	"1"	"1"	"1"
"1644"	"Burramys parvus"			"Burramys parvus"	"Diproto"	"0"	"Fleming (1985)"	"0"	"1"	"McNab (2008a)"	44.3	36.85	97.5590176510976			"0"																		"0"	"1"		
"1645"	"Cercartetus concinnus"	"Cercartetus concinnus"		"Cercartetus concinnus"	"Diproto"	"0"	"Geiser (1987)"	"0"	"0"		18.6	22.32	111.244230633098	"5"	"1"	"1"	"1"	"1"	"1"	"1"	"0"	"1"										"2"	"2"	"1"	"1"	"1"	"1"
"1646"	"Cercartetus lepidus"	"Cercartetus lepidus"		"Cercartetus lepidus"	"Diproto"	"0"	"Geiser (1987)"	"0"	"0"		12.6	18.77	124.266019752873	"3"	"1"	"1"	"1"	"1"	"1"	"1"	"0"	"1"										"2"	"2"	"1"	"1"	"1"	"1"
"1647"	"Cercartetus nanus"	"Cercaertus nanus"		"Cercartetus nanus"	"Diproto"	"0"	"Bartholomew & Hudson (1962)"	"0"	"0"		65.5	60.3	120.04267022713	"9"	"1"	"1"	"1"	"0"	"1"	"1"	"0"	"0"								"1"		"2"	"3"	"0"			"1"
"1648"	"Cercartetus nanus"	"Cercartetus nanus"		"Cercartetus nanus"	"Diproto"	"0"	"Song et al. (1997)"	"0"	"0"		36	23.76	73.1745661347818	"7"	"1"	"1"	"1"	"1"	"1"	"1"	"1"	"0"										"2"	"2"	"1"	"1"	"1"	
"1649"	"Dendrolagus matschiei"	"Dendrolagus matschiei"		"Dendrolagus matschiei"	"Diproto"	"0"	"McNab (1988b)"	"0"	"0"		6960	1426.8	94.6584105664141	"2"	"1"	"1"	"1"	"1"	"1"	"0"	"0"	"1"										"2"	"2"	"1"	"1"	"1"	"1"
"1650"	"Lagorchestes conspicillatus"			"Lagorchestes conspicillatus"	"Diproto"	"0"	"Dawson & Bennett (1971)"	"0"	"1"	"McNab (1978b)"	2700	864	114.31620570614			"1"																		"0"			"1"
"1651"	"Lagorchestes conspicillatus"	"Lagorchestes conspicillatus"		"Lagorchestes conspicillatus"	"Diproto"	"0"	"Dawson & Bennett (1978)"	"0"	"0"		2660	851.2	113.854747557241	"8"	"1"	"1"	"1"	"1"	"1"	"1"	"1"	"0"						"1"				"2"	"2"	"1"	"1"	"1"	
"1652"	"Macropus eugenii"	"Macropus eugenii"		"Macropus eugenii"	"Diproto"	"0"	"Dawson et al. (1969)"	"0"	"0"		4960	1419	120.513166056278	"15"	"1"	"1"	"1"	"1"	"1"	"1"	"0"	"0"										"2"	"2"	"1"			
"1653"	"Macropus eugenii"	"Macropus eugenii"		"Macropus eugenii"	"Diproto"	"0"	"Dawson & Hulbert (1970)"	"0"	"0"		4796	1382	120.283309187776	"6"	"0"	"1"	"0"	"1"	"1"	"1"	"1"	"0"					"1"					"2"	"2"	"1"	"1"	"1"	
"1654"	"Macropus eugenii"	"Macropus eugenii"		"Macropus eugenii"	"Diproto"	"0"	"Frappell (2008)"	"0"	"0"		8000	3353	200.973685033842		"0"	"1"	"1"	"1"	"-1"	"1"	"1"	"1"						"1"	"1"	"1"		"3"	"4"	"0"			"1"
"1655"	"Macropus giganteus"	"Macropus giganteus"		"Macropus giganteus"	"Diproto"	"0"	"Dawson et al. (2007)"	"0"	"0"		26400	5861	147.123043864308	"4"	"0"	"0"	"0"	"1"	"1"	"1"	"1"	"1"										"2"	"2"	"1"	"1"	"1"	"1"
"1656"	"Macropus robustus"	"Macropus robustus"		"Macropus robustus"	"Diproto"	"0"	"Dawson (1972)"	"0"	"0"		29300	6094	141.779747151901		"1"	"1"	"1"	"1"	"1"	"1"	"0"	"0"							"1"			"2"	"2"	"1"			"1"
"1657"	"Macropus robustus"	"Macropus robustus"		"Macropus robustus"	"Diproto"	"0"	"Dawson (1973)"	"0"	"0"		22716	4543	127.243338058759	"12"	"1"	"1"	"1"	"1"	"1"	"1"	"0"	"0"								"1"		"2"	"2"	"1"	"1"	"1"	
"1658"	"Macropus rufogriseus"	"Macropus rufogriseus"		"Macropus rufogriseus"	"Diproto"	"0"	"Nicol et al. (1997)"	"0"	"0"		4800	2160	187.882846786322	"1"	"0"	"0"	"0"	"0"	"-1"	"1"	"1"	"-1"					"1"					"4"	"4"	"0"	"1"		
"1659"	"Macropus rufus"	"Megaleia rufa"		"Macropus rufus"	"Diproto"	"0"	"Dawson & Hulbert (1970)"	"0"	"0"		32490	5791	124.952879344037	"6"	"0"	"1"	"0"	"1"	"1"	"1"	"1"	"0"					"1"					"2"	"2"	"1"	"1"	"1"	
"1660"	"Macropus rufus"	"Megaleia rufa"		"Macropus rufus"	"Diproto"	"0"	"Dawson (1972)"	"0"	"0"		24400	5588	148.561904040849		"1"	"1"	"1"	"1"	"1"	"1"	"0"	"0"							"1"			"2"	"2"	"1"			"1"
"1661"	"Macropus rufus"	"Megaleia rufa"		"Macropus rufus"	"Diproto"	"0"	"Dawson (1973)"	"0"	"0"		20660	4434	133.083413102862	"10"	"1"	"1"	"1"	"1"	"1"	"1"	"0"	"0"								"1"		"2"	"2"	"1"			
"1662"	"Macropus rufus"	"Macropus rufus"		"Macropus rufus"	"Diproto"	"0"	"Dawson et al. (2007)"	"0"	"0"		25000	5065	132.293780182099	"4"	"0"	"1"	"0"	"1"	"1"	"1"	"1"	"1"										"2"	"2"	"1"			
"1663"	"Setonix brachyurus"	"Setonix brachyurus"		"Setonix brachyurus"	"Diproto"	"0"	"Kinnear & Shield (1975)"	"0"	"0"		2654	823.3	110.304337019885	"5"	"1"	"1"	"1"	"1"	"1"	"1"	"1"	"1"										"1"	"1"	"1"	"1"	"1"	"1"
"1664"	"Gymnobelideus leadbeateri"	"Gymnobelideus leadbeateri"		"Gymnobelideus leadbeateri"	"Diproto"	"0"	"Smith et al. (1982)"	"0"	"0"		166.3	103.1	104.060631820601	"3"	"1"	"1"	"1"	"1"	"1"	"1"	"0"	"0"										"2"	"2"	"1"	"1"	"1"	"1"
"1665"	"Petaurus breviceps"	"Petaurus breviceps"		"Petaurus breviceps"	"Diproto"	"0"	"Dawson & Hulbert (1970)"	"0"	"0"		128.1	88.7	108.287554778783	"6"	"0"	"1"	"1"	"1"	"1"	"1"	"1"	"0"										"2"	"2"	"1"			"1"
"1666"	"Petaurus breviceps"	"Petaurus breviceps"		"Petaurus breviceps"	"Diproto"	"0"	"Hinds et al. (1993)"	"0"	"0"		122	84	106.262789496028	"3"	"0"	"1"	"0"	"1"	"1"	"1"	"0"	"0"										"2"	"2"	"1"			
"1667"	"Petaurus breviceps"	"Petaurus breviceps"		"Petaurus breviceps"	"Diproto"	"0"	"Holloway & Geiser (2001a)"	"0"	"0"		129.9	74.04	89.4753862418594	"10"	"1"	"1"	"1"	"1"	"1"	"1"	"0"	"0"										"2"	"2"	"1"			
"1668"	"Petaurus breviceps"	"Petaurus breviceps"		"Petaurus breviceps"	"Diproto"	"0"	"Holloway & Geiser (2001b)"	"0"	"0"		127.7	76.37	93.4475391947337	"13"	"1"	"1"	"1"	"1"	"1"	"1"	"1"	"1"										"1"	"1"	"1"	"1"	"1"	
"1669"	"Phalanger carmelitae"	"Phalanger carmelitae"		"Phalanger carmelitae"	"Diproto"	"0"	"McNab (2008b)"	"0"	"0"		1389.7	534.9	114.852747764338	"1"	"1"	"1"	"1"	"1"	"1"	"1"	"1"	"1"										"1"	"1"	"1"	"1"	"1"	"1"
"1670"	"Phalanger gymnotis"	"Phalanger gymnotis"		"Strigocuscus gymnotis"	"Diproto"	"0"	"McNab (2008b)"	"0"	"0"		1565.5	518.2	102.012540210161	"1"	"1"	"1"	"1"	"1"	"1"	"1"	"1"	"0"										"2"	"2"	"1"	"1"	"1"	"1"
"1671"	"Phalanger intercastellanus"	"Phalanger intercastellanus"		"Phalanger intercastellanus"	"Diproto"	"0"	"McNab (2008b)"	"0"	"0"		1671.4	658.4	123.572676994507	"1"	"1"	"1"	"1"	"1"	"1"	"1"	"1"	"1"										"1"	"1"	"1"	"1"	"1"	"1"
"1672"	"Phalanger orientalis"	"Phalanger orientalis"		"Phalanger orientalis"	"Diproto"	"0"	"McNab (2008b)"	"0"	"0"		2181.3	883.4	136.550128019701	"1"	"1"	"1"	"1"	"1"	"1"	"1"	"1"	"1"										"1"	"1"	"1"	"1"	"1"	"1"
"1673"	"Phalanger sericeus"	"Phalanger sericeus"		"Phalanger sericeus"	"Diproto"	"0"	"McNab (2008b)"	"0"	"0"		1353.2	428.8	93.8750387912607	"1"	"1"	"1"	"1"	"1"	"1"	"1"	"1"	"1"										"1"	"1"	"1"	"1"	"1"	"1"
"1674"	"Spilocuscus maculatus"	"Phalanger maculatus"		"Spilocuscus maculatus"	"Diproto"	"0"	"Dawson & Degabriele (1973)"	"0"	"0"		4250	1020	96.9533644857324	"6"	"1"	"1"	"1"	"0"	"1"	"1"	"0"	"0"										"2"	"2"	"1"	"1"	"1"	
"1675"	"Spilocuscus maculatus"	"Spilocuscus maculatus"		"Spilocuscus maculatus"	"Diproto"	"0"	"McNab (2008b)"	"0"	"0"		3998.3	1031.6	102.518543281976	"1"	"1"	"1"	"1"	"1"	"1"	"1"	"1"	"1"										"1"	"1"	"1"			"1"
"1676"	"Trichosurus vulpecula"	"Trichosurus vulpecula"		"Trichosurus vulpecula"	"Diproto"	"0"	"Martin (1903)"	"0"	"0"		2160	364.8	56.793193242195	"1"	"1"	"1"	"1"	"-1"	"1"	"1"	"0"	"0"						"1"	"1"			"4"	"4"	"0"			
"1677"	"Trichosurus vulpecula"	"Trichosurus vulpecula"		"Trichosurus vulpecula"	"Diproto"	"0"	"Dawson & Hulbert (1970)"	"0"	"0"		1982	625	103.597601150218	"6"	"0"	"1"	"1"	"1"	"1"	"1"	"1"	"0"										"2"	"2"	"1"	"1"	"1"	
"1678"	"Trichosurus vulpecula"	"Trichosurus vulpecula"		"Trichosurus vulpecula"	"Diproto"	"0"	"Hinds et al. (1993)"	"0"	"0"		2026.5	831	135.531732314692	"3"	"0"	"1"	"0"	"1"	"-1"	"1"	"0"	"0"										"4"	"4"	"0"			
"1679"	"Trichosurus vulpecula"	"Trichosurus vulpecula"		"Trichosurus vulpecula"	"Diproto"	"0"	"Nicol et al. (1997)"	"0"	"0"		2100	987	156.847474290836	"4"	"0"	"1"	"1"	"0"	"-1"	"1"	"1"	"-1"					"1"					"4"	"4"	"0"			"1"
"1680"	"Phascolarctos cinereus"	"Phascolarctos cinereus"		"Phascolarctos cinereus"	"Diproto"	"0"	"Degabriele & Dawson (1979)"	"0"	"0"		4765	1053	92.0828508268383	"5"	"1"	"1"	"1"	"0"	"-1"	"1"	"0"	"0"										"4"	"4"	"0"	"1"		
"1681"	"Aepyprymnus rufescens"	"Aepyprymnus rufescens"		"Aepyprymnus rufescens"	"Diproto"	"0"	"Wallis & Farrell (1992)"	"0"	"0"		3000	1240	151.935245987547	"6"	"0"	"1"	"1"	"1"	"1"	"1"	"1"	"0"					"1"	"1"				"2"	"3"	"0"			"1"
"1682"	"Aepyprymnus rufescens"	"Aepyprymnus rufescens"		"Aepyprymnus rufescens"	"Diproto"	"0"	"Rübsamen et al. (1983)"	"0"	"0"		2820	1069	137.026431595528	"4"	"1"	"1"	"1"	"1"	"1"	"1"	"1"	"0"										"2"	"2"	"1"	"1"	"1"	
"1683"	"Bettongia gaimardi"	"Bettongia cuniculus"		"Bettongia gaimardi"	"Diproto"	"0"	"Martin (1903)"	"0"	"0"		1630	380.4	72.7133221873213	"1"	"0"	"1"	"1"	"-1"	"1"	"1"	"0"	"0"						"1"	"1"			"4"	"4"	"0"			
"1684"	"Bettongia gaimardi"	"Bettongia gaimardi"		"Bettongia gaimardi"	"Diproto"	"0"	"Hinds et al. (1993)"	"0"	"0"		1385	641.4	138.060777123107	"1"	"0"	"1"	"-1"	"1"	"0"	"1"	"0"	"0"										"4"	"4"	"0"			
"1685"	"Bettongia gaimardi"	"Bettongia gaimardi"		"Bettongia gaimardi"	"Diproto"	"0"	"Rose (1997)"	"0"	"0"		1700	782	144.96652623209	"5"	"1"	"1"	"0"	"0"	"1"	"1"	"1"	"-1"										"4"	"4"	"0"			
"1686"	"Bettongia gaimardi"	"Bettongia gaimardi"		"Bettongia gaimardi"	"Diproto"	"0"	"Rose et al. (1999)"	"0"	"0"		2070	952.2	152.912869491981	"5"	"0"	"1"	"0"	"1"	"-1"	"1"	"0"	"0"										"4"	"4"	"0"	"1"		
"1687"	"Bettongia penicillata"	"Bettongia penicillata"		"Bettongia penicillata"	"Diproto"	"0"	"Wallis & Farrell (1992)"	"0"	"0"		1070	592	153.801005817155	"6"	"0"	"0"	"0"	"1"	"1"	"1"	"1"	"0"					"1"	"1"				"2"	"3"	"0"	"1"		
"1688"	"Bettongia penicillata"	"Bettongia penicillata"		"Bettongia penicillata"	"Diproto"	"0"	"Hinds et al. (1993)"	"0"	"0"		965.7	563.4	157.733920827671	"3"	"0"	"0"	"-1"	"1"	"1"	"1"	"0"	"0"										"4"	"4"	"0"			
"1689"	"Potorous tridactylus"	"Potorous tridactylus"		"Potorous tridactylus"	"Diproto"	"0"	"Hudson & Dawson (1975)"	"0"	"0"		950	437	123.816684799794	"4"	"1"	"1"	"1"	"1"	"1"	"1"	"0"	"0"										"2"	"2"	"1"	"1"	"1"	
"1690"	"Potorous tridactylus"	"Potorous tridactylus"		"Potorous tridactylus"	"Diproto"	"0"	"Nicol (1976)"	"0"	"0"		1120	504	126.651063448025	"5"	"1"	"1"	"1"	"1"	"1"	"0"	"1"	"0"										"2"	"2"	"1"			
"1691"	"Potorous tridactylus"	"Potorous tridactylus"		"Potorous tridactylus"	"Diproto"	"0"	"Wallis & Farrell (1992)"	"0"	"0"		950	466	132.033352669803	"6"	"0"	"1"	"1"	"1"	"1"	"1"	"1"	"0"					"1"	"1"				"2"	"3"	"0"			
"1692"	"Potorous tridactylus"	"Potorous tridactylus"		"Potorous tridactylus"	"Diproto"	"0"	"Hinds et al. (1993)"	"0"	"0"		1027.8	523.2	139.973105788551	"2"	"0"	"1"	"1"	"1"	"0"	"1"	"0"	"0"										"2"	"2"	"1"			"1"
"1693"	"Pseudocheirus peregrinus"	"Pseudocheirus occidentalis"	"occidentalis"	"Pseudocheirus peregrinus"	"Diproto"	"0"	"Kinnear & Shield (1975)"	"0"	"0"		917	302.6	87.9751307244922	"3"	"1"	"1"	"1"	"1"	"1"	"1"	"1"	"1"							"1"			"1"	"4"	"0"	"1"		
"1694"	"Petauroides volans"	"Petauroides volans"		"Petauroides volans"	"Diproto"	"0"	"Rübsamen et al. (1984)"	"0"	"0"		1141	563.7	139.747820344333	"5"	"1"	"1"	"1"	"1"	"-1"	"1"	"0"	"0"										"4"	"4"	"0"			
"1695"	"Petauroides volans"	"Petauroides volans"		"Petauroides volans"	"Diproto"	"0"	"Foley (1987)"	"0"	"0"		1000	432.8	118.125999152179	"10"	"0"	"1"	"1"	"0"	"1"	"1"	"0"	"0"						"1"				"2"	"3"	"0"	"1"		
"1696"	"Tarsipes rostratus"	"Tarsipes rostratus"		"Tarsipes rostratus"	"Diproto"	"0"	"Withers et al. (1990)"	"0"	"0"		10	29	227.225067314045	"15"	"1"	"1"	"1"	"1"	"1"	"1"	"0"	"0"									"1"	"2"	"2"	"1"			"1"
"1697"	"Tarsipes rostratus"	"Tarsipes rostratus"		"Tarsipes rostratus"	"Diproto"	"0"	"Cooper & Cruz-Neto (2009)"	"0"	"0"		5.4	13.6	166.986783846981	"7"	"1"	"1"	"1"	"1"	"1"	"1"	"1"	"0"				"1"						"2"	"2"	"1"	"1"	"1"	
"1698"	"Lasiorhinus latifrons"	"Lasiorhinus latifrons"		"Lasiorhinus latifrons"	"Diproto"	"0"	"Wells (1978)"	"0"	"0"		25250	2525	65.4743321892975	"5"	"1"	"1"	"1"	"1"	"1"	"1"	"0"	"0"										"2"	"2"	"1"	"1"	"1"	"1"
"1699"	"Dromiciops gliroides"	"Dromiciops gliroides"		"Dromiciops gliroides"	"Microbio"	"0"	"Bozinovic et al. (2004b)"	"0"	"0"		40.2	31.76	90.2522305030941	"5"	"1"	"1"	"1"	"1"	"1"	"0"	"0"	"0"										"2"	"2"	"1"	"1"	"1"	
"1700"	"Dromiciops gliroides"	"Dromiciops gliroides"		"Dromiciops gliroides"	"Microbio"	"0"	"Withers et al. (2012)"	"0"	"0"		24.9	35.4	142.636995021895	"7"	"1"	"1"	"1"	"1"	"1"	"1"	"0"	"0"									"1"	"2"	"2"	"1"			"1"
"1701"	"Dromiciops gliroides"	"Dromiciops gliroides"		"Dromiciops gliroides"	"Microbio"	"0"	"Cortés et al. (2014)"	"0"	"0"		30.1	25.6	89.8303791813252	"7"	"0"	"1"	"1"	"1"	"1"	"1"	"1"	"0"							"1"			"2"	"3"	"0"			
"1702"	"Notoryctes caurinus"	"Notoryctes caurinus"		"Notoryctes caurinus"	"Notoryctem"	"0"	"Withers et al. (2000)"	"0"	"0"		34	21.42	68.7748384352504	"1"	"1"	"1"	"0"	"1"	"0"	"1"	"0"	"0"							"1"			"3"	"3"	"0"	"1"		
"1703"	"Echymipera kalubu"	"Echymipera kalubu"		"Echymipera kalubu"	"Peramelo"	"0"	"Hulbert & Dawson (1974)"	"0"	"0"		695	344	122.407988933355	"1"	"1"	"1"	"1"	"1"	"1"	"0"	"0"	"0"										"2"	"2"	"1"	"1"	"1"	"1"
"1704"	"Echymipera rufescens"	"Echymipera rufescens australis"	"australis"	"Echymipera rufescens"	"Peramelo"	"0"	"Hulbert & Dawson (1974)"	"0"	"0"		616	303.7	118.004534381679	"2"	"1"	"1"	"1"	"1"	"1"	"0"	"0"	"0"										"2"	"2"	"1"			"1"
"1705"	"Echymipera rufescens"	"Echymipera rufescens rufescens"	"rufescens"	"Echymipera rufescens"	"Peramelo"	"0"	"Hulbert & Dawson (1974)"	"0"	"0"		1276	541	123.620463141193	"1"	"1"	"1"	"1"	"1"	"1"	"0"	"0"	"0"										"2"	"2"	"1"	"1"	"1"	
"1706"	"Isoodon auratus"	"Isoodon auratus"		"Isoodon auratus"	"Peramelo"	"0"	"Withers (1992)"	"0"	"0"		428	149.8	75.9010088814509	"6"	"1"	"1"	"1"	"1"	"1"	"1"	"0"	"1"										"2"	"2"	"1"	"1"	"1"	
"1707"	"Isoodon auratus"	"Isoodon auratus barrowensis"	"barrowensis"	"Isoodon auratus"	"Peramelo"	"0"	"Larcombe et al. (2008)"	"0"	"0"		462.9	181.5	86.8549785630478	"6"	"1"	"1"	"1"	"1"	"1"	"1"	"1"	"1"										"1"	"1"	"1"			"1"
"1708"	"Isoodon macrourus"	"Isoodon macrourus"		"Isoodon macrourus"	"Peramelo"	"0"	"Dawson & Hulbert (1970)"	"0"	"0"		880	393	117.739700090329	"6"	"0"	"1"	"1"	"1"	"1"	"1"	"1"	"0"										"2"	"2"	"1"			
"1709"	"Isoodon macrourus"	"Isoodon macrourus"		"Isoodon macrourus"	"Peramelo"	"0"	"Hulbert & Dawson (1974)"	"0"	"0"		1551	580.1	114.975447270328	"5"	"1"	"1"	"1"	"1"	"1"	"0"	"0"	"0"										"2"	"2"	"1"	"1"	"1"	
"1710"	"Isoodon macrourus"	"Isoodon macrourus"		"Isoodon macrourus"	"Peramelo"	"0"	"Larcombe et al. (2008)"	"0"	"0"		1609	506.8	97.7947392158037	"6"	"1"	"1"	"1"	"1"	"1"	"1"	"1"	"1"										"1"	"1"	"1"			"1"
"1711"	"Isoodon obesulus"	"Isoodon obesulus"		"Isoodon obesulus"	"Peramelo"	"0"	"Hinds et al. (1993)"	"0"	"0"		717.2	222.6	77.4143796687936	"2"	"0"	"1"	"1"	"1"	"1"	"1"	"0"	"0"										"2"	"2"	"1"			"1"
"1712"	"Isoodon obesulus"	"Isoodon obesulus"		"Isoodon obesulus"	"Peramelo"	"0"	"Larcombe (2002)"	"0"	"0"		1020	418.2	112.505238878895	"6"	"1"	"1"	"1"	"1"	"1"	"1"	"1"	"1"										"1"	"1"	"1"			
"1713"	"Isoodon obesulus"	"Isoodon obesulus fusciventer"		"Isoodon obesulus"	"Peramelo"	"0"	"Larcombe & Withers (2007)"	"0"	"0"		1380	448.5	96.7940888947957	"6"	"0"	"1"	"1"	"1"	"1"	"1"	"1"	"1"										"1"	"1"	"1"	"1"	"1"	
"1714"	"Perameles bougainville"	"Perameles bougainville bougainville"		"Perameles bougainville"	"Peramelo"	"0"	"Larcombe & Withers (2006)"	"0"	"0"		255	161	118.991606334421	"6"	"0"	"0"	"0"	"1"	"1"	"1"	"0"	"1"										"2"	"2"	"1"	"1"	"1"	"1"
"1715"	"Perameles gunnii"	"Perameles gunnii"		"Perameles gunnii"	"Peramelo"	"0"	"Hinds et al. (1993)"	"0"	"0"		837.3	420.6	130.661366451595	"3"	"0"	"1"	"1"	"1"	"1"	"1"	"0"	"0"										"2"	"2"	"1"			
"1716"	"Perameles gunnii"	"Perameles gunnii"		"Perameles gunnii"	"Peramelo"	"0"	"Rose & Ikonomopoulou (2005)"	"0"	"0"		987.5	533.3	146.89678047683	"4"	"0"	"1"	"-1"	"1"	"-1"	"1"	"1"	"1"										"4"	"4"	"0"			"1"
"1717"	"Perameles gunnii"	"Perameles gunnii"		"Perameles gunnii"	"Peramelo"	"0"	"Larcombe et al. (2006)"	"0"	"0"		681	375	135.433239277195	"6"	"1"	"1"	"0"	"1"	"1"	"1"	"1"	"1"										"2"	"2"	"1"	"1"	"1"	
"1718"	"Perameles nasuta"	"Perameles nasuta"		"Perameles nasuta"	"Peramelo"	"0"	"Dawson & Hulbert (1970)"	"0"	"0"		686	322	115.673488738456	"6"	"0"	"1"	"0"	"1"	"1"	"1"	"1"	"0"										"2"	"2"	"1"			"1"
"1719"	"Perameles nasuta"	"Perameles nasuta"		"Perameles nasuta"	"Peramelo"	"0"	"Hulbert & Dawson (1974)"	"0"	"0"		645	316.1	118.771900756402	"5"	"1"	"1"	"1"	"1"	"1"	"0"	"0"	"0"										"2"	"2"	"1"	"1"	"1"	
"1720"	"Macrotis lagotis"	"Macrotis lagotis"		"Macrotis lagotis"	"Peramelo"	"0"	"Hulbert & Dawson (1974)"	"0"	"0"		1011	354.6	96.0137388288951	"6"	"1"	"1"	"1"	"1"	"1"	"0"	"1"	"0"										"2"	"2"	"1"			"1"
"1721"	"Macrotis lagotis"	"Macrotis lagotis"		"Macrotis lagotis"	"Peramelo"	"0"	"Kinnear & Shield (1975)"	"0"	"0"		1577	544.1	106.541219694156	"3"	"1"	"1"	"1"	"1"	"1"	"1"	"1"	"1"										"1"	"1"	"1"	"1"	"1"	
"1722"	"Ornithorhynchus anatinus"	"Ornithorhynchus"		"Ornithorhynchus anatinus"	"Monotre"	"0"	"Martin (1903)"	"0"	"0"		693	228.2	81.3728177588432	"1"	"1"	"1"	"1"	"-1"	"1"	"1"	"-1"	"1"				"1"		"1"	"1"			"4"	"4"	"0"			
"1723"	"Ornithorhynchus anatinus"	"Ornithorhynchus anatinus"		"Ornithorhynchus anatinus"	"Monotre"	"0"	"Grant & Dawson (1978)"	"0"	"0"		1284	475	108.045815101254	"2"	"1"	"1"	"1"	"1"	"1"	"1"	"0"	"0"										"2"	"2"	"1"	"1"	"1"	
"1724"	"Ornithorhynchus anatinus"	"Ornithorhynchus anatinus"		"Ornithorhynchus anatinus"	"Monotre"	"0"	"Hinds et al. (1993)"	"0"	"0"		1112.5	652.2	164.697240637859	"2"	"0"	"1"	"0"	"1"	"0"	"1"	"0"	"0"										"3"	"3"	"0"			"1"
"1725"	"Ornithorhynchus anatinus"	"Ornithorhynchus anatinus"		"Ornithorhynchus anatinus"	"Monotre"	"0"	"Bethge et al. (2001)"	"0"	"0"		1444	537	112.126442867849	"1"	"1"	"1"	"-1"	"1"	"1"	"1"	"0"	"0"								"1"	"1"	"4"	"4"	"0"			
"1726"	"Tachyglossus aculeatus"	"Echidna"		"Tachyglossus aculeatus"	"Monotre"	"0"	"Martin (1903)"	"0"	"0"		2363	375.3	54.7244939448201	"3"	"1"	"1"	"1"	"-1"	"1"	"1"	"0"	"0"						"1"	"1"			"4"	"4"	"0"			
"1727"	"Tachyglossus aculeatus"	"Tachyglossus aculeatus"		"Tachyglossus aculeatus"	"Monotre"	"0"	"Schmidt-Nielsen et al. (1966)"	"0"	"0"		3000	675	82.7066863238665	"3"	"1"	"1"	"1"	"1"	"1"	"1"	"0"	"0"										"2"	"2"	"1"			
"1728"	"Tachyglossus aculeatus"	"Tachyglossus aculeatus"		"Tachyglossus aculeatus"	"Monotre"	"0"	"Augee & Ealey (1968)"	"0"	"0"		3500	525	57.4899514554821	"7"	"0"	"1"	"1"	"1"	"-1"	"0"	"0"	"0"						"1"		"1"		"4"	"4"	"0"			
"1729"	"Tachyglossus aculeatus"	"Tachyglossus aculeatus acanthion"		"Tachyglossus aculeatus"	"Monotre"	"0"	"Augee (1978)"	"0"	"0"		4000	800	79.4779206241438	"3"	"1"	"1"	"1"	"1"	"-1"	"1"	"0"	"0"		"1"						"1"		"4"	"4"	"0"			
"1730"	"Tachyglossus aculeatus"	"Tachyglossus aculeatus aculeatus"		"Tachyglossus aculeatus"	"Monotre"	"0"	"Augee (1978)"	"0"	"0"		4000	880	87.4257126865582	"7"	"1"	"1"	"1"	"1"	"-1"	"1"	"0"	"0"		"1"						"1"		"4"	"4"	"0"			"1"
"1731"	"Tachyglossus aculeatus"	"Tachyglossus aculeatus setosus"		"Tachyglossus aculeatus"	"Monotre"	"0"	"Augee (1978)"	"0"	"0"		4000	840	83.451816655351	"5"	"1"	"1"	"1"	"1"	"-1"	"1"	"0"	"0"		"1"						"1"		"4"	"4"	"0"			
"1732"	"Tachyglossus aculeatus"			"Tachyglossus aculeatus"	"Monotre"	"0"	"Dawson et al. (1979)"	"0"	"1"	"Nicol & Andersen (2007)"	3400	449	50.2176578459114			"1"																		"0"			
"1733"	"Tachyglossus aculeatus"	"Tachyglossus aculeatus lawesi"	"lawesii"	"Tachyglossus aculeatus"	"Monotre"	"0"	"McNab (1984)"	"0"	"0"		2140	280.3	43.9349058269367	"1"	"1"	"1"	"1"	"1"	"1"	"1"	"1"	"1"										"1"	"1"	"1"	"1"	"1"	
"1734"	"Tachyglossus aculeatus"			"Tachyglossus aculeatus"	"Monotre"	"0"	"Bech et al. (1992)"	"0"	"1"	"Nicol & Andersen (2007)"	2730	475	62.343227629075			"1"			"-1"														"4"	"0"			
"1735"	"Tachyglossus aculeatus"	"Tachyglossus aculeatus"		"Tachyglossus aculeatus"	"Monotre"	"0"	"Hinds et al. (1993)"	"0"	"0"		3293	465.6	53.3024096647489	"5"	"0"	"1"	"1"	"1"	"0"	"1"	"0"	"0"										"2"	"2"	"1"			
"1736"	"Tachyglossus aculeatus"	"Tachyglossus aculeatus"		"Tachyglossus aculeatus"	"Monotre"	"0"	"Frappell et al. (1994)"	"0"	"0"		3123	484.1	57.6036958981191	"5"	"0"	"1"	"1"	"1"	"-1"	"1"	"0"	"0"										"4"	"4"	"0"			
"1737"	"Tachyglossus aculeatus"	"Tachyglossus aculeatus setosus"	"setosus"	"Tachyglossus aculeatus"	"Monotre"	"0"	"McNab (1984)"	"0"	"0"		3580	547.7	58.9956862582558	"2"	"1"	"1"	"1"	"1"	"1"	"1"	"1"	"1"										"1"	"1"	"1"			
"1738"	"Zaglossus bruijni"	"Zaglossus bruijni"		"Zaglossus bruijni"	"Monotre"	"0"	"Dawson et al. (1978)"	"0"	"0"		13615	1102.8	44.8596764165186	"2"	"1"	"1"	"1"	"1"	"1"	"1"	"0"	"0"										"2"	"2"	"1"			"1"
"1739"	"Zaglossus bruijni"	"Zaglossus bruijni"		"Zaglossus bruijni"	"Monotre"	"0"	"McNab (1984)"	"0"	"0"		10300	1215.4	60.5925371863363	"1"	"1"	"1"	"1"	"1"	"1"	"1"	"1"	"1"										"1"	"1"	"1"	"1"	"1"	
