"Species_printed"	"Species_binomial"	"species_basis"	"Family"	"Order"	"Class"	"State"	"References"	"source"
"Allophryne_ruthveni"	"Allophryne ruthveni"	"spelling"	"Allophrynidae"	"Anura"	"Amphibia"	1	"AmphibiaWeb. 2018."	"Chen_Wiens_2020"
"Eupsophus_calcaratus"	"Eupsophus calcaratus"	"spelling"	"Alsodidae"	"Anura"	"Amphibia"	1	"Marquez et al., 2005; AmphibiaWeb. 2018."	"Chen_Wiens_2020"
"Eupsophus_emiliopugini"	"Eupsophus emiliopugini"	"spelling"	"Alsodidae"	"Anura"	"Amphibia"	1	"Penna et al., 2005; AmphibiaWeb. 2018"	"Chen_Wiens_2020"
"Limnomedusa_macroglossa"	"Limnomedusa macroglossa"	"spelling"	"Alsodidae"	"Anura"	"Amphibia"	1	"AmphibiaWeb. 2018"	"Chen_Wiens_2020"
"Alytes_cisternasii"	"Alytes cisternasii"	"spelling"	"Alytidae"	"Anura"	"Amphibia"	1	"Bosch and Marquez, 2000; AmphibiaWeb. 2018"	"Chen_Wiens_2020"
"Alytes_dickhilleni"	"Alytes dickhilleni"	"spelling"	"Alytidae"	"Anura"	"Amphibia"	1	"AmphibiaWeb. 2018."	"Chen_Wiens_2020"
"Alytes_obstetricans"	"Alytes obstetricans"	"spelling"	"Alytidae"	"Anura"	"Amphibia"	1	"Bosch and Marquez, 2000; AmphibiaWeb. 2018"	"Chen_Wiens_2020"
"Discoglossus_pictus"	"Discoglossus pictus"	"spelling"	"Alytidae"	"Anura"	"Amphibia"	1	"AmphibiaWeb. 2018."	"Chen_Wiens_2020"
"Arthroleptis_stenodactylus"	"Arthroleptis stenodactylus"	"spelling"	"Arthroleptidae"	"Anura"	"Amphibia"	1	"Mercurio, 2009; AmphibiaWeb. 2018."	"Chen_Wiens_2020"
"Arthroleptis_wahlbergii"	"Arthroleptis wahlbergii"	"spelling"	"Arthroleptidae"	"Anura"	"Amphibia"	1	"AmphibiaWeb. 2018."	"Chen_Wiens_2020"
"Arthroleptis_xenodactyloides"	"Arthroleptis xenodactyloides"	"spelling"	"Arthroleptidae"	"Anura"	"Amphibia"	1	"AmphibiaWeb. 2018."	"Chen_Wiens_2020"
"Cardioglossa_leucomystax"	"Cardioglossa leucomystax"	"spelling"	"Arthroleptidae"	"Anura"	"Amphibia"	1	"AmphibiaWeb. 2018."	"Chen_Wiens_2020"
"Leptopelis_argenteus"	"Leptopelis argenteus"	"spelling"	"Arthroleptidae"	"Anura"	"Amphibia"	1	"AmphibiaWeb. 2018."	"Chen_Wiens_2020"
"Leptopelis_natalensis"	"Leptopelis natalensis"	"spelling"	"Arthroleptidae"	"Anura"	"Amphibia"	1	"AmphibiaWeb. 2018."	"Chen_Wiens_2020"
"Ascaphus_montanus"	"Ascaphus montanus"	"spelling"	"Ascaphidae"	"Anura"	"Amphibia"	0	"AmphibiaWeb. 2018."	"Chen_Wiens_2020"
"Ascaphus_truei"	"Ascaphus truei"	"spelling"	"Ascaphidae"	"Anura"	"Amphibia"	0	"Stephenson and Verrell, 2003; AmphibiaWeb. 2018."	"Chen_Wiens_2020"
"Batrachyla_leptopus"	"Batrachyla leptopus"	"spelling"	"Batrachylidae"	"Anura"	"Amphibia"	1	"Penna and Veloso, 1990; Penna and Toloza, 2015; AmphibiaWeb. 2018."	"Chen_Wiens_2020"
"Batrachyla_taeniata"	"Batrachyla taeniata"	"spelling"	"Batrachylidae"	"Anura"	"Amphibia"	1	"Penna and Veloso, 1990; Penna and Velasquez, 2011; AmphibiaWeb. 2018."	"Chen_Wiens_2020"
"Bombina_bombina"	"Bombina bombina"	"spelling"	"Bombinatoridae"	"Anura"	"Amphibia"	1	"Walkowiak, 1992; AmphibiaWeb. 2018."	"Chen_Wiens_2020"
"Bombina_orientalis"	"Bombina orientalis"	"spelling"	"Bombinatoridae"	"Anura"	"Amphibia"	1	"Walkowiak, 1992; AmphibiaWeb. 2018."	"Chen_Wiens_2020"
"Bombina_variegata"	"Bombina variegata"	"spelling"	"Bombinatoridae"	"Anura"	"Amphibia"	1	"Walkowiak, 1992; AmphibiaWeb. 2018."	"Chen_Wiens_2020"
"Brachycephalus_ephippium"	"Brachycephalus ephippium"	"spelling"	"Brachycephalidae"	"Anura"	"Amphibia"	1	"McNaught and Tucker, 2011"	"Chen_Wiens_2020"
"Ischnocnema_guentheri"	"Ischnocnema guentheri"	"spelling"	"Brachycephalidae"	"Anura"	"Amphibia"	1	"AmphibiaWeb. 2018."	"Chen_Wiens_2020"
"Ischnocnema_parva"	"Ischnocnema parva"	"spelling"	"Brachycephalidae"	"Anura"	"Amphibia"	1	"de Andrade et al., 2017; AmphibiaWeb. 2018."	"Chen_Wiens_2020"
"Breviceps_mossambicus"	"Breviceps mossambicus"	"spelling"	"Breviciptidae"	"Anura"	"Amphibia"	1	"AmphibiaWeb. 2018."	"Chen_Wiens_2020"
"Ansonia_hanitschi"	"Ansonia hanitschi"	"spelling"	"Bufonidae"	"Anura"	"Amphibia"	1	"Inger et al., 2017"	"Chen_Wiens_2020"
"Ansonia_leptopus"	"Ansonia leptopus"	"spelling"	"Bufonidae"	"Anura"	"Amphibia"	1	"Sukumaran et al., 2010"	"Chen_Wiens_2020"
"Ansonia_longidigita"	"Ansonia longidigita"	"spelling"	"Bufonidae"	"Anura"	"Amphibia"	1	"Inger et al., 2017"	"Chen_Wiens_2020"
"Ansonia_spinulifer"	"Ansonia spinulifer"	"spelling"	"Bufonidae"	"Anura"	"Amphibia"	1	"Amram et al., 2018"	"Chen_Wiens_2020"
"Atelopus_spumarius"	"Atelopus spumarius"	"spelling"	"Bufonidae"	"Anura"	"Amphibia"	1	"Cocroft et al., 1990"	"Chen_Wiens_2020"
"Bufo_alvarius"	"Bufo alvarius"	"spelling"	"Bufonidae"	"Anura"	"Amphibia"	1	"Sullivan and Malmos, 1994; AmphibiaWeb. 2018."	"Chen_Wiens_2020"
"Bufo_americanus"	"Bufo americanus"	"spelling"	"Bufonidae"	"Anura"	"Amphibia"	1	"Howard and Palmer, 1995; AmphibiaWeb. 2018."	"Chen_Wiens_2020"
"Bufo_arenarum"	"Bufo arenarum"	"spelling"	"Bufonidae"	"Anura"	"Amphibia"	1	"AmphibiaWeb. 2018."	"Chen_Wiens_2020"
"Bufo_boreas"	"Bufo boreas"	"spelling"	"Bufonidae"	"Anura"	"Amphibia"	1	"AmphibiaWeb. 2018."	"Chen_Wiens_2020"
"Bufo_bufo"	"Bufo bufo"	"spelling"	"Bufonidae"	"Anura"	"Amphibia"	1	"AmphibiaWeb. 2018."	"Chen_Wiens_2020"
"Bufo_calamita"	"Bufo calamita"	"spelling"	"Bufonidae"	"Anura"	"Amphibia"	1	"AmphibiaWeb. 2018."	"Chen_Wiens_2020"
"Bufo_cognatus"	"Bufo cognatus"	"spelling"	"Bufonidae"	"Anura"	"Amphibia"	1	"AmphibiaWeb. 2018."	"Chen_Wiens_2020"
"Bufo_dombensis"	"Bufo dombensis"	"spelling"	"Bufonidae"	"Anura"	"Amphibia"	1	"Channing and Vences, 1999"	"Chen_Wiens_2020"
"Bufo_gargarizans"	"Bufo gargarizans"	"spelling"	"Bufonidae"	"Anura"	"Amphibia"	1	"Yu and Lu, 2010; Yu and Sharma, 2012"	"Chen_Wiens_2020"
"Bufo_garmani"	"Bufo garmani"	"spelling"	"Bufonidae"	"Anura"	"Amphibia"	1	"Passmore, 1981"	"Chen_Wiens_2020"
"Bufo_granulosus"	"Bufo granulosus"	"spelling"	"Bufonidae"	"Anura"	"Amphibia"	1	"Sao-Pedro, 2011"	"Chen_Wiens_2020"
"Bufo_gutturalis"	"Bufo gutturalis"	"spelling"	"Bufonidae"	"Anura"	"Amphibia"	1	"Passmore, 1981"	"Chen_Wiens_2020"
"Bufo_japonicus"	"Bufo japonicus"	"spelling"	"Bufonidae"	"Anura"	"Amphibia"	1	"Makoto et al., 1986"	"Chen_Wiens_2020"
"Bufo_maculatus"	"Bufo maculatus"	"spelling"	"Bufonidae"	"Anura"	"Amphibia"	1	"AmphibiaWeb. 2018."	"Chen_Wiens_2020"
"Bufo_marinus"	"Bufo marinus"	"spelling"	"Bufonidae"	"Anura"	"Amphibia"	1	"AmphibiaWeb. 2018."	"Chen_Wiens_2020"
"Bufo_melanostictus"	"Bufo melanostictus"	"spelling"	"Bufonidae"	"Anura"	"Amphibia"	1	"Wei et al., 2012"	"Chen_Wiens_2020"
"Bufo_microscaphus"	"Bufo microscaphus"	"spelling"	"Bufonidae"	"Anura"	"Amphibia"	1	"Malmos et al., 2001"	"Chen_Wiens_2020"
"Bufo_regularis"	"Bufo regularis"	"spelling"	"Bufonidae"	"Anura"	"Amphibia"	1	"AmphibiaWeb. 2018."	"Chen_Wiens_2020"
"Bufo_stomaticus"	"Bufo stomaticus"	"spelling"	"Bufonidae"	"Anura"	"Amphibia"	1	"Grosjean and Dubois, 2001"	"Chen_Wiens_2020"
"Bufo_taitanus"	"Bufo taitanus"	"spelling"	"Bufonidae"	"Anura"	"Amphibia"	1	"AmphibiaWeb. 2018."	"Chen_Wiens_2020"
"Bufo_viridis"	"Bufo viridis"	"spelling"	"Bufonidae"	"Anura"	"Amphibia"	1	"Giacoma et al., 1997"	"Chen_Wiens_2020"
"Dendrophryniscus_minutus"	"Dendrophryniscus minutus"	"spelling"	"Bufonidae"	"Anura"	"Amphibia"	1	"Cocroft et al., 1990"	"Chen_Wiens_2020"
"Mertensophryne_micranotis"	"Mertensophryne micranotis"	"spelling"	"Bufonidae"	"Anura"	"Amphibia"	1	"Grandison and Ashe, 1983"	"Chen_Wiens_2020"
"Nectophrynoides_tornieri"	"Nectophrynoides tornieri"	"spelling"	"Bufonidae"	"Anura"	"Amphibia"	1	"Starnberger et al., 2011"	"Chen_Wiens_2020"
"Osornophryne_guacamayo"	"Osornophryne guacamayo"	"spelling"	"Bufonidae"	"Anura"	"Amphibia"	1	"Gluesenkamp and Acosta, 2001"	"Chen_Wiens_2020"
"Schismaderma_carens"	"Schismaderma carens"	"spelling"	"Bufonidae"	"Anura"	"Amphibia"	1	"AmphibiaWeb. 2018."	"Chen_Wiens_2020"
"Centrolene_geckoideum"	"Centrolene geckoideum"	"spelling"	"Centrolenidae"	"Anura"	"Amphibia"	1	"Grant et al., 1998"	"Chen_Wiens_2020"
"Cochranella_euknemos"	"Cochranella euknemos"	"spelling"	"Centrolenidae"	"Anura"	"Amphibia"	1	"Alonso et al., 2017"	"Chen_Wiens_2020"
"Cochranella_granulosa"	"Cochranella granulosa"	"spelling"	"Centrolenidae"	"Anura"	"Amphibia"	1	"AmphibiaWeb. 2018."	"Chen_Wiens_2020"
"Espadarana_prosoblepon"	"Espadarana prosoblepon"	"spelling"	"Centrolenidae"	"Anura"	"Amphibia"	1	"AmphibiaWeb. 2018."	"Chen_Wiens_2020"
"Hyalinobatrachium_chirripoi"	"Hyalinobatrachium chirripoi"	"spelling"	"Centrolenidae"	"Anura"	"Amphibia"	1	"Alonso et al., 2017; AmphibiaWeb. 2018"	"Chen_Wiens_2020"
"Hyalinobatrachium_colymbiphyllum"	"Hyalinobatrachium colymbiphyllum"	"spelling"	"Centrolenidae"	"Anura"	"Amphibia"	1	"AmphibiaWeb. 2018."	"Chen_Wiens_2020"
"Hyalinobatrachium_fleischmanni"	"Hyalinobatrachium fleischmanni"	"spelling"	"Centrolenidae"	"Anura"	"Amphibia"	1	"AmphibiaWeb. 2018."	"Chen_Wiens_2020"
"Hyalinobatrachium_valerioi"	"Hyalinobatrachium valerioi"	"spelling"	"Centrolenidae"	"Anura"	"Amphibia"	1	"AmphibiaWeb. 2018."	"Chen_Wiens_2020"
"Teratohyla_midas"	"Teratohyla midas"	"spelling"	"Centrolenidae"	"Anura"	"Amphibia"	1	"Araujo et al., 2018"	"Chen_Wiens_2020"
"Teratohyla_spinosa"	"Teratohyla spinosa"	"spelling"	"Centrolenidae"	"Anura"	"Amphibia"	1	"AmphibiaWeb. 2018."	"Chen_Wiens_2020"
"Ceratophrys_cornuta"	"Ceratophrys cornuta"	"spelling"	"Ceratophryidae"	"Anura"	"Amphibia"	1	"AmphibiaWeb. 2018."	"Chen_Wiens_2020"
"Ceratophrys_ornata"	"Ceratophrys ornata"	"spelling"	"Ceratophryidae"	"Anura"	"Amphibia"	1	"Natale et al., 2011"	"Chen_Wiens_2020"
"Conraua_goliath"	"Conraua goliath"	"spelling"	"Conrauidae"	"Anura"	"Amphibia"	1	"Hutchison, 2008; Khandelwal, 2008"	"Chen_Wiens_2020"
"Craugastor_augusti"	"Craugastor augusti"	"spelling"	"Craugastoridae"	"Anura"	"Amphibia"	1	"Niederlander, 2000"	"Chen_Wiens_2020"
"Haddadus_binotatus"	"Haddadus binotatus"	"spelling"	"Craugastoridae"	"Anura"	"Amphibia"	1	"Moura et al., 2012"	"Chen_Wiens_2020"
"Oreobates_quixensis"	"Oreobates quixensis"	"spelling"	"Craugastoridae"	"Anura"	"Amphibia"	1	"Heyer and Gascon, 1995"	"Chen_Wiens_2020"
"Phrynopus_bracki"	"Phrynopus bracki"	"spelling"	"Craugastoridae"	"Anura"	"Amphibia"	1	"AmphibiaWeb. 2018."	"Chen_Wiens_2020"
"Pristimantis_acuminatus"	"Pristimantis acuminatus"	"spelling"	"Craugastoridae"	"Anura"	"Amphibia"	1	"Yanez-Munoz et al., 2013"	"Chen_Wiens_2020"
"Pristimantis_altamazonicus"	"Pristimantis altamazonicus"	"spelling"	"Craugastoridae"	"Anura"	"Amphibia"	1	"Rodriguesz and Duellman, 1994"	"Chen_Wiens_2020"
"Pristimantis_conspicillatus"	"Pristimantis conspicillatus"	"spelling"	"Craugastoridae"	"Anura"	"Amphibia"	1	"Padial et al., 2008"	"Chen_Wiens_2020"
"Pristimantis_diadematus"	"Pristimantis diadematus"	"spelling"	"Craugastoridae"	"Anura"	"Amphibia"	1	"AmphibiaWeb. 2018."	"Chen_Wiens_2020"
"Pristimantis_ockendeni"	"Pristimantis ockendeni"	"spelling"	"Craugastoridae"	"Anura"	"Amphibia"	1	"AmphibiaWeb. 2018."	"Chen_Wiens_2020"
"Pristimantis_peruvianus"	"Pristimantis peruvianus"	"spelling"	"Craugastoridae"	"Anura"	"Amphibia"	1	"AmphibiaWeb. 2018."	"Chen_Wiens_2020"
"Pristimantis_unistrigatus"	"Pristimantis unistrigatus"	"spelling"	"Craugastoridae"	"Anura"	"Amphibia"	1	"Padial et al., 2008"	"Chen_Wiens_2020"
"Cycloramphus_boraceiensis"	"Cycloramphus boraceiensis"	"spelling"	"Cycloramphidae"	"Anura"	"Amphibia"	1	"Heyer, 1983"	"Chen_Wiens_2020"
"Thoropa_miliaris"	"Thoropa miliaris"	"spelling"	"Cycloramphidae"	"Anura"	"Amphibia"	1	"Nunes-de-Almeida et al., 2016"	"Chen_Wiens_2020"
"Allobates_femoralis"	"Allobates femoralis"	"spelling"	"Dendrobatidae"	"Anura"	"Amphibia"	1	"Amezquita et al., 2006"	"Chen_Wiens_2020"
"Allobates_talamancae"	"Allobates talamancae"	"spelling"	"Dendrobatidae"	"Anura"	"Amphibia"	1	"Lechelt et al., 2014"	"Chen_Wiens_2020"
"Ameerega_bilinguis"	"Ameerega bilinguis"	"spelling"	"Dendrobatidae"	"Anura"	"Amphibia"	1	"Jungfer, 1989"	"Chen_Wiens_2020"
"Ameerega_hahneli"	"Ameerega hahneli"	"spelling"	"Dendrobatidae"	"Anura"	"Amphibia"	1	"AmphibiaWeb. 2018."	"Chen_Wiens_2020"
"Ameerega_picta"	"Ameerega picta"	"spelling"	"Dendrobatidae"	"Anura"	"Amphibia"	1	"AmphibiaWeb. 2018."	"Chen_Wiens_2020"
"Ameerega_trivittata"	"Ameerega trivittata"	"spelling"	"Dendrobatidae"	"Anura"	"Amphibia"	1	"AmphibiaWeb. 2018."	"Chen_Wiens_2020"
"Anomaloglossus_stepheni"	"Anomaloglossus stepheni"	"spelling"	"Dendrobatidae"	"Anura"	"Amphibia"	1	"Junca, 1998"	"Chen_Wiens_2020"
"Dendrobates_auratus"	"Dendrobates auratus"	"spelling"	"Dendrobatidae"	"Anura"	"Amphibia"	1	"Wells, 1978"	"Chen_Wiens_2020"
"Dendrobates_castaneoticus"	"Dendrobates castaneoticus"	"spelling"	"Dendrobatidae"	"Anura"	"Amphibia"	1	"AmphibiaWeb. 2018."	"Chen_Wiens_2020"
"Dendrobates_histrionicus"	"Dendrobates histrionicus"	"spelling"	"Dendrobatidae"	"Anura"	"Amphibia"	1	"AmphibiaWeb. 2018."	"Chen_Wiens_2020"
"Dendrobates_lehmanni"	"Dendrobates lehmanni"	"spelling"	"Dendrobatidae"	"Anura"	"Amphibia"	1	"AmphibiaWeb. 2018."	"Chen_Wiens_2020"
"Dendrobates_leucomelas"	"Dendrobates leucomelas"	"spelling"	"Dendrobatidae"	"Anura"	"Amphibia"	1	"Forsman and Hagman, 2006"	"Chen_Wiens_2020"
"Dendrobates_pumilio"	"Dendrobates pumilio"	"spelling"	"Dendrobatidae"	"Anura"	"Amphibia"	1	"AmphibiaWeb. 2018."	"Chen_Wiens_2020"
"Dendrobates_reticulatus"	"Dendrobates reticulatus"	"spelling"	"Dendrobatidae"	"Anura"	"Amphibia"	1	"AmphibiaWeb. 2018."	"Chen_Wiens_2020"
"Dendrobates_steyermarki"	"Dendrobates steyermarki"	"spelling"	"Dendrobatidae"	"Anura"	"Amphibia"	1	"AmphibiaWeb. 2018."	"Chen_Wiens_2020"
"Dendrobates_ventrimaculatus"	"Dendrobates ventrimaculatus"	"spelling"	"Dendrobatidae"	"Anura"	"Amphibia"	1	"AmphibiaWeb. 2018."	"Chen_Wiens_2020"
"Epipedobates_machalilla"	"Epipedobates machalilla"	"spelling"	"Dendrobatidae"	"Anura"	"Amphibia"	1	"Del Pino et al., 2004"	"Chen_Wiens_2020"
"Phyllobates_terribilis"	"Phyllobates terribilis"	"spelling"	"Dendrobatidae"	"Anura"	"Amphibia"	1	"AmphibiaWeb. 2018."	"Chen_Wiens_2020"
"Phyllobates_vittatus"	"Phyllobates vittatus"	"spelling"	"Dendrobatidae"	"Anura"	"Amphibia"	1	"AmphibiaWeb. 2018."	"Chen_Wiens_2020"
"Silverstoneia_flotator"	"Silverstoneia flotator"	"spelling"	"Dendrobatidae"	"Anura"	"Amphibia"	1	"Ibanez and Smith, 1995"	"Chen_Wiens_2020"
"Euphlyctis_cyanophlyctis"	"Euphlyctis cyanophlyctis"	"spelling"	"Dicroglossidae"	"Anura"	"Amphibia"	1	"AmphibiaWeb. 2018."	"Chen_Wiens_2020"
"Fejervarya_cancrivora"	"Fejervarya cancrivora"	"spelling"	"Dicroglossidae"	"Anura"	"Amphibia"	1	"AmphibiaWeb. 2018."	"Chen_Wiens_2020"
"Hoplobatrachus_occipitalis"	"Hoplobatrachus occipitalis"	"spelling"	"Dicroglossidae"	"Anura"	"Amphibia"	1	"AmphibiaWeb. 2018."	"Chen_Wiens_2020"
"Hoplobatrachus_tigerinus"	"Hoplobatrachus tigerinus"	"spelling"	"Dicroglossidae"	"Anura"	"Amphibia"	1	"AmphibiaWeb. 2018."	"Chen_Wiens_2020"
"Ingerana_baluensis"	"Ingerana baluensis"	"spelling"	"Dicroglossidae"	"Anura"	"Amphibia"	1	"Sukumaran et al., 2006"	"Chen_Wiens_2020"
"Limnonectes_blythii"	"Limnonectes blythii"	"spelling"	"Dicroglossidae"	"Anura"	"Amphibia"	1	"Emerson and Boyd, 1999"	"Chen_Wiens_2020"
"Limnonectes_finchi"	"Limnonectes finchi"	"spelling"	"Dicroglossidae"	"Anura"	"Amphibia"	1	"Sukumaran et al., 2006"	"Chen_Wiens_2020"
"Limnonectes_kuhlii"	"Limnonectes kuhlii"	"spelling"	"Dicroglossidae"	"Anura"	"Amphibia"	1	"AmphibiaWeb. 2018."	"Chen_Wiens_2020"
"Limnonectes_leporinus"	"Limnonectes leporinus"	"spelling"	"Dicroglossidae"	"Anura"	"Amphibia"	1	"Matsui et al., 2015"	"Chen_Wiens_2020"
"Nannophrys_ceylonensis"	"Nannophrys ceylonensis"	"spelling"	"Dicroglossidae"	"Anura"	"Amphibia"	1	"Wickramasinghe et al., 2004"	"Chen_Wiens_2020"
"Occidozyga_laevis"	"Occidozyga laevis"	"spelling"	"Dicroglossidae"	"Anura"	"Amphibia"	1	"AmphibiaWeb. 2018."	"Chen_Wiens_2020"
"Sphaerotheca_breviceps"	"Sphaerotheca breviceps"	"spelling"	"Dicroglossidae"	"Anura"	"Amphibia"	1	"AmphibiaWeb. 2018."	"Chen_Wiens_2020"
"Adelophryne_gutturosa"	"Adelophryne gutturosa"	"spelling"	"Eleutherodactylidae"	"Anura"	"Amphibia"	1	"AmphibiaWeb. 2018."	"Chen_Wiens_2020"
"Eleutherodactylus_abbotti"	"Eleutherodactylus abbotti"	"spelling"	"Eleutherodactylidae"	"Anura"	"Amphibia"	1	"AmphibiaWeb. 2018."	"Chen_Wiens_2020"
"Eleutherodactylus_albipes"	"Eleutherodactylus albipes"	"spelling"	"Eleutherodactylidae"	"Anura"	"Amphibia"	1	"Alonso et al., 2005"	"Chen_Wiens_2020"
"Eleutherodactylus_alcoae"	"Eleutherodactylus alcoae"	"spelling"	"Eleutherodactylidae"	"Anura"	"Amphibia"	1	"Albert, 1977"	"Chen_Wiens_2020"
"Eleutherodactylus_auriculatus"	"Eleutherodactylus auriculatus"	"spelling"	"Eleutherodactylidae"	"Anura"	"Amphibia"	1	"AmphibiaWeb. 2018."	"Chen_Wiens_2020"
"Eleutherodactylus_cooki"	"Eleutherodactylus cooki"	"spelling"	"Eleutherodactylidae"	"Anura"	"Amphibia"	1	"Burrowes, 2000"	"Chen_Wiens_2020"
"Eleutherodactylus_coqui"	"Eleutherodactylus coqui"	"spelling"	"Eleutherodactylidae"	"Anura"	"Amphibia"	1	"AmphibiaWeb. 2018."	"Chen_Wiens_2020"
"Eleutherodactylus_cundalli"	"Eleutherodactylus cundalli"	"spelling"	"Eleutherodactylidae"	"Anura"	"Amphibia"	1	"Diesel et al., 1995"	"Chen_Wiens_2020"
"Eleutherodactylus_dimidiatus"	"Eleutherodactylus dimidiatus"	"spelling"	"Eleutherodactylidae"	"Anura"	"Amphibia"	1	"Bignotte-Giro et al., 2018"	"Chen_Wiens_2020"
"Eleutherodactylus_fowleri"	"Eleutherodactylus fowleri"	"spelling"	"Eleutherodactylidae"	"Anura"	"Amphibia"	1	"Schwartz, 1973"	"Chen_Wiens_2020"
"Eleutherodactylus_gossei"	"Eleutherodactylus gossei"	"spelling"	"Eleutherodactylidae"	"Anura"	"Amphibia"	1	"Hedges, 1987"	"Chen_Wiens_2020"
"Eleutherodactylus_johnstonei"	"Eleutherodactylus johnstonei"	"spelling"	"Eleutherodactylidae"	"Anura"	"Amphibia"	1	"Watkins et al., 1970"	"Chen_Wiens_2020"
"Eleutherodactylus_lentus"	"Eleutherodactylus lentus"	"spelling"	"Eleutherodactylidae"	"Anura"	"Amphibia"	1	"Perry, 2009"	"Chen_Wiens_2020"
"Eleutherodactylus_martinicensis"	"Eleutherodactylus martinicensis"	"spelling"	"Eleutherodactylidae"	"Anura"	"Amphibia"	1	"AmphibiaWeb. 2018."	"Chen_Wiens_2020"
"Eleutherodactylus_nubicola"	"Eleutherodactylus nubicola"	"spelling"	"Eleutherodactylidae"	"Anura"	"Amphibia"	1	"AmphibiaWeb. 2018."	"Chen_Wiens_2020"
"Eleutherodactylus_planirostris"	"Eleutherodactylus planirostris"	"spelling"	"Eleutherodactylidae"	"Anura"	"Amphibia"	1	"AmphibiaWeb. 2018."	"Chen_Wiens_2020"
"Eleutherodactylus_unicolor"	"Eleutherodactylus unicolor"	"spelling"	"Eleutherodactylidae"	"Anura"	"Amphibia"	1	"AmphibiaWeb. 2018."	"Chen_Wiens_2020"
"Eleutherodactylus_varleyi"	"Eleutherodactylus varleyi"	"spelling"	"Eleutherodactylidae"	"Anura"	"Amphibia"	1	"AmphibiaWeb. 2018."	"Chen_Wiens_2020"
"Eleutherodactylus_zeus"	"Eleutherodactylus zeus"	"spelling"	"Eleutherodactylidae"	"Anura"	"Amphibia"	1	"AmphibiaWeb. 2018."	"Chen_Wiens_2020"
"Eleutherodactylus_zugi"	"Eleutherodactylus zugi"	"spelling"	"Eleutherodactylidae"	"Anura"	"Amphibia"	1	"AmphibiaWeb. 2018."	"Chen_Wiens_2020"
"Phyzelaphryne_miriamae"	"Phyzelaphryne miriamae"	"spelling"	"Eleutherodactylidae"	"Anura"	"Amphibia"	1	"Heyer and Gascon, 1995"	"Chen_Wiens_2020"
"Heleophryne_purcelli"	"Heleophryne purcelli"	"spelling"	"Heleophrynidae"	"Anura"	"Amphibia"	1	"AmphibiaWeb. 2018."	"Chen_Wiens_2020"
"Flectonotus_pygmaeus"	"Flectonotus pygmaeus"	"spelling"	"Hemiphractidae"	"Anura"	"Amphibia"	1	"AmphibiaWeb. 2018."	"Chen_Wiens_2020"
"Gastrotheca_cornuta"	"Gastrotheca cornuta"	"spelling"	"Hemiphractidae"	"Anura"	"Amphibia"	1	"AmphibiaWeb. 2018."	"Chen_Wiens_2020"
"Gastrotheca_marsupiata"	"Gastrotheca marsupiata"	"spelling"	"Hemiphractidae"	"Anura"	"Amphibia"	1	"Sinsch and Joermann, 1989"	"Chen_Wiens_2020"
"Hemiphractus_scutatus"	"Hemiphractus scutatus"	"spelling"	"Hemiphractidae"	"Anura"	"Amphibia"	1	"AmphibiaWeb. 2018; http://www.rainforestconservation.org/species-data-sheets/frogs/hemiphractus-scutatus/"	"Chen_Wiens_2020"
"Hemisus_marmoratus"	"Hemisus marmoratus"	"spelling"	"Hemisotidae"	"Anura"	"Amphibia"	1	"AmphibiaWeb. 2018."	"Chen_Wiens_2020"
"Acris_crepitans"	"Acris crepitans"	"spelling"	"Hylidae"	"Anura"	"Amphibia"	1	"AmphibiaWeb. 2018."	"Chen_Wiens_2020"
"Acris_gryllus"	"Acris gryllus"	"spelling"	"Hylidae"	"Anura"	"Amphibia"	1	"AmphibiaWeb. 2018."	"Chen_Wiens_2020"
"Agalychnis_annae"	"Agalychnis annae"	"spelling"	"Hylidae"	"Anura"	"Amphibia"	1	"AmphibiaWeb. 2018."	"Chen_Wiens_2020"
"Agalychnis_callidryas"	"Agalychnis callidryas"	"spelling"	"Hylidae"	"Anura"	"Amphibia"	1	"AmphibiaWeb. 2018."	"Chen_Wiens_2020"
"Agalychnis_moreletii"	"Agalychnis moreletii"	"spelling"	"Hylidae"	"Anura"	"Amphibia"	1	"AmphibiaWeb. 2018."	"Chen_Wiens_2020"
"Agalychnis_saltator"	"Agalychnis saltator"	"spelling"	"Hylidae"	"Anura"	"Amphibia"	1	"AmphibiaWeb. 2018."	"Chen_Wiens_2020"
"Agalychnis_spurrelli"	"Agalychnis spurrelli"	"spelling"	"Hylidae"	"Anura"	"Amphibia"	1	"AmphibiaWeb. 2018."	"Chen_Wiens_2020"
"Anotheca_spinosa"	"Anotheca spinosa"	"spelling"	"Hylidae"	"Anura"	"Amphibia"	1	"AmphibiaWeb. 2018."	"Chen_Wiens_2020"
"Aplastodiscus_arildae"	"Aplastodiscus arildae"	"spelling"	"Hylidae"	"Anura"	"Amphibia"	1	"AmphibiaWeb. 2018."	"Chen_Wiens_2020"
"Aplastodiscus_leucopygius"	"Aplastodiscus leucopygius"	"spelling"	"Hylidae"	"Anura"	"Amphibia"	1	"AmphibiaWeb. 2018."	"Chen_Wiens_2020"
"Aplastodiscus_perviridis"	"Aplastodiscus perviridis"	"spelling"	"Hylidae"	"Anura"	"Amphibia"	1	"AmphibiaWeb. 2018."	"Chen_Wiens_2020"
"Bokermannohyla_circumdata"	"Bokermannohyla circumdata"	"spelling"	"Hylidae"	"Anura"	"Amphibia"	1	"AmphibiaWeb. 2018."	"Chen_Wiens_2020"
"Charadrahyla_taeniopus"	"Charadrahyla taeniopus"	"spelling"	"Hylidae"	"Anura"	"Amphibia"	1	"Serrano, 2018"	"Chen_Wiens_2020"
"Corythomantis_greeningi"	"Corythomantis greeningi"	"spelling"	"Hylidae"	"Anura"	"Amphibia"	1	"AmphibiaWeb. 2018."	"Chen_Wiens_2020"
"Cruziohyla_calcarifer"	"Cruziohyla calcarifer"	"spelling"	"Hylidae"	"Anura"	"Amphibia"	1	"AmphibiaWeb. 2018."	"Chen_Wiens_2020"
"Cyclorana_alboguttata"	"Cyclorana alboguttata"	"spelling"	"Hylidae"	"Anura"	"Amphibia"	1	"AmphibiaWeb. 2018."	"Chen_Wiens_2020"
"Cyclorana_australis"	"Cyclorana australis"	"spelling"	"Hylidae"	"Anura"	"Amphibia"	1	"Dostine et al., 2013"	"Chen_Wiens_2020"
"Cyclorana_longipes"	"Cyclorana longipes"	"spelling"	"Hylidae"	"Anura"	"Amphibia"	1	"Dostine et al., 2013"	"Chen_Wiens_2020"
"Cyclorana_novaehollandiae"	"Cyclorana novaehollandiae"	"spelling"	"Hylidae"	"Anura"	"Amphibia"	1	"AmphibiaWeb. 2018."	"Chen_Wiens_2020"
"Dendropsophus_anceps"	"Dendropsophus anceps"	"spelling"	"Hylidae"	"Anura"	"Amphibia"	1	"AmphibiaWeb. 2018."	"Chen_Wiens_2020"
"Dendropsophus_brevifrons"	"Dendropsophus brevifrons"	"spelling"	"Hylidae"	"Anura"	"Amphibia"	1	"AmphibiaWeb. 2018."	"Chen_Wiens_2020"
"Dendropsophus_ebraccatus"	"Dendropsophus ebraccatus"	"spelling"	"Hylidae"	"Anura"	"Amphibia"	1	"AmphibiaWeb. 2018."	"Chen_Wiens_2020"
"Dendropsophus_koechlini"	"Dendropsophus koechlini"	"spelling"	"Hylidae"	"Anura"	"Amphibia"	1	"AmphibiaWeb. 2018."	"Chen_Wiens_2020"
"Dendropsophus_leali"	"Dendropsophus leali"	"spelling"	"Hylidae"	"Anura"	"Amphibia"	1	"AmphibiaWeb. 2018."	"Chen_Wiens_2020"
"Dendropsophus_leucophyllatus"	"Dendropsophus leucophyllatus"	"spelling"	"Hylidae"	"Anura"	"Amphibia"	1	"AmphibiaWeb. 2018."	"Chen_Wiens_2020"
"Dendropsophus_marmoratus"	"Dendropsophus marmoratus"	"spelling"	"Hylidae"	"Anura"	"Amphibia"	1	"AmphibiaWeb. 2018."	"Chen_Wiens_2020"
"Dendropsophus_parviceps"	"Dendropsophus parviceps"	"spelling"	"Hylidae"	"Anura"	"Amphibia"	1	"AmphibiaWeb. 2018."	"Chen_Wiens_2020"
"Dendropsophus_rhodopeplus"	"Dendropsophus rhodopeplus"	"spelling"	"Hylidae"	"Anura"	"Amphibia"	1	"AmphibiaWeb. 2018."	"Chen_Wiens_2020"
"Dendropsophus_sarayacuensis"	"Dendropsophus sarayacuensis"	"spelling"	"Hylidae"	"Anura"	"Amphibia"	1	"AmphibiaWeb. 2018."	"Chen_Wiens_2020"
"Dendropsophus_triangulum"	"Dendropsophus triangulum"	"spelling"	"Hylidae"	"Anura"	"Amphibia"	1	"AmphibiaWeb. 2018."	"Chen_Wiens_2020"
"Duellmanohyla_rufioculis"	"Duellmanohyla rufioculis"	"spelling"	"Hylidae"	"Anura"	"Amphibia"	1	"AmphibiaWeb. 2018."	"Chen_Wiens_2020"
"Duellmanohyla_soralia"	"Duellmanohyla soralia"	"spelling"	"Hylidae"	"Anura"	"Amphibia"	1	"AmphibiaWeb. 2018."	"Chen_Wiens_2020"
"Ecnomiohyla_miliaria"	"Ecnomiohyla miliaria"	"spelling"	"Hylidae"	"Anura"	"Amphibia"	1	"Mccranie et al., 2003"	"Chen_Wiens_2020"
"Hyla_andersonii"	"Hyla andersonii"	"spelling"	"Hylidae"	"Anura"	"Amphibia"	1	"Gerhardt, 1974"	"Chen_Wiens_2020"
"Hyla_arborea"	"Hyla arborea"	"spelling"	"Hylidae"	"Anura"	"Amphibia"	1	"AmphibiaWeb. 2018."	"Chen_Wiens_2020"
"Hyla_arenicolor"	"Hyla arenicolor"	"spelling"	"Hylidae"	"Anura"	"Amphibia"	1	"AmphibiaWeb. 2018."	"Chen_Wiens_2020"
"Hyla_avivoca"	"Hyla avivoca"	"spelling"	"Hylidae"	"Anura"	"Amphibia"	1	"AmphibiaWeb. 2018."	"Chen_Wiens_2020"
"Hyla_chinensis"	"Hyla chinensis"	"spelling"	"Hylidae"	"Anura"	"Amphibia"	1	"AmphibiaWeb. 2018."	"Chen_Wiens_2020"
"Hyla_chrysoscelis"	"Hyla chrysoscelis"	"spelling"	"Hylidae"	"Anura"	"Amphibia"	1	"AmphibiaWeb. 2018."	"Chen_Wiens_2020"
"Hyla_cinerea"	"Hyla cinerea"	"spelling"	"Hylidae"	"Anura"	"Amphibia"	1	"Gerhardt, 1974"	"Chen_Wiens_2020"
"Hyla_femoralis"	"Hyla femoralis"	"spelling"	"Hylidae"	"Anura"	"Amphibia"	1	"AmphibiaWeb. 2018."	"Chen_Wiens_2020"
"Hyla_gratiosa"	"Hyla gratiosa"	"spelling"	"Hylidae"	"Anura"	"Amphibia"	1	"AmphibiaWeb. 2018."	"Chen_Wiens_2020"
"Hyla_japonica"	"Hyla japonica"	"spelling"	"Hylidae"	"Anura"	"Amphibia"	1	"AmphibiaWeb. 2018."	"Chen_Wiens_2020"
"Hyla_meridionalis"	"Hyla meridionalis"	"spelling"	"Hylidae"	"Anura"	"Amphibia"	1	"AmphibiaWeb. 2018."	"Chen_Wiens_2020"
"Hyla_squirella"	"Hyla squirella"	"spelling"	"Hylidae"	"Anura"	"Amphibia"	1	"AmphibiaWeb. 2018."	"Chen_Wiens_2020"
"Hyla_versicolor"	"Hyla versicolor"	"spelling"	"Hylidae"	"Anura"	"Amphibia"	1	"AmphibiaWeb. 2018."	"Chen_Wiens_2020"
"Hylomantis_lemur"	"Hylomantis lemur"	"spelling"	"Hylidae"	"Anura"	"Amphibia"	1	"AmphibiaWeb. 2018."	"Chen_Wiens_2020"
"Hypsiboas_albomarginatus"	"Hypsiboas albomarginatus"	"spelling"	"Hylidae"	"Anura"	"Amphibia"	1	"AmphibiaWeb. 2018."	"Chen_Wiens_2020"
"Hypsiboas_albopunctatus"	"Hypsiboas albopunctatus"	"spelling"	"Hylidae"	"Anura"	"Amphibia"	1	"AmphibiaWeb. 2018."	"Chen_Wiens_2020"
"Hypsiboas_boans"	"Hypsiboas boans"	"spelling"	"Hylidae"	"Anura"	"Amphibia"	1	"AmphibiaWeb. 2018."	"Chen_Wiens_2020"
"Hypsiboas_cinerascens"	"Hypsiboas cinerascens"	"spelling"	"Hylidae"	"Anura"	"Amphibia"	1	"AmphibiaWeb. 2018."	"Chen_Wiens_2020"
"Hypsiboas_fasciatus"	"Hypsiboas fasciatus"	"spelling"	"Hylidae"	"Anura"	"Amphibia"	1	"AmphibiaWeb. 2018."	"Chen_Wiens_2020"
"Hypsiboas_geographicus"	"Hypsiboas geographicus"	"spelling"	"Hylidae"	"Anura"	"Amphibia"	1	"AmphibiaWeb. 2018."	"Chen_Wiens_2020"
"Hypsiboas_lanciformis"	"Hypsiboas lanciformis"	"spelling"	"Hylidae"	"Anura"	"Amphibia"	1	"AmphibiaWeb. 2018."	"Chen_Wiens_2020"
"Hypsiboas_rosenbergi"	"Hypsiboas rosenbergi"	"spelling"	"Hylidae"	"Anura"	"Amphibia"	1	"AmphibiaWeb. 2018."	"Chen_Wiens_2020"
"Isthmohyla_pseudopuma"	"Isthmohyla pseudopuma"	"spelling"	"Hylidae"	"Anura"	"Amphibia"	1	"AmphibiaWeb. 2018."	"Chen_Wiens_2020"
"Litoria_caerulea"	"Litoria caerulea"	"spelling"	"Hylidae"	"Anura"	"Amphibia"	1	"AmphibiaWeb. 2018."	"Chen_Wiens_2020"
"Litoria_genimaculata"	"Litoria genimaculata"	"spelling"	"Hylidae"	"Anura"	"Amphibia"	1	"AmphibiaWeb. 2018."	"Chen_Wiens_2020"
"Litoria_inermis"	"Litoria inermis"	"spelling"	"Hylidae"	"Anura"	"Amphibia"	1	"AmphibiaWeb. 2018."	"Chen_Wiens_2020"
"Litoria_nasuta"	"Litoria nasuta"	"spelling"	"Hylidae"	"Anura"	"Amphibia"	1	"AmphibiaWeb. 2018."	"Chen_Wiens_2020"
"Litoria_pallida"	"Litoria pallida"	"spelling"	"Hylidae"	"Anura"	"Amphibia"	1	"Bleach et al., 2015"	"Chen_Wiens_2020"
"Litoria_pearsoniana"	"Litoria pearsoniana"	"spelling"	"Hylidae"	"Anura"	"Amphibia"	1	"Parris, 2001"	"Chen_Wiens_2020"
"Litoria_rothii"	"Litoria rothii"	"spelling"	"Hylidae"	"Anura"	"Amphibia"	1	"AmphibiaWeb. 2018."	"Chen_Wiens_2020"
"Litoria_rubella"	"Litoria rubella"	"spelling"	"Hylidae"	"Anura"	"Amphibia"	1	"AmphibiaWeb. 2018."	"Chen_Wiens_2020"
"Litoria_tornieri"	"Litoria tornieri"	"spelling"	"Hylidae"	"Anura"	"Amphibia"	1	"AmphibiaWeb. 2018."	"Chen_Wiens_2020"
"Nyctimystes_dayi"	"Nyctimystes dayi"	"spelling"	"Hylidae"	"Anura"	"Amphibia"	1	"AmphibiaWeb. 2018."	"Chen_Wiens_2020"
"Osteocephalus_buckleyi"	"Osteocephalus buckleyi"	"spelling"	"Hylidae"	"Anura"	"Amphibia"	1	"AmphibiaWeb. 2018."	"Chen_Wiens_2020"
"Osteocephalus_leprieurii"	"Osteocephalus leprieurii"	"spelling"	"Hylidae"	"Anura"	"Amphibia"	1	"De La Riva et al., 1995"	"Chen_Wiens_2020"
"Osteocephalus_oophagus"	"Osteocephalus oophagus"	"spelling"	"Hylidae"	"Anura"	"Amphibia"	1	"AmphibiaWeb. 2018."	"Chen_Wiens_2020"
"Osteocephalus_taurinus"	"Osteocephalus taurinus"	"spelling"	"Hylidae"	"Anura"	"Amphibia"	1	"AmphibiaWeb. 2018."	"Chen_Wiens_2020"
"Osteopilus_septentrionalis"	"Osteopilus septentrionalis"	"spelling"	"Hylidae"	"Anura"	"Amphibia"	1	"AmphibiaWeb. 2018."	"Chen_Wiens_2020"
"Pachymedusa_dacnicolor"	"Pachymedusa dacnicolor"	"spelling"	"Hylidae"	"Anura"	"Amphibia"	1	"Somma, 2018"	"Chen_Wiens_2020"
"Phyllodytes_luteolus"	"Phyllodytes luteolus"	"spelling"	"Hylidae"	"Anura"	"Amphibia"	1	"Nunes et al., 2007"	"Chen_Wiens_2020"
"Phyllomedusa_atelopoides"	"Phyllomedusa atelopoides"	"spelling"	"Hylidae"	"Anura"	"Amphibia"	1	"AmphibiaWeb. 2018."	"Chen_Wiens_2020"
"Phyllomedusa_bicolor"	"Phyllomedusa bicolor"	"spelling"	"Hylidae"	"Anura"	"Amphibia"	1	"AmphibiaWeb. 2018."	"Chen_Wiens_2020"
"Phyllomedusa_hypochondrialis"	"Phyllomedusa hypochondrialis"	"spelling"	"Hylidae"	"Anura"	"Amphibia"	1	"AmphibiaWeb. 2018."	"Chen_Wiens_2020"
"Phyllomedusa_palliata"	"Phyllomedusa palliata"	"spelling"	"Hylidae"	"Anura"	"Amphibia"	1	"AmphibiaWeb. 2018."	"Chen_Wiens_2020"
"Phyllomedusa_tarsius"	"Phyllomedusa tarsius"	"spelling"	"Hylidae"	"Anura"	"Amphibia"	1	"AmphibiaWeb. 2018."	"Chen_Wiens_2020"
"Phyllomedusa_tomopterna"	"Phyllomedusa tomopterna"	"spelling"	"Hylidae"	"Anura"	"Amphibia"	1	"AmphibiaWeb. 2018."	"Chen_Wiens_2020"
"Phyllomedusa_vaillantii"	"Phyllomedusa vaillantii"	"spelling"	"Hylidae"	"Anura"	"Amphibia"	1	"AmphibiaWeb. 2018."	"Chen_Wiens_2020"
"Plectrohyla_bistincta"	"Plectrohyla bistincta"	"spelling"	"Hylidae"	"Anura"	"Amphibia"	1	"Campbell et al., 2018"	"Chen_Wiens_2020"
"Pseudacris_crucifer"	"Pseudacris crucifer"	"spelling"	"Hylidae"	"Anura"	"Amphibia"	1	"AmphibiaWeb. 2018."	"Chen_Wiens_2020"
"Pseudacris_nigrita"	"Pseudacris nigrita"	"spelling"	"Hylidae"	"Anura"	"Amphibia"	1	"AmphibiaWeb. 2018."	"Chen_Wiens_2020"
"Pseudacris_regilla"	"Pseudacris regilla"	"spelling"	"Hylidae"	"Anura"	"Amphibia"	1	"AmphibiaWeb. 2018."	"Chen_Wiens_2020"
"Pseudacris_streckeri"	"Pseudacris streckeri"	"spelling"	"Hylidae"	"Anura"	"Amphibia"	1	"AmphibiaWeb. 2018."	"Chen_Wiens_2020"
"Pseudis_minuta"	"Pseudis minuta"	"spelling"	"Hylidae"	"Anura"	"Amphibia"	1	"Zank et al., 2008"	"Chen_Wiens_2020"
"Pseudis_paradoxa"	"Pseudis paradoxa"	"spelling"	"Hylidae"	"Anura"	"Amphibia"	1	"AmphibiaWeb. 2018."	"Chen_Wiens_2020"
"Ptychohyla_hypomykter"	"Ptychohyla hypomykter"	"spelling"	"Hylidae"	"Anura"	"Amphibia"	1	"AmphibiaWeb. 2018."	"Chen_Wiens_2020"
"Scarthyla_goinorum"	"Scarthyla goinorum"	"spelling"	"Hylidae"	"Anura"	"Amphibia"	1	"AmphibiaWeb. 2018."	"Chen_Wiens_2020"
"Scinax_acuminatus"	"Scinax acuminatus"	"spelling"	"Hylidae"	"Anura"	"Amphibia"	1	"de Carvalho et al., 2015a"	"Chen_Wiens_2020"
"Scinax_boulengeri"	"Scinax boulengeri"	"spelling"	"Hylidae"	"Anura"	"Amphibia"	1	"AmphibiaWeb. 2018."	"Chen_Wiens_2020"
"Scinax_catharinae"	"Scinax catharinae"	"spelling"	"Hylidae"	"Anura"	"Amphibia"	1	"AmphibiaWeb. 2018."	"Chen_Wiens_2020"
"Scinax_cruentommus"	"Scinax cruentommus"	"spelling"	"Hylidae"	"Anura"	"Amphibia"	1	"de Carvalho et al., 2015b"	"Chen_Wiens_2020"
"Scinax_elaeochroa"	"Scinax elaeochroa"	"spelling"	"Hylidae"	"Anura"	"Amphibia"	1	"Ron et al., 2018"	"Chen_Wiens_2020"
"Scinax_fuscovarius"	"Scinax fuscovarius"	"spelling"	"Hylidae"	"Anura"	"Amphibia"	1	"AmphibiaWeb. 2018."	"Chen_Wiens_2020"
"Scinax_garbei"	"Scinax garbei"	"spelling"	"Hylidae"	"Anura"	"Amphibia"	1	"AmphibiaWeb. 2018."	"Chen_Wiens_2020"
"Scinax_nasicus"	"Scinax nasicus"	"spelling"	"Hylidae"	"Anura"	"Amphibia"	1	"AmphibiaWeb. 2018."	"Chen_Wiens_2020"
"Scinax_ruber"	"Scinax ruber"	"spelling"	"Hylidae"	"Anura"	"Amphibia"	1	"de Carvalho et al., 2015a"	"Chen_Wiens_2020"
"Scinax_squalirostris"	"Scinax squalirostris"	"spelling"	"Hylidae"	"Anura"	"Amphibia"	1	"AmphibiaWeb. 2018."	"Chen_Wiens_2020"
"Smilisca_baudinii"	"Smilisca baudinii"	"spelling"	"Hylidae"	"Anura"	"Amphibia"	1	"AmphibiaWeb. 2018."	"Chen_Wiens_2020"
"Smilisca_cyanosticta"	"Smilisca cyanosticta"	"spelling"	"Hylidae"	"Anura"	"Amphibia"	1	"AmphibiaWeb. 2018."	"Chen_Wiens_2020"
"Smilisca_phaeota"	"Smilisca phaeota"	"spelling"	"Hylidae"	"Anura"	"Amphibia"	1	"AmphibiaWeb. 2018."	"Chen_Wiens_2020"
"Smilisca_puma"	"Smilisca puma"	"spelling"	"Hylidae"	"Anura"	"Amphibia"	1	"AmphibiaWeb. 2018."	"Chen_Wiens_2020"
"Sphaenorhynchus_dorisae"	"Sphaenorhynchus dorisae"	"spelling"	"Hylidae"	"Anura"	"Amphibia"	1	"Hodl, 1977"	"Chen_Wiens_2020"
"Sphaenorhynchus_lacteus"	"Sphaenorhynchus lacteus"	"spelling"	"Hylidae"	"Anura"	"Amphibia"	1	"AmphibiaWeb. 2018."	"Chen_Wiens_2020"
"Trachycephalus_coriaceus"	"Trachycephalus coriaceus"	"spelling"	"Hylidae"	"Anura"	"Amphibia"	1	"AmphibiaWeb. 2018."	"Chen_Wiens_2020"
"Trachycephalus_resinifictrix"	"Trachycephalus resinifictrix"	"spelling"	"Hylidae"	"Anura"	"Amphibia"	1	"AmphibiaWeb. 2018."	"Chen_Wiens_2020"
"Trachycephalus_venulosus"	"Trachycephalus venulosus"	"spelling"	"Hylidae"	"Anura"	"Amphibia"	1	"AmphibiaWeb. 2018."	"Chen_Wiens_2020"
"Triprion_petasatus"	"Triprion petasatus"	"spelling"	"Hylidae"	"Anura"	"Amphibia"	1	"AmphibiaWeb. 2018."	"Chen_Wiens_2020"
"Crossodactylus_schmidti"	"Crossodactylus schmidti"	"spelling"	"Hylodidae"	"Anura"	"Amphibia"	1	"Caldart et al., 2011"	"Chen_Wiens_2020"
"Hylodes_dactylocinus"	"Hylodes dactylocinus"	"spelling"	"Hylodidae"	"Anura"	"Amphibia"	1	"AmphibiaWeb. 2018."	"Chen_Wiens_2020"
"Megaelosia_goeldii"	"Megaelosia goeldii"	"spelling"	"Hylodidae"	"Anura"	"Amphibia"	0	"Giaretta et al., 1993"	"Chen_Wiens_2020"
"Acanthixalus_sonjae"	"Acanthixalus sonjae"	"spelling"	"Hyperoliidae"	"Anura"	"Amphibia"	0	"Rodel et al., 2003; Starnberger et al., 2013"	"Chen_Wiens_2020"
"Acanthixalus_spinosus"	"Acanthixalus spinosus"	"spelling"	"Hyperoliidae"	"Anura"	"Amphibia"	0	"Rodel et al., 2003; Starnberger et al., 2013"	"Chen_Wiens_2020"
"Afrixalus_dorsalis"	"Afrixalus dorsalis"	"spelling"	"Hyperoliidae"	"Anura"	"Amphibia"	1	"AmphibiaWeb. 2018."	"Chen_Wiens_2020"
"Afrixalus_fornasini"	"Afrixalus fornasini"	"spelling"	"Hyperoliidae"	"Anura"	"Amphibia"	1	"AmphibiaWeb. 2018."	"Chen_Wiens_2020"
"Afrixalus_stuhlmanni"	"Afrixalus stuhlmanni"	"spelling"	"Hyperoliidae"	"Anura"	"Amphibia"	1	"AmphibiaWeb. 2018."	"Chen_Wiens_2020"
"Cryptothylax_greshoffii"	"Cryptothylax greshoffii"	"spelling"	"Hyperoliidae"	"Anura"	"Amphibia"	1	"AmphibiaWeb. 2018."	"Chen_Wiens_2020"
"Heterixalus_betsileo"	"Heterixalus betsileo"	"spelling"	"Hyperoliidae"	"Anura"	"Amphibia"	1	"AmphibiaWeb. 2018."	"Chen_Wiens_2020"
"Heterixalus_luteostriatus"	"Heterixalus luteostriatus"	"spelling"	"Hyperoliidae"	"Anura"	"Amphibia"	1	"AmphibiaWeb. 2018."	"Chen_Wiens_2020"
"Hyperolius_acuticeps"	"Hyperolius acuticeps"	"spelling"	"Hyperoliidae"	"Anura"	"Amphibia"	1	"AmphibiaWeb. 2018."	"Chen_Wiens_2020"
"Hyperolius_argus"	"Hyperolius argus"	"spelling"	"Hyperoliidae"	"Anura"	"Amphibia"	1	"AmphibiaWeb. 2018."	"Chen_Wiens_2020"
"Hyperolius_castaneus"	"Hyperolius castaneus"	"spelling"	"Hyperoliidae"	"Anura"	"Amphibia"	1	"AmphibiaWeb. 2018."	"Chen_Wiens_2020"
"Hyperolius_cinnamomeoventris"	"Hyperolius cinnamomeoventris"	"spelling"	"Hyperoliidae"	"Anura"	"Amphibia"	1	"AmphibiaWeb. 2018."	"Chen_Wiens_2020"
"Hyperolius_concolor"	"Hyperolius concolor"	"spelling"	"Hyperoliidae"	"Anura"	"Amphibia"	1	"AmphibiaWeb. 2018."	"Chen_Wiens_2020"
"Hyperolius_frontalis"	"Hyperolius frontalis"	"spelling"	"Hyperoliidae"	"Anura"	"Amphibia"	1	"AmphibiaWeb. 2018."	"Chen_Wiens_2020"
"Hyperolius_kivuensis"	"Hyperolius kivuensis"	"spelling"	"Hyperoliidae"	"Anura"	"Amphibia"	1	"AmphibiaWeb. 2018."	"Chen_Wiens_2020"
"Hyperolius_lateralis"	"Hyperolius lateralis"	"spelling"	"Hyperoliidae"	"Anura"	"Amphibia"	1	"AmphibiaWeb. 2018."	"Chen_Wiens_2020"
"Hyperolius_nasutus"	"Hyperolius nasutus"	"spelling"	"Hyperoliidae"	"Anura"	"Amphibia"	1	"AmphibiaWeb. 2018."	"Chen_Wiens_2020"
"Hyperolius_puncticulatus"	"Hyperolius puncticulatus"	"spelling"	"Hyperoliidae"	"Anura"	"Amphibia"	1	"AmphibiaWeb. 2018."	"Chen_Wiens_2020"
"Hyperolius_pusillus"	"Hyperolius pusillus"	"spelling"	"Hyperoliidae"	"Anura"	"Amphibia"	1	"AmphibiaWeb. 2018."	"Chen_Wiens_2020"
"Hyperolius_semidiscus"	"Hyperolius semidiscus"	"spelling"	"Hyperoliidae"	"Anura"	"Amphibia"	1	"AmphibiaWeb. 2018."	"Chen_Wiens_2020"
"Hyperolius_tuberilinguis"	"Hyperolius tuberilinguis"	"spelling"	"Hyperoliidae"	"Anura"	"Amphibia"	1	"AmphibiaWeb. 2018."	"Chen_Wiens_2020"
"Kassina_senegalensis"	"Kassina senegalensis"	"spelling"	"Hyperoliidae"	"Anura"	"Amphibia"	1	"AmphibiaWeb. 2018."	"Chen_Wiens_2020"
"Tachycnemis_seychellensis"	"Tachycnemis seychellensis"	"spelling"	"Hyperoliidae"	"Anura"	"Amphibia"	1	"Gerlach and Gerlach, 2010"	"Chen_Wiens_2020"
"Leiopelma_archeyi"	"Leiopelma archeyi"	"spelling"	"Leiopelmatidae"	"Anura"	"Amphibia"	0	"Bell, 2010; AmphibiaWeb. 2018"	"Chen_Wiens_2020"
"Leiopelma_hochstetteri"	"Leiopelma hochstetteri"	"spelling"	"Leiopelmatidae"	"Anura"	"Amphibia"	0	"Bell, 2010; AmphibiaWeb. 2018"	"Chen_Wiens_2020"
"Leiopelma_pakeka"	"Leiopelma pakeka"	"spelling"	"Leiopelmatidae"	"Anura"	"Amphibia"	0	"Bell, 2010; AmphibiaWeb. 2018"	"Chen_Wiens_2020"
"Adenomera_andreae"	"Adenomera andreae"	"spelling"	"Leptodactylidae"	"Anura"	"Amphibia"	1	"AmphibiaWeb. 2018."	"Chen_Wiens_2020"
"Adenomera_hylaedactyla"	"Adenomera hylaedactyla"	"spelling"	"Leptodactylidae"	"Anura"	"Amphibia"	1	"AmphibiaWeb. 2018."	"Chen_Wiens_2020"
"Edalorhina_perezi"	"Edalorhina perezi"	"spelling"	"Leptodactylidae"	"Anura"	"Amphibia"	1	"AmphibiaWeb. 2018."	"Chen_Wiens_2020"
"Engystomops_petersi"	"Engystomops petersi"	"spelling"	"Leptodactylidae"	"Anura"	"Amphibia"	1	"Guerra and Ron, 2008"	"Chen_Wiens_2020"
"Engystomops_pustulosus"	"Engystomops pustulosus"	"spelling"	"Leptodactylidae"	"Anura"	"Amphibia"	1	"AmphibiaWeb. 2018."	"Chen_Wiens_2020"
"Leptodactylus_chaquensis"	"Leptodactylus chaquensis"	"spelling"	"Leptodactylidae"	"Anura"	"Amphibia"	1	"AmphibiaWeb. 2018."	"Chen_Wiens_2020"
"Leptodactylus_discodactylus"	"Leptodactylus discodactylus"	"spelling"	"Leptodactylidae"	"Anura"	"Amphibia"	1	"Straughan and Heyer, 1976"	"Chen_Wiens_2020"
"Leptodactylus_fallax"	"Leptodactylus fallax"	"spelling"	"Leptodactylidae"	"Anura"	"Amphibia"	1	"AmphibiaWeb. 2018."	"Chen_Wiens_2020"
"Leptodactylus_labyrinthicus"	"Leptodactylus labyrinthicus"	"spelling"	"Leptodactylidae"	"Anura"	"Amphibia"	1	"AmphibiaWeb. 2018."	"Chen_Wiens_2020"
"Leptodactylus_melanonotus"	"Leptodactylus melanonotus"	"spelling"	"Leptodactylidae"	"Anura"	"Amphibia"	1	"Straughan and Heyer, 1976"	"Chen_Wiens_2020"
"Leptodactylus_mystaceus"	"Leptodactylus mystaceus"	"spelling"	"Leptodactylidae"	"Anura"	"Amphibia"	1	"Straughan and Heyer, 1976"	"Chen_Wiens_2020"
"Leptodactylus_pentadactylus"	"Leptodactylus pentadactylus"	"spelling"	"Leptodactylidae"	"Anura"	"Amphibia"	1	"Straughan and Heyer, 1976"	"Chen_Wiens_2020"
"Leptodactylus_rhodomystax"	"Leptodactylus rhodomystax"	"spelling"	"Leptodactylidae"	"Anura"	"Amphibia"	1	"AmphibiaWeb. 2018."	"Chen_Wiens_2020"
"Leptodactylus_wagneri"	"Leptodactylus wagneri"	"spelling"	"Leptodactylidae"	"Anura"	"Amphibia"	1	"Straughan and Heyer, 1976"	"Chen_Wiens_2020"
"Lithodytes_lineatus"	"Lithodytes lineatus"	"spelling"	"Leptodactylidae"	"Anura"	"Amphibia"	1	"AmphibiaWeb. 2018."	"Chen_Wiens_2020"
"Paratelmatobius_cardosoi"	"Paratelmatobius cardosoi"	"spelling"	"Leptodactylidae"	"Anura"	"Amphibia"	1	"AmphibiaWeb. 2018."	"Chen_Wiens_2020"
"Paratelmatobius_poecilogaster"	"Paratelmatobius poecilogaster"	"spelling"	"Leptodactylidae"	"Anura"	"Amphibia"	1	"AmphibiaWeb. 2018."	"Chen_Wiens_2020"
"Physalaemus_cuvieri"	"Physalaemus cuvieri"	"spelling"	"Leptodactylidae"	"Anura"	"Amphibia"	1	"AmphibiaWeb. 2018."	"Chen_Wiens_2020"
"Physalaemus_ephippifer"	"Physalaemus ephippifer"	"spelling"	"Leptodactylidae"	"Anura"	"Amphibia"	1	"AmphibiaWeb. 2018."	"Chen_Wiens_2020"
"Pleurodema_brachyops"	"Pleurodema brachyops"	"spelling"	"Leptodactylidae"	"Anura"	"Amphibia"	1	"T<U+00E1>rano, 2010"	"Chen_Wiens_2020"
"Aglyptodactylus_laticeps"	"Aglyptodactylus laticeps"	"spelling"	"Mantellidae"	"Anura"	"Amphibia"	1	"AmphibiaWeb. 2018."	"Chen_Wiens_2020"
"Blommersia_wittei"	"Blommersia wittei"	"spelling"	"Mantellidae"	"Anura"	"Amphibia"	1	"AmphibiaWeb. 2018."	"Chen_Wiens_2020"
"Boophis_albilabris"	"Boophis albilabris"	"spelling"	"Mantellidae"	"Anura"	"Amphibia"	1	"AmphibiaWeb. 2018."	"Chen_Wiens_2020"
"Boophis_luteus"	"Boophis luteus"	"spelling"	"Mantellidae"	"Anura"	"Amphibia"	1	"AmphibiaWeb. 2018."	"Chen_Wiens_2020"
"Boophis_madagascariensis"	"Boophis madagascariensis"	"spelling"	"Mantellidae"	"Anura"	"Amphibia"	1	"AmphibiaWeb. 2018."	"Chen_Wiens_2020"
"Boophis_occidentalis"	"Boophis occidentalis"	"spelling"	"Mantellidae"	"Anura"	"Amphibia"	1	"AmphibiaWeb. 2018."	"Chen_Wiens_2020"
"Boophis_tephraeomystax"	"Boophis tephraeomystax"	"spelling"	"Mantellidae"	"Anura"	"Amphibia"	1	"AmphibiaWeb. 2018."	"Chen_Wiens_2020"
"Boophis_xerophilus"	"Boophis xerophilus"	"spelling"	"Mantellidae"	"Anura"	"Amphibia"	1	"AmphibiaWeb. 2018."	"Chen_Wiens_2020"
"Gephyromantis_decaryi"	"Gephyromantis decaryi"	"spelling"	"Mantellidae"	"Anura"	"Amphibia"	1	"AmphibiaWeb. 2018."	"Chen_Wiens_2020"
"Gephyromantis_luteus"	"Gephyromantis luteus"	"spelling"	"Mantellidae"	"Anura"	"Amphibia"	1	"AmphibiaWeb. 2018."	"Chen_Wiens_2020"
"Gephyromantis_pseudoasper"	"Gephyromantis pseudoasper"	"spelling"	"Mantellidae"	"Anura"	"Amphibia"	1	"AmphibiaWeb. 2018."	"Chen_Wiens_2020"
"Gephyromantis_webbi"	"Gephyromantis webbi"	"spelling"	"Mantellidae"	"Anura"	"Amphibia"	1	"AmphibiaWeb. 2018."	"Chen_Wiens_2020"
"Guibemantis_depressiceps"	"Guibemantis depressiceps"	"spelling"	"Mantellidae"	"Anura"	"Amphibia"	1	"AmphibiaWeb. 2018."	"Chen_Wiens_2020"
"Guibemantis_liber"	"Guibemantis liber"	"spelling"	"Mantellidae"	"Anura"	"Amphibia"	1	"AmphibiaWeb. 2018."	"Chen_Wiens_2020"
"Guibemantis_tornieri"	"Guibemantis tornieri"	"spelling"	"Mantellidae"	"Anura"	"Amphibia"	1	"AmphibiaWeb. 2018."	"Chen_Wiens_2020"
"Laliostoma_labrosum"	"Laliostoma labrosum"	"spelling"	"Mantellidae"	"Anura"	"Amphibia"	1	"AmphibiaWeb. 2018."	"Chen_Wiens_2020"
"Mantella_aurantiaca"	"Mantella aurantiaca"	"spelling"	"Mantellidae"	"Anura"	"Amphibia"	1	"AmphibiaWeb. 2018."	"Chen_Wiens_2020"
"Mantella_baroni"	"Mantella baroni"	"spelling"	"Mantellidae"	"Anura"	"Amphibia"	1	"AmphibiaWeb. 2018."	"Chen_Wiens_2020"
"Mantella_laevigata"	"Mantella laevigata"	"spelling"	"Mantellidae"	"Anura"	"Amphibia"	1	"AmphibiaWeb. 2018."	"Chen_Wiens_2020"
"Mantidactylus_ulcerosus"	"Mantidactylus ulcerosus"	"spelling"	"Mantellidae"	"Anura"	"Amphibia"	1	"AmphibiaWeb. 2018."	"Chen_Wiens_2020"
"Leptobrachium_boringii"	"Leptobrachium boringii"	"spelling"	"Megophryidae"	"Anura"	"Amphibia"	1	"Zheng et al., 2011"	"Chen_Wiens_2020"
"Megophrys_nasuta"	"Megophrys nasuta"	"spelling"	"Megophryidae"	"Anura"	"Amphibia"	1	"AmphibiaWeb. 2018."	"Chen_Wiens_2020"
"Anodonthyla_montana"	"Anodonthyla montana"	"spelling"	"Microhylidae"	"Anura"	"Amphibia"	1	"Glaw and Vences, 2005"	"Chen_Wiens_2020"
"Anodonthyla_rouxae"	"Anodonthyla rouxae"	"spelling"	"Microhylidae"	"Anura"	"Amphibia"	1	"AmphibiaWeb. 2018."	"Chen_Wiens_2020"
"Calluella_guttulata"	"Calluella guttulata"	"spelling"	"Microhylidae"	"Anura"	"Amphibia"	1	"Heyer, 1971"	"Chen_Wiens_2020"
"Chaperina_fusca"	"Chaperina fusca"	"spelling"	"Microhylidae"	"Anura"	"Amphibia"	1	"Nelson, 1973; Frog Voices of Borneo (www.soundcloud.com/frogvoicesofborneo)"	"Chen_Wiens_2020"
"Choerophryne_rostellifer"	"Choerophryne rostellifer"	"spelling"	"Microhylidae"	"Anura"	"Amphibia"	1	"Kraus and Allison, 2001"	"Chen_Wiens_2020"
"Cophixalus_sphagnicola"	"Cophixalus sphagnicola"	"spelling"	"Microhylidae"	"Anura"	"Amphibia"	1	"Kraus and Allison, 2009"	"Chen_Wiens_2020"
"Cophyla_phyllodactyla"	"Cophyla phyllodactyla"	"spelling"	"Microhylidae"	"Anura"	"Amphibia"	1	"AmphibiaWeb. 2018."	"Chen_Wiens_2020"
"Ctenophryne_geayi"	"Ctenophryne geayi"	"spelling"	"Microhylidae"	"Anura"	"Amphibia"	1	"AmphibiaWeb. 2018."	"Chen_Wiens_2020"
"Dermatonotus_muelleri"	"Dermatonotus muelleri"	"spelling"	"Microhylidae"	"Anura"	"Amphibia"	1	"AmphibiaWeb. 2018."	"Chen_Wiens_2020"
"Dyscophus_guineti"	"Dyscophus guineti"	"spelling"	"Microhylidae"	"Anura"	"Amphibia"	1	"AmphibiaWeb. 2018."	"Chen_Wiens_2020"
"Elachistocleis_ovalis"	"Elachistocleis ovalis"	"spelling"	"Microhylidae"	"Anura"	"Amphibia"	1	"AmphibiaWeb. 2018."	"Chen_Wiens_2020"
"Gastrophryne_carolinensis"	"Gastrophryne carolinensis"	"spelling"	"Microhylidae"	"Anura"	"Amphibia"	1	"AmphibiaWeb. 2018."	"Chen_Wiens_2020"
"Gastrophryne_olivacea"	"Gastrophryne olivacea"	"spelling"	"Microhylidae"	"Anura"	"Amphibia"	1	"AmphibiaWeb. 2018."	"Chen_Wiens_2020"
"Genyophryne_thomsoni"	"Genyophryne thomsoni"	"spelling"	"Microhylidae"	"Anura"	"Amphibia"	1	"Zweifei, 1971"	"Chen_Wiens_2020"
"Hamptophryne_boliviana"	"Hamptophryne boliviana"	"spelling"	"Microhylidae"	"Anura"	"Amphibia"	1	"AmphibiaWeb. 2018."	"Chen_Wiens_2020"
"Hypopachus_variolosus"	"Hypopachus variolosus"	"spelling"	"Microhylidae"	"Anura"	"Amphibia"	1	"AmphibiaWeb. 2018."	"Chen_Wiens_2020"
"Kalophrynus_pleurostigma"	"Kalophrynus pleurostigma"	"spelling"	"Microhylidae"	"Anura"	"Amphibia"	1	"Matsui et al., 1996"	"Chen_Wiens_2020"
"Kaloula_pulchra"	"Kaloula pulchra"	"spelling"	"Microhylidae"	"Anura"	"Amphibia"	1	"AmphibiaWeb. 2018."	"Chen_Wiens_2020"
"Kaloula_taprobanica"	"Kaloula taprobanica"	"spelling"	"Microhylidae"	"Anura"	"Amphibia"	1	"Wewelwala et al., 2013"	"Chen_Wiens_2020"
"Microhyla_heymonsi"	"Microhyla heymonsi"	"spelling"	"Microhylidae"	"Anura"	"Amphibia"	1	"AmphibiaWeb. 2018."	"Chen_Wiens_2020"
"Microhyla_okinavensis"	"Microhyla okinavensis"	"spelling"	"Microhylidae"	"Anura"	"Amphibia"	1	"Kuramoto and Joshy, 2006"	"Chen_Wiens_2020"
"Microhyla_ornata"	"Microhyla ornata"	"spelling"	"Microhylidae"	"Anura"	"Amphibia"	1	"AmphibiaWeb. 2018."	"Chen_Wiens_2020"
"Micryletta_inornata"	"Micryletta inornata"	"spelling"	"Microhylidae"	"Anura"	"Amphibia"	1	"Kuramoto and Joshy, 2006"	"Chen_Wiens_2020"
"Oreophryne_clamata"	"Oreophryne clamata"	"spelling"	"Microhylidae"	"Anura"	"Amphibia"	1	"Gunther, 2003"	"Chen_Wiens_2020"
"Otophryne_pyburni"	"Otophryne pyburni"	"spelling"	"Microhylidae"	"Anura"	"Amphibia"	1	"AmphibiaWeb. 2018."	"Chen_Wiens_2020"
"Paradoxophyla_palmata"	"Paradoxophyla palmata"	"spelling"	"Microhylidae"	"Anura"	"Amphibia"	1	"AmphibiaWeb. 2018."	"Chen_Wiens_2020"
"Phrynomantis_bifasciatus"	"Phrynomantis bifasciatus"	"spelling"	"Microhylidae"	"Anura"	"Amphibia"	1	"AmphibiaWeb. 2018."	"Chen_Wiens_2020"
"Phrynomantis_microps"	"Phrynomantis microps"	"spelling"	"Microhylidae"	"Anura"	"Amphibia"	1	"AmphibiaWeb. 2018."	"Chen_Wiens_2020"
"Platypelis_grandis"	"Platypelis grandis"	"spelling"	"Microhylidae"	"Anura"	"Amphibia"	1	"AmphibiaWeb. 2018."	"Chen_Wiens_2020"
"Plethodontohyla_mihanika"	"Plethodontohyla mihanika"	"spelling"	"Microhylidae"	"Anura"	"Amphibia"	1	"Vences et al., 2003; AmphibiaWeb. 2018."	"Chen_Wiens_2020"
"Plethodontohyla_notosticta"	"Plethodontohyla notosticta"	"spelling"	"Microhylidae"	"Anura"	"Amphibia"	1	"AmphibiaWeb. 2018."	"Chen_Wiens_2020"
"Plethodontohyla_tuberata"	"Plethodontohyla tuberata"	"spelling"	"Microhylidae"	"Anura"	"Amphibia"	1	"Glaw and Vences, 2007"	"Chen_Wiens_2020"
"Scaphiophryne_calcarata"	"Scaphiophryne calcarata"	"spelling"	"Microhylidae"	"Anura"	"Amphibia"	1	"AmphibiaWeb. 2018."	"Chen_Wiens_2020"
"Stumpffia_grandis"	"Stumpffia grandis"	"spelling"	"Microhylidae"	"Anura"	"Amphibia"	1	"AmphibiaWeb. 2018."	"Chen_Wiens_2020"
"Stumpffia_psologlossa"	"Stumpffia psologlossa"	"spelling"	"Microhylidae"	"Anura"	"Amphibia"	1	"AmphibiaWeb. 2018."	"Chen_Wiens_2020"
"Adelotus_brevis"	"Adelotus brevis"	"spelling"	"Myobatrachidae"	"Anura"	"Amphibia"	1	"AmphibiaWeb. 2018."	"Chen_Wiens_2020"
"Assa_darlingtoni"	"Assa darlingtoni"	"spelling"	"Myobatrachidae"	"Anura"	"Amphibia"	1	"Ingram et al., 1975"	"Chen_Wiens_2020"
"Crinia_signifera"	"Crinia signifera"	"spelling"	"Myobatrachidae"	"Anura"	"Amphibia"	1	"AmphibiaWeb. 2018."	"Chen_Wiens_2020"
"Limnodynastes_peronii"	"Limnodynastes peronii"	"spelling"	"Myobatrachidae"	"Anura"	"Amphibia"	1	"AmphibiaWeb. 2018."	"Chen_Wiens_2020"
"Limnodynastes_salmini"	"Limnodynastes salmini"	"spelling"	"Myobatrachidae"	"Anura"	"Amphibia"	1	"AmphibiaWeb. 2018."	"Chen_Wiens_2020"
"Limnodynastes_tasmaniensis"	"Limnodynastes tasmaniensis"	"spelling"	"Myobatrachidae"	"Anura"	"Amphibia"	1	"AmphibiaWeb. 2018."	"Chen_Wiens_2020"
"Myobatrachus_gouldii"	"Myobatrachus gouldii"	"spelling"	"Myobatrachidae"	"Anura"	"Amphibia"	1	"AmphibiaWeb. 2018."	"Chen_Wiens_2020"
"Notaden_melanoscaphus"	"Notaden melanoscaphus"	"spelling"	"Myobatrachidae"	"Anura"	"Amphibia"	1	"AmphibiaWeb. 2018."	"Chen_Wiens_2020"
"Paracrinia_haswelli"	"Paracrinia haswelli"	"spelling"	"Myobatrachidae"	"Anura"	"Amphibia"	1	"AmphibiaWeb. 2018."	"Chen_Wiens_2020"
"Platyplectrum_spenceri"	"Platyplectrum spenceri"	"spelling"	"Myobatrachidae"	"Anura"	"Amphibia"	1	"Barker et al., 1995"	"Chen_Wiens_2020"
"Pseudophryne_coriacea"	"Pseudophryne coriacea"	"spelling"	"Myobatrachidae"	"Anura"	"Amphibia"	1	"O'Brien et al., 2018"	"Chen_Wiens_2020"
"Rheobatrachus_silus"	"Rheobatrachus silus"	"spelling"	"Myobatrachidae"	"Anura"	"Amphibia"	1	"AmphibiaWeb. 2018."	"Chen_Wiens_2020"
"Taudactylus_acutirostris"	"Taudactylus acutirostris"	"spelling"	"Myobatrachidae"	"Anura"	"Amphibia"	1	"AmphibiaWeb. 2018."	"Chen_Wiens_2020"
"Odontophrynus_americanus"	"Odontophrynus americanus"	"spelling"	"Odontophrynidae"	"Anura"	"Amphibia"	1	"AmphibiaWeb. 2018."	"Chen_Wiens_2020"
"Proceratophrys_boiei"	"Proceratophrys boiei"	"spelling"	"Odontophrynidae"	"Anura"	"Amphibia"	1	"AmphibiaWeb. 2018."	"Chen_Wiens_2020"
"Pelobates_cultripes"	"Pelobates cultripes"	"spelling"	"Pelobatidae"	"Anura"	"Amphibia"	1	"AmphibiaWeb. 2018."	"Chen_Wiens_2020"
"Pelodytes_punctatus"	"Pelodytes punctatus"	"spelling"	"Pelodytidae"	"Anura"	"Amphibia"	1	"AmphibiaWeb. 2018."	"Chen_Wiens_2020"
"Phrynobatrachus_acridoides"	"Phrynobatrachus acridoides"	"spelling"	"Phrynobatrachidae"	"Anura"	"Amphibia"	1	"AmphibiaWeb. 2018."	"Chen_Wiens_2020"
"Phrynobatrachus_mababiensis"	"Phrynobatrachus mababiensis"	"spelling"	"Phrynobatrachidae"	"Anura"	"Amphibia"	1	"AmphibiaWeb. 2018."	"Chen_Wiens_2020"
"Phrynobatrachus_natalensis"	"Phrynobatrachus natalensis"	"spelling"	"Phrynobatrachidae"	"Anura"	"Amphibia"	1	"AmphibiaWeb. 2018."	"Chen_Wiens_2020"
"Hymenochirus_boettgeri"	"Hymenochirus boettgeri"	"spelling"	"Pipidae"	"Anura"	"Amphibia"	1	"AmphibiaWeb. 2018."	"Chen_Wiens_2020"
"Pipa_pipa"	"Pipa pipa"	"spelling"	"Pipidae"	"Anura"	"Amphibia"	1	"Rabb and Rabb, 1963"	"Chen_Wiens_2020"
"Xenopus_laevis"	"Xenopus laevis"	"spelling"	"Pipidae"	"Anura"	"Amphibia"	1	"AmphibiaWeb. 2018."	"Chen_Wiens_2020"
"Xenopus_muelleri"	"Xenopus muelleri"	"spelling"	"Pipidae"	"Anura"	"Amphibia"	1	"AmphibiaWeb. 2018."	"Chen_Wiens_2020"
"Hildebrandtia_ornata"	"Hildebrandtia ornata"	"spelling"	"Ptychadenidae"	"Anura"	"Amphibia"	1	"AmphibiaWeb. 2018."	"Chen_Wiens_2020"
"Ptychadena_anchietae"	"Ptychadena anchietae"	"spelling"	"Ptychadenidae"	"Anura"	"Amphibia"	1	"AmphibiaWeb. 2018."	"Chen_Wiens_2020"
"Ptychadena_porosissima"	"Ptychadena porosissima"	"spelling"	"Ptychadenidae"	"Anura"	"Amphibia"	1	"AmphibiaWeb. 2018."	"Chen_Wiens_2020"
"Amietia_angolensis"	"Amietia angolensis"	"spelling"	"Pyxicephalidae"	"Anura"	"Amphibia"	1	"AmphibiaWeb. 2018."	"Chen_Wiens_2020"
"Anhydrophryne_rattrayi"	"Anhydrophryne rattrayi"	"spelling"	"Pyxicephalidae"	"Anura"	"Amphibia"	1	"AmphibiaWeb. 2018."	"Chen_Wiens_2020"
"Cacosternum_boettgeri"	"Cacosternum boettgeri"	"spelling"	"Pyxicephalidae"	"Anura"	"Amphibia"	1	"AmphibiaWeb. 2018."	"Chen_Wiens_2020"
"Pyxicephalus_adspersus"	"Pyxicephalus adspersus"	"spelling"	"Pyxicephalidae"	"Anura"	"Amphibia"	1	"AmphibiaWeb. 2018."	"Chen_Wiens_2020"
"Pyxicephalus_edulis"	"Pyxicephalus edulis"	"spelling"	"Pyxicephalidae"	"Anura"	"Amphibia"	1	"AmphibiaWeb. 2018."	"Chen_Wiens_2020"
"Tomopterna_cryptotis"	"Tomopterna cryptotis"	"spelling"	"Pyxicephalidae"	"Anura"	"Amphibia"	1	"AmphibiaWeb. 2018."	"Chen_Wiens_2020"
"Amnirana_albolabris"	"Amnirana albolabris"	"spelling"	"Ranidae"	"Anura"	"Amphibia"	1	"Schiotz, 1964"	"Chen_Wiens_2020"
"Amolops_marmoratus"	"Amolops marmoratus"	"spelling"	"Ranidae"	"Anura"	"Amphibia"	1	"Fei et al., 2012"	"Chen_Wiens_2020"
"Huia_cavitympanum"	"Huia cavitympanum"	"spelling"	"Ranidae"	"Anura"	"Amphibia"	1	"AmphibiaWeb. 2018."	"Chen_Wiens_2020"
"Odorrana_junlianensis"	"Odorrana junlianensis"	"spelling"	"Ranidae"	"Anura"	"Amphibia"	1	"Fei et al., 2012"	"Chen_Wiens_2020"
"Odorrana_schmackeri"	"Odorrana schmackeri"	"spelling"	"Ranidae"	"Anura"	"Amphibia"	1	"Yu et al., 2006"	"Chen_Wiens_2020"
"Odorrana_tormota"	"Odorrana tormota"	"spelling"	"Ranidae"	"Anura"	"Amphibia"	1	"Feng et al., 2006"	"Chen_Wiens_2020"
"Rana_adenopleura"	"Rana adenopleura"	"spelling"	"Ranidae"	"Anura"	"Amphibia"	1	"Chuang et al., 2016"	"Chen_Wiens_2020"
"Rana_aurora"	"Rana aurora"	"spelling"	"Ranidae"	"Anura"	"Amphibia"	1	"AmphibiaWeb. 2018."	"Chen_Wiens_2020"
"Rana_berlandieri"	"Rana berlandieri"	"spelling"	"Ranidae"	"Anura"	"Amphibia"	1	"AmphibiaWeb. 2018."	"Chen_Wiens_2020"
"Rana_boylii"	"Rana boylii"	"spelling"	"Ranidae"	"Anura"	"Amphibia"	1	"AmphibiaWeb. 2018."	"Chen_Wiens_2020"
"Rana_capito"	"Rana capito"	"spelling"	"Ranidae"	"Anura"	"Amphibia"	1	"AmphibiaWeb. 2018."	"Chen_Wiens_2020"
"Rana_cascadae"	"Rana cascadae"	"spelling"	"Ranidae"	"Anura"	"Amphibia"	1	"AmphibiaWeb. 2018."	"Chen_Wiens_2020"
"Rana_catesbeiana"	"Rana catesbeiana"	"spelling"	"Ranidae"	"Anura"	"Amphibia"	1	"AmphibiaWeb. 2018."	"Chen_Wiens_2020"
"Rana_chalconota"	"Rana chalconota"	"spelling"	"Ranidae"	"Anura"	"Amphibia"	1	"Marquez and Eekhout, 2006"	"Chen_Wiens_2020"
"Rana_chiricahuensis"	"Rana chiricahuensis"	"spelling"	"Ranidae"	"Anura"	"Amphibia"	1	"AmphibiaWeb. 2018."	"Chen_Wiens_2020"
"Rana_clamitans"	"Rana clamitans"	"spelling"	"Ranidae"	"Anura"	"Amphibia"	1	"Bee et al., 2008"	"Chen_Wiens_2020"
"Rana_curtipes"	"Rana curtipes"	"spelling"	"Ranidae"	"Anura"	"Amphibia"	1	"Krishna and Krishna, 2005"	"Chen_Wiens_2020"
"Rana_dalmatina"	"Rana dalmatina"	"spelling"	"Ranidae"	"Anura"	"Amphibia"	1	"AmphibiaWeb. 2018."	"Chen_Wiens_2020"
"Rana_erythraea"	"Rana erythraea"	"spelling"	"Ranidae"	"Anura"	"Amphibia"	1	"AmphibiaWeb. 2018."	"Chen_Wiens_2020"
"Rana_grylio"	"Rana grylio"	"spelling"	"Ranidae"	"Anura"	"Amphibia"	1	"AmphibiaWeb. 2018."	"Chen_Wiens_2020"
"Rana_guentheri"	"Rana guentheri"	"spelling"	"Ranidae"	"Anura"	"Amphibia"	1	"AmphibiaWeb. 2018."	"Chen_Wiens_2020"
"Rana_heckscheri"	"Rana heckscheri"	"spelling"	"Ranidae"	"Anura"	"Amphibia"	1	"AmphibiaWeb. 2018."	"Chen_Wiens_2020"
"Rana_hosii"	"Rana hosii"	"spelling"	"Ranidae"	"Anura"	"Amphibia"	1	"AmphibiaWeb. 2018."	"Chen_Wiens_2020"
"Rana_iberica"	"Rana iberica"	"spelling"	"Ranidae"	"Anura"	"Amphibia"	1	"AmphibiaWeb. 2018."	"Chen_Wiens_2020"
"Rana_japonica"	"Rana japonica"	"spelling"	"Ranidae"	"Anura"	"Amphibia"	1	"AmphibiaWeb. 2018."	"Chen_Wiens_2020"
"Rana_latouchii"	"Rana latouchii"	"spelling"	"Ranidae"	"Anura"	"Amphibia"	1	"AmphibiaWeb. 2018."	"Chen_Wiens_2020"
"Rana_lessonae"	"Rana lessonae"	"spelling"	"Ranidae"	"Anura"	"Amphibia"	1	"Lukanov et al., 2017"	"Chen_Wiens_2020"
"Rana_longicrus"	"Rana longicrus"	"spelling"	"Ranidae"	"Anura"	"Amphibia"	1	"Lue, 1984"	"Chen_Wiens_2020"
"Rana_luteiventris"	"Rana luteiventris"	"spelling"	"Ranidae"	"Anura"	"Amphibia"	1	"AmphibiaWeb. 2018."	"Chen_Wiens_2020"
"Rana_macrocnemis"	"Rana macrocnemis"	"spelling"	"Ranidae"	"Anura"	"Amphibia"	1	"AmphibiaWeb. 2018."	"Chen_Wiens_2020"
"Rana_muscosa"	"Rana muscosa"	"spelling"	"Ranidae"	"Anura"	"Amphibia"	1	"AmphibiaWeb. 2018."	"Chen_Wiens_2020"
"Rana_narina"	"Rana narina"	"spelling"	"Ranidae"	"Anura"	"Amphibia"	1	"AmphibiaWeb. 2018."	"Chen_Wiens_2020"
"Rana_nigromaculata"	"Rana nigromaculata"	"spelling"	"Ranidae"	"Anura"	"Amphibia"	1	"Fei et al., 2012"	"Chen_Wiens_2020"
"Rana_palmipes"	"Rana palmipes"	"spelling"	"Ranidae"	"Anura"	"Amphibia"	1	"AmphibiaWeb. 2018."	"Chen_Wiens_2020"
"Rana_palustris"	"Rana palustris"	"spelling"	"Ranidae"	"Anura"	"Amphibia"	1	"Given, 2005"	"Chen_Wiens_2020"
"Rana_pipiens"	"Rana pipiens"	"spelling"	"Ranidae"	"Anura"	"Amphibia"	1	"Larson, 2004"	"Chen_Wiens_2020"
"Rana_pretiosa"	"Rana pretiosa"	"spelling"	"Ranidae"	"Anura"	"Amphibia"	1	"AmphibiaWeb. 2018."	"Chen_Wiens_2020"
"Rana_ridibunda"	"Rana ridibunda"	"spelling"	"Ranidae"	"Anura"	"Amphibia"	1	"AmphibiaWeb. 2018."	"Chen_Wiens_2020"
"Rana_rugosa"	"Rana rugosa"	"spelling"	"Ranidae"	"Anura"	"Amphibia"	1	"Hasegawa et al., 1999"	"Chen_Wiens_2020"
"Rana_signata"	"Rana signata"	"spelling"	"Ranidae"	"Anura"	"Amphibia"	1	"AmphibiaWeb. 2018."	"Chen_Wiens_2020"
"Rana_swinhoana"	"Rana swinhoana"	"spelling"	"Ranidae"	"Anura"	"Amphibia"	1	"AmphibiaWeb. 2018."	"Chen_Wiens_2020"
"Rana_sylvatica"	"Rana sylvatica"	"spelling"	"Ranidae"	"Anura"	"Amphibia"	1	"Stevens and Paszkowski, 2004"	"Chen_Wiens_2020"
"Rana_tarahumarae"	"Rana tarahumarae"	"spelling"	"Ranidae"	"Anura"	"Amphibia"	1	"Rorabaugh and Elliot, 2006"	"Chen_Wiens_2020"
"Rana_temporaria"	"Rana temporaria"	"spelling"	"Ranidae"	"Anura"	"Amphibia"	1	"AmphibiaWeb. 2018."	"Chen_Wiens_2020"
"Rana_vaillanti"	"Rana vaillanti"	"spelling"	"Ranidae"	"Anura"	"Amphibia"	1	"AmphibiaWeb. 2018."	"Chen_Wiens_2020"
"Rana_warszewitschii"	"Rana warszewitschii"	"spelling"	"Ranidae"	"Anura"	"Amphibia"	1	"AmphibiaWeb. 2018."	"Chen_Wiens_2020"
"Staurois_latopalmatus"	"Staurois latopalmatus"	"spelling"	"Ranidae"	"Anura"	"Amphibia"	1	"Boeckle et al., 2009"	"Chen_Wiens_2020"
"Staurois_natator"	"Staurois natator"	"spelling"	"Ranidae"	"Anura"	"Amphibia"	1	"Boeckle et al., 2009"	"Chen_Wiens_2020"
"Buergeria_buergeri"	"Buergeria buergeri"	"spelling"	"Rhacophoridae"	"Anura"	"Amphibia"	1	"Fukuyama and Kusano, 1992"	"Chen_Wiens_2020"
"Buergeria_japonica"	"Buergeria japonica"	"spelling"	"Rhacophoridae"	"Anura"	"Amphibia"	1	"AmphibiaWeb. 2018."	"Chen_Wiens_2020"
"Chiromantis_rufescens"	"Chiromantis rufescens"	"spelling"	"Rhacophoridae"	"Anura"	"Amphibia"	1	"AmphibiaWeb. 2018."	"Chen_Wiens_2020"
"Chiromantis_xerampelina"	"Chiromantis xerampelina"	"spelling"	"Rhacophoridae"	"Anura"	"Amphibia"	1	"AmphibiaWeb. 2018."	"Chen_Wiens_2020"
"Kurixalus_eiffingeri"	"Kurixalus eiffingeri"	"spelling"	"Rhacophoridae"	"Anura"	"Amphibia"	1	"AmphibiaWeb. 2018."	"Chen_Wiens_2020"
"Nyctixalus_pictus"	"Nyctixalus pictus"	"spelling"	"Rhacophoridae"	"Anura"	"Amphibia"	1	"Matsui, 1996"	"Chen_Wiens_2020"
"Polypedates_leucomystax"	"Polypedates leucomystax"	"spelling"	"Rhacophoridae"	"Anura"	"Amphibia"	1	"AmphibiaWeb. 2018."	"Chen_Wiens_2020"
"Polypedates_maculatus"	"Polypedates maculatus"	"spelling"	"Rhacophoridae"	"Anura"	"Amphibia"	1	"AmphibiaWeb. 2018."	"Chen_Wiens_2020"
"Polypedates_megacephalus"	"Polypedates megacephalus"	"spelling"	"Rhacophoridae"	"Anura"	"Amphibia"	1	"AmphibiaWeb. 2018."	"Chen_Wiens_2020"
"Rhacophorus_arboreus"	"Rhacophorus arboreus"	"spelling"	"Rhacophoridae"	"Anura"	"Amphibia"	1	"AmphibiaWeb. 2018."	"Chen_Wiens_2020"
"Rhacophorus_bipunctatus"	"Rhacophorus bipunctatus"	"spelling"	"Rhacophoridae"	"Anura"	"Amphibia"	1	"AmphibiaWeb. 2018."	"Chen_Wiens_2020"
"Rhacophorus_lateralis"	"Rhacophorus lateralis"	"spelling"	"Rhacophoridae"	"Anura"	"Amphibia"	1	"Sachi and Dinesh, 2015"	"Chen_Wiens_2020"
"Rhacophorus_reinwardtii"	"Rhacophorus reinwardtii"	"spelling"	"Rhacophoridae"	"Anura"	"Amphibia"	1	"AmphibiaWeb. 2018."	"Chen_Wiens_2020"
"Rhacophorus_schlegelii"	"Rhacophorus schlegelii"	"spelling"	"Rhacophoridae"	"Anura"	"Amphibia"	1	"AmphibiaWeb. 2018."	"Chen_Wiens_2020"
"Rhinophrynus_dorsalis"	"Rhinophrynus dorsalis"	"spelling"	"Rhinophrynidae"	"Anura"	"Amphibia"	1	"AmphibiaWeb. 2018."	"Chen_Wiens_2020"
"Scaphiopus_couchii"	"Scaphiopus couchii"	"spelling"	"Scaphiopodidae"	"Anura"	"Amphibia"	1	"AmphibiaWeb. 2018."	"Chen_Wiens_2020"
"Scaphiopus_holbrookii"	"Scaphiopus holbrookii"	"spelling"	"Scaphiopodidae"	"Anura"	"Amphibia"	1	"Wasserman, 1968"	"Chen_Wiens_2020"
"Spea_bombifrons"	"Spea bombifrons"	"spelling"	"Scaphiopodidae"	"Anura"	"Amphibia"	1	"AmphibiaWeb. 2018."	"Chen_Wiens_2020"
"Spea_hammondii"	"Spea hammondii"	"spelling"	"Scaphiopodidae"	"Anura"	"Amphibia"	1	"AmphibiaWeb. 2018."	"Chen_Wiens_2020"
"Spea_intermontana"	"Spea intermontana"	"spelling"	"Scaphiopodidae"	"Anura"	"Amphibia"	1	"AmphibiaWeb. 2018."	"Chen_Wiens_2020"
"Spea_multiplicata"	"Spea multiplicata"	"spelling"	"Scaphiopodidae"	"Anura"	"Amphibia"	1	"AmphibiaWeb. 2018."	"Chen_Wiens_2020"
"Ambystoma_gracile"	"Ambystoma gracile"	"spelling"	"Ambystomatidae"	"Caudata"	"Amphibia"	0	"AmphibiaWeb. 2018."	"Chen_Wiens_2020"
"Ambystoma_mexicanum"	"Ambystoma mexicanum"	"spelling"	"Ambystomatidae"	"Caudata"	"Amphibia"	0	"Majchrzak, 2004"	"Chen_Wiens_2020"
"Ambystoma_opacum"	"Ambystoma opacum"	"spelling"	"Ambystomatidae"	"Caudata"	"Amphibia"	0	"AmphibiaWeb. 2018."	"Chen_Wiens_2020"
"Amphiuma_means"	"Amphiuma means"	"spelling"	"Amphiumidae"	"Caudata"	"Amphibia"	1	"Crovo et al., 2016"	"Chen_Wiens_2020"
"Andrias_japonicus"	"Andrias japonicus"	"spelling"	"Cryptobranchidae"	"Caudata"	"Amphibia"	0	"Winkler, 2006"	"Chen_Wiens_2020"
"Cryptobranchus_alleganiensis"	"Cryptobranchus alleganiensis"	"spelling"	"Cryptobranchidae"	"Caudata"	"Amphibia"	0	"Pike, 2015"	"Chen_Wiens_2020"
"Dicamptodon_tenebrosus"	"Dicamptodon tenebrosus"	"spelling"	"Dicamptodontidae"	"Caudata"	"Amphibia"	0	"Leighton, 2011"	"Chen_Wiens_2020"
"Batrachuperus_tibetanus"	"Batrachuperus tibetanus"	"spelling"	"Hynobiidae"	"Caudata"	"Amphibia"	0	"Heying, 2003f"	"Chen_Wiens_2020"
"Hynobius_nebulosus"	"Hynobius nebulosus"	"spelling"	"Hynobiidae"	"Caudata"	"Amphibia"	0	"Heying, 2003f; AmphibiaWeb. 2018."	"Chen_Wiens_2020"
"Pseudohynobius_flavomaculatus"	"Pseudohynobius flavomaculatus"	"spelling"	"Hynobiidae"	"Caudata"	"Amphibia"	0	"Heying, 2003f; AmphibiaWeb. 2018."	"Chen_Wiens_2020"
"Aneides_lugubris"	"Aneides lugubris"	"spelling"	"Plethodontidae"	"Caudata"	"Amphibia"	0	"Bartholomew, 2000"	"Chen_Wiens_2020"
"Batrachoseps_pacificus"	"Batrachoseps pacificus"	"spelling"	"Plethodontidae"	"Caudata"	"Amphibia"	0	"Madison, 1977; Heying, 2003f"	"Chen_Wiens_2020"
"Bolitoglossa_dunni"	"Bolitoglossa dunni"	"spelling"	"Plethodontidae"	"Caudata"	"Amphibia"	0	"Crookston, 2019"	"Chen_Wiens_2020"
"Bolitoglossa_longissima"	"Bolitoglossa longissima"	"spelling"	"Plethodontidae"	"Caudata"	"Amphibia"	0	"Crookston, 2019"	"Chen_Wiens_2020"
"Bolitoglossa_rufescens"	"Bolitoglossa rufescens"	"spelling"	"Plethodontidae"	"Caudata"	"Amphibia"	0	"Crookston, 2019"	"Chen_Wiens_2020"
"Bolitoglossa_subpalmata"	"Bolitoglossa subpalmata"	"spelling"	"Plethodontidae"	"Caudata"	"Amphibia"	0	"Crookston, 2019"	"Chen_Wiens_2020"
"Bradytriton_silus"	"Bradytriton silus"	"spelling"	"Plethodontidae"	"Caudata"	"Amphibia"	0	"Madison, 1977; Heying, 2003f"	"Chen_Wiens_2020"
"Desmognathus_monticola"	"Desmognathus monticola"	"spelling"	"Plethodontidae"	"Caudata"	"Amphibia"	0	"Madison, 1977; Heying, 2003f"	"Chen_Wiens_2020"
"Desmognathus_ochrophaeus"	"Desmognathus ochrophaeus"	"spelling"	"Plethodontidae"	"Caudata"	"Amphibia"	0	"Tsang, 2003"	"Chen_Wiens_2020"
"Desmognathus_quadramaculatus"	"Desmognathus quadramaculatus"	"spelling"	"Plethodontidae"	"Caudata"	"Amphibia"	0	"Nicholas, 2017"	"Chen_Wiens_2020"
"Ensatina_eschscholtzii"	"Ensatina eschscholtzii"	"spelling"	"Plethodontidae"	"Caudata"	"Amphibia"	0	"Madison, 1977; Heying, 2003f"	"Chen_Wiens_2020"
"Eurycea_longicauda"	"Eurycea longicauda"	"spelling"	"Plethodontidae"	"Caudata"	"Amphibia"	0	"Haun, 2011"	"Chen_Wiens_2020"
"Gyrinophilus_porphyriticus"	"Gyrinophilus porphyriticus"	"spelling"	"Plethodontidae"	"Caudata"	"Amphibia"	0	"Heying, 2003f; AmphibiaWeb. 2018."	"Chen_Wiens_2020"
"Hydromantes_platycephalus"	"Hydromantes platycephalus"	"spelling"	"Plethodontidae"	"Caudata"	"Amphibia"	0	"Heying, 2003f"	"Chen_Wiens_2020"
"Ixalotriton_niger"	"Ixalotriton niger"	"spelling"	"Plethodontidae"	"Caudata"	"Amphibia"	0	"Madison, 1977; Heying, 2003f"	"Chen_Wiens_2020"
"Nototriton_barbouri"	"Nototriton barbouri"	"spelling"	"Plethodontidae"	"Caudata"	"Amphibia"	0	"Madison, 1977; Heying, 2003f"	"Chen_Wiens_2020"
"Nyctanolis_pernix"	"Nyctanolis pernix"	"spelling"	"Plethodontidae"	"Caudata"	"Amphibia"	0	"Madison, 1977; Heying, 2003f"	"Chen_Wiens_2020"
"Phaeognathus_hubrichti"	"Phaeognathus hubrichti"	"spelling"	"Plethodontidae"	"Caudata"	"Amphibia"	0	"Reinhart, 2011"	"Chen_Wiens_2020"
"Plethodon_cinereus"	"Plethodon cinereus"	"spelling"	"Plethodontidae"	"Caudata"	"Amphibia"	0	"Howard, 2003"	"Chen_Wiens_2020"
"Plethodon_elongatus"	"Plethodon elongatus"	"spelling"	"Plethodontidae"	"Caudata"	"Amphibia"	0	"Madison, 1977; Heying, 2003f"	"Chen_Wiens_2020"
"Plethodon_wehrlei"	"Plethodon wehrlei"	"spelling"	"Plethodontidae"	"Caudata"	"Amphibia"	0	"Reed, 2019"	"Chen_Wiens_2020"
"Plethodon_yonahlossee"	"Plethodon yonahlossee"	"spelling"	"Plethodontidae"	"Caudata"	"Amphibia"	0	"Madison, 1977; Heying, 2003f"	"Chen_Wiens_2020"
"Pseudoeurycea_bellii"	"Pseudoeurycea bellii"	"spelling"	"Plethodontidae"	"Caudata"	"Amphibia"	0	"Madison, 1977; Heying, 2003f"	"Chen_Wiens_2020"
"Pseudotriton_ruber"	"Pseudotriton ruber"	"spelling"	"Plethodontidae"	"Caudata"	"Amphibia"	0	"Miller, 2016"	"Chen_Wiens_2020"
"Necturus_maculosus"	"Necturus maculosus"	"spelling"	"Proteidae"	"Caudata"	"Amphibia"	0	"Siebert, 2008"	"Chen_Wiens_2020"
"Rhyacotriton_olympicus"	"Rhyacotriton olympicus"	"spelling"	"Rhyacotritonidae"	"Caudata"	"Amphibia"	0	"DiPonzio, 2013"	"Chen_Wiens_2020"
"Chioglossa_lusitanica"	"Chioglossa lusitanica"	"spelling"	"Salamandridae"	"Caudata"	"Amphibia"	0	"AmphibiaWeb. 2018."	"Chen_Wiens_2020"
"Echinotriton_chinhaiensis"	"Echinotriton chinhaiensis"	"spelling"	"Salamandridae"	"Caudata"	"Amphibia"	0	"AmphibiaWeb. 2018."	"Chen_Wiens_2020"
"Calotriton_asper"	"Calotriton asper"	"spelling"	"Salamandridae"	"Caudata"	"Amphibia"	0	"AmphibiaWeb. 2018."	"Chen_Wiens_2020"
"Notophthalmus_viridescens"	"Notophthalmus viridescens"	"spelling"	"Salamandridae"	"Caudata"	"Amphibia"	0	"Riemland, 2000"	"Chen_Wiens_2020"
"Pachytriton_labiatus"	"Pachytriton labiatus"	"spelling"	"Salamandridae"	"Caudata"	"Amphibia"	0	"AmphibiaWeb. 2018."	"Chen_Wiens_2020"
"Salamandra_salamandra"	"Salamandra salamandra"	"spelling"	"Salamandridae"	"Caudata"	"Amphibia"	0	"AmphibiaWeb. 2018."	"Chen_Wiens_2020"
"Salamandrina_perspicillata"	"Salamandrina perspicillata"	"spelling"	"Salamandridae"	"Caudata"	"Amphibia"	0	"AmphibiaWeb. 2018."	"Chen_Wiens_2020"
"Taricha_rivularis"	"Taricha rivularis"	"spelling"	"Salamandridae"	"Caudata"	"Amphibia"	0	"AmphibiaWeb. 2018."	"Chen_Wiens_2020"
"Triturus_marmoratus"	"Triturus marmoratus"	"spelling"	"Salamandridae"	"Caudata"	"Amphibia"	0	"AmphibiaWeb. 2018."	"Chen_Wiens_2020"
"Siren_intermedia"	"Siren intermedia"	"spelling"	"Sirenidae"	"Caudata"	"Amphibia"	1	"Sickler, 2018"	"Chen_Wiens_2020"
"Dermophis_mexicanus"	"Dermophis mexicanus"	"spelling"	"Dermophiidae"	"Gymnophiona"	"Amphibia"	0	"AmphibiaWeb. 2018."	"Chen_Wiens_2020"
"Boulengerula_taitana"	"Boulengerula taitana"	"spelling"	"Herpelidae"	"Gymnophiona"	"Amphibia"	0	"AmphibiaWeb. 2018."	"Chen_Wiens_2020"
"Scolecomorphus_vittatus"	"Scolecomorphus vittatus"	"spelling"	"Scolecomorphidae"	"Gymnophiona"	"Amphibia"	0	"AmphibiaWeb. 2018."	"Chen_Wiens_2020"
"Siphonops_annulatus"	"Siphonops annulatus"	"spelling"	"Siphonopidae"	"Gymnophiona"	"Amphibia"	0	"AmphibiaWeb. 2018."	"Chen_Wiens_2020"
"Amblysomus_hottentotus"	"Amblysomus hottentotus"	"spelling"	"Chrysochloridae"	"Afrosoricida"	"Mammalia"	1	"Meservey, 2006; Retief et al., 2013"	"Chen_Wiens_2020"
"Chrysochloris_asiatica"	"Chrysochloris asiatica"	"spelling"	"Chrysochloridae"	"Afrosoricida"	"Mammalia"	1	"Valentine, 2013"	"Chen_Wiens_2020"
"Echinops_telfairi"	"Echinops telfairi"	"spelling"	"Tenrecidae"	"Afrosoricida"	"Mammalia"	1	"Kokx, 2009"	"Chen_Wiens_2020"
"Orycteropus_afer"	"Orycteropus afer"	"spelling"	"Orycteropodidae"	"Afrotheria"	"Mammalia"	1	"Ratzloff, 2011"	"Chen_Wiens_2020"
"Antilocapra_americana"	"Antilocapra americana"	"spelling"	"Antilocapridae"	"Artiodactyla"	"Mammalia"	1	"Krejci and Dewey, 2009"	"Chen_Wiens_2020"
"Bos_taurus"	"Bos taurus"	"spelling"	"Bovidae"	"Artiodactyla"	"Mammalia"	1	"de la Torre et al., 2015"	"Chen_Wiens_2020"
"Lama_glama"	"Lama glama"	"spelling"	"Camelidae"	"Artiodactyla"	"Mammalia"	1	"Portman, 2004"	"Chen_Wiens_2020"
"Cervus_nippon"	"Cervus nippon"	"spelling"	"Cervidae"	"Artiodactyla"	"Mammalia"	1	"Long et al., 1998; Landesman, 1999"	"Chen_Wiens_2020"
"Okapia_johnstoni"	"Okapia johnstoni"	"spelling"	"Giraffidae"	"Artiodactyla"	"Mammalia"	1	"Palkovacs, 2000"	"Chen_Wiens_2020"
"Hippopotamus_amphibius"	"Hippopotamus amphibius"	"spelling"	"Hippopotamidae"	"Artiodactyla"	"Mammalia"	1	"Barklow, 2004"	"Chen_Wiens_2020"
"Sus_scrofa"	"Sus scrofa"	"spelling"	"Suidae"	"Artiodactyla"	"Mammalia"	1	"Illmann et al., 2002"	"Chen_Wiens_2020"
"Pecari_tajacu"	"Pecari tajacu"	"spelling"	"Tayassuidae"	"Artiodactyla"	"Mammalia"	1	"Ingmarsson, 1999"	"Chen_Wiens_2020"
"Tragulus_napu"	"Tragulus napu"	"spelling"	"Tragulidae"	"Artiodactyla"	"Mammalia"	1	"Ralls et al., 1975"	"Chen_Wiens_2020"
"Canis_lupus"	"Canis lupus"	"spelling"	"Canidae"	"Carnivora"	"Mammalia"	1	"Feddersen-Petersen, 2000"	"Chen_Wiens_2020"
"Fossa_fossana"	"Fossa fossana"	"spelling"	"Eupleridae"	"Carnivora"	"Mammalia"	1	"Nowak, 1999"	"Chen_Wiens_2020"
"Felis_catus"	"Felis catus"	"spelling"	"Felidae"	"Carnivora"	"Mammalia"	1	"Anna, 2014"	"Chen_Wiens_2020"
"Suricata_suricatta"	"Suricata suricatta"	"spelling"	"Herpestidae"	"Carnivora"	"Mammalia"	1	"Manser, 1999"	"Chen_Wiens_2020"
"Crocuta_crocuta"	"Crocuta crocuta"	"spelling"	"Hyaenidae"	"Carnivora"	"Mammalia"	1	"Nowak, 1999"	"Chen_Wiens_2020"
"Mephitis_mephitis"	"Mephitis mephitis"	"spelling"	"Mephitidae"	"Carnivora"	"Mammalia"	1	"Kiiskila, 2014"	"Chen_Wiens_2020"
"Meles_meles"	"Meles meles"	"spelling"	"Mustelidae"	"Carnivora"	"Mammalia"	1	"Wang, 2011"	"Chen_Wiens_2020"
"Nandinia_binotata"	"Nandinia binotata"	"spelling"	"Nandiniidae"	"Carnivora"	"Mammalia"	1	"Kotelnicki, 2014"	"Chen_Wiens_2020"
"Odobenus_rosmarus"	"Odobenus rosmarus"	"spelling"	"Odobenidae"	"Carnivora"	"Mammalia"	1	"Baker, 2013"	"Chen_Wiens_2020"
"Arctocephalus_forsteri"	"Arctocephalus forsteri"	"spelling"	"Otariidae"	"Carnivora"	"Mammalia"	1	"Landgren, 2013"	"Chen_Wiens_2020"
"Phoca_vitulina"	"Phoca vitulina"	"spelling"	"Phocidae"	"Carnivora"	"Mammalia"	1	"Cale, 2012"	"Chen_Wiens_2020"
"Procyon_lotor"	"Procyon lotor"	"spelling"	"Procyonidae"	"Carnivora"	"Mammalia"	1	"Sieber, 1984"	"Chen_Wiens_2020"
"Ailuropoda_melanoleuca"	"Ailuropoda melanoleuca"	"spelling"	"Ursidae"	"Carnivora"	"Mammalia"	1	"Charlton et al., 2009"	"Chen_Wiens_2020"
"Genetta_genetta"	"Genetta genetta"	"spelling"	"Viverridae"	"Carnivora"	"Mammalia"	1	"Nowak, 1999; Myers, 2000"	"Chen_Wiens_2020"
"Megaptera_novaeangliae"	"Megaptera novaeangliae"	"spelling"	"Balaenopteridae"	"Cetacea"	"Mammalia"	1	"Dunlop et al., 2008"	"Chen_Wiens_2020"
"Tursiops_truncatus"	"Tursiops truncatus"	"spelling"	"Delphinidae"	"Cetacea"	"Mammalia"	1	"Jenkins, 2009"	"Chen_Wiens_2020"
"Eschrichtius_robustus"	"Eschrichtius robustus"	"spelling"	"Eschrichtiidae"	"Cetacea"	"Mammalia"	1	"Kidd, 2011"	"Chen_Wiens_2020"
"Kogia_breviceps"	"Kogia breviceps"	"spelling"	"Kogiidae"	"Cetacea"	"Mammalia"	1	"Sayigh, 2014"	"Chen_Wiens_2020"
"Phocoena_phocoena"	"Phocoena phocoena"	"spelling"	"Phocoenidae"	"Cetacea"	"Mammalia"	1	"Tyack and Clark, 2000"	"Chen_Wiens_2020"
"Platanista_minor"	"Platanista minor"	"spelling"	"Platanistidae"	"Cetacea"	"Mammalia"	1	"Bricklin, 2004"	"Chen_Wiens_2020"
"Craseonycteris_thonglongyai"	"Craseonycteris thonglongyai"	"spelling"	"Craseonycteridae"	"Chiroptera"	"Mammalia"	1	"Burns, 2013"	"Chen_Wiens_2020"
"Coleura_afra"	"Coleura afra"	"spelling"	"Emballonuridae"	"Chiroptera"	"Mammalia"	1	"Hester and Myers, 2001"	"Chen_Wiens_2020"
"Emballonura_atrata"	"Emballonura atrata"	"spelling"	"Emballonuridae"	"Chiroptera"	"Mammalia"	1	"Hester and Myers, 2001"	"Chen_Wiens_2020"
"Taphozous_mauritianus"	"Taphozous mauritianus"	"spelling"	"Emballonuridae"	"Chiroptera"	"Mammalia"	1	"Hester and Myers, 2001; Francis, 2007"	"Chen_Wiens_2020"
"Furipterus_horrens"	"Furipterus horrens"	"spelling"	"Furipteridae"	"Chiroptera"	"Mammalia"	1	"Falcao et al., 2015"	"Chen_Wiens_2020"
"Cloeotis_percivali"	"Cloeotis percivali"	"spelling"	"Hipposideridae"	"Chiroptera"	"Mammalia"	1	"Monadjem et al., 2007"	"Chen_Wiens_2020"
"Hipposideros_commersoni"	"Hipposideros commersoni"	"spelling"	"Hipposideridae"	"Chiroptera"	"Mammalia"	1	"Nowak, 1999"	"Chen_Wiens_2020"
"Megaderma_lyra"	"Megaderma lyra"	"spelling"	"Megadermatidae"	"Chiroptera"	"Mammalia"	1	"Janben and Schmidt, 2009"	"Chen_Wiens_2020"
"Miniopterus_manavi"	"Miniopterus manavi"	"spelling"	"Miniopteridae"	"Chiroptera"	"Mammalia"	1	"Jones and Teeling, 2006"	"Chen_Wiens_2020"
"Chaerephon_pumilus"	"Chaerephon pumilus"	"spelling"	"Molossidae"	"Chiroptera"	"Mammalia"	1	"Aspetberger et al., 2004"	"Chen_Wiens_2020"
"Eumops_glaucinus"	"Eumops glaucinus"	"spelling"	"Molossidae"	"Chiroptera"	"Mammalia"	1	"Mora and Torres, 2008"	"Chen_Wiens_2020"
"Mops_condylurus"	"Mops condylurus"	"spelling"	"Molossidae"	"Chiroptera"	"Mammalia"	1	"Aspetberger et al., 2004"	"Chen_Wiens_2020"
"Sauromys_petrophilus"	"Sauromys petrophilus"	"spelling"	"Molossidae"	"Chiroptera"	"Mammalia"	1	"Jones and Teeling, 2006"	"Chen_Wiens_2020"
"Nyctinomops_femorosaccus"	"Nyctinomops femorosaccus"	"spelling"	"Molossidae"	"Chiroptera"	"Mammalia"	1	"Jones and Teeling, 2006"	"Chen_Wiens_2020"
"Otomops_martiensseni"	"Otomops martiensseni"	"spelling"	"Molossidae"	"Chiroptera"	"Mammalia"	1	"Fenton et al., 2004"	"Chen_Wiens_2020"
"Tadarida_brasiliensis"	"Tadarida brasiliensis"	"spelling"	"Molossidae"	"Chiroptera"	"Mammalia"	1	"Gillam and McCracken, 2007"	"Chen_Wiens_2020"
"Mormoops_megalophylla"	"Mormoops megalophylla"	"spelling"	"Mormoopidae"	"Chiroptera"	"Mammalia"	1	"Smotherman and Guillen-Servent, 2008"	"Chen_Wiens_2020"
"Pteronotus_parnellii"	"Pteronotus parnellii"	"spelling"	"Mormoopidae"	"Chiroptera"	"Mammalia"	1	"Esser et al., 1997"	"Chen_Wiens_2020"
"Mystacina_tuberculata"	"Mystacina tuberculata"	"spelling"	"Mystacinidae"	"Chiroptera"	"Mammalia"	1	"Parsons, 1997"	"Chen_Wiens_2020"
"Nycteris_thebaica"	"Nycteris thebaica"	"spelling"	"Nycteridae"	"Chiroptera"	"Mammalia"	1	"Esmailka, 2005"	"Chen_Wiens_2020"
"Artibeus_jamaicensis"	"Artibeus jamaicensis"	"spelling"	"Phyllostomidae"	"Chiroptera"	"Mammalia"	1	"Heffner et al., 2003"	"Chen_Wiens_2020"
"Choeronycteris_mexicana"	"Choeronycteris mexicana"	"spelling"	"Phyllostomidae"	"Chiroptera"	"Mammalia"	1	"Charron, 2002"	"Chen_Wiens_2020"
"Leptonycteris_yerbabuenae"	"Leptonycteris yerbabuenae"	"spelling"	"Phyllostomidae"	"Chiroptera"	"Mammalia"	1	"Murphy, 2015"	"Chen_Wiens_2020"
"Macrotus_californicus"	"Macrotus californicus"	"spelling"	"Phyllostomidae"	"Chiroptera"	"Mammalia"	1	"Burns et al., 2014"	"Chen_Wiens_2020"
"Eidolon_helvum"	"Eidolon helvum"	"spelling"	"Pteropodidae"	"Chiroptera"	"Mammalia"	1	"Ruiz, 2002"	"Chen_Wiens_2020"
"Epomops_dobsonii"	"Epomops dobsonii"	"spelling"	"Pteropodidae"	"Chiroptera"	"Mammalia"	1	"Luzynski et al., 2009"	"Chen_Wiens_2020"
"Epomophorus_gambianus"	"Epomophorus gambianus"	"spelling"	"Pteropodidae"	"Chiroptera"	"Mammalia"	1	"Cresca, 2004"	"Chen_Wiens_2020"
"Lissonycteris_angolensis"	"Lissonycteris angolensis"	"spelling"	"Pteropodidae"	"Chiroptera"	"Mammalia"	1	"Luzynski et al., 2009"	"Chen_Wiens_2020"
"Pteropus_giganteus"	"Pteropus giganteus"	"spelling"	"Pteropodidae"	"Chiroptera"	"Mammalia"	1	"Silbernagel, 2005"	"Chen_Wiens_2020"
"Rousettus_aegyptiacus"	"Rousettus aegyptiacus"	"spelling"	"Pteropodidae"	"Chiroptera"	"Mammalia"	1	"Holland et al., 2004"	"Chen_Wiens_2020"
"Rhinolophus_creaghi"	"Rhinolophus creaghi"	"spelling"	"Rhinolophidae"	"Chiroptera"	"Mammalia"	1	"Stoffberg, 2007"	"Chen_Wiens_2020"
"Rhinopoma_hardwickii"	"Rhinopoma hardwickii"	"spelling"	"Rhinopomatidae"	"Chiroptera"	"Mammalia"	1	"Whiting, 2012"	"Chen_Wiens_2020"
"Thyroptera_tricolor"	"Thyroptera tricolor"	"spelling"	"Thyropteridae"	"Chiroptera"	"Mammalia"	1	"Gillam and Chaverri, 2012"	"Chen_Wiens_2020"
"Antrozous_pallidus"	"Antrozous pallidus"	"spelling"	"Vespertilionidae"	"Chiroptera"	"Mammalia"	1	"Arnold and Wilkinson, 2011"	"Chen_Wiens_2020"
"Glauconycteris_variegata"	"Glauconycteris variegata"	"spelling"	"Vespertilionidae"	"Chiroptera"	"Mammalia"	1	"Rambaldini, 2009"	"Chen_Wiens_2020"
"Corynorhinus_rafinesquii"	"Corynorhinus rafinesquii"	"spelling"	"Vespertilionidae"	"Chiroptera"	"Mammalia"	1	"Loeb and Britzke, 2010"	"Chen_Wiens_2020"
"Eptesicus_fuscus"	"Eptesicus fuscus"	"spelling"	"Vespertilionidae"	"Chiroptera"	"Mammalia"	1	"Masters et al., 1995"	"Chen_Wiens_2020"
"Euderma_maculatum"	"Euderma maculatum"	"spelling"	"Vespertilionidae"	"Chiroptera"	"Mammalia"	1	"Leonard and Fenton, 1984"	"Chen_Wiens_2020"
"Idionycteris_phyllotis"	"Idionycteris phyllotis"	"spelling"	"Vespertilionidae"	"Chiroptera"	"Mammalia"	1	"Simmons and O'Farrell, 1977"	"Chen_Wiens_2020"
"Lasiurus_borealis"	"Lasiurus borealis"	"spelling"	"Vespertilionidae"	"Chiroptera"	"Mammalia"	1	"Barclay et al., 1999"	"Chen_Wiens_2020"
"Miniopterus_fraterculus"	"Miniopterus fraterculus"	"spelling"	"Vespertilionidae"	"Chiroptera"	"Mammalia"	1	"Miller-Butterworth et al., 2005"	"Chen_Wiens_2020"
"Myotis_lucifugus"	"Myotis lucifugus"	"spelling"	"Vespertilionidae"	"Chiroptera"	"Mammalia"	1	"Fenton et al., 1976"	"Chen_Wiens_2020"
"Pipistrellus_hesperus"	"Pipistrellus hesperus"	"spelling"	"Vespertilionidae"	"Chiroptera"	"Mammalia"	1	"Birkett et al., 2014"	"Chen_Wiens_2020"
"Pipistrellus_subflavus"	"Pipistrellus subflavus"	"spelling"	"Vespertilionidae"	"Chiroptera"	"Mammalia"	1	"Pfalzer and Kusch, 2003"	"Chen_Wiens_2020"
"Pipistrellus_kuhlii"	"Pipistrellus kuhlii"	"spelling"	"Vespertilionidae"	"Chiroptera"	"Mammalia"	1	"Russo and Jones, 1999"	"Chen_Wiens_2020"
"Dasypus_novemcinctus"	"Dasypus novemcinctus"	"spelling"	"Dasypodidae"	"Cingulata"	"Mammalia"	1	"McDonald and Larson, 2011"	"Chen_Wiens_2020"
"Cynocephalus_volans"	"Cynocephalus volans"	"spelling"	"Cynocephalidae"	"Dermoptera"	"Mammalia"	1	"Diogo, 2009"	"Chen_Wiens_2020"
"Galeopterus_variegates"	"Galeopterus variegates"	"spelling"	"Cynocephalidae"	"Dermoptera"	"Mammalia"	1	"Beatson, 2011"	"Chen_Wiens_2020"
"Erinaceus_europaeus"	"Erinaceus europaeus"	"spelling"	"Erinaceidae"	"Erinaceomorpha"	"Mammalia"	1	"Roberts, 2011"	"Chen_Wiens_2020"
"Heterohyrax_brucei"	"Heterohyrax brucei"	"spelling"	"Procaviidae"	"Hyracoidea"	"Mammalia"	1	"Shefferly, 1999"	"Chen_Wiens_2020"
"Procavia_capensis"	"Procavia capensis"	"spelling"	"Procaviidae"	"Hyracoidea"	"Mammalia"	1	"Koren and Geffen, 2011"	"Chen_Wiens_2020"
"Ochotona_princeps"	"Ochotona princeps"	"spelling"	"Ochotonidae"	"Lagomorpha"	"Mammalia"	1	"Conner, 1983"	"Chen_Wiens_2020"
"Elephantulus_rufescens"	"Elephantulus rufescens"	"spelling"	"Macroscelididae"	"Macroscelidea"	"Mammalia"	1	"Olbricht and Sliwa, 2014"	"Chen_Wiens_2020"
"Cercartetus_nanus"	"Cercartetus nanus"	"spelling"	"Burramyidae"	"Marsupialia"	"Mammalia"	0	"Sides, 2003"	"Chen_Wiens_2020"
"Caenolestes_fuliginosus"	"Caenolestes fuliginosus"	"spelling"	"Caenolestidae"	"Marsupialia"	"Mammalia"	1	"Siciliano, 2014"	"Chen_Wiens_2020"
"Rhyncholestes_raphanurus"	"Rhyncholestes raphanurus"	"spelling"	"Caenolestidae"	"Marsupialia"	"Mammalia"	1	"Moore, 2013; Siciliano, 2014"	"Chen_Wiens_2020"
"Caluromys_philander"	"Caluromys philander"	"spelling"	"Caluromyidae"	"Marsupialia"	"Mammalia"	1	"Strassman, 2004"	"Chen_Wiens_2020"
"Dasyurus_albopunctatus"	"Dasyurus albopunctatus"	"spelling"	"Dasyuridae"	"Marsupialia"	"Mammalia"	1	"Nihranz and Elizabeth, 2013"	"Chen_Wiens_2020"
"Didelphis_virginiana"	"Didelphis virginiana"	"spelling"	"Didelphidae"	"Marsupialia"	"Mammalia"	1	"Siciliano Martina, 2013a"	"Chen_Wiens_2020"
"Glironia_venusta"	"Glironia venusta"	"spelling"	"Didelphidae"	"Marsupialia"	"Mammalia"	1	"Siciliano Martina, 2013b"	"Chen_Wiens_2020"
"Monodelphis_domestica"	"Monodelphis domestica"	"spelling"	"Didelphidae"	"Marsupialia"	"Mammalia"	1	"Moore, 2006"	"Chen_Wiens_2020"
"Hypsiprymnodon_moschatus"	"Hypsiprymnodon moschatus"	"spelling"	"Hypsiprymnodontidae"	"Marsupialia"	"Mammalia"	1	"Rose et al., 2006"	"Chen_Wiens_2020"
"Macropus_eugenii"	"Macropus eugenii"	"spelling"	"Macropodidae"	"Marsupialia"	"Mammalia"	1	"Menkhorst and Knight, 2004"	"Chen_Wiens_2020"
"Dromiciops_gliroides"	"Dromiciops gliroides"	"spelling"	"Microbiotheriidae"	"Marsupialia"	"Mammalia"	1	"Chick, 2013"	"Chen_Wiens_2020"
"Myrmecobius_fasciatus"	"Myrmecobius fasciatus"	"spelling"	"Myrmecobiidae"	"Marsupialia"	"Mammalia"	1	"de la Riva, 2013"	"Chen_Wiens_2020"
"Notoryctes_typhlops"	"Notoryctes typhlops"	"spelling"	"Notoryctidae"	"Marsupialia"	"Mammalia"	1	"Glyshaw, 2011"	"Chen_Wiens_2020"
"Echymipera_kalubu"	"Echymipera kalubu"	"spelling"	"Peramelidae"	"Marsupialia"	"Mammalia"	1	"Frens, 2011"	"Chen_Wiens_2020"
"Isoodon_macrourus"	"Isoodon macrourus"	"spelling"	"Peramelidae"	"Marsupialia"	"Mammalia"	1	"Frens, 2011"	"Chen_Wiens_2020"
"Petaurus_breviceps"	"Petaurus breviceps"	"spelling"	"Petauridae"	"Marsupialia"	"Mammalia"	1	"Pasatta, 1999"	"Chen_Wiens_2020"
"Acrobates_pygmaeus"	"Acrobates pygmaeus"	"spelling"	"Phalangerida"	"Marsupialia"	"Mammalia"	1	"Aitkin and Nelson, 1989"	"Chen_Wiens_2020"
"Trichosurus_vulpecula"	"Trichosurus vulpecula"	"spelling"	"Phalangeridae"	"Marsupialia"	"Mammalia"	1	"Meyer, 2000"	"Chen_Wiens_2020"
"Phascolarctos_cinereus"	"Phascolarctos cinereus"	"spelling"	"Phascolarctidae"	"Marsupialia"	"Mammalia"	1	"Charlton et al., 2011"	"Chen_Wiens_2020"
"Aepyprymnus_rufescens"	"Aepyprymnus rufescens"	"spelling"	"Potoroidae"	"Marsupialia"	"Mammalia"	1	"Peterson, 2000"	"Chen_Wiens_2020"
"Pseudochirops_cupreus"	"Pseudochirops cupreus"	"spelling"	"Pseudocheiridae"	"Marsupialia"	"Mammalia"	1	"Kerle, 2001"	"Chen_Wiens_2020"
"Tarsipes_rostratus"	"Tarsipes rostratus"	"spelling"	"Tarsipedidae"	"Marsupialia"	"Mammalia"	0	"Loay, 2011"	"Chen_Wiens_2020"
"Vombatus_ursinus"	"Vombatus ursinus"	"spelling"	"Vombatidae"	"Marsupialia"	"Mammalia"	1	"Galetka, 2013"	"Chen_Wiens_2020"
"Ornithorhynchus_anatinus"	"Ornithorhynchus anatinus"	"spelling"	"Ornithorhynchidae"	"Monotremata"	"Mammalia"	1	"Ojo, 2008"	"Chen_Wiens_2020"
"Tachyglossus_aculeatus"	"Tachyglossus aculeatus"	"spelling"	"Tachyglossidae"	"Monotremata"	"Mammalia"	0	"Cason, 2009"	"Chen_Wiens_2020"
"Equus_caballus"	"Equus caballus"	"spelling"	"Equidae"	"Perissodactyla"	"Mammalia"	1	"Clement, 2015"	"Chen_Wiens_2020"
"Ceratotherium_simum"	"Ceratotherium simum"	"spelling"	"Rhinocerotidae"	"Perissodactyla"	"Mammalia"	1	"Dulal, 2017"	"Chen_Wiens_2020"
"Tapirus_indicus"	"Tapirus indicus"	"spelling"	"Tapiridae"	"Perissodactyla"	"Mammalia"	1	"Gearty, 2012"	"Chen_Wiens_2020"
"Manis_pentadactyla"	"Manis pentadactyla"	"spelling"	"Manidae"	"Pholidota"	"Mammalia"	0	"Raynor, 2000"	"Chen_Wiens_2020"
"Manis_tricuspis"	"Manis tricuspis"	"spelling"	"Manidae"	"Pholidota"	"Mammalia"	0	"Andrews, 2011"	"Chen_Wiens_2020"
"Bradypus_tridactylus"	"Bradypus tridactylus"	"spelling"	"Bradypodidae"	"Pilosa"	"Mammalia"	1	"Chiarello, 2008"	"Chen_Wiens_2020"
"Cyclopes_didactylus"	"Cyclopes didactylus"	"spelling"	"Cyclopedidae"	"Pilosa"	"Mammalia"	1	"Cavendish, 2008"	"Chen_Wiens_2020"
"Choloepus_hoffmanni"	"Choloepus hoffmanni"	"spelling"	"Megalonychidae"	"Pilosa"	"Mammalia"	1	"Apostolopoulos, 2010"	"Chen_Wiens_2020"
"Myrmecophaga_tridactyla"	"Myrmecophaga tridactyla"	"spelling"	"Myrmecophagidae"	"Pilosa"	"Mammalia"	1	"Woltanski, 2004"	"Chen_Wiens_2020"
"Ateles_fusciceps"	"Ateles fusciceps"	"spelling"	"Atelidae"	"Primates"	"Mammalia"	1	"Eisenberg, 1978"	"Chen_Wiens_2020"
"Callithrix_jacchus"	"Callithrix jacchus"	"spelling"	"Callitrichidae"	"Primates"	"Mammalia"	1	"Pistorio et al., 2006"	"Chen_Wiens_2020"
"Cebus_albifrons"	"Cebus albifrons"	"spelling"	"Cebidae"	"Primates"	"Mammalia"	1	"Mijal, 2001"	"Chen_Wiens_2020"
"Macaca_mulatta"	"Macaca mulatta"	"spelling"	"Cercopithecidae"	"Primates"	"Mammalia"	1	"Seinfeld, 2000"	"Chen_Wiens_2020"
"Microcebus_murinus"	"Microcebus murinus"	"spelling"	"Cheirogaleidae"	"Primates"	"Mammalia"	1	"Zimmermann and Lerch, 1993"	"Chen_Wiens_2020"
"Daubentonia_madagascariensis"	"Daubentonia madagascariensis"	"spelling"	"Daubentoniidae"	"Primates"	"Mammalia"	1	"Boucher, 2007"	"Chen_Wiens_2020"
"Homo_sapiens"	"Homo sapiens"	"spelling"	"Hominidae"	"Primates"	"Mammalia"	1	"Dewey, 2008"	"Chen_Wiens_2020"
"Nomascus_leucogenys"	"Nomascus leucogenys"	"spelling"	"Hylobatidae"	"Primates"	"Mammalia"	1	"Boyd, 2006"	"Chen_Wiens_2020"
"Propithecus_verreauxi"	"Propithecus verreauxi"	"spelling"	"Indriidae"	"Primates"	"Mammalia"	1	"Freund, 2011"	"Chen_Wiens_2020"
"Lemur_catta"	"Lemur catta"	"spelling"	"Lemuridae"	"Primates"	"Mammalia"	1	"Baumhofer, 2017"	"Chen_Wiens_2020"
"Nycticebus_coucang"	"Nycticebus coucang"	"spelling"	"Lorisidae"	"Primates"	"Mammalia"	1	"Pena, 2013"	"Chen_Wiens_2020"
"Tarsius_bancanus"	"Tarsius bancanus"	"spelling"	"Tarsiidae"	"Primates"	"Mammalia"	1	"McKeighan, 2011"	"Chen_Wiens_2020"
"Elephas_maximus"	"Elephas maximus"	"spelling"	"Elephantidae"	"Proboscidea"	"Mammalia"	1	"Karkala, 2016"	"Chen_Wiens_2020"
"Loxodonta_africana"	"Loxodonta africana"	"spelling"	"Elephantidae"	"Proboscidea"	"Mammalia"	1	"Howard, 2017"	"Chen_Wiens_2020"
"Abrocoma_bennettii"	"Abrocoma bennettii"	"spelling"	"Abrocomidae"	"Rodentia"	"Mammalia"	0	"http://eol.org/pages/127501/overview"	"Chen_Wiens_2020"
"Cuniculus_paca"	"Cuniculus paca"	"spelling"	"Agoutidae"	"Rodentia"	"Mammalia"	1	"Lima et al., 2018"	"Chen_Wiens_2020"
"Anomalurus_beecrofti"	"Anomalurus beecrofti"	"spelling"	"Anomaluridae"	"Rodentia"	"Mammalia"	1	"Nowak, 1999"	"Chen_Wiens_2020"
"Aplodontia_rufa"	"Aplodontia rufa"	"spelling"	"Aplodontiidae"	"Rodentia"	"Mammalia"	1	"Newell, 2002"	"Chen_Wiens_2020"
"Cryptomys_hottentotus"	"Cryptomys hottentotus"	"spelling"	"Bathyergidae"	"Rodentia"	"Mammalia"	1	"Muller et al., 1992"	"Chen_Wiens_2020"
"Heliophobius_argenteocinereus"	"Heliophobius argenteocinereus"	"spelling"	"Bathyergidae"	"Rodentia"	"Mammalia"	1	"Knotkova et al., 2009"	"Chen_Wiens_2020"
"Heterocephalus_glaber"	"Heterocephalus glaber"	"spelling"	"Bathyergidae"	"Rodentia"	"Mammalia"	1	"Yosida and Okanoya, 2009"	"Chen_Wiens_2020"
"Capromys_pilorides"	"Capromys pilorides"	"spelling"	"Capromyidae"	"Rodentia"	"Mammalia"	1	"Webster, 2007"	"Chen_Wiens_2020"
"Geocapromys_brownii"	"Geocapromys brownii"	"spelling"	"Capromyidae"	"Rodentia"	"Mammalia"	1	"Anderson et al., 1983"	"Chen_Wiens_2020"
"Castor_canadensis"	"Castor canadensis"	"spelling"	"Castoridae"	"Rodentia"	"Mammalia"	1	"Anderson, 2002"	"Chen_Wiens_2020"
"Cavia_porcellus"	"Cavia porcellus"	"spelling"	"Caviidae"	"Rodentia"	"Mammalia"	1	"Hixon, 2011"	"Chen_Wiens_2020"
"Dolichotis_patagonum"	"Dolichotis patagonum"	"spelling"	"Caviidae"	"Rodentia"	"Mammalia"	1	"Genest and Dubost, 1974"	"Chen_Wiens_2020"
"Galea_musteloides"	"Galea musteloides"	"spelling"	"Caviidae"	"Rodentia"	"Mammalia"	1	"Borowski, 2009"	"Chen_Wiens_2020"
"Hydrochoerus_hydrochaeris"	"Hydrochoerus hydrochaeris"	"spelling"	"Caviidae"	"Rodentia"	"Mammalia"	1	"Frens, 2009"	"Chen_Wiens_2020"
"Microcavia_australis"	"Microcavia australis"	"spelling"	"Caviidae"	"Rodentia"	"Mammalia"	1	"Chartier, 2004"	"Chen_Wiens_2020"
"Chinchilla_lanigera"	"Chinchilla lanigera"	"spelling"	"Chinchillidae"	"Rodentia"	"Mammalia"	1	"Shofner, 2002; http://eol.org/pages/8686/details"	"Chen_Wiens_2020"
"Lagidium_peruanum"	"Lagidium peruanum"	"spelling"	"Chinchillidae"	"Rodentia"	"Mammalia"	1	"Wund, 2000; http://eol.org/pages/8686/details"	"Chen_Wiens_2020"
"Lagostomus_maximus"	"Lagostomus maximus"	"spelling"	"Chinchillidae"	"Rodentia"	"Mammalia"	1	"Branch, 1993; http://eol.org/pages/8686/details"	"Chen_Wiens_2020"
"Ctenodactylus_gundi"	"Ctenodactylus gundi"	"spelling"	"Ctenodactylidae"	"Rodentia"	"Mammalia"	1	"Leu, 2001"	"Chen_Wiens_2020"
"Felovia_vae"	"Felovia vae"	"spelling"	"Ctenodactylidae"	"Rodentia"	"Mammalia"	1	"Myers, 2001a"	"Chen_Wiens_2020"
"Massoutiera_mzabi"	"Massoutiera mzabi"	"spelling"	"Ctenodactylidae"	"Rodentia"	"Mammalia"	1	"Myers, 2001a"	"Chen_Wiens_2020"
"Pectinator_spekei"	"Pectinator spekei"	"spelling"	"Ctenodactylidae"	"Rodentia"	"Mammalia"	1	"Myers, 2001a"	"Chen_Wiens_2020"
"Ctenomys_boliviensis"	"Ctenomys boliviensis"	"spelling"	"Ctenomyidae"	"Rodentia"	"Mammalia"	1	"Francescoli et al., 2012"	"Chen_Wiens_2020"
"Dasyprocta_punctata"	"Dasyprocta punctata"	"spelling"	"Dasyproctidae"	"Rodentia"	"Mammalia"	1	"Decker, 2000"	"Chen_Wiens_2020"
"Myoprocta_acouchy"	"Myoprocta acouchy"	"spelling"	"Dasyproctidae"	"Rodentia"	"Mammalia"	1	"Jaimes, 2007"	"Chen_Wiens_2020"
"Dinomys_branickii"	"Dinomys branickii"	"spelling"	"Dinomyidae"	"Rodentia"	"Mammalia"	1	"Nasif and Abdala, 2015"	"Chen_Wiens_2020"
"Cardiocranius_paradoxus"	"Cardiocranius paradoxus"	"spelling"	"Dipodidae"	"Rodentia"	"Mammalia"	1	"Sherman, 2007"	"Chen_Wiens_2020"
"Dipus_sagitta"	"Dipus sagitta"	"spelling"	"Dipodidae"	"Rodentia"	"Mammalia"	1	"Eisenberg, 1975"	"Chen_Wiens_2020"
"Jaculus_jaculus"	"Jaculus jaculus"	"spelling"	"Dipodidae"	"Rodentia"	"Mammalia"	0	"Keeley, 2004"	"Chen_Wiens_2020"
"Napaeozapus_insignis"	"Napaeozapus insignis"	"spelling"	"Dipodidae"	"Rodentia"	"Mammalia"	1	"Harrington, 2004"	"Chen_Wiens_2020"
"Paradipus_ctenodactylus"	"Paradipus ctenodactylus"	"spelling"	"Dipodidae"	"Rodentia"	"Mammalia"	1	"Glueckert, 2007"	"Chen_Wiens_2020"
"Pygeretmus_pumilio"	"Pygeretmus pumilio"	"spelling"	"Dipodidae"	"Rodentia"	"Mammalia"	1	"Hodgson, 2004"	"Chen_Wiens_2020"
"Sicista_betulina"	"Sicista betulina"	"spelling"	"Dipodidae"	"Rodentia"	"Mammalia"	1	"Harrington, 2004"	"Chen_Wiens_2020"
"Zapus_hudsonius"	"Zapus hudsonius"	"spelling"	"Dipodidae"	"Rodentia"	"Mammalia"	1	"Smith, 1999"	"Chen_Wiens_2020"
"Carterodon_sulcidens"	"Carterodon sulcidens"	"spelling"	"Echimyidae"	"Rodentia"	"Mammalia"	1	"Myers, 2001b"	"Chen_Wiens_2020"
"Chaetomys_subspinosus"	"Chaetomys subspinosus"	"spelling"	"Echimyidae"	"Rodentia"	"Mammalia"	1	"Myers, 2001b"	"Chen_Wiens_2020"
"Dactylomys_dactylinus"	"Dactylomys dactylinus"	"spelling"	"Echimyidae"	"Rodentia"	"Mammalia"	1	"Laval, 1976"	"Chen_Wiens_2020"
"Diplomys_caniceps"	"Diplomys caniceps"	"spelling"	"Echimyidae"	"Rodentia"	"Mammalia"	1	"Myers, 2001b"	"Chen_Wiens_2020"
"Echimys_chrysurus"	"Echimys chrysurus"	"spelling"	"Echimyidae"	"Rodentia"	"Mammalia"	1	"Myers, 2001b"	"Chen_Wiens_2020"
"Euryzygomatomys_spinosus"	"Euryzygomatomys spinosus"	"spelling"	"Echimyidae"	"Rodentia"	"Mammalia"	1	"Myers, 2001b"	"Chen_Wiens_2020"
"Hoplomys_gymnurus"	"Hoplomys gymnurus"	"spelling"	"Echimyidae"	"Rodentia"	"Mammalia"	1	"Cusick, 2004"	"Chen_Wiens_2020"
"Isothrix_bistriata"	"Isothrix bistriata"	"spelling"	"Echimyidae"	"Rodentia"	"Mammalia"	1	"Myers, 2001b"	"Chen_Wiens_2020"
"Kannabateomys_amblyonyx"	"Kannabateomys amblyonyx"	"spelling"	"Echimyidae"	"Rodentia"	"Mammalia"	1	"Olmos et al., 1993; Cruz, 2011"	"Chen_Wiens_2020"
"Lonchothrix_emiliae"	"Lonchothrix emiliae"	"spelling"	"Echimyidae"	"Rodentia"	"Mammalia"	1	"Myers, 2001b"	"Chen_Wiens_2020"
"Makalata_occasius"	"Makalata occasius"	"spelling"	"Echimyidae"	"Rodentia"	"Mammalia"	1	"Myers, 2001b"	"Chen_Wiens_2020"
"Mesomys_hispidus"	"Mesomys hispidus"	"spelling"	"Echimyidae"	"Rodentia"	"Mammalia"	1	"Myers, 2001b"	"Chen_Wiens_2020"
"Olallamys_edax"	"Olallamys edax"	"spelling"	"Echimyidae"	"Rodentia"	"Mammalia"	1	"Myers, 2001b"	"Chen_Wiens_2020"
"Proechimys_hoplomyoides"	"Proechimys hoplomyoides"	"spelling"	"Echimyidae"	"Rodentia"	"Mammalia"	1	"Myers, 2001b"	"Chen_Wiens_2020"
"Coendou_bicolor"	"Coendou bicolor"	"spelling"	"Erethizontidae"	"Rodentia"	"Mammalia"	1	"Eisenberg, 1974"	"Chen_Wiens_2020"
"Erethizon_dorsatum"	"Erethizon dorsatum"	"spelling"	"Erethizontidae"	"Rodentia"	"Mammalia"	1	"Weber, 2004"	"Chen_Wiens_2020"
"Cratogeomys_neglectus"	"Cratogeomys neglectus"	"spelling"	"Geomyidae"	"Rodentia"	"Mammalia"	1	"Leon et al., 2001"	"Chen_Wiens_2020"
"Geomys_arenarius"	"Geomys arenarius"	"spelling"	"Geomyidae"	"Rodentia"	"Mammalia"	1	"Templeton, 2006"	"Chen_Wiens_2020"
"Orthogeomys_cavator"	"Orthogeomys cavator"	"spelling"	"Geomyidae"	"Rodentia"	"Mammalia"	1	"Cartmell and Sewell, 2009"	"Chen_Wiens_2020"
"Thomomys_bottae"	"Thomomys bottae"	"spelling"	"Geomyidae"	"Rodentia"	"Mammalia"	1	"Schramm, 1961"	"Chen_Wiens_2020"
"Chaetodipus_baileyi"	"Chaetodipus baileyi"	"spelling"	"Heteromyidae"	"Rodentia"	"Mammalia"	1	"Schiebenes, 2004"	"Chen_Wiens_2020"
"Dipodomys_heermanni"	"Dipodomys heermanni"	"spelling"	"Heteromyidae"	"Rodentia"	"Mammalia"	0	"Connolly, 2000"	"Chen_Wiens_2020"
"Heteromys_desmarestianus"	"Heteromys desmarestianus"	"spelling"	"Heteromyidae"	"Rodentia"	"Mammalia"	0	"Witt, 2001"	"Chen_Wiens_2020"
"Liomys_pictus"	"Liomys pictus"	"spelling"	"Heteromyidae"	"Rodentia"	"Mammalia"	0	"McGhee and Genoways, 1978"	"Chen_Wiens_2020"
"Microdipodops_megacephalus"	"Microdipodops megacephalus"	"spelling"	"Heteromyidae"	"Rodentia"	"Mammalia"	0	"Amos, 2017"	"Chen_Wiens_2020"
"Perognathus_amplus"	"Perognathus amplus"	"spelling"	"Heteromyidae"	"Rodentia"	"Mammalia"	0	"Pfau, 2004"	"Chen_Wiens_2020"
"Atherurus_africanus"	"Atherurus africanus"	"spelling"	"Hystricidae"	"Rodentia"	"Mammalia"	1	"Costello, 1966"	"Chen_Wiens_2020"
"Hystrix_africaeaustralis"	"Hystrix africaeaustralis"	"spelling"	"Hystricidae"	"Rodentia"	"Mammalia"	1	"Costello, 1966"	"Chen_Wiens_2020"
"Trichys_fasciculata"	"Trichys fasciculata"	"spelling"	"Hystricidae"	"Rodentia"	"Mammalia"	1	"Reister, 2006"	"Chen_Wiens_2020"
"Alticola_argentatus"	"Alticola argentatus"	"spelling"	"Muridae"	"Rodentia"	"Mammalia"	1	"Nowak, 1999"	"Chen_Wiens_2020"
"Arborimus_longicaudus"	"Arborimus longicaudus"	"spelling"	"Muridae"	"Rodentia"	"Mammalia"	1	"Nowak, 1999"	"Chen_Wiens_2020"
"Arvicola_sapidus"	"Arvicola sapidus"	"spelling"	"Muridae"	"Rodentia"	"Mammalia"	1	"Nowak, 1999"	"Chen_Wiens_2020"
"Beamys_hindei"	"Beamys hindei"	"spelling"	"Muridae"	"Rodentia"	"Mammalia"	1	"Poor, 2005a"	"Chen_Wiens_2020"
"Cricetomys_emini"	"Cricetomys emini"	"spelling"	"Muridae"	"Rodentia"	"Mammalia"	1	"Poor, 2005a"	"Chen_Wiens_2020"
"Cricetulus_migratorius"	"Cricetulus migratorius"	"spelling"	"Muridae"	"Rodentia"	"Mammalia"	1	"Langley, 1985"	"Chen_Wiens_2020"
"Dendromus_melanotis"	"Dendromus melanotis"	"spelling"	"Muridae"	"Rodentia"	"Mammalia"	1	"Poor, 2005b"	"Chen_Wiens_2020"
"Desmodilliscus_braueri"	"Desmodilliscus braueri"	"spelling"	"Muridae"	"Rodentia"	"Mammalia"	1	"Poor, 2005c"	"Chen_Wiens_2020"
"Dicrostonyx_groenlandicus"	"Dicrostonyx groenlandicus"	"spelling"	"Muridae"	"Rodentia"	"Mammalia"	1	"Nowak, 1999; Poor, 2005a"	"Chen_Wiens_2020"
"Gerbillurus_paeba"	"Gerbillurus paeba"	"spelling"	"Muridae"	"Rodentia"	"Mammalia"	1	"Poor, 2005c"	"Chen_Wiens_2020"
"Lagurus_lagurus"	"Lagurus lagurus"	"spelling"	"Muridae"	"Rodentia"	"Mammalia"	1	"Rountrey, 2006"	"Chen_Wiens_2020"
"Lemmus_lemmus"	"Lemmus lemmus"	"spelling"	"Muridae"	"Rodentia"	"Mammalia"	1	"Stubblefield, 2014"	"Chen_Wiens_2020"
"Malacothrix_typica"	"Malacothrix typica"	"spelling"	"Muridae"	"Rodentia"	"Mammalia"	1	"Poor, 2005b"	"Chen_Wiens_2020"
"Megadendromus_nikolausi"	"Megadendromus nikolausi"	"spelling"	"Muridae"	"Rodentia"	"Mammalia"	1	"Nowak, 1999"	"Chen_Wiens_2020"
"Mesocricetus_auratus"	"Mesocricetus auratus"	"spelling"	"Muridae"	"Rodentia"	"Mammalia"	1	"Champagne, 2006"	"Chen_Wiens_2020"
"Microtus_abbreviatus"	"Microtus abbreviatus"	"spelling"	"Muridae"	"Rodentia"	"Mammalia"	1	"Nowak, 1999"	"Chen_Wiens_2020"
"Mus_musculus"	"Mus musculus"	"spelling"	"Muridae"	"Rodentia"	"Mammalia"	1	"Portfors and Perkel, 2014"	"Chen_Wiens_2020"
"Myopus_schisticolor"	"Myopus schisticolor"	"spelling"	"Muridae"	"Rodentia"	"Mammalia"	1	"Nowak, 1999"	"Chen_Wiens_2020"
"Neofiber_alleni"	"Neofiber alleni"	"spelling"	"Muridae"	"Rodentia"	"Mammalia"	1	"Nowak, 1999"	"Chen_Wiens_2020"
"Ondatra_zibethicus"	"Ondatra zibethicus"	"spelling"	"Muridae"	"Rodentia"	"Mammalia"	1	"Newell, 2000"	"Chen_Wiens_2020"
"Phenacomys_intermedius"	"Phenacomys intermedius"	"spelling"	"Muridae"	"Rodentia"	"Mammalia"	1	"Nowak, 1999"	"Chen_Wiens_2020"
"Phodopus_campbelli"	"Phodopus campbelli"	"spelling"	"Muridae"	"Rodentia"	"Mammalia"	1	"Pierce et al., 1989"	"Chen_Wiens_2020"
"Saccostomus_campestris"	"Saccostomus campestris"	"spelling"	"Muridae"	"Rodentia"	"Mammalia"	1	"Nowak, 1999; Poor, 2005a"	"Chen_Wiens_2020"
"Steatomys_krebsii"	"Steatomys krebsii"	"spelling"	"Muridae"	"Rodentia"	"Mammalia"	1	"Poor, 2005b"	"Chen_Wiens_2020"
"Synaptomys_cooperi"	"Synaptomys cooperi"	"spelling"	"Muridae"	"Rodentia"	"Mammalia"	1	"Fahey, 2011"	"Chen_Wiens_2020"
"Myocastor_coypus"	"Myocastor coypus"	"spelling"	"Myocastoridae"	"Rodentia"	"Mammalia"	1	"D'Elia, 1999"	"Chen_Wiens_2020"
"Octodontomys_gliroides"	"Octodontomys gliroides"	"spelling"	"Octodontidae"	"Rodentia"	"Mammalia"	1	"P<U+00E9>rez and D<U+00ED>az, 2018"	"Chen_Wiens_2020"
"Pedetes_capensis"	"Pedetes capensis"	"spelling"	"Pedetidae"	"Rodentia"	"Mammalia"	1	"Haltenorth and Diller, 1980"	"Chen_Wiens_2020"
"Petromus_typicus"	"Petromus typicus"	"spelling"	"Petromuridae"	"Rodentia"	"Mammalia"	1	"Santoro, 2004"	"Chen_Wiens_2020"
"Spermophilus_tridecemlineatus"	"Spermophilus tridecemlineatus"	"spelling"	"Sciuridae"	"Rodentia"	"Mammalia"	1	"Schwagmeyer, 1980"	"Chen_Wiens_2020"
"Tamias_striatus"	"Tamias striatus"	"spelling"	"Sciuridae"	"Rodentia"	"Mammalia"	1	"Dasilva et al., 1994"	"Chen_Wiens_2020"
"Thryonomys_swinderianus"	"Thryonomys swinderianus"	"spelling"	"Thryonomyidae"	"Rodentia"	"Mammalia"	1	"Cox et al., 1988"	"Chen_Wiens_2020"
"Ptilocercus_lowii"	"Ptilocercus lowii"	"spelling"	"Ptilocercidae"	"Scandentia"	"Mammalia"	1	"Askay, 2000"	"Chen_Wiens_2020"
"Tupaia_minor"	"Tupaia minor"	"spelling"	"Tupaiidae"	"Scandentia"	"Mammalia"	1	"Nowak, 1999"	"Chen_Wiens_2020"
"Dugong_dugon"	"Dugong dugon"	"spelling"	"Dugongidae"	"Sirenia"	"Mammalia"	1	"Ichikawa et al., 2011"	"Chen_Wiens_2020"
"Trichechus_manatus"	"Trichechus manatus"	"spelling"	"Trichechidae"	"Sirenia"	"Mammalia"	1	"O'Shea and Poche, 2006"	"Chen_Wiens_2020"
"Solenodon_paradoxus"	"Solenodon paradoxus"	"spelling"	"Solenodontidae"	"Soricomorpha"	"Mammalia"	1	"Derbridge et al., 2015"	"Chen_Wiens_2020"
"Sorex_araneus"	"Sorex araneus"	"spelling"	"Soricidae"	"Soricomorpha"	"Mammalia"	1	"Siemers et al., 2009"	"Chen_Wiens_2020"
"Acanthosaura_capra"	"Acanthosaura capra"	"spelling"	"Agamidae"	"Acrodonta"	"Lepidosauria"	0	"Heying, 2003a"	"Chen_Wiens_2020"
"Acanthosaura_lepidogaster"	"Acanthosaura lepidogaster"	"spelling"	"Agamidae"	"Acrodonta"	"Lepidosauria"	0	"Li and Wen, 2002"	"Chen_Wiens_2020"
"Agama_agama"	"Agama agama"	"spelling"	"Agamidae"	"Acrodonta"	"Lepidosauria"	0	"Hilgris, 2000"	"Chen_Wiens_2020"
"Agama_atra"	"Agama atra"	"spelling"	"Agamidae"	"Acrodonta"	"Lepidosauria"	0	"Bruton, 1977; Hilgris, 2000"	"Chen_Wiens_2020"
"Amphibolurus_muricatus"	"Amphibolurus muricatus"	"spelling"	"Agamidae"	"Acrodonta"	"Lepidosauria"	0	"Hilgris, 2000; Peters and Ord, 2003"	"Chen_Wiens_2020"
"Amphibolurus_nobbi"	"Amphibolurus nobbi"	"spelling"	"Agamidae"	"Acrodonta"	"Lepidosauria"	0	"Hilgris, 2000"	"Chen_Wiens_2020"
"Caimanops_amphiboluroides"	"Caimanops amphiboluroides"	"spelling"	"Agamidae"	"Acrodonta"	"Lepidosauria"	0	"Hilgris, 2000"	"Chen_Wiens_2020"
"Calotes_emma"	"Calotes emma"	"spelling"	"Agamidae"	"Acrodonta"	"Lepidosauria"	0	"Hilgris, 2000"	"Chen_Wiens_2020"
"Calotes_liolepis"	"Calotes liolepis"	"spelling"	"Agamidae"	"Acrodonta"	"Lepidosauria"	0	"Amarasinghe et al., 2014"	"Chen_Wiens_2020"
"Calotes_mystaceus"	"Calotes mystaceus"	"spelling"	"Agamidae"	"Acrodonta"	"Lepidosauria"	0	"Baeckens et al., 2017"	"Chen_Wiens_2020"
"Calotes_nigrilabris"	"Calotes nigrilabris"	"spelling"	"Agamidae"	"Acrodonta"	"Lepidosauria"	0	"Amarasinghe et al., 2011"	"Chen_Wiens_2020"
"Calotes_versicolor"	"Calotes versicolor"	"spelling"	"Agamidae"	"Acrodonta"	"Lepidosauria"	0	"Pandav et al., 2007"	"Chen_Wiens_2020"
"Chelosania_brunnea"	"Chelosania brunnea"	"spelling"	"Agamidae"	"Acrodonta"	"Lepidosauria"	0	"Ramos and Peters, 2016"	"Chen_Wiens_2020"
"Chlamydosaurus_kingii"	"Chlamydosaurus kingii"	"spelling"	"Agamidae"	"Acrodonta"	"Lepidosauria"	0	"Savage, 2001"	"Chen_Wiens_2020"
"Ctenophorus_isolepis"	"Ctenophorus isolepis"	"spelling"	"Agamidae"	"Acrodonta"	"Lepidosauria"	0	"Ramos and Peters, 2016"	"Chen_Wiens_2020"
"Diporiphora_winneckei"	"Diporiphora winneckei"	"spelling"	"Agamidae"	"Acrodonta"	"Lepidosauria"	0	"Heying, 2003a"	"Chen_Wiens_2020"
"Laudakia_caucasia"	"Laudakia caucasia"	"spelling"	"Agamidae"	"Acrodonta"	"Lepidosauria"	0	"Eugenyin and Yu, 1999"	"Chen_Wiens_2020"
"Laudakia_himalayana"	"Laudakia himalayana"	"spelling"	"Agamidae"	"Acrodonta"	"Lepidosauria"	0	"Hilgris, 2000"	"Chen_Wiens_2020"
"Laudakia_lehmanni"	"Laudakia lehmanni"	"spelling"	"Agamidae"	"Acrodonta"	"Lepidosauria"	0	"Hilgris, 2000"	"Chen_Wiens_2020"
"Laudakia_microlepis"	"Laudakia microlepis"	"spelling"	"Agamidae"	"Acrodonta"	"Lepidosauria"	0	"Hilgris, 2000"	"Chen_Wiens_2020"
"Laudakia_nupta"	"Laudakia nupta"	"spelling"	"Agamidae"	"Acrodonta"	"Lepidosauria"	0	"Hilgris, 2000"	"Chen_Wiens_2020"
"Laudakia_sacra"	"Laudakia sacra"	"spelling"	"Agamidae"	"Acrodonta"	"Lepidosauria"	0	"Hilgris, 2000"	"Chen_Wiens_2020"
"Laudakia_stellio"	"Laudakia stellio"	"spelling"	"Agamidae"	"Acrodonta"	"Lepidosauria"	0	"Norfolk et al., 2010"	"Chen_Wiens_2020"
"Laudakia_stoliczkana"	"Laudakia stoliczkana"	"spelling"	"Agamidae"	"Acrodonta"	"Lepidosauria"	0	"Hilgris, 2000"	"Chen_Wiens_2020"
"Laudakia_tuberculata"	"Laudakia tuberculata"	"spelling"	"Agamidae"	"Acrodonta"	"Lepidosauria"	0	"Hilgris, 2000"	"Chen_Wiens_2020"
"Leiolepis_belliana"	"Leiolepis belliana"	"spelling"	"Agamidae"	"Acrodonta"	"Lepidosauria"	0	"Hilgris, 2000"	"Chen_Wiens_2020"
"Lophognathus_longirostris"	"Lophognathus longirostris"	"spelling"	"Agamidae"	"Acrodonta"	"Lepidosauria"	0	"Hilgris, 2000"	"Chen_Wiens_2020"
"Lyriocephalus_scutatus"	"Lyriocephalus scutatus"	"spelling"	"Agamidae"	"Acrodonta"	"Lepidosauria"	0	"Bandara, 2012"	"Chen_Wiens_2020"
"Moloch_horridus"	"Moloch horridus"	"spelling"	"Agamidae"	"Acrodonta"	"Lepidosauria"	0	"Pianka et al., 1998"	"Chen_Wiens_2020"
"Otocryptis_wiegmanni"	"Otocryptis wiegmanni"	"spelling"	"Agamidae"	"Acrodonta"	"Lepidosauria"	0	"Hagman and Ord, 2016"	"Chen_Wiens_2020"
"Phrynocephalus_interscapularis"	"Phrynocephalus interscapularis"	"spelling"	"Agamidae"	"Acrodonta"	"Lepidosauria"	0	"Hilgris, 2000"	"Chen_Wiens_2020"
"Phrynocephalus_raddei"	"Phrynocephalus raddei"	"spelling"	"Agamidae"	"Acrodonta"	"Lepidosauria"	0	"Hilgris, 2000"	"Chen_Wiens_2020"
"Physignathus_cocincinus"	"Physignathus cocincinus"	"spelling"	"Agamidae"	"Acrodonta"	"Lepidosauria"	0	"Hilgris, 2000"	"Chen_Wiens_2020"
"Physignathus_lesueurii"	"Physignathus lesueurii"	"spelling"	"Agamidae"	"Acrodonta"	"Lepidosauria"	0	"Hilgris, 2000"	"Chen_Wiens_2020"
"Pogona_vitticeps"	"Pogona vitticeps"	"spelling"	"Agamidae"	"Acrodonta"	"Lepidosauria"	0	"Fan et al., 2014"	"Chen_Wiens_2020"
"Pseudotrapelus_sinaitus"	"Pseudotrapelus sinaitus"	"spelling"	"Agamidae"	"Acrodonta"	"Lepidosauria"	0	"Norfolk et al., 2010"	"Chen_Wiens_2020"
"Sitana_ponticeriana"	"Sitana ponticeriana"	"spelling"	"Agamidae"	"Acrodonta"	"Lepidosauria"	0	"Patankar et al., 2013"	"Chen_Wiens_2020"
"Trapelus_ruderatus"	"Trapelus ruderatus"	"spelling"	"Agamidae"	"Acrodonta"	"Lepidosauria"	0	"Hilgris, 2000"	"Chen_Wiens_2020"
"Trapelus_sanguinolentus"	"Trapelus sanguinolentus"	"spelling"	"Agamidae"	"Acrodonta"	"Lepidosauria"	0	"Hilgris, 2000"	"Chen_Wiens_2020"
"Trapelus_savignii"	"Trapelus savignii"	"spelling"	"Agamidae"	"Acrodonta"	"Lepidosauria"	0	"Hilgris, 2000"	"Chen_Wiens_2020"
"Tympanocryptis_lineata"	"Tympanocryptis lineata"	"spelling"	"Agamidae"	"Acrodonta"	"Lepidosauria"	0	"Hilgris, 2000"	"Chen_Wiens_2020"
"Uromastyx_hardwickii"	"Uromastyx hardwickii"	"spelling"	"Agamidae"	"Acrodonta"	"Lepidosauria"	0	"Hilgris, 2000"	"Chen_Wiens_2020"
"Bradypodion_pumilum"	"Bradypodion pumilum"	"spelling"	"Chamaeleonidae"	"Acrodonta"	"Lepidosauria"	0	"Heying, 2003b"	"Chen_Wiens_2020"
"Brookesia_brygooi"	"Brookesia brygooi"	"spelling"	"Chamaeleonidae"	"Acrodonta"	"Lepidosauria"	0	"Heying, 2003b"	"Chen_Wiens_2020"
"Chamaeleo_calyptratus"	"Chamaeleo calyptratus"	"spelling"	"Chamaeleonidae"	"Acrodonta"	"Lepidosauria"	0	"Heying, 2003b"	"Chen_Wiens_2020"
"Kinyongia_fischeri"	"Kinyongia fischeri"	"spelling"	"Chamaeleonidae"	"Acrodonta"	"Lepidosauria"	0	"Heying, 2003b"	"Chen_Wiens_2020"
"Furcifer_oustaleti"	"Furcifer oustaleti"	"spelling"	"Chamaeleonidae"	"Acrodonta"	"Lepidosauria"	0	"Heying, 2003b"	"Chen_Wiens_2020"
"Rieppeleon_brevicaudatus"	"Rieppeleon brevicaudatus"	"spelling"	"Chamaeleonidae"	"Acrodonta"	"Lepidosauria"	0	"Heying, 2003b"	"Chen_Wiens_2020"
"Rhampholeon_spectrum"	"Rhampholeon spectrum"	"spelling"	"Chamaeleonidae"	"Acrodonta"	"Lepidosauria"	0	"Heying, 2003b"	"Chen_Wiens_2020"
"Amphisbaena_alba"	"Amphisbaena alba"	"spelling"	"Amphisbaenidae"	"Amphisbaenia"	"Lepidosauria"	0	"Jared et al., 1999"	"Chen_Wiens_2020"
"Geocalamus_acutus"	"Geocalamus acutus"	"spelling"	"Amphisbaenidae"	"Amphisbaenia"	"Lepidosauria"	0	"Martin and Lopez, 2011"	"Chen_Wiens_2020"
"Bipes_biporus"	"Bipes biporus"	"spelling"	"Bipedidae"	"Amphisbaenia"	"Lepidosauria"	0	"Casanova, 2017"	"Chen_Wiens_2020"
"Bipes_canaliculatus"	"Bipes canaliculatus"	"spelling"	"Bipedidae"	"Amphisbaenia"	"Lepidosauria"	0	"Johnson et al., 2019"	"Chen_Wiens_2020"
"Blanus_cinereus"	"Blanus cinereus"	"spelling"	"Blanidae"	"Amphisbaenia"	"Lepidosauria"	0	"Lopez and Martin, 2009"	"Chen_Wiens_2020"
"Diplometopon_zarudnyi"	"Diplometopon zarudnyi"	"spelling"	"Trogonophiidae"	"Amphisbaenia"	"Lepidosauria"	0	"Johnson et al., 2019"	"Chen_Wiens_2020"
"Trogonophis_wiegmanni"	"Trogonophis wiegmanni"	"spelling"	"Trogonophiidae"	"Amphisbaenia"	"Lepidosauria"	0	"Martin et al., 2011"	"Chen_Wiens_2020"
"Abronia_oaxacae"	"Abronia oaxacae"	"spelling"	"Anguidae"	"Anguimorpha"	"Lepidosauria"	0	"Halpern, 1992; Ast, 2003"	"Chen_Wiens_2020"
"Anguis_fragilis"	"Anguis fragilis"	"spelling"	"Anguidae"	"Anguimorpha"	"Lepidosauria"	0	"Halpern, 1992; Ast, 2003"	"Chen_Wiens_2020"
"Anniella_pulchra"	"Anniella pulchra"	"spelling"	"Anguidae"	"Anguimorpha"	"Lepidosauria"	0	"Lee, 2008"	"Chen_Wiens_2020"
"Barisia_imbricata"	"Barisia imbricata"	"spelling"	"Anguidae"	"Anguimorpha"	"Lepidosauria"	0	"Halpern, 1992; Ast, 2003"	"Chen_Wiens_2020"
"Diploglossus_bilobatus"	"Diploglossus bilobatus"	"spelling"	"Anguidae"	"Anguimorpha"	"Lepidosauria"	0	"Halpern, 1992; Ast, 2003"	"Chen_Wiens_2020"
"Elgaria_coerulea"	"Elgaria coerulea"	"spelling"	"Anguidae"	"Anguimorpha"	"Lepidosauria"	0	"Halpern, 1992; Ast, 2003"	"Chen_Wiens_2020"
"Elgaria_kingii"	"Elgaria kingii"	"spelling"	"Anguidae"	"Anguimorpha"	"Lepidosauria"	0	"Halpern, 1992; Ast, 2003"	"Chen_Wiens_2020"
"Elgaria_multicarinata"	"Elgaria multicarinata"	"spelling"	"Anguidae"	"Anguimorpha"	"Lepidosauria"	0	"Halpern, 1992; Ast, 2003"	"Chen_Wiens_2020"
"Elgaria_panamintina"	"Elgaria panamintina"	"spelling"	"Anguidae"	"Anguimorpha"	"Lepidosauria"	0	"Halpern, 1992; Ast, 2003"	"Chen_Wiens_2020"
"Ophiodes_striatus"	"Ophiodes striatus"	"spelling"	"Anguidae"	"Anguimorpha"	"Lepidosauria"	0	"Halpern, 1992; Ast, 2003"	"Chen_Wiens_2020"
"Pseudopus_apodus"	"Pseudopus apodus"	"spelling"	"Anguidae"	"Anguimorpha"	"Lepidosauria"	0	"Halpern, 1992; Ast, 2003"	"Chen_Wiens_2020"
"Ophisaurus_attenuatus"	"Ophisaurus attenuatus"	"spelling"	"Anguidae"	"Anguimorpha"	"Lepidosauria"	0	"Halpern, 1992; Ast, 2003"	"Chen_Wiens_2020"
"Ophisaurus_ventralis"	"Ophisaurus ventralis"	"spelling"	"Anguidae"	"Anguimorpha"	"Lepidosauria"	0	"Halpern, 1992; Ast, 2003"	"Chen_Wiens_2020"
"Heloderma_suspectum"	"Heloderma suspectum"	"spelling"	"Helodermatidae"	"Anguimorpha"	"Lepidosauria"	0	"Stewart, 2003"	"Chen_Wiens_2020"
"Varanus_acanthurus"	"Varanus acanthurus"	"spelling"	"Varanidae"	"Anguimorpha"	"Lepidosauria"	0	"Halpern, 1992; Ast, 2003b"	"Chen_Wiens_2020"
"Varanus_bengalensis"	"Varanus bengalensis"	"spelling"	"Varanidae"	"Anguimorpha"	"Lepidosauria"	0	"Ast, 2003b; Farmer and Wright, 2012"	"Chen_Wiens_2020"
"Varanus_eremius"	"Varanus eremius"	"spelling"	"Varanidae"	"Anguimorpha"	"Lepidosauria"	0	"Halpern, 1992; Ast, 2003b"	"Chen_Wiens_2020"
"Varanus_giganteus"	"Varanus giganteus"	"spelling"	"Varanidae"	"Anguimorpha"	"Lepidosauria"	0	"Halpern, 1992; Ast, 2003b"	"Chen_Wiens_2020"
"Varanus_gilleni"	"Varanus gilleni"	"spelling"	"Varanidae"	"Anguimorpha"	"Lepidosauria"	0	"Halpern, 1992; Ast, 2003b"	"Chen_Wiens_2020"
"Varanus_griseus"	"Varanus griseus"	"spelling"	"Varanidae"	"Anguimorpha"	"Lepidosauria"	0	"Halpern, 1992; Ast, 2003b"	"Chen_Wiens_2020"
"Varanus_indicus"	"Varanus indicus"	"spelling"	"Varanidae"	"Anguimorpha"	"Lepidosauria"	0	"Halpern, 1992; Ast, 2003b"	"Chen_Wiens_2020"
"Varanus_prasinus"	"Varanus prasinus"	"spelling"	"Varanidae"	"Anguimorpha"	"Lepidosauria"	0	"Halpern, 1992; Ast, 2003b"	"Chen_Wiens_2020"
"Varanus_salvator"	"Varanus salvator"	"spelling"	"Varanidae"	"Anguimorpha"	"Lepidosauria"	0	"Halpern, 1992; Ast, 2003b"	"Chen_Wiens_2020"
"Varanus_spenceri"	"Varanus spenceri"	"spelling"	"Varanidae"	"Anguimorpha"	"Lepidosauria"	0	"Halpern, 1992; Ast, 2003b"	"Chen_Wiens_2020"
"Varanus_varius"	"Varanus varius"	"spelling"	"Varanidae"	"Anguimorpha"	"Lepidosauria"	0	"Halpern, 1992; Ast, 2003b"	"Chen_Wiens_2020"
"Xenosaurus_grandis"	"Xenosaurus grandis"	"spelling"	"Xenosaridae"	"Anguimorpha"	"Lepidosauria"	0	"Bohme and Ziegler, 2009"	"Chen_Wiens_2020"
"Anelytropsis_papillosus"	"Anelytropsis papillosus"	"spelling"	"Dibamidae"	"Dibamidae"	"Lepidosauria"	0	"Johnson et al., 2019"	"Chen_Wiens_2020"
"Dibamus_novaeguineae"	"Dibamus novaeguineae"	"spelling"	"Dibamidae"	"Dibamidae"	"Lepidosauria"	0	"Johnson et al., 2019"	"Chen_Wiens_2020"
"Underwoodisaurus_milii"	"Underwoodisaurus milii"	"spelling"	"Carphodactylidae"	"Gekkota"	"Lepidosauria"	0	"Frankenberg and Werner, 1992"	"Chen_Wiens_2020"
"Phyllurus_platurus"	"Phyllurus platurus"	"spelling"	"Carphodactylidae"	"Gekkota"	"Lepidosauria"	0	"Frankenberg and Werner, 1992"	"Chen_Wiens_2020"
"Diplodactylus_conspicillatus"	"Diplodactylus conspicillatus"	"spelling"	"Diplodactylidae"	"Gekkota"	"Lepidosauria"	0	"Frankenberg and Werner, 1992"	"Chen_Wiens_2020"
"Lucasium_damaeum"	"Lucasium damaeum"	"spelling"	"Diplodactylidae"	"Gekkota"	"Lepidosauria"	0	"Frankenberg and Werner, 1992"	"Chen_Wiens_2020"
"Oedura_marmorata"	"Oedura marmorata"	"spelling"	"Diplodactylidae"	"Gekkota"	"Lepidosauria"	0	"Frankenberg and Werner, 1992"	"Chen_Wiens_2020"
"Rhacodactylus_ciliatus"	"Rhacodactylus ciliatus"	"spelling"	"Diplodactylidae"	"Gekkota"	"Lepidosauria"	1	"Brusso, 2013"	"Chen_Wiens_2020"
"Coleonyx_brevis"	"Coleonyx brevis"	"spelling"	"Eublepharidae"	"Gekkota"	"Lepidosauria"	0	"Sargent, 2001"	"Chen_Wiens_2020"
"Coleonyx_mitratus"	"Coleonyx mitratus"	"spelling"	"Eublepharidae"	"Gekkota"	"Lepidosauria"	0	"Frankenberg and Werner, 1992"	"Chen_Wiens_2020"
"Coleonyx_variegatus"	"Coleonyx variegatus"	"spelling"	"Eublepharidae"	"Gekkota"	"Lepidosauria"	0	"Frankenberg and Werner, 1992"	"Chen_Wiens_2020"
"Eublepharis_macularius"	"Eublepharis macularius"	"spelling"	"Eublepharidae"	"Gekkota"	"Lepidosauria"	0	"Frankenberg and Werner, 1992"	"Chen_Wiens_2020"
"Hemitheconyx_caudicinctus"	"Hemitheconyx caudicinctus"	"spelling"	"Eublepharidae"	"Gekkota"	"Lepidosauria"	1	"Gerster, 2017"	"Chen_Wiens_2020"
"Cyrtopodion_scabrum"	"Cyrtopodion scabrum"	"spelling"	"Gekkonidae"	"Gekkota"	"Lepidosauria"	0	"Khannoon, 2012"	"Chen_Wiens_2020"
"Hemidactylus_flaviviridis"	"Hemidactylus flaviviridis"	"spelling"	"Gekkonidae"	"Gekkota"	"Lepidosauria"	0	"Khannoon, 2012"	"Chen_Wiens_2020"
"Hemidactylus_frenatus"	"Hemidactylus frenatus"	"spelling"	"Gekkonidae"	"Gekkota"	"Lepidosauria"	1	"Wu, 2017"	"Chen_Wiens_2020"
"Hemidactylus_mabouia"	"Hemidactylus mabouia"	"spelling"	"Gekkonidae"	"Gekkota"	"Lepidosauria"	1	"Lennox, 2017"	"Chen_Wiens_2020"
"Hemidactylus_turcicus"	"Hemidactylus turcicus"	"spelling"	"Gekkonidae"	"Gekkota"	"Lepidosauria"	1	"Frankenberg, 1982"	"Chen_Wiens_2020"
"Lepidodactylus_lugubris"	"Lepidodactylus lugubris"	"spelling"	"Gekkonidae"	"Gekkota"	"Lepidosauria"	1	"Frankenberg and Werner, 1992"	"Chen_Wiens_2020"
"Lygodactylus_bradfieldi"	"Lygodactylus bradfieldi"	"spelling"	"Gekkonidae"	"Gekkota"	"Lepidosauria"	0	"Frankenberg and Werner, 1992"	"Chen_Wiens_2020"
"Lygodactylus_klugei"	"Lygodactylus klugei"	"spelling"	"Gekkonidae"	"Gekkota"	"Lepidosauria"	0	"Frankenberg and Werner, 1992"	"Chen_Wiens_2020"
"Lygodactylus_miops"	"Lygodactylus miops"	"spelling"	"Gekkonidae"	"Gekkota"	"Lepidosauria"	0	"Frankenberg and Werner, 1992"	"Chen_Wiens_2020"
"Lygodactylus_mirabilis"	"Lygodactylus mirabilis"	"spelling"	"Gekkonidae"	"Gekkota"	"Lepidosauria"	0	"Frankenberg and Werner, 1992"	"Chen_Wiens_2020"
"Lygodactylus_tolampyae"	"Lygodactylus tolampyae"	"spelling"	"Gekkonidae"	"Gekkota"	"Lepidosauria"	0	"Frankenberg and Werner, 1992"	"Chen_Wiens_2020"
"Narudasia_festiva"	"Narudasia festiva"	"spelling"	"Gekkonidae"	"Gekkota"	"Lepidosauria"	0	"Frankenberg and Werner, 1992"	"Chen_Wiens_2020"
"Pachydactylus_punctatus"	"Pachydactylus punctatus"	"spelling"	"Gekkonidae"	"Gekkota"	"Lepidosauria"	0	"Frankenberg and Werner, 1992"	"Chen_Wiens_2020"
"Paroedura_masobe"	"Paroedura masobe"	"spelling"	"Gekkonidae"	"Gekkota"	"Lepidosauria"	0	"Frankenberg and Werner, 1992"	"Chen_Wiens_2020"
"Paroedura_picta"	"Paroedura picta"	"spelling"	"Gekkonidae"	"Gekkota"	"Lepidosauria"	0	"Brillet, 1993"	"Chen_Wiens_2020"
"Phelsuma_borbonica"	"Phelsuma borbonica"	"spelling"	"Gekkonidae"	"Gekkota"	"Lepidosauria"	0	"Frankenberg and Werner, 1992"	"Chen_Wiens_2020"
"Phelsuma_madagascariensis"	"Phelsuma madagascariensis"	"spelling"	"Gekkonidae"	"Gekkota"	"Lepidosauria"	0	"Frankenberg and Werner, 1992"	"Chen_Wiens_2020"
"Phelsuma_modesta"	"Phelsuma modesta"	"spelling"	"Gekkonidae"	"Gekkota"	"Lepidosauria"	0	"Frankenberg and Werner, 1992"	"Chen_Wiens_2020"
"Phelsuma_ocellata"	"Phelsuma ocellata"	"spelling"	"Gekkonidae"	"Gekkota"	"Lepidosauria"	0	"Frankenberg and Werner, 1992"	"Chen_Wiens_2020"
"Rhoptropus_boultoni"	"Rhoptropus boultoni"	"spelling"	"Gekkonidae"	"Gekkota"	"Lepidosauria"	0	"Frankenberg and Werner, 1992"	"Chen_Wiens_2020"
"Uroplatus_henkeli"	"Uroplatus henkeli"	"spelling"	"Gekkonidae"	"Gekkota"	"Lepidosauria"	0	"Russell et al., 2014; https://www.arkive.org/henkels-flat-tailed-gecko/uroplatus-henkeli/"	"Chen_Wiens_2020"
"Uroplatus_phantasticus"	"Uroplatus phantasticus"	"spelling"	"Gekkonidae"	"Gekkota"	"Lepidosauria"	0	"Russell et al., 2014"	"Chen_Wiens_2020"
"Homonota_darwinii"	"Homonota darwinii"	"spelling"	"Phyllodactylidae"	"Gekkota"	"Lepidosauria"	0	"Frankenberg and Werner, 1992"	"Chen_Wiens_2020"
"Homonota_fasciata"	"Homonota fasciata"	"spelling"	"Phyllodactylidae"	"Gekkota"	"Lepidosauria"	0	"Frankenberg and Werner, 1992"	"Chen_Wiens_2020"
"Phyllodactylus_tuberculosus"	"Phyllodactylus tuberculosus"	"spelling"	"Phyllodactylidae"	"Gekkota"	"Lepidosauria"	1	"Frankenberg and Werner, 1992"	"Chen_Wiens_2020"
"Ptyodactylus_guttatus"	"Ptyodactylus guttatus"	"spelling"	"Phyllodactylidae"	"Gekkota"	"Lepidosauria"	1	"Frankenberg and Werner, 1992"	"Chen_Wiens_2020"
"Ptyodactylus_hasselquistii"	"Ptyodactylus hasselquistii"	"spelling"	"Phyllodactylidae"	"Gekkota"	"Lepidosauria"	1	"Frankenberg and Werner, 1992"	"Chen_Wiens_2020"
"Tarentola_americana"	"Tarentola americana"	"spelling"	"Phyllodactylidae"	"Gekkota"	"Lepidosauria"	1	"Phongkangsananan et al., 2014"	"Chen_Wiens_2020"
"Geckonia_chazaliae"	"Geckonia chazaliae"	"spelling"	"Phyllodactylidae"	"Gekkota"	"Lepidosauria"	1	"Wever, 1974; https://www.ridgeandvalleyreptiles.com/geckonia-chazalia.html"	"Chen_Wiens_2020"
"Tarentola_delalandii"	"Tarentola delalandii"	"spelling"	"Phyllodactylidae"	"Gekkota"	"Lepidosauria"	1	"Phongkangsananan et al., 2014"	"Chen_Wiens_2020"
"Tarentola_deserti"	"Tarentola deserti"	"spelling"	"Phyllodactylidae"	"Gekkota"	"Lepidosauria"	1	"Phongkangsananan et al., 2014"	"Chen_Wiens_2020"
"Tarentola_mauritanica"	"Tarentola mauritanica"	"spelling"	"Phyllodactylidae"	"Gekkota"	"Lepidosauria"	1	"Arnold and Ovenden, 2002"	"Chen_Wiens_2020"
"Thecadactylus_rapicauda"	"Thecadactylus rapicauda"	"spelling"	"Phyllodactylidae"	"Gekkota"	"Lepidosauria"	1	"Quesnel, 2006"	"Chen_Wiens_2020"
"Thecadactylus_solimoensis"	"Thecadactylus solimoensis"	"spelling"	"Phyllodactylidae"	"Gekkota"	"Lepidosauria"	1	"Quesnel, 2006; Bergmann and Russell,2007"	"Chen_Wiens_2020"
"Delma_tincta"	"Delma tincta"	"spelling"	"Pygopodidae"	"Gekkota"	"Lepidosauria"	0	"Webber and Werner, 1977"	"Chen_Wiens_2020"
"Paradelma_orientalis"	"Paradelma orientalis"	"spelling"	"Pygopodidae"	"Gekkota"	"Lepidosauria"	0	"Shea, 1987"	"Chen_Wiens_2020"
"Aristelliger_georgeensis"	"Aristelliger georgeensis"	"spelling"	"Sphaerodactylidae"	"Gekkota"	"Lepidosauria"	0	"Cloud, 2013"	"Chen_Wiens_2020"
"Aristelliger_praesignis"	"Aristelliger praesignis"	"spelling"	"Sphaerodactylidae"	"Gekkota"	"Lepidosauria"	0	"Cloud, 2013"	"Chen_Wiens_2020"
"Coleodactylus_amazonicus"	"Coleodactylus amazonicus"	"spelling"	"Sphaerodactylidae"	"Gekkota"	"Lepidosauria"	0	"Frankenberg and Werner, 1992"	"Chen_Wiens_2020"
"Coleodactylus_brachystoma"	"Coleodactylus brachystoma"	"spelling"	"Sphaerodactylidae"	"Gekkota"	"Lepidosauria"	0	"Frankenberg and Werner, 1992"	"Chen_Wiens_2020"
"Coleodactylus_septentrionalis"	"Coleodactylus septentrionalis"	"spelling"	"Sphaerodactylidae"	"Gekkota"	"Lepidosauria"	0	"Frankenberg and Werner, 1992"	"Chen_Wiens_2020"
"Euleptes_europaea"	"Euleptes europaea"	"spelling"	"Sphaerodactylidae"	"Gekkota"	"Lepidosauria"	0	"Frankenberg and Werner, 1992"	"Chen_Wiens_2020"
"Gonatodes_albogularis"	"Gonatodes albogularis"	"spelling"	"Sphaerodactylidae"	"Gekkota"	"Lepidosauria"	0	"Frankenberg and Werner, 1992"	"Chen_Wiens_2020"
"Gonatodes_annularis"	"Gonatodes annularis"	"spelling"	"Sphaerodactylidae"	"Gekkota"	"Lepidosauria"	0	"Frankenberg and Werner, 1992"	"Chen_Wiens_2020"
"Gonatodes_caudiscutatus"	"Gonatodes caudiscutatus"	"spelling"	"Sphaerodactylidae"	"Gekkota"	"Lepidosauria"	0	"Frankenberg and Werner, 1992"	"Chen_Wiens_2020"
"Gonatodes_ceciliae"	"Gonatodes ceciliae"	"spelling"	"Sphaerodactylidae"	"Gekkota"	"Lepidosauria"	0	"Frankenberg and Werner, 1992"	"Chen_Wiens_2020"
"Gonatodes_concinnatus"	"Gonatodes concinnatus"	"spelling"	"Sphaerodactylidae"	"Gekkota"	"Lepidosauria"	0	"Frankenberg and Werner, 1992"	"Chen_Wiens_2020"
"Gonatodes_daudini"	"Gonatodes daudini"	"spelling"	"Sphaerodactylidae"	"Gekkota"	"Lepidosauria"	0	"Frankenberg and Werner, 1992"	"Chen_Wiens_2020"
"Gonatodes_eladioi"	"Gonatodes eladioi"	"spelling"	"Sphaerodactylidae"	"Gekkota"	"Lepidosauria"	0	"Frankenberg and Werner, 1992"	"Chen_Wiens_2020"
"Gonatodes_hasemani"	"Gonatodes hasemani"	"spelling"	"Sphaerodactylidae"	"Gekkota"	"Lepidosauria"	0	"Frankenberg and Werner, 1992"	"Chen_Wiens_2020"
"Gonatodes_humeralis"	"Gonatodes humeralis"	"spelling"	"Sphaerodactylidae"	"Gekkota"	"Lepidosauria"	0	"Frankenberg and Werner, 1992"	"Chen_Wiens_2020"
"Gonatodes_ocellatus"	"Gonatodes ocellatus"	"spelling"	"Sphaerodactylidae"	"Gekkota"	"Lepidosauria"	0	"Frankenberg and Werner, 1992"	"Chen_Wiens_2020"
"Gonatodes_vittatus"	"Gonatodes vittatus"	"spelling"	"Sphaerodactylidae"	"Gekkota"	"Lepidosauria"	0	"Frankenberg and Werner, 1992"	"Chen_Wiens_2020"
"Lepidoblepharis_xanthostigma"	"Lepidoblepharis xanthostigma"	"spelling"	"Sphaerodactylidae"	"Gekkota"	"Lepidosauria"	0	"Bauer, 2013; Beukema, 2013"	"Chen_Wiens_2020"
"Pristurus_carteri"	"Pristurus carteri"	"spelling"	"Sphaerodactylidae"	"Gekkota"	"Lepidosauria"	0	"Frankenberg and Werner, 1992"	"Chen_Wiens_2020"
"Pseudogonatodes_guianensis"	"Pseudogonatodes guianensis"	"spelling"	"Sphaerodactylidae"	"Gekkota"	"Lepidosauria"	0	"Frankenberg and Werner, 1992; Bauer, 2013"	"Chen_Wiens_2020"
"Quedenfeldtia_trachyblepharus"	"Quedenfeldtia trachyblepharus"	"spelling"	"Sphaerodactylidae"	"Gekkota"	"Lepidosauria"	0	"Bauer, 2013; Beukema, 2013"	"Chen_Wiens_2020"
"Saurodactylus_mauritanicus"	"Saurodactylus mauritanicus"	"spelling"	"Sphaerodactylidae"	"Gekkota"	"Lepidosauria"	0	"Frankenberg and Werner, 1992"	"Chen_Wiens_2020"
"Sphaerodactylus_argus"	"Sphaerodactylus argus"	"spelling"	"Sphaerodactylidae"	"Gekkota"	"Lepidosauria"	0	"Jono and Inui, 2012"	"Chen_Wiens_2020"
"Sphaerodactylus_elegans"	"Sphaerodactylus elegans"	"spelling"	"Sphaerodactylidae"	"Gekkota"	"Lepidosauria"	0	"Jono and Inui, 2012"	"Chen_Wiens_2020"
"Sphaerodactylus_glaucus"	"Sphaerodactylus glaucus"	"spelling"	"Sphaerodactylidae"	"Gekkota"	"Lepidosauria"	0	"Jono and Inui, 2012"	"Chen_Wiens_2020"
"Sphaerodactylus_klauberi"	"Sphaerodactylus klauberi"	"spelling"	"Sphaerodactylidae"	"Gekkota"	"Lepidosauria"	0	"Jono and Inui, 2012"	"Chen_Wiens_2020"
"Sphaerodactylus_nicholsi"	"Sphaerodactylus nicholsi"	"spelling"	"Sphaerodactylidae"	"Gekkota"	"Lepidosauria"	0	"Regalado, 2003; Jono and Inui, 2012"	"Chen_Wiens_2020"
"Sphaerodactylus_nigropunctatus"	"Sphaerodactylus nigropunctatus"	"spelling"	"Sphaerodactylidae"	"Gekkota"	"Lepidosauria"	0	"Jono and Inui, 2012"	"Chen_Wiens_2020"
"Sphaerodactylus_notatus"	"Sphaerodactylus notatus"	"spelling"	"Sphaerodactylidae"	"Gekkota"	"Lepidosauria"	0	"Jono and Inui, 2012"	"Chen_Wiens_2020"
"Sphaerodactylus_roosevelti"	"Sphaerodactylus roosevelti"	"spelling"	"Sphaerodactylidae"	"Gekkota"	"Lepidosauria"	0	"Jono and Inui, 2012"	"Chen_Wiens_2020"
"Sphaerodactylus_torrei"	"Sphaerodactylus torrei"	"spelling"	"Sphaerodactylidae"	"Gekkota"	"Lepidosauria"	0	"Jono and Inui, 2012"	"Chen_Wiens_2020"
"Sphaerodactylus_townsendi"	"Sphaerodactylus townsendi"	"spelling"	"Sphaerodactylidae"	"Gekkota"	"Lepidosauria"	0	"Jono and Inui, 2012"	"Chen_Wiens_2020"
"Teratoscincus_przewalskii"	"Teratoscincus przewalskii"	"spelling"	"Sphaerodactylidae"	"Gekkota"	"Lepidosauria"	0	"Frankenberg and Werner, 1992"	"Chen_Wiens_2020"
"Teratoscincus_roborowskii"	"Teratoscincus roborowskii"	"spelling"	"Sphaerodactylidae"	"Gekkota"	"Lepidosauria"	0	"Frankenberg and Werner, 1992"	"Chen_Wiens_2020"
"Alopoglossus_atriventris"	"Alopoglossus atriventris"	"spelling"	"Gymnophthalmidae"	"Lacertoidea"	"Lepidosauria"	0	"Hobel, 2008"	"Chen_Wiens_2020"
"Arthrosaura_kockii"	"Arthrosaura kockii"	"spelling"	"Gymnophthalmidae"	"Lacertoidea"	"Lepidosauria"	0	"Hobel, 2008"	"Chen_Wiens_2020"
"Arthrosaura_reticulata"	"Arthrosaura reticulata"	"spelling"	"Gymnophthalmidae"	"Lacertoidea"	"Lepidosauria"	0	"Hobel, 2008"	"Chen_Wiens_2020"
"Calyptommatus_leiolepis"	"Calyptommatus leiolepis"	"spelling"	"Gymnophthalmidae"	"Lacertoidea"	"Lepidosauria"	0	"Hobel, 2008"	"Chen_Wiens_2020"
"Calyptommatus_nicterus"	"Calyptommatus nicterus"	"spelling"	"Gymnophthalmidae"	"Lacertoidea"	"Lepidosauria"	0	"Hobel, 2008"	"Chen_Wiens_2020"
"Calyptommatus_sinebrachiatus"	"Calyptommatus sinebrachiatus"	"spelling"	"Gymnophthalmidae"	"Lacertoidea"	"Lepidosauria"	0	"Hobel, 2008"	"Chen_Wiens_2020"
"Cercosaura_argulus"	"Cercosaura argulus"	"spelling"	"Gymnophthalmidae"	"Lacertoidea"	"Lepidosauria"	0	"Hobel, 2008"	"Chen_Wiens_2020"
"Cercosaura_ocellata"	"Cercosaura ocellata"	"spelling"	"Gymnophthalmidae"	"Lacertoidea"	"Lepidosauria"	0	"Hobel, 2008"	"Chen_Wiens_2020"
"Cercosaura_schreibersii"	"Cercosaura schreibersii"	"spelling"	"Gymnophthalmidae"	"Lacertoidea"	"Lepidosauria"	0	"Hobel, 2008"	"Chen_Wiens_2020"
"Colobodactylus_taunayi"	"Colobodactylus taunayi"	"spelling"	"Gymnophthalmidae"	"Lacertoidea"	"Lepidosauria"	0	"Hobel, 2008"	"Chen_Wiens_2020"
"Colobosaura_modesta"	"Colobosaura modesta"	"spelling"	"Gymnophthalmidae"	"Lacertoidea"	"Lepidosauria"	0	"Hobel, 2008"	"Chen_Wiens_2020"
"Iphisa_elegans"	"Iphisa elegans"	"spelling"	"Gymnophthalmidae"	"Lacertoidea"	"Lepidosauria"	0	"Hobel, 2008"	"Chen_Wiens_2020"
"Leposoma_percarinatum"	"Leposoma percarinatum"	"spelling"	"Gymnophthalmidae"	"Lacertoidea"	"Lepidosauria"	0	"Hobel, 2008"	"Chen_Wiens_2020"
"Micrablepharus_maximiliani"	"Micrablepharus maximiliani"	"spelling"	"Gymnophthalmidae"	"Lacertoidea"	"Lepidosauria"	0	"Hobel, 2008"	"Chen_Wiens_2020"
"Potamites_ecpleopus"	"Potamites ecpleopus"	"spelling"	"Gymnophthalmidae"	"Lacertoidea"	"Lepidosauria"	0	"Hobel, 2008"	"Chen_Wiens_2020"
"Neusticurus_rudis"	"Neusticurus rudis"	"spelling"	"Gymnophthalmidae"	"Lacertoidea"	"Lepidosauria"	0	"Hobel, 2008"	"Chen_Wiens_2020"
"Nothobachia_ablephara"	"Nothobachia ablephara"	"spelling"	"Gymnophthalmidae"	"Lacertoidea"	"Lepidosauria"	0	"Hobel, 2008"	"Chen_Wiens_2020"
"Procellosaurinus_tetradactylus"	"Procellosaurinus tetradactylus"	"spelling"	"Gymnophthalmidae"	"Lacertoidea"	"Lepidosauria"	0	"Hobel, 2008"	"Chen_Wiens_2020"
"Proctoporus_bolivianus"	"Proctoporus bolivianus"	"spelling"	"Gymnophthalmidae"	"Lacertoidea"	"Lepidosauria"	0	"Hobel, 2008"	"Chen_Wiens_2020"
"Ptychoglossus_brevifrontalis"	"Ptychoglossus brevifrontalis"	"spelling"	"Gymnophthalmidae"	"Lacertoidea"	"Lepidosauria"	0	"Hobel, 2008"	"Chen_Wiens_2020"
"Tretioscincus_agilis"	"Tretioscincus agilis"	"spelling"	"Gymnophthalmidae"	"Lacertoidea"	"Lepidosauria"	0	"Hobel, 2008"	"Chen_Wiens_2020"
"Vanzosaura_rubricauda"	"Vanzosaura rubricauda"	"spelling"	"Gymnophthalmidae"	"Lacertoidea"	"Lepidosauria"	0	"Hobel, 2008"	"Chen_Wiens_2020"
"Acanthodactylus_erythrurus"	"Acanthodactylus erythrurus"	"spelling"	"Lacertidae"	"Lacertoidea"	"Lepidosauria"	0	"Baeckens et al., 2015"	"Chen_Wiens_2020"
"Adolfus_alleni"	"Adolfus alleni"	"spelling"	"Lacertidae"	"Lacertoidea"	"Lepidosauria"	0	"Baeckens et al., 2015"	"Chen_Wiens_2020"
"Algyroides_nigropunctatus"	"Algyroides nigropunctatus"	"spelling"	"Lacertidae"	"Lacertoidea"	"Lepidosauria"	0	"Baeckens et al., 2015"	"Chen_Wiens_2020"
"Darevskia_praticola"	"Darevskia praticola"	"spelling"	"Lacertidae"	"Lacertoidea"	"Lepidosauria"	0	"Baeckens et al., 2015"	"Chen_Wiens_2020"
"Dinarolacerta_mosorensis"	"Dinarolacerta mosorensis"	"spelling"	"Lacertidae"	"Lacertoidea"	"Lepidosauria"	0	"Baeckens et al., 2015"	"Chen_Wiens_2020"
"Eremias_arguta"	"Eremias arguta"	"spelling"	"Lacertidae"	"Lacertoidea"	"Lepidosauria"	0	"Baeckens et al., 2015"	"Chen_Wiens_2020"
"Gastropholis_prasina"	"Gastropholis prasina"	"spelling"	"Lacertidae"	"Lacertoidea"	"Lepidosauria"	0	"Baeckens et al., 2015"	"Chen_Wiens_2020"
"Holaspis_guentheri"	"Holaspis guentheri"	"spelling"	"Lacertidae"	"Lacertoidea"	"Lepidosauria"	0	"Baeckens et al., 2015"	"Chen_Wiens_2020"
"Ichnotropis_capensis"	"Ichnotropis capensis"	"spelling"	"Lacertidae"	"Lacertoidea"	"Lepidosauria"	0	"Baeckens et al., 2015"	"Chen_Wiens_2020"
"Lacerta_agilis"	"Lacerta agilis"	"spelling"	"Lacertidae"	"Lacertoidea"	"Lepidosauria"	0	"Baeckens et al., 2015"	"Chen_Wiens_2020"
"Latastia_longicaudata"	"Latastia longicaudata"	"spelling"	"Lacertidae"	"Lacertoidea"	"Lepidosauria"	0	"Baeckens et al., 2015"	"Chen_Wiens_2020"
"Meroles_cuneirostris"	"Meroles cuneirostris"	"spelling"	"Lacertidae"	"Lacertoidea"	"Lepidosauria"	0	"Baeckens et al., 2015"	"Chen_Wiens_2020"
"Nucras_tessellata"	"Nucras tessellata"	"spelling"	"Lacertidae"	"Lacertoidea"	"Lepidosauria"	0	"Baeckens et al., 2015"	"Chen_Wiens_2020"
"Ophisops_elegans"	"Ophisops elegans"	"spelling"	"Lacertidae"	"Lacertoidea"	"Lepidosauria"	0	"Baeckens et al., 2015"	"Chen_Wiens_2020"
"Pedioplanis_breviceps"	"Pedioplanis breviceps"	"spelling"	"Lacertidae"	"Lacertoidea"	"Lepidosauria"	0	"Baeckens et al., 2015"	"Chen_Wiens_2020"
"Podarcis_siculus"	"Podarcis siculus"	"spelling"	"Lacertidae"	"Lacertoidea"	"Lepidosauria"	0	"Baeckens et al., 2015"	"Chen_Wiens_2020"
"Psammodromus_hispanicus"	"Psammodromus hispanicus"	"spelling"	"Lacertidae"	"Lacertoidea"	"Lepidosauria"	0	"Baeckens et al., 2015"	"Chen_Wiens_2020"
"Scelarcis_perspicillata"	"Scelarcis perspicillata"	"spelling"	"Lacertidae"	"Lacertoidea"	"Lepidosauria"	0	"Baeckens et al., 2015"	"Chen_Wiens_2020"
"Takydromus_smaragdinus"	"Takydromus smaragdinus"	"spelling"	"Lacertidae"	"Lacertoidea"	"Lepidosauria"	0	"Baeckens et al., 2015"	"Chen_Wiens_2020"
"Timon_lepidus"	"Timon lepidus"	"spelling"	"Lacertidae"	"Lacertoidea"	"Lepidosauria"	0	"Baeckens et al., 2015"	"Chen_Wiens_2020"
"Zootoca_vivipara"	"Zootoca vivipara"	"spelling"	"Lacertidae"	"Lacertoidea"	"Lepidosauria"	0	"Day, 2012; Baeckens et al., 2015"	"Chen_Wiens_2020"
"Ameiva_ameiva"	"Ameiva ameiva"	"spelling"	"Teiidae"	"Lacertoidea"	"Lepidosauria"	0	"Imparato et al., 2007"	"Chen_Wiens_2020"
"Ameiva_undulata"	"Ameiva undulata"	"spelling"	"Teiidae"	"Lacertoidea"	"Lepidosauria"	0	"Halpern, 1992"	"Chen_Wiens_2020"
"Aspidoscelis_burti"	"Aspidoscelis burti"	"spelling"	"Teiidae"	"Lacertoidea"	"Lepidosauria"	0	"Halpern, 1992"	"Chen_Wiens_2020"
"Aspidoscelis_sexlineatus"	"Aspidoscelis sexlineatus"	"spelling"	"Teiidae"	"Lacertoidea"	"Lepidosauria"	0	"Halpern, 1992"	"Chen_Wiens_2020"
"Aspidoscelis_tigris"	"Aspidoscelis tigris"	"spelling"	"Teiidae"	"Lacertoidea"	"Lepidosauria"	0	"Halpern, 1992"	"Chen_Wiens_2020"
"Dicrodon_guttulatum"	"Dicrodon guttulatum"	"spelling"	"Teiidae"	"Lacertoidea"	"Lepidosauria"	0	"Halpern, 1992"	"Chen_Wiens_2020"
"Kentropyx_pelviceps"	"Kentropyx pelviceps"	"spelling"	"Teiidae"	"Lacertoidea"	"Lepidosauria"	0	"Halpern, 1992"	"Chen_Wiens_2020"
"Teius_teyou"	"Teius teyou"	"spelling"	"Teiidae"	"Lacertoidea"	"Lepidosauria"	0	"Halpern, 1992"	"Chen_Wiens_2020"
"Tupinambis_teguixin"	"Tupinambis teguixin"	"spelling"	"Teiidae"	"Lacertoidea"	"Lepidosauria"	0	"Halpern, 1992"	"Chen_Wiens_2020"
"Basiliscus_basiliscus"	"Basiliscus basiliscus"	"spelling"	"Corytophanidae"	"Pleurodonta"	"Lepidosauria"	0	"Wethington, 2014"	"Chen_Wiens_2020"
"Basiliscus_plumifrons"	"Basiliscus plumifrons"	"spelling"	"Corytophanidae"	"Pleurodonta"	"Lepidosauria"	0	"Heying, 2003c"	"Chen_Wiens_2020"
"Basiliscus_vittatus"	"Basiliscus vittatus"	"spelling"	"Corytophanidae"	"Pleurodonta"	"Lepidosauria"	0	"Heying, 2003c"	"Chen_Wiens_2020"
"Corytophanes_cristatus"	"Corytophanes cristatus"	"spelling"	"Corytophanidae"	"Pleurodonta"	"Lepidosauria"	0	"Heying, 2003c"	"Chen_Wiens_2020"
"Laemanctus_longipes"	"Laemanctus longipes"	"spelling"	"Corytophanidae"	"Pleurodonta"	"Lepidosauria"	0	"Heying, 2003c"	"Chen_Wiens_2020"
"Crotaphytus_collaris"	"Crotaphytus collaris"	"spelling"	"Crotaphytidae"	"Pleurodonta"	"Lepidosauria"	0	"Heying, 2003c"	"Chen_Wiens_2020"
"Gambelia_wislizenii"	"Gambelia wislizenii"	"spelling"	"Crotaphytidae"	"Pleurodonta"	"Lepidosauria"	0	"Heying, 2003c"	"Chen_Wiens_2020"
"Anolis_carolinensis"	"Anolis carolinensis"	"spelling"	"Dactyloidae"	"Pleurodonta"	"Lepidosauria"	0	"Crawford, 2011"	"Chen_Wiens_2020"
"Anolis_cristatellus"	"Anolis cristatellus"	"spelling"	"Dactyloidae"	"Pleurodonta"	"Lepidosauria"	0	"McDaniel, 2012"	"Chen_Wiens_2020"
"Anolis_cybotes"	"Anolis cybotes"	"spelling"	"Dactyloidae"	"Pleurodonta"	"Lepidosauria"	0	"Case, 1990"	"Chen_Wiens_2020"
"Anolis_distichus"	"Anolis distichus"	"spelling"	"Dactyloidae"	"Pleurodonta"	"Lepidosauria"	0	"Case, 1990"	"Chen_Wiens_2020"
"Anolis_grahami"	"Anolis grahami"	"spelling"	"Dactyloidae"	"Pleurodonta"	"Lepidosauria"	0	"Case, 1990"	"Chen_Wiens_2020"
"Anolis_sagrei"	"Anolis sagrei"	"spelling"	"Dactyloidae"	"Pleurodonta"	"Lepidosauria"	0	"Case, 1990"	"Chen_Wiens_2020"
"Enyalioides_laticeps"	"Enyalioides laticeps"	"spelling"	"Hoplocercidae"	"Pleurodonta"	"Lepidosauria"	0	"Heying, 2003g; Johnson et al., 2019"	"Chen_Wiens_2020"
"Hoplocercus_spinosus"	"Hoplocercus spinosus"	"spelling"	"Hoplocercidae"	"Pleurodonta"	"Lepidosauria"	0	"Heying, 2003g; Johnson et al., 2019"	"Chen_Wiens_2020"
"Morunasaurus_annularis"	"Morunasaurus annularis"	"spelling"	"Hoplocercidae"	"Pleurodonta"	"Lepidosauria"	0	"Heying, 2003g; Johnson et al., 2019"	"Chen_Wiens_2020"
"Brachylophus_fasciatus"	"Brachylophus fasciatus"	"spelling"	"Iguanidae"	"Pleurodonta"	"Lepidosauria"	0	"Heying, 2003d"	"Chen_Wiens_2020"
"Dipsosaurus_dorsalis"	"Dipsosaurus dorsalis"	"spelling"	"Iguanidae"	"Pleurodonta"	"Lepidosauria"	0	"Heying, 2003d"	"Chen_Wiens_2020"
"Sauromalus_ater"	"Sauromalus ater"	"spelling"	"Iguanidae"	"Pleurodonta"	"Lepidosauria"	0	"Heying, 2003d"	"Chen_Wiens_2020"
"Leiocephalus_schreibersii"	"Leiocephalus schreibersii"	"spelling"	"Leiocephalidae"	"Pleurodonta"	"Lepidosauria"	0	"Heying, 2003d"	"Chen_Wiens_2020"
"Enyalius_leechii"	"Enyalius leechii"	"spelling"	"Leiosauridae"	"Pleurodonta"	"Lepidosauria"	0	"Sturaro and da Silva, 2010; Johnson et al., 2019"	"Chen_Wiens_2020"
"Pristidactylus_torquatus"	"Pristidactylus torquatus"	"spelling"	"Leiosauridae"	"Pleurodonta"	"Lepidosauria"	0	"Reyes-Olivares and Labra, 2017"	"Chen_Wiens_2020"
"Urostrophus_vautieri"	"Urostrophus vautieri"	"spelling"	"Leiosauridae"	"Pleurodonta"	"Lepidosauria"	0	"Sturaro and da Silva, 2010; Johnson et al., 2019"	"Chen_Wiens_2020"
"Liolaemus_bellii"	"Liolaemus bellii"	"spelling"	"Liolaemidae"	"Pleurodonta"	"Lepidosauria"	0	"Labra et al., 2011; Martin and Lopez, 2011"	"Chen_Wiens_2020"
"Liolaemus_elongatus"	"Liolaemus elongatus"	"spelling"	"Liolaemidae"	"Pleurodonta"	"Lepidosauria"	0	"Labra, 2011; Martin and Lopez, 2011"	"Chen_Wiens_2020"
"Liolaemus_koslowskyi"	"Liolaemus koslowskyi"	"spelling"	"Liolaemidae"	"Pleurodonta"	"Lepidosauria"	0	"Labra, 2011; Martin and Lopez, 2011"	"Chen_Wiens_2020"
"Liolaemus_lemniscatus"	"Liolaemus lemniscatus"	"spelling"	"Liolaemidae"	"Pleurodonta"	"Lepidosauria"	0	"Labra, 2011; Martin and Lopez, 2011"	"Chen_Wiens_2020"
"Liolaemus_pictus"	"Liolaemus pictus"	"spelling"	"Liolaemidae"	"Pleurodonta"	"Lepidosauria"	0	"Labra, 2011; Martin and Lopez, 2011"	"Chen_Wiens_2020"
"Liolaemus_pseudoanomalus"	"Liolaemus pseudoanomalus"	"spelling"	"Liolaemidae"	"Pleurodonta"	"Lepidosauria"	0	"Labra, 2011; Martin and Lopez, 2011"	"Chen_Wiens_2020"
"Liolaemus_ruibali"	"Liolaemus ruibali"	"spelling"	"Liolaemidae"	"Pleurodonta"	"Lepidosauria"	0	"Labra, 2011; Martin and Lopez, 2011"	"Chen_Wiens_2020"
"Liolaemus_scapularis"	"Liolaemus scapularis"	"spelling"	"Liolaemidae"	"Pleurodonta"	"Lepidosauria"	0	"Labra, 2011; Martin and Lopez, 2011"	"Chen_Wiens_2020"
"Phymaturus_palluma"	"Phymaturus palluma"	"spelling"	"Liolaemidae"	"Pleurodonta"	"Lepidosauria"	0	"Martin and Lopez, 2011"	"Chen_Wiens_2020"
"Phymaturus_somuncurensis"	"Phymaturus somuncurensis"	"spelling"	"Liolaemidae"	"Pleurodonta"	"Lepidosauria"	0	"Martin and Lopez, 2011"	"Chen_Wiens_2020"
"Chalarodon_madagascariensis"	"Chalarodon madagascariensis"	"spelling"	"Opluridae"	"Pleurodonta"	"Lepidosauria"	0	"Madison, 1977"	"Chen_Wiens_2020"
"Oplurus_cyclurus"	"Oplurus cyclurus"	"spelling"	"Opluridae"	"Pleurodonta"	"Lepidosauria"	0	"Johnson et al., 2019"	"Chen_Wiens_2020"
"Callisaurus_draconoides"	"Callisaurus draconoides"	"spelling"	"Phrynosomatidae"	"Pleurodonta"	"Lepidosauria"	0	"Goetting and Testerman, 2011"	"Chen_Wiens_2020"
"Petrosaurus_mearnsi"	"Petrosaurus mearnsi"	"spelling"	"Phrynosomatidae"	"Pleurodonta"	"Lepidosauria"	0	"Cooper and McGuire, 1993"	"Chen_Wiens_2020"
"Phrynosoma_platyrhinos"	"Phrynosoma platyrhinos"	"spelling"	"Phrynosomatidae"	"Pleurodonta"	"Lepidosauria"	0	"Ossip-Klein et al., 2013"	"Chen_Wiens_2020"
"Phrynosoma_solare"	"Phrynosoma solare"	"spelling"	"Phrynosomatidae"	"Pleurodonta"	"Lepidosauria"	0	"Kierzek, 2000"	"Chen_Wiens_2020"
"Sceloporus_angustus"	"Sceloporus angustus"	"spelling"	"Phrynosomatidae"	"Pleurodonta"	"Lepidosauria"	0	"Ossip-Klein et al., 2013"	"Chen_Wiens_2020"
"Sceloporus_clarkii"	"Sceloporus clarkii"	"spelling"	"Phrynosomatidae"	"Pleurodonta"	"Lepidosauria"	0	"Ossip-Klein et al., 2013"	"Chen_Wiens_2020"
"Sceloporus_graciosus"	"Sceloporus graciosus"	"spelling"	"Phrynosomatidae"	"Pleurodonta"	"Lepidosauria"	0	"Ossip-Klein et al., 2013"	"Chen_Wiens_2020"
"Sceloporus_jarrovii"	"Sceloporus jarrovii"	"spelling"	"Phrynosomatidae"	"Pleurodonta"	"Lepidosauria"	0	"Ossip-Klein et al., 2013"	"Chen_Wiens_2020"
"Sceloporus_magister"	"Sceloporus magister"	"spelling"	"Phrynosomatidae"	"Pleurodonta"	"Lepidosauria"	0	"Ossip-Klein et al., 2013"	"Chen_Wiens_2020"
"Sceloporus_undulatus"	"Sceloporus undulatus"	"spelling"	"Phrynosomatidae"	"Pleurodonta"	"Lepidosauria"	0	"Ossip-Klein et al., 2013"	"Chen_Wiens_2020"
"Sceloporus_utiformis"	"Sceloporus utiformis"	"spelling"	"Phrynosomatidae"	"Pleurodonta"	"Lepidosauria"	0	"Ossip-Klein et al., 2013"	"Chen_Wiens_2020"
"Sceloporus_variabilis"	"Sceloporus variabilis"	"spelling"	"Phrynosomatidae"	"Pleurodonta"	"Lepidosauria"	0	"Ossip-Klein et al., 2013"	"Chen_Wiens_2020"
"Uma_scoparia"	"Uma scoparia"	"spelling"	"Phrynosomatidae"	"Pleurodonta"	"Lepidosauria"	0	"Hollingsworth and Beaman, 1998"	"Chen_Wiens_2020"
"Urosaurus_graciosus"	"Urosaurus graciosus"	"spelling"	"Phrynosomatidae"	"Pleurodonta"	"Lepidosauria"	0	"Brandt and Allen, 2004"	"Chen_Wiens_2020"
"Uta_stansburiana"	"Uta stansburiana"	"spelling"	"Phrynosomatidae"	"Pleurodonta"	"Lepidosauria"	0	"Brandt and Allen, 2004"	"Chen_Wiens_2020"
"Polychrus_acutirostris"	"Polychrus acutirostris"	"spelling"	"Polychrotidae"	"Pleurodonta"	"Lepidosauria"	0	"Heying, 2003e"	"Chen_Wiens_2020"
"Tropidurus_etheridgei"	"Tropidurus etheridgei"	"spelling"	"Tropiduridae"	"Pleurodonta"	"Lepidosauria"	0	"Martin and Lopez, 2011; Jara et al., 2018"	"Chen_Wiens_2020"
"Tropidurus_hispidus"	"Tropidurus hispidus"	"spelling"	"Tropiduridae"	"Pleurodonta"	"Lepidosauria"	0	"Martin and Lopez, 2011; Jara et al., 2018"	"Chen_Wiens_2020"
"Plica_plica"	"Plica plica"	"spelling"	"Tropiduridae"	"Pleurodonta"	"Lepidosauria"	0	"Martin and Lopez, 2011; Jara et al., 2018"	"Chen_Wiens_2020"
"Tropidurus_spinulosus"	"Tropidurus spinulosus"	"spelling"	"Tropiduridae"	"Pleurodonta"	"Lepidosauria"	0	"Martin and Lopez, 2011; Jara et al., 2018"	"Chen_Wiens_2020"
"Uracentron_flaviceps"	"Uracentron flaviceps"	"spelling"	"Tropiduridae"	"Pleurodonta"	"Lepidosauria"	0	"Martin and Lopez, 2011; Jara et al., 2018"	"Chen_Wiens_2020"
"Sphenodon_punctatus"	"Sphenodon punctatus"	"spelling"	"Sphenodontidae"	"Rhyncocephalia"	"Lepidosauria"	0	"Musico, 1999; Martin and Lopez, 2011"	"Chen_Wiens_2020"
"Chamaesaura_anguina"	"Chamaesaura anguina"	"spelling"	"Cordylidae"	"Scincoidea"	"Lepidosauria"	0	"Louw et al., 2007; Mouton et al., 2014"	"Chen_Wiens_2020"
"Cordylus_cataphractus"	"Cordylus cataphractus"	"spelling"	"Cordylidae"	"Scincoidea"	"Lepidosauria"	0	"Bouchard, 2009"	"Chen_Wiens_2020"
"Cordylus_cordylus"	"Cordylus cordylus"	"spelling"	"Cordylidae"	"Scincoidea"	"Lepidosauria"	0	"Louw et al., 2007; Mouton et al., 2014"	"Chen_Wiens_2020"
"Cordylus_jordani"	"Cordylus jordani"	"spelling"	"Cordylidae"	"Scincoidea"	"Lepidosauria"	0	"Louw et al., 2007; Mouton et al., 2014"	"Chen_Wiens_2020"
"Cordylus_warreni"	"Cordylus warreni"	"spelling"	"Cordylidae"	"Scincoidea"	"Lepidosauria"	0	"Louw et al., 2007; Mouton et al., 2014"	"Chen_Wiens_2020"
"Gerrhosaurus_skoogi"	"Gerrhosaurus skoogi"	"spelling"	"Gerrhosauridae"	"Scincoidea"	"Lepidosauria"	0	"Johnson et al., 2019"	"Chen_Wiens_2020"
"Cordylosaurus_subtessellatus"	"Cordylosaurus subtessellatus"	"spelling"	"Gerrhosauridae"	"Scincoidea"	"Lepidosauria"	0	"Johnson et al., 2019"	"Chen_Wiens_2020"
"Gerrhosaurus_major"	"Gerrhosaurus major"	"spelling"	"Gerrhosauridae"	"Scincoidea"	"Lepidosauria"	0	"Johnson et al., 2019"	"Chen_Wiens_2020"
"Gerrhosaurus_nigrolineatus"	"Gerrhosaurus nigrolineatus"	"spelling"	"Gerrhosauridae"	"Scincoidea"	"Lepidosauria"	0	"Martin and Lopez, 2011; Johnson et al., 2019"	"Chen_Wiens_2020"
"Tetradactylus_africanus"	"Tetradactylus africanus"	"spelling"	"Gerrhosauridae"	"Scincoidea"	"Lepidosauria"	0	"Johnson et al., 2019"	"Chen_Wiens_2020"
"Tetradactylus_seps"	"Tetradactylus seps"	"spelling"	"Gerrhosauridae"	"Scincoidea"	"Lepidosauria"	0	"Johnson et al., 2019"	"Chen_Wiens_2020"
"Tetradactylus_tetradactylus"	"Tetradactylus tetradactylus"	"spelling"	"Gerrhosauridae"	"Scincoidea"	"Lepidosauria"	0	"Johnson et al., 2019"	"Chen_Wiens_2020"
"Amphiglossus_astrolabi"	"Amphiglossus astrolabi"	"spelling"	"Scincidae"	"Scincoidea"	"Lepidosauria"	0	"Martin and Lopez, 2011; Johnson et al., 2019"	"Chen_Wiens_2020"
"Amphiglossus_macrocercus"	"Amphiglossus macrocercus"	"spelling"	"Scincidae"	"Scincoidea"	"Lepidosauria"	0	"Martin and Lopez, 2011; Johnson et al., 2019"	"Chen_Wiens_2020"
"Madascincus_melanopleura"	"Madascincus melanopleura"	"spelling"	"Scincidae"	"Scincoidea"	"Lepidosauria"	0	"Martin and Lopez, 2011; Johnson et al., 2019"	"Chen_Wiens_2020"
"Amphiglossus_melanurus"	"Amphiglossus melanurus"	"spelling"	"Scincidae"	"Scincoidea"	"Lepidosauria"	0	"Martin and Lopez, 2011; Johnson et al., 2019"	"Chen_Wiens_2020"
"Madascincus_mouroundavae"	"Madascincus mouroundavae"	"spelling"	"Scincidae"	"Scincoidea"	"Lepidosauria"	0	"Martin and Lopez, 2011; Johnson et al., 2019"	"Chen_Wiens_2020"
"Amphiglossus_ornaticeps"	"Amphiglossus ornaticeps"	"spelling"	"Scincidae"	"Scincoidea"	"Lepidosauria"	0	"Martin and Lopez, 2011; Johnson et al., 2019"	"Chen_Wiens_2020"
"Amphiglossus_punctatus"	"Amphiglossus punctatus"	"spelling"	"Scincidae"	"Scincoidea"	"Lepidosauria"	0	"Martin and Lopez, 2011; Johnson et al., 2019"	"Chen_Wiens_2020"
"Madascincus_stumpffi"	"Madascincus stumpffi"	"spelling"	"Scincidae"	"Scincoidea"	"Lepidosauria"	0	"Martin and Lopez, 2011; Johnson et al., 2019"	"Chen_Wiens_2020"
"Calyptotis_scutirostrum"	"Calyptotis scutirostrum"	"spelling"	"Scincidae"	"Scincoidea"	"Lepidosauria"	0	"Martin and Lopez, 2011; Johnson et al., 2019"	"Chen_Wiens_2020"
"Chalcides_chalcides"	"Chalcides chalcides"	"spelling"	"Scincidae"	"Scincoidea"	"Lepidosauria"	0	"Martin and Lopez, 2011; Johnson et al., 2019"	"Chen_Wiens_2020"
"Chalcides_ocellatus"	"Chalcides ocellatus"	"spelling"	"Scincidae"	"Scincoidea"	"Lepidosauria"	0	"Martin and Lopez, 2011; Johnson et al., 2019"	"Chen_Wiens_2020"
"Ctenotus_leonhardii"	"Ctenotus leonhardii"	"spelling"	"Scincidae"	"Scincoidea"	"Lepidosauria"	0	"Martin and Lopez, 2011; Johnson et al., 2019"	"Chen_Wiens_2020"
"Ctenotus_pantherinus"	"Ctenotus pantherinus"	"spelling"	"Scincidae"	"Scincoidea"	"Lepidosauria"	0	"Martin and Lopez, 2011; Johnson et al., 2019"	"Chen_Wiens_2020"
"Ctenotus_robustus"	"Ctenotus robustus"	"spelling"	"Scincidae"	"Scincoidea"	"Lepidosauria"	0	"Martin and Lopez, 2011; Johnson et al., 2019"	"Chen_Wiens_2020"
"Egernia_whitii"	"Egernia whitii"	"spelling"	"Scincidae"	"Scincoidea"	"Lepidosauria"	0	"Martin and Lopez, 2011; Johnson et al., 2019"	"Chen_Wiens_2020"
"Eremiascincus_richardsonii"	"Eremiascincus richardsonii"	"spelling"	"Scincidae"	"Scincoidea"	"Lepidosauria"	0	"Martin and Lopez, 2011; Johnson et al., 2019"	"Chen_Wiens_2020"
"Eugongylus_rufescens"	"Eugongylus rufescens"	"spelling"	"Scincidae"	"Scincoidea"	"Lepidosauria"	0	"Martin and Lopez, 2011; Johnson et al., 2019"	"Chen_Wiens_2020"
"Eulamprus_amplus"	"Eulamprus amplus"	"spelling"	"Scincidae"	"Scincoidea"	"Lepidosauria"	0	"Martin and Lopez, 2011; Johnson et al., 2019"	"Chen_Wiens_2020"
"Eulamprus_murrayi"	"Eulamprus murrayi"	"spelling"	"Scincidae"	"Scincoidea"	"Lepidosauria"	0	"Martin and Lopez, 2011; Johnson et al., 2019"	"Chen_Wiens_2020"
"Eulamprus_quoyii"	"Eulamprus quoyii"	"spelling"	"Scincidae"	"Scincoidea"	"Lepidosauria"	0	"Martin and Lopez, 2011; Johnson et al., 2019"	"Chen_Wiens_2020"
"Eumeces_schneideri"	"Eumeces schneideri"	"spelling"	"Scincidae"	"Scincoidea"	"Lepidosauria"	0	"Martin and Lopez, 2011; Johnson et al., 2019"	"Chen_Wiens_2020"
"Glaphyromorphus_gracilipes"	"Glaphyromorphus gracilipes"	"spelling"	"Scincidae"	"Scincoidea"	"Lepidosauria"	0	"Martin and Lopez, 2011; Johnson et al., 2019"	"Chen_Wiens_2020"
"Glaphyromorphus_isolepis"	"Glaphyromorphus isolepis"	"spelling"	"Scincidae"	"Scincoidea"	"Lepidosauria"	0	"Martin and Lopez, 2011; Johnson et al., 2019"	"Chen_Wiens_2020"
"Gnypetoscincus_queenslandiae"	"Gnypetoscincus queenslandiae"	"spelling"	"Scincidae"	"Scincoidea"	"Lepidosauria"	0	"Martin and Lopez, 2011; Johnson et al., 2019"	"Chen_Wiens_2020"
"Hemiergis_peronii"	"Hemiergis peronii"	"spelling"	"Scincidae"	"Scincoidea"	"Lepidosauria"	0	"Martin and Lopez, 2011; Johnson et al., 2019"	"Chen_Wiens_2020"
"Lamprolepis_smaragdina"	"Lamprolepis smaragdina"	"spelling"	"Scincidae"	"Scincoidea"	"Lepidosauria"	0	"Martin and Lopez, 2011; Johnson et al., 2019"	"Chen_Wiens_2020"
"Lerista_bipes"	"Lerista bipes"	"spelling"	"Scincidae"	"Scincoidea"	"Lepidosauria"	0	"Martin and Lopez, 2011; Johnson et al., 2019"	"Chen_Wiens_2020"
"Lerista_bougainvillii"	"Lerista bougainvillii"	"spelling"	"Scincidae"	"Scincoidea"	"Lepidosauria"	0	"Martin and Lopez, 2011; Johnson et al., 2019"	"Chen_Wiens_2020"
"Morethia_butleri"	"Morethia butleri"	"spelling"	"Scincidae"	"Scincoidea"	"Lepidosauria"	0	"Martin and Lopez, 2011; Johnson et al., 2019"	"Chen_Wiens_2020"
"Nangura_spinosa"	"Nangura spinosa"	"spelling"	"Scincidae"	"Scincoidea"	"Lepidosauria"	0	"Martin and Lopez, 2011; Johnson et al., 2019"	"Chen_Wiens_2020"
"Notoscincus_ornatus"	"Notoscincus ornatus"	"spelling"	"Scincidae"	"Scincoidea"	"Lepidosauria"	0	"Martin and Lopez, 2011; Johnson et al., 2019"	"Chen_Wiens_2020"
"Proscelotes_eggeli"	"Proscelotes eggeli"	"spelling"	"Scincidae"	"Scincoidea"	"Lepidosauria"	0	"Martin and Lopez, 2011; Johnson et al., 2019"	"Chen_Wiens_2020"
"Pygomeles_braconnieri"	"Pygomeles braconnieri"	"spelling"	"Scincidae"	"Scincoidea"	"Lepidosauria"	0	"Martin and Lopez, 2011; Johnson et al., 2019"	"Chen_Wiens_2020"
"Scelotes_gronovii"	"Scelotes gronovii"	"spelling"	"Scincidae"	"Scincoidea"	"Lepidosauria"	0	"Martin and Lopez, 2011; Johnson et al., 2019"	"Chen_Wiens_2020"
"Scincus_scincus"	"Scincus scincus"	"spelling"	"Scincidae"	"Scincoidea"	"Lepidosauria"	0	"Barnett et al., 1999; Martin and Lopez, 2011"	"Chen_Wiens_2020"
"Tiliqua_adelaidensis"	"Tiliqua adelaidensis"	"spelling"	"Scincidae"	"Scincoidea"	"Lepidosauria"	0	"Fenner and Bull, 2010; Martin and Lopez, 2011"	"Chen_Wiens_2020"
"Typhlacontias_brevipes"	"Typhlacontias brevipes"	"spelling"	"Scincidae"	"Scincoidea"	"Lepidosauria"	0	"Martin and Lopez, 2011; Johnson et al., 2019"	"Chen_Wiens_2020"
"Voeltzkowia_fierinensis"	"Voeltzkowia fierinensis"	"spelling"	"Scincidae"	"Scincoidea"	"Lepidosauria"	0	"Martin and Lopez, 2011; Johnson et al., 2019"	"Chen_Wiens_2020"
"Voeltzkowia_lineata"	"Voeltzkowia lineata"	"spelling"	"Scincidae"	"Scincoidea"	"Lepidosauria"	0	"Martin and Lopez, 2011; Johnson et al., 2019"	"Chen_Wiens_2020"
"Lepidophyma_mayae"	"Lepidophyma mayae"	"spelling"	"Xantusiidae"	"Scincoidea"	"Lepidosauria"	0	"Halpern, 1992"	"Chen_Wiens_2020"
"Xantusia_vigilis"	"Xantusia vigilis"	"spelling"	"Xantusiidae"	"Scincoidea"	"Lepidosauria"	0	"Halpern, 1992"	"Chen_Wiens_2020"
"Acrochordus_granulatus"	"Acrochordus granulatus"	"spelling"	"Acrochordidae"	"Serpentes"	"Lepidosauria"	0	"Cooper, 2011"	"Chen_Wiens_2020"
"Anilius_scytale"	"Anilius scytale"	"spelling"	"Aniliidae"	"Serpentes"	"Lepidosauria"	0	"Young, 2003"	"Chen_Wiens_2020"
"Boa_constrictor"	"Boa constrictor"	"spelling"	"Boidae"	"Serpentes"	"Lepidosauria"	0	"Lindemann, 2009"	"Chen_Wiens_2020"
"Candoia_carinata"	"Candoia carinata"	"spelling"	"Boidae"	"Serpentes"	"Lepidosauria"	0	"Young, 2003"	"Chen_Wiens_2020"
"Charina_bottae"	"Charina bottae"	"spelling"	"Boidae"	"Serpentes"	"Lepidosauria"	0	"Young, 2003"	"Chen_Wiens_2020"
"Corallus_hortulanus"	"Corallus hortulanus"	"spelling"	"Boidae"	"Serpentes"	"Lepidosauria"	0	"Winner, 2008"	"Chen_Wiens_2020"
"Epicrates_striatus"	"Epicrates striatus"	"spelling"	"Boidae"	"Serpentes"	"Lepidosauria"	0	"Young, 2003"	"Chen_Wiens_2020"
"Eryx_johnii"	"Eryx johnii"	"spelling"	"Boidae"	"Serpentes"	"Lepidosauria"	0	"Young, 2003"	"Chen_Wiens_2020"
"Casarea_dussumieri"	"Casarea dussumieri"	"spelling"	"Bolyeriidae"	"Serpentes"	"Lepidosauria"	0	"Young, 2003"	"Chen_Wiens_2020"
"Ahaetulla_nasuta"	"Ahaetulla nasuta"	"spelling"	"Colubridae"	"Serpentes"	"Lepidosauria"	0	"Young, 2003"	"Chen_Wiens_2020"
"Amastridium_veliferum"	"Amastridium veliferum"	"spelling"	"Colubridae"	"Serpentes"	"Lepidosauria"	0	"Young, 2003"	"Chen_Wiens_2020"
"Amphiesma_stolatum"	"Amphiesma stolatum"	"spelling"	"Colubridae"	"Serpentes"	"Lepidosauria"	0	"Young, 2003"	"Chen_Wiens_2020"
"Arizona_elegans"	"Arizona elegans"	"spelling"	"Colubridae"	"Serpentes"	"Lepidosauria"	0	"Batko, 2013"	"Chen_Wiens_2020"
"Atretium_schistosum"	"Atretium schistosum"	"spelling"	"Colubridae"	"Serpentes"	"Lepidosauria"	0	"Young, 2003"	"Chen_Wiens_2020"
"Boiga_irregularis"	"Boiga irregularis"	"spelling"	"Colubridae"	"Serpentes"	"Lepidosauria"	0	"Kerr, 2017"	"Chen_Wiens_2020"
"Chilomeniscus_stramineus"	"Chilomeniscus stramineus"	"spelling"	"Colubridae"	"Serpentes"	"Lepidosauria"	0	"Young, 2003"	"Chen_Wiens_2020"
"Chionactis_occipitalis"	"Chionactis occipitalis"	"spelling"	"Colubridae"	"Serpentes"	"Lepidosauria"	0	"Young, 2003"	"Chen_Wiens_2020"
"Chrysopelea_ornata"	"Chrysopelea ornata"	"spelling"	"Colubridae"	"Serpentes"	"Lepidosauria"	0	"Young, 2003"	"Chen_Wiens_2020"
"Clelia_clelia"	"Clelia clelia"	"spelling"	"Colubridae"	"Serpentes"	"Lepidosauria"	0	"Young, 2003"	"Chen_Wiens_2020"
"Coelognathus_radiata"	"Coelognathus radiata"	"spelling"	"Colubridae"	"Serpentes"	"Lepidosauria"	0	"Young, 2003"	"Chen_Wiens_2020"
"Coluber_constrictor"	"Coluber constrictor"	"spelling"	"Colubridae"	"Serpentes"	"Lepidosauria"	0	"Hastings, 2002"	"Chen_Wiens_2020"
"Conophis_lineatus"	"Conophis lineatus"	"spelling"	"Colubridae"	"Serpentes"	"Lepidosauria"	0	"Young, 2003"	"Chen_Wiens_2020"
"Crotaphopeltis_tornieri"	"Crotaphopeltis tornieri"	"spelling"	"Colubridae"	"Serpentes"	"Lepidosauria"	0	"Young, 2003"	"Chen_Wiens_2020"
"Dasypeltis_atra"	"Dasypeltis atra"	"spelling"	"Colubridae"	"Serpentes"	"Lepidosauria"	0	"Young, 2003"	"Chen_Wiens_2020"
"Dendrelaphis_tristis"	"Dendrelaphis tristis"	"spelling"	"Colubridae"	"Serpentes"	"Lepidosauria"	0	"Young, 2003"	"Chen_Wiens_2020"
"Diadophis_punctatus"	"Diadophis punctatus"	"spelling"	"Colubridae"	"Serpentes"	"Lepidosauria"	0	"Yung, 2000"	"Chen_Wiens_2020"
"Dipsadoboa_unicolor"	"Dipsadoboa unicolor"	"spelling"	"Colubridae"	"Serpentes"	"Lepidosauria"	0	"Young, 2003"	"Chen_Wiens_2020"
"Dipsas_catesbyi"	"Dipsas catesbyi"	"spelling"	"Colubridae"	"Serpentes"	"Lepidosauria"	0	"Young, 2003"	"Chen_Wiens_2020"
"Dispholidus_typus"	"Dispholidus typus"	"spelling"	"Colubridae"	"Serpentes"	"Lepidosauria"	0	"Coffey and Robinson, 2012"	"Chen_Wiens_2020"
"Drepanoides_anomalus"	"Drepanoides anomalus"	"spelling"	"Colubridae"	"Serpentes"	"Lepidosauria"	0	"Young, 2003"	"Chen_Wiens_2020"
"Drymarchon_corais"	"Drymarchon corais"	"spelling"	"Colubridae"	"Serpentes"	"Lepidosauria"	0	"Young, 2003"	"Chen_Wiens_2020"
"Drymobius_rhombifer"	"Drymobius rhombifer"	"spelling"	"Colubridae"	"Serpentes"	"Lepidosauria"	0	"Young, 2003"	"Chen_Wiens_2020"
"Drymoluber_dichrous"	"Drymoluber dichrous"	"spelling"	"Colubridae"	"Serpentes"	"Lepidosauria"	0	"Young, 2003"	"Chen_Wiens_2020"
"Dryocalamus_nympha"	"Dryocalamus nympha"	"spelling"	"Colubridae"	"Serpentes"	"Lepidosauria"	0	"Young, 2003"	"Chen_Wiens_2020"
"Pantherophis_guttatus"	"Pantherophis guttatus"	"spelling"	"Colubridae"	"Serpentes"	"Lepidosauria"	0	"Young, 2003"	"Chen_Wiens_2020"
"Euprepiophis_mandarina"	"Euprepiophis mandarina"	"spelling"	"Colubridae"	"Serpentes"	"Lepidosauria"	0	"Young, 2003"	"Chen_Wiens_2020"
"Farancia_abacura"	"Farancia abacura"	"spelling"	"Colubridae"	"Serpentes"	"Lepidosauria"	0	"Ricks, 2017"	"Chen_Wiens_2020"
"Grayia_smithii"	"Grayia smithii"	"spelling"	"Colubridae"	"Serpentes"	"Lepidosauria"	0	"Young, 2003"	"Chen_Wiens_2020"
"Gyalopion_canum"	"Gyalopion canum"	"spelling"	"Colubridae"	"Serpentes"	"Lepidosauria"	0	"Young, 2003"	"Chen_Wiens_2020"
"Hapsidophrys_smaragdina"	"Hapsidophrys smaragdina"	"spelling"	"Colubridae"	"Serpentes"	"Lepidosauria"	0	"Young, 2003"	"Chen_Wiens_2020"
"Helicops_angulatus"	"Helicops angulatus"	"spelling"	"Colubridae"	"Serpentes"	"Lepidosauria"	0	"Young, 2003"	"Chen_Wiens_2020"
"Heterodon_nasicus"	"Heterodon nasicus"	"spelling"	"Colubridae"	"Serpentes"	"Lepidosauria"	0	"Kerns, 2003"	"Chen_Wiens_2020"
"Hypsiglena_chlorophaea"	"Hypsiglena chlorophaea"	"spelling"	"Colubridae"	"Serpentes"	"Lepidosauria"	0	"Young, 2003"	"Chen_Wiens_2020"
"Imantodes_cenchoa"	"Imantodes cenchoa"	"spelling"	"Colubridae"	"Serpentes"	"Lepidosauria"	0	"Link, 2013"	"Chen_Wiens_2020"
"Lampropeltis_pyromelana"	"Lampropeltis pyromelana"	"spelling"	"Colubridae"	"Serpentes"	"Lepidosauria"	0	"Young, 2003"	"Chen_Wiens_2020"
"Leptodeira_septentrionalis"	"Leptodeira septentrionalis"	"spelling"	"Colubridae"	"Serpentes"	"Lepidosauria"	0	"Gentry, 2011"	"Chen_Wiens_2020"
"Leptophis_ahaetulla"	"Leptophis ahaetulla"	"spelling"	"Colubridae"	"Serpentes"	"Lepidosauria"	0	"Young, 2003"	"Chen_Wiens_2020"
"Liophis_reginae"	"Liophis reginae"	"spelling"	"Colubridae"	"Serpentes"	"Lepidosauria"	0	"Young, 2003"	"Chen_Wiens_2020"
"Lycodon_laoensis"	"Lycodon laoensis"	"spelling"	"Colubridae"	"Serpentes"	"Lepidosauria"	0	"Young, 2003"	"Chen_Wiens_2020"
"Dinodon_rufozonatum"	"Dinodon rufozonatum"	"spelling"	"Colubridae"	"Serpentes"	"Lepidosauria"	0	"Young, 2003"	"Chen_Wiens_2020"
"Masticophis_flagellum"	"Masticophis flagellum"	"spelling"	"Colubridae"	"Serpentes"	"Lepidosauria"	0	"Stewart, 2018"	"Chen_Wiens_2020"
"Natriciteres_olivacea"	"Natriciteres olivacea"	"spelling"	"Colubridae"	"Serpentes"	"Lepidosauria"	0	"Young, 2003"	"Chen_Wiens_2020"
"Nerodia_sipedon"	"Nerodia sipedon"	"spelling"	"Colubridae"	"Serpentes"	"Lepidosauria"	0	"Gillilland, 2013"	"Chen_Wiens_2020"
"Oligodon_arnensis"	"Oligodon arnensis"	"spelling"	"Colubridae"	"Serpentes"	"Lepidosauria"	0	"Young, 2003"	"Chen_Wiens_2020"
"Orthriophis_taeniurus"	"Orthriophis taeniurus"	"spelling"	"Colubridae"	"Serpentes"	"Lepidosauria"	0	"Young, 2003"	"Chen_Wiens_2020"
"Oxybelis_aeneus"	"Oxybelis aeneus"	"spelling"	"Colubridae"	"Serpentes"	"Lepidosauria"	0	"Young, 2003"	"Chen_Wiens_2020"
"Oxyrhopus_petola"	"Oxyrhopus petola"	"spelling"	"Colubridae"	"Serpentes"	"Lepidosauria"	0	"Young, 2003"	"Chen_Wiens_2020"
"Philodryas_viridissima"	"Philodryas viridissima"	"spelling"	"Colubridae"	"Serpentes"	"Lepidosauria"	0	"Young, 2003"	"Chen_Wiens_2020"
"Philothamnus_angolensis"	"Philothamnus angolensis"	"spelling"	"Colubridae"	"Serpentes"	"Lepidosauria"	0	"Young, 2003"	"Chen_Wiens_2020"
"Phyllorhynchus_decurtatus"	"Phyllorhynchus decurtatus"	"spelling"	"Colubridae"	"Serpentes"	"Lepidosauria"	0	"Young, 2003"	"Chen_Wiens_2020"
"Pituophis_catenifer"	"Pituophis catenifer"	"spelling"	"Colubridae"	"Serpentes"	"Lepidosauria"	0	"Albert, 2008"	"Chen_Wiens_2020"
"Platyceps_ventromaculatus"	"Platyceps ventromaculatus"	"spelling"	"Colubridae"	"Serpentes"	"Lepidosauria"	0	"Young, 2003"	"Chen_Wiens_2020"
"Psammodynastes_pulverulentus"	"Psammodynastes pulverulentus"	"spelling"	"Colubridae"	"Serpentes"	"Lepidosauria"	0	"Young, 2003"	"Chen_Wiens_2020"
"Psammophis_condanarus"	"Psammophis condanarus"	"spelling"	"Colubridae"	"Serpentes"	"Lepidosauria"	0	"Young, 2003"	"Chen_Wiens_2020"
"Pseudelaphe_flavirufa"	"Pseudelaphe flavirufa"	"spelling"	"Colubridae"	"Serpentes"	"Lepidosauria"	0	"Young, 2003"	"Chen_Wiens_2020"
"Pseudoxenodon_macrops"	"Pseudoxenodon macrops"	"spelling"	"Colubridae"	"Serpentes"	"Lepidosauria"	0	"Young, 2003"	"Chen_Wiens_2020"
"Pseustes_sulphureus"	"Pseustes sulphureus"	"spelling"	"Colubridae"	"Serpentes"	"Lepidosauria"	0	"Young, 2003"	"Chen_Wiens_2020"
"Ptyas_mucosa"	"Ptyas mucosa"	"spelling"	"Colubridae"	"Serpentes"	"Lepidosauria"	0	"Young, 2003"	"Chen_Wiens_2020"
"Rhabdophis_subminiatus"	"Rhabdophis subminiatus"	"spelling"	"Colubridae"	"Serpentes"	"Lepidosauria"	0	"Young, 2003"	"Chen_Wiens_2020"
"Rhadinophis_prasina"	"Rhadinophis prasina"	"spelling"	"Colubridae"	"Serpentes"	"Lepidosauria"	0	"Young, 2003"	"Chen_Wiens_2020"
"Rhinocheilus_lecontei"	"Rhinocheilus lecontei"	"spelling"	"Colubridae"	"Serpentes"	"Lepidosauria"	0	"Young, 2003"	"Chen_Wiens_2020"
"Scaphiodontophis_annulatus"	"Scaphiodontophis annulatus"	"spelling"	"Colubridae"	"Serpentes"	"Lepidosauria"	0	"Young, 2003"	"Chen_Wiens_2020"
"Scaphiophis_albopunctatus"	"Scaphiophis albopunctatus"	"spelling"	"Colubridae"	"Serpentes"	"Lepidosauria"	0	"Young, 2003"	"Chen_Wiens_2020"
"Senticolis_triaspis"	"Senticolis triaspis"	"spelling"	"Colubridae"	"Serpentes"	"Lepidosauria"	0	"Young, 2003"	"Chen_Wiens_2020"
"Sibon_nebulatus"	"Sibon nebulatus"	"spelling"	"Colubridae"	"Serpentes"	"Lepidosauria"	0	"Young, 2003"	"Chen_Wiens_2020"
"Sibynophis_subpunctatus"	"Sibynophis subpunctatus"	"spelling"	"Colubridae"	"Serpentes"	"Lepidosauria"	0	"Young, 2003"	"Chen_Wiens_2020"
"Siphlophis_cervinus"	"Siphlophis cervinus"	"spelling"	"Colubridae"	"Serpentes"	"Lepidosauria"	0	"Young, 2003"	"Chen_Wiens_2020"
"Sonora_semiannulata"	"Sonora semiannulata"	"spelling"	"Colubridae"	"Serpentes"	"Lepidosauria"	0	"Young, 2003"	"Chen_Wiens_2020"
"Stenorrhina_freminvillei"	"Stenorrhina freminvillei"	"spelling"	"Colubridae"	"Serpentes"	"Lepidosauria"	0	"Young, 2003"	"Chen_Wiens_2020"
"Thamnophis_marcianus"	"Thamnophis marcianus"	"spelling"	"Colubridae"	"Serpentes"	"Lepidosauria"	0	"Young, 2003"	"Chen_Wiens_2020"
"Thamnophis_proximus"	"Thamnophis proximus"	"spelling"	"Colubridae"	"Serpentes"	"Lepidosauria"	0	"Young, 2003"	"Chen_Wiens_2020"
"Thelotornis_capensis"	"Thelotornis capensis"	"spelling"	"Colubridae"	"Serpentes"	"Lepidosauria"	0	"Young, 2003"	"Chen_Wiens_2020"
"Thrasops_jacksonii"	"Thrasops jacksonii"	"spelling"	"Colubridae"	"Serpentes"	"Lepidosauria"	0	"Young, 2003"	"Chen_Wiens_2020"
"Tropidodipsas_sartorii"	"Tropidodipsas sartorii"	"spelling"	"Colubridae"	"Serpentes"	"Lepidosauria"	0	"Young, 2003"	"Chen_Wiens_2020"
"Xenochrophis_piscator"	"Xenochrophis piscator"	"spelling"	"Colubridae"	"Serpentes"	"Lepidosauria"	0	"Young, 2003"	"Chen_Wiens_2020"
"Xenopholis_scalaris"	"Xenopholis scalaris"	"spelling"	"Colubridae"	"Serpentes"	"Lepidosauria"	0	"Young, 2003"	"Chen_Wiens_2020"
"Xenoxybelis_boulengeri"	"Xenoxybelis boulengeri"	"spelling"	"Colubridae"	"Serpentes"	"Lepidosauria"	0	"Young, 2003"	"Chen_Wiens_2020"
"Acanthophis_antarcticus"	"Acanthophis antarcticus"	"spelling"	"Elapidae"	"Serpentes"	"Lepidosauria"	0	"Young, 2003"	"Chen_Wiens_2020"
"Austrelaps_superbus"	"Austrelaps superbus"	"spelling"	"Elapidae"	"Serpentes"	"Lepidosauria"	0	"Young, 2003"	"Chen_Wiens_2020"
"Bungarus_fasciatus"	"Bungarus fasciatus"	"spelling"	"Elapidae"	"Serpentes"	"Lepidosauria"	0	"Young, 2003"	"Chen_Wiens_2020"
"Cacophis_squamulosus"	"Cacophis squamulosus"	"spelling"	"Elapidae"	"Serpentes"	"Lepidosauria"	0	"Young, 2003"	"Chen_Wiens_2020"
"Demansia_psammophis"	"Demansia psammophis"	"spelling"	"Elapidae"	"Serpentes"	"Lepidosauria"	0	"Young, 2003"	"Chen_Wiens_2020"
"Dendroaspis_polylepis"	"Dendroaspis polylepis"	"spelling"	"Elapidae"	"Serpentes"	"Lepidosauria"	0	"Schott, 2005"	"Chen_Wiens_2020"
"Denisonia_devisi"	"Denisonia devisi"	"spelling"	"Elapidae"	"Serpentes"	"Lepidosauria"	0	"Young, 2003"	"Chen_Wiens_2020"
"Drysdalia_coronoides"	"Drysdalia coronoides"	"spelling"	"Elapidae"	"Serpentes"	"Lepidosauria"	0	"Young, 2003"	"Chen_Wiens_2020"
"Echiopsis_atriceps"	"Echiopsis atriceps"	"spelling"	"Elapidae"	"Serpentes"	"Lepidosauria"	0	"Young, 2003"	"Chen_Wiens_2020"
"Elapsoidea_nigra"	"Elapsoidea nigra"	"spelling"	"Elapidae"	"Serpentes"	"Lepidosauria"	0	"Young, 2003"	"Chen_Wiens_2020"
"Enhydrina_schistosa"	"Enhydrina schistosa"	"spelling"	"Elapidae"	"Serpentes"	"Lepidosauria"	0	"Young, 2003"	"Chen_Wiens_2020"
"Furina_diadema"	"Furina diadema"	"spelling"	"Elapidae"	"Serpentes"	"Lepidosauria"	0	"Young, 2003"	"Chen_Wiens_2020"
"Hemiaspis_signata"	"Hemiaspis signata"	"spelling"	"Elapidae"	"Serpentes"	"Lepidosauria"	0	"Young, 2003"	"Chen_Wiens_2020"
"Hoplocephalus_bitorquatus"	"Hoplocephalus bitorquatus"	"spelling"	"Elapidae"	"Serpentes"	"Lepidosauria"	0	"Young, 2003"	"Chen_Wiens_2020"
"Hydrophis_ornatus"	"Hydrophis ornatus"	"spelling"	"Elapidae"	"Serpentes"	"Lepidosauria"	0	"Young, 2003"	"Chen_Wiens_2020"
"Micrurus_fulvius"	"Micrurus fulvius"	"spelling"	"Elapidae"	"Serpentes"	"Lepidosauria"	0	"Young, 2003"	"Chen_Wiens_2020"
"Naja_naja"	"Naja naja"	"spelling"	"Elapidae"	"Serpentes"	"Lepidosauria"	0	"Young, 2003"	"Chen_Wiens_2020"
"Notechis_scutatus"	"Notechis scutatus"	"spelling"	"Elapidae"	"Serpentes"	"Lepidosauria"	0	"Young, 2003"	"Chen_Wiens_2020"
"Oxyuranus_scutellatus"	"Oxyuranus scutellatus"	"spelling"	"Elapidae"	"Serpentes"	"Lepidosauria"	0	"Young, 2003"	"Chen_Wiens_2020"
"Pseudechis_australis"	"Pseudechis australis"	"spelling"	"Elapidae"	"Serpentes"	"Lepidosauria"	0	"Young, 2003"	"Chen_Wiens_2020"
"Pseudonaja_textilis"	"Pseudonaja textilis"	"spelling"	"Elapidae"	"Serpentes"	"Lepidosauria"	0	"Young, 2003"	"Chen_Wiens_2020"
"Rhinoplocephalus_bicolor"	"Rhinoplocephalus bicolor"	"spelling"	"Elapidae"	"Serpentes"	"Lepidosauria"	0	"Young, 2003"	"Chen_Wiens_2020"
"Simoselaps_calonotus"	"Simoselaps calonotus"	"spelling"	"Elapidae"	"Serpentes"	"Lepidosauria"	0	"Young, 2003"	"Chen_Wiens_2020"
"Sinomicrurus_macclellandi"	"Sinomicrurus macclellandi"	"spelling"	"Elapidae"	"Serpentes"	"Lepidosauria"	0	"Young, 2003"	"Chen_Wiens_2020"
"Suta_spectabilis"	"Suta spectabilis"	"spelling"	"Elapidae"	"Serpentes"	"Lepidosauria"	0	"Young, 2003"	"Chen_Wiens_2020"
"Tropidechis_carinatus"	"Tropidechis carinatus"	"spelling"	"Elapidae"	"Serpentes"	"Lepidosauria"	0	"Young, 2003"	"Chen_Wiens_2020"
"Cantoria_violacea"	"Cantoria violacea"	"spelling"	"Homalopsidae"	"Serpentes"	"Lepidosauria"	0	"Young, 2003"	"Chen_Wiens_2020"
"Cerberus_rynchops"	"Cerberus rynchops"	"spelling"	"Homalopsidae"	"Serpentes"	"Lepidosauria"	0	"Young, 2003"	"Chen_Wiens_2020"
"Enhydris_enhydris"	"Enhydris enhydris"	"spelling"	"Homalopsidae"	"Serpentes"	"Lepidosauria"	0	"Young, 2003"	"Chen_Wiens_2020"
"Fordonia_leucobalia"	"Fordonia leucobalia"	"spelling"	"Homalopsidae"	"Serpentes"	"Lepidosauria"	0	"Young, 2003"	"Chen_Wiens_2020"
"Gerarda_prevostiana"	"Gerarda prevostiana"	"spelling"	"Homalopsidae"	"Serpentes"	"Lepidosauria"	0	"Young, 2003"	"Chen_Wiens_2020"
"Amblyodipsas_polylepis"	"Amblyodipsas polylepis"	"spelling"	"Lamprophiidae"	"Serpentes"	"Lepidosauria"	0	"Young, 2003"	"Chen_Wiens_2020"
"Aparallactus_capensis"	"Aparallactus capensis"	"spelling"	"Lamprophiidae"	"Serpentes"	"Lepidosauria"	0	"Young, 2003"	"Chen_Wiens_2020"
"Atractaspis_microlepidota"	"Atractaspis microlepidota"	"spelling"	"Lamprophiidae"	"Serpentes"	"Lepidosauria"	0	"Young, 2003"	"Chen_Wiens_2020"
"Bothrophthalmus_lineatus"	"Bothrophthalmus lineatus"	"spelling"	"Lamprophiidae"	"Serpentes"	"Lepidosauria"	0	"Young, 2003"	"Chen_Wiens_2020"
"Buhoma_procterae"	"Buhoma procterae"	"spelling"	"Lamprophiidae"	"Serpentes"	"Lepidosauria"	0	"Young, 2003"	"Chen_Wiens_2020"
"Duberria_lutrix"	"Duberria lutrix"	"spelling"	"Lamprophiidae"	"Serpentes"	"Lepidosauria"	0	"Young, 2003"	"Chen_Wiens_2020"
"Gonionotophis_brussauxi"	"Gonionotophis brussauxi"	"spelling"	"Lamprophiidae"	"Serpentes"	"Lepidosauria"	0	"Young, 2003"	"Chen_Wiens_2020"
"Hemirhagerrhis_kelleri"	"Hemirhagerrhis kelleri"	"spelling"	"Lamprophiidae"	"Serpentes"	"Lepidosauria"	0	"Young, 2003"	"Chen_Wiens_2020"
"Hormonotus_modestus"	"Hormonotus modestus"	"spelling"	"Lamprophiidae"	"Serpentes"	"Lepidosauria"	0	"Young, 2003"	"Chen_Wiens_2020"
"Lamprophis_fuliginosus"	"Lamprophis fuliginosus"	"spelling"	"Lamprophiidae"	"Serpentes"	"Lepidosauria"	0	"Young, 2003"	"Chen_Wiens_2020"
"Lycophidion_capense"	"Lycophidion capense"	"spelling"	"Lamprophiidae"	"Serpentes"	"Lepidosauria"	0	"Young, 2003"	"Chen_Wiens_2020"
"Mehelya_capensis"	"Mehelya capensis"	"spelling"	"Lamprophiidae"	"Serpentes"	"Lepidosauria"	0	"Young, 2003"	"Chen_Wiens_2020"
"Micrelaps_bicoloratus"	"Micrelaps bicoloratus"	"spelling"	"Lamprophiidae"	"Serpentes"	"Lepidosauria"	0	"Young, 2003"	"Chen_Wiens_2020"
"Polemon_collaris"	"Polemon collaris"	"spelling"	"Lamprophiidae"	"Serpentes"	"Lepidosauria"	0	"Young, 2003"	"Chen_Wiens_2020"
"Prosymna_meleagris"	"Prosymna meleagris"	"spelling"	"Lamprophiidae"	"Serpentes"	"Lepidosauria"	0	"Young, 2003"	"Chen_Wiens_2020"
"Psammophis_angolensis"	"Psammophis angolensis"	"spelling"	"Lamprophiidae"	"Serpentes"	"Lepidosauria"	0	"Young, 2003"	"Chen_Wiens_2020"
"Psammophylax_tritaeniatus"	"Psammophylax tritaeniatus"	"spelling"	"Lamprophiidae"	"Serpentes"	"Lepidosauria"	0	"Young, 2003"	"Chen_Wiens_2020"
"Rhamphiophis_oxyrhynchus"	"Rhamphiophis oxyrhynchus"	"spelling"	"Lamprophiidae"	"Serpentes"	"Lepidosauria"	0	"Young, 2003"	"Chen_Wiens_2020"
"Leptotyphlops_humilis"	"Leptotyphlops humilis"	"spelling"	"Leptotphlopidae"	"Serpentes"	"Lepidosauria"	0	"Young, 2003"	"Chen_Wiens_2020"
"Leptotyphlops_goudotii"	"Leptotyphlops goudotii"	"spelling"	"Leptotyphlopidae"	"Serpentes"	"Lepidosauria"	0	"Young, 2003"	"Chen_Wiens_2020"
"Loxocemus_bicolor"	"Loxocemus bicolor"	"spelling"	"Loxocemidae"	"Serpentes"	"Lepidosauria"	0	"Young, 2003"	"Chen_Wiens_2020"
"Pareas_macularius"	"Pareas macularius"	"spelling"	"Pareatidae"	"Serpentes"	"Lepidosauria"	0	"Young, 2003"	"Chen_Wiens_2020"
"Aspidites_melanocephalus"	"Aspidites melanocephalus"	"spelling"	"Pythonidae"	"Serpentes"	"Lepidosauria"	0	"McCracken, 2011"	"Chen_Wiens_2020"
"Morelia_viridis"	"Morelia viridis"	"spelling"	"Pythonidae"	"Serpentes"	"Lepidosauria"	0	"Hillman, 2010"	"Chen_Wiens_2020"
"Liasis_fuscus"	"Liasis fuscus"	"spelling"	"Pythonidae"	"Serpentes"	"Lepidosauria"	0	"Young, 2003"	"Chen_Wiens_2020"
"Python_molurus"	"Python molurus"	"spelling"	"Pythonidae"	"Serpentes"	"Lepidosauria"	0	"Padgett, 2003"	"Chen_Wiens_2020"
"Tropidophis_haetianus"	"Tropidophis haetianus"	"spelling"	"Tropidophiidae"	"Serpentes"	"Lepidosauria"	0	"Young, 2003"	"Chen_Wiens_2020"
"Typhlops_angolensis"	"Typhlops angolensis"	"spelling"	"Typhlopidae"	"Serpentes"	"Lepidosauria"	0	"Young, 2003"	"Chen_Wiens_2020"
"Uropeltis_liura"	"Uropeltis liura"	"spelling"	"Uropeltidae"	"Serpentes"	"Lepidosauria"	0	"Young, 2003"	"Chen_Wiens_2020"
"Agkistrodon_contortrix"	"Agkistrodon contortrix"	"spelling"	"Viperidae"	"Serpentes"	"Lepidosauria"	0	"Hartsuff, 2015"	"Chen_Wiens_2020"
"Atheris_squamigera"	"Atheris squamigera"	"spelling"	"Viperidae"	"Serpentes"	"Lepidosauria"	0	"Berces and Moore, 2011"	"Chen_Wiens_2020"
"Bitis_arietans"	"Bitis arietans"	"spelling"	"Viperidae"	"Serpentes"	"Lepidosauria"	0	"Young, 2003"	"Chen_Wiens_2020"
"Bothriechis_schlegelii"	"Bothriechis schlegelii"	"spelling"	"Viperidae"	"Serpentes"	"Lepidosauria"	0	"Sinnett, 2011"	"Chen_Wiens_2020"
"Causus_rhombeatus"	"Causus rhombeatus"	"spelling"	"Viperidae"	"Serpentes"	"Lepidosauria"	0	"Young, 2003"	"Chen_Wiens_2020"
"Crotalus_durissus"	"Crotalus durissus"	"spelling"	"Viperidae"	"Serpentes"	"Lepidosauria"	0	"Young, 2003"	"Chen_Wiens_2020"
"Daboia_russelii"	"Daboia russelii"	"spelling"	"Viperidae"	"Serpentes"	"Lepidosauria"	0	"Young, 2003"	"Chen_Wiens_2020"
"Echis_carinatus"	"Echis carinatus"	"spelling"	"Viperidae"	"Serpentes"	"Lepidosauria"	0	"Young, 2003"	"Chen_Wiens_2020"
"Hypnale_hypnale"	"Hypnale hypnale"	"spelling"	"Viperidae"	"Serpentes"	"Lepidosauria"	0	"Young, 2003"	"Chen_Wiens_2020"
"Macrovipera_lebetina"	"Macrovipera lebetina"	"spelling"	"Viperidae"	"Serpentes"	"Lepidosauria"	0	"Young, 2003"	"Chen_Wiens_2020"
"Ovophis_monticola"	"Ovophis monticola"	"spelling"	"Viperidae"	"Serpentes"	"Lepidosauria"	0	"Young, 2003"	"Chen_Wiens_2020"
"Porthidium_nasutum"	"Porthidium nasutum"	"spelling"	"Viperidae"	"Serpentes"	"Lepidosauria"	0	"Young, 2003"	"Chen_Wiens_2020"
"Protobothrops_jerdonii"	"Protobothrops jerdonii"	"spelling"	"Viperidae"	"Serpentes"	"Lepidosauria"	0	"Young, 2003"	"Chen_Wiens_2020"
"Trimeresurus_gramineus"	"Trimeresurus gramineus"	"spelling"	"Viperidae"	"Serpentes"	"Lepidosauria"	0	"Young, 2003"	"Chen_Wiens_2020"
"Achalinus_rufescens"	"Achalinus rufescens"	"spelling"	"Xenodermatidae"	"Serpentes"	"Lepidosauria"	0	"Young, 2003"	"Chen_Wiens_2020"
"Xenopeltis_unicolor"	"Xenopeltis unicolor"	"spelling"	"Xenopeltidae"	"Serpentes"	"Lepidosauria"	0	"Young, 2003"	"Chen_Wiens_2020"
"Chelodina_longicollis"	"Chelodina longicollis"	"spelling"	"Chelidae"	"Pleurodira"	"Testudines"	0	"Jarrett, 2011"	"Chen_Wiens_2020"
"Pelomedusa_subrufa"	"Pelomedusa subrufa"	"spelling"	"Pelomedusidae"	"Pleurodira"	"Testudines"	0	"Ferrara et al., 2014a"	"Chen_Wiens_2020"
"Podocnemis_expansa"	"Podocnemis expansa"	"spelling"	"Podocnemidae"	"Pleurodira"	"Testudines"	1	"Ferrara et al., 2014b"	"Chen_Wiens_2020"
"Carettochelys_insculpta"	"Carettochelys insculpta"	"spelling"	"Carretochelyidae"	"Cryptodira"	"Testudines"	0	"Patel, 2012"	"Chen_Wiens_2020"
"Chelonia_mydas"	"Chelonia mydas"	"spelling"	"Cheloniidae"	"Cryptodira"	"Testudines"	0	"Hersh, 2016"	"Chen_Wiens_2020"
"Chelydra_serpentina"	"Chelydra serpentina"	"spelling"	"Chelydridae"	"Cryptodira"	"Testudines"	0	"Bosch, 2003"	"Chen_Wiens_2020"
"Dermatemys_mawii"	"Dermatemys mawii"	"spelling"	"Dermatemydidae"	"Cryptodira"	"Testudines"	0	"Galeotti et al., 2005"	"Chen_Wiens_2020"
"Dermochelys_coriacea"	"Dermochelys coriacea"	"spelling"	"Dermochelyidae"	"Cryptodira"	"Testudines"	0	"Galeotti et al., 2005"	"Chen_Wiens_2020"
"Emydoidea_blandingii"	"Emydoidea blandingii"	"spelling"	"Emydidae"	"Cryptodira"	"Testudines"	0	"Grey, 2016"	"Chen_Wiens_2020"
"Geoemyda_spengleri"	"Geoemyda spengleri"	"spelling"	"Geoemydidae"	"Cryptodira"	"Testudines"	0	"Ferrara et al., 2014a"	"Chen_Wiens_2020"
"Rhinoclemmys_funerea"	"Rhinoclemmys funerea"	"spelling"	"Geoemydidae"	"Cryptodira"	"Testudines"	0	"Ferrara et al., 2014a"	"Chen_Wiens_2020"
"Sternotherus_odoratus"	"Sternotherus odoratus"	"spelling"	"Kinosternidae"	"Cryptodira"	"Testudines"	0	"Ferrara et al., 2014a"	"Chen_Wiens_2020"
"Platysternon_megacephalum"	"Platysternon megacephalum"	"spelling"	"Platysternidae"	"Cryptodira"	"Testudines"	0	"Ferrara et al., 2014a"	"Chen_Wiens_2020"
"Gopherus_agassizii"	"Gopherus agassizii"	"spelling"	"Testudinidae"	"Cryptodira"	"Testudines"	1	"Crozier, 1999"	"Chen_Wiens_2020"
"Testudo_kleinmanni"	"Testudo kleinmanni"	"spelling"	"Testudinidae"	"Cryptodira"	"Testudines"	1	"Ferrara et al., 2014a"	"Chen_Wiens_2020"
"Trionyx_triunguis"	"Trionyx triunguis"	"spelling"	"Trionychidae"	"Cryptodira"	"Testudines"	0	"Ferrara et al., 2014a"	"Chen_Wiens_2020"
"Alligator_mississippiensis"	"Alligator mississippiensis"	"spelling"	"Alligatoridae"	"Crocodilia"	"Crocodylia"	1	"Chabert et al., 2015"	"Chen_Wiens_2020"
"Aix_sponsa"	"Aix sponsa"	"spelling"	"Anatidae"	"Anseriformes"	"Aves"	1	"https://www.xeno-canto.org"	"Chen_Wiens_2020"
"Anas_platyrhynchos"	"Anas platyrhynchos"	"spelling"	"Anatidae"	"Anseriformes"	"Aves"	1	"https://www.xeno-canto.org"	"Chen_Wiens_2020"
"Anser_anser"	"Anser anser"	"spelling"	"Anatidae"	"Anseriformes"	"Aves"	1	"https://www.xeno-canto.org"	"Chen_Wiens_2020"
"Aythya_affinis"	"Aythya affinis"	"spelling"	"Anatidae"	"Anseriformes"	"Aves"	1	"https://www.xeno-canto.org"	"Chen_Wiens_2020"
"Clangula_hyemalis"	"Clangula hyemalis"	"spelling"	"Anatidae"	"Anseriformes"	"Aves"	1	"https://www.xeno-canto.org"	"Chen_Wiens_2020"
"Cygnus_olor"	"Cygnus olor"	"spelling"	"Anatidae"	"Anseriformes"	"Aves"	1	"https://www.xeno-canto.org"	"Chen_Wiens_2020"
"Dendrocygna_autumnalis"	"Dendrocygna autumnalis"	"spelling"	"Anatidae"	"Anseriformes"	"Aves"	1	"https://www.xeno-canto.org"	"Chen_Wiens_2020"
"Dendrocygna_bicolor"	"Dendrocygna bicolor"	"spelling"	"Anatidae"	"Anseriformes"	"Aves"	1	"https://www.xeno-canto.org"	"Chen_Wiens_2020"
"Tadorna_ferruginea"	"Tadorna ferruginea"	"spelling"	"Anatidae"	"Anseriformes"	"Aves"	1	"https://www.xeno-canto.org"	"Chen_Wiens_2020"
"Chauna_torquata"	"Chauna torquata"	"spelling"	"Anhimidae"	"Anseriformes"	"Aves"	1	"https://www.xeno-canto.org"	"Chen_Wiens_2020"
"Apus_apus"	"Apus apus"	"spelling"	"Apodidae"	"Apodiformes"	"Aves"	1	"Thompson, 2006; https://www.xeno-canto.org"	"Chen_Wiens_2020"
"Chaetura_pelagica"	"Chaetura pelagica"	"spelling"	"Apodidae"	"Apodiformes"	"Aves"	1	"Pappas, 2001; https://www.xeno-canto.org"	"Chen_Wiens_2020"
"Cypsiurus_parvus"	"Cypsiurus parvus"	"spelling"	"Apodidae"	"Apodiformes"	"Aves"	1	"https://www.xeno-canto.org"	"Chen_Wiens_2020"
"Streptoprocne_zonaris"	"Streptoprocne zonaris"	"spelling"	"Apodidae"	"Apodiformes"	"Aves"	1	"https://www.xeno-canto.org"	"Chen_Wiens_2020"
"Tachymarptis_melba"	"Tachymarptis melba"	"spelling"	"Apodidae"	"Apodiformes"	"Aves"	1	"https://www.xeno-canto.org"	"Chen_Wiens_2020"
"Aglaiocercus_coelestis"	"Aglaiocercus coelestis"	"spelling"	"Trochilidae"	"Apodiformes"	"Aves"	1	"https://www.xeno-canto.org"	"Chen_Wiens_2020"
"Amazilia_tobaci"	"Amazilia tobaci"	"spelling"	"Trochilidae"	"Apodiformes"	"Aves"	1	"https://www.xeno-canto.org"	"Chen_Wiens_2020"
"Amazilia_yucatanensis"	"Amazilia yucatanensis"	"spelling"	"Trochilidae"	"Apodiformes"	"Aves"	1	"https://www.xeno-canto.org"	"Chen_Wiens_2020"
"Archilochus_alexandri"	"Archilochus alexandri"	"spelling"	"Trochilidae"	"Apodiformes"	"Aves"	1	"Brammer, 2018; https://www.xeno-canto.org"	"Chen_Wiens_2020"
"Calypte_anna"	"Calypte anna"	"spelling"	"Trochilidae"	"Apodiformes"	"Aves"	1	"https://www.xeno-canto.org"	"Chen_Wiens_2020"
"Calypte_costae"	"Calypte costae"	"spelling"	"Trochilidae"	"Apodiformes"	"Aves"	1	"Copron, 2001; https://www.xeno-canto.org"	"Chen_Wiens_2020"
"Colibri_thalassinus"	"Colibri thalassinus"	"spelling"	"Trochilidae"	"Apodiformes"	"Aves"	1	"https://www.xeno-canto.org"	"Chen_Wiens_2020"
"Cynanthus_latirostris"	"Cynanthus latirostris"	"spelling"	"Trochilidae"	"Apodiformes"	"Aves"	1	"https://www.xeno-canto.org"	"Chen_Wiens_2020"
"Ensifera_ensifera"	"Ensifera ensifera"	"spelling"	"Trochilidae"	"Apodiformes"	"Aves"	1	"https://www.xeno-canto.org"	"Chen_Wiens_2020"
"Eugenes_fulgens"	"Eugenes fulgens"	"spelling"	"Trochilidae"	"Apodiformes"	"Aves"	1	"https://www.xeno-canto.org"	"Chen_Wiens_2020"
"Eupetomena_macroura"	"Eupetomena macroura"	"spelling"	"Trochilidae"	"Apodiformes"	"Aves"	1	"https://www.xeno-canto.org"	"Chen_Wiens_2020"
"Lampornis_amethystinus"	"Lampornis amethystinus"	"spelling"	"Trochilidae"	"Apodiformes"	"Aves"	1	"https://www.xeno-canto.org"	"Chen_Wiens_2020"
"Lampornis_clemenciae"	"Lampornis clemenciae"	"spelling"	"Trochilidae"	"Apodiformes"	"Aves"	1	"https://www.xeno-canto.org"	"Chen_Wiens_2020"
"Patagona_gigas"	"Patagona gigas"	"spelling"	"Trochilidae"	"Apodiformes"	"Aves"	1	"https://www.xeno-canto.org"	"Chen_Wiens_2020"
"Phaethornis_longuemareus"	"Phaethornis longuemareus"	"spelling"	"Trochilidae"	"Apodiformes"	"Aves"	1	"https://www.xeno-canto.org"	"Chen_Wiens_2020"
"Phaethornis_superciliosus"	"Phaethornis superciliosus"	"spelling"	"Trochilidae"	"Apodiformes"	"Aves"	1	"https://www.xeno-canto.org"	"Chen_Wiens_2020"
"Selasphorus_rufus"	"Selasphorus rufus"	"spelling"	"Trochilidae"	"Apodiformes"	"Aves"	1	"https://www.xeno-canto.org"	"Chen_Wiens_2020"
"Selasphorus_sasin"	"Selasphorus sasin"	"spelling"	"Trochilidae"	"Apodiformes"	"Aves"	1	"https://www.xeno-canto.org"	"Chen_Wiens_2020"
"Stellula_calliope"	"Stellula calliope"	"spelling"	"Trochilidae"	"Apodiformes"	"Aves"	1	"Lyman, 2014; https://www.xeno-canto.org"	"Chen_Wiens_2020"
"Threnetes_ruckeri"	"Threnetes ruckeri"	"spelling"	"Trochilidae"	"Apodiformes"	"Aves"	1	"https://www.xeno-canto.org"	"Chen_Wiens_2020"
"Apteryx_australis"	"Apteryx australis"	"spelling"	"Apterygidae"	"Apterygiformses"	"Aves"	1	"Gudipati, 2007; https://www.xeno-canto.org"	"Chen_Wiens_2020"
"Aegotheles_cristatus"	"Aegotheles cristatus"	"spelling"	"Aegothelidae"	"Caprimulgiformes"	"Aves"	1	"https://www.xeno-canto.org"	"Chen_Wiens_2020"
"Caprimulgus_vociferus"	"Caprimulgus vociferus"	"spelling"	"Caprimulgidae"	"Caprimulgiformes"	"Aves"	1	"Duszynski, 2006"	"Chen_Wiens_2020"
"Chordeiles_acutipennis"	"Chordeiles acutipennis"	"spelling"	"Caprimulgidae"	"Caprimulgiformes"	"Aves"	1	"Phillips, 2001; https://www.xeno-canto.org"	"Chen_Wiens_2020"
"Chordeiles_minor"	"Chordeiles minor"	"spelling"	"Caprimulgidae"	"Caprimulgiformes"	"Aves"	1	"Kropp, 2002; https://www.xeno-canto.org"	"Chen_Wiens_2020"
"Nyctidromus_albicollis"	"Nyctidromus albicollis"	"spelling"	"Caprimulgidae"	"Caprimulgiformes"	"Aves"	1	"https://www.xeno-canto.org"	"Chen_Wiens_2020"
"Phalaenoptilus_nuttallii"	"Phalaenoptilus nuttallii"	"spelling"	"Caprimulgidae"	"Caprimulgiformes"	"Aves"	1	"Ives, 2011; https://www.xeno-canto.org"	"Chen_Wiens_2020"
"Podargus_strigoides"	"Podargus strigoides"	"spelling"	"Podargidae"	"Caprimulgiformes"	"Aves"	1	"https://www.xeno-canto.org"	"Chen_Wiens_2020"
"Steatornis_caripensis"	"Steatornis caripensis"	"spelling"	"Steatornithidae"	"Caprimulgiformes"	"Aves"	1	"https://www.xeno-canto.org"	"Chen_Wiens_2020"
"Casuarius_casuarius"	"Casuarius casuarius"	"spelling"	"Casuariidae"	"Casuariiformes"	"Aves"	1	"Hulbert, 2007"	"Chen_Wiens_2020"
"Aethia_pusilla"	"Aethia pusilla"	"spelling"	"Alcidae"	"Charadriiformes"	"Aves"	1	"Rhodes, 2011; https://www.xeno-canto.org"	"Chen_Wiens_2020"
"Synthliboramphus_hypoleucus"	"Synthliboramphus hypoleucus"	"spelling"	"Alcidae"	"Charadriiformes"	"Aves"	1	"Seneviratne et al., 2012"	"Chen_Wiens_2020"
"Burhinus_oedicnemus"	"Burhinus oedicnemus"	"spelling"	"Burhinidae"	"Charadriiformes"	"Aves"	1	"https://www.xeno-canto.org"	"Chen_Wiens_2020"
"Charadrius_marginatus"	"Charadrius marginatus"	"spelling"	"Charadriidae"	"Charadriiformes"	"Aves"	1	"https://www.xeno-canto.org"	"Chen_Wiens_2020"
"Eudromias_morinellus"	"Eudromias morinellus"	"spelling"	"Charadriidae"	"Charadriiformes"	"Aves"	1	"https://www.xeno-canto.org"	"Chen_Wiens_2020"
"Vanellus_miles"	"Vanellus miles"	"spelling"	"Charadriidae"	"Charadriiformes"	"Aves"	1	"https://www.xeno-canto.org"	"Chen_Wiens_2020"
"Dromas_ardeola"	"Dromas ardeola"	"spelling"	"Dromadidae"	"Charadriiformes"	"Aves"	1	"https://www.xeno-canto.org"	"Chen_Wiens_2020"
"Glareola_pratincola"	"Glareola pratincola"	"spelling"	"Glareolidae"	"Charadriiformes"	"Aves"	1	"https://www.xeno-canto.org"	"Chen_Wiens_2020"
"Jacana_jacana"	"Jacana jacana"	"spelling"	"Jacanidae"	"Charadriiformes"	"Aves"	1	"https://www.xeno-canto.org"	"Chen_Wiens_2020"
"Anous_minutus"	"Anous minutus"	"spelling"	"Laridae"	"Charadriiformes"	"Aves"	1	"Dewey, 2009a; https://www.xeno-canto.org"	"Chen_Wiens_2020"
"Creagrus_furcatus"	"Creagrus furcatus"	"spelling"	"Laridae"	"Charadriiformes"	"Aves"	1	"https://www.xeno-canto.org"	"Chen_Wiens_2020"
"Larus_canus"	"Larus canus"	"spelling"	"Laridae"	"Charadriiformes"	"Aves"	1	"https://www.xeno-canto.org"	"Chen_Wiens_2020"
"Xema_sabini"	"Xema sabini"	"spelling"	"Laridae"	"Charadriiformes"	"Aves"	1	"https://www.xeno-canto.org"	"Chen_Wiens_2020"
"Pluvianus_aegyptius"	"Pluvianus aegyptius"	"spelling"	"Pluvianidae"	"Charadriiformes"	"Aves"	1	"https://www.xeno-canto.org"	"Chen_Wiens_2020"
"Haematopus_bachmani"	"Haematopus bachmani"	"spelling"	"Recurvirostridae"	"Charadriiformes"	"Aves"	1	"https://www.xeno-canto.org"	"Chen_Wiens_2020"
"Himantopus_himantopus"	"Himantopus himantopus"	"spelling"	"Recurvirostridae"	"Charadriiformes"	"Aves"	1	"https://www.xeno-canto.org"	"Chen_Wiens_2020"
"Rynchops_niger"	"Rynchops niger"	"spelling"	"Rynchopidae"	"Charadriiformes"	"Aves"	1	"Pandhi, 2007; https://www.xeno-canto.org"	"Chen_Wiens_2020"
"Actitis_macularius"	"Actitis macularius"	"spelling"	"Scolopacidae"	"Charadriiformes"	"Aves"	1	"Moore, 2002; https://www.xeno-canto.org"	"Chen_Wiens_2020"
"Calidris_himantopus"	"Calidris himantopus"	"spelling"	"Scolopacidae"	"Charadriiformes"	"Aves"	1	"https://www.xeno-canto.org"	"Chen_Wiens_2020"
"Phalaropus_lobatus"	"Phalaropus lobatus"	"spelling"	"Scolopacidae"	"Charadriiformes"	"Aves"	1	"https://www.xeno-canto.org"	"Chen_Wiens_2020"
"Scolopax_minor"	"Scolopax minor"	"spelling"	"Scolopacidae"	"Charadriiformes"	"Aves"	1	"Ivory, 2002a; https://www.xeno-canto.org"	"Chen_Wiens_2020"
"Sterna_caspia"	"Sterna caspia"	"spelling"	"Sternidae"	"Charadriiformes"	"Aves"	1	"Dewey, 2009b"	"Chen_Wiens_2020"
"Mycteria_americana"	"Mycteria americana"	"spelling"	"Ciconiidae"	"Ciconiiformes"	"Aves"	1	"https://www.xeno-canto.org"	"Chen_Wiens_2020"
"Phoenicopterus_chilensis"	"Phoenicopterus chilensis"	"spelling"	"Phoenicopteridae"	"Ciconiiformes"	"Aves"	1	"Grinfeld, 2007; https://www.xeno-canto.org"	"Chen_Wiens_2020"
"Colius_striatus"	"Colius striatus"	"spelling"	"Coliidae"	"Coliiformes"	"Aves"	1	"https://www.xeno-canto.org"	"Chen_Wiens_2020"
"Columba_guinea"	"Columba guinea"	"spelling"	"Columbidae"	"Columbiformes"	"Aves"	1	"https://www.xeno-canto.org"	"Chen_Wiens_2020"
"Columba_livia"	"Columba livia"	"spelling"	"Columbidae"	"Columbiformes"	"Aves"	1	"https://www.xeno-canto.org"	"Chen_Wiens_2020"
"Drepanoptila_holosericea"	"Drepanoptila holosericea"	"spelling"	"Columbidae"	"Columbiformes"	"Aves"	1	"https://www.xeno-canto.org"	"Chen_Wiens_2020"
"Geopelia_cuneata"	"Geopelia cuneata"	"spelling"	"Columbidae"	"Columbiformes"	"Aves"	1	"https://www.xeno-canto.org"	"Chen_Wiens_2020"
"Oena_capensis"	"Oena capensis"	"spelling"	"Columbidae"	"Columbiformes"	"Aves"	1	"https://www.xeno-canto.org"	"Chen_Wiens_2020"
"Ptilinopus_magnificus"	"Ptilinopus magnificus"	"spelling"	"Columbidae"	"Columbiformes"	"Aves"	1	"https://www.xeno-canto.org"	"Chen_Wiens_2020"
"Ptilinopus_superbus"	"Ptilinopus superbus"	"spelling"	"Columbidae"	"Columbiformes"	"Aves"	1	"https://www.xeno-canto.org"	"Chen_Wiens_2020"
"Stigmatopelia_senegalensis"	"Stigmatopelia senegalensis"	"spelling"	"Columbidae"	"Columbiformes"	"Aves"	1	"https://www.xeno-canto.org"	"Chen_Wiens_2020"
"Streptopelia_capicola"	"Streptopelia capicola"	"spelling"	"Columbidae"	"Columbiformes"	"Aves"	1	"https://www.xeno-canto.org"	"Chen_Wiens_2020"
"Streptopelia_decaocto"	"Streptopelia decaocto"	"spelling"	"Columbidae"	"Columbiformes"	"Aves"	1	"https://www.xeno-canto.org"	"Chen_Wiens_2020"
"Streptopelia_turtur"	"Streptopelia turtur"	"spelling"	"Columbidae"	"Columbiformes"	"Aves"	1	"https://www.xeno-canto.org"	"Chen_Wiens_2020"
"Treron_vernans"	"Treron vernans"	"spelling"	"Columbidae"	"Columbiformes"	"Aves"	1	"https://www.xeno-canto.org"	"Chen_Wiens_2020"
"Treron_waalia"	"Treron waalia"	"spelling"	"Columbidae"	"Columbiformes"	"Aves"	1	"https://www.xeno-canto.org"	"Chen_Wiens_2020"
"Turtur_chalcospilos"	"Turtur chalcospilos"	"spelling"	"Columbidae"	"Columbiformes"	"Aves"	1	"https://www.xeno-canto.org"	"Chen_Wiens_2020"
"Zenaida_asiatica"	"Zenaida asiatica"	"spelling"	"Columbidae"	"Columbiformes"	"Aves"	1	"https://www.xeno-canto.org"	"Chen_Wiens_2020"
"Pterocles_bicinctus"	"Pterocles bicinctus"	"spelling"	"Pteroclididae"	"Columbiformes"	"Aves"	1	"https://www.xeno-canto.org"	"Chen_Wiens_2020"
"Pterocles_namaqua"	"Pterocles namaqua"	"spelling"	"Pteroclididae"	"Columbiformes"	"Aves"	1	"https://www.xeno-canto.org"	"Chen_Wiens_2020"
"Brachypteracias_leptosomus"	"Brachypteracias leptosomus"	"spelling"	"Brachypteraciidae"	"Coraciiformes"	"Aves"	1	"https://www.xeno-canto.org"	"Chen_Wiens_2020"
"Buceros_rhinoceros"	"Buceros rhinoceros"	"spelling"	"Bucerotidae"	"Coraciiformes"	"Aves"	1	"https://www.xeno-canto.org"	"Chen_Wiens_2020"
"Coracias_caudatus"	"Coracias caudatus"	"spelling"	"Coraciidae"	"Coraciiformes"	"Aves"	1	"https://www.xeno-canto.org"	"Chen_Wiens_2020"
"Merops_viridis"	"Merops viridis"	"spelling"	"Meropidae"	"Coraciiformes"	"Aves"	1	"https://www.xeno-canto.org"	"Chen_Wiens_2020"
"Momotus_momota"	"Momotus momota"	"spelling"	"Momotidae"	"Coraciiformes"	"Aves"	1	"Dickerson, 2001; https://www.xeno-canto.org"	"Chen_Wiens_2020"
"Upupa_epops"	"Upupa epops"	"spelling"	"Upupidae"	"Coraciiformes"	"Aves"	1	"https://www.xeno-canto.org"	"Chen_Wiens_2020"
"Coccyzus_americanus"	"Coccyzus americanus"	"spelling"	"Cuculidae"	"Cuculiformes"	"Aves"	1	"Hilt, 2000; https://www.xeno-canto.org"	"Chen_Wiens_2020"
"Chrysococcyx_cupreus"	"Chrysococcyx cupreus"	"spelling"	"Cuculidae"	"Cuculiformes"	"Aves"	1	"https://www.xeno-canto.org"	"Chen_Wiens_2020"
"Chrysococcyx_klaas"	"Chrysococcyx klaas"	"spelling"	"Cuculidae"	"Cuculiformes"	"Aves"	1	"https://www.xeno-canto.org"	"Chen_Wiens_2020"
"Centropus_senegalensis"	"Centropus senegalensis"	"spelling"	"Cuculidae"	"Cuculiiformes"	"Aves"	1	"https://www.xeno-canto.org"	"Chen_Wiens_2020"
"Coua_cristata"	"Coua cristata"	"spelling"	"Cuculidae"	"Cuculiiformes"	"Aves"	1	"https://www.xeno-canto.org"	"Chen_Wiens_2020"
"Crotophaga_ani"	"Crotophaga ani"	"spelling"	"Cuculidae"	"Cuculiiformes"	"Aves"	1	"https://www.xeno-canto.org"	"Chen_Wiens_2020"
"Cuculus_canorus"	"Cuculus canorus"	"spelling"	"Cuculidae"	"Cuculiiformes"	"Aves"	1	"https://www.xeno-canto.org"	"Chen_Wiens_2020"
"Guira_guira"	"Guira guira"	"spelling"	"Cuculidae"	"Cuculiiformes"	"Aves"	1	"https://www.xeno-canto.org"	"Chen_Wiens_2020"
"Tauraco_macrorhynchus"	"Tauraco macrorhynchus"	"spelling"	"Musophagidae"	"Cuculiiformes"	"Aves"	1	"https://www.xeno-canto.org"	"Chen_Wiens_2020"
"Eurypyga_helias"	"Eurypyga helias"	"spelling"	"Eurypygidae"	"Eurypygiformes"	"Aves"	1	"https://www.xeno-canto.org"	"Chen_Wiens_2020"
"Accipiter_gentilis"	"Accipiter gentilis"	"spelling"	"Accipitridae"	"Falconiformes"	"Aves"	1	"Pajerski, 2005"	"Chen_Wiens_2020"
"Aquila_verreauxii"	"Aquila verreauxii"	"spelling"	"Accipitridae"	"Falconiformes"	"Aves"	1	"https://www.xeno-canto.org"	"Chen_Wiens_2020"
"Buteo_brachyurus"	"Buteo brachyurus"	"spelling"	"Accipitridae"	"Falconiformes"	"Aves"	1	"Hasenjager, 2008; https://www.xeno-canto.org"	"Chen_Wiens_2020"
"Buteo_lagopus"	"Buteo lagopus"	"spelling"	"Accipitridae"	"Falconiformes"	"Aves"	1	"Good, 2008; https://www.xeno-canto.org"	"Chen_Wiens_2020"
"Buteo_rufofuscus"	"Buteo rufofuscus"	"spelling"	"Accipitridae"	"Falconiformes"	"Aves"	1	"https://www.xeno-canto.org"	"Chen_Wiens_2020"
"Circaetus_gallicus"	"Circaetus gallicus"	"spelling"	"Accipitridae"	"Falconiformes"	"Aves"	1	"https://www.xeno-canto.org"	"Chen_Wiens_2020"
"Circus_aeruginosus"	"Circus aeruginosus"	"spelling"	"Accipitridae"	"Falconiformes"	"Aves"	1	"https://www.xeno-canto.org"	"Chen_Wiens_2020"
"Circus_cyaneus"	"Circus cyaneus"	"spelling"	"Accipitridae"	"Falconiformes"	"Aves"	1	"Limas, 2001; https://www.xeno-canto.org"	"Chen_Wiens_2020"
"Gyps_fulvus"	"Gyps fulvus"	"spelling"	"Accipitridae"	"Falconiformes"	"Aves"	1	"https://www.xeno-canto.org"	"Chen_Wiens_2020"
"Necrosyrtes_monachus"	"Necrosyrtes monachus"	"spelling"	"Accipitridae"	"Falconiformes"	"Aves"	1	"https://www.xeno-canto.org"	"Chen_Wiens_2020"
"Pernis_apivorus"	"Pernis apivorus"	"spelling"	"Accipitridae"	"Falconiformes"	"Aves"	1	"https://www.xeno-canto.org"	"Chen_Wiens_2020"
"Polemaetus_bellicosus"	"Polemaetus bellicosus"	"spelling"	"Accipitridae"	"Falconiformes"	"Aves"	1	"Overholt, 2011; https://www.xeno-canto.org"	"Chen_Wiens_2020"
"Terathopius_ecaudatus"	"Terathopius ecaudatus"	"spelling"	"Accipitridae"	"Falconiformes"	"Aves"	1	"https://www.xeno-canto.org"	"Chen_Wiens_2020"
"Cathartes_aura"	"Cathartes aura"	"spelling"	"Cathartidae"	"Falconiformes"	"Aves"	1	"Farmer, 2008; https://www.xeno-canto.org"	"Chen_Wiens_2020"
"Coragyps_atratus"	"Coragyps atratus"	"spelling"	"Cathartidae"	"Falconiformes"	"Aves"	1	"https://www.xeno-canto.org"	"Chen_Wiens_2020"
"Caracara_plancus"	"Caracara plancus"	"spelling"	"Falconidae"	"Falconiformes"	"Aves"	1	"https://www.xeno-canto.org"	"Chen_Wiens_2020"
"Falco_chicquera"	"Falco chicquera"	"spelling"	"Falconidae"	"Falconiformes"	"Aves"	1	"https://www.xeno-canto.org"	"Chen_Wiens_2020"
"Falco_columbarius"	"Falco columbarius"	"spelling"	"Falconidae"	"Falconiformes"	"Aves"	1	"https://www.xeno-canto.org"	"Chen_Wiens_2020"
"Falco_concolor"	"Falco concolor"	"spelling"	"Falconidae"	"Falconiformes"	"Aves"	1	"https://www.xeno-canto.org"	"Chen_Wiens_2020"
"Falco_mexicanus"	"Falco mexicanus"	"spelling"	"Falconidae"	"Falconiformes"	"Aves"	1	"Goulet, 2007; https://www.xeno-canto.org"	"Chen_Wiens_2020"
"Falco_naumanni"	"Falco naumanni"	"spelling"	"Falconidae"	"Falconiformes"	"Aves"	1	"https://www.xeno-canto.org"	"Chen_Wiens_2020"
"Falco_peregrinus"	"Falco peregrinus"	"spelling"	"Falconidae"	"Falconiformes"	"Aves"	1	"Potter, 2002; https://www.xeno-canto.org"	"Chen_Wiens_2020"
"Falco_rufigularis"	"Falco rufigularis"	"spelling"	"Falconidae"	"Falconiformes"	"Aves"	1	"Pacheco, 2001; https://www.xeno-canto.org"	"Chen_Wiens_2020"
"Falco_rusticolus"	"Falco rusticolus"	"spelling"	"Falconidae"	"Falconiformes"	"Aves"	1	"https://www.xeno-canto.org"	"Chen_Wiens_2020"
"Falco_tinnunculus"	"Falco tinnunculus"	"spelling"	"Falconidae"	"Falconiformes"	"Aves"	1	"Nelson, 2006; https://www.xeno-canto.org"	"Chen_Wiens_2020"
"Herpetotheres_cachinnans"	"Herpetotheres cachinnans"	"spelling"	"Falconidae"	"Falconiformes"	"Aves"	1	"Bobinsky, 2004; https://www.xeno-canto.org"	"Chen_Wiens_2020"
"Micrastur_semitorquatus"	"Micrastur semitorquatus"	"spelling"	"Falconidae"	"Falconiformes"	"Aves"	1	"https://www.xeno-canto.org"	"Chen_Wiens_2020"
"Microhierax_erythrogenys"	"Microhierax erythrogenys"	"spelling"	"Falconidae"	"Falconiformes"	"Aves"	1	"https://www.xeno-canto.org"	"Chen_Wiens_2020"
"Polihierax_semitorquatus"	"Polihierax semitorquatus"	"spelling"	"Falconidae"	"Falconiformes"	"Aves"	1	"Davieau, 2008; https://www.xeno-canto.org"	"Chen_Wiens_2020"
"Spiziapteryx_circumcincta"	"Spiziapteryx circumcincta"	"spelling"	"Falconidae"	"Falconiformes"	"Aves"	1	"https://www.xeno-canto.org"	"Chen_Wiens_2020"
"Pandion_haliaetus"	"Pandion haliaetus"	"spelling"	"Pandionidae"	"Falconiformes"	"Aves"	1	"Watkins, 2000; https://www.xeno-canto.org"	"Chen_Wiens_2020"
"Sagittarius_serpentarius"	"Sagittarius serpentarius"	"spelling"	"Sagittariidae"	"Falconiformes"	"Aves"	1	"Sherman, 2007; https://www.xeno-canto.org"	"Chen_Wiens_2020"
"Nothocrax_urumutum"	"Nothocrax urumutum"	"spelling"	"Cracidae"	"Galliformes"	"Aves"	1	"https://www.xeno-canto.org"	"Chen_Wiens_2020"
"Ortalis_vetula"	"Ortalis vetula"	"spelling"	"Cracidae"	"Galliformes"	"Aves"	1	"https://www.xeno-canto.org"	"Chen_Wiens_2020"
"Alectura_lathami"	"Alectura lathami"	"spelling"	"Megapodiidae"	"Galliformes"	"Aves"	1	"https://www.xeno-canto.org"	"Chen_Wiens_2020"
"Leipoa_ocellata"	"Leipoa ocellata"	"spelling"	"Megapodiidae"	"Galliformes"	"Aves"	1	"https://www.xeno-canto.org"	"Chen_Wiens_2020"
"Acryllium_vulturinum"	"Acryllium vulturinum"	"spelling"	"Numididae"	"Galliformes"	"Aves"	1	"https://www.xeno-canto.org"	"Chen_Wiens_2020"
"Guttera_plumifera"	"Guttera plumifera"	"spelling"	"Numididae"	"Galliformes"	"Aves"	1	"https://www.xeno-canto.org"	"Chen_Wiens_2020"
"Colinus_virginianus"	"Colinus virginianus"	"spelling"	"Odontophoridae"	"Galliformes"	"Aves"	1	"Chumchal, 2000; https://www.xeno-canto.org"	"Chen_Wiens_2020"
"Opisthocomus_hoazin"	"Opisthocomus hoazin"	"spelling"	"Opisthocomidae"	"Galliformes"	"Aves"	1	"https://www.xeno-canto.org"	"Chen_Wiens_2020"
"Afropavo_congensis"	"Afropavo congensis"	"spelling"	"Phasianidae"	"Galliformes"	"Aves"	1	"Hart and Upoki, 1997"	"Chen_Wiens_2020"
"Alectoris_barbara"	"Alectoris barbara"	"spelling"	"Phasianidae"	"Galliformes"	"Aves"	1	"https://www.xeno-canto.org"	"Chen_Wiens_2020"
"Bonasa_umbellus"	"Bonasa umbellus"	"spelling"	"Phasianidae"	"Galliformes"	"Aves"	1	"Haupt, 2001; https://www.xeno-canto.org"	"Chen_Wiens_2020"
"Centrocercus_urophasianus"	"Centrocercus urophasianus"	"spelling"	"Phasianidae"	"Galliformes"	"Aves"	1	"Krakauer et al., 2009; https://www.xeno-canto.org"	"Chen_Wiens_2020"
"Coturnix_japonica"	"Coturnix japonica"	"spelling"	"Phasianidae"	"Galliformes"	"Aves"	1	"Pappas, 2002a; https://www.xeno-canto.org"	"Chen_Wiens_2020"
"Gallus_gallus"	"Gallus gallus"	"spelling"	"Phasianidae"	"Galliformes"	"Aves"	1	"Marler et al., 1986; https://www.xeno-canto.org"	"Chen_Wiens_2020"
"Lagopus_lagopus"	"Lagopus lagopus"	"spelling"	"Phasianidae"	"Galliformes"	"Aves"	1	"Morland, 2011; https://www.xeno-canto.org"	"Chen_Wiens_2020"
"Meleagris_gallopavo"	"Meleagris gallopavo"	"spelling"	"Phasianidae"	"Galliformes"	"Aves"	1	"McCullough, 2001; https://www.xeno-canto.org"	"Chen_Wiens_2020"
"Perdix_perdix"	"Perdix perdix"	"spelling"	"Phasianidae"	"Galliformes"	"Aves"	1	"https://www.xeno-canto.org"	"Chen_Wiens_2020"
"Phasianus_colchicus"	"Phasianus colchicus"	"spelling"	"Phasianidae"	"Galliformes"	"Aves"	1	"Switzer, 2011; https://www.xeno-canto.org"	"Chen_Wiens_2020"
"Tetrao_urogallus"	"Tetrao urogallus"	"spelling"	"Phasianidae"	"Galliformes"	"Aves"	1	"Hill, 2014; https://www.xeno-canto.org"	"Chen_Wiens_2020"
"Gavia_immer"	"Gavia immer"	"spelling"	"Gaviidae"	"Gaviiformes"	"Aves"	1	"Rodriguez, 2002; https://www.xeno-canto.org"	"Chen_Wiens_2020"
"Aramus_guarauna"	"Aramus guarauna"	"spelling"	"Aramidae"	"Gruiformes"	"Aves"	1	"https://www.xeno-canto.org"	"Chen_Wiens_2020"
"Cariama_cristata"	"Cariama cristata"	"spelling"	"Cariamidae"	"Gruiformes"	"Aves"	1	"https://www.xeno-canto.org"	"Chen_Wiens_2020"
"Balearica_regulorum"	"Balearica regulorum"	"spelling"	"Gruidae"	"Gruiformes"	"Aves"	1	"Thairu, 2011; https://www.xeno-canto.org"	"Chen_Wiens_2020"
"Grus_canadensis"	"Grus canadensis"	"spelling"	"Gruidae"	"Gruiformes"	"Aves"	1	"Harris, 2000; https://www.xeno-canto.org"	"Chen_Wiens_2020"
"Mesitornis_unicolor"	"Mesitornis unicolor"	"spelling"	"Mesitornithidae"	"Gruiformes"	"Aves"	1	"https://www.xeno-canto.org"	"Chen_Wiens_2020"
"Monias_benschi"	"Monias benschi"	"spelling"	"Mesitornithidae"	"Gruiformes"	"Aves"	1	"https://www.xeno-canto.org"	"Chen_Wiens_2020"
"Psophia_leucoptera"	"Psophia leucoptera"	"spelling"	"Psophiidae"	"Gruiformes"	"Aves"	1	"https://www.xeno-canto.org"	"Chen_Wiens_2020"
"Fulica_atra"	"Fulica atra"	"spelling"	"Rallidae"	"Gruiformes"	"Aves"	1	"https://www.xeno-canto.org"	"Chen_Wiens_2020"
"Rallus_elegans"	"Rallus elegans"	"spelling"	"Rallidae"	"Gruiformes"	"Aves"	1	"Sellner, 2011; https://www.xeno-canto.org"	"Chen_Wiens_2020"
"Rhynochetos_jubatus"	"Rhynochetos jubatus"	"spelling"	"Rhynochetidae"	"Gruiformes"	"Aves"	1	"https://www.xeno-canto.org"	"Chen_Wiens_2020"
"Turnix_sylvaticus"	"Turnix sylvaticus"	"spelling"	"Turnicidae"	"Gruiformes"	"Aves"	1	"Pappas, 2002b; https://www.xeno-canto.org"	"Chen_Wiens_2020"
"Smicrornis_brevirostris"	"Smicrornis brevirostris"	"spelling"	"Acanthizidae"	"Passeriformes"	"Aves"	1	"https://www.xeno-canto.org"	"Chen_Wiens_2020"
"Acrocephalus_arundinaceus"	"Acrocephalus arundinaceus"	"spelling"	"Acrocephalidae"	"Passeriformes"	"Aves"	1	"Bachert, 2009; https://www.xeno-canto.org"	"Chen_Wiens_2020"
"Acrocephalus_palustris"	"Acrocephalus palustris"	"spelling"	"Acrocephalidae"	"Passeriformes"	"Aves"	1	"https://www.xeno-canto.org"	"Chen_Wiens_2020"
"Acrocephalus_schoenobaenus"	"Acrocephalus schoenobaenus"	"spelling"	"Acrocephalidae"	"Passeriformes"	"Aves"	1	"https://www.xeno-canto.org"	"Chen_Wiens_2020"
"Acrocephalus_scirpaceus"	"Acrocephalus scirpaceus"	"spelling"	"Acrocephalidae"	"Passeriformes"	"Aves"	1	"https://www.xeno-canto.org"	"Chen_Wiens_2020"
"Hippolais_icterina"	"Hippolais icterina"	"spelling"	"Acrocephalidae"	"Passeriformes"	"Aves"	1	"https://www.xeno-canto.org"	"Chen_Wiens_2020"
"Hippolais_polyglotta"	"Hippolais polyglotta"	"spelling"	"Acrocephalidae"	"Passeriformes"	"Aves"	1	"https://www.xeno-canto.org"	"Chen_Wiens_2020"
"Aegithalos_caudatus"	"Aegithalos caudatus"	"spelling"	"Aegithalidae"	"Passeriformes"	"Aves"	1	"Waite, 2008; https://www.xeno-canto.org"	"Chen_Wiens_2020"
"Aegithina_tiphia"	"Aegithina tiphia"	"spelling"	"Aegithinidae"	"Passeriformes"	"Aves"	1	"https://www.xeno-canto.org"	"Chen_Wiens_2020"
"Alauda_arvensis"	"Alauda arvensis"	"spelling"	"Alaudidae"	"Passeriformes"	"Aves"	1	"Hyman, 2006; https://www.xeno-canto.org"	"Chen_Wiens_2020"
"Calandrella_brachydactyla"	"Calandrella brachydactyla"	"spelling"	"Alaudidae"	"Passeriformes"	"Aves"	1	"https://www.xeno-canto.org"	"Chen_Wiens_2020"
"Eremophila_alpestris"	"Eremophila alpestris"	"spelling"	"Alaudidae"	"Passeriformes"	"Aves"	1	"Martinez, 2002; https://www.xeno-canto.org"	"Chen_Wiens_2020"
"Lullula_arborea"	"Lullula arborea"	"spelling"	"Alaudidae"	"Passeriformes"	"Aves"	1	"https://www.xeno-canto.org"	"Chen_Wiens_2020"
"Artamus_cyanopterus"	"Artamus cyanopterus"	"spelling"	"Artamidae"	"Passeriformes"	"Aves"	1	"https://www.xeno-canto.org"	"Chen_Wiens_2020"
"Artamus_leucorynchus"	"Artamus leucorynchus"	"spelling"	"Artamidae"	"Passeriformes"	"Aves"	1	"https://www.xeno-canto.org"	"Chen_Wiens_2020"
"Strepera_graculina"	"Strepera graculina"	"spelling"	"Artamidae"	"Passeriformes"	"Aves"	1	"https://www.xeno-canto.org"	"Chen_Wiens_2020"
"Bombycilla_cedrorum"	"Bombycilla cedrorum"	"spelling"	"Bombycillidae"	"Passeriformes"	"Aves"	1	"Klein, 2003; https://www.xeno-canto.org"	"Chen_Wiens_2020"
"Bombycilla_garrulus"	"Bombycilla garrulus"	"spelling"	"Bombycillidae"	"Passeriformes"	"Aves"	1	"Wilson, 2009; https://www.xeno-canto.org"	"Chen_Wiens_2020"
"Bycanistes_brevis"	"Bycanistes brevis"	"spelling"	"Bucerotidae"	"Passeriformes"	"Aves"	1	"https://www.xeno-canto.org"	"Chen_Wiens_2020"
"Buphagus_africanus"	"Buphagus africanus"	"spelling"	"Buphagidae"	"Passeriformes"	"Aves"	1	"https://www.xeno-canto.org"	"Chen_Wiens_2020"
"Calcarius_lapponicus"	"Calcarius lapponicus"	"spelling"	"Calcariidae"	"Passeriformes"	"Aves"	1	"https://www.xeno-canto.org"	"Chen_Wiens_2020"
"Calcarius_ornatus"	"Calcarius ornatus"	"spelling"	"Calcariidae"	"Passeriformes"	"Aves"	1	"https://www.xeno-canto.org"	"Chen_Wiens_2020"
"Plectrophenax_nivalis"	"Plectrophenax nivalis"	"spelling"	"Calcariidae"	"Passeriformes"	"Aves"	1	"Cunningham, 2004; https://www.xeno-canto.org"	"Chen_Wiens_2020"
"Philesturnus_carunculatus"	"Philesturnus carunculatus"	"spelling"	"Callaeidae"	"Passeriformes"	"Aves"	1	"https://www.xeno-canto.org"	"Chen_Wiens_2020"
"Coracina_lineata"	"Coracina lineata"	"spelling"	"Campephagidae"	"Passeriformes"	"Aves"	1	"https://www.xeno-canto.org"	"Chen_Wiens_2020"
"Coracina_novaehollandiae"	"Coracina novaehollandiae"	"spelling"	"Campephagidae"	"Passeriformes"	"Aves"	1	"https://www.xeno-canto.org"	"Chen_Wiens_2020"
"Lalage_leucomela"	"Lalage leucomela"	"spelling"	"Campephagidae"	"Passeriformes"	"Aves"	1	"https://www.xeno-canto.org"	"Chen_Wiens_2020"
"Pericrocotus_ethologus"	"Pericrocotus ethologus"	"spelling"	"Campephagidae"	"Passeriformes"	"Aves"	1	"https://www.xeno-canto.org"	"Chen_Wiens_2020"
"Cardinalis_cardinalis"	"Cardinalis cardinalis"	"spelling"	"Cardinalidae"	"Passeriformes"	"Aves"	1	"Dewey, 2011; https://www.xeno-canto.org"	"Chen_Wiens_2020"
"Passerina_caerulea"	"Passerina caerulea"	"spelling"	"Cardinalidae"	"Passeriformes"	"Aves"	1	"Smith, 2014; https://www.xeno-canto.org"	"Chen_Wiens_2020"
"Passerina_ciris"	"Passerina ciris"	"spelling"	"Cardinalidae"	"Passeriformes"	"Aves"	1	"https://www.xeno-canto.org"	"Chen_Wiens_2020"
"Passerina_cyanea"	"Passerina cyanea"	"spelling"	"Cardinalidae"	"Passeriformes"	"Aves"	1	"Zumberg, 1999; https://www.xeno-canto.org"	"Chen_Wiens_2020"
"Pheucticus_ludovicianus"	"Pheucticus ludovicianus"	"spelling"	"Cardinalidae"	"Passeriformes"	"Aves"	1	"Dewey, 2009c; https://www.xeno-canto.org"	"Chen_Wiens_2020"
"Piranga_olivacea"	"Piranga olivacea"	"spelling"	"Cardinalidae"	"Passeriformes"	"Aves"	1	"Street, 1999; https://www.xeno-canto.org"	"Chen_Wiens_2020"
"Piranga_rubra"	"Piranga rubra"	"spelling"	"Cardinalidae"	"Passeriformes"	"Aves"	1	"Ivory, 2002b; https://www.xeno-canto.org"	"Chen_Wiens_2020"
"Certhia_brachydactyla"	"Certhia brachydactyla"	"spelling"	"Certhidae"	"Passeriformes"	"Aves"	1	"https://www.xeno-canto.org"	"Chen_Wiens_2020"
"Certhia_americana"	"Certhia americana"	"spelling"	"Certhiidae"	"Passeriformes"	"Aves"	1	"Erickson, 2004; https://www.xeno-canto.org"	"Chen_Wiens_2020"
"Certhia_familiaris"	"Certhia familiaris"	"spelling"	"Certhiidae"	"Passeriformes"	"Aves"	1	"Wu, 2011; https://www.xeno-canto.org"	"Chen_Wiens_2020"
"Chloropsis_cochinchinensis"	"Chloropsis cochinchinensis"	"spelling"	"Chloropseidae"	"Passeriformes"	"Aves"	1	"https://www.xeno-canto.org"	"Chen_Wiens_2020"
"Cinclus_cinclus"	"Cinclus cinclus"	"spelling"	"Cinclidae"	"Passeriformes"	"Aves"	1	"Dakota, 2009a; https://www.xeno-canto.org"	"Chen_Wiens_2020"
"Climacteris_picumnus"	"Climacteris picumnus"	"spelling"	"Climacteridae"	"Passeriformes"	"Aves"	1	"https://www.xeno-canto.org"	"Chen_Wiens_2020"
"Cormobates_leucophaea"	"Cormobates leucophaea"	"spelling"	"Climacteridae"	"Passeriformes"	"Aves"	1	"https://www.xeno-canto.org"	"Chen_Wiens_2020"
"Conopophaga_ardesiaca"	"Conopophaga ardesiaca"	"spelling"	"Conopophagidae"	"Passeriformes"	"Aves"	1	"https://www.xeno-canto.org"	"Chen_Wiens_2020"
"Corcorax_melanorhamphos"	"Corcorax melanorhamphos"	"spelling"	"Corcoracidae"	"Passeriformes"	"Aves"	1	"https://www.xeno-canto.org"	"Chen_Wiens_2020"
"Struthidea_cinerea"	"Struthidea cinerea"	"spelling"	"Corcoracidae"	"Passeriformes"	"Aves"	1	"Mateskon, 2007; https://www.xeno-canto.org"	"Chen_Wiens_2020"
"Corvus_albus"	"Corvus albus"	"spelling"	"Corvidae"	"Passeriformes"	"Aves"	1	"https://www.xeno-canto.org"	"Chen_Wiens_2020"
"Corvus_corax"	"Corvus corax"	"spelling"	"Corvidae"	"Passeriformes"	"Aves"	1	"Berg, 1999; https://www.xeno-canto.org"	"Chen_Wiens_2020"
"Corvus_corone"	"Corvus corone"	"spelling"	"Corvidae"	"Passeriformes"	"Aves"	1	"James, 2018; https://www.xeno-canto.org"	"Chen_Wiens_2020"
"Corvus_coronoides"	"Corvus coronoides"	"spelling"	"Corvidae"	"Passeriformes"	"Aves"	1	"https://www.xeno-canto.org"	"Chen_Wiens_2020"
"Corvus_orru"	"Corvus orru"	"spelling"	"Corvidae"	"Passeriformes"	"Aves"	1	"https://www.xeno-canto.org"	"Chen_Wiens_2020"
"Cyanocitta_cristata"	"Cyanocitta cristata"	"spelling"	"Corvidae"	"Passeriformes"	"Aves"	1	"Frysinger, 2001; https://www.xeno-canto.org"	"Chen_Wiens_2020"
"Ptilostomus_afer"	"Ptilostomus afer"	"spelling"	"Corvidae"	"Passeriformes"	"Aves"	1	"https://www.xeno-canto.org"	"Chen_Wiens_2020"
"Doliornis_sclateri"	"Doliornis sclateri"	"spelling"	"Cotingidae"	"Passeriformes"	"Aves"	1	"https://www.xeno-canto.org"	"Chen_Wiens_2020"
"Rupicola_rupicola"	"Rupicola rupicola"	"spelling"	"Cotingidae"	"Passeriformes"	"Aves"	1	"https://www.xeno-canto.org"	"Chen_Wiens_2020"
"Gymnorhina_tibicen"	"Gymnorhina tibicen"	"spelling"	"Cracticidae"	"Passeriformes"	"Aves"	1	"https://www.xeno-canto.org"	"Chen_Wiens_2020"
"Dicaeum_aeneum"	"Dicaeum aeneum"	"spelling"	"Dicaeidae"	"Passeriformes"	"Aves"	1	"https://www.xeno-canto.org"	"Chen_Wiens_2020"
"Dicrurus_adsimilis"	"Dicrurus adsimilis"	"spelling"	"Dicruridae"	"Passeriformes"	"Aves"	1	"https://www.xeno-canto.org"	"Chen_Wiens_2020"
"Dicrurus_hottentottus"	"Dicrurus hottentottus"	"spelling"	"Dicruridae"	"Passeriformes"	"Aves"	1	"https://www.xeno-canto.org"	"Chen_Wiens_2020"
"Dicrurus_macrocercus"	"Dicrurus macrocercus"	"spelling"	"Dicruridae"	"Passeriformes"	"Aves"	1	"https://www.xeno-canto.org"	"Chen_Wiens_2020"
"Ammodramus_bairdii"	"Ammodramus bairdii"	"spelling"	"Emberizidae"	"Passeriformes"	"Aves"	1	"https://www.xeno-canto.org"	"Chen_Wiens_2020"
"Ammodramus_caudacutus"	"Ammodramus caudacutus"	"spelling"	"Emberizidae"	"Passeriformes"	"Aves"	1	"https://www.xeno-canto.org"	"Chen_Wiens_2020"
"Ammodramus_maritimus"	"Ammodramus maritimus"	"spelling"	"Emberizidae"	"Passeriformes"	"Aves"	1	"https://www.xeno-canto.org"	"Chen_Wiens_2020"
"Ammodramus_nelsoni"	"Ammodramus nelsoni"	"spelling"	"Emberizidae"	"Passeriformes"	"Aves"	1	"Twaddle, 2012; https://www.xeno-canto.org"	"Chen_Wiens_2020"
"Ammodramus_savannarum"	"Ammodramus savannarum"	"spelling"	"Emberizidae"	"Passeriformes"	"Aves"	1	"Dewey, 2009d; https://www.xeno-canto.org"	"Chen_Wiens_2020"
"Calamospiza_melanocorys"	"Calamospiza melanocorys"	"spelling"	"Emberizidae"	"Passeriformes"	"Aves"	1	"https://www.xeno-canto.org"	"Chen_Wiens_2020"
"Chondestes_grammacus"	"Chondestes grammacus"	"spelling"	"Emberizidae"	"Passeriformes"	"Aves"	1	"https://www.xeno-canto.org"	"Chen_Wiens_2020"
"Emberiza_citrinella"	"Emberiza citrinella"	"spelling"	"Emberizidae"	"Passeriformes"	"Aves"	1	"https://www.xeno-canto.org"	"Chen_Wiens_2020"
"Emberiza_hortulana"	"Emberiza hortulana"	"spelling"	"Emberizidae"	"Passeriformes"	"Aves"	1	"https://www.xeno-canto.org"	"Chen_Wiens_2020"
"Emberiza_rustica"	"Emberiza rustica"	"spelling"	"Emberizidae"	"Passeriformes"	"Aves"	1	"https://www.xeno-canto.org"	"Chen_Wiens_2020"
"Emberiza_schoeniclus"	"Emberiza schoeniclus"	"spelling"	"Emberizidae"	"Passeriformes"	"Aves"	1	"https://www.xeno-canto.org"	"Chen_Wiens_2020"
"Emberiza_striolata"	"Emberiza striolata"	"spelling"	"Emberizidae"	"Passeriformes"	"Aves"	1	"https://www.xeno-canto.org"	"Chen_Wiens_2020"
"Junco_hyemalis"	"Junco hyemalis"	"spelling"	"Emberizidae"	"Passeriformes"	"Aves"	1	"Carroll, 2004; https://www.xeno-canto.org"	"Chen_Wiens_2020"
"Melospiza_georgiana"	"Melospiza georgiana"	"spelling"	"Emberizidae"	"Passeriformes"	"Aves"	1	"https://www.xeno-canto.org"	"Chen_Wiens_2020"
"Melospiza_lincolnii"	"Melospiza lincolnii"	"spelling"	"Emberizidae"	"Passeriformes"	"Aves"	1	"https://www.xeno-canto.org"	"Chen_Wiens_2020"
"Melospiza_melodia"	"Melospiza melodia"	"spelling"	"Emberizidae"	"Passeriformes"	"Aves"	1	"Gomez, 2000; https://www.xeno-canto.org"	"Chen_Wiens_2020"
"Miliaria_calandra"	"Miliaria calandra"	"spelling"	"Emberizidae"	"Passeriformes"	"Aves"	1	"https://www.xeno-canto.org"	"Chen_Wiens_2020"
"Passerculus_sandwichensis"	"Passerculus sandwichensis"	"spelling"	"Emberizidae"	"Passeriformes"	"Aves"	1	"https://www.xeno-canto.org"	"Chen_Wiens_2020"
"Passerella_iliaca"	"Passerella iliaca"	"spelling"	"Emberizidae"	"Passeriformes"	"Aves"	1	"Kilgore, 2004; https://www.xeno-canto.org"	"Chen_Wiens_2020"
"Pipilo_chlorurus"	"Pipilo chlorurus"	"spelling"	"Emberizidae"	"Passeriformes"	"Aves"	1	"https://www.xeno-canto.org"	"Chen_Wiens_2020"
"Pooecetes_gramineus"	"Pooecetes gramineus"	"spelling"	"Emberizidae"	"Passeriformes"	"Aves"	1	"https://www.xeno-canto.org"	"Chen_Wiens_2020"
"Spiza_americana"	"Spiza americana"	"spelling"	"Emberizidae"	"Passeriformes"	"Aves"	1	"https://www.xeno-canto.org"	"Chen_Wiens_2020"
"Spizella_arborea"	"Spizella arborea"	"spelling"	"Emberizidae"	"Passeriformes"	"Aves"	1	"Travis, 2002"	"Chen_Wiens_2020"
"Spizella_breweri"	"Spizella breweri"	"spelling"	"Emberizidae"	"Passeriformes"	"Aves"	1	"https://www.xeno-canto.org"	"Chen_Wiens_2020"
"Spizella_pallida"	"Spizella pallida"	"spelling"	"Emberizidae"	"Passeriformes"	"Aves"	1	"Knapton, 1982; https://www.xeno-canto.org"	"Chen_Wiens_2020"
"Spizella_passerina"	"Spizella passerina"	"spelling"	"Emberizidae"	"Passeriformes"	"Aves"	1	"Dewey, 2009e; https://www.xeno-canto.org"	"Chen_Wiens_2020"
"Spizella_pusilla"	"Spizella pusilla"	"spelling"	"Emberizidae"	"Passeriformes"	"Aves"	1	"Dewey, 2009f; https://www.xeno-canto.org"	"Chen_Wiens_2020"
"Zonotrichia_albicollis"	"Zonotrichia albicollis"	"spelling"	"Emberizidae"	"Passeriformes"	"Aves"	1	"Falls, 1988; Galanti, 2002; https://www.xeno-canto.org"	"Chen_Wiens_2020"
"Zonotrichia_leucophrys"	"Zonotrichia leucophrys"	"spelling"	"Emberizidae"	"Passeriformes"	"Aves"	1	"Nelson and Soha, 2004; https://www.xeno-canto.org"	"Chen_Wiens_2020"
"Zonotrichia_querula"	"Zonotrichia querula"	"spelling"	"Emberizidae"	"Passeriformes"	"Aves"	1	"Roth, 2011; https://www.xeno-canto.org"	"Chen_Wiens_2020"
"Cryptospiza_reichenovii"	"Cryptospiza reichenovii"	"spelling"	"Estrildidae"	"Passeriformes"	"Aves"	1	"https://www.xeno-canto.org"	"Chen_Wiens_2020"
"Estrilda_troglodytes"	"Estrilda troglodytes"	"spelling"	"Estrildidae"	"Passeriformes"	"Aves"	1	"https://www.xeno-canto.org"	"Chen_Wiens_2020"
"Lonchura_striata"	"Lonchura striata"	"spelling"	"Estrildidae"	"Passeriformes"	"Aves"	1	"https://www.xeno-canto.org"	"Chen_Wiens_2020"
"Taeniopygia_guttata"	"Taeniopygia guttata"	"spelling"	"Estrildidae"	"Passeriformes"	"Aves"	1	"White, 2007; https://www.xeno-canto.org"	"Chen_Wiens_2020"
"Uraeginthus_bengalus"	"Uraeginthus bengalus"	"spelling"	"Estrildidae"	"Passeriformes"	"Aves"	1	"https://www.xeno-canto.org"	"Chen_Wiens_2020"
"Psarisomus_dalhousiae"	"Psarisomus dalhousiae"	"spelling"	"Eurylaimidae"	"Passeriformes"	"Aves"	1	"https://www.xeno-canto.org"	"Chen_Wiens_2020"
"Smithornis_rufolateralis"	"Smithornis rufolateralis"	"spelling"	"Eurylaimidae"	"Passeriformes"	"Aves"	1	"https://www.xeno-canto.org"	"Chen_Wiens_2020"
"Formicarius_colma"	"Formicarius colma"	"spelling"	"Formicariidae"	"Passeriformes"	"Aves"	1	"https://www.xeno-canto.org"	"Chen_Wiens_2020"
"Carduelis_chloris"	"Carduelis chloris"	"spelling"	"Fringillidae"	"Passeriformes"	"Aves"	1	"https://www.xeno-canto.org"	"Chen_Wiens_2020"
"Carduelis_flammea"	"Carduelis flammea"	"spelling"	"Fringillidae"	"Passeriformes"	"Aves"	1	"https://www.xeno-canto.org"	"Chen_Wiens_2020"
"Carduelis_spinus"	"Carduelis spinus"	"spelling"	"Fringillidae"	"Passeriformes"	"Aves"	1	"https://www.xeno-canto.org"	"Chen_Wiens_2020"
"Carduelis_tristis"	"Carduelis tristis"	"spelling"	"Fringillidae"	"Passeriformes"	"Aves"	1	"Nicholas and Kent, 2017"	"Chen_Wiens_2020"
"Carpodacus_erythrinus"	"Carpodacus erythrinus"	"spelling"	"Fringillidae"	"Passeriformes"	"Aves"	1	"https://www.xeno-canto.org"	"Chen_Wiens_2020"
"Coccothraustes_coccothraustes"	"Coccothraustes coccothraustes"	"spelling"	"Fringillidae"	"Passeriformes"	"Aves"	1	"https://www.xeno-canto.org"	"Chen_Wiens_2020"
"Fringilla_coelebs"	"Fringilla coelebs"	"spelling"	"Fringillidae"	"Passeriformes"	"Aves"	1	"https://www.xeno-canto.org"	"Chen_Wiens_2020"
"Fringilla_montifringilla"	"Fringilla montifringilla"	"spelling"	"Fringillidae"	"Passeriformes"	"Aves"	1	"Essian, 2014; https://www.xeno-canto.org"	"Chen_Wiens_2020"
"Loxia_curvirostra"	"Loxia curvirostra"	"spelling"	"Fringillidae"	"Passeriformes"	"Aves"	1	"Dewey, 2009g; https://www.xeno-canto.org"	"Chen_Wiens_2020"
"Pyrrhula_pyrrhula"	"Pyrrhula pyrrhula"	"spelling"	"Fringillidae"	"Passeriformes"	"Aves"	1	"https://www.xeno-canto.org"	"Chen_Wiens_2020"
"Serinus_flaviventris"	"Serinus flaviventris"	"spelling"	"Fringillidae"	"Passeriformes"	"Aves"	1	"https://www.xeno-canto.org"	"Chen_Wiens_2020"
"Serinus_mozambicus"	"Serinus mozambicus"	"spelling"	"Fringillidae"	"Passeriformes"	"Aves"	1	"Lambert, 2007"	"Chen_Wiens_2020"
"Serinus_serinus"	"Serinus serinus"	"spelling"	"Fringillidae"	"Passeriformes"	"Aves"	1	"https://www.xeno-canto.org"	"Chen_Wiens_2020"
"Dendrexetastes_rufigula"	"Dendrexetastes rufigula"	"spelling"	"Furnariidae"	"Passeriformes"	"Aves"	1	"https://www.xeno-canto.org"	"Chen_Wiens_2020"
"Dendroplex_picus"	"Dendroplex picus"	"spelling"	"Furnariidae"	"Passeriformes"	"Aves"	1	"https://www.xeno-canto.org"	"Chen_Wiens_2020"
"Furnarius_rufus"	"Furnarius rufus"	"spelling"	"Furnariidae"	"Passeriformes"	"Aves"	1	"https://www.xeno-canto.org"	"Chen_Wiens_2020"
"Gyalophylax_hellmayri"	"Gyalophylax hellmayri"	"spelling"	"Furnariidae"	"Passeriformes"	"Aves"	1	"https://www.xeno-canto.org"	"Chen_Wiens_2020"
"Synallaxis_azarae"	"Synallaxis azarae"	"spelling"	"Furnariidae"	"Passeriformes"	"Aves"	1	"https://www.xeno-canto.org"	"Chen_Wiens_2020"
"Xiphocolaptes_albicollis"	"Xiphocolaptes albicollis"	"spelling"	"Furnariidae"	"Passeriformes"	"Aves"	1	"https://www.xeno-canto.org"	"Chen_Wiens_2020"
"Grallaria_varia"	"Grallaria varia"	"spelling"	"Grallariidae"	"Passeriformes"	"Aves"	1	"https://www.xeno-canto.org"	"Chen_Wiens_2020"
"Hirundo_rustica"	"Hirundo rustica"	"spelling"	"Hirundinidae"	"Passeriformes"	"Aves"	1	"Roth, 2002; https://www.xeno-canto.org"	"Chen_Wiens_2020"
"Petrochelidon_fulva"	"Petrochelidon fulva"	"spelling"	"Hirundinidae"	"Passeriformes"	"Aves"	1	"https://www.xeno-canto.org"	"Chen_Wiens_2020"
"Petrochelidon_pyrrhonota"	"Petrochelidon pyrrhonota"	"spelling"	"Hirundinidae"	"Passeriformes"	"Aves"	1	"Tulppo, 2017; https://www.xeno-canto.org"	"Chen_Wiens_2020"
"Tachycineta_thalassina"	"Tachycineta thalassina"	"spelling"	"Hirundinidae"	"Passeriformes"	"Aves"	1	"https://www.xeno-canto.org"	"Chen_Wiens_2020"
"Agelaius_phoeniceus"	"Agelaius phoeniceus"	"spelling"	"Icteridae"	"Passeriformes"	"Aves"	1	"Rosenthal, 2004; https://www.xeno-canto.org"	"Chen_Wiens_2020"
"Dolichonyx_oryzivorus"	"Dolichonyx oryzivorus"	"spelling"	"Icteridae"	"Passeriformes"	"Aves"	1	"https://www.xeno-canto.org"	"Chen_Wiens_2020"
"Icterus_galbula"	"Icterus galbula"	"spelling"	"Icteridae"	"Passeriformes"	"Aves"	1	"Kennedy, 2001; https://www.xeno-canto.org"	"Chen_Wiens_2020"
"Icterus_gularis"	"Icterus gularis"	"spelling"	"Icteridae"	"Passeriformes"	"Aves"	1	"Ihnacik, 2005; https://www.xeno-canto.org"	"Chen_Wiens_2020"
"Icterus_parisorum"	"Icterus parisorum"	"spelling"	"Icteridae"	"Passeriformes"	"Aves"	1	"https://www.xeno-canto.org"	"Chen_Wiens_2020"
"Psarocolius_montezuma"	"Psarocolius montezuma"	"spelling"	"Icteridae"	"Passeriformes"	"Aves"	1	"https://www.xeno-canto.org"	"Chen_Wiens_2020"
"Sturnella_magna"	"Sturnella magna"	"spelling"	"Icteridae"	"Passeriformes"	"Aves"	1	"Dexheimer, 2006; https://www.xeno-canto.org"	"Chen_Wiens_2020"
"Sturnella_neglecta"	"Sturnella neglecta"	"spelling"	"Icteridae"	"Passeriformes"	"Aves"	1	"https://www.xeno-canto.org"	"Chen_Wiens_2020"
"Corvinella_corvina"	"Corvinella corvina"	"spelling"	"Laniidae"	"Passeriformes"	"Aves"	1	"https://www.xeno-canto.org"	"Chen_Wiens_2020"
"Lanius_collurio"	"Lanius collurio"	"spelling"	"Laniidae"	"Passeriformes"	"Aves"	1	"https://www.xeno-canto.org"	"Chen_Wiens_2020"
"Lanius_excubitor"	"Lanius excubitor"	"spelling"	"Laniidae"	"Passeriformes"	"Aves"	1	"McHugh, 2013; https://www.xeno-canto.org"	"Chen_Wiens_2020"
"Lanius_excubitoroides"	"Lanius excubitoroides"	"spelling"	"Laniidae"	"Passeriformes"	"Aves"	1	"https://www.xeno-canto.org"	"Chen_Wiens_2020"
"Lanius_senator"	"Lanius senator"	"spelling"	"Laniidae"	"Passeriformes"	"Aves"	1	"https://www.xeno-canto.org"	"Chen_Wiens_2020"
"Garrulax_milleti"	"Garrulax milleti"	"spelling"	"Leiothrichidae"	"Passeriformes"	"Aves"	1	"https://www.xeno-canto.org"	"Chen_Wiens_2020"
"Tchagra_minutus"	"Tchagra minutus"	"spelling"	"Malaconotidae"	"Passeriformes"	"Aves"	1	"https://www.xeno-canto.org"	"Chen_Wiens_2020"
"Malurus_melanocephalus"	"Malurus melanocephalus"	"spelling"	"Maluridae"	"Passeriformes"	"Aves"	1	"https://www.xeno-canto.org"	"Chen_Wiens_2020"
"Melanocharis_nigra"	"Melanocharis nigra"	"spelling"	"Melanocharitidae"	"Passeriformes"	"Aves"	1	"https://www.xeno-canto.org"	"Chen_Wiens_2020"
"Melanopareia_maximiliani"	"Melanopareia maximiliani"	"spelling"	"Melanopareiidae"	"Passeriformes"	"Aves"	1	"https://www.xeno-canto.org"	"Chen_Wiens_2020"
"Epthianura_tricolor"	"Epthianura tricolor"	"spelling"	"Meliphagidae"	"Passeriformes"	"Aves"	1	"https://www.xeno-canto.org"	"Chen_Wiens_2020"
"Manorina_melanocephala"	"Manorina melanocephala"	"spelling"	"Meliphagidae"	"Passeriformes"	"Aves"	1	"Holt et al., 2017; https://www.xeno-canto.org"	"Chen_Wiens_2020"
"Melithreptus_lunatus"	"Melithreptus lunatus"	"spelling"	"Meliphagidae"	"Passeriformes"	"Aves"	1	"https://www.xeno-canto.org"	"Chen_Wiens_2020"
"Menura_novaehollandiae"	"Menura novaehollandiae"	"spelling"	"Menuridae"	"Passeriformes"	"Aves"	1	"https://www.xeno-canto.org"	"Chen_Wiens_2020"
"Mimus_patagonicus"	"Mimus patagonicus"	"spelling"	"Mimidae"	"Passeriformes"	"Aves"	1	"https://www.xeno-canto.org"	"Chen_Wiens_2020"
"Mimus_polyglottos"	"Mimus polyglottos"	"spelling"	"Mimidae"	"Passeriformes"	"Aves"	1	"Breitmeyer, 2004; https://www.xeno-canto.org"	"Chen_Wiens_2020"
"Oreoscoptes_montanus"	"Oreoscoptes montanus"	"spelling"	"Mimidae"	"Passeriformes"	"Aves"	1	"https://www.xeno-canto.org"	"Chen_Wiens_2020"
"Toxostoma_curvirostre"	"Toxostoma curvirostre"	"spelling"	"Mimidae"	"Passeriformes"	"Aves"	1	"https://www.xeno-canto.org"	"Chen_Wiens_2020"
"Toxostoma_redivivum"	"Toxostoma redivivum"	"spelling"	"Mimidae"	"Passeriformes"	"Aves"	1	"Cody et al., 2016; https://www.xeno-canto.org"	"Chen_Wiens_2020"
"Chasiempis_sandwichensis"	"Chasiempis sandwichensis"	"spelling"	"Monarchidae"	"Passeriformes"	"Aves"	1	"https://www.xeno-canto.org"	"Chen_Wiens_2020"
"Grallina_cyanoleuca"	"Grallina cyanoleuca"	"spelling"	"Monarchidae"	"Passeriformes"	"Aves"	1	"https://www.xeno-canto.org"	"Chen_Wiens_2020"
"Terpsiphone_viridis"	"Terpsiphone viridis"	"spelling"	"Monarchidae"	"Passeriformes"	"Aves"	1	"https://www.xeno-canto.org"	"Chen_Wiens_2020"
"Anthus_pratensis"	"Anthus pratensis"	"spelling"	"Motacillidae"	"Passeriformes"	"Aves"	1	"Camfield, 2004; https://www.xeno-canto.org"	"Chen_Wiens_2020"
"Anthus_rubescens"	"Anthus rubescens"	"spelling"	"Motacillidae"	"Passeriformes"	"Aves"	1	"Camfield, 2004a; https://www.xeno-canto.org"	"Chen_Wiens_2020"
"Motacilla_alba"	"Motacilla alba"	"spelling"	"Motacillidae"	"Passeriformes"	"Aves"	1	"Camfield, 2004a; https://www.xeno-canto.org"	"Chen_Wiens_2020"
"Motacilla_cinerea"	"Motacilla cinerea"	"spelling"	"Motacillidae"	"Passeriformes"	"Aves"	1	"Camfield, 2004a; https://www.xeno-canto.org"	"Chen_Wiens_2020"
"Motacilla_flava"	"Motacilla flava"	"spelling"	"Motacillidae"	"Passeriformes"	"Aves"	1	"Camfield, 2004a; https://www.xeno-canto.org"	"Chen_Wiens_2020"
"Cercomela_fusca"	"Cercomela fusca"	"spelling"	"Muscicapidae"	"Passeriformes"	"Aves"	1	"https://www.xeno-canto.org"	"Chen_Wiens_2020"
"Dumetella_carolinensis"	"Dumetella carolinensis"	"spelling"	"Muscicapidae"	"Passeriformes"	"Aves"	1	"Pinkoski, 2001; https://www.xeno-canto.org"	"Chen_Wiens_2020"
"Erithacus_rubecula"	"Erithacus rubecula"	"spelling"	"Muscicapidae"	"Passeriformes"	"Aves"	1	"https://www.xeno-canto.org"	"Chen_Wiens_2020"
"Ficedula_hypoleuca"	"Ficedula hypoleuca"	"spelling"	"Muscicapidae"	"Passeriformes"	"Aves"	1	"Dakota, 2009b; https://www.xeno-canto.org"	"Chen_Wiens_2020"
"Ficedula_parva"	"Ficedula parva"	"spelling"	"Muscicapidae"	"Passeriformes"	"Aves"	1	"https://www.xeno-canto.org"	"Chen_Wiens_2020"
"Luscinia_megarhynchos"	"Luscinia megarhynchos"	"spelling"	"Muscicapidae"	"Passeriformes"	"Aves"	1	"Song, 2008; https://www.xeno-canto.org"	"Chen_Wiens_2020"
"Luscinia_svecica"	"Luscinia svecica"	"spelling"	"Muscicapidae"	"Passeriformes"	"Aves"	1	"https://www.xeno-canto.org"	"Chen_Wiens_2020"
"Muscicapa_ferruginea"	"Muscicapa ferruginea"	"spelling"	"Muscicapidae"	"Passeriformes"	"Aves"	1	"https://www.xeno-canto.org"	"Chen_Wiens_2020"
"Muscicapa_striata"	"Muscicapa striata"	"spelling"	"Muscicapidae"	"Passeriformes"	"Aves"	1	"https://www.xeno-canto.org"	"Chen_Wiens_2020"
"Oenanthe_oenanthe"	"Oenanthe oenanthe"	"spelling"	"Muscicapidae"	"Passeriformes"	"Aves"	1	"https://www.xeno-canto.org"	"Chen_Wiens_2020"
"Phoenicurus_phoenicurus"	"Phoenicurus phoenicurus"	"spelling"	"Muscicapidae"	"Passeriformes"	"Aves"	1	"https://www.xeno-canto.org"	"Chen_Wiens_2020"
"Rhyacornis_fuliginosa"	"Rhyacornis fuliginosa"	"spelling"	"Muscicapidae"	"Passeriformes"	"Aves"	1	"https://www.xeno-canto.org"	"Chen_Wiens_2020"
"Anthreptes_fraseri"	"Anthreptes fraseri"	"spelling"	"Nectariniidae"	"Passeriformes"	"Aves"	1	"https://www.xeno-canto.org"	"Chen_Wiens_2020"
"Nectarinia_afra"	"Nectarinia afra"	"spelling"	"Nectariniidae"	"Passeriformes"	"Aves"	1	"https://www.xeno-canto.org"	"Chen_Wiens_2020"
"Nectarinia_olivacea"	"Nectarinia olivacea"	"spelling"	"Nectariniidae"	"Passeriformes"	"Aves"	1	"https://www.xeno-canto.org"	"Chen_Wiens_2020"
"Daphoenositta_chrysoptera"	"Daphoenositta chrysoptera"	"spelling"	"Neosittidae"	"Passeriformes"	"Aves"	1	"https://www.xeno-canto.org"	"Chen_Wiens_2020"
"Oriolus_auratus"	"Oriolus auratus"	"spelling"	"Oriolidae"	"Passeriformes"	"Aves"	1	"https://www.xeno-canto.org"	"Chen_Wiens_2020"
"Oriolus_larvatus"	"Oriolus larvatus"	"spelling"	"Oriolidae"	"Passeriformes"	"Aves"	1	"https://www.xeno-canto.org"	"Chen_Wiens_2020"
"Oriolus_xanthonotus"	"Oriolus xanthonotus"	"spelling"	"Oriolidae"	"Passeriformes"	"Aves"	1	"https://www.xeno-canto.org"	"Chen_Wiens_2020"
"Sphecotheres_viridis"	"Sphecotheres viridis"	"spelling"	"Oriolidae"	"Passeriformes"	"Aves"	1	"https://www.xeno-canto.org"	"Chen_Wiens_2020"
"Melampitta_gigantea"	"Melampitta gigantea"	"spelling"	"Orthonychidae"	"Passeriformes"	"Aves"	1	"http://avocet.zoology.msu.edu/recordings/10544"	"Chen_Wiens_2020"
"Melampitta_lugubris"	"Melampitta lugubris"	"spelling"	"Orthonychidae"	"Passeriformes"	"Aves"	1	"https://www.xeno-canto.org"	"Chen_Wiens_2020"
"Orthonyx_spaldingii"	"Orthonyx spaldingii"	"spelling"	"Orthonychidae"	"Passeriformes"	"Aves"	1	"https://www.xeno-canto.org"	"Chen_Wiens_2020"
"Orthonyx_temminckii"	"Orthonyx temminckii"	"spelling"	"Orthonychidae"	"Passeriformes"	"Aves"	1	"https://www.xeno-canto.org"	"Chen_Wiens_2020"
"Colluricincla_harmonica"	"Colluricincla harmonica"	"spelling"	"Pachycephalidae"	"Passeriformes"	"Aves"	1	"https://www.xeno-canto.org"	"Chen_Wiens_2020"
"Falcunculus_frontatus"	"Falcunculus frontatus"	"spelling"	"Pachycephalidae"	"Passeriformes"	"Aves"	1	"https://www.xeno-canto.org"	"Chen_Wiens_2020"
"Oreoica_gutturalis"	"Oreoica gutturalis"	"spelling"	"Pachycephalidae"	"Passeriformes"	"Aves"	1	"https://www.xeno-canto.org"	"Chen_Wiens_2020"
"Pachycephala_rufiventris"	"Pachycephala rufiventris"	"spelling"	"Pachycephalidae"	"Passeriformes"	"Aves"	1	"https://www.xeno-canto.org"	"Chen_Wiens_2020"
"Paradisaea_raggiana"	"Paradisaea raggiana"	"spelling"	"Paradisaeidae"	"Passeriformes"	"Aves"	1	"https://www.xeno-canto.org"	"Chen_Wiens_2020"
"Acanthiza_reguloides"	"Acanthiza reguloides"	"spelling"	"Pardalotidae"	"Passeriformes"	"Aves"	1	"https://www.xeno-canto.org"	"Chen_Wiens_2020"
"Pardalotus_punctatus"	"Pardalotus punctatus"	"spelling"	"Pardalotidae"	"Passeriformes"	"Aves"	1	"https://www.xeno-canto.org"	"Chen_Wiens_2020"
"Pardalotus_striatus"	"Pardalotus striatus"	"spelling"	"Pardalotidae"	"Passeriformes"	"Aves"	1	"https://www.xeno-canto.org"	"Chen_Wiens_2020"
"Baeolophus_inornatus"	"Baeolophus inornatus"	"spelling"	"Paridae"	"Passeriformes"	"Aves"	1	"https://www.xeno-canto.org"	"Chen_Wiens_2020"
"Baeolophus_wollweberi"	"Baeolophus wollweberi"	"spelling"	"Paridae"	"Passeriformes"	"Aves"	1	"https://www.xeno-canto.org"	"Chen_Wiens_2020"
"Parus_ater"	"Parus ater"	"spelling"	"Paridae"	"Passeriformes"	"Aves"	1	"https://www.xeno-canto.org"	"Chen_Wiens_2020"
"Parus_atricapillus"	"Parus atricapillus"	"spelling"	"Paridae"	"Passeriformes"	"Aves"	1	"Roof, 2011"	"Chen_Wiens_2020"
"Parus_carolinensis"	"Parus carolinensis"	"spelling"	"Paridae"	"Passeriformes"	"Aves"	1	"Dewey, 2005"	"Chen_Wiens_2020"
"Parus_major"	"Parus major"	"spelling"	"Paridae"	"Passeriformes"	"Aves"	1	"https://www.xeno-canto.org"	"Chen_Wiens_2020"
"Dendroica_coronata"	"Dendroica coronata"	"spelling"	"Parulidae"	"Passeriformes"	"Aves"	1	"https://www.xeno-canto.org"	"Chen_Wiens_2020"
"Dendroica_magnolia"	"Dendroica magnolia"	"spelling"	"Parulidae"	"Passeriformes"	"Aves"	1	"Neuser, 2003"	"Chen_Wiens_2020"
"Dendroica_pensylvanica"	"Dendroica pensylvanica"	"spelling"	"Parulidae"	"Passeriformes"	"Aves"	1	"Swiderek, 1999"	"Chen_Wiens_2020"
"Dendroica_petechia"	"Dendroica petechia"	"spelling"	"Parulidae"	"Passeriformes"	"Aves"	1	"Kadlec, 2003"	"Chen_Wiens_2020"
"Geothlypis_trichas"	"Geothlypis trichas"	"spelling"	"Parulidae"	"Passeriformes"	"Aves"	1	"Loiselle, 2001; https://www.xeno-canto.org"	"Chen_Wiens_2020"
"Icteria_virens"	"Icteria virens"	"spelling"	"Parulidae"	"Passeriformes"	"Aves"	1	"Brown, 2014; https://www.xeno-canto.org"	"Chen_Wiens_2020"
"Mniotilta_varia"	"Mniotilta varia"	"spelling"	"Parulidae"	"Passeriformes"	"Aves"	1	"Foster, 2001; https://www.xeno-canto.org"	"Chen_Wiens_2020"
"Myioborus_pictus"	"Myioborus pictus"	"spelling"	"Parulidae"	"Passeriformes"	"Aves"	1	"Perez, 2017; https://www.xeno-canto.org"	"Chen_Wiens_2020"
"Parula_americana"	"Parula americana"	"spelling"	"Parulidae"	"Passeriformes"	"Aves"	1	"Moldenhauer and Regelski, 1996"	"Chen_Wiens_2020"
"Seiurus_noveboracensis"	"Seiurus noveboracensis"	"spelling"	"Parulidae"	"Passeriformes"	"Aves"	1	"https://www.xeno-canto.org"	"Chen_Wiens_2020"
"Setophaga_ruticilla"	"Setophaga ruticilla"	"spelling"	"Parulidae"	"Passeriformes"	"Aves"	1	"Sterling, 2011a; https://www.xeno-canto.org"	"Chen_Wiens_2020"
"Vermivora_peregrina"	"Vermivora peregrina"	"spelling"	"Parulidae"	"Passeriformes"	"Aves"	1	"Atwood, 2006"	"Chen_Wiens_2020"
"Vermivora_ruficapilla"	"Vermivora ruficapilla"	"spelling"	"Parulidae"	"Passeriformes"	"Aves"	1	"http://www.wikiwand.com/en/Nashville_warbler"	"Chen_Wiens_2020"
"Passer_domesticus"	"Passer domesticus"	"spelling"	"Passeridae"	"Passeriformes"	"Aves"	1	"Roof, 2001; https://www.xeno-canto.org"	"Chen_Wiens_2020"
"Passer_griseus"	"Passer griseus"	"spelling"	"Passeridae"	"Passeriformes"	"Aves"	1	"https://www.xeno-canto.org"	"Chen_Wiens_2020"
"Passer_montanus"	"Passer montanus"	"spelling"	"Passeridae"	"Passeriformes"	"Aves"	1	"https://www.xeno-canto.org"	"Chen_Wiens_2020"
"Petronia_petronia"	"Petronia petronia"	"spelling"	"Passeridae"	"Passeriformes"	"Aves"	1	"https://www.xeno-canto.org"	"Chen_Wiens_2020"
"Eopsaltria_australis"	"Eopsaltria australis"	"spelling"	"Petroicidae"	"Passeriformes"	"Aves"	1	"https://www.xeno-canto.org"	"Chen_Wiens_2020"
"Melanodryas_cucullata"	"Melanodryas cucullata"	"spelling"	"Petroicidae"	"Passeriformes"	"Aves"	1	"https://www.xeno-canto.org"	"Chen_Wiens_2020"
"Philepitta_castanea"	"Philepitta castanea"	"spelling"	"Philepittidae"	"Passeriformes"	"Aves"	1	"Camfield, 2004b; https://www.xeno-canto.org"	"Chen_Wiens_2020"
"Phylloscopus_borealis"	"Phylloscopus borealis"	"spelling"	"Phylloscopidae"	"Passeriformes"	"Aves"	1	"https://www.xeno-canto.org"	"Chen_Wiens_2020"
"Phylloscopus_collybita"	"Phylloscopus collybita"	"spelling"	"Phylloscopidae"	"Passeriformes"	"Aves"	1	"https://www.xeno-canto.org"	"Chen_Wiens_2020"
"Phylloscopus_schwarzi"	"Phylloscopus schwarzi"	"spelling"	"Phylloscopidae"	"Passeriformes"	"Aves"	1	"https://www.xeno-canto.org"	"Chen_Wiens_2020"
"Phylloscopus_sibilatrix"	"Phylloscopus sibilatrix"	"spelling"	"Phylloscopidae"	"Passeriformes"	"Aves"	1	"https://www.xeno-canto.org"	"Chen_Wiens_2020"
"Phylloscopus_trochilus"	"Phylloscopus trochilus"	"spelling"	"Phylloscopidae"	"Passeriformes"	"Aves"	1	"https://www.xeno-canto.org"	"Chen_Wiens_2020"
"Picathartes_oreas"	"Picathartes oreas"	"spelling"	"Picathartidae"	"Passeriformes"	"Aves"	1	"http://www.wikiwand.com/en/Grey-necked_rockfowl"	"Chen_Wiens_2020"
"Lepidothrix_coronata"	"Lepidothrix coronata"	"spelling"	"Pipridae"	"Passeriformes"	"Aves"	1	"https://www.xeno-canto.org"	"Chen_Wiens_2020"
"Pitta_sordida"	"Pitta sordida"	"spelling"	"Pittidae"	"Passeriformes"	"Aves"	1	"https://www.xeno-canto.org"	"Chen_Wiens_2020"
"Bubalornis_albirostris"	"Bubalornis albirostris"	"spelling"	"Ploceidae"	"Passeriformes"	"Aves"	1	"https://www.xeno-canto.org"	"Chen_Wiens_2020"
"Euplectes_progne"	"Euplectes progne"	"spelling"	"Ploceidae"	"Passeriformes"	"Aves"	1	"https://www.xeno-canto.org"	"Chen_Wiens_2020"
"Ploceus_cucullatus"	"Ploceus cucullatus"	"spelling"	"Ploceidae"	"Passeriformes"	"Aves"	1	"https://www.xeno-canto.org"	"Chen_Wiens_2020"
"Polioptila_caerulea"	"Polioptila caerulea"	"spelling"	"Polioptilidae"	"Passeriformes"	"Aves"	1	"https://www.xeno-canto.org"	"Chen_Wiens_2020"
"Pomatostomus_halli"	"Pomatostomus halli"	"spelling"	"Pomatostomidae"	"Passeriformes"	"Aves"	1	"https://www.xeno-canto.org"	"Chen_Wiens_2020"
"Pomatostomus_isidorei"	"Pomatostomus isidorei"	"spelling"	"Pomatostomidae"	"Passeriformes"	"Aves"	1	"http://avocet.zoology.msu.edu/recordings/3687"	"Chen_Wiens_2020"
"Prionops_plumatus"	"Prionops plumatus"	"spelling"	"Prionopidae"	"Passeriformes"	"Aves"	1	"https://www.xeno-canto.org"	"Chen_Wiens_2020"
"Modulatrix_stictigula"	"Modulatrix stictigula"	"spelling"	"Promeropidae"	"Passeriformes"	"Aves"	1	"https://www.xeno-canto.org"	"Chen_Wiens_2020"
"Promerops_cafer"	"Promerops cafer"	"spelling"	"Promeropidae"	"Passeriformes"	"Aves"	1	"https://www.xeno-canto.org"	"Chen_Wiens_2020"
"Prunella_collaris"	"Prunella collaris"	"spelling"	"Prunellidae"	"Passeriformes"	"Aves"	1	"https://www.xeno-canto.org"	"Chen_Wiens_2020"
"Phainopepla_nitens"	"Phainopepla nitens"	"spelling"	"Ptilogonatidae"	"Passeriformes"	"Aves"	1	"https://www.xeno-canto.org"	"Chen_Wiens_2020"
"Ailuroedus_melanotis"	"Ailuroedus melanotis"	"spelling"	"Ptilonorhynchidae"	"Passeriformes"	"Aves"	1	"https://www.xeno-canto.org"	"Chen_Wiens_2020"
"Pycnonotus_barbatus"	"Pycnonotus barbatus"	"spelling"	"Pycnonotidae"	"Passeriformes"	"Aves"	1	"https://www.xeno-canto.org"	"Chen_Wiens_2020"
"Regulus_calendula"	"Regulus calendula"	"spelling"	"Regulidae"	"Passeriformes"	"Aves"	1	"https://www.xeno-canto.org"	"Chen_Wiens_2020"
"Regulus_regulus"	"Regulus regulus"	"spelling"	"Regulidae"	"Passeriformes"	"Aves"	1	"https://www.xeno-canto.org"	"Chen_Wiens_2020"
"Regulus_satrapa"	"Regulus satrapa"	"spelling"	"Regulidae"	"Passeriformes"	"Aves"	1	"https://www.xeno-canto.org"	"Chen_Wiens_2020"
"Anthoscopus_minutus"	"Anthoscopus minutus"	"spelling"	"Remizidae"	"Passeriformes"	"Aves"	1	"https://www.xeno-canto.org"	"Chen_Wiens_2020"
"Remiz_pendulinus"	"Remiz pendulinus"	"spelling"	"Remizidae"	"Passeriformes"	"Aves"	1	"https://www.xeno-canto.org"	"Chen_Wiens_2020"
"Pteroptochos_tarnii"	"Pteroptochos tarnii"	"spelling"	"Rhinocryptidae"	"Passeriformes"	"Aves"	1	"https://www.xeno-canto.org"	"Chen_Wiens_2020"
"Scytalopus_magellanicus"	"Scytalopus magellanicus"	"spelling"	"Rhinocryptidae"	"Passeriformes"	"Aves"	1	"https://www.xeno-canto.org"	"Chen_Wiens_2020"
"Rhipidura_fuliginosa"	"Rhipidura fuliginosa"	"spelling"	"Rhipiduridae"	"Passeriformes"	"Aves"	1	"https://www.xeno-canto.org"	"Chen_Wiens_2020"
"Sitta_canadensis"	"Sitta canadensis"	"spelling"	"Sittidae"	"Passeriformes"	"Aves"	1	"Sands, 2003; https://www.xeno-canto.org"	"Chen_Wiens_2020"
"Elminia_nigromitrata"	"Elminia nigromitrata"	"spelling"	"Stenostiridae"	"Passeriformes"	"Aves"	1	"https://www.xeno-canto.org"	"Chen_Wiens_2020"
"Acridotheres_tristis"	"Acridotheres tristis"	"spelling"	"Sturnidae"	"Passeriformes"	"Aves"	1	"Lin, 2007; https://www.xeno-canto.org"	"Chen_Wiens_2020"
"Lamprotornis_purpuroptera"	"Lamprotornis purpuroptera"	"spelling"	"Sturnidae"	"Passeriformes"	"Aves"	1	"https://www.xeno-canto.org"	"Chen_Wiens_2020"
"Onychognathus_fulgidus"	"Onychognathus fulgidus"	"spelling"	"Sturnidae"	"Passeriformes"	"Aves"	1	"https://www.xeno-canto.org"	"Chen_Wiens_2020"
"Poeoptera_lugubris"	"Poeoptera lugubris"	"spelling"	"Sturnidae"	"Passeriformes"	"Aves"	1	"http://www.wikiwand.com/en/Narrow-tailed_starling"	"Chen_Wiens_2020"
"Sturnus_vulgaris"	"Sturnus vulgaris"	"spelling"	"Sturnidae"	"Passeriformes"	"Aves"	1	"Chow, 2000; https://www.xeno-canto.org"	"Chen_Wiens_2020"
"Sylvia_cantillans"	"Sylvia cantillans"	"spelling"	"Sylviidae"	"Passeriformes"	"Aves"	1	"https://www.xeno-canto.org"	"Chen_Wiens_2020"
"Sylvia_communis"	"Sylvia communis"	"spelling"	"Sylviidae"	"Passeriformes"	"Aves"	1	"https://www.xeno-canto.org"	"Chen_Wiens_2020"
"Sylvia_curruca"	"Sylvia curruca"	"spelling"	"Sylviidae"	"Passeriformes"	"Aves"	1	"https://www.xeno-canto.org"	"Chen_Wiens_2020"
"Sylvia_nana"	"Sylvia nana"	"spelling"	"Sylviidae"	"Passeriformes"	"Aves"	1	"https://www.xeno-canto.org"	"Chen_Wiens_2020"
"Sylvia_nisoria"	"Sylvia nisoria"	"spelling"	"Sylviidae"	"Passeriformes"	"Aves"	1	"https://www.xeno-canto.org"	"Chen_Wiens_2020"
"Cercomacra_cinerascens"	"Cercomacra cinerascens"	"spelling"	"Thamnophilidae"	"Passeriformes"	"Aves"	1	"https://www.xeno-canto.org"	"Chen_Wiens_2020"
"Thamnophilus_nigrocinereus"	"Thamnophilus nigrocinereus"	"spelling"	"Thamnophilidae"	"Passeriformes"	"Aves"	1	"https://www.xeno-canto.org"	"Chen_Wiens_2020"
"Tiaris_canorus"	"Tiaris canorus"	"spelling"	"Thraupidae"	"Passeriformes"	"Aves"	1	"https://www.xeno-canto.org"	"Chen_Wiens_2020"
"Erpornis_zantholeuca"	"Erpornis zantholeuca"	"spelling"	"Timaliidae"	"Passeriformes"	"Aves"	1	"https://www.xeno-canto.org"	"Chen_Wiens_2020"
"Turdoides_plebejus"	"Turdoides plebejus"	"spelling"	"Timaliidae"	"Passeriformes"	"Aves"	1	"https://www.xeno-canto.org"	"Chen_Wiens_2020"
"Tityra_semifasciata"	"Tityra semifasciata"	"spelling"	"Tityridae"	"Passeriformes"	"Aves"	1	"https://www.xeno-canto.org"	"Chen_Wiens_2020"
"Cistothorus_palustris"	"Cistothorus palustris"	"spelling"	"Troglodytidae"	"Passeriformes"	"Aves"	1	"https://www.xeno-canto.org"	"Chen_Wiens_2020"
"Cistothorus_platensis"	"Cistothorus platensis"	"spelling"	"Troglodytidae"	"Passeriformes"	"Aves"	1	"Herkert, et al., 2001; https://www.xeno-canto.org"	"Chen_Wiens_2020"
"Troglodytes_aedon"	"Troglodytes aedon"	"spelling"	"Troglodytidae"	"Passeriformes"	"Aves"	1	"Brown, 2001; https://www.xeno-canto.org"	"Chen_Wiens_2020"
"Troglodytes_troglodytes"	"Troglodytes troglodytes"	"spelling"	"Troglodytidae"	"Passeriformes"	"Aves"	1	"Dakota, 2009c; https://www.xeno-canto.org"	"Chen_Wiens_2020"
"Catharus_bicknelli"	"Catharus bicknelli"	"spelling"	"Turdidae"	"Passeriformes"	"Aves"	1	"https://www.xeno-canto.org"	"Chen_Wiens_2020"
"Catharus_fuscescens"	"Catharus fuscescens"	"spelling"	"Turdidae"	"Passeriformes"	"Aves"	1	"https://www.xeno-canto.org"	"Chen_Wiens_2020"
"Catharus_guttatus"	"Catharus guttatus"	"spelling"	"Turdidae"	"Passeriformes"	"Aves"	1	"https://www.xeno-canto.org"	"Chen_Wiens_2020"
"Catharus_minimus"	"Catharus minimus"	"spelling"	"Turdidae"	"Passeriformes"	"Aves"	1	"https://www.xeno-canto.org"	"Chen_Wiens_2020"
"Catharus_ustulatus"	"Catharus ustulatus"	"spelling"	"Turdidae"	"Passeriformes"	"Aves"	1	"https://www.xeno-canto.org"	"Chen_Wiens_2020"
"Hylocichla_mustelina"	"Hylocichla mustelina"	"spelling"	"Turdidae"	"Passeriformes"	"Aves"	1	"Lesperance, 2002; https://www.xeno-canto.org"	"Chen_Wiens_2020"
"Turdus_merula"	"Turdus merula"	"spelling"	"Turdidae"	"Passeriformes"	"Aves"	1	"Mattson, 2018; https://www.xeno-canto.org"	"Chen_Wiens_2020"
"Turdus_migratorius"	"Turdus migratorius"	"spelling"	"Turdidae"	"Passeriformes"	"Aves"	1	"Middlebrook, 2001; https://www.xeno-canto.org"	"Chen_Wiens_2020"
"Turdus_philomelos"	"Turdus philomelos"	"spelling"	"Turdidae"	"Passeriformes"	"Aves"	1	"https://www.xeno-canto.org"	"Chen_Wiens_2020"
"Contopus_cooperi"	"Contopus cooperi"	"spelling"	"Tyrannidae"	"Passeriformes"	"Aves"	1	"https://www.xeno-canto.org"	"Chen_Wiens_2020"
"Contopus_sordidulus"	"Contopus sordidulus"	"spelling"	"Tyrannidae"	"Passeriformes"	"Aves"	1	"Gasparella, 2004; https://www.xeno-canto.org"	"Chen_Wiens_2020"
"Contopus_virens"	"Contopus virens"	"spelling"	"Tyrannidae"	"Passeriformes"	"Aves"	1	"Clowser, 2017; https://www.xeno-canto.org"	"Chen_Wiens_2020"
"Empidonax_minimus"	"Empidonax minimus"	"spelling"	"Tyrannidae"	"Passeriformes"	"Aves"	1	"https://www.xeno-canto.org"	"Chen_Wiens_2020"
"Empidonax_traillii"	"Empidonax traillii"	"spelling"	"Tyrannidae"	"Passeriformes"	"Aves"	1	"Brazil and Martina, 2014; https://www.xeno-canto.org"	"Chen_Wiens_2020"
"Mecocerculus_leucophrys"	"Mecocerculus leucophrys"	"spelling"	"Tyrannidae"	"Passeriformes"	"Aves"	1	"https://www.xeno-canto.org"	"Chen_Wiens_2020"
"Mionectes_macconnelli"	"Mionectes macconnelli"	"spelling"	"Tyrannidae"	"Passeriformes"	"Aves"	1	"https://www.xeno-canto.org"	"Chen_Wiens_2020"
"Myiodynastes_maculatus"	"Myiodynastes maculatus"	"spelling"	"Tyrannidae"	"Passeriformes"	"Aves"	1	"https://www.xeno-canto.org"	"Chen_Wiens_2020"
"Myiornis_ecaudatus"	"Myiornis ecaudatus"	"spelling"	"Tyrannidae"	"Passeriformes"	"Aves"	1	"https://www.xeno-canto.org"	"Chen_Wiens_2020"
"Pitangus_sulphuratus"	"Pitangus sulphuratus"	"spelling"	"Tyrannidae"	"Passeriformes"	"Aves"	1	"https://www.xeno-canto.org"	"Chen_Wiens_2020"
"Pseudocolopteryx_acutipennis"	"Pseudocolopteryx acutipennis"	"spelling"	"Tyrannidae"	"Passeriformes"	"Aves"	1	"https://www.xeno-canto.org"	"Chen_Wiens_2020"
"Pyrocephalus_rubinus"	"Pyrocephalus rubinus"	"spelling"	"Tyrannidae"	"Passeriformes"	"Aves"	1	"https://www.xeno-canto.org"	"Chen_Wiens_2020"
"Tachuris_rubrigastra"	"Tachuris rubrigastra"	"spelling"	"Tyrannidae"	"Passeriformes"	"Aves"	1	"https://www.xeno-canto.org"	"Chen_Wiens_2020"
"Tyrannus_dominicensis"	"Tyrannus dominicensis"	"spelling"	"Tyrannidae"	"Passeriformes"	"Aves"	1	"https://www.xeno-canto.org"	"Chen_Wiens_2020"
"Tyrannus_forficatus"	"Tyrannus forficatus"	"spelling"	"Tyrannidae"	"Passeriformes"	"Aves"	1	"https://www.xeno-canto.org"	"Chen_Wiens_2020"
"Tyrannus_tyrannus"	"Tyrannus tyrannus"	"spelling"	"Tyrannidae"	"Passeriformes"	"Aves"	1	"Dewey, 2009h; https://www.xeno-canto.org"	"Chen_Wiens_2020"
"Vanga_curvirostris"	"Vanga curvirostris"	"spelling"	"Vangidae"	"Passeriformes"	"Aves"	1	"https://www.xeno-canto.org"	"Chen_Wiens_2020"
"Vidua_macroura"	"Vidua macroura"	"spelling"	"Viduidae"	"Passeriformes"	"Aves"	1	"https://www.xeno-canto.org"	"Chen_Wiens_2020"
"Vidua_paradisaea"	"Vidua paradisaea"	"spelling"	"Viduidae"	"Passeriformes"	"Aves"	1	"https://www.xeno-canto.org"	"Chen_Wiens_2020"
"Vireo_griseus"	"Vireo griseus"	"spelling"	"Vireonidae"	"Passeriformes"	"Aves"	1	"Sterling, 2011b; https://www.xeno-canto.org"	"Chen_Wiens_2020"
"Vireo_olivaceus"	"Vireo olivaceus"	"spelling"	"Vireonidae"	"Passeriformes"	"Aves"	1	"Sterling, 2011c; https://www.xeno-canto.org"	"Chen_Wiens_2020"
"Vireo_philadelphicus"	"Vireo philadelphicus"	"spelling"	"Vireonidae"	"Passeriformes"	"Aves"	1	"Sterling, 2011d; https://www.xeno-canto.org"	"Chen_Wiens_2020"
"Zosterops_abyssinicus"	"Zosterops abyssinicus"	"spelling"	"Zosteropidae"	"Passeriformes"	"Aves"	1	"https://www.xeno-canto.org"	"Chen_Wiens_2020"
"Zosterops_senegalensis"	"Zosterops senegalensis"	"spelling"	"Zosteropidae"	"Passeriformes"	"Aves"	1	"https://www.xeno-canto.org"	"Chen_Wiens_2020"
"Anhinga_anhinga"	"Anhinga anhinga"	"spelling"	"Anhingidae"	"Pelecaniformes"	"Aves"	1	"Kearns, 2009; https://www.xeno-canto.org"	"Chen_Wiens_2020"
"Ardea_herodias"	"Ardea herodias"	"spelling"	"Ardeidae"	"Pelecaniformes"	"Aves"	1	"Naumann, 2011; https://www.xeno-canto.org"	"Chen_Wiens_2020"
"Balaeniceps_rex"	"Balaeniceps rex"	"spelling"	"Balaenicipitidae"	"Pelecaniformes"	"Aves"	1	"Steffen, 2007"	"Chen_Wiens_2020"
"Pelecanus_occidentalis"	"Pelecanus occidentalis"	"spelling"	"Pelecanidae"	"Pelecaniformes"	"Aves"	1	"Scott, 2012; https://www.xeno-canto.org"	"Chen_Wiens_2020"
"Phaethon_rubricauda"	"Phaethon rubricauda"	"spelling"	"Phaethontidae"	"Pelecaniformes"	"Aves"	1	"https://www.xeno-canto.org"	"Chen_Wiens_2020"
"Scopus_umbretta"	"Scopus umbretta"	"spelling"	"Scopidae"	"Pelecaniformes"	"Aves"	1	"https://www.xeno-canto.org"	"Chen_Wiens_2020"
"Fregata_magnificens"	"Fregata magnificens"	"spelling"	"Sulidae"	"Pelecaniformes"	"Aves"	1	"Calcutt, 2006; https://www.xeno-canto.org"	"Chen_Wiens_2020"
"Phoenicopterus_ruber"	"Phoenicopterus ruber"	"spelling"	"Phoenicopteridae"	"Phoenicopteriformes"	"Aves"	1	"Mathevon, 1997; https://www.xeno-canto.org"	"Chen_Wiens_2020"
"Bucorvus_cafer"	"Bucorvus cafer"	"spelling"	"Bucerotidae"	"Piciformes"	"Aves"	1	"http://www.wikiwand.com/en/Southern_ground_hornbill"	"Chen_Wiens_2020"
"Tockus_erythrorhynchus"	"Tockus erythrorhynchus"	"spelling"	"Bucerotidae"	"Piciformes"	"Aves"	1	"https://www.xeno-canto.org"	"Chen_Wiens_2020"
"Baeopogon_indicator"	"Baeopogon indicator"	"spelling"	"Indicatoridae"	"Piciformes"	"Aves"	1	"https://www.xeno-canto.org"	"Chen_Wiens_2020"
"Indicator_minor"	"Indicator minor"	"spelling"	"Indicatoridae"	"Piciformes"	"Aves"	1	"https://www.xeno-canto.org"	"Chen_Wiens_2020"
"Trachyphonus_darnaudii"	"Trachyphonus darnaudii"	"spelling"	"Lybiidae"	"Piciformes"	"Aves"	1	"https://www.xeno-canto.org"	"Chen_Wiens_2020"
"Tricholaema_diademata"	"Tricholaema diademata"	"spelling"	"Lybiidae"	"Piciformes"	"Aves"	1	"https://www.xeno-canto.org"	"Chen_Wiens_2020"
"Megalaima_virens"	"Megalaima virens"	"spelling"	"Megalaimidae"	"Piciformes"	"Aves"	1	"http://www.wikiwand.com/en/Great_barbet"	"Chen_Wiens_2020"
"Dendrocopos_leucotos"	"Dendrocopos leucotos"	"spelling"	"Picidae"	"Piciformes"	"Aves"	1	"Bianchi, 2007"	"Chen_Wiens_2020"
"Dendrocopos_major"	"Dendrocopos major"	"spelling"	"Picidae"	"Piciformes"	"Aves"	1	"https://www.xeno-canto.org"	"Chen_Wiens_2020"
"Dendrocopos_medius"	"Dendrocopos medius"	"spelling"	"Picidae"	"Piciformes"	"Aves"	1	"Robles et al., 2008"	"Chen_Wiens_2020"
"Dendropicos_fuscescens"	"Dendropicos fuscescens"	"spelling"	"Picidae"	"Piciformes"	"Aves"	1	"https://www.xeno-canto.org"	"Chen_Wiens_2020"
"Dryocopus_martius"	"Dryocopus martius"	"spelling"	"Picidae"	"Piciformes"	"Aves"	1	"https://www.xeno-canto.org"	"Chen_Wiens_2020"
"Geocolaptes_olivaceus"	"Geocolaptes olivaceus"	"spelling"	"Picidae"	"Piciformes"	"Aves"	1	"https://www.xeno-canto.org"	"Chen_Wiens_2020"
"Jynx_torquilla"	"Jynx torquilla"	"spelling"	"Picidae"	"Piciformes"	"Aves"	1	"https://www.xeno-canto.org"	"Chen_Wiens_2020"
"Melanerpes_erythrocephalus"	"Melanerpes erythrocephalus"	"spelling"	"Picidae"	"Piciformes"	"Aves"	1	"Axley, 2002; https://www.xeno-canto.org"	"Chen_Wiens_2020"
"Melanerpes_uropygialis"	"Melanerpes uropygialis"	"spelling"	"Picidae"	"Piciformes"	"Aves"	1	"https://www.xeno-canto.org"	"Chen_Wiens_2020"
"Nesoctites_micromegas"	"Nesoctites micromegas"	"spelling"	"Picidae"	"Piciformes"	"Aves"	1	"https://www.xeno-canto.org"	"Chen_Wiens_2020"
"Picoides_tridactylus"	"Picoides tridactylus"	"spelling"	"Picidae"	"Piciformes"	"Aves"	1	"Sprengelmeyer, 2014; https://www.xeno-canto.org"	"Chen_Wiens_2020"
"Sphyrapicus_nuchalis"	"Sphyrapicus nuchalis"	"spelling"	"Picidae"	"Piciformes"	"Aves"	1	"https://www.xeno-canto.org"	"Chen_Wiens_2020"
"Sphyrapicus_ruber"	"Sphyrapicus ruber"	"spelling"	"Picidae"	"Piciformes"	"Aves"	1	"Stoffer, 2015; https://www.xeno-canto.org"	"Chen_Wiens_2020"
"Sphyrapicus_varius"	"Sphyrapicus varius"	"spelling"	"Picidae"	"Piciformes"	"Aves"	1	"de Guia, 2001; https://www.xeno-canto.org"	"Chen_Wiens_2020"
"Andigena_laminirostris"	"Andigena laminirostris"	"spelling"	"Ramphastidae"	"Piciformes"	"Aves"	1	"https://www.xeno-canto.org"	"Chen_Wiens_2020"
"Aulacorhynchus_prasinus"	"Aulacorhynchus prasinus"	"spelling"	"Ramphastidae"	"Piciformes"	"Aves"	1	"https://www.xeno-canto.org"	"Chen_Wiens_2020"
"Ramphastos_sulfuratus"	"Ramphastos sulfuratus"	"spelling"	"Ramphastidae"	"Piciformes"	"Aves"	1	"https://www.xeno-canto.org"	"Chen_Wiens_2020"
"Aechmophorus_occidentalis"	"Aechmophorus occidentalis"	"spelling"	"Podicipedidae"	"Podicipediformes"	"Aves"	1	"https://www.xeno-canto.org"	"Chen_Wiens_2020"
"Podilymbus_podiceps"	"Podilymbus podiceps"	"spelling"	"Podicipedidae"	"Podicipediformes"	"Aves"	1	"Smith, 2003; https://www.xeno-canto.org"	"Chen_Wiens_2020"
"Phoebastria_nigripes"	"Phoebastria nigripes"	"spelling"	"Diomedeidae"	"Procellariformes"	"Aves"	1	"https://www.xeno-canto.org"	"Chen_Wiens_2020"
"Hydrobates_pelagicus"	"Hydrobates pelagicus"	"spelling"	"Hydrobatidae"	"Procellariformes"	"Aves"	1	"https://www.xeno-canto.org"	"Chen_Wiens_2020"
"Oceanodroma_castro"	"Oceanodroma castro"	"spelling"	"Hydrobatidae"	"Procellariformes"	"Aves"	1	"https://www.xeno-canto.org"	"Chen_Wiens_2020"
"Pelagodroma_marina"	"Pelagodroma marina"	"spelling"	"Hydrobatidae"	"Procellariformes"	"Aves"	1	"https://www.xeno-canto.org"	"Chen_Wiens_2020"
"Pelecanoides_urinatrix"	"Pelecanoides urinatrix"	"spelling"	"Pelecanoididae"	"Procellariformes"	"Aves"	1	"Dewey, 2009i; https://www.xeno-canto.org"	"Chen_Wiens_2020"
"Fulmarus_glacialis"	"Fulmarus glacialis"	"spelling"	"Procellariidae"	"Procellariformes"	"Aves"	1	"Dewey, 2009j; https://www.xeno-canto.org"	"Chen_Wiens_2020"
"Pterodroma_hypoleuca"	"Pterodroma hypoleuca"	"spelling"	"Procellariidae"	"Procellariformes"	"Aves"	1	"https://www.xeno-canto.org"	"Chen_Wiens_2020"
"Pterodroma_sandwichensis"	"Pterodroma sandwichensis"	"spelling"	"Procellariidae"	"Procellariformes"	"Aves"	1	"https://www.xeno-canto.org"	"Chen_Wiens_2020"
"Puffinus_griseus"	"Puffinus griseus"	"spelling"	"Procellariidae"	"Procellariformes"	"Aves"	1	"Warham, 1988"	"Chen_Wiens_2020"
"Cacatua_galerita"	"Cacatua galerita"	"spelling"	"Cacatuidae"	"Psittaciformes"	"Aves"	1	"Thomas, 2007; https://www.xeno-canto.org"	"Chen_Wiens_2020"
"Cacatua_sulphurea"	"Cacatua sulphurea"	"spelling"	"Cacatuidae"	"Psittaciformes"	"Aves"	1	"https://www.xeno-canto.org"	"Chen_Wiens_2020"
"Nymphicus_hollandicus"	"Nymphicus hollandicus"	"spelling"	"Cacatuidae"	"Psittaciformes"	"Aves"	1	"Newmyer, 2011; https://www.xeno-canto.org"	"Chen_Wiens_2020"
"Nestor_notabilis"	"Nestor notabilis"	"spelling"	"Nestoridae"	"Psittaciformes"	"Aves"	1	"Williams, 2001; https://www.xeno-canto.org"	"Chen_Wiens_2020"
"Agapornis_lilianae"	"Agapornis lilianae"	"spelling"	"Psittacidae"	"Psittaciformes"	"Aves"	1	"https://www.xeno-canto.org"	"Chen_Wiens_2020"
"Agapornis_taranta"	"Agapornis taranta"	"spelling"	"Psittacidae"	"Psittaciformes"	"Aves"	1	"https://www.xeno-canto.org"	"Chen_Wiens_2020"
"Anodorhynchus_hyacinthinus"	"Anodorhynchus hyacinthinus"	"spelling"	"Psittacidae"	"Psittaciformes"	"Aves"	1	"https://www.xeno-canto.org"	"Chen_Wiens_2020"
"Anodorhynchus_leari"	"Anodorhynchus leari"	"spelling"	"Psittacidae"	"Psittaciformes"	"Aves"	1	"https://www.xeno-canto.org"	"Chen_Wiens_2020"
"Ara_chloropterus"	"Ara chloropterus"	"spelling"	"Psittacidae"	"Psittaciformes"	"Aves"	1	"https://www.xeno-canto.org"	"Chen_Wiens_2020"
"Bolborhynchus_lineola"	"Bolborhynchus lineola"	"spelling"	"Psittacidae"	"Psittaciformes"	"Aves"	1	"https://www.xeno-canto.org"	"Chen_Wiens_2020"
"Corythaeola_cristata"	"Corythaeola cristata"	"spelling"	"Psittacidae"	"Psittaciformes"	"Aves"	1	"https://www.xeno-canto.org"	"Chen_Wiens_2020"
"Poicephalus_robustus"	"Poicephalus robustus"	"spelling"	"Psittacidae"	"Psittaciformes"	"Aves"	1	"https://www.xeno-canto.org"	"Chen_Wiens_2020"
"Psittacus_erithacus"	"Psittacus erithacus"	"spelling"	"Psittacidae"	"Psittaciformes"	"Aves"	1	"Holman, 2008; https://www.xeno-canto.org"	"Chen_Wiens_2020"
"Agapornis_roseicollis"	"Agapornis roseicollis"	"spelling"	"Psittaculidae"	"Psittaciformes"	"Aves"	1	"https://www.xeno-canto.org"	"Chen_Wiens_2020"
"Eos_squamata"	"Eos squamata"	"spelling"	"Psittaculidae"	"Psittaciformes"	"Aves"	1	"https://www.xeno-canto.org"	"Chen_Wiens_2020"
"Loriculus_stigmatus"	"Loriculus stigmatus"	"spelling"	"Psittaculidae"	"Psittaciformes"	"Aves"	1	"https://www.xeno-canto.org"	"Chen_Wiens_2020"
"Melopsittacus_undulatus"	"Melopsittacus undulatus"	"spelling"	"Psittaculidae"	"Psittaciformes"	"Aves"	1	"Farabaugh et al., 1994; https://www.xeno-canto.org"	"Chen_Wiens_2020"
"Pezoporus_occidentalis"	"Pezoporus occidentalis"	"spelling"	"Psittaculidae"	"Psittaciformes"	"Aves"	1	"https://www.xeno-canto.org"	"Chen_Wiens_2020"
"Trichoglossus_chlorolepidotus"	"Trichoglossus chlorolepidotus"	"spelling"	"Psittaculidae"	"Psittaciformes"	"Aves"	1	"https://www.xeno-canto.org"	"Chen_Wiens_2020"
"Trichoglossus_haematodus"	"Trichoglossus haematodus"	"spelling"	"Psittaculidae"	"Psittaciformes"	"Aves"	1	"https://www.xeno-canto.org"	"Chen_Wiens_2020"
"Coracopsis_vasa"	"Coracopsis vasa"	"spelling"	"Psittrichasiidae"	"Psittaciformes"	"Aves"	1	"https://www.xeno-canto.org"	"Chen_Wiens_2020"
"Rhea_americana"	"Rhea americana"	"spelling"	"Rheidae"	"Rheiformes"	"Aves"	1	"Hodges, 2018; https://www.xeno-canto.org"	"Chen_Wiens_2020"
"Spheniscus_humboldti"	"Spheniscus humboldti"	"spelling"	"Spheniscidae"	"Sphenisciformes"	"Aves"	1	"Nissley, 2015"	"Chen_Wiens_2020"
"Aegolius_acadicus"	"Aegolius acadicus"	"spelling"	"Strigidae"	"Strigiformes"	"Aves"	1	"Yan, 2001; https://www.xeno-canto.org"	"Chen_Wiens_2020"
"Asio_otus"	"Asio otus"	"spelling"	"Strigidae"	"Strigiformes"	"Aves"	1	"Ivory, 1999; https://www.xeno-canto.org"	"Chen_Wiens_2020"
"Bubo_bubo"	"Bubo bubo"	"spelling"	"Strigidae"	"Strigiformes"	"Aves"	1	"Cantrell, 2004; https://www.xeno-canto.org"	"Chen_Wiens_2020"
"Glaucidium_brasilianum"	"Glaucidium brasilianum"	"spelling"	"Strigidae"	"Strigiformes"	"Aves"	1	"Rauss, 2004; https://www.xeno-canto.org"	"Chen_Wiens_2020"
"Glaucidium_capense"	"Glaucidium capense"	"spelling"	"Strigidae"	"Strigiformes"	"Aves"	1	"https://www.xeno-canto.org"	"Chen_Wiens_2020"
"Ketupa_zeylonensis"	"Ketupa zeylonensis"	"spelling"	"Strigidae"	"Strigiformes"	"Aves"	1	"https://www.xeno-canto.org"	"Chen_Wiens_2020"
"Megascops_asio"	"Megascops asio"	"spelling"	"Strigidae"	"Strigiformes"	"Aves"	1	"Nagy and Rockwell, 2012; https://www.xeno-canto.org"	"Chen_Wiens_2020"
"Megascops_trichopsis"	"Megascops trichopsis"	"spelling"	"Strigidae"	"Strigiformes"	"Aves"	1	"https://www.xeno-canto.org"	"Chen_Wiens_2020"
"Otus_flammeolus"	"Otus flammeolus"	"spelling"	"Strigidae"	"Strigiformes"	"Aves"	1	"Barnes and Belthoff,2008"	"Chen_Wiens_2020"
"Otus_scops"	"Otus scops"	"spelling"	"Strigidae"	"Strigiformes"	"Aves"	1	"https://www.xeno-canto.org"	"Chen_Wiens_2020"
"Strix_aluco"	"Strix aluco"	"spelling"	"Strigidae"	"Strigiformes"	"Aves"	1	"Diaz, 2011; https://www.xeno-canto.org"	"Chen_Wiens_2020"
"Surnia_ulula"	"Surnia ulula"	"spelling"	"Strigidae"	"Strigiformes"	"Aves"	1	"Kalokhe, 2003; https://www.xeno-canto.org"	"Chen_Wiens_2020"
"Tyto_alba"	"Tyto alba"	"spelling"	"Tytonidae"	"Strigiformes"	"Aves"	1	"Harris, 2002; https://www.xeno-canto.org"	"Chen_Wiens_2020"
"Crypturellus_soui"	"Crypturellus soui"	"spelling"	"Tinamidae"	"Tinamiformes"	"Aves"	1	"https://www.xeno-canto.org"	"Chen_Wiens_2020"
"Crypturellus_variegatus"	"Crypturellus variegatus"	"spelling"	"Tinamidae"	"Tinamiformes"	"Aves"	1	"https://www.xeno-canto.org"	"Chen_Wiens_2020"
"Tinamus_major"	"Tinamus major"	"spelling"	"Tinamidae"	"Tinamiformes"	"Aves"	1	"https://www.xeno-canto.org"	"Chen_Wiens_2020"
"Apaloderma_narina"	"Apaloderma narina"	"spelling"	"Trogonidae"	"Trogoniformes"	"Aves"	1	"https://www.xeno-canto.org"	"Chen_Wiens_2020"
"Trogon_elegans"	"Trogon elegans"	"spelling"	"Trogonidae"	"Trogoniformes"	"Aves"	1	"https://www.xeno-canto.org"	"Chen_Wiens_2020"
"Trogon_personatus"	"Trogon personatus"	"spelling"	"Trogonidae"	"Trogoniformes"	"Aves"	1	"https://www.xeno-canto.org"	"Chen_Wiens_2020"
