Species,Variable,Value,Source,Team,Year,Pick
Solenodon paradoxus,Body_Mass.g,900,Stephan_etal_1981_TableI,Selected_collection,1981,1
Solenodon paradoxus,Brain_Mass.mg,4670,Stephan_etal_1981_TableI,Selected_collection,1981,1
Solenodon paradoxus,Ventricles_Vol.mm3,56.4,Stephan_etal_1981_TableI,Selected_collection,1981,1
Solenodon paradoxus,Total_brain_net_volume_Vol.mm3,4282,Stephan_etal_1981_TableI,Selected_collection,1981,1
Solenodon paradoxus,Medulla_oblongata_Vol.mm3,466,Stephan_etal_1981_TableI,Selected_collection,1981,1
Solenodon paradoxus,Cerebellum_Vol.mm3,753,Stephan_etal_1981_TableI,Selected_collection,1981,1
Solenodon paradoxus,Mesencephalon_Vol.mm3,206,Stephan_etal_1981_TableI,Selected_collection,1981,1
Solenodon paradoxus,Diencephalon_Vol.mm3,269,Stephan_etal_1981_TableI,Selected_collection,1981,1
Solenodon paradoxus,Telencephalon_Vol.mm3,2486,Stephan_etal_1981_TableI,Selected_collection,1981,1
Tenrec ecaudatus,Body_Mass.g,832,Stephan_etal_1981_TableI,Selected_collection,1981,1
Tenrec ecaudatus,Brain_Mass.mg,2570,Stephan_etal_1981_TableI,Selected_collection,1981,1
Tenrec ecaudatus,Ventricles_Vol.mm3,65.3,Stephan_etal_1981_TableI,Selected_collection,1981,1
Tenrec ecaudatus,Total_brain_net_volume_Vol.mm3,2315,Stephan_etal_1981_TableI,Selected_collection,1981,1
Tenrec ecaudatus,Medulla_oblongata_Vol.mm3,313,Stephan_etal_1981_TableI,Selected_collection,1981,1
Tenrec ecaudatus,Cerebellum_Vol.mm3,309,Stephan_etal_1981_TableI,Selected_collection,1981,1
Tenrec ecaudatus,Mesencephalon_Vol.mm3,132,Stephan_etal_1981_TableI,Selected_collection,1981,1
Tenrec ecaudatus,Diencephalon_Vol.mm3,153,Stephan_etal_1981_TableI,Selected_collection,1981,1
Tenrec ecaudatus,Telencephalon_Vol.mm3,1407,Stephan_etal_1981_TableI,Selected_collection,1981,1
Setifer setosus,Body_Mass.g,248,Stephan_etal_1981_TableI,Selected_collection,1981,1
Setifer setosus,Brain_Mass.mg,1510,Stephan_etal_1981_TableI,Selected_collection,1981,1
Setifer setosus,Ventricles_Vol.mm3,21.3,Stephan_etal_1981_TableI,Selected_collection,1981,1
Setifer setosus,Total_brain_net_volume_Vol.mm3,1404,Stephan_etal_1981_TableI,Selected_collection,1981,1
Setifer setosus,Medulla_oblongata_Vol.mm3,183,Stephan_etal_1981_TableI,Selected_collection,1981,1
Setifer setosus,Cerebellum_Vol.mm3,142,Stephan_etal_1981_TableI,Selected_collection,1981,1
Setifer setosus,Mesencephalon_Vol.mm3,75.7,Stephan_etal_1981_TableI,Selected_collection,1981,1
Setifer setosus,Diencephalon_Vol.mm3,99.7,Stephan_etal_1981_TableI,Selected_collection,1981,1
Setifer setosus,Telencephalon_Vol.mm3,903,Stephan_etal_1981_TableI,Selected_collection,1981,1
Hemicentetes semispinosus,Body_Mass.g,110,Stephan_etal_1981_TableI,Selected_collection,1981,1
Hemicentetes semispinosus,Brain_Mass.mg,830,Stephan_etal_1981_TableI,Selected_collection,1981,1
Hemicentetes semispinosus,Ventricles_Vol.mm3,15.5,Stephan_etal_1981_TableI,Selected_collection,1981,1
Hemicentetes semispinosus,Total_brain_net_volume_Vol.mm3,757,Stephan_etal_1981_TableI,Selected_collection,1981,1
Hemicentetes semispinosus,Medulla_oblongata_Vol.mm3,108,Stephan_etal_1981_TableI,Selected_collection,1981,1
Hemicentetes semispinosus,Cerebellum_Vol.mm3,117,Stephan_etal_1981_TableI,Selected_collection,1981,1
Hemicentetes semispinosus,Mesencephalon_Vol.mm3,44.8,Stephan_etal_1981_TableI,Selected_collection,1981,1
Hemicentetes semispinosus,Diencephalon_Vol.mm3,48.5,Stephan_etal_1981_TableI,Selected_collection,1981,1
Hemicentetes semispinosus,Telencephalon_Vol.mm3,438,Stephan_etal_1981_TableI,Selected_collection,1981,1
Echinops telfairi,Body_Mass.g,87.5,Stephan_etal_1981_TableI,Selected_collection,1981,1
Echinops telfairi,Brain_Mass.mg,620,Stephan_etal_1981_TableI,Selected_collection,1981,1
Echinops telfairi,Ventricles_Vol.mm3,8.34,Stephan_etal_1981_TableI,Selected_collection,1981,1
Echinops telfairi,Total_brain_net_volume_Vol.mm3,566,Stephan_etal_1981_TableI,Selected_collection,1981,1
Echinops telfairi,Medulla_oblongata_Vol.mm3,89.9,Stephan_etal_1981_TableI,Selected_collection,1981,1
Echinops telfairi,Cerebellum_Vol.mm3,57.9,Stephan_etal_1981_TableI,Selected_collection,1981,1
Echinops telfairi,Mesencephalon_Vol.mm3,43.8,Stephan_etal_1981_TableI,Selected_collection,1981,1
Echinops telfairi,Diencephalon_Vol.mm3,40.1,Stephan_etal_1981_TableI,Selected_collection,1981,1
Echinops telfairi,Telencephalon_Vol.mm3,335,Stephan_etal_1981_TableI,Selected_collection,1981,1
Oryzorictes hova,Body_Mass.g,44.2,Stephan_etal_1981_TableI,Selected_collection,1981,1
Oryzorictes hova,Brain_Mass.mg,580,Stephan_etal_1981_TableI,Selected_collection,1981,1
Oryzorictes hova,Ventricles_Vol.mm3,4.83,Stephan_etal_1981_TableI,Selected_collection,1981,1
Oryzorictes hova,Total_brain_net_volume_Vol.mm3,538,Stephan_etal_1981_TableI,Selected_collection,1981,1
Oryzorictes hova,Medulla_oblongata_Vol.mm3,61,Stephan_etal_1981_TableI,Selected_collection,1981,1
Oryzorictes hova,Cerebellum_Vol.mm3,81.3,Stephan_etal_1981_TableI,Selected_collection,1981,1
Oryzorictes hova,Mesencephalon_Vol.mm3,26.6,Stephan_etal_1981_TableI,Selected_collection,1981,1
Oryzorictes hova,Diencephalon_Vol.mm3,36.9,Stephan_etal_1981_TableI,Selected_collection,1981,1
Oryzorictes hova,Telencephalon_Vol.mm3,332,Stephan_etal_1981_TableI,Selected_collection,1981,1
Microgale cowani,Body_Mass.g,15.2,Stephan_etal_1981_TableI,Selected_collection,1981,1
Microgale cowani,Brain_Mass.mg,420,Stephan_etal_1981_TableI,Selected_collection,1981,1
Microgale cowani,Ventricles_Vol.mm3,7.12,Stephan_etal_1981_TableI,Selected_collection,1981,1
Microgale cowani,Total_brain_net_volume_Vol.mm3,392,Stephan_etal_1981_TableI,Selected_collection,1981,1
Microgale cowani,Medulla_oblongata_Vol.mm3,45.3,Stephan_etal_1981_TableI,Selected_collection,1981,1
Microgale cowani,Cerebellum_Vol.mm3,49.5,Stephan_etal_1981_TableI,Selected_collection,1981,1
Microgale cowani,Mesencephalon_Vol.mm3,24,Stephan_etal_1981_TableI,Selected_collection,1981,1
Microgale cowani,Diencephalon_Vol.mm3,25.4,Stephan_etal_1981_TableI,Selected_collection,1981,1
Microgale cowani,Telencephalon_Vol.mm3,248,Stephan_etal_1981_TableI,Selected_collection,1981,1
Microgale mergulus,Body_Mass.g,92,Stephan_etal_1981_TableI,Selected_collection,1981,1
Microgale mergulus,Brain_Mass.mg,1150,Stephan_etal_1981_TableI,Selected_collection,1981,1
Microgale mergulus,Ventricles_Vol.mm3,12.6,Stephan_etal_1981_TableI,Selected_collection,1981,1
Microgale mergulus,Total_brain_net_volume_Vol.mm3,1046,Stephan_etal_1981_TableI,Selected_collection,1981,1
Microgale mergulus,Medulla_oblongata_Vol.mm3,204,Stephan_etal_1981_TableI,Selected_collection,1981,1
Microgale mergulus,Cerebellum_Vol.mm3,176,Stephan_etal_1981_TableI,Selected_collection,1981,1
Microgale mergulus,Mesencephalon_Vol.mm3,67.4,Stephan_etal_1981_TableI,Selected_collection,1981,1
Microgale mergulus,Diencephalon_Vol.mm3,81,Stephan_etal_1981_TableI,Selected_collection,1981,1
Microgale mergulus,Telencephalon_Vol.mm3,518,Stephan_etal_1981_TableI,Selected_collection,1981,1
Nesogale dobsoni,Body_Mass.g,32.6,Stephan_etal_1981_TableI,Selected_collection,1981,1
Nesogale dobsoni,Brain_Mass.mg,560,Stephan_etal_1981_TableI,Selected_collection,1981,1
Nesogale dobsoni,Ventricles_Vol.mm3,5.31,Stephan_etal_1981_TableI,Selected_collection,1981,1
Nesogale dobsoni,Total_brain_net_volume_Vol.mm3,513,Stephan_etal_1981_TableI,Selected_collection,1981,1
Nesogale dobsoni,Medulla_oblongata_Vol.mm3,59,Stephan_etal_1981_TableI,Selected_collection,1981,1
Nesogale dobsoni,Cerebellum_Vol.mm3,57.3,Stephan_etal_1981_TableI,Selected_collection,1981,1
Nesogale dobsoni,Mesencephalon_Vol.mm3,37.9,Stephan_etal_1981_TableI,Selected_collection,1981,1
Nesogale dobsoni,Diencephalon_Vol.mm3,32.8,Stephan_etal_1981_TableI,Selected_collection,1981,1
Nesogale dobsoni,Telencephalon_Vol.mm3,326,Stephan_etal_1981_TableI,Selected_collection,1981,1
Nesogale talazaci,Body_Mass.g,50.4,Stephan_etal_1981_TableI,Selected_collection,1981,1
Nesogale talazaci,Brain_Mass.mg,790,Stephan_etal_1981_TableI,Selected_collection,1981,1
Nesogale talazaci,Ventricles_Vol.mm3,6.02,Stephan_etal_1981_TableI,Selected_collection,1981,1
Nesogale talazaci,Total_brain_net_volume_Vol.mm3,741,Stephan_etal_1981_TableI,Selected_collection,1981,1
Nesogale talazaci,Medulla_oblongata_Vol.mm3,85.3,Stephan_etal_1981_TableI,Selected_collection,1981,1
Nesogale talazaci,Cerebellum_Vol.mm3,92.3,Stephan_etal_1981_TableI,Selected_collection,1981,1
Nesogale talazaci,Mesencephalon_Vol.mm3,47.2,Stephan_etal_1981_TableI,Selected_collection,1981,1
Nesogale talazaci,Diencephalon_Vol.mm3,43.8,Stephan_etal_1981_TableI,Selected_collection,1981,1
Nesogale talazaci,Telencephalon_Vol.mm3,472,Stephan_etal_1981_TableI,Selected_collection,1981,1
Micropotamogale lamottei,Body_Mass.g,64.2,Stephan_etal_1981_TableI,Selected_collection,1981,1
Micropotamogale lamottei,Brain_Mass.mg,800,Stephan_etal_1981_TableI,Selected_collection,1981,1
Micropotamogale lamottei,Ventricles_Vol.mm3,11.9,Stephan_etal_1981_TableI,Selected_collection,1981,1
Micropotamogale lamottei,Total_brain_net_volume_Vol.mm3,743,Stephan_etal_1981_TableI,Selected_collection,1981,1
Micropotamogale lamottei,Medulla_oblongata_Vol.mm3,135,Stephan_etal_1981_TableI,Selected_collection,1981,1
Micropotamogale lamottei,Cerebellum_Vol.mm3,82.7,Stephan_etal_1981_TableI,Selected_collection,1981,1
Micropotamogale lamottei,Mesencephalon_Vol.mm3,58.6,Stephan_etal_1981_TableI,Selected_collection,1981,1
Micropotamogale lamottei,Diencephalon_Vol.mm3,62.8,Stephan_etal_1981_TableI,Selected_collection,1981,1
Micropotamogale lamottei,Telencephalon_Vol.mm3,404,Stephan_etal_1981_TableI,Selected_collection,1981,1
Potamogale velox,Body_Mass.g,660,Stephan_etal_1981_TableI,Selected_collection,1981,1
Potamogale velox,Brain_Mass.mg,4160,Stephan_etal_1981_TableI,Selected_collection,1981,1
Potamogale velox,Ventricles_Vol.mm3,16.6,Stephan_etal_1981_TableI,Selected_collection,1981,1
Potamogale velox,Total_brain_net_volume_Vol.mm3,3878,Stephan_etal_1981_TableI,Selected_collection,1981,1
Potamogale velox,Medulla_oblongata_Vol.mm3,756,Stephan_etal_1981_TableI,Selected_collection,1981,1
Potamogale velox,Cerebellum_Vol.mm3,605,Stephan_etal_1981_TableI,Selected_collection,1981,1
Potamogale velox,Mesencephalon_Vol.mm3,254,Stephan_etal_1981_TableI,Selected_collection,1981,1
Potamogale velox,Diencephalon_Vol.mm3,298,Stephan_etal_1981_TableI,Selected_collection,1981,1
Potamogale velox,Telencephalon_Vol.mm3,1964,Stephan_etal_1981_TableI,Selected_collection,1981,1
Chrysochloris stuhlmanni,Body_Mass.g,39.8,Stephan_etal_1981_TableI,Selected_collection,1981,1
Chrysochloris stuhlmanni,Brain_Mass.mg,740,Stephan_etal_1981_TableI,Selected_collection,1981,1
Chrysochloris stuhlmanni,Ventricles_Vol.mm3,7,Stephan_etal_1981_TableI,Selected_collection,1981,1
Chrysochloris stuhlmanni,Total_brain_net_volume_Vol.mm3,693,Stephan_etal_1981_TableI,Selected_collection,1981,1
Chrysochloris stuhlmanni,Medulla_oblongata_Vol.mm3,68.3,Stephan_etal_1981_TableI,Selected_collection,1981,1
Chrysochloris stuhlmanni,Cerebellum_Vol.mm3,74.7,Stephan_etal_1981_TableI,Selected_collection,1981,1
Chrysochloris stuhlmanni,Mesencephalon_Vol.mm3,42,Stephan_etal_1981_TableI,Selected_collection,1981,1
Chrysochloris stuhlmanni,Diencephalon_Vol.mm3,51.8,Stephan_etal_1981_TableI,Selected_collection,1981,1
Chrysochloris stuhlmanni,Telencephalon_Vol.mm3,457,Stephan_etal_1981_TableI,Selected_collection,1981,1
Chrysochloris asiatica,Body_Mass.g,49,Stephan_etal_1981_TableI,Selected_collection,1981,1
Chrysochloris asiatica,Brain_Mass.mg,700,Stephan_etal_1981_TableI,Selected_collection,1981,1
Chrysochloris asiatica,Ventricles_Vol.mm3,8.12,Stephan_etal_1981_TableI,Selected_collection,1981,1
Chrysochloris asiatica,Total_brain_net_volume_Vol.mm3,657,Stephan_etal_1981_TableI,Selected_collection,1981,1
Chrysochloris asiatica,Medulla_oblongata_Vol.mm3,58.5,Stephan_etal_1981_TableI,Selected_collection,1981,1
Chrysochloris asiatica,Cerebellum_Vol.mm3,72.6,Stephan_etal_1981_TableI,Selected_collection,1981,1
Chrysochloris asiatica,Mesencephalon_Vol.mm3,43.2,Stephan_etal_1981_TableI,Selected_collection,1981,1
Chrysochloris asiatica,Diencephalon_Vol.mm3,52.8,Stephan_etal_1981_TableI,Selected_collection,1981,1
Chrysochloris asiatica,Telencephalon_Vol.mm3,430,Stephan_etal_1981_TableI,Selected_collection,1981,1
Atelerix algirus,Body_Mass.g,790,Stephan_etal_1981_TableI,Selected_collection,1981,1
Atelerix algirus,Brain_Mass.mg,3200,Stephan_etal_1981_TableI,Selected_collection,1981,1
Atelerix algirus,Ventricles_Vol.mm3,121,Stephan_etal_1981_TableI,Selected_collection,1981,1
Atelerix algirus,Total_brain_net_volume_Vol.mm3,2859,Stephan_etal_1981_TableI,Selected_collection,1981,1
Atelerix algirus,Medulla_oblongata_Vol.mm3,336,Stephan_etal_1981_TableI,Selected_collection,1981,1
Atelerix algirus,Cerebellum_Vol.mm3,358,Stephan_etal_1981_TableI,Selected_collection,1981,1
Atelerix algirus,Mesencephalon_Vol.mm3,153,Stephan_etal_1981_TableI,Selected_collection,1981,1
Atelerix algirus,Diencephalon_Vol.mm3,246,Stephan_etal_1981_TableI,Selected_collection,1981,1
Atelerix algirus,Telencephalon_Vol.mm3,1766,Stephan_etal_1981_TableI,Selected_collection,1981,1
Erinaceus europaeus,Body_Mass.g,860,Stephan_etal_1981_TableI,Selected_collection,1981,1
Erinaceus europaeus,Brain_Mass.mg,3350,Stephan_etal_1981_TableI,Selected_collection,1981,1
Erinaceus europaeus,Ventricles_Vol.mm3,105,Stephan_etal_1981_TableI,Selected_collection,1981,1
Erinaceus europaeus,Total_brain_net_volume_Vol.mm3,3050,Stephan_etal_1981_TableI,Selected_collection,1981,1
Erinaceus europaeus,Medulla_oblongata_Vol.mm3,333,Stephan_etal_1981_TableI,Selected_collection,1981,1
Erinaceus europaeus,Cerebellum_Vol.mm3,394,Stephan_etal_1981_TableI,Selected_collection,1981,1
Erinaceus europaeus,Mesencephalon_Vol.mm3,151,Stephan_etal_1981_TableI,Selected_collection,1981,1
Erinaceus europaeus,Diencephalon_Vol.mm3,241,Stephan_etal_1981_TableI,Selected_collection,1981,1
Erinaceus europaeus,Telencephalon_Vol.mm3,1931,Stephan_etal_1981_TableI,Selected_collection,1981,1
Hemiechinus auritus,Body_Mass.g,250,Stephan_etal_1981_TableI,Selected_collection,1981,1
Hemiechinus auritus,Brain_Mass.mg,1900,Stephan_etal_1981_TableI,Selected_collection,1981,1
Hemiechinus auritus,Ventricles_Vol.mm3,82.5,Stephan_etal_1981_TableI,Selected_collection,1981,1
Hemiechinus auritus,Total_brain_net_volume_Vol.mm3,1710,Stephan_etal_1981_TableI,Selected_collection,1981,1
Hemiechinus auritus,Medulla_oblongata_Vol.mm3,187,Stephan_etal_1981_TableI,Selected_collection,1981,1
Hemiechinus auritus,Cerebellum_Vol.mm3,198,Stephan_etal_1981_TableI,Selected_collection,1981,1
Hemiechinus auritus,Mesencephalon_Vol.mm3,110,Stephan_etal_1981_TableI,Selected_collection,1981,1
Hemiechinus auritus,Diencephalon_Vol.mm3,142,Stephan_etal_1981_TableI,Selected_collection,1981,1
Hemiechinus auritus,Telencephalon_Vol.mm3,1073,Stephan_etal_1981_TableI,Selected_collection,1981,1
Elephantulus fuscipes,Body_Mass.g,57,Stephan_etal_1981_TableI,Selected_collection,1981,1
Elephantulus fuscipes,Brain_Mass.mg,1330,Stephan_etal_1981_TableI,Selected_collection,1981,1
Elephantulus fuscipes,Ventricles_Vol.mm3,18.1,Stephan_etal_1981_TableI,Selected_collection,1981,1
Elephantulus fuscipes,Total_brain_net_volume_Vol.mm3,1233,Stephan_etal_1981_TableI,Selected_collection,1981,1
Elephantulus fuscipes,Medulla_oblongata_Vol.mm3,120,Stephan_etal_1981_TableI,Selected_collection,1981,1
Elephantulus fuscipes,Cerebellum_Vol.mm3,183,Stephan_etal_1981_TableI,Selected_collection,1981,1
Elephantulus fuscipes,Mesencephalon_Vol.mm3,117,Stephan_etal_1981_TableI,Selected_collection,1981,1
Elephantulus fuscipes,Diencephalon_Vol.mm3,112,Stephan_etal_1981_TableI,Selected_collection,1981,1
Elephantulus fuscipes,Telencephalon_Vol.mm3,700,Stephan_etal_1981_TableI,Selected_collection,1981,1
Rhynchocyon cirnei,Body_Mass.g,490,Stephan_etal_1981_TableI,Selected_collection,1981,1
Rhynchocyon cirnei,Brain_Mass.mg,6100,Stephan_etal_1981_TableI,Selected_collection,1981,1
Rhynchocyon cirnei,Ventricles_Vol.mm3,97.2,Stephan_etal_1981_TableI,Selected_collection,1981,1
Rhynchocyon cirnei,Total_brain_net_volume_Vol.mm3,5680,Stephan_etal_1981_TableI,Selected_collection,1981,1
Rhynchocyon cirnei,Medulla_oblongata_Vol.mm3,507,Stephan_etal_1981_TableI,Selected_collection,1981,1
Rhynchocyon cirnei,Cerebellum_Vol.mm3,798,Stephan_etal_1981_TableI,Selected_collection,1981,1
Rhynchocyon cirnei,Mesencephalon_Vol.mm3,523,Stephan_etal_1981_TableI,Selected_collection,1981,1
Rhynchocyon cirnei,Diencephalon_Vol.mm3,524,Stephan_etal_1981_TableI,Selected_collection,1981,1
Rhynchocyon cirnei,Telencephalon_Vol.mm3,3328,Stephan_etal_1981_TableI,Selected_collection,1981,1
Sorex minutus,Body_Mass.g,5.3,Stephan_etal_1981_TableI,Selected_collection,1981,1
Sorex minutus,Brain_Mass.mg,110,Stephan_etal_1981_TableI,Selected_collection,1981,1
Sorex minutus,Ventricles_Vol.mm3,0.46,Stephan_etal_1981_TableI,Selected_collection,1981,1
Sorex minutus,Total_brain_net_volume_Vol.mm3,103,Stephan_etal_1981_TableI,Selected_collection,1981,1
Sorex minutus,Medulla_oblongata_Vol.mm3,17,Stephan_etal_1981_TableI,Selected_collection,1981,1
Sorex minutus,Cerebellum_Vol.mm3,11,Stephan_etal_1981_TableI,Selected_collection,1981,1
Sorex minutus,Mesencephalon_Vol.mm3,5.91,Stephan_etal_1981_TableI,Selected_collection,1981,1
Sorex minutus,Diencephalon_Vol.mm3,8.69,Stephan_etal_1981_TableI,Selected_collection,1981,1
Sorex minutus,Telencephalon_Vol.mm3,60.7,Stephan_etal_1981_TableI,Selected_collection,1981,1
Sorex araneus,Body_Mass.g,10.3,Stephan_etal_1981_TableI,Selected_collection,1981,1
Sorex araneus,Brain_Mass.mg,200,Stephan_etal_1981_TableI,Selected_collection,1981,1
Sorex araneus,Ventricles_Vol.mm3,1.17,Stephan_etal_1981_TableI,Selected_collection,1981,1
Sorex araneus,Total_brain_net_volume_Vol.mm3,188,Stephan_etal_1981_TableI,Selected_collection,1981,1
Sorex araneus,Medulla_oblongata_Vol.mm3,27.1,Stephan_etal_1981_TableI,Selected_collection,1981,1
Sorex araneus,Cerebellum_Vol.mm3,20.4,Stephan_etal_1981_TableI,Selected_collection,1981,1
Sorex araneus,Mesencephalon_Vol.mm3,10.8,Stephan_etal_1981_TableI,Selected_collection,1981,1
Sorex araneus,Diencephalon_Vol.mm3,13.7,Stephan_etal_1981_TableI,Selected_collection,1981,1
Sorex araneus,Telencephalon_Vol.mm3,116,Stephan_etal_1981_TableI,Selected_collection,1981,1
Neomys fodiens,Body_Mass.g,15.2,Stephan_etal_1981_TableI,Selected_collection,1981,1
Neomys fodiens,Brain_Mass.mg,320,Stephan_etal_1981_TableI,Selected_collection,1981,1
Neomys fodiens,Ventricles_Vol.mm3,1.63,Stephan_etal_1981_TableI,Selected_collection,1981,1
Neomys fodiens,Total_brain_net_volume_Vol.mm3,299,Stephan_etal_1981_TableI,Selected_collection,1981,1
Neomys fodiens,Medulla_oblongata_Vol.mm3,42.2,Stephan_etal_1981_TableI,Selected_collection,1981,1
Neomys fodiens,Cerebellum_Vol.mm3,38.9,Stephan_etal_1981_TableI,Selected_collection,1981,1
Neomys fodiens,Mesencephalon_Vol.mm3,17.3,Stephan_etal_1981_TableI,Selected_collection,1981,1
Neomys fodiens,Diencephalon_Vol.mm3,25.2,Stephan_etal_1981_TableI,Selected_collection,1981,1
Neomys fodiens,Telencephalon_Vol.mm3,175,Stephan_etal_1981_TableI,Selected_collection,1981,1
Crocidura flavescens,Body_Mass.g,28,Stephan_etal_1981_TableI,Selected_collection,1981,1
Crocidura flavescens,Brain_Mass.mg,440,Stephan_etal_1981_TableI,Selected_collection,1981,1
Crocidura flavescens,Ventricles_Vol.mm3,2.67,Stephan_etal_1981_TableI,Selected_collection,1981,1
Crocidura flavescens,Total_brain_net_volume_Vol.mm3,408,Stephan_etal_1981_TableI,Selected_collection,1981,1
Crocidura flavescens,Medulla_oblongata_Vol.mm3,59.8,Stephan_etal_1981_TableI,Selected_collection,1981,1
Crocidura flavescens,Cerebellum_Vol.mm3,51.3,Stephan_etal_1981_TableI,Selected_collection,1981,1
Crocidura flavescens,Mesencephalon_Vol.mm3,27.7,Stephan_etal_1981_TableI,Selected_collection,1981,1
Crocidura flavescens,Diencephalon_Vol.mm3,28.4,Stephan_etal_1981_TableI,Selected_collection,1981,1
Crocidura flavescens,Telencephalon_Vol.mm3,241,Stephan_etal_1981_TableI,Selected_collection,1981,1
Crocidura russula,Body_Mass.g,11,Stephan_etal_1981_TableI,Selected_collection,1981,1
Crocidura russula,Brain_Mass.mg,190,Stephan_etal_1981_TableI,Selected_collection,1981,1
Crocidura russula,Ventricles_Vol.mm3,1.67,Stephan_etal_1981_TableI,Selected_collection,1981,1
Crocidura russula,Total_brain_net_volume_Vol.mm3,178,Stephan_etal_1981_TableI,Selected_collection,1981,1
Crocidura russula,Medulla_oblongata_Vol.mm3,23.6,Stephan_etal_1981_TableI,Selected_collection,1981,1
Crocidura russula,Cerebellum_Vol.mm3,21.8,Stephan_etal_1981_TableI,Selected_collection,1981,1
Crocidura russula,Mesencephalon_Vol.mm3,11.7,Stephan_etal_1981_TableI,Selected_collection,1981,1
Crocidura russula,Diencephalon_Vol.mm3,15,Stephan_etal_1981_TableI,Selected_collection,1981,1
Crocidura russula,Telencephalon_Vol.mm3,106,Stephan_etal_1981_TableI,Selected_collection,1981,1
Suncus murinus,Body_Mass.g,35.5,Stephan_etal_1981_TableI,Selected_collection,1981,1
Suncus murinus,Brain_Mass.mg,380,Stephan_etal_1981_TableI,Selected_collection,1981,1
Suncus murinus,Ventricles_Vol.mm3,4.6,Stephan_etal_1981_TableI,Selected_collection,1981,1
Suncus murinus,Total_brain_net_volume_Vol.mm3,354,Stephan_etal_1981_TableI,Selected_collection,1981,1
Suncus murinus,Medulla_oblongata_Vol.mm3,50.5,Stephan_etal_1981_TableI,Selected_collection,1981,1
Suncus murinus,Cerebellum_Vol.mm3,44.8,Stephan_etal_1981_TableI,Selected_collection,1981,1
Suncus murinus,Mesencephalon_Vol.mm3,24.2,Stephan_etal_1981_TableI,Selected_collection,1981,1
Suncus murinus,Diencephalon_Vol.mm3,26,Stephan_etal_1981_TableI,Selected_collection,1981,1
Suncus murinus,Telencephalon_Vol.mm3,209,Stephan_etal_1981_TableI,Selected_collection,1981,1
Talpa europaea,Body_Mass.g,76,Stephan_etal_1981_TableI,Selected_collection,1981,1
Talpa europaea,Brain_Mass.mg,1020,Stephan_etal_1981_TableI,Selected_collection,1981,1
Talpa europaea,Ventricles_Vol.mm3,10.9,Stephan_etal_1981_TableI,Selected_collection,1981,1
Talpa europaea,Total_brain_net_volume_Vol.mm3,953,Stephan_etal_1981_TableI,Selected_collection,1981,1
Talpa europaea,Medulla_oblongata_Vol.mm3,95.4,Stephan_etal_1981_TableI,Selected_collection,1981,1
Talpa europaea,Cerebellum_Vol.mm3,174,Stephan_etal_1981_TableI,Selected_collection,1981,1
Talpa europaea,Mesencephalon_Vol.mm3,49.8,Stephan_etal_1981_TableI,Selected_collection,1981,1
Talpa europaea,Diencephalon_Vol.mm3,80.4,Stephan_etal_1981_TableI,Selected_collection,1981,1
Talpa europaea,Telencephalon_Vol.mm3,554,Stephan_etal_1981_TableI,Selected_collection,1981,1
Desmana moschata,Body_Mass.g,440,Stephan_etal_1981_TableI,Selected_collection,1981,1
Desmana moschata,Brain_Mass.mg,4000,Stephan_etal_1981_TableI,Selected_collection,1981,1
Desmana moschata,Ventricles_Vol.mm3,138,Stephan_etal_1981_TableI,Selected_collection,1981,1
Desmana moschata,Total_brain_net_volume_Vol.mm3,3620,Stephan_etal_1981_TableI,Selected_collection,1981,1
Desmana moschata,Medulla_oblongata_Vol.mm3,402,Stephan_etal_1981_TableI,Selected_collection,1981,1
Desmana moschata,Cerebellum_Vol.mm3,514,Stephan_etal_1981_TableI,Selected_collection,1981,1
Desmana moschata,Mesencephalon_Vol.mm3,219,Stephan_etal_1981_TableI,Selected_collection,1981,1
Desmana moschata,Diencephalon_Vol.mm3,344,Stephan_etal_1981_TableI,Selected_collection,1981,1
Desmana moschata,Telencephalon_Vol.mm3,2140,Stephan_etal_1981_TableI,Selected_collection,1981,1
Galemys pyrenaicus,Body_Mass.g,57.5,Stephan_etal_1981_TableI,Selected_collection,1981,1
Galemys pyrenaicus,Brain_Mass.mg,1330,Stephan_etal_1981_TableI,Selected_collection,1981,1
Galemys pyrenaicus,Ventricles_Vol.mm3,27.5,Stephan_etal_1981_TableI,Selected_collection,1981,1
Galemys pyrenaicus,Total_brain_net_volume_Vol.mm3,1230,Stephan_etal_1981_TableI,Selected_collection,1981,1
Galemys pyrenaicus,Medulla_oblongata_Vol.mm3,147,Stephan_etal_1981_TableI,Selected_collection,1981,1
Galemys pyrenaicus,Cerebellum_Vol.mm3,184,Stephan_etal_1981_TableI,Selected_collection,1981,1
Galemys pyrenaicus,Mesencephalon_Vol.mm3,62.2,Stephan_etal_1981_TableI,Selected_collection,1981,1
Galemys pyrenaicus,Diencephalon_Vol.mm3,105,Stephan_etal_1981_TableI,Selected_collection,1981,1
Galemys pyrenaicus,Telencephalon_Vol.mm3,733,Stephan_etal_1981_TableI,Selected_collection,1981,1
Tupaia glis,Body_Mass.g,170,Stephan_etal_1981_TableII,Selected_collection,1981,2
Tupaia glis,Brain_Mass.mg,3200,Stephan_etal_1981_TableII,Selected_collection,1981,2
Tupaia glis,Ventricles_Vol.mm3,38.2,Stephan_etal_1981_TableII,Selected_collection,1981,2
Tupaia glis,Total_brain_net_volume_Vol.mm3,2999,Stephan_etal_1981_TableII,Selected_collection,1981,2
Tupaia glis,Medulla_oblongata_Vol.mm3,219,Stephan_etal_1981_TableII,Selected_collection,1981,2
Tupaia glis,Cerebellum_Vol.mm3,376,Stephan_etal_1981_TableII,Selected_collection,1981,2
Tupaia glis,Mesencephalon_Vol.mm3,256,Stephan_etal_1981_TableII,Selected_collection,1981,2
Tupaia glis,Diencephalon_Vol.mm3,275,Stephan_etal_1981_TableII,Selected_collection,1981,2
Tupaia glis,Telencephalon_Vol.mm3,1873,Stephan_etal_1981_TableII,Selected_collection,1981,2
Tupaia minor,Body_Mass.g,70,Stephan_etal_1981_TableII,Selected_collection,1981,2
Tupaia minor,Brain_Mass.mg,2580,Stephan_etal_1981_TableII,Selected_collection,1981,2
Tupaia minor,Ventricles_Vol.mm3,22.2,Stephan_etal_1981_TableII,Selected_collection,1981,2
Tupaia minor,Total_brain_net_volume_Vol.mm3,2430,Stephan_etal_1981_TableII,Selected_collection,1981,2
Tupaia minor,Medulla_oblongata_Vol.mm3,173,Stephan_etal_1981_TableII,Selected_collection,1981,2
Tupaia minor,Cerebellum_Vol.mm3,308,Stephan_etal_1981_TableII,Selected_collection,1981,2
Tupaia minor,Mesencephalon_Vol.mm3,249,Stephan_etal_1981_TableII,Selected_collection,1981,2
Tupaia minor,Diencephalon_Vol.mm3,251,Stephan_etal_1981_TableII,Selected_collection,1981,2
Tupaia minor,Telencephalon_Vol.mm3,1449,Stephan_etal_1981_TableII,Selected_collection,1981,2
Urogale everetti,Body_Mass.g,275,Stephan_etal_1981_TableII,Selected_collection,1981,2
Urogale everetti,Brain_Mass.mg,4280,Stephan_etal_1981_TableII,Selected_collection,1981,2
Urogale everetti,Ventricles_Vol.mm3,38.9,Stephan_etal_1981_TableII,Selected_collection,1981,2
Urogale everetti,Total_brain_net_volume_Vol.mm3,3997,Stephan_etal_1981_TableII,Selected_collection,1981,2
Urogale everetti,Medulla_oblongata_Vol.mm3,355,Stephan_etal_1981_TableII,Selected_collection,1981,2
Urogale everetti,Cerebellum_Vol.mm3,513,Stephan_etal_1981_TableII,Selected_collection,1981,2
Urogale everetti,Mesencephalon_Vol.mm3,307,Stephan_etal_1981_TableII,Selected_collection,1981,2
Urogale everetti,Diencephalon_Vol.mm3,394,Stephan_etal_1981_TableII,Selected_collection,1981,2
Urogale everetti,Telencephalon_Vol.mm3,2428,Stephan_etal_1981_TableII,Selected_collection,1981,2
Cheirogaleus major,Body_Mass.g,450,Stephan_etal_1981_TableII,Selected_collection,1981,2
Cheirogaleus major,Brain_Mass.mg,6800,Stephan_etal_1981_TableII,Selected_collection,1981,2
Cheirogaleus major,Ventricles_Vol.mm3,83.4,Stephan_etal_1981_TableII,Selected_collection,1981,2
Cheirogaleus major,Total_brain_net_volume_Vol.mm3,6373,Stephan_etal_1981_TableII,Selected_collection,1981,2
Cheirogaleus major,Medulla_oblongata_Vol.mm3,382,Stephan_etal_1981_TableII,Selected_collection,1981,2
Cheirogaleus major,Cerebellum_Vol.mm3,947,Stephan_etal_1981_TableII,Selected_collection,1981,2
Cheirogaleus major,Mesencephalon_Vol.mm3,241,Stephan_etal_1981_TableII,Selected_collection,1981,2
Cheirogaleus major,Diencephalon_Vol.mm3,489,Stephan_etal_1981_TableII,Selected_collection,1981,2
Cheirogaleus major,Telencephalon_Vol.mm3,4314,Stephan_etal_1981_TableII,Selected_collection,1981,2
Cheirogaleus medius,Body_Mass.g,177,Stephan_etal_1981_TableII,Selected_collection,1981,2
Cheirogaleus medius,Brain_Mass.mg,3140,Stephan_etal_1981_TableII,Selected_collection,1981,2
Cheirogaleus medius,Ventricles_Vol.mm3,24.6,Stephan_etal_1981_TableII,Selected_collection,1981,2
Cheirogaleus medius,Total_brain_net_volume_Vol.mm3,2961,Stephan_etal_1981_TableII,Selected_collection,1981,2
Cheirogaleus medius,Medulla_oblongata_Vol.mm3,202,Stephan_etal_1981_TableII,Selected_collection,1981,2
Cheirogaleus medius,Cerebellum_Vol.mm3,437,Stephan_etal_1981_TableII,Selected_collection,1981,2
Cheirogaleus medius,Mesencephalon_Vol.mm3,145,Stephan_etal_1981_TableII,Selected_collection,1981,2
Cheirogaleus medius,Diencephalon_Vol.mm3,235,Stephan_etal_1981_TableII,Selected_collection,1981,2
Cheirogaleus medius,Telencephalon_Vol.mm3,1941,Stephan_etal_1981_TableII,Selected_collection,1981,2
Microcebus murinus,Body_Mass.g,54,Stephan_etal_1981_TableII,Selected_collection,1981,2
Microcebus murinus,Brain_Mass.mg,1780,Stephan_etal_1981_TableII,Selected_collection,1981,2
Microcebus murinus,Ventricles_Vol.mm3,11.3,Stephan_etal_1981_TableII,Selected_collection,1981,2
Microcebus murinus,Total_brain_net_volume_Vol.mm3,1680,Stephan_etal_1981_TableII,Selected_collection,1981,2
Microcebus murinus,Medulla_oblongata_Vol.mm3,99.1,Stephan_etal_1981_TableII,Selected_collection,1981,2
Microcebus murinus,Cerebellum_Vol.mm3,234,Stephan_etal_1981_TableII,Selected_collection,1981,2
Microcebus murinus,Mesencephalon_Vol.mm3,85.2,Stephan_etal_1981_TableII,Selected_collection,1981,2
Microcebus murinus,Diencephalon_Vol.mm3,134,Stephan_etal_1981_TableII,Selected_collection,1981,2
Microcebus murinus,Telencephalon_Vol.mm3,1129,Stephan_etal_1981_TableII,Selected_collection,1981,2
Lepilemur ruficaudatus,Body_Mass.g,915,Stephan_etal_1981_TableII,Selected_collection,1981,2
Lepilemur ruficaudatus,Brain_Mass.mg,7600,Stephan_etal_1981_TableII,Selected_collection,1981,2
Lepilemur ruficaudatus,Ventricles_Vol.mm3,76.5,Stephan_etal_1981_TableII,Selected_collection,1981,2
Lepilemur ruficaudatus,Total_brain_net_volume_Vol.mm3,7175,Stephan_etal_1981_TableII,Selected_collection,1981,2
Lepilemur ruficaudatus,Medulla_oblongata_Vol.mm3,449,Stephan_etal_1981_TableII,Selected_collection,1981,2
Lepilemur ruficaudatus,Cerebellum_Vol.mm3,1165,Stephan_etal_1981_TableII,Selected_collection,1981,2
Lepilemur ruficaudatus,Mesencephalon_Vol.mm3,260,Stephan_etal_1981_TableII,Selected_collection,1981,2
Lepilemur ruficaudatus,Diencephalon_Vol.mm3,593,Stephan_etal_1981_TableII,Selected_collection,1981,2
Lepilemur ruficaudatus,Telencephalon_Vol.mm3,4708,Stephan_etal_1981_TableII,Selected_collection,1981,2
Eulemur fulvus,Body_Mass.g,1400,Stephan_etal_1981_TableII,Selected_collection,1981,2
Eulemur fulvus,Brain_Mass.mg,23300,Stephan_etal_1981_TableII,Selected_collection,1981,2
Eulemur fulvus,Ventricles_Vol.mm3,194,Stephan_etal_1981_TableII,Selected_collection,1981,2
Eulemur fulvus,Total_brain_net_volume_Vol.mm3,22106,Stephan_etal_1981_TableII,Selected_collection,1981,2
Eulemur fulvus,Medulla_oblongata_Vol.mm3,909,Stephan_etal_1981_TableII,Selected_collection,1981,2
Eulemur fulvus,Cerebellum_Vol.mm3,3328,Stephan_etal_1981_TableII,Selected_collection,1981,2
Eulemur fulvus,Mesencephalon_Vol.mm3,590,Stephan_etal_1981_TableII,Selected_collection,1981,2
Eulemur fulvus,Diencephalon_Vol.mm3,1713,Stephan_etal_1981_TableII,Selected_collection,1981,2
Eulemur fulvus,Telencephalon_Vol.mm3,15566,Stephan_etal_1981_TableII,Selected_collection,1981,2
Varecia variegata,Body_Mass.g,3000,Stephan_etal_1981_TableII,Selected_collection,1981,2
Varecia variegata,Brain_Mass.mg,31500,Stephan_etal_1981_TableII,Selected_collection,1981,2
Varecia variegata,Ventricles_Vol.mm3,299,Stephan_etal_1981_TableII,Selected_collection,1981,2
Varecia variegata,Total_brain_net_volume_Vol.mm3,29713,Stephan_etal_1981_TableII,Selected_collection,1981,2
Varecia variegata,Medulla_oblongata_Vol.mm3,1420,Stephan_etal_1981_TableII,Selected_collection,1981,2
Varecia variegata,Cerebellum_Vol.mm3,4286,Stephan_etal_1981_TableII,Selected_collection,1981,2
Varecia variegata,Mesencephalon_Vol.mm3,1018,Stephan_etal_1981_TableII,Selected_collection,1981,2
Varecia variegata,Diencephalon_Vol.mm3,2529,Stephan_etal_1981_TableII,Selected_collection,1981,2
Varecia variegata,Telencephalon_Vol.mm3,20461,Stephan_etal_1981_TableII,Selected_collection,1981,2
Avahi laniger,Body_Mass.g,1285,Stephan_etal_1981_TableII,Selected_collection,1981,2
Avahi laniger,Brain_Mass.mg,10490,Stephan_etal_1981_TableII,Selected_collection,1981,2
Avahi laniger,Ventricles_Vol.mm3,172,Stephan_etal_1981_TableII,Selected_collection,1981,2
Avahi laniger,Total_brain_net_volume_Vol.mm3,9798,Stephan_etal_1981_TableII,Selected_collection,1981,2
Avahi laniger,Medulla_oblongata_Vol.mm3,553,Stephan_etal_1981_TableII,Selected_collection,1981,2
Avahi laniger,Cerebellum_Vol.mm3,1489,Stephan_etal_1981_TableII,Selected_collection,1981,2
Avahi laniger,Mesencephalon_Vol.mm3,343,Stephan_etal_1981_TableII,Selected_collection,1981,2
Avahi laniger,Diencephalon_Vol.mm3,862,Stephan_etal_1981_TableII,Selected_collection,1981,2
Avahi laniger,Telencephalon_Vol.mm3,6550,Stephan_etal_1981_TableII,Selected_collection,1981,2
Avahi occidentalis,Body_Mass.g,860,Stephan_etal_1981_TableII,Selected_collection,1981,2
Avahi occidentalis,Brain_Mass.mg,9670,Stephan_etal_1981_TableII,Selected_collection,1981,2
Avahi occidentalis,Ventricles_Vol.mm3,73.7,Stephan_etal_1981_TableII,Selected_collection,1981,2
Avahi occidentalis,Total_brain_net_volume_Vol.mm3,9124,Stephan_etal_1981_TableII,Selected_collection,1981,2
Avahi occidentalis,Medulla_oblongata_Vol.mm3,508,Stephan_etal_1981_TableII,Selected_collection,1981,2
Avahi occidentalis,Cerebellum_Vol.mm3,1383,Stephan_etal_1981_TableII,Selected_collection,1981,2
Avahi occidentalis,Mesencephalon_Vol.mm3,345,Stephan_etal_1981_TableII,Selected_collection,1981,2
Avahi occidentalis,Diencephalon_Vol.mm3,861,Stephan_etal_1981_TableII,Selected_collection,1981,2
Avahi occidentalis,Telencephalon_Vol.mm3,6026,Stephan_etal_1981_TableII,Selected_collection,1981,2
Propithecus verreauxi,Body_Mass.g,3480,Stephan_etal_1981_TableII,Selected_collection,1981,2
Propithecus verreauxi,Brain_Mass.mg,26700,Stephan_etal_1981_TableII,Selected_collection,1981,2
Propithecus verreauxi,Ventricles_Vol.mm3,231,Stephan_etal_1981_TableII,Selected_collection,1981,2
Propithecus verreauxi,Total_brain_net_volume_Vol.mm3,25194,Stephan_etal_1981_TableII,Selected_collection,1981,2
Propithecus verreauxi,Medulla_oblongata_Vol.mm3,1223,Stephan_etal_1981_TableII,Selected_collection,1981,2
Propithecus verreauxi,Cerebellum_Vol.mm3,3957,Stephan_etal_1981_TableII,Selected_collection,1981,2
Propithecus verreauxi,Mesencephalon_Vol.mm3,780,Stephan_etal_1981_TableII,Selected_collection,1981,2
Propithecus verreauxi,Diencephalon_Vol.mm3,2195,Stephan_etal_1981_TableII,Selected_collection,1981,2
Propithecus verreauxi,Telencephalon_Vol.mm3,17040,Stephan_etal_1981_TableII,Selected_collection,1981,2
Indri indri,Body_Mass.g,6250,Stephan_etal_1981_TableII,Selected_collection,1981,2
Indri indri,Brain_Mass.mg,38300,Stephan_etal_1981_TableII,Selected_collection,1981,2
Indri indri,Ventricles_Vol.mm3,330,Stephan_etal_1981_TableII,Selected_collection,1981,2
Indri indri,Total_brain_net_volume_Vol.mm3,36285,Stephan_etal_1981_TableII,Selected_collection,1981,2
Indri indri,Medulla_oblongata_Vol.mm3,1342,Stephan_etal_1981_TableII,Selected_collection,1981,2
Indri indri,Cerebellum_Vol.mm3,5504,Stephan_etal_1981_TableII,Selected_collection,1981,2
Indri indri,Mesencephalon_Vol.mm3,978,Stephan_etal_1981_TableII,Selected_collection,1981,2
Indri indri,Diencephalon_Vol.mm3,2911,Stephan_etal_1981_TableII,Selected_collection,1981,2
Indri indri,Telencephalon_Vol.mm3,25551,Stephan_etal_1981_TableII,Selected_collection,1981,2
Daubentonia madagascariensis,Body_Mass.g,2800,Stephan_etal_1981_TableII,Selected_collection,1981,2
Daubentonia madagascariensis,Brain_Mass.mg,45150,Stephan_etal_1981_TableII,Selected_collection,1981,2
Daubentonia madagascariensis,Ventricles_Vol.mm3,392,Stephan_etal_1981_TableII,Selected_collection,1981,2
Daubentonia madagascariensis,Total_brain_net_volume_Vol.mm3,42611,Stephan_etal_1981_TableII,Selected_collection,1981,2
Daubentonia madagascariensis,Medulla_oblongata_Vol.mm3,1517,Stephan_etal_1981_TableII,Selected_collection,1981,2
Daubentonia madagascariensis,Cerebellum_Vol.mm3,6461,Stephan_etal_1981_TableII,Selected_collection,1981,2
Daubentonia madagascariensis,Mesencephalon_Vol.mm3,897,Stephan_etal_1981_TableII,Selected_collection,1981,2
Daubentonia madagascariensis,Diencephalon_Vol.mm3,3539,Stephan_etal_1981_TableII,Selected_collection,1981,2
Daubentonia madagascariensis,Telencephalon_Vol.mm3,30196,Stephan_etal_1981_TableII,Selected_collection,1981,2
Loris tardigradus,Body_Mass.g,322,Stephan_etal_1981_TableII,Selected_collection,1981,2
Loris tardigradus,Brain_Mass.mg,6600,Stephan_etal_1981_TableII,Selected_collection,1981,2
Loris tardigradus,Ventricles_Vol.mm3,51.6,Stephan_etal_1981_TableII,Selected_collection,1981,2
Loris tardigradus,Total_brain_net_volume_Vol.mm3,6269,Stephan_etal_1981_TableII,Selected_collection,1981,2
Loris tardigradus,Medulla_oblongata_Vol.mm3,233,Stephan_etal_1981_TableII,Selected_collection,1981,2
Loris tardigradus,Cerebellum_Vol.mm3,728,Stephan_etal_1981_TableII,Selected_collection,1981,2
Loris tardigradus,Mesencephalon_Vol.mm3,220,Stephan_etal_1981_TableII,Selected_collection,1981,2
Loris tardigradus,Diencephalon_Vol.mm3,538,Stephan_etal_1981_TableII,Selected_collection,1981,2
Loris tardigradus,Telencephalon_Vol.mm3,4551,Stephan_etal_1981_TableII,Selected_collection,1981,2
Nycticebus coucang,Body_Mass.g,800,Stephan_etal_1981_TableII,Selected_collection,1981,2
Nycticebus coucang,Brain_Mass.mg,12500,Stephan_etal_1981_TableII,Selected_collection,1981,2
Nycticebus coucang,Ventricles_Vol.mm3,142,Stephan_etal_1981_TableII,Selected_collection,1981,2
Nycticebus coucang,Total_brain_net_volume_Vol.mm3,11755,Stephan_etal_1981_TableII,Selected_collection,1981,2
Nycticebus coucang,Medulla_oblongata_Vol.mm3,528,Stephan_etal_1981_TableII,Selected_collection,1981,2
Nycticebus coucang,Cerebellum_Vol.mm3,1310,Stephan_etal_1981_TableII,Selected_collection,1981,2
Nycticebus coucang,Mesencephalon_Vol.mm3,345,Stephan_etal_1981_TableII,Selected_collection,1981,2
Nycticebus coucang,Diencephalon_Vol.mm3,1077,Stephan_etal_1981_TableII,Selected_collection,1981,2
Nycticebus coucang,Telencephalon_Vol.mm3,8495,Stephan_etal_1981_TableII,Selected_collection,1981,2
Perodicticus potto,Body_Mass.g,1150,Stephan_etal_1981_TableII,Selected_collection,1981,2
Perodicticus potto,Brain_Mass.mg,14000,Stephan_etal_1981_TableII,Selected_collection,1981,2
Perodicticus potto,Ventricles_Vol.mm3,127,Stephan_etal_1981_TableII,Selected_collection,1981,2
Perodicticus potto,Total_brain_net_volume_Vol.mm3,13212,Stephan_etal_1981_TableII,Selected_collection,1981,2
Perodicticus potto,Medulla_oblongata_Vol.mm3,680,Stephan_etal_1981_TableII,Selected_collection,1981,2
Perodicticus potto,Cerebellum_Vol.mm3,1699,Stephan_etal_1981_TableII,Selected_collection,1981,2
Perodicticus potto,Mesencephalon_Vol.mm3,391,Stephan_etal_1981_TableII,Selected_collection,1981,2
Perodicticus potto,Diencephalon_Vol.mm3,1024,Stephan_etal_1981_TableII,Selected_collection,1981,2
Perodicticus potto,Telencephalon_Vol.mm3,9418,Stephan_etal_1981_TableII,Selected_collection,1981,2
Otolemur crassicaudatus,Body_Mass.g,850,Stephan_etal_1981_TableII,Selected_collection,1981,2
Otolemur crassicaudatus,Brain_Mass.mg,10300,Stephan_etal_1981_TableII,Selected_collection,1981,2
Otolemur crassicaudatus,Ventricles_Vol.mm3,147,Stephan_etal_1981_TableII,Selected_collection,1981,2
Otolemur crassicaudatus,Total_brain_net_volume_Vol.mm3,9668,Stephan_etal_1981_TableII,Selected_collection,1981,2
Otolemur crassicaudatus,Medulla_oblongata_Vol.mm3,540,Stephan_etal_1981_TableII,Selected_collection,1981,2
Otolemur crassicaudatus,Cerebellum_Vol.mm3,1414,Stephan_etal_1981_TableII,Selected_collection,1981,2
Otolemur crassicaudatus,Mesencephalon_Vol.mm3,384,Stephan_etal_1981_TableII,Selected_collection,1981,2
Otolemur crassicaudatus,Diencephalon_Vol.mm3,785,Stephan_etal_1981_TableII,Selected_collection,1981,2
Otolemur crassicaudatus,Telencephalon_Vol.mm3,6545,Stephan_etal_1981_TableII,Selected_collection,1981,2
Galagoides demidoff,Body_Mass.g,81,Stephan_etal_1981_TableII,Selected_collection,1981,2
Galagoides demidoff,Brain_Mass.mg,3380,Stephan_etal_1981_TableII,Selected_collection,1981,2
Galagoides demidoff,Ventricles_Vol.mm3,30.4,Stephan_etal_1981_TableII,Selected_collection,1981,2
Galagoides demidoff,Total_brain_net_volume_Vol.mm3,3203,Stephan_etal_1981_TableII,Selected_collection,1981,2
Galagoides demidoff,Medulla_oblongata_Vol.mm3,169,Stephan_etal_1981_TableII,Selected_collection,1981,2
Galagoides demidoff,Cerebellum_Vol.mm3,413,Stephan_etal_1981_TableII,Selected_collection,1981,2
Galagoides demidoff,Mesencephalon_Vol.mm3,135,Stephan_etal_1981_TableII,Selected_collection,1981,2
Galagoides demidoff,Diencephalon_Vol.mm3,246,Stephan_etal_1981_TableII,Selected_collection,1981,2
Galagoides demidoff,Telencephalon_Vol.mm3,2240,Stephan_etal_1981_TableII,Selected_collection,1981,2
Galago senegalensis,Body_Mass.g,186,Stephan_etal_1981_TableII,Selected_collection,1981,2
Galago senegalensis,Brain_Mass.mg,4800,Stephan_etal_1981_TableII,Selected_collection,1981,2
Galago senegalensis,Ventricles_Vol.mm3,40.2,Stephan_etal_1981_TableII,Selected_collection,1981,2
Galago senegalensis,Total_brain_net_volume_Vol.mm3,4512,Stephan_etal_1981_TableII,Selected_collection,1981,2
Galago senegalensis,Medulla_oblongata_Vol.mm3,254,Stephan_etal_1981_TableII,Selected_collection,1981,2
Galago senegalensis,Cerebellum_Vol.mm3,672,Stephan_etal_1981_TableII,Selected_collection,1981,2
Galago senegalensis,Mesencephalon_Vol.mm3,205,Stephan_etal_1981_TableII,Selected_collection,1981,2
Galago senegalensis,Diencephalon_Vol.mm3,382,Stephan_etal_1981_TableII,Selected_collection,1981,2
Galago senegalensis,Telencephalon_Vol.mm3,2997,Stephan_etal_1981_TableII,Selected_collection,1981,2
Tarsius sp.,Body_Mass.g,125,Stephan_etal_1981_TableII,Selected_collection,1981,2
Tarsius sp.,Brain_Mass.mg,3600,Stephan_etal_1981_TableII,Selected_collection,1981,2
Tarsius sp.,Ventricles_Vol.mm3,24.1,Stephan_etal_1981_TableII,Selected_collection,1981,2
Tarsius sp.,Total_brain_net_volume_Vol.mm3,3393,Stephan_etal_1981_TableII,Selected_collection,1981,2
Tarsius sp.,Medulla_oblongata_Vol.mm3,207,Stephan_etal_1981_TableII,Selected_collection,1981,2
Tarsius sp.,Cerebellum_Vol.mm3,428,Stephan_etal_1981_TableII,Selected_collection,1981,2
Tarsius sp.,Mesencephalon_Vol.mm3,197,Stephan_etal_1981_TableII,Selected_collection,1981,2
Tarsius sp.,Diencephalon_Vol.mm3,303,Stephan_etal_1981_TableII,Selected_collection,1981,2
Tarsius sp.,Telencephalon_Vol.mm3,2258,Stephan_etal_1981_TableII,Selected_collection,1981,2
Callithrix jacchus,Body_Mass.g,280,Stephan_etal_1981_TableIII,Selected_collection,1981,3
Callithrix jacchus,Brain_Mass.mg,7600,Stephan_etal_1981_TableIII,Selected_collection,1981,3
Callithrix jacchus,Ventricles_Vol.mm3,52,Stephan_etal_1981_TableIII,Selected_collection,1981,3
Callithrix jacchus,Total_brain_net_volume_Vol.mm3,7241,Stephan_etal_1981_TableIII,Selected_collection,1981,3
Callithrix jacchus,Medulla_oblongata_Vol.mm3,318,Stephan_etal_1981_TableIII,Selected_collection,1981,3
Callithrix jacchus,Cerebellum_Vol.mm3,757,Stephan_etal_1981_TableIII,Selected_collection,1981,3
Callithrix jacchus,Mesencephalon_Vol.mm3,295,Stephan_etal_1981_TableIII,Selected_collection,1981,3
Callithrix jacchus,Diencephalon_Vol.mm3,554,Stephan_etal_1981_TableIII,Selected_collection,1981,3
Callithrix jacchus,Telencephalon_Vol.mm3,5318,Stephan_etal_1981_TableIII,Selected_collection,1981,3
Callithrix pygmaea,Body_Mass.g,140,Stephan_etal_1981_TableIII,Selected_collection,1981,3
Callithrix pygmaea,Brain_Mass.mg,4500,Stephan_etal_1981_TableIII,Selected_collection,1981,3
Callithrix pygmaea,Ventricles_Vol.mm3,24.5,Stephan_etal_1981_TableIII,Selected_collection,1981,3
Callithrix pygmaea,Total_brain_net_volume_Vol.mm3,4302,Stephan_etal_1981_TableIII,Selected_collection,1981,3
Callithrix pygmaea,Medulla_oblongata_Vol.mm3,201,Stephan_etal_1981_TableIII,Selected_collection,1981,3
Callithrix pygmaea,Cerebellum_Vol.mm3,468,Stephan_etal_1981_TableIII,Selected_collection,1981,3
Callithrix pygmaea,Mesencephalon_Vol.mm3,192,Stephan_etal_1981_TableIII,Selected_collection,1981,3
Callithrix pygmaea,Diencephalon_Vol.mm3,342,Stephan_etal_1981_TableIII,Selected_collection,1981,3
Callithrix pygmaea,Telencephalon_Vol.mm3,3099,Stephan_etal_1981_TableIII,Selected_collection,1981,3
Saguinus oedipus,Body_Mass.g,380,Stephan_etal_1981_TableIII,Selected_collection,1981,3
Saguinus oedipus,Brain_Mass.mg,10000,Stephan_etal_1981_TableIII,Selected_collection,1981,3
Saguinus oedipus,Ventricles_Vol.mm3,62.6,Stephan_etal_1981_TableIII,Selected_collection,1981,3
Saguinus oedipus,Total_brain_net_volume_Vol.mm3,9537,Stephan_etal_1981_TableIII,Selected_collection,1981,3
Saguinus oedipus,Medulla_oblongata_Vol.mm3,413,Stephan_etal_1981_TableIII,Selected_collection,1981,3
Saguinus oedipus,Cerebellum_Vol.mm3,984,Stephan_etal_1981_TableIII,Selected_collection,1981,3
Saguinus oedipus,Mesencephalon_Vol.mm3,333,Stephan_etal_1981_TableIII,Selected_collection,1981,3
Saguinus oedipus,Diencephalon_Vol.mm3,754,Stephan_etal_1981_TableIII,Selected_collection,1981,3
Saguinus oedipus,Telencephalon_Vol.mm3,7052,Stephan_etal_1981_TableIII,Selected_collection,1981,3
Saguinus midas,Body_Mass.g,340,Stephan_etal_1981_TableIII,Selected_collection,1981,3
Saguinus midas,Brain_Mass.mg,10300,Stephan_etal_1981_TableIII,Selected_collection,1981,3
Saguinus midas,Ventricles_Vol.mm3,251,Stephan_etal_1981_TableIII,Selected_collection,1981,3
Saguinus midas,Total_brain_net_volume_Vol.mm3,9569,Stephan_etal_1981_TableIII,Selected_collection,1981,3
Saguinus midas,Medulla_oblongata_Vol.mm3,428,Stephan_etal_1981_TableIII,Selected_collection,1981,3
Saguinus midas,Cerebellum_Vol.mm3,1061,Stephan_etal_1981_TableIII,Selected_collection,1981,3
Saguinus midas,Mesencephalon_Vol.mm3,332,Stephan_etal_1981_TableIII,Selected_collection,1981,3
Saguinus midas,Diencephalon_Vol.mm3,692,Stephan_etal_1981_TableIII,Selected_collection,1981,3
Saguinus midas,Telencephalon_Vol.mm3,7055,Stephan_etal_1981_TableIII,Selected_collection,1981,3
Callimico goeldii,Body_Mass.g,480,Stephan_etal_1981_TableIII,Selected_collection,1981,3
Callimico goeldii,Brain_Mass.mg,11000,Stephan_etal_1981_TableIII,Selected_collection,1981,3
Callimico goeldii,Ventricles_Vol.mm3,47.9,Stephan_etal_1981_TableIII,Selected_collection,1981,3
Callimico goeldii,Total_brain_net_volume_Vol.mm3,10510,Stephan_etal_1981_TableIII,Selected_collection,1981,3
Callimico goeldii,Medulla_oblongata_Vol.mm3,460,Stephan_etal_1981_TableIII,Selected_collection,1981,3
Callimico goeldii,Cerebellum_Vol.mm3,1240,Stephan_etal_1981_TableIII,Selected_collection,1981,3
Callimico goeldii,Mesencephalon_Vol.mm3,340,Stephan_etal_1981_TableIII,Selected_collection,1981,3
Callimico goeldii,Diencephalon_Vol.mm3,739,Stephan_etal_1981_TableIII,Selected_collection,1981,3
Callimico goeldii,Telencephalon_Vol.mm3,7733,Stephan_etal_1981_TableIII,Selected_collection,1981,3
Aotus trivirgatus,Body_Mass.g,830,Stephan_etal_1981_TableIII,Selected_collection,1981,3
Aotus trivirgatus,Brain_Mass.mg,17100,Stephan_etal_1981_TableIII,Selected_collection,1981,3
Aotus trivirgatus,Ventricles_Vol.mm3,105,Stephan_etal_1981_TableIII,Selected_collection,1981,3
Aotus trivirgatus,Total_brain_net_volume_Vol.mm3,16195,Stephan_etal_1981_TableIII,Selected_collection,1981,3
Aotus trivirgatus,Medulla_oblongata_Vol.mm3,686,Stephan_etal_1981_TableIII,Selected_collection,1981,3
Aotus trivirgatus,Cerebellum_Vol.mm3,1873,Stephan_etal_1981_TableIII,Selected_collection,1981,3
Aotus trivirgatus,Mesencephalon_Vol.mm3,409,Stephan_etal_1981_TableIII,Selected_collection,1981,3
Aotus trivirgatus,Diencephalon_Vol.mm3,1098,Stephan_etal_1981_TableIII,Selected_collection,1981,3
Aotus trivirgatus,Telencephalon_Vol.mm3,12128,Stephan_etal_1981_TableIII,Selected_collection,1981,3
Callicebus moloch,Body_Mass.g,900,Stephan_etal_1981_TableIII,Selected_collection,1981,3
Callicebus moloch,Brain_Mass.mg,19000,Stephan_etal_1981_TableIII,Selected_collection,1981,3
Callicebus moloch,Ventricles_Vol.mm3,279,Stephan_etal_1981_TableIII,Selected_collection,1981,3
Callicebus moloch,Total_brain_net_volume_Vol.mm3,17944,Stephan_etal_1981_TableIII,Selected_collection,1981,3
Callicebus moloch,Medulla_oblongata_Vol.mm3,787,Stephan_etal_1981_TableIII,Selected_collection,1981,3
Callicebus moloch,Cerebellum_Vol.mm3,1622,Stephan_etal_1981_TableIII,Selected_collection,1981,3
Callicebus moloch,Mesencephalon_Vol.mm3,530,Stephan_etal_1981_TableIII,Selected_collection,1981,3
Callicebus moloch,Diencephalon_Vol.mm3,1375,Stephan_etal_1981_TableIII,Selected_collection,1981,3
Callicebus moloch,Telencephalon_Vol.mm3,13465,Stephan_etal_1981_TableIII,Selected_collection,1981,3
Pithecia monachus,Body_Mass.g,1500,Stephan_etal_1981_TableIII,Selected_collection,1981,3
Pithecia monachus,Brain_Mass.mg,35000,Stephan_etal_1981_TableIII,Selected_collection,1981,3
Pithecia monachus,Ventricles_Vol.mm3,631,Stephan_etal_1981_TableIII,Selected_collection,1981,3
Pithecia monachus,Total_brain_net_volume_Vol.mm3,32867,Stephan_etal_1981_TableIII,Selected_collection,1981,3
Pithecia monachus,Medulla_oblongata_Vol.mm3,1009,Stephan_etal_1981_TableIII,Selected_collection,1981,3
Pithecia monachus,Cerebellum_Vol.mm3,3908,Stephan_etal_1981_TableIII,Selected_collection,1981,3
Pithecia monachus,Mesencephalon_Vol.mm3,745,Stephan_etal_1981_TableIII,Selected_collection,1981,3
Pithecia monachus,Diencephalon_Vol.mm3,2285,Stephan_etal_1981_TableIII,Selected_collection,1981,3
Pithecia monachus,Telencephalon_Vol.mm3,24920,Stephan_etal_1981_TableIII,Selected_collection,1981,3
Alouatta seniculus,Body_Mass.g,6400,Stephan_etal_1981_TableIII,Selected_collection,1981,3
Alouatta seniculus,Brain_Mass.mg,52000,Stephan_etal_1981_TableIII,Selected_collection,1981,3
Alouatta seniculus,Ventricles_Vol.mm3,616,Stephan_etal_1981_TableIII,Selected_collection,1981,3
Alouatta seniculus,Total_brain_net_volume_Vol.mm3,49009,Stephan_etal_1981_TableIII,Selected_collection,1981,3
Alouatta seniculus,Medulla_oblongata_Vol.mm3,1593,Stephan_etal_1981_TableIII,Selected_collection,1981,3
Alouatta seniculus,Cerebellum_Vol.mm3,5699,Stephan_etal_1981_TableIII,Selected_collection,1981,3
Alouatta seniculus,Mesencephalon_Vol.mm3,986,Stephan_etal_1981_TableIII,Selected_collection,1981,3
Alouatta seniculus,Diencephalon_Vol.mm3,3344,Stephan_etal_1981_TableIII,Selected_collection,1981,3
Alouatta seniculus,Telencephalon_Vol.mm3,37388,Stephan_etal_1981_TableIII,Selected_collection,1981,3
Ateles geoffroyi,Body_Mass.g,8000,Stephan_etal_1981_TableIII,Selected_collection,1981,3
Ateles geoffroyi,Brain_Mass.mg,108000,Stephan_etal_1981_TableIII,Selected_collection,1981,3
Ateles geoffroyi,Ventricles_Vol.mm3,1389,Stephan_etal_1981_TableIII,Selected_collection,1981,3
Ateles geoffroyi,Total_brain_net_volume_Vol.mm3,101034,Stephan_etal_1981_TableIII,Selected_collection,1981,3
Ateles geoffroyi,Medulla_oblongata_Vol.mm3,1834,Stephan_etal_1981_TableIII,Selected_collection,1981,3
Ateles geoffroyi,Cerebellum_Vol.mm3,12438,Stephan_etal_1981_TableIII,Selected_collection,1981,3
Ateles geoffroyi,Mesencephalon_Vol.mm3,1482,Stephan_etal_1981_TableIII,Selected_collection,1981,3
Ateles geoffroyi,Diencephalon_Vol.mm3,5334,Stephan_etal_1981_TableIII,Selected_collection,1981,3
Ateles geoffroyi,Telencephalon_Vol.mm3,79946,Stephan_etal_1981_TableIII,Selected_collection,1981,3
Lagothrix lagothricha,Body_Mass.g,5200,Stephan_etal_1981_TableIII,Selected_collection,1981,3
Lagothrix lagothricha,Brain_Mass.mg,101000,Stephan_etal_1981_TableIII,Selected_collection,1981,3
Lagothrix lagothricha,Ventricles_Vol.mm3,1090,Stephan_etal_1981_TableIII,Selected_collection,1981,3
Lagothrix lagothricha,Total_brain_net_volume_Vol.mm3,95503,Stephan_etal_1981_TableIII,Selected_collection,1981,3
Lagothrix lagothricha,Medulla_oblongata_Vol.mm3,2110,Stephan_etal_1981_TableIII,Selected_collection,1981,3
Lagothrix lagothricha,Cerebellum_Vol.mm3,11268,Stephan_etal_1981_TableIII,Selected_collection,1981,3
Lagothrix lagothricha,Mesencephalon_Vol.mm3,1582,Stephan_etal_1981_TableIII,Selected_collection,1981,3
Lagothrix lagothricha,Diencephalon_Vol.mm3,5721,Stephan_etal_1981_TableIII,Selected_collection,1981,3
Lagothrix lagothricha,Telencephalon_Vol.mm3,74822,Stephan_etal_1981_TableIII,Selected_collection,1981,3
Cebus albifrons,Body_Mass.g,3100,Stephan_etal_1981_TableIII,Selected_collection,1981,3
Cebus albifrons,Brain_Mass.mg,71000,Stephan_etal_1981_TableIII,Selected_collection,1981,3
Cebus albifrons,Ventricles_Vol.mm3,729,Stephan_etal_1981_TableIII,Selected_collection,1981,3
Cebus albifrons,Total_brain_net_volume_Vol.mm3,66939,Stephan_etal_1981_TableIII,Selected_collection,1981,3
Cebus albifrons,Medulla_oblongata_Vol.mm3,1738,Stephan_etal_1981_TableIII,Selected_collection,1981,3
Cebus albifrons,Cerebellum_Vol.mm3,7871,Stephan_etal_1981_TableIII,Selected_collection,1981,3
Cebus albifrons,Mesencephalon_Vol.mm3,1221,Stephan_etal_1981_TableIII,Selected_collection,1981,3
Cebus albifrons,Diencephalon_Vol.mm3,3996,Stephan_etal_1981_TableIII,Selected_collection,1981,3
Cebus albifrons,Telencephalon_Vol.mm3,52113,Stephan_etal_1981_TableIII,Selected_collection,1981,3
Saimiri sciureus,Body_Mass.g,660,Stephan_etal_1981_TableIII,Selected_collection,1981,3
Saimiri sciureus,Brain_Mass.mg,24000,Stephan_etal_1981_TableIII,Selected_collection,1981,3
Saimiri sciureus,Ventricles_Vol.mm3,299,Stephan_etal_1981_TableIII,Selected_collection,1981,3
Saimiri sciureus,Total_brain_net_volume_Vol.mm3,22572,Stephan_etal_1981_TableIII,Selected_collection,1981,3
Saimiri sciureus,Medulla_oblongata_Vol.mm3,722,Stephan_etal_1981_TableIII,Selected_collection,1981,3
Saimiri sciureus,Cerebellum_Vol.mm3,2260,Stephan_etal_1981_TableIII,Selected_collection,1981,3
Saimiri sciureus,Mesencephalon_Vol.mm3,526,Stephan_etal_1981_TableIII,Selected_collection,1981,3
Saimiri sciureus,Diencephalon_Vol.mm3,1430,Stephan_etal_1981_TableIII,Selected_collection,1981,3
Saimiri sciureus,Telencephalon_Vol.mm3,17635,Stephan_etal_1981_TableIII,Selected_collection,1981,3
Macaca mulatta,Body_Mass.g,7800,Stephan_etal_1981_TableIII,Selected_collection,1981,3
Macaca mulatta,Brain_Mass.mg,93000,Stephan_etal_1981_TableIII,Selected_collection,1981,3
Macaca mulatta,Ventricles_Vol.mm3,834,Stephan_etal_1981_TableIII,Selected_collection,1981,3
Macaca mulatta,Total_brain_net_volume_Vol.mm3,87896,Stephan_etal_1981_TableIII,Selected_collection,1981,3
Macaca mulatta,Medulla_oblongata_Vol.mm3,1992,Stephan_etal_1981_TableIII,Selected_collection,1981,3
Macaca mulatta,Cerebellum_Vol.mm3,8965,Stephan_etal_1981_TableIII,Selected_collection,1981,3
Macaca mulatta,Mesencephalon_Vol.mm3,1380,Stephan_etal_1981_TableIII,Selected_collection,1981,3
Macaca mulatta,Diencephalon_Vol.mm3,4480,Stephan_etal_1981_TableIII,Selected_collection,1981,3
Macaca mulatta,Telencephalon_Vol.mm3,71080,Stephan_etal_1981_TableIII,Selected_collection,1981,3
Lophocebus albigena,Body_Mass.g,7900,Stephan_etal_1981_TableIII,Selected_collection,1981,3
Lophocebus albigena,Brain_Mass.mg,104000,Stephan_etal_1981_TableIII,Selected_collection,1981,3
Lophocebus albigena,Ventricles_Vol.mm3,742,Stephan_etal_1981_TableIII,Selected_collection,1981,3
Lophocebus albigena,Total_brain_net_volume_Vol.mm3,97603,Stephan_etal_1981_TableIII,Selected_collection,1981,3
Lophocebus albigena,Medulla_oblongata_Vol.mm3,2708,Stephan_etal_1981_TableIII,Selected_collection,1981,3
Lophocebus albigena,Cerebellum_Vol.mm3,10726,Stephan_etal_1981_TableIII,Selected_collection,1981,3
Lophocebus albigena,Mesencephalon_Vol.mm3,1770,Stephan_etal_1981_TableIII,Selected_collection,1981,3
Lophocebus albigena,Diencephalon_Vol.mm3,5351,Stephan_etal_1981_TableIII,Selected_collection,1981,3
Lophocebus albigena,Telencephalon_Vol.mm3,77049,Stephan_etal_1981_TableIII,Selected_collection,1981,3
Papio anubis,Body_Mass.g,25000,Stephan_etal_1981_TableIII,Selected_collection,1981,3
Papio anubis,Brain_Mass.mg,201000,Stephan_etal_1981_TableIII,Selected_collection,1981,3
Papio anubis,Ventricles_Vol.mm3,1081,Stephan_etal_1981_TableIII,Selected_collection,1981,3
Papio anubis,Total_brain_net_volume_Vol.mm3,190957,Stephan_etal_1981_TableIII,Selected_collection,1981,3
Papio anubis,Medulla_oblongata_Vol.mm3,5297,Stephan_etal_1981_TableIII,Selected_collection,1981,3
Papio anubis,Cerebellum_Vol.mm3,18683,Stephan_etal_1981_TableIII,Selected_collection,1981,3
Papio anubis,Mesencephalon_Vol.mm3,2711,Stephan_etal_1981_TableIII,Selected_collection,1981,3
Papio anubis,Diencephalon_Vol.mm3,9280,Stephan_etal_1981_TableIII,Selected_collection,1981,3
Papio anubis,Telencephalon_Vol.mm3,154987,Stephan_etal_1981_TableIII,Selected_collection,1981,3
Cercopithecus mitis,Body_Mass.g,6300,Stephan_etal_1981_TableIII,Selected_collection,1981,3
Cercopithecus mitis,Brain_Mass.mg,75000,Stephan_etal_1981_TableIII,Selected_collection,1981,3
Cercopithecus mitis,Ventricles_Vol.mm3,467,Stephan_etal_1981_TableIII,Selected_collection,1981,3
Cercopithecus mitis,Total_brain_net_volume_Vol.mm3,70564,Stephan_etal_1981_TableIII,Selected_collection,1981,3
Cercopithecus mitis,Medulla_oblongata_Vol.mm3,1999,Stephan_etal_1981_TableIII,Selected_collection,1981,3
Cercopithecus mitis,Cerebellum_Vol.mm3,6758,Stephan_etal_1981_TableIII,Selected_collection,1981,3
Cercopithecus mitis,Mesencephalon_Vol.mm3,1354,Stephan_etal_1981_TableIII,Selected_collection,1981,3
Cercopithecus mitis,Diencephalon_Vol.mm3,4176,Stephan_etal_1981_TableIII,Selected_collection,1981,3
Cercopithecus mitis,Telencephalon_Vol.mm3,56277,Stephan_etal_1981_TableIII,Selected_collection,1981,3
Cercopithecus ascanius,Body_Mass.g,3400,Stephan_etal_1981_TableIII,Selected_collection,1981,3
Cercopithecus ascanius,Brain_Mass.mg,67000,Stephan_etal_1981_TableIII,Selected_collection,1981,3
Cercopithecus ascanius,Ventricles_Vol.mm3,240,Stephan_etal_1981_TableIII,Selected_collection,1981,3
Cercopithecus ascanius,Total_brain_net_volume_Vol.mm3,63505,Stephan_etal_1981_TableIII,Selected_collection,1981,3
Cercopithecus ascanius,Medulla_oblongata_Vol.mm3,1632,Stephan_etal_1981_TableIII,Selected_collection,1981,3
Cercopithecus ascanius,Cerebellum_Vol.mm3,5828,Stephan_etal_1981_TableIII,Selected_collection,1981,3
Cercopithecus ascanius,Mesencephalon_Vol.mm3,1162,Stephan_etal_1981_TableIII,Selected_collection,1981,3
Cercopithecus ascanius,Diencephalon_Vol.mm3,3605,Stephan_etal_1981_TableIII,Selected_collection,1981,3
Cercopithecus ascanius,Telencephalon_Vol.mm3,51279,Stephan_etal_1981_TableIII,Selected_collection,1981,3
Miopithecus talapoin,Body_Mass.g,1200,Stephan_etal_1981_TableIII,Selected_collection,1981,3
Miopithecus talapoin,Brain_Mass.mg,40000,Stephan_etal_1981_TableIII,Selected_collection,1981,3
Miopithecus talapoin,Ventricles_Vol.mm3,262,Stephan_etal_1981_TableIII,Selected_collection,1981,3
Miopithecus talapoin,Total_brain_net_volume_Vol.mm3,37776,Stephan_etal_1981_TableIII,Selected_collection,1981,3
Miopithecus talapoin,Medulla_oblongata_Vol.mm3,1035,Stephan_etal_1981_TableIII,Selected_collection,1981,3
Miopithecus talapoin,Cerebellum_Vol.mm3,3374,Stephan_etal_1981_TableIII,Selected_collection,1981,3
Miopithecus talapoin,Mesencephalon_Vol.mm3,826,Stephan_etal_1981_TableIII,Selected_collection,1981,3
Miopithecus talapoin,Diencephalon_Vol.mm3,2375,Stephan_etal_1981_TableIII,Selected_collection,1981,3
Miopithecus talapoin,Telencephalon_Vol.mm3,30166,Stephan_etal_1981_TableIII,Selected_collection,1981,3
Erythrocebus patas,Body_Mass.g,7800,Stephan_etal_1981_TableIII,Selected_collection,1981,3
Erythrocebus patas,Brain_Mass.mg,108000,Stephan_etal_1981_TableIII,Selected_collection,1981,3
Erythrocebus patas,Ventricles_Vol.mm3,561,Stephan_etal_1981_TableIII,Selected_collection,1981,3
Erythrocebus patas,Total_brain_net_volume_Vol.mm3,103167,Stephan_etal_1981_TableIII,Selected_collection,1981,3
Erythrocebus patas,Medulla_oblongata_Vol.mm3,2616,Stephan_etal_1981_TableIII,Selected_collection,1981,3
Erythrocebus patas,Cerebellum_Vol.mm3,8738,Stephan_etal_1981_TableIII,Selected_collection,1981,3
Erythrocebus patas,Mesencephalon_Vol.mm3,1621,Stephan_etal_1981_TableIII,Selected_collection,1981,3
Erythrocebus patas,Diencephalon_Vol.mm3,5423,Stephan_etal_1981_TableIII,Selected_collection,1981,3
Erythrocebus patas,Telencephalon_Vol.mm3,84770,Stephan_etal_1981_TableIII,Selected_collection,1981,3
Pygathrix nemaeus,Body_Mass.g,7500,Stephan_etal_1981_TableIII,Selected_collection,1981,3
Pygathrix nemaeus,Brain_Mass.mg,77000,Stephan_etal_1981_TableIII,Selected_collection,1981,3
Pygathrix nemaeus,Ventricles_Vol.mm3,911,Stephan_etal_1981_TableIII,Selected_collection,1981,3
Pygathrix nemaeus,Total_brain_net_volume_Vol.mm3,72530,Stephan_etal_1981_TableIII,Selected_collection,1981,3
Pygathrix nemaeus,Medulla_oblongata_Vol.mm3,2206,Stephan_etal_1981_TableIII,Selected_collection,1981,3
Pygathrix nemaeus,Cerebellum_Vol.mm3,8063,Stephan_etal_1981_TableIII,Selected_collection,1981,3
Pygathrix nemaeus,Mesencephalon_Vol.mm3,1345,Stephan_etal_1981_TableIII,Selected_collection,1981,3
Pygathrix nemaeus,Diencephalon_Vol.mm3,4727,Stephan_etal_1981_TableIII,Selected_collection,1981,3
Pygathrix nemaeus,Telencephalon_Vol.mm3,56189,Stephan_etal_1981_TableIII,Selected_collection,1981,3
Nasalis larvatus,Body_Mass.g,14000,Stephan_etal_1981_TableIII,Selected_collection,1981,3
Nasalis larvatus,Brain_Mass.mg,97000,Stephan_etal_1981_TableIII,Selected_collection,1981,3
Nasalis larvatus,Ventricles_Vol.mm3,591,Stephan_etal_1981_TableIII,Selected_collection,1981,3
Nasalis larvatus,Total_brain_net_volume_Vol.mm3,92797,Stephan_etal_1981_TableIII,Selected_collection,1981,3
Nasalis larvatus,Medulla_oblongata_Vol.mm3,2945,Stephan_etal_1981_TableIII,Selected_collection,1981,3
Nasalis larvatus,Cerebellum_Vol.mm3,12113,Stephan_etal_1981_TableIII,Selected_collection,1981,3
Nasalis larvatus,Mesencephalon_Vol.mm3,1556,Stephan_etal_1981_TableIII,Selected_collection,1981,3
Nasalis larvatus,Diencephalon_Vol.mm3,5310,Stephan_etal_1981_TableIII,Selected_collection,1981,3
Nasalis larvatus,Telencephalon_Vol.mm3,70873,Stephan_etal_1981_TableIII,Selected_collection,1981,3
Piliocolobus badius,Body_Mass.g,7000,Stephan_etal_1981_TableIII,Selected_collection,1981,3
Piliocolobus badius,Brain_Mass.mg,78000,Stephan_etal_1981_TableIII,Selected_collection,1981,3
Piliocolobus badius,Ventricles_Vol.mm3,455,Stephan_etal_1981_TableIII,Selected_collection,1981,3
Piliocolobus badius,Total_brain_net_volume_Vol.mm3,73818,Stephan_etal_1981_TableIII,Selected_collection,1981,3
Piliocolobus badius,Medulla_oblongata_Vol.mm3,2007,Stephan_etal_1981_TableIII,Selected_collection,1981,3
Piliocolobus badius,Cerebellum_Vol.mm3,8648,Stephan_etal_1981_TableIII,Selected_collection,1981,3
Piliocolobus badius,Mesencephalon_Vol.mm3,1333,Stephan_etal_1981_TableIII,Selected_collection,1981,3
Piliocolobus badius,Diencephalon_Vol.mm3,3945,Stephan_etal_1981_TableIII,Selected_collection,1981,3
Piliocolobus badius,Telencephalon_Vol.mm3,57885,Stephan_etal_1981_TableIII,Selected_collection,1981,3
Hylobates lar,Body_Mass.g,5700,Stephan_etal_1981_TableIII,Selected_collection,1981,3
Hylobates lar,Brain_Mass.mg,102000,Stephan_etal_1981_TableIII,Selected_collection,1981,3
Hylobates lar,Ventricles_Vol.mm3,555,Stephan_etal_1981_TableIII,Selected_collection,1981,3
Hylobates lar,Total_brain_net_volume_Vol.mm3,97505,Stephan_etal_1981_TableIII,Selected_collection,1981,3
Hylobates lar,Medulla_oblongata_Vol.mm3,2251,Stephan_etal_1981_TableIII,Selected_collection,1981,3
Hylobates lar,Cerebellum_Vol.mm3,12078,Stephan_etal_1981_TableIII,Selected_collection,1981,3
Hylobates lar,Mesencephalon_Vol.mm3,1459,Stephan_etal_1981_TableIII,Selected_collection,1981,3
Hylobates lar,Diencephalon_Vol.mm3,5716,Stephan_etal_1981_TableIII,Selected_collection,1981,3
Hylobates lar,Telencephalon_Vol.mm3,76001,Stephan_etal_1981_TableIII,Selected_collection,1981,3
Pan troglodytes,Body_Mass.g,46000,Stephan_etal_1981_TableIII,Selected_collection,1981,3
Pan troglodytes,Brain_Mass.mg,405000,Stephan_etal_1981_TableIII,Selected_collection,1981,3
Pan troglodytes,Ventricles_Vol.mm3,1899,Stephan_etal_1981_TableIII,Selected_collection,1981,3
Pan troglodytes,Total_brain_net_volume_Vol.mm3,382103,Stephan_etal_1981_TableIII,Selected_collection,1981,3
Pan troglodytes,Medulla_oblongata_Vol.mm3,5817,Stephan_etal_1981_TableIII,Selected_collection,1981,3
Pan troglodytes,Cerebellum_Vol.mm3,43663,Stephan_etal_1981_TableIII,Selected_collection,1981,3
Pan troglodytes,Mesencephalon_Vol.mm3,3739,Stephan_etal_1981_TableIII,Selected_collection,1981,3
Pan troglodytes,Diencephalon_Vol.mm3,15392,Stephan_etal_1981_TableIII,Selected_collection,1981,3
Pan troglodytes,Telencephalon_Vol.mm3,313493,Stephan_etal_1981_TableIII,Selected_collection,1981,3
Gorilla sp.,Body_Mass.g,105000,Stephan_etal_1981_TableIII,Selected_collection,1981,3
Gorilla sp.,Brain_Mass.mg,500000,Stephan_etal_1981_TableIII,Selected_collection,1981,3
Gorilla sp.,Ventricles_Vol.mm3,3608,Stephan_etal_1981_TableIII,Selected_collection,1981,3
Gorilla sp.,Total_brain_net_volume_Vol.mm3,470359,Stephan_etal_1981_TableIII,Selected_collection,1981,3
Gorilla sp.,Medulla_oblongata_Vol.mm3,7509,Stephan_etal_1981_TableIII,Selected_collection,1981,3
Gorilla sp.,Cerebellum_Vol.mm3,69249,Stephan_etal_1981_TableIII,Selected_collection,1981,3
Gorilla sp.,Mesencephalon_Vol.mm3,4352,Stephan_etal_1981_TableIII,Selected_collection,1981,3
Gorilla sp.,Diencephalon_Vol.mm3,19370,Stephan_etal_1981_TableIII,Selected_collection,1981,3
Gorilla sp.,Telencephalon_Vol.mm3,369878,Stephan_etal_1981_TableIII,Selected_collection,1981,3
Homo sapiens,Body_Mass.g,65000,Stephan_etal_1981_TableIII,Selected_collection,1981,3
Homo sapiens,Brain_Mass.mg,1330000,Stephan_etal_1981_TableIII,Selected_collection,1981,3
Homo sapiens,Ventricles_Vol.mm3,18732,Stephan_etal_1981_TableIII,Selected_collection,1981,3
Homo sapiens,Total_brain_net_volume_Vol.mm3,1251847,Stephan_etal_1981_TableIII,Selected_collection,1981,3
Homo sapiens,Medulla_oblongata_Vol.mm3,9622,Stephan_etal_1981_TableIII,Selected_collection,1981,3
Homo sapiens,Cerebellum_Vol.mm3,137421,Stephan_etal_1981_TableIII,Selected_collection,1981,3
Homo sapiens,Mesencephalon_Vol.mm3,8087,Stephan_etal_1981_TableIII,Selected_collection,1981,3
Homo sapiens,Diencephalon_Vol.mm3,33319,Stephan_etal_1981_TableIII,Selected_collection,1981,3
Homo sapiens,Telencephalon_Vol.mm3,1063399,Stephan_etal_1981_TableIII,Selected_collection,1981,3
Solenodon paradoxus,Bulbus_olfactorius_Vol.mm3,465,Stephan_etal_1981_TableIV,Selected_collection,1981,4
Solenodon paradoxus,Bulbus_olfactorius_accessorius_Vol.mm3,0.218,Stephan_etal_1981_TableIV,Selected_collection,1981,4
Solenodon paradoxus,Lobus_piriformis_Vol.mm3,689,Stephan_etal_1981_TableIV,Selected_collection,1981,4
Solenodon paradoxus,Septum_Vol.mm3,65.4,Stephan_etal_1981_TableIV,Selected_collection,1981,4
Solenodon paradoxus,Striatum_Vol.mm3,255,Stephan_etal_1981_TableIV,Selected_collection,1981,4
Solenodon paradoxus,Schizo_cortex_Vol.mm3,156,Stephan_etal_1981_TableIV,Selected_collection,1981,4
Solenodon paradoxus,Hippocampus_Vol.mm3,296,Stephan_etal_1981_TableIV,Selected_collection,1981,4
Solenodon paradoxus,Neocortex_Vol.mm3,661,Stephan_etal_1981_TableIV,Selected_collection,1981,4
Tenrec ecaudatus,Bulbus_olfactorius_Vol.mm3,314,Stephan_etal_1981_TableIV,Selected_collection,1981,4
Tenrec ecaudatus,Bulbus_olfactorius_accessorius_Vol.mm3,0.715,Stephan_etal_1981_TableIV,Selected_collection,1981,4
Tenrec ecaudatus,Lobus_piriformis_Vol.mm3,464,Stephan_etal_1981_TableIV,Selected_collection,1981,4
Tenrec ecaudatus,Septum_Vol.mm3,36.9,Stephan_etal_1981_TableIV,Selected_collection,1981,4
Tenrec ecaudatus,Striatum_Vol.mm3,98.1,Stephan_etal_1981_TableIV,Selected_collection,1981,4
Tenrec ecaudatus,Schizo_cortex_Vol.mm3,76.5,Stephan_etal_1981_TableIV,Selected_collection,1981,4
Tenrec ecaudatus,Hippocampus_Vol.mm3,146,Stephan_etal_1981_TableIV,Selected_collection,1981,4
Tenrec ecaudatus,Neocortex_Vol.mm3,271,Stephan_etal_1981_TableIV,Selected_collection,1981,4
Setifer setosus,Bulbus_olfactorius_Vol.mm3,209,Stephan_etal_1981_TableIV,Selected_collection,1981,4
Setifer setosus,Bulbus_olfactorius_accessorius_Vol.mm3,0.534,Stephan_etal_1981_TableIV,Selected_collection,1981,4
Setifer setosus,Lobus_piriformis_Vol.mm3,336,Stephan_etal_1981_TableIV,Selected_collection,1981,4
Setifer setosus,Septum_Vol.mm3,26,Stephan_etal_1981_TableIV,Selected_collection,1981,4
Setifer setosus,Striatum_Vol.mm3,56.6,Stephan_etal_1981_TableIV,Selected_collection,1981,4
Setifer setosus,Schizo_cortex_Vol.mm3,41.9,Stephan_etal_1981_TableIV,Selected_collection,1981,4
Setifer setosus,Hippocampus_Vol.mm3,99.2,Stephan_etal_1981_TableIV,Selected_collection,1981,4
Setifer setosus,Neocortex_Vol.mm3,134,Stephan_etal_1981_TableIV,Selected_collection,1981,4
Hemicentetes semispinosus,Bulbus_olfactorius_Vol.mm3,93.6,Stephan_etal_1981_TableIV,Selected_collection,1981,4
Hemicentetes semispinosus,Bulbus_olfactorius_accessorius_Vol.mm3,0.196,Stephan_etal_1981_TableIV,Selected_collection,1981,4
Hemicentetes semispinosus,Lobus_piriformis_Vol.mm3,148,Stephan_etal_1981_TableIV,Selected_collection,1981,4
Hemicentetes semispinosus,Septum_Vol.mm3,12.8,Stephan_etal_1981_TableIV,Selected_collection,1981,4
Hemicentetes semispinosus,Striatum_Vol.mm3,29.8,Stephan_etal_1981_TableIV,Selected_collection,1981,4
Hemicentetes semispinosus,Schizo_cortex_Vol.mm3,17.4,Stephan_etal_1981_TableIV,Selected_collection,1981,4
Hemicentetes semispinosus,Hippocampus_Vol.mm3,63.7,Stephan_etal_1981_TableIV,Selected_collection,1981,4
Hemicentetes semispinosus,Neocortex_Vol.mm3,73.4,Stephan_etal_1981_TableIV,Selected_collection,1981,4
Echinops telfairi,Bulbus_olfactorius_Vol.mm3,71.2,Stephan_etal_1981_TableIV,Selected_collection,1981,4
Echinops telfairi,Bulbus_olfactorius_accessorius_Vol.mm3,0.249,Stephan_etal_1981_TableIV,Selected_collection,1981,4
Echinops telfairi,Lobus_piriformis_Vol.mm3,116,Stephan_etal_1981_TableIV,Selected_collection,1981,4
Echinops telfairi,Septum_Vol.mm3,11.5,Stephan_etal_1981_TableIV,Selected_collection,1981,4
Echinops telfairi,Striatum_Vol.mm3,24.1,Stephan_etal_1981_TableIV,Selected_collection,1981,4
Echinops telfairi,Schizo_cortex_Vol.mm3,13.1,Stephan_etal_1981_TableIV,Selected_collection,1981,4
Echinops telfairi,Hippocampus_Vol.mm3,46.4,Stephan_etal_1981_TableIV,Selected_collection,1981,4
Echinops telfairi,Neocortex_Vol.mm3,51.5,Stephan_etal_1981_TableIV,Selected_collection,1981,4
Oryzorictes hova,Bulbus_olfactorius_Vol.mm3,46.9,Stephan_etal_1981_TableIV,Selected_collection,1981,4
Oryzorictes hova,Bulbus_olfactorius_accessorius_Vol.mm3,0.12,Stephan_etal_1981_TableIV,Selected_collection,1981,4
Oryzorictes hova,Lobus_piriformis_Vol.mm3,88,Stephan_etal_1981_TableIV,Selected_collection,1981,4
Oryzorictes hova,Septum_Vol.mm3,10,Stephan_etal_1981_TableIV,Selected_collection,1981,4
Oryzorictes hova,Striatum_Vol.mm3,32.5,Stephan_etal_1981_TableIV,Selected_collection,1981,4
Oryzorictes hova,Schizo_cortex_Vol.mm3,23.5,Stephan_etal_1981_TableIV,Selected_collection,1981,4
Oryzorictes hova,Hippocampus_Vol.mm3,64.3,Stephan_etal_1981_TableIV,Selected_collection,1981,4
Oryzorictes hova,Neocortex_Vol.mm3,66.5,Stephan_etal_1981_TableIV,Selected_collection,1981,4
Microgale cowani,Bulbus_olfactorius_Vol.mm3,35.9,Stephan_etal_1981_TableIV,Selected_collection,1981,4
Microgale cowani,Bulbus_olfactorius_accessorius_Vol.mm3,0.162,Stephan_etal_1981_TableIV,Selected_collection,1981,4
Microgale cowani,Lobus_piriformis_Vol.mm3,79,Stephan_etal_1981_TableIV,Selected_collection,1981,4
Microgale cowani,Septum_Vol.mm3,6.08,Stephan_etal_1981_TableIV,Selected_collection,1981,4
Microgale cowani,Striatum_Vol.mm3,19.4,Stephan_etal_1981_TableIV,Selected_collection,1981,4
Microgale cowani,Schizo_cortex_Vol.mm3,13.5,Stephan_etal_1981_TableIV,Selected_collection,1981,4
Microgale cowani,Hippocampus_Vol.mm3,36.4,Stephan_etal_1981_TableIV,Selected_collection,1981,4
Microgale cowani,Neocortex_Vol.mm3,57.2,Stephan_etal_1981_TableIV,Selected_collection,1981,4
Microgale mergulus,Bulbus_olfactorius_Vol.mm3,42.9,Stephan_etal_1981_TableIV,Selected_collection,1981,4
Microgale mergulus,Bulbus_olfactorius_accessorius_Vol.mm3,0.323,Stephan_etal_1981_TableIV,Selected_collection,1981,4
Microgale mergulus,Lobus_piriformis_Vol.mm3,87.4,Stephan_etal_1981_TableIV,Selected_collection,1981,4
Microgale mergulus,Septum_Vol.mm3,19.5,Stephan_etal_1981_TableIV,Selected_collection,1981,4
Microgale mergulus,Striatum_Vol.mm3,57.9,Stephan_etal_1981_TableIV,Selected_collection,1981,4
Microgale mergulus,Schizo_cortex_Vol.mm3,36.4,Stephan_etal_1981_TableIV,Selected_collection,1981,4
Microgale mergulus,Hippocampus_Vol.mm3,78.2,Stephan_etal_1981_TableIV,Selected_collection,1981,4
Microgale mergulus,Neocortex_Vol.mm3,196,Stephan_etal_1981_TableIV,Selected_collection,1981,4
Nesogale dobsoni,Bulbus_olfactorius_Vol.mm3,53.6,Stephan_etal_1981_TableIV,Selected_collection,1981,4
Nesogale dobsoni,Bulbus_olfactorius_accessorius_Vol.mm3,0.178,Stephan_etal_1981_TableIV,Selected_collection,1981,4
Nesogale dobsoni,Lobus_piriformis_Vol.mm3,93.5,Stephan_etal_1981_TableIV,Selected_collection,1981,4
Nesogale dobsoni,Septum_Vol.mm3,9.58,Stephan_etal_1981_TableIV,Selected_collection,1981,4
Nesogale dobsoni,Striatum_Vol.mm3,23.1,Stephan_etal_1981_TableIV,Selected_collection,1981,4
Nesogale dobsoni,Schizo_cortex_Vol.mm3,16.3,Stephan_etal_1981_TableIV,Selected_collection,1981,4
Nesogale dobsoni,Hippocampus_Vol.mm3,67,Stephan_etal_1981_TableIV,Selected_collection,1981,4
Nesogale dobsoni,Neocortex_Vol.mm3,62.9,Stephan_etal_1981_TableIV,Selected_collection,1981,4
Nesogale talazaci,Bulbus_olfactorius_Vol.mm3,74.3,Stephan_etal_1981_TableIV,Selected_collection,1981,4
Nesogale talazaci,Bulbus_olfactorius_accessorius_Vol.mm3,0.369,Stephan_etal_1981_TableIV,Selected_collection,1981,4
Nesogale talazaci,Lobus_piriformis_Vol.mm3,139,Stephan_etal_1981_TableIV,Selected_collection,1981,4
Nesogale talazaci,Septum_Vol.mm3,11.2,Stephan_etal_1981_TableIV,Selected_collection,1981,4
Nesogale talazaci,Striatum_Vol.mm3,31.2,Stephan_etal_1981_TableIV,Selected_collection,1981,4
Nesogale talazaci,Schizo_cortex_Vol.mm3,20.7,Stephan_etal_1981_TableIV,Selected_collection,1981,4
Nesogale talazaci,Hippocampus_Vol.mm3,98.9,Stephan_etal_1981_TableIV,Selected_collection,1981,4
Nesogale talazaci,Neocortex_Vol.mm3,96.2,Stephan_etal_1981_TableIV,Selected_collection,1981,4
Micropotamogale lamottei,Bulbus_olfactorius_Vol.mm3,34,Stephan_etal_1981_TableIV,Selected_collection,1981,4
Micropotamogale lamottei,Bulbus_olfactorius_accessorius_Vol.mm3,0.0605,Stephan_etal_1981_TableIV,Selected_collection,1981,4
Micropotamogale lamottei,Lobus_piriformis_Vol.mm3,67.3,Stephan_etal_1981_TableIV,Selected_collection,1981,4
Micropotamogale lamottei,Septum_Vol.mm3,15.1,Stephan_etal_1981_TableIV,Selected_collection,1981,4
Micropotamogale lamottei,Striatum_Vol.mm3,32.6,Stephan_etal_1981_TableIV,Selected_collection,1981,4
Micropotamogale lamottei,Schizo_cortex_Vol.mm3,32.9,Stephan_etal_1981_TableIV,Selected_collection,1981,4
Micropotamogale lamottei,Hippocampus_Vol.mm3,77.7,Stephan_etal_1981_TableIV,Selected_collection,1981,4
Micropotamogale lamottei,Neocortex_Vol.mm3,144,Stephan_etal_1981_TableIV,Selected_collection,1981,4
Potamogale velox,Bulbus_olfactorius_Vol.mm3,86,Stephan_etal_1981_TableIV,Selected_collection,1981,4
Potamogale velox,Bulbus_olfactorius_accessorius_Vol.mm3,2.31,Stephan_etal_1981_TableIV,Selected_collection,1981,4
Potamogale velox,Lobus_piriformis_Vol.mm3,194,Stephan_etal_1981_TableIV,Selected_collection,1981,4
Potamogale velox,Septum_Vol.mm3,51.4,Stephan_etal_1981_TableIV,Selected_collection,1981,4
Potamogale velox,Striatum_Vol.mm3,134,Stephan_etal_1981_TableIV,Selected_collection,1981,4
Potamogale velox,Schizo_cortex_Vol.mm3,145,Stephan_etal_1981_TableIV,Selected_collection,1981,4
Potamogale velox,Hippocampus_Vol.mm3,298,Stephan_etal_1981_TableIV,Selected_collection,1981,4
Potamogale velox,Neocortex_Vol.mm3,1054,Stephan_etal_1981_TableIV,Selected_collection,1981,4
Chrysochloris stuhlmanni,Bulbus_olfactorius_Vol.mm3,60.6,Stephan_etal_1981_TableIV,Selected_collection,1981,4
Chrysochloris stuhlmanni,Bulbus_olfactorius_accessorius_Vol.mm3,0.204,Stephan_etal_1981_TableIV,Selected_collection,1981,4
Chrysochloris stuhlmanni,Lobus_piriformis_Vol.mm3,131,Stephan_etal_1981_TableIV,Selected_collection,1981,4
Chrysochloris stuhlmanni,Septum_Vol.mm3,11.3,Stephan_etal_1981_TableIV,Selected_collection,1981,4
Chrysochloris stuhlmanni,Striatum_Vol.mm3,43.5,Stephan_etal_1981_TableIV,Selected_collection,1981,4
Chrysochloris stuhlmanni,Schizo_cortex_Vol.mm3,21.4,Stephan_etal_1981_TableIV,Selected_collection,1981,4
Chrysochloris stuhlmanni,Hippocampus_Vol.mm3,59.1,Stephan_etal_1981_TableIV,Selected_collection,1981,4
Chrysochloris stuhlmanni,Neocortex_Vol.mm3,129,Stephan_etal_1981_TableIV,Selected_collection,1981,4
Chrysochloris asiatica,Bulbus_olfactorius_Vol.mm3,58.5,Stephan_etal_1981_TableIV,Selected_collection,1981,4
Chrysochloris asiatica,Bulbus_olfactorius_accessorius_Vol.mm3,0.132,Stephan_etal_1981_TableIV,Selected_collection,1981,4
Chrysochloris asiatica,Lobus_piriformis_Vol.mm3,115,Stephan_etal_1981_TableIV,Selected_collection,1981,4
Chrysochloris asiatica,Septum_Vol.mm3,12.1,Stephan_etal_1981_TableIV,Selected_collection,1981,4
Chrysochloris asiatica,Striatum_Vol.mm3,44.3,Stephan_etal_1981_TableIV,Selected_collection,1981,4
Chrysochloris asiatica,Schizo_cortex_Vol.mm3,20.9,Stephan_etal_1981_TableIV,Selected_collection,1981,4
Chrysochloris asiatica,Hippocampus_Vol.mm3,66.3,Stephan_etal_1981_TableIV,Selected_collection,1981,4
Chrysochloris asiatica,Neocortex_Vol.mm3,113,Stephan_etal_1981_TableIV,Selected_collection,1981,4
Atelerix algirus,Bulbus_olfactorius_Vol.mm3,285,Stephan_etal_1981_TableIV,Selected_collection,1981,4
Atelerix algirus,Bulbus_olfactorius_accessorius_Vol.mm3,1.93,Stephan_etal_1981_TableIV,Selected_collection,1981,4
Atelerix algirus,Lobus_piriformis_Vol.mm3,459,Stephan_etal_1981_TableIV,Selected_collection,1981,4
Atelerix algirus,Septum_Vol.mm3,42.9,Stephan_etal_1981_TableIV,Selected_collection,1981,4
Atelerix algirus,Striatum_Vol.mm3,140,Stephan_etal_1981_TableIV,Selected_collection,1981,4
Atelerix algirus,Schizo_cortex_Vol.mm3,109,Stephan_etal_1981_TableIV,Selected_collection,1981,4
Atelerix algirus,Hippocampus_Vol.mm3,227,Stephan_etal_1981_TableIV,Selected_collection,1981,4
Atelerix algirus,Neocortex_Vol.mm3,500,Stephan_etal_1981_TableIV,Selected_collection,1981,4
Erinaceus europaeus,Bulbus_olfactorius_Vol.mm3,332,Stephan_etal_1981_TableIV,Selected_collection,1981,4
Erinaceus europaeus,Bulbus_olfactorius_accessorius_Vol.mm3,1.94,Stephan_etal_1981_TableIV,Selected_collection,1981,4
Erinaceus europaeus,Lobus_piriformis_Vol.mm3,505,Stephan_etal_1981_TableIV,Selected_collection,1981,4
Erinaceus europaeus,Septum_Vol.mm3,51.7,Stephan_etal_1981_TableIV,Selected_collection,1981,4
Erinaceus europaeus,Striatum_Vol.mm3,147,Stephan_etal_1981_TableIV,Selected_collection,1981,4
Erinaceus europaeus,Schizo_cortex_Vol.mm3,134,Stephan_etal_1981_TableIV,Selected_collection,1981,4
Erinaceus europaeus,Hippocampus_Vol.mm3,237,Stephan_etal_1981_TableIV,Selected_collection,1981,4
Erinaceus europaeus,Neocortex_Vol.mm3,522,Stephan_etal_1981_TableIV,Selected_collection,1981,4
Hemiechinus auritus,Bulbus_olfactorius_Vol.mm3,175,Stephan_etal_1981_TableIV,Selected_collection,1981,4
Hemiechinus auritus,Bulbus_olfactorius_accessorius_Vol.mm3,1.35,Stephan_etal_1981_TableIV,Selected_collection,1981,4
Hemiechinus auritus,Lobus_piriformis_Vol.mm3,279,Stephan_etal_1981_TableIV,Selected_collection,1981,4
Hemiechinus auritus,Septum_Vol.mm3,28.4,Stephan_etal_1981_TableIV,Selected_collection,1981,4
Hemiechinus auritus,Striatum_Vol.mm3,81.1,Stephan_etal_1981_TableIV,Selected_collection,1981,4
Hemiechinus auritus,Schizo_cortex_Vol.mm3,68.7,Stephan_etal_1981_TableIV,Selected_collection,1981,4
Hemiechinus auritus,Hippocampus_Vol.mm3,130,Stephan_etal_1981_TableIV,Selected_collection,1981,4
Hemiechinus auritus,Neocortex_Vol.mm3,309,Stephan_etal_1981_TableIV,Selected_collection,1981,4
Elephantulus fuscipes,Bulbus_olfactorius_Vol.mm3,63.3,Stephan_etal_1981_TableIV,Selected_collection,1981,4
Elephantulus fuscipes,Bulbus_olfactorius_accessorius_Vol.mm3,0.662,Stephan_etal_1981_TableIV,Selected_collection,1981,4
Elephantulus fuscipes,Lobus_piriformis_Vol.mm3,120,Stephan_etal_1981_TableIV,Selected_collection,1981,4
Elephantulus fuscipes,Septum_Vol.mm3,16.8,Stephan_etal_1981_TableIV,Selected_collection,1981,4
Elephantulus fuscipes,Striatum_Vol.mm3,44.5,Stephan_etal_1981_TableIV,Selected_collection,1981,4
Elephantulus fuscipes,Schizo_cortex_Vol.mm3,46.8,Stephan_etal_1981_TableIV,Selected_collection,1981,4
Elephantulus fuscipes,Hippocampus_Vol.mm3,173,Stephan_etal_1981_TableIV,Selected_collection,1981,4
Elephantulus fuscipes,Neocortex_Vol.mm3,236,Stephan_etal_1981_TableIV,Selected_collection,1981,4
Rhynchocyon cirnei,Bulbus_olfactorius_Vol.mm3,426,Stephan_etal_1981_TableIV,Selected_collection,1981,4
Rhynchocyon cirnei,Bulbus_olfactorius_accessorius_Vol.mm3,0.666,Stephan_etal_1981_TableIV,Selected_collection,1981,4
Rhynchocyon cirnei,Lobus_piriformis_Vol.mm3,705,Stephan_etal_1981_TableIV,Selected_collection,1981,4
Rhynchocyon cirnei,Septum_Vol.mm3,81.5,Stephan_etal_1981_TableIV,Selected_collection,1981,4
Rhynchocyon cirnei,Striatum_Vol.mm3,222,Stephan_etal_1981_TableIV,Selected_collection,1981,4
Rhynchocyon cirnei,Schizo_cortex_Vol.mm3,220,Stephan_etal_1981_TableIV,Selected_collection,1981,4
Rhynchocyon cirnei,Hippocampus_Vol.mm3,582,Stephan_etal_1981_TableIV,Selected_collection,1981,4
Rhynchocyon cirnei,Neocortex_Vol.mm3,1089,Stephan_etal_1981_TableIV,Selected_collection,1981,4
Sorex minutus,Bulbus_olfactorius_Vol.mm3,8.65,Stephan_etal_1981_TableIV,Selected_collection,1981,4
Sorex minutus,Bulbus_olfactorius_accessorius_Vol.mm3,0.0202,Stephan_etal_1981_TableIV,Selected_collection,1981,4
Sorex minutus,Lobus_piriformis_Vol.mm3,17.2,Stephan_etal_1981_TableIV,Selected_collection,1981,4
Sorex minutus,Septum_Vol.mm3,2.02,Stephan_etal_1981_TableIV,Selected_collection,1981,4
Sorex minutus,Striatum_Vol.mm3,6.02,Stephan_etal_1981_TableIV,Selected_collection,1981,4
Sorex minutus,Schizo_cortex_Vol.mm3,3.62,Stephan_etal_1981_TableIV,Selected_collection,1981,4
Sorex minutus,Hippocampus_Vol.mm3,10.5,Stephan_etal_1981_TableIV,Selected_collection,1981,4
Sorex minutus,Neocortex_Vol.mm3,12.7,Stephan_etal_1981_TableIV,Selected_collection,1981,4
Sorex araneus,Bulbus_olfactorius_Vol.mm3,15.7,Stephan_etal_1981_TableIV,Selected_collection,1981,4
Sorex araneus,Bulbus_olfactorius_accessorius_Vol.mm3,0.0776,Stephan_etal_1981_TableIV,Selected_collection,1981,4
Sorex araneus,Lobus_piriformis_Vol.mm3,32.7,Stephan_etal_1981_TableIV,Selected_collection,1981,4
Sorex araneus,Septum_Vol.mm3,3.2,Stephan_etal_1981_TableIV,Selected_collection,1981,4
Sorex araneus,Striatum_Vol.mm3,10.5,Stephan_etal_1981_TableIV,Selected_collection,1981,4
Sorex araneus,Schizo_cortex_Vol.mm3,6.83,Stephan_etal_1981_TableIV,Selected_collection,1981,4
Sorex araneus,Hippocampus_Vol.mm3,20.6,Stephan_etal_1981_TableIV,Selected_collection,1981,4
Sorex araneus,Neocortex_Vol.mm3,26.4,Stephan_etal_1981_TableIV,Selected_collection,1981,4
Neomys fodiens,Bulbus_olfactorius_Vol.mm3,15.8,Stephan_etal_1981_TableIV,Selected_collection,1981,4
Neomys fodiens,Bulbus_olfactorius_accessorius_Vol.mm3,0.101,Stephan_etal_1981_TableIV,Selected_collection,1981,4
Neomys fodiens,Lobus_piriformis_Vol.mm3,36,Stephan_etal_1981_TableIV,Selected_collection,1981,4
Neomys fodiens,Septum_Vol.mm3,6.42,Stephan_etal_1981_TableIV,Selected_collection,1981,4
Neomys fodiens,Striatum_Vol.mm3,18.7,Stephan_etal_1981_TableIV,Selected_collection,1981,4
Neomys fodiens,Schizo_cortex_Vol.mm3,9,Stephan_etal_1981_TableIV,Selected_collection,1981,4
Neomys fodiens,Hippocampus_Vol.mm3,32.9,Stephan_etal_1981_TableIV,Selected_collection,1981,4
Neomys fodiens,Neocortex_Vol.mm3,56.6,Stephan_etal_1981_TableIV,Selected_collection,1981,4
Crocidura flavescens,Bulbus_olfactorius_Vol.mm3,37.6,Stephan_etal_1981_TableIV,Selected_collection,1981,4
Crocidura flavescens,Bulbus_olfactorius_accessorius_Vol.mm3,0.221,Stephan_etal_1981_TableIV,Selected_collection,1981,4
Crocidura flavescens,Lobus_piriformis_Vol.mm3,68.4,Stephan_etal_1981_TableIV,Selected_collection,1981,4
Crocidura flavescens,Septum_Vol.mm3,6.94,Stephan_etal_1981_TableIV,Selected_collection,1981,4
Crocidura flavescens,Striatum_Vol.mm3,16.8,Stephan_etal_1981_TableIV,Selected_collection,1981,4
Crocidura flavescens,Schizo_cortex_Vol.mm3,13.3,Stephan_etal_1981_TableIV,Selected_collection,1981,4
Crocidura flavescens,Hippocampus_Vol.mm3,38.5,Stephan_etal_1981_TableIV,Selected_collection,1981,4
Crocidura flavescens,Neocortex_Vol.mm3,59.1,Stephan_etal_1981_TableIV,Selected_collection,1981,4
Crocidura russula,Bulbus_olfactorius_Vol.mm3,16.3,Stephan_etal_1981_TableIV,Selected_collection,1981,4
Crocidura russula,Bulbus_olfactorius_accessorius_Vol.mm3,0.0431,Stephan_etal_1981_TableIV,Selected_collection,1981,4
Crocidura russula,Lobus_piriformis_Vol.mm3,30.2,Stephan_etal_1981_TableIV,Selected_collection,1981,4
Crocidura russula,Septum_Vol.mm3,3.64,Stephan_etal_1981_TableIV,Selected_collection,1981,4
Crocidura russula,Striatum_Vol.mm3,8.17,Stephan_etal_1981_TableIV,Selected_collection,1981,4
Crocidura russula,Schizo_cortex_Vol.mm3,6.05,Stephan_etal_1981_TableIV,Selected_collection,1981,4
Crocidura russula,Hippocampus_Vol.mm3,15.9,Stephan_etal_1981_TableIV,Selected_collection,1981,4
Crocidura russula,Neocortex_Vol.mm3,25.5,Stephan_etal_1981_TableIV,Selected_collection,1981,4
Suncus murinus,Bulbus_olfactorius_Vol.mm3,34.2,Stephan_etal_1981_TableIV,Selected_collection,1981,4
Suncus murinus,Bulbus_olfactorius_accessorius_Vol.mm3,0.182,Stephan_etal_1981_TableIV,Selected_collection,1981,4
Suncus murinus,Lobus_piriformis_Vol.mm3,56.2,Stephan_etal_1981_TableIV,Selected_collection,1981,4
Suncus murinus,Septum_Vol.mm3,5.5,Stephan_etal_1981_TableIV,Selected_collection,1981,4
Suncus murinus,Striatum_Vol.mm3,14.8,Stephan_etal_1981_TableIV,Selected_collection,1981,4
Suncus murinus,Schizo_cortex_Vol.mm3,12.6,Stephan_etal_1981_TableIV,Selected_collection,1981,4
Suncus murinus,Hippocampus_Vol.mm3,31.2,Stephan_etal_1981_TableIV,Selected_collection,1981,4
Suncus murinus,Neocortex_Vol.mm3,54.1,Stephan_etal_1981_TableIV,Selected_collection,1981,4
Talpa europaea,Bulbus_olfactorius_Vol.mm3,59.6,Stephan_etal_1981_TableIV,Selected_collection,1981,4
Talpa europaea,Bulbus_olfactorius_accessorius_Vol.mm3,0.291,Stephan_etal_1981_TableIV,Selected_collection,1981,4
Talpa europaea,Lobus_piriformis_Vol.mm3,112,Stephan_etal_1981_TableIV,Selected_collection,1981,4
Talpa europaea,Septum_Vol.mm3,15,Stephan_etal_1981_TableIV,Selected_collection,1981,4
Talpa europaea,Striatum_Vol.mm3,60.2,Stephan_etal_1981_TableIV,Selected_collection,1981,4
Talpa europaea,Schizo_cortex_Vol.mm3,39.6,Stephan_etal_1981_TableIV,Selected_collection,1981,4
Talpa europaea,Hippocampus_Vol.mm3,86.8,Stephan_etal_1981_TableIV,Selected_collection,1981,4
Talpa europaea,Neocortex_Vol.mm3,181,Stephan_etal_1981_TableIV,Selected_collection,1981,4
Desmana moschata,Bulbus_olfactorius_Vol.mm3,141,Stephan_etal_1981_TableIV,Selected_collection,1981,4
Desmana moschata,Bulbus_olfactorius_accessorius_Vol.mm3,0.218,Stephan_etal_1981_TableIV,Selected_collection,1981,4
Desmana moschata,Lobus_piriformis_Vol.mm3,320,Stephan_etal_1981_TableIV,Selected_collection,1981,4
Desmana moschata,Septum_Vol.mm3,42.6,Stephan_etal_1981_TableIV,Selected_collection,1981,4
Desmana moschata,Striatum_Vol.mm3,222,Stephan_etal_1981_TableIV,Selected_collection,1981,4
Desmana moschata,Schizo_cortex_Vol.mm3,163,Stephan_etal_1981_TableIV,Selected_collection,1981,4
Desmana moschata,Hippocampus_Vol.mm3,267,Stephan_etal_1981_TableIV,Selected_collection,1981,4
Desmana moschata,Neocortex_Vol.mm3,983,Stephan_etal_1981_TableIV,Selected_collection,1981,4
Galemys pyrenaicus,Bulbus_olfactorius_Vol.mm3,39,Stephan_etal_1981_TableIV,Selected_collection,1981,4
Galemys pyrenaicus,Bulbus_olfactorius_accessorius_Vol.mm3,0.206,Stephan_etal_1981_TableIV,Selected_collection,1981,4
Galemys pyrenaicus,Lobus_piriformis_Vol.mm3,107,Stephan_etal_1981_TableIV,Selected_collection,1981,4
Galemys pyrenaicus,Septum_Vol.mm3,20.1,Stephan_etal_1981_TableIV,Selected_collection,1981,4
Galemys pyrenaicus,Striatum_Vol.mm3,74.4,Stephan_etal_1981_TableIV,Selected_collection,1981,4
Galemys pyrenaicus,Schizo_cortex_Vol.mm3,44.9,Stephan_etal_1981_TableIV,Selected_collection,1981,4
Galemys pyrenaicus,Hippocampus_Vol.mm3,109,Stephan_etal_1981_TableIV,Selected_collection,1981,4
Galemys pyrenaicus,Neocortex_Vol.mm3,339,Stephan_etal_1981_TableIV,Selected_collection,1981,4
Tupaia glis,Bulbus_olfactorius_Vol.mm3,131.5,Stephan_etal_1981_TableV,Selected_collection,1981,5
Tupaia glis,Bulbus_olfactorius_accessorius_Vol.mm3,2.41,Stephan_etal_1981_TableV,Selected_collection,1981,5
Tupaia glis,Lobus_piriformis_Vol.mm3,269,Stephan_etal_1981_TableV,Selected_collection,1981,5
Tupaia glis,Septum_Vol.mm3,27.5,Stephan_etal_1981_TableV,Selected_collection,1981,5
Tupaia glis,Striatum_Vol.mm3,140,Stephan_etal_1981_TableV,Selected_collection,1981,5
Tupaia glis,Schizo_cortex_Vol.mm3,114,Stephan_etal_1981_TableV,Selected_collection,1981,5
Tupaia glis,Hippocampus_Vol.mm3,152,Stephan_etal_1981_TableV,Selected_collection,1981,5
Tupaia glis,Neocortex_Vol.mm3,1036,Stephan_etal_1981_TableV,Selected_collection,1981,5
Tupaia minor,Bulbus_olfactorius_Vol.mm3,94.3,Stephan_etal_1981_TableV,Selected_collection,1981,5
Tupaia minor,Bulbus_olfactorius_accessorius_Vol.mm3,2.28,Stephan_etal_1981_TableV,Selected_collection,1981,5
Tupaia minor,Lobus_piriformis_Vol.mm3,205,Stephan_etal_1981_TableV,Selected_collection,1981,5
Tupaia minor,Septum_Vol.mm3,26.1,Stephan_etal_1981_TableV,Selected_collection,1981,5
Tupaia minor,Striatum_Vol.mm3,124,Stephan_etal_1981_TableV,Selected_collection,1981,5
Tupaia minor,Schizo_cortex_Vol.mm3,91.9,Stephan_etal_1981_TableV,Selected_collection,1981,5
Tupaia minor,Hippocampus_Vol.mm3,132,Stephan_etal_1981_TableV,Selected_collection,1981,5
Tupaia minor,Neocortex_Vol.mm3,774,Stephan_etal_1981_TableV,Selected_collection,1981,5
Urogale everetti,Bulbus_olfactorius_Vol.mm3,184,Stephan_etal_1981_TableV,Selected_collection,1981,5
Urogale everetti,Bulbus_olfactorius_accessorius_Vol.mm3,2.1,Stephan_etal_1981_TableV,Selected_collection,1981,5
Urogale everetti,Lobus_piriformis_Vol.mm3,362,Stephan_etal_1981_TableV,Selected_collection,1981,5
Urogale everetti,Septum_Vol.mm3,45.1,Stephan_etal_1981_TableV,Selected_collection,1981,5
Urogale everetti,Striatum_Vol.mm3,199,Stephan_etal_1981_TableV,Selected_collection,1981,5
Urogale everetti,Schizo_cortex_Vol.mm3,124,Stephan_etal_1981_TableV,Selected_collection,1981,5
Urogale everetti,Hippocampus_Vol.mm3,173,Stephan_etal_1981_TableV,Selected_collection,1981,5
Urogale everetti,Neocortex_Vol.mm3,1338,Stephan_etal_1981_TableV,Selected_collection,1981,5
Cheirogaleus major,Bulbus_olfactorius_Vol.mm3,158,Stephan_etal_1981_TableV,Selected_collection,1981,5
Cheirogaleus major,Bulbus_olfactorius_accessorius_Vol.mm3,4.04,Stephan_etal_1981_TableV,Selected_collection,1981,5
Cheirogaleus major,Lobus_piriformis_Vol.mm3,332,Stephan_etal_1981_TableV,Selected_collection,1981,5
Cheirogaleus major,Septum_Vol.mm3,58.9,Stephan_etal_1981_TableV,Selected_collection,1981,5
Cheirogaleus major,Striatum_Vol.mm3,327,Stephan_etal_1981_TableV,Selected_collection,1981,5
Cheirogaleus major,Schizo_cortex_Vol.mm3,149,Stephan_etal_1981_TableV,Selected_collection,1981,5
Cheirogaleus major,Hippocampus_Vol.mm3,347,Stephan_etal_1981_TableV,Selected_collection,1981,5
Cheirogaleus major,Neocortex_Vol.mm3,2938,Stephan_etal_1981_TableV,Selected_collection,1981,5
Cheirogaleus medius,Bulbus_olfactorius_Vol.mm3,102,Stephan_etal_1981_TableV,Selected_collection,1981,5
Cheirogaleus medius,Bulbus_olfactorius_accessorius_Vol.mm3,2.66,Stephan_etal_1981_TableV,Selected_collection,1981,5
Cheirogaleus medius,Lobus_piriformis_Vol.mm3,198,Stephan_etal_1981_TableV,Selected_collection,1981,5
Cheirogaleus medius,Septum_Vol.mm3,32.5,Stephan_etal_1981_TableV,Selected_collection,1981,5
Cheirogaleus medius,Striatum_Vol.mm3,145,Stephan_etal_1981_TableV,Selected_collection,1981,5
Cheirogaleus medius,Schizo_cortex_Vol.mm3,65.3,Stephan_etal_1981_TableV,Selected_collection,1981,5
Cheirogaleus medius,Hippocampus_Vol.mm3,174,Stephan_etal_1981_TableV,Selected_collection,1981,5
Cheirogaleus medius,Neocortex_Vol.mm3,1221,Stephan_etal_1981_TableV,Selected_collection,1981,5
Microcebus murinus,Bulbus_olfactorius_Vol.mm3,43,Stephan_etal_1981_TableV,Selected_collection,1981,5
Microcebus murinus,Bulbus_olfactorius_accessorius_Vol.mm3,1.62,Stephan_etal_1981_TableV,Selected_collection,1981,5
Microcebus murinus,Lobus_piriformis_Vol.mm3,103,Stephan_etal_1981_TableV,Selected_collection,1981,5
Microcebus murinus,Septum_Vol.mm3,15.3,Stephan_etal_1981_TableV,Selected_collection,1981,5
Microcebus murinus,Striatum_Vol.mm3,85.7,Stephan_etal_1981_TableV,Selected_collection,1981,5
Microcebus murinus,Schizo_cortex_Vol.mm3,40.1,Stephan_etal_1981_TableV,Selected_collection,1981,5
Microcebus murinus,Hippocampus_Vol.mm3,100,Stephan_etal_1981_TableV,Selected_collection,1981,5
Microcebus murinus,Neocortex_Vol.mm3,740,Stephan_etal_1981_TableV,Selected_collection,1981,5
Lepilemur ruficaudatus,Bulbus_olfactorius_Vol.mm3,113,Stephan_etal_1981_TableV,Selected_collection,1981,5
Lepilemur ruficaudatus,Bulbus_olfactorius_accessorius_Vol.mm3,2.72,Stephan_etal_1981_TableV,Selected_collection,1981,5
Lepilemur ruficaudatus,Lobus_piriformis_Vol.mm3,302,Stephan_etal_1981_TableV,Selected_collection,1981,5
Lepilemur ruficaudatus,Septum_Vol.mm3,56.7,Stephan_etal_1981_TableV,Selected_collection,1981,5
Lepilemur ruficaudatus,Striatum_Vol.mm3,366,Stephan_etal_1981_TableV,Selected_collection,1981,5
Lepilemur ruficaudatus,Schizo_cortex_Vol.mm3,194,Stephan_etal_1981_TableV,Selected_collection,1981,5
Lepilemur ruficaudatus,Hippocampus_Vol.mm3,392,Stephan_etal_1981_TableV,Selected_collection,1981,5
Lepilemur ruficaudatus,Neocortex_Vol.mm3,3282,Stephan_etal_1981_TableV,Selected_collection,1981,5
Eulemur fulvus,Bulbus_olfactorius_Vol.mm3,207,Stephan_etal_1981_TableV,Selected_collection,1981,5
Eulemur fulvus,Bulbus_olfactorius_accessorius_Vol.mm3,3.21,Stephan_etal_1981_TableV,Selected_collection,1981,5
Eulemur fulvus,Lobus_piriformis_Vol.mm3,641,Stephan_etal_1981_TableV,Selected_collection,1981,5
Eulemur fulvus,Septum_Vol.mm3,119,Stephan_etal_1981_TableV,Selected_collection,1981,5
Eulemur fulvus,Striatum_Vol.mm3,1215,Stephan_etal_1981_TableV,Selected_collection,1981,5
Eulemur fulvus,Schizo_cortex_Vol.mm3,422,Stephan_etal_1981_TableV,Selected_collection,1981,5
Eulemur fulvus,Hippocampus_Vol.mm3,752,Stephan_etal_1981_TableV,Selected_collection,1981,5
Eulemur fulvus,Neocortex_Vol.mm3,12207,Stephan_etal_1981_TableV,Selected_collection,1981,5
Varecia variegata,Bulbus_olfactorius_Vol.mm3,369,Stephan_etal_1981_TableV,Selected_collection,1981,5
Varecia variegata,Bulbus_olfactorius_accessorius_Vol.mm3,5.27,Stephan_etal_1981_TableV,Selected_collection,1981,5
Varecia variegata,Lobus_piriformis_Vol.mm3,985,Stephan_etal_1981_TableV,Selected_collection,1981,5
Varecia variegata,Septum_Vol.mm3,206,Stephan_etal_1981_TableV,Selected_collection,1981,5
Varecia variegata,Striatum_Vol.mm3,1591,Stephan_etal_1981_TableV,Selected_collection,1981,5
Varecia variegata,Schizo_cortex_Vol.mm3,608,Stephan_etal_1981_TableV,Selected_collection,1981,5
Varecia variegata,Hippocampus_Vol.mm3,1404,Stephan_etal_1981_TableV,Selected_collection,1981,5
Varecia variegata,Neocortex_Vol.mm3,15293,Stephan_etal_1981_TableV,Selected_collection,1981,5
Avahi laniger,Bulbus_olfactorius_Vol.mm3,89.2,Stephan_etal_1981_TableV,Selected_collection,1981,5
Avahi laniger,Bulbus_olfactorius_accessorius_Vol.mm3,3.01,Stephan_etal_1981_TableV,Selected_collection,1981,5
Avahi laniger,Lobus_piriformis_Vol.mm3,284,Stephan_etal_1981_TableV,Selected_collection,1981,5
Avahi laniger,Septum_Vol.mm3,69.7,Stephan_etal_1981_TableV,Selected_collection,1981,5
Avahi laniger,Striatum_Vol.mm3,524,Stephan_etal_1981_TableV,Selected_collection,1981,5
Avahi laniger,Schizo_cortex_Vol.mm3,241,Stephan_etal_1981_TableV,Selected_collection,1981,5
Avahi laniger,Hippocampus_Vol.mm3,526,Stephan_etal_1981_TableV,Selected_collection,1981,5
Avahi laniger,Neocortex_Vol.mm3,4813,Stephan_etal_1981_TableV,Selected_collection,1981,5
Avahi occidentalis,Bulbus_olfactorius_Vol.mm3,70.1,Stephan_etal_1981_TableV,Selected_collection,1981,5
Avahi occidentalis,Bulbus_olfactorius_accessorius_Vol.mm3,2.55,Stephan_etal_1981_TableV,Selected_collection,1981,5
Avahi occidentalis,Lobus_piriformis_Vol.mm3,265,Stephan_etal_1981_TableV,Selected_collection,1981,5
Avahi occidentalis,Septum_Vol.mm3,69.3,Stephan_etal_1981_TableV,Selected_collection,1981,5
Avahi occidentalis,Striatum_Vol.mm3,478,Stephan_etal_1981_TableV,Selected_collection,1981,5
Avahi occidentalis,Schizo_cortex_Vol.mm3,222,Stephan_etal_1981_TableV,Selected_collection,1981,5
Avahi occidentalis,Hippocampus_Vol.mm3,476,Stephan_etal_1981_TableV,Selected_collection,1981,5
Avahi occidentalis,Neocortex_Vol.mm3,4443,Stephan_etal_1981_TableV,Selected_collection,1981,5
Propithecus verreauxi,Bulbus_olfactorius_Vol.mm3,147,Stephan_etal_1981_TableV,Selected_collection,1981,5
Propithecus verreauxi,Bulbus_olfactorius_accessorius_Vol.mm3,3.4,Stephan_etal_1981_TableV,Selected_collection,1981,5
Propithecus verreauxi,Lobus_piriformis_Vol.mm3,664,Stephan_etal_1981_TableV,Selected_collection,1981,5
Propithecus verreauxi,Septum_Vol.mm3,159,Stephan_etal_1981_TableV,Selected_collection,1981,5
Propithecus verreauxi,Striatum_Vol.mm3,1411,Stephan_etal_1981_TableV,Selected_collection,1981,5
Propithecus verreauxi,Schizo_cortex_Vol.mm3,443,Stephan_etal_1981_TableV,Selected_collection,1981,5
Propithecus verreauxi,Hippocampus_Vol.mm3,1043,Stephan_etal_1981_TableV,Selected_collection,1981,5
Propithecus verreauxi,Neocortex_Vol.mm3,13170,Stephan_etal_1981_TableV,Selected_collection,1981,5
Indri indri,Bulbus_olfactorius_Vol.mm3,168,Stephan_etal_1981_TableV,Selected_collection,1981,5
Indri indri,Bulbus_olfactorius_accessorius_Vol.mm3,2.32,Stephan_etal_1981_TableV,Selected_collection,1981,5
Indri indri,Lobus_piriformis_Vol.mm3,838,Stephan_etal_1981_TableV,Selected_collection,1981,5
Indri indri,Septum_Vol.mm3,205,Stephan_etal_1981_TableV,Selected_collection,1981,5
Indri indri,Striatum_Vol.mm3,1855,Stephan_etal_1981_TableV,Selected_collection,1981,5
Indri indri,Schizo_cortex_Vol.mm3,848,Stephan_etal_1981_TableV,Selected_collection,1981,5
Indri indri,Hippocampus_Vol.mm3,1520,Stephan_etal_1981_TableV,Selected_collection,1981,5
Indri indri,Neocortex_Vol.mm3,20114,Stephan_etal_1981_TableV,Selected_collection,1981,5
Daubentonia madagascariensis,Bulbus_olfactorius_Vol.mm3,685,Stephan_etal_1981_TableV,Selected_collection,1981,5
Daubentonia madagascariensis,Bulbus_olfactorius_accessorius_Vol.mm3,8.31,Stephan_etal_1981_TableV,Selected_collection,1981,5
Daubentonia madagascariensis,Lobus_piriformis_Vol.mm3,1538,Stephan_etal_1981_TableV,Selected_collection,1981,5
Daubentonia madagascariensis,Septum_Vol.mm3,254,Stephan_etal_1981_TableV,Selected_collection,1981,5
Daubentonia madagascariensis,Striatum_Vol.mm3,2765,Stephan_etal_1981_TableV,Selected_collection,1981,5
Daubentonia madagascariensis,Schizo_cortex_Vol.mm3,1044,Stephan_etal_1981_TableV,Selected_collection,1981,5
Daubentonia madagascariensis,Hippocampus_Vol.mm3,1776,Stephan_etal_1981_TableV,Selected_collection,1981,5
Daubentonia madagascariensis,Neocortex_Vol.mm3,22127,Stephan_etal_1981_TableV,Selected_collection,1981,5
Loris tardigradus,Bulbus_olfactorius_Vol.mm3,85.8,Stephan_etal_1981_TableV,Selected_collection,1981,5
Loris tardigradus,Bulbus_olfactorius_accessorius_Vol.mm3,2.3,Stephan_etal_1981_TableV,Selected_collection,1981,5
Loris tardigradus,Lobus_piriformis_Vol.mm3,256,Stephan_etal_1981_TableV,Selected_collection,1981,5
Loris tardigradus,Septum_Vol.mm3,41.1,Stephan_etal_1981_TableV,Selected_collection,1981,5
Loris tardigradus,Striatum_Vol.mm3,351,Stephan_etal_1981_TableV,Selected_collection,1981,5
Loris tardigradus,Schizo_cortex_Vol.mm3,99.7,Stephan_etal_1981_TableV,Selected_collection,1981,5
Loris tardigradus,Hippocampus_Vol.mm3,191,Stephan_etal_1981_TableV,Selected_collection,1981,5
Loris tardigradus,Neocortex_Vol.mm3,3524,Stephan_etal_1981_TableV,Selected_collection,1981,5
Nycticebus coucang,Bulbus_olfactorius_Vol.mm3,159,Stephan_etal_1981_TableV,Selected_collection,1981,5
Nycticebus coucang,Bulbus_olfactorius_accessorius_Vol.mm3,4.28,Stephan_etal_1981_TableV,Selected_collection,1981,5
Nycticebus coucang,Lobus_piriformis_Vol.mm3,510,Stephan_etal_1981_TableV,Selected_collection,1981,5
Nycticebus coucang,Septum_Vol.mm3,92,Stephan_etal_1981_TableV,Selected_collection,1981,5
Nycticebus coucang,Striatum_Vol.mm3,760,Stephan_etal_1981_TableV,Selected_collection,1981,5
Nycticebus coucang,Schizo_cortex_Vol.mm3,212,Stephan_etal_1981_TableV,Selected_collection,1981,5
Nycticebus coucang,Hippocampus_Vol.mm3,566,Stephan_etal_1981_TableV,Selected_collection,1981,5
Nycticebus coucang,Neocortex_Vol.mm3,6192,Stephan_etal_1981_TableV,Selected_collection,1981,5
Perodicticus potto,Bulbus_olfactorius_Vol.mm3,310,Stephan_etal_1981_TableV,Selected_collection,1981,5
Perodicticus potto,Bulbus_olfactorius_accessorius_Vol.mm3,2.74,Stephan_etal_1981_TableV,Selected_collection,1981,5
Perodicticus potto,Lobus_piriformis_Vol.mm3,661,Stephan_etal_1981_TableV,Selected_collection,1981,5
Perodicticus potto,Septum_Vol.mm3,114,Stephan_etal_1981_TableV,Selected_collection,1981,5
Perodicticus potto,Striatum_Vol.mm3,712,Stephan_etal_1981_TableV,Selected_collection,1981,5
Perodicticus potto,Schizo_cortex_Vol.mm3,328,Stephan_etal_1981_TableV,Selected_collection,1981,5
Perodicticus potto,Hippocampus_Vol.mm3,607,Stephan_etal_1981_TableV,Selected_collection,1981,5
Perodicticus potto,Neocortex_Vol.mm3,6683,Stephan_etal_1981_TableV,Selected_collection,1981,5
Otolemur crassicaudatus,Bulbus_olfactorius_Vol.mm3,166,Stephan_etal_1981_TableV,Selected_collection,1981,5
Otolemur crassicaudatus,Bulbus_olfactorius_accessorius_Vol.mm3,2.52,Stephan_etal_1981_TableV,Selected_collection,1981,5
Otolemur crassicaudatus,Lobus_piriformis_Vol.mm3,386,Stephan_etal_1981_TableV,Selected_collection,1981,5
Otolemur crassicaudatus,Septum_Vol.mm3,70,Stephan_etal_1981_TableV,Selected_collection,1981,5
Otolemur crassicaudatus,Striatum_Vol.mm3,556,Stephan_etal_1981_TableV,Selected_collection,1981,5
Otolemur crassicaudatus,Schizo_cortex_Vol.mm3,181,Stephan_etal_1981_TableV,Selected_collection,1981,5
Otolemur crassicaudatus,Hippocampus_Vol.mm3,461,Stephan_etal_1981_TableV,Selected_collection,1981,5
Otolemur crassicaudatus,Neocortex_Vol.mm3,4723,Stephan_etal_1981_TableV,Selected_collection,1981,5
Galagoides demidoff,Bulbus_olfactorius_Vol.mm3,83.1,Stephan_etal_1981_TableV,Selected_collection,1981,5
Galagoides demidoff,Bulbus_olfactorius_accessorius_Vol.mm3,1.26,Stephan_etal_1981_TableV,Selected_collection,1981,5
Galagoides demidoff,Lobus_piriformis_Vol.mm3,181,Stephan_etal_1981_TableV,Selected_collection,1981,5
Galagoides demidoff,Septum_Vol.mm3,25.7,Stephan_etal_1981_TableV,Selected_collection,1981,5
Galagoides demidoff,Striatum_Vol.mm3,169,Stephan_etal_1981_TableV,Selected_collection,1981,5
Galagoides demidoff,Schizo_cortex_Vol.mm3,59.9,Stephan_etal_1981_TableV,Selected_collection,1981,5
Galagoides demidoff,Hippocampus_Vol.mm3,152,Stephan_etal_1981_TableV,Selected_collection,1981,5
Galagoides demidoff,Neocortex_Vol.mm3,1568,Stephan_etal_1981_TableV,Selected_collection,1981,5
Galago senegalensis,Bulbus_olfactorius_Vol.mm3,79.2,Stephan_etal_1981_TableV,Selected_collection,1981,5
Galago senegalensis,Bulbus_olfactorius_accessorius_Vol.mm3,2.58,Stephan_etal_1981_TableV,Selected_collection,1981,5
Galago senegalensis,Lobus_piriformis_Vol.mm3,163,Stephan_etal_1981_TableV,Selected_collection,1981,5
Galago senegalensis,Septum_Vol.mm3,35.7,Stephan_etal_1981_TableV,Selected_collection,1981,5
Galago senegalensis,Striatum_Vol.mm3,210,Stephan_etal_1981_TableV,Selected_collection,1981,5
Galago senegalensis,Schizo_cortex_Vol.mm3,107,Stephan_etal_1981_TableV,Selected_collection,1981,5
Galago senegalensis,Hippocampus_Vol.mm3,261,Stephan_etal_1981_TableV,Selected_collection,1981,5
Galago senegalensis,Neocortex_Vol.mm3,2139,Stephan_etal_1981_TableV,Selected_collection,1981,5
Tarsius sp.,Bulbus_olfactorius_Vol.mm3,18.8,Stephan_etal_1981_TableV,Selected_collection,1981,5
Tarsius sp.,Bulbus_olfactorius_accessorius_Vol.mm3,0.82,Stephan_etal_1981_TableV,Selected_collection,1981,5
Tarsius sp.,Lobus_piriformis_Vol.mm3,92.7,Stephan_etal_1981_TableV,Selected_collection,1981,5
Tarsius sp.,Septum_Vol.mm3,23.3,Stephan_etal_1981_TableV,Selected_collection,1981,5
Tarsius sp.,Striatum_Vol.mm3,133,Stephan_etal_1981_TableV,Selected_collection,1981,5
Tarsius sp.,Schizo_cortex_Vol.mm3,69,Stephan_etal_1981_TableV,Selected_collection,1981,5
Tarsius sp.,Hippocampus_Vol.mm3,153,Stephan_etal_1981_TableV,Selected_collection,1981,5
Tarsius sp.,Neocortex_Vol.mm3,1768,Stephan_etal_1981_TableV,Selected_collection,1981,5
Callithrix jacchus,Bulbus_olfactorius_Vol.mm3,22.8,Stephan_etal_1981_TableVI,Selected_collection,1981,6
Callithrix jacchus,Bulbus_olfactorius_accessorius_Vol.mm3,0.326,Stephan_etal_1981_TableVI,Selected_collection,1981,6
Callithrix jacchus,Lobus_piriformis_Vol.mm3,191,Stephan_etal_1981_TableVI,Selected_collection,1981,6
Callithrix jacchus,Septum_Vol.mm3,49.8,Stephan_etal_1981_TableVI,Selected_collection,1981,6
Callithrix jacchus,Striatum_Vol.mm3,372,Stephan_etal_1981_TableVI,Selected_collection,1981,6
Callithrix jacchus,Schizo_cortex_Vol.mm3,90,Stephan_etal_1981_TableVI,Selected_collection,1981,6
Callithrix jacchus,Hippocampus_Vol.mm3,221,Stephan_etal_1981_TableVI,Selected_collection,1981,6
Callithrix jacchus,Neocortex_Vol.mm3,4371,Stephan_etal_1981_TableVI,Selected_collection,1981,6
Callithrix pygmaea,Bulbus_olfactorius_Vol.mm3,12.3,Stephan_etal_1981_TableVI,Selected_collection,1981,6
Callithrix pygmaea,Bulbus_olfactorius_accessorius_Vol.mm3,0.386,Stephan_etal_1981_TableVI,Selected_collection,1981,6
Callithrix pygmaea,Lobus_piriformis_Vol.mm3,133,Stephan_etal_1981_TableVI,Selected_collection,1981,6
Callithrix pygmaea,Septum_Vol.mm3,29.2,Stephan_etal_1981_TableVI,Selected_collection,1981,6
Callithrix pygmaea,Striatum_Vol.mm3,174,Stephan_etal_1981_TableVI,Selected_collection,1981,6
Callithrix pygmaea,Schizo_cortex_Vol.mm3,81.8,Stephan_etal_1981_TableVI,Selected_collection,1981,6
Callithrix pygmaea,Hippocampus_Vol.mm3,133,Stephan_etal_1981_TableVI,Selected_collection,1981,6
Callithrix pygmaea,Neocortex_Vol.mm3,2535,Stephan_etal_1981_TableVI,Selected_collection,1981,6
Saguinus oedipus,Bulbus_olfactorius_Vol.mm3,19.1,Stephan_etal_1981_TableVI,Selected_collection,1981,6
Saguinus oedipus,Bulbus_olfactorius_accessorius_Vol.mm3,0.406,Stephan_etal_1981_TableVI,Selected_collection,1981,6
Saguinus oedipus,Lobus_piriformis_Vol.mm3,256,Stephan_etal_1981_TableVI,Selected_collection,1981,6
Saguinus oedipus,Septum_Vol.mm3,60.5,Stephan_etal_1981_TableVI,Selected_collection,1981,6
Saguinus oedipus,Striatum_Vol.mm3,453,Stephan_etal_1981_TableVI,Selected_collection,1981,6
Saguinus oedipus,Schizo_cortex_Vol.mm3,107,Stephan_etal_1981_TableVI,Selected_collection,1981,6
Saguinus oedipus,Hippocampus_Vol.mm3,262,Stephan_etal_1981_TableVI,Selected_collection,1981,6
Saguinus oedipus,Neocortex_Vol.mm3,5894,Stephan_etal_1981_TableVI,Selected_collection,1981,6
Saguinus midas,Bulbus_olfactorius_Vol.mm3,17.3,Stephan_etal_1981_TableVI,Selected_collection,1981,6
Saguinus midas,Bulbus_olfactorius_accessorius_Vol.mm3,0.29,Stephan_etal_1981_TableVI,Selected_collection,1981,6
Saguinus midas,Lobus_piriformis_Vol.mm3,243,Stephan_etal_1981_TableVI,Selected_collection,1981,6
Saguinus midas,Septum_Vol.mm3,40.9,Stephan_etal_1981_TableVI,Selected_collection,1981,6
Saguinus midas,Striatum_Vol.mm3,471,Stephan_etal_1981_TableVI,Selected_collection,1981,6
Saguinus midas,Schizo_cortex_Vol.mm3,120,Stephan_etal_1981_TableVI,Selected_collection,1981,6
Saguinus midas,Hippocampus_Vol.mm3,280,Stephan_etal_1981_TableVI,Selected_collection,1981,6
Saguinus midas,Neocortex_Vol.mm3,5883,Stephan_etal_1981_TableVI,Selected_collection,1981,6
Callimico goeldii,Bulbus_olfactorius_Vol.mm3,27,Stephan_etal_1981_TableVI,Selected_collection,1981,6
Callimico goeldii,Bulbus_olfactorius_accessorius_Vol.mm3,0.512,Stephan_etal_1981_TableVI,Selected_collection,1981,6
Callimico goeldii,Lobus_piriformis_Vol.mm3,253,Stephan_etal_1981_TableVI,Selected_collection,1981,6
Callimico goeldii,Septum_Vol.mm3,63.5,Stephan_etal_1981_TableVI,Selected_collection,1981,6
Callimico goeldii,Striatum_Vol.mm3,493,Stephan_etal_1981_TableVI,Selected_collection,1981,6
Callimico goeldii,Schizo_cortex_Vol.mm3,138,Stephan_etal_1981_TableVI,Selected_collection,1981,6
Callimico goeldii,Hippocampus_Vol.mm3,281,Stephan_etal_1981_TableVI,Selected_collection,1981,6
Callimico goeldii,Neocortex_Vol.mm3,6476,Stephan_etal_1981_TableVI,Selected_collection,1981,6
Aotus trivirgatus,Bulbus_olfactorius_Vol.mm3,56,Stephan_etal_1981_TableVI,Selected_collection,1981,6
Aotus trivirgatus,Bulbus_olfactorius_accessorius_Vol.mm3,0.222,Stephan_etal_1981_TableVI,Selected_collection,1981,6
Aotus trivirgatus,Lobus_piriformis_Vol.mm3,394,Stephan_etal_1981_TableVI,Selected_collection,1981,6
Aotus trivirgatus,Septum_Vol.mm3,83.8,Stephan_etal_1981_TableVI,Selected_collection,1981,6
Aotus trivirgatus,Striatum_Vol.mm3,862,Stephan_etal_1981_TableVI,Selected_collection,1981,6
Aotus trivirgatus,Schizo_cortex_Vol.mm3,243,Stephan_etal_1981_TableVI,Selected_collection,1981,6
Aotus trivirgatus,Hippocampus_Vol.mm3,539,Stephan_etal_1981_TableVI,Selected_collection,1981,6
Aotus trivirgatus,Neocortex_Vol.mm3,9950,Stephan_etal_1981_TableVI,Selected_collection,1981,6
Callicebus moloch,Bulbus_olfactorius_Vol.mm3,19.2,Stephan_etal_1981_TableVI,Selected_collection,1981,6
Callicebus moloch,Bulbus_olfactorius_accessorius_Vol.mm3,0.325,Stephan_etal_1981_TableVI,Selected_collection,1981,6
Callicebus moloch,Lobus_piriformis_Vol.mm3,454,Stephan_etal_1981_TableVI,Selected_collection,1981,6
Callicebus moloch,Septum_Vol.mm3,86.4,Stephan_etal_1981_TableVI,Selected_collection,1981,6
Callicebus moloch,Striatum_Vol.mm3,920,Stephan_etal_1981_TableVI,Selected_collection,1981,6
Callicebus moloch,Schizo_cortex_Vol.mm3,234,Stephan_etal_1981_TableVI,Selected_collection,1981,6
Callicebus moloch,Hippocampus_Vol.mm3,588,Stephan_etal_1981_TableVI,Selected_collection,1981,6
Callicebus moloch,Neocortex_Vol.mm3,11163,Stephan_etal_1981_TableVI,Selected_collection,1981,6
Pithecia monachus,Bulbus_olfactorius_Vol.mm3,34.8,Stephan_etal_1981_TableVI,Selected_collection,1981,6
Pithecia monachus,Bulbus_olfactorius_accessorius_Vol.mm3,0.846,Stephan_etal_1981_TableVI,Selected_collection,1981,6
Pithecia monachus,Lobus_piriformis_Vol.mm3,675,Stephan_etal_1981_TableVI,Selected_collection,1981,6
Pithecia monachus,Septum_Vol.mm3,140,Stephan_etal_1981_TableVI,Selected_collection,1981,6
Pithecia monachus,Striatum_Vol.mm3,1918,Stephan_etal_1981_TableVI,Selected_collection,1981,6
Pithecia monachus,Schizo_cortex_Vol.mm3,289,Stephan_etal_1981_TableVI,Selected_collection,1981,6
Pithecia monachus,Hippocampus_Vol.mm3,834,Stephan_etal_1981_TableVI,Selected_collection,1981,6
Pithecia monachus,Neocortex_Vol.mm3,21028,Stephan_etal_1981_TableVI,Selected_collection,1981,6
Alouatta seniculus,Bulbus_olfactorius_Vol.mm3,41.4,Stephan_etal_1981_TableVI,Selected_collection,1981,6
Alouatta seniculus,Bulbus_olfactorius_accessorius_Vol.mm3,0.595,Stephan_etal_1981_TableVI,Selected_collection,1981,6
Alouatta seniculus,Lobus_piriformis_Vol.mm3,827,Stephan_etal_1981_TableVI,Selected_collection,1981,6
Alouatta seniculus,Septum_Vol.mm3,200,Stephan_etal_1981_TableVI,Selected_collection,1981,6
Alouatta seniculus,Striatum_Vol.mm3,2829,Stephan_etal_1981_TableVI,Selected_collection,1981,6
Alouatta seniculus,Schizo_cortex_Vol.mm3,510,Stephan_etal_1981_TableVI,Selected_collection,1981,6
Alouatta seniculus,Hippocampus_Vol.mm3,1320,Stephan_etal_1981_TableVI,Selected_collection,1981,6
Alouatta seniculus,Neocortex_Vol.mm3,31660,Stephan_etal_1981_TableVI,Selected_collection,1981,6
Ateles geoffroyi,Bulbus_olfactorius_Vol.mm3,90.4,Stephan_etal_1981_TableVI,Selected_collection,1981,6
Ateles geoffroyi,Bulbus_olfactorius_accessorius_Vol.mm3,2.19,Stephan_etal_1981_TableVI,Selected_collection,1981,6
Ateles geoffroyi,Lobus_piriformis_Vol.mm3,1625,Stephan_etal_1981_TableVI,Selected_collection,1981,6
Ateles geoffroyi,Septum_Vol.mm3,324,Stephan_etal_1981_TableVI,Selected_collection,1981,6
Ateles geoffroyi,Striatum_Vol.mm3,4950,Stephan_etal_1981_TableVI,Selected_collection,1981,6
Ateles geoffroyi,Schizo_cortex_Vol.mm3,732,Stephan_etal_1981_TableVI,Selected_collection,1981,6
Ateles geoffroyi,Hippocampus_Vol.mm3,1366,Stephan_etal_1981_TableVI,Selected_collection,1981,6
Ateles geoffroyi,Neocortex_Vol.mm3,70856,Stephan_etal_1981_TableVI,Selected_collection,1981,6
Lagothrix lagothricha,Bulbus_olfactorius_Vol.mm3,73.4,Stephan_etal_1981_TableVI,Selected_collection,1981,6
Lagothrix lagothricha,Bulbus_olfactorius_accessorius_Vol.mm3,1.43,Stephan_etal_1981_TableVI,Selected_collection,1981,6
Lagothrix lagothricha,Lobus_piriformis_Vol.mm3,1395,Stephan_etal_1981_TableVI,Selected_collection,1981,6
Lagothrix lagothricha,Septum_Vol.mm3,266,Stephan_etal_1981_TableVI,Selected_collection,1981,6
Lagothrix lagothricha,Striatum_Vol.mm3,4947,Stephan_etal_1981_TableVI,Selected_collection,1981,6
Lagothrix lagothricha,Schizo_cortex_Vol.mm3,680,Stephan_etal_1981_TableVI,Selected_collection,1981,6
Lagothrix lagothricha,Hippocampus_Vol.mm3,1586,Stephan_etal_1981_TableVI,Selected_collection,1981,6
Lagothrix lagothricha,Neocortex_Vol.mm3,65873,Stephan_etal_1981_TableVI,Selected_collection,1981,6
Cebus albifrons,Bulbus_olfactorius_Vol.mm3,39.9,Stephan_etal_1981_TableVI,Selected_collection,1981,6
Cebus albifrons,Bulbus_olfactorius_accessorius_Vol.mm3,0.667,Stephan_etal_1981_TableVI,Selected_collection,1981,6
Cebus albifrons,Lobus_piriformis_Vol.mm3,931,Stephan_etal_1981_TableVI,Selected_collection,1981,6
Cebus albifrons,Septum_Vol.mm3,174,Stephan_etal_1981_TableVI,Selected_collection,1981,6
Cebus albifrons,Striatum_Vol.mm3,3258,Stephan_etal_1981_TableVI,Selected_collection,1981,6
Cebus albifrons,Schizo_cortex_Vol.mm3,390,Stephan_etal_1981_TableVI,Selected_collection,1981,6
Cebus albifrons,Hippocampus_Vol.mm3,890,Stephan_etal_1981_TableVI,Selected_collection,1981,6
Cebus albifrons,Neocortex_Vol.mm3,46429,Stephan_etal_1981_TableVI,Selected_collection,1981,6
Saimiri sciureus,Bulbus_olfactorius_Vol.mm3,26.8,Stephan_etal_1981_TableVI,Selected_collection,1981,6
Saimiri sciureus,Bulbus_olfactorius_accessorius_Vol.mm3,0.985,Stephan_etal_1981_TableVI,Selected_collection,1981,6
Saimiri sciureus,Lobus_piriformis_Vol.mm3,413,Stephan_etal_1981_TableVI,Selected_collection,1981,6
Saimiri sciureus,Septum_Vol.mm3,90.6,Stephan_etal_1981_TableVI,Selected_collection,1981,6
Saimiri sciureus,Striatum_Vol.mm3,1042,Stephan_etal_1981_TableVI,Selected_collection,1981,6
Saimiri sciureus,Schizo_cortex_Vol.mm3,168,Stephan_etal_1981_TableVI,Selected_collection,1981,6
Saimiri sciureus,Hippocampus_Vol.mm3,352,Stephan_etal_1981_TableVI,Selected_collection,1981,6
Saimiri sciureus,Neocortex_Vol.mm3,15541,Stephan_etal_1981_TableVI,Selected_collection,1981,6
Macaca mulatta,Bulbus_olfactorius_Vol.mm3,84.3,Stephan_etal_1981_TableVI,Selected_collection,1981,6
Macaca mulatta,Bulbus_olfactorius_accessorius_Vol.mm3,0,Stephan_etal_1981_TableVI,Selected_collection,1981,6
Macaca mulatta,Lobus_piriformis_Vol.mm3,1220,Stephan_etal_1981_TableVI,Selected_collection,1981,6
Macaca mulatta,Septum_Vol.mm3,271,Stephan_etal_1981_TableVI,Selected_collection,1981,6
Macaca mulatta,Striatum_Vol.mm3,4032,Stephan_etal_1981_TableVI,Selected_collection,1981,6
Macaca mulatta,Schizo_cortex_Vol.mm3,639,Stephan_etal_1981_TableVI,Selected_collection,1981,6
Macaca mulatta,Hippocampus_Vol.mm3,1353,Stephan_etal_1981_TableVI,Selected_collection,1981,6
Macaca mulatta,Neocortex_Vol.mm3,63482,Stephan_etal_1981_TableVI,Selected_collection,1981,6
Lophocebus albigena,Bulbus_olfactorius_Vol.mm3,121,Stephan_etal_1981_TableVI,Selected_collection,1981,6
Lophocebus albigena,Bulbus_olfactorius_accessorius_Vol.mm3,0,Stephan_etal_1981_TableVI,Selected_collection,1981,6
Lophocebus albigena,Lobus_piriformis_Vol.mm3,1639,Stephan_etal_1981_TableVI,Selected_collection,1981,6
Lophocebus albigena,Septum_Vol.mm3,294,Stephan_etal_1981_TableVI,Selected_collection,1981,6
Lophocebus albigena,Striatum_Vol.mm3,4146,Stephan_etal_1981_TableVI,Selected_collection,1981,6
Lophocebus albigena,Schizo_cortex_Vol.mm3,630,Stephan_etal_1981_TableVI,Selected_collection,1981,6
Lophocebus albigena,Hippocampus_Vol.mm3,1485,Stephan_etal_1981_TableVI,Selected_collection,1981,6
Lophocebus albigena,Neocortex_Vol.mm3,68733,Stephan_etal_1981_TableVI,Selected_collection,1981,6
Papio anubis,Bulbus_olfactorius_Vol.mm3,287,Stephan_etal_1981_TableVI,Selected_collection,1981,6
Papio anubis,Bulbus_olfactorius_accessorius_Vol.mm3,0,Stephan_etal_1981_TableVI,Selected_collection,1981,6
Papio anubis,Lobus_piriformis_Vol.mm3,2111,Stephan_etal_1981_TableVI,Selected_collection,1981,6
Papio anubis,Septum_Vol.mm3,559,Stephan_etal_1981_TableVI,Selected_collection,1981,6
Papio anubis,Striatum_Vol.mm3,7182,Stephan_etal_1981_TableVI,Selected_collection,1981,6
Papio anubis,Schizo_cortex_Vol.mm3,1309,Stephan_etal_1981_TableVI,Selected_collection,1981,6
Papio anubis,Hippocampus_Vol.mm3,3398,Stephan_etal_1981_TableVI,Selected_collection,1981,6
Papio anubis,Neocortex_Vol.mm3,140142,Stephan_etal_1981_TableVI,Selected_collection,1981,6
Cercopithecus mitis,Bulbus_olfactorius_Vol.mm3,117,Stephan_etal_1981_TableVI,Selected_collection,1981,6
Cercopithecus mitis,Bulbus_olfactorius_accessorius_Vol.mm3,0,Stephan_etal_1981_TableVI,Selected_collection,1981,6
Cercopithecus mitis,Lobus_piriformis_Vol.mm3,1265,Stephan_etal_1981_TableVI,Selected_collection,1981,6
Cercopithecus mitis,Septum_Vol.mm3,246,Stephan_etal_1981_TableVI,Selected_collection,1981,6
Cercopithecus mitis,Striatum_Vol.mm3,2733,Stephan_etal_1981_TableVI,Selected_collection,1981,6
Cercopithecus mitis,Schizo_cortex_Vol.mm3,617,Stephan_etal_1981_TableVI,Selected_collection,1981,6
Cercopithecus mitis,Hippocampus_Vol.mm3,1366,Stephan_etal_1981_TableVI,Selected_collection,1981,6
Cercopithecus mitis,Neocortex_Vol.mm3,49933,Stephan_etal_1981_TableVI,Selected_collection,1981,6
Cercopithecus ascanius,Bulbus_olfactorius_Vol.mm3,99.5,Stephan_etal_1981_TableVI,Selected_collection,1981,6
Cercopithecus ascanius,Bulbus_olfactorius_accessorius_Vol.mm3,0,Stephan_etal_1981_TableVI,Selected_collection,1981,6
Cercopithecus ascanius,Lobus_piriformis_Vol.mm3,1052,Stephan_etal_1981_TableVI,Selected_collection,1981,6
Cercopithecus ascanius,Septum_Vol.mm3,251,Stephan_etal_1981_TableVI,Selected_collection,1981,6
Cercopithecus ascanius,Striatum_Vol.mm3,2827,Stephan_etal_1981_TableVI,Selected_collection,1981,6
Cercopithecus ascanius,Schizo_cortex_Vol.mm3,694,Stephan_etal_1981_TableVI,Selected_collection,1981,6
Cercopithecus ascanius,Hippocampus_Vol.mm3,1189,Stephan_etal_1981_TableVI,Selected_collection,1981,6
Cercopithecus ascanius,Neocortex_Vol.mm3,45166,Stephan_etal_1981_TableVI,Selected_collection,1981,6
Miopithecus talapoin,Bulbus_olfactorius_Vol.mm3,27.8,Stephan_etal_1981_TableVI,Selected_collection,1981,6
Miopithecus talapoin,Bulbus_olfactorius_accessorius_Vol.mm3,0,Stephan_etal_1981_TableVI,Selected_collection,1981,6
Miopithecus talapoin,Lobus_piriformis_Vol.mm3,706,Stephan_etal_1981_TableVI,Selected_collection,1981,6
Miopithecus talapoin,Septum_Vol.mm3,133,Stephan_etal_1981_TableVI,Selected_collection,1981,6
Miopithecus talapoin,Striatum_Vol.mm3,1908,Stephan_etal_1981_TableVI,Selected_collection,1981,6
Miopithecus talapoin,Schizo_cortex_Vol.mm3,259,Stephan_etal_1981_TableVI,Selected_collection,1981,6
Miopithecus talapoin,Hippocampus_Vol.mm3,705,Stephan_etal_1981_TableVI,Selected_collection,1981,6
Miopithecus talapoin,Neocortex_Vol.mm3,26427,Stephan_etal_1981_TableVI,Selected_collection,1981,6
Erythrocebus patas,Bulbus_olfactorius_Vol.mm3,51.8,Stephan_etal_1981_TableVI,Selected_collection,1981,6
Erythrocebus patas,Bulbus_olfactorius_accessorius_Vol.mm3,0,Stephan_etal_1981_TableVI,Selected_collection,1981,6
Erythrocebus patas,Lobus_piriformis_Vol.mm3,1339,Stephan_etal_1981_TableVI,Selected_collection,1981,6
Erythrocebus patas,Septum_Vol.mm3,330,Stephan_etal_1981_TableVI,Selected_collection,1981,6
Erythrocebus patas,Striatum_Vol.mm3,3624,Stephan_etal_1981_TableVI,Selected_collection,1981,6
Erythrocebus patas,Schizo_cortex_Vol.mm3,693,Stephan_etal_1981_TableVI,Selected_collection,1981,6
Erythrocebus patas,Hippocampus_Vol.mm3,1591,Stephan_etal_1981_TableVI,Selected_collection,1981,6
Erythrocebus patas,Neocortex_Vol.mm3,77141,Stephan_etal_1981_TableVI,Selected_collection,1981,6
Pygathrix nemaeus,Bulbus_olfactorius_Vol.mm3,10.7,Stephan_etal_1981_TableVI,Selected_collection,1981,6
Pygathrix nemaeus,Bulbus_olfactorius_accessorius_Vol.mm3,0,Stephan_etal_1981_TableVI,Selected_collection,1981,6
Pygathrix nemaeus,Lobus_piriformis_Vol.mm3,942,Stephan_etal_1981_TableVI,Selected_collection,1981,6
Pygathrix nemaeus,Septum_Vol.mm3,290,Stephan_etal_1981_TableVI,Selected_collection,1981,6
Pygathrix nemaeus,Striatum_Vol.mm3,3166,Stephan_etal_1981_TableVI,Selected_collection,1981,6
Pygathrix nemaeus,Schizo_cortex_Vol.mm3,723,Stephan_etal_1981_TableVI,Selected_collection,1981,6
Pygathrix nemaeus,Hippocampus_Vol.mm3,2295,Stephan_etal_1981_TableVI,Selected_collection,1981,6
Pygathrix nemaeus,Neocortex_Vol.mm3,48763,Stephan_etal_1981_TableVI,Selected_collection,1981,6
Nasalis larvatus,Bulbus_olfactorius_Vol.mm3,30.3,Stephan_etal_1981_TableVI,Selected_collection,1981,6
Nasalis larvatus,Bulbus_olfactorius_accessorius_Vol.mm3,0,Stephan_etal_1981_TableVI,Selected_collection,1981,6
Nasalis larvatus,Lobus_piriformis_Vol.mm3,1268,Stephan_etal_1981_TableVI,Selected_collection,1981,6
Nasalis larvatus,Septum_Vol.mm3,333,Stephan_etal_1981_TableVI,Selected_collection,1981,6
Nasalis larvatus,Striatum_Vol.mm3,3735,Stephan_etal_1981_TableVI,Selected_collection,1981,6
Nasalis larvatus,Schizo_cortex_Vol.mm3,855,Stephan_etal_1981_TableVI,Selected_collection,1981,6
Nasalis larvatus,Hippocampus_Vol.mm3,1966,Stephan_etal_1981_TableVI,Selected_collection,1981,6
Nasalis larvatus,Neocortex_Vol.mm3,62685,Stephan_etal_1981_TableVI,Selected_collection,1981,6
Piliocolobus badius,Bulbus_olfactorius_Vol.mm3,51.3,Stephan_etal_1981_TableVI,Selected_collection,1981,6
Piliocolobus badius,Bulbus_olfactorius_accessorius_Vol.mm3,0,Stephan_etal_1981_TableVI,Selected_collection,1981,6
Piliocolobus badius,Lobus_piriformis_Vol.mm3,937,Stephan_etal_1981_TableVI,Selected_collection,1981,6
Piliocolobus badius,Septum_Vol.mm3,288,Stephan_etal_1981_TableVI,Selected_collection,1981,6
Piliocolobus badius,Striatum_Vol.mm3,3217,Stephan_etal_1981_TableVI,Selected_collection,1981,6
Piliocolobus badius,Schizo_cortex_Vol.mm3,814,Stephan_etal_1981_TableVI,Selected_collection,1981,6
Piliocolobus badius,Hippocampus_Vol.mm3,1671,Stephan_etal_1981_TableVI,Selected_collection,1981,6
Piliocolobus badius,Neocortex_Vol.mm3,50906,Stephan_etal_1981_TableVI,Selected_collection,1981,6
Hylobates lar,Bulbus_olfactorius_Vol.mm3,43.9,Stephan_etal_1981_TableVI,Selected_collection,1981,6
Hylobates lar,Bulbus_olfactorius_accessorius_Vol.mm3,0,Stephan_etal_1981_TableVI,Selected_collection,1981,6
Hylobates lar,Lobus_piriformis_Vol.mm3,1264,Stephan_etal_1981_TableVI,Selected_collection,1981,6
Hylobates lar,Septum_Vol.mm3,302,Stephan_etal_1981_TableVI,Selected_collection,1981,6
Hylobates lar,Striatum_Vol.mm3,4784,Stephan_etal_1981_TableVI,Selected_collection,1981,6
Hylobates lar,Schizo_cortex_Vol.mm3,1136,Stephan_etal_1981_TableVI,Selected_collection,1981,6
Hylobates lar,Hippocampus_Vol.mm3,2673,Stephan_etal_1981_TableVI,Selected_collection,1981,6
Hylobates lar,Neocortex_Vol.mm3,65800,Stephan_etal_1981_TableVI,Selected_collection,1981,6
Pan troglodytes,Bulbus_olfactorius_Vol.mm3,257,Stephan_etal_1981_TableVI,Selected_collection,1981,6
Pan troglodytes,Bulbus_olfactorius_accessorius_Vol.mm3,0,Stephan_etal_1981_TableVI,Selected_collection,1981,6
Pan troglodytes,Lobus_piriformis_Vol.mm3,2750,Stephan_etal_1981_TableVI,Selected_collection,1981,6
Pan troglodytes,Septum_Vol.mm3,851,Stephan_etal_1981_TableVI,Selected_collection,1981,6
Pan troglodytes,Striatum_Vol.mm3,12246,Stephan_etal_1981_TableVI,Selected_collection,1981,6
Pan troglodytes,Schizo_cortex_Vol.mm3,2018,Stephan_etal_1981_TableVI,Selected_collection,1981,6
Pan troglodytes,Hippocampus_Vol.mm3,3779,Stephan_etal_1981_TableVI,Selected_collection,1981,6
Pan troglodytes,Neocortex_Vol.mm3,291592,Stephan_etal_1981_TableVI,Selected_collection,1981,6
Gorilla sp.,Bulbus_olfactorius_Vol.mm3,316,Stephan_etal_1981_TableVI,Selected_collection,1981,6
Gorilla sp.,Bulbus_olfactorius_accessorius_Vol.mm3,0,Stephan_etal_1981_TableVI,Selected_collection,1981,6
Gorilla sp.,Lobus_piriformis_Vol.mm3,4871,Stephan_etal_1981_TableVI,Selected_collection,1981,6
Gorilla sp.,Septum_Vol.mm3,1173,Stephan_etal_1981_TableVI,Selected_collection,1981,6
Gorilla sp.,Striatum_Vol.mm3,14567,Stephan_etal_1981_TableVI,Selected_collection,1981,6
Gorilla sp.,Schizo_cortex_Vol.mm3,2729,Stephan_etal_1981_TableVI,Selected_collection,1981,6
Gorilla sp.,Hippocampus_Vol.mm3,4781,Stephan_etal_1981_TableVI,Selected_collection,1981,6
Gorilla sp.,Neocortex_Vol.mm3,341444,Stephan_etal_1981_TableVI,Selected_collection,1981,6
Homo sapiens,Bulbus_olfactorius_Vol.mm3,114,Stephan_etal_1981_TableVI,Selected_collection,1981,6
Homo sapiens,Bulbus_olfactorius_accessorius_Vol.mm3,0,Stephan_etal_1981_TableVI,Selected_collection,1981,6
Homo sapiens,Lobus_piriformis_Vol.mm3,9032,Stephan_etal_1981_TableVI,Selected_collection,1981,6
Homo sapiens,Septum_Vol.mm3,2610,Stephan_etal_1981_TableVI,Selected_collection,1981,6
Homo sapiens,Striatum_Vol.mm3,28689,Stephan_etal_1981_TableVI,Selected_collection,1981,6
Homo sapiens,Schizo_cortex_Vol.mm3,6142,Stephan_etal_1981_TableVI,Selected_collection,1981,6
Homo sapiens,Hippocampus_Vol.mm3,10287,Stephan_etal_1981_TableVI,Selected_collection,1981,6
Homo sapiens,Neocortex_Vol.mm3,1006525,Stephan_etal_1981_TableVI,Selected_collection,1981,6
Tenrec ecaudatus,Epithalamus_Vol.mm3,2.7,Stephan_etal_1981_TableVII,Selected_collection,1981,7
Tenrec ecaudatus,Thalamus_Vol.mm3,62.1,Stephan_etal_1981_TableVII,Selected_collection,1981,7
Tenrec ecaudatus,Hypothalamus_Vol.mm3,51.4,Stephan_etal_1981_TableVII,Selected_collection,1981,7
Tenrec ecaudatus,Subthalamus_Vol.mm3,11.5,Stephan_etal_1981_TableVII,Selected_collection,1981,7
Tenrec ecaudatus,Pallidum_Vol.mm3,11,Stephan_etal_1981_TableVII,Selected_collection,1981,7
Tenrec ecaudatus,Nucleus_subthalamicus_Vol.mm3,0.481,Stephan_etal_1981_TableVII,Selected_collection,1981,7
Tenrec ecaudatus,Capsula_interna_Vol.mm3,13.2,Stephan_etal_1981_TableVII,Selected_collection,1981,7
Tenrec ecaudatus,Tractus_opticus_Vol.mm3,2.73,Stephan_etal_1981_TableVII,Selected_collection,1981,7
Setifer setosus,Epithalamus_Vol.mm3,1.62,Stephan_etal_1981_TableVII,Selected_collection,1981,7
Setifer setosus,Thalamus_Vol.mm3,41.5,Stephan_etal_1981_TableVII,Selected_collection,1981,7
Setifer setosus,Hypothalamus_Vol.mm3,38.3,Stephan_etal_1981_TableVII,Selected_collection,1981,7
Setifer setosus,Subthalamus_Vol.mm3,5.81,Stephan_etal_1981_TableVII,Selected_collection,1981,7
Setifer setosus,Pallidum_Vol.mm3,5.49,Stephan_etal_1981_TableVII,Selected_collection,1981,7
Setifer setosus,Nucleus_subthalamicus_Vol.mm3,0.316,Stephan_etal_1981_TableVII,Selected_collection,1981,7
Setifer setosus,Capsula_interna_Vol.mm3,8.57,Stephan_etal_1981_TableVII,Selected_collection,1981,7
Setifer setosus,Tractus_opticus_Vol.mm3,1.07,Stephan_etal_1981_TableVII,Selected_collection,1981,7
Hemicentetes semispinosus,Epithalamus_Vol.mm3,1.16,Stephan_etal_1981_TableVII,Selected_collection,1981,7
Hemicentetes semispinosus,Thalamus_Vol.mm3,19,Stephan_etal_1981_TableVII,Selected_collection,1981,7
Hemicentetes semispinosus,Hypothalamus_Vol.mm3,17.1,Stephan_etal_1981_TableVII,Selected_collection,1981,7
Hemicentetes semispinosus,Subthalamus_Vol.mm3,3.31,Stephan_etal_1981_TableVII,Selected_collection,1981,7
Hemicentetes semispinosus,Pallidum_Vol.mm3,3.12,Stephan_etal_1981_TableVII,Selected_collection,1981,7
Hemicentetes semispinosus,Nucleus_subthalamicus_Vol.mm3,0.188,Stephan_etal_1981_TableVII,Selected_collection,1981,7
Hemicentetes semispinosus,Capsula_interna_Vol.mm3,2.81,Stephan_etal_1981_TableVII,Selected_collection,1981,7
Hemicentetes semispinosus,Tractus_opticus_Vol.mm3,0.507,Stephan_etal_1981_TableVII,Selected_collection,1981,7
Echinops telfairi,Epithalamus_Vol.mm3,0.977,Stephan_etal_1981_TableVII,Selected_collection,1981,7
Echinops telfairi,Thalamus_Vol.mm3,17.9,Stephan_etal_1981_TableVII,Selected_collection,1981,7
Echinops telfairi,Hypothalamus_Vol.mm3,16.4,Stephan_etal_1981_TableVII,Selected_collection,1981,7
Echinops telfairi,Subthalamus_Vol.mm3,2.68,Stephan_etal_1981_TableVII,Selected_collection,1981,7
Echinops telfairi,Pallidum_Vol.mm3,2.44,Stephan_etal_1981_TableVII,Selected_collection,1981,7
Echinops telfairi,Nucleus_subthalamicus_Vol.mm3,0.242,Stephan_etal_1981_TableVII,Selected_collection,1981,7
Echinops telfairi,Capsula_interna_Vol.mm3,2.23,Stephan_etal_1981_TableVII,Selected_collection,1981,7
Echinops telfairi,Tractus_opticus_Vol.mm3,0.605,Stephan_etal_1981_TableVII,Selected_collection,1981,7
Erinaceus europaeus,Epithalamus_Vol.mm3,3.71,Stephan_etal_1981_TableVII,Selected_collection,1981,7
Erinaceus europaeus,Thalamus_Vol.mm3,117,Stephan_etal_1981_TableVII,Selected_collection,1981,7
Erinaceus europaeus,Hypothalamus_Vol.mm3,79.9,Stephan_etal_1981_TableVII,Selected_collection,1981,7
Erinaceus europaeus,Subthalamus_Vol.mm3,14.2,Stephan_etal_1981_TableVII,Selected_collection,1981,7
Erinaceus europaeus,Pallidum_Vol.mm3,13.3,Stephan_etal_1981_TableVII,Selected_collection,1981,7
Erinaceus europaeus,Nucleus_subthalamicus_Vol.mm3,0.903,Stephan_etal_1981_TableVII,Selected_collection,1981,7
Erinaceus europaeus,Capsula_interna_Vol.mm3,18.8,Stephan_etal_1981_TableVII,Selected_collection,1981,7
Erinaceus europaeus,Tractus_opticus_Vol.mm3,3.94,Stephan_etal_1981_TableVII,Selected_collection,1981,7
Sorex minutus,Epithalamus_Vol.mm3,0.161,Stephan_etal_1981_TableVII,Selected_collection,1981,7
Sorex minutus,Thalamus_Vol.mm3,3.92,Stephan_etal_1981_TableVII,Selected_collection,1981,7
Sorex minutus,Hypothalamus_Vol.mm3,3.07,Stephan_etal_1981_TableVII,Selected_collection,1981,7
Sorex minutus,Subthalamus_Vol.mm3,0.707,Stephan_etal_1981_TableVII,Selected_collection,1981,7
Sorex minutus,Pallidum_Vol.mm3,0.65,Stephan_etal_1981_TableVII,Selected_collection,1981,7
Sorex minutus,Nucleus_subthalamicus_Vol.mm3,0.0569,Stephan_etal_1981_TableVII,Selected_collection,1981,7
Sorex minutus,Capsula_interna_Vol.mm3,0.288,Stephan_etal_1981_TableVII,Selected_collection,1981,7
Sorex minutus,Tractus_opticus_Vol.mm3,0.106,Stephan_etal_1981_TableVII,Selected_collection,1981,7
Sorex araneus,Epithalamus_Vol.mm3,0.264,Stephan_etal_1981_TableVII,Selected_collection,1981,7
Sorex araneus,Thalamus_Vol.mm3,7.25,Stephan_etal_1981_TableVII,Selected_collection,1981,7
Sorex araneus,Hypothalamus_Vol.mm3,5.17,Stephan_etal_1981_TableVII,Selected_collection,1981,7
Sorex araneus,Subthalamus_Vol.mm3,1.09,Stephan_etal_1981_TableVII,Selected_collection,1981,7
Sorex araneus,Pallidum_Vol.mm3,0.979,Stephan_etal_1981_TableVII,Selected_collection,1981,7
Sorex araneus,Nucleus_subthalamicus_Vol.mm3,0.105,Stephan_etal_1981_TableVII,Selected_collection,1981,7
Sorex araneus,Capsula_interna_Vol.mm3,0.61,Stephan_etal_1981_TableVII,Selected_collection,1981,7
Sorex araneus,Tractus_opticus_Vol.mm3,0.144,Stephan_etal_1981_TableVII,Selected_collection,1981,7
Crocidura flavescens,Epithalamus_Vol.mm3,0.657,Stephan_etal_1981_TableVII,Selected_collection,1981,7
Crocidura flavescens,Thalamus_Vol.mm3,14.6,Stephan_etal_1981_TableVII,Selected_collection,1981,7
Crocidura flavescens,Hypothalamus_Vol.mm3,9.77,Stephan_etal_1981_TableVII,Selected_collection,1981,7
Crocidura flavescens,Subthalamus_Vol.mm3,1.78,Stephan_etal_1981_TableVII,Selected_collection,1981,7
Crocidura flavescens,Pallidum_Vol.mm3,1.63,Stephan_etal_1981_TableVII,Selected_collection,1981,7
Crocidura flavescens,Nucleus_subthalamicus_Vol.mm3,0.142,Stephan_etal_1981_TableVII,Selected_collection,1981,7
Crocidura flavescens,Capsula_interna_Vol.mm3,2.19,Stephan_etal_1981_TableVII,Selected_collection,1981,7
Crocidura flavescens,Tractus_opticus_Vol.mm3,0.252,Stephan_etal_1981_TableVII,Selected_collection,1981,7
Crocidura russula,Epithalamus_Vol.mm3,0.368,Stephan_etal_1981_TableVII,Selected_collection,1981,7
Crocidura russula,Thalamus_Vol.mm3,7.48,Stephan_etal_1981_TableVII,Selected_collection,1981,7
Crocidura russula,Hypothalamus_Vol.mm3,4.61,Stephan_etal_1981_TableVII,Selected_collection,1981,7
Crocidura russula,Subthalamus_Vol.mm3,0.87,Stephan_etal_1981_TableVII,Selected_collection,1981,7
Crocidura russula,Pallidum_Vol.mm3,0.781,Stephan_etal_1981_TableVII,Selected_collection,1981,7
Crocidura russula,Nucleus_subthalamicus_Vol.mm3,0.0889,Stephan_etal_1981_TableVII,Selected_collection,1981,7
Crocidura russula,Capsula_interna_Vol.mm3,0.727,Stephan_etal_1981_TableVII,Selected_collection,1981,7
Crocidura russula,Tractus_opticus_Vol.mm3,0.116,Stephan_etal_1981_TableVII,Selected_collection,1981,7
Suncus murinus,Epithalamus_Vol.mm3,0.53,Stephan_etal_1981_TableVII,Selected_collection,1981,7
Suncus murinus,Thalamus_Vol.mm3,12.3,Stephan_etal_1981_TableVII,Selected_collection,1981,7
Suncus murinus,Hypothalamus_Vol.mm3,9.67,Stephan_etal_1981_TableVII,Selected_collection,1981,7
Suncus murinus,Subthalamus_Vol.mm3,1.7,Stephan_etal_1981_TableVII,Selected_collection,1981,7
Suncus murinus,Pallidum_Vol.mm3,1.58,Stephan_etal_1981_TableVII,Selected_collection,1981,7
Suncus murinus,Nucleus_subthalamicus_Vol.mm3,0.116,Stephan_etal_1981_TableVII,Selected_collection,1981,7
Suncus murinus,Capsula_interna_Vol.mm3,1.18,Stephan_etal_1981_TableVII,Selected_collection,1981,7
Suncus murinus,Tractus_opticus_Vol.mm3,0.232,Stephan_etal_1981_TableVII,Selected_collection,1981,7
Tupaia glis,Epithalamus_Vol.mm3,1.98,Stephan_etal_1981_TableVIII,Selected_collection,1981,8
Tupaia glis,Thalamus_Vol.mm3,153,Stephan_etal_1981_TableVIII,Selected_collection,1981,8
Tupaia glis,Hypothalamus_Vol.mm3,47.5,Stephan_etal_1981_TableVIII,Selected_collection,1981,8
Tupaia glis,Subthalamus_Vol.mm3,18.6,Stephan_etal_1981_TableVIII,Selected_collection,1981,8
Tupaia glis,Pallidum_Vol.mm3,17.2,Stephan_etal_1981_TableVIII,Selected_collection,1981,8
Tupaia glis,Nucleus_subthalamicus_Vol.mm3,1.39,Stephan_etal_1981_TableVIII,Selected_collection,1981,8
Tupaia glis,Capsula_interna_Vol.mm3,24.6,Stephan_etal_1981_TableVIII,Selected_collection,1981,8
Tupaia glis,Tractus_opticus_Vol.mm3,39.3,Stephan_etal_1981_TableVIII,Selected_collection,1981,8
Cheirogaleus major,Epithalamus_Vol.mm3,4.83,Stephan_etal_1981_TableVIII,Selected_collection,1981,8
Cheirogaleus major,Thalamus_Vol.mm3,271,Stephan_etal_1981_TableVIII,Selected_collection,1981,8
Cheirogaleus major,Hypothalamus_Vol.mm3,101,Stephan_etal_1981_TableVIII,Selected_collection,1981,8
Cheirogaleus major,Subthalamus_Vol.mm3,33.8,Stephan_etal_1981_TableVIII,Selected_collection,1981,8
Cheirogaleus major,Pallidum_Vol.mm3,31.6,Stephan_etal_1981_TableVIII,Selected_collection,1981,8
Cheirogaleus major,Nucleus_subthalamicus_Vol.mm3,2.27,Stephan_etal_1981_TableVIII,Selected_collection,1981,8
Cheirogaleus major,Capsula_interna_Vol.mm3,48.6,Stephan_etal_1981_TableVIII,Selected_collection,1981,8
Cheirogaleus major,Tractus_opticus_Vol.mm3,18,Stephan_etal_1981_TableVIII,Selected_collection,1981,8
Microcebus murinus,Epithalamus_Vol.mm3,1.44,Stephan_etal_1981_TableVIII,Selected_collection,1981,8
Microcebus murinus,Thalamus_Vol.mm3,78.3,Stephan_etal_1981_TableVIII,Selected_collection,1981,8
Microcebus murinus,Hypothalamus_Vol.mm3,29.8,Stephan_etal_1981_TableVIII,Selected_collection,1981,8
Microcebus murinus,Subthalamus_Vol.mm3,11.4,Stephan_etal_1981_TableVIII,Selected_collection,1981,8
Microcebus murinus,Pallidum_Vol.mm3,10.7,Stephan_etal_1981_TableVIII,Selected_collection,1981,8
Microcebus murinus,Nucleus_subthalamicus_Vol.mm3,0.65,Stephan_etal_1981_TableVIII,Selected_collection,1981,8
Microcebus murinus,Capsula_interna_Vol.mm3,9.08,Stephan_etal_1981_TableVIII,Selected_collection,1981,8
Microcebus murinus,Tractus_opticus_Vol.mm3,6.17,Stephan_etal_1981_TableVIII,Selected_collection,1981,8
Lepilemur ruficaudatus,Epithalamus_Vol.mm3,4.89,Stephan_etal_1981_TableVIII,Selected_collection,1981,8
Lepilemur ruficaudatus,Thalamus_Vol.mm3,337,Stephan_etal_1981_TableVIII,Selected_collection,1981,8
Lepilemur ruficaudatus,Hypothalamus_Vol.mm3,114,Stephan_etal_1981_TableVIII,Selected_collection,1981,8
Lepilemur ruficaudatus,Subthalamus_Vol.mm3,58.1,Stephan_etal_1981_TableVIII,Selected_collection,1981,8
Lepilemur ruficaudatus,Pallidum_Vol.mm3,55.2,Stephan_etal_1981_TableVIII,Selected_collection,1981,8
Lepilemur ruficaudatus,Nucleus_subthalamicus_Vol.mm3,2.91,Stephan_etal_1981_TableVIII,Selected_collection,1981,8
Lepilemur ruficaudatus,Capsula_interna_Vol.mm3,63,Stephan_etal_1981_TableVIII,Selected_collection,1981,8
Lepilemur ruficaudatus,Tractus_opticus_Vol.mm3,20.7,Stephan_etal_1981_TableVIII,Selected_collection,1981,8
Eulemur fulvus,Epithalamus_Vol.mm3,12.2,Stephan_etal_1981_TableVIII,Selected_collection,1981,8
Eulemur fulvus,Thalamus_Vol.mm3,1028,Stephan_etal_1981_TableVIII,Selected_collection,1981,8
Eulemur fulvus,Hypothalamus_Vol.mm3,239,Stephan_etal_1981_TableVIII,Selected_collection,1981,8
Eulemur fulvus,Subthalamus_Vol.mm3,225,Stephan_etal_1981_TableVIII,Selected_collection,1981,8
Eulemur fulvus,Pallidum_Vol.mm3,212,Stephan_etal_1981_TableVIII,Selected_collection,1981,8
Eulemur fulvus,Nucleus_subthalamicus_Vol.mm3,13.9,Stephan_etal_1981_TableVIII,Selected_collection,1981,8
Eulemur fulvus,Capsula_interna_Vol.mm3,248,Stephan_etal_1981_TableVIII,Selected_collection,1981,8
Eulemur fulvus,Tractus_opticus_Vol.mm3,108,Stephan_etal_1981_TableVIII,Selected_collection,1981,8
Avahi occidentalis,Epithalamus_Vol.mm3,6.52,Stephan_etal_1981_TableVIII,Selected_collection,1981,8
Avahi occidentalis,Thalamus_Vol.mm3,489,Stephan_etal_1981_TableVIII,Selected_collection,1981,8
Avahi occidentalis,Hypothalamus_Vol.mm3,137,Stephan_etal_1981_TableVIII,Selected_collection,1981,8
Avahi occidentalis,Subthalamus_Vol.mm3,80.5,Stephan_etal_1981_TableVIII,Selected_collection,1981,8
Avahi occidentalis,Pallidum_Vol.mm3,74.5,Stephan_etal_1981_TableVIII,Selected_collection,1981,8
Avahi occidentalis,Nucleus_subthalamicus_Vol.mm3,5.94,Stephan_etal_1981_TableVIII,Selected_collection,1981,8
Avahi occidentalis,Capsula_interna_Vol.mm3,105,Stephan_etal_1981_TableVIII,Selected_collection,1981,8
Avahi occidentalis,Tractus_opticus_Vol.mm3,38.3,Stephan_etal_1981_TableVIII,Selected_collection,1981,8
Propithecus verreauxi,Epithalamus_Vol.mm3,14.6,Stephan_etal_1981_TableVIII,Selected_collection,1981,8
Propithecus verreauxi,Thalamus_Vol.mm3,1341,Stephan_etal_1981_TableVIII,Selected_collection,1981,8
Propithecus verreauxi,Hypothalamus_Vol.mm3,328,Stephan_etal_1981_TableVIII,Selected_collection,1981,8
Propithecus verreauxi,Subthalamus_Vol.mm3,283,Stephan_etal_1981_TableVIII,Selected_collection,1981,8
Propithecus verreauxi,Pallidum_Vol.mm3,263,Stephan_etal_1981_TableVIII,Selected_collection,1981,8
Propithecus verreauxi,Nucleus_subthalamicus_Vol.mm3,20,Stephan_etal_1981_TableVIII,Selected_collection,1981,8
Propithecus verreauxi,Capsula_interna_Vol.mm3,324,Stephan_etal_1981_TableVIII,Selected_collection,1981,8
Propithecus verreauxi,Tractus_opticus_Vol.mm3,125,Stephan_etal_1981_TableVIII,Selected_collection,1981,8
Loris tardigradus,Epithalamus_Vol.mm3,3.21,Stephan_etal_1981_TableVIII,Selected_collection,1981,8
Loris tardigradus,Thalamus_Vol.mm3,348,Stephan_etal_1981_TableVIII,Selected_collection,1981,8
Loris tardigradus,Hypothalamus_Vol.mm3,80.9,Stephan_etal_1981_TableVIII,Selected_collection,1981,8
Loris tardigradus,Subthalamus_Vol.mm3,45.2,Stephan_etal_1981_TableVIII,Selected_collection,1981,8
Loris tardigradus,Pallidum_Vol.mm3,41.4,Stephan_etal_1981_TableVIII,Selected_collection,1981,8
Loris tardigradus,Nucleus_subthalamicus_Vol.mm3,3.79,Stephan_etal_1981_TableVIII,Selected_collection,1981,8
Loris tardigradus,Capsula_interna_Vol.mm3,46.3,Stephan_etal_1981_TableVIII,Selected_collection,1981,8
Loris tardigradus,Tractus_opticus_Vol.mm3,15.7,Stephan_etal_1981_TableVIII,Selected_collection,1981,8
Perodicticus potto,Epithalamus_Vol.mm3,10.4,Stephan_etal_1981_TableVIII,Selected_collection,1981,8
Perodicticus potto,Thalamus_Vol.mm3,587,Stephan_etal_1981_TableVIII,Selected_collection,1981,8
Perodicticus potto,Hypothalamus_Vol.mm3,160,Stephan_etal_1981_TableVIII,Selected_collection,1981,8
Perodicticus potto,Subthalamus_Vol.mm3,116,Stephan_etal_1981_TableVIII,Selected_collection,1981,8
Perodicticus potto,Pallidum_Vol.mm3,107,Stephan_etal_1981_TableVIII,Selected_collection,1981,8
Perodicticus potto,Nucleus_subthalamicus_Vol.mm3,8.19,Stephan_etal_1981_TableVIII,Selected_collection,1981,8
Perodicticus potto,Capsula_interna_Vol.mm3,107,Stephan_etal_1981_TableVIII,Selected_collection,1981,8
Perodicticus potto,Tractus_opticus_Vol.mm3,19.5,Stephan_etal_1981_TableVIII,Selected_collection,1981,8
Otolemur crassicaudatus,Epithalamus_Vol.mm3,5.71,Stephan_etal_1981_TableVIII,Selected_collection,1981,8
Otolemur crassicaudatus,Thalamus_Vol.mm3,437,Stephan_etal_1981_TableVIII,Selected_collection,1981,8
Otolemur crassicaudatus,Hypothalamus_Vol.mm3,127,Stephan_etal_1981_TableVIII,Selected_collection,1981,8
Otolemur crassicaudatus,Subthalamus_Vol.mm3,67.4,Stephan_etal_1981_TableVIII,Selected_collection,1981,8
Otolemur crassicaudatus,Pallidum_Vol.mm3,63.3,Stephan_etal_1981_TableVIII,Selected_collection,1981,8
Otolemur crassicaudatus,Nucleus_subthalamicus_Vol.mm3,4.1,Stephan_etal_1981_TableVIII,Selected_collection,1981,8
Otolemur crassicaudatus,Capsula_interna_Vol.mm3,74.6,Stephan_etal_1981_TableVIII,Selected_collection,1981,8
Otolemur crassicaudatus,Tractus_opticus_Vol.mm3,33.9,Stephan_etal_1981_TableVIII,Selected_collection,1981,8
Galagoides demidoff,Epithalamus_Vol.mm3,2.09,Stephan_etal_1981_TableVIII,Selected_collection,1981,8
Galagoides demidoff,Thalamus_Vol.mm3,153,Stephan_etal_1981_TableVIII,Selected_collection,1981,8
Galagoides demidoff,Hypothalamus_Vol.mm3,45.1,Stephan_etal_1981_TableVIII,Selected_collection,1981,8
Galagoides demidoff,Subthalamus_Vol.mm3,18.3,Stephan_etal_1981_TableVIII,Selected_collection,1981,8
Galagoides demidoff,Pallidum_Vol.mm3,17,Stephan_etal_1981_TableVIII,Selected_collection,1981,8
Galagoides demidoff,Nucleus_subthalamicus_Vol.mm3,1.4,Stephan_etal_1981_TableVIII,Selected_collection,1981,8
Galagoides demidoff,Capsula_interna_Vol.mm3,18.4,Stephan_etal_1981_TableVIII,Selected_collection,1981,8
Galagoides demidoff,Tractus_opticus_Vol.mm3,11.5,Stephan_etal_1981_TableVIII,Selected_collection,1981,8
Tarsius sp.,Epithalamus_Vol.mm3,2.53,Stephan_etal_1981_TableVIII,Selected_collection,1981,8
Tarsius sp.,Thalamus_Vol.mm3,175,Stephan_etal_1981_TableVIII,Selected_collection,1981,8
Tarsius sp.,Hypothalamus_Vol.mm3,42.5,Stephan_etal_1981_TableVIII,Selected_collection,1981,8
Tarsius sp.,Subthalamus_Vol.mm3,17.1,Stephan_etal_1981_TableVIII,Selected_collection,1981,8
Tarsius sp.,Pallidum_Vol.mm3,16.1,Stephan_etal_1981_TableVIII,Selected_collection,1981,8
Tarsius sp.,Nucleus_subthalamicus_Vol.mm3,1.09,Stephan_etal_1981_TableVIII,Selected_collection,1981,8
Tarsius sp.,Capsula_interna_Vol.mm3,16.7,Stephan_etal_1981_TableVIII,Selected_collection,1981,8
Tarsius sp.,Tractus_opticus_Vol.mm3,15.5,Stephan_etal_1981_TableVIII,Selected_collection,1981,8
Callithrix pygmaea,Epithalamus_Vol.mm3,3.68,Stephan_etal_1981_TableVIII,Selected_collection,1981,8
Callithrix pygmaea,Thalamus_Vol.mm3,190,Stephan_etal_1981_TableVIII,Selected_collection,1981,8
Callithrix pygmaea,Hypothalamus_Vol.mm3,69.2,Stephan_etal_1981_TableVIII,Selected_collection,1981,8
Callithrix pygmaea,Subthalamus_Vol.mm3,27.7,Stephan_etal_1981_TableVIII,Selected_collection,1981,8
Callithrix pygmaea,Pallidum_Vol.mm3,25.8,Stephan_etal_1981_TableVIII,Selected_collection,1981,8
Callithrix pygmaea,Nucleus_subthalamicus_Vol.mm3,1.95,Stephan_etal_1981_TableVIII,Selected_collection,1981,8
Callithrix pygmaea,Capsula_interna_Vol.mm3,21.8,Stephan_etal_1981_TableVIII,Selected_collection,1981,8
Callithrix pygmaea,Tractus_opticus_Vol.mm3,23.8,Stephan_etal_1981_TableVIII,Selected_collection,1981,8
Saguinus oedipus,Epithalamus_Vol.mm3,4.93,Stephan_etal_1981_TableVIII,Selected_collection,1981,8
Saguinus oedipus,Thalamus_Vol.mm3,410,Stephan_etal_1981_TableVIII,Selected_collection,1981,8
Saguinus oedipus,Hypothalamus_Vol.mm3,152,Stephan_etal_1981_TableVIII,Selected_collection,1981,8
Saguinus oedipus,Subthalamus_Vol.mm3,77.6,Stephan_etal_1981_TableVIII,Selected_collection,1981,8
Saguinus oedipus,Pallidum_Vol.mm3,73.2,Stephan_etal_1981_TableVIII,Selected_collection,1981,8
Saguinus oedipus,Nucleus_subthalamicus_Vol.mm3,4.45,Stephan_etal_1981_TableVIII,Selected_collection,1981,8
Saguinus oedipus,Capsula_interna_Vol.mm3,62.7,Stephan_etal_1981_TableVIII,Selected_collection,1981,8
Saguinus oedipus,Tractus_opticus_Vol.mm3,50.5,Stephan_etal_1981_TableVIII,Selected_collection,1981,8
Ateles geoffroyi,Epithalamus_Vol.mm3,30.5,Stephan_etal_1981_TableVIII,Selected_collection,1981,8
Ateles geoffroyi,Thalamus_Vol.mm3,2930,Stephan_etal_1981_TableVIII,Selected_collection,1981,8
Ateles geoffroyi,Hypothalamus_Vol.mm3,629,Stephan_etal_1981_TableVIII,Selected_collection,1981,8
Ateles geoffroyi,Subthalamus_Vol.mm3,860,Stephan_etal_1981_TableVIII,Selected_collection,1981,8
Ateles geoffroyi,Pallidum_Vol.mm3,807,Stephan_etal_1981_TableVIII,Selected_collection,1981,8
Ateles geoffroyi,Nucleus_subthalamicus_Vol.mm3,52.8,Stephan_etal_1981_TableVIII,Selected_collection,1981,8
Ateles geoffroyi,Capsula_interna_Vol.mm3,570,Stephan_etal_1981_TableVIII,Selected_collection,1981,8
Ateles geoffroyi,Tractus_opticus_Vol.mm3,204,Stephan_etal_1981_TableVIII,Selected_collection,1981,8
Lagothrix lagothricha,Epithalamus_Vol.mm3,31,Stephan_etal_1981_TableVIII,Selected_collection,1981,8
Lagothrix lagothricha,Thalamus_Vol.mm3,2959,Stephan_etal_1981_TableVIII,Selected_collection,1981,8
Lagothrix lagothricha,Hypothalamus_Vol.mm3,624,Stephan_etal_1981_TableVIII,Selected_collection,1981,8
Lagothrix lagothricha,Subthalamus_Vol.mm3,909,Stephan_etal_1981_TableVIII,Selected_collection,1981,8
Lagothrix lagothricha,Pallidum_Vol.mm3,845,Stephan_etal_1981_TableVIII,Selected_collection,1981,8
Lagothrix lagothricha,Nucleus_subthalamicus_Vol.mm3,63.8,Stephan_etal_1981_TableVIII,Selected_collection,1981,8
Lagothrix lagothricha,Capsula_interna_Vol.mm3,612,Stephan_etal_1981_TableVIII,Selected_collection,1981,8
Lagothrix lagothricha,Tractus_opticus_Vol.mm3,203,Stephan_etal_1981_TableVIII,Selected_collection,1981,8
Cebus albifrons,Epithalamus_Vol.mm3,23.7,Stephan_etal_1981_TableVIII,Selected_collection,1981,8
Cebus albifrons,Thalamus_Vol.mm3,2163,Stephan_etal_1981_TableVIII,Selected_collection,1981,8
Cebus albifrons,Hypothalamus_Vol.mm3,418,Stephan_etal_1981_TableVIII,Selected_collection,1981,8
Cebus albifrons,Subthalamus_Vol.mm3,609,Stephan_etal_1981_TableVIII,Selected_collection,1981,8
Cebus albifrons,Pallidum_Vol.mm3,567,Stephan_etal_1981_TableVIII,Selected_collection,1981,8
Cebus albifrons,Nucleus_subthalamicus_Vol.mm3,41.7,Stephan_etal_1981_TableVIII,Selected_collection,1981,8
Cebus albifrons,Capsula_interna_Vol.mm3,549,Stephan_etal_1981_TableVIII,Selected_collection,1981,8
Cebus albifrons,Tractus_opticus_Vol.mm3,207,Stephan_etal_1981_TableVIII,Selected_collection,1981,8
Saimiri sciureus,Epithalamus_Vol.mm3,8.86,Stephan_etal_1981_TableVIII,Selected_collection,1981,8
Saimiri sciureus,Thalamus_Vol.mm3,731,Stephan_etal_1981_TableVIII,Selected_collection,1981,8
Saimiri sciureus,Hypothalamus_Vol.mm3,207,Stephan_etal_1981_TableVIII,Selected_collection,1981,8
Saimiri sciureus,Subthalamus_Vol.mm3,180,Stephan_etal_1981_TableVIII,Selected_collection,1981,8
Saimiri sciureus,Pallidum_Vol.mm3,169,Stephan_etal_1981_TableVIII,Selected_collection,1981,8
Saimiri sciureus,Nucleus_subthalamicus_Vol.mm3,11.5,Stephan_etal_1981_TableVIII,Selected_collection,1981,8
Saimiri sciureus,Capsula_interna_Vol.mm3,132,Stephan_etal_1981_TableVIII,Selected_collection,1981,8
Saimiri sciureus,Tractus_opticus_Vol.mm3,117,Stephan_etal_1981_TableVIII,Selected_collection,1981,8
Lophocebus albigena,Epithalamus_Vol.mm3,27.9,Stephan_etal_1981_TableVIII,Selected_collection,1981,8
Lophocebus albigena,Thalamus_Vol.mm3,2933,Stephan_etal_1981_TableVIII,Selected_collection,1981,8
Lophocebus albigena,Hypothalamus_Vol.mm3,681,Stephan_etal_1981_TableVIII,Selected_collection,1981,8
Lophocebus albigena,Subthalamus_Vol.mm3,726,Stephan_etal_1981_TableVIII,Selected_collection,1981,8
Lophocebus albigena,Pallidum_Vol.mm3,674,Stephan_etal_1981_TableVIII,Selected_collection,1981,8
Lophocebus albigena,Nucleus_subthalamicus_Vol.mm3,52.4,Stephan_etal_1981_TableVIII,Selected_collection,1981,8
Lophocebus albigena,Capsula_interna_Vol.mm3,708,Stephan_etal_1981_TableVIII,Selected_collection,1981,8
Lophocebus albigena,Tractus_opticus_Vol.mm3,308,Stephan_etal_1981_TableVIII,Selected_collection,1981,8
Papio anubis,Epithalamus_Vol.mm3,65.4,Stephan_etal_1981_TableVIII,Selected_collection,1981,8
Papio anubis,Thalamus_Vol.mm3,4788,Stephan_etal_1981_TableVIII,Selected_collection,1981,8
Papio anubis,Hypothalamus_Vol.mm3,1076,Stephan_etal_1981_TableVIII,Selected_collection,1981,8
Papio anubis,Subthalamus_Vol.mm3,1241,Stephan_etal_1981_TableVIII,Selected_collection,1981,8
Papio anubis,Pallidum_Vol.mm3,1147,Stephan_etal_1981_TableVIII,Selected_collection,1981,8
Papio anubis,Nucleus_subthalamicus_Vol.mm3,94.7,Stephan_etal_1981_TableVIII,Selected_collection,1981,8
Papio anubis,Capsula_interna_Vol.mm3,1257,Stephan_etal_1981_TableVIII,Selected_collection,1981,8
Papio anubis,Tractus_opticus_Vol.mm3,601,Stephan_etal_1981_TableVIII,Selected_collection,1981,8
Cercopithecus ascanius,Epithalamus_Vol.mm3,17.9,Stephan_etal_1981_TableVIII,Selected_collection,1981,8
Cercopithecus ascanius,Thalamus_Vol.mm3,1916,Stephan_etal_1981_TableVIII,Selected_collection,1981,8
Cercopithecus ascanius,Hypothalamus_Vol.mm3,410,Stephan_etal_1981_TableVIII,Selected_collection,1981,8
Cercopithecus ascanius,Subthalamus_Vol.mm3,431,Stephan_etal_1981_TableVIII,Selected_collection,1981,8
Cercopithecus ascanius,Pallidum_Vol.mm3,405,Stephan_etal_1981_TableVIII,Selected_collection,1981,8
Cercopithecus ascanius,Nucleus_subthalamicus_Vol.mm3,25.7,Stephan_etal_1981_TableVIII,Selected_collection,1981,8
Cercopithecus ascanius,Capsula_interna_Vol.mm3,421,Stephan_etal_1981_TableVIII,Selected_collection,1981,8
Cercopithecus ascanius,Tractus_opticus_Vol.mm3,320,Stephan_etal_1981_TableVIII,Selected_collection,1981,8
Nasalis larvatus,Epithalamus_Vol.mm3,29.6,Stephan_etal_1981_TableVIII,Selected_collection,1981,8
Nasalis larvatus,Thalamus_Vol.mm3,3036,Stephan_etal_1981_TableVIII,Selected_collection,1981,8
Nasalis larvatus,Hypothalamus_Vol.mm3,671,Stephan_etal_1981_TableVIII,Selected_collection,1981,8
Nasalis larvatus,Subthalamus_Vol.mm3,587,Stephan_etal_1981_TableVIII,Selected_collection,1981,8
Nasalis larvatus,Pallidum_Vol.mm3,550,Stephan_etal_1981_TableVIII,Selected_collection,1981,8
Nasalis larvatus,Nucleus_subthalamicus_Vol.mm3,37.2,Stephan_etal_1981_TableVIII,Selected_collection,1981,8
Nasalis larvatus,Capsula_interna_Vol.mm3,564,Stephan_etal_1981_TableVIII,Selected_collection,1981,8
Nasalis larvatus,Tractus_opticus_Vol.mm3,304,Stephan_etal_1981_TableVIII,Selected_collection,1981,8
Piliocolobus badius,Epithalamus_Vol.mm3,22.3,Stephan_etal_1981_TableVIII,Selected_collection,1981,8
Piliocolobus badius,Thalamus_Vol.mm3,2164,Stephan_etal_1981_TableVIII,Selected_collection,1981,8
Piliocolobus badius,Hypothalamus_Vol.mm3,484,Stephan_etal_1981_TableVIII,Selected_collection,1981,8
Piliocolobus badius,Subthalamus_Vol.mm3,553,Stephan_etal_1981_TableVIII,Selected_collection,1981,8
Piliocolobus badius,Pallidum_Vol.mm3,521,Stephan_etal_1981_TableVIII,Selected_collection,1981,8
Piliocolobus badius,Nucleus_subthalamicus_Vol.mm3,31.9,Stephan_etal_1981_TableVIII,Selected_collection,1981,8
Piliocolobus badius,Capsula_interna_Vol.mm3,460,Stephan_etal_1981_TableVIII,Selected_collection,1981,8
Piliocolobus badius,Tractus_opticus_Vol.mm3,201,Stephan_etal_1981_TableVIII,Selected_collection,1981,8
Hylobates lar,Epithalamus_Vol.mm3,31.2,Stephan_etal_1981_TableVIII,Selected_collection,1981,8
Hylobates lar,Thalamus_Vol.mm3,3226,Stephan_etal_1981_TableVIII,Selected_collection,1981,8
Hylobates lar,Hypothalamus_Vol.mm3,629,Stephan_etal_1981_TableVIII,Selected_collection,1981,8
Hylobates lar,Subthalamus_Vol.mm3,777,Stephan_etal_1981_TableVIII,Selected_collection,1981,8
Hylobates lar,Pallidum_Vol.mm3,715,Stephan_etal_1981_TableVIII,Selected_collection,1981,8
Hylobates lar,Nucleus_subthalamicus_Vol.mm3,61.6,Stephan_etal_1981_TableVIII,Selected_collection,1981,8
Hylobates lar,Capsula_interna_Vol.mm3,693,Stephan_etal_1981_TableVIII,Selected_collection,1981,8
Hylobates lar,Tractus_opticus_Vol.mm3,302,Stephan_etal_1981_TableVIII,Selected_collection,1981,8
Pan troglodytes,Epithalamus_Vol.mm3,53.6,Stephan_etal_1981_TableVIII,Selected_collection,1981,8
Pan troglodytes,Thalamus_Vol.mm3,7987,Stephan_etal_1981_TableVIII,Selected_collection,1981,8
Pan troglodytes,Hypothalamus_Vol.mm3,1739,Stephan_etal_1981_TableVIII,Selected_collection,1981,8
Pan troglodytes,Subthalamus_Vol.mm3,2078,Stephan_etal_1981_TableVIII,Selected_collection,1981,8
Pan troglodytes,Pallidum_Vol.mm3,1951,Stephan_etal_1981_TableVIII,Selected_collection,1981,8
Pan troglodytes,Nucleus_subthalamicus_Vol.mm3,127,Stephan_etal_1981_TableVIII,Selected_collection,1981,8
Pan troglodytes,Capsula_interna_Vol.mm3,2510,Stephan_etal_1981_TableVIII,Selected_collection,1981,8
Pan troglodytes,Tractus_opticus_Vol.mm3,630,Stephan_etal_1981_TableVIII,Selected_collection,1981,8
Gorilla sp.,Epithalamus_Vol.mm3,106,Stephan_etal_1981_TableVIII,Selected_collection,1981,8
Gorilla sp.,Thalamus_Vol.mm3,10547,Stephan_etal_1981_TableVIII,Selected_collection,1981,8
Gorilla sp.,Hypothalamus_Vol.mm3,2215,Stephan_etal_1981_TableVIII,Selected_collection,1981,8
Gorilla sp.,Subthalamus_Vol.mm3,2782,Stephan_etal_1981_TableVIII,Selected_collection,1981,8
Gorilla sp.,Pallidum_Vol.mm3,2604,Stephan_etal_1981_TableVIII,Selected_collection,1981,8
Gorilla sp.,Nucleus_subthalamicus_Vol.mm3,178,Stephan_etal_1981_TableVIII,Selected_collection,1981,8
Gorilla sp.,Capsula_interna_Vol.mm3,2471,Stephan_etal_1981_TableVIII,Selected_collection,1981,8
Gorilla sp.,Tractus_opticus_Vol.mm3,671,Stephan_etal_1981_TableVIII,Selected_collection,1981,8
Homo sapiens,Epithalamus_Vol.mm3,133,Stephan_etal_1981_TableVIII,Selected_collection,1981,8
Homo sapiens,Thalamus_Vol.mm3,18222,Stephan_etal_1981_TableVIII,Selected_collection,1981,8
Homo sapiens,Hypothalamus_Vol.mm3,3555,Stephan_etal_1981_TableVIII,Selected_collection,1981,8
Homo sapiens,Subthalamus_Vol.mm3,5180,Stephan_etal_1981_TableVIII,Selected_collection,1981,8
Homo sapiens,Pallidum_Vol.mm3,4711,Stephan_etal_1981_TableVIII,Selected_collection,1981,8
Homo sapiens,Nucleus_subthalamicus_Vol.mm3,469,Stephan_etal_1981_TableVIII,Selected_collection,1981,8
Homo sapiens,Capsula_interna_Vol.mm3,7008,Stephan_etal_1981_TableVIII,Selected_collection,1981,8
Homo sapiens,Tractus_opticus_Vol.mm3,823,Stephan_etal_1981_TableVIII,Selected_collection,1981,8
Tupaia glis,Area_striata_Vol.mm3,167,Stephan_etal_1981_TableIX,Selected_collection,1981,9
Tupaia glis,Corpus_geniculatum_laterale_Vol.mm3,11.5,Stephan_etal_1981_TableIX,Selected_collection,1981,9
Urogale everetti,Area_striata_Vol.mm3,136,Stephan_etal_1981_TableIX,Selected_collection,1981,9
Urogale everetti,Corpus_geniculatum_laterale_Vol.mm3,9.98,Stephan_etal_1981_TableIX,Selected_collection,1981,9
Cheirogaleus major,Area_striata_Vol.mm3,478,Stephan_etal_1981_TableIX,Selected_collection,1981,9
Cheirogaleus major,Corpus_geniculatum_laterale_Vol.mm3,21.5,Stephan_etal_1981_TableIX,Selected_collection,1981,9
Cheirogaleus medius,Area_striata_Vol.mm3,217,Stephan_etal_1981_TableIX,Selected_collection,1981,9
Cheirogaleus medius,Corpus_geniculatum_laterale_Vol.mm3,10.8,Stephan_etal_1981_TableIX,Selected_collection,1981,9
Microcebus murinus,Area_striata_Vol.mm3,149,Stephan_etal_1981_TableIX,Selected_collection,1981,9
Microcebus murinus,Corpus_geniculatum_laterale_Vol.mm3,7.03,Stephan_etal_1981_TableIX,Selected_collection,1981,9
Lepilemur ruficaudatus,Area_striata_Vol.mm3,357,Stephan_etal_1981_TableIX,Selected_collection,1981,9
Lepilemur ruficaudatus,Corpus_geniculatum_laterale_Vol.mm3,15.6,Stephan_etal_1981_TableIX,Selected_collection,1981,9
Eulemur fulvus,Area_striata_Vol.mm3,1527,Stephan_etal_1981_TableIX,Selected_collection,1981,9
Eulemur fulvus,Corpus_geniculatum_laterale_Vol.mm3,51.6,Stephan_etal_1981_TableIX,Selected_collection,1981,9
Varecia variegata,Area_striata_Vol.mm3,2112,Stephan_etal_1981_TableIX,Selected_collection,1981,9
Varecia variegata,Corpus_geniculatum_laterale_Vol.mm3,68.9,Stephan_etal_1981_TableIX,Selected_collection,1981,9
Avahi laniger,Area_striata_Vol.mm3,537,Stephan_etal_1981_TableIX,Selected_collection,1981,9
Avahi laniger,Corpus_geniculatum_laterale_Vol.mm3,27.4,Stephan_etal_1981_TableIX,Selected_collection,1981,9
Avahi occidentalis,Area_striata_Vol.mm3,485,Stephan_etal_1981_TableIX,Selected_collection,1981,9
Avahi occidentalis,Corpus_geniculatum_laterale_Vol.mm3,27.2,Stephan_etal_1981_TableIX,Selected_collection,1981,9
Propithecus verreauxi,Area_striata_Vol.mm3,1559,Stephan_etal_1981_TableIX,Selected_collection,1981,9
Propithecus verreauxi,Corpus_geniculatum_laterale_Vol.mm3,68.6,Stephan_etal_1981_TableIX,Selected_collection,1981,9
Indri indri,Area_striata_Vol.mm3,1738,Stephan_etal_1981_TableIX,Selected_collection,1981,9
Indri indri,Corpus_geniculatum_laterale_Vol.mm3,99.6,Stephan_etal_1981_TableIX,Selected_collection,1981,9
Daubentonia madagascariensis,Area_striata_Vol.mm3,1355,Stephan_etal_1981_TableIX,Selected_collection,1981,9
Daubentonia madagascariensis,Corpus_geniculatum_laterale_Vol.mm3,58.5,Stephan_etal_1981_TableIX,Selected_collection,1981,9
Loris tardigradus,Area_striata_Vol.mm3,588,Stephan_etal_1981_TableIX,Selected_collection,1981,9
Loris tardigradus,Corpus_geniculatum_laterale_Vol.mm3,24.6,Stephan_etal_1981_TableIX,Selected_collection,1981,9
Nycticebus coucang,Area_striata_Vol.mm3,823,Stephan_etal_1981_TableIX,Selected_collection,1981,9
Nycticebus coucang,Corpus_geniculatum_laterale_Vol.mm3,37.3,Stephan_etal_1981_TableIX,Selected_collection,1981,9
Perodicticus potto,Area_striata_Vol.mm3,552,Stephan_etal_1981_TableIX,Selected_collection,1981,9
Perodicticus potto,Corpus_geniculatum_laterale_Vol.mm3,24.3,Stephan_etal_1981_TableIX,Selected_collection,1981,9
Otolemur crassicaudatus,Area_striata_Vol.mm3,571,Stephan_etal_1981_TableIX,Selected_collection,1981,9
Otolemur crassicaudatus,Corpus_geniculatum_laterale_Vol.mm3,22.1,Stephan_etal_1981_TableIX,Selected_collection,1981,9
Galagoides demidoff,Area_striata_Vol.mm3,237,Stephan_etal_1981_TableIX,Selected_collection,1981,9
Galagoides demidoff,Corpus_geniculatum_laterale_Vol.mm3,10.9,Stephan_etal_1981_TableIX,Selected_collection,1981,9
Galago senegalensis,Area_striata_Vol.mm3,334,Stephan_etal_1981_TableIX,Selected_collection,1981,9
Galago senegalensis,Corpus_geniculatum_laterale_Vol.mm3,16,Stephan_etal_1981_TableIX,Selected_collection,1981,9
Tarsius sp.,Area_striata_Vol.mm3,370,Stephan_etal_1981_TableIX,Selected_collection,1981,9
Tarsius sp.,Corpus_geniculatum_laterale_Vol.mm3,20.8,Stephan_etal_1981_TableIX,Selected_collection,1981,9
Callithrix jacchus,Area_striata_Vol.mm3,692,Stephan_etal_1981_TableIX,Selected_collection,1981,9
Callithrix jacchus,Corpus_geniculatum_laterale_Vol.mm3,25.7,Stephan_etal_1981_TableIX,Selected_collection,1981,9
Saguinus oedipus,Area_striata_Vol.mm3,1003,Stephan_etal_1981_TableIX,Selected_collection,1981,9
Saguinus oedipus,Corpus_geniculatum_laterale_Vol.mm3,33,Stephan_etal_1981_TableIX,Selected_collection,1981,9
Saguinus midas,Area_striata_Vol.mm3,1077,Stephan_etal_1981_TableIX,Selected_collection,1981,9
Saguinus midas,Corpus_geniculatum_laterale_Vol.mm3,36.8,Stephan_etal_1981_TableIX,Selected_collection,1981,9
Aotus trivirgatus,Area_striata_Vol.mm3,1144,Stephan_etal_1981_TableIX,Selected_collection,1981,9
Aotus trivirgatus,Corpus_geniculatum_laterale_Vol.mm3,36,Stephan_etal_1981_TableIX,Selected_collection,1981,9
Callicebus moloch,Area_striata_Vol.mm3,1502,Stephan_etal_1981_TableIX,Selected_collection,1981,9
Callicebus moloch,Corpus_geniculatum_laterale_Vol.mm3,53.2,Stephan_etal_1981_TableIX,Selected_collection,1981,9
Pithecia monachus,Area_striata_Vol.mm3,2154,Stephan_etal_1981_TableIX,Selected_collection,1981,9
Pithecia monachus,Corpus_geniculatum_laterale_Vol.mm3,72.3,Stephan_etal_1981_TableIX,Selected_collection,1981,9
Alouatta seniculus,Area_striata_Vol.mm3,2374,Stephan_etal_1981_TableIX,Selected_collection,1981,9
Alouatta seniculus,Corpus_geniculatum_laterale_Vol.mm3,85.7,Stephan_etal_1981_TableIX,Selected_collection,1981,9
Ateles geoffroyi,Area_striata_Vol.mm3,4738,Stephan_etal_1981_TableIX,Selected_collection,1981,9
Ateles geoffroyi,Corpus_geniculatum_laterale_Vol.mm3,151,Stephan_etal_1981_TableIX,Selected_collection,1981,9
Lagothrix lagothricha,Area_striata_Vol.mm3,6288,Stephan_etal_1981_TableIX,Selected_collection,1981,9
Lagothrix lagothricha,Corpus_geniculatum_laterale_Vol.mm3,149,Stephan_etal_1981_TableIX,Selected_collection,1981,9
Cebus albifrons,Area_striata_Vol.mm3,4690,Stephan_etal_1981_TableIX,Selected_collection,1981,9
Cebus albifrons,Corpus_geniculatum_laterale_Vol.mm3,137,Stephan_etal_1981_TableIX,Selected_collection,1981,9
Saimiri sciureus,Area_striata_Vol.mm3,2326,Stephan_etal_1981_TableIX,Selected_collection,1981,9
Saimiri sciureus,Corpus_geniculatum_laterale_Vol.mm3,62.9,Stephan_etal_1981_TableIX,Selected_collection,1981,9
Macaca mulatta,Area_striata_Vol.mm3,6586,Stephan_etal_1981_TableIX,Selected_collection,1981,9
Macaca mulatta,Corpus_geniculatum_laterale_Vol.mm3,158,Stephan_etal_1981_TableIX,Selected_collection,1981,9
Lophocebus albigena,Area_striata_Vol.mm3,6831,Stephan_etal_1981_TableIX,Selected_collection,1981,9
Lophocebus albigena,Corpus_geniculatum_laterale_Vol.mm3,182,Stephan_etal_1981_TableIX,Selected_collection,1981,9
Cercopithecus mitis,Area_striata_Vol.mm3,5274,Stephan_etal_1981_TableIX,Selected_collection,1981,9
Cercopithecus mitis,Corpus_geniculatum_laterale_Vol.mm3,150,Stephan_etal_1981_TableIX,Selected_collection,1981,9
Cercopithecus ascanius,Area_striata_Vol.mm3,5152,Stephan_etal_1981_TableIX,Selected_collection,1981,9
Cercopithecus ascanius,Corpus_geniculatum_laterale_Vol.mm3,147,Stephan_etal_1981_TableIX,Selected_collection,1981,9
Miopithecus talapoin,Area_striata_Vol.mm3,3046,Stephan_etal_1981_TableIX,Selected_collection,1981,9
Miopithecus talapoin,Corpus_geniculatum_laterale_Vol.mm3,116,Stephan_etal_1981_TableIX,Selected_collection,1981,9
Piliocolobus badius,Area_striata_Vol.mm3,3984,Stephan_etal_1981_TableIX,Selected_collection,1981,9
Piliocolobus badius,Corpus_geniculatum_laterale_Vol.mm3,128,Stephan_etal_1981_TableIX,Selected_collection,1981,9
Pan troglodytes,Area_striata_Vol.mm3,14691,Stephan_etal_1981_TableIX,Selected_collection,1981,9
Pan troglodytes,Corpus_geniculatum_laterale_Vol.mm3,356,Stephan_etal_1981_TableIX,Selected_collection,1981,9
Gorilla sp.,Area_striata_Vol.mm3,15185,Stephan_etal_1981_TableIX,Selected_collection,1981,9
Gorilla sp.,Corpus_geniculatum_laterale_Vol.mm3,384,Stephan_etal_1981_TableIX,Selected_collection,1981,9
Homo sapiens,Area_striata_Vol.mm3,22866,Stephan_etal_1981_TableIX,Selected_collection,1981,9
Homo sapiens,Corpus_geniculatum_laterale_Vol.mm3,416,Stephan_etal_1981_TableIX,Selected_collection,1981,9
Tenrec ecaudatus,Palaeocortex_Vol.mm3,364,Stephan_etal_1981_TableX,Selected_collection,1981,10
Tenrec ecaudatus,Amygdala_Vol.mm3,88.1,Stephan_etal_1981_TableX,Selected_collection,1981,10
Tenrec ecaudatus,Complexus_centromedialis_Vol.mm3,39.9,Stephan_etal_1981_TableX,Selected_collection,1981,10
Tenrec ecaudatus,Nucleus_tractus_olfactorius_Vol.mm3,3.18,Stephan_etal_1981_TableX,Selected_collection,1981,10
Tenrec ecaudatus,Complexus_corticobasolateralis_Vol.mm3,48.1,Stephan_etal_1981_TableX,Selected_collection,1981,10
Tenrec ecaudatus,Nucleus_amygdalae_basalis_pars_magnocellularis_Vol.mm3,8.9,Stephan_etal_1981_TableX,Selected_collection,1981,10
Setifer setosus,Palaeocortex_Vol.mm3,269,Stephan_etal_1981_TableX,Selected_collection,1981,10
Setifer setosus,Amygdala_Vol.mm3,67.2,Stephan_etal_1981_TableX,Selected_collection,1981,10
Setifer setosus,Complexus_centromedialis_Vol.mm3,30.9,Stephan_etal_1981_TableX,Selected_collection,1981,10
Setifer setosus,Nucleus_tractus_olfactorius_Vol.mm3,2.71,Stephan_etal_1981_TableX,Selected_collection,1981,10
Setifer setosus,Complexus_corticobasolateralis_Vol.mm3,36.2,Stephan_etal_1981_TableX,Selected_collection,1981,10
Setifer setosus,Nucleus_amygdalae_basalis_pars_magnocellularis_Vol.mm3,7.46,Stephan_etal_1981_TableX,Selected_collection,1981,10
Hemicentetes semispinosus,Palaeocortex_Vol.mm3,125,Stephan_etal_1981_TableX,Selected_collection,1981,10
Hemicentetes semispinosus,Amygdala_Vol.mm3,22.3,Stephan_etal_1981_TableX,Selected_collection,1981,10
Hemicentetes semispinosus,Complexus_centromedialis_Vol.mm3,10.4,Stephan_etal_1981_TableX,Selected_collection,1981,10
Hemicentetes semispinosus,Nucleus_tractus_olfactorius_Vol.mm3,1.3,Stephan_etal_1981_TableX,Selected_collection,1981,10
Hemicentetes semispinosus,Complexus_corticobasolateralis_Vol.mm3,11.9,Stephan_etal_1981_TableX,Selected_collection,1981,10
Hemicentetes semispinosus,Nucleus_amygdalae_basalis_pars_magnocellularis_Vol.mm3,2.39,Stephan_etal_1981_TableX,Selected_collection,1981,10
Echinops telfairi,Palaeocortex_Vol.mm3,93.1,Stephan_etal_1981_TableX,Selected_collection,1981,10
Echinops telfairi,Amygdala_Vol.mm3,22.1,Stephan_etal_1981_TableX,Selected_collection,1981,10
Echinops telfairi,Complexus_centromedialis_Vol.mm3,10.8,Stephan_etal_1981_TableX,Selected_collection,1981,10
Echinops telfairi,Nucleus_tractus_olfactorius_Vol.mm3,0.71,Stephan_etal_1981_TableX,Selected_collection,1981,10
Echinops telfairi,Complexus_corticobasolateralis_Vol.mm3,11.3,Stephan_etal_1981_TableX,Selected_collection,1981,10
Echinops telfairi,Nucleus_amygdalae_basalis_pars_magnocellularis_Vol.mm3,3.19,Stephan_etal_1981_TableX,Selected_collection,1981,10
Erinaceus europaeus,Palaeocortex_Vol.mm3,379,Stephan_etal_1981_TableX,Selected_collection,1981,10
Erinaceus europaeus,Amygdala_Vol.mm3,104,Stephan_etal_1981_TableX,Selected_collection,1981,10
Erinaceus europaeus,Complexus_centromedialis_Vol.mm3,43.1,Stephan_etal_1981_TableX,Selected_collection,1981,10
Erinaceus europaeus,Nucleus_tractus_olfactorius_Vol.mm3,3.72,Stephan_etal_1981_TableX,Selected_collection,1981,10
Erinaceus europaeus,Complexus_corticobasolateralis_Vol.mm3,61.1,Stephan_etal_1981_TableX,Selected_collection,1981,10
Erinaceus europaeus,Nucleus_amygdalae_basalis_pars_magnocellularis_Vol.mm3,12.2,Stephan_etal_1981_TableX,Selected_collection,1981,10
Sorex minutus,Palaeocortex_Vol.mm3,13.9,Stephan_etal_1981_TableX,Selected_collection,1981,10
Sorex minutus,Amygdala_Vol.mm3,3.34,Stephan_etal_1981_TableX,Selected_collection,1981,10
Sorex minutus,Complexus_centromedialis_Vol.mm3,1.78,Stephan_etal_1981_TableX,Selected_collection,1981,10
Sorex minutus,Nucleus_tractus_olfactorius_Vol.mm3,0.174,Stephan_etal_1981_TableX,Selected_collection,1981,10
Sorex minutus,Complexus_corticobasolateralis_Vol.mm3,1.56,Stephan_etal_1981_TableX,Selected_collection,1981,10
Sorex minutus,Nucleus_amygdalae_basalis_pars_magnocellularis_Vol.mm3,0.549,Stephan_etal_1981_TableX,Selected_collection,1981,10
Sorex araneus,Palaeocortex_Vol.mm3,25.6,Stephan_etal_1981_TableX,Selected_collection,1981,10
Sorex araneus,Amygdala_Vol.mm3,7.19,Stephan_etal_1981_TableX,Selected_collection,1981,10
Sorex araneus,Complexus_centromedialis_Vol.mm3,3.29,Stephan_etal_1981_TableX,Selected_collection,1981,10
Sorex araneus,Complexus_corticobasolateralis_Vol.mm3,3.9,Stephan_etal_1981_TableX,Selected_collection,1981,10
Sorex araneus,Nucleus_amygdalae_basalis_pars_magnocellularis_Vol.mm3,0.704,Stephan_etal_1981_TableX,Selected_collection,1981,10
Neomys fodiens,Palaeocortex_Vol.mm3,52.7,Stephan_etal_1981_TableX,Selected_collection,1981,10
Neomys fodiens,Amygdala_Vol.mm3,13.4,Stephan_etal_1981_TableX,Selected_collection,1981,10
Neomys fodiens,Complexus_centromedialis_Vol.mm3,6,Stephan_etal_1981_TableX,Selected_collection,1981,10
Neomys fodiens,Nucleus_tractus_olfactorius_Vol.mm3,0.403,Stephan_etal_1981_TableX,Selected_collection,1981,10
Neomys fodiens,Complexus_corticobasolateralis_Vol.mm3,7.39,Stephan_etal_1981_TableX,Selected_collection,1981,10
Neomys fodiens,Nucleus_amygdalae_basalis_pars_magnocellularis_Vol.mm3,1.38,Stephan_etal_1981_TableX,Selected_collection,1981,10
Crocidura flavescens,Palaeocortex_Vol.mm3,23.4,Stephan_etal_1981_TableX,Selected_collection,1981,10
Crocidura flavescens,Amygdala_Vol.mm3,6.82,Stephan_etal_1981_TableX,Selected_collection,1981,10
Crocidura flavescens,Complexus_centromedialis_Vol.mm3,3.23,Stephan_etal_1981_TableX,Selected_collection,1981,10
Crocidura flavescens,Nucleus_tractus_olfactorius_Vol.mm3,0.233,Stephan_etal_1981_TableX,Selected_collection,1981,10
Crocidura flavescens,Complexus_corticobasolateralis_Vol.mm3,3.59,Stephan_etal_1981_TableX,Selected_collection,1981,10
Crocidura flavescens,Nucleus_amygdalae_basalis_pars_magnocellularis_Vol.mm3,0.803,Stephan_etal_1981_TableX,Selected_collection,1981,10
Crocidura russula,Palaeocortex_Vol.mm3,45.1,Stephan_etal_1981_TableX,Selected_collection,1981,10
Crocidura russula,Amygdala_Vol.mm3,11.1,Stephan_etal_1981_TableX,Selected_collection,1981,10
Crocidura russula,Complexus_centromedialis_Vol.mm3,5.41,Stephan_etal_1981_TableX,Selected_collection,1981,10
Crocidura russula,Nucleus_tractus_olfactorius_Vol.mm3,0.44,Stephan_etal_1981_TableX,Selected_collection,1981,10
Crocidura russula,Complexus_corticobasolateralis_Vol.mm3,5.74,Stephan_etal_1981_TableX,Selected_collection,1981,10
Crocidura russula,Nucleus_amygdalae_basalis_pars_magnocellularis_Vol.mm3,0.804,Stephan_etal_1981_TableX,Selected_collection,1981,10
Tupaia glis,Palaeocortex_Vol.mm3,182,Stephan_etal_1981_TableXI,Selected_collection,1981,11
Tupaia glis,Amygdala_Vol.mm3,76.5,Stephan_etal_1981_TableXI,Selected_collection,1981,11
Tupaia glis,Complexus_centromedialis_Vol.mm3,24.2,Stephan_etal_1981_TableXI,Selected_collection,1981,11
Tupaia glis,Nucleus_tractus_olfactorius_Vol.mm3,1.71,Stephan_etal_1981_TableXI,Selected_collection,1981,11
Tupaia glis,Complexus_corticobasolateralis_Vol.mm3,52.3,Stephan_etal_1981_TableXI,Selected_collection,1981,11
Tupaia glis,Nucleus_amygdalae_basalis_pars_magnocellularis_Vol.mm3,4.27,Stephan_etal_1981_TableXI,Selected_collection,1981,11
Cheirogaleus major,Palaeocortex_Vol.mm3,233,Stephan_etal_1981_TableXI,Selected_collection,1981,11
Cheirogaleus major,Amygdala_Vol.mm3,99.4,Stephan_etal_1981_TableXI,Selected_collection,1981,11
Cheirogaleus major,Complexus_centromedialis_Vol.mm3,34.1,Stephan_etal_1981_TableXI,Selected_collection,1981,11
Cheirogaleus major,Nucleus_tractus_olfactorius_Vol.mm3,0.851,Stephan_etal_1981_TableXI,Selected_collection,1981,11
Cheirogaleus major,Complexus_corticobasolateralis_Vol.mm3,65.3,Stephan_etal_1981_TableXI,Selected_collection,1981,11
Cheirogaleus major,Nucleus_amygdalae_basalis_pars_magnocellularis_Vol.mm3,7.32,Stephan_etal_1981_TableXI,Selected_collection,1981,11
Cheirogaleus medius,Palaeocortex_Vol.mm3,135,Stephan_etal_1981_TableXI,Selected_collection,1981,11
Cheirogaleus medius,Amygdala_Vol.mm3,63.2,Stephan_etal_1981_TableXI,Selected_collection,1981,11
Cheirogaleus medius,Complexus_centromedialis_Vol.mm3,23.3,Stephan_etal_1981_TableXI,Selected_collection,1981,11
Cheirogaleus medius,Nucleus_tractus_olfactorius_Vol.mm3,0.472,Stephan_etal_1981_TableXI,Selected_collection,1981,11
Cheirogaleus medius,Complexus_corticobasolateralis_Vol.mm3,39.8,Stephan_etal_1981_TableXI,Selected_collection,1981,11
Microcebus murinus,Palaeocortex_Vol.mm3,66.8,Stephan_etal_1981_TableXI,Selected_collection,1981,11
Microcebus murinus,Amygdala_Vol.mm3,36.4,Stephan_etal_1981_TableXI,Selected_collection,1981,11
Microcebus murinus,Complexus_centromedialis_Vol.mm3,12.1,Stephan_etal_1981_TableXI,Selected_collection,1981,11
Microcebus murinus,Nucleus_tractus_olfactorius_Vol.mm3,0.264,Stephan_etal_1981_TableXI,Selected_collection,1981,11
Microcebus murinus,Complexus_corticobasolateralis_Vol.mm3,24.3,Stephan_etal_1981_TableXI,Selected_collection,1981,11
Lepilemur ruficaudatus,Palaeocortex_Vol.mm3,170,Stephan_etal_1981_TableXI,Selected_collection,1981,11
Lepilemur ruficaudatus,Amygdala_Vol.mm3,133,Stephan_etal_1981_TableXI,Selected_collection,1981,11
Lepilemur ruficaudatus,Complexus_centromedialis_Vol.mm3,42.5,Stephan_etal_1981_TableXI,Selected_collection,1981,11
Lepilemur ruficaudatus,Nucleus_tractus_olfactorius_Vol.mm3,0.624,Stephan_etal_1981_TableXI,Selected_collection,1981,11
Lepilemur ruficaudatus,Complexus_corticobasolateralis_Vol.mm3,90.4,Stephan_etal_1981_TableXI,Selected_collection,1981,11
Lepilemur ruficaudatus,Nucleus_amygdalae_basalis_pars_magnocellularis_Vol.mm3,7.18,Stephan_etal_1981_TableXI,Selected_collection,1981,11
Eulemur fulvus,Palaeocortex_Vol.mm3,389,Stephan_etal_1981_TableXI,Selected_collection,1981,11
Eulemur fulvus,Amygdala_Vol.mm3,251,Stephan_etal_1981_TableXI,Selected_collection,1981,11
Eulemur fulvus,Complexus_centromedialis_Vol.mm3,71.7,Stephan_etal_1981_TableXI,Selected_collection,1981,11
Eulemur fulvus,Nucleus_tractus_olfactorius_Vol.mm3,1.37,Stephan_etal_1981_TableXI,Selected_collection,1981,11
Eulemur fulvus,Complexus_corticobasolateralis_Vol.mm3,179,Stephan_etal_1981_TableXI,Selected_collection,1981,11
Eulemur fulvus,Nucleus_amygdalae_basalis_pars_magnocellularis_Vol.mm3,19.6,Stephan_etal_1981_TableXI,Selected_collection,1981,11
Propithecus verreauxi,Palaeocortex_Vol.mm3,292,Stephan_etal_1981_TableXI,Selected_collection,1981,11
Propithecus verreauxi,Amygdala_Vol.mm3,251,Stephan_etal_1981_TableXI,Selected_collection,1981,11
Propithecus verreauxi,Complexus_centromedialis_Vol.mm3,78.7,Stephan_etal_1981_TableXI,Selected_collection,1981,11
Propithecus verreauxi,Nucleus_tractus_olfactorius_Vol.mm3,0.921,Stephan_etal_1981_TableXI,Selected_collection,1981,11
Propithecus verreauxi,Complexus_corticobasolateralis_Vol.mm3,172,Stephan_etal_1981_TableXI,Selected_collection,1981,11
Propithecus verreauxi,Nucleus_amygdalae_basalis_pars_magnocellularis_Vol.mm3,18.8,Stephan_etal_1981_TableXI,Selected_collection,1981,11
Daubentonia madagascariensis,Palaeocortex_Vol.mm3,1065,Stephan_etal_1981_TableXI,Selected_collection,1981,11
Daubentonia madagascariensis,Amygdala_Vol.mm3,473,Stephan_etal_1981_TableXI,Selected_collection,1981,11
Daubentonia madagascariensis,Complexus_centromedialis_Vol.mm3,122,Stephan_etal_1981_TableXI,Selected_collection,1981,11
Daubentonia madagascariensis,Nucleus_tractus_olfactorius_Vol.mm3,3.53,Stephan_etal_1981_TableXI,Selected_collection,1981,11
Daubentonia madagascariensis,Complexus_corticobasolateralis_Vol.mm3,351,Stephan_etal_1981_TableXI,Selected_collection,1981,11
Daubentonia madagascariensis,Nucleus_amygdalae_basalis_pars_magnocellularis_Vol.mm3,24.9,Stephan_etal_1981_TableXI,Selected_collection,1981,11
Galagoides demidoff,Palaeocortex_Vol.mm3,122,Stephan_etal_1981_TableXI,Selected_collection,1981,11
Galagoides demidoff,Amygdala_Vol.mm3,50.2,Stephan_etal_1981_TableXI,Selected_collection,1981,11
Galagoides demidoff,Complexus_centromedialis_Vol.mm3,14.9,Stephan_etal_1981_TableXI,Selected_collection,1981,11
Galagoides demidoff,Nucleus_tractus_olfactorius_Vol.mm3,0.62,Stephan_etal_1981_TableXI,Selected_collection,1981,11
Galagoides demidoff,Complexus_corticobasolateralis_Vol.mm3,35.3,Stephan_etal_1981_TableXI,Selected_collection,1981,11
Galagoides demidoff,Nucleus_amygdalae_basalis_pars_magnocellularis_Vol.mm3,2.82,Stephan_etal_1981_TableXI,Selected_collection,1981,11
Tarsius sp.,Palaeocortex_Vol.mm3,39.1,Stephan_etal_1981_TableXI,Selected_collection,1981,11
Tarsius sp.,Amygdala_Vol.mm3,49.8,Stephan_etal_1981_TableXI,Selected_collection,1981,11
Tarsius sp.,Complexus_centromedialis_Vol.mm3,11.1,Stephan_etal_1981_TableXI,Selected_collection,1981,11
Tarsius sp.,Nucleus_tractus_olfactorius_Vol.mm3,0.0752,Stephan_etal_1981_TableXI,Selected_collection,1981,11
Tarsius sp.,Complexus_corticobasolateralis_Vol.mm3,38.7,Stephan_etal_1981_TableXI,Selected_collection,1981,11
Tarsius sp.,Nucleus_amygdalae_basalis_pars_magnocellularis_Vol.mm3,5.35,Stephan_etal_1981_TableXI,Selected_collection,1981,11
Callithrix jacchus,Palaeocortex_Vol.mm3,99.3,Stephan_etal_1981_TableXI,Selected_collection,1981,11
Callithrix jacchus,Amygdala_Vol.mm3,113,Stephan_etal_1981_TableXI,Selected_collection,1981,11
Callithrix jacchus,Complexus_centromedialis_Vol.mm3,28.3,Stephan_etal_1981_TableXI,Selected_collection,1981,11
Callithrix jacchus,Nucleus_tractus_olfactorius_Vol.mm3,0.195,Stephan_etal_1981_TableXI,Selected_collection,1981,11
Callithrix jacchus,Complexus_corticobasolateralis_Vol.mm3,84.6,Stephan_etal_1981_TableXI,Selected_collection,1981,11
Callithrix jacchus,Nucleus_amygdalae_basalis_pars_magnocellularis_Vol.mm3,8.57,Stephan_etal_1981_TableXI,Selected_collection,1981,11
Aotus trivirgatus,Palaeocortex_Vol.mm3,203,Stephan_etal_1981_TableXI,Selected_collection,1981,11
Aotus trivirgatus,Amygdala_Vol.mm3,201,Stephan_etal_1981_TableXI,Selected_collection,1981,11
Aotus trivirgatus,Complexus_centromedialis_Vol.mm3,54.5,Stephan_etal_1981_TableXI,Selected_collection,1981,11
Aotus trivirgatus,Nucleus_tractus_olfactorius_Vol.mm3,0.201,Stephan_etal_1981_TableXI,Selected_collection,1981,11
Aotus trivirgatus,Complexus_corticobasolateralis_Vol.mm3,147,Stephan_etal_1981_TableXI,Selected_collection,1981,11
Aotus trivirgatus,Nucleus_amygdalae_basalis_pars_magnocellularis_Vol.mm3,15.7,Stephan_etal_1981_TableXI,Selected_collection,1981,11
Alouatta seniculus,Palaeocortex_Vol.mm3,488,Stephan_etal_1981_TableXI,Selected_collection,1981,11
Alouatta seniculus,Amygdala_Vol.mm3,413,Stephan_etal_1981_TableXI,Selected_collection,1981,11
Alouatta seniculus,Complexus_centromedialis_Vol.mm3,94.9,Stephan_etal_1981_TableXI,Selected_collection,1981,11
Alouatta seniculus,Nucleus_tractus_olfactorius_Vol.mm3,0,Stephan_etal_1981_TableXI,Selected_collection,1981,11
Alouatta seniculus,Complexus_corticobasolateralis_Vol.mm3,318,Stephan_etal_1981_TableXI,Selected_collection,1981,11
Alouatta seniculus,Nucleus_amygdalae_basalis_pars_magnocellularis_Vol.mm3,30.7,Stephan_etal_1981_TableXI,Selected_collection,1981,11
Cebus albifrons,Palaeocortex_Vol.mm3,567,Stephan_etal_1981_TableXI,Selected_collection,1981,11
Cebus albifrons,Amygdala_Vol.mm3,502,Stephan_etal_1981_TableXI,Selected_collection,1981,11
Cebus albifrons,Complexus_centromedialis_Vol.mm3,118,Stephan_etal_1981_TableXI,Selected_collection,1981,11
Cebus albifrons,Nucleus_tractus_olfactorius_Vol.mm3,0,Stephan_etal_1981_TableXI,Selected_collection,1981,11
Cebus albifrons,Complexus_corticobasolateralis_Vol.mm3,384,Stephan_etal_1981_TableXI,Selected_collection,1981,11
Cebus albifrons,Nucleus_amygdalae_basalis_pars_magnocellularis_Vol.mm3,41,Stephan_etal_1981_TableXI,Selected_collection,1981,11
Saimiri sciureus,Palaeocortex_Vol.mm3,186,Stephan_etal_1981_TableXI,Selected_collection,1981,11
Saimiri sciureus,Amygdala_Vol.mm3,227,Stephan_etal_1981_TableXI,Selected_collection,1981,11
Saimiri sciureus,Complexus_centromedialis_Vol.mm3,45.9,Stephan_etal_1981_TableXI,Selected_collection,1981,11
Saimiri sciureus,Nucleus_tractus_olfactorius_Vol.mm3,0,Stephan_etal_1981_TableXI,Selected_collection,1981,11
Saimiri sciureus,Complexus_corticobasolateralis_Vol.mm3,181,Stephan_etal_1981_TableXI,Selected_collection,1981,11
Saimiri sciureus,Nucleus_amygdalae_basalis_pars_magnocellularis_Vol.mm3,15,Stephan_etal_1981_TableXI,Selected_collection,1981,11
Cercopithecus ascanius,Palaeocortex_Vol.mm3,450,Stephan_etal_1981_TableXI,Selected_collection,1981,11
Cercopithecus ascanius,Amygdala_Vol.mm3,601,Stephan_etal_1981_TableXI,Selected_collection,1981,11
Cercopithecus ascanius,Complexus_centromedialis_Vol.mm3,136,Stephan_etal_1981_TableXI,Selected_collection,1981,11
Cercopithecus ascanius,Nucleus_tractus_olfactorius_Vol.mm3,0,Stephan_etal_1981_TableXI,Selected_collection,1981,11
Cercopithecus ascanius,Complexus_corticobasolateralis_Vol.mm3,465,Stephan_etal_1981_TableXI,Selected_collection,1981,11
Cercopithecus ascanius,Nucleus_amygdalae_basalis_pars_magnocellularis_Vol.mm3,48.9,Stephan_etal_1981_TableXI,Selected_collection,1981,11
Piliocolobus badius,Palaeocortex_Vol.mm3,458,Stephan_etal_1981_TableXI,Selected_collection,1981,11
Piliocolobus badius,Amygdala_Vol.mm3,479,Stephan_etal_1981_TableXI,Selected_collection,1981,11
Piliocolobus badius,Complexus_centromedialis_Vol.mm3,114,Stephan_etal_1981_TableXI,Selected_collection,1981,11
Piliocolobus badius,Nucleus_tractus_olfactorius_Vol.mm3,0,Stephan_etal_1981_TableXI,Selected_collection,1981,11
Piliocolobus badius,Complexus_corticobasolateralis_Vol.mm3,365,Stephan_etal_1981_TableXI,Selected_collection,1981,11
Piliocolobus badius,Nucleus_amygdalae_basalis_pars_magnocellularis_Vol.mm3,45.5,Stephan_etal_1981_TableXI,Selected_collection,1981,11
Homo sapiens,Palaeocortex_Vol.mm3,6016,Stephan_etal_1981_TableXI,Selected_collection,1981,11
Homo sapiens,Amygdala_Vol.mm3,3015,Stephan_etal_1981_TableXI,Selected_collection,1981,11
Homo sapiens,Complexus_centromedialis_Vol.mm3,592,Stephan_etal_1981_TableXI,Selected_collection,1981,11
Homo sapiens,Nucleus_tractus_olfactorius_Vol.mm3,0,Stephan_etal_1981_TableXI,Selected_collection,1981,11
Homo sapiens,Complexus_corticobasolateralis_Vol.mm3,2424,Stephan_etal_1981_TableXI,Selected_collection,1981,11
Homo sapiens,Nucleus_amygdalae_basalis_pars_magnocellularis_Vol.mm3,246,Stephan_etal_1981_TableXI,Selected_collection,1981,11
Tenrec ecaudatus,Complexus_vestibularis_unilateral_Vol.mm3,7.59,Stephan_etal_1981_TableXII,Selected_collection,1981,12
Tenrec ecaudatus,Nucleus_vestibularis_superior_unilateral_Vol.mm3,1.23,Stephan_etal_1981_TableXII,Selected_collection,1981,12
Tenrec ecaudatus,Nucleus_vestibularis_lateralis_unilateral_Vol.mm3,1.33,Stephan_etal_1981_TableXII,Selected_collection,1981,12
Tenrec ecaudatus,Nucleus_vestibularis_medialis_unilateral_Vol.mm3,2.68,Stephan_etal_1981_TableXII,Selected_collection,1981,12
Tenrec ecaudatus,Nucleus_vestibularis_descendens_unilateral_Vol.mm3,2.35,Stephan_etal_1981_TableXII,Selected_collection,1981,12
Setifer setosus,Complexus_vestibularis_unilateral_Vol.mm3,3.75,Stephan_etal_1981_TableXII,Selected_collection,1981,12
Setifer setosus,Nucleus_vestibularis_superior_unilateral_Vol.mm3,0.689,Stephan_etal_1981_TableXII,Selected_collection,1981,12
Setifer setosus,Nucleus_vestibularis_lateralis_unilateral_Vol.mm3,0.483,Stephan_etal_1981_TableXII,Selected_collection,1981,12
Setifer setosus,Nucleus_vestibularis_medialis_unilateral_Vol.mm3,1.44,Stephan_etal_1981_TableXII,Selected_collection,1981,12
Setifer setosus,Nucleus_vestibularis_descendens_unilateral_Vol.mm3,1.14,Stephan_etal_1981_TableXII,Selected_collection,1981,12
Hemicentetes semispinosus,Complexus_vestibularis_unilateral_Vol.mm3,2.5,Stephan_etal_1981_TableXII,Selected_collection,1981,12
Hemicentetes semispinosus,Nucleus_vestibularis_superior_unilateral_Vol.mm3,0.384,Stephan_etal_1981_TableXII,Selected_collection,1981,12
Hemicentetes semispinosus,Nucleus_vestibularis_lateralis_unilateral_Vol.mm3,0.552,Stephan_etal_1981_TableXII,Selected_collection,1981,12
Hemicentetes semispinosus,Nucleus_vestibularis_medialis_unilateral_Vol.mm3,0.852,Stephan_etal_1981_TableXII,Selected_collection,1981,12
Hemicentetes semispinosus,Nucleus_vestibularis_descendens_unilateral_Vol.mm3,0.709,Stephan_etal_1981_TableXII,Selected_collection,1981,12
Echinops telfairi,Complexus_vestibularis_unilateral_Vol.mm3,1.69,Stephan_etal_1981_TableXII,Selected_collection,1981,12
Echinops telfairi,Nucleus_vestibularis_superior_unilateral_Vol.mm3,0.291,Stephan_etal_1981_TableXII,Selected_collection,1981,12
Echinops telfairi,Nucleus_vestibularis_lateralis_unilateral_Vol.mm3,0.281,Stephan_etal_1981_TableXII,Selected_collection,1981,12
Echinops telfairi,Nucleus_vestibularis_medialis_unilateral_Vol.mm3,0.615,Stephan_etal_1981_TableXII,Selected_collection,1981,12
Echinops telfairi,Nucleus_vestibularis_descendens_unilateral_Vol.mm3,0.505,Stephan_etal_1981_TableXII,Selected_collection,1981,12
Erinaceus europaeus,Complexus_vestibularis_unilateral_Vol.mm3,7.54,Stephan_etal_1981_TableXII,Selected_collection,1981,12
Erinaceus europaeus,Nucleus_vestibularis_superior_unilateral_Vol.mm3,1.21,Stephan_etal_1981_TableXII,Selected_collection,1981,12
Erinaceus europaeus,Nucleus_vestibularis_lateralis_unilateral_Vol.mm3,1.72,Stephan_etal_1981_TableXII,Selected_collection,1981,12
Erinaceus europaeus,Nucleus_vestibularis_medialis_unilateral_Vol.mm3,2.85,Stephan_etal_1981_TableXII,Selected_collection,1981,12
Erinaceus europaeus,Nucleus_vestibularis_descendens_unilateral_Vol.mm3,1.77,Stephan_etal_1981_TableXII,Selected_collection,1981,12
Sorex minutus,Complexus_vestibularis_unilateral_Vol.mm3,0.41,Stephan_etal_1981_TableXII,Selected_collection,1981,12
Sorex minutus,Nucleus_vestibularis_superior_unilateral_Vol.mm3,0.0482,Stephan_etal_1981_TableXII,Selected_collection,1981,12
Sorex minutus,Nucleus_vestibularis_lateralis_unilateral_Vol.mm3,0.0713,Stephan_etal_1981_TableXII,Selected_collection,1981,12
Sorex minutus,Nucleus_vestibularis_medialis_unilateral_Vol.mm3,0.174,Stephan_etal_1981_TableXII,Selected_collection,1981,12
Sorex minutus,Nucleus_vestibularis_descendens_unilateral_Vol.mm3,0.116,Stephan_etal_1981_TableXII,Selected_collection,1981,12
Sorex araneus,Complexus_vestibularis_unilateral_Vol.mm3,0.618,Stephan_etal_1981_TableXII,Selected_collection,1981,12
Sorex araneus,Nucleus_vestibularis_superior_unilateral_Vol.mm3,0.107,Stephan_etal_1981_TableXII,Selected_collection,1981,12
Sorex araneus,Nucleus_vestibularis_lateralis_unilateral_Vol.mm3,0.0955,Stephan_etal_1981_TableXII,Selected_collection,1981,12
Sorex araneus,Nucleus_vestibularis_medialis_unilateral_Vol.mm3,0.249,Stephan_etal_1981_TableXII,Selected_collection,1981,12
Sorex araneus,Nucleus_vestibularis_descendens_unilateral_Vol.mm3,0.166,Stephan_etal_1981_TableXII,Selected_collection,1981,12
Crocidura flavescens,Complexus_vestibularis_unilateral_Vol.mm3,1.32,Stephan_etal_1981_TableXII,Selected_collection,1981,12
Crocidura flavescens,Nucleus_vestibularis_superior_unilateral_Vol.mm3,0.171,Stephan_etal_1981_TableXII,Selected_collection,1981,12
Crocidura flavescens,Nucleus_vestibularis_lateralis_unilateral_Vol.mm3,0.222,Stephan_etal_1981_TableXII,Selected_collection,1981,12
Crocidura flavescens,Nucleus_vestibularis_medialis_unilateral_Vol.mm3,0.543,Stephan_etal_1981_TableXII,Selected_collection,1981,12
Crocidura flavescens,Nucleus_vestibularis_descendens_unilateral_Vol.mm3,0.389,Stephan_etal_1981_TableXII,Selected_collection,1981,12
Crocidura russula,Complexus_vestibularis_unilateral_Vol.mm3,0.563,Stephan_etal_1981_TableXII,Selected_collection,1981,12
Crocidura russula,Nucleus_vestibularis_superior_unilateral_Vol.mm3,0.077,Stephan_etal_1981_TableXII,Selected_collection,1981,12
Crocidura russula,Nucleus_vestibularis_lateralis_unilateral_Vol.mm3,0.084,Stephan_etal_1981_TableXII,Selected_collection,1981,12
Crocidura russula,Nucleus_vestibularis_medialis_unilateral_Vol.mm3,0.235,Stephan_etal_1981_TableXII,Selected_collection,1981,12
Crocidura russula,Nucleus_vestibularis_descendens_unilateral_Vol.mm3,0.167,Stephan_etal_1981_TableXII,Selected_collection,1981,12
Suncus murinus,Complexus_vestibularis_unilateral_Vol.mm3,1.03,Stephan_etal_1981_TableXII,Selected_collection,1981,12
Suncus murinus,Nucleus_vestibularis_superior_unilateral_Vol.mm3,0.1,Stephan_etal_1981_TableXII,Selected_collection,1981,12
Suncus murinus,Nucleus_vestibularis_lateralis_unilateral_Vol.mm3,0.167,Stephan_etal_1981_TableXII,Selected_collection,1981,12
Suncus murinus,Nucleus_vestibularis_medialis_unilateral_Vol.mm3,0.438,Stephan_etal_1981_TableXII,Selected_collection,1981,12
Suncus murinus,Nucleus_vestibularis_descendens_unilateral_Vol.mm3,0.324,Stephan_etal_1981_TableXII,Selected_collection,1981,12
Tupaia glis,Complexus_vestibularis_unilateral_Vol.mm3,10.1,Stephan_etal_1981_TableXIII,Selected_collection,1981,13
Tupaia glis,Nucleus_vestibularis_superior_unilateral_Vol.mm3,2.16,Stephan_etal_1981_TableXIII,Selected_collection,1981,13
Tupaia glis,Nucleus_vestibularis_lateralis_unilateral_Vol.mm3,2.07,Stephan_etal_1981_TableXIII,Selected_collection,1981,13
Tupaia glis,Nucleus_vestibularis_medialis_unilateral_Vol.mm3,3.27,Stephan_etal_1981_TableXIII,Selected_collection,1981,13
Tupaia glis,Nucleus_vestibularis_descendens_unilateral_Vol.mm3,2.62,Stephan_etal_1981_TableXIII,Selected_collection,1981,13
Cheirogaleus major,Complexus_vestibularis_unilateral_Vol.mm3,11.1,Stephan_etal_1981_TableXIII,Selected_collection,1981,13
Cheirogaleus major,Nucleus_vestibularis_superior_unilateral_Vol.mm3,1.86,Stephan_etal_1981_TableXIII,Selected_collection,1981,13
Cheirogaleus major,Nucleus_vestibularis_lateralis_unilateral_Vol.mm3,1.78,Stephan_etal_1981_TableXIII,Selected_collection,1981,13
Cheirogaleus major,Nucleus_vestibularis_medialis_unilateral_Vol.mm3,4.18,Stephan_etal_1981_TableXIII,Selected_collection,1981,13
Cheirogaleus major,Nucleus_vestibularis_descendens_unilateral_Vol.mm3,3.27,Stephan_etal_1981_TableXIII,Selected_collection,1981,13
Microcebus murinus,Complexus_vestibularis_unilateral_Vol.mm3,4.02,Stephan_etal_1981_TableXIII,Selected_collection,1981,13
Microcebus murinus,Nucleus_vestibularis_superior_unilateral_Vol.mm3,0.679,Stephan_etal_1981_TableXIII,Selected_collection,1981,13
Microcebus murinus,Nucleus_vestibularis_lateralis_unilateral_Vol.mm3,0.76,Stephan_etal_1981_TableXIII,Selected_collection,1981,13
Microcebus murinus,Nucleus_vestibularis_medialis_unilateral_Vol.mm3,1.5,Stephan_etal_1981_TableXIII,Selected_collection,1981,13
Microcebus murinus,Nucleus_vestibularis_descendens_unilateral_Vol.mm3,1.08,Stephan_etal_1981_TableXIII,Selected_collection,1981,13
Lepilemur ruficaudatus,Complexus_vestibularis_unilateral_Vol.mm3,14.9,Stephan_etal_1981_TableXIII,Selected_collection,1981,13
Lepilemur ruficaudatus,Nucleus_vestibularis_superior_unilateral_Vol.mm3,2.11,Stephan_etal_1981_TableXIII,Selected_collection,1981,13
Lepilemur ruficaudatus,Nucleus_vestibularis_lateralis_unilateral_Vol.mm3,2.38,Stephan_etal_1981_TableXIII,Selected_collection,1981,13
Lepilemur ruficaudatus,Nucleus_vestibularis_medialis_unilateral_Vol.mm3,5.92,Stephan_etal_1981_TableXIII,Selected_collection,1981,13
Lepilemur ruficaudatus,Nucleus_vestibularis_descendens_unilateral_Vol.mm3,4.47,Stephan_etal_1981_TableXIII,Selected_collection,1981,13
Eulemur fulvus,Complexus_vestibularis_unilateral_Vol.mm3,31.1,Stephan_etal_1981_TableXIII,Selected_collection,1981,13
Eulemur fulvus,Nucleus_vestibularis_superior_unilateral_Vol.mm3,6.22,Stephan_etal_1981_TableXIII,Selected_collection,1981,13
Eulemur fulvus,Nucleus_vestibularis_lateralis_unilateral_Vol.mm3,5.9,Stephan_etal_1981_TableXIII,Selected_collection,1981,13
Eulemur fulvus,Nucleus_vestibularis_medialis_unilateral_Vol.mm3,9.75,Stephan_etal_1981_TableXIII,Selected_collection,1981,13
Eulemur fulvus,Nucleus_vestibularis_descendens_unilateral_Vol.mm3,9.27,Stephan_etal_1981_TableXIII,Selected_collection,1981,13
Avahi occidentalis,Complexus_vestibularis_unilateral_Vol.mm3,18.1,Stephan_etal_1981_TableXIII,Selected_collection,1981,13
Avahi occidentalis,Nucleus_vestibularis_superior_unilateral_Vol.mm3,3.1,Stephan_etal_1981_TableXIII,Selected_collection,1981,13
Avahi occidentalis,Nucleus_vestibularis_lateralis_unilateral_Vol.mm3,3.32,Stephan_etal_1981_TableXIII,Selected_collection,1981,13
Avahi occidentalis,Nucleus_vestibularis_medialis_unilateral_Vol.mm3,6.86,Stephan_etal_1981_TableXIII,Selected_collection,1981,13
Avahi occidentalis,Nucleus_vestibularis_descendens_unilateral_Vol.mm3,4.81,Stephan_etal_1981_TableXIII,Selected_collection,1981,13
Propithecus verreauxi,Complexus_vestibularis_unilateral_Vol.mm3,43.2,Stephan_etal_1981_TableXIII,Selected_collection,1981,13
Propithecus verreauxi,Nucleus_vestibularis_superior_unilateral_Vol.mm3,8.18,Stephan_etal_1981_TableXIII,Selected_collection,1981,13
Propithecus verreauxi,Nucleus_vestibularis_lateralis_unilateral_Vol.mm3,7.37,Stephan_etal_1981_TableXIII,Selected_collection,1981,13
Propithecus verreauxi,Nucleus_vestibularis_medialis_unilateral_Vol.mm3,15.3,Stephan_etal_1981_TableXIII,Selected_collection,1981,13
Propithecus verreauxi,Nucleus_vestibularis_descendens_unilateral_Vol.mm3,12.4,Stephan_etal_1981_TableXIII,Selected_collection,1981,13
Loris tardigradus,Complexus_vestibularis_unilateral_Vol.mm3,8.45,Stephan_etal_1981_TableXIII,Selected_collection,1981,13
Loris tardigradus,Nucleus_vestibularis_superior_unilateral_Vol.mm3,1.61,Stephan_etal_1981_TableXIII,Selected_collection,1981,13
Loris tardigradus,Nucleus_vestibularis_lateralis_unilateral_Vol.mm3,1.22,Stephan_etal_1981_TableXIII,Selected_collection,1981,13
Loris tardigradus,Nucleus_vestibularis_medialis_unilateral_Vol.mm3,3.55,Stephan_etal_1981_TableXIII,Selected_collection,1981,13
Loris tardigradus,Nucleus_vestibularis_descendens_unilateral_Vol.mm3,2.08,Stephan_etal_1981_TableXIII,Selected_collection,1981,13
Perodicticus potto,Complexus_vestibularis_unilateral_Vol.mm3,17.3,Stephan_etal_1981_TableXIII,Selected_collection,1981,13
Perodicticus potto,Nucleus_vestibularis_superior_unilateral_Vol.mm3,2.86,Stephan_etal_1981_TableXIII,Selected_collection,1981,13
Perodicticus potto,Nucleus_vestibularis_lateralis_unilateral_Vol.mm3,2.66,Stephan_etal_1981_TableXIII,Selected_collection,1981,13
Perodicticus potto,Nucleus_vestibularis_medialis_unilateral_Vol.mm3,7.87,Stephan_etal_1981_TableXIII,Selected_collection,1981,13
Perodicticus potto,Nucleus_vestibularis_descendens_unilateral_Vol.mm3,3.88,Stephan_etal_1981_TableXIII,Selected_collection,1981,13
Otolemur crassicaudatus,Complexus_vestibularis_unilateral_Vol.mm3,19.9,Stephan_etal_1981_TableXIII,Selected_collection,1981,13
Otolemur crassicaudatus,Nucleus_vestibularis_superior_unilateral_Vol.mm3,2.85,Stephan_etal_1981_TableXIII,Selected_collection,1981,13
Otolemur crassicaudatus,Nucleus_vestibularis_lateralis_unilateral_Vol.mm3,2.87,Stephan_etal_1981_TableXIII,Selected_collection,1981,13
Otolemur crassicaudatus,Nucleus_vestibularis_medialis_unilateral_Vol.mm3,7.16,Stephan_etal_1981_TableXIII,Selected_collection,1981,13
Otolemur crassicaudatus,Nucleus_vestibularis_descendens_unilateral_Vol.mm3,7.01,Stephan_etal_1981_TableXIII,Selected_collection,1981,13
Galagoides demidoff,Complexus_vestibularis_unilateral_Vol.mm3,6.65,Stephan_etal_1981_TableXIII,Selected_collection,1981,13
Galagoides demidoff,Nucleus_vestibularis_superior_unilateral_Vol.mm3,1.02,Stephan_etal_1981_TableXIII,Selected_collection,1981,13
Galagoides demidoff,Nucleus_vestibularis_lateralis_unilateral_Vol.mm3,1.01,Stephan_etal_1981_TableXIII,Selected_collection,1981,13
Galagoides demidoff,Nucleus_vestibularis_medialis_unilateral_Vol.mm3,2.72,Stephan_etal_1981_TableXIII,Selected_collection,1981,13
Galagoides demidoff,Nucleus_vestibularis_descendens_unilateral_Vol.mm3,1.9,Stephan_etal_1981_TableXIII,Selected_collection,1981,13
Tarsius sp.,Complexus_vestibularis_unilateral_Vol.mm3,7.69,Stephan_etal_1981_TableXIII,Selected_collection,1981,13
Tarsius sp.,Nucleus_vestibularis_superior_unilateral_Vol.mm3,0.759,Stephan_etal_1981_TableXIII,Selected_collection,1981,13
Tarsius sp.,Nucleus_vestibularis_lateralis_unilateral_Vol.mm3,1.16,Stephan_etal_1981_TableXIII,Selected_collection,1981,13
Tarsius sp.,Nucleus_vestibularis_medialis_unilateral_Vol.mm3,3.36,Stephan_etal_1981_TableXIII,Selected_collection,1981,13
Tarsius sp.,Nucleus_vestibularis_descendens_unilateral_Vol.mm3,2.41,Stephan_etal_1981_TableXIII,Selected_collection,1981,13
Callithrix pygmaea,Complexus_vestibularis_unilateral_Vol.mm3,11.1,Stephan_etal_1981_TableXIII,Selected_collection,1981,13
Callithrix pygmaea,Nucleus_vestibularis_superior_unilateral_Vol.mm3,2.1,Stephan_etal_1981_TableXIII,Selected_collection,1981,13
Callithrix pygmaea,Nucleus_vestibularis_lateralis_unilateral_Vol.mm3,2.94,Stephan_etal_1981_TableXIII,Selected_collection,1981,13
Callithrix pygmaea,Nucleus_vestibularis_medialis_unilateral_Vol.mm3,4.11,Stephan_etal_1981_TableXIII,Selected_collection,1981,13
Callithrix pygmaea,Nucleus_vestibularis_descendens_unilateral_Vol.mm3,1.96,Stephan_etal_1981_TableXIII,Selected_collection,1981,13
Saguinus oedipus,Complexus_vestibularis_unilateral_Vol.mm3,18.4,Stephan_etal_1981_TableXIII,Selected_collection,1981,13
Saguinus oedipus,Nucleus_vestibularis_superior_unilateral_Vol.mm3,2.98,Stephan_etal_1981_TableXIII,Selected_collection,1981,13
Saguinus oedipus,Nucleus_vestibularis_lateralis_unilateral_Vol.mm3,3.63,Stephan_etal_1981_TableXIII,Selected_collection,1981,13
Saguinus oedipus,Nucleus_vestibularis_medialis_unilateral_Vol.mm3,7.25,Stephan_etal_1981_TableXIII,Selected_collection,1981,13
Saguinus oedipus,Nucleus_vestibularis_descendens_unilateral_Vol.mm3,4.49,Stephan_etal_1981_TableXIII,Selected_collection,1981,13
Ateles geoffroyi,Complexus_vestibularis_unilateral_Vol.mm3,49.7,Stephan_etal_1981_TableXIII,Selected_collection,1981,13
Ateles geoffroyi,Nucleus_vestibularis_superior_unilateral_Vol.mm3,7.2,Stephan_etal_1981_TableXIII,Selected_collection,1981,13
Ateles geoffroyi,Nucleus_vestibularis_lateralis_unilateral_Vol.mm3,6.81,Stephan_etal_1981_TableXIII,Selected_collection,1981,13
Ateles geoffroyi,Nucleus_vestibularis_medialis_unilateral_Vol.mm3,23.8,Stephan_etal_1981_TableXIII,Selected_collection,1981,13
Ateles geoffroyi,Nucleus_vestibularis_descendens_unilateral_Vol.mm3,11.9,Stephan_etal_1981_TableXIII,Selected_collection,1981,13
Lagothrix lagothricha,Complexus_vestibularis_unilateral_Vol.mm3,53,Stephan_etal_1981_TableXIII,Selected_collection,1981,13
Lagothrix lagothricha,Nucleus_vestibularis_superior_unilateral_Vol.mm3,9.07,Stephan_etal_1981_TableXIII,Selected_collection,1981,13
Lagothrix lagothricha,Nucleus_vestibularis_lateralis_unilateral_Vol.mm3,6.94,Stephan_etal_1981_TableXIII,Selected_collection,1981,13
Lagothrix lagothricha,Nucleus_vestibularis_medialis_unilateral_Vol.mm3,23,Stephan_etal_1981_TableXIII,Selected_collection,1981,13
Lagothrix lagothricha,Nucleus_vestibularis_descendens_unilateral_Vol.mm3,14.1,Stephan_etal_1981_TableXIII,Selected_collection,1981,13
Cebus albifrons,Complexus_vestibularis_unilateral_Vol.mm3,50.2,Stephan_etal_1981_TableXIII,Selected_collection,1981,13
Cebus albifrons,Nucleus_vestibularis_superior_unilateral_Vol.mm3,11.2,Stephan_etal_1981_TableXIII,Selected_collection,1981,13
Cebus albifrons,Nucleus_vestibularis_lateralis_unilateral_Vol.mm3,7.45,Stephan_etal_1981_TableXIII,Selected_collection,1981,13
Cebus albifrons,Nucleus_vestibularis_medialis_unilateral_Vol.mm3,19.2,Stephan_etal_1981_TableXIII,Selected_collection,1981,13
Cebus albifrons,Nucleus_vestibularis_descendens_unilateral_Vol.mm3,12.3,Stephan_etal_1981_TableXIII,Selected_collection,1981,13
Saimiri sciureus,Complexus_vestibularis_unilateral_Vol.mm3,29.4,Stephan_etal_1981_TableXIII,Selected_collection,1981,13
Saimiri sciureus,Nucleus_vestibularis_superior_unilateral_Vol.mm3,4.43,Stephan_etal_1981_TableXIII,Selected_collection,1981,13
Saimiri sciureus,Nucleus_vestibularis_lateralis_unilateral_Vol.mm3,6.26,Stephan_etal_1981_TableXIII,Selected_collection,1981,13
Saimiri sciureus,Nucleus_vestibularis_medialis_unilateral_Vol.mm3,11.4,Stephan_etal_1981_TableXIII,Selected_collection,1981,13
Saimiri sciureus,Nucleus_vestibularis_descendens_unilateral_Vol.mm3,7.31,Stephan_etal_1981_TableXIII,Selected_collection,1981,13
Lophocebus albigena,Complexus_vestibularis_unilateral_Vol.mm3,87.1,Stephan_etal_1981_TableXIII,Selected_collection,1981,13
Lophocebus albigena,Nucleus_vestibularis_superior_unilateral_Vol.mm3,16.2,Stephan_etal_1981_TableXIII,Selected_collection,1981,13
Lophocebus albigena,Nucleus_vestibularis_lateralis_unilateral_Vol.mm3,10,Stephan_etal_1981_TableXIII,Selected_collection,1981,13
Lophocebus albigena,Nucleus_vestibularis_medialis_unilateral_Vol.mm3,35.6,Stephan_etal_1981_TableXIII,Selected_collection,1981,13
Lophocebus albigena,Nucleus_vestibularis_descendens_unilateral_Vol.mm3,25.2,Stephan_etal_1981_TableXIII,Selected_collection,1981,13
Papio anubis,Complexus_vestibularis_unilateral_Vol.mm3,107,Stephan_etal_1981_TableXIII,Selected_collection,1981,13
Papio anubis,Nucleus_vestibularis_superior_unilateral_Vol.mm3,14.4,Stephan_etal_1981_TableXIII,Selected_collection,1981,13
Papio anubis,Nucleus_vestibularis_lateralis_unilateral_Vol.mm3,10.5,Stephan_etal_1981_TableXIII,Selected_collection,1981,13
Papio anubis,Nucleus_vestibularis_medialis_unilateral_Vol.mm3,48.1,Stephan_etal_1981_TableXIII,Selected_collection,1981,13
Papio anubis,Nucleus_vestibularis_descendens_unilateral_Vol.mm3,33.9,Stephan_etal_1981_TableXIII,Selected_collection,1981,13
Cercopithecus ascanius,Complexus_vestibularis_unilateral_Vol.mm3,52,Stephan_etal_1981_TableXIII,Selected_collection,1981,13
Cercopithecus ascanius,Nucleus_vestibularis_superior_unilateral_Vol.mm3,8.21,Stephan_etal_1981_TableXIII,Selected_collection,1981,13
Cercopithecus ascanius,Nucleus_vestibularis_lateralis_unilateral_Vol.mm3,5.88,Stephan_etal_1981_TableXIII,Selected_collection,1981,13
Cercopithecus ascanius,Nucleus_vestibularis_medialis_unilateral_Vol.mm3,20.8,Stephan_etal_1981_TableXIII,Selected_collection,1981,13
Cercopithecus ascanius,Nucleus_vestibularis_descendens_unilateral_Vol.mm3,17.2,Stephan_etal_1981_TableXIII,Selected_collection,1981,13
Nasalis larvatus,Complexus_vestibularis_unilateral_Vol.mm3,86.2,Stephan_etal_1981_TableXIII,Selected_collection,1981,13
Nasalis larvatus,Nucleus_vestibularis_superior_unilateral_Vol.mm3,12.6,Stephan_etal_1981_TableXIII,Selected_collection,1981,13
Nasalis larvatus,Nucleus_vestibularis_lateralis_unilateral_Vol.mm3,14.8,Stephan_etal_1981_TableXIII,Selected_collection,1981,13
Nasalis larvatus,Nucleus_vestibularis_medialis_unilateral_Vol.mm3,33.6,Stephan_etal_1981_TableXIII,Selected_collection,1981,13
Nasalis larvatus,Nucleus_vestibularis_descendens_unilateral_Vol.mm3,25.2,Stephan_etal_1981_TableXIII,Selected_collection,1981,13
Piliocolobus badius,Complexus_vestibularis_unilateral_Vol.mm3,57.3,Stephan_etal_1981_TableXIII,Selected_collection,1981,13
Piliocolobus badius,Nucleus_vestibularis_superior_unilateral_Vol.mm3,8.68,Stephan_etal_1981_TableXIII,Selected_collection,1981,13
Piliocolobus badius,Nucleus_vestibularis_lateralis_unilateral_Vol.mm3,10,Stephan_etal_1981_TableXIII,Selected_collection,1981,13
Piliocolobus badius,Nucleus_vestibularis_medialis_unilateral_Vol.mm3,24.1,Stephan_etal_1981_TableXIII,Selected_collection,1981,13
Piliocolobus badius,Nucleus_vestibularis_descendens_unilateral_Vol.mm3,14.5,Stephan_etal_1981_TableXIII,Selected_collection,1981,13
Hylobates lar,Complexus_vestibularis_unilateral_Vol.mm3,59.3,Stephan_etal_1981_TableXIII,Selected_collection,1981,13
Hylobates lar,Nucleus_vestibularis_superior_unilateral_Vol.mm3,14.9,Stephan_etal_1981_TableXIII,Selected_collection,1981,13
Hylobates lar,Nucleus_vestibularis_lateralis_unilateral_Vol.mm3,5.53,Stephan_etal_1981_TableXIII,Selected_collection,1981,13
Hylobates lar,Nucleus_vestibularis_medialis_unilateral_Vol.mm3,24.5,Stephan_etal_1981_TableXIII,Selected_collection,1981,13
Hylobates lar,Nucleus_vestibularis_descendens_unilateral_Vol.mm3,14.5,Stephan_etal_1981_TableXIII,Selected_collection,1981,13
Pan troglodytes,Complexus_vestibularis_unilateral_Vol.mm3,118,Stephan_etal_1981_TableXIII,Selected_collection,1981,13
Pan troglodytes,Nucleus_vestibularis_superior_unilateral_Vol.mm3,23.5,Stephan_etal_1981_TableXIII,Selected_collection,1981,13
Pan troglodytes,Nucleus_vestibularis_lateralis_unilateral_Vol.mm3,9.65,Stephan_etal_1981_TableXIII,Selected_collection,1981,13
Pan troglodytes,Nucleus_vestibularis_medialis_unilateral_Vol.mm3,54.7,Stephan_etal_1981_TableXIII,Selected_collection,1981,13
Pan troglodytes,Nucleus_vestibularis_descendens_unilateral_Vol.mm3,29.8,Stephan_etal_1981_TableXIII,Selected_collection,1981,13
Gorilla sp.,Complexus_vestibularis_unilateral_Vol.mm3,136,Stephan_etal_1981_TableXIII,Selected_collection,1981,13
Gorilla sp.,Nucleus_vestibularis_superior_unilateral_Vol.mm3,34.7,Stephan_etal_1981_TableXIII,Selected_collection,1981,13
Gorilla sp.,Nucleus_vestibularis_lateralis_unilateral_Vol.mm3,19.5,Stephan_etal_1981_TableXIII,Selected_collection,1981,13
Gorilla sp.,Nucleus_vestibularis_medialis_unilateral_Vol.mm3,58.4,Stephan_etal_1981_TableXIII,Selected_collection,1981,13
Gorilla sp.,Nucleus_vestibularis_descendens_unilateral_Vol.mm3,23.6,Stephan_etal_1981_TableXIII,Selected_collection,1981,13
Homo sapiens,Complexus_vestibularis_unilateral_Vol.mm3,177,Stephan_etal_1981_TableXIII,Selected_collection,1981,13
Homo sapiens,Nucleus_vestibularis_superior_unilateral_Vol.mm3,35.8,Stephan_etal_1981_TableXIII,Selected_collection,1981,13
Homo sapiens,Nucleus_vestibularis_lateralis_unilateral_Vol.mm3,22.4,Stephan_etal_1981_TableXIII,Selected_collection,1981,13
Homo sapiens,Nucleus_vestibularis_medialis_unilateral_Vol.mm3,72.8,Stephan_etal_1981_TableXIII,Selected_collection,1981,13
Homo sapiens,Nucleus_vestibularis_descendens_unilateral_Vol.mm3,45.9,Stephan_etal_1981_TableXIII,Selected_collection,1981,13
Solenodon paradoxus,Nucleus_septalis_triangularis_Vol.mm3,0.87,Stephan_etal_1981_TableXIV,Selected_collection,1981,14
Solenodon paradoxus,Corpus_subfornicale_Vol.mm3,0.083,Stephan_etal_1981_TableXIV,Selected_collection,1981,14
Solenodon paradoxus,Nucleus_habenularis_medialis_Vol.mm3,2.08,Stephan_etal_1981_TableXIV,Selected_collection,1981,14
Solenodon paradoxus,Corpus_pineal_Vol.mm3,1.27,Stephan_etal_1981_TableXIV,Selected_collection,1981,14
Solenodon paradoxus,Corpus_subcommissurale_Vol.mm3,0.0435,Stephan_etal_1981_TableXIV,Selected_collection,1981,14
Tenrec ecaudatus,Nucleus_septalis_triangularis_Vol.mm3,0.704,Stephan_etal_1981_TableXIV,Selected_collection,1981,14
Tenrec ecaudatus,Corpus_subfornicale_Vol.mm3,0.124,Stephan_etal_1981_TableXIV,Selected_collection,1981,14
Tenrec ecaudatus,Nucleus_habenularis_medialis_Vol.mm3,0.988,Stephan_etal_1981_TableXIV,Selected_collection,1981,14
Tenrec ecaudatus,Corpus_pineal_Vol.mm3,0.48,Stephan_etal_1981_TableXIV,Selected_collection,1981,14
Tenrec ecaudatus,Corpus_subcommissurale_Vol.mm3,0.0112,Stephan_etal_1981_TableXIV,Selected_collection,1981,14
Setifer setosus,Nucleus_septalis_triangularis_Vol.mm3,0.329,Stephan_etal_1981_TableXIV,Selected_collection,1981,14
Setifer setosus,Corpus_subfornicale_Vol.mm3,0.06,Stephan_etal_1981_TableXIV,Selected_collection,1981,14
Setifer setosus,Nucleus_habenularis_medialis_Vol.mm3,0.426,Stephan_etal_1981_TableXIV,Selected_collection,1981,14
Setifer setosus,Corpus_pineal_Vol.mm3,0.445,Stephan_etal_1981_TableXIV,Selected_collection,1981,14
Setifer setosus,Corpus_subcommissurale_Vol.mm3,0.0031,Stephan_etal_1981_TableXIV,Selected_collection,1981,14
Hemicentetes semispinosus,Nucleus_septalis_triangularis_Vol.mm3,0.338,Stephan_etal_1981_TableXIV,Selected_collection,1981,14
Hemicentetes semispinosus,Corpus_subfornicale_Vol.mm3,0.032,Stephan_etal_1981_TableXIV,Selected_collection,1981,14
Hemicentetes semispinosus,Nucleus_habenularis_medialis_Vol.mm3,0.425,Stephan_etal_1981_TableXIV,Selected_collection,1981,14
Hemicentetes semispinosus,Corpus_pineal_Vol.mm3,0.181,Stephan_etal_1981_TableXIV,Selected_collection,1981,14
Hemicentetes semispinosus,Corpus_subcommissurale_Vol.mm3,0.00382,Stephan_etal_1981_TableXIV,Selected_collection,1981,14
Echinops telfairi,Nucleus_septalis_triangularis_Vol.mm3,0.338,Stephan_etal_1981_TableXIV,Selected_collection,1981,14
Echinops telfairi,Corpus_subfornicale_Vol.mm3,0.029,Stephan_etal_1981_TableXIV,Selected_collection,1981,14
Echinops telfairi,Nucleus_habenularis_medialis_Vol.mm3,0.365,Stephan_etal_1981_TableXIV,Selected_collection,1981,14
Echinops telfairi,Corpus_pineal_Vol.mm3,0.243,Stephan_etal_1981_TableXIV,Selected_collection,1981,14
Echinops telfairi,Corpus_subcommissurale_Vol.mm3,2.12e-4,Stephan_etal_1981_TableXIV,Selected_collection,1981,14
Oryzorictes hova,Nucleus_septalis_triangularis_Vol.mm3,0.331,Stephan_etal_1981_TableXIV,Selected_collection,1981,14
Oryzorictes hova,Corpus_subfornicale_Vol.mm3,0.018,Stephan_etal_1981_TableXIV,Selected_collection,1981,14
Oryzorictes hova,Nucleus_habenularis_medialis_Vol.mm3,0.257,Stephan_etal_1981_TableXIV,Selected_collection,1981,14
Oryzorictes hova,Corpus_pineal_Vol.mm3,0.051,Stephan_etal_1981_TableXIV,Selected_collection,1981,14
Oryzorictes hova,Corpus_subcommissurale_Vol.mm3,6.94e-4,Stephan_etal_1981_TableXIV,Selected_collection,1981,14
Microgale cowani,Nucleus_septalis_triangularis_Vol.mm3,0.216,Stephan_etal_1981_TableXIV,Selected_collection,1981,14
Microgale cowani,Corpus_subfornicale_Vol.mm3,0.0116,Stephan_etal_1981_TableXIV,Selected_collection,1981,14
Microgale cowani,Nucleus_habenularis_medialis_Vol.mm3,0.147,Stephan_etal_1981_TableXIV,Selected_collection,1981,14
Microgale cowani,Corpus_pineal_Vol.mm3,0.0152,Stephan_etal_1981_TableXIV,Selected_collection,1981,14
Microgale cowani,Corpus_subcommissurale_Vol.mm3,0.00129,Stephan_etal_1981_TableXIV,Selected_collection,1981,14
Microgale mergulus,Nucleus_septalis_triangularis_Vol.mm3,0.602,Stephan_etal_1981_TableXIV,Selected_collection,1981,14
Microgale mergulus,Corpus_subfornicale_Vol.mm3,0.0194,Stephan_etal_1981_TableXIV,Selected_collection,1981,14
Microgale mergulus,Nucleus_habenularis_medialis_Vol.mm3,0.469,Stephan_etal_1981_TableXIV,Selected_collection,1981,14
Microgale mergulus,Corpus_pineal_Vol.mm3,0.122,Stephan_etal_1981_TableXIV,Selected_collection,1981,14
Microgale mergulus,Corpus_subcommissurale_Vol.mm3,0.00202,Stephan_etal_1981_TableXIV,Selected_collection,1981,14
Nesogale dobsoni,Nucleus_septalis_triangularis_Vol.mm3,0.28,Stephan_etal_1981_TableXIV,Selected_collection,1981,14
Nesogale dobsoni,Corpus_subfornicale_Vol.mm3,0.0076,Stephan_etal_1981_TableXIV,Selected_collection,1981,14
Nesogale dobsoni,Nucleus_habenularis_medialis_Vol.mm3,0.242,Stephan_etal_1981_TableXIV,Selected_collection,1981,14
Nesogale dobsoni,Corpus_pineal_Vol.mm3,0.0356,Stephan_etal_1981_TableXIV,Selected_collection,1981,14
Nesogale dobsoni,Corpus_subcommissurale_Vol.mm3,9.5e-4,Stephan_etal_1981_TableXIV,Selected_collection,1981,14
Nesogale talazaci,Nucleus_septalis_triangularis_Vol.mm3,0.378,Stephan_etal_1981_TableXIV,Selected_collection,1981,14
Nesogale talazaci,Corpus_subfornicale_Vol.mm3,0.0191,Stephan_etal_1981_TableXIV,Selected_collection,1981,14
Nesogale talazaci,Nucleus_habenularis_medialis_Vol.mm3,0.381,Stephan_etal_1981_TableXIV,Selected_collection,1981,14
Nesogale talazaci,Corpus_pineal_Vol.mm3,0.0894,Stephan_etal_1981_TableXIV,Selected_collection,1981,14
Nesogale talazaci,Corpus_subcommissurale_Vol.mm3,0.00147,Stephan_etal_1981_TableXIV,Selected_collection,1981,14
Potamogale velox,Nucleus_septalis_triangularis_Vol.mm3,1.1,Stephan_etal_1981_TableXIV,Selected_collection,1981,14
Potamogale velox,Corpus_subfornicale_Vol.mm3,0.089,Stephan_etal_1981_TableXIV,Selected_collection,1981,14
Potamogale velox,Nucleus_habenularis_medialis_Vol.mm3,1.45,Stephan_etal_1981_TableXIV,Selected_collection,1981,14
Potamogale velox,Corpus_pineal_Vol.mm3,0.00309,Stephan_etal_1981_TableXIV,Selected_collection,1981,14
Potamogale velox,Corpus_subcommissurale_Vol.mm3,0.00174,Stephan_etal_1981_TableXIV,Selected_collection,1981,14
Chrysochloris stuhlmanni,Nucleus_septalis_triangularis_Vol.mm3,0.395,Stephan_etal_1981_TableXIV,Selected_collection,1981,14
Chrysochloris stuhlmanni,Corpus_subfornicale_Vol.mm3,0.0191,Stephan_etal_1981_TableXIV,Selected_collection,1981,14
Chrysochloris stuhlmanni,Nucleus_habenularis_medialis_Vol.mm3,0.38,Stephan_etal_1981_TableXIV,Selected_collection,1981,14
Chrysochloris stuhlmanni,Corpus_pineal_Vol.mm3,0.096,Stephan_etal_1981_TableXIV,Selected_collection,1981,14
Chrysochloris stuhlmanni,Corpus_subcommissurale_Vol.mm3,0,Stephan_etal_1981_TableXIV,Selected_collection,1981,14
Chrysochloris asiatica,Nucleus_septalis_triangularis_Vol.mm3,0.485,Stephan_etal_1981_TableXIV,Selected_collection,1981,14
Chrysochloris asiatica,Corpus_subfornicale_Vol.mm3,0.0147,Stephan_etal_1981_TableXIV,Selected_collection,1981,14
Chrysochloris asiatica,Nucleus_habenularis_medialis_Vol.mm3,0.449,Stephan_etal_1981_TableXIV,Selected_collection,1981,14
Chrysochloris asiatica,Corpus_pineal_Vol.mm3,0.0251,Stephan_etal_1981_TableXIV,Selected_collection,1981,14
Chrysochloris asiatica,Corpus_subcommissurale_Vol.mm3,0.00811,Stephan_etal_1981_TableXIV,Selected_collection,1981,14
Atelerix algirus,Nucleus_septalis_triangularis_Vol.mm3,1.18,Stephan_etal_1981_TableXIV,Selected_collection,1981,14
Atelerix algirus,Corpus_subfornicale_Vol.mm3,0.0621,Stephan_etal_1981_TableXIV,Selected_collection,1981,14
Atelerix algirus,Nucleus_habenularis_medialis_Vol.mm3,0.93,Stephan_etal_1981_TableXIV,Selected_collection,1981,14
Atelerix algirus,Corpus_pineal_Vol.mm3,0.297,Stephan_etal_1981_TableXIV,Selected_collection,1981,14
Atelerix algirus,Corpus_subcommissurale_Vol.mm3,0.0222,Stephan_etal_1981_TableXIV,Selected_collection,1981,14
Erinaceus europaeus,Nucleus_septalis_triangularis_Vol.mm3,0.887,Stephan_etal_1981_TableXIV,Selected_collection,1981,14
Erinaceus europaeus,Corpus_subfornicale_Vol.mm3,0.0592,Stephan_etal_1981_TableXIV,Selected_collection,1981,14
Erinaceus europaeus,Nucleus_habenularis_medialis_Vol.mm3,1.17,Stephan_etal_1981_TableXIV,Selected_collection,1981,14
Erinaceus europaeus,Corpus_pineal_Vol.mm3,0.423,Stephan_etal_1981_TableXIV,Selected_collection,1981,14
Erinaceus europaeus,Corpus_subcommissurale_Vol.mm3,0.0312,Stephan_etal_1981_TableXIV,Selected_collection,1981,14
Elephantulus fuscipes,Nucleus_septalis_triangularis_Vol.mm3,0.289,Stephan_etal_1981_TableXIV,Selected_collection,1981,14
Elephantulus fuscipes,Corpus_subfornicale_Vol.mm3,0.0709,Stephan_etal_1981_TableXIV,Selected_collection,1981,14
Elephantulus fuscipes,Nucleus_habenularis_medialis_Vol.mm3,0.415,Stephan_etal_1981_TableXIV,Selected_collection,1981,14
Elephantulus fuscipes,Corpus_pineal_Vol.mm3,0.336,Stephan_etal_1981_TableXIV,Selected_collection,1981,14
Elephantulus fuscipes,Corpus_subcommissurale_Vol.mm3,0.124,Stephan_etal_1981_TableXIV,Selected_collection,1981,14
Rhynchocyon cirnei,Nucleus_septalis_triangularis_Vol.mm3,0.937,Stephan_etal_1981_TableXIV,Selected_collection,1981,14
Rhynchocyon cirnei,Corpus_subfornicale_Vol.mm3,0.0576,Stephan_etal_1981_TableXIV,Selected_collection,1981,14
Rhynchocyon cirnei,Nucleus_habenularis_medialis_Vol.mm3,2.09,Stephan_etal_1981_TableXIV,Selected_collection,1981,14
Rhynchocyon cirnei,Corpus_pineal_Vol.mm3,1.41,Stephan_etal_1981_TableXIV,Selected_collection,1981,14
Rhynchocyon cirnei,Corpus_subcommissurale_Vol.mm3,0.403,Stephan_etal_1981_TableXIV,Selected_collection,1981,14
Sorex minutus,Nucleus_septalis_triangularis_Vol.mm3,0.07,Stephan_etal_1981_TableXIV,Selected_collection,1981,14
Sorex minutus,Corpus_subfornicale_Vol.mm3,0.00284,Stephan_etal_1981_TableXIV,Selected_collection,1981,14
Sorex minutus,Nucleus_habenularis_medialis_Vol.mm3,0.0586,Stephan_etal_1981_TableXIV,Selected_collection,1981,14
Sorex minutus,Corpus_pineal_Vol.mm3,0.00359,Stephan_etal_1981_TableXIV,Selected_collection,1981,14
Sorex minutus,Corpus_subcommissurale_Vol.mm3,2.65e-4,Stephan_etal_1981_TableXIV,Selected_collection,1981,14
Sorex araneus,Nucleus_septalis_triangularis_Vol.mm3,0.115,Stephan_etal_1981_TableXIV,Selected_collection,1981,14
Sorex araneus,Corpus_subfornicale_Vol.mm3,0.00326,Stephan_etal_1981_TableXIV,Selected_collection,1981,14
Sorex araneus,Nucleus_habenularis_medialis_Vol.mm3,0.0749,Stephan_etal_1981_TableXIV,Selected_collection,1981,14
Sorex araneus,Corpus_pineal_Vol.mm3,0.0102,Stephan_etal_1981_TableXIV,Selected_collection,1981,14
Sorex araneus,Corpus_subcommissurale_Vol.mm3,1.2e-4,Stephan_etal_1981_TableXIV,Selected_collection,1981,14
Neomys fodiens,Nucleus_septalis_triangularis_Vol.mm3,0.263,Stephan_etal_1981_TableXIV,Selected_collection,1981,14
Neomys fodiens,Corpus_subfornicale_Vol.mm3,0.0069,Stephan_etal_1981_TableXIV,Selected_collection,1981,14
Neomys fodiens,Nucleus_habenularis_medialis_Vol.mm3,0.205,Stephan_etal_1981_TableXIV,Selected_collection,1981,14
Neomys fodiens,Corpus_pineal_Vol.mm3,0.027,Stephan_etal_1981_TableXIV,Selected_collection,1981,14
Neomys fodiens,Corpus_subcommissurale_Vol.mm3,4.18e-4,Stephan_etal_1981_TableXIV,Selected_collection,1981,14
Crocidura flavescens,Nucleus_septalis_triangularis_Vol.mm3,0.274,Stephan_etal_1981_TableXIV,Selected_collection,1981,14
Crocidura flavescens,Corpus_subfornicale_Vol.mm3,0.0186,Stephan_etal_1981_TableXIV,Selected_collection,1981,14
Crocidura flavescens,Nucleus_habenularis_medialis_Vol.mm3,0.2,Stephan_etal_1981_TableXIV,Selected_collection,1981,14
Crocidura flavescens,Corpus_pineal_Vol.mm3,0.0391,Stephan_etal_1981_TableXIV,Selected_collection,1981,14
Crocidura flavescens,Corpus_subcommissurale_Vol.mm3,5.76e-4,Stephan_etal_1981_TableXIV,Selected_collection,1981,14
Crocidura russula,Nucleus_septalis_triangularis_Vol.mm3,0.12,Stephan_etal_1981_TableXIV,Selected_collection,1981,14
Crocidura russula,Corpus_subfornicale_Vol.mm3,0.00986,Stephan_etal_1981_TableXIV,Selected_collection,1981,14
Crocidura russula,Nucleus_habenularis_medialis_Vol.mm3,0.134,Stephan_etal_1981_TableXIV,Selected_collection,1981,14
Crocidura russula,Corpus_pineal_Vol.mm3,0.0278,Stephan_etal_1981_TableXIV,Selected_collection,1981,14
Crocidura russula,Corpus_subcommissurale_Vol.mm3,7.66e-4,Stephan_etal_1981_TableXIV,Selected_collection,1981,14
Suncus murinus,Nucleus_septalis_triangularis_Vol.mm3,0.201,Stephan_etal_1981_TableXIV,Selected_collection,1981,14
Suncus murinus,Corpus_subfornicale_Vol.mm3,0.0148,Stephan_etal_1981_TableXIV,Selected_collection,1981,14
Suncus murinus,Nucleus_habenularis_medialis_Vol.mm3,0.168,Stephan_etal_1981_TableXIV,Selected_collection,1981,14
Suncus murinus,Corpus_pineal_Vol.mm3,0.0628,Stephan_etal_1981_TableXIV,Selected_collection,1981,14
Suncus murinus,Corpus_subcommissurale_Vol.mm3,0.00223,Stephan_etal_1981_TableXIV,Selected_collection,1981,14
Talpa europaea,Nucleus_septalis_triangularis_Vol.mm3,0.33,Stephan_etal_1981_TableXIV,Selected_collection,1981,14
Talpa europaea,Corpus_subfornicale_Vol.mm3,0.00857,Stephan_etal_1981_TableXIV,Selected_collection,1981,14
Talpa europaea,Nucleus_habenularis_medialis_Vol.mm3,0.366,Stephan_etal_1981_TableXIV,Selected_collection,1981,14
Talpa europaea,Corpus_pineal_Vol.mm3,0.0497,Stephan_etal_1981_TableXIV,Selected_collection,1981,14
Talpa europaea,Corpus_subcommissurale_Vol.mm3,0.0102,Stephan_etal_1981_TableXIV,Selected_collection,1981,14
Desmana moschata,Nucleus_septalis_triangularis_Vol.mm3,1.06,Stephan_etal_1981_TableXIV,Selected_collection,1981,14
Desmana moschata,Corpus_subfornicale_Vol.mm3,0.0352,Stephan_etal_1981_TableXIV,Selected_collection,1981,14
Desmana moschata,Nucleus_habenularis_medialis_Vol.mm3,1.05,Stephan_etal_1981_TableXIV,Selected_collection,1981,14
Desmana moschata,Corpus_pineal_Vol.mm3,0.459,Stephan_etal_1981_TableXIV,Selected_collection,1981,14
Desmana moschata,Corpus_subcommissurale_Vol.mm3,0.0278,Stephan_etal_1981_TableXIV,Selected_collection,1981,14
Galemys pyrenaicus,Nucleus_septalis_triangularis_Vol.mm3,0.444,Stephan_etal_1981_TableXIV,Selected_collection,1981,14
Galemys pyrenaicus,Corpus_subfornicale_Vol.mm3,0.0379,Stephan_etal_1981_TableXIV,Selected_collection,1981,14
Galemys pyrenaicus,Nucleus_habenularis_medialis_Vol.mm3,0.422,Stephan_etal_1981_TableXIV,Selected_collection,1981,14
Galemys pyrenaicus,Corpus_pineal_Vol.mm3,0.0707,Stephan_etal_1981_TableXIV,Selected_collection,1981,14
Galemys pyrenaicus,Corpus_subcommissurale_Vol.mm3,0.00545,Stephan_etal_1981_TableXIV,Selected_collection,1981,14
Tupaia glis,Nucleus_septalis_triangularis_Vol.mm3,0.454,Stephan_etal_1981_TableXV,Selected_collection,1981,15
Tupaia glis,Corpus_subfornicale_Vol.mm3,0.0608,Stephan_etal_1981_TableXV,Selected_collection,1981,15
Tupaia glis,Nucleus_habenularis_medialis_Vol.mm3,0.947,Stephan_etal_1981_TableXV,Selected_collection,1981,15
Tupaia glis,Corpus_pineal_Vol.mm3,0.393,Stephan_etal_1981_TableXV,Selected_collection,1981,15
Tupaia glis,Corpus_subcommissurale_Vol.mm3,0.0804,Stephan_etal_1981_TableXV,Selected_collection,1981,15
Urogale everetti,Nucleus_septalis_triangularis_Vol.mm3,0.66,Stephan_etal_1981_TableXV,Selected_collection,1981,15
Urogale everetti,Corpus_subfornicale_Vol.mm3,0.136,Stephan_etal_1981_TableXV,Selected_collection,1981,15
Urogale everetti,Nucleus_habenularis_medialis_Vol.mm3,0.926,Stephan_etal_1981_TableXV,Selected_collection,1981,15
Urogale everetti,Corpus_pineal_Vol.mm3,1.42,Stephan_etal_1981_TableXV,Selected_collection,1981,15
Urogale everetti,Corpus_subcommissurale_Vol.mm3,0.0572,Stephan_etal_1981_TableXV,Selected_collection,1981,15
Cheirogaleus major,Nucleus_septalis_triangularis_Vol.mm3,0.917,Stephan_etal_1981_TableXV,Selected_collection,1981,15
Cheirogaleus major,Corpus_subfornicale_Vol.mm3,0.256,Stephan_etal_1981_TableXV,Selected_collection,1981,15
Cheirogaleus major,Nucleus_habenularis_medialis_Vol.mm3,1.75,Stephan_etal_1981_TableXV,Selected_collection,1981,15
Cheirogaleus major,Corpus_pineal_Vol.mm3,0.789,Stephan_etal_1981_TableXV,Selected_collection,1981,15
Cheirogaleus major,Corpus_subcommissurale_Vol.mm3,0.032,Stephan_etal_1981_TableXV,Selected_collection,1981,15
Cheirogaleus medius,Nucleus_septalis_triangularis_Vol.mm3,0.385,Stephan_etal_1981_TableXV,Selected_collection,1981,15
Cheirogaleus medius,Corpus_subfornicale_Vol.mm3,0.171,Stephan_etal_1981_TableXV,Selected_collection,1981,15
Cheirogaleus medius,Nucleus_habenularis_medialis_Vol.mm3,1.06,Stephan_etal_1981_TableXV,Selected_collection,1981,15
Cheirogaleus medius,Corpus_pineal_Vol.mm3,0.691,Stephan_etal_1981_TableXV,Selected_collection,1981,15
Cheirogaleus medius,Corpus_subcommissurale_Vol.mm3,0.0432,Stephan_etal_1981_TableXV,Selected_collection,1981,15
Microcebus murinus,Nucleus_septalis_triangularis_Vol.mm3,0.274,Stephan_etal_1981_TableXV,Selected_collection,1981,15
Microcebus murinus,Corpus_subfornicale_Vol.mm3,0.0556,Stephan_etal_1981_TableXV,Selected_collection,1981,15
Microcebus murinus,Nucleus_habenularis_medialis_Vol.mm3,0.461,Stephan_etal_1981_TableXV,Selected_collection,1981,15
Microcebus murinus,Corpus_pineal_Vol.mm3,0.14,Stephan_etal_1981_TableXV,Selected_collection,1981,15
Microcebus murinus,Corpus_subcommissurale_Vol.mm3,0.0233,Stephan_etal_1981_TableXV,Selected_collection,1981,15
Lepilemur ruficaudatus,Nucleus_septalis_triangularis_Vol.mm3,0.888,Stephan_etal_1981_TableXV,Selected_collection,1981,15
Lepilemur ruficaudatus,Corpus_subfornicale_Vol.mm3,0.121,Stephan_etal_1981_TableXV,Selected_collection,1981,15
Lepilemur ruficaudatus,Nucleus_habenularis_medialis_Vol.mm3,1.75,Stephan_etal_1981_TableXV,Selected_collection,1981,15
Lepilemur ruficaudatus,Corpus_pineal_Vol.mm3,0.731,Stephan_etal_1981_TableXV,Selected_collection,1981,15
Lepilemur ruficaudatus,Corpus_subcommissurale_Vol.mm3,0.132,Stephan_etal_1981_TableXV,Selected_collection,1981,15
Eulemur fulvus,Nucleus_septalis_triangularis_Vol.mm3,1.4,Stephan_etal_1981_TableXV,Selected_collection,1981,15
Eulemur fulvus,Corpus_subfornicale_Vol.mm3,0.527,Stephan_etal_1981_TableXV,Selected_collection,1981,15
Eulemur fulvus,Nucleus_habenularis_medialis_Vol.mm3,4.02,Stephan_etal_1981_TableXV,Selected_collection,1981,15
Eulemur fulvus,Corpus_pineal_Vol.mm3,1.85,Stephan_etal_1981_TableXV,Selected_collection,1981,15
Eulemur fulvus,Corpus_subcommissurale_Vol.mm3,0.174,Stephan_etal_1981_TableXV,Selected_collection,1981,15
Varecia variegata,Nucleus_septalis_triangularis_Vol.mm3,3.51,Stephan_etal_1981_TableXV,Selected_collection,1981,15
Varecia variegata,Corpus_subfornicale_Vol.mm3,0.741,Stephan_etal_1981_TableXV,Selected_collection,1981,15
Varecia variegata,Nucleus_habenularis_medialis_Vol.mm3,5.35,Stephan_etal_1981_TableXV,Selected_collection,1981,15
Varecia variegata,Corpus_pineal_Vol.mm3,4.46,Stephan_etal_1981_TableXV,Selected_collection,1981,15
Varecia variegata,Corpus_subcommissurale_Vol.mm3,0.197,Stephan_etal_1981_TableXV,Selected_collection,1981,15
Avahi laniger,Nucleus_septalis_triangularis_Vol.mm3,1.29,Stephan_etal_1981_TableXV,Selected_collection,1981,15
Avahi laniger,Corpus_subfornicale_Vol.mm3,0.116,Stephan_etal_1981_TableXV,Selected_collection,1981,15
Avahi laniger,Nucleus_habenularis_medialis_Vol.mm3,2.21,Stephan_etal_1981_TableXV,Selected_collection,1981,15
Avahi laniger,Corpus_pineal_Vol.mm3,0.7,Stephan_etal_1981_TableXV,Selected_collection,1981,15
Avahi laniger,Corpus_subcommissurale_Vol.mm3,0.14,Stephan_etal_1981_TableXV,Selected_collection,1981,15
Avahi occidentalis,Nucleus_septalis_triangularis_Vol.mm3,0.988,Stephan_etal_1981_TableXV,Selected_collection,1981,15
Avahi occidentalis,Corpus_subfornicale_Vol.mm3,0.188,Stephan_etal_1981_TableXV,Selected_collection,1981,15
Avahi occidentalis,Nucleus_habenularis_medialis_Vol.mm3,2.04,Stephan_etal_1981_TableXV,Selected_collection,1981,15
Avahi occidentalis,Corpus_pineal_Vol.mm3,0.652,Stephan_etal_1981_TableXV,Selected_collection,1981,15
Avahi occidentalis,Corpus_subcommissurale_Vol.mm3,0.0942,Stephan_etal_1981_TableXV,Selected_collection,1981,15
Propithecus verreauxi,Nucleus_septalis_triangularis_Vol.mm3,1.6,Stephan_etal_1981_TableXV,Selected_collection,1981,15
Propithecus verreauxi,Corpus_subfornicale_Vol.mm3,0.507,Stephan_etal_1981_TableXV,Selected_collection,1981,15
Propithecus verreauxi,Nucleus_habenularis_medialis_Vol.mm3,3.65,Stephan_etal_1981_TableXV,Selected_collection,1981,15
Propithecus verreauxi,Corpus_pineal_Vol.mm3,3.26,Stephan_etal_1981_TableXV,Selected_collection,1981,15
Propithecus verreauxi,Corpus_subcommissurale_Vol.mm3,0.357,Stephan_etal_1981_TableXV,Selected_collection,1981,15
Indri indri,Nucleus_septalis_triangularis_Vol.mm3,4.96,Stephan_etal_1981_TableXV,Selected_collection,1981,15
Indri indri,Corpus_subfornicale_Vol.mm3,0.553,Stephan_etal_1981_TableXV,Selected_collection,1981,15
Indri indri,Nucleus_habenularis_medialis_Vol.mm3,7.15,Stephan_etal_1981_TableXV,Selected_collection,1981,15
Indri indri,Corpus_pineal_Vol.mm3,5.63,Stephan_etal_1981_TableXV,Selected_collection,1981,15
Indri indri,Corpus_subcommissurale_Vol.mm3,0.366,Stephan_etal_1981_TableXV,Selected_collection,1981,15
Daubentonia madagascariensis,Nucleus_septalis_triangularis_Vol.mm3,2.65,Stephan_etal_1981_TableXV,Selected_collection,1981,15
Daubentonia madagascariensis,Corpus_subfornicale_Vol.mm3,0.593,Stephan_etal_1981_TableXV,Selected_collection,1981,15
Daubentonia madagascariensis,Nucleus_habenularis_medialis_Vol.mm3,7.75,Stephan_etal_1981_TableXV,Selected_collection,1981,15
Daubentonia madagascariensis,Corpus_pineal_Vol.mm3,3.32,Stephan_etal_1981_TableXV,Selected_collection,1981,15
Daubentonia madagascariensis,Corpus_subcommissurale_Vol.mm3,1.83,Stephan_etal_1981_TableXV,Selected_collection,1981,15
Loris tardigradus,Nucleus_septalis_triangularis_Vol.mm3,0.822,Stephan_etal_1981_TableXV,Selected_collection,1981,15
Loris tardigradus,Corpus_subfornicale_Vol.mm3,0.207,Stephan_etal_1981_TableXV,Selected_collection,1981,15
Loris tardigradus,Nucleus_habenularis_medialis_Vol.mm3,1.15,Stephan_etal_1981_TableXV,Selected_collection,1981,15
Loris tardigradus,Corpus_pineal_Vol.mm3,0.335,Stephan_etal_1981_TableXV,Selected_collection,1981,15
Loris tardigradus,Corpus_subcommissurale_Vol.mm3,0.103,Stephan_etal_1981_TableXV,Selected_collection,1981,15
Nycticebus coucang,Nucleus_septalis_triangularis_Vol.mm3,1.34,Stephan_etal_1981_TableXV,Selected_collection,1981,15
Nycticebus coucang,Corpus_subfornicale_Vol.mm3,0.175,Stephan_etal_1981_TableXV,Selected_collection,1981,15
Nycticebus coucang,Nucleus_habenularis_medialis_Vol.mm3,2.04,Stephan_etal_1981_TableXV,Selected_collection,1981,15
Nycticebus coucang,Corpus_pineal_Vol.mm3,1.83,Stephan_etal_1981_TableXV,Selected_collection,1981,15
Nycticebus coucang,Corpus_subcommissurale_Vol.mm3,0.154,Stephan_etal_1981_TableXV,Selected_collection,1981,15
Perodicticus potto,Nucleus_septalis_triangularis_Vol.mm3,2.27,Stephan_etal_1981_TableXV,Selected_collection,1981,15
Perodicticus potto,Corpus_subfornicale_Vol.mm3,0.216,Stephan_etal_1981_TableXV,Selected_collection,1981,15
Perodicticus potto,Nucleus_habenularis_medialis_Vol.mm3,3.77,Stephan_etal_1981_TableXV,Selected_collection,1981,15
Perodicticus potto,Corpus_pineal_Vol.mm3,1.76,Stephan_etal_1981_TableXV,Selected_collection,1981,15
Perodicticus potto,Corpus_subcommissurale_Vol.mm3,0.264,Stephan_etal_1981_TableXV,Selected_collection,1981,15
Otolemur crassicaudatus,Nucleus_septalis_triangularis_Vol.mm3,0.695,Stephan_etal_1981_TableXV,Selected_collection,1981,15
Otolemur crassicaudatus,Corpus_subfornicale_Vol.mm3,0.0948,Stephan_etal_1981_TableXV,Selected_collection,1981,15
Otolemur crassicaudatus,Nucleus_habenularis_medialis_Vol.mm3,1.64,Stephan_etal_1981_TableXV,Selected_collection,1981,15
Otolemur crassicaudatus,Corpus_pineal_Vol.mm3,1.02,Stephan_etal_1981_TableXV,Selected_collection,1981,15
Otolemur crassicaudatus,Corpus_subcommissurale_Vol.mm3,0.102,Stephan_etal_1981_TableXV,Selected_collection,1981,15
Galagoides demidoff,Nucleus_septalis_triangularis_Vol.mm3,0.45,Stephan_etal_1981_TableXV,Selected_collection,1981,15
Galagoides demidoff,Corpus_subfornicale_Vol.mm3,0.024,Stephan_etal_1981_TableXV,Selected_collection,1981,15
Galagoides demidoff,Nucleus_habenularis_medialis_Vol.mm3,0.78,Stephan_etal_1981_TableXV,Selected_collection,1981,15
Galagoides demidoff,Corpus_pineal_Vol.mm3,0.375,Stephan_etal_1981_TableXV,Selected_collection,1981,15
Galagoides demidoff,Corpus_subcommissurale_Vol.mm3,0.0266,Stephan_etal_1981_TableXV,Selected_collection,1981,15
Galago senegalensis,Nucleus_septalis_triangularis_Vol.mm3,0.588,Stephan_etal_1981_TableXV,Selected_collection,1981,15
Galago senegalensis,Corpus_subfornicale_Vol.mm3,0.0668,Stephan_etal_1981_TableXV,Selected_collection,1981,15
Galago senegalensis,Nucleus_habenularis_medialis_Vol.mm3,0.998,Stephan_etal_1981_TableXV,Selected_collection,1981,15
Galago senegalensis,Corpus_pineal_Vol.mm3,0.741,Stephan_etal_1981_TableXV,Selected_collection,1981,15
Galago senegalensis,Corpus_subcommissurale_Vol.mm3,0.0382,Stephan_etal_1981_TableXV,Selected_collection,1981,15
Tarsius sp.,Nucleus_septalis_triangularis_Vol.mm3,0.405,Stephan_etal_1981_TableXV,Selected_collection,1981,15
Tarsius sp.,Corpus_subfornicale_Vol.mm3,0.0482,Stephan_etal_1981_TableXV,Selected_collection,1981,15
Tarsius sp.,Nucleus_habenularis_medialis_Vol.mm3,1.13,Stephan_etal_1981_TableXV,Selected_collection,1981,15
Tarsius sp.,Corpus_pineal_Vol.mm3,2.03,Stephan_etal_1981_TableXV,Selected_collection,1981,15
Tarsius sp.,Corpus_subcommissurale_Vol.mm3,0.114,Stephan_etal_1981_TableXV,Selected_collection,1981,15
Callithrix jacchus,Nucleus_septalis_triangularis_Vol.mm3,0.44,Stephan_etal_1981_TableXVI,Selected_collection,1981,16
Callithrix jacchus,Corpus_subfornicale_Vol.mm3,0.133,Stephan_etal_1981_TableXVI,Selected_collection,1981,16
Callithrix jacchus,Nucleus_habenularis_medialis_Vol.mm3,1.63,Stephan_etal_1981_TableXVI,Selected_collection,1981,16
Callithrix jacchus,Corpus_pineal_Vol.mm3,0.486,Stephan_etal_1981_TableXVI,Selected_collection,1981,16
Callithrix jacchus,Corpus_subcommissurale_Vol.mm3,0.0789,Stephan_etal_1981_TableXVI,Selected_collection,1981,16
Saguinus oedipus,Nucleus_septalis_triangularis_Vol.mm3,1.08,Stephan_etal_1981_TableXVI,Selected_collection,1981,16
Saguinus oedipus,Corpus_subfornicale_Vol.mm3,0.167,Stephan_etal_1981_TableXVI,Selected_collection,1981,16
Saguinus oedipus,Nucleus_habenularis_medialis_Vol.mm3,1.55,Stephan_etal_1981_TableXVI,Selected_collection,1981,16
Saguinus oedipus,Corpus_pineal_Vol.mm3,0.392,Stephan_etal_1981_TableXVI,Selected_collection,1981,16
Saguinus oedipus,Corpus_subcommissurale_Vol.mm3,0.0921,Stephan_etal_1981_TableXVI,Selected_collection,1981,16
Saguinus midas,Nucleus_septalis_triangularis_Vol.mm3,0.559,Stephan_etal_1981_TableXVI,Selected_collection,1981,16
Saguinus midas,Corpus_subfornicale_Vol.mm3,0.0795,Stephan_etal_1981_TableXVI,Selected_collection,1981,16
Saguinus midas,Nucleus_habenularis_medialis_Vol.mm3,1.18,Stephan_etal_1981_TableXVI,Selected_collection,1981,16
Saguinus midas,Corpus_pineal_Vol.mm3,0.216,Stephan_etal_1981_TableXVI,Selected_collection,1981,16
Saguinus midas,Corpus_subcommissurale_Vol.mm3,0.0994,Stephan_etal_1981_TableXVI,Selected_collection,1981,16
Aotus trivirgatus,Nucleus_septalis_triangularis_Vol.mm3,0.964,Stephan_etal_1981_TableXVI,Selected_collection,1981,16
Aotus trivirgatus,Corpus_subfornicale_Vol.mm3,0.162,Stephan_etal_1981_TableXVI,Selected_collection,1981,16
Aotus trivirgatus,Nucleus_habenularis_medialis_Vol.mm3,3.21,Stephan_etal_1981_TableXVI,Selected_collection,1981,16
Aotus trivirgatus,Corpus_pineal_Vol.mm3,1.55,Stephan_etal_1981_TableXVI,Selected_collection,1981,16
Aotus trivirgatus,Corpus_subcommissurale_Vol.mm3,0.14,Stephan_etal_1981_TableXVI,Selected_collection,1981,16
Callicebus moloch,Nucleus_septalis_triangularis_Vol.mm3,0.89,Stephan_etal_1981_TableXVI,Selected_collection,1981,16
Callicebus moloch,Corpus_subfornicale_Vol.mm3,0.135,Stephan_etal_1981_TableXVI,Selected_collection,1981,16
Callicebus moloch,Nucleus_habenularis_medialis_Vol.mm3,2.66,Stephan_etal_1981_TableXVI,Selected_collection,1981,16
Callicebus moloch,Corpus_pineal_Vol.mm3,2.9,Stephan_etal_1981_TableXVI,Selected_collection,1981,16
Callicebus moloch,Corpus_subcommissurale_Vol.mm3,0.154,Stephan_etal_1981_TableXVI,Selected_collection,1981,16
Pithecia monachus,Nucleus_septalis_triangularis_Vol.mm3,1.31,Stephan_etal_1981_TableXVI,Selected_collection,1981,16
Pithecia monachus,Corpus_subfornicale_Vol.mm3,0.3,Stephan_etal_1981_TableXVI,Selected_collection,1981,16
Pithecia monachus,Nucleus_habenularis_medialis_Vol.mm3,2.53,Stephan_etal_1981_TableXVI,Selected_collection,1981,16
Pithecia monachus,Corpus_pineal_Vol.mm3,0.0623,Stephan_etal_1981_TableXVI,Selected_collection,1981,16
Pithecia monachus,Corpus_subcommissurale_Vol.mm3,0.189,Stephan_etal_1981_TableXVI,Selected_collection,1981,16
Alouatta seniculus,Nucleus_septalis_triangularis_Vol.mm3,1.72,Stephan_etal_1981_TableXVI,Selected_collection,1981,16
Alouatta seniculus,Corpus_subfornicale_Vol.mm3,0.372,Stephan_etal_1981_TableXVI,Selected_collection,1981,16
Alouatta seniculus,Nucleus_habenularis_medialis_Vol.mm3,3.3,Stephan_etal_1981_TableXVI,Selected_collection,1981,16
Alouatta seniculus,Corpus_pineal_Vol.mm3,0.254,Stephan_etal_1981_TableXVI,Selected_collection,1981,16
Alouatta seniculus,Corpus_subcommissurale_Vol.mm3,0.402,Stephan_etal_1981_TableXVI,Selected_collection,1981,16
Ateles geoffroyi,Nucleus_septalis_triangularis_Vol.mm3,3.18,Stephan_etal_1981_TableXVI,Selected_collection,1981,16
Ateles geoffroyi,Corpus_subfornicale_Vol.mm3,0.443,Stephan_etal_1981_TableXVI,Selected_collection,1981,16
Ateles geoffroyi,Nucleus_habenularis_medialis_Vol.mm3,7.29,Stephan_etal_1981_TableXVI,Selected_collection,1981,16
Ateles geoffroyi,Corpus_pineal_Vol.mm3,3.1,Stephan_etal_1981_TableXVI,Selected_collection,1981,16
Ateles geoffroyi,Corpus_subcommissurale_Vol.mm3,0.608,Stephan_etal_1981_TableXVI,Selected_collection,1981,16
Lagothrix lagothricha,Nucleus_septalis_triangularis_Vol.mm3,2.6,Stephan_etal_1981_TableXVI,Selected_collection,1981,16
Lagothrix lagothricha,Corpus_subfornicale_Vol.mm3,0.583,Stephan_etal_1981_TableXVI,Selected_collection,1981,16
Lagothrix lagothricha,Nucleus_habenularis_medialis_Vol.mm3,7.01,Stephan_etal_1981_TableXVI,Selected_collection,1981,16
Lagothrix lagothricha,Corpus_pineal_Vol.mm3,10.6,Stephan_etal_1981_TableXVI,Selected_collection,1981,16
Lagothrix lagothricha,Corpus_subcommissurale_Vol.mm3,0.885,Stephan_etal_1981_TableXVI,Selected_collection,1981,16
Cebus albifrons,Nucleus_septalis_triangularis_Vol.mm3,1.5,Stephan_etal_1981_TableXVI,Selected_collection,1981,16
Cebus albifrons,Corpus_subfornicale_Vol.mm3,0.41,Stephan_etal_1981_TableXVI,Selected_collection,1981,16
Cebus albifrons,Nucleus_habenularis_medialis_Vol.mm3,4.9,Stephan_etal_1981_TableXVI,Selected_collection,1981,16
Cebus albifrons,Corpus_pineal_Vol.mm3,3.8,Stephan_etal_1981_TableXVI,Selected_collection,1981,16
Cebus albifrons,Corpus_subcommissurale_Vol.mm3,0.425,Stephan_etal_1981_TableXVI,Selected_collection,1981,16
Saimiri sciureus,Nucleus_septalis_triangularis_Vol.mm3,0.598,Stephan_etal_1981_TableXVI,Selected_collection,1981,16
Saimiri sciureus,Corpus_subfornicale_Vol.mm3,0.255,Stephan_etal_1981_TableXVI,Selected_collection,1981,16
Saimiri sciureus,Nucleus_habenularis_medialis_Vol.mm3,2.77,Stephan_etal_1981_TableXVI,Selected_collection,1981,16
Saimiri sciureus,Corpus_pineal_Vol.mm3,2.71,Stephan_etal_1981_TableXVI,Selected_collection,1981,16
Saimiri sciureus,Corpus_subcommissurale_Vol.mm3,0.143,Stephan_etal_1981_TableXVI,Selected_collection,1981,16
Macaca mulatta,Nucleus_septalis_triangularis_Vol.mm3,2.83,Stephan_etal_1981_TableXVI,Selected_collection,1981,16
Macaca mulatta,Corpus_subfornicale_Vol.mm3,0.36,Stephan_etal_1981_TableXVI,Selected_collection,1981,16
Macaca mulatta,Nucleus_habenularis_medialis_Vol.mm3,7.66,Stephan_etal_1981_TableXVI,Selected_collection,1981,16
Macaca mulatta,Corpus_pineal_Vol.mm3,12.4,Stephan_etal_1981_TableXVI,Selected_collection,1981,16
Macaca mulatta,Corpus_subcommissurale_Vol.mm3,0.27,Stephan_etal_1981_TableXVI,Selected_collection,1981,16
Lophocebus albigena,Nucleus_septalis_triangularis_Vol.mm3,1.69,Stephan_etal_1981_TableXVI,Selected_collection,1981,16
Lophocebus albigena,Corpus_subfornicale_Vol.mm3,0.658,Stephan_etal_1981_TableXVI,Selected_collection,1981,16
Lophocebus albigena,Nucleus_habenularis_medialis_Vol.mm3,6,Stephan_etal_1981_TableXVI,Selected_collection,1981,16
Lophocebus albigena,Corpus_pineal_Vol.mm3,11.9,Stephan_etal_1981_TableXVI,Selected_collection,1981,16
Lophocebus albigena,Corpus_subcommissurale_Vol.mm3,0.233,Stephan_etal_1981_TableXVI,Selected_collection,1981,16
Papio anubis,Nucleus_septalis_triangularis_Vol.mm3,1.86,Stephan_etal_1981_TableXVI,Selected_collection,1981,16
Papio anubis,Corpus_subfornicale_Vol.mm3,0.405,Stephan_etal_1981_TableXVI,Selected_collection,1981,16
Papio anubis,Nucleus_habenularis_medialis_Vol.mm3,12.7,Stephan_etal_1981_TableXVI,Selected_collection,1981,16
Papio anubis,Corpus_pineal_Vol.mm3,51.1,Stephan_etal_1981_TableXVI,Selected_collection,1981,16
Papio anubis,Corpus_subcommissurale_Vol.mm3,0.347,Stephan_etal_1981_TableXVI,Selected_collection,1981,16
Cercopithecus mitis,Nucleus_septalis_triangularis_Vol.mm3,1.96,Stephan_etal_1981_TableXVI,Selected_collection,1981,16
Cercopithecus mitis,Corpus_subfornicale_Vol.mm3,0.432,Stephan_etal_1981_TableXVI,Selected_collection,1981,16
Cercopithecus mitis,Nucleus_habenularis_medialis_Vol.mm3,5.38,Stephan_etal_1981_TableXVI,Selected_collection,1981,16
Cercopithecus mitis,Corpus_pineal_Vol.mm3,15.3,Stephan_etal_1981_TableXVI,Selected_collection,1981,16
Cercopithecus mitis,Corpus_subcommissurale_Vol.mm3,0.258,Stephan_etal_1981_TableXVI,Selected_collection,1981,16
Cercopithecus ascanius,Nucleus_septalis_triangularis_Vol.mm3,2.13,Stephan_etal_1981_TableXVI,Selected_collection,1981,16
Cercopithecus ascanius,Corpus_subfornicale_Vol.mm3,0.509,Stephan_etal_1981_TableXVI,Selected_collection,1981,16
Cercopithecus ascanius,Nucleus_habenularis_medialis_Vol.mm3,4.23,Stephan_etal_1981_TableXVI,Selected_collection,1981,16
Cercopithecus ascanius,Corpus_pineal_Vol.mm3,4.66,Stephan_etal_1981_TableXVI,Selected_collection,1981,16
Cercopithecus ascanius,Corpus_subcommissurale_Vol.mm3,0.217,Stephan_etal_1981_TableXVI,Selected_collection,1981,16
Miopithecus talapoin,Nucleus_septalis_triangularis_Vol.mm3,0.866,Stephan_etal_1981_TableXVI,Selected_collection,1981,16
Miopithecus talapoin,Corpus_subfornicale_Vol.mm3,0.192,Stephan_etal_1981_TableXVI,Selected_collection,1981,16
Miopithecus talapoin,Nucleus_habenularis_medialis_Vol.mm3,2.07,Stephan_etal_1981_TableXVI,Selected_collection,1981,16
Miopithecus talapoin,Corpus_pineal_Vol.mm3,2.03,Stephan_etal_1981_TableXVI,Selected_collection,1981,16
Miopithecus talapoin,Corpus_subcommissurale_Vol.mm3,0.22,Stephan_etal_1981_TableXVI,Selected_collection,1981,16
Piliocolobus badius,Nucleus_septalis_triangularis_Vol.mm3,2.26,Stephan_etal_1981_TableXVI,Selected_collection,1981,16
Piliocolobus badius,Corpus_subfornicale_Vol.mm3,0.454,Stephan_etal_1981_TableXVI,Selected_collection,1981,16
Piliocolobus badius,Nucleus_habenularis_medialis_Vol.mm3,4.54,Stephan_etal_1981_TableXVI,Selected_collection,1981,16
Piliocolobus badius,Corpus_pineal_Vol.mm3,7.31,Stephan_etal_1981_TableXVI,Selected_collection,1981,16
Piliocolobus badius,Corpus_subcommissurale_Vol.mm3,0.265,Stephan_etal_1981_TableXVI,Selected_collection,1981,16
Pan troglodytes,Nucleus_septalis_triangularis_Vol.mm3,2.7,Stephan_etal_1981_TableXVI,Selected_collection,1981,16
Pan troglodytes,Corpus_subfornicale_Vol.mm3,0.606,Stephan_etal_1981_TableXVI,Selected_collection,1981,16
Pan troglodytes,Nucleus_habenularis_medialis_Vol.mm3,9.4,Stephan_etal_1981_TableXVI,Selected_collection,1981,16
Pan troglodytes,Corpus_pineal_Vol.mm3,38,Stephan_etal_1981_TableXVI,Selected_collection,1981,16
Pan troglodytes,Corpus_subcommissurale_Vol.mm3,0.387,Stephan_etal_1981_TableXVI,Selected_collection,1981,16
Gorilla sp.,Nucleus_septalis_triangularis_Vol.mm3,5.79,Stephan_etal_1981_TableXVI,Selected_collection,1981,16
Gorilla sp.,Corpus_subfornicale_Vol.mm3,1.3,Stephan_etal_1981_TableXVI,Selected_collection,1981,16
Gorilla sp.,Nucleus_habenularis_medialis_Vol.mm3,23.9,Stephan_etal_1981_TableXVI,Selected_collection,1981,16
Gorilla sp.,Corpus_pineal_Vol.mm3,7.96,Stephan_etal_1981_TableXVI,Selected_collection,1981,16
Gorilla sp.,Corpus_subcommissurale_Vol.mm3,1.41,Stephan_etal_1981_TableXVI,Selected_collection,1981,16
Homo sapiens,Nucleus_septalis_triangularis_Vol.mm3,0.524,Stephan_etal_1981_TableXVI,Selected_collection,1981,16
Homo sapiens,Corpus_subfornicale_Vol.mm3,0.508,Stephan_etal_1981_TableXVI,Selected_collection,1981,16
Homo sapiens,Nucleus_habenularis_medialis_Vol.mm3,17,Stephan_etal_1981_TableXVI,Selected_collection,1981,16
Homo sapiens,Corpus_pineal_Vol.mm3,142,Stephan_etal_1981_TableXVI,Selected_collection,1981,16
Homo sapiens,Corpus_subcommissurale_Vol.mm3,0.0203,Stephan_etal_1981_TableXVI,Selected_collection,1981,16
Tenrec ecaudatus,Neocortex_Vol.mm3,270.9,Frahm_etal_1982_Table2,Selected_collection,1982,17
Tenrec ecaudatus,Neocortex_white_matter_Vol.mm3,35.51,Frahm_etal_1982_Table2,Selected_collection,1982,17
Tenrec ecaudatus,Neocortex_grey_matter_Vol.mm3,235.4,Frahm_etal_1982_Table2,Selected_collection,1982,17
Tenrec ecaudatus,Neocortex_lamina_1_Vol.mm3,72.81,Frahm_etal_1982_Table2,Selected_collection,1982,17
Tenrec ecaudatus,Neocortex_laminae_2_6_Vol.mm3,162.5,Frahm_etal_1982_Table2,Selected_collection,1982,17
Setifer setosus,Neocortex_Vol.mm3,134.1,Frahm_etal_1982_Table2,Selected_collection,1982,17
Setifer setosus,Neocortex_white_matter_Vol.mm3,17.4,Frahm_etal_1982_Table2,Selected_collection,1982,17
Setifer setosus,Neocortex_grey_matter_Vol.mm3,116.7,Frahm_etal_1982_Table2,Selected_collection,1982,17
Setifer setosus,Neocortex_lamina_1_Vol.mm3,37.48,Frahm_etal_1982_Table2,Selected_collection,1982,17
Setifer setosus,Neocortex_laminae_2_6_Vol.mm3,79.23,Frahm_etal_1982_Table2,Selected_collection,1982,17
Hemicentetes semispinosus,Neocortex_Vol.mm3,73.43,Frahm_etal_1982_Table2,Selected_collection,1982,17
Hemicentetes semispinosus,Neocortex_white_matter_Vol.mm3,5.865,Frahm_etal_1982_Table2,Selected_collection,1982,17
Hemicentetes semispinosus,Neocortex_grey_matter_Vol.mm3,67.57,Frahm_etal_1982_Table2,Selected_collection,1982,17
Hemicentetes semispinosus,Neocortex_lamina_1_Vol.mm3,22.94,Frahm_etal_1982_Table2,Selected_collection,1982,17
Hemicentetes semispinosus,Neocortex_laminae_2_6_Vol.mm3,44.63,Frahm_etal_1982_Table2,Selected_collection,1982,17
Echinops telfairi,Neocortex_Vol.mm3,51.46,Frahm_etal_1982_Table2,Selected_collection,1982,17
Echinops telfairi,Neocortex_white_matter_Vol.mm3,5.224,Frahm_etal_1982_Table2,Selected_collection,1982,17
Echinops telfairi,Neocortex_grey_matter_Vol.mm3,46.23,Frahm_etal_1982_Table2,Selected_collection,1982,17
Echinops telfairi,Neocortex_lamina_1_Vol.mm3,15.25,Frahm_etal_1982_Table2,Selected_collection,1982,17
Echinops telfairi,Neocortex_laminae_2_6_Vol.mm3,30.98,Frahm_etal_1982_Table2,Selected_collection,1982,17
Atelerix algirus,Neocortex_Vol.mm3,500.3,Frahm_etal_1982_Table2,Selected_collection,1982,17
Atelerix algirus,Neocortex_white_matter_Vol.mm3,63.6,Frahm_etal_1982_Table2,Selected_collection,1982,17
Atelerix algirus,Neocortex_grey_matter_Vol.mm3,436.7,Frahm_etal_1982_Table2,Selected_collection,1982,17
Atelerix algirus,Neocortex_lamina_1_Vol.mm3,117,Frahm_etal_1982_Table2,Selected_collection,1982,17
Atelerix algirus,Neocortex_laminae_2_6_Vol.mm3,319.7,Frahm_etal_1982_Table2,Selected_collection,1982,17
Erinaceus europaeus,Neocortex_Vol.mm3,522.5,Frahm_etal_1982_Table2,Selected_collection,1982,17
Erinaceus europaeus,Neocortex_white_matter_Vol.mm3,68.35,Frahm_etal_1982_Table2,Selected_collection,1982,17
Erinaceus europaeus,Neocortex_grey_matter_Vol.mm3,454.1,Frahm_etal_1982_Table2,Selected_collection,1982,17
Erinaceus europaeus,Neocortex_lamina_1_Vol.mm3,129.1,Frahm_etal_1982_Table2,Selected_collection,1982,17
Erinaceus europaeus,Neocortex_laminae_2_6_Vol.mm3,325,Frahm_etal_1982_Table2,Selected_collection,1982,17
Hemiechinus auritus,Neocortex_Vol.mm3,309.5,Frahm_etal_1982_Table2,Selected_collection,1982,17
Hemiechinus auritus,Neocortex_white_matter_Vol.mm3,30.8,Frahm_etal_1982_Table2,Selected_collection,1982,17
Hemiechinus auritus,Neocortex_grey_matter_Vol.mm3,278.7,Frahm_etal_1982_Table2,Selected_collection,1982,17
Hemiechinus auritus,Neocortex_lamina_1_Vol.mm3,75.03,Frahm_etal_1982_Table2,Selected_collection,1982,17
Hemiechinus auritus,Neocortex_laminae_2_6_Vol.mm3,203.7,Frahm_etal_1982_Table2,Selected_collection,1982,17
Crocidura flavescens,Neocortex_Vol.mm3,59.11,Frahm_etal_1982_Table2,Selected_collection,1982,17
Crocidura flavescens,Neocortex_white_matter_Vol.mm3,4.99,Frahm_etal_1982_Table2,Selected_collection,1982,17
Crocidura flavescens,Neocortex_grey_matter_Vol.mm3,54.12,Frahm_etal_1982_Table2,Selected_collection,1982,17
Crocidura flavescens,Neocortex_lamina_1_Vol.mm3,16.15,Frahm_etal_1982_Table2,Selected_collection,1982,17
Crocidura flavescens,Neocortex_laminae_2_6_Vol.mm3,37.97,Frahm_etal_1982_Table2,Selected_collection,1982,17
Crocidura russula,Neocortex_Vol.mm3,25.46,Frahm_etal_1982_Table2,Selected_collection,1982,17
Crocidura russula,Neocortex_white_matter_Vol.mm3,1.487,Frahm_etal_1982_Table2,Selected_collection,1982,17
Crocidura russula,Neocortex_grey_matter_Vol.mm3,23.98,Frahm_etal_1982_Table2,Selected_collection,1982,17
Crocidura russula,Neocortex_lamina_1_Vol.mm3,6.872,Frahm_etal_1982_Table2,Selected_collection,1982,17
Crocidura russula,Neocortex_laminae_2_6_Vol.mm3,17.1,Frahm_etal_1982_Table2,Selected_collection,1982,17
Suncus murinus,Neocortex_Vol.mm3,54.13,Frahm_etal_1982_Table2,Selected_collection,1982,17
Suncus murinus,Neocortex_white_matter_Vol.mm3,3.54,Frahm_etal_1982_Table2,Selected_collection,1982,17
Suncus murinus,Neocortex_grey_matter_Vol.mm3,50.59,Frahm_etal_1982_Table2,Selected_collection,1982,17
Suncus murinus,Neocortex_lamina_1_Vol.mm3,14.07,Frahm_etal_1982_Table2,Selected_collection,1982,17
Suncus murinus,Neocortex_laminae_2_6_Vol.mm3,36.51,Frahm_etal_1982_Table2,Selected_collection,1982,17
Sorex araneus,Neocortex_Vol.mm3,26.36,Frahm_etal_1982_Table2,Selected_collection,1982,17
Sorex araneus,Neocortex_white_matter_Vol.mm3,1.536,Frahm_etal_1982_Table2,Selected_collection,1982,17
Sorex araneus,Neocortex_grey_matter_Vol.mm3,24.82,Frahm_etal_1982_Table2,Selected_collection,1982,17
Sorex araneus,Neocortex_lamina_1_Vol.mm3,5.189,Frahm_etal_1982_Table2,Selected_collection,1982,17
Sorex araneus,Neocortex_laminae_2_6_Vol.mm3,19.63,Frahm_etal_1982_Table2,Selected_collection,1982,17
Sorex minutus,Neocortex_Vol.mm3,12.65,Frahm_etal_1982_Table2,Selected_collection,1982,17
Sorex minutus,Neocortex_white_matter_Vol.mm3,0.844,Frahm_etal_1982_Table2,Selected_collection,1982,17
Sorex minutus,Neocortex_grey_matter_Vol.mm3,11.81,Frahm_etal_1982_Table2,Selected_collection,1982,17
Sorex minutus,Neocortex_lamina_1_Vol.mm3,2.436,Frahm_etal_1982_Table2,Selected_collection,1982,17
Sorex minutus,Neocortex_laminae_2_6_Vol.mm3,9.371,Frahm_etal_1982_Table2,Selected_collection,1982,17
Neomys fodiens,Neocortex_Vol.mm3,56.56,Frahm_etal_1982_Table2,Selected_collection,1982,17
Neomys fodiens,Neocortex_white_matter_Vol.mm3,6.371,Frahm_etal_1982_Table2,Selected_collection,1982,17
Neomys fodiens,Neocortex_grey_matter_Vol.mm3,50.19,Frahm_etal_1982_Table2,Selected_collection,1982,17
Neomys fodiens,Neocortex_lamina_1_Vol.mm3,9.67,Frahm_etal_1982_Table2,Selected_collection,1982,17
Neomys fodiens,Neocortex_laminae_2_6_Vol.mm3,40.52,Frahm_etal_1982_Table2,Selected_collection,1982,17
Tupaia glis,Neocortex_Vol.mm3,1036,Frahm_etal_1982_Table2,Selected_collection,1982,17
Tupaia glis,Neocortex_white_matter_Vol.mm3,94.83,Frahm_etal_1982_Table2,Selected_collection,1982,17
Tupaia glis,Neocortex_grey_matter_Vol.mm3,941.4,Frahm_etal_1982_Table2,Selected_collection,1982,17
Tupaia glis,Neocortex_lamina_1_Vol.mm3,126.8,Frahm_etal_1982_Table2,Selected_collection,1982,17
Tupaia glis,Neocortex_laminae_2_6_Vol.mm3,814.6,Frahm_etal_1982_Table2,Selected_collection,1982,17
Urogale everetti,Neocortex_Vol.mm3,1338,Frahm_etal_1982_Table2,Selected_collection,1982,17
Urogale everetti,Neocortex_white_matter_Vol.mm3,199.2,Frahm_etal_1982_Table2,Selected_collection,1982,17
Urogale everetti,Neocortex_grey_matter_Vol.mm3,1139,Frahm_etal_1982_Table2,Selected_collection,1982,17
Urogale everetti,Neocortex_lamina_1_Vol.mm3,157.2,Frahm_etal_1982_Table2,Selected_collection,1982,17
Urogale everetti,Neocortex_laminae_2_6_Vol.mm3,981.6,Frahm_etal_1982_Table2,Selected_collection,1982,17
Microcebus murinus,Neocortex_Vol.mm3,739.5,Frahm_etal_1982_Table2,Selected_collection,1982,17
Microcebus murinus,Neocortex_white_matter_Vol.mm3,65.31,Frahm_etal_1982_Table2,Selected_collection,1982,17
Microcebus murinus,Neocortex_grey_matter_Vol.mm3,674.2,Frahm_etal_1982_Table2,Selected_collection,1982,17
Microcebus murinus,Neocortex_lamina_1_Vol.mm3,94.97,Frahm_etal_1982_Table2,Selected_collection,1982,17
Microcebus murinus,Neocortex_laminae_2_6_Vol.mm3,579.3,Frahm_etal_1982_Table2,Selected_collection,1982,17
Eulemur fulvus,Neocortex_Vol.mm3,12207,Frahm_etal_1982_Table2,Selected_collection,1982,17
Eulemur fulvus,Neocortex_white_matter_Vol.mm3,3035,Frahm_etal_1982_Table2,Selected_collection,1982,17
Eulemur fulvus,Neocortex_grey_matter_Vol.mm3,9172,Frahm_etal_1982_Table2,Selected_collection,1982,17
Eulemur fulvus,Neocortex_lamina_1_Vol.mm3,1298,Frahm_etal_1982_Table2,Selected_collection,1982,17
Eulemur fulvus,Neocortex_laminae_2_6_Vol.mm3,7874,Frahm_etal_1982_Table2,Selected_collection,1982,17
Lepilemur ruficaudatus,Neocortex_Vol.mm3,3282,Frahm_etal_1982_Table2,Selected_collection,1982,17
Lepilemur ruficaudatus,Neocortex_white_matter_Vol.mm3,476.6,Frahm_etal_1982_Table2,Selected_collection,1982,17
Lepilemur ruficaudatus,Neocortex_grey_matter_Vol.mm3,2805,Frahm_etal_1982_Table2,Selected_collection,1982,17
Lepilemur ruficaudatus,Neocortex_lamina_1_Vol.mm3,488.6,Frahm_etal_1982_Table2,Selected_collection,1982,17
Lepilemur ruficaudatus,Neocortex_laminae_2_6_Vol.mm3,2317,Frahm_etal_1982_Table2,Selected_collection,1982,17
Avahi occidentalis,Neocortex_Vol.mm3,4443,Frahm_etal_1982_Table2,Selected_collection,1982,17
Avahi occidentalis,Neocortex_white_matter_Vol.mm3,777,Frahm_etal_1982_Table2,Selected_collection,1982,17
Avahi occidentalis,Neocortex_grey_matter_Vol.mm3,3666,Frahm_etal_1982_Table2,Selected_collection,1982,17
Avahi occidentalis,Neocortex_lamina_1_Vol.mm3,582.7,Frahm_etal_1982_Table2,Selected_collection,1982,17
Avahi occidentalis,Neocortex_laminae_2_6_Vol.mm3,3083,Frahm_etal_1982_Table2,Selected_collection,1982,17
Propithecus verreauxi,Neocortex_Vol.mm3,13170,Frahm_etal_1982_Table2,Selected_collection,1982,17
Propithecus verreauxi,Neocortex_white_matter_Vol.mm3,3335,Frahm_etal_1982_Table2,Selected_collection,1982,17
Propithecus verreauxi,Neocortex_grey_matter_Vol.mm3,9835,Frahm_etal_1982_Table2,Selected_collection,1982,17
Propithecus verreauxi,Neocortex_lamina_1_Vol.mm3,1428,Frahm_etal_1982_Table2,Selected_collection,1982,17
Propithecus verreauxi,Neocortex_laminae_2_6_Vol.mm3,8407,Frahm_etal_1982_Table2,Selected_collection,1982,17
Indri indri,Neocortex_Vol.mm3,20114,Frahm_etal_1982_Table2,Selected_collection,1982,17
Indri indri,Neocortex_white_matter_Vol.mm3,4223,Frahm_etal_1982_Table2,Selected_collection,1982,17
Indri indri,Neocortex_grey_matter_Vol.mm3,15891,Frahm_etal_1982_Table2,Selected_collection,1982,17
Indri indri,Neocortex_lamina_1_Vol.mm3,2702,Frahm_etal_1982_Table2,Selected_collection,1982,17
Indri indri,Neocortex_laminae_2_6_Vol.mm3,13189,Frahm_etal_1982_Table2,Selected_collection,1982,17
Daubentonia madagascariensis,Neocortex_Vol.mm3,22127,Frahm_etal_1982_Table2,Selected_collection,1982,17
Daubentonia madagascariensis,Neocortex_white_matter_Vol.mm3,5053,Frahm_etal_1982_Table2,Selected_collection,1982,17
Daubentonia madagascariensis,Neocortex_grey_matter_Vol.mm3,17074,Frahm_etal_1982_Table2,Selected_collection,1982,17
Daubentonia madagascariensis,Neocortex_lamina_1_Vol.mm3,2738,Frahm_etal_1982_Table2,Selected_collection,1982,17
Daubentonia madagascariensis,Neocortex_laminae_2_6_Vol.mm3,14336,Frahm_etal_1982_Table2,Selected_collection,1982,17
Nycticebus coucang,Neocortex_Vol.mm3,6192,Frahm_etal_1982_Table2,Selected_collection,1982,17
Nycticebus coucang,Neocortex_white_matter_Vol.mm3,1240,Frahm_etal_1982_Table2,Selected_collection,1982,17
Nycticebus coucang,Neocortex_grey_matter_Vol.mm3,4952,Frahm_etal_1982_Table2,Selected_collection,1982,17
Nycticebus coucang,Neocortex_lamina_1_Vol.mm3,712.7,Frahm_etal_1982_Table2,Selected_collection,1982,17
Nycticebus coucang,Neocortex_laminae_2_6_Vol.mm3,4240,Frahm_etal_1982_Table2,Selected_collection,1982,17
Galagoides demidoff,Neocortex_Vol.mm3,1568,Frahm_etal_1982_Table2,Selected_collection,1982,17
Galagoides demidoff,Neocortex_white_matter_Vol.mm3,150.6,Frahm_etal_1982_Table2,Selected_collection,1982,17
Galagoides demidoff,Neocortex_grey_matter_Vol.mm3,1417,Frahm_etal_1982_Table2,Selected_collection,1982,17
Galagoides demidoff,Neocortex_lamina_1_Vol.mm3,202.2,Frahm_etal_1982_Table2,Selected_collection,1982,17
Galagoides demidoff,Neocortex_laminae_2_6_Vol.mm3,1215,Frahm_etal_1982_Table2,Selected_collection,1982,17
Tarsius sp.,Neocortex_Vol.mm3,1768,Frahm_etal_1982_Table2,Selected_collection,1982,17
Tarsius sp.,Neocortex_white_matter_Vol.mm3,137,Frahm_etal_1982_Table2,Selected_collection,1982,17
Tarsius sp.,Neocortex_grey_matter_Vol.mm3,1631,Frahm_etal_1982_Table2,Selected_collection,1982,17
Tarsius sp.,Neocortex_lamina_1_Vol.mm3,236.3,Frahm_etal_1982_Table2,Selected_collection,1982,17
Tarsius sp.,Neocortex_laminae_2_6_Vol.mm3,1395,Frahm_etal_1982_Table2,Selected_collection,1982,17
Callithrix jacchus,Neocortex_Vol.mm3,4371,Frahm_etal_1982_Table2,Selected_collection,1982,17
Callithrix jacchus,Neocortex_white_matter_Vol.mm3,807.1,Frahm_etal_1982_Table2,Selected_collection,1982,17
Callithrix jacchus,Neocortex_grey_matter_Vol.mm3,3564,Frahm_etal_1982_Table2,Selected_collection,1982,17
Callithrix jacchus,Neocortex_lamina_1_Vol.mm3,441.8,Frahm_etal_1982_Table2,Selected_collection,1982,17
Callithrix jacchus,Neocortex_laminae_2_6_Vol.mm3,3122,Frahm_etal_1982_Table2,Selected_collection,1982,17
Callithrix pygmaea,Neocortex_Vol.mm3,2534,Frahm_etal_1982_Table2,Selected_collection,1982,17
Callithrix pygmaea,Neocortex_white_matter_Vol.mm3,395.3,Frahm_etal_1982_Table2,Selected_collection,1982,17
Callithrix pygmaea,Neocortex_grey_matter_Vol.mm3,2139,Frahm_etal_1982_Table2,Selected_collection,1982,17
Callithrix pygmaea,Neocortex_lamina_1_Vol.mm3,223.7,Frahm_etal_1982_Table2,Selected_collection,1982,17
Callithrix pygmaea,Neocortex_laminae_2_6_Vol.mm3,1915,Frahm_etal_1982_Table2,Selected_collection,1982,17
Cebus albifrons,Neocortex_Vol.mm3,46429,Frahm_etal_1982_Table2,Selected_collection,1982,17
Cebus albifrons,Neocortex_white_matter_Vol.mm3,15799,Frahm_etal_1982_Table2,Selected_collection,1982,17
Cebus albifrons,Neocortex_grey_matter_Vol.mm3,30630,Frahm_etal_1982_Table2,Selected_collection,1982,17
Cebus albifrons,Neocortex_lamina_1_Vol.mm3,3607,Frahm_etal_1982_Table2,Selected_collection,1982,17
Cebus albifrons,Neocortex_laminae_2_6_Vol.mm3,27023,Frahm_etal_1982_Table2,Selected_collection,1982,17
Aotus trivirgatus,Neocortex_Vol.mm3,9950,Frahm_etal_1982_Table2,Selected_collection,1982,17
Aotus trivirgatus,Neocortex_white_matter_Vol.mm3,2174,Frahm_etal_1982_Table2,Selected_collection,1982,17
Aotus trivirgatus,Neocortex_grey_matter_Vol.mm3,7776,Frahm_etal_1982_Table2,Selected_collection,1982,17
Aotus trivirgatus,Neocortex_lamina_1_Vol.mm3,1039,Frahm_etal_1982_Table2,Selected_collection,1982,17
Aotus trivirgatus,Neocortex_laminae_2_6_Vol.mm3,6737,Frahm_etal_1982_Table2,Selected_collection,1982,17
Saimiri sciureus,Neocortex_Vol.mm3,15541,Frahm_etal_1982_Table2,Selected_collection,1982,17
Saimiri sciureus,Neocortex_white_matter_Vol.mm3,3710,Frahm_etal_1982_Table2,Selected_collection,1982,17
Saimiri sciureus,Neocortex_grey_matter_Vol.mm3,11832,Frahm_etal_1982_Table2,Selected_collection,1982,17
Saimiri sciureus,Neocortex_lamina_1_Vol.mm3,1275,Frahm_etal_1982_Table2,Selected_collection,1982,17
Saimiri sciureus,Neocortex_laminae_2_6_Vol.mm3,10557,Frahm_etal_1982_Table2,Selected_collection,1982,17
Alouatta seniculus,Neocortex_Vol.mm3,31660,Frahm_etal_1982_Table2,Selected_collection,1982,17
Alouatta seniculus,Neocortex_white_matter_Vol.mm3,9869,Frahm_etal_1982_Table2,Selected_collection,1982,17
Alouatta seniculus,Neocortex_grey_matter_Vol.mm3,21791,Frahm_etal_1982_Table2,Selected_collection,1982,17
Alouatta seniculus,Neocortex_lamina_1_Vol.mm3,2918,Frahm_etal_1982_Table2,Selected_collection,1982,17
Alouatta seniculus,Neocortex_laminae_2_6_Vol.mm3,18874,Frahm_etal_1982_Table2,Selected_collection,1982,17
Lagothrix lagothricha,Neocortex_Vol.mm3,65873,Frahm_etal_1982_Table2,Selected_collection,1982,17
Lagothrix lagothricha,Neocortex_white_matter_Vol.mm3,16727,Frahm_etal_1982_Table2,Selected_collection,1982,17
Lagothrix lagothricha,Neocortex_grey_matter_Vol.mm3,49147,Frahm_etal_1982_Table2,Selected_collection,1982,17
Lagothrix lagothricha,Neocortex_lamina_1_Vol.mm3,7664,Frahm_etal_1982_Table2,Selected_collection,1982,17
Lagothrix lagothricha,Neocortex_laminae_2_6_Vol.mm3,41483,Frahm_etal_1982_Table2,Selected_collection,1982,17
Papio anubis,Neocortex_Vol.mm3,140142,Frahm_etal_1982_Table2,Selected_collection,1982,17
Papio anubis,Neocortex_white_matter_Vol.mm3,54416,Frahm_etal_1982_Table2,Selected_collection,1982,17
Papio anubis,Neocortex_grey_matter_Vol.mm3,85726,Frahm_etal_1982_Table2,Selected_collection,1982,17
Papio anubis,Neocortex_lamina_1_Vol.mm3,10642,Frahm_etal_1982_Table2,Selected_collection,1982,17
Papio anubis,Neocortex_laminae_2_6_Vol.mm3,75084,Frahm_etal_1982_Table2,Selected_collection,1982,17
Cercopithecus ascanius,Neocortex_Vol.mm3,45166,Frahm_etal_1982_Table2,Selected_collection,1982,17
Cercopithecus ascanius,Neocortex_white_matter_Vol.mm3,13052,Frahm_etal_1982_Table2,Selected_collection,1982,17
Cercopithecus ascanius,Neocortex_grey_matter_Vol.mm3,32114,Frahm_etal_1982_Table2,Selected_collection,1982,17
Cercopithecus ascanius,Neocortex_lamina_1_Vol.mm3,4009,Frahm_etal_1982_Table2,Selected_collection,1982,17
Cercopithecus ascanius,Neocortex_laminae_2_6_Vol.mm3,28104,Frahm_etal_1982_Table2,Selected_collection,1982,17
Piliocolobus badius,Neocortex_Vol.mm3,50906,Frahm_etal_1982_Table2,Selected_collection,1982,17
Piliocolobus badius,Neocortex_white_matter_Vol.mm3,14331,Frahm_etal_1982_Table2,Selected_collection,1982,17
Piliocolobus badius,Neocortex_grey_matter_Vol.mm3,36575,Frahm_etal_1982_Table2,Selected_collection,1982,17
Piliocolobus badius,Neocortex_lamina_1_Vol.mm3,5130,Frahm_etal_1982_Table2,Selected_collection,1982,17
Piliocolobus badius,Neocortex_laminae_2_6_Vol.mm3,31444,Frahm_etal_1982_Table2,Selected_collection,1982,17
Hylobates lar,Neocortex_Vol.mm3,65800,Frahm_etal_1982_Table2,Selected_collection,1982,17
Hylobates lar,Neocortex_white_matter_Vol.mm3,19154,Frahm_etal_1982_Table2,Selected_collection,1982,17
Hylobates lar,Neocortex_grey_matter_Vol.mm3,46646,Frahm_etal_1982_Table2,Selected_collection,1982,17
Hylobates lar,Neocortex_lamina_1_Vol.mm3,6279,Frahm_etal_1982_Table2,Selected_collection,1982,17
Hylobates lar,Neocortex_laminae_2_6_Vol.mm3,40367,Frahm_etal_1982_Table2,Selected_collection,1982,17
Pan troglodytes,Neocortex_Vol.mm3,291592,Frahm_etal_1982_Table2,Selected_collection,1982,17
Pan troglodytes,Neocortex_white_matter_Vol.mm3,118996,Frahm_etal_1982_Table2,Selected_collection,1982,17
Pan troglodytes,Neocortex_grey_matter_Vol.mm3,172597,Frahm_etal_1982_Table2,Selected_collection,1982,17
Pan troglodytes,Neocortex_lamina_1_Vol.mm3,21960,Frahm_etal_1982_Table2,Selected_collection,1982,17
Pan troglodytes,Neocortex_laminae_2_6_Vol.mm3,150637,Frahm_etal_1982_Table2,Selected_collection,1982,17
Homo sapiens,Neocortex_Vol.mm3,1006525,Frahm_etal_1982_Table2,Selected_collection,1982,17
Homo sapiens,Neocortex_white_matter_Vol.mm3,421819,Frahm_etal_1982_Table2,Selected_collection,1982,17
Homo sapiens,Neocortex_grey_matter_Vol.mm3,584706,Frahm_etal_1982_Table2,Selected_collection,1982,17
Homo sapiens,Neocortex_lamina_1_Vol.mm3,75316,Frahm_etal_1982_Table2,Selected_collection,1982,17
Homo sapiens,Neocortex_laminae_2_6_Vol.mm3,509391,Frahm_etal_1982_Table2,Selected_collection,1982,17
Alouatta seniculus,Area_striata_Vol.mm3,2461,Frahm_etal_1984_Table1,Selected_collection,1984,18
Alouatta seniculus,Area_striata_grey_matter_Vol.mm3,1918,Frahm_etal_1984_Table1,Selected_collection,1984,18
Alouatta seniculus,Area_striata_lamina_1_Vol.mm3,220,Frahm_etal_1984_Table1,Selected_collection,1984,18
Alouatta seniculus,Area_striata_laminae_2_6_Vol.mm3,1698,Frahm_etal_1984_Table1,Selected_collection,1984,18
Alouatta seniculus,Area_striata_white_matter_Vol.mm3,543,Frahm_etal_1984_Table1,Selected_collection,1984,18
Aotus trivirgatus,Area_striata_Vol.mm3,1203,Frahm_etal_1984_Table1,Selected_collection,1984,18
Aotus trivirgatus,Area_striata_grey_matter_Vol.mm3,996,Frahm_etal_1984_Table1,Selected_collection,1984,18
Aotus trivirgatus,Area_striata_lamina_1_Vol.mm3,113,Frahm_etal_1984_Table1,Selected_collection,1984,18
Aotus trivirgatus,Area_striata_laminae_2_6_Vol.mm3,883,Frahm_etal_1984_Table1,Selected_collection,1984,18
Aotus trivirgatus,Area_striata_white_matter_Vol.mm3,207,Frahm_etal_1984_Table1,Selected_collection,1984,18
Ateles geoffroyi,Area_striata_Vol.mm3,4738,Frahm_etal_1984_Table1,Selected_collection,1984,18
Ateles geoffroyi,Area_striata_grey_matter_Vol.mm3,3753,Frahm_etal_1984_Table1,Selected_collection,1984,18
Ateles geoffroyi,Area_striata_white_matter_Vol.mm3,985,Frahm_etal_1984_Table1,Selected_collection,1984,18
Avahi laniger,Area_striata_Vol.mm3,542,Frahm_etal_1984_Table1,Selected_collection,1984,18
Avahi laniger,Area_striata_grey_matter_Vol.mm3,475,Frahm_etal_1984_Table1,Selected_collection,1984,18
Avahi laniger,Area_striata_white_matter_Vol.mm3,66.5,Frahm_etal_1984_Table1,Selected_collection,1984,18
Avahi occidentalis,Area_striata_Vol.mm3,527,Frahm_etal_1984_Table1,Selected_collection,1984,18
Avahi occidentalis,Area_striata_grey_matter_Vol.mm3,450,Frahm_etal_1984_Table1,Selected_collection,1984,18
Avahi occidentalis,Area_striata_lamina_1_Vol.mm3,64.6,Frahm_etal_1984_Table1,Selected_collection,1984,18
Avahi occidentalis,Area_striata_laminae_2_6_Vol.mm3,385,Frahm_etal_1984_Table1,Selected_collection,1984,18
Avahi occidentalis,Area_striata_white_matter_Vol.mm3,77.2,Frahm_etal_1984_Table1,Selected_collection,1984,18
Callicebus moloch,Area_striata_Vol.mm3,1524,Frahm_etal_1984_Table1,Selected_collection,1984,18
Callicebus moloch,Area_striata_grey_matter_Vol.mm3,1201,Frahm_etal_1984_Table1,Selected_collection,1984,18
Callicebus moloch,Area_striata_white_matter_Vol.mm3,324,Frahm_etal_1984_Table1,Selected_collection,1984,18
Callithrix jacchus,Area_striata_Vol.mm3,685,Frahm_etal_1984_Table1,Selected_collection,1984,18
Callithrix jacchus,Area_striata_grey_matter_Vol.mm3,566,Frahm_etal_1984_Table1,Selected_collection,1984,18
Callithrix jacchus,Area_striata_lamina_1_Vol.mm3,57.8,Frahm_etal_1984_Table1,Selected_collection,1984,18
Callithrix jacchus,Area_striata_laminae_2_6_Vol.mm3,508,Frahm_etal_1984_Table1,Selected_collection,1984,18
Callithrix jacchus,Area_striata_white_matter_Vol.mm3,119,Frahm_etal_1984_Table1,Selected_collection,1984,18
Callithrix pygmaea,Area_striata_Vol.mm3,415,Frahm_etal_1984_Table1,Selected_collection,1984,18
Callithrix pygmaea,Area_striata_grey_matter_Vol.mm3,363,Frahm_etal_1984_Table1,Selected_collection,1984,18
Callithrix pygmaea,Area_striata_lamina_1_Vol.mm3,29.7,Frahm_etal_1984_Table1,Selected_collection,1984,18
Callithrix pygmaea,Area_striata_laminae_2_6_Vol.mm3,334,Frahm_etal_1984_Table1,Selected_collection,1984,18
Callithrix pygmaea,Area_striata_white_matter_Vol.mm3,51.4,Frahm_etal_1984_Table1,Selected_collection,1984,18
Cebus albifrons,Area_striata_Vol.mm3,4703,Frahm_etal_1984_Table1,Selected_collection,1984,18
Cebus albifrons,Area_striata_grey_matter_Vol.mm3,3764,Frahm_etal_1984_Table1,Selected_collection,1984,18
Cebus albifrons,Area_striata_lamina_1_Vol.mm3,365,Frahm_etal_1984_Table1,Selected_collection,1984,18
Cebus albifrons,Area_striata_laminae_2_6_Vol.mm3,3399,Frahm_etal_1984_Table1,Selected_collection,1984,18
Cebus albifrons,Area_striata_white_matter_Vol.mm3,939,Frahm_etal_1984_Table1,Selected_collection,1984,18
Cercopithecus ascanius,Area_striata_Vol.mm3,5106,Frahm_etal_1984_Table1,Selected_collection,1984,18
Cercopithecus ascanius,Area_striata_grey_matter_Vol.mm3,4272,Frahm_etal_1984_Table1,Selected_collection,1984,18
Cercopithecus ascanius,Area_striata_lamina_1_Vol.mm3,416,Frahm_etal_1984_Table1,Selected_collection,1984,18
Cercopithecus ascanius,Area_striata_laminae_2_6_Vol.mm3,3855,Frahm_etal_1984_Table1,Selected_collection,1984,18
Cercopithecus ascanius,Area_striata_white_matter_Vol.mm3,834,Frahm_etal_1984_Table1,Selected_collection,1984,18
Cercopithecus mitis,Area_striata_Vol.mm3,5275,Frahm_etal_1984_Table1,Selected_collection,1984,18
Cercopithecus mitis,Area_striata_grey_matter_Vol.mm3,4232,Frahm_etal_1984_Table1,Selected_collection,1984,18
Cercopithecus mitis,Area_striata_white_matter_Vol.mm3,1042,Frahm_etal_1984_Table1,Selected_collection,1984,18
Cheirogaleus major,Area_striata_Vol.mm3,477,Frahm_etal_1984_Table1,Selected_collection,1984,18
Cheirogaleus major,Area_striata_grey_matter_Vol.mm3,433,Frahm_etal_1984_Table1,Selected_collection,1984,18
Cheirogaleus major,Area_striata_white_matter_Vol.mm3,44.8,Frahm_etal_1984_Table1,Selected_collection,1984,18
Cheirogaleus medius,Area_striata_Vol.mm3,216,Frahm_etal_1984_Table1,Selected_collection,1984,18
Cheirogaleus medius,Area_striata_grey_matter_Vol.mm3,199,Frahm_etal_1984_Table1,Selected_collection,1984,18
Cheirogaleus medius,Area_striata_white_matter_Vol.mm3,17.6,Frahm_etal_1984_Table1,Selected_collection,1984,18
Daubentonia madagascariensis,Area_striata_Vol.mm3,1355,Frahm_etal_1984_Table1,Selected_collection,1984,18
Daubentonia madagascariensis,Area_striata_grey_matter_Vol.mm3,1113,Frahm_etal_1984_Table1,Selected_collection,1984,18
Daubentonia madagascariensis,Area_striata_lamina_1_Vol.mm3,189,Frahm_etal_1984_Table1,Selected_collection,1984,18
Daubentonia madagascariensis,Area_striata_laminae_2_6_Vol.mm3,923,Frahm_etal_1984_Table1,Selected_collection,1984,18
Daubentonia madagascariensis,Area_striata_white_matter_Vol.mm3,242,Frahm_etal_1984_Table1,Selected_collection,1984,18
Eulemur fulvus,Area_striata_Vol.mm3,1519,Frahm_etal_1984_Table1,Selected_collection,1984,18
Eulemur fulvus,Area_striata_grey_matter_Vol.mm3,1253,Frahm_etal_1984_Table1,Selected_collection,1984,18
Eulemur fulvus,Area_striata_lamina_1_Vol.mm3,138,Frahm_etal_1984_Table1,Selected_collection,1984,18
Eulemur fulvus,Area_striata_laminae_2_6_Vol.mm3,1114,Frahm_etal_1984_Table1,Selected_collection,1984,18
Eulemur fulvus,Area_striata_white_matter_Vol.mm3,267,Frahm_etal_1984_Table1,Selected_collection,1984,18
Galago senegalensis,Area_striata_Vol.mm3,334,Frahm_etal_1984_Table1,Selected_collection,1984,18
Galago senegalensis,Area_striata_grey_matter_Vol.mm3,301,Frahm_etal_1984_Table1,Selected_collection,1984,18
Galago senegalensis,Area_striata_white_matter_Vol.mm3,32.6,Frahm_etal_1984_Table1,Selected_collection,1984,18
Galagoides demidoff,Area_striata_Vol.mm3,237,Frahm_etal_1984_Table1,Selected_collection,1984,18
Galagoides demidoff,Area_striata_grey_matter_Vol.mm3,214,Frahm_etal_1984_Table1,Selected_collection,1984,18
Galagoides demidoff,Area_striata_lamina_1_Vol.mm3,25.6,Frahm_etal_1984_Table1,Selected_collection,1984,18
Galagoides demidoff,Area_striata_laminae_2_6_Vol.mm3,189,Frahm_etal_1984_Table1,Selected_collection,1984,18
Galagoides demidoff,Area_striata_white_matter_Vol.mm3,22.4,Frahm_etal_1984_Table1,Selected_collection,1984,18
Gorilla sp.,Area_striata_Vol.mm3,15185,Frahm_etal_1984_Table1,Selected_collection,1984,18
Gorilla sp.,Area_striata_grey_matter_Vol.mm3,12062,Frahm_etal_1984_Table1,Selected_collection,1984,18
Gorilla sp.,Area_striata_white_matter_Vol.mm3,3123,Frahm_etal_1984_Table1,Selected_collection,1984,18
Homo sapiens,Area_striata_Vol.mm3,20226,Frahm_etal_1984_Table1,Selected_collection,1984,18
Homo sapiens,Area_striata_grey_matter_Vol.mm3,14787,Frahm_etal_1984_Table1,Selected_collection,1984,18
Homo sapiens,Area_striata_lamina_1_Vol.mm3,1704,Frahm_etal_1984_Table1,Selected_collection,1984,18
Homo sapiens,Area_striata_laminae_2_6_Vol.mm3,13083,Frahm_etal_1984_Table1,Selected_collection,1984,18
Homo sapiens,Area_striata_white_matter_Vol.mm3,5439,Frahm_etal_1984_Table1,Selected_collection,1984,18
Hylobates lar,Area_striata_Vol.mm3,5750,Frahm_etal_1984_Table1,Selected_collection,1984,18
Hylobates lar,Area_striata_grey_matter_Vol.mm3,4574,Frahm_etal_1984_Table1,Selected_collection,1984,18
Hylobates lar,Area_striata_lamina_1_Vol.mm3,562,Frahm_etal_1984_Table1,Selected_collection,1984,18
Hylobates lar,Area_striata_laminae_2_6_Vol.mm3,4012,Frahm_etal_1984_Table1,Selected_collection,1984,18
Hylobates lar,Area_striata_white_matter_Vol.mm3,1176,Frahm_etal_1984_Table1,Selected_collection,1984,18
Indri indri,Area_striata_Vol.mm3,1961,Frahm_etal_1984_Table1,Selected_collection,1984,18
Indri indri,Area_striata_grey_matter_Vol.mm3,1648,Frahm_etal_1984_Table1,Selected_collection,1984,18
Indri indri,Area_striata_lamina_1_Vol.mm3,279,Frahm_etal_1984_Table1,Selected_collection,1984,18
Indri indri,Area_striata_laminae_2_6_Vol.mm3,1369,Frahm_etal_1984_Table1,Selected_collection,1984,18
Indri indri,Area_striata_white_matter_Vol.mm3,313,Frahm_etal_1984_Table1,Selected_collection,1984,18
Lagothrix lagothricha,Area_striata_Vol.mm3,6082,Frahm_etal_1984_Table1,Selected_collection,1984,18
Lagothrix lagothricha,Area_striata_grey_matter_Vol.mm3,4856,Frahm_etal_1984_Table1,Selected_collection,1984,18
Lagothrix lagothricha,Area_striata_lamina_1_Vol.mm3,604,Frahm_etal_1984_Table1,Selected_collection,1984,18
Lagothrix lagothricha,Area_striata_laminae_2_6_Vol.mm3,4252,Frahm_etal_1984_Table1,Selected_collection,1984,18
Lagothrix lagothricha,Area_striata_white_matter_Vol.mm3,1226,Frahm_etal_1984_Table1,Selected_collection,1984,18
Lepilemur ruficaudatus,Area_striata_Vol.mm3,358,Frahm_etal_1984_Table1,Selected_collection,1984,18
Lepilemur ruficaudatus,Area_striata_grey_matter_Vol.mm3,326,Frahm_etal_1984_Table1,Selected_collection,1984,18
Lepilemur ruficaudatus,Area_striata_lamina_1_Vol.mm3,52.5,Frahm_etal_1984_Table1,Selected_collection,1984,18
Lepilemur ruficaudatus,Area_striata_laminae_2_6_Vol.mm3,274,Frahm_etal_1984_Table1,Selected_collection,1984,18
Lepilemur ruficaudatus,Area_striata_white_matter_Vol.mm3,31.4,Frahm_etal_1984_Table1,Selected_collection,1984,18
Lophocebus albigena,Area_striata_Vol.mm3,6831,Frahm_etal_1984_Table1,Selected_collection,1984,18
Lophocebus albigena,Area_striata_grey_matter_Vol.mm3,5420,Frahm_etal_1984_Table1,Selected_collection,1984,18
Lophocebus albigena,Area_striata_white_matter_Vol.mm3,1411,Frahm_etal_1984_Table1,Selected_collection,1984,18
Loris tardigradus,Area_striata_Vol.mm3,588,Frahm_etal_1984_Table1,Selected_collection,1984,18
Loris tardigradus,Area_striata_grey_matter_Vol.mm3,529,Frahm_etal_1984_Table1,Selected_collection,1984,18
Loris tardigradus,Area_striata_white_matter_Vol.mm3,59.6,Frahm_etal_1984_Table1,Selected_collection,1984,18
Macaca mulatta,Area_striata_Vol.mm3,6586,Frahm_etal_1984_Table1,Selected_collection,1984,18
Macaca mulatta,Area_striata_grey_matter_Vol.mm3,5343,Frahm_etal_1984_Table1,Selected_collection,1984,18
Macaca mulatta,Area_striata_white_matter_Vol.mm3,1243,Frahm_etal_1984_Table1,Selected_collection,1984,18
Microcebus murinus,Area_striata_Vol.mm3,144,Frahm_etal_1984_Table1,Selected_collection,1984,18
Microcebus murinus,Area_striata_grey_matter_Vol.mm3,136,Frahm_etal_1984_Table1,Selected_collection,1984,18
Microcebus murinus,Area_striata_lamina_1_Vol.mm3,15,Frahm_etal_1984_Table1,Selected_collection,1984,18
Microcebus murinus,Area_striata_laminae_2_6_Vol.mm3,121,Frahm_etal_1984_Table1,Selected_collection,1984,18
Microcebus murinus,Area_striata_white_matter_Vol.mm3,8.24,Frahm_etal_1984_Table1,Selected_collection,1984,18
Miopithecus talapoin,Area_striata_Vol.mm3,3048,Frahm_etal_1984_Table1,Selected_collection,1984,18
Miopithecus talapoin,Area_striata_grey_matter_Vol.mm3,2339,Frahm_etal_1984_Table1,Selected_collection,1984,18
Miopithecus talapoin,Area_striata_white_matter_Vol.mm3,709,Frahm_etal_1984_Table1,Selected_collection,1984,18
Nycticebus coucang,Area_striata_Vol.mm3,828,Frahm_etal_1984_Table1,Selected_collection,1984,18
Nycticebus coucang,Area_striata_grey_matter_Vol.mm3,696,Frahm_etal_1984_Table1,Selected_collection,1984,18
Nycticebus coucang,Area_striata_lamina_1_Vol.mm3,93.8,Frahm_etal_1984_Table1,Selected_collection,1984,18
Nycticebus coucang,Area_striata_laminae_2_6_Vol.mm3,603,Frahm_etal_1984_Table1,Selected_collection,1984,18
Nycticebus coucang,Area_striata_white_matter_Vol.mm3,132,Frahm_etal_1984_Table1,Selected_collection,1984,18
Otolemur crassicaudatus,Area_striata_Vol.mm3,548,Frahm_etal_1984_Table1,Selected_collection,1984,18
Otolemur crassicaudatus,Area_striata_grey_matter_Vol.mm3,479,Frahm_etal_1984_Table1,Selected_collection,1984,18
Otolemur crassicaudatus,Area_striata_white_matter_Vol.mm3,68.4,Frahm_etal_1984_Table1,Selected_collection,1984,18
Pan troglodytes,Area_striata_Vol.mm3,14597,Frahm_etal_1984_Table1,Selected_collection,1984,18
Pan troglodytes,Area_striata_grey_matter_Vol.mm3,10593,Frahm_etal_1984_Table1,Selected_collection,1984,18
Pan troglodytes,Area_striata_lamina_1_Vol.mm3,1156,Frahm_etal_1984_Table1,Selected_collection,1984,18
Pan troglodytes,Area_striata_laminae_2_6_Vol.mm3,9437,Frahm_etal_1984_Table1,Selected_collection,1984,18
Pan troglodytes,Area_striata_white_matter_Vol.mm3,4004,Frahm_etal_1984_Table1,Selected_collection,1984,18
Papio anubis,Area_striata_Vol.mm3,13741,Frahm_etal_1984_Table1,Selected_collection,1984,18
Papio anubis,Area_striata_grey_matter_Vol.mm3,10001,Frahm_etal_1984_Table1,Selected_collection,1984,18
Papio anubis,Area_striata_lamina_1_Vol.mm3,919,Frahm_etal_1984_Table1,Selected_collection,1984,18
Papio anubis,Area_striata_laminae_2_6_Vol.mm3,9082,Frahm_etal_1984_Table1,Selected_collection,1984,18
Papio anubis,Area_striata_white_matter_Vol.mm3,3740,Frahm_etal_1984_Table1,Selected_collection,1984,18
Perodicticus potto,Area_striata_Vol.mm3,552,Frahm_etal_1984_Table1,Selected_collection,1984,18
Perodicticus potto,Area_striata_grey_matter_Vol.mm3,495,Frahm_etal_1984_Table1,Selected_collection,1984,18
Perodicticus potto,Area_striata_white_matter_Vol.mm3,57.7,Frahm_etal_1984_Table1,Selected_collection,1984,18
Piliocolobus badius,Area_striata_Vol.mm3,3979,Frahm_etal_1984_Table1,Selected_collection,1984,18
Piliocolobus badius,Area_striata_grey_matter_Vol.mm3,3053,Frahm_etal_1984_Table1,Selected_collection,1984,18
Piliocolobus badius,Area_striata_lamina_1_Vol.mm3,360,Frahm_etal_1984_Table1,Selected_collection,1984,18
Piliocolobus badius,Area_striata_laminae_2_6_Vol.mm3,2693,Frahm_etal_1984_Table1,Selected_collection,1984,18
Piliocolobus badius,Area_striata_white_matter_Vol.mm3,926,Frahm_etal_1984_Table1,Selected_collection,1984,18
Pithecia monachus,Area_striata_Vol.mm3,2130,Frahm_etal_1984_Table1,Selected_collection,1984,18
Pithecia monachus,Area_striata_grey_matter_Vol.mm3,1679,Frahm_etal_1984_Table1,Selected_collection,1984,18
Pithecia monachus,Area_striata_white_matter_Vol.mm3,451,Frahm_etal_1984_Table1,Selected_collection,1984,18
Propithecus verreauxi,Area_striata_Vol.mm3,1355,Frahm_etal_1984_Table1,Selected_collection,1984,18
Propithecus verreauxi,Area_striata_grey_matter_Vol.mm3,1106,Frahm_etal_1984_Table1,Selected_collection,1984,18
Propithecus verreauxi,Area_striata_lamina_1_Vol.mm3,131,Frahm_etal_1984_Table1,Selected_collection,1984,18
Propithecus verreauxi,Area_striata_laminae_2_6_Vol.mm3,974,Frahm_etal_1984_Table1,Selected_collection,1984,18
Propithecus verreauxi,Area_striata_white_matter_Vol.mm3,249,Frahm_etal_1984_Table1,Selected_collection,1984,18
Saguinus midas,Area_striata_Vol.mm3,1061,Frahm_etal_1984_Table1,Selected_collection,1984,18
Saguinus midas,Area_striata_grey_matter_Vol.mm3,841,Frahm_etal_1984_Table1,Selected_collection,1984,18
Saguinus midas,Area_striata_white_matter_Vol.mm3,220,Frahm_etal_1984_Table1,Selected_collection,1984,18
Saguinus oedipus,Area_striata_Vol.mm3,977,Frahm_etal_1984_Table1,Selected_collection,1984,18
Saguinus oedipus,Area_striata_grey_matter_Vol.mm3,807,Frahm_etal_1984_Table1,Selected_collection,1984,18
Saguinus oedipus,Area_striata_white_matter_Vol.mm3,170,Frahm_etal_1984_Table1,Selected_collection,1984,18
Saimiri sciureus,Area_striata_Vol.mm3,2326,Frahm_etal_1984_Table1,Selected_collection,1984,18
Saimiri sciureus,Area_striata_grey_matter_Vol.mm3,1884,Frahm_etal_1984_Table1,Selected_collection,1984,18
Saimiri sciureus,Area_striata_lamina_1_Vol.mm3,175,Frahm_etal_1984_Table1,Selected_collection,1984,18
Saimiri sciureus,Area_striata_laminae_2_6_Vol.mm3,1709,Frahm_etal_1984_Table1,Selected_collection,1984,18
Saimiri sciureus,Area_striata_white_matter_Vol.mm3,442,Frahm_etal_1984_Table1,Selected_collection,1984,18
Tarsius sp.,Area_striata_Vol.mm3,370,Frahm_etal_1984_Table1,Selected_collection,1984,18
Tarsius sp.,Area_striata_grey_matter_Vol.mm3,349,Frahm_etal_1984_Table1,Selected_collection,1984,18
Tarsius sp.,Area_striata_lamina_1_Vol.mm3,41.2,Frahm_etal_1984_Table1,Selected_collection,1984,18
Tarsius sp.,Area_striata_laminae_2_6_Vol.mm3,307,Frahm_etal_1984_Table1,Selected_collection,1984,18
Tarsius sp.,Area_striata_white_matter_Vol.mm3,21.3,Frahm_etal_1984_Table1,Selected_collection,1984,18
Tupaia glis,Area_striata_Vol.mm3,179,Frahm_etal_1984_Table1,Selected_collection,1984,18
Tupaia glis,Area_striata_grey_matter_Vol.mm3,169,Frahm_etal_1984_Table1,Selected_collection,1984,18
Tupaia glis,Area_striata_lamina_1_Vol.mm3,19.6,Frahm_etal_1984_Table1,Selected_collection,1984,18
Tupaia glis,Area_striata_laminae_2_6_Vol.mm3,149,Frahm_etal_1984_Table1,Selected_collection,1984,18
Tupaia glis,Area_striata_white_matter_Vol.mm3,10.2,Frahm_etal_1984_Table1,Selected_collection,1984,18
Tupaia minor,Area_striata_Vol.mm3,164,Frahm_etal_1984_Table1,Selected_collection,1984,18
Tupaia minor,Area_striata_grey_matter_Vol.mm3,152,Frahm_etal_1984_Table1,Selected_collection,1984,18
Tupaia minor,Area_striata_white_matter_Vol.mm3,12.5,Frahm_etal_1984_Table1,Selected_collection,1984,18
Urogale everetti,Area_striata_Vol.mm3,136,Frahm_etal_1984_Table1,Selected_collection,1984,18
Urogale everetti,Area_striata_grey_matter_Vol.mm3,123,Frahm_etal_1984_Table1,Selected_collection,1984,18
Urogale everetti,Area_striata_lamina_1_Vol.mm3,15.5,Frahm_etal_1984_Table1,Selected_collection,1984,18
Urogale everetti,Area_striata_laminae_2_6_Vol.mm3,108,Frahm_etal_1984_Table1,Selected_collection,1984,18
Urogale everetti,Area_striata_white_matter_Vol.mm3,12.7,Frahm_etal_1984_Table1,Selected_collection,1984,18
Varecia variegata,Area_striata_Vol.mm3,2112,Frahm_etal_1984_Table1,Selected_collection,1984,18
Varecia variegata,Area_striata_grey_matter_Vol.mm3,1745,Frahm_etal_1984_Table1,Selected_collection,1984,18
Varecia variegata,Area_striata_white_matter_Vol.mm3,367,Frahm_etal_1984_Table1,Selected_collection,1984,18
Tenrec ecaudatus,Corpus_geniculatum_laterale_Vol.mm3,1.46,Stephan_etal_1984_Table1,Selected_collection,1984,19
Setifer setosus,Corpus_geniculatum_laterale_Vol.mm3,1.05,Stephan_etal_1984_Table1,Selected_collection,1984,19
Hemicentetes semispinosus,Corpus_geniculatum_laterale_Vol.mm3,0.37,Stephan_etal_1984_Table1,Selected_collection,1984,19
Echinops telfairi,Corpus_geniculatum_laterale_Vol.mm3,0.37,Stephan_etal_1984_Table1,Selected_collection,1984,19
Atelerix algirus,Corpus_geniculatum_laterale_Vol.mm3,5.02,Stephan_etal_1984_Table1,Selected_collection,1984,19
Erinaceus europaeus,Corpus_geniculatum_laterale_Vol.mm3,3.9,Stephan_etal_1984_Table1,Selected_collection,1984,19
Sorex araneus,Corpus_geniculatum_laterale_Vol.mm3,0.07,Stephan_etal_1984_Table1,Selected_collection,1984,19
Sorex minutus,Corpus_geniculatum_laterale_Vol.mm3,0.06,Stephan_etal_1984_Table1,Selected_collection,1984,19
Crocidura flavescens,Corpus_geniculatum_laterale_Vol.mm3,0.28,Stephan_etal_1984_Table1,Selected_collection,1984,19
Crocidura russula,Corpus_geniculatum_laterale_Vol.mm3,0.08,Stephan_etal_1984_Table1,Selected_collection,1984,19
Suncus murinus,Corpus_geniculatum_laterale_Vol.mm3,0.18,Stephan_etal_1984_Table1,Selected_collection,1984,19
Tupaia glis,Corpus_geniculatum_laterale_Vol.mm3,12.9,Stephan_etal_1984_Table1,Selected_collection,1984,19
Tupaia minor,Corpus_geniculatum_laterale_Vol.mm3,9.88,Stephan_etal_1984_Table1,Selected_collection,1984,19
Urogale everetti,Corpus_geniculatum_laterale_Vol.mm3,9.98,Stephan_etal_1984_Table1,Selected_collection,1984,19
Microcebus murinus,Corpus_geniculatum_laterale_Vol.mm3,7.07,Stephan_etal_1984_Table1,Selected_collection,1984,19
Cheirogaleus major,Corpus_geniculatum_laterale_Vol.mm3,21.5,Stephan_etal_1984_Table1,Selected_collection,1984,19
Cheirogaleus medius,Corpus_geniculatum_laterale_Vol.mm3,10.8,Stephan_etal_1984_Table1,Selected_collection,1984,19
Eulemur fulvus,Corpus_geniculatum_laterale_Vol.mm3,51.8,Stephan_etal_1984_Table1,Selected_collection,1984,19
Varecia variegata,Corpus_geniculatum_laterale_Vol.mm3,68.9,Stephan_etal_1984_Table1,Selected_collection,1984,19
Lepilemur ruficaudatus,Corpus_geniculatum_laterale_Vol.mm3,15.6,Stephan_etal_1984_Table1,Selected_collection,1984,19
Avahi laniger,Corpus_geniculatum_laterale_Vol.mm3,27.6,Stephan_etal_1984_Table1,Selected_collection,1984,19
Avahi occidentalis,Corpus_geniculatum_laterale_Vol.mm3,29.3,Stephan_etal_1984_Table1,Selected_collection,1984,19
Propithecus verreauxi,Corpus_geniculatum_laterale_Vol.mm3,64.5,Stephan_etal_1984_Table1,Selected_collection,1984,19
Indri indri,Corpus_geniculatum_laterale_Vol.mm3,94.5,Stephan_etal_1984_Table1,Selected_collection,1984,19
Daubentonia madagascariensis,Corpus_geniculatum_laterale_Vol.mm3,58.5,Stephan_etal_1984_Table1,Selected_collection,1984,19
Loris tardigradus,Corpus_geniculatum_laterale_Vol.mm3,24.6,Stephan_etal_1984_Table1,Selected_collection,1984,19
Nycticebus coucang,Corpus_geniculatum_laterale_Vol.mm3,35.9,Stephan_etal_1984_Table1,Selected_collection,1984,19
Perodicticus potto,Corpus_geniculatum_laterale_Vol.mm3,24.3,Stephan_etal_1984_Table1,Selected_collection,1984,19
Galago senegalensis,Corpus_geniculatum_laterale_Vol.mm3,16,Stephan_etal_1984_Table1,Selected_collection,1984,19
Otolemur crassicaudatus,Corpus_geniculatum_laterale_Vol.mm3,23.2,Stephan_etal_1984_Table1,Selected_collection,1984,19
Galagoides demidoff,Corpus_geniculatum_laterale_Vol.mm3,10.9,Stephan_etal_1984_Table1,Selected_collection,1984,19
Tarsius sp.,Corpus_geniculatum_laterale_Vol.mm3,20.8,Stephan_etal_1984_Table1,Selected_collection,1984,19
Callithrix jacchus,Corpus_geniculatum_laterale_Vol.mm3,25.1,Stephan_etal_1984_Table1,Selected_collection,1984,19
Saguinus oedipus,Corpus_geniculatum_laterale_Vol.mm3,34.2,Stephan_etal_1984_Table1,Selected_collection,1984,19
Cebus albifrons,Corpus_geniculatum_laterale_Vol.mm3,137,Stephan_etal_1984_Table1,Selected_collection,1984,19
Aotus trivirgatus,Corpus_geniculatum_laterale_Vol.mm3,32.9,Stephan_etal_1984_Table1,Selected_collection,1984,19
Callicebus moloch,Corpus_geniculatum_laterale_Vol.mm3,54.2,Stephan_etal_1984_Table1,Selected_collection,1984,19
Saimiri sciureus,Corpus_geniculatum_laterale_Vol.mm3,62.9,Stephan_etal_1984_Table1,Selected_collection,1984,19
Pithecia monachus,Corpus_geniculatum_laterale_Vol.mm3,76.3,Stephan_etal_1984_Table1,Selected_collection,1984,19
Alouatta seniculus,Corpus_geniculatum_laterale_Vol.mm3,87.4,Stephan_etal_1984_Table1,Selected_collection,1984,19
Ateles geoffroyi,Corpus_geniculatum_laterale_Vol.mm3,151,Stephan_etal_1984_Table1,Selected_collection,1984,19
Lagothrix lagothricha,Corpus_geniculatum_laterale_Vol.mm3,164,Stephan_etal_1984_Table1,Selected_collection,1984,19
Macaca mulatta,Corpus_geniculatum_laterale_Vol.mm3,158,Stephan_etal_1984_Table1,Selected_collection,1984,19
Lophocebus albigena,Corpus_geniculatum_laterale_Vol.mm3,182,Stephan_etal_1984_Table1,Selected_collection,1984,19
Papio anubis,Corpus_geniculatum_laterale_Vol.mm3,395,Stephan_etal_1984_Table1,Selected_collection,1984,19
Cercopithecus ascanius,Corpus_geniculatum_laterale_Vol.mm3,147,Stephan_etal_1984_Table1,Selected_collection,1984,19
Cercopithecus mitis,Corpus_geniculatum_laterale_Vol.mm3,150,Stephan_etal_1984_Table1,Selected_collection,1984,19
Miopithecus talapoin,Corpus_geniculatum_laterale_Vol.mm3,109,Stephan_etal_1984_Table1,Selected_collection,1984,19
Piliocolobus badius,Corpus_geniculatum_laterale_Vol.mm3,128,Stephan_etal_1984_Table1,Selected_collection,1984,19
Hylobates lar,Corpus_geniculatum_laterale_Vol.mm3,175,Stephan_etal_1984_Table1,Selected_collection,1984,19
Pan troglodytes,Corpus_geniculatum_laterale_Vol.mm3,356,Stephan_etal_1984_Table1,Selected_collection,1984,19
Gorilla sp.,Corpus_geniculatum_laterale_Vol.mm3,384,Stephan_etal_1984_Table1,Selected_collection,1984,19
Homo sapiens,Corpus_geniculatum_laterale_Vol.mm3,416,Stephan_etal_1984_Table1,Selected_collection,1984,19
Suncus murinus,Body_Mass.g,33,Matano_etal_1985_a_Table1,Selected_collection,1985,20
Suncus murinus,Cerebellar_nuclei_total_Vol.mm3,1.06,Matano_etal_1985_a_Table1,Selected_collection,1985,20
Suncus murinus,Medial_cerebellar_nuclei_Vol.mm3,0.23,Matano_etal_1985_a_Table1,Selected_collection,1985,20
Suncus murinus,Interpositus_cerebellar_nuclei_Vol.mm3,0.38,Matano_etal_1985_a_Table1,Selected_collection,1985,20
Suncus murinus,Lateral_cerebellar_nuclei_Vol.mm3,0.44,Matano_etal_1985_a_Table1,Selected_collection,1985,20
Tenrec ecaudatus,Body_Mass.g,832,Matano_etal_1985_a_Table1,Selected_collection,1985,20
Tenrec ecaudatus,Cerebellar_nuclei_total_Vol.mm3,9.82,Matano_etal_1985_a_Table1,Selected_collection,1985,20
Tenrec ecaudatus,Medial_cerebellar_nuclei_Vol.mm3,2.06,Matano_etal_1985_a_Table1,Selected_collection,1985,20
Tenrec ecaudatus,Interpositus_cerebellar_nuclei_Vol.mm3,4.43,Matano_etal_1985_a_Table1,Selected_collection,1985,20
Tenrec ecaudatus,Lateral_cerebellar_nuclei_Vol.mm3,3.33,Matano_etal_1985_a_Table1,Selected_collection,1985,20
Setifer setosus,Body_Mass.g,248,Matano_etal_1985_a_Table1,Selected_collection,1985,20
Setifer setosus,Cerebellar_nuclei_total_Vol.mm3,4.19,Matano_etal_1985_a_Table1,Selected_collection,1985,20
Setifer setosus,Medial_cerebellar_nuclei_Vol.mm3,1.2,Matano_etal_1985_a_Table1,Selected_collection,1985,20
Setifer setosus,Interpositus_cerebellar_nuclei_Vol.mm3,1.78,Matano_etal_1985_a_Table1,Selected_collection,1985,20
Setifer setosus,Lateral_cerebellar_nuclei_Vol.mm3,1.21,Matano_etal_1985_a_Table1,Selected_collection,1985,20
Hemicentetes semispinosus,Body_Mass.g,110,Matano_etal_1985_a_Table1,Selected_collection,1985,20
Hemicentetes semispinosus,Cerebellar_nuclei_total_Vol.mm3,3.23,Matano_etal_1985_a_Table1,Selected_collection,1985,20
Hemicentetes semispinosus,Medial_cerebellar_nuclei_Vol.mm3,0.55,Matano_etal_1985_a_Table1,Selected_collection,1985,20
Hemicentetes semispinosus,Interpositus_cerebellar_nuclei_Vol.mm3,1.52,Matano_etal_1985_a_Table1,Selected_collection,1985,20
Hemicentetes semispinosus,Lateral_cerebellar_nuclei_Vol.mm3,1.16,Matano_etal_1985_a_Table1,Selected_collection,1985,20
Echinops telfairi,Body_Mass.g,87.5,Matano_etal_1985_a_Table1,Selected_collection,1985,20
Echinops telfairi,Cerebellar_nuclei_total_Vol.mm3,1.71,Matano_etal_1985_a_Table1,Selected_collection,1985,20
Echinops telfairi,Medial_cerebellar_nuclei_Vol.mm3,0.39,Matano_etal_1985_a_Table1,Selected_collection,1985,20
Echinops telfairi,Interpositus_cerebellar_nuclei_Vol.mm3,0.87,Matano_etal_1985_a_Table1,Selected_collection,1985,20
Echinops telfairi,Lateral_cerebellar_nuclei_Vol.mm3,0.46,Matano_etal_1985_a_Table1,Selected_collection,1985,20
Erinaceus europaeus,Body_Mass.g,860,Matano_etal_1985_a_Table1,Selected_collection,1985,20
Erinaceus europaeus,Cerebellar_nuclei_total_Vol.mm3,12.65,Matano_etal_1985_a_Table1,Selected_collection,1985,20
Erinaceus europaeus,Medial_cerebellar_nuclei_Vol.mm3,3.3,Matano_etal_1985_a_Table1,Selected_collection,1985,20
Erinaceus europaeus,Interpositus_cerebellar_nuclei_Vol.mm3,5.53,Matano_etal_1985_a_Table1,Selected_collection,1985,20
Erinaceus europaeus,Lateral_cerebellar_nuclei_Vol.mm3,3.83,Matano_etal_1985_a_Table1,Selected_collection,1985,20
Sorex araneus,Body_Mass.g,10.2,Matano_etal_1985_a_Table1,Selected_collection,1985,20
Sorex araneus,Cerebellar_nuclei_total_Vol.mm3,0.58,Matano_etal_1985_a_Table1,Selected_collection,1985,20
Sorex araneus,Medial_cerebellar_nuclei_Vol.mm3,0.18,Matano_etal_1985_a_Table1,Selected_collection,1985,20
Sorex araneus,Interpositus_cerebellar_nuclei_Vol.mm3,0.18,Matano_etal_1985_a_Table1,Selected_collection,1985,20
Sorex araneus,Lateral_cerebellar_nuclei_Vol.mm3,0.21,Matano_etal_1985_a_Table1,Selected_collection,1985,20
Sorex minutus,Body_Mass.g,4.42,Matano_etal_1985_a_Table1,Selected_collection,1985,20
Sorex minutus,Cerebellar_nuclei_total_Vol.mm3,0.35,Matano_etal_1985_a_Table1,Selected_collection,1985,20
Sorex minutus,Medial_cerebellar_nuclei_Vol.mm3,0.09,Matano_etal_1985_a_Table1,Selected_collection,1985,20
Sorex minutus,Interpositus_cerebellar_nuclei_Vol.mm3,0.13,Matano_etal_1985_a_Table1,Selected_collection,1985,20
Sorex minutus,Lateral_cerebellar_nuclei_Vol.mm3,0.13,Matano_etal_1985_a_Table1,Selected_collection,1985,20
Crocidura flavescens,Body_Mass.g,33.1,Matano_etal_1985_a_Table1,Selected_collection,1985,20
Crocidura flavescens,Cerebellar_nuclei_total_Vol.mm3,1.17,Matano_etal_1985_a_Table1,Selected_collection,1985,20
Crocidura flavescens,Medial_cerebellar_nuclei_Vol.mm3,0.27,Matano_etal_1985_a_Table1,Selected_collection,1985,20
Crocidura flavescens,Interpositus_cerebellar_nuclei_Vol.mm3,0.42,Matano_etal_1985_a_Table1,Selected_collection,1985,20
Crocidura flavescens,Lateral_cerebellar_nuclei_Vol.mm3,0.47,Matano_etal_1985_a_Table1,Selected_collection,1985,20
Crocidura russula,Body_Mass.g,11.1,Matano_etal_1985_a_Table1,Selected_collection,1985,20
Crocidura russula,Cerebellar_nuclei_total_Vol.mm3,0.58,Matano_etal_1985_a_Table1,Selected_collection,1985,20
Crocidura russula,Medial_cerebellar_nuclei_Vol.mm3,0.12,Matano_etal_1985_a_Table1,Selected_collection,1985,20
Crocidura russula,Interpositus_cerebellar_nuclei_Vol.mm3,0.23,Matano_etal_1985_a_Table1,Selected_collection,1985,20
Crocidura russula,Lateral_cerebellar_nuclei_Vol.mm3,0.23,Matano_etal_1985_a_Table1,Selected_collection,1985,20
Tupaia glis,Body_Mass.g,170,Matano_etal_1985_a_Table1,Selected_collection,1985,20
Tupaia glis,Cerebellar_nuclei_total_Vol.mm3,12.46,Matano_etal_1985_a_Table1,Selected_collection,1985,20
Tupaia glis,Medial_cerebellar_nuclei_Vol.mm3,3.93,Matano_etal_1985_a_Table1,Selected_collection,1985,20
Tupaia glis,Interpositus_cerebellar_nuclei_Vol.mm3,3.4,Matano_etal_1985_a_Table1,Selected_collection,1985,20
Tupaia glis,Lateral_cerebellar_nuclei_Vol.mm3,5.13,Matano_etal_1985_a_Table1,Selected_collection,1985,20
Urogale everetti,Body_Mass.g,275,Matano_etal_1985_a_Table1,Selected_collection,1985,20
Urogale everetti,Cerebellar_nuclei_total_Vol.mm3,15.07,Matano_etal_1985_a_Table1,Selected_collection,1985,20
Urogale everetti,Medial_cerebellar_nuclei_Vol.mm3,4.13,Matano_etal_1985_a_Table1,Selected_collection,1985,20
Urogale everetti,Interpositus_cerebellar_nuclei_Vol.mm3,3.94,Matano_etal_1985_a_Table1,Selected_collection,1985,20
Urogale everetti,Lateral_cerebellar_nuclei_Vol.mm3,7,Matano_etal_1985_a_Table1,Selected_collection,1985,20
Microcebus murinus,Body_Mass.g,54,Matano_etal_1985_a_Table1,Selected_collection,1985,20
Microcebus murinus,Cerebellar_nuclei_total_Vol.mm3,4.74,Matano_etal_1985_a_Table1,Selected_collection,1985,20
Microcebus murinus,Medial_cerebellar_nuclei_Vol.mm3,1.49,Matano_etal_1985_a_Table1,Selected_collection,1985,20
Microcebus murinus,Interpositus_cerebellar_nuclei_Vol.mm3,1.14,Matano_etal_1985_a_Table1,Selected_collection,1985,20
Microcebus murinus,Lateral_cerebellar_nuclei_Vol.mm3,2.11,Matano_etal_1985_a_Table1,Selected_collection,1985,20
Cheirogaleus major,Body_Mass.g,450,Matano_etal_1985_a_Table1,Selected_collection,1985,20
Cheirogaleus major,Cerebellar_nuclei_total_Vol.mm3,19.45,Matano_etal_1985_a_Table1,Selected_collection,1985,20
Cheirogaleus major,Medial_cerebellar_nuclei_Vol.mm3,5.65,Matano_etal_1985_a_Table1,Selected_collection,1985,20
Cheirogaleus major,Interpositus_cerebellar_nuclei_Vol.mm3,3.85,Matano_etal_1985_a_Table1,Selected_collection,1985,20
Cheirogaleus major,Lateral_cerebellar_nuclei_Vol.mm3,9.95,Matano_etal_1985_a_Table1,Selected_collection,1985,20
Cheirogaleus medius,Body_Mass.g,177,Matano_etal_1985_a_Table1,Selected_collection,1985,20
Cheirogaleus medius,Cerebellar_nuclei_total_Vol.mm3,9.45,Matano_etal_1985_a_Table1,Selected_collection,1985,20
Cheirogaleus medius,Medial_cerebellar_nuclei_Vol.mm3,3.24,Matano_etal_1985_a_Table1,Selected_collection,1985,20
Cheirogaleus medius,Interpositus_cerebellar_nuclei_Vol.mm3,1.94,Matano_etal_1985_a_Table1,Selected_collection,1985,20
Cheirogaleus medius,Lateral_cerebellar_nuclei_Vol.mm3,4.27,Matano_etal_1985_a_Table1,Selected_collection,1985,20
Eulemur fulvus,Body_Mass.g,1400,Matano_etal_1985_a_Table1,Selected_collection,1985,20
Eulemur fulvus,Cerebellar_nuclei_total_Vol.mm3,86.28,Matano_etal_1985_a_Table1,Selected_collection,1985,20
Eulemur fulvus,Medial_cerebellar_nuclei_Vol.mm3,26.65,Matano_etal_1985_a_Table1,Selected_collection,1985,20
Eulemur fulvus,Interpositus_cerebellar_nuclei_Vol.mm3,27.58,Matano_etal_1985_a_Table1,Selected_collection,1985,20
Eulemur fulvus,Lateral_cerebellar_nuclei_Vol.mm3,32.05,Matano_etal_1985_a_Table1,Selected_collection,1985,20
Varecia variegata,Body_Mass.g,3000,Matano_etal_1985_a_Table1,Selected_collection,1985,20
Varecia variegata,Cerebellar_nuclei_total_Vol.mm3,94.67,Matano_etal_1985_a_Table1,Selected_collection,1985,20
Varecia variegata,Medial_cerebellar_nuclei_Vol.mm3,28.39,Matano_etal_1985_a_Table1,Selected_collection,1985,20
Varecia variegata,Interpositus_cerebellar_nuclei_Vol.mm3,28.83,Matano_etal_1985_a_Table1,Selected_collection,1985,20
Varecia variegata,Lateral_cerebellar_nuclei_Vol.mm3,37.45,Matano_etal_1985_a_Table1,Selected_collection,1985,20
Lepilemur ruficaudatus,Body_Mass.g,915,Matano_etal_1985_a_Table1,Selected_collection,1985,20
Lepilemur ruficaudatus,Cerebellar_nuclei_total_Vol.mm3,23.07,Matano_etal_1985_a_Table1,Selected_collection,1985,20
Lepilemur ruficaudatus,Medial_cerebellar_nuclei_Vol.mm3,7.31,Matano_etal_1985_a_Table1,Selected_collection,1985,20
Lepilemur ruficaudatus,Interpositus_cerebellar_nuclei_Vol.mm3,6.41,Matano_etal_1985_a_Table1,Selected_collection,1985,20
Lepilemur ruficaudatus,Lateral_cerebellar_nuclei_Vol.mm3,9.35,Matano_etal_1985_a_Table1,Selected_collection,1985,20
Avahi laniger,Body_Mass.g,1285,Matano_etal_1985_a_Table1,Selected_collection,1985,20
Avahi laniger,Cerebellar_nuclei_total_Vol.mm3,37.89,Matano_etal_1985_a_Table1,Selected_collection,1985,20
Avahi laniger,Medial_cerebellar_nuclei_Vol.mm3,12.15,Matano_etal_1985_a_Table1,Selected_collection,1985,20
Avahi laniger,Interpositus_cerebellar_nuclei_Vol.mm3,11.28,Matano_etal_1985_a_Table1,Selected_collection,1985,20
Avahi laniger,Lateral_cerebellar_nuclei_Vol.mm3,14.46,Matano_etal_1985_a_Table1,Selected_collection,1985,20
Avahi occidentalis,Body_Mass.g,860,Matano_etal_1985_a_Table1,Selected_collection,1985,20
Avahi occidentalis,Cerebellar_nuclei_total_Vol.mm3,29.66,Matano_etal_1985_a_Table1,Selected_collection,1985,20
Avahi occidentalis,Medial_cerebellar_nuclei_Vol.mm3,8.18,Matano_etal_1985_a_Table1,Selected_collection,1985,20
Avahi occidentalis,Interpositus_cerebellar_nuclei_Vol.mm3,10.18,Matano_etal_1985_a_Table1,Selected_collection,1985,20
Avahi occidentalis,Lateral_cerebellar_nuclei_Vol.mm3,11.3,Matano_etal_1985_a_Table1,Selected_collection,1985,20
Propithecus verreauxi,Body_Mass.g,3480,Matano_etal_1985_a_Table1,Selected_collection,1985,20
Propithecus verreauxi,Cerebellar_nuclei_total_Vol.mm3,97.12,Matano_etal_1985_a_Table1,Selected_collection,1985,20
Propithecus verreauxi,Medial_cerebellar_nuclei_Vol.mm3,26.72,Matano_etal_1985_a_Table1,Selected_collection,1985,20
Propithecus verreauxi,Interpositus_cerebellar_nuclei_Vol.mm3,30.94,Matano_etal_1985_a_Table1,Selected_collection,1985,20
Propithecus verreauxi,Lateral_cerebellar_nuclei_Vol.mm3,39.46,Matano_etal_1985_a_Table1,Selected_collection,1985,20
Indri indri,Body_Mass.g,6250,Matano_etal_1985_a_Table1,Selected_collection,1985,20
Indri indri,Cerebellar_nuclei_total_Vol.mm3,141.3,Matano_etal_1985_a_Table1,Selected_collection,1985,20
Indri indri,Medial_cerebellar_nuclei_Vol.mm3,38.03,Matano_etal_1985_a_Table1,Selected_collection,1985,20
Indri indri,Interpositus_cerebellar_nuclei_Vol.mm3,46.96,Matano_etal_1985_a_Table1,Selected_collection,1985,20
Indri indri,Lateral_cerebellar_nuclei_Vol.mm3,56.31,Matano_etal_1985_a_Table1,Selected_collection,1985,20
Daubentonia madagascariensis,Body_Mass.g,2800,Matano_etal_1985_a_Table1,Selected_collection,1985,20
Daubentonia madagascariensis,Cerebellar_nuclei_total_Vol.mm3,126.08,Matano_etal_1985_a_Table1,Selected_collection,1985,20
Daubentonia madagascariensis,Medial_cerebellar_nuclei_Vol.mm3,28.94,Matano_etal_1985_a_Table1,Selected_collection,1985,20
Daubentonia madagascariensis,Interpositus_cerebellar_nuclei_Vol.mm3,36.11,Matano_etal_1985_a_Table1,Selected_collection,1985,20
Daubentonia madagascariensis,Lateral_cerebellar_nuclei_Vol.mm3,61.03,Matano_etal_1985_a_Table1,Selected_collection,1985,20
Loris tardigradus,Body_Mass.g,322,Matano_etal_1985_a_Table1,Selected_collection,1985,20
Loris tardigradus,Cerebellar_nuclei_total_Vol.mm3,17.99,Matano_etal_1985_a_Table1,Selected_collection,1985,20
Loris tardigradus,Medial_cerebellar_nuclei_Vol.mm3,6.65,Matano_etal_1985_a_Table1,Selected_collection,1985,20
Loris tardigradus,Interpositus_cerebellar_nuclei_Vol.mm3,5.58,Matano_etal_1985_a_Table1,Selected_collection,1985,20
Loris tardigradus,Lateral_cerebellar_nuclei_Vol.mm3,5.76,Matano_etal_1985_a_Table1,Selected_collection,1985,20
Nycticebus coucang,Body_Mass.g,800,Matano_etal_1985_a_Table1,Selected_collection,1985,20
Nycticebus coucang,Cerebellar_nuclei_total_Vol.mm3,33.75,Matano_etal_1985_a_Table1,Selected_collection,1985,20
Nycticebus coucang,Medial_cerebellar_nuclei_Vol.mm3,10.96,Matano_etal_1985_a_Table1,Selected_collection,1985,20
Nycticebus coucang,Interpositus_cerebellar_nuclei_Vol.mm3,8.76,Matano_etal_1985_a_Table1,Selected_collection,1985,20
Nycticebus coucang,Lateral_cerebellar_nuclei_Vol.mm3,14.03,Matano_etal_1985_a_Table1,Selected_collection,1985,20
Perodicticus potto,Body_Mass.g,1150,Matano_etal_1985_a_Table1,Selected_collection,1985,20
Perodicticus potto,Cerebellar_nuclei_total_Vol.mm3,29.44,Matano_etal_1985_a_Table1,Selected_collection,1985,20
Perodicticus potto,Medial_cerebellar_nuclei_Vol.mm3,8.76,Matano_etal_1985_a_Table1,Selected_collection,1985,20
Perodicticus potto,Interpositus_cerebellar_nuclei_Vol.mm3,8.43,Matano_etal_1985_a_Table1,Selected_collection,1985,20
Perodicticus potto,Lateral_cerebellar_nuclei_Vol.mm3,12.25,Matano_etal_1985_a_Table1,Selected_collection,1985,20
Galago senegalensis,Body_Mass.g,186,Matano_etal_1985_a_Table1,Selected_collection,1985,20
Galago senegalensis,Cerebellar_nuclei_total_Vol.mm3,12.6,Matano_etal_1985_a_Table1,Selected_collection,1985,20
Galago senegalensis,Medial_cerebellar_nuclei_Vol.mm3,4.43,Matano_etal_1985_a_Table1,Selected_collection,1985,20
Galago senegalensis,Interpositus_cerebellar_nuclei_Vol.mm3,3.77,Matano_etal_1985_a_Table1,Selected_collection,1985,20
Galago senegalensis,Lateral_cerebellar_nuclei_Vol.mm3,4.4,Matano_etal_1985_a_Table1,Selected_collection,1985,20
Otolemur crassicaudatus,Body_Mass.g,850,Matano_etal_1985_a_Table1,Selected_collection,1985,20
Otolemur crassicaudatus,Cerebellar_nuclei_total_Vol.mm3,25.9,Matano_etal_1985_a_Table1,Selected_collection,1985,20
Otolemur crassicaudatus,Medial_cerebellar_nuclei_Vol.mm3,9.63,Matano_etal_1985_a_Table1,Selected_collection,1985,20
Otolemur crassicaudatus,Interpositus_cerebellar_nuclei_Vol.mm3,6.63,Matano_etal_1985_a_Table1,Selected_collection,1985,20
Otolemur crassicaudatus,Lateral_cerebellar_nuclei_Vol.mm3,9.64,Matano_etal_1985_a_Table1,Selected_collection,1985,20
Galagoides demidoff,Body_Mass.g,81,Matano_etal_1985_a_Table1,Selected_collection,1985,20
Galagoides demidoff,Cerebellar_nuclei_total_Vol.mm3,8.22,Matano_etal_1985_a_Table1,Selected_collection,1985,20
Galagoides demidoff,Medial_cerebellar_nuclei_Vol.mm3,3.08,Matano_etal_1985_a_Table1,Selected_collection,1985,20
Galagoides demidoff,Interpositus_cerebellar_nuclei_Vol.mm3,2.08,Matano_etal_1985_a_Table1,Selected_collection,1985,20
Galagoides demidoff,Lateral_cerebellar_nuclei_Vol.mm3,3.06,Matano_etal_1985_a_Table1,Selected_collection,1985,20
Tarsius sp.,Body_Mass.g,125,Matano_etal_1985_a_Table1,Selected_collection,1985,20
Tarsius sp.,Cerebellar_nuclei_total_Vol.mm3,8.06,Matano_etal_1985_a_Table1,Selected_collection,1985,20
Tarsius sp.,Medial_cerebellar_nuclei_Vol.mm3,2.87,Matano_etal_1985_a_Table1,Selected_collection,1985,20
Tarsius sp.,Interpositus_cerebellar_nuclei_Vol.mm3,1.82,Matano_etal_1985_a_Table1,Selected_collection,1985,20
Tarsius sp.,Lateral_cerebellar_nuclei_Vol.mm3,3.37,Matano_etal_1985_a_Table1,Selected_collection,1985,20
Callithrix jacchus,Body_Mass.g,280,Matano_etal_1985_a_Table1,Selected_collection,1985,20
Callithrix jacchus,Cerebellar_nuclei_total_Vol.mm3,20.96,Matano_etal_1985_a_Table1,Selected_collection,1985,20
Callithrix jacchus,Medial_cerebellar_nuclei_Vol.mm3,7.59,Matano_etal_1985_a_Table1,Selected_collection,1985,20
Callithrix jacchus,Interpositus_cerebellar_nuclei_Vol.mm3,5.44,Matano_etal_1985_a_Table1,Selected_collection,1985,20
Callithrix jacchus,Lateral_cerebellar_nuclei_Vol.mm3,7.93,Matano_etal_1985_a_Table1,Selected_collection,1985,20
Callithrix pygmaea,Body_Mass.g,120,Matano_etal_1985_a_Table1,Selected_collection,1985,20
Callithrix pygmaea,Cerebellar_nuclei_total_Vol.mm3,11.48,Matano_etal_1985_a_Table1,Selected_collection,1985,20
Callithrix pygmaea,Medial_cerebellar_nuclei_Vol.mm3,3.93,Matano_etal_1985_a_Table1,Selected_collection,1985,20
Callithrix pygmaea,Interpositus_cerebellar_nuclei_Vol.mm3,3.2,Matano_etal_1985_a_Table1,Selected_collection,1985,20
Callithrix pygmaea,Lateral_cerebellar_nuclei_Vol.mm3,4.35,Matano_etal_1985_a_Table1,Selected_collection,1985,20
Saguinus midas,Body_Mass.g,340,Matano_etal_1985_a_Table1,Selected_collection,1985,20
Saguinus midas,Cerebellar_nuclei_total_Vol.mm3,21.57,Matano_etal_1985_a_Table1,Selected_collection,1985,20
Saguinus midas,Medial_cerebellar_nuclei_Vol.mm3,6.88,Matano_etal_1985_a_Table1,Selected_collection,1985,20
Saguinus midas,Interpositus_cerebellar_nuclei_Vol.mm3,6.94,Matano_etal_1985_a_Table1,Selected_collection,1985,20
Saguinus midas,Lateral_cerebellar_nuclei_Vol.mm3,7.75,Matano_etal_1985_a_Table1,Selected_collection,1985,20
Saguinus oedipus,Body_Mass.g,380,Matano_etal_1985_a_Table1,Selected_collection,1985,20
Saguinus oedipus,Cerebellar_nuclei_total_Vol.mm3,24.6,Matano_etal_1985_a_Table1,Selected_collection,1985,20
Saguinus oedipus,Medial_cerebellar_nuclei_Vol.mm3,8.61,Matano_etal_1985_a_Table1,Selected_collection,1985,20
Saguinus oedipus,Interpositus_cerebellar_nuclei_Vol.mm3,7.19,Matano_etal_1985_a_Table1,Selected_collection,1985,20
Saguinus oedipus,Lateral_cerebellar_nuclei_Vol.mm3,8.8,Matano_etal_1985_a_Table1,Selected_collection,1985,20
Cebus albifrons,Body_Mass.g,3100,Matano_etal_1985_a_Table1,Selected_collection,1985,20
Cebus albifrons,Cerebellar_nuclei_total_Vol.mm3,173.18,Matano_etal_1985_a_Table1,Selected_collection,1985,20
Cebus albifrons,Medial_cerebellar_nuclei_Vol.mm3,34.68,Matano_etal_1985_a_Table1,Selected_collection,1985,20
Cebus albifrons,Interpositus_cerebellar_nuclei_Vol.mm3,38.98,Matano_etal_1985_a_Table1,Selected_collection,1985,20
Cebus albifrons,Lateral_cerebellar_nuclei_Vol.mm3,99.52,Matano_etal_1985_a_Table1,Selected_collection,1985,20
Aotus trivirgatus,Body_Mass.g,830,Matano_etal_1985_a_Table1,Selected_collection,1985,20
Aotus trivirgatus,Cerebellar_nuclei_total_Vol.mm3,41.45,Matano_etal_1985_a_Table1,Selected_collection,1985,20
Aotus trivirgatus,Medial_cerebellar_nuclei_Vol.mm3,13.01,Matano_etal_1985_a_Table1,Selected_collection,1985,20
Aotus trivirgatus,Interpositus_cerebellar_nuclei_Vol.mm3,11.42,Matano_etal_1985_a_Table1,Selected_collection,1985,20
Aotus trivirgatus,Lateral_cerebellar_nuclei_Vol.mm3,17.02,Matano_etal_1985_a_Table1,Selected_collection,1985,20
Callicebus moloch,Body_Mass.g,900,Matano_etal_1985_a_Table1,Selected_collection,1985,20
Callicebus moloch,Cerebellar_nuclei_total_Vol.mm3,61.41,Matano_etal_1985_a_Table1,Selected_collection,1985,20
Callicebus moloch,Medial_cerebellar_nuclei_Vol.mm3,20.7,Matano_etal_1985_a_Table1,Selected_collection,1985,20
Callicebus moloch,Interpositus_cerebellar_nuclei_Vol.mm3,19.47,Matano_etal_1985_a_Table1,Selected_collection,1985,20
Callicebus moloch,Lateral_cerebellar_nuclei_Vol.mm3,21.24,Matano_etal_1985_a_Table1,Selected_collection,1985,20
Saimiri sciureus,Body_Mass.g,660,Matano_etal_1985_a_Table1,Selected_collection,1985,20
Saimiri sciureus,Cerebellar_nuclei_total_Vol.mm3,73.22,Matano_etal_1985_a_Table1,Selected_collection,1985,20
Saimiri sciureus,Medial_cerebellar_nuclei_Vol.mm3,24.09,Matano_etal_1985_a_Table1,Selected_collection,1985,20
Saimiri sciureus,Interpositus_cerebellar_nuclei_Vol.mm3,21.93,Matano_etal_1985_a_Table1,Selected_collection,1985,20
Saimiri sciureus,Lateral_cerebellar_nuclei_Vol.mm3,27.2,Matano_etal_1985_a_Table1,Selected_collection,1985,20
Pithecia monachus,Body_Mass.g,1500,Matano_etal_1985_a_Table1,Selected_collection,1985,20
Pithecia monachus,Cerebellar_nuclei_total_Vol.mm3,109.36,Matano_etal_1985_a_Table1,Selected_collection,1985,20
Pithecia monachus,Medial_cerebellar_nuclei_Vol.mm3,23.91,Matano_etal_1985_a_Table1,Selected_collection,1985,20
Pithecia monachus,Interpositus_cerebellar_nuclei_Vol.mm3,31.78,Matano_etal_1985_a_Table1,Selected_collection,1985,20
Pithecia monachus,Lateral_cerebellar_nuclei_Vol.mm3,53.67,Matano_etal_1985_a_Table1,Selected_collection,1985,20
Alouatta seniculus,Body_Mass.g,6400,Matano_etal_1985_a_Table1,Selected_collection,1985,20
Alouatta seniculus,Cerebellar_nuclei_total_Vol.mm3,113.79,Matano_etal_1985_a_Table1,Selected_collection,1985,20
Alouatta seniculus,Medial_cerebellar_nuclei_Vol.mm3,27.47,Matano_etal_1985_a_Table1,Selected_collection,1985,20
Alouatta seniculus,Interpositus_cerebellar_nuclei_Vol.mm3,26.57,Matano_etal_1985_a_Table1,Selected_collection,1985,20
Alouatta seniculus,Lateral_cerebellar_nuclei_Vol.mm3,59.75,Matano_etal_1985_a_Table1,Selected_collection,1985,20
Ateles geoffroyi,Body_Mass.g,8000,Matano_etal_1985_a_Table1,Selected_collection,1985,20
Ateles geoffroyi,Cerebellar_nuclei_total_Vol.mm3,209.17,Matano_etal_1985_a_Table1,Selected_collection,1985,20
Ateles geoffroyi,Medial_cerebellar_nuclei_Vol.mm3,34.63,Matano_etal_1985_a_Table1,Selected_collection,1985,20
Ateles geoffroyi,Interpositus_cerebellar_nuclei_Vol.mm3,59.75,Matano_etal_1985_a_Table1,Selected_collection,1985,20
Ateles geoffroyi,Lateral_cerebellar_nuclei_Vol.mm3,114.79,Matano_etal_1985_a_Table1,Selected_collection,1985,20
Lagothrix lagothricha,Body_Mass.g,5200,Matano_etal_1985_a_Table1,Selected_collection,1985,20
Lagothrix lagothricha,Cerebellar_nuclei_total_Vol.mm3,212.95,Matano_etal_1985_a_Table1,Selected_collection,1985,20
Lagothrix lagothricha,Medial_cerebellar_nuclei_Vol.mm3,44.15,Matano_etal_1985_a_Table1,Selected_collection,1985,20
Lagothrix lagothricha,Interpositus_cerebellar_nuclei_Vol.mm3,60.23,Matano_etal_1985_a_Table1,Selected_collection,1985,20
Lagothrix lagothricha,Lateral_cerebellar_nuclei_Vol.mm3,108.57,Matano_etal_1985_a_Table1,Selected_collection,1985,20
Macaca mulatta,Body_Mass.g,7800,Matano_etal_1985_a_Table1,Selected_collection,1985,20
Macaca mulatta,Cerebellar_nuclei_total_Vol.mm3,235.31,Matano_etal_1985_a_Table1,Selected_collection,1985,20
Macaca mulatta,Medial_cerebellar_nuclei_Vol.mm3,53.24,Matano_etal_1985_a_Table1,Selected_collection,1985,20
Macaca mulatta,Interpositus_cerebellar_nuclei_Vol.mm3,75.13,Matano_etal_1985_a_Table1,Selected_collection,1985,20
Macaca mulatta,Lateral_cerebellar_nuclei_Vol.mm3,106.94,Matano_etal_1985_a_Table1,Selected_collection,1985,20
Lophocebus albigena,Body_Mass.g,7900,Matano_etal_1985_a_Table1,Selected_collection,1985,20
Lophocebus albigena,Cerebellar_nuclei_total_Vol.mm3,232.63,Matano_etal_1985_a_Table1,Selected_collection,1985,20
Lophocebus albigena,Medial_cerebellar_nuclei_Vol.mm3,44.7,Matano_etal_1985_a_Table1,Selected_collection,1985,20
Lophocebus albigena,Interpositus_cerebellar_nuclei_Vol.mm3,74.6,Matano_etal_1985_a_Table1,Selected_collection,1985,20
Lophocebus albigena,Lateral_cerebellar_nuclei_Vol.mm3,113.33,Matano_etal_1985_a_Table1,Selected_collection,1985,20
Papio anubis,Body_Mass.g,25000,Matano_etal_1985_a_Table1,Selected_collection,1985,20
Papio anubis,Cerebellar_nuclei_total_Vol.mm3,379.04,Matano_etal_1985_a_Table1,Selected_collection,1985,20
Papio anubis,Medial_cerebellar_nuclei_Vol.mm3,58.78,Matano_etal_1985_a_Table1,Selected_collection,1985,20
Papio anubis,Interpositus_cerebellar_nuclei_Vol.mm3,99.91,Matano_etal_1985_a_Table1,Selected_collection,1985,20
Papio anubis,Lateral_cerebellar_nuclei_Vol.mm3,220.35,Matano_etal_1985_a_Table1,Selected_collection,1985,20
Cercopithecus ascanius,Body_Mass.g,3400,Matano_etal_1985_a_Table1,Selected_collection,1985,20
Cercopithecus ascanius,Cerebellar_nuclei_total_Vol.mm3,143.98,Matano_etal_1985_a_Table1,Selected_collection,1985,20
Cercopithecus ascanius,Medial_cerebellar_nuclei_Vol.mm3,34.61,Matano_etal_1985_a_Table1,Selected_collection,1985,20
Cercopithecus ascanius,Interpositus_cerebellar_nuclei_Vol.mm3,41.7,Matano_etal_1985_a_Table1,Selected_collection,1985,20
Cercopithecus ascanius,Lateral_cerebellar_nuclei_Vol.mm3,67.67,Matano_etal_1985_a_Table1,Selected_collection,1985,20
Cercopithecus mitis,Body_Mass.g,6300,Matano_etal_1985_a_Table1,Selected_collection,1985,20
Cercopithecus mitis,Cerebellar_nuclei_total_Vol.mm3,171.16,Matano_etal_1985_a_Table1,Selected_collection,1985,20
Cercopithecus mitis,Medial_cerebellar_nuclei_Vol.mm3,34.23,Matano_etal_1985_a_Table1,Selected_collection,1985,20
Cercopithecus mitis,Interpositus_cerebellar_nuclei_Vol.mm3,54.55,Matano_etal_1985_a_Table1,Selected_collection,1985,20
Cercopithecus mitis,Lateral_cerebellar_nuclei_Vol.mm3,82.38,Matano_etal_1985_a_Table1,Selected_collection,1985,20
Miopithecus talapoin,Body_Mass.g,1200,Matano_etal_1985_a_Table1,Selected_collection,1985,20
Miopithecus talapoin,Cerebellar_nuclei_total_Vol.mm3,78.95,Matano_etal_1985_a_Table1,Selected_collection,1985,20
Miopithecus talapoin,Medial_cerebellar_nuclei_Vol.mm3,18.69,Matano_etal_1985_a_Table1,Selected_collection,1985,20
Miopithecus talapoin,Interpositus_cerebellar_nuclei_Vol.mm3,26.42,Matano_etal_1985_a_Table1,Selected_collection,1985,20
Miopithecus talapoin,Lateral_cerebellar_nuclei_Vol.mm3,33.84,Matano_etal_1985_a_Table1,Selected_collection,1985,20
Erythrocebus patas,Body_Mass.g,7800,Matano_etal_1985_a_Table1,Selected_collection,1985,20
Erythrocebus patas,Cerebellar_nuclei_total_Vol.mm3,295.09,Matano_etal_1985_a_Table1,Selected_collection,1985,20
Erythrocebus patas,Medial_cerebellar_nuclei_Vol.mm3,73.71,Matano_etal_1985_a_Table1,Selected_collection,1985,20
Erythrocebus patas,Interpositus_cerebellar_nuclei_Vol.mm3,95.07,Matano_etal_1985_a_Table1,Selected_collection,1985,20
Erythrocebus patas,Lateral_cerebellar_nuclei_Vol.mm3,126.31,Matano_etal_1985_a_Table1,Selected_collection,1985,20
Piliocolobus badius,Body_Mass.g,7000,Matano_etal_1985_a_Table1,Selected_collection,1985,20
Piliocolobus badius,Cerebellar_nuclei_total_Vol.mm3,190.92,Matano_etal_1985_a_Table1,Selected_collection,1985,20
Piliocolobus badius,Medial_cerebellar_nuclei_Vol.mm3,34.64,Matano_etal_1985_a_Table1,Selected_collection,1985,20
Piliocolobus badius,Interpositus_cerebellar_nuclei_Vol.mm3,57.76,Matano_etal_1985_a_Table1,Selected_collection,1985,20
Piliocolobus badius,Lateral_cerebellar_nuclei_Vol.mm3,98.52,Matano_etal_1985_a_Table1,Selected_collection,1985,20
Pygathrix nemaeus,Body_Mass.g,7500,Matano_etal_1985_a_Table1,Selected_collection,1985,20
Pygathrix nemaeus,Cerebellar_nuclei_total_Vol.mm3,265.75,Matano_etal_1985_a_Table1,Selected_collection,1985,20
Pygathrix nemaeus,Medial_cerebellar_nuclei_Vol.mm3,47.94,Matano_etal_1985_a_Table1,Selected_collection,1985,20
Pygathrix nemaeus,Interpositus_cerebellar_nuclei_Vol.mm3,80.76,Matano_etal_1985_a_Table1,Selected_collection,1985,20
Pygathrix nemaeus,Lateral_cerebellar_nuclei_Vol.mm3,137.05,Matano_etal_1985_a_Table1,Selected_collection,1985,20
Nasalis larvatus,Body_Mass.g,14000,Matano_etal_1985_a_Table1,Selected_collection,1985,20
Nasalis larvatus,Cerebellar_nuclei_total_Vol.mm3,340.36,Matano_etal_1985_a_Table1,Selected_collection,1985,20
Nasalis larvatus,Medial_cerebellar_nuclei_Vol.mm3,85.55,Matano_etal_1985_a_Table1,Selected_collection,1985,20
Nasalis larvatus,Interpositus_cerebellar_nuclei_Vol.mm3,105.48,Matano_etal_1985_a_Table1,Selected_collection,1985,20
Nasalis larvatus,Lateral_cerebellar_nuclei_Vol.mm3,149.33,Matano_etal_1985_a_Table1,Selected_collection,1985,20
Hylobates lar,Body_Mass.g,5700,Matano_etal_1985_a_Table1,Selected_collection,1985,20
Hylobates lar,Cerebellar_nuclei_total_Vol.mm3,242.09,Matano_etal_1985_a_Table1,Selected_collection,1985,20
Hylobates lar,Medial_cerebellar_nuclei_Vol.mm3,35.41,Matano_etal_1985_a_Table1,Selected_collection,1985,20
Hylobates lar,Interpositus_cerebellar_nuclei_Vol.mm3,65.6,Matano_etal_1985_a_Table1,Selected_collection,1985,20
Hylobates lar,Lateral_cerebellar_nuclei_Vol.mm3,141.08,Matano_etal_1985_a_Table1,Selected_collection,1985,20
Pan troglodytes,Body_Mass.g,46000,Matano_etal_1985_a_Table1,Selected_collection,1985,20
Pan troglodytes,Cerebellar_nuclei_total_Vol.mm3,601.42,Matano_etal_1985_a_Table1,Selected_collection,1985,20
Pan troglodytes,Medial_cerebellar_nuclei_Vol.mm3,58.32,Matano_etal_1985_a_Table1,Selected_collection,1985,20
Pan troglodytes,Interpositus_cerebellar_nuclei_Vol.mm3,87.27,Matano_etal_1985_a_Table1,Selected_collection,1985,20
Pan troglodytes,Lateral_cerebellar_nuclei_Vol.mm3,455.83,Matano_etal_1985_a_Table1,Selected_collection,1985,20
Gorilla sp.,Body_Mass.g,105000,Matano_etal_1985_a_Table1,Selected_collection,1985,20
Gorilla sp.,Cerebellar_nuclei_total_Vol.mm3,740.4,Matano_etal_1985_a_Table1,Selected_collection,1985,20
Gorilla sp.,Medial_cerebellar_nuclei_Vol.mm3,93.44,Matano_etal_1985_a_Table1,Selected_collection,1985,20
Gorilla sp.,Interpositus_cerebellar_nuclei_Vol.mm3,112.36,Matano_etal_1985_a_Table1,Selected_collection,1985,20
Gorilla sp.,Lateral_cerebellar_nuclei_Vol.mm3,534.6,Matano_etal_1985_a_Table1,Selected_collection,1985,20
Homo sapiens,Body_Mass.g,65000,Matano_etal_1985_a_Table1,Selected_collection,1985,20
Homo sapiens,Cerebellar_nuclei_total_Vol.mm3,1513.78,Matano_etal_1985_a_Table1,Selected_collection,1985,20
Homo sapiens,Medial_cerebellar_nuclei_Vol.mm3,156.4,Matano_etal_1985_a_Table1,Selected_collection,1985,20
Homo sapiens,Interpositus_cerebellar_nuclei_Vol.mm3,190.48,Matano_etal_1985_a_Table1,Selected_collection,1985,20
Homo sapiens,Lateral_cerebellar_nuclei_Vol.mm3,1166.9,Matano_etal_1985_a_Table1,Selected_collection,1985,20
Tenrec ecaudatus,Body_Mass.g,832,Matano_etal_1985_b_Table1,Selected_collection,1985,21
Tenrec ecaudatus,Ventral_pons_Vol.mm3,2.51,Matano_etal_1985_b_Table1,Selected_collection,1985,21
Echinops telfairi,Body_Mass.g,87.5,Matano_etal_1985_b_Table1,Selected_collection,1985,21
Echinops telfairi,Ventral_pons_Vol.mm3,0.49,Matano_etal_1985_b_Table1,Selected_collection,1985,21
Tupaia glis,Body_Mass.g,170,Matano_etal_1985_b_Table1,Selected_collection,1985,21
Tupaia glis,Ventral_pons_Vol.mm3,13.8,Matano_etal_1985_b_Table1,Selected_collection,1985,21
Urogale everetti,Body_Mass.g,275,Matano_etal_1985_b_Table1,Selected_collection,1985,21
Urogale everetti,Ventral_pons_Vol.mm3,18.6,Matano_etal_1985_b_Table1,Selected_collection,1985,21
Microcebus murinus,Body_Mass.g,54,Matano_etal_1985_b_Table1,Selected_collection,1985,21
Microcebus murinus,Ventral_pons_Vol.mm3,5.9,Matano_etal_1985_b_Table1,Selected_collection,1985,21
Cheirogaleus major,Body_Mass.g,450,Matano_etal_1985_b_Table1,Selected_collection,1985,21
Cheirogaleus major,Ventral_pons_Vol.mm3,27.4,Matano_etal_1985_b_Table1,Selected_collection,1985,21
Cheirogaleus medius,Body_Mass.g,177,Matano_etal_1985_b_Table1,Selected_collection,1985,21
Cheirogaleus medius,Ventral_pons_Vol.mm3,13,Matano_etal_1985_b_Table1,Selected_collection,1985,21
Eulemur fulvus,Body_Mass.g,1400,Matano_etal_1985_b_Table1,Selected_collection,1985,21
Eulemur fulvus,Ventral_pons_Vol.mm3,136.9,Matano_etal_1985_b_Table1,Selected_collection,1985,21
Varecia variegata,Body_Mass.g,3000,Matano_etal_1985_b_Table1,Selected_collection,1985,21
Varecia variegata,Ventral_pons_Vol.mm3,168.8,Matano_etal_1985_b_Table1,Selected_collection,1985,21
Lepilemur ruficaudatus,Body_Mass.g,915,Matano_etal_1985_b_Table1,Selected_collection,1985,21
Lepilemur ruficaudatus,Ventral_pons_Vol.mm3,26.2,Matano_etal_1985_b_Table1,Selected_collection,1985,21
Avahi laniger,Body_Mass.g,1285,Matano_etal_1985_b_Table1,Selected_collection,1985,21
Avahi laniger,Ventral_pons_Vol.mm3,60.9,Matano_etal_1985_b_Table1,Selected_collection,1985,21
Avahi occidentalis,Body_Mass.g,860,Matano_etal_1985_b_Table1,Selected_collection,1985,21
Avahi occidentalis,Ventral_pons_Vol.mm3,60.3,Matano_etal_1985_b_Table1,Selected_collection,1985,21
Propithecus verreauxi,Body_Mass.g,3480,Matano_etal_1985_b_Table1,Selected_collection,1985,21
Propithecus verreauxi,Ventral_pons_Vol.mm3,169.3,Matano_etal_1985_b_Table1,Selected_collection,1985,21
Indri indri,Body_Mass.g,6250,Matano_etal_1985_b_Table1,Selected_collection,1985,21
Indri indri,Ventral_pons_Vol.mm3,186.3,Matano_etal_1985_b_Table1,Selected_collection,1985,21
Daubentonia madagascariensis,Body_Mass.g,2800,Matano_etal_1985_b_Table1,Selected_collection,1985,21
Daubentonia madagascariensis,Ventral_pons_Vol.mm3,304.8,Matano_etal_1985_b_Table1,Selected_collection,1985,21
Loris tardigradus,Body_Mass.g,322,Matano_etal_1985_b_Table1,Selected_collection,1985,21
Loris tardigradus,Ventral_pons_Vol.mm3,28.9,Matano_etal_1985_b_Table1,Selected_collection,1985,21
Nycticebus coucang,Body_Mass.g,800,Matano_etal_1985_b_Table1,Selected_collection,1985,21
Nycticebus coucang,Ventral_pons_Vol.mm3,63.8,Matano_etal_1985_b_Table1,Selected_collection,1985,21
Perodicticus potto,Body_Mass.g,1150,Matano_etal_1985_b_Table1,Selected_collection,1985,21
Perodicticus potto,Ventral_pons_Vol.mm3,77.7,Matano_etal_1985_b_Table1,Selected_collection,1985,21
Galago senegalensis,Body_Mass.g,186,Matano_etal_1985_b_Table1,Selected_collection,1985,21
Galago senegalensis,Ventral_pons_Vol.mm3,21,Matano_etal_1985_b_Table1,Selected_collection,1985,21
Otolemur crassicaudatus,Body_Mass.g,850,Matano_etal_1985_b_Table1,Selected_collection,1985,21
Otolemur crassicaudatus,Ventral_pons_Vol.mm3,54.5,Matano_etal_1985_b_Table1,Selected_collection,1985,21
Galagoides demidoff,Body_Mass.g,81,Matano_etal_1985_b_Table1,Selected_collection,1985,21
Galagoides demidoff,Ventral_pons_Vol.mm3,13.6,Matano_etal_1985_b_Table1,Selected_collection,1985,21
Tarsius sp.,Body_Mass.g,125,Matano_etal_1985_b_Table1,Selected_collection,1985,21
Tarsius sp.,Ventral_pons_Vol.mm3,16.5,Matano_etal_1985_b_Table1,Selected_collection,1985,21
Callithrix jacchus,Body_Mass.g,280,Matano_etal_1985_b_Table1,Selected_collection,1985,21
Callithrix jacchus,Ventral_pons_Vol.mm3,38.8,Matano_etal_1985_b_Table1,Selected_collection,1985,21
Callithrix pygmaea,Body_Mass.g,120,Matano_etal_1985_b_Table1,Selected_collection,1985,21
Callithrix pygmaea,Ventral_pons_Vol.mm3,17.5,Matano_etal_1985_b_Table1,Selected_collection,1985,21
Saguinus midas,Body_Mass.g,340,Matano_etal_1985_b_Table1,Selected_collection,1985,21
Saguinus midas,Ventral_pons_Vol.mm3,45.7,Matano_etal_1985_b_Table1,Selected_collection,1985,21
Saguinus oedipus,Body_Mass.g,380,Matano_etal_1985_b_Table1,Selected_collection,1985,21
Saguinus oedipus,Ventral_pons_Vol.mm3,50.9,Matano_etal_1985_b_Table1,Selected_collection,1985,21
Cebus albifrons,Body_Mass.g,3100,Matano_etal_1985_b_Table1,Selected_collection,1985,21
Cebus albifrons,Ventral_pons_Vol.mm3,682.2,Matano_etal_1985_b_Table1,Selected_collection,1985,21
Aotus trivirgatus,Body_Mass.g,830,Matano_etal_1985_b_Table1,Selected_collection,1985,21
Aotus trivirgatus,Ventral_pons_Vol.mm3,112.1,Matano_etal_1985_b_Table1,Selected_collection,1985,21
Callicebus moloch,Body_Mass.g,900,Matano_etal_1985_b_Table1,Selected_collection,1985,21
Callicebus moloch,Ventral_pons_Vol.mm3,105.9,Matano_etal_1985_b_Table1,Selected_collection,1985,21
Saimiri sciureus,Body_Mass.g,660,Matano_etal_1985_b_Table1,Selected_collection,1985,21
Saimiri sciureus,Ventral_pons_Vol.mm3,135.2,Matano_etal_1985_b_Table1,Selected_collection,1985,21
Pithecia monachus,Body_Mass.g,1500,Matano_etal_1985_b_Table1,Selected_collection,1985,21
Pithecia monachus,Ventral_pons_Vol.mm3,211.8,Matano_etal_1985_b_Table1,Selected_collection,1985,21
Alouatta seniculus,Body_Mass.g,6400,Matano_etal_1985_b_Table1,Selected_collection,1985,21
Alouatta seniculus,Ventral_pons_Vol.mm3,394.3,Matano_etal_1985_b_Table1,Selected_collection,1985,21
Ateles geoffroyi,Body_Mass.g,8000,Matano_etal_1985_b_Table1,Selected_collection,1985,21
Ateles geoffroyi,Ventral_pons_Vol.mm3,813.3,Matano_etal_1985_b_Table1,Selected_collection,1985,21
Lagothrix lagothricha,Body_Mass.g,5200,Matano_etal_1985_b_Table1,Selected_collection,1985,21
Lagothrix lagothricha,Ventral_pons_Vol.mm3,725.6,Matano_etal_1985_b_Table1,Selected_collection,1985,21
Macaca mulatta,Body_Mass.g,7800,Matano_etal_1985_b_Table1,Selected_collection,1985,21
Macaca mulatta,Ventral_pons_Vol.mm3,639.2,Matano_etal_1985_b_Table1,Selected_collection,1985,21
Lophocebus albigena,Body_Mass.g,7900,Matano_etal_1985_b_Table1,Selected_collection,1985,21
Lophocebus albigena,Ventral_pons_Vol.mm3,873.3,Matano_etal_1985_b_Table1,Selected_collection,1985,21
Papio anubis,Body_Mass.g,25000,Matano_etal_1985_b_Table1,Selected_collection,1985,21
Papio anubis,Ventral_pons_Vol.mm3,2177.7,Matano_etal_1985_b_Table1,Selected_collection,1985,21
Cercopithecus ascanius,Body_Mass.g,3400,Matano_etal_1985_b_Table1,Selected_collection,1985,21
Cercopithecus ascanius,Ventral_pons_Vol.mm3,520.2,Matano_etal_1985_b_Table1,Selected_collection,1985,21
Cercopithecus mitis,Body_Mass.g,6300,Matano_etal_1985_b_Table1,Selected_collection,1985,21
Cercopithecus mitis,Ventral_pons_Vol.mm3,517.6,Matano_etal_1985_b_Table1,Selected_collection,1985,21
Miopithecus talapoin,Body_Mass.g,1200,Matano_etal_1985_b_Table1,Selected_collection,1985,21
Miopithecus talapoin,Ventral_pons_Vol.mm3,273.7,Matano_etal_1985_b_Table1,Selected_collection,1985,21
Erythrocebus patas,Body_Mass.g,7800,Matano_etal_1985_b_Table1,Selected_collection,1985,21
Erythrocebus patas,Ventral_pons_Vol.mm3,814.5,Matano_etal_1985_b_Table1,Selected_collection,1985,21
Piliocolobus badius,Body_Mass.g,7000,Matano_etal_1985_b_Table1,Selected_collection,1985,21
Piliocolobus badius,Ventral_pons_Vol.mm3,646.4,Matano_etal_1985_b_Table1,Selected_collection,1985,21
Pygathrix nemaeus,Body_Mass.g,7500,Matano_etal_1985_b_Table1,Selected_collection,1985,21
Pygathrix nemaeus,Ventral_pons_Vol.mm3,708.5,Matano_etal_1985_b_Table1,Selected_collection,1985,21
Nasalis larvatus,Body_Mass.g,14000,Matano_etal_1985_b_Table1,Selected_collection,1985,21
Nasalis larvatus,Ventral_pons_Vol.mm3,967.4,Matano_etal_1985_b_Table1,Selected_collection,1985,21
Hylobates lar,Body_Mass.g,5700,Matano_etal_1985_b_Table1,Selected_collection,1985,21
Hylobates lar,Ventral_pons_Vol.mm3,1167.9,Matano_etal_1985_b_Table1,Selected_collection,1985,21
Pan troglodytes,Body_Mass.g,46000,Matano_etal_1985_b_Table1,Selected_collection,1985,21
Pan troglodytes,Ventral_pons_Vol.mm3,3990.6,Matano_etal_1985_b_Table1,Selected_collection,1985,21
Gorilla sp.,Body_Mass.g,105000,Matano_etal_1985_b_Table1,Selected_collection,1985,21
Gorilla sp.,Ventral_pons_Vol.mm3,5400.6,Matano_etal_1985_b_Table1,Selected_collection,1985,21
Homo sapiens,Body_Mass.g,65000,Matano_etal_1985_b_Table1,Selected_collection,1985,21
Homo sapiens,Ventral_pons_Vol.mm3,10477.9,Matano_etal_1985_b_Table1,Selected_collection,1985,21
Tupaia glis,Body_Mass.g,170,Matano__1986_TableI,Selected_collection,1986,22
Tupaia glis,Nucleus_vestibularis_superior_unilateral_Vol.mm3,2.16,Matano__1986_TableI,Selected_collection,1986,22
Tupaia glis,Nucleus_vestibularis_lateralis_unilateral_Vol.mm3,2.07,Matano__1986_TableI,Selected_collection,1986,22
Tupaia glis,Nucleus_vestibularis_medialis_unilateral_Vol.mm3,3.27,Matano__1986_TableI,Selected_collection,1986,22
Tupaia glis,Nucleus_vestibularis_descendens_unilateral_Vol.mm3,2.62,Matano__1986_TableI,Selected_collection,1986,22
Tupaia glis,Complexus_vestibularis_unilateral_Vol.mm3,10.1,Matano__1986_TableI,Selected_collection,1986,22
Urogale everetti,Body_Mass.g,275,Matano__1986_TableI,Selected_collection,1986,22
Urogale everetti,Nucleus_vestibularis_superior_unilateral_Vol.mm3,1.91,Matano__1986_TableI,Selected_collection,1986,22
Urogale everetti,Nucleus_vestibularis_lateralis_unilateral_Vol.mm3,2.33,Matano__1986_TableI,Selected_collection,1986,22
Urogale everetti,Nucleus_vestibularis_medialis_unilateral_Vol.mm3,4.68,Matano__1986_TableI,Selected_collection,1986,22
Urogale everetti,Nucleus_vestibularis_descendens_unilateral_Vol.mm3,3.59,Matano__1986_TableI,Selected_collection,1986,22
Urogale everetti,Complexus_vestibularis_unilateral_Vol.mm3,12.5,Matano__1986_TableI,Selected_collection,1986,22
Microcebus murinus,Body_Mass.g,54,Matano__1986_TableI,Selected_collection,1986,22
Microcebus murinus,Nucleus_vestibularis_superior_unilateral_Vol.mm3,0.679,Matano__1986_TableI,Selected_collection,1986,22
Microcebus murinus,Nucleus_vestibularis_lateralis_unilateral_Vol.mm3,0.76,Matano__1986_TableI,Selected_collection,1986,22
Microcebus murinus,Nucleus_vestibularis_medialis_unilateral_Vol.mm3,1.5,Matano__1986_TableI,Selected_collection,1986,22
Microcebus murinus,Nucleus_vestibularis_descendens_unilateral_Vol.mm3,1.08,Matano__1986_TableI,Selected_collection,1986,22
Microcebus murinus,Complexus_vestibularis_unilateral_Vol.mm3,4.02,Matano__1986_TableI,Selected_collection,1986,22
Cheirogaleus major,Body_Mass.g,450,Matano__1986_TableI,Selected_collection,1986,22
Cheirogaleus major,Nucleus_vestibularis_superior_unilateral_Vol.mm3,1.86,Matano__1986_TableI,Selected_collection,1986,22
Cheirogaleus major,Nucleus_vestibularis_lateralis_unilateral_Vol.mm3,1.78,Matano__1986_TableI,Selected_collection,1986,22
Cheirogaleus major,Nucleus_vestibularis_medialis_unilateral_Vol.mm3,4.18,Matano__1986_TableI,Selected_collection,1986,22
Cheirogaleus major,Nucleus_vestibularis_descendens_unilateral_Vol.mm3,3.27,Matano__1986_TableI,Selected_collection,1986,22
Cheirogaleus major,Complexus_vestibularis_unilateral_Vol.mm3,11.1,Matano__1986_TableI,Selected_collection,1986,22
C. medius,Body_Mass.g,177,Matano__1986_TableI,Selected_collection,1986,22
C. medius,Nucleus_vestibularis_superior_unilateral_Vol.mm3,1.36,Matano__1986_TableI,Selected_collection,1986,22
C. medius,Nucleus_vestibularis_lateralis_unilateral_Vol.mm3,1,Matano__1986_TableI,Selected_collection,1986,22
C. medius,Nucleus_vestibularis_medialis_unilateral_Vol.mm3,2.03,Matano__1986_TableI,Selected_collection,1986,22
C. medius,Nucleus_vestibularis_descendens_unilateral_Vol.mm3,1.61,Matano__1986_TableI,Selected_collection,1986,22
C. medius,Complexus_vestibularis_unilateral_Vol.mm3,6,Matano__1986_TableI,Selected_collection,1986,22
Eulemur albifrons,Body_Mass.g,1400,Matano__1986_TableI,Selected_collection,1986,22
Eulemur albifrons,Nucleus_vestibularis_superior_unilateral_Vol.mm3,6.22,Matano__1986_TableI,Selected_collection,1986,22
Eulemur albifrons,Nucleus_vestibularis_lateralis_unilateral_Vol.mm3,5.9,Matano__1986_TableI,Selected_collection,1986,22
Eulemur albifrons,Nucleus_vestibularis_medialis_unilateral_Vol.mm3,9.75,Matano__1986_TableI,Selected_collection,1986,22
Eulemur albifrons,Nucleus_vestibularis_descendens_unilateral_Vol.mm3,9.27,Matano__1986_TableI,Selected_collection,1986,22
Eulemur albifrons,Complexus_vestibularis_unilateral_Vol.mm3,31.1,Matano__1986_TableI,Selected_collection,1986,22
Varecia variegata,Body_Mass.g,3000,Matano__1986_TableI,Selected_collection,1986,22
Varecia variegata,Nucleus_vestibularis_superior_unilateral_Vol.mm3,6.92,Matano__1986_TableI,Selected_collection,1986,22
Varecia variegata,Nucleus_vestibularis_lateralis_unilateral_Vol.mm3,7.86,Matano__1986_TableI,Selected_collection,1986,22
Varecia variegata,Nucleus_vestibularis_medialis_unilateral_Vol.mm3,14.8,Matano__1986_TableI,Selected_collection,1986,22
Varecia variegata,Nucleus_vestibularis_descendens_unilateral_Vol.mm3,13.8,Matano__1986_TableI,Selected_collection,1986,22
Varecia variegata,Complexus_vestibularis_unilateral_Vol.mm3,43.4,Matano__1986_TableI,Selected_collection,1986,22
Lepilemur ruficaudatus,Body_Mass.g,915,Matano__1986_TableI,Selected_collection,1986,22
Lepilemur ruficaudatus,Nucleus_vestibularis_superior_unilateral_Vol.mm3,2.11,Matano__1986_TableI,Selected_collection,1986,22
Lepilemur ruficaudatus,Nucleus_vestibularis_lateralis_unilateral_Vol.mm3,2.38,Matano__1986_TableI,Selected_collection,1986,22
Lepilemur ruficaudatus,Nucleus_vestibularis_medialis_unilateral_Vol.mm3,5.92,Matano__1986_TableI,Selected_collection,1986,22
Lepilemur ruficaudatus,Nucleus_vestibularis_descendens_unilateral_Vol.mm3,4.47,Matano__1986_TableI,Selected_collection,1986,22
Lepilemur ruficaudatus,Complexus_vestibularis_unilateral_Vol.mm3,14.9,Matano__1986_TableI,Selected_collection,1986,22
Avahi laniger laniger,Body_Mass.g,1285,Matano__1986_TableI,Selected_collection,1986,22
Avahi laniger laniger,Nucleus_vestibularis_superior_unilateral_Vol.mm3,4.27,Matano__1986_TableI,Selected_collection,1986,22
Avahi laniger laniger,Nucleus_vestibularis_lateralis_unilateral_Vol.mm3,5.02,Matano__1986_TableI,Selected_collection,1986,22
Avahi laniger laniger,Nucleus_vestibularis_medialis_unilateral_Vol.mm3,9.21,Matano__1986_TableI,Selected_collection,1986,22
Avahi laniger laniger,Nucleus_vestibularis_descendens_unilateral_Vol.mm3,5.19,Matano__1986_TableI,Selected_collection,1986,22
Avahi laniger laniger,Complexus_vestibularis_unilateral_Vol.mm3,23.7,Matano__1986_TableI,Selected_collection,1986,22
A. l. occidentalis,Body_Mass.g,860,Matano__1986_TableI,Selected_collection,1986,22
A. l. occidentalis,Nucleus_vestibularis_superior_unilateral_Vol.mm3,3.1,Matano__1986_TableI,Selected_collection,1986,22
A. l. occidentalis,Nucleus_vestibularis_lateralis_unilateral_Vol.mm3,3.32,Matano__1986_TableI,Selected_collection,1986,22
A. l. occidentalis,Nucleus_vestibularis_medialis_unilateral_Vol.mm3,6.86,Matano__1986_TableI,Selected_collection,1986,22
A. l. occidentalis,Nucleus_vestibularis_descendens_unilateral_Vol.mm3,4.81,Matano__1986_TableI,Selected_collection,1986,22
A. l. occidentalis,Complexus_vestibularis_unilateral_Vol.mm3,18.1,Matano__1986_TableI,Selected_collection,1986,22
Propithecus verreauxi,Body_Mass.g,3480,Matano__1986_TableI,Selected_collection,1986,22
Propithecus verreauxi,Nucleus_vestibularis_superior_unilateral_Vol.mm3,8.18,Matano__1986_TableI,Selected_collection,1986,22
Propithecus verreauxi,Nucleus_vestibularis_lateralis_unilateral_Vol.mm3,7.37,Matano__1986_TableI,Selected_collection,1986,22
Propithecus verreauxi,Nucleus_vestibularis_medialis_unilateral_Vol.mm3,15.3,Matano__1986_TableI,Selected_collection,1986,22
Propithecus verreauxi,Nucleus_vestibularis_descendens_unilateral_Vol.mm3,12.4,Matano__1986_TableI,Selected_collection,1986,22
Propithecus verreauxi,Complexus_vestibularis_unilateral_Vol.mm3,43.3,Matano__1986_TableI,Selected_collection,1986,22
Indri indri,Body_Mass.g,6250,Matano__1986_TableI,Selected_collection,1986,22
Indri indri,Nucleus_vestibularis_superior_unilateral_Vol.mm3,7.8,Matano__1986_TableI,Selected_collection,1986,22
Indri indri,Nucleus_vestibularis_lateralis_unilateral_Vol.mm3,9.51,Matano__1986_TableI,Selected_collection,1986,22
Indri indri,Nucleus_vestibularis_medialis_unilateral_Vol.mm3,22.2,Matano__1986_TableI,Selected_collection,1986,22
Indri indri,Nucleus_vestibularis_descendens_unilateral_Vol.mm3,11.8,Matano__1986_TableI,Selected_collection,1986,22
Indri indri,Complexus_vestibularis_unilateral_Vol.mm3,51.3,Matano__1986_TableI,Selected_collection,1986,22
Daubentonia madagascariensis,Body_Mass.g,2800,Matano__1986_TableI,Selected_collection,1986,22
Daubentonia madagascariensis,Nucleus_vestibularis_superior_unilateral_Vol.mm3,8.45,Matano__1986_TableI,Selected_collection,1986,22
Daubentonia madagascariensis,Nucleus_vestibularis_lateralis_unilateral_Vol.mm3,8.13,Matano__1986_TableI,Selected_collection,1986,22
Daubentonia madagascariensis,Nucleus_vestibularis_medialis_unilateral_Vol.mm3,18,Matano__1986_TableI,Selected_collection,1986,22
Daubentonia madagascariensis,Nucleus_vestibularis_descendens_unilateral_Vol.mm3,12.7,Matano__1986_TableI,Selected_collection,1986,22
Daubentonia madagascariensis,Complexus_vestibularis_unilateral_Vol.mm3,47.3,Matano__1986_TableI,Selected_collection,1986,22
Loris tardigradus,Body_Mass.g,322,Matano__1986_TableI,Selected_collection,1986,22
Loris tardigradus,Nucleus_vestibularis_superior_unilateral_Vol.mm3,1.61,Matano__1986_TableI,Selected_collection,1986,22
Loris tardigradus,Nucleus_vestibularis_lateralis_unilateral_Vol.mm3,1.22,Matano__1986_TableI,Selected_collection,1986,22
Loris tardigradus,Nucleus_vestibularis_medialis_unilateral_Vol.mm3,3.55,Matano__1986_TableI,Selected_collection,1986,22
Loris tardigradus,Nucleus_vestibularis_descendens_unilateral_Vol.mm3,2.08,Matano__1986_TableI,Selected_collection,1986,22
Loris tardigradus,Complexus_vestibularis_unilateral_Vol.mm3,8.46,Matano__1986_TableI,Selected_collection,1986,22
Nycticebus coucang,Body_Mass.g,800,Matano__1986_TableI,Selected_collection,1986,22
Nycticebus coucang,Nucleus_vestibularis_superior_unilateral_Vol.mm3,3.03,Matano__1986_TableI,Selected_collection,1986,22
Nycticebus coucang,Nucleus_vestibularis_lateralis_unilateral_Vol.mm3,3.05,Matano__1986_TableI,Selected_collection,1986,22
Nycticebus coucang,Nucleus_vestibularis_medialis_unilateral_Vol.mm3,7.32,Matano__1986_TableI,Selected_collection,1986,22
Nycticebus coucang,Nucleus_vestibularis_descendens_unilateral_Vol.mm3,5.14,Matano__1986_TableI,Selected_collection,1986,22
Nycticebus coucang,Complexus_vestibularis_unilateral_Vol.mm3,18.5,Matano__1986_TableI,Selected_collection,1986,22
Perodicticus potto,Body_Mass.g,1150,Matano__1986_TableI,Selected_collection,1986,22
Perodicticus potto,Nucleus_vestibularis_superior_unilateral_Vol.mm3,2.86,Matano__1986_TableI,Selected_collection,1986,22
Perodicticus potto,Nucleus_vestibularis_lateralis_unilateral_Vol.mm3,2.66,Matano__1986_TableI,Selected_collection,1986,22
Perodicticus potto,Nucleus_vestibularis_medialis_unilateral_Vol.mm3,7.87,Matano__1986_TableI,Selected_collection,1986,22
Perodicticus potto,Nucleus_vestibularis_descendens_unilateral_Vol.mm3,3.88,Matano__1986_TableI,Selected_collection,1986,22
Perodicticus potto,Complexus_vestibularis_unilateral_Vol.mm3,17.3,Matano__1986_TableI,Selected_collection,1986,22
Galago senegalensis,Body_Mass.g,186,Matano__1986_TableI,Selected_collection,1986,22
Galago senegalensis,Nucleus_vestibularis_superior_unilateral_Vol.mm3,1.36,Matano__1986_TableI,Selected_collection,1986,22
Galago senegalensis,Nucleus_vestibularis_lateralis_unilateral_Vol.mm3,1.43,Matano__1986_TableI,Selected_collection,1986,22
Galago senegalensis,Nucleus_vestibularis_medialis_unilateral_Vol.mm3,3.42,Matano__1986_TableI,Selected_collection,1986,22
Galago senegalensis,Nucleus_vestibularis_descendens_unilateral_Vol.mm3,2.93,Matano__1986_TableI,Selected_collection,1986,22
Galago senegalensis,Complexus_vestibularis_unilateral_Vol.mm3,9.14,Matano__1986_TableI,Selected_collection,1986,22
Otolemur crassicaudatus,Body_Mass.g,850,Matano__1986_TableI,Selected_collection,1986,22
Otolemur crassicaudatus,Nucleus_vestibularis_superior_unilateral_Vol.mm3,2.85,Matano__1986_TableI,Selected_collection,1986,22
Otolemur crassicaudatus,Nucleus_vestibularis_lateralis_unilateral_Vol.mm3,2.87,Matano__1986_TableI,Selected_collection,1986,22
Otolemur crassicaudatus,Nucleus_vestibularis_medialis_unilateral_Vol.mm3,7.16,Matano__1986_TableI,Selected_collection,1986,22
Otolemur crassicaudatus,Nucleus_vestibularis_descendens_unilateral_Vol.mm3,7.01,Matano__1986_TableI,Selected_collection,1986,22
Otolemur crassicaudatus,Complexus_vestibularis_unilateral_Vol.mm3,19.9,Matano__1986_TableI,Selected_collection,1986,22
Galagoides demidovii,Body_Mass.g,81,Matano__1986_TableI,Selected_collection,1986,22
Galagoides demidovii,Nucleus_vestibularis_superior_unilateral_Vol.mm3,1.02,Matano__1986_TableI,Selected_collection,1986,22
Galagoides demidovii,Nucleus_vestibularis_lateralis_unilateral_Vol.mm3,1.01,Matano__1986_TableI,Selected_collection,1986,22
Galagoides demidovii,Nucleus_vestibularis_medialis_unilateral_Vol.mm3,2.72,Matano__1986_TableI,Selected_collection,1986,22
Galagoides demidovii,Nucleus_vestibularis_descendens_unilateral_Vol.mm3,1.9,Matano__1986_TableI,Selected_collection,1986,22
Galagoides demidovii,Complexus_vestibularis_unilateral_Vol.mm3,6.65,Matano__1986_TableI,Selected_collection,1986,22
Tarsius spp.,Body_Mass.g,125,Matano__1986_TableI,Selected_collection,1986,22
Tarsius spp.,Nucleus_vestibularis_superior_unilateral_Vol.mm3,0.759,Matano__1986_TableI,Selected_collection,1986,22
Tarsius spp.,Nucleus_vestibularis_lateralis_unilateral_Vol.mm3,1.16,Matano__1986_TableI,Selected_collection,1986,22
Tarsius spp.,Nucleus_vestibularis_medialis_unilateral_Vol.mm3,3.36,Matano__1986_TableI,Selected_collection,1986,22
Tarsius spp.,Nucleus_vestibularis_descendens_unilateral_Vol.mm3,2.41,Matano__1986_TableI,Selected_collection,1986,22
Tarsius spp.,Complexus_vestibularis_unilateral_Vol.mm3,7.69,Matano__1986_TableI,Selected_collection,1986,22
Callithrix jacchus,Body_Mass.g,280,Matano__1986_TableI,Selected_collection,1986,22
Callithrix jacchus,Nucleus_vestibularis_superior_unilateral_Vol.mm3,2.69,Matano__1986_TableI,Selected_collection,1986,22
Callithrix jacchus,Nucleus_vestibularis_lateralis_unilateral_Vol.mm3,4.07,Matano__1986_TableI,Selected_collection,1986,22
Callithrix jacchus,Nucleus_vestibularis_medialis_unilateral_Vol.mm3,5.8,Matano__1986_TableI,Selected_collection,1986,22
Callithrix jacchus,Nucleus_vestibularis_descendens_unilateral_Vol.mm3,2.6,Matano__1986_TableI,Selected_collection,1986,22
Callithrix jacchus,Complexus_vestibularis_unilateral_Vol.mm3,15.2,Matano__1986_TableI,Selected_collection,1986,22
Cebuella pygmaea,Body_Mass.g,140,Matano__1986_TableI,Selected_collection,1986,22
Cebuella pygmaea,Nucleus_vestibularis_superior_unilateral_Vol.mm3,2.1,Matano__1986_TableI,Selected_collection,1986,22
Cebuella pygmaea,Nucleus_vestibularis_lateralis_unilateral_Vol.mm3,2.94,Matano__1986_TableI,Selected_collection,1986,22
Cebuella pygmaea,Nucleus_vestibularis_medialis_unilateral_Vol.mm3,4.11,Matano__1986_TableI,Selected_collection,1986,22
Cebuella pygmaea,Nucleus_vestibularis_descendens_unilateral_Vol.mm3,1.96,Matano__1986_TableI,Selected_collection,1986,22
Cebuella pygmaea,Complexus_vestibularis_unilateral_Vol.mm3,11.1,Matano__1986_TableI,Selected_collection,1986,22
Saguinus midas,Body_Mass.g,340,Matano__1986_TableI,Selected_collection,1986,22
Saguinus midas,Nucleus_vestibularis_superior_unilateral_Vol.mm3,3.21,Matano__1986_TableI,Selected_collection,1986,22
Saguinus midas,Nucleus_vestibularis_lateralis_unilateral_Vol.mm3,3.28,Matano__1986_TableI,Selected_collection,1986,22
Saguinus midas,Nucleus_vestibularis_medialis_unilateral_Vol.mm3,5.7,Matano__1986_TableI,Selected_collection,1986,22
Saguinus midas,Nucleus_vestibularis_descendens_unilateral_Vol.mm3,3.6,Matano__1986_TableI,Selected_collection,1986,22
Saguinus midas,Complexus_vestibularis_unilateral_Vol.mm3,15.8,Matano__1986_TableI,Selected_collection,1986,22
S. oedipus,Body_Mass.g,380,Matano__1986_TableI,Selected_collection,1986,22
S. oedipus,Nucleus_vestibularis_superior_unilateral_Vol.mm3,2.98,Matano__1986_TableI,Selected_collection,1986,22
S. oedipus,Nucleus_vestibularis_lateralis_unilateral_Vol.mm3,3.63,Matano__1986_TableI,Selected_collection,1986,22
S. oedipus,Nucleus_vestibularis_medialis_unilateral_Vol.mm3,7.25,Matano__1986_TableI,Selected_collection,1986,22
S. oedipus,Nucleus_vestibularis_descendens_unilateral_Vol.mm3,4.49,Matano__1986_TableI,Selected_collection,1986,22
S. oedipus,Complexus_vestibularis_unilateral_Vol.mm3,18.4,Matano__1986_TableI,Selected_collection,1986,22
Cebus albifrons,Body_Mass.g,3100,Matano__1986_TableI,Selected_collection,1986,22
Cebus albifrons,Nucleus_vestibularis_superior_unilateral_Vol.mm3,11.2,Matano__1986_TableI,Selected_collection,1986,22
Cebus albifrons,Nucleus_vestibularis_lateralis_unilateral_Vol.mm3,7.45,Matano__1986_TableI,Selected_collection,1986,22
Cebus albifrons,Nucleus_vestibularis_medialis_unilateral_Vol.mm3,19.2,Matano__1986_TableI,Selected_collection,1986,22
Cebus albifrons,Nucleus_vestibularis_descendens_unilateral_Vol.mm3,12.3,Matano__1986_TableI,Selected_collection,1986,22
Cebus albifrons,Complexus_vestibularis_unilateral_Vol.mm3,50.2,Matano__1986_TableI,Selected_collection,1986,22
Aotus trivirgatus,Body_Mass.g,830,Matano__1986_TableI,Selected_collection,1986,22
Aotus trivirgatus,Nucleus_vestibularis_superior_unilateral_Vol.mm3,6.07,Matano__1986_TableI,Selected_collection,1986,22
Aotus trivirgatus,Nucleus_vestibularis_lateralis_unilateral_Vol.mm3,5.14,Matano__1986_TableI,Selected_collection,1986,22
Aotus trivirgatus,Nucleus_vestibularis_medialis_unilateral_Vol.mm3,11.1,Matano__1986_TableI,Selected_collection,1986,22
Aotus trivirgatus,Nucleus_vestibularis_descendens_unilateral_Vol.mm3,5.81,Matano__1986_TableI,Selected_collection,1986,22
Aotus trivirgatus,Complexus_vestibularis_unilateral_Vol.mm3,28.1,Matano__1986_TableI,Selected_collection,1986,22
Plecturocebus moloch,Body_Mass.g,900,Matano__1986_TableI,Selected_collection,1986,22
Plecturocebus moloch,Nucleus_vestibularis_superior_unilateral_Vol.mm3,6.17,Matano__1986_TableI,Selected_collection,1986,22
Plecturocebus moloch,Nucleus_vestibularis_lateralis_unilateral_Vol.mm3,5.29,Matano__1986_TableI,Selected_collection,1986,22
Plecturocebus moloch,Nucleus_vestibularis_medialis_unilateral_Vol.mm3,13.1,Matano__1986_TableI,Selected_collection,1986,22
Plecturocebus moloch,Nucleus_vestibularis_descendens_unilateral_Vol.mm3,8.52,Matano__1986_TableI,Selected_collection,1986,22
Plecturocebus moloch,Complexus_vestibularis_unilateral_Vol.mm3,33.1,Matano__1986_TableI,Selected_collection,1986,22
Saimiri sciureus,Body_Mass.g,660,Matano__1986_TableI,Selected_collection,1986,22
Saimiri sciureus,Nucleus_vestibularis_superior_unilateral_Vol.mm3,4.43,Matano__1986_TableI,Selected_collection,1986,22
Saimiri sciureus,Nucleus_vestibularis_lateralis_unilateral_Vol.mm3,6.26,Matano__1986_TableI,Selected_collection,1986,22
Saimiri sciureus,Nucleus_vestibularis_medialis_unilateral_Vol.mm3,11.4,Matano__1986_TableI,Selected_collection,1986,22
Saimiri sciureus,Nucleus_vestibularis_descendens_unilateral_Vol.mm3,7.31,Matano__1986_TableI,Selected_collection,1986,22
Saimiri sciureus,Complexus_vestibularis_unilateral_Vol.mm3,29.4,Matano__1986_TableI,Selected_collection,1986,22
Pithecia monachus,Body_Mass.g,1500,Matano__1986_TableI,Selected_collection,1986,22
Pithecia monachus,Nucleus_vestibularis_superior_unilateral_Vol.mm3,8.07,Matano__1986_TableI,Selected_collection,1986,22
Pithecia monachus,Nucleus_vestibularis_lateralis_unilateral_Vol.mm3,8.58,Matano__1986_TableI,Selected_collection,1986,22
Pithecia monachus,Nucleus_vestibularis_medialis_unilateral_Vol.mm3,12,Matano__1986_TableI,Selected_collection,1986,22
Pithecia monachus,Nucleus_vestibularis_descendens_unilateral_Vol.mm3,10.1,Matano__1986_TableI,Selected_collection,1986,22
Pithecia monachus,Complexus_vestibularis_unilateral_Vol.mm3,38.8,Matano__1986_TableI,Selected_collection,1986,22
Alouatta seniculus,Body_Mass.g,6400,Matano__1986_TableI,Selected_collection,1986,22
Alouatta seniculus,Nucleus_vestibularis_superior_unilateral_Vol.mm3,9.09,Matano__1986_TableI,Selected_collection,1986,22
Alouatta seniculus,Nucleus_vestibularis_lateralis_unilateral_Vol.mm3,9.27,Matano__1986_TableI,Selected_collection,1986,22
Alouatta seniculus,Nucleus_vestibularis_medialis_unilateral_Vol.mm3,16.3,Matano__1986_TableI,Selected_collection,1986,22
Alouatta seniculus,Nucleus_vestibularis_descendens_unilateral_Vol.mm3,11.2,Matano__1986_TableI,Selected_collection,1986,22
Alouatta seniculus,Complexus_vestibularis_unilateral_Vol.mm3,45.9,Matano__1986_TableI,Selected_collection,1986,22
Ateles geoffroyi,Body_Mass.g,8000,Matano__1986_TableI,Selected_collection,1986,22
Ateles geoffroyi,Nucleus_vestibularis_superior_unilateral_Vol.mm3,7.2,Matano__1986_TableI,Selected_collection,1986,22
Ateles geoffroyi,Nucleus_vestibularis_lateralis_unilateral_Vol.mm3,6.81,Matano__1986_TableI,Selected_collection,1986,22
Ateles geoffroyi,Nucleus_vestibularis_medialis_unilateral_Vol.mm3,23.8,Matano__1986_TableI,Selected_collection,1986,22
Ateles geoffroyi,Nucleus_vestibularis_descendens_unilateral_Vol.mm3,11.9,Matano__1986_TableI,Selected_collection,1986,22
Ateles geoffroyi,Complexus_vestibularis_unilateral_Vol.mm3,49.7,Matano__1986_TableI,Selected_collection,1986,22
Lagothrix lagotricha,Body_Mass.g,5200,Matano__1986_TableI,Selected_collection,1986,22
Lagothrix lagotricha,Nucleus_vestibularis_superior_unilateral_Vol.mm3,9.07,Matano__1986_TableI,Selected_collection,1986,22
Lagothrix lagotricha,Nucleus_vestibularis_lateralis_unilateral_Vol.mm3,6.94,Matano__1986_TableI,Selected_collection,1986,22
Lagothrix lagotricha,Nucleus_vestibularis_medialis_unilateral_Vol.mm3,23,Matano__1986_TableI,Selected_collection,1986,22
Lagothrix lagotricha,Nucleus_vestibularis_descendens_unilateral_Vol.mm3,14.1,Matano__1986_TableI,Selected_collection,1986,22
Lagothrix lagotricha,Complexus_vestibularis_unilateral_Vol.mm3,53.1,Matano__1986_TableI,Selected_collection,1986,22
Macaca mulatta,Body_Mass.g,7800,Matano__1986_TableI,Selected_collection,1986,22
Macaca mulatta,Nucleus_vestibularis_superior_unilateral_Vol.mm3,16.4,Matano__1986_TableI,Selected_collection,1986,22
Macaca mulatta,Nucleus_vestibularis_lateralis_unilateral_Vol.mm3,16.9,Matano__1986_TableI,Selected_collection,1986,22
Macaca mulatta,Nucleus_vestibularis_medialis_unilateral_Vol.mm3,33.7,Matano__1986_TableI,Selected_collection,1986,22
Macaca mulatta,Nucleus_vestibularis_descendens_unilateral_Vol.mm3,15.5,Matano__1986_TableI,Selected_collection,1986,22
Macaca mulatta,Complexus_vestibularis_unilateral_Vol.mm3,82.5,Matano__1986_TableI,Selected_collection,1986,22
Lophocebus albigena,Body_Mass.g,7900,Matano__1986_TableI,Selected_collection,1986,22
Lophocebus albigena,Nucleus_vestibularis_superior_unilateral_Vol.mm3,16.2,Matano__1986_TableI,Selected_collection,1986,22
Lophocebus albigena,Nucleus_vestibularis_lateralis_unilateral_Vol.mm3,10,Matano__1986_TableI,Selected_collection,1986,22
Lophocebus albigena,Nucleus_vestibularis_medialis_unilateral_Vol.mm3,35.6,Matano__1986_TableI,Selected_collection,1986,22
Lophocebus albigena,Nucleus_vestibularis_descendens_unilateral_Vol.mm3,25.2,Matano__1986_TableI,Selected_collection,1986,22
Lophocebus albigena,Complexus_vestibularis_unilateral_Vol.mm3,87,Matano__1986_TableI,Selected_collection,1986,22
Papio anubis,Body_Mass.g,25000,Matano__1986_TableI,Selected_collection,1986,22
Papio anubis,Nucleus_vestibularis_superior_unilateral_Vol.mm3,14.4,Matano__1986_TableI,Selected_collection,1986,22
Papio anubis,Nucleus_vestibularis_lateralis_unilateral_Vol.mm3,10.5,Matano__1986_TableI,Selected_collection,1986,22
Papio anubis,Nucleus_vestibularis_medialis_unilateral_Vol.mm3,48.1,Matano__1986_TableI,Selected_collection,1986,22
Papio anubis,Nucleus_vestibularis_descendens_unilateral_Vol.mm3,33.9,Matano__1986_TableI,Selected_collection,1986,22
Papio anubis,Complexus_vestibularis_unilateral_Vol.mm3,107,Matano__1986_TableI,Selected_collection,1986,22
Cercopithecus ascanius,Body_Mass.g,3400,Matano__1986_TableI,Selected_collection,1986,22
Cercopithecus ascanius,Nucleus_vestibularis_superior_unilateral_Vol.mm3,8.21,Matano__1986_TableI,Selected_collection,1986,22
Cercopithecus ascanius,Nucleus_vestibularis_lateralis_unilateral_Vol.mm3,5.88,Matano__1986_TableI,Selected_collection,1986,22
Cercopithecus ascanius,Nucleus_vestibularis_medialis_unilateral_Vol.mm3,20.8,Matano__1986_TableI,Selected_collection,1986,22
Cercopithecus ascanius,Nucleus_vestibularis_descendens_unilateral_Vol.mm3,17.2,Matano__1986_TableI,Selected_collection,1986,22
Cercopithecus ascanius,Complexus_vestibularis_unilateral_Vol.mm3,52.1,Matano__1986_TableI,Selected_collection,1986,22
C. mitis,Body_Mass.g,6300,Matano__1986_TableI,Selected_collection,1986,22
C. mitis,Nucleus_vestibularis_superior_unilateral_Vol.mm3,15,Matano__1986_TableI,Selected_collection,1986,22
C. mitis,Nucleus_vestibularis_lateralis_unilateral_Vol.mm3,10.5,Matano__1986_TableI,Selected_collection,1986,22
C. mitis,Nucleus_vestibularis_medialis_unilateral_Vol.mm3,30.7,Matano__1986_TableI,Selected_collection,1986,22
C. mitis,Nucleus_vestibularis_descendens_unilateral_Vol.mm3,24.3,Matano__1986_TableI,Selected_collection,1986,22
C. mitis,Complexus_vestibularis_unilateral_Vol.mm3,80.5,Matano__1986_TableI,Selected_collection,1986,22
Miopithecus talapoin,Body_Mass.g,1200,Matano__1986_TableI,Selected_collection,1986,22
Miopithecus talapoin,Nucleus_vestibularis_superior_unilateral_Vol.mm3,7.61,Matano__1986_TableI,Selected_collection,1986,22
Miopithecus talapoin,Nucleus_vestibularis_lateralis_unilateral_Vol.mm3,7.25,Matano__1986_TableI,Selected_collection,1986,22
Miopithecus talapoin,Nucleus_vestibularis_medialis_unilateral_Vol.mm3,15.7,Matano__1986_TableI,Selected_collection,1986,22
Miopithecus talapoin,Nucleus_vestibularis_descendens_unilateral_Vol.mm3,9.24,Matano__1986_TableI,Selected_collection,1986,22
Miopithecus talapoin,Complexus_vestibularis_unilateral_Vol.mm3,39.8,Matano__1986_TableI,Selected_collection,1986,22
Erythrocebus patas,Body_Mass.g,7800,Matano__1986_TableI,Selected_collection,1986,22
Erythrocebus patas,Nucleus_vestibularis_superior_unilateral_Vol.mm3,15.2,Matano__1986_TableI,Selected_collection,1986,22
Erythrocebus patas,Nucleus_vestibularis_lateralis_unilateral_Vol.mm3,17.9,Matano__1986_TableI,Selected_collection,1986,22
Erythrocebus patas,Nucleus_vestibularis_medialis_unilateral_Vol.mm3,40.3,Matano__1986_TableI,Selected_collection,1986,22
Erythrocebus patas,Nucleus_vestibularis_descendens_unilateral_Vol.mm3,15.6,Matano__1986_TableI,Selected_collection,1986,22
Erythrocebus patas,Complexus_vestibularis_unilateral_Vol.mm3,89,Matano__1986_TableI,Selected_collection,1986,22
Piliocolobus badius,Body_Mass.g,7000,Matano__1986_TableI,Selected_collection,1986,22
Piliocolobus badius,Nucleus_vestibularis_superior_unilateral_Vol.mm3,8.68,Matano__1986_TableI,Selected_collection,1986,22
Piliocolobus badius,Nucleus_vestibularis_lateralis_unilateral_Vol.mm3,10,Matano__1986_TableI,Selected_collection,1986,22
Piliocolobus badius,Nucleus_vestibularis_medialis_unilateral_Vol.mm3,24.1,Matano__1986_TableI,Selected_collection,1986,22
Piliocolobus badius,Nucleus_vestibularis_descendens_unilateral_Vol.mm3,14.5,Matano__1986_TableI,Selected_collection,1986,22
Piliocolobus badius,Complexus_vestibularis_unilateral_Vol.mm3,57.3,Matano__1986_TableI,Selected_collection,1986,22
Pygathrix nemaeus,Body_Mass.g,7500,Matano__1986_TableI,Selected_collection,1986,22
Pygathrix nemaeus,Nucleus_vestibularis_superior_unilateral_Vol.mm3,14,Matano__1986_TableI,Selected_collection,1986,22
Pygathrix nemaeus,Nucleus_vestibularis_lateralis_unilateral_Vol.mm3,12.2,Matano__1986_TableI,Selected_collection,1986,22
Pygathrix nemaeus,Nucleus_vestibularis_medialis_unilateral_Vol.mm3,18.1,Matano__1986_TableI,Selected_collection,1986,22
Pygathrix nemaeus,Nucleus_vestibularis_descendens_unilateral_Vol.mm3,18.2,Matano__1986_TableI,Selected_collection,1986,22
Pygathrix nemaeus,Complexus_vestibularis_unilateral_Vol.mm3,62.5,Matano__1986_TableI,Selected_collection,1986,22
Nasalis larvatus,Body_Mass.g,14000,Matano__1986_TableI,Selected_collection,1986,22
Nasalis larvatus,Nucleus_vestibularis_superior_unilateral_Vol.mm3,12.6,Matano__1986_TableI,Selected_collection,1986,22
Nasalis larvatus,Nucleus_vestibularis_lateralis_unilateral_Vol.mm3,14.8,Matano__1986_TableI,Selected_collection,1986,22
Nasalis larvatus,Nucleus_vestibularis_medialis_unilateral_Vol.mm3,33.6,Matano__1986_TableI,Selected_collection,1986,22
Nasalis larvatus,Nucleus_vestibularis_descendens_unilateral_Vol.mm3,25.2,Matano__1986_TableI,Selected_collection,1986,22
Nasalis larvatus,Complexus_vestibularis_unilateral_Vol.mm3,86.2,Matano__1986_TableI,Selected_collection,1986,22
Hylobates lar,Body_Mass.g,5700,Matano__1986_TableI,Selected_collection,1986,22
Hylobates lar,Nucleus_vestibularis_superior_unilateral_Vol.mm3,14.9,Matano__1986_TableI,Selected_collection,1986,22
Hylobates lar,Nucleus_vestibularis_lateralis_unilateral_Vol.mm3,5.53,Matano__1986_TableI,Selected_collection,1986,22
Hylobates lar,Nucleus_vestibularis_medialis_unilateral_Vol.mm3,24.5,Matano__1986_TableI,Selected_collection,1986,22
Hylobates lar,Nucleus_vestibularis_descendens_unilateral_Vol.mm3,14.5,Matano__1986_TableI,Selected_collection,1986,22
Hylobates lar,Complexus_vestibularis_unilateral_Vol.mm3,59.4,Matano__1986_TableI,Selected_collection,1986,22
Pan troglodytes,Body_Mass.g,46000,Matano__1986_TableI,Selected_collection,1986,22
Pan troglodytes,Nucleus_vestibularis_superior_unilateral_Vol.mm3,23.5,Matano__1986_TableI,Selected_collection,1986,22
Pan troglodytes,Nucleus_vestibularis_lateralis_unilateral_Vol.mm3,9.65,Matano__1986_TableI,Selected_collection,1986,22
Pan troglodytes,Nucleus_vestibularis_medialis_unilateral_Vol.mm3,54.7,Matano__1986_TableI,Selected_collection,1986,22
Pan troglodytes,Nucleus_vestibularis_descendens_unilateral_Vol.mm3,29.8,Matano__1986_TableI,Selected_collection,1986,22
Pan troglodytes,Complexus_vestibularis_unilateral_Vol.mm3,118,Matano__1986_TableI,Selected_collection,1986,22
Gorilla gorilla,Body_Mass.g,105000,Matano__1986_TableI,Selected_collection,1986,22
Gorilla gorilla,Nucleus_vestibularis_superior_unilateral_Vol.mm3,34.7,Matano__1986_TableI,Selected_collection,1986,22
Gorilla gorilla,Nucleus_vestibularis_lateralis_unilateral_Vol.mm3,19.5,Matano__1986_TableI,Selected_collection,1986,22
Gorilla gorilla,Nucleus_vestibularis_medialis_unilateral_Vol.mm3,58.4,Matano__1986_TableI,Selected_collection,1986,22
Gorilla gorilla,Nucleus_vestibularis_descendens_unilateral_Vol.mm3,23.6,Matano__1986_TableI,Selected_collection,1986,22
Gorilla gorilla,Complexus_vestibularis_unilateral_Vol.mm3,136,Matano__1986_TableI,Selected_collection,1986,22
Homo sapiens sapiens,Body_Mass.g,65000,Matano__1986_TableI,Selected_collection,1986,22
Homo sapiens sapiens,Nucleus_vestibularis_superior_unilateral_Vol.mm3,35.8,Matano__1986_TableI,Selected_collection,1986,22
Homo sapiens sapiens,Nucleus_vestibularis_lateralis_unilateral_Vol.mm3,22.4,Matano__1986_TableI,Selected_collection,1986,22
Homo sapiens sapiens,Nucleus_vestibularis_medialis_unilateral_Vol.mm3,72.8,Matano__1986_TableI,Selected_collection,1986,22
Homo sapiens sapiens,Nucleus_vestibularis_descendens_unilateral_Vol.mm3,45.9,Matano__1986_TableI,Selected_collection,1986,22
Homo sapiens sapiens,Complexus_vestibularis_unilateral_Vol.mm3,177,Matano__1986_TableI,Selected_collection,1986,22
Pongo sp.,Medulla_oblongata_Vol.mm3,5500,Zilles_Rehkämper_1988_Table12-2,Selected_collection,1988,23
Pongo sp.,Cerebellum_Vol.mm3,42900,Zilles_Rehkämper_1988_Table12-2,Selected_collection,1988,23
Pongo sp.,Pons_Vol.mm3,4300,Zilles_Rehkämper_1988_Table12-2,Selected_collection,1988,23
Pongo sp.,Mesencephalon_Vol.mm3,4000,Zilles_Rehkämper_1988_Table12-2,Selected_collection,1988,23
Pongo sp.,Diencephalon_Vol.mm3,13500,Zilles_Rehkämper_1988_Table12-2,Selected_collection,1988,23
Pongo sp.,Telencephalon_Vol.mm3,238300,Zilles_Rehkämper_1988_Table12-2,Selected_collection,1988,23
Pongo sp.,Neocortex_Vol.mm3,219800,Zilles_Rehkämper_1988_Table12-2,Selected_collection,1988,23
Pongo sp.,Neocortex_grey_matter_Vol.mm3,129900,Zilles_Rehkämper_1988_Table12-2,Selected_collection,1988,23
Pongo sp.,Area_striata_grey_matter_Vol.mm3,8400,Zilles_Rehkämper_1988_Table12-2,Selected_collection,1988,23
Pongo sp.,Neocortex_white_matter_Vol.mm3,81500,Zilles_Rehkämper_1988_Table12-2,Selected_collection,1988,23
Pongo sp.,Hippocampus_Vol.mm3,2700,Zilles_Rehkämper_1988_Table12-2,Selected_collection,1988,23
Pongo sp.,EntorhinalCortex_Vol.mm3,1300,Zilles_Rehkämper_1988_Table12-2,Selected_collection,1988,23
Pongo sp.,Palaeocortex_Vol.mm3,2400,Zilles_Rehkämper_1988_Table12-2,Selected_collection,1988,23
Pongo sp.,Prepiriform_cortex_Vol.mm3,1000,Zilles_Rehkämper_1988_Table12-2,Selected_collection,1988,23
Pongo sp.,Amygdala_Vol.mm3,1400,Zilles_Rehkämper_1988_Table12-2,Selected_collection,1988,23
Pongo sp.,Septum_Vol.mm3,600,Zilles_Rehkämper_1988_Table12-2,Selected_collection,1988,23
Pongo sp.,Striatum_Vol.mm3,11500,Zilles_Rehkämper_1988_Table12-2,Selected_collection,1988,23
Pongo sp.,Pallidum_Vol.mm3,1800,Zilles_Rehkämper_1988_Table12-2,Selected_collection,1988,23
Tenrec ecaudatus,Body_Mass.g,832,Stephan_etal_1988_TABLE1,Selected_collection,1988,24
Tenrec ecaudatus,Brain_Mass.mg,2570,Stephan_etal_1988_TABLE1,Selected_collection,1988,24
Setifer setosus,Body_Mass.g,248,Stephan_etal_1988_TABLE1,Selected_collection,1988,24
Setifer setosus,Brain_Mass.mg,1510,Stephan_etal_1988_TABLE1,Selected_collection,1988,24
Hemicentetes semispinosus,Body_Mass.g,110,Stephan_etal_1988_TABLE1,Selected_collection,1988,24
Hemicentetes semispinosus,Brain_Mass.mg,830,Stephan_etal_1988_TABLE1,Selected_collection,1988,24
Echinops telfairi,Body_Mass.g,87.5,Stephan_etal_1988_TABLE1,Selected_collection,1988,24
Echinops telfairi,Brain_Mass.mg,620,Stephan_etal_1988_TABLE1,Selected_collection,1988,24
Tupaia glis,Body_Mass.g,170,Stephan_etal_1988_TABLE1,Selected_collection,1988,24
Tupaia glis,Brain_Mass.mg,3200,Stephan_etal_1988_TABLE1,Selected_collection,1988,24
Tupaia minor,Body_Mass.g,120,Stephan_etal_1988_TABLE1,Selected_collection,1988,24
Tupaia minor,Brain_Mass.mg,2580,Stephan_etal_1988_TABLE1,Selected_collection,1988,24
Urogale everetti,Body_Mass.g,275,Stephan_etal_1988_TABLE1,Selected_collection,1988,24
Urogale everetti,Brain_Mass.mg,4280,Stephan_etal_1988_TABLE1,Selected_collection,1988,24
Microcebus murinus,Body_Mass.g,54,Stephan_etal_1988_TABLE1,Selected_collection,1988,24
Microcebus murinus,Brain_Mass.mg,1780,Stephan_etal_1988_TABLE1,Selected_collection,1988,24
Cheirogaleus major,Body_Mass.g,450,Stephan_etal_1988_TABLE1,Selected_collection,1988,24
Cheirogaleus major,Brain_Mass.mg,6800,Stephan_etal_1988_TABLE1,Selected_collection,1988,24
Cheirogaleus medius,Body_Mass.g,177,Stephan_etal_1988_TABLE1,Selected_collection,1988,24
Cheirogaleus medius,Brain_Mass.mg,3140,Stephan_etal_1988_TABLE1,Selected_collection,1988,24
Eulemur fulvus,Body_Mass.g,1400,Stephan_etal_1988_TABLE1,Selected_collection,1988,24
Eulemur fulvus,Brain_Mass.mg,23300,Stephan_etal_1988_TABLE1,Selected_collection,1988,24
Varecia variegata,Body_Mass.g,3000,Stephan_etal_1988_TABLE1,Selected_collection,1988,24
Varecia variegata,Brain_Mass.mg,31500,Stephan_etal_1988_TABLE1,Selected_collection,1988,24
Lepilemur ruficaudatus,Body_Mass.g,915,Stephan_etal_1988_TABLE1,Selected_collection,1988,24
Lepilemur ruficaudatus,Brain_Mass.mg,7600,Stephan_etal_1988_TABLE1,Selected_collection,1988,24
Avahi laniger,Body_Mass.g,1285,Stephan_etal_1988_TABLE1,Selected_collection,1988,24
Avahi laniger,Brain_Mass.mg,10490,Stephan_etal_1988_TABLE1,Selected_collection,1988,24
Avahi occidentalis,Body_Mass.g,860,Stephan_etal_1988_TABLE1,Selected_collection,1988,24
Avahi occidentalis,Brain_Mass.mg,9670,Stephan_etal_1988_TABLE1,Selected_collection,1988,24
Propithecus verreauxi,Body_Mass.g,3480,Stephan_etal_1988_TABLE1,Selected_collection,1988,24
Propithecus verreauxi,Brain_Mass.mg,26700,Stephan_etal_1988_TABLE1,Selected_collection,1988,24
Indri indri,Body_Mass.g,6250,Stephan_etal_1988_TABLE1,Selected_collection,1988,24
Indri indri,Brain_Mass.mg,38300,Stephan_etal_1988_TABLE1,Selected_collection,1988,24
Daubentonia madagascariensis,Body_Mass.g,2800,Stephan_etal_1988_TABLE1,Selected_collection,1988,24
Daubentonia madagascariensis,Brain_Mass.mg,45150,Stephan_etal_1988_TABLE1,Selected_collection,1988,24
Loris tardigradus,Body_Mass.g,322,Stephan_etal_1988_TABLE1,Selected_collection,1988,24
Loris tardigradus,Brain_Mass.mg,6600,Stephan_etal_1988_TABLE1,Selected_collection,1988,24
Nycticebus coucang,Body_Mass.g,800,Stephan_etal_1988_TABLE1,Selected_collection,1988,24
Nycticebus coucang,Brain_Mass.mg,12500,Stephan_etal_1988_TABLE1,Selected_collection,1988,24
Perodicticus potto,Body_Mass.g,1150,Stephan_etal_1988_TABLE1,Selected_collection,1988,24
Perodicticus potto,Brain_Mass.mg,14000,Stephan_etal_1988_TABLE1,Selected_collection,1988,24
Galago senegalensis,Body_Mass.g,186,Stephan_etal_1988_TABLE1,Selected_collection,1988,24
Galago senegalensis,Brain_Mass.mg,4800,Stephan_etal_1988_TABLE1,Selected_collection,1988,24
Otolemur crassicaudatus,Body_Mass.g,850,Stephan_etal_1988_TABLE1,Selected_collection,1988,24
Otolemur crassicaudatus,Brain_Mass.mg,10300,Stephan_etal_1988_TABLE1,Selected_collection,1988,24
Galagoides demidoff,Body_Mass.g,81,Stephan_etal_1988_TABLE1,Selected_collection,1988,24
Galagoides demidoff,Brain_Mass.mg,3380,Stephan_etal_1988_TABLE1,Selected_collection,1988,24
Tarsius sp.,Body_Mass.g,125,Stephan_etal_1988_TABLE1,Selected_collection,1988,24
Tarsius sp.,Brain_Mass.mg,3600,Stephan_etal_1988_TABLE1,Selected_collection,1988,24
Callithrix jacchus,Body_Mass.g,280,Stephan_etal_1988_TABLE1,Selected_collection,1988,24
Callithrix jacchus,Brain_Mass.mg,7600,Stephan_etal_1988_TABLE1,Selected_collection,1988,24
Callithrix pygmaea,Body_Mass.g,120,Stephan_etal_1988_TABLE1,Selected_collection,1988,24
Callithrix pygmaea,Brain_Mass.mg,4150,Stephan_etal_1988_TABLE1,Selected_collection,1988,24
Saguinus midas,Body_Mass.g,340,Stephan_etal_1988_TABLE1,Selected_collection,1988,24
Saguinus midas,Brain_Mass.mg,10300,Stephan_etal_1988_TABLE1,Selected_collection,1988,24
Saguinus oedipus,Body_Mass.g,380,Stephan_etal_1988_TABLE1,Selected_collection,1988,24
Saguinus oedipus,Brain_Mass.mg,10000,Stephan_etal_1988_TABLE1,Selected_collection,1988,24
Callimico goeldii,Body_Mass.g,480,Stephan_etal_1988_TABLE1,Selected_collection,1988,24
Callimico goeldii,Brain_Mass.mg,11000,Stephan_etal_1988_TABLE1,Selected_collection,1988,24
Cebus albifrons,Body_Mass.g,3100,Stephan_etal_1988_TABLE1,Selected_collection,1988,24
Cebus albifrons,Brain_Mass.mg,71000,Stephan_etal_1988_TABLE1,Selected_collection,1988,24
Aotus trivirgatus,Body_Mass.g,830,Stephan_etal_1988_TABLE1,Selected_collection,1988,24
Aotus trivirgatus,Brain_Mass.mg,17100,Stephan_etal_1988_TABLE1,Selected_collection,1988,24
Callicebus moloch,Body_Mass.g,900,Stephan_etal_1988_TABLE1,Selected_collection,1988,24
Callicebus moloch,Brain_Mass.mg,19000,Stephan_etal_1988_TABLE1,Selected_collection,1988,24
Saimiri sciureus,Body_Mass.g,660,Stephan_etal_1988_TABLE1,Selected_collection,1988,24
Saimiri sciureus,Brain_Mass.mg,24000,Stephan_etal_1988_TABLE1,Selected_collection,1988,24
Pithecia monachus,Body_Mass.g,1500,Stephan_etal_1988_TABLE1,Selected_collection,1988,24
Pithecia monachus,Brain_Mass.mg,35000,Stephan_etal_1988_TABLE1,Selected_collection,1988,24
Alouatta seniculus,Body_Mass.g,6400,Stephan_etal_1988_TABLE1,Selected_collection,1988,24
Alouatta seniculus,Brain_Mass.mg,52000,Stephan_etal_1988_TABLE1,Selected_collection,1988,24
Ateles geoffroyi,Body_Mass.g,8000,Stephan_etal_1988_TABLE1,Selected_collection,1988,24
Ateles geoffroyi,Brain_Mass.mg,108000,Stephan_etal_1988_TABLE1,Selected_collection,1988,24
Lagothrix lagothricha,Body_Mass.g,5200,Stephan_etal_1988_TABLE1,Selected_collection,1988,24
Lagothrix lagothricha,Brain_Mass.mg,101000,Stephan_etal_1988_TABLE1,Selected_collection,1988,24
Macaca mulatta,Body_Mass.g,7800,Stephan_etal_1988_TABLE1,Selected_collection,1988,24
Macaca mulatta,Brain_Mass.mg,93000,Stephan_etal_1988_TABLE1,Selected_collection,1988,24
Lophocebus albigena,Body_Mass.g,7900,Stephan_etal_1988_TABLE1,Selected_collection,1988,24
Lophocebus albigena,Brain_Mass.mg,104000,Stephan_etal_1988_TABLE1,Selected_collection,1988,24
Papio anubis,Body_Mass.g,25000,Stephan_etal_1988_TABLE1,Selected_collection,1988,24
Papio anubis,Brain_Mass.mg,201000,Stephan_etal_1988_TABLE1,Selected_collection,1988,24
Cercopithecus ascanius,Body_Mass.g,3400,Stephan_etal_1988_TABLE1,Selected_collection,1988,24
Cercopithecus ascanius,Brain_Mass.mg,67000,Stephan_etal_1988_TABLE1,Selected_collection,1988,24
Cercopithecus mitis,Body_Mass.g,6300,Stephan_etal_1988_TABLE1,Selected_collection,1988,24
Cercopithecus mitis,Brain_Mass.mg,75000,Stephan_etal_1988_TABLE1,Selected_collection,1988,24
Miopithecus talapoin,Body_Mass.g,1200,Stephan_etal_1988_TABLE1,Selected_collection,1988,24
Miopithecus talapoin,Brain_Mass.mg,40000,Stephan_etal_1988_TABLE1,Selected_collection,1988,24
Erythrocebus patas,Body_Mass.g,7800,Stephan_etal_1988_TABLE1,Selected_collection,1988,24
Erythrocebus patas,Brain_Mass.mg,108000,Stephan_etal_1988_TABLE1,Selected_collection,1988,24
Piliocolobus badius,Body_Mass.g,7000,Stephan_etal_1988_TABLE1,Selected_collection,1988,24
Piliocolobus badius,Brain_Mass.mg,78000,Stephan_etal_1988_TABLE1,Selected_collection,1988,24
Pygathrix nemaeus,Body_Mass.g,7500,Stephan_etal_1988_TABLE1,Selected_collection,1988,24
Pygathrix nemaeus,Brain_Mass.mg,77000,Stephan_etal_1988_TABLE1,Selected_collection,1988,24
Nasalis larvatus,Body_Mass.g,14000,Stephan_etal_1988_TABLE1,Selected_collection,1988,24
Nasalis larvatus,Brain_Mass.mg,97000,Stephan_etal_1988_TABLE1,Selected_collection,1988,24
Hylobates lar,Body_Mass.g,5700,Stephan_etal_1988_TABLE1,Selected_collection,1988,24
Hylobates lar,Brain_Mass.mg,102000,Stephan_etal_1988_TABLE1,Selected_collection,1988,24
Pan troglodytes,Body_Mass.g,46000,Stephan_etal_1988_TABLE1,Selected_collection,1988,24
Pan troglodytes,Brain_Mass.mg,405000,Stephan_etal_1988_TABLE1,Selected_collection,1988,24
Gorilla sp.,Body_Mass.g,105000,Stephan_etal_1988_TABLE1,Selected_collection,1988,24
Gorilla sp.,Brain_Mass.mg,500000,Stephan_etal_1988_TABLE1,Selected_collection,1988,24
Homo sapiens,Body_Mass.g,65000,Stephan_etal_1988_TABLE1,Selected_collection,1988,24
Homo sapiens,Brain_Mass.mg,1330000,Stephan_etal_1988_TABLE1,Selected_collection,1988,24
Sapajus apella,Cerebellum_Vol.mm3,6450,MacLeod_etal_2003_Table1,Selected_collection,2003,25
Sapajus apella,CerebellarVermis_Vol.mm3,1825,MacLeod_etal_2003_Table1,Selected_collection,2003,25
Sapajus apella,CerebellarHemisphere_Vol.mm3,4650,MacLeod_etal_2003_Table1,Selected_collection,2003,25
Sapajus apella,Total_brain_net_volume_Vol.mm3,66450,MacLeod_etal_2003_Table1,Selected_collection,2003,25
Cercocebus torquatus,Cerebellum_Vol.mm3,8650,MacLeod_etal_2003_Table1,Selected_collection,2003,25
Cercocebus torquatus,CerebellarVermis_Vol.mm3,2300,MacLeod_etal_2003_Table1,Selected_collection,2003,25
Cercocebus torquatus,CerebellarHemisphere_Vol.mm3,6375,MacLeod_etal_2003_Table1,Selected_collection,2003,25
Cercocebus torquatus,Total_brain_net_volume_Vol.mm3,98850,MacLeod_etal_2003_Table1,Selected_collection,2003,25
Gorilla sp.,Cerebellum_Vol.mm3,68650,MacLeod_etal_2003_Table1,Selected_collection,2003,25
Gorilla sp.,CerebellarVermis_Vol.mm3,7000,MacLeod_etal_2003_Table1,Selected_collection,2003,25
Gorilla sp.,CerebellarHemisphere_Vol.mm3,61650,MacLeod_etal_2003_Table1,Selected_collection,2003,25
Gorilla sp.,Total_brain_net_volume_Vol.mm3,397300,MacLeod_etal_2003_Table1,Selected_collection,2003,25
Homo sapiens,Cerebellum_Vol.mm3,137016.666666667,MacLeod_etal_2003_Table1,Selected_collection,2003,25
Homo sapiens,CerebellarVermis_Vol.mm3,11833.3333333333,MacLeod_etal_2003_Table1,Selected_collection,2003,25
Homo sapiens,CerebellarHemisphere_Vol.mm3,125183.333333333,MacLeod_etal_2003_Table1,Selected_collection,2003,25
Homo sapiens,Total_brain_net_volume_Vol.mm3,1298833.33333333,MacLeod_etal_2003_Table1,Selected_collection,2003,25
Hylobates lar,Cerebellum_Vol.mm3,11625,MacLeod_etal_2003_Table1,Selected_collection,2003,25
Hylobates lar,CerebellarVermis_Vol.mm3,1950,MacLeod_etal_2003_Table1,Selected_collection,2003,25
Hylobates lar,CerebellarHemisphere_Vol.mm3,9675,MacLeod_etal_2003_Table1,Selected_collection,2003,25
Hylobates lar,Total_brain_net_volume_Vol.mm3,83025,MacLeod_etal_2003_Table1,Selected_collection,2003,25
Macaca mulatta,Cerebellum_Vol.mm3,7233.33333333333,MacLeod_etal_2003_Table1,Selected_collection,2003,25
Macaca mulatta,CerebellarVermis_Vol.mm3,2333.33333333333,MacLeod_etal_2003_Table1,Selected_collection,2003,25
Macaca mulatta,CerebellarHemisphere_Vol.mm3,4883.33333333333,MacLeod_etal_2003_Table1,Selected_collection,2003,25
Macaca mulatta,Total_brain_net_volume_Vol.mm3,84880,MacLeod_etal_2003_Table1,Selected_collection,2003,25
Pan paniscus,Cerebellum_Vol.mm3,44175,MacLeod_etal_2003_Table1,Selected_collection,2003,25
Pan paniscus,CerebellarVermis_Vol.mm3,6350,MacLeod_etal_2003_Table1,Selected_collection,2003,25
Pan paniscus,CerebellarHemisphere_Vol.mm3,37825,MacLeod_etal_2003_Table1,Selected_collection,2003,25
Pan paniscus,Total_brain_net_volume_Vol.mm3,311200,MacLeod_etal_2003_Table1,Selected_collection,2003,25
Pan troglodytes,Cerebellum_Vol.mm3,47100,MacLeod_etal_2003_Table1,Selected_collection,2003,25
Pan troglodytes,CerebellarVermis_Vol.mm3,4985.71428571429,MacLeod_etal_2003_Table1,Selected_collection,2003,25
Pan troglodytes,CerebellarHemisphere_Vol.mm3,42114.2857142857,MacLeod_etal_2003_Table1,Selected_collection,2003,25
Pan troglodytes,Total_brain_net_volume_Vol.mm3,334500,MacLeod_etal_2003_Table1,Selected_collection,2003,25
Papio cynocephalus,Cerebellum_Vol.mm3,13600,MacLeod_etal_2003_Table1,Selected_collection,2003,25
Papio cynocephalus,CerebellarVermis_Vol.mm3,3600,MacLeod_etal_2003_Table1,Selected_collection,2003,25
Papio cynocephalus,CerebellarHemisphere_Vol.mm3,10000,MacLeod_etal_2003_Table1,Selected_collection,2003,25
Papio cynocephalus,Total_brain_net_volume_Vol.mm3,143300,MacLeod_etal_2003_Table1,Selected_collection,2003,25
Pongo sp.,Cerebellum_Vol.mm3,49800,MacLeod_etal_2003_Table1,Selected_collection,2003,25
Pongo sp.,CerebellarVermis_Vol.mm3,5200,MacLeod_etal_2003_Table1,Selected_collection,2003,25
Pongo sp.,CerebellarHemisphere_Vol.mm3,44600,MacLeod_etal_2003_Table1,Selected_collection,2003,25
Pongo sp.,Total_brain_net_volume_Vol.mm3,406875,MacLeod_etal_2003_Table1,Selected_collection,2003,25
Saimiri sciureus,Cerebellum_Vol.mm3,2050,MacLeod_etal_2003_Table1,Selected_collection,2003,25
Saimiri sciureus,CerebellarVermis_Vol.mm3,875,MacLeod_etal_2003_Table1,Selected_collection,2003,25
Saimiri sciureus,CerebellarHemisphere_Vol.mm3,1150,MacLeod_etal_2003_Table1,Selected_collection,2003,25
Saimiri sciureus,Total_brain_net_volume_Vol.mm3,23100,MacLeod_etal_2003_Table1,Selected_collection,2003,25
Alouatta seniculus,Cerebellum_Vol.mm3,4150,MacLeod_etal_2003_Table2,Selected_collection,2003,26
Alouatta seniculus,CerebellarVermis_Vol.mm3,1450,MacLeod_etal_2003_Table2,Selected_collection,2003,26
Alouatta seniculus,CerebellarHemisphere_Vol.mm3,2700,MacLeod_etal_2003_Table2,Selected_collection,2003,26
Alouatta seniculus,Total_brain_net_volume_Vol.mm3,37400,MacLeod_etal_2003_Table2,Selected_collection,2003,26
Aotus trivirgatus,Cerebellum_Vol.mm3,1750,MacLeod_etal_2003_Table2,Selected_collection,2003,26
Aotus trivirgatus,CerebellarVermis_Vol.mm3,900,MacLeod_etal_2003_Table2,Selected_collection,2003,26
Aotus trivirgatus,CerebellarHemisphere_Vol.mm3,950,MacLeod_etal_2003_Table2,Selected_collection,2003,26
Aotus trivirgatus,Total_brain_net_volume_Vol.mm3,19125,MacLeod_etal_2003_Table2,Selected_collection,2003,26
Ateles paniscus,Cerebellum_Vol.mm3,10366.6666666667,MacLeod_etal_2003_Table2,Selected_collection,2003,26
Ateles paniscus,CerebellarVermis_Vol.mm3,3033.33333333333,MacLeod_etal_2003_Table2,Selected_collection,2003,26
Ateles paniscus,CerebellarHemisphere_Vol.mm3,7300,MacLeod_etal_2003_Table2,Selected_collection,2003,26
Ateles paniscus,Total_brain_net_volume_Vol.mm3,90700,MacLeod_etal_2003_Table2,Selected_collection,2003,26
Cebus sp.,Cerebellum_Vol.mm3,7050,MacLeod_etal_2003_Table2,Selected_collection,2003,26
Cebus sp.,CerebellarVermis_Vol.mm3,2350,MacLeod_etal_2003_Table2,Selected_collection,2003,26
Cebus sp.,CerebellarHemisphere_Vol.mm3,4700,MacLeod_etal_2003_Table2,Selected_collection,2003,26
Cebus sp.,Total_brain_net_volume_Vol.mm3,76500,MacLeod_etal_2003_Table2,Selected_collection,2003,26
Lophocebus albigena,Cerebellum_Vol.mm3,11700,MacLeod_etal_2003_Table2,Selected_collection,2003,26
Lophocebus albigena,CerebellarVermis_Vol.mm3,4000,MacLeod_etal_2003_Table2,Selected_collection,2003,26
Lophocebus albigena,CerebellarHemisphere_Vol.mm3,7700,MacLeod_etal_2003_Table2,Selected_collection,2003,26
Lophocebus albigena,Total_brain_net_volume_Vol.mm3,112000,MacLeod_etal_2003_Table2,Selected_collection,2003,26
Cercopithecus sp.,Cerebellum_Vol.mm3,6200,MacLeod_etal_2003_Table2,Selected_collection,2003,26
Cercopithecus sp.,CerebellarVermis_Vol.mm3,2650,MacLeod_etal_2003_Table2,Selected_collection,2003,26
Cercopithecus sp.,CerebellarHemisphere_Vol.mm3,3450,MacLeod_etal_2003_Table2,Selected_collection,2003,26
Cercopithecus sp.,Total_brain_net_volume_Vol.mm3,64000,MacLeod_etal_2003_Table2,Selected_collection,2003,26
Erythrocebus patas,Cerebellum_Vol.mm3,7900,MacLeod_etal_2003_Table2,Selected_collection,2003,26
Erythrocebus patas,CerebellarVermis_Vol.mm3,2700,MacLeod_etal_2003_Table2,Selected_collection,2003,26
Erythrocebus patas,CerebellarHemisphere_Vol.mm3,5200,MacLeod_etal_2003_Table2,Selected_collection,2003,26
Erythrocebus patas,Total_brain_net_volume_Vol.mm3,89000,MacLeod_etal_2003_Table2,Selected_collection,2003,26
Gorilla sp.,Cerebellum_Vol.mm3,53200,MacLeod_etal_2003_Table2,Selected_collection,2003,26
Gorilla sp.,CerebellarVermis_Vol.mm3,5833.33333333333,MacLeod_etal_2003_Table2,Selected_collection,2003,26
Gorilla sp.,CerebellarHemisphere_Vol.mm3,47400,MacLeod_etal_2003_Table2,Selected_collection,2003,26
Gorilla sp.,Total_brain_net_volume_Vol.mm3,403933.333333333,MacLeod_etal_2003_Table2,Selected_collection,2003,26
Homo sapiens,Cerebellum_Vol.mm3,140762.5,MacLeod_etal_2003_Table2,Selected_collection,2003,26
Homo sapiens,CerebellarVermis_Vol.mm3,11687.5,MacLeod_etal_2003_Table2,Selected_collection,2003,26
Homo sapiens,CerebellarHemisphere_Vol.mm3,129037.5,MacLeod_etal_2003_Table2,Selected_collection,2003,26
Homo sapiens,Total_brain_net_volume_Vol.mm3,1239825,MacLeod_etal_2003_Table2,Selected_collection,2003,26
Hylobates lar,Cerebellum_Vol.mm3,12640,MacLeod_etal_2003_Table2,Selected_collection,2003,26
Hylobates lar,CerebellarVermis_Vol.mm3,2320,MacLeod_etal_2003_Table2,Selected_collection,2003,26
Hylobates lar,CerebellarHemisphere_Vol.mm3,10320,MacLeod_etal_2003_Table2,Selected_collection,2003,26
Hylobates lar,Total_brain_net_volume_Vol.mm3,98040,MacLeod_etal_2003_Table2,Selected_collection,2003,26
Macaca mulatta,Cerebellum_Vol.mm3,9600,MacLeod_etal_2003_Table2,Selected_collection,2003,26
Macaca mulatta,CerebellarVermis_Vol.mm3,3150,MacLeod_etal_2003_Table2,Selected_collection,2003,26
Macaca mulatta,CerebellarHemisphere_Vol.mm3,6350,MacLeod_etal_2003_Table2,Selected_collection,2003,26
Macaca mulatta,Total_brain_net_volume_Vol.mm3,104750,MacLeod_etal_2003_Table2,Selected_collection,2003,26
Pan paniscus,Cerebellum_Vol.mm3,53550,MacLeod_etal_2003_Table2,Selected_collection,2003,26
Pan paniscus,CerebellarVermis_Vol.mm3,6750,MacLeod_etal_2003_Table2,Selected_collection,2003,26
Pan paniscus,CerebellarHemisphere_Vol.mm3,46750,MacLeod_etal_2003_Table2,Selected_collection,2003,26
Pan paniscus,Total_brain_net_volume_Vol.mm3,345550,MacLeod_etal_2003_Table2,Selected_collection,2003,26
Pan troglodytes,Cerebellum_Vol.mm3,46457.1428571429,MacLeod_etal_2003_Table2,Selected_collection,2003,26
Pan troglodytes,CerebellarVermis_Vol.mm3,5216.66666666667,MacLeod_etal_2003_Table2,Selected_collection,2003,26
Pan troglodytes,CerebellarHemisphere_Vol.mm3,40100,MacLeod_etal_2003_Table2,Selected_collection,2003,26
Pan troglodytes,Total_brain_net_volume_Vol.mm3,375142.857142857,MacLeod_etal_2003_Table2,Selected_collection,2003,26
Papio cynocephalus,Cerebellum_Vol.mm3,14050,MacLeod_etal_2003_Table2,Selected_collection,2003,26
Papio cynocephalus,CerebellarVermis_Vol.mm3,3950,MacLeod_etal_2003_Table2,Selected_collection,2003,26
Papio cynocephalus,CerebellarHemisphere_Vol.mm3,10150,MacLeod_etal_2003_Table2,Selected_collection,2003,26
Papio cynocephalus,Total_brain_net_volume_Vol.mm3,146300,MacLeod_etal_2003_Table2,Selected_collection,2003,26
Pongo sp.,Cerebellum_Vol.mm3,39275,MacLeod_etal_2003_Table2,Selected_collection,2003,26
Pongo sp.,CerebellarVermis_Vol.mm3,4200,MacLeod_etal_2003_Table2,Selected_collection,2003,26
Pongo sp.,CerebellarHemisphere_Vol.mm3,34400,MacLeod_etal_2003_Table2,Selected_collection,2003,26
Pongo sp.,Total_brain_net_volume_Vol.mm3,333725,MacLeod_etal_2003_Table2,Selected_collection,2003,26
Saimiri sciureus,Cerebellum_Vol.mm3,1900,MacLeod_etal_2003_Table2,Selected_collection,2003,26
Saimiri sciureus,CerebellarVermis_Vol.mm3,950,MacLeod_etal_2003_Table2,Selected_collection,2003,26
Saimiri sciureus,CerebellarHemisphere_Vol.mm3,950,MacLeod_etal_2003_Table2,Selected_collection,2003,26
Saimiri sciureus,Total_brain_net_volume_Vol.mm3,19850,MacLeod_etal_2003_Table2,Selected_collection,2003,26
Homo sapiens,Total_brain_net_volume_Vol.mm3,1387100,deSousa_etal_2010_Table1,Selected_collection,2010,27
Homo sapiens,Area_striata_grey_matter_left_Vol.mm3,9400,deSousa_etal_2010_Table1,Selected_collection,2010,27
Homo sapiens,Corpus_geniculatum_laterale_left_Vol.mm3,200,deSousa_etal_2010_Table1,Selected_collection,2010,27
Homo sapiens,Neocortex_Vol.mm3,1116800,deSousa_etal_2010_Table1,Selected_collection,2010,27
Homo sapiens,Total_brain_net_volume_Vol.mm3,1695900,deSousa_etal_2010_Table1,Selected_collection,2010,27
Homo sapiens,Area_striata_grey_matter_left_Vol.mm3,10400,deSousa_etal_2010_Table1,Selected_collection,2010,27
Homo sapiens,Corpus_geniculatum_laterale_left_Vol.mm3,300,deSousa_etal_2010_Table1,Selected_collection,2010,27
Homo sapiens,Total_brain_net_volume_Vol.mm3,1225900,deSousa_etal_2010_Table1,Selected_collection,2010,27
Homo sapiens,Area_striata_grey_matter_left_Vol.mm3,7500,deSousa_etal_2010_Table1,Selected_collection,2010,27
Homo sapiens,Corpus_geniculatum_laterale_left_Vol.mm3,200,deSousa_etal_2010_Table1,Selected_collection,2010,27
Homo sapiens,Total_brain_net_volume_Vol.mm3,1302100,deSousa_etal_2010_Table1,Selected_collection,2010,27
Homo sapiens,Area_striata_grey_matter_left_Vol.mm3,8500,deSousa_etal_2010_Table1,Selected_collection,2010,27
Homo sapiens,Corpus_geniculatum_laterale_left_Vol.mm3,200,deSousa_etal_2010_Table1,Selected_collection,2010,27
Homo sapiens,Total_brain_net_volume_Vol.mm3,1312700,deSousa_etal_2010_Table1,Selected_collection,2010,27
Homo sapiens,Area_striata_grey_matter_left_Vol.mm3,9200,deSousa_etal_2010_Table1,Selected_collection,2010,27
Homo sapiens,Corpus_geniculatum_laterale_left_Vol.mm3,200,deSousa_etal_2010_Table1,Selected_collection,2010,27
Homo sapiens,Total_brain_net_volume_Vol.mm3,1009700,deSousa_etal_2010_Table1,Selected_collection,2010,27
Homo sapiens,Area_striata_grey_matter_left_Vol.mm3,5300,deSousa_etal_2010_Table1,Selected_collection,2010,27
Homo sapiens,Corpus_geniculatum_laterale_left_Vol.mm3,100,deSousa_etal_2010_Table1,Selected_collection,2010,27
Homo sapiens,Total_brain_net_volume_Vol.mm3,1102300,deSousa_etal_2010_Table1,Selected_collection,2010,27
Homo sapiens,Area_striata_grey_matter_left_Vol.mm3,6000,deSousa_etal_2010_Table1,Selected_collection,2010,27
Homo sapiens,Corpus_geniculatum_laterale_left_Vol.mm3,100,deSousa_etal_2010_Table1,Selected_collection,2010,27
Homo sapiens,Neocortex_Vol.mm3,865200,deSousa_etal_2010_Table1,Selected_collection,2010,27
Homo sapiens,Total_brain_net_volume_Vol.mm3,1303100,deSousa_etal_2010_Table1,Selected_collection,2010,27
Homo sapiens,Area_striata_grey_matter_left_Vol.mm3,7600,deSousa_etal_2010_Table1,Selected_collection,2010,27
Homo sapiens,Corpus_geniculatum_laterale_left_Vol.mm3,200,deSousa_etal_2010_Table1,Selected_collection,2010,27
Homo sapiens,Total_brain_net_volume_Vol.mm3,1173700,deSousa_etal_2010_Table1,Selected_collection,2010,27
Homo sapiens,Area_striata_grey_matter_left_Vol.mm3,5400,deSousa_etal_2010_Table1,Selected_collection,2010,27
Homo sapiens,Corpus_geniculatum_laterale_left_Vol.mm3,100,deSousa_etal_2010_Table1,Selected_collection,2010,27
Homo sapiens,Total_brain_net_volume_Vol.mm3,1071400,deSousa_etal_2010_Table1,Selected_collection,2010,27
Homo sapiens,Area_striata_grey_matter_left_Vol.mm3,7000,deSousa_etal_2010_Table1,Selected_collection,2010,27
Homo sapiens,Corpus_geniculatum_laterale_left_Vol.mm3,200,deSousa_etal_2010_Table1,Selected_collection,2010,27
Pan troglodytes,Total_brain_net_volume_Vol.mm3,265000,deSousa_etal_2010_Table1,Selected_collection,2010,27
Pan troglodytes,Area_striata_grey_matter_left_Vol.mm3,2800,deSousa_etal_2010_Table1,Selected_collection,2010,27
Pan troglodytes,Corpus_geniculatum_laterale_left_Vol.mm3,100,deSousa_etal_2010_Table1,Selected_collection,2010,27
Pan troglodytes,Neocortex_Vol.mm3,198300,deSousa_etal_2010_Table1,Selected_collection,2010,27
Pan troglodytes,Total_brain_net_volume_Vol.mm3,347000,deSousa_etal_2010_Table1,Selected_collection,2010,27
Pan troglodytes,Area_striata_grey_matter_left_Vol.mm3,4700,deSousa_etal_2010_Table1,Selected_collection,2010,27
Pan troglodytes,Corpus_geniculatum_laterale_left_Vol.mm3,200,deSousa_etal_2010_Table1,Selected_collection,2010,27
Pan troglodytes,Neocortex_Vol.mm3,262800,deSousa_etal_2010_Table1,Selected_collection,2010,27
Pan troglodytes,Total_brain_net_volume_Vol.mm3,424700,deSousa_etal_2010_Table1,Selected_collection,2010,27
Pan troglodytes,Area_striata_grey_matter_left_Vol.mm3,4800,deSousa_etal_2010_Table1,Selected_collection,2010,27
Pan troglodytes,Corpus_geniculatum_laterale_left_Vol.mm3,200,deSousa_etal_2010_Table1,Selected_collection,2010,27
Pan troglodytes,Neocortex_Vol.mm3,297400,deSousa_etal_2010_Table1,Selected_collection,2010,27
Pan troglodytes,Total_brain_net_volume_Vol.mm3,405400,deSousa_etal_2010_Table1,Selected_collection,2010,27
Pan troglodytes,Area_striata_grey_matter_left_Vol.mm3,5200,deSousa_etal_2010_Table1,Selected_collection,2010,27
Pan troglodytes,Corpus_geniculatum_laterale_left_Vol.mm3,200,deSousa_etal_2010_Table1,Selected_collection,2010,27
Pan troglodytes,Neocortex_Vol.mm3,300100,deSousa_etal_2010_Table1,Selected_collection,2010,27
Pan troglodytes,Total_brain_net_volume_Vol.mm3,261100,deSousa_etal_2010_Table1,Selected_collection,2010,27
Pan troglodytes,Area_striata_grey_matter_left_Vol.mm3,4000,deSousa_etal_2010_Table1,Selected_collection,2010,27
Pan troglodytes,Corpus_geniculatum_laterale_left_Vol.mm3,100,deSousa_etal_2010_Table1,Selected_collection,2010,27
Pan troglodytes,Total_brain_net_volume_Vol.mm3,276800,deSousa_etal_2010_Table1,Selected_collection,2010,27
Pan troglodytes,Area_striata_grey_matter_left_Vol.mm3,3800,deSousa_etal_2010_Table1,Selected_collection,2010,27
Pan troglodytes,Corpus_geniculatum_laterale_left_Vol.mm3,100,deSousa_etal_2010_Table1,Selected_collection,2010,27
Pan troglodytes,Total_brain_net_volume_Vol.mm3,257700,deSousa_etal_2010_Table1,Selected_collection,2010,27
Pan troglodytes,Area_striata_grey_matter_left_Vol.mm3,3700,deSousa_etal_2010_Table1,Selected_collection,2010,27
Pan paniscus,Total_brain_net_volume_Vol.mm3,378400,deSousa_etal_2010_Table1,Selected_collection,2010,27
Pan paniscus,Area_striata_grey_matter_left_Vol.mm3,7300,deSousa_etal_2010_Table1,Selected_collection,2010,27
Pan paniscus,Corpus_geniculatum_laterale_left_Vol.mm3,200,deSousa_etal_2010_Table1,Selected_collection,2010,27
Pan paniscus,Neocortex_Vol.mm3,279000,deSousa_etal_2010_Table1,Selected_collection,2010,27
Pan paniscus,Total_brain_net_volume_Vol.mm3,312700,deSousa_etal_2010_Table1,Selected_collection,2010,27
Pan paniscus,Area_striata_grey_matter_left_Vol.mm3,5700,deSousa_etal_2010_Table1,Selected_collection,2010,27
Pan paniscus,Corpus_geniculatum_laterale_left_Vol.mm3,100,deSousa_etal_2010_Table1,Selected_collection,2010,27
Pan paniscus,Neocortex_Vol.mm3,214400,deSousa_etal_2010_Table1,Selected_collection,2010,27
Pan paniscus,Total_brain_net_volume_Vol.mm3,325300,deSousa_etal_2010_Table1,Selected_collection,2010,27
Pan paniscus,Area_striata_grey_matter_left_Vol.mm3,4400,deSousa_etal_2010_Table1,Selected_collection,2010,27
Pan paniscus,Corpus_geniculatum_laterale_left_Vol.mm3,100,deSousa_etal_2010_Table1,Selected_collection,2010,27
Gorilla sp.,Total_brain_net_volume_Vol.mm3,362900,deSousa_etal_2010_Table1,Selected_collection,2010,27
Gorilla sp.,Area_striata_grey_matter_left_Vol.mm3,4000,deSousa_etal_2010_Table1,Selected_collection,2010,27
Gorilla sp.,Corpus_geniculatum_laterale_left_Vol.mm3,200,deSousa_etal_2010_Table1,Selected_collection,2010,27
Gorilla sp.,Neocortex_Vol.mm3,254300,deSousa_etal_2010_Table1,Selected_collection,2010,27
Gorilla sp.,Total_brain_net_volume_Vol.mm3,434400,deSousa_etal_2010_Table1,Selected_collection,2010,27
Gorilla sp.,Area_striata_grey_matter_left_Vol.mm3,5100,deSousa_etal_2010_Table1,Selected_collection,2010,27
Gorilla sp.,Corpus_geniculatum_laterale_left_Vol.mm3,200,deSousa_etal_2010_Table1,Selected_collection,2010,27
Gorilla sp.,Neocortex_Vol.mm3,313100,deSousa_etal_2010_Table1,Selected_collection,2010,27
Pongo sp.,Total_brain_net_volume_Vol.mm3,424700,deSousa_etal_2010_Table1,Selected_collection,2010,27
Pongo sp.,Area_striata_grey_matter_left_Vol.mm3,4200,deSousa_etal_2010_Table1,Selected_collection,2010,27
Pongo sp.,Corpus_geniculatum_laterale_left_Vol.mm3,100,deSousa_etal_2010_Table1,Selected_collection,2010,27
Pongo sp.,Neocortex_Vol.mm3,298900,deSousa_etal_2010_Table1,Selected_collection,2010,27
Pongo sp.,Total_brain_net_volume_Vol.mm3,356200,deSousa_etal_2010_Table1,Selected_collection,2010,27
Pongo sp.,Area_striata_grey_matter_left_Vol.mm3,3500,deSousa_etal_2010_Table1,Selected_collection,2010,27
Pongo sp.,Corpus_geniculatum_laterale_left_Vol.mm3,100,deSousa_etal_2010_Table1,Selected_collection,2010,27
Pongo sp.,Neocortex_Vol.mm3,268500,deSousa_etal_2010_Table1,Selected_collection,2010,27
Pongo sp.,Total_brain_net_volume_Vol.mm3,333000,deSousa_etal_2010_Table1,Selected_collection,2010,27
Pongo sp.,Area_striata_grey_matter_left_Vol.mm3,4700,deSousa_etal_2010_Table1,Selected_collection,2010,27
Pongo sp.,Corpus_geniculatum_laterale_left_Vol.mm3,200,deSousa_etal_2010_Table1,Selected_collection,2010,27
Pongo sp.,Neocortex_Vol.mm3,240300,deSousa_etal_2010_Table1,Selected_collection,2010,27
Hylobates lar,Total_brain_net_volume_Vol.mm3,88800,deSousa_etal_2010_Table1,Selected_collection,2010,27
Hylobates lar,Area_striata_grey_matter_left_Vol.mm3,1800,deSousa_etal_2010_Table1,Selected_collection,2010,27
Hylobates lar,Corpus_geniculatum_laterale_left_Vol.mm3,100,deSousa_etal_2010_Table1,Selected_collection,2010,27
Hylobates lar,Neocortex_Vol.mm3,59600,deSousa_etal_2010_Table1,Selected_collection,2010,27
Hylobates lar,Total_brain_net_volume_Vol.mm3,115800,deSousa_etal_2010_Table1,Selected_collection,2010,27
Hylobates lar,Area_striata_grey_matter_left_Vol.mm3,2300,deSousa_etal_2010_Table1,Selected_collection,2010,27
Hylobates lar,Corpus_geniculatum_laterale_left_Vol.mm3,100,deSousa_etal_2010_Table1,Selected_collection,2010,27
Hylobates lar,Neocortex_Vol.mm3,77000,deSousa_etal_2010_Table1,Selected_collection,2010,27
Symphalangus syndactylus,Total_brain_net_volume_Vol.mm3,133900,deSousa_etal_2010_Table1,Selected_collection,2010,27
Symphalangus syndactylus,Area_striata_grey_matter_left_Vol.mm3,2700,deSousa_etal_2010_Table1,Selected_collection,2010,27
Macaca fascicularis,Total_brain_net_volume_Vol.mm3,55600,deSousa_etal_2010_Table1,Selected_collection,2010,27
Macaca fascicularis,Area_striata_grey_matter_left_Vol.mm3,1400,deSousa_etal_2010_Table1,Selected_collection,2010,27
Macaca fascicularis,Corpus_geniculatum_laterale_left_Vol.mm3,46,deSousa_etal_2010_Table1,Selected_collection,2010,27
Alouatta caraya,Granular_insular_cortex_left_Vol.mm3,89,Bauernfeind_etal_2013_Table1,Selected_collection,2013,28
Alouatta caraya,Dysgranular_insular_cortex_left_Vol.mm3,141,Bauernfeind_etal_2013_Table1,Selected_collection,2013,28
Alouatta caraya,Agranular_insular_cortex_left_Vol.mm3,42,Bauernfeind_etal_2013_Table1,Selected_collection,2013,28
Alouatta caraya,Insula_left_Vol.mm3,272,Bauernfeind_etal_2013_Table1,Selected_collection,2013,28
Alouatta caraya,Total_brain_net_volume_Vol.mm3,53861,Bauernfeind_etal_2013_Table1,Selected_collection,2013,28
Alouatta caraya,Brain_Mass.mg,55.8,Bauernfeind_etal_2013_Table1,Selected_collection,2013,28
Alouatta caraya,Body_Mass.g,6420,Bauernfeind_etal_2013_Table1,Selected_collection,2013,28
Ateles geoffroyi,Granular_insular_cortex_left_Vol.mm3,100,Bauernfeind_etal_2013_Table1,Selected_collection,2013,28
Ateles geoffroyi,Dysgranular_insular_cortex_left_Vol.mm3,181,Bauernfeind_etal_2013_Table1,Selected_collection,2013,28
Ateles geoffroyi,Agranular_insular_cortex_left_Vol.mm3,135,Bauernfeind_etal_2013_Table1,Selected_collection,2013,28
Ateles geoffroyi,Insula_left_Vol.mm3,416,Bauernfeind_etal_2013_Table1,Selected_collection,2013,28
Ateles geoffroyi,Total_brain_net_volume_Vol.mm3,102700,Bauernfeind_etal_2013_Table1,Selected_collection,2013,28
Ateles geoffroyi,Brain_Mass.mg,106.4,Bauernfeind_etal_2013_Table1,Selected_collection,2013,28
Ateles geoffroyi,Body_Mass.g,7780,Bauernfeind_etal_2013_Table1,Selected_collection,2013,28
Avahi occidentalis,Granular_insular_cortex_left_Vol.mm3,13,Bauernfeind_etal_2013_Table1,Selected_collection,2013,28
Avahi occidentalis,Dysgranular_insular_cortex_left_Vol.mm3,18,Bauernfeind_etal_2013_Table1,Selected_collection,2013,28
Avahi occidentalis,Agranular_insular_cortex_left_Vol.mm3,7,Bauernfeind_etal_2013_Table1,Selected_collection,2013,28
Avahi occidentalis,Insula_left_Vol.mm3,38,Bauernfeind_etal_2013_Table1,Selected_collection,2013,28
Avahi occidentalis,Total_brain_net_volume_Vol.mm3,9256.8,Bauernfeind_etal_2013_Table1,Selected_collection,2013,28
Avahi occidentalis,Brain_Mass.mg,9.6,Bauernfeind_etal_2013_Table1,Selected_collection,2013,28
Avahi occidentalis,Body_Mass.g,1030,Bauernfeind_etal_2013_Table1,Selected_collection,2013,28
Cebuella pygmaea,Granular_insular_cortex_left_Vol.mm3,3,Bauernfeind_etal_2013_Table1,Selected_collection,2013,28
Cebuella pygmaea,Dysgranular_insular_cortex_left_Vol.mm3,7,Bauernfeind_etal_2013_Table1,Selected_collection,2013,28
Cebuella pygmaea,Agranular_insular_cortex_left_Vol.mm3,1,Bauernfeind_etal_2013_Table1,Selected_collection,2013,28
Cebuella pygmaea,Insula_left_Vol.mm3,11,Bauernfeind_etal_2013_Table1,Selected_collection,2013,28
Cebuella pygmaea,Total_brain_net_volume_Vol.mm3,4005.8,Bauernfeind_etal_2013_Table1,Selected_collection,2013,28
Cebuella pygmaea,Brain_Mass.mg,4.2,Bauernfeind_etal_2013_Table1,Selected_collection,2013,28
Cebuella pygmaea,Body_Mass.g,110,Bauernfeind_etal_2013_Table1,Selected_collection,2013,28
Cebus albifrons,Granular_insular_cortex_left_Vol.mm3,108,Bauernfeind_etal_2013_Table1,Selected_collection,2013,28
Cebus albifrons,Dysgranular_insular_cortex_left_Vol.mm3,155,Bauernfeind_etal_2013_Table1,Selected_collection,2013,28
Cebus albifrons,Agranular_insular_cortex_left_Vol.mm3,34,Bauernfeind_etal_2013_Table1,Selected_collection,2013,28
Cebus albifrons,Insula_left_Vol.mm3,297,Bauernfeind_etal_2013_Table1,Selected_collection,2013,28
Cebus albifrons,Total_brain_net_volume_Vol.mm3,77027,Bauernfeind_etal_2013_Table1,Selected_collection,2013,28
Cebus albifrons,Brain_Mass.mg,79.8,Bauernfeind_etal_2013_Table1,Selected_collection,2013,28
Cebus albifrons,Body_Mass.g,3180,Bauernfeind_etal_2013_Table1,Selected_collection,2013,28
Cercocebus agilis,Granular_insular_cortex_left_Vol.mm3,158,Bauernfeind_etal_2013_Table1,Selected_collection,2013,28
Cercocebus agilis,Dysgranular_insular_cortex_left_Vol.mm3,116,Bauernfeind_etal_2013_Table1,Selected_collection,2013,28
Cercocebus agilis,Agranular_insular_cortex_left_Vol.mm3,105,Bauernfeind_etal_2013_Table1,Selected_collection,2013,28
Cercocebus agilis,Insula_left_Vol.mm3,379,Bauernfeind_etal_2013_Table1,Selected_collection,2013,28
Cercocebus agilis,Total_brain_net_volume_Vol.mm3,91988,Bauernfeind_etal_2013_Table1,Selected_collection,2013,28
Cercocebus agilis,Brain_Mass.mg,95.3,Bauernfeind_etal_2013_Table1,Selected_collection,2013,28
Cercocebus agilis,Body_Mass.g,5660,Bauernfeind_etal_2013_Table1,Selected_collection,2013,28
Cercopithecus mitis,Granular_insular_cortex_left_Vol.mm3,134,Bauernfeind_etal_2013_Table1,Selected_collection,2013,28
Cercopithecus mitis,Dysgranular_insular_cortex_left_Vol.mm3,391,Bauernfeind_etal_2013_Table1,Selected_collection,2013,28
Cercopithecus mitis,Agranular_insular_cortex_left_Vol.mm3,89,Bauernfeind_etal_2013_Table1,Selected_collection,2013,28
Cercopithecus mitis,Insula_left_Vol.mm3,614,Bauernfeind_etal_2013_Table1,Selected_collection,2013,28
Cercopithecus mitis,Total_brain_net_volume_Vol.mm3,69112,Bauernfeind_etal_2013_Table1,Selected_collection,2013,28
Cercopithecus mitis,Brain_Mass.mg,71.6,Bauernfeind_etal_2013_Table1,Selected_collection,2013,28
Cercopithecus mitis,Body_Mass.g,5480,Bauernfeind_etal_2013_Table1,Selected_collection,2013,28
Colobus angolensis,Granular_insular_cortex_left_Vol.mm3,38,Bauernfeind_etal_2013_Table1,Selected_collection,2013,28
Colobus angolensis,Dysgranular_insular_cortex_left_Vol.mm3,152,Bauernfeind_etal_2013_Table1,Selected_collection,2013,28
Colobus angolensis,Agranular_insular_cortex_left_Vol.mm3,32,Bauernfeind_etal_2013_Table1,Selected_collection,2013,28
Colobus angolensis,Insula_left_Vol.mm3,222,Bauernfeind_etal_2013_Table1,Selected_collection,2013,28
Colobus angolensis,Total_brain_net_volume_Vol.mm3,71815,Bauernfeind_etal_2013_Table1,Selected_collection,2013,28
Colobus angolensis,Brain_Mass.mg,74.4,Bauernfeind_etal_2013_Table1,Selected_collection,2013,28
Colobus angolensis,Body_Mass.g,9680,Bauernfeind_etal_2013_Table1,Selected_collection,2013,28
Galagoides demidoff,Granular_insular_cortex_left_Vol.mm3,5,Bauernfeind_etal_2013_Table1,Selected_collection,2013,28
Galagoides demidoff,Dysgranular_insular_cortex_left_Vol.mm3,5,Bauernfeind_etal_2013_Table1,Selected_collection,2013,28
Galagoides demidoff,Agranular_insular_cortex_left_Vol.mm3,2,Bauernfeind_etal_2013_Table1,Selected_collection,2013,28
Galagoides demidoff,Insula_left_Vol.mm3,12,Bauernfeind_etal_2013_Table1,Selected_collection,2013,28
Galagoides demidoff,Total_brain_net_volume_Vol.mm3,3185.3,Bauernfeind_etal_2013_Table1,Selected_collection,2013,28
Galagoides demidoff,Brain_Mass.mg,3.3,Bauernfeind_etal_2013_Table1,Selected_collection,2013,28
Galagoides demidoff,Body_Mass.g,63,Bauernfeind_etal_2013_Table1,Selected_collection,2013,28
Gorilla sp.,Granular_insular_cortex_left_Vol.mm3,394.5,Bauernfeind_etal_2013_Table1,Selected_collection,2013,28
Gorilla sp.,Dysgranular_insular_cortex_left_Vol.mm3,948.75,Bauernfeind_etal_2013_Table1,Selected_collection,2013,28
Gorilla sp.,Agranular_insular_cortex_left_Vol.mm3,570,Bauernfeind_etal_2013_Table1,Selected_collection,2013,28
Gorilla sp.,fronto_insular_cortex_left_Vol.mm3,232,Bauernfeind_etal_2013_Table1,Selected_collection,2013,28
Gorilla sp.,Insula_left_Vol.mm3,2145.5,Bauernfeind_etal_2013_Table1,Selected_collection,2013,28
Gorilla sp.,Total_brain_net_volume_Vol.mm3,401785,Bauernfeind_etal_2013_Table1,Selected_collection,2013,28
Gorilla sp.,Brain_Mass.mg,416.25,Bauernfeind_etal_2013_Table1,Selected_collection,2013,28
Gorilla sp.,Body_Mass.g,102342.5,Bauernfeind_etal_2013_Table1,Selected_collection,2013,28
Homo sapiens,Granular_insular_cortex_left_Vol.mm3,1873.8,Bauernfeind_etal_2013_Table1,Selected_collection,2013,28
Homo sapiens,Dysgranular_insular_cortex_left_Vol.mm3,2960.2,Bauernfeind_etal_2013_Table1,Selected_collection,2013,28
Homo sapiens,Agranular_insular_cortex_left_Vol.mm3,1200.6,Bauernfeind_etal_2013_Table1,Selected_collection,2013,28
Homo sapiens,fronto_insular_cortex_left_Vol.mm3,444.6,Bauernfeind_etal_2013_Table1,Selected_collection,2013,28
Homo sapiens,Insula_left_Vol.mm3,6479,Bauernfeind_etal_2013_Table1,Selected_collection,2013,28
Homo sapiens,Total_brain_net_volume_Vol.mm3,1357820,Bauernfeind_etal_2013_Table1,Selected_collection,2013,28
Homo sapiens,Brain_Mass.mg,1406.72,Bauernfeind_etal_2013_Table1,Selected_collection,2013,28
Homo sapiens,Body_Mass.g,70100,Bauernfeind_etal_2013_Table1,Selected_collection,2013,28
Hylobates lar,Granular_insular_cortex_left_Vol.mm3,117,Bauernfeind_etal_2013_Table1,Selected_collection,2013,28
Hylobates lar,Dysgranular_insular_cortex_left_Vol.mm3,131,Bauernfeind_etal_2013_Table1,Selected_collection,2013,28
Hylobates lar,Agranular_insular_cortex_left_Vol.mm3,40,Bauernfeind_etal_2013_Table1,Selected_collection,2013,28
Hylobates lar,Insula_left_Vol.mm3,289,Bauernfeind_etal_2013_Table1,Selected_collection,2013,28
Hylobates lar,Total_brain_net_volume_Vol.mm3,88803,Bauernfeind_etal_2013_Table1,Selected_collection,2013,28
Hylobates lar,Brain_Mass.mg,92,Bauernfeind_etal_2013_Table1,Selected_collection,2013,28
Hylobates lar,Body_Mass.g,5340,Bauernfeind_etal_2013_Table1,Selected_collection,2013,28
Hylobates muelleri,Granular_insular_cortex_left_Vol.mm3,111,Bauernfeind_etal_2013_Table1,Selected_collection,2013,28
Hylobates muelleri,Dysgranular_insular_cortex_left_Vol.mm3,286,Bauernfeind_etal_2013_Table1,Selected_collection,2013,28
Hylobates muelleri,Agranular_insular_cortex_left_Vol.mm3,142,Bauernfeind_etal_2013_Table1,Selected_collection,2013,28
Hylobates muelleri,Insula_left_Vol.mm3,539,Bauernfeind_etal_2013_Table1,Selected_collection,2013,28
Hylobates muelleri,Total_brain_net_volume_Vol.mm3,98263,Bauernfeind_etal_2013_Table1,Selected_collection,2013,28
Hylobates muelleri,Brain_Mass.mg,101.8,Bauernfeind_etal_2013_Table1,Selected_collection,2013,28
Hylobates muelleri,Body_Mass.g,5710,Bauernfeind_etal_2013_Table1,Selected_collection,2013,28
Indri indri,Granular_insular_cortex_left_Vol.mm3,50,Bauernfeind_etal_2013_Table1,Selected_collection,2013,28
Indri indri,Dysgranular_insular_cortex_left_Vol.mm3,85,Bauernfeind_etal_2013_Table1,Selected_collection,2013,28
Indri indri,Agranular_insular_cortex_left_Vol.mm3,33,Bauernfeind_etal_2013_Table1,Selected_collection,2013,28
Indri indri,Insula_left_Vol.mm3,167,Bauernfeind_etal_2013_Table1,Selected_collection,2013,28
Indri indri,Total_brain_net_volume_Vol.mm3,32481,Bauernfeind_etal_2013_Table1,Selected_collection,2013,28
Indri indri,Brain_Mass.mg,33.7,Bauernfeind_etal_2013_Table1,Selected_collection,2013,28
Indri indri,Body_Mass.g,5830,Bauernfeind_etal_2013_Table1,Selected_collection,2013,28
Leontopithecus rosalia,Granular_insular_cortex_left_Vol.mm3,4,Bauernfeind_etal_2013_Table1,Selected_collection,2013,28
Leontopithecus rosalia,Dysgranular_insular_cortex_left_Vol.mm3,21,Bauernfeind_etal_2013_Table1,Selected_collection,2013,28
Leontopithecus rosalia,Agranular_insular_cortex_left_Vol.mm3,12,Bauernfeind_etal_2013_Table1,Selected_collection,2013,28
Leontopithecus rosalia,Insula_left_Vol.mm3,37,Bauernfeind_etal_2013_Table1,Selected_collection,2013,28
Leontopithecus rosalia,Total_brain_net_volume_Vol.mm3,12259,Bauernfeind_etal_2013_Table1,Selected_collection,2013,28
Leontopithecus rosalia,Brain_Mass.mg,12.7,Bauernfeind_etal_2013_Table1,Selected_collection,2013,28
Leontopithecus rosalia,Body_Mass.g,598,Bauernfeind_etal_2013_Table1,Selected_collection,2013,28
Lophocebus albigena,Granular_insular_cortex_left_Vol.mm3,171,Bauernfeind_etal_2013_Table1,Selected_collection,2013,28
Lophocebus albigena,Dysgranular_insular_cortex_left_Vol.mm3,270,Bauernfeind_etal_2013_Table1,Selected_collection,2013,28
Lophocebus albigena,Agranular_insular_cortex_left_Vol.mm3,95,Bauernfeind_etal_2013_Table1,Selected_collection,2013,28
Lophocebus albigena,Insula_left_Vol.mm3,536,Bauernfeind_etal_2013_Table1,Selected_collection,2013,28
Lophocebus albigena,Total_brain_net_volume_Vol.mm3,106660,Bauernfeind_etal_2013_Table1,Selected_collection,2013,28
Lophocebus albigena,Brain_Mass.mg,110.5,Bauernfeind_etal_2013_Table1,Selected_collection,2013,28
Lophocebus albigena,Body_Mass.g,8250,Bauernfeind_etal_2013_Table1,Selected_collection,2013,28
Loris tardigradus,Granular_insular_cortex_left_Vol.mm3,3,Bauernfeind_etal_2013_Table1,Selected_collection,2013,28
Loris tardigradus,Dysgranular_insular_cortex_left_Vol.mm3,6,Bauernfeind_etal_2013_Table1,Selected_collection,2013,28
Loris tardigradus,Agranular_insular_cortex_left_Vol.mm3,3,Bauernfeind_etal_2013_Table1,Selected_collection,2013,28
Loris tardigradus,Insula_left_Vol.mm3,12,Bauernfeind_etal_2013_Table1,Selected_collection,2013,28
Loris tardigradus,Total_brain_net_volume_Vol.mm3,6612,Bauernfeind_etal_2013_Table1,Selected_collection,2013,28
Loris tardigradus,Brain_Mass.mg,6.9,Bauernfeind_etal_2013_Table1,Selected_collection,2013,28
Loris tardigradus,Body_Mass.g,264,Bauernfeind_etal_2013_Table1,Selected_collection,2013,28
Macaca maura,Granular_insular_cortex_left_Vol.mm3,181,Bauernfeind_etal_2013_Table1,Selected_collection,2013,28
Macaca maura,Dysgranular_insular_cortex_left_Vol.mm3,240,Bauernfeind_etal_2013_Table1,Selected_collection,2013,28
Macaca maura,Agranular_insular_cortex_left_Vol.mm3,71,Bauernfeind_etal_2013_Table1,Selected_collection,2013,28
Macaca maura,Insula_left_Vol.mm3,492,Bauernfeind_etal_2013_Table1,Selected_collection,2013,28
Macaca maura,Total_brain_net_volume_Vol.mm3,80405,Bauernfeind_etal_2013_Table1,Selected_collection,2013,28
Macaca maura,Brain_Mass.mg,83.3,Bauernfeind_etal_2013_Table1,Selected_collection,2013,28
Macaca maura,Body_Mass.g,6050,Bauernfeind_etal_2013_Table1,Selected_collection,2013,28
Pan paniscus,Granular_insular_cortex_left_Vol.mm3,260.666666666667,Bauernfeind_etal_2013_Table1,Selected_collection,2013,28
Pan paniscus,Dysgranular_insular_cortex_left_Vol.mm3,934.333333333333,Bauernfeind_etal_2013_Table1,Selected_collection,2013,28
Pan paniscus,Agranular_insular_cortex_left_Vol.mm3,351,Bauernfeind_etal_2013_Table1,Selected_collection,2013,28
Pan paniscus,fronto_insular_cortex_left_Vol.mm3,144.666666666667,Bauernfeind_etal_2013_Table1,Selected_collection,2013,28
Pan paniscus,Insula_left_Vol.mm3,1690.33333333333,Bauernfeind_etal_2013_Table1,Selected_collection,2013,28
Pan paniscus,Total_brain_net_volume_Vol.mm3,339766.666666667,Bauernfeind_etal_2013_Table1,Selected_collection,2013,28
Pan paniscus,Brain_Mass.mg,352,Bauernfeind_etal_2013_Table1,Selected_collection,2013,28
Pan paniscus,Body_Mass.g,37133.3333333333,Bauernfeind_etal_2013_Table1,Selected_collection,2013,28
Pan troglodytes,Granular_insular_cortex_left_Vol.mm3,667.333333333333,Bauernfeind_etal_2013_Table1,Selected_collection,2013,28
Pan troglodytes,Dysgranular_insular_cortex_left_Vol.mm3,703.666666666667,Bauernfeind_etal_2013_Table1,Selected_collection,2013,28
Pan troglodytes,Agranular_insular_cortex_left_Vol.mm3,164.666666666667,Bauernfeind_etal_2013_Table1,Selected_collection,2013,28
Pan troglodytes,fronto_insular_cortex_left_Vol.mm3,65.6666666666667,Bauernfeind_etal_2013_Table1,Selected_collection,2013,28
Pan troglodytes,Insula_left_Vol.mm3,1600.66666666667,Bauernfeind_etal_2013_Table1,Selected_collection,2013,28
Pan troglodytes,Total_brain_net_volume_Vol.mm3,330790,Bauernfeind_etal_2013_Table1,Selected_collection,2013,28
Pan troglodytes,Brain_Mass.mg,342.7,Bauernfeind_etal_2013_Table1,Selected_collection,2013,28
Pan troglodytes,Body_Mass.g,46503.3333333333,Bauernfeind_etal_2013_Table1,Selected_collection,2013,28
Perodicticus potto,Granular_insular_cortex_left_Vol.mm3,16,Bauernfeind_etal_2013_Table1,Selected_collection,2013,28
Perodicticus potto,Dysgranular_insular_cortex_left_Vol.mm3,10,Bauernfeind_etal_2013_Table1,Selected_collection,2013,28
Perodicticus potto,Agranular_insular_cortex_left_Vol.mm3,4,Bauernfeind_etal_2013_Table1,Selected_collection,2013,28
Perodicticus potto,Insula_left_Vol.mm3,31,Bauernfeind_etal_2013_Table1,Selected_collection,2013,28
Perodicticus potto,Total_brain_net_volume_Vol.mm3,11100,Bauernfeind_etal_2013_Table1,Selected_collection,2013,28
Perodicticus potto,Brain_Mass.mg,11.5,Bauernfeind_etal_2013_Table1,Selected_collection,2013,28
Perodicticus potto,Body_Mass.g,1250,Bauernfeind_etal_2013_Table1,Selected_collection,2013,28
Piliocolobus badius,Granular_insular_cortex_left_Vol.mm3,72,Bauernfeind_etal_2013_Table1,Selected_collection,2013,28
Piliocolobus badius,Dysgranular_insular_cortex_left_Vol.mm3,116,Bauernfeind_etal_2013_Table1,Selected_collection,2013,28
Piliocolobus badius,Agranular_insular_cortex_left_Vol.mm3,53,Bauernfeind_etal_2013_Table1,Selected_collection,2013,28
Piliocolobus badius,Insula_left_Vol.mm3,241,Bauernfeind_etal_2013_Table1,Selected_collection,2013,28
Piliocolobus badius,Total_brain_net_volume_Vol.mm3,72394,Bauernfeind_etal_2013_Table1,Selected_collection,2013,28
Piliocolobus badius,Brain_Mass.mg,75,Bauernfeind_etal_2013_Table1,Selected_collection,2013,28
Piliocolobus badius,Body_Mass.g,7050,Bauernfeind_etal_2013_Table1,Selected_collection,2013,28
Pithecia pithecia,Granular_insular_cortex_left_Vol.mm3,40,Bauernfeind_etal_2013_Table1,Selected_collection,2013,28
Pithecia pithecia,Dysgranular_insular_cortex_left_Vol.mm3,135,Bauernfeind_etal_2013_Table1,Selected_collection,2013,28
Pithecia pithecia,Agranular_insular_cortex_left_Vol.mm3,104,Bauernfeind_etal_2013_Table1,Selected_collection,2013,28
Pithecia pithecia,Insula_left_Vol.mm3,279,Bauernfeind_etal_2013_Table1,Selected_collection,2013,28
Pithecia pithecia,Total_brain_net_volume_Vol.mm3,28958,Bauernfeind_etal_2013_Table1,Selected_collection,2013,28
Pithecia pithecia,Brain_Mass.mg,30,Bauernfeind_etal_2013_Table1,Selected_collection,2013,28
Pithecia pithecia,Body_Mass.g,1580,Bauernfeind_etal_2013_Table1,Selected_collection,2013,28
Pongo sp.,Granular_insular_cortex_left_Vol.mm3,208.75,Bauernfeind_etal_2013_Table1,Selected_collection,2013,28
Pongo sp.,Dysgranular_insular_cortex_left_Vol.mm3,828.25,Bauernfeind_etal_2013_Table1,Selected_collection,2013,28
Pongo sp.,Agranular_insular_cortex_left_Vol.mm3,254.75,Bauernfeind_etal_2013_Table1,Selected_collection,2013,28
Pongo sp.,fronto_insular_cortex_left_Vol.mm3,39.75,Bauernfeind_etal_2013_Table1,Selected_collection,2013,28
Pongo sp.,Insula_left_Vol.mm3,1331.5,Bauernfeind_etal_2013_Table1,Selected_collection,2013,28
Pongo sp.,Total_brain_net_volume_Vol.mm3,340925,Bauernfeind_etal_2013_Table1,Selected_collection,2013,28
Pongo sp.,Brain_Mass.mg,353.2,Bauernfeind_etal_2013_Table1,Selected_collection,2013,28
Pongo sp.,Body_Mass.g,46325,Bauernfeind_etal_2013_Table1,Selected_collection,2013,28
Saguinus geoffroyi,Granular_insular_cortex_left_Vol.mm3,9,Bauernfeind_etal_2013_Table1,Selected_collection,2013,28
Saguinus geoffroyi,Dysgranular_insular_cortex_left_Vol.mm3,9,Bauernfeind_etal_2013_Table1,Selected_collection,2013,28
Saguinus geoffroyi,Agranular_insular_cortex_left_Vol.mm3,6,Bauernfeind_etal_2013_Table1,Selected_collection,2013,28
Saguinus geoffroyi,Insula_left_Vol.mm3,23,Bauernfeind_etal_2013_Table1,Selected_collection,2013,28
Saguinus geoffroyi,Total_brain_net_volume_Vol.mm3,10135,Bauernfeind_etal_2013_Table1,Selected_collection,2013,28
Saguinus geoffroyi,Brain_Mass.mg,10.5,Bauernfeind_etal_2013_Table1,Selected_collection,2013,28
Saguinus geoffroyi,Body_Mass.g,482,Bauernfeind_etal_2013_Table1,Selected_collection,2013,28
Saguinus oedipus,Granular_insular_cortex_left_Vol.mm3,7,Bauernfeind_etal_2013_Table1,Selected_collection,2013,28
Saguinus oedipus,Dysgranular_insular_cortex_left_Vol.mm3,13,Bauernfeind_etal_2013_Table1,Selected_collection,2013,28
Saguinus oedipus,Agranular_insular_cortex_left_Vol.mm3,6,Bauernfeind_etal_2013_Table1,Selected_collection,2013,28
Saguinus oedipus,Insula_left_Vol.mm3,26,Bauernfeind_etal_2013_Table1,Selected_collection,2013,28
Saguinus oedipus,Total_brain_net_volume_Vol.mm3,8938.2,Bauernfeind_etal_2013_Table1,Selected_collection,2013,28
Saguinus oedipus,Brain_Mass.mg,9.3,Bauernfeind_etal_2013_Table1,Selected_collection,2013,28
Saguinus oedipus,Body_Mass.g,418,Bauernfeind_etal_2013_Table1,Selected_collection,2013,28
Symphalangus syndactylus,Granular_insular_cortex_left_Vol.mm3,198,Bauernfeind_etal_2013_Table1,Selected_collection,2013,28
Symphalangus syndactylus,Dysgranular_insular_cortex_left_Vol.mm3,147,Bauernfeind_etal_2013_Table1,Selected_collection,2013,28
Symphalangus syndactylus,Agranular_insular_cortex_left_Vol.mm3,71,Bauernfeind_etal_2013_Table1,Selected_collection,2013,28
Symphalangus syndactylus,Insula_left_Vol.mm3,416,Bauernfeind_etal_2013_Table1,Selected_collection,2013,28
Symphalangus syndactylus,Total_brain_net_volume_Vol.mm3,133880,Bauernfeind_etal_2013_Table1,Selected_collection,2013,28
Symphalangus syndactylus,Brain_Mass.mg,138.7,Bauernfeind_etal_2013_Table1,Selected_collection,2013,28
Symphalangus syndactylus,Body_Mass.g,11900,Bauernfeind_etal_2013_Table1,Selected_collection,2013,28
Trachypithecus francoisi,Granular_insular_cortex_left_Vol.mm3,249,Bauernfeind_etal_2013_Table1,Selected_collection,2013,28
Trachypithecus francoisi,Dysgranular_insular_cortex_left_Vol.mm3,217,Bauernfeind_etal_2013_Table1,Selected_collection,2013,28
Trachypithecus francoisi,Agranular_insular_cortex_left_Vol.mm3,160,Bauernfeind_etal_2013_Table1,Selected_collection,2013,28
Trachypithecus francoisi,Insula_left_Vol.mm3,625,Bauernfeind_etal_2013_Table1,Selected_collection,2013,28
Trachypithecus francoisi,Total_brain_net_volume_Vol.mm3,98552,Bauernfeind_etal_2013_Table1,Selected_collection,2013,28
Trachypithecus francoisi,Brain_Mass.mg,102.1,Bauernfeind_etal_2013_Table1,Selected_collection,2013,28
Trachypithecus francoisi,Body_Mass.g,7700,Bauernfeind_etal_2013_Table1,Selected_collection,2013,28
Varecia variegata,Granular_insular_cortex_left_Vol.mm3,44,Bauernfeind_etal_2013_Table1,Selected_collection,2013,28
Varecia variegata,Dysgranular_insular_cortex_left_Vol.mm3,44,Bauernfeind_etal_2013_Table1,Selected_collection,2013,28
Varecia variegata,Agranular_insular_cortex_left_Vol.mm3,12,Bauernfeind_etal_2013_Table1,Selected_collection,2013,28
Varecia variegata,Insula_left_Vol.mm3,100,Bauernfeind_etal_2013_Table1,Selected_collection,2013,28
Varecia variegata,Total_brain_net_volume_Vol.mm3,30405,Bauernfeind_etal_2013_Table1,Selected_collection,2013,28
Varecia variegata,Brain_Mass.mg,31.5,Bauernfeind_etal_2013_Table1,Selected_collection,2013,28
Varecia variegata,Body_Mass.g,3550,Bauernfeind_etal_2013_Table1,Selected_collection,2013,28
Gorilla sp.,Granular_insular_cortex_right_Vol.mm3,315.5,Bauernfeind_etal_2013_Table2,Selected_collection,2013,29
Gorilla sp.,Dysgranular_insular_cortex_right_Vol.mm3,964.5,Bauernfeind_etal_2013_Table2,Selected_collection,2013,29
Gorilla sp.,Agranular_insular_cortex_right_Vol.mm3,537,Bauernfeind_etal_2013_Table2,Selected_collection,2013,29
Gorilla sp.,fronto_insular_cortex_right_Vol.mm3,103.5,Bauernfeind_etal_2013_Table2,Selected_collection,2013,29
Gorilla sp.,Insula_right_Vol.mm3,1920.5,Bauernfeind_etal_2013_Table2,Selected_collection,2013,29
Homo sapiens,Granular_insular_cortex_right_Vol.mm3,1432.6,Bauernfeind_etal_2013_Table2,Selected_collection,2013,29
Homo sapiens,Dysgranular_insular_cortex_right_Vol.mm3,2773,Bauernfeind_etal_2013_Table2,Selected_collection,2013,29
Homo sapiens,Agranular_insular_cortex_right_Vol.mm3,1576.6,Bauernfeind_etal_2013_Table2,Selected_collection,2013,29
Homo sapiens,fronto_insular_cortex_right_Vol.mm3,368,Bauernfeind_etal_2013_Table2,Selected_collection,2013,29
Homo sapiens,Insula_right_Vol.mm3,6150.2,Bauernfeind_etal_2013_Table2,Selected_collection,2013,29
Pan paniscus,Granular_insular_cortex_right_Vol.mm3,270.666666666667,Bauernfeind_etal_2013_Table2,Selected_collection,2013,29
Pan paniscus,Dysgranular_insular_cortex_right_Vol.mm3,795.333333333333,Bauernfeind_etal_2013_Table2,Selected_collection,2013,29
Pan paniscus,Agranular_insular_cortex_right_Vol.mm3,368,Bauernfeind_etal_2013_Table2,Selected_collection,2013,29
Pan paniscus,fronto_insular_cortex_right_Vol.mm3,155,Bauernfeind_etal_2013_Table2,Selected_collection,2013,29
Pan paniscus,Insula_right_Vol.mm3,1588.66666666667,Bauernfeind_etal_2013_Table2,Selected_collection,2013,29
Pan troglodytes,Granular_insular_cortex_right_Vol.mm3,465.5,Bauernfeind_etal_2013_Table2,Selected_collection,2013,29
Pan troglodytes,Dysgranular_insular_cortex_right_Vol.mm3,591,Bauernfeind_etal_2013_Table2,Selected_collection,2013,29
Pan troglodytes,Agranular_insular_cortex_right_Vol.mm3,157.5,Bauernfeind_etal_2013_Table2,Selected_collection,2013,29
Pan troglodytes,fronto_insular_cortex_right_Vol.mm3,114,Bauernfeind_etal_2013_Table2,Selected_collection,2013,29
Pan troglodytes,Insula_right_Vol.mm3,1328,Bauernfeind_etal_2013_Table2,Selected_collection,2013,29
Pongo sp.,Granular_insular_cortex_right_Vol.mm3,192,Bauernfeind_etal_2013_Table2,Selected_collection,2013,29
Pongo sp.,Dysgranular_insular_cortex_right_Vol.mm3,734.5,Bauernfeind_etal_2013_Table2,Selected_collection,2013,29
Pongo sp.,Agranular_insular_cortex_right_Vol.mm3,462.5,Bauernfeind_etal_2013_Table2,Selected_collection,2013,29
Pongo sp.,fronto_insular_cortex_right_Vol.mm3,18,Bauernfeind_etal_2013_Table2,Selected_collection,2013,29
Pongo sp.,Insula_right_Vol.mm3,1407,Bauernfeind_etal_2013_Table2,Selected_collection,2013,29
Cercopithecus ascanius,Corpus_geniculatum_laterale_Vol.mm3,147,deSousa_etal_2013_Table1,Selected_collection,2013,30
Cercopithecus ascanius,Brain_Mass.mg,61500,deSousa_etal_2013_Table1,Selected_collection,2013,30
Cercopithecus mitis,Corpus_geniculatum_laterale_Vol.mm3,167.2,deSousa_etal_2013_Table1,Selected_collection,2013,30
Cercopithecus mitis,Brain_Mass.mg,73300,deSousa_etal_2013_Table1,Selected_collection,2013,30
Colobus angolensis,Corpus_geniculatum_laterale_Vol.mm3,103,deSousa_etal_2013_Table1,Selected_collection,2013,30
Colobus angolensis,Brain_Mass.mg,74400,deSousa_etal_2013_Table1,Selected_collection,2013,30
Erythrocebus patas,Corpus_geniculatum_laterale_Vol.mm3,266.8,deSousa_etal_2013_Table1,Selected_collection,2013,30
Erythrocebus patas,Brain_Mass.mg,94200,deSousa_etal_2013_Table1,Selected_collection,2013,30
Gorilla sp.,Corpus_geniculatum_laterale_Vol.mm3,300.1,deSousa_etal_2013_Table1,Selected_collection,2013,30
Gorilla sp.,Brain_Mass.mg,376000,deSousa_etal_2013_Table1,Selected_collection,2013,30
Homo sapiens,Corpus_geniculatum_laterale_Vol.mm3,335,deSousa_etal_2013_Table1,Selected_collection,2013,30
Homo sapiens,Brain_Mass.mg,1303700,deSousa_etal_2013_Table1,Selected_collection,2013,30
Hylobates lar,Corpus_geniculatum_laterale_Vol.mm3,166.2,deSousa_etal_2013_Table1,Selected_collection,2013,30
Hylobates lar,Brain_Mass.mg,106000,deSousa_etal_2013_Table1,Selected_collection,2013,30
Hylobates muelleri,Corpus_geniculatum_laterale_Vol.mm3,161.6,deSousa_etal_2013_Table1,Selected_collection,2013,30
Hylobates muelleri,Brain_Mass.mg,101800,deSousa_etal_2013_Table1,Selected_collection,2013,30
Lophocebus albigena,Corpus_geniculatum_laterale_Vol.mm3,182,deSousa_etal_2013_Table1,Selected_collection,2013,30
Lophocebus albigena,Brain_Mass.mg,110500,deSousa_etal_2013_Table1,Selected_collection,2013,30
Macaca fascicularis,Corpus_geniculatum_laterale_Vol.mm3,91.9,deSousa_etal_2013_Table1,Selected_collection,2013,30
Macaca fascicularis,Brain_Mass.mg,57600,deSousa_etal_2013_Table1,Selected_collection,2013,30
Macaca mulatta,Corpus_geniculatum_laterale_Vol.mm3,158,deSousa_etal_2013_Table1,Selected_collection,2013,30
Macaca mulatta,Brain_Mass.mg,78000,deSousa_etal_2013_Table1,Selected_collection,2013,30
Miopithecus talapoin,Corpus_geniculatum_laterale_Vol.mm3,109,deSousa_etal_2013_Table1,Selected_collection,2013,30
Miopithecus talapoin,Brain_Mass.mg,41100,deSousa_etal_2013_Table1,Selected_collection,2013,30
Nasalis larvatus,Corpus_geniculatum_laterale_Vol.mm3,156.6,deSousa_etal_2013_Table1,Selected_collection,2013,30
Nasalis larvatus,Brain_Mass.mg,64250,deSousa_etal_2013_Table1,Selected_collection,2013,30
Pan paniscus,Corpus_geniculatum_laterale_Vol.mm3,282.3,deSousa_etal_2013_Table1,Selected_collection,2013,30
Pan paniscus,Brain_Mass.mg,364500,deSousa_etal_2013_Table1,Selected_collection,2013,30
Pan troglodytes,Corpus_geniculatum_laterale_Vol.mm3,344,deSousa_etal_2013_Table1,Selected_collection,2013,30
Pan troglodytes,Brain_Mass.mg,406500,deSousa_etal_2013_Table1,Selected_collection,2013,30
Papio anubis,Corpus_geniculatum_laterale_Vol.mm3,395,deSousa_etal_2013_Table1,Selected_collection,2013,30
Papio anubis,Brain_Mass.mg,206500,deSousa_etal_2013_Table1,Selected_collection,2013,30
Piliocolobus badius,Corpus_geniculatum_laterale_Vol.mm3,128,deSousa_etal_2013_Table1,Selected_collection,2013,30
Piliocolobus badius,Brain_Mass.mg,76850,deSousa_etal_2013_Table1,Selected_collection,2013,30
Pongo sp.,Corpus_geniculatum_laterale_Vol.mm3,259.1,deSousa_etal_2013_Table1,Selected_collection,2013,30
Pongo sp.,Brain_Mass.mg,384667,deSousa_etal_2013_Table1,Selected_collection,2013,30
Pygathrix nemaeus,Corpus_geniculatum_laterale_Vol.mm3,114.8,deSousa_etal_2013_Table1,Selected_collection,2013,30
Pygathrix nemaeus,Brain_Mass.mg,69000,deSousa_etal_2013_Table1,Selected_collection,2013,30
Alouatta seniculus,Area_striata_grey_matter_Vol.mm3,1918,Smaers_etal_2017_TableS1part1,Selected_collection,2017,31
Alouatta seniculus,PrefrontalCortex_grey_matter_Vol.mm3,1015,Smaers_etal_2017_TableS1part1,Selected_collection,2017,31
Alouatta seniculus,AssociationCortex_grey_matter_Vol.mm3,12394,Smaers_etal_2017_TableS1part1,Selected_collection,2017,31
Alouatta seniculus,FrontalMotor_grey_matter_Vol.mm3,1077,Smaers_etal_2017_TableS1part1,Selected_collection,2017,31
Alouatta seniculus,Area_striata_white_matter_Vol.mm3,543,Smaers_etal_2017_TableS1part1,Selected_collection,2017,31
Alouatta seniculus,PrefrontalCortex_white_matter_Vol.mm3,177,Smaers_etal_2017_TableS1part1,Selected_collection,2017,31
Alouatta seniculus,AssociationCortex_white_matter_Vol.mm3,4212,Smaers_etal_2017_TableS1part1,Selected_collection,2017,31
Alouatta seniculus,FrontalMotor_white_matter_Vol.mm3,866,Smaers_etal_2017_TableS1part1,Selected_collection,2017,31
Ateles geoffroyi,Area_striata_grey_matter_Vol.mm3,3753,Smaers_etal_2017_TableS1part1,Selected_collection,2017,31
Ateles geoffroyi,PrefrontalCortex_grey_matter_Vol.mm3,2773,Smaers_etal_2017_TableS1part1,Selected_collection,2017,31
Ateles geoffroyi,AssociationCortex_grey_matter_Vol.mm3,32933,Smaers_etal_2017_TableS1part1,Selected_collection,2017,31
Ateles geoffroyi,FrontalMotor_grey_matter_Vol.mm3,3119,Smaers_etal_2017_TableS1part1,Selected_collection,2017,31
Ateles geoffroyi,Area_striata_white_matter_Vol.mm3,985,Smaers_etal_2017_TableS1part1,Selected_collection,2017,31
Ateles geoffroyi,PrefrontalCortex_white_matter_Vol.mm3,286,Smaers_etal_2017_TableS1part1,Selected_collection,2017,31
Ateles geoffroyi,AssociationCortex_white_matter_Vol.mm3,10332,Smaers_etal_2017_TableS1part1,Selected_collection,2017,31
Ateles geoffroyi,FrontalMotor_white_matter_Vol.mm3,1586,Smaers_etal_2017_TableS1part1,Selected_collection,2017,31
Cebus albifrons,Area_striata_grey_matter_Vol.mm3,3764,Smaers_etal_2017_TableS1part1,Selected_collection,2017,31
Cebus albifrons,PrefrontalCortex_grey_matter_Vol.mm3,1434,Smaers_etal_2017_TableS1part1,Selected_collection,2017,31
Cebus albifrons,AssociationCortex_grey_matter_Vol.mm3,21024,Smaers_etal_2017_TableS1part1,Selected_collection,2017,31
Cebus albifrons,FrontalMotor_grey_matter_Vol.mm3,1977,Smaers_etal_2017_TableS1part1,Selected_collection,2017,31
Cebus albifrons,Area_striata_white_matter_Vol.mm3,939,Smaers_etal_2017_TableS1part1,Selected_collection,2017,31
Cebus albifrons,PrefrontalCortex_white_matter_Vol.mm3,257,Smaers_etal_2017_TableS1part1,Selected_collection,2017,31
Cebus albifrons,AssociationCortex_white_matter_Vol.mm3,12053,Smaers_etal_2017_TableS1part1,Selected_collection,2017,31
Cebus albifrons,FrontalMotor_white_matter_Vol.mm3,1425,Smaers_etal_2017_TableS1part1,Selected_collection,2017,31
Cercopithecus ascanius,Area_striata_grey_matter_Vol.mm3,4272,Smaers_etal_2017_TableS1part1,Selected_collection,2017,31
Cercopithecus ascanius,PrefrontalCortex_grey_matter_Vol.mm3,1154,Smaers_etal_2017_TableS1part1,Selected_collection,2017,31
Cercopithecus ascanius,AssociationCortex_grey_matter_Vol.mm3,16060,Smaers_etal_2017_TableS1part1,Selected_collection,2017,31
Cercopithecus ascanius,FrontalMotor_grey_matter_Vol.mm3,1351,Smaers_etal_2017_TableS1part1,Selected_collection,2017,31
Cercopithecus ascanius,Area_striata_white_matter_Vol.mm3,834,Smaers_etal_2017_TableS1part1,Selected_collection,2017,31
Cercopithecus ascanius,PrefrontalCortex_white_matter_Vol.mm3,159,Smaers_etal_2017_TableS1part1,Selected_collection,2017,31
Cercopithecus ascanius,AssociationCortex_white_matter_Vol.mm3,8297,Smaers_etal_2017_TableS1part1,Selected_collection,2017,31
Cercopithecus ascanius,FrontalMotor_white_matter_Vol.mm3,930,Smaers_etal_2017_TableS1part1,Selected_collection,2017,31
Cercopithecus mitis,Area_striata_grey_matter_Vol.mm3,4232,Smaers_etal_2017_TableS1part1,Selected_collection,2017,31
Cercopithecus mitis,PrefrontalCortex_grey_matter_Vol.mm3,1380,Smaers_etal_2017_TableS1part1,Selected_collection,2017,31
Cercopithecus mitis,AssociationCortex_grey_matter_Vol.mm3,19385,Smaers_etal_2017_TableS1part1,Selected_collection,2017,31
Cercopithecus mitis,FrontalMotor_grey_matter_Vol.mm3,1852,Smaers_etal_2017_TableS1part1,Selected_collection,2017,31
Cercopithecus mitis,Area_striata_white_matter_Vol.mm3,1042,Smaers_etal_2017_TableS1part1,Selected_collection,2017,31
Cercopithecus mitis,PrefrontalCortex_white_matter_Vol.mm3,205,Smaers_etal_2017_TableS1part1,Selected_collection,2017,31
Cercopithecus mitis,AssociationCortex_white_matter_Vol.mm3,9911,Smaers_etal_2017_TableS1part1,Selected_collection,2017,31
Cercopithecus mitis,FrontalMotor_white_matter_Vol.mm3,946,Smaers_etal_2017_TableS1part1,Selected_collection,2017,31
Erythrocebus patas,PrefrontalCortex_grey_matter_Vol.mm3,1560,Smaers_etal_2017_TableS1part1,Selected_collection,2017,31
Erythrocebus patas,FrontalMotor_grey_matter_Vol.mm3,2552,Smaers_etal_2017_TableS1part1,Selected_collection,2017,31
Erythrocebus patas,PrefrontalCortex_white_matter_Vol.mm3,272,Smaers_etal_2017_TableS1part1,Selected_collection,2017,31
Erythrocebus patas,FrontalMotor_white_matter_Vol.mm3,1848,Smaers_etal_2017_TableS1part1,Selected_collection,2017,31
Gorilla sp.,Area_striata_grey_matter_Vol.mm3,12062,Smaers_etal_2017_TableS1part1,Selected_collection,2017,31
Gorilla sp.,PrefrontalCortex_grey_matter_Vol.mm3,11642,Smaers_etal_2017_TableS1part1,Selected_collection,2017,31
Gorilla sp.,AssociationCortex_grey_matter_Vol.mm3,125539,Smaers_etal_2017_TableS1part1,Selected_collection,2017,31
Gorilla sp.,FrontalMotor_grey_matter_Vol.mm3,14854,Smaers_etal_2017_TableS1part1,Selected_collection,2017,31
Gorilla sp.,Area_striata_white_matter_Vol.mm3,3123,Smaers_etal_2017_TableS1part1,Selected_collection,2017,31
Gorilla sp.,PrefrontalCortex_white_matter_Vol.mm3,2608,Smaers_etal_2017_TableS1part1,Selected_collection,2017,31
Gorilla sp.,AssociationCortex_white_matter_Vol.mm3,60386,Smaers_etal_2017_TableS1part1,Selected_collection,2017,31
Gorilla sp.,FrontalMotor_white_matter_Vol.mm3,10295,Smaers_etal_2017_TableS1part1,Selected_collection,2017,31
Homo sapiens,Area_striata_grey_matter_Vol.mm3,14787,Smaers_etal_2017_TableS1part1,Selected_collection,2017,31
Homo sapiens,PrefrontalCortex_grey_matter_Vol.mm3,46323,Smaers_etal_2017_TableS1part1,Selected_collection,2017,31
Homo sapiens,AssociationCortex_grey_matter_Vol.mm3,271891,Smaers_etal_2017_TableS1part1,Selected_collection,2017,31
Homo sapiens,FrontalMotor_grey_matter_Vol.mm3,29013,Smaers_etal_2017_TableS1part1,Selected_collection,2017,31
Homo sapiens,Area_striata_white_matter_Vol.mm3,5439,Smaers_etal_2017_TableS1part1,Selected_collection,2017,31
Homo sapiens,PrefrontalCortex_white_matter_Vol.mm3,28135,Smaers_etal_2017_TableS1part1,Selected_collection,2017,31
Homo sapiens,AssociationCortex_white_matter_Vol.mm3,258218,Smaers_etal_2017_TableS1part1,Selected_collection,2017,31
Homo sapiens,FrontalMotor_white_matter_Vol.mm3,29755,Smaers_etal_2017_TableS1part1,Selected_collection,2017,31
Hylobates lar,Area_striata_grey_matter_Vol.mm3,4574,Smaers_etal_2017_TableS1part1,Selected_collection,2017,31
Hylobates lar,PrefrontalCortex_grey_matter_Vol.mm3,2588,Smaers_etal_2017_TableS1part1,Selected_collection,2017,31
Hylobates lar,AssociationCortex_grey_matter_Vol.mm3,28424,Smaers_etal_2017_TableS1part1,Selected_collection,2017,31
Hylobates lar,FrontalMotor_grey_matter_Vol.mm3,2744,Smaers_etal_2017_TableS1part1,Selected_collection,2017,31
Hylobates lar,Area_striata_white_matter_Vol.mm3,1176,Smaers_etal_2017_TableS1part1,Selected_collection,2017,31
Hylobates lar,PrefrontalCortex_white_matter_Vol.mm3,510,Smaers_etal_2017_TableS1part1,Selected_collection,2017,31
Hylobates lar,AssociationCortex_white_matter_Vol.mm3,12915,Smaers_etal_2017_TableS1part1,Selected_collection,2017,31
Hylobates lar,FrontalMotor_white_matter_Vol.mm3,1743,Smaers_etal_2017_TableS1part1,Selected_collection,2017,31
Lagothrix lagothricha,Area_striata_grey_matter_Vol.mm3,4856,Smaers_etal_2017_TableS1part1,Selected_collection,2017,31
Lagothrix lagothricha,PrefrontalCortex_grey_matter_Vol.mm3,1887,Smaers_etal_2017_TableS1part1,Selected_collection,2017,31
Lagothrix lagothricha,AssociationCortex_grey_matter_Vol.mm3,24188,Smaers_etal_2017_TableS1part1,Selected_collection,2017,31
Lagothrix lagothricha,FrontalMotor_grey_matter_Vol.mm3,2434,Smaers_etal_2017_TableS1part1,Selected_collection,2017,31
Lagothrix lagothricha,Area_striata_white_matter_Vol.mm3,1226,Smaers_etal_2017_TableS1part1,Selected_collection,2017,31
Lagothrix lagothricha,PrefrontalCortex_white_matter_Vol.mm3,226,Smaers_etal_2017_TableS1part1,Selected_collection,2017,31
Lagothrix lagothricha,AssociationCortex_white_matter_Vol.mm3,12496,Smaers_etal_2017_TableS1part1,Selected_collection,2017,31
Lagothrix lagothricha,FrontalMotor_white_matter_Vol.mm3,1625,Smaers_etal_2017_TableS1part1,Selected_collection,2017,31
Lophocebus albigena,Area_striata_grey_matter_Vol.mm3,5420,Smaers_etal_2017_TableS1part1,Selected_collection,2017,31
Lophocebus albigena,PrefrontalCortex_grey_matter_Vol.mm3,2311,Smaers_etal_2017_TableS1part1,Selected_collection,2017,31
Lophocebus albigena,AssociationCortex_grey_matter_Vol.mm3,29102,Smaers_etal_2017_TableS1part1,Selected_collection,2017,31
Lophocebus albigena,FrontalMotor_grey_matter_Vol.mm3,3926,Smaers_etal_2017_TableS1part1,Selected_collection,2017,31
Lophocebus albigena,Area_striata_white_matter_Vol.mm3,1411,Smaers_etal_2017_TableS1part1,Selected_collection,2017,31
Lophocebus albigena,PrefrontalCortex_white_matter_Vol.mm3,424,Smaers_etal_2017_TableS1part1,Selected_collection,2017,31
Lophocebus albigena,AssociationCortex_white_matter_Vol.mm3,17092,Smaers_etal_2017_TableS1part1,Selected_collection,2017,31
Lophocebus albigena,FrontalMotor_white_matter_Vol.mm3,3063,Smaers_etal_2017_TableS1part1,Selected_collection,2017,31
Miopithecus talapoin,Area_striata_grey_matter_Vol.mm3,2339,Smaers_etal_2017_TableS1part1,Selected_collection,2017,31
Miopithecus talapoin,PrefrontalCortex_grey_matter_Vol.mm3,1018,Smaers_etal_2017_TableS1part1,Selected_collection,2017,31
Miopithecus talapoin,AssociationCortex_grey_matter_Vol.mm3,12218,Smaers_etal_2017_TableS1part1,Selected_collection,2017,31
Miopithecus talapoin,FrontalMotor_grey_matter_Vol.mm3,906,Smaers_etal_2017_TableS1part1,Selected_collection,2017,31
Miopithecus talapoin,Area_striata_white_matter_Vol.mm3,709,Smaers_etal_2017_TableS1part1,Selected_collection,2017,31
Miopithecus talapoin,PrefrontalCortex_white_matter_Vol.mm3,152,Smaers_etal_2017_TableS1part1,Selected_collection,2017,31
Miopithecus talapoin,AssociationCortex_white_matter_Vol.mm3,4642,Smaers_etal_2017_TableS1part1,Selected_collection,2017,31
Miopithecus talapoin,FrontalMotor_white_matter_Vol.mm3,548,Smaers_etal_2017_TableS1part1,Selected_collection,2017,31
Nasalis larvatus,PrefrontalCortex_grey_matter_Vol.mm3,813,Smaers_etal_2017_TableS1part1,Selected_collection,2017,31
Nasalis larvatus,FrontalMotor_grey_matter_Vol.mm3,1749,Smaers_etal_2017_TableS1part1,Selected_collection,2017,31
Nasalis larvatus,PrefrontalCortex_white_matter_Vol.mm3,74,Smaers_etal_2017_TableS1part1,Selected_collection,2017,31
Nasalis larvatus,FrontalMotor_white_matter_Vol.mm3,933,Smaers_etal_2017_TableS1part1,Selected_collection,2017,31
Pan paniscus,PrefrontalCortex_grey_matter_Vol.mm3,7956,Smaers_etal_2017_TableS1part1,Selected_collection,2017,31
Pan paniscus,FrontalMotor_grey_matter_Vol.mm3,8356,Smaers_etal_2017_TableS1part1,Selected_collection,2017,31
Pan paniscus,PrefrontalCortex_white_matter_Vol.mm3,2056,Smaers_etal_2017_TableS1part1,Selected_collection,2017,31
Pan paniscus,FrontalMotor_white_matter_Vol.mm3,5243,Smaers_etal_2017_TableS1part1,Selected_collection,2017,31
Pan troglodytes,Area_striata_grey_matter_Vol.mm3,10593,Smaers_etal_2017_TableS1part1,Selected_collection,2017,31
Pan troglodytes,PrefrontalCortex_grey_matter_Vol.mm3,14209,Smaers_etal_2017_TableS1part1,Selected_collection,2017,31
Pan troglodytes,AssociationCortex_grey_matter_Vol.mm3,112750,Smaers_etal_2017_TableS1part1,Selected_collection,2017,31
Pan troglodytes,FrontalMotor_grey_matter_Vol.mm3,13407,Smaers_etal_2017_TableS1part1,Selected_collection,2017,31
Pan troglodytes,Area_striata_white_matter_Vol.mm3,4004,Smaers_etal_2017_TableS1part1,Selected_collection,2017,31
Pan troglodytes,PrefrontalCortex_white_matter_Vol.mm3,4607,Smaers_etal_2017_TableS1part1,Selected_collection,2017,31
Pan troglodytes,AssociationCortex_white_matter_Vol.mm3,76600,Smaers_etal_2017_TableS1part1,Selected_collection,2017,31
Pan troglodytes,FrontalMotor_white_matter_Vol.mm3,12780,Smaers_etal_2017_TableS1part1,Selected_collection,2017,31
Papio anubis,Area_striata_grey_matter_Vol.mm3,10001,Smaers_etal_2017_TableS1part1,Selected_collection,2017,31
Papio anubis,PrefrontalCortex_grey_matter_Vol.mm3,3921,Smaers_etal_2017_TableS1part1,Selected_collection,2017,31
Papio anubis,AssociationCortex_grey_matter_Vol.mm3,45240,Smaers_etal_2017_TableS1part1,Selected_collection,2017,31
Papio anubis,FrontalMotor_grey_matter_Vol.mm3,4686,Smaers_etal_2017_TableS1part1,Selected_collection,2017,31
Papio anubis,Area_striata_white_matter_Vol.mm3,3740,Smaers_etal_2017_TableS1part1,Selected_collection,2017,31
Papio anubis,PrefrontalCortex_white_matter_Vol.mm3,845,Smaers_etal_2017_TableS1part1,Selected_collection,2017,31
Papio anubis,AssociationCortex_white_matter_Vol.mm3,33835,Smaers_etal_2017_TableS1part1,Selected_collection,2017,31
Papio anubis,FrontalMotor_white_matter_Vol.mm3,3325,Smaers_etal_2017_TableS1part1,Selected_collection,2017,31
Piliocolobus badius,Area_striata_grey_matter_Vol.mm3,3053,Smaers_etal_2017_TableS1part1,Selected_collection,2017,31
Piliocolobus badius,PrefrontalCortex_grey_matter_Vol.mm3,1591,Smaers_etal_2017_TableS1part1,Selected_collection,2017,31
Piliocolobus badius,AssociationCortex_grey_matter_Vol.mm3,22629,Smaers_etal_2017_TableS1part1,Selected_collection,2017,31
Piliocolobus badius,FrontalMotor_grey_matter_Vol.mm3,2260,Smaers_etal_2017_TableS1part1,Selected_collection,2017,31
Piliocolobus badius,Area_striata_white_matter_Vol.mm3,926,Smaers_etal_2017_TableS1part1,Selected_collection,2017,31
Piliocolobus badius,PrefrontalCortex_white_matter_Vol.mm3,201,Smaers_etal_2017_TableS1part1,Selected_collection,2017,31
Piliocolobus badius,AssociationCortex_white_matter_Vol.mm3,9665,Smaers_etal_2017_TableS1part1,Selected_collection,2017,31
Piliocolobus badius,FrontalMotor_white_matter_Vol.mm3,1317,Smaers_etal_2017_TableS1part1,Selected_collection,2017,31
Pithecia pithecia,Area_striata_grey_matter_Vol.mm3,1679,Smaers_etal_2017_TableS1part1,Selected_collection,2017,31
Pithecia pithecia,PrefrontalCortex_grey_matter_Vol.mm3,600,Smaers_etal_2017_TableS1part1,Selected_collection,2017,31
Pithecia pithecia,AssociationCortex_grey_matter_Vol.mm3,9242,Smaers_etal_2017_TableS1part1,Selected_collection,2017,31
Pithecia pithecia,FrontalMotor_grey_matter_Vol.mm3,819,Smaers_etal_2017_TableS1part1,Selected_collection,2017,31
Pithecia pithecia,Area_striata_white_matter_Vol.mm3,451,Smaers_etal_2017_TableS1part1,Selected_collection,2017,31
Pithecia pithecia,PrefrontalCortex_white_matter_Vol.mm3,81,Smaers_etal_2017_TableS1part1,Selected_collection,2017,31
Pithecia pithecia,AssociationCortex_white_matter_Vol.mm3,4200,Smaers_etal_2017_TableS1part1,Selected_collection,2017,31
Pithecia pithecia,FrontalMotor_white_matter_Vol.mm3,496,Smaers_etal_2017_TableS1part1,Selected_collection,2017,31
Pongo sp.,Area_striata_grey_matter_Vol.mm3,7008,Smaers_etal_2017_TableS1part1,Selected_collection,2017,31
Pongo sp.,PrefrontalCortex_grey_matter_Vol.mm3,8596,Smaers_etal_2017_TableS1part1,Selected_collection,2017,31
Pongo sp.,AssociationCortex_grey_matter_Vol.mm3,76924,Smaers_etal_2017_TableS1part1,Selected_collection,2017,31
Pongo sp.,FrontalMotor_grey_matter_Vol.mm3,6353,Smaers_etal_2017_TableS1part1,Selected_collection,2017,31
Pongo sp.,PrefrontalCortex_white_matter_Vol.mm3,2520,Smaers_etal_2017_TableS1part1,Selected_collection,2017,31
Pongo sp.,FrontalMotor_white_matter_Vol.mm3,4745,Smaers_etal_2017_TableS1part1,Selected_collection,2017,31
