"Species","measure_class","Measure","Units","Value","Value_median","n_sources","n_teams","n_teams_primary","primary_used","Teams","roles","basis","value_min","value_max"
"10","mass","Brain_Mass_measured","g",79,79,1,1,0,FALSE,"Zilles","secondary","mass_fresh",79,79
"101","mass","Brain_Mass_measured","g",1370,1370,1,1,0,FALSE,"Zilles","secondary","mass_fresh",1370,1370
"102","mass","Brain_Mass_measured","g",1329,1329,1,1,0,FALSE,"Zilles","secondary","mass_fresh",1329,1329
"104","mass","Brain_Mass_measured","g",1460,1460,1,1,0,FALSE,"Zilles","secondary","mass_fresh",1460,1460
"105","mass","Brain_Mass_measured","g",1209,1209,1,1,0,FALSE,"Zilles","secondary","mass_fresh",1209,1209
"106","mass","Brain_Mass_measured","g",1332,1332,1,1,0,FALSE,"Zilles","secondary","mass_fresh",1332,1332
"107","mass","Brain_Mass_measured","g",1343,1343,1,1,0,FALSE,"Zilles","secondary","mass_fresh",1343,1343
"108","mass","Brain_Mass_measured","g",1550,1550,1,1,0,FALSE,"Zilles","secondary","mass_fresh",1550,1550
"109","mass","Brain_Mass_measured","g",1172,1172,1,1,0,FALSE,"Zilles","secondary","mass_fresh",1172,1172
"11","mass","Brain_Mass_measured","g",115,115,1,1,0,FALSE,"Zilles","secondary","mass_fresh",115,115
"111","mass","Brain_Mass_measured","g",1380,1380,1,1,0,FALSE,"Zilles","secondary","mass_fresh",1380,1380
"112","mass","Brain_Mass_measured","g",1409,1409,1,1,0,FALSE,"Zilles","secondary","mass_fresh",1409,1409
"113","mass","Brain_Mass_measured","g",1420,1420,1,1,0,FALSE,"Zilles","secondary","mass_fresh",1420,1420
"114","mass","Brain_Mass_measured","g",1437,1437,1,1,0,FALSE,"Zilles","secondary","mass_fresh",1437,1437
"115","mass","Brain_Mass_measured","g",1234,1234,1,1,0,FALSE,"Zilles","secondary","mass_fresh",1234,1234
"116","mass","Brain_Mass_measured","g",1010,1010,1,1,0,FALSE,"Zilles","secondary","mass_fresh",1010,1010
"117","mass","Brain_Mass_measured","g",1334,1334,1,1,0,FALSE,"Zilles","secondary","mass_fresh",1334,1334
"118","mass","Brain_Mass_measured","g",1198,1198,1,1,0,FALSE,"Zilles","secondary","mass_fresh",1198,1198
"12","mass","Brain_Mass_measured","g",153,153,1,1,0,FALSE,"Zilles","secondary","mass_fresh",153,153
"120","mass","Brain_Mass_measured","g",1328,1328,1,1,0,FALSE,"Zilles","secondary","mass_fresh",1328,1328
"121","mass","Brain_Mass_measured","g",1260,1260,1,1,0,FALSE,"Zilles","secondary","mass_fresh",1260,1260
"122","mass","Brain_Mass_measured","g",1560,1560,1,1,0,FALSE,"Zilles","secondary","mass_fresh",1560,1560
"123","mass","Brain_Mass_measured","g",1622,1622,1,1,0,FALSE,"Zilles","secondary","mass_fresh",1622,1622
"125","mass","Brain_Mass_measured","g",1270,1270,1,1,0,FALSE,"Zilles","secondary","mass_fresh",1270,1270
"128","mass","Brain_Mass_measured","g",1142,1142,1,1,0,FALSE,"Zilles","secondary","mass_fresh",1142,1142
"13","mass","Brain_Mass_measured","g",190,190,1,1,0,FALSE,"Zilles","secondary","mass_fresh",190,190
"130","mass","Brain_Mass_measured","g",1040,1040,1,1,0,FALSE,"Zilles","secondary","mass_fresh",1040,1040
"131","mass","Brain_Mass_measured","g",1340,1340,1,1,0,FALSE,"Zilles","secondary","mass_fresh",1340,1340
"132","mass","Brain_Mass_measured","g",1392,1392,1,1,0,FALSE,"Zilles","secondary","mass_fresh",1392,1392
"133","mass","Brain_Mass_measured","g",1360,1360,1,1,0,FALSE,"Zilles","secondary","mass_fresh",1360,1360
"135","mass","Brain_Mass_measured","g",1216,1216,1,1,0,FALSE,"Zilles","secondary","mass_fresh",1216,1216
"136","mass","Brain_Mass_measured","g",1569,1569,1,1,0,FALSE,"Zilles","secondary","mass_fresh",1569,1569
"137","mass","Brain_Mass_measured","g",1519,1519,1,1,0,FALSE,"Zilles","secondary","mass_fresh",1519,1519
"138","mass","Brain_Mass_measured","g",1363,1363,1,1,0,FALSE,"Zilles","secondary","mass_fresh",1363,1363
"140","mass","Brain_Mass_measured","g",1381,1381,1,1,0,FALSE,"Zilles","secondary","mass_fresh",1381,1381
"141","mass","Brain_Mass_measured","g",1349,1349,1,1,0,FALSE,"Zilles","secondary","mass_fresh",1349,1349
"142","mass","Brain_Mass_measured","g",1310,1310,1,1,0,FALSE,"Zilles","secondary","mass_fresh",1310,1310
"143","mass","Brain_Mass_measured","g",1351,1351,1,1,0,FALSE,"Zilles","secondary","mass_fresh",1351,1351
"145","mass","Brain_Mass_measured","g",1351,1351,1,1,0,FALSE,"Zilles","secondary","mass_fresh",1351,1351
"146","mass","Brain_Mass_measured","g",1110,1110,1,1,0,FALSE,"Zilles","secondary","mass_fresh",1110,1110
"147","mass","Brain_Mass_measured","g",1350,1350,1,1,0,FALSE,"Zilles","secondary","mass_fresh",1350,1350
"148","mass","Brain_Mass_measured","g",1288,1288,1,1,0,FALSE,"Zilles","secondary","mass_fresh",1288,1288
"149","mass","Brain_Mass_measured","g",1302,1302,1,1,0,FALSE,"Zilles","secondary","mass_fresh",1302,1302
"15","mass","Brain_Mass_measured","g",274,274,1,1,0,FALSE,"Zilles","secondary","mass_fresh",274,274
"150","mass","Brain_Mass_measured","g",1046,1046,1,1,0,FALSE,"Zilles","secondary","mass_fresh",1046,1046
"151","mass","Brain_Mass_measured","g",1113,1113,1,1,0,FALSE,"Zilles","secondary","mass_fresh",1113,1113
"17","mass","Brain_Mass_measured","g",485,485,1,1,0,FALSE,"Zilles","secondary","mass_fresh",485,485
"24","mass","Brain_Mass_measured","g",380,380,1,1,0,FALSE,"Zilles","secondary","mass_fresh",380,380
"25","mass","Brain_Mass_measured","g",373,373,1,1,0,FALSE,"Zilles","secondary","mass_fresh",373,373
"26","mass","Brain_Mass_measured","g",426,426,1,1,0,FALSE,"Zilles","secondary","mass_fresh",426,426
"28","mass","Brain_Mass_measured","g",114,114,1,1,0,FALSE,"Zilles","secondary","mass_fresh",114,114
"29","mass","Brain_Mass_measured","g",161,161,1,1,0,FALSE,"Zilles","secondary","mass_fresh",161,161
"30","mass","Brain_Mass_measured","g",362,362,1,1,0,FALSE,"Zilles","secondary","mass_fresh",362,362
"31","mass","Brain_Mass_measured","g",347,347,1,1,0,FALSE,"Zilles","secondary","mass_fresh",347,347
"32","mass","Brain_Mass_measured","g",404,404,1,1,0,FALSE,"Zilles","secondary","mass_fresh",404,404
"33","mass","Brain_Mass_measured","g",376,376,1,1,0,FALSE,"Zilles","secondary","mass_fresh",376,376
"34","mass","Brain_Mass_measured","g",456,456,1,1,0,FALSE,"Zilles","secondary","mass_fresh",456,456
"36","mass","Brain_Mass_measured","g",510,510,1,1,0,FALSE,"Zilles","secondary","mass_fresh",510,510
"37","mass","Brain_Mass_measured","g",500,500,1,1,0,FALSE,"Zilles","secondary","mass_fresh",500,500
"39","mass","Brain_Mass_measured","g",337,337,1,1,0,FALSE,"Zilles","secondary","mass_fresh",337,337
"41","mass","Brain_Mass_measured","g",630,630,1,1,0,FALSE,"Zilles","secondary","mass_fresh",630,630
"42","mass","Brain_Mass_measured","g",547,547,1,1,0,FALSE,"Zilles","secondary","mass_fresh",547,547
"43","mass","Brain_Mass_measured","g",635,635,1,1,0,FALSE,"Zilles","secondary","mass_fresh",635,635
"44","mass","Brain_Mass_measured","g",635,635,1,1,0,FALSE,"Zilles","secondary","mass_fresh",635,635
"45","mass","Brain_Mass_measured","g",662,662,1,1,0,FALSE,"Zilles","secondary","mass_fresh",662,662
"46","mass","Brain_Mass_measured","g",662,662,1,1,0,FALSE,"Zilles","secondary","mass_fresh",662,662
"47","mass","Brain_Mass_measured","g",432,432,1,1,0,FALSE,"Zilles","secondary","mass_fresh",432,432
"48","mass","Brain_Mass_measured","g",619,619,1,1,0,FALSE,"Zilles","secondary","mass_fresh",619,619
"50","mass","Brain_Mass_measured","g",240,240,1,1,0,FALSE,"Zilles","secondary","mass_fresh",240,240
"51","mass","Brain_Mass_measured","g",690,690,1,1,0,FALSE,"Zilles","secondary","mass_fresh",690,690
"52","mass","Brain_Mass_measured","g",785,785,1,1,0,FALSE,"Zilles","secondary","mass_fresh",785,785
"53","mass","Brain_Mass_measured","g",886,886,1,1,0,FALSE,"Zilles","secondary","mass_fresh",886,886
"54","mass","Brain_Mass_measured","g",900,900,1,1,0,FALSE,"Zilles","secondary","mass_fresh",900,900
"56","mass","Brain_Mass_measured","g",750,750,1,1,0,FALSE,"Zilles","secondary","mass_fresh",750,750
"57","mass","Brain_Mass_measured","g",765,765,1,1,0,FALSE,"Zilles","secondary","mass_fresh",765,765
"58","mass","Brain_Mass_measured","g",942.9,942.9,1,1,0,FALSE,"Zilles","secondary","mass_fresh",942.9,942.9
"59","mass","Brain_Mass_measured","g",791.5,791.5,1,1,0,FALSE,"Zilles","secondary","mass_fresh",791.5,791.5
"60","mass","Brain_Mass_measured","g",970,970,1,1,0,FALSE,"Zilles","secondary","mass_fresh",970,970
"61","mass","Brain_Mass_measured","g",920,920,1,1,0,FALSE,"Zilles","secondary","mass_fresh",920,920
"62","mass","Brain_Mass_measured","g",950,950,1,1,0,FALSE,"Zilles","secondary","mass_fresh",950,950
"63","mass","Brain_Mass_measured","g",1099,1099,1,1,0,FALSE,"Zilles","secondary","mass_fresh",1099,1099
"70","mass","Brain_Mass_measured","g",1464,1464,1,1,0,FALSE,"Zilles","secondary","mass_fresh",1464,1464
"71","mass","Brain_Mass_measured","g",1607,1607,1,1,0,FALSE,"Zilles","secondary","mass_fresh",1607,1607
"72","mass","Brain_Mass_measured","g",1367,1367,1,1,0,FALSE,"Zilles","secondary","mass_fresh",1367,1367
"74","mass","Brain_Mass_measured","g",1198,1198,1,1,0,FALSE,"Zilles","secondary","mass_fresh",1198,1198
"75","mass","Brain_Mass_measured","g",1456,1456,1,1,0,FALSE,"Zilles","secondary","mass_fresh",1456,1456
"76","mass","Brain_Mass_measured","g",1320,1320,1,1,0,FALSE,"Zilles","secondary","mass_fresh",1320,1320
"77","mass","Brain_Mass_measured","g",1374,1374,1,1,0,FALSE,"Zilles","secondary","mass_fresh",1374,1374
"78","mass","Brain_Mass_measured","g",1471,1471,1,1,0,FALSE,"Zilles","secondary","mass_fresh",1471,1471
"79","mass","Brain_Mass_measured","g",1464,1464,1,1,0,FALSE,"Zilles","secondary","mass_fresh",1464,1464
"8","mass","Brain_Mass_measured","g",445,445,1,1,0,FALSE,"Zilles","secondary","mass_fresh",445,445
"80","mass","Brain_Mass_measured","g",1423,1423,1,1,0,FALSE,"Zilles","secondary","mass_fresh",1423,1423
"81","mass","Brain_Mass_measured","g",1411,1411,1,1,0,FALSE,"Zilles","secondary","mass_fresh",1411,1411
"82","mass","Brain_Mass_measured","g",1441,1441,1,1,0,FALSE,"Zilles","secondary","mass_fresh",1441,1441
"83","mass","Brain_Mass_measured","g",1370,1370,1,1,0,FALSE,"Zilles","secondary","mass_fresh",1370,1370
"84","mass","Brain_Mass_measured","g",1305,1305,1,1,0,FALSE,"Zilles","secondary","mass_fresh",1305,1305
"85","mass","Brain_Mass_measured","g",1330,1330,1,1,0,FALSE,"Zilles","secondary","mass_fresh",1330,1330
"86","mass","Brain_Mass_measured","g",1453,1453,1,1,0,FALSE,"Zilles","secondary","mass_fresh",1453,1453
"87","mass","Brain_Mass_measured","g",1541,1541,1,1,0,FALSE,"Zilles","secondary","mass_fresh",1541,1541
"88","mass","Brain_Mass_measured","g",1458,1458,1,1,0,FALSE,"Zilles","secondary","mass_fresh",1458,1458
"89","mass","Brain_Mass_measured","g",1542,1542,1,1,0,FALSE,"Zilles","secondary","mass_fresh",1542,1542
"90","mass","Brain_Mass_measured","g",1454,1454,1,1,0,FALSE,"Zilles","secondary","mass_fresh",1454,1454
"91","mass","Brain_Mass_measured","g",1579,1579,1,1,0,FALSE,"Zilles","secondary","mass_fresh",1579,1579
"92","mass","Brain_Mass_measured","g",1603,1603,1,1,0,FALSE,"Zilles","secondary","mass_fresh",1603,1603
"93","mass","Brain_Mass_measured","g",1361,1361,1,1,0,FALSE,"Zilles","secondary","mass_fresh",1361,1361
"94","mass","Brain_Mass_measured","g",1482,1482,1,1,0,FALSE,"Zilles","secondary","mass_fresh",1482,1482
"95","mass","Brain_Mass_measured","g",1415,1415,1,1,0,FALSE,"Zilles","secondary","mass_fresh",1415,1415
"99","mass","Brain_Mass_measured","g",1164,1164,1,1,0,FALSE,"Zilles","secondary","mass_fresh",1164,1164
"Abeomelomys sevia","mass","Brain_Mass_mass_or_volume","g",1.49,1.49,1,1,0,FALSE,"Burger","secondary","mass_or_volume_mixed",1.49,1.49
"Acinonyx jubatus","mass","Brain_Mass_mass_or_volume","g",111,111,1,1,0,FALSE,"Burger","secondary","mass_or_volume_mixed",111,111
"Acomys cahirinus","mass","Brain_Mass_mass_or_volume","g",0.7,0.7,1,1,0,FALSE,"Burger","secondary","mass_or_volume_mixed",0.7,0.7
"Acomys wilsoni","mass","Brain_Mass_mass_or_volume","g",0.58,0.58,2,2,0,FALSE,"Boddy; Burger","secondary","mass_or_volume_mixed",0.58,0.58
"Acrobates pygmaeus","mass","Brain_Mass_mass_or_volume","g",0.35,0.35,1,1,0,FALSE,"Burger","secondary","mass_or_volume_mixed",0.35,0.35
"Addax nasomaculatus","mass","Brain_Mass_mass_or_volume","g",185,185,1,1,0,FALSE,"Burger","secondary","mass_or_volume_mixed",185,185
"Aepyceros melampus","mass","Brain_Mass_mass_or_volume","g",175,175,2,2,0,FALSE,"Boddy; Burger","secondary","mass_or_volume_mixed",175,175
"Aepyprymnus rufescens","mass","Brain_Mass_mass_or_volume","g",12.3,12.3,1,1,0,FALSE,"Burger","secondary","mass_or_volume_mixed",12.3,12.3
"Aeromys tephromelas","mass","Brain_Mass_mass_or_volume","g",10.34,10.34,2,2,0,FALSE,"Boddy; Burger","secondary","mass_or_volume_mixed",10.34,10.34
"Aethomys chrysophilus","mass","Brain_Mass_mass_or_volume","g",1.25,1.25,2,2,0,FALSE,"Boddy; Burger","secondary","mass_or_volume_mixed",1.25,1.25
"Aethomys hindei","mass","Brain_Mass_mass_or_volume","g",1.42,1.42,2,2,0,FALSE,"Boddy; Burger","secondary","mass_or_volume_mixed",1.42,1.42
"Aethomys namaquensis","mass","Brain_Mass_mass_or_volume","g",0.89,0.89,1,1,0,FALSE,"Boddy","secondary","mass_or_volume_mixed",0.89,0.89
"Agouti paca","mass","Brain_Mass_mass_or_volume","g",35.2167,35.2167,1,1,0,FALSE,"Boddy","secondary","mass_or_volume_mixed",35.2167,35.2167
"Ailuropoda melanoleuca","mass","Brain_Mass_mass_or_volume","g",205,205,1,1,0,FALSE,"Burger","secondary","mass_or_volume_mixed",205,205
"Ailurus fulgens","mass","Brain_Mass_mass_or_volume","g",46.8,46.8,2,2,0,FALSE,"Boddy; Burger","secondary","mass_or_volume_mixed",46.8,46.8
"Akodon azarae","mass","Brain_Mass_mass_or_volume","g",0.642,0.642,1,1,0,FALSE,"Burger","secondary","mass_or_volume_mixed",0.642,0.642
"Alcelaphus buselaphus","mass","Brain_Mass_mass_or_volume","g",284.9,284.9,1,1,0,FALSE,"Burger","secondary","mass_or_volume_mixed",284.9,284.9
"Alcelaphus lichtensteinii","mass","Brain_Mass_mass_or_volume","g",357,357,1,1,0,FALSE,"Burger","secondary","mass_or_volume_mixed",357,357
"Alces alces","mass","Brain_Mass_mass_or_volume","g",436,436,2,2,0,FALSE,"Boddy; Burger","secondary","mass_or_volume_mixed",436,436
"Alces americanus","mass","Brain_Mass_mass_or_volume","g",407,407,1,1,0,FALSE,"Burger","secondary","mass_or_volume_mixed",407,407
"Allactaga sibirica","mass","Brain_Mass_mass_or_volume","g",3.5,3.5,2,2,0,FALSE,"Boddy; Burger","secondary","mass_or_volume_mixed",3.5,3.5
"Allenopithecus nigroviridis","mass","Brain_Mass_mass_or_volume","g",58.021,58.021,1,1,0,FALSE,"Burger","secondary","mass_or_volume_mixed",58.021,58.021
"Alligator","mass","Brain_Mass_measured","g",5.8,5.8,3,1,0,FALSE,"Zilles","secondary","mass_fresh",4.6,6.7
"Alouatta belzebul","mass","Brain_Mass_mass_or_volume","g",52.8438,52.8438,1,1,0,FALSE,"Burger","secondary","mass_or_volume_mixed",52.8438,52.8438
"Alouatta caraya","mass","Brain_Mass_mass_or_volume","g",50.0667,50.7,5,3,0,FALSE,"Boddy; Burger; DeCasien","secondary","mass_or_volume_mixed",45,55.8
"Alouatta caraya","mass","Brain_Mass_measured","g",55.8,55.8,1,1,1,TRUE,"Zilles","primary","mass_unspecified",55.8,55.8
"Alouatta guariba","mass","Brain_Mass_mass_or_volume","g",49.1,49.1,1,1,0,FALSE,"Burger","secondary","mass_or_volume_mixed",49.1,49.1
"Alouatta macconnelli","mass","Brain_Mass_mass_or_volume","g",61.3308,61.3308,1,1,0,FALSE,"Burger","secondary","mass_or_volume_mixed",61.3308,61.3308
"Alouatta palliata","mass","Brain_Mass_mass_or_volume","g",50.6694,50.04,18,3,0,FALSE,"Boddy; Burger; DeCasien","secondary","mass_or_volume_mixed",37,65.53
"Alouatta palliata","mass","Brain_Mass_measured","g",52.75,52.75,2,1,0,FALSE,"Lewitus","secondary","mass_fresh; mass_unspecified",52.75,52.75
"Alouatta pigra","mass","Brain_Mass_mass_or_volume","g",51.125,51.125,1,1,0,FALSE,"Burger","secondary","mass_or_volume_mixed",51.125,51.125
"Alouatta sara","mass","Brain_Mass_mass_or_volume","g",59.0833,59.0833,1,1,0,FALSE,"Burger","secondary","mass_or_volume_mixed",59.0833,59.0833
"Alouatta seniculus","mass","Brain_Mass_mass_or_volume","g",44.15,45.5,8,3,0,FALSE,"Boddy; Burger; DeCasien","secondary","mass_or_volume_mixed",19,52
"Alouatta seniculus","mass","Brain_Mass_measured","g",51.5,51.5,9,4,1,TRUE,"Lewitus; Sherwood; Stephan_collection; Zilles","primary; secondary","mass_compilation_unspecified; mass_fresh; mass_unspecified",43.6,54.95
"Amblonyx cinereus","mass","Brain_Mass_measured","g",38.1,38.1,2,1,0,FALSE,"Jacobs","info","mass_specimen",38.1,38.1
"Amblysomus hottentotus","mass","Brain_Mass_excl_olfactory_bulb","g",0.812,0.812,1,1,1,TRUE,"HerculanoHouzel","primary","mass_excl_olfactory_bulb",0.812,0.812
"Ametrida centurio","mass","Brain_Mass_mass_or_volume","g",0.29,0.29,1,1,0,FALSE,"Burger","secondary","mass_or_volume_mixed",0.29,0.29
"Ametrida centurio (STE)","mass","Brain_Mass_measured","g",0.29,0.29,1,1,0,FALSE,"Baron","secondary","mass_compilation_unspecified",0.29,0.29
"Ammospermophilus harrisii","mass","Brain_Mass_mass_or_volume","g",2.3225,2.3225,2,2,0,FALSE,"Boddy; Burger","secondary","mass_or_volume_mixed",2.24,2.405
"Ammospermophilus insularis","mass","Brain_Mass_mass_or_volume","g",2.55,2.55,1,1,0,FALSE,"Burger","secondary","mass_or_volume_mixed",2.55,2.55
"Ammospermophilus interpres","mass","Brain_Mass_mass_or_volume","g",2.5,2.5,1,1,0,FALSE,"Burger","secondary","mass_or_volume_mixed",2.5,2.5
"Ammospermophilus leucurus","mass","Brain_Mass_mass_or_volume","g",2.29,2.29,2,2,0,FALSE,"Boddy; Burger","secondary","mass_or_volume_mixed",2.25,2.33
"Ammospermophilus nelsoni","mass","Brain_Mass_mass_or_volume","g",2.4675,2.4675,2,2,0,FALSE,"Boddy; Burger","secondary","mass_or_volume_mixed",2.31,2.625
"Ammotragus lervia","mass","Brain_Mass_mass_or_volume","g",209,209,1,1,0,FALSE,"Burger","secondary","mass_or_volume_mixed",209,209
"Anoura caudifer","mass","Brain_Mass_mass_or_volume","g",0.4225,0.4225,1,1,0,FALSE,"Burger","secondary","mass_or_volume_mixed",0.4225,0.4225
"Anoura caudifer","mass","Brain_Mass_measured","g",0.4095,0.4095,4,1,0,FALSE,"Zilles","secondary","mass_fresh",0.387,0.44
"Anoura geoffroyi","mass","Brain_Mass_mass_or_volume","g",0.583,0.583,1,1,0,FALSE,"Burger","secondary","mass_or_volume_mixed",0.583,0.583
"Anoura geoffroyi","mass","Brain_Mass_measured","g",0.5896,0.5896,5,1,0,FALSE,"Zilles","secondary","mass_fresh",0.55,0.62
"Anourosorex squamipes","mass","Brain_Mass_measured","g",0.3992,0.3992,5,1,0,FALSE,"Zilles","secondary","mass_fresh",0.384,0.42
"Antechinomys laniger","mass","Brain_Mass_mass_or_volume","g",0.47,0.47,1,1,0,FALSE,"Burger","secondary","mass_or_volume_mixed",0.47,0.47
"Antechinus agilis","mass","Brain_Mass_mass_or_volume","g",0.56,0.56,1,1,0,FALSE,"Burger","secondary","mass_or_volume_mixed",0.56,0.56
"Antechinus bellus","mass","Brain_Mass_mass_or_volume","g",0.6413,0.6413,2,2,0,FALSE,"Boddy; Burger","secondary","mass_or_volume_mixed",0.63,0.6527
"Antechinus flavipes","mass","Brain_Mass_mass_or_volume","g",0.6515,0.6515,2,2,0,FALSE,"Boddy; Burger","secondary","mass_or_volume_mixed",0.64,0.663
"Antechinus flavipes (x)","mass","Brain_Mass_measured","g",0.765,0.765,2,1,1,TRUE,"Pirlot","primary","mass_unspecified",0.76,0.77
"Antechinus leo","mass","Brain_Mass_mass_or_volume","g",0.7635,0.7635,2,2,0,FALSE,"Boddy; Burger","secondary","mass_or_volume_mixed",0.75,0.777
"Antechinus minimus","mass","Brain_Mass_mass_or_volume","g",0.7533,0.7533,2,2,0,FALSE,"Boddy; Burger","secondary","mass_or_volume_mixed",0.74,0.7666
"Antechinus stuartii","mass","Brain_Mass_mass_or_volume","g",0.7737,0.7737,2,2,0,FALSE,"Boddy; Burger","secondary","mass_or_volume_mixed",0.76,0.7874
"Antechinus subtropicus","mass","Brain_Mass_mass_or_volume","g",0.72,0.72,1,1,0,FALSE,"Burger","secondary","mass_or_volume_mixed",0.72,0.72
"Antechinus swainsonii","mass","Brain_Mass_mass_or_volume","g",1.1096,1.1096,2,2,0,FALSE,"Boddy; Burger","secondary","mass_or_volume_mixed",1.09,1.1292
"Antidorcas marsupialis","mass","Brain_Mass_excl_olfactory_bulb","g",105.081,105.081,3,2,2,TRUE,"HerculanoHouzel; Kazu","primary","mass_excl_olfactory_bulb",102.102,106.074
"Antidorcas marsupialis","mass","Brain_Mass_mass_or_volume","g",135,135,1,1,0,FALSE,"Burger","secondary","mass_or_volume_mixed",135,135
"Antilocapra americana","mass","Brain_Mass_mass_or_volume","g",125.6,125.6,1,1,0,FALSE,"Burger","secondary","mass_or_volume_mixed",125.6,125.6
"Antilope cervicapra","mass","Brain_Mass_mass_or_volume","g",110.8,110.8,1,1,0,FALSE,"Burger","secondary","mass_or_volume_mixed",110.8,110.8
"Aonyx capensis","mass","Brain_Mass_mass_or_volume","g",94.6,94.6,1,1,0,FALSE,"Burger","secondary","mass_or_volume_mixed",94.6,94.6
"Aonyx cinerea","mass","Brain_Mass_mass_or_volume","g",38.09,38.09,1,1,0,FALSE,"Burger","secondary","mass_or_volume_mixed",38.09,38.09
"Aotus azarae","mass","Brain_Mass_mass_or_volume","g",20.7,20.7,1,1,0,FALSE,"Burger","secondary","mass_or_volume_mixed",20.7,20.7
"Aotus lemurinus","mass","Brain_Mass_mass_or_volume","g",110.7333,113.5,5,3,0,FALSE,"Boddy; Burger; DeCasien","secondary","mass_or_volume_mixed",88.6,118
"Aotus sp.","mass","Brain_Mass_mass_or_volume","g",21,21,1,1,0,FALSE,"DeCasien","secondary","mass_or_volume_mixed",21,21
"Aotus sp.","mass","Brain_Mass_measured","g",16.35,16.35,1,1,0,FALSE,"MacLeod","secondary","mass_unspecified",16.35,16.35
"Aotus trivirgatus","mass","Brain_Mass_excl_olfactory_bulb","g",15.73,15.73,1,1,1,TRUE,"HerculanoHouzel","primary","mass_excl_olfactory_bulb",15.73,15.73
"Aotus trivirgatus","mass","Brain_Mass_mass_or_volume","g",15.75,15.75,9,4,1,TRUE,"Boddy; Burger; DeCasien; HerculanoHouzel","primary; secondary","mass_or_volume_mixed",13.2,19.5804
"Aotus trivirgatus","mass","Brain_Mass_measured","g",17.0292,16.55,14,6,3,TRUE,"Changizi; Finlay; Lewitus; Sherwood; Stephan_collection; Zilles","primary; secondary","mass_compilation_unspecified; mass_fresh; mass_unspecified",16,18.2
"Aplodontia rufa","mass","Brain_Mass_mass_or_volume","g",7.04,7.04,2,2,0,FALSE,"Boddy; Burger","secondary","mass_or_volume_mixed",7.04,7.04
"Apodemus agrarius","mass","Brain_Mass_mass_or_volume","g",0.2,0.2,2,2,0,FALSE,"Boddy; Burger","secondary","mass_or_volume_mixed",0.2,0.2
"Apodemus flavicollis","mass","Brain_Mass_mass_or_volume","g",0.7,0.7,2,2,0,FALSE,"Boddy; Burger","secondary","mass_or_volume_mixed",0.7,0.7
"Apodemus flavicollis","mass","Brain_Mass_measured","g",0.77,0.77,1,1,0,FALSE,"Zilles","secondary","mass_fresh",0.77,0.77
"Apodemus sylvaticus","mass","Brain_Mass_mass_or_volume","g",0.5875,0.5875,2,2,0,FALSE,"Boddy; Burger","secondary","mass_or_volume_mixed",0.585,0.59
"Ara ararauna","mass","Brain_Mass_measured","g",20.7297,20.7297,1,1,1,TRUE,"Olkowicz","primary","mass_fixed",20.7297,20.7297
"Arctictis binturong","mass","Brain_Mass_mass_or_volume","g",40.85,40.85,1,1,0,FALSE,"Burger","secondary","mass_or_volume_mixed",40.85,40.85
"Arctocebus aureus","mass","Brain_Mass_mass_or_volume","g",5.8776,5.8776,1,1,0,FALSE,"Burger","secondary","mass_or_volume_mixed",5.8776,5.8776
"Arctocebus calabarensis","mass","Brain_Mass_mass_or_volume","g",6.9214,6.9214,1,1,0,FALSE,"Burger","secondary","mass_or_volume_mixed",6.9214,6.9214
"Arctocebus sp.","mass","Brain_Mass_mass_or_volume","g",7.2,7.2,1,1,0,FALSE,"DeCasien","secondary","mass_or_volume_mixed",7.2,7.2
"Arctocephalus australis","mass","Brain_Mass_mass_or_volume","g",307.5,307.5,2,2,0,FALSE,"Boddy; Burger","secondary","mass_or_volume_mixed",307.5,307.5
"Arctocephalus forsteri","mass","Brain_Mass_mass_or_volume","g",320,320,2,2,0,FALSE,"Boddy; Burger","secondary","mass_or_volume_mixed",320,320
"Arctocephalus galapagoensis","mass","Brain_Mass_mass_or_volume","g",291.25,291.25,2,2,0,FALSE,"Boddy; Burger","secondary","mass_or_volume_mixed",291.25,291.25
"Arctocephalus gazella","mass","Brain_Mass_mass_or_volume","g",340,340,2,2,0,FALSE,"Boddy; Burger","secondary","mass_or_volume_mixed",340,340
"Arctocephalus philippii","mass","Brain_Mass_mass_or_volume","g",415,415,2,2,0,FALSE,"Boddy; Burger","secondary","mass_or_volume_mixed",415,415
"Arctocephalus pusillus","mass","Brain_Mass_mass_or_volume","g",369.3775,369.3775,2,2,0,FALSE,"Boddy; Burger","secondary","mass_or_volume_mixed",369.375,369.38
"Arctocephalus tropicalis","mass","Brain_Mass_mass_or_volume","g",326.25,326.25,2,2,0,FALSE,"Boddy; Burger","secondary","mass_or_volume_mixed",326.25,326.25
"Arctogalidia trivirgata","mass","Brain_Mass_mass_or_volume","g",21.98,21.98,1,1,0,FALSE,"Burger","secondary","mass_or_volume_mixed",21.98,21.98
"Arctonyx collaris","mass","Brain_Mass_mass_or_volume","g",49.4,49.4,1,1,0,FALSE,"Burger","secondary","mass_or_volume_mixed",49.4,49.4
"Ardops annectans (STE)","mass","Brain_Mass_measured","g",0.61,0.61,1,1,0,FALSE,"Baron","secondary","mass_compilation_unspecified",0.61,0.61
"Ardops nichollsi","mass","Brain_Mass_mass_or_volume","g",0.61,0.61,1,1,0,FALSE,"Burger","secondary","mass_or_volume_mixed",0.61,0.61
"Ardops nichollsi","mass","Brain_Mass_measured","g",0.55,0.55,3,1,0,FALSE,"Zilles","secondary","mass_fresh",0.51,0.606
"Artibeus cinereus","mass","Brain_Mass_mass_or_volume","g",0.4685,0.4685,1,1,0,FALSE,"Burger","secondary","mass_or_volume_mixed",0.4685,0.4685
"Artibeus cinereus","mass","Brain_Mass_measured","g",0.467,0.467,4,1,0,FALSE,"Zilles","secondary","mass_fresh",0.46,0.47
"Artibeus concolor","mass","Brain_Mass_mass_or_volume","g",0.633,0.633,1,1,0,FALSE,"Burger","secondary","mass_or_volume_mixed",0.633,0.633
"Artibeus concolor","mass","Brain_Mass_measured","g",0.633,0.633,2,1,0,FALSE,"Zilles","secondary","mass_fresh",0.621,0.645
"Artibeus glaucus","mass","Brain_Mass_mass_or_volume","g",0.476,0.476,1,1,0,FALSE,"Burger","secondary","mass_or_volume_mixed",0.476,0.476
"Artibeus jamaicensis","mass","Brain_Mass_mass_or_volume","g",0.9551,0.9551,2,2,0,FALSE,"Boddy; Burger","secondary","mass_or_volume_mixed",0.93,0.9803
"Artibeus jamaicensis","mass","Brain_Mass_measured","g",1.0467,1.0467,3,1,0,FALSE,"Zilles","secondary","mass_fresh",1,1.09
"Artibeus lituratus","mass","Brain_Mass_mass_or_volume","g",1.1105,1.1105,2,2,0,FALSE,"Boddy; Burger","secondary","mass_or_volume_mixed",1.05,1.171
"Artibeus lituratus","mass","Brain_Mass_measured","g",1.27,1.27,4,1,0,FALSE,"Zilles","secondary","mass_fresh",1.18,1.35
"Artibeus phaeotis","mass","Brain_Mass_mass_or_volume","g",0.448,0.448,1,1,0,FALSE,"Burger","secondary","mass_or_volume_mixed",0.448,0.448
"Artibeus toltecus","mass","Brain_Mass_mass_or_volume","g",0.544,0.544,1,1,0,FALSE,"Burger","secondary","mass_or_volume_mixed",0.544,0.544
"Arvicanthis niloticus","mass","Brain_Mass_mass_or_volume","g",1.33,1.33,2,2,0,FALSE,"Boddy; Burger","secondary","mass_or_volume_mixed",1.33,1.33
"Arvicola amphibius","mass","Brain_Mass_mass_or_volume","g",1.64,1.64,1,1,0,FALSE,"Burger","secondary","mass_or_volume_mixed",1.64,1.64
"Arvicola terrestris","mass","Brain_Mass_mass_or_volume","g",1.64,1.64,1,1,0,FALSE,"Boddy","secondary","mass_or_volume_mixed",1.64,1.64
"Asellia tridens","mass","Brain_Mass_mass_or_volume","g",0.24,0.24,1,1,0,FALSE,"Burger","secondary","mass_or_volume_mixed",0.24,0.24
"Aselliscus stoliczkanus","mass","Brain_Mass_mass_or_volume","g",0.15,0.15,1,1,0,FALSE,"Burger","secondary","mass_or_volume_mixed",0.15,0.15
"Aselliscus stoliczkanus","mass","Brain_Mass_measured","g",0.1503,0.1503,3,1,0,FALSE,"Zilles","secondary","mass_fresh",0.139,0.157
"Aselliscus tricuspidatus","mass","Brain_Mass_mass_or_volume","g",0.134,0.134,1,1,0,FALSE,"Burger","secondary","mass_or_volume_mixed",0.134,0.134
"Aselliscus tricuspidatus","mass","Brain_Mass_measured","g",0.1347,0.1347,3,1,0,FALSE,"Zilles","secondary","mass_fresh",0.133,0.136
"Atelerix albiventris","mass","Brain_Mass_mass_or_volume","g",2.24,2.24,2,2,0,FALSE,"Boddy; Burger","secondary","mass_or_volume_mixed",2.24,2.24
"Atelerix albiventris","mass","Brain_Mass_measured","g",2.2865,2.2865,2,2,2,TRUE,"Changizi; Nudo","primary","mass_compilation_unspecified; mass_unspecified",1.3,3.273
"Atelerix algirus","mass","Brain_Mass_mass_or_volume","g",3.2,3.2,2,2,0,FALSE,"Boddy; Burger","secondary","mass_or_volume_mixed",3.2,3.2
"Atelerix algirus","mass","Brain_Mass_measured","g",3.4333,3.4333,11,2,1,TRUE,"Stephan_collection; Zilles","primary; secondary","mass_fresh",2.629,3.55
"Ateles belzebuth","mass","Brain_Mass_mass_or_volume","g",105.1,105.1,2,2,0,FALSE,"Burger; DeCasien","secondary","mass_or_volume_mixed",97.5,112.7
"Ateles chamek","mass","Brain_Mass_mass_or_volume","g",99,99,1,1,0,FALSE,"Burger","secondary","mass_or_volume_mixed",99,99
"Ateles fusciceps","mass","Brain_Mass_mass_or_volume","g",106.8833,113.6,6,3,0,FALSE,"Boddy; Burger; DeCasien","secondary","mass_or_volume_mixed",58,118.4
"Ateles geoffroyi","mass","Brain_Mass_mass_or_volume","g",102.6925,104.96,20,3,0,FALSE,"Boddy; Burger; DeCasien","secondary","mass_or_volume_mixed",64,118.5
"Ateles geoffroyi","mass","Brain_Mass_measured","g",80.866,80.866,5,2,2,TRUE,"Stephan_collection; Zilles","primary; secondary","mass_fresh; mass_unspecified",1.064,108
"Ateles hybridus","mass","Brain_Mass_mass_or_volume","g",103.0541,103.0541,1,1,0,FALSE,"Burger","secondary","mass_or_volume_mixed",103.0541,103.0541
"Ateles marginatus","mass","Brain_Mass_mass_or_volume","g",97,97,1,1,0,FALSE,"Burger","secondary","mass_or_volume_mixed",97,97
"Ateles paniscus","mass","Brain_Mass_mass_or_volume","g",109.0076,108.96,8,3,0,FALSE,"Boddy; Burger; DeCasien","secondary","mass_or_volume_mixed",101.2,120
"Ateles paniscus","mass","Brain_Mass_measured","g",108.5,108.5,1,1,0,FALSE,"Lewitus","secondary","mass_unspecified",108.5,108.5
"Ateles sp.","mass","Brain_Mass_mass_or_volume","g",110,110,1,1,0,FALSE,"DeCasien","secondary","mass_or_volume_mixed",110,110
"Ateles spec.","mass","Brain_Mass_measured","g",0.87,0.87,1,1,0,FALSE,"Zilles","secondary","mass_fresh",0.87,0.87
"Atelocynus microtis","mass","Brain_Mass_mass_or_volume","g",62.18,62.18,1,1,0,FALSE,"Burger","secondary","mass_or_volume_mixed",62.18,62.18
"Atherurus africanus","mass","Brain_Mass_mass_or_volume","g",21.8875,21.8875,2,2,0,FALSE,"Boddy; Burger","secondary","mass_or_volume_mixed",21.885,21.89
"Atherurus macrourus","mass","Brain_Mass_mass_or_volume","g",31.57,31.57,1,1,0,FALSE,"Burger","secondary","mass_or_volume_mixed",31.57,31.57
"Atilax paludinosus","mass","Brain_Mass_mass_or_volume","g",28.5,28.5,1,1,0,FALSE,"Burger","secondary","mass_or_volume_mixed",28.5,28.5
"Avahi laniger","mass","Brain_Mass_mass_or_volume","g",10.49,10.49,3,3,0,FALSE,"Boddy; Burger; DeCasien","secondary","mass_or_volume_mixed",10.49,10.49
"Avahi laniger","mass","Brain_Mass_measured","g",10.0683,10.0683,8,3,2,TRUE,"Lewitus; Stephan_collection; Zilles","primary; secondary","mass_fresh; mass_unspecified",9.53,11.45
"Avahi occidentalis","mass","Brain_Mass_mass_or_volume","g",8.81,8.81,2,2,0,FALSE,"Burger; DeCasien","secondary","mass_or_volume_mixed",7.95,9.67
"Avahi occidentalis","mass","Brain_Mass_measured","g",9.67,9.67,7,3,1,TRUE,"Lewitus; Stephan_collection; Zilles","primary; secondary","mass_fresh; mass_unspecified",9.34,10.07
"Axis axis","mass","Brain_Mass_mass_or_volume","g",219,219,2,2,0,FALSE,"Boddy; Burger","secondary","mass_or_volume_mixed",219,219
"Axis axis","mass","Brain_Mass_measured","g",219,219,1,1,0,FALSE,"Garwicz","secondary","mass_compilation_unspecified",219,219
"Axis porcinus","mass","Brain_Mass_mass_or_volume","g",142,142,1,1,0,FALSE,"Burger","secondary","mass_or_volume_mixed",142,142
"Babyrousa babyrussa","mass","Brain_Mass_mass_or_volume","g",127,127,1,1,0,FALSE,"Burger","secondary","mass_or_volume_mixed",127,127
"Balaena mysticetus","mass","Brain_Mass_mass_or_volume","g",2738,2738,1,1,0,FALSE,"Burger","secondary","mass_or_volume_mixed",2738,2738
"Balaenoptera acutorostrata","mass","Brain_Mass_excl_olfactory_bulb","g",2683.9,2683.9,1,1,0,FALSE,"AvelinodeSouza","secondary","mass_excl_olfactory_bulb",2683.9,2683.9
"Balaenoptera acutorostrata","mass","Brain_Mass_mass_or_volume","g",2850,2850,1,1,0,FALSE,"Burger","secondary","mass_or_volume_mixed",2850,2850
"Balaenoptera borealis","mass","Brain_Mass_mass_or_volume","g",4900,4900,2,2,0,FALSE,"Boddy; Burger","secondary","mass_or_volume_mixed",4900,4900
"Balaenoptera borealis","mass","Brain_Mass_measured","g",4900,4900,1,1,0,FALSE,"Manger","secondary","mass_compilation_unspecified",4900,4900
"Balaenoptera musculus","mass","Brain_Mass_mass_or_volume","g",3636,3636,1,1,0,FALSE,"Burger","secondary","mass_or_volume_mixed",3636,3636
"Balaenoptera musculus","mass","Brain_Mass_measured","g",3636,3636,1,1,0,FALSE,"Manger","secondary","mass_compilation_unspecified",3636,3636
"Balaenoptera physalus","mass","Brain_Mass_mass_or_volume","g",5100,5100,2,2,0,FALSE,"Boddy; Burger","secondary","mass_or_volume_mixed",5100,5100
"Balaenoptera physalus","mass","Brain_Mass_measured","g",7111.43,7111.43,1,1,0,FALSE,"Manger","secondary","mass_compilation_unspecified",7111.43,7111.43
"Balionycteris maculata","mass","Brain_Mass_mass_or_volume","g",0.5107,0.5107,1,1,0,FALSE,"Burger","secondary","mass_or_volume_mixed",0.5107,0.5107
"Balionycteris maculata","mass","Brain_Mass_measured","g",0.51,0.51,2,1,0,FALSE,"Zilles","secondary","mass_fresh",0.48,0.54
"Barbastella barbastellus","mass","Brain_Mass_mass_or_volume","g",0.184,0.184,1,1,0,FALSE,"Burger","secondary","mass_or_volume_mixed",0.184,0.184
"Bassaricyon alleni","mass","Brain_Mass_mass_or_volume","g",19.37,19.37,1,1,0,FALSE,"Burger","secondary","mass_or_volume_mixed",19.37,19.37
"Bassaricyon gabbii","mass","Brain_Mass_mass_or_volume","g",19.3,19.3,1,1,0,FALSE,"Burger","secondary","mass_or_volume_mixed",19.3,19.3
"Bassariscus astutus","mass","Brain_Mass_mass_or_volume","g",16,16,1,1,0,FALSE,"Burger","secondary","mass_or_volume_mixed",16,16
"Bassariscus sumichrasti","mass","Brain_Mass_mass_or_volume","g",41.9,41.9,2,2,0,FALSE,"Boddy; Burger","secondary","mass_or_volume_mixed",41.9,41.9
"Bathyergus suillus","mass","Brain_Mass_mass_or_volume","g",3.75,3.75,2,2,0,FALSE,"Boddy; Burger","secondary","mass_or_volume_mixed",3.75,3.75
"Bathyergus suillus","mass","Brain_size_sum_of_structures","g",3.78,3.78,1,1,0,FALSE,"Kverkova","secondary","sum_of_structure_volumes",3.78,3.78
"Bdeogale crassicauda","mass","Brain_Mass_mass_or_volume","g",16.95,16.95,1,1,0,FALSE,"Burger","secondary","mass_or_volume_mixed",16.95,16.95
"Beamys hindei","mass","Brain_Mass_mass_or_volume","g",1.11,1.11,2,2,0,FALSE,"Boddy; Burger","secondary","mass_or_volume_mixed",1.11,1.11
"Berylmys bowersi","mass","Brain_Mass_mass_or_volume","g",4.63,4.63,1,1,0,FALSE,"Burger","secondary","mass_or_volume_mixed",4.63,4.63
"Bettongia gaimardi","mass","Brain_Mass_mass_or_volume","g",11.9106,11.9106,2,2,0,FALSE,"Boddy; Burger","secondary","mass_or_volume_mixed",11.7,12.1212
"Bettongia lesueur","mass","Brain_Mass_mass_or_volume","g",10.5,10.5,1,1,0,FALSE,"Burger","secondary","mass_or_volume_mixed",10.5,10.5
"Bettongia penicillata","mass","Brain_Mass_mass_or_volume","g",9.7321,9.7321,2,2,0,FALSE,"Boddy; Burger","secondary","mass_or_volume_mixed",9.56,9.9042
"Bettongia penicillata","mass","Brain_Mass_measured","g",9.6,9.6,1,1,1,TRUE,"Karl","primary","mass_specimen",9.6,9.6
"Bettongia tropica","mass","Brain_Mass_mass_or_volume","g",8.92,8.92,1,1,0,FALSE,"Burger","secondary","mass_or_volume_mixed",8.92,8.92
"Bison bison","mass","Brain_Mass_mass_or_volume","g",458,458,1,1,0,FALSE,"Burger","secondary","mass_or_volume_mixed",458,458
"Blackheaded parrot (Adapornis personata)","mass","Brain_Mass_measured","g",1.92,1.92,1,1,0,FALSE,"Krompecher","secondary","mass_unspecified",1.92,1.92
"Blarina brevicauda","mass","Brain_Mass_excl_olfactory_bulb","g",0.347,0.347,1,1,1,TRUE,"HerculanoHouzel","primary","mass_excl_olfactory_bulb",0.347,0.347
"Blarina brevicauda","mass","Brain_Mass_mass_or_volume","g",0.34,0.34,3,3,1,TRUE,"Boddy; Burger; HerculanoHouzel","primary; secondary","mass_or_volume_mixed",0.2888,0.34
"Blarina brevicauda","mass","Brain_Mass_measured","g",0.39,0.39,5,2,1,TRUE,"Finlay; Zilles","primary; secondary","mass_compilation_unspecified; mass_fresh",0.385,0.407
"Bos grunniens","mass","Brain_Mass_mass_or_volume","g",334,334,1,1,0,FALSE,"Burger","secondary","mass_or_volume_mixed",334,334
"Bos taurus","mass","Brain_Mass_mass_or_volume","g",486,486,2,2,1,TRUE,"Burger; HerculanoHouzel","primary; secondary","mass_or_volume_mixed",452.8,486
"Bos taurus","mass","Brain_Mass_measured","g",540,540,3,3,1,TRUE,"Brodmann; Garwicz; Lewitus","primary; secondary","mass_compilation_unspecified; mass_fresh; mass_unspecified",456,540
"Bos taurus indicus","mass","Brain_Mass_measured","g",462,462,1,1,0,FALSE,"Lewitus","secondary","mass_unspecified",462,462
"Boselaphus tragocamelus","mass","Brain_Mass_mass_or_volume","g",271.75,271.75,2,2,0,FALSE,"Boddy; Burger","secondary","mass_or_volume_mixed",271.75,271.75
"Brachyphylla cavernarum","mass","Brain_Mass_mass_or_volume","g",1.278,1.278,1,1,0,FALSE,"Burger","secondary","mass_or_volume_mixed",1.278,1.278
"Brachyphylla cavernarum","mass","Brain_Mass_measured","g",1.1795,1.1795,4,1,0,FALSE,"Zilles","secondary","mass_fresh",1.105,1.287
"Brachyteles arachnoides","mass","Brain_Mass_mass_or_volume","g",119.4,119.4,1,1,0,FALSE,"Burger","secondary","mass_or_volume_mixed",119.4,119.4
"Bradypus tridactylus","mass","Brain_Mass_mass_or_volume","g",24.9,24.9,2,2,0,FALSE,"Boddy; Burger","secondary","mass_or_volume_mixed",24.9,24.9
"Bradypus variegatus","mass","Brain_Mass_mass_or_volume","g",16.0317,16.0317,2,2,0,FALSE,"Boddy; Burger","secondary","mass_or_volume_mixed",16.03,16.0333
"Broken Hill/Kabwe","mass","Brain_Mass_from_volume_or_ecv","g",1205.39,1205.39,1,1,1,TRUE,"Weaver","primary","mass_from_volume_or_ecv",1205.39,1205.39
"Bunopithecus hoolock","mass","Brain_Mass_mass_or_volume","g",110.6804,110.6804,1,1,0,FALSE,"Burger","secondary","mass_or_volume_mixed",110.6804,110.6804
"Burramys parvus","mass","Brain_Mass_mass_or_volume","g",1,1,1,1,0,FALSE,"Burger","secondary","mass_or_volume_mixed",1,1
"C. apella","mass","Brain_Mass_from_volume_or_ecv","g",66.5,66.5,1,1,1,TRUE,"Weaver","primary","mass_from_volume_or_ecv",66.5,66.5
"C. atys","mass","Brain_Mass_from_volume_or_ecv","g",99.7,99.7,1,1,1,TRUE,"Weaver","primary","mass_from_volume_or_ecv",99.7,99.7
"Cabassous unicinctus","mass","Brain_Mass_mass_or_volume","g",23.68,23.68,2,2,0,FALSE,"Boddy; Burger","secondary","mass_or_volume_mixed",23.68,23.68
"Cacajao calvus","mass","Brain_Mass_mass_or_volume","g",74.3,74.3,1,1,0,FALSE,"Burger","secondary","mass_or_volume_mixed",74.3,74.3
"Cacajao melanocephalus","mass","Brain_Mass_mass_or_volume","g",64.9,64.9,1,1,0,FALSE,"Burger","secondary","mass_or_volume_mixed",64.9,64.9
"Cacatua galerita","mass","Brain_Mass_measured","g",10.1307,10.1307,1,1,1,TRUE,"Olkowicz","primary","mass_fixed",10.1307,10.1307
"Cacatua goffini","mass","Brain_Mass_measured","g",8.2749,8.2749,1,1,1,TRUE,"Olkowicz","primary","mass_fixed",8.2749,8.2749
"Caenolestes fuliginosus","mass","Brain_Mass_mass_or_volume","g",0.68,0.68,1,1,0,FALSE,"Burger","secondary","mass_or_volume_mixed",0.68,0.68
"Caenolestes obscurus","mass","Brain_Mass_measured","g",0.979,0.979,1,1,1,TRUE,"Pirlot","primary","mass_unspecified",0.979,0.979
"Callicebus caligatus","mass","Brain_Mass_mass_or_volume","g",17.25,17.25,1,1,0,FALSE,"Burger","secondary","mass_or_volume_mixed",17.25,17.25
"Callicebus cupreus","mass","Brain_Mass_mass_or_volume","g",17.1,17.1,1,1,0,FALSE,"Burger","secondary","mass_or_volume_mixed",17.1,17.1
"Callicebus discolor","mass","Brain_Mass_mass_or_volume","g",17.5288,17.5288,1,1,0,FALSE,"Burger","secondary","mass_or_volume_mixed",17.5288,17.5288
"Callicebus lugens","mass","Brain_Mass_mass_or_volume","g",18.9725,18.9725,1,1,0,FALSE,"Burger","secondary","mass_or_volume_mixed",18.9725,18.9725
"Callicebus medemi","mass","Brain_Mass_mass_or_volume","g",19.4359,19.4359,1,1,0,FALSE,"Burger","secondary","mass_or_volume_mixed",19.4359,19.4359
"Callicebus moloch","mass","Brain_Mass_mass_or_volume","g",19,19,3,3,0,FALSE,"Boddy; Burger; DeCasien","secondary","mass_or_volume_mixed",19,19
"Callicebus moloch","mass","Brain_Mass_measured","g",17.25,17.25,8,3,1,TRUE,"Lewitus; Stephan_collection; Zilles","primary; secondary","mass_fresh; mass_unspecified",13.13,19
"Callicebus regulus","mass","Brain_Mass_mass_or_volume","g",23,23,1,1,0,FALSE,"Burger","secondary","mass_or_volume_mixed",23,23
"Callicebus torquatus","mass","Brain_Mass_mass_or_volume","g",19.1,19.1,1,1,0,FALSE,"Burger","secondary","mass_or_volume_mixed",19.1,19.1
"Callimico goeldii","mass","Brain_Mass_mass_or_volume","g",11.2,11.2,2,2,0,FALSE,"Burger; DeCasien","secondary","mass_or_volume_mixed",11,11.4
"Callimico goeldii","mass","Brain_Mass_measured","g",11,11,4,2,1,TRUE,"Lewitus; Stephan_collection","primary; secondary","mass_fresh; mass_unspecified",10.95,11
"Callithrix argentata","mass","Brain_Mass_mass_or_volume","g",8,8,1,1,0,FALSE,"Burger","secondary","mass_or_volume_mixed",8,8
"Callithrix aurita","mass","Brain_Mass_mass_or_volume","g",7.2,7.2,1,1,0,FALSE,"Burger","secondary","mass_or_volume_mixed",7.2,7.2
"Callithrix geoffroyi","mass","Brain_Mass_mass_or_volume","g",19.9,19.9,1,1,0,FALSE,"Burger","secondary","mass_or_volume_mixed",19.9,19.9
"Callithrix humeralifera","mass","Brain_Mass_mass_or_volume","g",8.2,8.2,1,1,0,FALSE,"Burger","secondary","mass_or_volume_mixed",8.2,8.2
"Callithrix jacchus","mass","Brain_Mass_excl_olfactory_bulb","g",7.78,7.78,1,1,1,TRUE,"HerculanoHouzel","primary","mass_excl_olfactory_bulb",7.78,7.78
"Callithrix jacchus","mass","Brain_Mass_mass_or_volume","g",7.7611,7.7318,20,3,0,FALSE,"Boddy; Burger; DeCasien","secondary","mass_or_volume_mixed",6.7,9.7384
"Callithrix jacchus","mass","Brain_Mass_measured","g",7.1899,7.6898,19,6,4,TRUE,"Changizi; Finlay; Lewitus; Nudo; Stephan_collection; Zilles","primary; secondary","mass_compilation_unspecified; mass_fresh; mass_unspecified",2.34,8.1
"Callithrix penicillata","mass","Brain_Mass_mass_or_volume","g",7.65,7.65,2,2,0,FALSE,"Burger; DeCasien","secondary","mass_or_volume_mixed",7.3,8
"Callithrix pygmaea","mass","Brain_Mass_mass_or_volume","g",4.6433,4.64,4,3,0,FALSE,"Boddy; Burger; DeCasien","secondary","mass_or_volume_mixed",4.5,4.8
"Callithrix pygmaea","mass","Brain_Mass_measured","g",4.2471,4.2471,8,3,2,TRUE,"Jacobs; Stephan_collection; Zilles","info; primary; secondary","mass_fresh; mass_specimen; mass_unspecified",3.812,4.5
"Callithrix sp.","mass","Brain_Mass_mass_or_volume","g",7.78,7.78,1,1,1,TRUE,"HerculanoHouzel","primary","mass_or_volume_mixed",7.78,7.78
"Callithrix sp.","mass","Brain_Mass_measured","g",7.5,7.5,1,1,1,TRUE,"Brodmann","primary","mass_unspecified",7.5,7.5
"Callorhinus ursinus","mass","Brain_Mass_mass_or_volume","g",334.8317,334.8317,2,2,0,FALSE,"Boddy; Burger","secondary","mass_or_volume_mixed",334.83,334.8333
"Callorhinus ursinus","mass","Brain_Mass_measured","g",328.6,328.6,2,1,0,FALSE,"Jacobs","info","mass_specimen",328.6,328.6
"Callosciurus caniceps","mass","Brain_Mass_mass_or_volume","g",6.02,6.02,2,2,0,FALSE,"Boddy; Burger","secondary","mass_or_volume_mixed",6.02,6.02
"Callosciurus nigrovittatus","mass","Brain_Mass_mass_or_volume","g",4.44,4.44,2,2,0,FALSE,"Boddy; Burger","secondary","mass_or_volume_mixed",4.44,4.44
"Callosciurus notatus","mass","Brain_Mass_mass_or_volume","g",4.91,4.91,2,2,0,FALSE,"Boddy; Burger","secondary","mass_or_volume_mixed",4.91,4.91
"Callosciurus prevostii","mass","Brain_Mass_mass_or_volume","g",6.52,6.52,2,2,0,FALSE,"Boddy; Burger","secondary","mass_or_volume_mixed",6.52,6.52
"Caluromys derbianus","mass","Brain_Mass_mass_or_volume","g",3.4612,3.4612,2,2,0,FALSE,"Boddy; Burger","secondary","mass_or_volume_mixed",3.4,3.5224
"Caluromys lanatus","mass","Brain_Mass_mass_or_volume","g",3.1,3.1,2,2,0,FALSE,"Boddy; Burger","secondary","mass_or_volume_mixed",3.1,3.1
"Caluromys lanatus","mass","Brain_Mass_measured","g",4.6967,4.6967,3,1,1,TRUE,"Pirlot","primary","mass_unspecified",4.54,4.9
"Caluromys philander","mass","Brain_Mass_mass_or_volume","g",3.563,3.563,2,2,0,FALSE,"Boddy; Burger","secondary","mass_or_volume_mixed",3.5,3.626
"Camelus bactrianus","mass","Brain_Mass_mass_or_volume","g",575,575,1,1,0,FALSE,"Burger","secondary","mass_or_volume_mixed",575,575
"Camelus dromedarius","mass","Brain_Mass_mass_or_volume","g",762,762,1,1,0,FALSE,"Burger","secondary","mass_or_volume_mixed",762,762
"Camelus dromedarius","mass","Brain_Mass_measured","g",762,762,1,1,0,FALSE,"Garwicz","secondary","mass_compilation_unspecified",762,762
"Canis adustus","mass","Brain_Mass_mass_or_volume","g",50.8,50.8,1,1,0,FALSE,"Burger","secondary","mass_or_volume_mixed",50.8,50.8
"Canis aureus","mass","Brain_Mass_mass_or_volume","g",72.2,72.2,1,1,0,FALSE,"Burger","secondary","mass_or_volume_mixed",72.2,72.2
"Canis latrans","mass","Brain_Mass_mass_or_volume","g",84.5,84.5,1,1,0,FALSE,"Burger","secondary","mass_or_volume_mixed",84.5,84.5
"Canis latrans","mass","Brain_Mass_measured","g",86.235,86.235,1,1,0,FALSE,"Lewitus","secondary","mass_unspecified",86.235,86.235
"Canis lupus","mass","Brain_Mass_mass_or_volume","g",130,130,1,1,0,FALSE,"Burger","secondary","mass_or_volume_mixed",130,130
"Canis lupus","mass","Brain_Mass_measured","g",111.5267,111.5267,15,1,1,TRUE,"Schleifenbaum","primary","mass_fresh_or_fixed_mixed",13,162.4
"Canis lupus familiaris","mass","Brain_Mass_measured","g",52.9258,52.9258,20,3,2,TRUE,"Brodmann; Garwicz; Schleifenbaum","primary; secondary","mass_compilation_unspecified; mass_fresh_or_fixed_mixed; mass_unspecified",7.97,90.25
"Canis mesomelas","mass","Brain_Mass_mass_or_volume","g",54.8,54.8,2,2,0,FALSE,"Boddy; Burger","secondary","mass_or_volume_mixed",54.8,54.8
"Capra hircus","mass","Brain_Mass_mass_or_volume","g",115,115,1,1,0,FALSE,"Burger","secondary","mass_or_volume_mixed",115,115
"Capra hircus","mass","Brain_Mass_measured","g",105,105,2,2,1,TRUE,"Brodmann; Lewitus","primary; secondary","mass_fresh; mass_unspecified",105,106
"Capra hircus domestica","mass","Brain_Mass_measured","g",106,106,1,1,0,FALSE,"Lewitus","secondary","mass_unspecified",106,106
"Capreolus capreolus","mass","Brain_Mass_mass_or_volume","g",92.7,92.7,1,1,0,FALSE,"Burger","secondary","mass_or_volume_mixed",92.7,92.7
"Caracal caracal","mass","Brain_Mass_mass_or_volume","g",51.9,51.9,1,1,0,FALSE,"Burger","secondary","mass_or_volume_mixed",51.9,51.9
"Caracal caracal","mass","Brain_Mass_measured","g",55.3,55.3,2,1,0,FALSE,"Jacobs","info","mass_specimen",55.3,55.3
"Cardioderma cor","mass","Brain_Mass_mass_or_volume","g",0.6725,0.6725,1,1,0,FALSE,"Burger","secondary","mass_or_volume_mixed",0.6725,0.6725
"Cardioderma cor","mass","Brain_Mass_measured","g",0.6768,0.6768,4,1,0,FALSE,"Zilles","secondary","mass_fresh",0.657,0.695
"Carollia castanea","mass","Brain_Mass_mass_or_volume","g",0.4485,0.4485,1,1,0,FALSE,"Burger","secondary","mass_or_volume_mixed",0.4485,0.4485
"Carollia castanea","mass","Brain_Mass_measured","g",0.4436,0.4436,5,1,0,FALSE,"Zilles","secondary","mass_fresh",0.416,0.467
"Carollia perspicillata","mass","Brain_Mass_mass_or_volume","g",0.4893,0.4893,2,2,0,FALSE,"Boddy; Burger","secondary","mass_or_volume_mixed",0.47,0.5087
"Carollia perspicillata","mass","Brain_Mass_measured","g",0.52,0.52,3,1,0,FALSE,"Zilles","secondary","mass_fresh",0.51,0.54
"Casinycteris argynnis","mass","Brain_Mass_mass_or_volume","g",0.8924,0.8924,2,2,0,FALSE,"Boddy; Burger","secondary","mass_or_volume_mixed",0.8648,0.92
"Casinycteris argynnis","mass","Brain_Mass_measured","g",0.8438,0.8438,4,1,0,FALSE,"Zilles","secondary","mass_fresh",0.736,0.95
"Castor canadensis","mass","Brain_Mass_mass_or_volume","g",52.21,52.21,2,2,0,FALSE,"Boddy; Burger","secondary","mass_or_volume_mixed",52.21,52.21
"Castor canadensis","mass","Brain_Mass_measured","g",41.1683,41.1683,2,1,0,FALSE,"Lewitus","secondary","mass_fresh; mass_unspecified",41.1667,41.17
"Castor fiber","mass","Brain_Mass_mass_or_volume","g",44.978,44.978,1,1,0,FALSE,"Burger","secondary","mass_or_volume_mixed",44.978,44.978
"Cat (Felis domestica)","mass","Brain_Mass_measured","g",32,32,1,1,0,FALSE,"Krompecher","secondary","mass_unspecified",32,32
"Catopuma temminckii","mass","Brain_Mass_mass_or_volume","g",68.03,68.03,1,1,0,FALSE,"Burger","secondary","mass_or_volume_mixed",68.03,68.03
"Cavia aperea","mass","Brain_Mass_mass_or_volume","g",4.0375,4.0375,2,2,0,FALSE,"Boddy; Burger","secondary","mass_or_volume_mixed",4.035,4.04
"Cavia cobaya f.d.","mass","Brain_Mass_measured","g",3.78,3.78,1,1,0,FALSE,"Zilles","secondary","mass_fresh",3.78,3.78
"Cavia porcellus","mass","Brain_Mass_excl_olfactory_bulb","g",3.656,3.656,1,1,1,TRUE,"HerculanoHouzel","primary","mass_excl_olfactory_bulb",3.656,3.656
"Cavia porcellus","mass","Brain_Mass_mass_or_volume","g",3.656,3.656,3,3,1,TRUE,"Boddy; Burger; HerculanoHouzel","primary; secondary","mass_or_volume_mixed",3.656,4.8333
"Cavia porcellus","mass","Brain_Mass_measured","g",4,4,1,1,0,FALSE,"Garwicz","secondary","mass_compilation_unspecified",4,4
"Cebus albifrons","mass","Brain_Mass_mass_or_volume","g",62.2696,62.95,8,3,0,FALSE,"Boddy; Burger; DeCasien","secondary","mass_or_volume_mixed",51.5,71
"Cebus albifrons","mass","Brain_Mass_measured","g",75.0333,75.0333,9,3,2,TRUE,"Lewitus; Stephan_collection; Zilles","primary; secondary","mass_fresh; mass_unspecified",71,80
"Cebus capucinus","mass","Brain_Mass_mass_or_volume","g",68.3515,70.135,33,3,0,FALSE,"Boddy; Burger; DeCasien","secondary","mass_or_volume_mixed",47,79
"Cebus libidinosus","mass","Brain_Mass_mass_or_volume","g",64.6854,64.6854,1,1,0,FALSE,"Burger","secondary","mass_or_volume_mixed",64.6854,64.6854
"Cebus nigritus","mass","Brain_Mass_mass_or_volume","g",59.858,59.858,3,2,0,FALSE,"Burger; DeCasien","secondary","mass_or_volume_mixed",48.8,67.066
"Cebus olivaceus","mass","Brain_Mass_mass_or_volume","g",70.2778,72.5,5,3,0,FALSE,"Boddy; Burger; DeCasien","secondary","mass_or_volume_mixed",56,72.5
"Cebus xanthosternos","mass","Brain_Mass_mass_or_volume","g",66.0874,66.0874,1,1,0,FALSE,"Burger","secondary","mass_or_volume_mixed",66.0874,66.0874
"Cephalophus dorsalis","mass","Brain_Mass_mass_or_volume","g",92.897,92.897,1,1,0,FALSE,"Burger","secondary","mass_or_volume_mixed",92.897,92.897
"Cephalophus leucogaster","mass","Brain_Mass_mass_or_volume","g",93,93,1,1,0,FALSE,"Burger","secondary","mass_or_volume_mixed",93,93
"Cephalophus natalensis","mass","Brain_Mass_mass_or_volume","g",84.1,84.1,1,1,0,FALSE,"Burger","secondary","mass_or_volume_mixed",84.1,84.1
"Cephalophus nigrifrons","mass","Brain_Mass_mass_or_volume","g",85,85,1,1,0,FALSE,"Burger","secondary","mass_or_volume_mixed",85,85
"Cephalophus silvicultor","mass","Brain_Mass_mass_or_volume","g",170,170,1,1,0,FALSE,"Burger","secondary","mass_or_volume_mixed",170,170
"Cephalophus zebra","mass","Brain_Mass_mass_or_volume","g",83,83,1,1,0,FALSE,"Burger","secondary","mass_or_volume_mixed",83,83
"Cephalorhynchus commersonii","mass","Brain_Mass_mass_or_volume","g",725,725,1,1,0,FALSE,"Burger","secondary","mass_or_volume_mixed",725,725
"Cephalorhynchus heavisidii","mass","Brain_Mass_mass_or_volume","g",763,763,1,1,0,FALSE,"Burger","secondary","mass_or_volume_mixed",763,763
"Ceratotherium simum","mass","Brain_Mass_mass_or_volume","g",643,643,1,1,0,FALSE,"Burger","secondary","mass_or_volume_mixed",643,643
"Cercartetus caudatus","mass","Brain_Mass_mass_or_volume","g",0.71,0.71,1,1,0,FALSE,"Burger","secondary","mass_or_volume_mixed",0.71,0.71
"Cercartetus concinnus","mass","Brain_Mass_mass_or_volume","g",0.3054,0.3054,2,2,0,FALSE,"Boddy; Burger","secondary","mass_or_volume_mixed",0.3,0.3108
"Cercartetus lepidus","mass","Brain_Mass_mass_or_volume","g",0.3665,0.3665,2,2,0,FALSE,"Boddy; Burger","secondary","mass_or_volume_mixed",0.36,0.373
"Cercartetus nanus","mass","Brain_Mass_mass_or_volume","g",0.43,0.43,1,1,0,FALSE,"Burger","secondary","mass_or_volume_mixed",0.43,0.43
"Cercocebus agilis","mass","Brain_Mass_mass_or_volume","g",95.3,95.3,3,3,0,FALSE,"Boddy; Burger; DeCasien","secondary","mass_or_volume_mixed",95.3,95.3
"Cercocebus agilis","mass","Brain_Mass_measured","g",95.3,95.3,1,1,1,TRUE,"Zilles","primary","mass_unspecified",95.3,95.3
"Cercocebus atys","mass","Brain_Mass_mass_or_volume","g",94.424,94.424,15,2,0,FALSE,"Burger; DeCasien","secondary","mass_or_volume_mixed",85,130.5
"Cercocebus galeritus","mass","Brain_Mass_mass_or_volume","g",99.0704,99.0704,1,1,0,FALSE,"Burger","secondary","mass_or_volume_mixed",99.0704,99.0704
"Cercocebus torquatus","mass","Brain_Mass_mass_or_volume","g",105.9883,105.9883,1,1,0,FALSE,"Burger","secondary","mass_or_volume_mixed",105.9883,105.9883
"Cercopithecus albogularis","mass","Brain_Mass_mass_or_volume","g",66.0499,66.0499,2,2,0,FALSE,"Burger; DeCasien","secondary","mass_or_volume_mixed",62,70.0998
"Cercopithecus ascanius","mass","Brain_Mass_mass_or_volume","g",60.95,60.95,2,2,0,FALSE,"Burger; DeCasien","secondary","mass_or_volume_mixed",54.9,67
"Cercopithecus ascanius","mass","Brain_Mass_measured","g",66,66,11,3,1,TRUE,"Jacobs; Stephan_collection; Zilles","info; primary; secondary","mass_fresh; mass_specimen; mass_unspecified",56.6,67
"Cercopithecus campbelli","mass","Brain_Mass_mass_or_volume","g",54.4,54.4,1,1,0,FALSE,"Burger","secondary","mass_or_volume_mixed",54.4,54.4
"Cercopithecus cephus","mass","Brain_Mass_mass_or_volume","g",72.9167,76,4,3,0,FALSE,"Boddy; Burger; DeCasien","secondary","mass_or_volume_mixed",57.5,76
"Cercopithecus diana","mass","Brain_Mass_mass_or_volume","g",55.2,55.2,1,1,0,FALSE,"Burger","secondary","mass_or_volume_mixed",55.2,55.2
"Cercopithecus doggetti","mass","Brain_Mass_mass_or_volume","g",65.3565,65.3565,1,1,0,FALSE,"Burger","secondary","mass_or_volume_mixed",65.3565,65.3565
"Cercopithecus erythrotis","mass","Brain_Mass_mass_or_volume","g",65.4,65.4,1,1,0,FALSE,"Burger","secondary","mass_or_volume_mixed",65.4,65.4
"Cercopithecus hamlyni","mass","Brain_Mass_mass_or_volume","g",65.9,65.9,1,1,0,FALSE,"Burger","secondary","mass_or_volume_mixed",65.9,65.9
"Cercopithecus lhoesti","mass","Brain_Mass_mass_or_volume","g",74.2,74.2,1,1,0,FALSE,"Burger","secondary","mass_or_volume_mixed",74.2,74.2
"Cercopithecus lowei","mass","Brain_Mass_mass_or_volume","g",51.2,51.2,1,1,0,FALSE,"Burger","secondary","mass_or_volume_mixed",51.2,51.2
"Cercopithecus mitis","mass","Brain_Mass_mass_or_volume","g",74.4333,75,4,3,0,FALSE,"Boddy; Burger; DeCasien","secondary","mass_or_volume_mixed",71.6,75
"Cercopithecus mitis","mass","Brain_Mass_measured","g",74.4,74.4,8,3,2,TRUE,"Lewitus; Stephan_collection; Zilles","primary; secondary","mass_fresh; mass_unspecified",67,76
"Cercopithecus mona","mass","Brain_Mass_mass_or_volume","g",64.7778,67,5,3,0,FALSE,"Boddy; Burger; DeCasien","secondary","mass_or_volume_mixed",53,67
"Cercopithecus neglectus","mass","Brain_Mass_mass_or_volume","g",60.9,60.9,1,1,0,FALSE,"Burger","secondary","mass_or_volume_mixed",60.9,60.9
"Cercopithecus nictitans","mass","Brain_Mass_mass_or_volume","g",68.5875,68.5875,3,2,0,FALSE,"Burger; DeCasien","secondary","mass_or_volume_mixed",57.1,75
"Cercopithecus petaurista","mass","Brain_Mass_mass_or_volume","g",55.0766,55.0766,1,1,0,FALSE,"Burger","secondary","mass_or_volume_mixed",55.0766,55.0766
"Cercopithecus pogonias","mass","Brain_Mass_mass_or_volume","g",59.5648,59.5648,1,1,0,FALSE,"Burger","secondary","mass_or_volume_mixed",59.5648,59.5648
"Cercopithecus sp.","mass","Brain_Mass_mass_or_volume","g",54.394,54.394,9,1,0,FALSE,"DeCasien","secondary","mass_or_volume_mixed",37.296,66.6
"Cercopithecus sp.","mass","Brain_Mass_measured","g",106,106,1,1,1,TRUE,"Brodmann","primary","mass_unspecified",106,106
"Cercopithecus wolfi","mass","Brain_Mass_mass_or_volume","g",61.45,61.45,1,1,0,FALSE,"Burger","secondary","mass_or_volume_mixed",61.45,61.45
"Cerdocyon thous","mass","Brain_Mass_mass_or_volume","g",49.5,49.5,1,1,0,FALSE,"Burger","secondary","mass_or_volume_mixed",49.5,49.5
"Cerkof monkey (Macacus sinicus)","mass","Brain_Mass_measured","g",67.5,67.5,1,1,0,FALSE,"Krompecher","secondary","mass_unspecified",67.5,67.5
"Ceropithecus sp.","mass","Brain_Mass_mass_or_volume","g",52.4,52.4,2,1,0,FALSE,"DeCasien","secondary","mass_or_volume_mixed",51,53.8
"Cervus canadensis","mass","Brain_Mass_measured","g",435,435,1,1,0,FALSE,"Garwicz","secondary","mass_compilation_unspecified",435,435
"Cervus elaphus","mass","Brain_Mass_mass_or_volume","g",409.3,409.3,2,2,0,FALSE,"Boddy; Burger","secondary","mass_or_volume_mixed",409.3,409.3
"Cervus nippon","mass","Brain_Mass_mass_or_volume","g",200,200,1,1,0,FALSE,"Burger","secondary","mass_or_volume_mixed",200,200
"Chaerephon jobensis","mass","Brain_Mass_mass_or_volume","g",0.36,0.36,1,1,0,FALSE,"Burger","secondary","mass_or_volume_mixed",0.36,0.36
"Chaerephon plicatus","mass","Brain_Mass_mass_or_volume","g",0.385,0.385,1,1,0,FALSE,"Burger","secondary","mass_or_volume_mixed",0.385,0.385
"Chaerephon pumila","mass","Brain_Mass_mass_or_volume","g",0.29,0.29,1,1,0,FALSE,"Boddy","secondary","mass_or_volume_mixed",0.29,0.29
"Chaeropus ecaudatus","mass","Brain_Mass_mass_or_volume","g",2.4,2.4,1,1,0,FALSE,"Burger","secondary","mass_or_volume_mixed",2.4,2.4
"Chaetodipus baileyi","mass","Brain_Mass_mass_or_volume","g",0.7009,0.7009,2,2,0,FALSE,"Boddy; Burger","secondary","mass_or_volume_mixed",0.7,0.7017
"Chaetodipus californicus","mass","Brain_Mass_mass_or_volume","g",0.6208,0.6208,2,2,0,FALSE,"Boddy; Burger","secondary","mass_or_volume_mixed",0.62,0.6216
"Chaetodipus fallax","mass","Brain_Mass_mass_or_volume","g",0.5394,0.5394,2,2,0,FALSE,"Boddy; Burger","secondary","mass_or_volume_mixed",0.5387,0.54
"Chaetodipus formosus","mass","Brain_Mass_mass_or_volume","g",0.4914,0.4914,2,2,0,FALSE,"Boddy; Burger","secondary","mass_or_volume_mixed",0.49,0.4927
"Chaetodipus hispidus","mass","Brain_Mass_mass_or_volume","g",0.6809,0.6809,2,2,0,FALSE,"Boddy; Burger","secondary","mass_or_volume_mixed",0.68,0.6819
"Chaetodipus penicillatus","mass","Brain_Mass_mass_or_volume","g",0.4615,0.4615,2,2,0,FALSE,"Boddy; Burger","secondary","mass_or_volume_mixed",0.46,0.4629
"Chaetodipus spinatus","mass","Brain_Mass_mass_or_volume","g",0.4783,0.4783,2,2,0,FALSE,"Boddy; Burger","secondary","mass_or_volume_mixed",0.4766,0.48
"Chaetophractus villosus","mass","Brain_Mass_mass_or_volume","g",16.4,16.4,1,1,0,FALSE,"Burger","secondary","mass_or_volume_mixed",16.4,16.4
"Chalinolobus gouldi","mass","Brain_Mass_measured","g",0.2455,0.2455,2,1,0,FALSE,"Zilles","secondary","mass_fresh",0.239,0.252
"Chalinolobus gouldii","mass","Brain_Mass_mass_or_volume","g",0.24,0.24,1,1,0,FALSE,"Burger","secondary","mass_or_volume_mixed",0.24,0.24
"Chalinolobus morio","mass","Brain_Mass_mass_or_volume","g",0.1845,0.1845,1,1,0,FALSE,"Burger","secondary","mass_or_volume_mixed",0.1845,0.1845
"Chalinolobus morio","mass","Brain_Mass_measured","g",0.1825,0.1825,2,1,0,FALSE,"Zilles","secondary","mass_fresh",0.18,0.185
"Cheirogaleus adipicaudatus","mass","Brain_Mass_mass_or_volume","g",3.0374,3.0374,1,1,0,FALSE,"Burger","secondary","mass_or_volume_mixed",3.0374,3.0374
"Cheirogaleus major","mass","Brain_Mass_mass_or_volume","g",6.8,6.8,3,3,0,FALSE,"Boddy; Burger; DeCasien","secondary","mass_or_volume_mixed",6.8,6.8
"Cheirogaleus major","mass","Brain_Mass_measured","g",6.8,6.8,12,3,1,TRUE,"Lewitus; Stephan_collection; Zilles","primary; secondary","mass_fresh; mass_unspecified",6.4,8.21
"Cheirogaleus medius","mass","Brain_Mass_mass_or_volume","g",3.3433,3.3433,5,3,0,FALSE,"Boddy; Burger; DeCasien","secondary","mass_or_volume_mixed",3.14,3.6
"Cheirogaleus medius","mass","Brain_Mass_measured","g",3.14,3.14,8,3,1,TRUE,"Lewitus; Stephan_collection; Zilles","primary; secondary","mass_fresh; mass_unspecified",2.98,3.23
"Cheirogaleus sibreei","mass","Brain_Mass_mass_or_volume","g",4.4,4.4,1,1,0,FALSE,"Burger","secondary","mass_or_volume_mixed",4.4,4.4
"Cheirogaleus sp.","mass","Brain_Mass_measured","g",5.3,5.3,1,1,1,TRUE,"Brodmann","primary","mass_unspecified",5.3,5.3
"Cheiromeles torquatus","mass","Brain_Mass_mass_or_volume","g",1.366,1.366,1,1,0,FALSE,"Burger","secondary","mass_or_volume_mixed",1.366,1.366
"Cheiromeles torquatus","mass","Brain_Mass_measured","g",1.385,1.385,3,1,0,FALSE,"Zilles","secondary","mass_fresh",1.355,1.43
"Chimp I","mass","Brain_Mass_from_volume_or_ecv","g",345.95,345.95,1,1,1,TRUE,"Weaver","primary","mass_from_volume_or_ecv",345.95,345.95
"Chinchilla lanigera","mass","Brain_Mass_mass_or_volume","g",6.8,6.8,1,1,0,FALSE,"Burger","secondary","mass_or_volume_mixed",6.8,6.8
"Chiroderma salvini","mass","Brain_Mass_mass_or_volume","g",0.787,0.787,1,1,0,FALSE,"Burger","secondary","mass_or_volume_mixed",0.787,0.787
"Chiroderma salvini","mass","Brain_Mass_measured","g",0.8138,0.8138,4,1,0,FALSE,"Zilles","secondary","mass_fresh",0.74,0.931
"Chiroderma trinitatum","mass","Brain_Mass_mass_or_volume","g",0.537,0.537,1,1,0,FALSE,"Burger","secondary","mass_or_volume_mixed",0.537,0.537
"Chiroderma trinitatum","mass","Brain_Mass_measured","g",0.537,0.537,2,1,0,FALSE,"Zilles","secondary","mass_fresh",0.515,0.559
"Chiroderma villosum","mass","Brain_Mass_mass_or_volume","g",0.706,0.706,1,1,0,FALSE,"Burger","secondary","mass_or_volume_mixed",0.706,0.706
"Chiroderma villosum","mass","Brain_Mass_measured","g",0.7057,0.7057,3,1,0,FALSE,"Zilles","secondary","mass_fresh",0.703,0.708
"Chiroderma villosum ssp.","mass","Brain_Mass_measured","g",0.835,0.835,1,1,0,FALSE,"Zilles","secondary","mass_fresh",0.835,0.835
"Chironax melanocephalus","mass","Brain_Mass_mass_or_volume","g",0.612,0.612,1,1,0,FALSE,"Burger","secondary","mass_or_volume_mixed",0.612,0.612
"Chironax melanocephalus","mass","Brain_Mass_measured","g",0.612,0.612,3,1,0,FALSE,"Zilles","secondary","mass_fresh",0.605,0.625
"Chironectes minimus","mass","Brain_Mass_mass_or_volume","g",5.54,5.54,1,1,0,FALSE,"Burger","secondary","mass_or_volume_mixed",5.54,5.54
"Chiropodomys gliroides","mass","Brain_Mass_mass_or_volume","g",0.7,0.7,2,2,0,FALSE,"Boddy; Burger","secondary","mass_or_volume_mixed",0.7,0.7
"Chiropotes chiropotes","mass","Brain_Mass_mass_or_volume","g",57.043,57.043,1,1,0,FALSE,"Burger","secondary","mass_or_volume_mixed",57.043,57.043
"Chiropotes israelita","mass","Brain_Mass_mass_or_volume","g",55.1348,55.1348,1,1,0,FALSE,"Burger","secondary","mass_or_volume_mixed",55.1348,55.1348
"Chiropotes satanas","mass","Brain_Mass_mass_or_volume","g",44.5152,44.5152,2,2,0,FALSE,"Burger; DeCasien","secondary","mass_or_volume_mixed",40.7,48.3303
"Chlorocebus aethiops","mass","Brain_Mass_mass_or_volume","g",59.4733,64.13,8,3,0,FALSE,"Boddy; Burger; DeCasien","secondary","mass_or_volume_mixed",0,72
"Chlorocebus aethiops","mass","Brain_Mass_measured","g",36.54,36.54,1,1,1,TRUE,"Nudo","primary","mass_unspecified",36.54,36.54
"Chlorocebus cynosuros","mass","Brain_Mass_mass_or_volume","g",71.125,71.125,3,2,0,FALSE,"Burger; DeCasien","secondary","mass_or_volume_mixed",68.5,72
"Chlorocebus pygerythrus","mass","Brain_Mass_mass_or_volume","g",62.5774,62.5774,1,1,0,FALSE,"Burger","secondary","mass_or_volume_mixed",62.5774,62.5774
"Chlorocebus pygerythrus","mass","Brain_Mass_measured","g",71.8,71.8,2,1,0,FALSE,"Jacobs","info","mass_specimen",71.8,71.8
"Chlorocebus sabaeus","mass","Brain_Mass_mass_or_volume","g",65.0393,65.0393,14,2,0,FALSE,"Burger; DeCasien","secondary","mass_or_volume_mixed",50,81.5
"Chlorotalpa leucorhina","mass","Brain_Mass_measured","g",0.52,0.52,1,1,0,FALSE,"Zilles","secondary","mass_fresh",0.52,0.52
"Choeroniscus godmani","mass","Brain_Mass_mass_or_volume","g",0.34,0.34,1,1,0,FALSE,"Burger","secondary","mass_or_volume_mixed",0.34,0.34
"Choeroniscus godmani","mass","Brain_Mass_measured","g",0.34,0.34,1,1,0,FALSE,"Zilles","secondary","mass_fresh",0.34,0.34
"Choeroniscus minor","mass","Brain_Mass_mass_or_volume","g",0.389,0.389,1,1,0,FALSE,"Burger","secondary","mass_or_volume_mixed",0.389,0.389
"Choeroniscus minor","mass","Brain_Mass_measured","g",0.389,0.389,1,1,0,FALSE,"Zilles","secondary","mass_fresh",0.389,0.389
"Choloepus didactylus","mass","Brain_Mass_mass_or_volume","g",28.2,28.2,2,2,0,FALSE,"Boddy; Burger","secondary","mass_or_volume_mixed",28.2,28.2
"Choloepus didactylus","mass","Brain_Mass_measured","g",36,36,3,2,1,TRUE,"Karl; Lewitus","primary; secondary","mass_fresh; mass_specimen; mass_unspecified",7.7,36
"Choloepus hoffmanni","mass","Brain_Mass_mass_or_volume","g",24.5375,24.5375,2,2,0,FALSE,"Boddy; Burger","secondary","mass_or_volume_mixed",24.535,24.54
"Chrotopterus auritus","mass","Brain_Mass_mass_or_volume","g",1.74,1.74,1,1,0,FALSE,"Burger","secondary","mass_or_volume_mixed",1.74,1.74
"Chrysochloris asiatica","mass","Brain_Mass_mass_or_volume","g",0.7,0.7,2,2,0,FALSE,"Boddy; Burger","secondary","mass_or_volume_mixed",0.7,0.7
"Chrysochloris asiatica","mass","Brain_Mass_measured","g",0.7,0.7,2,2,1,TRUE,"Stephan_collection; Zilles","primary; secondary","mass_fresh",0.7,0.7
"Chrysochloris stuhlmanni","mass","Brain_Mass_mass_or_volume","g",1.0575,1.0575,2,2,0,FALSE,"Boddy; Burger","secondary","mass_or_volume_mixed",1.055,1.06
"Chrysochloris stuhlmanni","mass","Brain_Mass_measured","g",0.74,0.74,9,2,1,TRUE,"Stephan_collection; Zilles","primary; secondary","mass_fresh",0.68,0.82
"Chrysocyon brachyurus","mass","Brain_Mass_mass_or_volume","g",120.3,120.3,1,1,0,FALSE,"Burger","secondary","mass_or_volume_mixed",120.3,120.3
"Civettictis civetta","mass","Brain_Mass_mass_or_volume","g",37,37,1,1,0,FALSE,"Burger","secondary","mass_or_volume_mixed",37,37
"Clethrionomys gapperi","mass","Brain_Mass_mass_or_volume","g",0.56,0.56,1,1,0,FALSE,"Boddy","secondary","mass_or_volume_mixed",0.56,0.56
"Clethrionomys glareolus","mass","Brain_Mass_mass_or_volume","g",0.52,0.52,1,1,0,FALSE,"Boddy","secondary","mass_or_volume_mixed",0.52,0.52
"Clethrionomys glareolus","mass","Brain_Mass_measured","g",0.54,0.54,1,1,0,FALSE,"Zilles","secondary","mass_fresh",0.54,0.54
"Clethrionomys rufocanus","mass","Brain_Mass_mass_or_volume","g",0.61,0.61,1,1,0,FALSE,"Boddy","secondary","mass_or_volume_mixed",0.61,0.61
"Clethrionomys rutilus","mass","Brain_Mass_mass_or_volume","g",0.56,0.56,1,1,0,FALSE,"Boddy","secondary","mass_or_volume_mixed",0.56,0.56
"Clyomys laticeps","mass","Brain_Mass_mass_or_volume","g",3.52,3.52,1,1,0,FALSE,"Burger","secondary","mass_or_volume_mixed",3.52,3.52
"Cock (Gallus domest.)","mass","Brain_Mass_measured","g",7.59,7.59,2,1,0,FALSE,"Krompecher","secondary","mass_unspecified",3.68,11.5
"Coendou prehensilis","mass","Brain_Mass_mass_or_volume","g",16.73,16.73,1,1,0,FALSE,"Burger","secondary","mass_or_volume_mixed",16.73,16.73
"Coendou rothschildi","mass","Brain_Mass_mass_or_volume","g",20.85,20.85,1,1,0,FALSE,"Burger","secondary","mass_or_volume_mixed",20.85,20.85
"Coleura afra","mass","Brain_Mass_mass_or_volume","g",0.2585,0.2585,1,1,0,FALSE,"Burger","secondary","mass_or_volume_mixed",0.2585,0.2585
"Coleura afra","mass","Brain_Mass_measured","g",0.259,0.259,3,1,0,FALSE,"Zilles","secondary","mass_fresh",0.258,0.261
"Colobus angolensis","mass","Brain_Mass_mass_or_volume","g",74.4,74.4,3,3,0,FALSE,"Boddy; Burger; DeCasien","secondary","mass_or_volume_mixed",74.4,74.4
"Colobus angolensis","mass","Brain_Mass_measured","g",74.4,74.4,2,1,1,TRUE,"Zilles","primary; secondary","mass_unspecified",74.4,74.4
"Colobus guereza","mass","Brain_Mass_mass_or_volume","g",83.9,83.9,3,3,0,FALSE,"Boddy; Burger; DeCasien","secondary","mass_or_volume_mixed",83.9,83.9
"Colobus polykomos","mass","Brain_Mass_mass_or_volume","g",70.2,70.2,1,1,0,FALSE,"Burger","secondary","mass_or_volume_mixed",70.2,70.2
"Colobus satanas","mass","Brain_Mass_mass_or_volume","g",74.9,74.9,1,1,0,FALSE,"Burger","secondary","mass_or_volume_mixed",74.9,74.9
"Colobus sp.","mass","Brain_Mass_mass_or_volume","g",81.2,81.2,1,1,0,FALSE,"DeCasien","secondary","mass_or_volume_mixed",81.2,81.2
"Colobus vellerosus","mass","Brain_Mass_mass_or_volume","g",73.0708,73.0708,1,1,0,FALSE,"Burger","secondary","mass_or_volume_mixed",73.0708,73.0708
"Colomys goslingi","mass","Brain_Mass_measured","g",1.351,1.351,1,1,0,FALSE,"Zilles","secondary","mass_fresh",1.351,1.351
"Columba livia","mass","Brain_Mass_measured","g",2.0951,2.0951,1,1,1,TRUE,"Olkowicz","primary","mass_fixed",2.0951,2.0951
"Condylura cristata","mass","Brain_Mass_excl_olfactory_bulb","g",0.802,0.802,1,1,1,TRUE,"HerculanoHouzel","primary","mass_excl_olfactory_bulb",0.802,0.802
"Condylura cristata","mass","Brain_Mass_mass_or_volume","g",0.802,0.802,3,3,1,TRUE,"Boddy; Burger; HerculanoHouzel","primary; secondary","mass_or_volume_mixed",0.802,1.37
"Condylura cristata","mass","Brain_Mass_measured","g",1.077,1.077,1,1,1,TRUE,"Changizi","primary","mass_compilation_unspecified",1.077,1.077
"Conepatus chinga","mass","Brain_Mass_mass_or_volume","g",18.7,18.7,1,1,0,FALSE,"Burger","secondary","mass_or_volume_mixed",18.7,18.7
"Conepatus humboldtii","mass","Brain_Mass_mass_or_volume","g",12.6,12.6,1,1,0,FALSE,"Burger","secondary","mass_or_volume_mixed",12.6,12.6
"Conepatus leuconotus","mass","Brain_Mass_mass_or_volume","g",14.4,14.4,1,1,0,FALSE,"Burger","secondary","mass_or_volume_mixed",14.4,14.4
"Connochaetes taurinus","mass","Brain_Mass_mass_or_volume","g",443,443,2,2,0,FALSE,"Boddy; Burger","secondary","mass_or_volume_mixed",443,443
"Cormura brevirostris","mass","Brain_Mass_mass_or_volume","g",0.219,0.219,1,1,0,FALSE,"Burger","secondary","mass_or_volume_mixed",0.219,0.219
"Cormura brevirostris","mass","Brain_Mass_measured","g",0.2193,0.2193,3,1,0,FALSE,"Zilles","secondary","mass_fresh",0.211,0.226
"Corvus corax","mass","Brain_Mass_measured","g",14.1351,14.1351,1,1,1,TRUE,"Olkowicz","primary","mass_fixed",14.1351,14.1351
"Corvus frugilegus","mass","Brain_Mass_measured","g",8.3571,8.3571,1,1,1,TRUE,"Olkowicz","primary","mass_fixed",8.3571,8.3571
"Corvus mondeula","mass","Brain_Mass_measured","g",6.0233,6.0233,1,1,1,TRUE,"Olkowicz","primary","mass_fixed",6.0233,6.0233
"Craseonycteris thonglongyai","mass","Brain_Mass_mass_or_volume","g",0.087,0.087,1,1,0,FALSE,"Burger","secondary","mass_or_volume_mixed",0.087,0.087
"Craseonycteris thonglongyai","mass","Brain_Mass_measured","g",0.0855,0.0855,2,1,0,FALSE,"Zilles","secondary","mass_fresh",0.082,0.089
"Cratogeomys fumosus","mass","Brain_Mass_mass_or_volume","g",4.19,4.19,1,1,0,FALSE,"Burger","secondary","mass_or_volume_mixed",4.19,4.19
"Cremnomys cutchicus","mass","Brain_Mass_mass_or_volume","g",1.67,1.67,1,1,0,FALSE,"Burger","secondary","mass_or_volume_mixed",1.67,1.67
"Cricetomys gambianus","mass","Brain_Mass_mass_or_volume","g",6.57,6.57,2,2,0,FALSE,"Boddy; Burger","secondary","mass_or_volume_mixed",6.57,6.57
"Cricetulus barabensis","mass","Brain_Mass_mass_or_volume","g",0.6699,0.6699,1,1,0,FALSE,"Burger","secondary","mass_or_volume_mixed",0.6699,0.6699
"Cricetus cricetus","mass","Brain_Mass_mass_or_volume","g",2.2,2.2,2,2,0,FALSE,"Boddy; Burger","secondary","mass_or_volume_mixed",2.2,2.2
"Cro-Magnon","mass","Brain_Mass_from_volume_or_ecv","g",1477.34,1477.34,1,1,1,TRUE,"Weaver","primary","mass_from_volume_or_ecv",1477.34,1477.34
"Crocidura attenuata","mass","Brain_Mass_measured","g",0.209,0.209,1,1,0,FALSE,"Zilles","secondary","mass_fresh",0.209,0.209
"Crocidura flavescens","mass","Brain_Mass_measured","g",0.44,0.44,14,3,1,TRUE,"Lewitus; Stephan_collection; Zilles","primary; secondary","mass_fresh; mass_unspecified",0.41,0.48
"Crocidura fuscomurina","mass","Brain_Mass_mass_or_volume","g",0.13,0.13,2,2,0,FALSE,"Boddy; Burger","secondary","mass_or_volume_mixed",0.13,0.13
"Crocidura hildegardeae","mass","Brain_Mass_measured","g",0.215,0.215,4,1,0,FALSE,"Zilles","secondary","mass_fresh",0.195,0.24
"Crocidura jacksoni","mass","Brain_Mass_measured","g",0.25,0.25,1,1,0,FALSE,"Zilles","secondary","mass_fresh",0.25,0.25
"Crocidura russala","mass","Brain_Mass_measured","g",0.19,0.19,1,1,0,FALSE,"Lewitus","secondary","mass_unspecified",0.19,0.19
"Crocidura russula","mass","Brain_Mass_mass_or_volume","g",0.19,0.19,2,2,0,FALSE,"Boddy; Burger","secondary","mass_or_volume_mixed",0.19,0.19
"Crocidura russula","mass","Brain_Mass_measured","g",0.19,0.19,11,2,1,TRUE,"Stephan_collection; Zilles","primary; secondary","mass_fresh",0.17,0.21
"Crocidura suaveolens","mass","Brain_Mass_measured","g",0.189,0.189,3,1,0,FALSE,"Zilles","secondary","mass_fresh",0.181,0.196
"Crocuta crocuta","mass","Brain_Mass_mass_or_volume","g",175,175,2,2,0,FALSE,"Boddy; Burger","secondary","mass_or_volume_mixed",175,175
"Crocuta crocuta","mass","Brain_Mass_measured","g",153.2675,153.2675,2,1,0,FALSE,"Lewitus","secondary","mass_fresh; mass_unspecified",153.265,153.27
"Crossarchus obscurus","mass","Brain_Mass_mass_or_volume","g",9.99,9.99,1,1,0,FALSE,"Burger","secondary","mass_or_volume_mixed",9.99,9.99
"Cryptomys hottentotus","mass","Brain_Mass_mass_or_volume","g",1.17,1.17,2,2,0,FALSE,"Boddy; Burger","secondary","mass_or_volume_mixed",1.17,1.17
"Cryptomys hottentotus","mass","Brain_size_sum_of_structures","g",0.85,0.85,1,1,0,FALSE,"Kverkova","secondary","sum_of_structure_volumes",0.85,0.85
"Cryptomys hottentotus natalensis","mass","Brain_size_sum_of_structures","g",1.24,1.24,1,1,0,FALSE,"Kverkova","secondary","sum_of_structure_volumes",1.24,1.24
"Cryptomys hottentotus pretoriae","mass","Brain_size_sum_of_structures","g",1.35,1.35,1,1,0,FALSE,"Kverkova","secondary","sum_of_structure_volumes",1.35,1.35
"Cryptoprocta ferox","mass","Brain_Mass_mass_or_volume","g",32.1,32.1,1,1,0,FALSE,"Burger","secondary","mass_or_volume_mixed",32.1,32.1
"Cryptotis parva","mass","Brain_Mass_mass_or_volume","g",0.12,0.12,2,2,0,FALSE,"Boddy; Burger","secondary","mass_or_volume_mixed",0.12,0.12
"Cryptotis parva","mass","Brain_Mass_measured","g",0.165,0.165,6,3,2,TRUE,"Finlay; Nudo; Zilles","primary; secondary","mass_compilation_unspecified; mass_fresh; mass_unspecified",0.08,0.25
"Cuniculus paca","mass","Brain_Mass_mass_or_volume","g",35.22,35.22,1,1,0,FALSE,"Burger","secondary","mass_or_volume_mixed",35.22,35.22
"Cuon alpinus","mass","Brain_Mass_mass_or_volume","g",94.6,94.6,1,1,0,FALSE,"Burger","secondary","mass_or_volume_mixed",94.6,94.6
"Cyanopica cyanus","mass","Brain_Mass_measured","g",3.3927,3.3927,1,1,1,TRUE,"Olkowicz","primary","mass_fixed",3.3927,3.3927
"Cyclopes didactylus","mass","Brain_Mass_mass_or_volume","g",4.29,4.29,1,1,0,FALSE,"Burger","secondary","mass_or_volume_mixed",4.29,4.29
"Cynictis penicillata","mass","Brain_Mass_mass_or_volume","g",10.5,10.5,1,1,0,FALSE,"Burger","secondary","mass_or_volume_mixed",10.5,10.5
"Cynictis penicillata","mass","Brain_Mass_measured","g",12.51,12.51,2,1,0,FALSE,"Lewitus","secondary","mass_fresh; mass_unspecified",12.51,12.51
"Cynocephalus sp.","mass","Brain_Mass_mass_or_volume","g",120.6667,120.6667,3,1,0,FALSE,"DeCasien","secondary","mass_or_volume_mixed",103,135
"Cynocephalus volans","mass","Brain_Mass_measured","g",6.2,6.2,1,1,0,FALSE,"Lewitus","secondary","mass_unspecified",6.2,6.2
"Cynocephlus sp.","mass","Brain_Mass_mass_or_volume","g",130,130,1,1,0,FALSE,"DeCasien","secondary","mass_or_volume_mixed",130,130
"Cynogale bennettii","mass","Brain_Mass_mass_or_volume","g",29.96,29.96,1,1,0,FALSE,"Burger","secondary","mass_or_volume_mixed",29.96,29.96
"Cynomops abrasus","mass","Brain_Mass_mass_or_volume","g",0.418,0.418,1,1,0,FALSE,"Burger","secondary","mass_or_volume_mixed",0.418,0.418
"Cynomops greenhalli","mass","Brain_Mass_mass_or_volume","g",0.3,0.3,1,1,0,FALSE,"Burger","secondary","mass_or_volume_mixed",0.3,0.3
"Cynomops planirostris","mass","Brain_Mass_mass_or_volume","g",0.185,0.185,1,1,0,FALSE,"Burger","secondary","mass_or_volume_mixed",0.185,0.185
"Cynomys gunnisoni","mass","Brain_Mass_mass_or_volume","g",5.15,5.15,2,2,0,FALSE,"Boddy; Burger","secondary","mass_or_volume_mixed",5.14,5.16
"Cynomys leucurus","mass","Brain_Mass_mass_or_volume","g",5.73,5.73,2,2,0,FALSE,"Boddy; Burger","secondary","mass_or_volume_mixed",5.69,5.77
"Cynomys ludovicianus","mass","Brain_Mass_mass_or_volume","g",5.85,5.85,2,2,0,FALSE,"Boddy; Burger","secondary","mass_or_volume_mixed",5.69,6.01
"Cynomys mexicanus","mass","Brain_Mass_mass_or_volume","g",5.525,5.525,1,1,0,FALSE,"Burger","secondary","mass_or_volume_mixed",5.525,5.525
"Cynomys parvidens","mass","Brain_Mass_mass_or_volume","g",5.58,5.58,1,1,0,FALSE,"Burger","secondary","mass_or_volume_mixed",5.58,5.58
"Cynomys sp.","mass","Brain_Mass_excl_olfactory_bulb","g",5.321,5.321,1,1,1,TRUE,"HerculanoHouzel","primary","mass_excl_olfactory_bulb",5.321,5.321
"Cynopterus brachyotis","mass","Brain_Mass_mass_or_volume","g",0.9164,0.9164,2,2,0,FALSE,"Boddy; Burger","secondary","mass_or_volume_mixed",0.88,0.9528
"Cynopterus brachyotis","mass","Brain_Mass_measured","g",1.07,1.07,3,1,0,FALSE,"Zilles","secondary","mass_fresh",0.98,1.16
"Cynopterus horsfieldi","mass","Brain_Mass_mass_or_volume","g",1.23,1.23,1,1,0,FALSE,"Boddy","secondary","mass_or_volume_mixed",1.23,1.23
"Cynopterus horsfieldi","mass","Brain_Mass_measured","g",1.3867,1.3867,3,1,0,FALSE,"Zilles","secondary","mass_fresh",1.35,1.45
"Cynopterus horsfieldii","mass","Brain_Mass_mass_or_volume","g",1.3495,1.3495,1,1,0,FALSE,"Burger","secondary","mass_or_volume_mixed",1.3495,1.3495
"Cynopterus sphinx","mass","Brain_Mass_mass_or_volume","g",1.061,1.061,1,1,0,FALSE,"Burger","secondary","mass_or_volume_mixed",1.061,1.061
"Cynopterus sphinx sphinx","mass","Brain_Mass_measured","g",1.2417,1.2417,3,1,0,FALSE,"Zilles","secondary","mass_fresh",1.211,1.275
"Cystophora cristata","mass","Brain_Mass_mass_or_volume","g",455,455,2,2,0,FALSE,"Boddy; Burger","secondary","mass_or_volume_mixed",455,455
"Cyttarops alecto","mass","Brain_Mass_mass_or_volume","g",0.175,0.175,1,1,0,FALSE,"Burger","secondary","mass_or_volume_mixed",0.175,0.175
"Cyttarops alecto","mass","Brain_Mass_measured","g",0.175,0.175,1,1,0,FALSE,"Zilles","secondary","mass_fresh",0.175,0.175
"Dactylopsila palpator","mass","Brain_Mass_mass_or_volume","g",6.91,6.91,1,1,0,FALSE,"Burger","secondary","mass_or_volume_mixed",6.91,6.91
"Dactylopsila tatei","mass","Brain_Mass_mass_or_volume","g",4.45,4.45,1,1,0,FALSE,"Burger","secondary","mass_or_volume_mixed",4.45,4.45
"Dactylopsila trivirgata","mass","Brain_Mass_mass_or_volume","g",5.9349,5.9349,2,2,0,FALSE,"Boddy; Burger","secondary","mass_or_volume_mixed",5.83,6.0399
"Dama dama","mass","Brain_Mass_mass_or_volume","g",224.5,224.5,1,1,0,FALSE,"Burger","secondary","mass_or_volume_mixed",224.5,224.5
"Damaliscus lunatus","mass","Brain_Mass_mass_or_volume","g",290.6,290.6,1,1,0,FALSE,"Burger","secondary","mass_or_volume_mixed",290.6,290.6
"Damaliscus pygargus","mass","Brain_Mass_mass_or_volume","g",254.6,254.6,2,2,0,FALSE,"Boddy; Burger","secondary","mass_or_volume_mixed",254.6,254.6
"Damaliscus pygargus phillipsi","mass","Brain_Mass_excl_olfactory_bulb","g",154.805,154.805,3,2,2,TRUE,"HerculanoHouzel; Kazu","primary","mass_excl_olfactory_bulb",154.718,155.066
"Dasycercus byrnei","mass","Brain_Mass_mass_or_volume","g",1.554,1.554,1,1,0,FALSE,"Boddy","secondary","mass_or_volume_mixed",1.554,1.554
"Dasycercus cristicauda","mass","Brain_Mass_mass_or_volume","g",1.24,1.24,1,1,0,FALSE,"Burger","secondary","mass_or_volume_mixed",1.24,1.24
"Dasykaluta rosamondae","mass","Brain_Mass_mass_or_volume","g",0.54,0.54,1,1,0,FALSE,"Burger","secondary","mass_or_volume_mixed",0.54,0.54
"Dasyprocta leporina","mass","Brain_Mass_mass_or_volume","g",21.26,21.26,2,2,0,FALSE,"Boddy; Burger","secondary","mass_or_volume_mixed",21.26,21.26
"Dasyprocta leporina","mass","Brain_Mass_measured","g",17.2,17.2,1,1,0,FALSE,"Lewitus","secondary","mass_unspecified",17.2,17.2
"Dasyprocta prymnolopha","mass","Brain_Mass_excl_olfactory_bulb","g",17.628,17.628,1,1,1,TRUE,"HerculanoHouzel","primary","mass_excl_olfactory_bulb",17.628,17.628
"Dasyprocta punctata","mass","Brain_Mass_mass_or_volume","g",18.34,18.34,2,2,0,FALSE,"Boddy; Burger","secondary","mass_or_volume_mixed",18.34,18.34
"Dasypus novemcinctus","mass","Brain_Mass_mass_or_volume","g",8.5,8.5,2,2,0,FALSE,"Boddy; Burger","secondary","mass_or_volume_mixed",8.5,8.5
"Dasypus novemcinctus","mass","Brain_Mass_measured","g",7.54,7.54,4,3,1,TRUE,"Garwicz; Lewitus; Nudo","primary; secondary","mass_compilation_unspecified; mass_fresh; mass_unspecified",7.54,12
"Dasypus sp.","mass","Brain_Mass_measured","g",19,19,1,1,1,TRUE,"Brodmann","primary","mass_unspecified",19,19
"Dasyuroides byrnei","mass","Brain_Mass_mass_or_volume","g",1.5,1.5,1,1,0,FALSE,"Burger","secondary","mass_or_volume_mixed",1.5,1.5
"Dasyurus albopunctatus","mass","Brain_Mass_mass_or_volume","g",3.79,3.79,1,1,0,FALSE,"Burger","secondary","mass_or_volume_mixed",3.79,3.79
"Dasyurus geoffroii","mass","Brain_Mass_mass_or_volume","g",5.17,5.17,1,1,0,FALSE,"Burger","secondary","mass_or_volume_mixed",5.17,5.17
"Dasyurus hallucatus","mass","Brain_Mass_mass_or_volume","g",3.4408,3.4408,2,2,0,FALSE,"Boddy; Burger","secondary","mass_or_volume_mixed",3.38,3.5017
"Dasyurus hallucatus","mass","Brain_Mass_measured","g",4.666,4.666,1,1,1,TRUE,"Changizi","primary","mass_compilation_unspecified",4.666,4.666
"Dasyurus maculatus","mass","Brain_Mass_mass_or_volume","g",9.41,9.41,1,1,0,FALSE,"Burger","secondary","mass_or_volume_mixed",9.41,9.41
"Dasyurus quoll","mass","Brain_Mass_measured","g",6.9267,6.9267,3,1,1,TRUE,"Pirlot","primary","mass_unspecified",6.62,7.26
"Dasyurus spartacus","mass","Brain_Mass_mass_or_volume","g",5.3,5.3,1,1,0,FALSE,"Burger","secondary","mass_or_volume_mixed",5.3,5.3
"Dasyurus viverrinus","mass","Brain_Mass_mass_or_volume","g",5.33,5.33,1,1,0,FALSE,"Burger","secondary","mass_or_volume_mixed",5.33,5.33
"Daubentonia madagascariensis","mass","Brain_Mass_mass_or_volume","g",45.15,45.15,3,3,0,FALSE,"Boddy; Burger; DeCasien","secondary","mass_or_volume_mixed",45.15,45.15
"Daubentonia madagascariensis","mass","Brain_Mass_measured","g",45.15,45.15,7,4,1,TRUE,"Lewitus; Sherwood; Stephan_collection; Zilles","primary; secondary","mass_compilation_unspecified; mass_fresh; mass_unspecified",44.8875,45.2
"Delphinapterus leucas","mass","Brain_Mass_mass_or_volume","g",1921,1921,2,2,0,FALSE,"Boddy; Burger","secondary","mass_or_volume_mixed",1921,1921
"Delphinapterus leucas","mass","Brain_Mass_measured","g",2083,2083,2,2,0,FALSE,"Butti; Manger","secondary","mass_compilation_unspecified",2083,2083
"Delphinus delphis","mass","Brain_Mass_mass_or_volume","g",797.2604,797.2604,2,2,0,FALSE,"Boddy; Burger","secondary","mass_or_volume_mixed",797.26,797.2609
"Delphinus delphis","mass","Brain_Mass_measured","g",873,873,2,2,0,FALSE,"Lewitus; Manger","secondary","mass_compilation_unspecified; mass_unspecified",765,981
"Dendrohyrax arboreus","mass","Brain_Mass_mass_or_volume","g",12.3,12.3,1,1,0,FALSE,"Burger","secondary","mass_or_volume_mixed",12.3,12.3
"Dendrohyrax arboreus","mass","Brain_Mass_measured","g",18.42,18.42,4,1,0,FALSE,"Zilles","secondary","mass_fresh",17.4,19.05
"Dendrohyrax dorsalis","mass","Brain_Mass_excl_olfactory_bulb","g",12.8,12.8,1,1,1,TRUE,"HerculanoHouzel","primary","mass_excl_olfactory_bulb",12.8,12.8
"Dendrohyrax sp.","mass","Brain_Mass_mass_or_volume","g",3.328,3.328,1,1,1,TRUE,"HerculanoHouzel","primary","mass_or_volume_mixed",3.328,3.328
"Dendrolagus bennettianus","mass","Brain_Mass_mass_or_volume","g",18.5,18.5,1,1,0,FALSE,"Burger","secondary","mass_or_volume_mixed",18.5,18.5
"Dendrolagus dorianus","mass","Brain_Mass_mass_or_volume","g",32.8814,32.8814,2,2,0,FALSE,"Boddy; Burger","secondary","mass_or_volume_mixed",32.3,33.4628
"Dendrolagus goodfellowi","mass","Brain_Mass_mass_or_volume","g",28.4,28.4,1,1,0,FALSE,"Burger","secondary","mass_or_volume_mixed",28.4,28.4
"Dendrolagus inustus","mass","Brain_Mass_mass_or_volume","g",30.6418,30.6418,2,2,0,FALSE,"Boddy; Burger","secondary","mass_or_volume_mixed",30.1,31.1836
"Dendrolagus lumholtzi","mass","Brain_Mass_mass_or_volume","g",26.2,26.2,1,1,0,FALSE,"Burger","secondary","mass_or_volume_mixed",26.2,26.2
"Dendrolagus matschiei","mass","Brain_Mass_mass_or_volume","g",27.5,27.5,1,1,0,FALSE,"Burger","secondary","mass_or_volume_mixed",27.5,27.5
"Dendrolagus scottae","mass","Brain_Mass_mass_or_volume","g",29.2,29.2,1,1,0,FALSE,"Burger","secondary","mass_or_volume_mixed",29.2,29.2
"Dendrolagus spadix","mass","Brain_Mass_mass_or_volume","g",28.5,28.5,1,1,0,FALSE,"Burger","secondary","mass_or_volume_mixed",28.5,28.5
"Dendrolagus ursinus","mass","Brain_Mass_mass_or_volume","g",26.3,26.3,1,1,0,FALSE,"Burger","secondary","mass_or_volume_mixed",26.3,26.3
"Desmana moschata","mass","Brain_Mass_mass_or_volume","g",4,4,2,2,0,FALSE,"Boddy; Burger","secondary","mass_or_volume_mixed",4,4
"Desmana moschata","mass","Brain_Mass_measured","g",4,4,6,2,1,TRUE,"Stephan_collection; Zilles","primary; secondary","mass_fresh",3.9,4.1
"Desmodus rotundus","mass","Brain_Mass_mass_or_volume","g",0.907,0.907,2,2,0,FALSE,"Boddy; Burger","secondary","mass_or_volume_mixed",0.898,0.916
"Desmodus rotundus","mass","Brain_Mass_measured","g",1.0063,1.0063,4,1,0,FALSE,"Zilles","secondary","mass_fresh",0.99,1.025
"Diaemus youngi","mass","Brain_Mass_mass_or_volume","g",0.9705,0.9705,2,2,0,FALSE,"Boddy; Burger","secondary","mass_or_volume_mixed",0.97,0.971
"Diaemus youngi (DES)","mass","Brain_Mass_measured","g",1.09,1.09,1,1,0,FALSE,"Baron","secondary","mass_compilation_unspecified",1.09,1.09
"Diceros bicornis","mass","Brain_Mass_mass_or_volume","g",655,655,1,1,0,FALSE,"Burger","secondary","mass_or_volume_mixed",655,655
"Dicrostonyx groenlandicus","mass","Brain_Mass_mass_or_volume","g",0.72,0.72,2,2,0,FALSE,"Boddy; Burger","secondary","mass_or_volume_mixed",0.72,0.72
"Dicrostonyx richardsoni","mass","Brain_Mass_mass_or_volume","g",0.8983,0.8983,1,1,0,FALSE,"Burger","secondary","mass_or_volume_mixed",0.8983,0.8983
"Dicrostonyx torquatus","mass","Brain_Mass_mass_or_volume","g",0.84,0.84,2,2,0,FALSE,"Boddy; Burger","secondary","mass_or_volume_mixed",0.84,0.84
"Didelphis azarae","mass","Brain_Mass_measured","g",5.1,5.1,1,1,1,TRUE,"Pirlot","primary","mass_unspecified",5.1,5.1
"Didelphis m. aurita","mass","Brain_Mass_measured","g",6.033,6.033,1,1,1,TRUE,"Pirlot","primary","mass_unspecified",6.033,6.033
"Didelphis m. marsupialis","mass","Brain_Mass_measured","g",6.885,6.885,1,1,1,TRUE,"Pirlot","primary","mass_unspecified",6.885,6.885
"Didelphis marsupialis","mass","Brain_Mass_mass_or_volume","g",6.2,6.2,2,2,0,FALSE,"Boddy; Burger","secondary","mass_or_volume_mixed",6.05,6.35
"Didelphis marsupialis","mass","Brain_Mass_measured","g",5.736,5.736,3,2,2,TRUE,"Changizi; Finlay","primary","mass_compilation_unspecified",5.17,6.3
"Didelphis sp.","mass","Brain_Mass_measured","g",5.3,5.3,1,1,1,TRUE,"Brodmann","primary","mass_unspecified",5.3,5.3
"Didelphis virginiana","mass","Brain_Mass_mass_or_volume","g",6.841,6.841,2,2,0,FALSE,"Boddy; Burger","secondary","mass_or_volume_mixed",6.72,6.9619
"Didelphis virginiana","mass","Brain_Mass_measured","g",6.11,6.11,5,3,2,TRUE,"Lewitus; Nudo; Pirlot","primary; secondary","mass_fresh; mass_unspecified",4.36,9.3
"Dinomys branickii","mass","Brain_Mass_mass_or_volume","g",26.95,26.95,2,2,0,FALSE,"Boddy; Burger","secondary","mass_or_volume_mixed",26.95,26.95
"Dinomys branickii","mass","Brain_Mass_measured","g",36.3,36.3,1,1,1,TRUE,"Karl","primary","mass_specimen",36.3,36.3
"Diphylla ecaudata","mass","Brain_Mass_mass_or_volume","g",0.8015,0.8015,1,1,0,FALSE,"Burger","secondary","mass_or_volume_mixed",0.8015,0.8015
"Diphylla ecaudata","mass","Brain_Mass_measured","g",0.7688,0.7688,4,1,0,FALSE,"Zilles","secondary","mass_fresh",0.65,0.83
"Dipodillus campestris","mass","Brain_Mass_mass_or_volume","g",0.9,0.9,1,1,0,FALSE,"Burger","secondary","mass_or_volume_mixed",0.9,0.9
"Dipodillus dasyurus","mass","Brain_Mass_mass_or_volume","g",1.32,1.32,1,1,0,FALSE,"Burger","secondary","mass_or_volume_mixed",1.32,1.32
"Dipodomys agilis","mass","Brain_Mass_mass_or_volume","g",1.34,1.34,2,2,0,FALSE,"Boddy; Burger","secondary","mass_or_volume_mixed",1.34,1.34
"Dipodomys deserti","mass","Brain_Mass_mass_or_volume","g",1.7401,1.7401,2,2,0,FALSE,"Boddy; Burger","secondary","mass_or_volume_mixed",1.74,1.7402
"Dipodomys heermanni","mass","Brain_Mass_mass_or_volume","g",1.4381,1.4381,2,2,0,FALSE,"Boddy; Burger","secondary","mass_or_volume_mixed",1.4361,1.44
"Dipodomys merriami","mass","Brain_Mass_mass_or_volume","g",1.1,1.1,2,2,0,FALSE,"Boddy; Burger","secondary","mass_or_volume_mixed",1.1,1.1
"Dipodomys microps","mass","Brain_Mass_mass_or_volume","g",1.2181,1.2181,2,2,0,FALSE,"Boddy; Burger","secondary","mass_or_volume_mixed",1.2162,1.22
"Dipodomys ordii","mass","Brain_Mass_mass_or_volume","g",1.4481,1.4481,2,2,0,FALSE,"Boddy; Burger","secondary","mass_or_volume_mixed",1.4463,1.45
"Dipodomys panamintinus","mass","Brain_Mass_mass_or_volume","g",1.5977,1.5977,2,2,0,FALSE,"Boddy; Burger","secondary","mass_or_volume_mixed",1.5954,1.6
"Dipodomys spectabilis","mass","Brain_Mass_mass_or_volume","g",1.9287,1.9287,2,2,0,FALSE,"Boddy; Burger","secondary","mass_or_volume_mixed",1.9274,1.93
"Distoechurus pennatus","mass","Brain_Mass_mass_or_volume","g",0.9569,0.9569,2,2,0,FALSE,"Boddy; Burger","secondary","mass_or_volume_mixed",0.94,0.9738
"Dobsonia inermis","mass","Brain_Mass_mass_or_volume","g",2.7,2.7,1,1,0,FALSE,"Burger","secondary","mass_or_volume_mixed",2.7,2.7
"Dobsonia inermis","mass","Brain_Mass_measured","g",2.714,2.714,3,1,0,FALSE,"Zilles","secondary","mass_fresh",2.623,2.785
"Dobsonia moluccensis","mass","Brain_Mass_mass_or_volume","g",4.43,4.43,1,1,0,FALSE,"Burger","secondary","mass_or_volume_mixed",4.43,4.43
"Dobsonia moluccensis","mass","Brain_Mass_measured","g",5.3425,5.3425,2,1,0,FALSE,"Zilles","secondary","mass_fresh",5.332,5.353
"Dobsonia praedatrix","mass","Brain_Mass_mass_or_volume","g",2.9749,2.9749,1,1,0,FALSE,"Burger","secondary","mass_or_volume_mixed",2.9749,2.9749
"Dobsonia praedatrix","mass","Brain_Mass_measured","g",2.89,2.89,4,1,0,FALSE,"Zilles","secondary","mass_fresh",2.741,3.014
"Dobsonia spec?","mass","Brain_Mass_measured","g",3.891,3.891,3,1,0,FALSE,"Zilles","secondary","mass_fresh",3.762,4.069
"Dog (Canis familiaris)","mass","Brain_Mass_measured","g",72.5,72.5,2,1,0,FALSE,"Krompecher","secondary","mass_unspecified",62,83
"Dolichotis patagonum","mass","Brain_Mass_mass_or_volume","g",30.5,30.5,2,2,0,FALSE,"Boddy; Burger","secondary","mass_or_volume_mixed",30.5,30.5
"Dolichotis salinicola","mass","Brain_Mass_mass_or_volume","g",15.31,15.31,1,1,0,FALSE,"Burger","secondary","mass_or_volume_mixed",15.31,15.31
"Domestic mouse (Mus musculus)","mass","Brain_Mass_measured","g",0.35,0.35,1,1,0,FALSE,"Krompecher","secondary","mass_unspecified",0.35,0.35
"Dorcopsis atrata","mass","Brain_Mass_mass_or_volume","g",16.7,16.7,1,1,0,FALSE,"Burger","secondary","mass_or_volume_mixed",16.7,16.7
"Dorcopsis hageni","mass","Brain_Mass_mass_or_volume","g",22.5,22.5,1,1,0,FALSE,"Burger","secondary","mass_or_volume_mixed",22.5,22.5
"Dorcopsis luctuosa","mass","Brain_Mass_mass_or_volume","g",20.9708,20.9708,2,2,0,FALSE,"Boddy; Burger","secondary","mass_or_volume_mixed",20.6,21.3416
"Dorcopsis muelleri","mass","Brain_Mass_mass_or_volume","g",20.4,20.4,1,1,0,FALSE,"Burger","secondary","mass_or_volume_mixed",20.4,20.4
"Dorcopsulus macleayi","mass","Brain_Mass_mass_or_volume","g",13.5,13.5,1,1,0,FALSE,"Burger","secondary","mass_or_volume_mixed",13.5,13.5
"Dorcopsulus vanheurni","mass","Brain_Mass_mass_or_volume","g",11.8,11.8,1,1,0,FALSE,"Burger","secondary","mass_or_volume_mixed",11.8,11.8
"Dremomys rufigenis","mass","Brain_Mass_mass_or_volume","g",5.41,5.41,2,2,0,FALSE,"Boddy; Burger","secondary","mass_or_volume_mixed",5.41,5.41
"Dromaius novaehollandiae","mass","Brain_Mass_measured","g",21.8109,21.8109,1,1,1,TRUE,"Olkowicz","primary","mass_fixed",21.8109,21.8109
"Dromiciops gliroides","mass","Brain_Mass_mass_or_volume","g",0.81,0.81,1,1,0,FALSE,"Burger","secondary","mass_or_volume_mixed",0.81,0.81
"Dugong dugon","mass","Brain_Mass_mass_or_volume","g",264.67,264.67,1,1,0,FALSE,"Burger","secondary","mass_or_volume_mixed",264.67,264.67
"Echimys chrysurus","mass","Brain_Mass_mass_or_volume","g",5.02,5.02,1,1,0,FALSE,"Burger","secondary","mass_or_volume_mixed",5.02,5.02
"Echinops telfairi","mass","Brain_Mass_mass_or_volume","g",0.62,0.62,2,2,0,FALSE,"Boddy; Burger","secondary","mass_or_volume_mixed",0.62,0.62
"Echinops telfairi","mass","Brain_Mass_measured","g",1.2593,0.62,11,4,3,TRUE,"Changizi; Finlay; Stephan_collection; Zilles","primary; secondary","mass_compilation_unspecified; mass_fresh",0.55,2.538
"Echinosorex gymnura","mass","Brain_Mass_mass_or_volume","g",5.5,5.5,1,1,0,FALSE,"Burger","secondary","mass_or_volume_mixed",5.5,5.5
"Echinosorex gymnurus","mass","Brain_Mass_measured","g",5.66,5.66,4,1,0,FALSE,"Zilles","secondary","mass_fresh",4.458,6.46
"Echymipera clara","mass","Brain_Mass_mass_or_volume","g",4.5606,4.5606,2,2,0,FALSE,"Boddy; Burger","secondary","mass_or_volume_mixed",4.48,4.6413
"Echymipera kalubu","mass","Brain_Mass_mass_or_volume","g",3.67,3.67,1,1,0,FALSE,"Burger","secondary","mass_or_volume_mixed",3.67,3.67
"Echymipera rufescens","mass","Brain_Mass_mass_or_volume","g",3.7971,3.7971,2,2,0,FALSE,"Boddy; Burger","secondary","mass_or_volume_mixed",3.73,3.8643
"Ectophylla macconnelli","mass","Brain_Mass_measured","g",0.34,0.34,2,1,0,FALSE,"Zilles","secondary","mass_fresh",0.34,0.34
"Eidolon helvum","mass","Brain_Mass_mass_or_volume","g",4.4325,4.4325,1,1,0,FALSE,"Burger","secondary","mass_or_volume_mixed",4.4325,4.4325
"Eidolon helvum","mass","Brain_Mass_measured","g",4.2917,4.2917,3,1,0,FALSE,"Zilles","secondary","mass_fresh",4.019,4.553
"Eira barbara","mass","Brain_Mass_mass_or_volume","g",47.05,47.05,1,1,0,FALSE,"Burger","secondary","mass_or_volume_mixed",47.05,47.05
"Elephantulus fuscipes","mass","Brain_Mass_mass_or_volume","g",1.33,1.33,2,2,0,FALSE,"Boddy; Burger","secondary","mass_or_volume_mixed",1.33,1.33
"Elephantulus fuscipes","mass","Brain_Mass_measured","g",1.33,1.33,10,3,1,TRUE,"Lewitus; Stephan_collection; Zilles","primary; secondary","mass_fresh; mass_unspecified",1.1,1.4
"Elephantulus intufi","mass","Brain_Mass_mass_or_volume","g",1.14,1.14,1,1,0,FALSE,"Burger","secondary","mass_or_volume_mixed",1.14,1.14
"Elephantulus myurus","mass","Brain_Mass_excl_olfactory_bulb","g",1.04,1.04,1,1,1,TRUE,"HerculanoHouzel","primary","mass_excl_olfactory_bulb",1.04,1.04
"Elephantulus myurus","mass","Brain_Mass_mass_or_volume","g",1.37,1.37,1,1,0,FALSE,"Burger","secondary","mass_or_volume_mixed",1.37,1.37
"Elephantulus myurus","mass","Brain_Mass_measured","g",1.37,1.37,1,1,0,FALSE,"Garwicz","secondary","mass_compilation_unspecified",1.37,1.37
"Elephas maximus","mass","Brain_Mass_mass_or_volume","g",5211.25,5211.25,2,2,0,FALSE,"Boddy; Burger","secondary","mass_or_volume_mixed",5211.25,5211.25
"Elephas sp.","mass","Brain_Mass_measured","g",4925,4925,1,1,1,TRUE,"Brodmann","primary","mass_unspecified",4925,4925
"Emballonura beccarii","mass","Brain_Mass_measured","g",0.1698,0.1698,4,1,0,FALSE,"Zilles","secondary","mass_fresh",0.161,0.174
"Emballonura monticola","mass","Brain_Mass_mass_or_volume","g",0.163,0.163,1,1,0,FALSE,"Burger","secondary","mass_or_volume_mixed",0.163,0.163
"Emballonura monticola","mass","Brain_Mass_measured","g",0.1617,0.1617,3,1,0,FALSE,"Zilles","secondary","mass_fresh",0.15,0.17
"Emballonura nigrescens","mass","Brain_Mass_measured","g",0.1303,0.1303,3,1,0,FALSE,"Zilles","secondary","mass_fresh",0.123,0.135
"Emballonura raffrayana","mass","Brain_Mass_mass_or_volume","g",0.174,0.174,1,1,0,FALSE,"Burger","secondary","mass_or_volume_mixed",0.174,0.174
"Emballonura semicaudata","mass","Brain_Mass_mass_or_volume","g",0.184,0.184,1,1,0,FALSE,"Burger","secondary","mass_or_volume_mixed",0.184,0.184
"Emballonura semicaudata","mass","Brain_Mass_measured","g",0.187,0.187,3,1,0,FALSE,"Zilles","secondary","mass_fresh",0.18,0.195
"Enchisthenes harti","mass","Brain_Mass_measured","g",0.5188,0.5188,4,1,0,FALSE,"Zilles","secondary","mass_fresh",0.508,0.533
"Enhydra lutris","mass","Brain_Mass_mass_or_volume","g",119,119,1,1,0,FALSE,"Burger","secondary","mass_or_volume_mixed",119,119
"Eonycteris spelaea","mass","Brain_Mass_mass_or_volume","g",1.22,1.22,2,2,0,FALSE,"Boddy; Burger","secondary","mass_or_volume_mixed",1.18,1.26
"Eonycteris spelaea","mass","Brain_Mass_measured","g",1.2567,1.2567,3,1,0,FALSE,"Zilles","secondary","mass_fresh",1.21,1.28
"Epomophorus gambianus","mass","Brain_Mass_mass_or_volume","g",4.3285,4.3285,1,1,0,FALSE,"Burger","secondary","mass_or_volume_mixed",4.3285,4.3285
"Epomophorus labiatus","mass","Brain_Mass_mass_or_volume","g",1.5887,1.5887,1,1,0,FALSE,"Burger","secondary","mass_or_volume_mixed",1.5887,1.5887
"Epomophorus labiatus","mass","Brain_Mass_measured","g",1.5563,1.5563,3,1,0,FALSE,"Zilles","secondary","mass_fresh",1.512,1.591
"Epomophorus wahlbergi","mass","Brain_Mass_mass_or_volume","g",1.9613,1.9613,1,1,0,FALSE,"Burger","secondary","mass_or_volume_mixed",1.9613,1.9613
"Epomops franqueti","mass","Brain_Mass_mass_or_volume","g",2.213,2.213,1,1,0,FALSE,"Burger","secondary","mass_or_volume_mixed",2.213,2.213
"Epomops franqueti","mass","Brain_Mass_measured","g",2.169,2.169,3,1,0,FALSE,"Zilles","secondary","mass_fresh",2.112,2.262
"Eptesicus brasil. melanopterus","mass","Brain_Mass_measured","g",0.1863,0.1863,3,1,0,FALSE,"Zilles","secondary","mass_fresh",0.18,0.196
"Eptesicus brasiliensis","mass","Brain_Mass_mass_or_volume","g",0.1983,0.1983,1,1,0,FALSE,"Burger","secondary","mass_or_volume_mixed",0.1983,0.1983
"Eptesicus brasiliensis","mass","Brain_Mass_measured","g",0.2,0.2,3,1,0,FALSE,"Zilles","secondary","mass_fresh",0.18,0.21
"Eptesicus dimissus","mass","Brain_Mass_mass_or_volume","g",0.231,0.231,1,1,0,FALSE,"Burger","secondary","mass_or_volume_mixed",0.231,0.231
"Eptesicus flavescens","mass","Brain_Mass_measured","g",0.1895,0.1895,2,1,0,FALSE,"Zilles","secondary","mass_fresh",0.188,0.191
"Eptesicus furinalis","mass","Brain_Mass_mass_or_volume","g",0.1895,0.1895,1,1,0,FALSE,"Burger","secondary","mass_or_volume_mixed",0.1895,0.1895
"Eptesicus fuscus","mass","Brain_Mass_mass_or_volume","g",0.2143,0.2143,1,1,0,FALSE,"Burger","secondary","mass_or_volume_mixed",0.2143,0.2143
"Eptesicus fuscus","mass","Brain_Mass_measured","g",0.238,0.238,1,1,0,FALSE,"Zilles","secondary","mass_fresh",0.238,0.238
"Eptesicus pachyotis","mass","Brain_Mass_mass_or_volume","g",0.158,0.158,1,1,0,FALSE,"Burger","secondary","mass_or_volume_mixed",0.158,0.158
"Eptesicus pumilus","mass","Brain_Mass_measured","g",0.13,0.13,2,1,0,FALSE,"Zilles","secondary","mass_fresh",0.116,0.144
"Eptesicus serotinus","mass","Brain_Mass_mass_or_volume","g",0.327,0.327,1,1,0,FALSE,"Burger","secondary","mass_or_volume_mixed",0.327,0.327
"Eptesicus serotinus andersoni","mass","Brain_Mass_measured","g",0.3407,0.3407,3,1,0,FALSE,"Zilles","secondary","mass_fresh",0.321,0.361
"Equus asinus","mass","Brain_Mass_mass_or_volume","g",434,434,2,2,0,FALSE,"Boddy; Burger","secondary","mass_or_volume_mixed",434,434
"Equus burchelli","mass","Brain_Mass_mass_or_volume","g",599.5,599.5,3,2,0,FALSE,"Boddy; Burger","secondary","mass_or_volume_mixed",562,612
"Equus burchelli","mass","Brain_Mass_measured","g",520.5,520.5,1,1,0,FALSE,"Lewitus","secondary","mass_unspecified",520.5,520.5
"Equus caballus","mass","Brain_Mass_mass_or_volume","g",693,693,1,1,0,FALSE,"Burger","secondary","mass_or_volume_mixed",693,693
"Equus caballus","mass","Brain_Mass_measured","g",590,590,4,3,1,TRUE,"Brodmann; Garwicz; Lewitus","primary; secondary","mass_compilation_unspecified; mass_fresh; mass_unspecified",585,712
"Equus zebra","mass","Brain_Mass_mass_or_volume","g",548,548,1,1,0,FALSE,"Burger","secondary","mass_or_volume_mixed",548,548
"Erethizon dorsata","mass","Brain_Mass_mass_or_volume","g",24.6,24.6,1,1,0,FALSE,"Burger","secondary","mass_or_volume_mixed",24.6,24.6
"Erethizon dorsatum","mass","Brain_Mass_mass_or_volume","g",24.6,24.6,1,1,0,FALSE,"Boddy","secondary","mass_or_volume_mixed",24.6,24.6
"Erignathus barbatus","mass","Brain_Mass_mass_or_volume","g",460,460,2,2,0,FALSE,"Boddy; Burger","secondary","mass_or_volume_mixed",460,460
"Erinaceus europaeus","mass","Brain_Mass_mass_or_volume","g",3.23,3.23,3,3,1,TRUE,"Boddy; Burger; HerculanoHouzel","primary; secondary","mass_or_volume_mixed",3.23,3.67
"Erinaceus europaeus","mass","Brain_Mass_measured","g",3.225,3.32,16,7,4,TRUE,"Brodmann; Finlay; Garwicz; Lewitus; Nudo; Stephan_collection; Zilles","primary; secondary","mass_compilation_unspecified; mass_fresh; mass_unspecified",2.26,4
"Erythrocebus patas","mass","Brain_Mass_mass_or_volume","g",99.9389,100.2,8,3,0,FALSE,"Boddy; Burger; DeCasien","secondary","mass_or_volume_mixed",91.5,110
"Erythrocebus patas","mass","Brain_Mass_measured","g",108,108,8,4,1,TRUE,"Lewitus; Sherwood; Stephan_collection; Zilles","primary; secondary","mass_compilation_unspecified; mass_fresh; mass_unspecified",94.2,108
"Eschrichtius robustus","mass","Brain_Mass_mass_or_volume","g",4316.67,4316.67,1,1,0,FALSE,"Burger","secondary","mass_or_volume_mixed",4316.67,4316.67
"Eschrichtius robustus","mass","Brain_Mass_measured","g",4316.67,4316.67,1,1,0,FALSE,"Manger","secondary","mass_compilation_unspecified",4316.67,4316.67
"Eudorcas thomsonii","mass","Brain_Mass_mass_or_volume","g",91.8,91.8,1,1,0,FALSE,"Burger","secondary","mass_or_volume_mixed",91.8,91.8
"Eulemur albifrons","mass","Brain_Mass_mass_or_volume","g",21.8737,21.8737,2,2,0,FALSE,"Burger; DeCasien","secondary","mass_or_volume_mixed",21.4474,22.3
"Eulemur albocollaris","mass","Brain_Mass_mass_or_volume","g",22.1,22.1,1,1,0,FALSE,"Burger","secondary","mass_or_volume_mixed",22.1,22.1
"Eulemur coronatus","mass","Brain_Mass_mass_or_volume","g",20.651,20.651,1,1,0,FALSE,"Burger","secondary","mass_or_volume_mixed",20.651,20.651
"Eulemur fulvus","mass","Brain_Mass_mass_or_volume","g",21.1,21.1,3,2,0,FALSE,"Burger; DeCasien","secondary","mass_or_volume_mixed",9.5,25.8
"Eulemur fulvus","mass","Brain_Mass_measured","g",23.3,23.3,5,2,1,TRUE,"Lewitus; Stephan_collection","primary; secondary","mass_fresh; mass_unspecified",23.3,28.1
"Eulemur macaco","mass","Brain_Mass_mass_or_volume","g",22.92,22.6,7,3,0,FALSE,"Boddy; Burger; DeCasien","secondary","mass_or_volume_mixed",21.8,25.5
"Eulemur macaco","mass","Brain_Mass_measured","g",28.3,28.3,1,1,1,TRUE,"Brodmann","primary","mass_unspecified",28.3,28.3
"Eulemur mongoz","mass","Brain_Mass_mass_or_volume","g",24.0322,24.0333,5,3,0,FALSE,"Boddy; Burger; DeCasien","secondary","mass_or_volume_mixed",23.1,25.8
"Eulemur mongoz","mass","Brain_Mass_measured","g",20.75,20.75,2,1,0,FALSE,"Lewitus","secondary","mass_fresh; mass_unspecified",20.75,20.75
"Eulemur rubriventer","mass","Brain_Mass_mass_or_volume","g",24.9,24.9,3,3,0,FALSE,"Boddy; Burger; DeCasien","secondary","mass_or_volume_mixed",24.9,24.9
"Eulemur rufus","mass","Brain_Mass_mass_or_volume","g",25.396,25.396,1,1,0,FALSE,"Burger","secondary","mass_or_volume_mixed",25.396,25.396
"Eulemur sp.","mass","Brain_Mass_mass_or_volume","g",27.0096,27.0096,3,1,0,FALSE,"DeCasien","secondary","mass_or_volume_mixed",26,28.3
"Eumetopias jubatus","mass","Brain_Mass_mass_or_volume","g",661.25,661.25,2,2,0,FALSE,"Boddy; Burger","secondary","mass_or_volume_mixed",661.25,661.25
"Eumops auripendulus","mass","Brain_Mass_mass_or_volume","g",0.612,0.612,1,1,0,FALSE,"Burger","secondary","mass_or_volume_mixed",0.612,0.612
"Eumops auripendulus","mass","Brain_Mass_measured","g",0.596,0.596,3,1,0,FALSE,"Zilles","secondary","mass_fresh",0.58,0.613
"Eumops glaucinus","mass","Brain_Mass_mass_or_volume","g",0.6565,0.6565,1,1,0,FALSE,"Burger","secondary","mass_or_volume_mixed",0.6565,0.6565
"Eumops glaucinus","mass","Brain_Mass_measured","g",0.665,0.665,2,1,0,FALSE,"Zilles","secondary","mass_fresh",0.66,0.67
"Eumops perotis","mass","Brain_Mass_mass_or_volume","g",0.802,0.802,1,1,0,FALSE,"Burger","secondary","mass_or_volume_mixed",0.802,0.802
"Euoticus elegantulus","mass","Brain_Mass_mass_or_volume","g",5.5347,5.5347,1,1,0,FALSE,"Burger","secondary","mass_or_volume_mixed",5.5347,5.5347
"Euoticus pallidus","mass","Brain_Mass_mass_or_volume","g",5.1857,5.1857,1,1,0,FALSE,"Burger","secondary","mass_or_volume_mixed",5.1857,5.1857
"Euphractus sexcinctus","mass","Brain_Mass_mass_or_volume","g",33.5,33.5,2,2,0,FALSE,"Boddy; Burger","secondary","mass_or_volume_mixed",33.5,33.5
"Eupleres goudotii","mass","Brain_Mass_mass_or_volume","g",17,17,1,1,0,FALSE,"Burger","secondary","mass_or_volume_mixed",17,17
"Felis catus","mass","Brain_Mass_mass_or_volume","g",25.6,25.6,1,1,0,FALSE,"Burger","secondary","mass_or_volume_mixed",25.6,25.6
"Felis catus","mass","Brain_Mass_measured","g",26.7929,28.5458,8,6,4,TRUE,"Brodmann; Changizi; Finlay; Garwicz; Lewitus; Nudo","primary; secondary","mass_compilation_unspecified; mass_fresh; mass_unspecified",19.08,31.1833
"Felis chaus","mass","Brain_Mass_mass_or_volume","g",37,37,1,1,0,FALSE,"Burger","secondary","mass_or_volume_mixed",37,37
"Felis manul","mass","Brain_Mass_mass_or_volume","g",34.47,34.47,1,1,0,FALSE,"Burger","secondary","mass_or_volume_mixed",34.47,34.47
"Felis nigripes","mass","Brain_Mass_mass_or_volume","g",20.1,20.1,1,1,0,FALSE,"Burger","secondary","mass_or_volume_mixed",20.1,20.1
"Felis silvestris","mass","Brain_Mass_mass_or_volume","g",35.5,35.5,1,1,0,FALSE,"Burger","secondary","mass_or_volume_mixed",35.5,35.5
"Felis silvestris f.d.","mass","Brain_Mass_measured","g",29.57,29.57,6,1,0,FALSE,"Zilles","secondary","mass_fresh",27.1,31.8
"Forpus passerinus","mass","Brain_Mass_measured","g",1.1464,1.1464,1,1,1,TRUE,"Olkowicz","primary","mass_fixed",1.1464,1.1464
"Fossa fossana","mass","Brain_Mass_mass_or_volume","g",19.69,19.69,1,1,0,FALSE,"Burger","secondary","mass_or_volume_mixed",19.69,19.69
"Frog (Rana esculenta)","mass","Brain_Mass_measured","g",0.117,0.117,1,1,0,FALSE,"Krompecher","secondary","mass_unspecified",0.117,0.117
"Fukomys anselli","mass","Brain_size_sum_of_structures","g",1.25,1.25,1,1,0,FALSE,"Kverkova","secondary","sum_of_structure_volumes",1.25,1.25
"Fukomys damarensis","mass","Brain_size_sum_of_structures","g",1.39,1.39,1,1,0,FALSE,"Kverkova","secondary","sum_of_structure_volumes",1.39,1.39
"Fukomys darlingi","mass","Brain_size_sum_of_structures","g",1.23,1.23,1,1,0,FALSE,"Kverkova","secondary","sum_of_structure_volumes",1.23,1.23
"Fukomys mechowii","mass","Brain_size_sum_of_structures","g",2.15,2.15,1,1,0,FALSE,"Kverkova","secondary","sum_of_structure_volumes",2.15,2.15
"Funambulus pennantii","mass","Brain_Mass_mass_or_volume","g",2.1,2.1,2,2,0,FALSE,"Boddy; Burger","secondary","mass_or_volume_mixed",2.1,2.1
"Funisciurus anerythrus","mass","Brain_Mass_mass_or_volume","g",4.14,4.14,2,2,0,FALSE,"Boddy; Burger","secondary","mass_or_volume_mixed",4.14,4.14
"Funisciurus carruthersi","mass","Brain_Mass_mass_or_volume","g",4.48,4.48,2,2,0,FALSE,"Boddy; Burger","secondary","mass_or_volume_mixed",4.48,4.48
"Funisciurus pyrropus","mass","Brain_Mass_mass_or_volume","g",4.38,4.38,2,2,0,FALSE,"Boddy; Burger","secondary","mass_or_volume_mixed",4.38,4.38
"Furipterus horrens","mass","Brain_Mass_mass_or_volume","g",0.127,0.127,1,1,0,FALSE,"Burger","secondary","mass_or_volume_mixed",0.127,0.127
"Furipterus horrens","mass","Brain_Mass_measured","g",0.1278,0.1278,5,1,0,FALSE,"Zilles","secondary","mass_fresh",0.125,0.131
"Galago alleni","mass","Brain_Mass_mass_or_volume","g",5.85,5.85,1,1,0,FALSE,"Burger","secondary","mass_or_volume_mixed",5.85,5.85
"Galago cameronensis","mass","Brain_Mass_mass_or_volume","g",5.5809,5.5809,1,1,0,FALSE,"Burger","secondary","mass_or_volume_mixed",5.5809,5.5809
"Galago gabonensis","mass","Brain_Mass_mass_or_volume","g",5.3574,5.3574,1,1,0,FALSE,"Burger","secondary","mass_or_volume_mixed",5.3574,5.3574
"Galago granti","mass","Brain_Mass_mass_or_volume","g",4.0738,4.0738,1,1,0,FALSE,"Burger","secondary","mass_or_volume_mixed",4.0738,4.0738
"Galago matschiei","mass","Brain_Mass_mass_or_volume","g",4.6219,4.6219,1,1,0,FALSE,"Burger","secondary","mass_or_volume_mixed",4.6219,4.6219
"Galago moholi","mass","Brain_Mass_mass_or_volume","g",3.7052,3.7052,1,1,0,FALSE,"Burger","secondary","mass_or_volume_mixed",3.7052,3.7052
"Galago senegalensis","mass","Brain_Mass_mass_or_volume","g",5.5933,5.9,7,3,0,FALSE,"Boddy; Burger; DeCasien","secondary","mass_or_volume_mixed",3.2,7.9
"Galago senegalensis","mass","Brain_Mass_measured","g",3.9233,4.57,11,6,3,TRUE,"Changizi; Lewitus; Nudo; Sherwood; Stephan_collection; Zilles","primary; secondary","mass_compilation_unspecified; mass_fresh; mass_unspecified",2.4,4.8
"Galago sp.","mass","Brain_Mass_mass_or_volume","g",5.1,5.1,1,1,0,FALSE,"DeCasien","secondary","mass_or_volume_mixed",5.1,5.1
"Galago sp.","mass","Brain_Mass_measured","g",4.8,4.8,1,1,1,TRUE,"Finlay","primary","mass_compilation_unspecified",4.8,4.8
"Galago thomasi","mass","Brain_Mass_mass_or_volume","g",3.1175,3.1175,1,1,0,FALSE,"Burger","secondary","mass_or_volume_mixed",3.1175,3.1175
"Galago zanzibaricus","mass","Brain_Mass_mass_or_volume","g",3.5,3.5,1,1,0,FALSE,"Burger","secondary","mass_or_volume_mixed",3.5,3.5
"Galagoides demidoff","mass","Brain_Mass_mass_or_volume","g",3.38,3.38,3,3,0,FALSE,"Boddy; Burger; DeCasien","secondary","mass_or_volume_mixed",3.38,3.38
"Galagoides demidoff","mass","Brain_Mass_measured","g",3.335,3.335,13,3,2,TRUE,"Lewitus; Stephan_collection; Zilles","primary; secondary","mass_fresh; mass_unspecified",2.91,3.6
"Galea musteloides","mass","Brain_Mass_mass_or_volume","g",2.72,2.72,2,2,0,FALSE,"Boddy; Burger","secondary","mass_or_volume_mixed",2.72,2.72
"Galemys pyrenaicus","mass","Brain_Mass_mass_or_volume","g",1.33,1.33,2,2,0,FALSE,"Boddy; Burger","secondary","mass_or_volume_mixed",1.33,1.33
"Galemys pyrenaicus","mass","Brain_Mass_measured","g",1.33,1.33,9,3,1,TRUE,"Lewitus; Stephan_collection; Zilles","primary; secondary","mass_fresh; mass_unspecified",1.27,1.36
"Galerella pulverulenta","mass","Brain_Mass_mass_or_volume","g",11.02,11.02,1,1,0,FALSE,"Burger","secondary","mass_or_volume_mixed",11.02,11.02
"Galerella sanguinea","mass","Brain_Mass_mass_or_volume","g",8.8,8.8,1,1,0,FALSE,"Burger","secondary","mass_or_volume_mixed",8.8,8.8
"Galictis cuja","mass","Brain_Mass_mass_or_volume","g",18.8,18.8,1,1,0,FALSE,"Burger","secondary","mass_or_volume_mixed",18.8,18.8
"Galictis vittatus","mass","Brain_Mass_mass_or_volume","g",17.97,17.97,1,1,0,FALSE,"Burger","secondary","mass_or_volume_mixed",17.97,17.97
"Galidia elegans","mass","Brain_Mass_mass_or_volume","g",10.7,10.7,1,1,0,FALSE,"Burger","secondary","mass_or_volume_mixed",10.7,10.7
"Gallus gallus","mass","Brain_Mass_measured","g",2.8195,2.8195,1,1,1,TRUE,"Olkowicz","primary","mass_fixed",2.8195,2.8195
"Garrulus glandarius","mass","Brain_Mass_measured","g",4.5968,4.5968,1,1,1,TRUE,"Olkowicz","primary","mass_fixed",4.5968,4.5968
"Gazella dorcas","mass","Brain_Mass_mass_or_volume","g",70.8,70.8,1,1,0,FALSE,"Burger","secondary","mass_or_volume_mixed",70.8,70.8
"Gazella thomsonii","mass","Brain_Mass_mass_or_volume","g",91.8,91.8,1,1,0,FALSE,"Boddy","secondary","mass_or_volume_mixed",91.8,91.8
"Genetta angolensis","mass","Brain_Mass_mass_or_volume","g",15.49,15.49,1,1,0,FALSE,"Burger","secondary","mass_or_volume_mixed",15.49,15.49
"Genetta genetta","mass","Brain_Mass_mass_or_volume","g",14,14,1,1,0,FALSE,"Burger","secondary","mass_or_volume_mixed",14,14
"Genetta pardina","mass","Brain_Mass_mass_or_volume","g",15.4,15.4,1,1,0,FALSE,"Burger","secondary","mass_or_volume_mixed",15.4,15.4
"Genetta servalina","mass","Brain_Mass_mass_or_volume","g",16,16,1,1,0,FALSE,"Burger","secondary","mass_or_volume_mixed",16,16
"Genetta tigrina","mass","Brain_Mass_mass_or_volume","g",15.35,15.35,2,2,0,FALSE,"Boddy; Burger","secondary","mass_or_volume_mixed",15.35,15.35
"Geocapromys ingrahami","mass","Brain_Mass_mass_or_volume","g",4.46,4.46,2,2,0,FALSE,"Boddy; Burger","secondary","mass_or_volume_mixed",4.46,4.46
"Geomys breviceps","mass","Brain_Mass_mass_or_volume","g",2.29,2.29,1,1,0,FALSE,"Burger","secondary","mass_or_volume_mixed",2.29,2.29
"Geomys bursarius","mass","Brain_Mass_mass_or_volume","g",1.829,1.829,2,2,0,FALSE,"Boddy; Burger","secondary","mass_or_volume_mixed",1.8281,1.83
"Geomys pinetis","mass","Brain_Mass_mass_or_volume","g",2.5086,2.5086,2,2,0,FALSE,"Boddy; Burger","secondary","mass_or_volume_mixed",2.5071,2.51
"Georychus capensis","mass","Brain_size_sum_of_structures","g",1.65,1.65,1,1,0,FALSE,"Kverkova","secondary","sum_of_structure_volumes",1.65,1.65
"Gerbilliscus afra","mass","Brain_Mass_mass_or_volume","g",1.56,1.56,1,1,0,FALSE,"Burger","secondary","mass_or_volume_mixed",1.56,1.56
"Gerbilliscus brantsii","mass","Brain_Mass_mass_or_volume","g",1.56,1.56,1,1,0,FALSE,"Burger","secondary","mass_or_volume_mixed",1.56,1.56
"Gerbillurus paeba","mass","Brain_Mass_mass_or_volume","g",0.84,0.84,2,2,0,FALSE,"Boddy; Burger","secondary","mass_or_volume_mixed",0.84,0.84
"Gerbillus campestris","mass","Brain_Mass_mass_or_volume","g",0.9,0.9,1,1,0,FALSE,"Boddy","secondary","mass_or_volume_mixed",0.9,0.9
"Gerbillus dasyurus","mass","Brain_Mass_mass_or_volume","g",1.32,1.32,1,1,0,FALSE,"Boddy","secondary","mass_or_volume_mixed",1.32,1.32
"Gerbillus gleadowi","mass","Brain_Mass_mass_or_volume","g",0.69,0.69,2,2,0,FALSE,"Boddy; Burger","secondary","mass_or_volume_mixed",0.69,0.69
"Gerbillus nanus","mass","Brain_Mass_mass_or_volume","g",0.6,0.6,2,2,0,FALSE,"Boddy; Burger","secondary","mass_or_volume_mixed",0.6,0.6
"Gerbillus pyramidum","mass","Brain_Mass_mass_or_volume","g",0.88,0.88,2,2,0,FALSE,"Boddy; Burger","secondary","mass_or_volume_mixed",0.88,0.88
"Gibraltar/Forbes Quarry","mass","Brain_Mass_from_volume_or_ecv","g",1185.58,1185.58,1,1,1,TRUE,"Weaver","primary","mass_from_volume_or_ecv",1185.58,1185.58
"Giraffa camelopardalis","mass","Brain_Mass_excl_olfactory_bulb","g",534.92,534.92,3,2,2,TRUE,"HerculanoHouzel; Kazu","primary","mass_excl_olfactory_bulb",528.026,537.218
"Giraffa camelopardalis","mass","Brain_Mass_mass_or_volume","g",537,537,3,3,1,TRUE,"Boddy; Burger; HerculanoHouzel","primary; secondary","mass_or_volume_mixed",537,700
"Giraffa camelopardalis","mass","Brain_Mass_measured","g",675,675,1,1,1,TRUE,"Karl","primary","mass_specimen",675,675
"Glaucomys sabrinus","mass","Brain_Mass_mass_or_volume","g",3.01,3.01,2,2,0,FALSE,"Boddy; Burger","secondary","mass_or_volume_mixed",3.01,3.01
"Glaucomys volans","mass","Brain_Mass_mass_or_volume","g",1.71,1.71,2,2,0,FALSE,"Boddy; Burger","secondary","mass_or_volume_mixed",1.71,1.71
"Glauconycteris beatrix","mass","Brain_Mass_mass_or_volume","g",0.144,0.144,1,1,0,FALSE,"Burger","secondary","mass_or_volume_mixed",0.144,0.144
"Glauconycteris humeralis","mass","Brain_Mass_measured","g",0.1437,0.1437,3,1,0,FALSE,"Zilles","secondary","mass_fresh",0.134,0.152
"Glauconycteris poensis","mass","Brain_Mass_mass_or_volume","g",0.205,0.205,1,1,0,FALSE,"Burger","secondary","mass_or_volume_mixed",0.205,0.205
"Glauconycteris poensis","mass","Brain_Mass_measured","g",0.205,0.205,1,1,0,FALSE,"Zilles","secondary","mass_fresh",0.205,0.205
"Glischropus tylopus","mass","Brain_Mass_mass_or_volume","g",0.099,0.099,1,1,0,FALSE,"Burger","secondary","mass_or_volume_mixed",0.099,0.099
"Glischropus tylopus","mass","Brain_Mass_measured","g",0.095,0.095,3,1,0,FALSE,"Zilles","secondary","mass_fresh",0.09,0.1
"Globicephala macrorhynchus","mass","Brain_Mass_mass_or_volume","g",2466,2466,1,1,0,FALSE,"Burger","secondary","mass_or_volume_mixed",2466,2466
"Globicephala macrorhynchus","mass","Brain_Mass_measured","g",2886.296,2886.296,1,1,0,FALSE,"Lewitus","secondary","mass_unspecified",2886.296,2886.296
"Globicephala melas","mass","Brain_Mass_mass_or_volume","g",2673,2673,1,1,0,FALSE,"Burger","secondary","mass_or_volume_mixed",2673,2673
"Globicephala melas","mass","Brain_Mass_measured","g",2673,2673,1,1,0,FALSE,"Manger","secondary","mass_compilation_unspecified",2673,2673
"Glossophaga longirostris","mass","Brain_Mass_mass_or_volume","g",0.435,0.435,1,1,0,FALSE,"Burger","secondary","mass_or_volume_mixed",0.435,0.435
"Glossophaga longirostris","mass","Brain_Mass_measured","g",0.4,0.4,1,1,0,FALSE,"Zilles","secondary","mass_fresh",0.4,0.4
"Glossophaga soricina","mass","Brain_Mass_mass_or_volume","g",0.4013,0.4013,2,2,0,FALSE,"Boddy; Burger","secondary","mass_or_volume_mixed",0.39,0.4127
"Glossophaga soricina","mass","Brain_Mass_measured","g",0.3916,0.3916,7,1,0,FALSE,"Zilles","secondary","mass_fresh",0.376,0.42
"Gorilla beringei","mass","Brain_Mass_mass_or_volume","g",491.27,491.27,1,1,0,FALSE,"Burger","secondary","mass_or_volume_mixed",491.27,491.27
"Gorilla gorilla","mass","Brain_Mass_from_volume_or_ecv","g",313.14,313.14,1,1,1,TRUE,"Weaver","primary","mass_from_volume_or_ecv",313.14,313.14
"Gorilla gorilla","mass","Brain_Mass_mass_or_volume","g",452.4012,454.55,16,3,0,FALSE,"Boddy; Burger; DeCasien","secondary","mass_or_volume_mixed",345,574.2
"Gorilla gorilla","mass","Brain_Mass_measured","g",450.3515,450.3515,36,8,2,TRUE,"Armstrong; Garwicz; Lewitus; MacLeod; Sherwood; Stephan_collection; Zilles; deSousa","primary; secondary","mass_compilation_unspecified; mass_fresh; mass_fresh_or_fixed_mixed; mass_unspecified",376,542
"Gracula religiosa","mass","Brain_Mass_measured","g",3.6696,3.6696,1,1,1,TRUE,"Olkowicz","primary","mass_fixed",3.6696,3.6696
"Grammomys cometes","mass","Brain_Mass_mass_or_volume","g",0.96,0.96,2,2,0,FALSE,"Boddy; Burger","secondary","mass_or_volume_mixed",0.96,0.96
"Grammomys poensis","mass","Brain_Mass_mass_or_volume","g",1.55,1.55,1,1,0,FALSE,"Burger","secondary","mass_or_volume_mixed",1.55,1.55
"Grampus griseus","mass","Brain_Mass_mass_or_volume","g",2551,2551,1,1,0,FALSE,"Burger","secondary","mass_or_volume_mixed",2551,2551
"Grampus griseus","mass","Brain_Mass_measured","g",2194.3893,2387,3,3,0,FALSE,"Butti; Lewitus; Manger","secondary","mass_compilation_unspecified; mass_unspecified",1645.168,2551
"Grey rat (Mus decomanus gris)","mass","Brain_Mass_measured","g",1.705,1.705,2,1,0,FALSE,"Krompecher","secondary","mass_unspecified",1.66,1.75
"Guinea-pig (Cavia porcellus)","mass","Brain_Mass_measured","g",4,4,1,1,0,FALSE,"Krompecher","secondary","mass_unspecified",4,4
"Gulo gulo","mass","Brain_Mass_mass_or_volume","g",72.5,72.5,1,1,0,FALSE,"Burger","secondary","mass_or_volume_mixed",72.5,72.5
"Gymnobelideus leadbeateri","mass","Brain_Mass_mass_or_volume","g",2.9013,2.9013,2,2,0,FALSE,"Boddy; Burger","secondary","mass_or_volume_mixed",2.85,2.9526
"Halichoerus grypus","mass","Brain_Mass_mass_or_volume","g",307.5,307.5,2,2,0,FALSE,"Boddy; Burger","secondary","mass_or_volume_mixed",307.5,307.5
"Hapalemur alaotrensis","mass","Brain_Mass_mass_or_volume","g",13.8,13.8,1,1,0,FALSE,"Burger","secondary","mass_or_volume_mixed",13.8,13.8
"Hapalemur griseus","mass","Brain_Mass_mass_or_volume","g",14.1,14.1,1,1,0,FALSE,"Burger","secondary","mass_or_volume_mixed",14.1,14.1
"Hapalemur griseus","mass","Brain_Mass_measured","g",14.7,14.7,1,1,0,FALSE,"Sherwood","secondary","mass_compilation_unspecified",14.7,14.7
"Hapalemur occidentalis","mass","Brain_Mass_mass_or_volume","g",14.2,14.2,1,1,0,FALSE,"Burger","secondary","mass_or_volume_mixed",14.2,14.2
"Hapalemur simus","mass","Brain_Mass_measured","g",9.53,9.53,2,1,1,TRUE,"Stephan_collection","primary","mass_fresh",9.53,9.53
"Harpiocephalus harpia","mass","Brain_Mass_mass_or_volume","g",0.442,0.442,1,1,0,FALSE,"Burger","secondary","mass_or_volume_mixed",0.442,0.442
"Harpiocephalus harpia","mass","Brain_Mass_measured","g",0.442,0.442,1,1,0,FALSE,"Zilles","secondary","mass_fresh",0.442,0.442
"Helarctos malayanus","mass","Brain_Mass_mass_or_volume","g",385.5,385.5,2,2,0,FALSE,"Boddy; Burger","secondary","mass_or_volume_mixed",385.5,385.5
"Heliophobius argenteocinereus","mass","Brain_Mass_mass_or_volume","g",1.43,1.43,2,2,0,FALSE,"Boddy; Burger","secondary","mass_or_volume_mixed",1.43,1.43
"Heliophobius argenteocinereus","mass","Brain_size_sum_of_structures","g",1.65,1.65,1,1,0,FALSE,"Kverkova","secondary","sum_of_structure_volumes",1.65,1.65
"Heliosciurus gambianus","mass","Brain_Mass_mass_or_volume","g",3.99,3.99,2,2,0,FALSE,"Boddy; Burger","secondary","mass_or_volume_mixed",3.99,3.99
"Heliosciurus rufobrachium","mass","Brain_Mass_mass_or_volume","g",5.75,5.75,2,2,0,FALSE,"Boddy; Burger","secondary","mass_or_volume_mixed",5.75,5.75
"Heliosciurus ruwenzorii","mass","Brain_Mass_mass_or_volume","g",5.4,5.4,2,2,0,FALSE,"Boddy; Burger","secondary","mass_or_volume_mixed",5.4,5.4
"Helogale parvula","mass","Brain_Mass_mass_or_volume","g",4.8,4.8,1,1,0,FALSE,"Burger","secondary","mass_or_volume_mixed",4.8,4.8
"Hemibelideus lemuroides","mass","Brain_Mass_mass_or_volume","g",3.15,3.15,1,1,0,FALSE,"Burger","secondary","mass_or_volume_mixed",3.15,3.15
"Hemicentetes semispinosus","mass","Brain_Mass_mass_or_volume","g",0.83,0.83,2,2,0,FALSE,"Boddy; Burger","secondary","mass_or_volume_mixed",0.83,0.83
"Hemicentetes semispinosus","mass","Brain_Mass_measured","g",0.83,0.83,7,2,1,TRUE,"Stephan_collection; Zilles","primary; secondary","mass_fresh",0.83,0.89
"Hemiechinus auritus","mass","Brain_Mass_mass_or_volume","g",1.9,1.9,2,2,0,FALSE,"Boddy; Burger","secondary","mass_or_volume_mixed",1.9,1.9
"Hemiechinus auritus","mass","Brain_Mass_measured","g",1.4325,1.4325,8,3,2,TRUE,"Nudo; Stephan_collection; Zilles","primary; secondary","mass_fresh; mass_unspecified",0.965,2.04
"Hemigalus derbyanus","mass","Brain_Mass_mass_or_volume","g",18.9,18.9,1,1,0,FALSE,"Burger","secondary","mass_or_volume_mixed",18.9,18.9
"Hemitragus jemlahicus","mass","Brain_Mass_mass_or_volume","g",166,166,1,1,0,FALSE,"Burger","secondary","mass_or_volume_mixed",166,166
"Hen (Gallus domest.)","mass","Brain_Mass_measured","g",3.3,3.3,1,1,0,FALSE,"Krompecher","secondary","mass_unspecified",3.3,3.3
"Herpestes edwardsi","mass","Brain_Mass_mass_or_volume","g",10.49,10.49,1,1,0,FALSE,"Burger","secondary","mass_or_volume_mixed",10.49,10.49
"Herpestes fuscus","mass","Brain_Mass_mass_or_volume","g",12.55,12.55,1,1,0,FALSE,"Burger","secondary","mass_or_volume_mixed",12.55,12.55
"Herpestes ichneumon","mass","Brain_Mass_mass_or_volume","g",23.3,23.3,1,1,0,FALSE,"Burger","secondary","mass_or_volume_mixed",23.3,23.3
"Herpestes javanicus","mass","Brain_Mass_mass_or_volume","g",7.2,7.2,1,1,0,FALSE,"Burger","secondary","mass_or_volume_mixed",7.2,7.2
"Herpestes naso","mass","Brain_Mass_mass_or_volume","g",25.53,25.53,1,1,0,FALSE,"Burger","secondary","mass_or_volume_mixed",25.53,25.53
"Herpestes smithii","mass","Brain_Mass_mass_or_volume","g",14.6,14.6,1,1,0,FALSE,"Burger","secondary","mass_or_volume_mixed",14.6,14.6
"Herpestes urva","mass","Brain_Mass_mass_or_volume","g",20.91,20.91,1,1,0,FALSE,"Burger","secondary","mass_or_volume_mixed",20.91,20.91
"Herpestes vitticollis","mass","Brain_Mass_mass_or_volume","g",25.79,25.79,1,1,0,FALSE,"Burger","secondary","mass_or_volume_mixed",25.79,25.79
"Hesperoptenus blanfordi","mass","Brain_Mass_mass_or_volume","g",0.158,0.158,1,1,0,FALSE,"Burger","secondary","mass_or_volume_mixed",0.158,0.158
"Hesperoptenus blanfordi","mass","Brain_Mass_measured","g",0.1603,0.1603,3,1,0,FALSE,"Zilles","secondary","mass_fresh",0.158,0.164
"Heterocephalus glaber","mass","Brain_Mass_excl_olfactory_bulb","g",0.392,0.392,1,1,1,TRUE,"HerculanoHouzel","primary","mass_excl_olfactory_bulb",0.392,0.392
"Heterocephalus glaber","mass","Brain_Mass_mass_or_volume","g",0.52,0.52,2,2,0,FALSE,"Boddy; Burger","secondary","mass_or_volume_mixed",0.52,0.52
"Heterocephalus glaber","mass","Brain_size_sum_of_structures","g",0.44,0.44,1,1,0,FALSE,"Kverkova","secondary","sum_of_structure_volumes",0.44,0.44
"Heterohyrax brucei","mass","Brain_Mass_mass_or_volume","g",12.27,12.27,1,1,0,FALSE,"Burger","secondary","mass_or_volume_mixed",12.27,12.27
"Heteromys desmarestianus","mass","Brain_Mass_mass_or_volume","g",1.1277,1.1277,2,2,0,FALSE,"Boddy; Burger","secondary","mass_or_volume_mixed",1.1253,1.13
"Hexaprotodon liberiensis","mass","Brain_Mass_mass_or_volume","g",215,215,1,1,0,FALSE,"Burger","secondary","mass_or_volume_mixed",215,215
"Hippopotamus amphibius","mass","Brain_Mass_mass_or_volume","g",720,720,2,2,0,FALSE,"Boddy; Burger","secondary","mass_or_volume_mixed",720,720
"Hippopotamus amphibius","mass","Brain_Mass_measured","g",590,590,1,1,0,FALSE,"Garwicz","secondary","mass_compilation_unspecified",590,590
"Hipposideros armiger","mass","Brain_Mass_mass_or_volume","g",0.8,0.8,1,1,0,FALSE,"Burger","secondary","mass_or_volume_mixed",0.8,0.8
"Hipposideros armiger","mass","Brain_Mass_measured","g",0.8083,0.8083,3,1,0,FALSE,"Zilles","secondary","mass_fresh",0.8,0.816
"Hipposideros ater","mass","Brain_Mass_mass_or_volume","g",0.198,0.198,1,1,0,FALSE,"Burger","secondary","mass_or_volume_mixed",0.198,0.198
"Hipposideros ater","mass","Brain_Mass_measured","g",0.215,0.215,2,1,0,FALSE,"Zilles","secondary","mass_fresh",0.21,0.22
"Hipposideros ater saevus","mass","Brain_Mass_measured","g",0.1837,0.1837,3,1,0,FALSE,"Zilles","secondary","mass_fresh",0.183,0.184
"Hipposideros bicolor","mass","Brain_Mass_mass_or_volume","g",0.2392,0.2392,2,2,0,FALSE,"Boddy; Burger","secondary","mass_or_volume_mixed",0.2383,0.24
"Hipposideros caffer","mass","Brain_Mass_mass_or_volume","g",0.3165,0.3165,2,2,0,FALSE,"Boddy; Burger","secondary","mass_or_volume_mixed",0.313,0.32
"Hipposideros caffer","mass","Brain_Mass_measured","g",0.3017,0.3017,3,1,0,FALSE,"Zilles","secondary","mass_fresh",0.294,0.314
"Hipposideros calcaratus","mass","Brain_Mass_mass_or_volume","g",0.369,0.369,1,1,0,FALSE,"Burger","secondary","mass_or_volume_mixed",0.369,0.369
"Hipposideros calcaratus","mass","Brain_Mass_measured","g",0.4487,0.4487,3,1,0,FALSE,"Zilles","secondary","mass_fresh",0.434,0.466
"Hipposideros calcaratus ssp.","mass","Brain_Mass_measured","g",0.398,0.398,3,1,0,FALSE,"Zilles","secondary","mass_fresh",0.385,0.413
"Hipposideros cervinus","mass","Brain_Mass_mass_or_volume","g",0.214,0.214,1,1,0,FALSE,"Burger","secondary","mass_or_volume_mixed",0.214,0.214
"Hipposideros cineraceus","mass","Brain_Mass_measured","g",0.1755,0.1755,2,1,0,FALSE,"Zilles","secondary","mass_fresh",0.162,0.189
"Hipposideros cupidus","mass","Brain_Mass_measured","g",0.335,0.335,3,1,0,FALSE,"Zilles","secondary","mass_fresh",0.319,0.35
"Hipposideros diadema","mass","Brain_Mass_mass_or_volume","g",0.715,0.715,1,1,0,FALSE,"Burger","secondary","mass_or_volume_mixed",0.715,0.715
"Hipposideros diadema","mass","Brain_Mass_measured","g",0.7268,0.7268,4,1,0,FALSE,"Zilles","secondary","mass_fresh",0.67,0.83
"Hipposideros fulvus","mass","Brain_Mass_mass_or_volume","g",0.236,0.236,1,1,0,FALSE,"Burger","secondary","mass_or_volume_mixed",0.236,0.236
"Hipposideros fulvus","mass","Brain_Mass_measured","g",0.2405,0.2405,2,1,0,FALSE,"Zilles","secondary","mass_fresh",0.232,0.249
"Hipposideros galeritus","mass","Brain_Mass_mass_or_volume","g",0.279,0.279,1,1,0,FALSE,"Burger","secondary","mass_or_volume_mixed",0.279,0.279
"Hipposideros galeritus ssp.","mass","Brain_Mass_measured","g",0.2127,0.2127,3,1,0,FALSE,"Zilles","secondary","mass_fresh",0.205,0.218
"Hipposideros halophyllus","mass","Brain_Mass_mass_or_volume","g",0.152,0.152,1,1,0,FALSE,"Burger","secondary","mass_or_volume_mixed",0.152,0.152
"Hipposideros halophyllus","mass","Brain_Mass_measured","g",0.1515,0.1515,2,1,0,FALSE,"Zilles","secondary","mass_fresh",0.15,0.153
"Hipposideros lankadiva","mass","Brain_Mass_mass_or_volume","g",0.733,0.733,1,1,0,FALSE,"Burger","secondary","mass_or_volume_mixed",0.733,0.733
"Hipposideros lankadiva","mass","Brain_Mass_measured","g",0.7327,0.7327,3,1,0,FALSE,"Zilles","secondary","mass_fresh",0.725,0.738
"Hipposideros larvatus","mass","Brain_Mass_mass_or_volume","g",0.4165,0.4165,1,1,0,FALSE,"Burger","secondary","mass_or_volume_mixed",0.4165,0.4165
"Hipposideros larvatus","mass","Brain_Mass_measured","g",0.43,0.43,3,1,0,FALSE,"Zilles","secondary","mass_fresh",0.42,0.445
"Hipposideros lekaguli","mass","Brain_Mass_mass_or_volume","g",0.584,0.584,1,1,0,FALSE,"Burger","secondary","mass_or_volume_mixed",0.584,0.584
"Hipposideros lekaguli","mass","Brain_Mass_measured","g",0.5853,0.5853,3,1,0,FALSE,"Zilles","secondary","mass_fresh",0.578,0.596
"Hipposideros maggietaylorae","mass","Brain_Mass_mass_or_volume","g",0.5425,0.5425,1,1,0,FALSE,"Burger","secondary","mass_or_volume_mixed",0.5425,0.5425
"Hipposideros maggietaylorae","mass","Brain_Mass_measured","g",0.634,0.634,1,1,0,FALSE,"Zilles","secondary","mass_fresh",0.634,0.634
"Hipposideros muscinus","mass","Brain_Mass_measured","g",0.1895,0.1895,2,1,0,FALSE,"Zilles","secondary","mass_fresh",0.187,0.192
"Hipposideros pomona","mass","Brain_Mass_mass_or_volume","g",0.233,0.233,1,1,0,FALSE,"Burger","secondary","mass_or_volume_mixed",0.233,0.233
"Hipposideros ridleyi","mass","Brain_Mass_mass_or_volume","g",0.269,0.269,1,1,0,FALSE,"Burger","secondary","mass_or_volume_mixed",0.269,0.269
"Hipposideros ridleyi","mass","Brain_Mass_measured","g",0.2683,0.2683,3,1,0,FALSE,"Zilles","secondary","mass_fresh",0.24,0.285
"Hipposideros ruber","mass","Brain_Mass_mass_or_volume","g",0.265,0.265,1,1,0,FALSE,"Burger","secondary","mass_or_volume_mixed",0.265,0.265
"Hipposideros speoris","mass","Brain_Mass_mass_or_volume","g",0.284,0.284,1,1,0,FALSE,"Burger","secondary","mass_or_volume_mixed",0.284,0.284
"Hipposideros speoris","mass","Brain_Mass_measured","g",0.284,0.284,2,1,0,FALSE,"Zilles","secondary","mass_fresh",0.283,0.285
"Hipposideros tridens","mass","Brain_Mass_measured","g",0.27,0.27,1,1,0,FALSE,"Zilles","secondary","mass_fresh",0.27,0.27
"Hipposideros turpis","mass","Brain_Mass_mass_or_volume","g",0.599,0.599,1,1,0,FALSE,"Burger","secondary","mass_or_volume_mixed",0.599,0.599
"Hipposideros turpis","mass","Brain_Mass_measured","g",0.604,0.604,3,1,0,FALSE,"Zilles","secondary","mass_fresh",0.597,0.613
"Hippotragus equinus","mass","Brain_Mass_mass_or_volume","g",387.9,387.9,1,1,0,FALSE,"Burger","secondary","mass_or_volume_mixed",387.9,387.9
"Hippotragus niger","mass","Brain_Mass_mass_or_volume","g",282,282,1,1,0,FALSE,"Burger","secondary","mass_or_volume_mixed",282,282
"Histriophoca fasciata","mass","Brain_Mass_mass_or_volume","g",248.75,248.75,1,1,0,FALSE,"Burger","secondary","mass_or_volume_mixed",248.75,248.75
"Holochilus chacarius","mass","Brain_Mass_mass_or_volume","g",1.61,1.61,1,1,0,FALSE,"Burger","secondary","mass_or_volume_mixed",1.61,1.61
"Holochilus sciureus","mass","Brain_Mass_mass_or_volume","g",1.41,1.41,2,2,0,FALSE,"Boddy; Burger","secondary","mass_or_volume_mixed",1.41,1.41
"Homo sapiens","mass","Brain_Mass_excl_olfactory_bulb","g",1508.91,1508.91,1,1,1,TRUE,"HerculanoHouzel","primary","mass_excl_olfactory_bulb",1508.91,1508.91
"Homo sapiens","mass","Brain_Mass_mass_or_volume","g",1509,1509,13,4,1,TRUE,"Boddy; Burger; DeCasien; HerculanoHouzel","primary; secondary","mass_or_volume_mixed",1084,1509
"Homo sapiens","mass","Brain_Mass_measured","g",1347.2544,1333,47,10,4,TRUE,"Armstrong; Brodmann; Garwicz; Karl; Krompecher; Lewitus; Sherwood; Stephan_collection; Zilles; deSousa","primary; secondary","mass_compilation_unspecified; mass_fresh; mass_fresh_or_fixed_mixed; mass_specimen; mass_unspecified",122.5,1890
"Homo sapiens (MRI)","mass","Brain_Mass_from_volume_or_ecv","g",1302,1302,1,1,1,TRUE,"Weaver","primary","mass_from_volume_or_ecv",1302,1302
"Hoplomys gymnurus","mass","Brain_Mass_mass_or_volume","g",4.13,4.13,2,2,0,FALSE,"Boddy; Burger","secondary","mass_or_volume_mixed",4.13,4.13
"Horse (Equus caballus)","mass","Brain_Mass_measured","g",532,532,1,1,0,FALSE,"Krompecher","secondary","mass_unspecified",532,532
"Hyaena brunnea","mass","Brain_Mass_mass_or_volume","g",106.7,106.7,1,1,0,FALSE,"Burger","secondary","mass_or_volume_mixed",106.7,106.7
"Hyaena hyaena","mass","Brain_Mass_mass_or_volume","g",97.5,97.5,1,1,0,FALSE,"Burger","secondary","mass_or_volume_mixed",97.5,97.5
"Hybomys trivirgatus","mass","Brain_Mass_mass_or_volume","g",1.1,1.1,2,2,0,FALSE,"Boddy; Burger","secondary","mass_or_volume_mixed",1.1,1.1
"Hydrictis maculicollis","mass","Brain_Mass_mass_or_volume","g",33,33,1,1,0,FALSE,"Burger","secondary","mass_or_volume_mixed",33,33
"Hydrochaeris hydrochaeris","mass","Brain_Mass_mass_or_volume","g",75,75,1,1,0,FALSE,"Boddy","secondary","mass_or_volume_mixed",75,75
"Hydrochoeris hydrochaeris","mass","Brain_Mass_mass_or_volume","g",75,75,1,1,0,FALSE,"Burger","secondary","mass_or_volume_mixed",75,75
"Hydrochoerus hydrochaeris","mass","Brain_Mass_excl_olfactory_bulb","g",74.734,74.734,1,1,1,TRUE,"HerculanoHouzel","primary","mass_excl_olfactory_bulb",74.734,74.734
"Hydrochoerus hydrochaeris","mass","Brain_Mass_measured","g",63.5,63.5,2,1,0,FALSE,"Lewitus","secondary","mass_fresh; mass_unspecified",63.5,63.5
"Hydromys chrysogaster","mass","Brain_Mass_mass_or_volume","g",4.33,4.33,2,2,0,FALSE,"Boddy; Burger","secondary","mass_or_volume_mixed",4.33,4.33
"Hydromys chrysogaster","mass","Brain_Mass_measured","g",4.034,4.034,1,1,0,FALSE,"Zilles","secondary","mass_fresh",4.034,4.034
"Hydropotes inermis","mass","Brain_Mass_mass_or_volume","g",52,52,1,1,0,FALSE,"Burger","secondary","mass_or_volume_mixed",52,52
"Hydrurga leptonyx","mass","Brain_Mass_mass_or_volume","g",712.5,712.5,2,2,0,FALSE,"Boddy; Burger","secondary","mass_or_volume_mixed",712.5,712.5
"Hyemoschus aquaticus","mass","Brain_Mass_mass_or_volume","g",25.2,25.2,1,1,0,FALSE,"Burger","secondary","mass_or_volume_mixed",25.2,25.2
"Hylobates","mass","Brain_Mass_from_volume_or_ecv","g",74.1,74.1,1,1,1,TRUE,"Weaver","primary","mass_from_volume_or_ecv",74.1,74.1
"Hylobates agilis","mass","Brain_Mass_mass_or_volume","g",88.1,88.1,14,3,0,FALSE,"Boddy; Burger; DeCasien","secondary","mass_or_volume_mixed",76,108.7
"Hylobates klossii","mass","Brain_Mass_mass_or_volume","g",87.9913,87.9913,1,1,0,FALSE,"Burger","secondary","mass_or_volume_mixed",87.9913,87.9913
"Hylobates lar","mass","Brain_Mass_mass_or_volume","g",93.9927,93.994,4,3,0,FALSE,"Boddy; Burger; DeCasien","secondary","mass_or_volume_mixed",85.988,102
"Hylobates lar","mass","Brain_Mass_measured","g",101.325,101.325,24,6,2,TRUE,"Armstrong; Jacobs; Lewitus; Stephan_collection; Zilles; deSousa","info; primary; secondary","mass_fresh; mass_fresh_or_fixed_mixed; mass_specimen; mass_unspecified",92,134.8
"Hylobates moloch","mass","Brain_Mass_mass_or_volume","g",103,103,1,1,0,FALSE,"Burger","secondary","mass_or_volume_mixed",103,103
"Hylobates muelleri","mass","Brain_Mass_mass_or_volume","g",97.4742,95.3125,3,3,0,FALSE,"Boddy; Burger; DeCasien","secondary","mass_or_volume_mixed",95.31,101.8
"Hylobates muelleri","mass","Brain_Mass_measured","g",101.8,101.8,2,1,1,TRUE,"Zilles","primary; secondary","mass_unspecified",101.8,101.8
"Hylobates mulleri","mass","Brain_Mass_mass_or_volume","g",94.3857,94.3857,7,1,0,FALSE,"DeCasien","secondary","mass_or_volume_mixed",84.4,108.5
"Hylobates pileatus","mass","Brain_Mass_mass_or_volume","g",84.6852,84.6852,1,1,0,FALSE,"Burger","secondary","mass_or_volume_mixed",84.6852,84.6852
"Hylobates sp.","mass","Brain_Mass_mass_or_volume","g",101.6667,101.6667,3,1,0,FALSE,"DeCasien","secondary","mass_or_volume_mixed",99,106.5
"Hylobates sp.","mass","Brain_Mass_measured","g",118,118,1,1,1,TRUE,"Brodmann","primary","mass_unspecified",118,118
"Hylobates syndactylus","mass","Brain_Mass_mass_or_volume","g",134.8,134.8,1,1,0,FALSE,"Boddy","secondary","mass_or_volume_mixed",134.8,134.8
"Hylochoerus meinertzhageni","mass","Brain_Mass_mass_or_volume","g",141,141,1,1,0,FALSE,"Burger","secondary","mass_or_volume_mixed",141,141
"Hylomys suillus","mass","Brain_Mass_measured","g",1.2,1.2,1,1,0,FALSE,"Zilles","secondary","mass_fresh",1.2,1.2
"Hylopetes spadiceus","mass","Brain_Mass_mass_or_volume","g",1.87,1.87,2,2,0,FALSE,"Boddy; Burger","secondary","mass_or_volume_mixed",1.87,1.87
"Hypsignathus monstrosus","mass","Brain_Mass_mass_or_volume","g",3.4074,3.4074,2,2,0,FALSE,"Boddy; Burger","secondary","mass_or_volume_mixed",3.4,3.4148
"Hypsignathus monstrosus","mass","Brain_Mass_measured","g",3.767,3.767,1,1,0,FALSE,"Zilles","secondary","mass_fresh",3.767,3.767
"Hypsugo crassulus","mass","Brain_Mass_mass_or_volume","g",0.132,0.132,1,1,0,FALSE,"Burger","secondary","mass_or_volume_mixed",0.132,0.132
"Hypsugo imbricatus","mass","Brain_Mass_mass_or_volume","g",0.137,0.137,1,1,0,FALSE,"Burger","secondary","mass_or_volume_mixed",0.137,0.137
"Hypsugo pulveratus","mass","Brain_Mass_mass_or_volume","g",0.143,0.143,1,1,0,FALSE,"Burger","secondary","mass_or_volume_mixed",0.143,0.143
"Hystrix africaeaustralis","mass","Brain_Mass_mass_or_volume","g",35.71,35.71,1,1,0,FALSE,"Burger","secondary","mass_or_volume_mixed",35.71,35.71
"Hystrix brachyura","mass","Brain_Mass_mass_or_volume","g",37.64,37.64,1,1,0,FALSE,"Burger","secondary","mass_or_volume_mixed",37.64,37.64
"Hystrix cristata","mass","Brain_Mass_mass_or_volume","g",32.4,32.4,1,1,0,FALSE,"Burger","secondary","mass_or_volume_mixed",32.4,32.4
"Hystrix indica","mass","Brain_Mass_mass_or_volume","g",44.07,44.07,1,1,0,FALSE,"Burger","secondary","mass_or_volume_mixed",44.07,44.07
"Hystrix sumatrae","mass","Brain_Mass_mass_or_volume","g",27.04,27.04,1,1,0,FALSE,"Burger","secondary","mass_or_volume_mixed",27.04,27.04
"Ia io","mass","Brain_Mass_measured","g",0.761,0.761,1,1,0,FALSE,"Zilles","secondary","mass_fresh",0.761,0.761
"Ichneumia albicauda","mass","Brain_Mass_mass_or_volume","g",28.3,28.3,2,2,0,FALSE,"Boddy; Burger","secondary","mass_or_volume_mixed",28.3,28.3
"Ictonyx libyca","mass","Brain_Mass_mass_or_volume","g",4.48,4.48,1,1,0,FALSE,"Burger","secondary","mass_or_volume_mixed",4.48,4.48
"Ictonyx striatus","mass","Brain_Mass_mass_or_volume","g",8.5,8.5,1,1,0,FALSE,"Burger","secondary","mass_or_volume_mixed",8.5,8.5
"Ignacius graybullianus","mass","Brain_Mass_mass_or_volume","g",2.14,2.14,1,1,0,FALSE,"DeCasien","secondary","mass_or_volume_mixed",2.14,2.14
"Indri indri","mass","Brain_Mass_mass_or_volume","g",38.3,38.3,3,3,0,FALSE,"Boddy; Burger; DeCasien","secondary","mass_or_volume_mixed",38.3,38.3
"Indri indri","mass","Brain_Mass_measured","g",36.7583,36.7583,9,3,2,TRUE,"Lewitus; Stephan_collection; Zilles","primary; secondary","mass_fresh; mass_unspecified",33.65,38.3
"Inia geoffrensis","mass","Brain_Mass_mass_or_volume","g",633.645,633.645,1,1,0,FALSE,"Burger","secondary","mass_or_volume_mixed",633.645,633.645
"Inia geoffrensis","mass","Brain_Mass_measured","g",610,610,1,1,0,FALSE,"Manger","secondary","mass_compilation_unspecified",610,610
"Iomys horsfieldii","mass","Brain_Mass_mass_or_volume","g",3.38,3.38,2,2,0,FALSE,"Boddy; Burger","secondary","mass_or_volume_mixed",3.38,3.38
"Isoodon macrourus","mass","Brain_Mass_mass_or_volume","g",4.4996,4.4996,2,2,0,FALSE,"Boddy; Burger","secondary","mass_or_volume_mixed",4.42,4.5791
"Isoodon obesulus","mass","Brain_Mass_mass_or_volume","g",4.03,4.03,2,2,0,FALSE,"Boddy; Burger","secondary","mass_or_volume_mixed",4.03,4.03
"Isoodon obesulus","mass","Brain_Mass_measured","g",5.24,5.24,3,1,1,TRUE,"Pirlot","primary","mass_unspecified",5.15,5.31
"Isthmomys pirrensis","mass","Brain_Mass_mass_or_volume","g",1.71,1.71,2,2,0,FALSE,"Boddy; Burger","secondary","mass_or_volume_mixed",1.71,1.71
"Jaculus jaculus","mass","Brain_Mass_mass_or_volume","g",1.53,1.53,2,2,0,FALSE,"Boddy; Burger","secondary","mass_or_volume_mixed",1.53,1.53
"Jaculus orientalis","mass","Brain_Mass_mass_or_volume","g",2.5,2.5,2,2,0,FALSE,"Boddy; Burger","secondary","mass_or_volume_mixed",2.5,2.5
"Kerivoula papillosa","mass","Brain_Mass_mass_or_volume","g",0.31,0.31,1,1,0,FALSE,"Burger","secondary","mass_or_volume_mixed",0.31,0.31
"Kerivoula papillosa","mass","Brain_Mass_measured","g",0.31,0.31,1,1,0,FALSE,"Zilles","secondary","mass_fresh",0.31,0.31
"Kerivoula pellucida","mass","Brain_Mass_mass_or_volume","g",0.203,0.203,1,1,0,FALSE,"Burger","secondary","mass_or_volume_mixed",0.203,0.203
"Kerivoula pellucida","mass","Brain_Mass_measured","g",0.203,0.203,1,1,0,FALSE,"Zilles","secondary","mass_fresh",0.203,0.203
"Kerivoula phalaena","mass","Brain_Mass_mass_or_volume","g",0.116,0.116,1,1,0,FALSE,"Burger","secondary","mass_or_volume_mixed",0.116,0.116
"Kerivoula phalaena","mass","Brain_Mass_measured","g",0.116,0.116,1,1,0,FALSE,"Zilles","secondary","mass_fresh",0.116,0.116
"KNM-ER 1470","mass","Brain_Mass_from_volume_or_ecv","g",710.95,710.95,1,1,1,TRUE,"Weaver","primary","mass_from_volume_or_ecv",710.95,710.95
"KNM-ER 1805","mass","Brain_Mass_from_volume_or_ecv","g",546.07,546.07,1,1,1,TRUE,"Weaver","primary","mass_from_volume_or_ecv",546.07,546.07
"KNM-ER 1813","mass","Brain_Mass_from_volume_or_ecv","g",495.28,495.28,1,1,1,TRUE,"Weaver","primary","mass_from_volume_or_ecv",495.28,495.28
"KNM-ER 23000","mass","Brain_Mass_from_volume_or_ecv","g",466.76,466.76,1,1,1,TRUE,"Weaver","primary","mass_from_volume_or_ecv",466.76,466.76
"KNM-ER 3733","mass","Brain_Mass_from_volume_or_ecv","g",765.1,765.1,1,1,1,TRUE,"Weaver","primary","mass_from_volume_or_ecv",765.1,765.1
"KNM-ER 3883","mass","Brain_Mass_from_volume_or_ecv","g",722.47,722.47,1,1,1,TRUE,"Weaver","primary","mass_from_volume_or_ecv",722.47,722.47
"KNM-WT 15000","mass","Brain_Mass_from_volume_or_ecv","g",823.52,823.52,1,1,1,TRUE,"Weaver","primary","mass_from_volume_or_ecv",823.52,823.52
"Kobus ellipsiprymnus","mass","Brain_Mass_mass_or_volume","g",290,290,2,2,0,FALSE,"Boddy; Burger","secondary","mass_or_volume_mixed",290,290
"Kobus kob","mass","Brain_Mass_mass_or_volume","g",204,204,1,1,0,FALSE,"Burger","secondary","mass_or_volume_mixed",204,204
"Kobus leche","mass","Brain_Mass_mass_or_volume","g",222.7,222.7,1,1,0,FALSE,"Burger","secondary","mass_or_volume_mixed",222.7,222.7
"Kogia breviceps","mass","Brain_Mass_mass_or_volume","g",1019,1019,1,1,0,FALSE,"Burger","secondary","mass_or_volume_mixed",1019,1019
"Kogia breviceps","mass","Brain_Mass_measured","g",1012,1012,1,1,0,FALSE,"Manger","secondary","mass_compilation_unspecified",1012,1012
"Kogia sima","mass","Brain_Mass_mass_or_volume","g",622,622,1,1,0,FALSE,"Burger","secondary","mass_or_volume_mixed",622,622
"Kogia simus","mass","Brain_Mass_measured","g",622,622,1,1,0,FALSE,"Manger","secondary","mass_compilation_unspecified",622,622
"La Chapelle I","mass","Brain_Mass_from_volume_or_ecv","g",1516.76,1516.76,1,1,1,TRUE,"Weaver","primary","mass_from_volume_or_ecv",1516.76,1516.76
"La Ferrassie I","mass","Brain_Mass_from_volume_or_ecv","g",1575.83,1575.83,1,1,1,TRUE,"Weaver","primary","mass_from_volume_or_ecv",1575.83,1575.83
"Lagenorhynchus acutus","mass","Brain_Mass_mass_or_volume","g",1103.17,1103.17,1,1,0,FALSE,"Burger","secondary","mass_or_volume_mixed",1103.17,1103.17
"Lagenorhynchus acutus","mass","Brain_Mass_measured","g",1200,1200,1,1,0,FALSE,"Manger","secondary","mass_compilation_unspecified",1200,1200
"Lagenorhynchus albirostris","mass","Brain_Mass_mass_or_volume","g",1126,1126,1,1,0,FALSE,"Burger","secondary","mass_or_volume_mixed",1126,1126
"Lagenorhynchus albirostris","mass","Brain_Mass_measured","g",1126,1126,1,1,0,FALSE,"Manger","secondary","mass_compilation_unspecified",1126,1126
"Lagenorhynchus obliquidens","mass","Brain_Mass_mass_or_volume","g",1136.75,1136.75,2,2,0,FALSE,"Boddy; Burger","secondary","mass_or_volume_mixed",1136.75,1136.75
"Lagenorhynchus obliquidens","mass","Brain_Mass_measured","g",1140,1140,1,1,0,FALSE,"Manger","secondary","mass_compilation_unspecified",1140,1140
"Lagenorhynchus obscurus","mass","Brain_Mass_mass_or_volume","g",886.1,886.1,1,1,0,FALSE,"Burger","secondary","mass_or_volume_mixed",886.1,886.1
"Lagidium viscacia","mass","Brain_Mass_mass_or_volume","g",15.0775,15.0775,2,2,0,FALSE,"Boddy; Burger","secondary","mass_or_volume_mixed",15.075,15.08
"Lagorchestes conspicillatus","mass","Brain_Mass_mass_or_volume","g",14.252,14.252,2,2,0,FALSE,"Boddy; Burger","secondary","mass_or_volume_mixed",14,14.504
"Lagorchestes hirsutus","mass","Brain_Mass_mass_or_volume","g",7.77,7.77,1,1,0,FALSE,"Burger","secondary","mass_or_volume_mixed",7.77,7.77
"Lagorchestes leporides","mass","Brain_Mass_mass_or_volume","g",12.6,12.6,1,1,0,FALSE,"Burger","secondary","mass_or_volume_mixed",12.6,12.6
"Lagostomus maximus","mass","Brain_Mass_mass_or_volume","g",12.66,12.66,2,2,0,FALSE,"Boddy; Burger","secondary","mass_or_volume_mixed",12.66,12.66
"Lagostrophus fasciatus","mass","Brain_Mass_mass_or_volume","g",7,7,1,1,0,FALSE,"Burger","secondary","mass_or_volume_mixed",7,7
"Lagothrix cana","mass","Brain_Mass_mass_or_volume","g",99.3441,99.3441,1,1,0,FALSE,"Burger","secondary","mass_or_volume_mixed",99.3441,99.3441
"Lagothrix lagothricha","mass","Brain_Mass_mass_or_volume","g",92.6557,89.35,7,3,0,FALSE,"Boddy; Burger; DeCasien","secondary","mass_or_volume_mixed",86.2,112
"Lagothrix lagothricha","mass","Brain_Mass_measured","g",101,101,9,4,1,TRUE,"Lewitus; Sherwood; Stephan_collection; Zilles","primary; secondary","mass_compilation_unspecified; mass_fresh; mass_unspecified",1.023,101
"Lagothrix poeppigii","mass","Brain_Mass_mass_or_volume","g",99.23,99.23,1,1,0,FALSE,"Burger","secondary","mass_or_volume_mixed",99.23,99.23
"Lagurus lagurus","mass","Brain_Mass_mass_or_volume","g",0.42,0.42,2,2,0,FALSE,"Boddy; Burger","secondary","mass_or_volume_mixed",0.42,0.42
"Lama glama","mass","Brain_Mass_mass_or_volume","g",264.2,264.2,1,1,0,FALSE,"Burger","secondary","mass_or_volume_mixed",264.2,264.2
"Lama glama","mass","Brain_Mass_measured","g",216.77,216.77,1,1,0,FALSE,"Lewitus","secondary","mass_fresh",216.77,216.77
"Lama glama domesticus","mass","Brain_Mass_measured","g",216.7667,216.7667,1,1,0,FALSE,"Lewitus","secondary","mass_unspecified",216.7667,216.7667
"Lasiorhinus latifrons","mass","Brain_Mass_mass_or_volume","g",55.5,55.5,1,1,0,FALSE,"Burger","secondary","mass_or_volume_mixed",55.5,55.5
"Lasiurus borealis","mass","Brain_Mass_mass_or_volume","g",0.17,0.17,1,1,0,FALSE,"Burger","secondary","mass_or_volume_mixed",0.17,0.17
"Lasiurus borealis","mass","Brain_Mass_measured","g",0.17,0.17,1,1,0,FALSE,"Zilles","secondary","mass_fresh",0.17,0.17
"Lavia frons","mass","Brain_Mass_mass_or_volume","g",0.644,0.644,1,1,0,FALSE,"Burger","secondary","mass_or_volume_mixed",0.644,0.644
"Lavia frons","mass","Brain_Mass_measured","g",0.644,0.644,2,1,0,FALSE,"Zilles","secondary","mass_fresh",0.625,0.663
"Lemmus lemmus","mass","Brain_Mass_mass_or_volume","g",0.86,0.86,2,2,0,FALSE,"Boddy; Burger","secondary","mass_or_volume_mixed",0.86,0.86
"Lemmus sibiricus","mass","Brain_Mass_mass_or_volume","g",1.49,1.49,1,1,0,FALSE,"Burger","secondary","mass_or_volume_mixed",1.49,1.49
"Lemmus trimucronatus","mass","Brain_Mass_mass_or_volume","g",0.9,0.9,1,1,0,FALSE,"Burger","secondary","mass_or_volume_mixed",0.9,0.9
"Lemniscomys striatus","mass","Brain_Mass_mass_or_volume","g",0.85,0.85,2,2,0,FALSE,"Boddy; Burger","secondary","mass_or_volume_mixed",0.85,0.85
"Lemur albifrons fulvus","mass","Brain_Mass_measured","g",22.516,22.516,5,1,0,FALSE,"Zilles","secondary","mass_fresh",20.26,23.85
"Lemur catta","mass","Brain_Mass_mass_or_volume","g",21.7578,21.6333,7,3,0,FALSE,"Boddy; Burger; DeCasien","secondary","mass_or_volume_mixed",20.8,23.35
"Lemur catta","mass","Brain_Mass_measured","g",22.3,22.3,3,3,1,TRUE,"Karl; Lewitus; Sherwood","primary; secondary","mass_compilation_unspecified; mass_specimen; mass_unspecified",22.3,25.6
"Lemur mongoz","mass","Brain_Mass_measured","g",17.66,17.66,1,1,0,FALSE,"Zilles","secondary","mass_fresh",17.66,17.66
"Leontocebus sp.","mass","Brain_Mass_mass_or_volume","g",10.5525,10.5525,4,1,0,FALSE,"DeCasien","secondary","mass_or_volume_mixed",9.67,11.1
"Leontopithecus chrysomelas","mass","Brain_Mass_mass_or_volume","g",11.8427,11.8427,1,1,0,FALSE,"Burger","secondary","mass_or_volume_mixed",11.8427,11.8427
"Leontopithecus rosalia","mass","Brain_Mass_mass_or_volume","g",13.1133,13.05,7,3,0,FALSE,"Boddy; Burger; DeCasien","secondary","mass_or_volume_mixed",11.7,15.1
"Leontopithecus rosalia","mass","Brain_Mass_measured","g",12.7,12.7,3,2,1,TRUE,"Jacobs; Zilles","info; primary","mass_specimen; mass_unspecified",12.7,12.8
"Leopardus geoffroyi","mass","Brain_Mass_mass_or_volume","g",34,34,1,1,0,FALSE,"Burger","secondary","mass_or_volume_mixed",34,34
"Leopardus pardalis","mass","Brain_Mass_mass_or_volume","g",63.1,63.1,2,2,0,FALSE,"Boddy; Burger","secondary","mass_or_volume_mixed",63.1,63.1
"Leopoldamys edwardsi","mass","Brain_Mass_mass_or_volume","g",4.81,4.81,1,1,0,FALSE,"Burger","secondary","mass_or_volume_mixed",4.81,4.81
"Leopoldamys sabanus","mass","Brain_Mass_mass_or_volume","g",3.98,3.98,1,1,0,FALSE,"Burger","secondary","mass_or_volume_mixed",3.98,3.98
"Leopoldamys siporanus","mass","Brain_Mass_mass_or_volume","g",3.39,3.39,2,2,0,FALSE,"Boddy; Burger","secondary","mass_or_volume_mixed",3.39,3.39
"Lepilemur dorsalis","mass","Brain_Mass_mass_or_volume","g",6.7,6.7,1,1,0,FALSE,"Burger","secondary","mass_or_volume_mixed",6.7,6.7
"Lepilemur edwardsi","mass","Brain_Mass_mass_or_volume","g",7.25,7.25,1,1,0,FALSE,"Burger","secondary","mass_or_volume_mixed",7.25,7.25
"Lepilemur leucopus","mass","Brain_Mass_mass_or_volume","g",6.8697,6.8697,1,1,0,FALSE,"Burger","secondary","mass_or_volume_mixed",6.8697,6.8697
"Lepilemur microdon","mass","Brain_Mass_mass_or_volume","g",9.75,9.75,1,1,0,FALSE,"Burger","secondary","mass_or_volume_mixed",9.75,9.75
"Lepilemur mustelinus","mass","Brain_Mass_mass_or_volume","g",9.5599,9.5599,1,1,0,FALSE,"Burger","secondary","mass_or_volume_mixed",9.5599,9.5599
"Lepilemur ruficaudatus","mass","Brain_Mass_mass_or_volume","g",7.9416,7.9416,3,2,0,FALSE,"Burger; DeCasien","secondary","mass_or_volume_mixed",7.6,8.25
"Lepilemur ruficaudatus","mass","Brain_Mass_measured","g",7.6,7.6,10,3,1,TRUE,"Lewitus; Stephan_collection; Zilles","primary; secondary","mass_fresh; mass_unspecified",7.12,8.23
"Leptailurus serval","mass","Brain_Mass_mass_or_volume","g",54.1,54.1,2,2,0,FALSE,"Boddy; Burger","secondary","mass_or_volume_mixed",54.1,54.1
"Leptonychotes weddellii","mass","Brain_Mass_mass_or_volume","g",564.1683,564.1683,2,2,0,FALSE,"Boddy; Burger","secondary","mass_or_volume_mixed",564.1667,564.17
"Leptonycteris curasoae","mass","Brain_Mass_mass_or_volume","g",0.5688,0.5688,2,2,0,FALSE,"Boddy; Burger","secondary","mass_or_volume_mixed",0.55,0.5875
"Leptonycteris curasoae","mass","Brain_Mass_measured","g",0.61,0.61,1,1,0,FALSE,"Zilles","secondary","mass_fresh",0.61,0.61
"Leptonycteris nivalis","mass","Brain_Mass_mass_or_volume","g",0.5855,0.5855,1,1,0,FALSE,"Burger","secondary","mass_or_volume_mixed",0.5855,0.5855
"Leptonycteris nivalis","mass","Brain_Mass_measured","g",0.5863,0.5863,4,1,0,FALSE,"Zilles","secondary","mass_fresh",0.56,0.63
"Lepus americanus","mass","Brain_Mass_mass_or_volume","g",9.72,9.72,2,2,0,FALSE,"Boddy; Burger","secondary","mass_or_volume_mixed",9.72,9.72
"Lepus arcticus","mass","Brain_Mass_mass_or_volume","g",15.8,15.8,2,2,0,FALSE,"Boddy; Burger","secondary","mass_or_volume_mixed",15.8,15.8
"Lepus californicus","mass","Brain_Mass_mass_or_volume","g",13.23,13.23,2,2,0,FALSE,"Boddy; Burger","secondary","mass_or_volume_mixed",13.23,13.23
"Lepus capensis","mass","Brain_Mass_mass_or_volume","g",10.78,10.78,2,2,0,FALSE,"Boddy; Burger","secondary","mass_or_volume_mixed",10.78,10.78
"Lepus europaeus","mass","Brain_Mass_mass_or_volume","g",14.35,14.35,2,2,0,FALSE,"Boddy; Burger","secondary","mass_or_volume_mixed",14.35,14.35
"Lepus nigricollis","mass","Brain_Mass_mass_or_volume","g",11.49,11.49,2,2,0,FALSE,"Boddy; Burger","secondary","mass_or_volume_mixed",11.49,11.49
"Lepus timidus","mass","Brain_Mass_mass_or_volume","g",15.0975,15.0975,2,2,0,FALSE,"Boddy; Burger","secondary","mass_or_volume_mixed",15.095,15.1
"Lestoros inca","mass","Brain_Mass_measured","g",0.79,0.79,1,1,1,TRUE,"Pirlot","primary","mass_unspecified",0.79,0.79
"Liomys irroratus","mass","Brain_Mass_mass_or_volume","g",1.0584,1.0584,2,2,0,FALSE,"Boddy; Burger","secondary","mass_or_volume_mixed",1.0567,1.06
"Liomys pictus","mass","Brain_Mass_mass_or_volume","g",0.7718,0.7718,2,2,0,FALSE,"Boddy; Burger","secondary","mass_or_volume_mixed",0.77,0.7735
"Liomys salvini","mass","Brain_Mass_mass_or_volume","g",0.77,0.77,2,2,0,FALSE,"Boddy; Burger","secondary","mass_or_volume_mixed",0.77,0.77
"Lionycteris spurrelli","mass","Brain_Mass_mass_or_volume","g",0.352,0.352,1,1,0,FALSE,"Burger","secondary","mass_or_volume_mixed",0.352,0.352
"Lionycteris spurrelli","mass","Brain_Mass_measured","g",0.36,0.36,3,1,0,FALSE,"Zilles","secondary","mass_fresh",0.35,0.37
"Lipotes vexillifer","mass","Brain_Mass_mass_or_volume","g",558,558,1,1,0,FALSE,"Burger","secondary","mass_or_volume_mixed",558,558
"Lipotes vexillifer","mass","Brain_Mass_measured","g",558,558,1,1,0,FALSE,"Manger","secondary","mass_compilation_unspecified",558,558
"Lissodelphis borealis","mass","Brain_Mass_mass_or_volume","g",1162,1162,1,1,0,FALSE,"Burger","secondary","mass_or_volume_mixed",1162,1162
"Lissonycteris angolensis","mass","Brain_Mass_mass_or_volume","g",1.762,1.762,1,1,0,FALSE,"Burger","secondary","mass_or_volume_mixed",1.762,1.762
"Litocranius walleri","mass","Brain_Mass_mass_or_volume","g",117.5,117.5,1,1,0,FALSE,"Burger","secondary","mass_or_volume_mixed",117.5,117.5
"Lobodon carcinophaga","mass","Brain_Mass_mass_or_volume","g",586.25,586.25,1,1,0,FALSE,"Burger","secondary","mass_or_volume_mixed",586.25,586.25
"Lobodon carcinophagus","mass","Brain_Mass_mass_or_volume","g",586.25,586.25,1,1,0,FALSE,"Boddy","secondary","mass_or_volume_mixed",586.25,586.25
"Lonchophylla mordax","mass","Brain_Mass_mass_or_volume","g",0.432,0.432,1,1,0,FALSE,"Burger","secondary","mass_or_volume_mixed",0.432,0.432
"Lonchophylla mordax","mass","Brain_Mass_measured","g",0.432,0.432,1,1,0,FALSE,"Zilles","secondary","mass_fresh",0.432,0.432
"Lonchophylla thomasi","mass","Brain_Mass_mass_or_volume","g",0.3435,0.3435,1,1,0,FALSE,"Burger","secondary","mass_or_volume_mixed",0.3435,0.3435
"Lonchophylla thomasi","mass","Brain_Mass_measured","g",0.337,0.337,1,1,0,FALSE,"Zilles","secondary","mass_fresh",0.337,0.337
"Lonchorhina aurita","mass","Brain_Mass_mass_or_volume","g",0.377,0.377,1,1,0,FALSE,"Burger","secondary","mass_or_volume_mixed",0.377,0.377
"Lonchorhina aurita (PHN)","mass","Brain_Mass_measured","g",0.377,0.377,1,1,0,FALSE,"Baron","secondary","mass_compilation_unspecified",0.377,0.377
"Lontra canadensis","mass","Brain_Mass_mass_or_volume","g",50.5,50.5,1,1,0,FALSE,"Burger","secondary","mass_or_volume_mixed",50.5,50.5
"Lontra felina","mass","Brain_Mass_mass_or_volume","g",38.9,38.9,1,1,0,FALSE,"Burger","secondary","mass_or_volume_mixed",38.9,38.9
"Lontra longicaudis","mass","Brain_Mass_mass_or_volume","g",57.4,57.4,1,1,0,FALSE,"Burger","secondary","mass_or_volume_mixed",57.4,57.4
"Lophocebus albigena","mass","Brain_Mass_mass_or_volume","g",96.8,96.8,4,3,0,FALSE,"Boddy; Burger; DeCasien","secondary","mass_or_volume_mixed",89.6,104
"Lophocebus albigena","mass","Brain_Mass_measured","g",104.2,104.2,11,3,2,TRUE,"Lewitus; Stephan_collection; Zilles","primary; secondary","mass_fresh; mass_unspecified",95,110.5
"Lophocebus aterrimus","mass","Brain_Mass_mass_or_volume","g",101.5909,101.5909,1,1,0,FALSE,"Burger","secondary","mass_or_volume_mixed",101.5909,101.5909
"Lophuromys flavopunctatus","mass","Brain_Mass_mass_or_volume","g",1.01,1.01,2,2,0,FALSE,"Boddy; Burger","secondary","mass_or_volume_mixed",1.01,1.01
"Lophuromys sikapusi","mass","Brain_Mass_mass_or_volume","g",1.13,1.13,2,2,0,FALSE,"Boddy; Burger","secondary","mass_or_volume_mixed",1.13,1.13
"Loris lydekkerianus","mass","Brain_Mass_mass_or_volume","g",6.3,6.3,1,1,0,FALSE,"Burger","secondary","mass_or_volume_mixed",6.3,6.3
"Loris tardigradus","mass","Brain_Mass_mass_or_volume","g",6,6,5,3,0,FALSE,"Boddy; Burger; DeCasien","secondary","mass_or_volume_mixed",5.5,6.6
"Loris tardigradus","mass","Brain_Mass_measured","g",6.699,6.699,12,4,2,TRUE,"Lewitus; Sherwood; Stephan_collection; Zilles","primary; secondary","mass_compilation_unspecified; mass_fresh; mass_unspecified",6.27,7.18
"Loxodonta africana","mass","Brain_Mass_excl_olfactory_bulb","g",4618.62,4618.62,1,1,1,TRUE,"HerculanoHouzel","primary","mass_excl_olfactory_bulb",4618.62,4618.62
"Loxodonta africana","mass","Brain_Mass_mass_or_volume","g",4618,4618,3,3,1,TRUE,"Boddy; Burger; HerculanoHouzel","primary; secondary","mass_or_volume_mixed",4618,5436.4
"Loxodonta africana","mass","Brain_Mass_measured","g",4835,4835,3,3,1,TRUE,"Garwicz; Karl; Lewitus","primary; secondary","mass_compilation_unspecified; mass_specimen; mass_unspecified",4480,5253.5556
"Lutra lutra","mass","Brain_Mass_mass_or_volume","g",39,39,1,1,0,FALSE,"Burger","secondary","mass_or_volume_mixed",39,39
"Lutreolina crassicaudata","mass","Brain_Mass_mass_or_volume","g",3.41,3.41,1,1,0,FALSE,"Burger","secondary","mass_or_volume_mixed",3.41,3.41
"Lutrogale perspicillata","mass","Brain_Mass_mass_or_volume","g",61,61,1,1,0,FALSE,"Burger","secondary","mass_or_volume_mixed",61,61
"Lycalopex culpaeus","mass","Brain_Mass_mass_or_volume","g",51.4,51.4,1,1,0,FALSE,"Burger","secondary","mass_or_volume_mixed",51.4,51.4
"Lycalopex griseus","mass","Brain_Mass_mass_or_volume","g",42.47,42.47,1,1,0,FALSE,"Burger","secondary","mass_or_volume_mixed",42.47,42.47
"Lycalopex gymnocercus","mass","Brain_Mass_mass_or_volume","g",40,40,1,1,0,FALSE,"Burger","secondary","mass_or_volume_mixed",40,40
"Lycaon pictus","mass","Brain_Mass_mass_or_volume","g",129,129,1,1,0,FALSE,"Burger","secondary","mass_or_volume_mixed",129,129
"Lycaon pictus","mass","Brain_Mass_measured","g",141.5,141.5,2,1,0,FALSE,"Jacobs","info","mass_specimen",141.5,141.5
"Lynx canadensis","mass","Brain_Mass_mass_or_volume","g",69.5,69.5,2,2,0,FALSE,"Boddy; Burger","secondary","mass_or_volume_mixed",69.5,69.5
"Lynx lynx","mass","Brain_Mass_mass_or_volume","g",68.5,68.5,1,1,0,FALSE,"Burger","secondary","mass_or_volume_mixed",68.5,68.5
"Lynx rufus","mass","Brain_Mass_mass_or_volume","g",65,65,2,2,0,FALSE,"Boddy; Burger","secondary","mass_or_volume_mixed",65,65
"Macaca arctoides","mass","Brain_Mass_mass_or_volume","g",98.4,100.7,5,3,0,FALSE,"Boddy; Burger; DeCasien","secondary","mass_or_volume_mixed",80,101.6
"Macaca assamensis","mass","Brain_Mass_mass_or_volume","g",90.5,90.5,3,3,0,FALSE,"Boddy; Burger; DeCasien","secondary","mass_or_volume_mixed",90.5,90.5
"Macaca cyclopis","mass","Brain_Mass_mass_or_volume","g",82,82,1,1,0,FALSE,"Burger","secondary","mass_or_volume_mixed",82,82
"Macaca fascicularis","mass","Brain_Mass_excl_olfactory_bulb","g",46.162,46.162,1,1,1,TRUE,"HerculanoHouzel","primary","mass_excl_olfactory_bulb",46.162,46.162
"Macaca fascicularis","mass","Brain_Mass_mass_or_volume","g",64.907,66.9273,35,3,0,FALSE,"Boddy; Burger; DeCasien","secondary","mass_or_volume_mixed",44,100
"Macaca fascicularis","mass","Brain_Mass_measured","g",47.815,47.815,5,4,2,TRUE,"Nudo; Sherwood; Zilles; deSousa","primary; secondary","mass_compilation_unspecified; mass_fresh; mass_unspecified",38.03,69.2
"Macaca fuscata","mass","Brain_Mass_mass_or_volume","g",93.15,93.15,3,2,0,FALSE,"Burger; DeCasien","secondary","mass_or_volume_mixed",81,98
"Macaca fuscata","mass","Brain_Mass_measured","g",109.1,109.1,1,1,0,FALSE,"Sherwood","secondary","mass_compilation_unspecified",109.1,109.1
"Macaca hecki","mass","Brain_Mass_mass_or_volume","g",94.6,94.6,1,1,0,FALSE,"Burger","secondary","mass_or_volume_mixed",94.6,94.6
"Macaca leonina","mass","Brain_Mass_mass_or_volume","g",87.799,87.799,2,2,0,FALSE,"Burger; DeCasien","secondary","mass_or_volume_mixed",85.5981,90
"Macaca maura","mass","Brain_Mass_mass_or_volume","g",98.5438,94.48,9,3,0,FALSE,"Boddy; Burger; DeCasien","secondary","mass_or_volume_mixed",83.3,191
"Macaca maura","mass","Brain_Mass_measured","g",83.3,83.3,1,1,1,TRUE,"Zilles","primary","mass_unspecified",83.3,83.3
"Macaca mulatta","mass","Brain_Mass_excl_olfactory_bulb","g",87.346,87.346,1,1,1,TRUE,"HerculanoHouzel","primary","mass_excl_olfactory_bulb",87.346,87.346
"Macaca mulatta","mass","Brain_Mass_from_volume_or_ecv","g",79.1,79.1,1,1,1,TRUE,"Weaver","primary","mass_from_volume_or_ecv",79.1,79.1
"Macaca mulatta","mass","Brain_Mass_mass_or_volume","g",87.346,87.346,88,4,1,TRUE,"Boddy; Burger; DeCasien; HerculanoHouzel","primary; secondary","mass_or_volume_mixed",53.7,105.7
"Macaca mulatta","mass","Brain_Mass_measured","g",81.5854,88.8208,15,8,4,TRUE,"Changizi; Finlay; Garwicz; Lewitus; Nudo; Stephan_collection; Turner; Zilles","info; primary; secondary","mass_compilation_unspecified; mass_fixed; mass_fresh; mass_unspecified",33.2,95
"Macaca nemestrina","mass","Brain_Mass_mass_or_volume","g",108.6563,110,18,3,0,FALSE,"Boddy; Burger; DeCasien","secondary","mass_or_volume_mixed",82.5,128
"Macaca nemestrina","mass","Brain_Mass_measured","g",36.4,36.4,1,1,0,FALSE,"Turner","info","mass_fixed",36.4,36.4
"Macaca nigra","mass","Brain_Mass_mass_or_volume","g",97.6222,97.5,11,3,0,FALSE,"Boddy; Burger; DeCasien","secondary","mass_or_volume_mixed",77,112.3
"Macaca nigra","mass","Brain_Mass_measured","g",94.9,94.9,1,1,0,FALSE,"Sherwood","secondary","mass_compilation_unspecified",94.9,94.9
"Macaca ochreata","mass","Brain_Mass_mass_or_volume","g",97.98,97.98,1,1,0,FALSE,"Burger","secondary","mass_or_volume_mixed",97.98,97.98
"Macaca radiata","mass","Brain_Mass_excl_olfactory_bulb","g",61.47,61.47,1,1,1,TRUE,"HerculanoHouzel","primary","mass_excl_olfactory_bulb",61.47,61.47
"Macaca radiata","mass","Brain_Mass_mass_or_volume","g",61.47,61.47,2,2,1,TRUE,"Burger; HerculanoHouzel","primary; secondary","mass_or_volume_mixed",61.47,69.4
"Macaca radiata","mass","Brain_Mass_measured","g",24.9,24.9,2,1,0,FALSE,"Turner","info","mass_fixed",24.8,25
"Macaca silenus","mass","Brain_Mass_mass_or_volume","g",85,85,1,1,0,FALSE,"Burger","secondary","mass_or_volume_mixed",85,85
"Macaca sinica","mass","Brain_Mass_mass_or_volume","g",60.4667,58.15,17,3,0,FALSE,"Boddy; Burger; DeCasien","secondary","mass_or_volume_mixed",54.2,87.5
"Macaca sylvanus","mass","Brain_Mass_mass_or_volume","g",87.7,87.7,3,3,0,FALSE,"Boddy; Burger; DeCasien","secondary","mass_or_volume_mixed",87.7,87.7
"Macaca tonkeana","mass","Brain_Mass_mass_or_volume","g",93.7,93.7,1,1,0,FALSE,"Burger","secondary","mass_or_volume_mixed",93.7,93.7
"Macroderma gigas","mass","Brain_Mass_mass_or_volume","g",1.7,1.7,1,1,0,FALSE,"Burger","secondary","mass_or_volume_mixed",1.7,1.7
"Macroderma gigas","mass","Brain_Mass_measured","g",1.704,1.704,4,2,1,TRUE,"Changizi; Zilles","primary; secondary","mass_compilation_unspecified; mass_fresh",1.644,1.8
"Macroglossus minimus","mass","Brain_Mass_mass_or_volume","g",0.607,0.607,1,1,0,FALSE,"Burger","secondary","mass_or_volume_mixed",0.607,0.607
"Macroglossus minimus","mass","Brain_Mass_measured","g",0.5473,0.5473,3,1,0,FALSE,"Zilles","secondary","mass_fresh",0.535,0.559
"Macroglossus sobrinus","mass","Brain_Mass_mass_or_volume","g",0.692,0.692,1,1,0,FALSE,"Burger","secondary","mass_or_volume_mixed",0.692,0.692
"Macroglossus sobrinus","mass","Brain_Mass_measured","g",0.6725,0.6725,4,1,0,FALSE,"Zilles","secondary","mass_fresh",0.58,0.72
"Macronycteris commersoni","mass","Brain_Mass_mass_or_volume","g",0.7448,0.7448,1,1,0,FALSE,"Burger","secondary","mass_or_volume_mixed",0.7448,0.7448
"Macronycteris commersoni","mass","Brain_Mass_measured","g",0.7637,0.7637,3,1,0,FALSE,"Zilles","secondary","mass_fresh",0.75,0.78
"Macrophyllum macrophyllum","mass","Brain_Mass_mass_or_volume","g",0.321,0.321,1,1,0,FALSE,"Burger","secondary","mass_or_volume_mixed",0.321,0.321
"Macrophyllum macrophyllum","mass","Brain_Mass_measured","g",0.3187,0.3187,3,1,0,FALSE,"Zilles","secondary","mass_fresh",0.308,0.328
"Macropus agilis","mass","Brain_Mass_mass_or_volume","g",33.3,33.3,1,1,0,FALSE,"Burger","secondary","mass_or_volume_mixed",33.3,33.3
"Macropus antilopinus","mass","Brain_Mass_mass_or_volume","g",57.8224,57.8224,2,2,0,FALSE,"Boddy; Burger","secondary","mass_or_volume_mixed",56.8,58.8448
"Macropus dorsalis","mass","Brain_Mass_mass_or_volume","g",29.2,29.2,1,1,0,FALSE,"Burger","secondary","mass_or_volume_mixed",29.2,29.2
"Macropus eugenii","mass","Brain_Mass_mass_or_volume","g",24.1266,24.1266,2,2,0,FALSE,"Boddy; Burger","secondary","mass_or_volume_mixed",23.7,24.5532
"Macropus eugenii","mass","Brain_Mass_measured","g",14.355,14.355,3,2,1,TRUE,"Lewitus; Pirlot","primary; secondary","mass_unspecified",12.56,23.7
"Macropus fuliginosus","mass","Brain_Mass_mass_or_volume","g",58,58,1,1,0,FALSE,"Burger","secondary","mass_or_volume_mixed",58,58
"Macropus fuliginosus","mass","Brain_Mass_measured","g",64.8,64.8,2,1,0,FALSE,"Lewitus","secondary","mass_fresh; mass_unspecified",64.8,64.8
"Macropus giganteus","mass","Brain_Mass_mass_or_volume","g",69.8,69.8,1,1,0,FALSE,"Burger","secondary","mass_or_volume_mixed",69.8,69.8
"Macropus giganteus","mass","Brain_Mass_measured","g",53.85,53.85,1,1,1,TRUE,"Pirlot","primary","mass_unspecified",53.85,53.85
"Macropus greyi","mass","Brain_Mass_mass_or_volume","g",25,25,1,1,0,FALSE,"Burger","secondary","mass_or_volume_mixed",25,25
"Macropus irma","mass","Brain_Mass_mass_or_volume","g",24.7,24.7,1,1,0,FALSE,"Burger","secondary","mass_or_volume_mixed",24.7,24.7
"Macropus parryi","mass","Brain_Mass_mass_or_volume","g",42.0434,42.0434,2,2,0,FALSE,"Boddy; Burger","secondary","mass_or_volume_mixed",41.3,42.7868
"Macropus robustus","mass","Brain_Mass_mass_or_volume","g",60.062,60.062,2,2,0,FALSE,"Boddy; Burger","secondary","mass_or_volume_mixed",59,61.124
"Macrotis lagotis","mass","Brain_Mass_mass_or_volume","g",6.6883,6.6883,2,2,0,FALSE,"Boddy; Burger","secondary","mass_or_volume_mixed",6.57,6.8065
"Macrotis leucura","mass","Brain_Mass_mass_or_volume","g",4.3,4.3,1,1,0,FALSE,"Burger","secondary","mass_or_volume_mixed",4.3,4.3
"Macrotus californicus","mass","Brain_Mass_mass_or_volume","g",0.39,0.39,1,1,0,FALSE,"Burger","secondary","mass_or_volume_mixed",0.39,0.39
"Madoqua kirkii","mass","Brain_Mass_mass_or_volume","g",37,37,2,2,0,FALSE,"Boddy; Burger","secondary","mass_or_volume_mixed",37,37
"Makalata didelphoides","mass","Brain_Mass_mass_or_volume","g",3.45,3.45,1,1,0,FALSE,"Burger","secondary","mass_or_volume_mixed",3.45,3.45
"Makalata macrura","mass","Brain_Mass_mass_or_volume","g",3.89,3.89,1,1,0,FALSE,"Burger","secondary","mass_or_volume_mixed",3.89,3.89
"Malacomys edwardsi","mass","Brain_Mass_mass_or_volume","g",1.18,1.18,2,2,0,FALSE,"Boddy; Burger","secondary","mass_or_volume_mixed",1.18,1.18
"Mandrillus leucophaeus","mass","Brain_Mass_mass_or_volume","g",148,148,1,1,0,FALSE,"Burger","secondary","mass_or_volume_mixed",148,148
"Mandrillus sp.","mass","Brain_Mass_mass_or_volume","g",132.8,132.8,4,1,0,FALSE,"DeCasien","secondary","mass_or_volume_mixed",116,160
"Mandrillus sphinx","mass","Brain_Mass_mass_or_volume","g",159.2,159.2,3,3,0,FALSE,"Boddy; Burger; DeCasien","secondary","mass_or_volume_mixed",159.2,159.2
"Mandrillus sphinx","mass","Brain_Mass_measured","g",158,158,2,2,1,TRUE,"Brodmann; Lewitus","primary; secondary","mass_unspecified",158,159.4
"Manis javanica","mass","Brain_Mass_mass_or_volume","g",13.7,13.7,1,1,0,FALSE,"Burger","secondary","mass_or_volume_mixed",13.7,13.7
"Manis pentadactyla","mass","Brain_Mass_mass_or_volume","g",17.64,17.64,1,1,0,FALSE,"Burger","secondary","mass_or_volume_mixed",17.64,17.64
"Manis tricuspis","mass","Brain_Mass_mass_or_volume","g",9.4,9.4,1,1,0,FALSE,"Burger","secondary","mass_or_volume_mixed",9.4,9.4
"Manis tricuspis","mass","Brain_Mass_measured","g",11.375,11.375,4,1,0,FALSE,"Zilles","secondary","mass_fresh",10,12.5
"Marmosa (m.) domina","mass","Brain_Mass_measured","g",1.403,1.403,1,1,1,TRUE,"Pirlot","primary","mass_unspecified",1.403,1.403
"Marmosa (Marmosa) murina","mass","Brain_Mass_measured","g",0.77,0.77,1,1,1,TRUE,"Pirlot","primary","mass_unspecified",0.77,0.77
"Marmosa mexicana","mass","Brain_Mass_mass_or_volume","g",1.018,1.018,2,2,0,FALSE,"Boddy; Burger","secondary","mass_or_volume_mixed",1,1.036
"Marmosa murina","mass","Brain_Mass_mass_or_volume","g",1.1198,1.1198,2,2,0,FALSE,"Boddy; Burger","secondary","mass_or_volume_mixed",1.1,1.1396
"Marmosa robinsoni","mass","Brain_Mass_mass_or_volume","g",0.7126,0.7126,2,2,0,FALSE,"Boddy; Burger","secondary","mass_or_volume_mixed",0.7,0.7252
"Marmosa rubra","mass","Brain_Mass_mass_or_volume","g",1.2216,1.2216,2,2,0,FALSE,"Boddy; Burger","secondary","mass_or_volume_mixed",1.2,1.2432
"Marmot (Arctomys marmota)","mass","Brain_Mass_measured","g",13.2,13.2,1,1,0,FALSE,"Krompecher","secondary","mass_unspecified",13.2,13.2
"Marmota baibacina","mass","Brain_Mass_mass_or_volume","g",13.75,13.75,1,1,0,FALSE,"Burger","secondary","mass_or_volume_mixed",13.75,13.75
"Marmota bobak","mass","Brain_Mass_mass_or_volume","g",12.56,12.56,1,1,0,FALSE,"Burger","secondary","mass_or_volume_mixed",12.56,12.56
"Marmota broweri","mass","Brain_Mass_mass_or_volume","g",13.94,13.94,1,1,0,FALSE,"Burger","secondary","mass_or_volume_mixed",13.94,13.94
"Marmota caligata","mass","Brain_Mass_mass_or_volume","g",14.63,14.63,1,1,0,FALSE,"Burger","secondary","mass_or_volume_mixed",14.63,14.63
"Marmota camtschatica","mass","Brain_Mass_mass_or_volume","g",12.63,12.63,1,1,0,FALSE,"Burger","secondary","mass_or_volume_mixed",12.63,12.63
"Marmota caudata","mass","Brain_Mass_mass_or_volume","g",14.28,14.28,1,1,0,FALSE,"Burger","secondary","mass_or_volume_mixed",14.28,14.28
"Marmota flaviventris","mass","Brain_Mass_mass_or_volume","g",11.28,11.28,2,2,0,FALSE,"Boddy; Burger","secondary","mass_or_volume_mixed",10.29,12.27
"Marmota himalayana","mass","Brain_Mass_mass_or_volume","g",16.71,16.71,1,1,0,FALSE,"Burger","secondary","mass_or_volume_mixed",16.71,16.71
"Marmota marmota","mass","Brain_Mass_mass_or_volume","g",14.25,14.25,1,1,0,FALSE,"Burger","secondary","mass_or_volume_mixed",14.25,14.25
"Marmota menzbieri","mass","Brain_Mass_mass_or_volume","g",11.4,11.4,1,1,0,FALSE,"Burger","secondary","mass_or_volume_mixed",11.4,11.4
"Marmota monax","mass","Brain_Mass_mass_or_volume","g",12.505,12.505,2,2,0,FALSE,"Boddy; Burger","secondary","mass_or_volume_mixed",10.825,14.185
"Marmota olympus","mass","Brain_Mass_mass_or_volume","g",15.43,15.43,1,1,0,FALSE,"Burger","secondary","mass_or_volume_mixed",15.43,15.43
"Marmota sibirica","mass","Brain_Mass_mass_or_volume","g",15.92,15.92,2,2,0,FALSE,"Boddy; Burger","secondary","mass_or_volume_mixed",13.74,18.1
"Marmota vancouverensis","mass","Brain_Mass_mass_or_volume","g",13.68,13.68,1,1,0,FALSE,"Burger","secondary","mass_or_volume_mixed",13.68,13.68
"Martes americana","mass","Brain_Mass_mass_or_volume","g",15.8,15.8,1,1,0,FALSE,"Burger","secondary","mass_or_volume_mixed",15.8,15.8
"Martes flavigula","mass","Brain_Mass_mass_or_volume","g",34.12,34.12,1,1,0,FALSE,"Burger","secondary","mass_or_volume_mixed",34.12,34.12
"Martes foina","mass","Brain_Mass_mass_or_volume","g",20.9,20.9,1,1,0,FALSE,"Burger","secondary","mass_or_volume_mixed",20.9,20.9
"Martes foina","mass","Brain_Mass_measured","g",27,27,1,1,1,TRUE,"Brodmann","primary","mass_unspecified",27,27
"Martes martes","mass","Brain_Mass_mass_or_volume","g",18,18,1,1,0,FALSE,"Burger","secondary","mass_or_volume_mixed",18,18
"Martes pennanti","mass","Brain_Mass_mass_or_volume","g",29,29,1,1,0,FALSE,"Burger","secondary","mass_or_volume_mixed",29,29
"Martes zibellina","mass","Brain_Mass_mass_or_volume","g",18.5,18.5,1,1,0,FALSE,"Burger","secondary","mass_or_volume_mixed",18.5,18.5
"Massoutiera mzabi","mass","Brain_Mass_mass_or_volume","g",2.32,2.32,2,2,0,FALSE,"Boddy; Burger","secondary","mass_or_volume_mixed",2.32,2.32
"Mastomys natalensis","mass","Brain_Mass_mass_or_volume","g",0.719,0.719,1,1,0,FALSE,"Burger","secondary","mass_or_volume_mixed",0.719,0.719
"Maxomys surifer","mass","Brain_Mass_mass_or_volume","g",2.54,2.54,1,1,0,FALSE,"Burger","secondary","mass_or_volume_mixed",2.54,2.54
"Maxomys whiteheadi","mass","Brain_Mass_mass_or_volume","g",1.62,1.62,1,1,0,FALSE,"Burger","secondary","mass_or_volume_mixed",1.62,1.62
"Mazama americana","mass","Brain_Mass_mass_or_volume","g",56,56,1,1,0,FALSE,"Burger","secondary","mass_or_volume_mixed",56,56
"Megaderma lyra","mass","Brain_Mass_mass_or_volume","g",0.8935,0.8935,1,1,0,FALSE,"Burger","secondary","mass_or_volume_mixed",0.8935,0.8935
"Megaderma lyra","mass","Brain_Mass_measured","g",0.9132,0.9132,6,1,0,FALSE,"Zilles","secondary","mass_fresh",0.82,0.981
"Megaderma spasma","mass","Brain_Mass_mass_or_volume","g",0.667,0.667,1,1,0,FALSE,"Burger","secondary","mass_or_volume_mixed",0.667,0.667
"Megaderma spasma","mass","Brain_Mass_measured","g",0.6967,0.6967,3,1,0,FALSE,"Zilles","secondary","mass_fresh",0.68,0.71
"Megadontomys thomasi","mass","Brain_Mass_mass_or_volume","g",1.26,1.26,2,2,0,FALSE,"Boddy; Burger","secondary","mass_or_volume_mixed",1.26,1.26
"Megaerops ecaudatus","mass","Brain_Mass_mass_or_volume","g",0.8223,0.8223,1,1,0,FALSE,"Burger","secondary","mass_or_volume_mixed",0.8223,0.8223
"Megaerops ecaudatus","mass","Brain_Mass_measured","g",0.8825,0.8825,2,1,0,FALSE,"Zilles","secondary","mass_fresh",0.87,0.895
"Megaerops niphanae","mass","Brain_Mass_mass_or_volume","g",0.958,0.958,1,1,0,FALSE,"Burger","secondary","mass_or_volume_mixed",0.958,0.958
"Megaloglossus woermanni","mass","Brain_Mass_mass_or_volume","g",0.6795,0.6795,1,1,0,FALSE,"Burger","secondary","mass_or_volume_mixed",0.6795,0.6795
"Megaloglossus woermanni","mass","Brain_Mass_measured","g",0.6837,0.6837,3,1,0,FALSE,"Zilles","secondary","mass_fresh",0.667,0.694
"Megaptera novaeangliae","mass","Brain_Mass_mass_or_volume","g",6100,6100,2,2,0,FALSE,"Boddy; Burger","secondary","mass_or_volume_mixed",6100,6100
"Megaptera novaeangliae","mass","Brain_Mass_measured","g",6425,6425,2,2,0,FALSE,"Butti; Manger","secondary","mass_compilation_unspecified",6411,6439
"Meles meles","mass","Brain_Mass_mass_or_volume","g",45.5,45.5,1,1,0,FALSE,"Burger","secondary","mass_or_volume_mixed",45.5,45.5
"Mellivora capensis","mass","Brain_Mass_mass_or_volume","g",72.97,72.97,1,1,0,FALSE,"Burger","secondary","mass_or_volume_mixed",72.97,72.97
"Melogale personata","mass","Brain_Mass_mass_or_volume","g",61.4,61.4,1,1,0,FALSE,"Burger","secondary","mass_or_volume_mixed",61.4,61.4
"Melomys cervinipes","mass","Brain_Mass_mass_or_volume","g",1.31,1.31,2,2,0,FALSE,"Boddy; Burger","secondary","mass_or_volume_mixed",1.31,1.31
"Melomys levipes","mass","Brain_Mass_mass_or_volume","g",1.86,1.86,1,1,0,FALSE,"Boddy","secondary","mass_or_volume_mixed",1.86,1.86
"Melomys rubex","mass","Brain_Mass_mass_or_volume","g",1.27,1.27,1,1,0,FALSE,"Boddy","secondary","mass_or_volume_mixed",1.27,1.27
"Melomys rufescens","mass","Brain_Mass_mass_or_volume","g",1.29,1.29,2,2,0,FALSE,"Boddy; Burger","secondary","mass_or_volume_mixed",1.29,1.29
"Melonycteris melanops","mass","Brain_Mass_mass_or_volume","g",1.288,1.288,1,1,0,FALSE,"Burger","secondary","mass_or_volume_mixed",1.288,1.288
"Melonycteris melanops","mass","Brain_Mass_measured","g",1.3057,1.3057,3,1,0,FALSE,"Zilles","secondary","mass_fresh",1.296,1.316
"Melonycteris woodfordi","mass","Brain_Mass_mass_or_volume","g",1.0185,1.0185,1,1,0,FALSE,"Burger","secondary","mass_or_volume_mixed",1.0185,1.0185
"Melopsittacus undulatus","mass","Brain_Mass_measured","g",1.3165,1.3165,1,1,1,TRUE,"Olkowicz","primary","mass_fixed",1.3165,1.3165
"Melursus ursinus","mass","Brain_Mass_mass_or_volume","g",267,267,2,2,0,FALSE,"Boddy; Burger","secondary","mass_or_volume_mixed",267,267
"Mephitis mephitis","mass","Brain_Mass_mass_or_volume","g",10.15,10.15,2,2,0,FALSE,"Boddy; Burger","secondary","mass_or_volume_mixed",10.15,10.15
"Meriones hurrianae","mass","Brain_Mass_mass_or_volume","g",0.97,0.97,2,2,0,FALSE,"Boddy; Burger","secondary","mass_or_volume_mixed",0.97,0.97
"Meriones unguiculatus","mass","Brain_Mass_mass_or_volume","g",1.13,1.13,2,2,0,FALSE,"Boddy; Burger","secondary","mass_or_volume_mixed",1.13,1.13
"Mesechinus dauuricus","mass","Brain_Mass_mass_or_volume","g",2.9,2.9,1,1,0,FALSE,"Burger","secondary","mass_or_volume_mixed",2.9,2.9
"Mesembriomys gouldii","mass","Brain_Mass_mass_or_volume","g",4.59,4.59,2,2,0,FALSE,"Boddy; Burger","secondary","mass_or_volume_mixed",4.59,4.59
"Mesocricetus auratus","mass","Brain_Mass_excl_olfactory_bulb","g",0.965,0.965,1,1,1,TRUE,"HerculanoHouzel","primary","mass_excl_olfactory_bulb",0.965,0.965
"Mesocricetus auratus","mass","Brain_Mass_mass_or_volume","g",0.965,0.965,2,2,1,TRUE,"Burger; HerculanoHouzel","primary; secondary","mass_or_volume_mixed",0.965,1
"Mesocricetus auratus","mass","Brain_Mass_measured","g",1.0533,1.03,3,3,0,FALSE,"Garwicz; Lewitus; Zilles","secondary","mass_compilation_unspecified; mass_fresh; mass_unspecified",1.01,1.12
"Mesomys hispidus","mass","Brain_Mass_mass_or_volume","g",2.64,2.64,1,1,0,FALSE,"Burger","secondary","mass_or_volume_mixed",2.64,2.64
"Mesophylla macconnelli","mass","Brain_Mass_mass_or_volume","g",0.3445,0.3445,1,1,0,FALSE,"Burger","secondary","mass_or_volume_mixed",0.3445,0.3445
"Mesoplodon densirostris","mass","Brain_Mass_mass_or_volume","g",1424.5,1424.5,1,1,0,FALSE,"Burger","secondary","mass_or_volume_mixed",1424.5,1424.5
"Mesoplodon densirostris","mass","Brain_Mass_measured","g",1463,1463,1,1,0,FALSE,"Manger","secondary","mass_compilation_unspecified",1463,1463
"Mesoplodon europaeus","mass","Brain_Mass_mass_or_volume","g",2149,2149,1,1,0,FALSE,"Burger","secondary","mass_or_volume_mixed",2149,2149
"Mesoplodon europaeus","mass","Brain_Mass_measured","g",2149,2149,1,1,0,FALSE,"Manger","secondary","mass_compilation_unspecified",2149,2149
"Mesoplodon mirus","mass","Brain_Mass_mass_or_volume","g",2355,2355,1,1,0,FALSE,"Burger","secondary","mass_or_volume_mixed",2355,2355
"Mesoplodon mirus","mass","Brain_Mass_measured","g",2355,2355,1,1,0,FALSE,"Manger","secondary","mass_compilation_unspecified",2355,2355
"Metachirops (?) sp.","mass","Brain_Mass_measured","g",3.305,3.305,1,1,1,TRUE,"Pirlot","primary","mass_unspecified",3.305,3.305
"Metachirus nudicaudatus","mass","Brain_Mass_mass_or_volume","g",3.563,3.563,2,2,0,FALSE,"Boddy; Burger","secondary","mass_or_volume_mixed",3.5,3.626
"Micaelamys namaquensis","mass","Brain_Mass_mass_or_volume","g",0.89,0.89,1,1,0,FALSE,"Burger","secondary","mass_or_volume_mixed",0.89,0.89
"Microcebus coquereli","mass","Brain_Mass_measured","g",3.3,3.3,1,1,0,FALSE,"Zilles","secondary","mass_fresh",3.3,3.3
"Microcebus murinus","mass","Brain_Mass_excl_olfactory_bulb","g",1.799,1.799,1,1,1,TRUE,"HerculanoHouzel","primary","mass_excl_olfactory_bulb",1.799,1.799
"Microcebus murinus","mass","Brain_Mass_mass_or_volume","g",1.8543,1.84,5,3,0,FALSE,"Boddy; Burger; DeCasien","secondary","mass_or_volume_mixed",1.78,1.9684
"Microcebus murinus","mass","Brain_Mass_measured","g",1.78,1.78,17,3,1,TRUE,"Lewitus; Stephan_collection; Zilles","primary; secondary","mass_fresh; mass_unspecified",1.54,101.3
"Microcebus rufus","mass","Brain_Mass_mass_or_volume","g",1.7164,1.7164,1,1,0,FALSE,"Burger","secondary","mass_or_volume_mixed",1.7164,1.7164
"Microcebus sp.","mass","Brain_Mass_mass_or_volume","g",1.9,1.9,1,1,0,FALSE,"DeCasien","secondary","mass_or_volume_mixed",1.9,1.9
"Microdipodops megacephalus","mass","Brain_Mass_mass_or_volume","g",0.5595,0.5595,2,2,0,FALSE,"Boddy; Burger","secondary","mass_or_volume_mixed",0.559,0.56
"Microdipodops pallidus","mass","Brain_Mass_mass_or_volume","g",0.5495,0.5495,2,2,0,FALSE,"Boddy; Burger","secondary","mass_or_volume_mixed",0.5491,0.55
"Microgale cowani","mass","Brain_Mass_mass_or_volume","g",0.42,0.42,2,2,0,FALSE,"Boddy; Burger","secondary","mass_or_volume_mixed",0.42,0.42
"Microgale cowani","mass","Brain_Mass_measured","g",0.42,0.42,2,2,1,TRUE,"Stephan_collection; Zilles","primary; secondary","mass_fresh",0.42,0.42
"Microgale mergulus","mass","Brain_Mass_mass_or_volume","g",1.15,1.15,2,2,0,FALSE,"Boddy; Burger","secondary","mass_or_volume_mixed",1.15,1.15
"Microgale mergulus","mass","Brain_Mass_measured","g",1.15,1.15,4,2,1,TRUE,"Stephan_collection; Zilles","primary; secondary","mass_fresh",1.15,1.15
"Micromys minutus","mass","Brain_Mass_mass_or_volume","g",0.29,0.29,2,2,0,FALSE,"Boddy; Burger","secondary","mass_or_volume_mixed",0.29,0.29
"Micronycteris brachyotis","mass","Brain_Mass_measured","g",0.408,0.408,1,1,0,FALSE,"Zilles","secondary","mass_fresh",0.408,0.408
"Micronycteris megalotis","mass","Brain_Mass_mass_or_volume","g",0.274,0.274,1,1,0,FALSE,"Burger","secondary","mass_or_volume_mixed",0.274,0.274
"Micronycteris megalotis","mass","Brain_Mass_measured","g",0.277,0.277,3,1,0,FALSE,"Zilles","secondary","mass_fresh",0.274,0.279
"Micronycteris minuta","mass","Brain_Mass_mass_or_volume","g",0.286,0.286,1,1,0,FALSE,"Burger","secondary","mass_or_volume_mixed",0.286,0.286
"Micronycteris minuta","mass","Brain_Mass_measured","g",0.286,0.286,1,1,0,FALSE,"Zilles","secondary","mass_fresh",0.286,0.286
"Micronycteris schmidtorum","mass","Brain_Mass_mass_or_volume","g",0.308,0.308,1,1,0,FALSE,"Burger","secondary","mass_or_volume_mixed",0.308,0.308
"Micronycteris schmidtorum","mass","Brain_Mass_measured","g",0.3083,0.3083,3,1,0,FALSE,"Zilles","secondary","mass_fresh",0.303,0.311
"Microperoryctes longicauda","mass","Brain_Mass_mass_or_volume","g",3.81,3.81,1,1,0,FALSE,"Burger","secondary","mass_or_volume_mixed",3.81,3.81
"Micropotamogale lamottei","mass","Brain_Mass_mass_or_volume","g",0.8,0.8,1,1,0,FALSE,"Burger","secondary","mass_or_volume_mixed",0.8,0.8
"Micropotamogale lamottei","mass","Brain_Mass_measured","g",0.8,0.8,2,2,1,TRUE,"Stephan_collection; Zilles","primary; secondary","mass_fresh",0.63,0.8
"Micropotamogale ruwenzorii","mass","Brain_Mass_measured","g",1.1338,1.1338,4,1,0,FALSE,"Zilles","secondary","mass_fresh",1.014,1.237
"Micropteropus pusillus","mass","Brain_Mass_mass_or_volume","g",0.82,0.82,1,1,0,FALSE,"Burger","secondary","mass_or_volume_mixed",0.82,0.82
"Micropteropus pusillus","mass","Brain_Mass_measured","g",0.8287,0.8287,3,1,0,FALSE,"Zilles","secondary","mass_fresh",0.792,0.865
"Microsorex hoyi","mass","Brain_Mass_measured","g",0.0988,0.0988,4,1,0,FALSE,"Zilles","secondary","mass_fresh",0.085,0.107
"Microtus agrestis","mass","Brain_Mass_mass_or_volume","g",0.7375,0.7375,2,2,0,FALSE,"Boddy; Burger","secondary","mass_or_volume_mixed",0.735,0.74
"Microtus arvalis","mass","Brain_Mass_mass_or_volume","g",0.55,0.55,2,2,0,FALSE,"Boddy; Burger","secondary","mass_or_volume_mixed",0.55,0.55
"Microtus californicus","mass","Brain_Mass_mass_or_volume","g",0.78,0.78,2,2,0,FALSE,"Boddy; Burger","secondary","mass_or_volume_mixed",0.78,0.78
"Microtus guentheri","mass","Brain_Mass_mass_or_volume","g",0.69,0.69,2,2,0,FALSE,"Boddy; Burger","secondary","mass_or_volume_mixed",0.69,0.69
"Microtus longicaudus","mass","Brain_Mass_mass_or_volume","g",0.7,0.7,2,2,0,FALSE,"Boddy; Burger","secondary","mass_or_volume_mixed",0.7,0.7
"Microtus montanus","mass","Brain_Mass_mass_or_volume","g",0.69,0.69,2,2,0,FALSE,"Boddy; Burger","secondary","mass_or_volume_mixed",0.69,0.69
"Microtus ochrogaster","mass","Brain_Mass_mass_or_volume","g",0.71,0.71,2,2,0,FALSE,"Boddy; Burger","secondary","mass_or_volume_mixed",0.71,0.71
"Microtus oregoni","mass","Brain_Mass_mass_or_volume","g",0.52,0.52,2,2,0,FALSE,"Boddy; Burger","secondary","mass_or_volume_mixed",0.52,0.52
"Microtus pennsylvanicus","mass","Brain_Mass_mass_or_volume","g",0.741,0.741,2,2,0,FALSE,"Boddy; Burger","secondary","mass_or_volume_mixed",0.74,0.742
"Microtus pinetorum","mass","Brain_Mass_mass_or_volume","g",0.56,0.56,2,2,0,FALSE,"Boddy; Burger","secondary","mass_or_volume_mixed",0.56,0.56
"Microtus pinetorum","mass","Brain_Mass_measured","g",0.37,0.37,1,1,1,TRUE,"Nudo","primary","mass_unspecified",0.37,0.37
"Microtus townsendii","mass","Brain_Mass_mass_or_volume","g",0.88,0.88,2,2,0,FALSE,"Boddy; Burger","secondary","mass_or_volume_mixed",0.88,0.88
"Mimon crenulatum","mass","Brain_Mass_mass_or_volume","g",0.3368,0.3368,2,2,0,FALSE,"Boddy; Burger","secondary","mass_or_volume_mixed",0.3337,0.34
"Mimon crenulatum","mass","Brain_Mass_measured","g",0.3255,0.3255,2,1,0,FALSE,"Zilles","secondary","mass_fresh",0.325,0.326
"Miniopterus australis","mass","Brain_Mass_mass_or_volume","g",0.17,0.17,1,1,0,FALSE,"Burger","secondary","mass_or_volume_mixed",0.17,0.17
"Miniopterus australis","mass","Brain_Mass_measured","g",0.204,0.204,2,1,0,FALSE,"Zilles","secondary","mass_fresh",0.203,0.205
"Miniopterus fuscus","mass","Brain_Mass_mass_or_volume","g",0.265,0.265,1,1,0,FALSE,"Burger","secondary","mass_or_volume_mixed",0.265,0.265
"Miniopterus haradai","mass","Brain_Mass_measured","g",0.2277,0.2277,3,1,0,FALSE,"Zilles","secondary","mass_fresh",0.219,0.241
"Miniopterus inflatus","mass","Brain_Mass_mass_or_volume","g",0.3265,0.3265,1,1,0,FALSE,"Burger","secondary","mass_or_volume_mixed",0.3265,0.3265
"Miniopterus inflatus","mass","Brain_Mass_measured","g",0.327,0.327,3,1,0,FALSE,"Zilles","secondary","mass_fresh",0.317,0.339
"Miniopterus magnater","mass","Brain_Mass_mass_or_volume","g",0.324,0.324,1,1,0,FALSE,"Burger","secondary","mass_or_volume_mixed",0.324,0.324
"Miniopterus magnater","mass","Brain_Mass_measured","g",0.3295,0.3295,4,1,0,FALSE,"Zilles","secondary","mass_fresh",0.319,0.342
"Miniopterus medius","mass","Brain_Mass_mass_or_volume","g",0.2712,0.2712,1,1,0,FALSE,"Burger","secondary","mass_or_volume_mixed",0.2712,0.2712
"Miniopterus medius","mass","Brain_Mass_measured","g",0.2167,0.2167,3,1,0,FALSE,"Zilles","secondary","mass_fresh",0.213,0.219
"Miniopterus pusillus","mass","Brain_Mass_mass_or_volume","g",0.216,0.216,1,1,0,FALSE,"Burger","secondary","mass_or_volume_mixed",0.216,0.216
"Miniopterus schreib. arenarius","mass","Brain_Mass_measured","g",0.2423,0.2423,3,1,0,FALSE,"Zilles","secondary","mass_fresh",0.234,0.253
"Miniopterus schreib. blepotis","mass","Brain_Mass_measured","g",0.3135,0.3135,2,1,0,FALSE,"Zilles","secondary","mass_fresh",0.313,0.314
"Miniopterus schreibersi","mass","Brain_Mass_mass_or_volume","g",0.29,0.29,1,1,0,FALSE,"Boddy","secondary","mass_or_volume_mixed",0.29,0.29
"Miniopterus schreibersi ssp.","mass","Brain_Mass_measured","g",0.2647,0.2647,3,1,0,FALSE,"Zilles","secondary","mass_fresh",0.259,0.269
"Miniopterus schreibersii","mass","Brain_Mass_mass_or_volume","g",0.2703,0.2703,1,1,0,FALSE,"Burger","secondary","mass_or_volume_mixed",0.2703,0.2703
"Miniopterus tristis","mass","Brain_Mass_mass_or_volume","g",0.333,0.333,1,1,0,FALSE,"Burger","secondary","mass_or_volume_mixed",0.333,0.333
"Miniopterus tristis","mass","Brain_Mass_measured","g",0.336,0.336,3,1,0,FALSE,"Zilles","secondary","mass_fresh",0.327,0.341
"Miopithecus ogouensis","mass","Brain_Mass_mass_or_volume","g",37.351,37.351,1,1,0,FALSE,"Burger","secondary","mass_or_volume_mixed",37.351,37.351
"Miopithecus talapoin","mass","Brain_Mass_mass_or_volume","g",34.8,34.8,1,1,0,FALSE,"Burger","secondary","mass_or_volume_mixed",34.8,34.8
"Miopithecus talapoin","mass","Brain_Mass_measured","g",39.5,39.5,10,3,1,TRUE,"Lewitus; Stephan_collection; Zilles","primary; secondary","mass_fresh; mass_unspecified",35.5,41.1
"Mirounga angustirostris","mass","Brain_Mass_mass_or_volume","g",670,670,1,1,0,FALSE,"Burger","secondary","mass_or_volume_mixed",670,670
"Mirounga leonina","mass","Brain_Mass_mass_or_volume","g",1205,1205,2,2,0,FALSE,"Boddy; Burger","secondary","mass_or_volume_mixed",1205,1205
"Mirza coquereli","mass","Brain_Mass_mass_or_volume","g",5.7959,5.7959,1,1,0,FALSE,"Burger","secondary","mass_or_volume_mixed",5.7959,5.7959
"Molossops abrasus","mass","Brain_Mass_measured","g",0.4143,0.4143,3,1,0,FALSE,"Zilles","secondary","mass_fresh",0.398,0.441
"Molossops greenhalli","mass","Brain_Mass_measured","g",0.3,0.3,1,1,0,FALSE,"Zilles","secondary","mass_fresh",0.3,0.3
"Molossops planirostris","mass","Brain_Mass_measured","g",0.185,0.185,2,1,0,FALSE,"Zilles","secondary","mass_fresh",0.18,0.19
"Molossops temminckii","mass","Brain_Mass_mass_or_volume","g",0.181,0.181,1,1,0,FALSE,"Burger","secondary","mass_or_volume_mixed",0.181,0.181
"Molossus ater","mass","Brain_Mass_measured","g",0.5233,0.5233,3,1,0,FALSE,"Zilles","secondary","mass_fresh",0.49,0.55
"Molossus molossus","mass","Brain_Mass_mass_or_volume","g",0.2723,0.2723,2,2,0,FALSE,"Boddy; Burger","secondary","mass_or_volume_mixed",0.26,0.2847
"Molossus molossus","mass","Brain_Mass_measured","g",0.3267,0.3267,3,1,0,FALSE,"Zilles","secondary","mass_fresh",0.31,0.34
"Molossus trinitatis","mass","Brain_Mass_measured","g",0.4345,0.4345,2,1,0,FALSE,"Zilles","secondary","mass_fresh",0.428,0.441
"Monachus monachus","mass","Brain_Mass_mass_or_volume","g",480,480,2,2,0,FALSE,"Boddy; Burger","secondary","mass_or_volume_mixed",480,480
"Monachus schauinslandi","mass","Brain_Mass_mass_or_volume","g",370,370,2,2,0,FALSE,"Boddy; Burger","secondary","mass_or_volume_mixed",370,370
"Monodelphis brevicaudata","mass","Brain_Mass_mass_or_volume","g",0.9162,0.9162,2,2,0,FALSE,"Boddy; Burger","secondary","mass_or_volume_mixed",0.9,0.9324
"Monodelphis domestica","mass","Brain_Mass_measured","g",0.79,0.79,1,1,1,TRUE,"Nudo","primary","mass_unspecified",0.79,0.79
"Monodon monoceros","mass","Brain_Mass_mass_or_volume","g",2993.7,2993.7,1,1,0,FALSE,"Burger","secondary","mass_or_volume_mixed",2993.7,2993.7
"Monodon monoceros","mass","Brain_Mass_measured","g",2997,2997,1,1,0,FALSE,"Manger","secondary","mass_compilation_unspecified",2997,2997
"Monophyllus plethodon","mass","Brain_Mass_mass_or_volume","g",0.4125,0.4125,1,1,0,FALSE,"Burger","secondary","mass_or_volume_mixed",0.4125,0.4125
"Monophyllus plethodon","mass","Brain_Mass_measured","g",0.445,0.445,2,1,0,FALSE,"Zilles","secondary","mass_fresh",0.438,0.452
"Mops condylurus","mass","Brain_Mass_mass_or_volume","g",0.4223,0.4223,1,1,0,FALSE,"Burger","secondary","mass_or_volume_mixed",0.4223,0.4223
"Mops leucostigma","mass","Brain_Mass_mass_or_volume","g",0.39,0.39,1,1,0,FALSE,"Burger","secondary","mass_or_volume_mixed",0.39,0.39
"Mops mops","mass","Brain_Mass_mass_or_volume","g",0.4725,0.4725,1,1,0,FALSE,"Burger","secondary","mass_or_volume_mixed",0.4725,0.4725
"Mops niveiventer","mass","Brain_Mass_mass_or_volume","g",0.432,0.432,1,1,0,FALSE,"Burger","secondary","mass_or_volume_mixed",0.432,0.432
"Mops pumilus","mass","Brain_Mass_mass_or_volume","g",0.274,0.274,1,1,0,FALSE,"Burger","secondary","mass_or_volume_mixed",0.274,0.274
"Mormoops megalophylla","mass","Brain_Mass_mass_or_volume","g",0.4102,0.4102,2,2,0,FALSE,"Boddy; Burger","secondary","mass_or_volume_mixed",0.4003,0.42
"Mormoops megalophylla","mass","Brain_Mass_measured","g",0.391,0.391,4,1,0,FALSE,"Zilles","secondary","mass_fresh",0.369,0.4
"Mormopterus beccarii","mass","Brain_Mass_mass_or_volume","g",0.233,0.233,1,1,0,FALSE,"Burger","secondary","mass_or_volume_mixed",0.233,0.233
"Mormopterus jugularis","mass","Brain_Mass_mass_or_volume","g",0.22,0.22,2,2,0,FALSE,"Boddy; Burger","secondary","mass_or_volume_mixed",0.22,0.22
"Moschiola meminna","mass","Brain_Mass_mass_or_volume","g",16.9275,16.9275,2,2,0,FALSE,"Boddy; Burger","secondary","mass_or_volume_mixed",16.925,16.93
"Mungos mungo","mass","Brain_Mass_mass_or_volume","g",10.5,10.5,1,1,0,FALSE,"Burger","secondary","mass_or_volume_mixed",10.5,10.5
"Mungos mungo","mass","Brain_Mass_measured","g",10.5,10.5,2,1,0,FALSE,"Jacobs","info","mass_specimen",10.5,10.5
"Muntiacus muntjak","mass","Brain_Mass_mass_or_volume","g",124.5,124.5,1,1,0,FALSE,"Burger","secondary","mass_or_volume_mixed",124.5,124.5
"Murexechinus melanurus","mass","Brain_Mass_mass_or_volume","g",0.65,0.65,1,1,0,FALSE,"Burger","secondary","mass_or_volume_mixed",0.65,0.65
"Murexia longicaudata","mass","Brain_Mass_mass_or_volume","g",1.7102,1.7102,2,2,0,FALSE,"Boddy; Burger","secondary","mass_or_volume_mixed",1.68,1.7405
"Murexia rothschildi","mass","Brain_Mass_mass_or_volume","g",1.0878,1.0878,1,1,0,FALSE,"Boddy","secondary","mass_or_volume_mixed",1.0878,1.0878
"Murina cyclotis","mass","Brain_Mass_mass_or_volume","g",0.265,0.265,1,1,0,FALSE,"Burger","secondary","mass_or_volume_mixed",0.265,0.265
"Murina cyclotis cyclotis","mass","Brain_Mass_measured","g",0.2485,0.2485,2,1,0,FALSE,"Zilles","secondary","mass_fresh",0.238,0.259
"Murina cyclotis peninsularis","mass","Brain_Mass_measured","g",0.2815,0.2815,2,1,0,FALSE,"Zilles","secondary","mass_fresh",0.274,0.289
"Murina huttoni","mass","Brain_Mass_mass_or_volume","g",0.258,0.258,1,1,0,FALSE,"Burger","secondary","mass_or_volume_mixed",0.258,0.258
"Murina huttoni rubella","mass","Brain_Mass_measured","g",0.2583,0.2583,3,1,0,FALSE,"Zilles","secondary","mass_fresh",0.251,0.268
"Murina tubinaris","mass","Brain_Mass_mass_or_volume","g",0.217,0.217,1,1,0,FALSE,"Burger","secondary","mass_or_volume_mixed",0.217,0.217
"Murina tubinaris","mass","Brain_Mass_measured","g",0.217,0.217,2,1,0,FALSE,"Zilles","secondary","mass_fresh",0.205,0.229
"Mus booduga","mass","Brain_Mass_mass_or_volume","g",0.31,0.31,2,2,0,FALSE,"Boddy; Burger","secondary","mass_or_volume_mixed",0.31,0.31
"Mus musculoides","mass","Brain_Mass_mass_or_volume","g",0.96,0.96,1,1,0,FALSE,"Burger","secondary","mass_or_volume_mixed",0.96,0.96
"Mus musculus","mass","Brain_Mass_excl_olfactory_bulb","g",0.402,0.402,1,1,1,TRUE,"HerculanoHouzel","primary","mass_excl_olfactory_bulb",0.402,0.402
"Mus musculus","mass","Brain_Mass_mass_or_volume","g",0.402,0.402,2,2,1,TRUE,"Burger; HerculanoHouzel","primary; secondary","mass_or_volume_mixed",0.4,0.402
"Mus musculus","mass","Brain_Mass_measured","g",0.5623,0.487,5,5,3,TRUE,"Brodmann; Changizi; Garwicz; Karl; Lewitus","primary; secondary","mass_compilation_unspecified; mass_specimen; mass_unspecified",0.4,0.8
"Mus platythrix","mass","Brain_Mass_mass_or_volume","g",0.5,0.5,2,2,0,FALSE,"Boddy; Burger","secondary","mass_or_volume_mixed",0.5,0.5
"Mus sp.","mass","Brain_Mass_measured","g",0.5,0.5,1,1,1,TRUE,"Finlay","primary","mass_compilation_unspecified",0.5,0.5
"Muscardinus avellanarius","mass","Brain_Mass_measured","g",0.45,0.45,1,1,0,FALSE,"Zilles","secondary","mass_fresh",0.45,0.45
"Mustela altaica","mass","Brain_Mass_mass_or_volume","g",4.48,4.48,1,1,0,FALSE,"Burger","secondary","mass_or_volume_mixed",4.48,4.48
"Mustela erminea","mass","Brain_Mass_mass_or_volume","g",4.57,4.57,2,2,0,FALSE,"Boddy; Burger","secondary","mass_or_volume_mixed",4.57,4.57
"Mustela frenata","mass","Brain_Mass_mass_or_volume","g",4,4,1,1,0,FALSE,"Burger","secondary","mass_or_volume_mixed",4,4
"Mustela lutreola","mass","Brain_Mass_mass_or_volume","g",8.5,8.5,1,1,0,FALSE,"Burger","secondary","mass_or_volume_mixed",8.5,8.5
"Mustela lutreolina","mass","Brain_Mass_mass_or_volume","g",8.5,8.5,1,1,0,FALSE,"Burger","secondary","mass_or_volume_mixed",8.5,8.5
"Mustela nigripes","mass","Brain_Mass_mass_or_volume","g",8.5,8.5,1,1,0,FALSE,"Burger","secondary","mass_or_volume_mixed",8.5,8.5
"Mustela nivalis","mass","Brain_Mass_mass_or_volume","g",2,2,1,1,0,FALSE,"Burger","secondary","mass_or_volume_mixed",2,2
"Mustela putorius","mass","Brain_Mass_mass_or_volume","g",7.87,7.87,2,2,0,FALSE,"Boddy; Burger","secondary","mass_or_volume_mixed",7.87,7.87
"Mustela putorius","mass","Brain_Mass_measured","g",10.7,10.7,5,3,1,TRUE,"Brodmann; Jacobs; Lewitus","info; primary; secondary","mass_fresh; mass_specimen; mass_unspecified",8.25,10.7
"Mustela putorius furo","mass","Brain_Mass_measured","g",5.226,5.226,2,2,1,TRUE,"Changizi; Garwicz","primary; secondary","mass_compilation_unspecified",5.226,7.1
"Mustela sibirica","mass","Brain_Mass_mass_or_volume","g",6,6,1,1,0,FALSE,"Burger","secondary","mass_or_volume_mixed",6,6
"Mustela vison","mass","Brain_Mass_mass_or_volume","g",7,7,1,1,0,FALSE,"Burger","secondary","mass_or_volume_mixed",7,7
"Mydaus javanensis","mass","Brain_Mass_mass_or_volume","g",19.49,19.49,1,1,0,FALSE,"Burger","secondary","mass_or_volume_mixed",19.49,19.49
"Mydaus marchei","mass","Brain_Mass_mass_or_volume","g",14.87,14.87,1,1,0,FALSE,"Burger","secondary","mass_or_volume_mixed",14.87,14.87
"Myiopsitta monachus","mass","Brain_Mass_measured","g",3.4204,3.4204,1,1,1,TRUE,"Olkowicz","primary","mass_fixed",3.4204,3.4204
"Myocastor coypus","mass","Brain_Mass_mass_or_volume","g",17.09,17.09,2,2,0,FALSE,"Boddy; Burger","secondary","mass_or_volume_mixed",17.09,17.09
"Myodes gapperi","mass","Brain_Mass_mass_or_volume","g",0.56,0.56,1,1,0,FALSE,"Burger","secondary","mass_or_volume_mixed",0.56,0.56
"Myodes glareolus","mass","Brain_Mass_mass_or_volume","g",0.52,0.52,1,1,0,FALSE,"Burger","secondary","mass_or_volume_mixed",0.52,0.52
"Myodes rufocanus","mass","Brain_Mass_mass_or_volume","g",0.61,0.61,1,1,0,FALSE,"Burger","secondary","mass_or_volume_mixed",0.61,0.61
"Myodes rutilus","mass","Brain_Mass_mass_or_volume","g",0.56,0.56,1,1,0,FALSE,"Burger","secondary","mass_or_volume_mixed",0.56,0.56
"Myoictis melas","mass","Brain_Mass_mass_or_volume","g",2.05,2.05,1,1,0,FALSE,"Burger","secondary","mass_or_volume_mixed",2.05,2.05
"Myomys daltoni","mass","Brain_Mass_mass_or_volume","g",0.68,0.68,1,1,0,FALSE,"Boddy","secondary","mass_or_volume_mixed",0.68,0.68
"Myonycteris torquata","mass","Brain_Mass_mass_or_volume","g",1.1159,1.1159,1,1,0,FALSE,"Burger","secondary","mass_or_volume_mixed",1.1159,1.1159
"Myonycteris torquata","mass","Brain_Mass_measured","g",1.187,1.187,3,1,0,FALSE,"Zilles","secondary","mass_fresh",1.101,1.239
"Myopus schisticolor","mass","Brain_Mass_mass_or_volume","g",0.56,0.56,2,2,0,FALSE,"Boddy; Burger","secondary","mass_or_volume_mixed",0.56,0.56
"Myosorex babaulti","mass","Brain_Mass_measured","g",0.36,0.36,1,1,0,FALSE,"Zilles","secondary","mass_fresh",0.36,0.36
"Myotis adversus","mass","Brain_Mass_mass_or_volume","g",0.2545,0.2545,1,1,0,FALSE,"Burger","secondary","mass_or_volume_mixed",0.2545,0.2545
"Myotis adversus","mass","Brain_Mass_measured","g",0.255,0.255,2,1,0,FALSE,"Zilles","secondary","mass_fresh",0.253,0.257
"Myotis albescens","mass","Brain_Mass_mass_or_volume","g",0.126,0.126,1,1,0,FALSE,"Burger","secondary","mass_or_volume_mixed",0.126,0.126
"Myotis albescens","mass","Brain_Mass_measured","g",0.1257,0.1257,3,1,0,FALSE,"Zilles","secondary","mass_fresh",0.122,0.128
"Myotis altarium","mass","Brain_Mass_mass_or_volume","g",0.24,0.24,1,1,0,FALSE,"Burger","secondary","mass_or_volume_mixed",0.24,0.24
"Myotis altarium","mass","Brain_Mass_measured","g",0.24,0.24,3,1,0,FALSE,"Zilles","secondary","mass_fresh",0.233,0.244
"Myotis annectans","mass","Brain_Mass_mass_or_volume","g",0.221,0.221,1,1,0,FALSE,"Burger","secondary","mass_or_volume_mixed",0.221,0.221
"Myotis annectans","mass","Brain_Mass_measured","g",0.221,0.221,2,1,0,FALSE,"Zilles","secondary","mass_fresh",0.21,0.232
"Myotis bechsteini","mass","Brain_Mass_mass_or_volume","g",0.265,0.265,1,1,0,FALSE,"Boddy","secondary","mass_or_volume_mixed",0.265,0.265
"Myotis bechsteini","mass","Brain_Mass_measured","g",0.265,0.265,1,1,0,FALSE,"Zilles","secondary","mass_fresh",0.265,0.265
"Myotis bechsteinii","mass","Brain_Mass_mass_or_volume","g",0.26,0.26,1,1,0,FALSE,"Burger","secondary","mass_or_volume_mixed",0.26,0.26
"Myotis bocagei","mass","Brain_Mass_mass_or_volume","g",0.21,0.21,1,1,0,FALSE,"Boddy","secondary","mass_or_volume_mixed",0.21,0.21
"Myotis bocagei","mass","Brain_Mass_measured","g",0.186,0.186,3,1,0,FALSE,"Zilles","secondary","mass_fresh",0.181,0.191
"Myotis bocagii","mass","Brain_Mass_mass_or_volume","g",0.2,0.2,1,1,0,FALSE,"Burger","secondary","mass_or_volume_mixed",0.2,0.2
"Myotis dasycneme","mass","Brain_Mass_mass_or_volume","g",0.31,0.31,2,2,0,FALSE,"Boddy; Burger","secondary","mass_or_volume_mixed",0.31,0.31
"Myotis dasycneme","mass","Brain_Mass_measured","g",0.31,0.31,1,1,0,FALSE,"Zilles","secondary","mass_fresh",0.31,0.31
"Myotis daubentoni","mass","Brain_Mass_mass_or_volume","g",0.23,0.23,1,1,0,FALSE,"Boddy","secondary","mass_or_volume_mixed",0.23,0.23
"Myotis daubentonii","mass","Brain_Mass_mass_or_volume","g",0.23,0.23,1,1,0,FALSE,"Burger","secondary","mass_or_volume_mixed",0.23,0.23
"Myotis fortidens","mass","Brain_Mass_mass_or_volume","g",0.1325,0.1325,1,1,0,FALSE,"Burger","secondary","mass_or_volume_mixed",0.1325,0.1325
"Myotis hasseltii","mass","Brain_Mass_mass_or_volume","g",0.188,0.188,1,1,0,FALSE,"Burger","secondary","mass_or_volume_mixed",0.188,0.188
"Myotis horsfieldii","mass","Brain_Mass_mass_or_volume","g",0.197,0.197,1,1,0,FALSE,"Burger","secondary","mass_or_volume_mixed",0.197,0.197
"Myotis lucifugus","mass","Brain_Mass_mass_or_volume","g",0.1613,0.1613,1,1,0,FALSE,"Burger","secondary","mass_or_volume_mixed",0.1613,0.1613
"Myotis montivagus","mass","Brain_Mass_mass_or_volume","g",0.17,0.17,1,1,0,FALSE,"Burger","secondary","mass_or_volume_mixed",0.17,0.17
"Myotis muricola","mass","Brain_Mass_mass_or_volume","g",0.125,0.125,1,1,0,FALSE,"Burger","secondary","mass_or_volume_mixed",0.125,0.125
"Myotis myotis","mass","Brain_Mass_mass_or_volume","g",0.4845,0.4845,2,2,0,FALSE,"Boddy; Burger","secondary","mass_or_volume_mixed",0.48,0.489
"Myotis myotis","mass","Brain_Mass_measured","g",0.48,0.48,5,1,0,FALSE,"Zilles","secondary","mass_fresh",0.45,0.5
"Myotis mystacinus","mass","Brain_Mass_mass_or_volume","g",0.1586,0.1586,2,2,0,FALSE,"Boddy; Burger","secondary","mass_or_volume_mixed",0.1572,0.16
"Myotis nattereri","mass","Brain_Mass_mass_or_volume","g",0.22,0.22,2,2,0,FALSE,"Boddy; Burger","secondary","mass_or_volume_mixed",0.22,0.22
"Myotis nattereri","mass","Brain_Mass_measured","g",0.22,0.22,1,1,0,FALSE,"Zilles","secondary","mass_fresh",0.22,0.22
"Myotis nigricans","mass","Brain_Mass_mass_or_volume","g",0.1235,0.1235,2,2,0,FALSE,"Boddy; Burger","secondary","mass_or_volume_mixed",0.12,0.127
"Myotis nigricans","mass","Brain_Mass_measured","g",0.14,0.14,3,1,0,FALSE,"Zilles","secondary","mass_fresh",0.14,0.14
"Myotis nigricans ssp.","mass","Brain_Mass_measured","g",0.1567,0.1567,3,1,0,FALSE,"Zilles","secondary","mass_fresh",0.153,0.163
"Myotis riparius","mass","Brain_Mass_mass_or_volume","g",0.173,0.173,1,1,0,FALSE,"Burger","secondary","mass_or_volume_mixed",0.173,0.173
"Myotis siligorensis","mass","Brain_Mass_mass_or_volume","g",0.103,0.103,1,1,0,FALSE,"Burger","secondary","mass_or_volume_mixed",0.103,0.103
"Myotis siligorensis","mass","Brain_Mass_measured","g",0.1047,0.1047,3,1,0,FALSE,"Zilles","secondary","mass_fresh",0.097,0.116
"Myotis tricolor","mass","Brain_Mass_mass_or_volume","g",0.259,0.259,1,1,0,FALSE,"Burger","secondary","mass_or_volume_mixed",0.259,0.259
"Myotis velifer","mass","Brain_Mass_mass_or_volume","g",0.2,0.2,1,1,0,FALSE,"Burger","secondary","mass_or_volume_mixed",0.2,0.2
"Myotis yumanensis","mass","Brain_Mass_mass_or_volume","g",0.13,0.13,1,1,0,FALSE,"Burger","secondary","mass_or_volume_mixed",0.13,0.13
"Myoxus glis","mass","Brain_Mass_mass_or_volume","g",1.9,1.9,2,2,0,FALSE,"Boddy; Burger","secondary","mass_or_volume_mixed",1.9,1.9
"Myrmecobius fasciatus","mass","Brain_Mass_mass_or_volume","g",4.3265,4.3265,2,2,0,FALSE,"Boddy; Burger","secondary","mass_or_volume_mixed",4.25,4.403
"Myrmecophaga tridactyla","mass","Brain_Mass_mass_or_volume","g",84,84,2,2,0,FALSE,"Boddy; Burger","secondary","mass_or_volume_mixed",84,84
"Myrmecophaga tridactyla","mass","Brain_Mass_measured","g",76,76,1,1,1,TRUE,"Karl","primary","mass_specimen",76,76
"Mystromys albicaudatus","mass","Brain_Mass_mass_or_volume","g",1.39,1.39,2,2,0,FALSE,"Boddy; Burger","secondary","mass_or_volume_mixed",1.39,1.39
"Nandinia binotata","mass","Brain_Mass_mass_or_volume","g",17.3,17.3,1,1,0,FALSE,"Burger","secondary","mass_or_volume_mixed",17.3,17.3
"Nanger dama","mass","Brain_Mass_mass_or_volume","g",150,150,1,1,0,FALSE,"Burger","secondary","mass_or_volume_mixed",150,150
"Nanger granti","mass","Brain_Mass_mass_or_volume","g",139,139,1,1,0,FALSE,"Burger","secondary","mass_or_volume_mixed",139,139
"Nannospalax ehrenbergi","mass","Brain_Mass_mass_or_volume","g",1.88,1.88,1,1,0,FALSE,"Boddy","secondary","mass_or_volume_mixed",1.88,1.88
"Napaeozapus insignis","mass","Brain_Mass_mass_or_volume","g",0.48,0.48,2,2,0,FALSE,"Boddy; Burger","secondary","mass_or_volume_mixed",0.48,0.48
"Nasalis larvatus","mass","Brain_Mass_mass_or_volume","g",90.4,90.4,2,2,0,FALSE,"Burger; DeCasien","secondary","mass_or_volume_mixed",83.8,97
"Nasalis larvatus","mass","Brain_Mass_measured","g",97,97,4,2,1,TRUE,"Stephan_collection; Zilles","primary; secondary","mass_fresh; mass_unspecified",64.25,97
"Nasua narica","mass","Brain_Mass_mass_or_volume","g",44.17,44.17,2,2,0,FALSE,"Boddy; Burger","secondary","mass_or_volume_mixed",44.17,44.17
"Nasua nasua","mass","Brain_Mass_mass_or_volume","g",37.5,37.5,2,2,0,FALSE,"Boddy; Burger","secondary","mass_or_volume_mixed",37.5,37.5
"Natalus tumidirostris","mass","Brain_Mass_mass_or_volume","g",0.245,0.245,1,1,0,FALSE,"Burger","secondary","mass_or_volume_mixed",0.245,0.245
"Natalus tumidirostris","mass","Brain_Mass_measured","g",0.2458,0.2458,4,1,0,FALSE,"Zilles","secondary","mass_fresh",0.239,0.251
"Neofelis nebulosa","mass","Brain_Mass_mass_or_volume","g",68.7,68.7,1,1,0,FALSE,"Burger","secondary","mass_or_volume_mixed",68.7,68.7
"Neofelis nebulosa","mass","Brain_Mass_measured","g",68.3,68.3,1,1,1,TRUE,"Karl","primary","mass_specimen",68.3,68.3
"Neofiber alleni","mass","Brain_Mass_mass_or_volume","g",2.72,2.72,2,2,0,FALSE,"Boddy; Burger","secondary","mass_or_volume_mixed",2.72,2.72
"Neomys anomalus","mass","Brain_Mass_measured","g",0.2785,0.2785,4,1,0,FALSE,"Zilles","secondary","mass_fresh",0.27,0.286
"Neomys fodiens","mass","Brain_Mass_mass_or_volume","g",0.3075,0.3075,2,2,0,FALSE,"Boddy; Burger","secondary","mass_or_volume_mixed",0.305,0.31
"Neomys fodiens","mass","Brain_Mass_measured","g",0.32,0.32,10,3,1,TRUE,"Lewitus; Stephan_collection; Zilles","primary; secondary","mass_fresh; mass_unspecified",0.3,0.35
"Neophascogale lorentzi","mass","Brain_Mass_mass_or_volume","g",2.45,2.45,1,1,0,FALSE,"Burger","secondary","mass_or_volume_mixed",2.45,2.45
"Neophoca cinerea","mass","Brain_Mass_mass_or_volume","g",388.75,388.75,2,2,0,FALSE,"Boddy; Burger","secondary","mass_or_volume_mixed",388.75,388.75
"Neophocaena asiaeorientalis","mass","Brain_Mass_measured","g",422,422,1,1,0,FALSE,"Manger","secondary","mass_compilation_unspecified",422,422
"Neophocaena phocaenoides","mass","Brain_Mass_mass_or_volume","g",468,468,1,1,0,FALSE,"Burger","secondary","mass_or_volume_mixed",468,468
"Neophocaena phocaenoides","mass","Brain_Mass_measured","g",468,468,1,1,0,FALSE,"Manger","secondary","mass_compilation_unspecified",468,468
"Neoromicia flavescens","mass","Brain_Mass_mass_or_volume","g",0.19,0.19,1,1,0,FALSE,"Burger","secondary","mass_or_volume_mixed",0.19,0.19
"Neoromicia nanus","mass","Brain_Mass_mass_or_volume","g",0.1,0.1,1,1,0,FALSE,"Burger","secondary","mass_or_volume_mixed",0.1,0.1
"Neotoma albigula","mass","Brain_Mass_mass_or_volume","g",2.17,2.17,2,2,0,FALSE,"Boddy; Burger","secondary","mass_or_volume_mixed",2.17,2.17
"Neotoma cinerea","mass","Brain_Mass_mass_or_volume","g",2.65,2.65,2,2,0,FALSE,"Boddy; Burger","secondary","mass_or_volume_mixed",2.65,2.65
"Neotoma floridana","mass","Brain_Mass_mass_or_volume","g",3.04,3.04,2,2,0,FALSE,"Boddy; Burger","secondary","mass_or_volume_mixed",3.04,3.04
"Neotoma fuscipes","mass","Brain_Mass_mass_or_volume","g",2.66,2.66,2,2,0,FALSE,"Boddy; Burger","secondary","mass_or_volume_mixed",2.66,2.66
"Neotoma micropus","mass","Brain_Mass_mass_or_volume","g",2.66,2.66,2,2,0,FALSE,"Boddy; Burger","secondary","mass_or_volume_mixed",2.66,2.66
"Neotragus moschatus","mass","Brain_Mass_mass_or_volume","g",32,32,1,1,0,FALSE,"Burger","secondary","mass_or_volume_mixed",32,32
"Nesogale dobsoni","mass","Brain_Mass_mass_or_volume","g",0.56,0.56,2,2,0,FALSE,"Boddy; Burger","secondary","mass_or_volume_mixed",0.56,0.56
"Nesogale dobsoni","mass","Brain_Mass_measured","g",0.56,0.56,4,2,1,TRUE,"Stephan_collection; Zilles","primary; secondary","mass_fresh",0.55,0.56
"Nesogale talazaci","mass","Brain_Mass_mass_or_volume","g",0.79,0.79,2,2,0,FALSE,"Boddy; Burger","secondary","mass_or_volume_mixed",0.79,0.79
"Nesogale talazaci","mass","Brain_Mass_measured","g",0.79,0.79,8,2,1,TRUE,"Stephan_collection; Zilles","primary; secondary","mass_fresh",0.78,0.91
"Nesonycteris woodfordi","mass","Brain_Mass_measured","g",1.038,1.038,3,1,0,FALSE,"Zilles","secondary","mass_fresh",1.028,1.049
"Nestor notabilis","mass","Brain_Mass_measured","g",13.5916,13.5916,1,1,1,TRUE,"Olkowicz","primary","mass_fixed",13.5916,13.5916
"Neurotrichus gibbsii","mass","Brain_Mass_mass_or_volume","g",0.91,0.91,2,2,0,FALSE,"Boddy; Burger","secondary","mass_or_volume_mixed",0.91,0.91
"Ningaui ridei","mass","Brain_Mass_mass_or_volume","g",0.24,0.24,1,1,0,FALSE,"Burger","secondary","mass_or_volume_mixed",0.24,0.24
"Ningaui yvonnae","mass","Brain_Mass_mass_or_volume","g",0.26,0.26,1,1,0,FALSE,"Burger","secondary","mass_or_volume_mixed",0.26,0.26
"Noctilio albiventris","mass","Brain_Mass_mass_or_volume","g",0.5618,0.5618,2,2,0,FALSE,"Boddy; Burger","secondary","mass_or_volume_mixed",0.55,0.5735
"Noctilio albiventris","mass","Brain_Mass_measured","g",0.6183,0.6183,3,1,0,FALSE,"Zilles","secondary","mass_fresh",0.61,0.631
"Noctilio leporinus","mass","Brain_Mass_mass_or_volume","g",1.222,1.222,2,2,0,FALSE,"Boddy; Burger","secondary","mass_or_volume_mixed",1.184,1.26
"Noctilio leporinus","mass","Brain_Mass_measured","g",1.141,1.141,4,1,0,FALSE,"Zilles","secondary","mass_fresh",1.085,1.229
"Nomascus gabriellae","mass","Brain_Mass_mass_or_volume","g",119.375,119.375,1,1,0,FALSE,"Burger","secondary","mass_or_volume_mixed",119.375,119.375
"Notamacropus parma","mass","Brain_Mass_mass_or_volume","g",18.05,18.05,2,2,0,FALSE,"Boddy; Burger","secondary","mass_or_volume_mixed",17.4,18.7
"Notamacropus rufogriseus","mass","Brain_Mass_mass_or_volume","g",37.074,37.074,2,2,0,FALSE,"Boddy; Burger","secondary","mass_or_volume_mixed",36,38.148
"Notamacropus rufogriseus","mass","Brain_Mass_measured","g",32.38,32.38,3,3,2,TRUE,"Karl; Lewitus; Pirlot","primary; secondary","mass_specimen; mass_unspecified",28.2,37.8
"Notiosorex crawfordi","mass","Brain_Mass_mass_or_volume","g",0.15,0.15,2,2,0,FALSE,"Boddy; Burger","secondary","mass_or_volume_mixed",0.15,0.15
"Notomys alexis","mass","Brain_Mass_mass_or_volume","g",0.96,0.96,2,2,0,FALSE,"Boddy; Burger","secondary","mass_or_volume_mixed",0.96,0.96
"Notopteris macdonaldi","mass","Brain_Mass_mass_or_volume","g",1.4528,1.4528,1,1,0,FALSE,"Burger","secondary","mass_or_volume_mixed",1.4528,1.4528
"Notopteris macdonaldi","mass","Brain_Mass_measured","g",1.4473,1.4473,3,1,0,FALSE,"Zilles","secondary","mass_fresh",1.349,1.553
"Notoryctes caurinus","mass","Brain_Mass_mass_or_volume","g",0.78,0.78,1,1,0,FALSE,"Burger","secondary","mass_or_volume_mixed",0.78,0.78
"Nyctalus noctula","mass","Brain_Mass_mass_or_volume","g",0.362,0.362,1,1,0,FALSE,"Burger","secondary","mass_or_volume_mixed",0.362,0.362
"Nyctalus noctula","mass","Brain_Mass_measured","g",0.3693,0.3693,3,1,0,FALSE,"Zilles","secondary","mass_fresh",0.351,0.38
"Nyctalus stenopterus","mass","Brain_Mass_measured","g",0.2483,0.2483,3,1,0,FALSE,"Zilles","secondary","mass_fresh",0.24,0.26
"Nyctereutes procyonoides","mass","Brain_Mass_mass_or_volume","g",28.5,28.5,1,1,0,FALSE,"Burger","secondary","mass_or_volume_mixed",28.5,28.5
"Nycteris arge","mass","Brain_Mass_mass_or_volume","g",0.3578,0.3578,2,2,0,FALSE,"Boddy; Burger","secondary","mass_or_volume_mixed",0.3557,0.36
"Nycteris arge","mass","Brain_Mass_measured","g",0.341,0.341,2,1,0,FALSE,"Zilles","secondary","mass_fresh",0.333,0.349
"Nycteris grandis","mass","Brain_Mass_mass_or_volume","g",0.7355,0.7355,1,1,0,FALSE,"Burger","secondary","mass_or_volume_mixed",0.7355,0.7355
"Nycteris grandis","mass","Brain_Mass_measured","g",0.7226,0.7226,5,1,0,FALSE,"Zilles","secondary","mass_fresh",0.689,0.762
"Nycteris hispida","mass","Brain_Mass_mass_or_volume","g",0.284,0.284,1,1,0,FALSE,"Burger","secondary","mass_or_volume_mixed",0.284,0.284
"Nycteris hispida","mass","Brain_Mass_measured","g",0.284,0.284,1,1,0,FALSE,"Zilles","secondary","mass_fresh",0.284,0.284
"Nycteris javanica","mass","Brain_Mass_mass_or_volume","g",0.475,0.475,1,1,0,FALSE,"Burger","secondary","mass_or_volume_mixed",0.475,0.475
"Nycteris javanica","mass","Brain_Mass_measured","g",0.4775,0.4775,2,1,0,FALSE,"Zilles","secondary","mass_fresh",0.47,0.485
"Nycteris macrotis","mass","Brain_Mass_mass_or_volume","g",0.389,0.389,1,1,0,FALSE,"Burger","secondary","mass_or_volume_mixed",0.389,0.389
"Nycteris macrotis","mass","Brain_Mass_measured","g",0.3883,0.3883,3,1,0,FALSE,"Zilles","secondary","mass_fresh",0.362,0.403
"Nycteris nana","mass","Brain_Mass_mass_or_volume","g",0.239,0.239,1,1,0,FALSE,"Burger","secondary","mass_or_volume_mixed",0.239,0.239
"Nycteris nana","mass","Brain_Mass_measured","g",0.2403,0.2403,3,1,0,FALSE,"Zilles","secondary","mass_fresh",0.236,0.248
"Nycteris thebaica","mass","Brain_Mass_mass_or_volume","g",0.2785,0.2785,1,1,0,FALSE,"Burger","secondary","mass_or_volume_mixed",0.2785,0.2785
"Nycteris thebaica","mass","Brain_Mass_measured","g",0.3233,0.3233,3,1,0,FALSE,"Zilles","secondary","mass_fresh",0.306,0.342
"Nycteris tragata","mass","Brain_Mass_mass_or_volume","g",0.476,0.476,1,1,0,FALSE,"Burger","secondary","mass_or_volume_mixed",0.476,0.476
"Nycteris tragata","mass","Brain_Mass_measured","g",0.434,0.434,1,1,0,FALSE,"Zilles","secondary","mass_fresh",0.434,0.434
"Nycticebus bengalensis","mass","Brain_Mass_mass_or_volume","g",13.5,13.5,1,1,0,FALSE,"Burger","secondary","mass_or_volume_mixed",13.5,13.5
"Nycticebus coucang","mass","Brain_Mass_mass_or_volume","g",12.1313,12.74,9,3,0,FALSE,"Boddy; Burger; DeCasien","secondary","mass_or_volume_mixed",5.5,14.4
"Nycticebus coucang","mass","Brain_Mass_measured","g",10.19,10.19,11,4,2,TRUE,"Lewitus; Nudo; Stephan_collection; Zilles","primary; secondary","mass_fresh; mass_unspecified",7.88,12.5
"Nycticebus pygmaeus","mass","Brain_Mass_mass_or_volume","g",7.8,7.8,3,3,0,FALSE,"Boddy; Burger; DeCasien","secondary","mass_or_volume_mixed",7.8,7.8
"Nycticeius balstoni","mass","Brain_Mass_measured","g",0.158,0.158,1,1,0,FALSE,"Zilles","secondary","mass_fresh",0.158,0.158
"Nyctimene albiventer","mass","Brain_Mass_mass_or_volume","g",0.825,0.825,1,1,0,FALSE,"Burger","secondary","mass_or_volume_mixed",0.825,0.825
"Nyctimene albiventer","mass","Brain_Mass_measured","g",0.825,0.825,2,1,0,FALSE,"Zilles","secondary","mass_fresh",0.739,0.911
"Nyctimene major","mass","Brain_Mass_measured","g",1.0127,1.0127,3,1,0,FALSE,"Zilles","secondary","mass_fresh",0.965,1.047
"Nyctimene robinsoni","mass","Brain_Mass_mass_or_volume","g",1.2307,1.2307,1,1,0,FALSE,"Burger","secondary","mass_or_volume_mixed",1.2307,1.2307
"Nyctimene robinsoni","mass","Brain_Mass_measured","g",1.195,1.195,2,1,0,FALSE,"Zilles","secondary","mass_fresh",1.11,1.28
"Nyctimene vizcaccia","mass","Brain_Mass_mass_or_volume","g",0.988,0.988,1,1,0,FALSE,"Burger","secondary","mass_or_volume_mixed",0.988,0.988
"Nyctomys sumichrasti","mass","Brain_Mass_mass_or_volume","g",1.08,1.08,2,2,0,FALSE,"Boddy; Burger","secondary","mass_or_volume_mixed",1.08,1.08
"Nyctophilus geoffroyi","mass","Brain_Mass_mass_or_volume","g",0.167,0.167,1,1,0,FALSE,"Burger","secondary","mass_or_volume_mixed",0.167,0.167
"Nyctophilus geoffroyi","mass","Brain_Mass_measured","g",0.1645,0.1645,2,1,0,FALSE,"Zilles","secondary","mass_fresh",0.156,0.173
"Nyctophilus timoriensis","mass","Brain_Mass_mass_or_volume","g",0.254,0.254,1,1,0,FALSE,"Burger","secondary","mass_or_volume_mixed",0.254,0.254
"Nyctophilus timoriensis","mass","Brain_Mass_measured","g",0.265,0.265,2,1,0,FALSE,"Zilles","secondary","mass_fresh",0.26,0.27
"Nymphicus hollandicus","mass","Brain_Mass_measured","g",2.2053,2.2053,1,1,1,TRUE,"Olkowicz","primary","mass_fixed",2.2053,2.2053
"Ochotona hyperborea","mass","Brain_Mass_mass_or_volume","g",2.22,2.22,2,2,0,FALSE,"Boddy; Burger","secondary","mass_or_volume_mixed",2.22,2.22
"Ochotona princeps","mass","Brain_Mass_mass_or_volume","g",2.39,2.39,2,2,0,FALSE,"Boddy; Burger","secondary","mass_or_volume_mixed",2.39,2.39
"Ochotona rufescens","mass","Brain_Mass_mass_or_volume","g",2.75,2.75,2,2,0,FALSE,"Boddy; Burger","secondary","mass_or_volume_mixed",2.75,2.75
"Ochrotomys nuttalli","mass","Brain_Mass_mass_or_volume","g",0.7,0.7,1,1,0,FALSE,"Burger","secondary","mass_or_volume_mixed",0.7,0.7
"Octodon degus","mass","Brain_Mass_mass_or_volume","g",2.1,2.1,1,1,0,FALSE,"Burger","secondary","mass_or_volume_mixed",2.1,2.1
"Odobenus rosmarus","mass","Brain_Mass_mass_or_volume","g",1410.25,1410.25,2,2,0,FALSE,"Boddy; Burger","secondary","mass_or_volume_mixed",1410.25,1410.25
"Odocoileus hemionus","mass","Brain_Mass_mass_or_volume","g",189.3,189.3,1,1,0,FALSE,"Burger","secondary","mass_or_volume_mixed",189.3,189.3
"Odocoileus virginianus","mass","Brain_Mass_mass_or_volume","g",210,210,2,2,0,FALSE,"Boddy; Burger","secondary","mass_or_volume_mixed",210,210
"Odocoileus virginianus","mass","Brain_Mass_measured","g",160,160,1,1,0,FALSE,"Lewitus","secondary","mass_fresh",160,160
"Odocoileus virginiatus","mass","Brain_Mass_measured","g",160,160,1,1,0,FALSE,"Lewitus","secondary","mass_unspecified",160,160
"Okapia johnstoni","mass","Brain_Mass_mass_or_volume","g",501,501,1,1,0,FALSE,"Burger","secondary","mass_or_volume_mixed",501,501
"Oligoryzomys longicaudatus","mass","Brain_Mass_mass_or_volume","g",0.67,0.67,2,2,0,FALSE,"Boddy; Burger","secondary","mass_or_volume_mixed",0.67,0.67
"Ommatophoca rossii","mass","Brain_Mass_mass_or_volume","g",495,495,2,2,0,FALSE,"Boddy; Burger","secondary","mass_or_volume_mixed",495,495
"Ondatra zibethicus","mass","Brain_Mass_mass_or_volume","g",5.03,5.03,2,2,0,FALSE,"Boddy; Burger","secondary","mass_or_volume_mixed",5.03,5.03
"Onychogalea fraenata","mass","Brain_Mass_mass_or_volume","g",14.1,14.1,2,2,0,FALSE,"Boddy; Burger","secondary","mass_or_volume_mixed",13.5,14.7
"Onychogalea lunata","mass","Brain_Mass_mass_or_volume","g",10.2,10.2,1,1,0,FALSE,"Burger","secondary","mass_or_volume_mixed",10.2,10.2
"Onychogalea unguifera","mass","Brain_Mass_mass_or_volume","g",16.7,16.7,1,1,0,FALSE,"Burger","secondary","mass_or_volume_mixed",16.7,16.7
"Onychomys leucogaster","mass","Brain_Mass_mass_or_volume","g",0.8004,0.8004,2,2,0,FALSE,"Boddy; Burger","secondary","mass_or_volume_mixed",0.8,0.8008
"Onychomys torridus","mass","Brain_Mass_mass_or_volume","g",0.5923,0.5923,2,2,0,FALSE,"Boddy; Burger","secondary","mass_or_volume_mixed",0.59,0.5947
"Orcinus orca","mass","Brain_Mass_mass_or_volume","g",6052,6052,2,2,0,FALSE,"Boddy; Burger","secondary","mass_or_volume_mixed",6052,6052
"Orcinus orca","mass","Brain_Mass_measured","g",5617,5617,1,1,0,FALSE,"Manger","secondary","mass_compilation_unspecified",5617,5617
"Oreotragus oreotragus","mass","Brain_Mass_mass_or_volume","g",59.4,59.4,1,1,0,FALSE,"Burger","secondary","mass_or_volume_mixed",59.4,59.4
"Ornithorhynchus anatinus","mass","Brain_Mass_mass_or_volume","g",10.0816,10.0816,2,2,0,FALSE,"Boddy; Burger","secondary","mass_or_volume_mixed",10.08,10.0832
"Ornithorhynchus anatinus","mass","Brain_Mass_measured","g",8.75,8.75,2,2,2,TRUE,"Brodmann; Changizi","primary","mass_compilation_unspecified; mass_unspecified",8.5,9
"Orthogeomys cherriei","mass","Brain_Mass_mass_or_volume","g",3.4703,3.4703,2,2,0,FALSE,"Boddy; Burger","secondary","mass_or_volume_mixed",3.47,3.4706
"Orthogeomys heterodus","mass","Brain_Mass_mass_or_volume","g",4.3099,4.3099,2,2,0,FALSE,"Boddy; Burger","secondary","mass_or_volume_mixed",4.3098,4.31
"Orthogeomys hispidus","mass","Brain_Mass_mass_or_volume","g",3.9791,3.9791,2,2,0,FALSE,"Boddy; Burger","secondary","mass_or_volume_mixed",3.9782,3.98
"Orycteropus afer","mass","Brain_Mass_mass_or_volume","g",79.5,79.5,1,1,0,FALSE,"Burger","secondary","mass_or_volume_mixed",79.5,79.5
"Orycteropus afer","mass","Brain_Mass_measured","g",72,72,1,1,0,FALSE,"Garwicz","secondary","mass_compilation_unspecified",72,72
"Oryctolagus cuniculus","mass","Brain_Mass_excl_olfactory_bulb","g",9.132,9.132,1,1,1,TRUE,"HerculanoHouzel","primary","mass_excl_olfactory_bulb",9.132,9.132
"Oryctolagus cuniculus","mass","Brain_Mass_mass_or_volume","g",7.1,7.1,3,3,1,TRUE,"Boddy; Burger; HerculanoHouzel","primary; secondary","mass_or_volume_mixed",7.1,11.0933
"Oryctolagus cuniculus","mass","Brain_Mass_measured","g",9.785,9.785,5,4,2,TRUE,"Brodmann; Lewitus; Nudo; Zilles","primary; secondary","mass_fresh; mass_unspecified",6.5,12
"Oryctolagus cuniculus f.d.","mass","Brain_Mass_measured","g",9.4267,9.4267,3,1,0,FALSE,"Zilles","secondary","mass_fresh",7.8,11.16
"Oryx beisa","mass","Brain_Mass_mass_or_volume","g",282,282,1,1,0,FALSE,"Burger","secondary","mass_or_volume_mixed",282,282
"Oryx gazella","mass","Brain_Mass_mass_or_volume","g",292,292,1,1,0,FALSE,"Burger","secondary","mass_or_volume_mixed",292,292
"Oryzomys palustris","mass","Brain_Mass_mass_or_volume","g",0.88,0.88,2,2,0,FALSE,"Boddy; Burger","secondary","mass_or_volume_mixed",0.88,0.88
"Oryzorictes hova","mass","Brain_Mass_mass_or_volume","g",0.58,0.58,2,2,0,FALSE,"Boddy; Burger","secondary","mass_or_volume_mixed",0.58,0.58
"Oryzorictes hova","mass","Brain_Mass_measured","g",0.58,0.58,2,2,1,TRUE,"Stephan_collection; Zilles","primary; secondary","mass_fresh",0.58,0.58
"Osphranter rufus","mass","Brain_Mass_mass_or_volume","g",62.4,62.4,1,1,0,FALSE,"Burger","secondary","mass_or_volume_mixed",62.4,62.4
"Otaria byronia","mass","Brain_Mass_mass_or_volume","g",506.25,506.25,1,1,0,FALSE,"Boddy","secondary","mass_or_volume_mixed",506.25,506.25
"Otaria flavescens","mass","Brain_Mass_mass_or_volume","g",506.25,506.25,1,1,0,FALSE,"Burger","secondary","mass_or_volume_mixed",506.25,506.25
"Otocyon megalotis","mass","Brain_Mass_mass_or_volume","g",26.09,26.09,2,2,0,FALSE,"Boddy; Burger","secondary","mass_or_volume_mixed",26.09,26.09
"Otolemur crassicaudatus","mass","Brain_Mass_mass_or_volume","g",11.0388,11.0388,2,2,0,FALSE,"Burger; DeCasien","secondary","mass_or_volume_mixed",10.3,11.7775
"Otolemur crassicaudatus","mass","Brain_Mass_measured","g",10.3,10.3,13,4,1,TRUE,"Lewitus; Sherwood; Stephan_collection; Zilles","primary; secondary","mass_compilation_unspecified; mass_fresh; mass_unspecified",8.78,11.8
"Otolemur garnettii","mass","Brain_Mass_excl_olfactory_bulb","g",10.15,10.15,1,1,1,TRUE,"HerculanoHouzel","primary","mass_excl_olfactory_bulb",10.15,10.15
"Otolemur garnettii","mass","Brain_Mass_mass_or_volume","g",11.4958,11.4958,1,1,0,FALSE,"Burger","secondary","mass_or_volume_mixed",11.4958,11.4958
"Otolemur monteiri","mass","Brain_Mass_mass_or_volume","g",11.4,11.4,1,1,0,FALSE,"Burger","secondary","mass_or_volume_mixed",11.4,11.4
"Otomops martiensseni","mass","Brain_Mass_mass_or_volume","g",0.7555,0.7555,1,1,0,FALSE,"Burger","secondary","mass_or_volume_mixed",0.7555,0.7555
"Otomops martiensseni","mass","Brain_Mass_measured","g",0.7643,0.7643,3,1,0,FALSE,"Zilles","secondary","mass_fresh",0.73,0.787
"Otomys angoniensis","mass","Brain_Mass_mass_or_volume","g",0.42,0.42,2,2,0,FALSE,"Boddy; Burger","secondary","mass_or_volume_mixed",0.42,0.42
"Otomys irroratus","mass","Brain_Mass_mass_or_volume","g",1.38,1.38,2,2,0,FALSE,"Boddy; Burger","secondary","mass_or_volume_mixed",1.38,1.38
"Ototylomys phyllotis","mass","Brain_Mass_mass_or_volume","g",1.33,1.33,2,2,0,FALSE,"Boddy; Burger","secondary","mass_or_volume_mixed",1.33,1.33
"Ourebia ourebi","mass","Brain_Mass_mass_or_volume","g",58.3,58.3,1,1,0,FALSE,"Burger","secondary","mass_or_volume_mixed",58.3,58.3
"Ovis ammon","mass","Brain_Mass_mass_or_volume","g",140,140,1,1,0,FALSE,"Burger","secondary","mass_or_volume_mixed",140,140
"Ovis ammon f. aries","mass","Brain_Mass_measured","g",111.7833,111.7833,6,1,1,TRUE,"Ebinger","primary","mass_fresh",99.8,125
"Ovis ammon musimon","mass","Brain_Mass_measured","g",133.025,133.025,4,1,1,TRUE,"Ebinger","primary","mass_fresh",132.2,135
"Ovis aries","mass","Brain_Mass_mass_or_volume","g",175,175,1,1,0,FALSE,"Burger","secondary","mass_or_volume_mixed",175,175
"Ovis aries","mass","Brain_Mass_measured","g",118,118,3,3,1,TRUE,"Brodmann; Garwicz; Lewitus","primary; secondary","mass_compilation_unspecified; mass_unspecified",118,140
"P. cynoceph","mass","Brain_Mass_from_volume_or_ecv","g",143.3,143.3,1,1,1,TRUE,"Weaver","primary","mass_from_volume_or_ecv",143.3,143.3
"Pagophilus groenlandicus","mass","Brain_Mass_mass_or_volume","g",275,275,1,1,0,FALSE,"Burger","secondary","mass_or_volume_mixed",275,275
"Pagophilus groenlandicus","mass","Brain_Mass_measured","g",276,276,2,1,0,FALSE,"Jacobs","info","mass_specimen",276,276
"Paguma larvata","mass","Brain_Mass_mass_or_volume","g",30.9,30.9,1,1,0,FALSE,"Burger","secondary","mass_or_volume_mixed",30.9,30.9
"Pan paniscus","mass","Brain_Mass_from_volume_or_ecv","g",332.42,332.42,1,1,1,TRUE,"Weaver","primary","mass_from_volume_or_ecv",332.42,332.42
"Pan paniscus","mass","Brain_Mass_mass_or_volume","g",329.7011,329.7016,4,3,0,FALSE,"Boddy; Burger; DeCasien","secondary","mass_or_volume_mixed",322.4032,337
"Pan paniscus","mass","Brain_Mass_measured","g",367.2778,367.2778,17,3,1,TRUE,"Stimpson; Zilles; deSousa","primary; secondary","mass_fresh; mass_unspecified",295.7,440
"Pan troglodytes","mass","Brain_Mass_mass_or_volume","g",354.6292,354.8097,26,3,0,FALSE,"Boddy; Burger; DeCasien","secondary","mass_or_volume_mixed",229.2,448.588
"Pan troglodytes","mass","Brain_Mass_measured","g",376.4909,399.2318,52,11,4,TRUE,"Armstrong; Brodmann; Collins; Garwicz; Karl; Lewitus; Sherwood; Stephan_collection; Stimpson; Zilles; deSousa","info; primary; secondary","mass_compilation_unspecified; mass_fixed; mass_fresh; mass_fresh_or_fixed_mixed; mass_specimen; mass_unspecified",295,461
"Panthera leo","mass","Brain_Mass_mass_or_volume","g",259.5,259.5,2,2,0,FALSE,"Boddy; Burger","secondary","mass_or_volume_mixed",259.5,259.5
"Panthera leo","mass","Brain_Mass_measured","g",259,259,5,3,1,TRUE,"Brodmann; Jacobs; Lewitus","info; primary; secondary","mass_fresh; mass_specimen; mass_unspecified",223.5,259
"Panthera onca","mass","Brain_Mass_mass_or_volume","g",149,149,1,1,0,FALSE,"Burger","secondary","mass_or_volume_mixed",149,149
"Panthera pardus","mass","Brain_Mass_mass_or_volume","g",135,135,2,2,0,FALSE,"Boddy; Burger","secondary","mass_or_volume_mixed",135,135
"Panthera pardus orientalis","mass","Brain_Mass_measured","g",125.5,125.5,2,1,0,FALSE,"Jacobs","info","mass_specimen",125.5,125.5
"Panthera tigris","mass","Brain_Mass_mass_or_volume","g",269.7317,269.7317,2,2,0,FALSE,"Boddy; Burger","secondary","mass_or_volume_mixed",269.73,269.7333
"Panthera tigris altaica","mass","Brain_Mass_measured","g",279.3,279.3,2,1,0,FALSE,"Jacobs","info","mass_specimen",279.3,279.3
"Papio anubis","mass","Brain_Mass_mass_or_volume","g",162.5875,162.5875,12,2,0,FALSE,"Burger; DeCasien","secondary","mass_or_volume_mixed",137.2,212.7
"Papio anubis","mass","Brain_Mass_measured","g",187.65,187.65,8,4,2,TRUE,"Karl; Sherwood; Stephan_collection; Zilles","primary; secondary","mass_compilation_unspecified; mass_fresh; mass_specimen; mass_unspecified",174.3,222
"Papio cynocephalus","mass","Brain_Mass_excl_olfactory_bulb","g",151.194,151.194,1,1,1,TRUE,"HerculanoHouzel","primary","mass_excl_olfactory_bulb",151.194,151.194
"Papio cynocephalus","mass","Brain_Mass_mass_or_volume","g",151.19,151.19,11,3,1,TRUE,"Burger; DeCasien; HerculanoHouzel","primary; secondary","mass_or_volume_mixed",140,197
"Papio cynocephalus","mass","Brain_Mass_measured","g",160.325,160.325,3,2,0,FALSE,"Sherwood; Zilles","secondary","mass_compilation_unspecified; mass_fresh",147,169.1
"Papio cynocephalus anubis","mass","Brain_Mass_measured","g",109.6417,109.6417,14,2,0,FALSE,"Turner; Young","info","mass_fixed; mass_unspecified",50,173.4
"Papio cynocphalus","mass","Brain_Mass_mass_or_volume","g",137.4,137.4,5,1,0,FALSE,"DeCasien","secondary","mass_or_volume_mixed",109,167
"Papio hamadryas","mass","Brain_Mass_mass_or_volume","g",137.1333,142,12,3,0,FALSE,"Boddy; Burger; DeCasien","secondary","mass_or_volume_mixed",96,199
"Papio hamadryas","mass","Brain_Mass_measured","g",170.55,170.55,3,2,0,FALSE,"Jacobs; Lewitus","info; secondary","mass_specimen; mass_unspecified",159.1,182
"Papio papio","mass","Brain_Mass_mass_or_volume","g",142.9125,142.9125,5,2,0,FALSE,"Burger; DeCasien","secondary","mass_or_volume_mixed",90,177
"Papio ursinus","mass","Brain_Mass_mass_or_volume","g",165,165,1,1,0,FALSE,"Burger","secondary","mass_or_volume_mixed",165,165
"Papio ursinus","mass","Brain_Mass_measured","g",214.4,214.4,2,1,0,FALSE,"Jacobs","info","mass_specimen",214.4,214.4
"Pappogeomys gymnurus","mass","Brain_Mass_mass_or_volume","g",4.1854,4.1854,1,1,0,FALSE,"Boddy","secondary","mass_or_volume_mixed",4.1854,4.1854
"Paracynictis selousi","mass","Brain_Mass_mass_or_volume","g",15.8,15.8,1,1,0,FALSE,"Burger","secondary","mass_or_volume_mixed",15.8,15.8
"Paradoxurus hermaphroditus","mass","Brain_Mass_mass_or_volume","g",25.95,25.95,2,2,0,FALSE,"Boddy; Burger","secondary","mass_or_volume_mixed",25.95,25.95
"Paradoxurus zeylonensis","mass","Brain_Mass_mass_or_volume","g",17.81,17.81,1,1,0,FALSE,"Burger","secondary","mass_or_volume_mixed",17.81,17.81
"Paraechinus hypomelas","mass","Brain_Mass_mass_or_volume","g",2.4,2.4,1,1,0,FALSE,"Burger","secondary","mass_or_volume_mixed",2.4,2.4
"Paramelomys levipes","mass","Brain_Mass_mass_or_volume","g",1.86,1.86,1,1,0,FALSE,"Burger","secondary","mass_or_volume_mixed",1.86,1.86
"Paramelomys rubex","mass","Brain_Mass_mass_or_volume","g",1.27,1.27,1,1,0,FALSE,"Burger","secondary","mass_or_volume_mixed",1.27,1.27
"Paramurexia rothschildi","mass","Brain_Mass_mass_or_volume","g",1.09,1.09,1,1,0,FALSE,"Burger","secondary","mass_or_volume_mixed",1.09,1.09
"Parantechinus apicalis","mass","Brain_Mass_mass_or_volume","g",1.2216,1.2216,2,2,0,FALSE,"Boddy; Burger","secondary","mass_or_volume_mixed",1.2,1.2432
"Paranyctimene raptor","mass","Brain_Mass_mass_or_volume","g",0.731,0.731,1,1,0,FALSE,"Burger","secondary","mass_or_volume_mixed",0.731,0.731
"Paranyctimene raptor","mass","Brain_Mass_measured","g",0.7293,0.7293,3,1,0,FALSE,"Zilles","secondary","mass_fresh",0.701,0.748
"Parascalops breweri","mass","Brain_Mass_excl_olfactory_bulb","g",0.759,0.759,1,1,1,TRUE,"HerculanoHouzel","primary","mass_excl_olfactory_bulb",0.759,0.759
"Parascalops breweri","mass","Brain_Mass_measured","g",0.8618,0.8618,4,1,0,FALSE,"Zilles","secondary","mass_fresh",0.826,0.885
"Paraxerus cepapi","mass","Brain_Mass_mass_or_volume","g",2.85,2.85,2,2,0,FALSE,"Boddy; Burger","secondary","mass_or_volume_mixed",2.85,2.85
"Parus major","mass","Brain_Mass_measured","g",0.9403,0.9403,1,1,1,TRUE,"Olkowicz","primary","mass_fixed",0.9403,0.9403
"Pecari tajacu","mass","Brain_Mass_mass_or_volume","g",101.5,101.5,1,1,0,FALSE,"Burger","secondary","mass_or_volume_mixed",101.5,101.5
"Pectinator spekei","mass","Brain_Mass_mass_or_volume","g",1.93,1.93,2,2,0,FALSE,"Boddy; Burger","secondary","mass_or_volume_mixed",1.93,1.93
"Pelea capreolus","mass","Brain_Mass_mass_or_volume","g",121,121,1,1,0,FALSE,"Burger","secondary","mass_or_volume_mixed",121,121
"Penthetor lucasi","mass","Brain_Mass_mass_or_volume","g",0.9475,0.9475,1,1,0,FALSE,"Burger","secondary","mass_or_volume_mixed",0.9475,0.9475
"Penthetor lucasi (PTN)","mass","Brain_Mass_measured","g",0.98,0.98,1,1,0,FALSE,"Baron","secondary","mass_compilation_unspecified",0.98,0.98
"Perameles bougainville","mass","Brain_Mass_mass_or_volume","g",3.2678,3.2678,2,2,0,FALSE,"Boddy; Burger","secondary","mass_or_volume_mixed",3.21,3.3256
"Perameles gunnii","mass","Brain_Mass_mass_or_volume","g",4.581,4.581,2,2,0,FALSE,"Boddy; Burger","secondary","mass_or_volume_mixed",4.5,4.662
"Perameles nasuta","mass","Brain_Mass_mass_or_volume","g",5.0493,5.0493,2,2,0,FALSE,"Boddy; Burger","secondary","mass_or_volume_mixed",4.96,5.1386
"Perameles nasuta","mass","Brain_Mass_measured","g",5.79,5.79,2,1,1,TRUE,"Pirlot","primary","mass_unspecified",5.7,5.88
"Perodicticus potto","mass","Brain_Mass_mass_or_volume","g",12.0678,12.0667,5,3,0,FALSE,"Boddy; Burger; DeCasien","secondary","mass_or_volume_mixed",10.9,14
"Perodicticus potto","mass","Brain_Mass_measured","g",13.79,13.79,11,4,2,TRUE,"Lewitus; Sherwood; Stephan_collection; Zilles","primary; secondary","mass_compilation_unspecified; mass_fresh; mass_unspecified",11.5,16.2
"Perognathus flavus","mass","Brain_Mass_mass_or_volume","g",0.3077,0.3077,2,2,0,FALSE,"Boddy; Burger","secondary","mass_or_volume_mixed",0.3054,0.31
"Perognathus longimembris","mass","Brain_Mass_mass_or_volume","g",0.3303,0.3303,2,2,0,FALSE,"Boddy; Burger","secondary","mass_or_volume_mixed",0.33,0.3306
"Perognathus parvus","mass","Brain_Mass_mass_or_volume","g",0.4885,0.4885,2,2,0,FALSE,"Boddy; Burger","secondary","mass_or_volume_mixed",0.4869,0.49
"Peromyscus aztecus","mass","Brain_Mass_mass_or_volume","g",0.92,0.92,2,2,0,FALSE,"Boddy; Burger","secondary","mass_or_volume_mixed",0.92,0.92
"Peromyscus boylii","mass","Brain_Mass_mass_or_volume","g",0.71,0.71,2,2,0,FALSE,"Boddy; Burger","secondary","mass_or_volume_mixed",0.71,0.71
"Peromyscus californicus","mass","Brain_Mass_mass_or_volume","g",0.91,0.91,2,2,0,FALSE,"Boddy; Burger","secondary","mass_or_volume_mixed",0.91,0.91
"Peromyscus crinitus","mass","Brain_Mass_mass_or_volume","g",0.53,0.53,2,2,0,FALSE,"Boddy; Burger","secondary","mass_or_volume_mixed",0.53,0.53
"Peromyscus eremicus","mass","Brain_Mass_mass_or_volume","g",0.54,0.54,2,2,0,FALSE,"Boddy; Burger","secondary","mass_or_volume_mixed",0.54,0.54
"Peromyscus gossypinus","mass","Brain_Mass_mass_or_volume","g",0.68,0.68,2,2,0,FALSE,"Boddy; Burger","secondary","mass_or_volume_mixed",0.68,0.68
"Peromyscus grandis","mass","Brain_Mass_mass_or_volume","g",1.53,1.53,2,2,0,FALSE,"Boddy; Burger","secondary","mass_or_volume_mixed",1.53,1.53
"Peromyscus guatemalensis","mass","Brain_Mass_mass_or_volume","g",1.16,1.16,2,2,0,FALSE,"Boddy; Burger","secondary","mass_or_volume_mixed",1.16,1.16
"Peromyscus leucopus","mass","Brain_Mass_mass_or_volume","g",0.6,0.6,2,2,0,FALSE,"Boddy; Burger","secondary","mass_or_volume_mixed",0.6,0.6
"Peromyscus maniculatus","mass","Brain_Mass_mass_or_volume","g",0.57,0.57,2,2,0,FALSE,"Boddy; Burger","secondary","mass_or_volume_mixed",0.57,0.57
"Peromyscus megalops","mass","Brain_Mass_mass_or_volume","g",1.12,1.12,2,2,0,FALSE,"Boddy; Burger","secondary","mass_or_volume_mixed",1.12,1.12
"Peromyscus melanocarpus","mass","Brain_Mass_mass_or_volume","g",1.03,1.03,2,2,0,FALSE,"Boddy; Burger","secondary","mass_or_volume_mixed",1.03,1.03
"Peromyscus melanophrys","mass","Brain_Mass_mass_or_volume","g",0.94,0.94,2,2,0,FALSE,"Boddy; Burger","secondary","mass_or_volume_mixed",0.94,0.94
"Peromyscus melanotis","mass","Brain_Mass_mass_or_volume","g",0.63,0.63,2,2,0,FALSE,"Boddy; Burger","secondary","mass_or_volume_mixed",0.63,0.63
"Peromyscus merriami","mass","Brain_Mass_mass_or_volume","g",0.56,0.56,2,2,0,FALSE,"Boddy; Burger","secondary","mass_or_volume_mixed",0.56,0.56
"Peromyscus mexicanus","mass","Brain_Mass_mass_or_volume","g",1.0175,1.0175,2,2,0,FALSE,"Boddy; Burger","secondary","mass_or_volume_mixed",1.015,1.02
"Peromyscus polionotus","mass","Brain_Mass_mass_or_volume","g",0.42,0.42,2,2,0,FALSE,"Boddy; Burger","secondary","mass_or_volume_mixed",0.42,0.42
"Peromyscus truei","mass","Brain_Mass_mass_or_volume","g",0.75,0.75,2,2,0,FALSE,"Boddy; Burger","secondary","mass_or_volume_mixed",0.75,0.75
"Peromyscus yucatanicus","mass","Brain_Mass_mass_or_volume","g",0.7,0.7,2,2,0,FALSE,"Boddy; Burger","secondary","mass_or_volume_mixed",0.7,0.7
"Peropteryx macrotis","mass","Brain_Mass_mass_or_volume","g",0.1566,0.1566,1,1,0,FALSE,"Burger","secondary","mass_or_volume_mixed",0.1566,0.1566
"Peropteryx macrotis","mass","Brain_Mass_measured","g",0.1667,0.1667,3,1,0,FALSE,"Zilles","secondary","mass_fresh",0.16,0.17
"Peropteryx trinitatis","mass","Brain_Mass_mass_or_volume","g",0.1495,0.1495,1,1,0,FALSE,"Burger","secondary","mass_or_volume_mixed",0.1495,0.1495
"Peropteryx trinitatis","mass","Brain_Mass_measured","g",0.132,0.132,3,1,0,FALSE,"Zilles","secondary","mass_fresh",0.129,0.136
"Peroryctes raffrayana","mass","Brain_Mass_mass_or_volume","g",6.4439,6.4439,2,2,0,FALSE,"Boddy; Burger","secondary","mass_or_volume_mixed",6.33,6.5579
"Petaurista elegans","mass","Brain_Mass_mass_or_volume","g",7.76,7.76,2,2,0,FALSE,"Boddy; Burger","secondary","mass_or_volume_mixed",7.76,7.76
"Petaurista petaurista","mass","Brain_Mass_mass_or_volume","g",11.7675,11.7675,2,2,0,FALSE,"Boddy; Burger","secondary","mass_or_volume_mixed",11.765,11.77
"Petauroides volans","mass","Brain_Mass_mass_or_volume","g",4.7744,4.7744,2,2,0,FALSE,"Boddy; Burger","secondary","mass_or_volume_mixed",4.69,4.8588
"Petaurus abidi","mass","Brain_Mass_mass_or_volume","g",3.83,3.83,1,1,0,FALSE,"Burger","secondary","mass_or_volume_mixed",3.83,3.83
"Petaurus australis","mass","Brain_Mass_mass_or_volume","g",5.71,5.71,1,1,0,FALSE,"Burger","secondary","mass_or_volume_mixed",5.71,5.71
"Petaurus biacensis","mass","Brain_Mass_mass_or_volume","g",1.68,1.68,1,1,0,FALSE,"Burger","secondary","mass_or_volume_mixed",1.68,1.68
"Petaurus breviceps","mass","Brain_Mass_mass_or_volume","g",2.09,2.09,1,1,0,FALSE,"Burger","secondary","mass_or_volume_mixed",2.09,2.09
"Petaurus breviceps","mass","Brain_Mass_measured","g",2.435,2.435,2,1,1,TRUE,"Pirlot","primary","mass_unspecified",2.39,2.48
"Petaurus norfolcensis","mass","Brain_Mass_mass_or_volume","g",3.02,3.02,1,1,0,FALSE,"Burger","secondary","mass_or_volume_mixed",3.02,3.02
"Petaurus norfolcensis","mass","Brain_Mass_measured","g",3.23,3.23,1,1,1,TRUE,"Pirlot","primary","mass_unspecified",3.23,3.23
"Peteropus gilliardi","mass","Brain_Mass_measured","g",5.302,5.302,1,1,0,FALSE,"Zilles","secondary","mass_fresh",5.302,5.302
"Petrodromus tetradactylus","mass","Brain_Mass_excl_olfactory_bulb","g",2.44,2.44,1,1,1,TRUE,"HerculanoHouzel","primary","mass_excl_olfactory_bulb",2.44,2.44
"Petrogale assimilis","mass","Brain_Mass_mass_or_volume","g",17.5,17.5,1,1,0,FALSE,"Burger","secondary","mass_or_volume_mixed",17.5,17.5
"Petrogale brachyotis","mass","Brain_Mass_mass_or_volume","g",15.75,15.75,1,1,0,FALSE,"Burger","secondary","mass_or_volume_mixed",15.75,15.75
"Petrogale concinna","mass","Brain_Mass_mass_or_volume","g",11.198,11.198,2,2,0,FALSE,"Boddy; Burger","secondary","mass_or_volume_mixed",11,11.396
"Petrogale godmani","mass","Brain_Mass_mass_or_volume","g",18,18,1,1,0,FALSE,"Burger","secondary","mass_or_volume_mixed",18,18
"Petrogale herberti","mass","Brain_Mass_mass_or_volume","g",21.2,21.2,1,1,0,FALSE,"Burger","secondary","mass_or_volume_mixed",21.2,21.2
"Petrogale inornata","mass","Brain_Mass_mass_or_volume","g",17,17,1,1,0,FALSE,"Burger","secondary","mass_or_volume_mixed",17,17
"Petrogale lateralis","mass","Brain_Mass_mass_or_volume","g",19.2,19.2,1,1,0,FALSE,"Burger","secondary","mass_or_volume_mixed",19.2,19.2
"Petrogale mareeba","mass","Brain_Mass_mass_or_volume","g",17,17,1,1,0,FALSE,"Burger","secondary","mass_or_volume_mixed",17,17
"Petrogale penicillata","mass","Brain_Mass_mass_or_volume","g",24.3302,24.3302,2,2,0,FALSE,"Boddy; Burger","secondary","mass_or_volume_mixed",23.9,24.7604
"Petrogale persephone","mass","Brain_Mass_mass_or_volume","g",21.887,21.887,2,2,0,FALSE,"Boddy; Burger","secondary","mass_or_volume_mixed",21.5,22.274
"Petrogale xanthopus","mass","Brain_Mass_mass_or_volume","g",23,23,1,1,0,FALSE,"Burger","secondary","mass_or_volume_mixed",23,23
"Petropseudes dahli","mass","Brain_Mass_mass_or_volume","g",5.038,5.038,1,1,0,FALSE,"Burger","secondary","mass_or_volume_mixed",5.038,5.038
"Phacochoerus aethiopicus","mass","Brain_Mass_mass_or_volume","g",125,125,2,2,0,FALSE,"Boddy; Burger","secondary","mass_or_volume_mixed",125,125
"Phacochoerus africanus","mass","Brain_Mass_mass_or_volume","g",132.5,132.5,1,1,0,FALSE,"Burger","secondary","mass_or_volume_mixed",132.5,132.5
"Phalanger carmelitae","mass","Brain_Mass_mass_or_volume","g",8.6428,8.6428,2,2,0,FALSE,"Boddy; Burger","secondary","mass_or_volume_mixed",8.49,8.7956
"Phalanger gymnotis","mass","Brain_Mass_mass_or_volume","g",13,13,1,1,0,FALSE,"Burger","secondary","mass_or_volume_mixed",13,13
"Phalanger intercastellanus","mass","Brain_Mass_mass_or_volume","g",7.35,7.35,1,1,0,FALSE,"Burger","secondary","mass_or_volume_mixed",7.35,7.35
"Phalanger lullulae","mass","Brain_Mass_mass_or_volume","g",6.09,6.09,1,1,0,FALSE,"Burger","secondary","mass_or_volume_mixed",6.09,6.09
"Phalanger mimicus","mass","Brain_Mass_mass_or_volume","g",8.13,8.13,1,1,0,FALSE,"Burger","secondary","mass_or_volume_mixed",8.13,8.13
"Phalanger orientalis","mass","Brain_Mass_mass_or_volume","g",7.9896,7.9896,2,2,0,FALSE,"Boddy; Burger","secondary","mass_or_volume_mixed",7.37,8.6092
"Phalanger ornatus","mass","Brain_Mass_mass_or_volume","g",7.1464,7.1464,2,2,0,FALSE,"Boddy; Burger","secondary","mass_or_volume_mixed",7.02,7.2727
"Phalanger rothschildi","mass","Brain_Mass_mass_or_volume","g",6.14,6.14,1,1,0,FALSE,"Burger","secondary","mass_or_volume_mixed",6.14,6.14
"Phalanger sericeus","mass","Brain_Mass_mass_or_volume","g",9.96,9.96,1,1,0,FALSE,"Burger","secondary","mass_or_volume_mixed",9.96,9.96
"Phalanger vestitus","mass","Brain_Mass_mass_or_volume","g",9.7117,9.7117,2,2,0,FALSE,"Boddy; Burger","secondary","mass_or_volume_mixed",9.54,9.8834
"Phaner electromontis","mass","Brain_Mass_mass_or_volume","g",7.2,7.2,1,1,0,FALSE,"Burger","secondary","mass_or_volume_mixed",7.2,7.2
"Phaner furcifer","mass","Brain_Mass_mass_or_volume","g",6.47,6.47,1,1,0,FALSE,"Burger","secondary","mass_or_volume_mixed",6.47,6.47
"Phaner pallescens","mass","Brain_Mass_mass_or_volume","g",6.6814,6.6814,1,1,0,FALSE,"Burger","secondary","mass_or_volume_mixed",6.6814,6.6814
"Phascogale calura","mass","Brain_Mass_mass_or_volume","g",0.9264,0.9264,2,2,0,FALSE,"Boddy; Burger","secondary","mass_or_volume_mixed",0.91,0.9428
"Phascogale tapoatafa","mass","Brain_Mass_mass_or_volume","g",1.81,1.81,1,1,0,FALSE,"Burger","secondary","mass_or_volume_mixed",1.81,1.81
"Phascolarctos cinereus","mass","Brain_Mass_mass_or_volume","g",20.2,20.2,1,1,0,FALSE,"Burger","secondary","mass_or_volume_mixed",20.2,20.2
"Phascolosorex dorsalis","mass","Brain_Mass_mass_or_volume","g",1.11,1.11,1,1,0,FALSE,"Burger","secondary","mass_or_volume_mixed",1.11,1.11
"Phascomurexia naso","mass","Brain_Mass_mass_or_volume","g",0.77,0.77,1,1,0,FALSE,"Burger","secondary","mass_or_volume_mixed",0.77,0.77
"Philander opossum","mass","Brain_Mass_mass_or_volume","g",3.8989,3.8989,2,2,0,FALSE,"Boddy; Burger","secondary","mass_or_volume_mixed",3.83,3.9679
"Philander opossum","mass","Brain_Mass_measured","g",4.24,4.24,2,1,1,TRUE,"Pirlot","primary","mass_unspecified",4.15,4.33
"Philantomba maxwellii","mass","Brain_Mass_mass_or_volume","g",38,38,1,1,0,FALSE,"Burger","secondary","mass_or_volume_mixed",38,38
"Philantomba monticola","mass","Brain_Mass_mass_or_volume","g",48,48,1,1,0,FALSE,"Burger","secondary","mass_or_volume_mixed",48,48
"Phoca caspica","mass","Brain_Mass_mass_or_volume","g",162.5,162.5,1,1,0,FALSE,"Boddy","secondary","mass_or_volume_mixed",162.5,162.5
"Phoca fasciata","mass","Brain_Mass_mass_or_volume","g",248.75,248.75,1,1,0,FALSE,"Boddy","secondary","mass_or_volume_mixed",248.75,248.75
"Phoca hispida","mass","Brain_Mass_mass_or_volume","g",196.25,196.25,1,1,0,FALSE,"Boddy","secondary","mass_or_volume_mixed",196.25,196.25
"Phoca largha","mass","Brain_Mass_mass_or_volume","g",253.75,253.75,2,2,0,FALSE,"Boddy; Burger","secondary","mass_or_volume_mixed",253.75,253.75
"Phoca sibirica","mass","Brain_Mass_mass_or_volume","g",187.5,187.5,1,1,0,FALSE,"Boddy","secondary","mass_or_volume_mixed",187.5,187.5
"Phoca sp.","mass","Brain_Mass_measured","g",187,187,1,1,1,TRUE,"Brodmann","primary","mass_unspecified",187,187
"Phoca vitulina","mass","Brain_Mass_mass_or_volume","g",315,315,2,2,0,FALSE,"Boddy; Burger","secondary","mass_or_volume_mixed",315,315
"Phoca vitulina","mass","Brain_Mass_measured","g",273.75,273.75,2,1,0,FALSE,"Lewitus","secondary","mass_fresh; mass_unspecified",273.75,273.75
"Phocarctos hookeri","mass","Brain_Mass_mass_or_volume","g",393.75,393.75,2,2,0,FALSE,"Boddy; Burger","secondary","mass_or_volume_mixed",393.75,393.75
"Phocoena phocoena","mass","Brain_Mass_mass_or_volume","g",1735,1735,2,2,0,FALSE,"Boddy; Burger","secondary","mass_or_volume_mixed",1735,1735
"Phocoena phocoena","mass","Brain_Mass_measured","g",455,455,3,3,1,TRUE,"Brodmann; Lewitus; Manger","primary; secondary","mass_compilation_unspecified; mass_unspecified",455,537
"Phocoena spinipinnis","mass","Brain_Mass_mass_or_volume","g",597,597,1,1,0,FALSE,"Burger","secondary","mass_or_volume_mixed",597,597
"Phocoenoides dalli","mass","Brain_Mass_mass_or_volume","g",833.6683,833.6683,2,2,0,FALSE,"Boddy; Burger","secondary","mass_or_volume_mixed",833.6667,833.67
"Phocoenoides dalli","mass","Brain_Mass_measured","g",867,867,1,1,0,FALSE,"Manger","secondary","mass_compilation_unspecified",867,867
"Phocoenoides truei","mass","Brain_Mass_measured","g",876,876,1,1,0,FALSE,"Manger","secondary","mass_compilation_unspecified",876,876
"Phoniscus atrox","mass","Brain_Mass_mass_or_volume","g",0.188,0.188,1,1,0,FALSE,"Burger","secondary","mass_or_volume_mixed",0.188,0.188
"Phoniscus atrox","mass","Brain_Mass_measured","g",0.188,0.188,1,1,0,FALSE,"Zilles","secondary","mass_fresh",0.188,0.188
"Phylloderma stenops","mass","Brain_Mass_mass_or_volume","g",1.338,1.338,1,1,0,FALSE,"Burger","secondary","mass_or_volume_mixed",1.338,1.338
"Phylloderma stenops","mass","Brain_Mass_measured","g",1.338,1.338,2,1,0,FALSE,"Zilles","secondary","mass_fresh",1.314,1.362
"Phyllostomus discolor","mass","Brain_Mass_mass_or_volume","g",0.9957,0.9957,2,2,0,FALSE,"Boddy; Burger","secondary","mass_or_volume_mixed",0.89,1.1013
"Phyllostomus discolor","mass","Brain_Mass_measured","g",1.081,1.081,4,1,0,FALSE,"Zilles","secondary","mass_fresh",1.06,1.1
"Phyllostomus elongatus","mass","Brain_Mass_mass_or_volume","g",0.885,0.885,1,1,0,FALSE,"Burger","secondary","mass_or_volume_mixed",0.885,0.885
"Phyllostomus elongatus","mass","Brain_Mass_measured","g",0.8913,0.8913,3,1,0,FALSE,"Zilles","secondary","mass_fresh",0.872,0.905
"Phyllostomus hastatus","mass","Brain_Mass_mass_or_volume","g",1.5318,1.5318,1,1,0,FALSE,"Burger","secondary","mass_or_volume_mixed",1.5318,1.5318
"Phyllostomus hastatus","mass","Brain_Mass_measured","g",1.555,1.555,4,1,0,FALSE,"Zilles","secondary","mass_fresh",1.47,1.6
"Physeter catadon","mass","Brain_Mass_measured","g",7818,7818,1,1,0,FALSE,"Manger","secondary","mass_compilation_unspecified",7818,7818
"Physeter catodon","mass","Brain_Mass_mass_or_volume","g",8183,8183,1,1,0,FALSE,"Burger","secondary","mass_or_volume_mixed",8183,8183
"Pica pica","mass","Brain_Mass_measured","g",5.4253,5.4253,1,1,1,TRUE,"Olkowicz","primary","mass_fixed",5.4253,5.4253
"Pigeon (Columba domest.)","mass","Brain_Mass_measured","g",1.91,1.91,2,1,0,FALSE,"Krompecher","secondary","mass_unspecified",1.79,2.03
"Piliocolobus badius","mass","Brain_Mass_mass_or_volume","g",78,78,3,3,0,FALSE,"Boddy; Burger; DeCasien","secondary","mass_or_volume_mixed",78,78
"Piliocolobus badius","mass","Brain_Mass_measured","g",78.555,78.555,10,3,2,TRUE,"Lewitus; Stephan_collection; Zilles","primary; secondary","mass_fresh; mass_unspecified",75,90
"Piliocolobus kirkii","mass","Brain_Mass_mass_or_volume","g",57.25,57.25,1,1,0,FALSE,"Burger","secondary","mass_or_volume_mixed",57.25,57.25
"Piliocolobus tephrosceles","mass","Brain_Mass_mass_or_volume","g",70.9519,70.9519,1,1,0,FALSE,"Burger","secondary","mass_or_volume_mixed",70.9519,70.9519
"Pipistrellus babu","mass","Brain_Mass_measured","g",0.096,0.096,3,1,0,FALSE,"Zilles","secondary","mass_fresh",0.087,0.103
"Pipistrellus ceylonicus","mass","Brain_Mass_mass_or_volume","g",0.182,0.182,1,1,0,FALSE,"Burger","secondary","mass_or_volume_mixed",0.182,0.182
"Pipistrellus ceylonicus","mass","Brain_Mass_measured","g",0.1843,0.1843,3,1,0,FALSE,"Zilles","secondary","mass_fresh",0.178,0.196
"Pipistrellus circumdatus","mass","Brain_Mass_measured","g",0.232,0.232,3,1,0,FALSE,"Zilles","secondary","mass_fresh",0.219,0.249
"Pipistrellus coromandra","mass","Brain_Mass_mass_or_volume","g",0.105,0.105,1,1,0,FALSE,"Burger","secondary","mass_or_volume_mixed",0.105,0.105
"Pipistrellus crassulus","mass","Brain_Mass_measured","g",0.1343,0.1343,3,1,0,FALSE,"Zilles","secondary","mass_fresh",0.131,0.137
"Pipistrellus imbricatus","mass","Brain_Mass_measured","g",0.1367,0.1367,3,1,0,FALSE,"Zilles","secondary","mass_fresh",0.13,0.14
"Pipistrellus javanicus","mass","Brain_Mass_mass_or_volume","g",0.119,0.119,1,1,0,FALSE,"Burger","secondary","mass_or_volume_mixed",0.119,0.119
"Pipistrellus javanicus","mass","Brain_Mass_measured","g",0.119,0.119,3,1,0,FALSE,"Zilles","secondary","mass_fresh",0.113,0.124
"Pipistrellus kuhlii","mass","Brain_Mass_mass_or_volume","g",0.166,0.166,1,1,0,FALSE,"Burger","secondary","mass_or_volume_mixed",0.166,0.166
"Pipistrellus mimus","mass","Brain_Mass_measured","g",0.0957,0.0957,3,1,0,FALSE,"Zilles","secondary","mass_fresh",0.085,0.105
"Pipistrellus nanus","mass","Brain_Mass_measured","g",0.1013,0.1013,3,1,0,FALSE,"Zilles","secondary","mass_fresh",0.095,0.107
"Pipistrellus papuanus","mass","Brain_Mass_mass_or_volume","g",0.11,0.11,1,1,0,FALSE,"Burger","secondary","mass_or_volume_mixed",0.11,0.11
"Pipistrellus pulveratus","mass","Brain_Mass_measured","g",0.145,0.145,3,1,0,FALSE,"Zilles","secondary","mass_fresh",0.144,0.147
"Pipistrellus subflavus","mass","Brain_Mass_mass_or_volume","g",0.125,0.125,1,1,0,FALSE,"Burger","secondary","mass_or_volume_mixed",0.125,0.125
"Pipistrellus subflavus","mass","Brain_Mass_measured","g",0.1245,0.1245,2,1,0,FALSE,"Zilles","secondary","mass_fresh",0.122,0.127
"Pipistrellus tenuis","mass","Brain_Mass_mass_or_volume","g",0.113,0.113,1,1,0,FALSE,"Burger","secondary","mass_or_volume_mixed",0.113,0.113
"Pipistrellus tenuis","mass","Brain_Mass_measured","g",0.115,0.115,3,1,0,FALSE,"Zilles","secondary","mass_fresh",0.11,0.119
"Pith VIII /Sangiran 17","mass","Brain_Mass_from_volume_or_ecv","g",949.01,949.01,1,1,1,TRUE,"Weaver","primary","mass_from_volume_or_ecv",949.01,949.01
"Pithecia irrorata","mass","Brain_Mass_mass_or_volume","g",39.5,39.5,1,1,0,FALSE,"Burger","secondary","mass_or_volume_mixed",39.5,39.5
"Pithecia monachus","mass","Brain_Mass_mass_or_volume","g",35,35,3,3,0,FALSE,"Boddy; Burger; DeCasien","secondary","mass_or_volume_mixed",35,35
"Pithecia monachus","mass","Brain_Mass_measured","g",35,35,6,2,1,TRUE,"Stephan_collection; Zilles","primary; secondary","mass_fresh",21.73,35
"Pithecia pithecia","mass","Brain_Mass_mass_or_volume","g",31.3,31.3,2,2,0,FALSE,"Burger; DeCasien","secondary","mass_or_volume_mixed",30,32.6
"Pithecia pithecia","mass","Brain_Mass_measured","g",30,30,1,1,1,TRUE,"Zilles","primary","mass_unspecified",30,30
"Planigale gilesi","mass","Brain_Mass_mass_or_volume","g",0.1731,0.1731,2,2,0,FALSE,"Boddy; Burger","secondary","mass_or_volume_mixed",0.17,0.1761
"Planigale ingrami","mass","Brain_Mass_mass_or_volume","g",0.15,0.15,1,1,0,FALSE,"Burger","secondary","mass_or_volume_mixed",0.15,0.15
"Planigale maculata","mass","Brain_Mass_mass_or_volume","g",0.2,0.2,1,1,0,FALSE,"Burger","secondary","mass_or_volume_mixed",0.2,0.2
"Planigale novaeguineae","mass","Brain_Mass_mass_or_volume","g",0.27,0.27,1,1,0,FALSE,"Burger","secondary","mass_or_volume_mixed",0.27,0.27
"Planigale tenuirostris","mass","Brain_Mass_mass_or_volume","g",0.14,0.14,1,1,0,FALSE,"Burger","secondary","mass_or_volume_mixed",0.14,0.14
"Platanista gangetica","mass","Brain_Mass_mass_or_volume","g",290.5,290.5,1,1,0,FALSE,"Burger","secondary","mass_or_volume_mixed",290.5,290.5
"Platanista gangetica","mass","Brain_Mass_measured","g",295,295,1,1,0,FALSE,"Manger","secondary","mass_compilation_unspecified",295,295
"Platanista minor","mass","Brain_Mass_measured","g",164,164,1,1,0,FALSE,"Manger","secondary","mass_compilation_unspecified",164,164
"Platycercus eximius","mass","Brain_Mass_measured","g",2.7159,2.7159,1,1,1,TRUE,"Olkowicz","primary","mass_fixed",2.7159,2.7159
"Platyrrhinus brachycephalus","mass","Brain_Mass_mass_or_volume","g",0.583,0.583,1,1,0,FALSE,"Burger","secondary","mass_or_volume_mixed",0.583,0.583
"Platyrrhinus helleri","mass","Brain_Mass_mass_or_volume","g",0.4548,0.4548,2,2,0,FALSE,"Boddy; Burger","secondary","mass_or_volume_mixed",0.42,0.4897
"Platyrrhinus infuscus","mass","Brain_Mass_mass_or_volume","g",1.11,1.11,1,1,0,FALSE,"Burger","secondary","mass_or_volume_mixed",1.11,1.11
"Platyrrhinus lineatus","mass","Brain_Mass_mass_or_volume","g",0.741,0.741,1,1,0,FALSE,"Burger","secondary","mass_or_volume_mixed",0.741,0.741
"Platyrrhinus vittatus","mass","Brain_Mass_mass_or_volume","g",1.175,1.175,1,1,0,FALSE,"Burger","secondary","mass_or_volume_mixed",1.175,1.175
"Plecotus auritus","mass","Brain_Mass_mass_or_volume","g",0.238,0.238,1,1,0,FALSE,"Burger","secondary","mass_or_volume_mixed",0.238,0.238
"Podomys floridanus","mass","Brain_Mass_mass_or_volume","g",0.94,0.94,2,2,0,FALSE,"Boddy; Burger","secondary","mass_or_volume_mixed",0.94,0.94
"Poecilogale albinucha","mass","Brain_Mass_mass_or_volume","g",4.5,4.5,1,1,0,FALSE,"Burger","secondary","mass_or_volume_mixed",4.5,4.5
"Pogonomelomys sevia","mass","Brain_Mass_mass_or_volume","g",1.49,1.49,1,1,0,FALSE,"Boddy","secondary","mass_or_volume_mixed",1.49,1.49
"Pogonomys macrourus","mass","Brain_Mass_mass_or_volume","g",1.43,1.43,2,2,0,FALSE,"Boddy; Burger","secondary","mass_or_volume_mixed",1.43,1.43
"Pogonomys sylvestris","mass","Brain_Mass_mass_or_volume","g",1.13,1.13,2,2,0,FALSE,"Boddy; Burger","secondary","mass_or_volume_mixed",1.13,1.13
"Pongo","mass","Brain_Mass_from_volume_or_ecv","g",433.13,433.13,1,1,1,TRUE,"Weaver","primary","mass_from_volume_or_ecv",433.13,433.13
"Pongo pygmaeus","mass","Brain_Mass_mass_or_volume","g",341.99,341.9899,27,3,0,FALSE,"Boddy; Burger; DeCasien","secondary","mass_or_volume_mixed",267,422
"Pongo pygmaeus","mass","Brain_Mass_measured","g",376.6112,376.6112,10,5,1,TRUE,"Krompecher; Lewitus; Sherwood; Zilles; deSousa","primary; secondary","mass_compilation_unspecified; mass_fresh; mass_unspecified",316,440
"Pongo pymaeus","mass","Brain_Mass_measured","g",404.5,404.5,2,1,0,FALSE,"Zilles","secondary","mass_fresh",369,440
"Pongo sp.","mass","Brain_Mass_mass_or_volume","g",389.495,389.495,1,1,0,FALSE,"Burger","secondary","mass_or_volume_mixed",389.495,389.495
"Pongo sp.","mass","Brain_Mass_measured","g",345.9,345.9,85,2,1,TRUE,"Stephan_collection; Zilles","primary; secondary","mass_compilation_unspecified; mass_unspecified",79.7,470
"Pontoporia blainvillei","mass","Brain_Mass_measured","g",220,220,1,1,0,FALSE,"Manger","secondary","mass_compilation_unspecified",220,220
"Potamochoerus porcus","mass","Brain_Mass_mass_or_volume","g",138,138,1,1,0,FALSE,"Burger","secondary","mass_or_volume_mixed",138,138
"Potamogale velox","mass","Brain_Mass_mass_or_volume","g",4.0478,4.0478,2,2,0,FALSE,"Boddy; Burger","secondary","mass_or_volume_mixed",4.0455,4.05
"Potamogale velox","mass","Brain_Mass_measured","g",4.12,4.12,12,3,1,TRUE,"Lewitus; Stephan_collection; Zilles","primary; secondary","mass_fresh; mass_unspecified",3.7,4.7
"Potorous platyops","mass","Brain_Mass_mass_or_volume","g",6.3,6.3,1,1,0,FALSE,"Burger","secondary","mass_or_volume_mixed",6.3,6.3
"Potorous tridactylus","mass","Brain_Mass_mass_or_volume","g",9.53,9.53,1,1,0,FALSE,"Burger","secondary","mass_or_volume_mixed",9.53,9.53
"Potorous tridactylus","mass","Brain_Mass_measured","g",12.235,12.235,2,1,1,TRUE,"Pirlot","primary","mass_unspecified",12.13,12.34
"Potos flavus","mass","Brain_Mass_mass_or_volume","g",33.0775,33.0775,2,2,0,FALSE,"Boddy; Burger","secondary","mass_or_volume_mixed",33.075,33.08
"Praomys daltoni","mass","Brain_Mass_mass_or_volume","g",0.68,0.68,1,1,0,FALSE,"Burger","secondary","mass_or_volume_mixed",0.68,0.68
"Praomys morio","mass","Brain_Mass_mass_or_volume","g",0.84,0.84,2,2,0,FALSE,"Boddy; Burger","secondary","mass_or_volume_mixed",0.84,0.84
"Praomys tullbergi","mass","Brain_Mass_mass_or_volume","g",0.86,0.86,2,2,0,FALSE,"Boddy; Burger","secondary","mass_or_volume_mixed",0.86,0.86
"Presbytis chrysomelas","mass","Brain_Mass_mass_or_volume","g",72.1121,72.1121,1,1,0,FALSE,"Burger","secondary","mass_or_volume_mixed",72.1121,72.1121
"Presbytis comata","mass","Brain_Mass_mass_or_volume","g",80.3,80.3,1,1,0,FALSE,"Burger","secondary","mass_or_volume_mixed",80.3,80.3
"Presbytis femoralis","mass","Brain_Mass_mass_or_volume","g",73.7357,73.7357,1,1,0,FALSE,"Burger","secondary","mass_or_volume_mixed",73.7357,73.7357
"Presbytis frontata","mass","Brain_Mass_mass_or_volume","g",81.0169,81.0169,1,1,0,FALSE,"Burger","secondary","mass_or_volume_mixed",81.0169,81.0169
"Presbytis hosei","mass","Brain_Mass_mass_or_volume","g",60,60,1,1,0,FALSE,"Burger","secondary","mass_or_volume_mixed",60,60
"Presbytis melalophos","mass","Brain_Mass_mass_or_volume","g",59.2,59.2,1,1,0,FALSE,"Burger","secondary","mass_or_volume_mixed",59.2,59.2
"Presbytis natunae","mass","Brain_Mass_mass_or_volume","g",57.19,57.19,1,1,0,FALSE,"Burger","secondary","mass_or_volume_mixed",57.19,57.19
"Presbytis potenziani","mass","Brain_Mass_mass_or_volume","g",57,57,1,1,0,FALSE,"Burger","secondary","mass_or_volume_mixed",57,57
"Presbytis rubicunda","mass","Brain_Mass_mass_or_volume","g",71.0151,71.0151,1,1,0,FALSE,"Burger","secondary","mass_or_volume_mixed",71.0151,71.0151
"Presbytis siamensis","mass","Brain_Mass_mass_or_volume","g",60.9421,60.9421,1,1,0,FALSE,"Burger","secondary","mass_or_volume_mixed",60.9421,60.9421
"Presbytis thomasi","mass","Brain_Mass_mass_or_volume","g",72.9324,72.9324,1,1,0,FALSE,"Burger","secondary","mass_or_volume_mixed",72.9324,72.9324
"Priodontes maximus","mass","Brain_Mass_mass_or_volume","g",81,81,1,1,0,FALSE,"Burger","secondary","mass_or_volume_mixed",81,81
"Prionailurus bengalensis","mass","Brain_Mass_mass_or_volume","g",29.37,29.37,1,1,0,FALSE,"Burger","secondary","mass_or_volume_mixed",29.37,29.37
"Prionailurus planiceps","mass","Brain_Mass_mass_or_volume","g",21.98,21.98,1,1,0,FALSE,"Burger","secondary","mass_or_volume_mixed",21.98,21.98
"Prionailurus rubiginosus","mass","Brain_Mass_mass_or_volume","g",18.92,18.92,1,1,0,FALSE,"Burger","secondary","mass_or_volume_mixed",18.92,18.92
"Prionailurus viverrinus","mass","Brain_Mass_mass_or_volume","g",46.53,46.53,1,1,0,FALSE,"Burger","secondary","mass_or_volume_mixed",46.53,46.53
"Prionodon linsang","mass","Brain_Mass_mass_or_volume","g",8.5,8.5,1,1,0,FALSE,"Burger","secondary","mass_or_volume_mixed",8.5,8.5
"Prionodon pardicolor","mass","Brain_Mass_mass_or_volume","g",9.03,9.03,1,1,0,FALSE,"Burger","secondary","mass_or_volume_mixed",9.03,9.03
"Procavia capensis","mass","Brain_Mass_excl_olfactory_bulb","g",16.853,16.853,1,1,1,TRUE,"HerculanoHouzel","primary","mass_excl_olfactory_bulb",16.853,16.853
"Procavia capensis","mass","Brain_Mass_mass_or_volume","g",19.4683,19.4683,2,2,0,FALSE,"Boddy; Burger","secondary","mass_or_volume_mixed",19.4667,19.47
"Procavia capensis","mass","Brain_Mass_measured","g",15.26,15.26,4,3,2,TRUE,"Karl; Lewitus; Nudo","primary; secondary","mass_fresh; mass_specimen; mass_unspecified",12.42,19.17
"Procavia sp.","mass","Brain_Mass_mass_or_volume","g",4.317,4.317,1,1,1,TRUE,"HerculanoHouzel","primary","mass_or_volume_mixed",4.317,4.317
"Procolobus verus","mass","Brain_Mass_mass_or_volume","g",52.6004,52.6004,1,1,0,FALSE,"Burger","secondary","mass_or_volume_mixed",52.6004,52.6004
"Procyon cancrivorus","mass","Brain_Mass_mass_or_volume","g",61.56,61.56,1,1,0,FALSE,"Burger","secondary","mass_or_volume_mixed",61.56,61.56
"Procyon lotor","mass","Brain_Mass_mass_or_volume","g",41.0683,41.0683,2,2,0,FALSE,"Boddy; Burger","secondary","mass_or_volume_mixed",41.0667,41.07
"Procyon lotor","mass","Brain_Mass_measured","g",31.87,31.87,5,3,1,TRUE,"Jacobs; Lewitus; Nudo","info; primary; secondary","mass_fresh; mass_specimen; mass_unspecified",31.87,40.02
"Proechimys brevicauda","mass","Brain_Mass_mass_or_volume","g",2.95,2.95,1,1,0,FALSE,"Burger","secondary","mass_or_volume_mixed",2.95,2.95
"Proechimys guyannensis","mass","Brain_Mass_excl_olfactory_bulb","g",2.078,2.078,1,1,1,TRUE,"HerculanoHouzel","primary","mass_excl_olfactory_bulb",2.078,2.078
"Proechimys semispinosus","mass","Brain_Mass_mass_or_volume","g",6.87,6.87,2,2,0,FALSE,"Boddy; Burger","secondary","mass_or_volume_mixed",6.87,6.87
"Profelis aurata","mass","Brain_Mass_mass_or_volume","g",57.97,57.97,1,1,0,FALSE,"Burger","secondary","mass_or_volume_mixed",57.97,57.97
"Prolemur simus","mass","Brain_Mass_mass_or_volume","g",27.1449,27.1449,1,1,0,FALSE,"Burger","secondary","mass_or_volume_mixed",27.1449,27.1449
"Propithecus coquereli","mass","Brain_Mass_mass_or_volume","g",30.1941,30.1941,1,1,0,FALSE,"Burger","secondary","mass_or_volume_mixed",30.1941,30.1941
"Propithecus deckenii","mass","Brain_Mass_mass_or_volume","g",30.8756,30.8756,2,2,0,FALSE,"Burger; DeCasien","secondary","mass_or_volume_mixed",30.1512,31.6
"Propithecus diadema","mass","Brain_Mass_mass_or_volume","g",39.7993,39.7993,1,1,0,FALSE,"Burger","secondary","mass_or_volume_mixed",39.7993,39.7993
"Propithecus edwardsi","mass","Brain_Mass_mass_or_volume","g",39.5,39.5,1,1,0,FALSE,"Burger","secondary","mass_or_volume_mixed",39.5,39.5
"Propithecus verreauxi","mass","Brain_Mass_mass_or_volume","g",26.7,26.7,3,3,0,FALSE,"Boddy; Burger; DeCasien","secondary","mass_or_volume_mixed",26.7,26.7
"Propithecus verreauxi","mass","Brain_Mass_measured","g",26.7,26.7,10,4,1,TRUE,"Lewitus; Sherwood; Stephan_collection; Zilles","primary; secondary","mass_compilation_unspecified; mass_fresh; mass_unspecified",25.61,27.03
"Proteles cristata","mass","Brain_Mass_mass_or_volume","g",35.2,35.2,1,1,0,FALSE,"Burger","secondary","mass_or_volume_mixed",35.2,35.2
"Protoxerus stangeri","mass","Brain_Mass_mass_or_volume","g",11.33,11.33,1,1,0,FALSE,"Burger","secondary","mass_or_volume_mixed",11.33,11.33
"Psammomys obesus","mass","Brain_Mass_mass_or_volume","g",1.3,1.3,1,1,0,FALSE,"Burger","secondary","mass_or_volume_mixed",1.3,1.3
"Pseudantechinus bilarni","mass","Brain_Mass_mass_or_volume","g",0.65,0.65,1,1,0,FALSE,"Burger","secondary","mass_or_volume_mixed",0.65,0.65
"Pseudantechinus macdonnellensis","mass","Brain_Mass_mass_or_volume","g",0.49,0.49,1,1,0,FALSE,"Burger","secondary","mass_or_volume_mixed",0.49,0.49
"Pseudantechinus roryi","mass","Brain_Mass_mass_or_volume","g",0.42,0.42,1,1,0,FALSE,"Burger","secondary","mass_or_volume_mixed",0.42,0.42
"Pseudocheirus peregrinus","mass","Brain_Mass_mass_or_volume","g",5.1504,5.1504,2,2,0,FALSE,"Boddy; Burger","secondary","mass_or_volume_mixed",4.52,5.7809
"Pseudocheirus peregrinus","mass","Brain_Mass_measured","g",5.27,5.27,3,1,1,TRUE,"Pirlot","primary","mass_unspecified",4.72,5.57
"Pseudochirops albertisii","mass","Brain_Mass_mass_or_volume","g",4.68,4.68,1,1,0,FALSE,"Burger","secondary","mass_or_volume_mixed",4.68,4.68
"Pseudochirops archeri","mass","Brain_Mass_mass_or_volume","g",5.87,5.87,1,1,0,FALSE,"Burger","secondary","mass_or_volume_mixed",5.87,5.87
"Pseudochirops corinnae","mass","Brain_Mass_mass_or_volume","g",5.36,5.36,1,1,0,FALSE,"Burger","secondary","mass_or_volume_mixed",5.36,5.36
"Pseudochirops coronatus","mass","Brain_Mass_mass_or_volume","g",5.13,5.13,1,1,0,FALSE,"Burger","secondary","mass_or_volume_mixed",5.13,5.13
"Pseudochirops cupreus","mass","Brain_Mass_mass_or_volume","g",7.54,7.54,1,1,0,FALSE,"Burger","secondary","mass_or_volume_mixed",7.54,7.54
"Pseudochirulus canescens","mass","Brain_Mass_mass_or_volume","g",1.8,1.8,1,1,0,FALSE,"Burger","secondary","mass_or_volume_mixed",1.8,1.8
"Pseudochirulus caroli","mass","Brain_Mass_mass_or_volume","g",3.2,3.2,1,1,0,FALSE,"Burger","secondary","mass_or_volume_mixed",3.2,3.2
"Pseudochirulus forbesi","mass","Brain_Mass_mass_or_volume","g",3.36,3.36,1,1,0,FALSE,"Burger","secondary","mass_or_volume_mixed",3.36,3.36
"Pseudochirulus herbertensis","mass","Brain_Mass_mass_or_volume","g",4.32,4.32,1,1,0,FALSE,"Burger","secondary","mass_or_volume_mixed",4.32,4.32
"Pseudochirulus mayeri","mass","Brain_Mass_mass_or_volume","g",2.01,2.01,1,1,0,FALSE,"Burger","secondary","mass_or_volume_mixed",2.01,2.01
"Pseudochirulus schlegeli","mass","Brain_Mass_mass_or_volume","g",2.8,2.8,1,1,0,FALSE,"Burger","secondary","mass_or_volume_mixed",2.8,2.8
"Pseudomys australis","mass","Brain_Mass_mass_or_volume","g",1.16,1.16,2,2,0,FALSE,"Boddy; Burger","secondary","mass_or_volume_mixed",1.16,1.16
"Pseudomys hermannsburgensis","mass","Brain_Mass_mass_or_volume","g",1.08,1.08,1,1,0,FALSE,"Burger","secondary","mass_or_volume_mixed",1.08,1.08
"Pseudorca crassidens","mass","Brain_Mass_mass_or_volume","g",4307,4307,2,2,0,FALSE,"Boddy; Burger","secondary","mass_or_volume_mixed",4307,4307
"Pseudorca crassidens","mass","Brain_Mass_measured","g",4444.5,4444.5,1,1,0,FALSE,"Lewitus","secondary","mass_unspecified",4444.5,4444.5
"Psittacula eupatria","mass","Brain_Mass_measured","g",5.6994,5.6994,1,1,1,TRUE,"Olkowicz","primary","mass_fixed",5.6994,5.6994
"Psittacus erithacus","mass","Brain_Mass_measured","g",8.8273,8.8273,1,1,1,TRUE,"Olkowicz","primary","mass_fixed",8.8273,8.8273
"Pteromyscus pulverulentus","mass","Brain_Mass_mass_or_volume","g",3.55,3.55,2,2,0,FALSE,"Boddy; Burger","secondary","mass_or_volume_mixed",3.55,3.55
"Pteronotus davyi","mass","Brain_Mass_mass_or_volume","g",0.315,0.315,2,2,0,FALSE,"Boddy; Burger","secondary","mass_or_volume_mixed",0.31,0.32
"Pteronotus gymnonotus","mass","Brain_Mass_mass_or_volume","g",0.343,0.343,1,1,0,FALSE,"Burger","secondary","mass_or_volume_mixed",0.343,0.343
"Pteronotus gymnonotus","mass","Brain_Mass_measured","g",0.342,0.342,3,1,0,FALSE,"Zilles","secondary","mass_fresh",0.33,0.351
"Pteronotus parnelli","mass","Brain_Mass_measured","g",0.5503,0.5503,4,1,0,FALSE,"Zilles","secondary","mass_fresh",0.521,0.56
"Pteronotus parnellii","mass","Brain_Mass_mass_or_volume","g",0.5315,0.5315,1,1,0,FALSE,"Burger","secondary","mass_or_volume_mixed",0.5315,0.5315
"Pteronotus personatus","mass","Brain_Mass_mass_or_volume","g",0.234,0.234,1,1,0,FALSE,"Burger","secondary","mass_or_volume_mixed",0.234,0.234
"Pteronotus personatus","mass","Brain_Mass_measured","g",0.2433,0.2433,3,1,0,FALSE,"Zilles","secondary","mass_fresh",0.24,0.25
"Pteronura brasiliensis","mass","Brain_Mass_mass_or_volume","g",85.6,85.6,1,1,0,FALSE,"Burger","secondary","mass_or_volume_mixed",85.6,85.6
"Pteropus alecto","mass","Brain_Mass_mass_or_volume","g",7.0397,7.0397,1,1,0,FALSE,"Burger","secondary","mass_or_volume_mixed",7.0397,7.0397
"Pteropus alecto","mass","Brain_Mass_measured","g",6.9075,6.9075,2,1,0,FALSE,"Zilles","secondary","mass_fresh",6.825,6.99
"Pteropus conspicillatus","mass","Brain_Mass_mass_or_volume","g",8.35,8.35,1,1,0,FALSE,"Burger","secondary","mass_or_volume_mixed",8.35,8.35
"Pteropus conspicillatus","mass","Brain_Mass_measured","g",8.35,8.35,1,1,0,FALSE,"Zilles","secondary","mass_fresh",8.35,8.35
"Pteropus giganteus","mass","Brain_Mass_mass_or_volume","g",7.78,7.78,1,1,0,FALSE,"Burger","secondary","mass_or_volume_mixed",7.78,7.78
"Pteropus giganteus","mass","Brain_Mass_measured","g",9,9,2,1,0,FALSE,"Lewitus","secondary","mass_fresh; mass_unspecified",9,9
"Pteropus hypomelanus","mass","Brain_Mass_mass_or_volume","g",5.302,5.302,1,1,0,FALSE,"Burger","secondary","mass_or_volume_mixed",5.302,5.302
"Pteropus lylei","mass","Brain_Mass_mass_or_volume","g",6.1291,6.1291,2,2,0,FALSE,"Boddy; Burger","secondary","mass_or_volume_mixed",6.1286,6.1297
"Pteropus lylei","mass","Brain_Mass_measured","g",6.1286,6.1286,7,1,0,FALSE,"Zilles","secondary","mass_fresh",5.65,6.41
"Pteropus macrotis","mass","Brain_Mass_mass_or_volume","g",6.1297,6.1297,1,1,0,FALSE,"Burger","secondary","mass_or_volume_mixed",6.1297,6.1297
"Pteropus mahaganus","mass","Brain_Mass_mass_or_volume","g",5.28,5.28,1,1,0,FALSE,"Burger","secondary","mass_or_volume_mixed",5.28,5.28
"Pteropus mahaganus","mass","Brain_Mass_measured","g",5.28,5.28,2,1,0,FALSE,"Zilles","secondary","mass_fresh",5.258,5.302
"Pteropus melanotus","mass","Brain_Mass_mass_or_volume","g",10.6,10.6,1,1,0,FALSE,"Burger","secondary","mass_or_volume_mixed",10.6,10.6
"Pteropus neohibernicus","mass","Brain_Mass_mass_or_volume","g",9.114,9.114,1,1,0,FALSE,"Burger","secondary","mass_or_volume_mixed",9.114,9.114
"Pteropus neohibernicus","mass","Brain_Mass_measured","g",9.114,9.114,2,1,0,FALSE,"Zilles","secondary","mass_fresh",7.933,10.295
"Pteropus poliocephalus","mass","Brain_Mass_mass_or_volume","g",7.2298,7.2298,1,1,0,FALSE,"Burger","secondary","mass_or_volume_mixed",7.2298,7.2298
"Pteropus poliocephalus","mass","Brain_Mass_measured","g",7.2258,7.2258,6,4,2,TRUE,"Changizi; Finlay; Sherwood; Zilles","primary; secondary","mass_compilation_unspecified; mass_fresh",6.932,7.527
"Pteropus rufus","mass","Brain_Mass_mass_or_volume","g",7.2757,7.2757,2,2,0,FALSE,"Boddy; Burger","secondary","mass_or_volume_mixed",7.25,7.3014
"Pteropus samoensis","mass","Brain_Mass_mass_or_volume","g",5.792,5.792,1,1,0,FALSE,"Burger","secondary","mass_or_volume_mixed",5.792,5.792
"Pteropus samoensis","mass","Brain_Mass_measured","g",5.792,5.792,1,1,0,FALSE,"Zilles","secondary","mass_fresh",5.792,5.792
"Pteropus scapulatus","mass","Brain_Mass_mass_or_volume","g",5.36,5.36,1,1,0,FALSE,"Burger","secondary","mass_or_volume_mixed",5.36,5.36
"Pteropus scapulatus","mass","Brain_Mass_measured","g",5.41,5.41,2,1,0,FALSE,"Zilles","secondary","mass_fresh",5,5.82
"Pteropus temmincki","mass","Brain_Mass_measured","g",4.8895,4.8895,2,1,0,FALSE,"Zilles","secondary","mass_fresh",4.875,4.904
"Pteropus temminckii","mass","Brain_Mass_mass_or_volume","g",4.89,4.89,1,1,0,FALSE,"Burger","secondary","mass_or_volume_mixed",4.89,4.89
"Pteropus tonganus","mass","Brain_Mass_mass_or_volume","g",6.075,6.075,1,1,0,FALSE,"Burger","secondary","mass_or_volume_mixed",6.075,6.075
"Pteropus tonganus","mass","Brain_Mass_measured","g",6.0233,6.0233,3,1,0,FALSE,"Zilles","secondary","mass_fresh",5.88,6.305
"Pteropus vampyrus","mass","Brain_Mass_mass_or_volume","g",9.654,9.654,1,1,0,FALSE,"Burger","secondary","mass_or_volume_mixed",9.654,9.654
"Pteropus vampyrus","mass","Brain_Mass_measured","g",8.325,8.325,2,1,0,FALSE,"Zilles","secondary","mass_fresh",7.75,8.9
"Puma concolor","mass","Brain_Mass_mass_or_volume","g",154,154,2,2,0,FALSE,"Boddy; Burger","secondary","mass_or_volume_mixed",154,154
"Puma yagouaroundi","mass","Brain_Mass_mass_or_volume","g",40.9,40.9,1,1,0,FALSE,"Burger","secondary","mass_or_volume_mixed",40.9,40.9
"Pusa caspica","mass","Brain_Mass_mass_or_volume","g",162.5,162.5,1,1,0,FALSE,"Burger","secondary","mass_or_volume_mixed",162.5,162.5
"Pusa hispida","mass","Brain_Mass_mass_or_volume","g",196.25,196.25,1,1,0,FALSE,"Burger","secondary","mass_or_volume_mixed",196.25,196.25
"Pusa sibirica","mass","Brain_Mass_mass_or_volume","g",187.5,187.5,1,1,0,FALSE,"Burger","secondary","mass_or_volume_mixed",187.5,187.5
"Pygathrix nemacus","mass","Brain_Mass_measured","g",69,69,1,1,0,FALSE,"Zilles","secondary","mass_fresh",69,69
"Pygathrix nemaeus","mass","Brain_Mass_mass_or_volume","g",77,77,3,3,0,FALSE,"Boddy; Burger; DeCasien","secondary","mass_or_volume_mixed",77,77
"Pygathrix nemaeus","mass","Brain_Mass_measured","g",77,77,4,3,1,TRUE,"Lewitus; Stephan_collection; Zilles","primary; secondary","mass_fresh; mass_unspecified",69,84.8333
"Pygathrix nigripes","mass","Brain_Mass_mass_or_volume","g",82.7476,82.7476,1,1,0,FALSE,"Burger","secondary","mass_or_volume_mixed",82.7476,82.7476
"Rabbit (Race III) (Oryctolagus cuniculus)","mass","Brain_Mass_measured","g",11.7,11.7,1,1,0,FALSE,"Krompecher","secondary","mass_unspecified",11.7,11.7
"Rabbit (Race X) (Oryctolagus cuniculus)","mass","Brain_Mass_measured","g",9.1,9.1,1,1,0,FALSE,"Krompecher","secondary","mass_unspecified",9.1,9.1
"Rangifer tarandus","mass","Brain_Mass_mass_or_volume","g",278,278,2,2,0,FALSE,"Boddy; Burger","secondary","mass_or_volume_mixed",278,278
"Rangifer tarandus","mass","Brain_Mass_measured","g",252.9,252.9,1,1,1,TRUE,"Karl","primary","mass_specimen",252.9,252.9
"Raphicerus campestris","mass","Brain_Mass_mass_or_volume","g",51.3,51.3,1,1,0,FALSE,"Burger","secondary","mass_or_volume_mixed",51.3,51.3
"Raphicerus melanotis","mass","Brain_Mass_mass_or_volume","g",55,55,1,1,0,FALSE,"Burger","secondary","mass_or_volume_mixed",55,55
"Rattus exulans","mass","Brain_Mass_mass_or_volume","g",0.89,0.89,2,2,0,FALSE,"Boddy; Burger","secondary","mass_or_volume_mixed",0.89,0.89
"Rattus fuscipes","mass","Brain_Mass_mass_or_volume","g",1.69,1.69,2,2,0,FALSE,"Boddy; Burger","secondary","mass_or_volume_mixed",1.69,1.69
"Rattus lutreolus","mass","Brain_Mass_mass_or_volume","g",1.64,1.64,2,2,0,FALSE,"Boddy; Burger","secondary","mass_or_volume_mixed",1.64,1.64
"Rattus morotaiensis","mass","Brain_Mass_mass_or_volume","g",1.92,1.92,2,2,0,FALSE,"Boddy; Burger","secondary","mass_or_volume_mixed",1.92,1.92
"Rattus niobe","mass","Brain_Mass_mass_or_volume","g",1.1,1.1,1,1,0,FALSE,"Burger","secondary","mass_or_volume_mixed",1.1,1.1
"Rattus nitidus","mass","Brain_Mass_mass_or_volume","g",1.7,1.7,2,2,0,FALSE,"Boddy; Burger","secondary","mass_or_volume_mixed",1.7,1.7
"Rattus norvegicus","mass","Brain_Mass_excl_olfactory_bulb","g",1.724,1.724,1,1,1,TRUE,"HerculanoHouzel","primary","mass_excl_olfactory_bulb",1.724,1.724
"Rattus norvegicus","mass","Brain_Mass_mass_or_volume","g",1.724,1.724,4,3,1,TRUE,"Boddy; Burger; HerculanoHouzel","primary; secondary","mass_or_volume_mixed",1.4,8.03
"Rattus norvegicus","mass","Brain_Mass_measured","g",1.6395,1.6395,5,4,2,TRUE,"Changizi; Garwicz; Lewitus; Nudo","primary; secondary","mass_compilation_unspecified; mass_unspecified",1.5,2.4067
"Rattus norvegicus f.d.","mass","Brain_Mass_measured","g",1.7209,1.7209,19,1,0,FALSE,"Zilles","secondary","mass_fresh",1.51,2.04
"Rattus norvegicus var.alba","mass","Brain_Mass_measured","g",1.889,1.889,1,1,0,FALSE,"Zilles","secondary","mass_fresh",1.889,1.889
"Rattus sordidus","mass","Brain_Mass_mass_or_volume","g",1.7,1.7,2,2,0,FALSE,"Boddy; Burger","secondary","mass_or_volume_mixed",1.7,1.7
"Rattus sp.","mass","Brain_Mass_measured","g",1.79,1.79,1,1,1,TRUE,"Finlay","primary","mass_compilation_unspecified",1.79,1.79
"Rattus tunneyi","mass","Brain_Mass_mass_or_volume","g",1.41,1.41,2,2,0,FALSE,"Boddy; Burger","secondary","mass_or_volume_mixed",1.41,1.41
"Rattus verecundus","mass","Brain_Mass_mass_or_volume","g",1.48,1.48,1,1,0,FALSE,"Burger","secondary","mass_or_volume_mixed",1.48,1.48
"Ratufa affinis","mass","Brain_Mass_mass_or_volume","g",9.85,9.85,2,2,0,FALSE,"Boddy; Burger","secondary","mass_or_volume_mixed",9.85,9.85
"Ratufa bicolor","mass","Brain_Mass_mass_or_volume","g",11.01,11.01,2,2,0,FALSE,"Boddy; Burger","secondary","mass_or_volume_mixed",11.01,11.01
"Ratufa indica","mass","Brain_Mass_mass_or_volume","g",11.4,11.4,2,2,0,FALSE,"Boddy; Burger","secondary","mass_or_volume_mixed",11.4,11.4
"Redunca arundinum","mass","Brain_Mass_mass_or_volume","g",136.8,136.8,1,1,0,FALSE,"Burger","secondary","mass_or_volume_mixed",136.8,136.8
"Redunca fulvorufula","mass","Brain_Mass_mass_or_volume","g",109,109,1,1,0,FALSE,"Burger","secondary","mass_or_volume_mixed",109,109
"Redunca redunca","mass","Brain_Mass_mass_or_volume","g",123,123,1,1,0,FALSE,"Burger","secondary","mass_or_volume_mixed",123,123
"Regulus regulus","mass","Brain_Mass_measured","g",0.3566,0.3566,1,1,1,TRUE,"Olkowicz","primary","mass_fixed",0.3566,0.3566
"Reithrodontomys megalotis","mass","Brain_Mass_mass_or_volume","g",0.4,0.4,2,2,0,FALSE,"Boddy; Burger","secondary","mass_or_volume_mixed",0.4,0.4
"Rhabdomys pumilio","mass","Brain_Mass_mass_or_volume","g",0.69,0.69,2,2,0,FALSE,"Boddy; Burger","secondary","mass_or_volume_mixed",0.69,0.69
"Rhinoceros unicornis","mass","Brain_Mass_mass_or_volume","g",786,786,1,1,0,FALSE,"Burger","secondary","mass_or_volume_mixed",786,786
"Rhinolophus acuminatus","mass","Brain_Mass_mass_or_volume","g",0.302,0.302,1,1,0,FALSE,"Burger","secondary","mass_or_volume_mixed",0.302,0.302
"Rhinolophus affinis","mass","Brain_Mass_mass_or_volume","g",0.3475,0.3475,1,1,0,FALSE,"Burger","secondary","mass_or_volume_mixed",0.3475,0.3475
"Rhinolophus capensis","mass","Brain_Mass_mass_or_volume","g",0.256,0.256,1,1,0,FALSE,"Burger","secondary","mass_or_volume_mixed",0.256,0.256
"Rhinolophus clivosus","mass","Brain_Mass_mass_or_volume","g",0.242,0.242,1,1,0,FALSE,"Burger","secondary","mass_or_volume_mixed",0.242,0.242
"Rhinolophus coelophyllus","mass","Brain_Mass_mass_or_volume","g",0.259,0.259,1,1,0,FALSE,"Burger","secondary","mass_or_volume_mixed",0.259,0.259
"Rhinolophus cornutus","mass","Brain_Mass_mass_or_volume","g",0.194,0.194,1,1,0,FALSE,"Burger","secondary","mass_or_volume_mixed",0.194,0.194
"Rhinolophus cornutus","mass","Brain_Mass_measured","g",0.2015,0.2015,2,1,0,FALSE,"Zilles","secondary","mass_fresh",0.199,0.204
"Rhinolophus eloquens","mass","Brain_Mass_mass_or_volume","g",0.4045,0.4045,1,1,0,FALSE,"Burger","secondary","mass_or_volume_mixed",0.4045,0.4045
"Rhinolophus eloquens","mass","Brain_Mass_measured","g",0.4045,0.4045,2,1,0,FALSE,"Zilles","secondary","mass_fresh",0.373,0.436
"Rhinolophus ferrumequinum","mass","Brain_Mass_mass_or_volume","g",0.35,0.35,1,1,0,FALSE,"Burger","secondary","mass_or_volume_mixed",0.35,0.35
"Rhinolophus hildebrandtii","mass","Brain_Mass_mass_or_volume","g",0.63,0.63,1,1,0,FALSE,"Burger","secondary","mass_or_volume_mixed",0.63,0.63
"Rhinolophus hipposideros","mass","Brain_Mass_mass_or_volume","g",0.1923,0.1923,2,2,0,FALSE,"Boddy; Burger","secondary","mass_or_volume_mixed",0.1495,0.235
"Rhinolophus hipposideros","mass","Brain_Mass_measured","g",0.135,0.135,1,1,0,FALSE,"Zilles","secondary","mass_fresh",0.135,0.135
"Rhinolophus landeri","mass","Brain_Mass_mass_or_volume","g",0.276,0.276,1,1,0,FALSE,"Burger","secondary","mass_or_volume_mixed",0.276,0.276
"Rhinolophus landeri","mass","Brain_Mass_measured","g",0.27,0.27,3,1,0,FALSE,"Zilles","secondary","mass_fresh",0.265,0.28
"Rhinolophus lepidus","mass","Brain_Mass_mass_or_volume","g",0.1883,0.1883,1,1,0,FALSE,"Burger","secondary","mass_or_volume_mixed",0.1883,0.1883
"Rhinolophus lepidus","mass","Brain_Mass_measured","g",0.182,0.182,3,1,0,FALSE,"Zilles","secondary","mass_fresh",0.181,0.183
"Rhinolophus luctus","mass","Brain_Mass_mass_or_volume","g",0.5905,0.5905,1,1,0,FALSE,"Burger","secondary","mass_or_volume_mixed",0.5905,0.5905
"Rhinolophus luctus","mass","Brain_Mass_measured","g",0.6207,0.6207,3,1,0,FALSE,"Zilles","secondary","mass_fresh",0.545,0.742
"Rhinolophus macrotis","mass","Brain_Mass_mass_or_volume","g",0.208,0.208,1,1,0,FALSE,"Burger","secondary","mass_or_volume_mixed",0.208,0.208
"Rhinolophus macrotis","mass","Brain_Mass_measured","g",0.2095,0.2095,2,1,0,FALSE,"Zilles","secondary","mass_fresh",0.209,0.21
"Rhinolophus malayanus","mass","Brain_Mass_mass_or_volume","g",0.202,0.202,1,1,0,FALSE,"Burger","secondary","mass_or_volume_mixed",0.202,0.202
"Rhinolophus malayanus","mass","Brain_Mass_measured","g",0.202,0.202,2,1,0,FALSE,"Zilles","secondary","mass_fresh",0.201,0.203
"Rhinolophus megaphyllus","mass","Brain_Mass_mass_or_volume","g",0.2605,0.2605,1,1,0,FALSE,"Burger","secondary","mass_or_volume_mixed",0.2605,0.2605
"Rhinolophus megaphyllus","mass","Brain_Mass_measured","g",0.261,0.261,2,1,0,FALSE,"Zilles","secondary","mass_fresh",0.252,0.27
"Rhinolophus megaphyllus ssp.","mass","Brain_Mass_measured","g",0.2303,0.2303,3,1,0,FALSE,"Zilles","secondary","mass_fresh",0.219,0.238
"Rhinolophus mehelyi","mass","Brain_Mass_mass_or_volume","g",0.31,0.31,1,1,0,FALSE,"Burger","secondary","mass_or_volume_mixed",0.31,0.31
"Rhinolophus paradoxolophus","mass","Brain_Mass_mass_or_volume","g",0.267,0.267,1,1,0,FALSE,"Burger","secondary","mass_or_volume_mixed",0.267,0.267
"Rhinolophus paradoxolophus","mass","Brain_Mass_measured","g",0.267,0.267,1,1,0,FALSE,"Zilles","secondary","mass_fresh",0.267,0.267
"Rhinolophus pearsonii","mass","Brain_Mass_mass_or_volume","g",0.332,0.332,1,1,0,FALSE,"Burger","secondary","mass_or_volume_mixed",0.332,0.332
"Rhinolophus personi","mass","Brain_Mass_measured","g",0.347,0.347,1,1,0,FALSE,"Zilles","secondary","mass_fresh",0.347,0.347
"Rhinolophus pusillus","mass","Brain_Mass_mass_or_volume","g",0.164,0.164,1,1,0,FALSE,"Burger","secondary","mass_or_volume_mixed",0.164,0.164
"Rhinolophus pusillus","mass","Brain_Mass_measured","g",0.1637,0.1637,3,1,0,FALSE,"Zilles","secondary","mass_fresh",0.16,0.169
"Rhinolophus robinsoni","mass","Brain_Mass_mass_or_volume","g",0.2785,0.2785,1,1,0,FALSE,"Burger","secondary","mass_or_volume_mixed",0.2785,0.2785
"Rhinolophus stheno","mass","Brain_Mass_mass_or_volume","g",0.285,0.285,1,1,0,FALSE,"Burger","secondary","mass_or_volume_mixed",0.285,0.285
"Rhinolophus thomasi","mass","Brain_Mass_mass_or_volume","g",0.233,0.233,1,1,0,FALSE,"Burger","secondary","mass_or_volume_mixed",0.233,0.233
"Rhinolophus trifoliatus","mass","Brain_Mass_mass_or_volume","g",0.351,0.351,1,1,0,FALSE,"Burger","secondary","mass_or_volume_mixed",0.351,0.351
"Rhinolophus trifoliatus","mass","Brain_Mass_measured","g",0.355,0.355,3,1,0,FALSE,"Zilles","secondary","mass_fresh",0.31,0.395
"Rhinolophus yunanensis","mass","Brain_Mass_mass_or_volume","g",0.439,0.439,1,1,0,FALSE,"Burger","secondary","mass_or_volume_mixed",0.439,0.439
"Rhinolophus yunanensis","mass","Brain_Mass_measured","g",0.4385,0.4385,2,1,0,FALSE,"Zilles","secondary","mass_fresh",0.428,0.449
"Rhinonicteris aurantia","mass","Brain_Mass_mass_or_volume","g",0.249,0.249,1,1,0,FALSE,"Burger","secondary","mass_or_volume_mixed",0.249,0.249
"Rhinonycteris aurantius","mass","Brain_Mass_measured","g",0.248,0.248,3,1,0,FALSE,"Zilles","secondary","mass_fresh",0.238,0.255
"Rhinophylla pumilio","mass","Brain_Mass_mass_or_volume","g",0.356,0.356,1,1,0,FALSE,"Burger","secondary","mass_or_volume_mixed",0.356,0.356
"Rhinophylla pumilio","mass","Brain_Mass_measured","g",0.3343,0.3343,3,1,0,FALSE,"Zilles","secondary","mass_fresh",0.314,0.357
"Rhinopithecus roxellana","mass","Brain_Mass_mass_or_volume","g",117.757,117.757,1,1,0,FALSE,"Burger","secondary","mass_or_volume_mixed",117.757,117.757
"Rhinopoma hardwickei I","mass","Brain_Mass_measured","g",0.2795,0.2795,2,1,0,FALSE,"Zilles","secondary","mass_fresh",0.274,0.285
"Rhinopoma hardwickei II","mass","Brain_Mass_measured","g",0.283,0.283,1,1,0,FALSE,"Zilles","secondary","mass_fresh",0.283,0.283
"Rhinopoma hardwickii","mass","Brain_Mass_mass_or_volume","g",0.275,0.275,1,1,0,FALSE,"Burger","secondary","mass_or_volume_mixed",0.275,0.275
"Rhinopoma microphyllum","mass","Brain_Mass_mass_or_volume","g",0.4035,0.4035,1,1,0,FALSE,"Burger","secondary","mass_or_volume_mixed",0.4035,0.4035
"Rhinopoma microphyllum I","mass","Brain_Mass_measured","g",0.4325,0.4325,2,1,0,FALSE,"Zilles","secondary","mass_fresh",0.395,0.47
"Rhinopoma microphyllum II","mass","Brain_Mass_measured","g",0.3843,0.3843,4,1,0,FALSE,"Zilles","secondary","mass_fresh",0.373,0.396
"Rhinosciurus laticaudatus","mass","Brain_Mass_mass_or_volume","g",4.28,4.28,2,2,0,FALSE,"Boddy; Burger","secondary","mass_or_volume_mixed",4.28,4.28
"Rhogeessa parvula","mass","Brain_Mass_mass_or_volume","g",0.111,0.111,1,1,0,FALSE,"Burger","secondary","mass_or_volume_mixed",0.111,0.111
"Rhogeessa parvula","mass","Brain_Mass_measured","g",0.1173,0.1173,4,1,0,FALSE,"Zilles","secondary","mass_fresh",0.1,0.139
"Rhogeessa tumida","mass","Brain_Mass_mass_or_volume","g",0.1055,0.1055,1,1,0,FALSE,"Burger","secondary","mass_or_volume_mixed",0.1055,0.1055
"Rhynchocyon cirnei","mass","Brain_Mass_mass_or_volume","g",5.9,5.9,2,2,0,FALSE,"Boddy; Burger","secondary","mass_or_volume_mixed",5.9,5.9
"Rhynchocyon cirnei","mass","Brain_Mass_measured","g",6.1,6.1,9,2,1,TRUE,"Stephan_collection; Zilles","primary; secondary","mass_fresh",5.5,6.5
"Rhynchocyon petersi","mass","Brain_Mass_mass_or_volume","g",5.4,5.4,2,2,0,FALSE,"Boddy; Burger","secondary","mass_or_volume_mixed",5.4,5.4
"Rhynchogale melleri","mass","Brain_Mass_mass_or_volume","g",16.95,16.95,1,1,0,FALSE,"Burger","secondary","mass_or_volume_mixed",16.95,16.95
"Rhyncholestes raphanurus","mass","Brain_Mass_mass_or_volume","g",0.6617,0.6617,2,2,0,FALSE,"Boddy; Burger","secondary","mass_or_volume_mixed",0.65,0.6734
"Rhynchomeles prattorum","mass","Brain_Mass_mass_or_volume","g",4.9,4.9,1,1,0,FALSE,"Burger","secondary","mass_or_volume_mixed",4.9,4.9
"Rhynchonycteris naso","mass","Brain_Mass_mass_or_volume","g",0.11,0.11,2,2,0,FALSE,"Boddy; Burger","secondary","mass_or_volume_mixed",0.11,0.11
"Rhynchonycteris naso","mass","Brain_Mass_measured","g",0.121,0.121,3,1,0,FALSE,"Zilles","secondary","mass_fresh",0.116,0.127
"Rouserrus leschenaulti","mass","Brain_Mass_measured","g",1.742,1.742,1,1,0,FALSE,"Zilles","secondary","mass_fresh",1.742,1.742
"Rousettus aegyptiacus","mass","Brain_Mass_mass_or_volume","g",2.2608,2.2608,1,1,0,FALSE,"Burger","secondary","mass_or_volume_mixed",2.2608,2.2608
"Rousettus aegyptiacus","mass","Brain_Mass_measured","g",2.246,2.246,2,1,0,FALSE,"Zilles","secondary","mass_fresh",2.194,2.298
"Rousettus amplexicaudatus","mass","Brain_Mass_mass_or_volume","g",1.6273,1.6273,1,1,0,FALSE,"Burger","secondary","mass_or_volume_mixed",1.6273,1.6273
"Rousettus amplexicaudatus","mass","Brain_Mass_measured","g",1.3583,1.3583,3,1,0,FALSE,"Zilles","secondary","mass_fresh",1.355,1.364
"Rousettus egyptiacus","mass","Brain_Mass_mass_or_volume","g",2.6,2.6,1,1,0,FALSE,"Boddy","secondary","mass_or_volume_mixed",2.6,2.6
"Rousettus leschenaulti","mass","Brain_Mass_measured","g",1.6625,1.6625,2,1,0,FALSE,"Zilles","secondary","mass_fresh",1.646,1.679
"Rupicapra rupicapra","mass","Brain_Mass_mass_or_volume","g",117.8,117.8,1,1,0,FALSE,"Burger","secondary","mass_or_volume_mixed",117.8,117.8
"Ruwenzorisorex suncoides","mass","Brain_Mass_measured","g",0.37,0.37,1,1,0,FALSE,"Zilles","secondary","mass_fresh",0.37,0.37
"S. sciureus","mass","Brain_Mass_from_volume_or_ecv","g",23.1,23.1,1,1,1,TRUE,"Weaver","primary","mass_from_volume_or_ecv",23.1,23.1
"Saccolaimus saccolaimus","mass","Brain_Mass_mass_or_volume","g",0.6705,0.6705,1,1,0,FALSE,"Burger","secondary","mass_or_volume_mixed",0.6705,0.6705
"Saccopteryx bilineata","mass","Brain_Mass_mass_or_volume","g",0.2226,0.2226,2,2,0,FALSE,"Boddy; Burger","secondary","mass_or_volume_mixed",0.22,0.2252
"Saccopteryx bilineata","mass","Brain_Mass_measured","g",0.2325,0.2325,4,1,0,FALSE,"Zilles","secondary","mass_fresh",0.22,0.26
"Saccopteryx canescens","mass","Brain_Mass_mass_or_volume","g",0.13,0.13,1,1,0,FALSE,"Burger","secondary","mass_or_volume_mixed",0.13,0.13
"Saccopteryx canescens","mass","Brain_Mass_measured","g",0.13,0.13,1,1,0,FALSE,"Zilles","secondary","mass_fresh",0.13,0.13
"Saccopteryx leptura","mass","Brain_Mass_mass_or_volume","g",0.1605,0.1605,1,1,0,FALSE,"Burger","secondary","mass_or_volume_mixed",0.1605,0.1605
"Saccopteryx leptura","mass","Brain_Mass_measured","g",0.1607,0.1607,3,1,0,FALSE,"Zilles","secondary","mass_fresh",0.16,0.162
"Saccostomus campestris","mass","Brain_Mass_mass_or_volume","g",0.82,0.82,2,2,0,FALSE,"Boddy; Burger","secondary","mass_or_volume_mixed",0.82,0.82
"Saguinus fuscicollis","mass","Brain_Mass_mass_or_volume","g",7.9,7.9,1,1,0,FALSE,"Burger","secondary","mass_or_volume_mixed",7.9,7.9
"Saguinus geoffroyi","mass","Brain_Mass_mass_or_volume","g",15.0251,14.2733,12,3,0,FALSE,"Boddy; Burger; DeCasien","secondary","mass_or_volume_mixed",8.85,44.28
"Saguinus geoffroyi","mass","Brain_Mass_measured","g",10.5,10.5,1,1,1,TRUE,"Zilles","primary","mass_unspecified",10.5,10.5
"Saguinus labiatus","mass","Brain_Mass_mass_or_volume","g",10.0117,10.0117,1,1,0,FALSE,"Burger","secondary","mass_or_volume_mixed",10.0117,10.0117
"Saguinus leucopus","mass","Brain_Mass_mass_or_volume","g",9.702,9.702,1,1,0,FALSE,"Burger","secondary","mass_or_volume_mixed",9.702,9.702
"Saguinus midas","mass","Brain_Mass_mass_or_volume","g",10.042,10.042,2,2,0,FALSE,"Burger; DeCasien","secondary","mass_or_volume_mixed",9.7839,10.3
"Saguinus midas","mass","Brain_Mass_measured","g",10.3,10.3,10,3,1,TRUE,"Lewitus; Stephan_collection; Zilles","primary; secondary","mass_fresh; mass_unspecified",9.52,10.96
"Saguinus mystax","mass","Brain_Mass_mass_or_volume","g",11.1,11.1,1,1,0,FALSE,"Burger","secondary","mass_or_volume_mixed",11.1,11.1
"Saguinus mystax","mass","Brain_Mass_measured","g",10.1,10.1,1,1,0,FALSE,"Sherwood","secondary","mass_compilation_unspecified",10.1,10.1
"Saguinus niger","mass","Brain_Mass_mass_or_volume","g",12.8406,12.8406,3,2,0,FALSE,"Burger; DeCasien","secondary","mass_or_volume_mixed",8.4,24
"Saguinus nigricollis","mass","Brain_Mass_mass_or_volume","g",8.9,8.9,1,1,0,FALSE,"Burger","secondary","mass_or_volume_mixed",8.9,8.9
"Saguinus oedipus","mass","Brain_Mass_mass_or_volume","g",9.6419,9.6429,9,3,0,FALSE,"Boddy; Burger; DeCasien","secondary","mass_or_volume_mixed",9.2,10
"Saguinus oedipus","mass","Brain_Mass_measured","g",9.7463,9.7463,11,4,2,TRUE,"Jacobs; Lewitus; Stephan_collection; Zilles","info; primary; secondary","mass_fresh; mass_specimen; mass_unspecified",8.9,10
"Saguinus pileatus","mass","Brain_Mass_mass_or_volume","g",9.5552,9.5552,1,1,0,FALSE,"Burger","secondary","mass_or_volume_mixed",9.5552,9.5552
"Saimiri boliviensis","mass","Brain_Mass_mass_or_volume","g",24.0733,24.06,3,3,0,FALSE,"Boddy; Burger; DeCasien","secondary","mass_or_volume_mixed",24.06,24.1
"Saimiri boliviensis","mass","Brain_Mass_measured","g",25.5,25.5,2,1,0,FALSE,"Jacobs","info","mass_specimen",25.5,25.5
"Saimiri oerstedii","mass","Brain_Mass_mass_or_volume","g",22.4067,22.45,7,3,0,FALSE,"Boddy; Burger; DeCasien","secondary","mass_or_volume_mixed",19.4,25.3
"Saimiri sciureus","mass","Brain_Mass_excl_olfactory_bulb","g",30.216,30.216,1,1,1,TRUE,"HerculanoHouzel","primary","mass_excl_olfactory_bulb",30.216,30.216
"Saimiri sciureus","mass","Brain_Mass_mass_or_volume","g",30.216,30.216,10,4,1,TRUE,"Boddy; Burger; DeCasien; HerculanoHouzel","primary; secondary","mass_or_volume_mixed",21.2,30.216
"Saimiri sciureus","mass","Brain_Mass_measured","g",22.2173,22.6667,15,7,5,TRUE,"Changizi; Finlay; Karl; Lewitus; Nudo; Stephan_collection; Zilles","primary; secondary","mass_compilation_unspecified; mass_fresh; mass_specimen; mass_unspecified",17.04,24.9
"Salanoia concolor","mass","Brain_Mass_mass_or_volume","g",11.02,11.02,1,1,0,FALSE,"Burger","secondary","mass_or_volume_mixed",11.02,11.02
"Sapajus apella","mass","Brain_Mass_excl_olfactory_bulb","g",52.208,52.208,1,1,1,TRUE,"HerculanoHouzel","primary","mass_excl_olfactory_bulb",52.208,52.208
"Sapajus apella","mass","Brain_Mass_mass_or_volume","g",52.508,52.508,15,4,1,TRUE,"Boddy; Burger; DeCasien; HerculanoHouzel","primary; secondary","mass_or_volume_mixed",52.508,96.5
"Sarcophilus harrisii","mass","Brain_Mass_mass_or_volume","g",16.09,16.09,1,1,0,FALSE,"Burger","secondary","mass_or_volume_mixed",16.09,16.09
"Sarcophilus harrisii","mass","Brain_Mass_measured","g",15.29,15.29,3,2,2,TRUE,"Brodmann; Pirlot","primary","mass_unspecified",14.5,16.26
"Scalopus aquaticus","mass","Brain_Mass_excl_olfactory_bulb","g",0.999,0.999,1,1,1,TRUE,"HerculanoHouzel","primary","mass_excl_olfactory_bulb",0.999,0.999
"Scalopus aquaticus","mass","Brain_Mass_mass_or_volume","g",0.999,0.999,3,3,1,TRUE,"Boddy; Burger; HerculanoHouzel","primary; secondary","mass_or_volume_mixed",0.999,1.48
"Scalopus aquaticus","mass","Brain_Mass_measured","g",0.57,0.57,2,2,1,TRUE,"Nudo; Zilles","primary; secondary","mass_fresh; mass_unspecified",0.57,1.31
"Scapanus townsendii","mass","Brain_Mass_mass_or_volume","g",2.02,2.02,2,2,0,FALSE,"Boddy; Burger","secondary","mass_or_volume_mixed",2.02,2.02
"Schoinobates volans","mass","Brain_Mass_measured","g",4.91,4.91,1,1,1,TRUE,"Pirlot","primary","mass_unspecified",4.91,4.91
"Sciurus aberti","mass","Brain_Mass_mass_or_volume","g",7.44,7.44,1,1,0,FALSE,"Burger","secondary","mass_or_volume_mixed",7.44,7.44
"Sciurus aureogaster","mass","Brain_Mass_mass_or_volume","g",7.81,7.81,2,2,0,FALSE,"Boddy; Burger","secondary","mass_or_volume_mixed",7.81,7.81
"Sciurus carolinensis","mass","Brain_Mass_excl_olfactory_bulb","g",5.548,5.548,1,1,1,TRUE,"HerculanoHouzel","primary","mass_excl_olfactory_bulb",5.548,5.548
"Sciurus carolinensis","mass","Brain_Mass_mass_or_volume","g",7.41,7.41,2,2,0,FALSE,"Boddy; Burger","secondary","mass_or_volume_mixed",7.41,7.41
"Sciurus carolinensis","mass","Brain_Mass_measured","g",5.817,6,4,3,3,TRUE,"Changizi; Finlay; Nudo","primary","mass_compilation_unspecified; mass_unspecified",4.93,6.522
"Sciurus granatensis","mass","Brain_Mass_mass_or_volume","g",5.91,5.91,2,2,0,FALSE,"Boddy; Burger","secondary","mass_or_volume_mixed",5.91,5.91
"Sciurus niger","mass","Brain_Mass_mass_or_volume","g",7.9108,7.9108,2,2,0,FALSE,"Boddy; Burger","secondary","mass_or_volume_mixed",7.91,7.9117
"Sciurus vulgaris","mass","Brain_Mass_mass_or_volume","g",5.9275,5.9275,2,2,0,FALSE,"Boddy; Burger","secondary","mass_or_volume_mixed",5.925,5.93
"Sciurus vulgaris","mass","Brain_Mass_measured","g",5.65,5.65,2,1,0,FALSE,"Zilles","secondary","mass_fresh",5.6,5.7
"Scotomanes ornatus","mass","Brain_Mass_mass_or_volume","g",0.384,0.384,1,1,0,FALSE,"Burger","secondary","mass_or_volume_mixed",0.384,0.384
"Scotomanes ornatus","mass","Brain_Mass_measured","g",0.384,0.384,2,1,0,FALSE,"Zilles","secondary","mass_fresh",0.372,0.396
"Scotonycteris zenkeri","mass","Brain_Mass_mass_or_volume","g",0.71,0.71,1,1,0,FALSE,"Burger","secondary","mass_or_volume_mixed",0.71,0.71
"Scotonycteris zenkeri","mass","Brain_Mass_measured","g",0.721,0.721,2,1,0,FALSE,"Zilles","secondary","mass_fresh",0.707,0.735
"Scotophilus dinganii","mass","Brain_Mass_mass_or_volume","g",0.4385,0.4385,1,1,0,FALSE,"Burger","secondary","mass_or_volume_mixed",0.4385,0.4385
"Scotophilus dinganii","mass","Brain_Mass_measured","g",0.4407,0.4407,3,1,0,FALSE,"Zilles","secondary","mass_fresh",0.435,0.45
"Scotophilus heathi","mass","Brain_Mass_measured","g",0.4743,0.4743,3,1,0,FALSE,"Zilles","secondary","mass_fresh",0.474,0.475
"Scotophilus heathii","mass","Brain_Mass_mass_or_volume","g",0.476,0.476,1,1,0,FALSE,"Burger","secondary","mass_or_volume_mixed",0.476,0.476
"Scotophilus kuhli","mass","Brain_Mass_measured","g",0.3325,0.3325,4,1,0,FALSE,"Zilles","secondary","mass_fresh",0.31,0.34
"Scotophilus kuhlii","mass","Brain_Mass_mass_or_volume","g",0.3423,0.3423,1,1,0,FALSE,"Burger","secondary","mass_or_volume_mixed",0.3423,0.3423
"Scotophilus nigrita","mass","Brain_Mass_mass_or_volume","g",1.046,1.046,1,1,0,FALSE,"Burger","secondary","mass_or_volume_mixed",1.046,1.046
"Scotorepens sanborni","mass","Brain_Mass_mass_or_volume","g",0.158,0.158,1,1,0,FALSE,"Burger","secondary","mass_or_volume_mixed",0.158,0.158
"Scotozous dormeri","mass","Brain_Mass_mass_or_volume","g",0.143,0.143,1,1,0,FALSE,"Burger","secondary","mass_or_volume_mixed",0.143,0.143
"Scotozous dormeri","mass","Brain_Mass_measured","g",0.145,0.145,3,1,0,FALSE,"Zilles","secondary","mass_fresh",0.14,0.154
"ScutisorexÃsomereni","mass","Brain_Mass_measured","g",0.6353,0.6353,4,1,0,FALSE,"Zilles","secondary","mass_fresh",0.604,0.66
"Semnopithecus ajax","mass","Brain_Mass_mass_or_volume","g",132.0574,132.0574,1,1,0,FALSE,"Burger","secondary","mass_or_volume_mixed",132.0574,132.0574
"Semnopithecus dussumieri","mass","Brain_Mass_mass_or_volume","g",90.0925,90.0925,1,1,0,FALSE,"Burger","secondary","mass_or_volume_mixed",90.0925,90.0925
"Semnopithecus entellus","mass","Brain_Mass_mass_or_volume","g",111.3889,111.5,5,3,0,FALSE,"Boddy; Burger; DeCasien","secondary","mass_or_volume_mixed",105,117
"Semnopithecus hypoleucos","mass","Brain_Mass_mass_or_volume","g",88.3,88.3,1,1,0,FALSE,"Burger","secondary","mass_or_volume_mixed",88.3,88.3
"Semnopithecus priam","mass","Brain_Mass_mass_or_volume","g",83.0685,83.0685,1,1,0,FALSE,"Burger","secondary","mass_or_volume_mixed",83.0685,83.0685
"Semnopithecus schistaceus","mass","Brain_Mass_mass_or_volume","g",129.2495,129.2495,1,1,0,FALSE,"Burger","secondary","mass_or_volume_mixed",129.2495,129.2495
"Semopithecus sp.","mass","Brain_Mass_mass_or_volume","g",61.5,61.5,2,1,0,FALSE,"DeCasien","secondary","mass_or_volume_mixed",55.8,67.2
"Setifer setosus","mass","Brain_Mass_mass_or_volume","g",1.51,1.51,2,2,0,FALSE,"Boddy; Burger","secondary","mass_or_volume_mixed",1.51,1.51
"Setifer setosus","mass","Brain_Mass_measured","g",1.51,1.51,12,2,1,TRUE,"Stephan_collection; Zilles","primary; secondary","mass_fresh",0.05,1.57
"Setonix brachyurus","mass","Brain_Mass_mass_or_volume","g",13.9,13.9,1,1,0,FALSE,"Burger","secondary","mass_or_volume_mixed",13.9,13.9
"Setonix brachyurus","mass","Brain_Mass_measured","g",14.6525,14.6525,4,1,1,TRUE,"Pirlot","primary","mass_unspecified",12.78,17.52
"Sheep (Ovis aries)","mass","Brain_Mass_measured","g",102,102,1,1,0,FALSE,"Krompecher","secondary","mass_unspecified",102,102
"Sigmodon hispidus","mass","Brain_Mass_mass_or_volume","g",1.14,1.14,2,2,0,FALSE,"Boddy; Burger","secondary","mass_or_volume_mixed",1.14,1.14
"Simias concolor","mass","Brain_Mass_mass_or_volume","g",218.6,218.6,2,2,0,FALSE,"Burger; DeCasien","secondary","mass_or_volume_mixed",56.2,381
"Sminthopsis bindi","mass","Brain_Mass_mass_or_volume","g",0.35,0.35,1,1,0,FALSE,"Burger","secondary","mass_or_volume_mixed",0.35,0.35
"Sminthopsis crassicaudata","mass","Brain_Mass_mass_or_volume","g",0.3665,0.3665,2,2,0,FALSE,"Boddy; Burger","secondary","mass_or_volume_mixed",0.36,0.373
"Sminthopsis douglasi","mass","Brain_Mass_mass_or_volume","g",0.35,0.35,1,1,0,FALSE,"Burger","secondary","mass_or_volume_mixed",0.35,0.35
"Sminthopsis griseoventer","mass","Brain_Mass_mass_or_volume","g",0.4988,0.4988,2,2,0,FALSE,"Boddy; Burger","secondary","mass_or_volume_mixed",0.49,0.5076
"Sminthopsis hirtipes","mass","Brain_Mass_mass_or_volume","g",0.41,0.41,1,1,0,FALSE,"Burger","secondary","mass_or_volume_mixed",0.41,0.41
"Sminthopsis laniger","mass","Brain_Mass_mass_or_volume","g",0.4869,0.4869,1,1,0,FALSE,"Boddy","secondary","mass_or_volume_mixed",0.4869,0.4869
"Sminthopsis leucopus","mass","Brain_Mass_mass_or_volume","g",0.41,0.41,1,1,0,FALSE,"Burger","secondary","mass_or_volume_mixed",0.41,0.41
"Sminthopsis macroura","mass","Brain_Mass_mass_or_volume","g",0.4072,0.4072,2,2,0,FALSE,"Boddy; Burger","secondary","mass_or_volume_mixed",0.4,0.4144
"Sminthopsis murina","mass","Brain_Mass_mass_or_volume","g",0.44,0.44,1,1,0,FALSE,"Burger","secondary","mass_or_volume_mixed",0.44,0.44
"Sminthopsis murina","mass","Brain_Mass_measured","g",0.44,0.44,1,1,1,TRUE,"Pirlot","primary","mass_unspecified",0.44,0.44
"Sminthopsis virginiae","mass","Brain_Mass_mass_or_volume","g",0.34,0.34,1,1,0,FALSE,"Burger","secondary","mass_or_volume_mixed",0.34,0.34
"Solenodon paradoxus","mass","Brain_Mass_mass_or_volume","g",4.67,4.67,2,2,0,FALSE,"Boddy; Burger","secondary","mass_or_volume_mixed",4.67,4.67
"Solenodon paradoxus","mass","Brain_Mass_measured","g",4.67,4.67,8,2,1,TRUE,"Stephan_collection; Zilles","primary; secondary","mass_fresh",4.45,5
"Sorex alpinus","mass","Brain_Mass_measured","g",0.2548,0.2548,4,1,0,FALSE,"Zilles","secondary","mass_fresh",0.246,0.266
"Sorex araneus","mass","Brain_Mass_mass_or_volume","g",0.2275,0.2275,2,2,0,FALSE,"Boddy; Burger","secondary","mass_or_volume_mixed",0.225,0.23
"Sorex araneus","mass","Brain_Mass_measured","g",0.2,0.2,15,3,1,TRUE,"Lewitus; Stephan_collection; Zilles","primary; secondary","mass_fresh; mass_unspecified",0.19,0.22
"Sorex arcticus","mass","Brain_Mass_mass_or_volume","g",0.27,0.27,2,2,0,FALSE,"Boddy; Burger","secondary","mass_or_volume_mixed",0.27,0.27
"Sorex cinereus","mass","Brain_Mass_mass_or_volume","g",0.17,0.17,2,2,0,FALSE,"Boddy; Burger","secondary","mass_or_volume_mixed",0.17,0.17
"Sorex cinereus","mass","Brain_Mass_measured","g",0.17,0.17,5,2,1,TRUE,"Finlay; Zilles","primary; secondary","mass_compilation_unspecified; mass_fresh",0.17,0.176
"Sorex fumeus","mass","Brain_Mass_excl_olfactory_bulb","g",0.176,0.176,1,1,1,TRUE,"HerculanoHouzel","primary","mass_excl_olfactory_bulb",0.176,0.176
"Sorex fumeus","mass","Brain_Mass_mass_or_volume","g",0.21,0.21,2,2,0,FALSE,"Boddy; Burger","secondary","mass_or_volume_mixed",0.21,0.21
"Sorex fumeus","mass","Brain_Mass_measured","g",0.241,0.241,2,1,0,FALSE,"Zilles","secondary","mass_fresh",0.235,0.247
"Sorex hoyi","mass","Brain_Mass_mass_or_volume","g",0.0918,0.0918,2,2,0,FALSE,"Boddy; Burger","secondary","mass_or_volume_mixed",0.09,0.0935
"Sorex minutus","mass","Brain_Mass_mass_or_volume","g",0.13,0.13,2,2,0,FALSE,"Boddy; Burger","secondary","mass_or_volume_mixed",0.13,0.13
"Sorex minutus","mass","Brain_Mass_measured","g",0.11,0.11,10,3,1,TRUE,"Lewitus; Stephan_collection; Zilles","primary; secondary","mass_fresh; mass_unspecified",0.105,0.147
"Sorex monticolus","mass","Brain_Mass_mass_or_volume","g",0.23,0.23,2,2,0,FALSE,"Boddy; Burger","secondary","mass_or_volume_mixed",0.23,0.23
"Sorex ornatus","mass","Brain_Mass_mass_or_volume","g",0.12,0.12,2,2,0,FALSE,"Boddy; Burger","secondary","mass_or_volume_mixed",0.12,0.12
"Sorex palustris","mass","Brain_Mass_mass_or_volume","g",0.31,0.31,2,2,0,FALSE,"Boddy; Burger","secondary","mass_or_volume_mixed",0.31,0.31
"Sorex palustris","mass","Brain_Mass_measured","g",0.28,0.28,1,1,1,TRUE,"Finlay","primary","mass_compilation_unspecified",0.28,0.28
"Sorex sp.","mass","Brain_Mass_measured","g",0.25,0.25,1,1,1,TRUE,"Brodmann","primary","mass_unspecified",0.25,0.25
"Sorex trowbridgii","mass","Brain_Mass_mass_or_volume","g",0.21,0.21,2,2,0,FALSE,"Boddy; Burger","secondary","mass_or_volume_mixed",0.21,0.21
"Sorex vagrans","mass","Brain_Mass_mass_or_volume","g",0.17,0.17,2,2,0,FALSE,"Boddy; Burger","secondary","mass_or_volume_mixed",0.17,0.17
"Soricidae sp.","mass","Brain_Mass_measured","g",0.218,0.218,1,1,1,TRUE,"Changizi","primary","mass_compilation_unspecified",0.218,0.218
"Sotalia fluviatilis","mass","Brain_Mass_mass_or_volume","g",688,688,1,1,0,FALSE,"Burger","secondary","mass_or_volume_mixed",688,688
"Sotalia fluviatilis","mass","Brain_Mass_measured","g",688,688,1,1,0,FALSE,"Manger","secondary","mass_compilation_unspecified",688,688
"Spalacopus cyanus","mass","Brain_Mass_mass_or_volume","g",1.58,1.58,2,2,0,FALSE,"Boddy; Burger","secondary","mass_or_volume_mixed",1.58,1.58
"Spalax ehrenbergi","mass","Brain_Mass_mass_or_volume","g",1.88,1.88,1,1,0,FALSE,"Burger","secondary","mass_or_volume_mixed",1.88,1.88
"Spalax leucodon","mass","Brain_Mass_mass_or_volume","g",3,3,1,1,0,FALSE,"Burger","secondary","mass_or_volume_mixed",3,3
"Sparrow (Passer domesticus)","mass","Brain_Mass_measured","g",1,1,1,1,0,FALSE,"Krompecher","secondary","mass_unspecified",1,1
"Speothos venaticus","mass","Brain_Mass_mass_or_volume","g",40.5,40.5,1,1,0,FALSE,"Burger","secondary","mass_or_volume_mixed",40.5,40.5
"Spermophilopsis leptodactylus","mass","Brain_Mass_mass_or_volume","g",6.18,6.18,2,2,0,FALSE,"Boddy; Burger","secondary","mass_or_volume_mixed",6.18,6.18
"Spermophilus adocetus","mass","Brain_Mass_mass_or_volume","g",3.01,3.01,1,1,0,FALSE,"Burger","secondary","mass_or_volume_mixed",3.01,3.01
"Spermophilus alashanicus","mass","Brain_Mass_mass_or_volume","g",2.89,2.89,1,1,0,FALSE,"Burger","secondary","mass_or_volume_mixed",2.89,2.89
"Spermophilus armatus","mass","Brain_Mass_mass_or_volume","g",3.09,3.09,1,1,0,FALSE,"Burger","secondary","mass_or_volume_mixed",3.09,3.09
"Spermophilus atricapillus","mass","Brain_Mass_mass_or_volume","g",5.24,5.24,1,1,0,FALSE,"Burger","secondary","mass_or_volume_mixed",5.24,5.24
"Spermophilus beecheyi","mass","Brain_Mass_mass_or_volume","g",5.27,5.27,2,2,0,FALSE,"Boddy; Burger","secondary","mass_or_volume_mixed",5.12,5.42
"Spermophilus beldingi","mass","Brain_Mass_mass_or_volume","g",3.12,3.12,2,2,0,FALSE,"Boddy; Burger","secondary","mass_or_volume_mixed",2.96,3.28
"Spermophilus brunneus","mass","Brain_Mass_mass_or_volume","g",2.11,2.11,1,1,0,FALSE,"Burger","secondary","mass_or_volume_mixed",2.11,2.11
"Spermophilus canus","mass","Brain_Mass_mass_or_volume","g",1.6,1.6,1,1,0,FALSE,"Burger","secondary","mass_or_volume_mixed",1.6,1.6
"Spermophilus citellus","mass","Brain_Mass_mass_or_volume","g",2.89,2.89,1,1,0,FALSE,"Burger","secondary","mass_or_volume_mixed",2.89,2.89
"Spermophilus columbianus","mass","Brain_Mass_mass_or_volume","g",3.8447,3.8447,2,2,0,FALSE,"Boddy; Burger","secondary","mass_or_volume_mixed",3.7394,3.95
"Spermophilus dauricus","mass","Brain_Mass_mass_or_volume","g",2.75,2.75,1,1,0,FALSE,"Burger","secondary","mass_or_volume_mixed",2.75,2.75
"Spermophilus elegans","mass","Brain_Mass_mass_or_volume","g",2.76,2.76,1,1,0,FALSE,"Burger","secondary","mass_or_volume_mixed",2.76,2.76
"Spermophilus erythrogenys","mass","Brain_Mass_mass_or_volume","g",3.44,3.44,1,1,0,FALSE,"Burger","secondary","mass_or_volume_mixed",3.44,3.44
"Spermophilus franklinii","mass","Brain_Mass_mass_or_volume","g",3.89,3.89,2,2,0,FALSE,"Boddy; Burger","secondary","mass_or_volume_mixed",3.82,3.96
"Spermophilus fulvus","mass","Brain_Mass_mass_or_volume","g",4.55,4.55,1,1,0,FALSE,"Burger","secondary","mass_or_volume_mixed",4.55,4.55
"Spermophilus lateralis","mass","Brain_Mass_mass_or_volume","g",3.1333,3.1333,2,2,0,FALSE,"Boddy; Burger","secondary","mass_or_volume_mixed",3.06,3.2066
"Spermophilus madrensis","mass","Brain_Mass_mass_or_volume","g",2.715,2.715,1,1,0,FALSE,"Burger","secondary","mass_or_volume_mixed",2.715,2.715
"Spermophilus major","mass","Brain_Mass_mass_or_volume","g",4.12,4.12,1,1,0,FALSE,"Burger","secondary","mass_or_volume_mixed",4.12,4.12
"Spermophilus mexicanus","mass","Brain_Mass_mass_or_volume","g",3.5,3.5,1,1,0,FALSE,"Burger","secondary","mass_or_volume_mixed",3.5,3.5
"Spermophilus mohavensis","mass","Brain_Mass_mass_or_volume","g",2.03,2.03,1,1,0,FALSE,"Burger","secondary","mass_or_volume_mixed",2.03,2.03
"Spermophilus mollis","mass","Brain_Mass_mass_or_volume","g",1.67,1.67,1,1,0,FALSE,"Burger","secondary","mass_or_volume_mixed",1.67,1.67
"Spermophilus musicus","mass","Brain_Mass_mass_or_volume","g",2.62,2.62,1,1,0,FALSE,"Burger","secondary","mass_or_volume_mixed",2.62,2.62
"Spermophilus parryii","mass","Brain_Mass_mass_or_volume","g",5.5128,5.5128,2,2,0,FALSE,"Boddy; Burger","secondary","mass_or_volume_mixed",5.2455,5.78
"Spermophilus perotensis","mass","Brain_Mass_mass_or_volume","g",2.79,2.79,1,1,0,FALSE,"Burger","secondary","mass_or_volume_mixed",2.79,2.79
"Spermophilus pygmaeus","mass","Brain_Mass_mass_or_volume","g",2.44,2.44,1,1,0,FALSE,"Burger","secondary","mass_or_volume_mixed",2.44,2.44
"Spermophilus relictus","mass","Brain_Mass_mass_or_volume","g",3.49,3.49,1,1,0,FALSE,"Burger","secondary","mass_or_volume_mixed",3.49,3.49
"Spermophilus richardsonii","mass","Brain_Mass_mass_or_volume","g",3.2769,3.2769,2,2,0,FALSE,"Boddy; Burger","secondary","mass_or_volume_mixed",3.18,3.3739
"Spermophilus saturatus","mass","Brain_Mass_mass_or_volume","g",3.38,3.38,1,1,0,FALSE,"Burger","secondary","mass_or_volume_mixed",3.38,3.38
"Spermophilus spilosoma","mass","Brain_Mass_mass_or_volume","g",2.37,2.37,1,1,0,FALSE,"Burger","secondary","mass_or_volume_mixed",2.37,2.37
"Spermophilus suslicus","mass","Brain_Mass_mass_or_volume","g",2.55,2.55,1,1,0,FALSE,"Burger","secondary","mass_or_volume_mixed",2.55,2.55
"Spermophilus tereticaudus","mass","Brain_Mass_mass_or_volume","g",1.75,1.75,2,2,0,FALSE,"Boddy; Burger","secondary","mass_or_volume_mixed",1.68,1.82
"Spermophilus townsendii","mass","Brain_Mass_mass_or_volume","g",1.975,1.975,2,2,0,FALSE,"Boddy; Burger","secondary","mass_or_volume_mixed",1.89,2.06
"Spermophilus tridecemlineatus","mass","Brain_Mass_mass_or_volume","g",2.3228,2.3228,2,2,0,FALSE,"Boddy; Burger","secondary","mass_or_volume_mixed",2.27,2.3757
"Spermophilus tridecemlineatus","mass","Brain_Mass_measured","g",1.53,1.53,1,1,1,TRUE,"Nudo","primary","mass_unspecified",1.53,1.53
"Spermophilus undulatus","mass","Brain_Mass_mass_or_volume","g",4.285,4.285,2,2,0,FALSE,"Boddy; Burger","secondary","mass_or_volume_mixed",3.73,4.84
"Spermophilus variegatus","mass","Brain_Mass_mass_or_volume","g",7.01,7.01,1,1,0,FALSE,"Burger","secondary","mass_or_volume_mixed",7.01,7.01
"Spermophilus washingtoni","mass","Brain_Mass_mass_or_volume","g",1.8,1.8,1,1,0,FALSE,"Burger","secondary","mass_or_volume_mixed",1.8,1.8
"Spermophilus xanthoprymnus","mass","Brain_Mass_mass_or_volume","g",3.04,3.04,1,1,0,FALSE,"Burger","secondary","mass_or_volume_mixed",3.04,3.04
"Sphaerias blanfordi","mass","Brain_Mass_mass_or_volume","g",0.832,0.832,1,1,0,FALSE,"Burger","secondary","mass_or_volume_mixed",0.832,0.832
"Sphaerias blanfordi","mass","Brain_Mass_measured","g",0.8403,0.8403,4,1,0,FALSE,"Zilles","secondary","mass_fresh",0.831,0.851
"Sphaeronycteris toxophyllum","mass","Brain_Mass_mass_or_volume","g",0.537,0.537,1,1,0,FALSE,"Burger","secondary","mass_or_volume_mixed",0.537,0.537
"Sphaeronycteris toxophyllum","mass","Brain_Mass_measured","g",0.55,0.55,1,1,0,FALSE,"Zilles","secondary","mass_fresh",0.55,0.55
"Sphiggurus vestitus","mass","Brain_Mass_mass_or_volume","g",11.71,11.71,1,1,0,FALSE,"Burger","secondary","mass_or_volume_mixed",11.71,11.71
"Spilocuscus kraemeri","mass","Brain_Mass_mass_or_volume","g",11.5,11.5,1,1,0,FALSE,"Burger","secondary","mass_or_volume_mixed",11.5,11.5
"Spilocuscus maculatus","mass","Brain_Mass_mass_or_volume","g",13.6412,13.6412,2,2,0,FALSE,"Boddy; Burger","secondary","mass_or_volume_mixed",13.4,13.8824
"Spilocuscus rufoniger","mass","Brain_Mass_mass_or_volume","g",16.8,16.8,1,1,0,FALSE,"Burger","secondary","mass_or_volume_mixed",16.8,16.8
"Spilogale gracilis","mass","Brain_Mass_mass_or_volume","g",6.81,6.81,1,1,0,FALSE,"Burger","secondary","mass_or_volume_mixed",6.81,6.81
"Spilogale putorius","mass","Brain_Mass_mass_or_volume","g",5,5,1,1,0,FALSE,"Burger","secondary","mass_or_volume_mixed",5,5
"Stenella attenuata","mass","Brain_Mass_mass_or_volume","g",779.83,779.83,1,1,0,FALSE,"Burger","secondary","mass_or_volume_mixed",779.83,779.83
"Stenella coeruleoalba","mass","Brain_Mass_mass_or_volume","g",883.75,883.75,2,2,0,FALSE,"Boddy; Burger","secondary","mass_or_volume_mixed",883.75,883.75
"Stenella coeruleoalba","mass","Brain_Mass_measured","g",820,820,1,1,0,FALSE,"Manger","secondary","mass_compilation_unspecified",820,820
"Stenella longirostris","mass","Brain_Mass_mass_or_volume","g",450,450,2,2,0,FALSE,"Boddy; Burger","secondary","mass_or_volume_mixed",450,450
"Steno bredanensis","mass","Brain_Mass_mass_or_volume","g",1541.9,1541.9,1,1,0,FALSE,"Burger","secondary","mass_or_volume_mixed",1541.9,1541.9
"Stenomys niobe","mass","Brain_Mass_mass_or_volume","g",1.1,1.1,1,1,0,FALSE,"Boddy","secondary","mass_or_volume_mixed",1.1,1.1
"Stenomys verecundus","mass","Brain_Mass_mass_or_volume","g",1.48,1.48,1,1,0,FALSE,"Boddy","secondary","mass_or_volume_mixed",1.48,1.48
"Strigocuscus pelengensis","mass","Brain_Mass_mass_or_volume","g",6.22,6.22,1,1,0,FALSE,"Burger","secondary","mass_or_volume_mixed",6.22,6.22
"STS 19","mass","Brain_Mass_from_volume_or_ecv","g",450.59,450.59,1,1,1,TRUE,"Weaver","primary","mass_from_volume_or_ecv",450.59,450.59
"Sturnira lilium","mass","Brain_Mass_mass_or_volume","g",0.5522,0.5522,2,2,0,FALSE,"Boddy; Burger","secondary","mass_or_volume_mixed",0.52,0.5843
"Sturnira lilium","mass","Brain_Mass_measured","g",0.5967,0.5967,3,1,0,FALSE,"Zilles","secondary","mass_fresh",0.59,0.61
"Sturnira ludovici","mass","Brain_Mass_mass_or_volume","g",0.676,0.676,1,1,0,FALSE,"Burger","secondary","mass_or_volume_mixed",0.676,0.676
"Sturnira ludovici","mass","Brain_Mass_measured","g",0.6625,0.6625,2,1,0,FALSE,"Zilles","secondary","mass_fresh",0.66,0.665
"Sturnira tildae","mass","Brain_Mass_mass_or_volume","g",0.7255,0.7255,1,1,0,FALSE,"Burger","secondary","mass_or_volume_mixed",0.7255,0.7255
"Sturnira tildae","mass","Brain_Mass_measured","g",0.733,0.733,3,1,0,FALSE,"Zilles","secondary","mass_fresh",0.699,0.77
"Sturnus vulgaris","mass","Brain_Mass_measured","g",1.8553,1.8553,1,1,1,TRUE,"Olkowicz","primary","mass_fixed",1.8553,1.8553
"Suncus etruscus","mass","Brain_Mass_mass_or_volume","g",0.0705,0.0705,2,2,0,FALSE,"Boddy; Burger","secondary","mass_or_volume_mixed",0.07,0.071
"Suncus etruscus","mass","Brain_Mass_measured","g",0.061,0.061,4,1,0,FALSE,"Zilles","secondary","mass_fresh",0.059,0.062
"Suncus megalura","mass","Brain_Mass_measured","g",0.1893,0.1893,4,1,0,FALSE,"Zilles","secondary","mass_fresh",0.185,0.192
"Suncus murinus","mass","Brain_Mass_mass_or_volume","g",0.39,0.39,2,2,0,FALSE,"Boddy; Burger","secondary","mass_or_volume_mixed",0.39,0.39
"Suncus murinus","mass","Brain_Mass_measured","g",0.38,0.38,9,2,1,TRUE,"Stephan_collection; Zilles","primary; secondary","mass_fresh",0.34,0.43
"Sundamys muelleri","mass","Brain_Mass_mass_or_volume","g",3.5,3.5,1,1,0,FALSE,"Burger","secondary","mass_or_volume_mixed",3.5,3.5
"Surdisorex polulus","mass","Brain_Mass_mass_or_volume","g",0.4,0.4,2,2,0,FALSE,"Boddy; Burger","secondary","mass_or_volume_mixed",0.4,0.4
"Suricata suricatta","mass","Brain_Mass_mass_or_volume","g",10.3,10.3,1,1,0,FALSE,"Burger","secondary","mass_or_volume_mixed",10.3,10.3
"Sus scrofa","mass","Brain_Mass_mass_or_volume","g",64.18,64.18,3,3,1,TRUE,"Boddy; Burger; HerculanoHouzel","primary; secondary","mass_or_volume_mixed",64.18,169.8
"Sus scrofa","mass","Brain_Mass_measured","g",112,112,2,2,1,TRUE,"Brodmann; Lewitus","primary; secondary","mass_fresh; mass_unspecified",112,137.65
"Sus scrofa domesticus","mass","Brain_Mass_excl_olfactory_bulb","g",62.5745,62.5745,3,2,2,TRUE,"HerculanoHouzel; Kazu","primary","mass_excl_olfactory_bulb",57.758,64.18
"Sus scrofa domesticus","mass","Brain_Mass_measured","g",137.65,137.65,1,1,0,FALSE,"Lewitus","secondary","mass_unspecified",137.65,137.65
"Swallow (Hirundo rustica)","mass","Brain_Mass_measured","g",0.5135,0.5135,2,1,0,FALSE,"Krompecher","secondary","mass_unspecified",0.492,0.535
"Swanscombe","mass","Brain_Mass_from_volume_or_ecv","g",1184.63,1184.63,1,1,1,TRUE,"Weaver","primary","mass_from_volume_or_ecv",1184.63,1184.63
"Syconycteris australis","mass","Brain_Mass_mass_or_volume","g",0.592,0.592,1,1,0,FALSE,"Burger","secondary","mass_or_volume_mixed",0.592,0.592
"Syconycteris australis","mass","Brain_Mass_measured","g",0.57,0.57,1,1,0,FALSE,"Zilles","secondary","mass_fresh",0.57,0.57
"Syconycteris crassa","mass","Brain_Mass_measured","g",0.616,0.616,3,1,0,FALSE,"Zilles","secondary","mass_fresh",0.612,0.621
"Sylvia atricapilla","mass","Brain_Mass_measured","g",0.7743,0.7743,1,1,1,TRUE,"Olkowicz","primary","mass_fixed",0.7743,0.7743
"Sylvicapra grimmia","mass","Brain_Mass_mass_or_volume","g",77.2,77.2,1,1,0,FALSE,"Burger","secondary","mass_or_volume_mixed",77.2,77.2
"Sylvilagus audubonii","mass","Brain_Mass_mass_or_volume","g",6.07,6.07,2,2,0,FALSE,"Boddy; Burger","secondary","mass_or_volume_mixed",6.07,6.07
"Sylvilagus bachmani","mass","Brain_Mass_mass_or_volume","g",6.58,6.58,2,2,0,FALSE,"Boddy; Burger","secondary","mass_or_volume_mixed",6.58,6.58
"Sylvilagus brasiliensis","mass","Brain_Mass_mass_or_volume","g",4.5,4.5,2,2,0,FALSE,"Boddy; Burger","secondary","mass_or_volume_mixed",4.5,4.5
"Sylvilagus floridanus","mass","Brain_Mass_mass_or_volume","g",7.56,7.56,2,2,0,FALSE,"Boddy; Burger","secondary","mass_or_volume_mixed",7.56,7.56
"Sylvisorex granti","mass","Brain_Mass_measured","g",0.162,0.162,4,1,0,FALSE,"Zilles","secondary","mass_fresh",0.159,0.165
"Symphalangus syndactylus","mass","Brain_Mass_mass_or_volume","g",131.72,131.72,6,2,0,FALSE,"Burger; DeCasien","secondary","mass_or_volume_mixed",104,139.5
"Symphalangus syndactylus","mass","Brain_Mass_measured","g",138.7,138.7,2,1,1,TRUE,"Zilles","primary","mass_fresh; mass_unspecified",138.7,138.7
"Synaptomys cooperi","mass","Brain_Mass_mass_or_volume","g",0.59,0.59,2,2,0,FALSE,"Boddy; Burger","secondary","mass_or_volume_mixed",0.59,0.59
"Syncerus caffer","mass","Brain_Mass_mass_or_volume","g",647.5,647.5,2,2,0,FALSE,"Boddy; Burger","secondary","mass_or_volume_mixed",647.5,647.5
"Tachyglossus aculeatus","mass","Brain_Mass_mass_or_volume","g",20.7322,20.7322,2,2,0,FALSE,"Boddy; Burger","secondary","mass_or_volume_mixed",20.73,20.7344
"Tachyglossus aculeatus","mass","Brain_Mass_measured","g",11,11,2,2,1,TRUE,"Changizi; Lewitus","primary; secondary","mass_compilation_unspecified; mass_unspecified",11,27.5
"Tachyoryctes splendens","mass","Brain_Mass_mass_or_volume","g",1.88,1.88,2,2,0,FALSE,"Boddy; Burger","secondary","mass_or_volume_mixed",1.88,1.88
"Tadarida aegyptiaca","mass","Brain_Mass_mass_or_volume","g",0.393,0.393,1,1,0,FALSE,"Burger","secondary","mass_or_volume_mixed",0.393,0.393
"Tadarida aegyptiaca","mass","Brain_Mass_measured","g",0.3917,0.3917,3,1,0,FALSE,"Zilles","secondary","mass_fresh",0.381,0.401
"Tadarida beccarii","mass","Brain_Mass_measured","g",0.25,0.25,2,1,0,FALSE,"Zilles","secondary","mass_fresh",0.24,0.26
"Tadarida condylura","mass","Brain_Mass_measured","g",0.461,0.461,3,1,0,FALSE,"Zilles","secondary","mass_fresh",0.443,0.475
"Tadarida jobensis","mass","Brain_Mass_measured","g",0.36,0.36,1,1,0,FALSE,"Zilles","secondary","mass_fresh",0.36,0.36
"Tadarida leucostigma","mass","Brain_Mass_measured","g",0.38,0.38,1,1,0,FALSE,"Zilles","secondary","mass_fresh",0.38,0.38
"Tadarida mops","mass","Brain_Mass_measured","g",0.4733,0.4733,3,1,0,FALSE,"Zilles","secondary","mass_fresh",0.465,0.485
"Tadarida niveiventer","mass","Brain_Mass_measured","g",0.4343,0.4343,3,1,0,FALSE,"Zilles","secondary","mass_fresh",0.405,0.458
"Tadarida plicata plicata","mass","Brain_Mass_measured","g",0.325,0.325,3,1,0,FALSE,"Zilles","secondary","mass_fresh",0.303,0.348
"Tadarida pumila","mass","Brain_Mass_measured","g",0.247,0.247,4,1,0,FALSE,"Zilles","secondary","mass_fresh",0.24,0.254
"Taenipygia guttata","mass","Brain_Mass_measured","g",0.4935,0.4935,1,1,1,TRUE,"Olkowicz","primary","mass_fixed",0.4935,0.4935
"Talpa europaea","mass","Brain_Mass_mass_or_volume","g",1.4017,1.4017,2,2,0,FALSE,"Boddy; Burger","secondary","mass_or_volume_mixed",1.4,1.4033
"Talpa europaea","mass","Brain_Mass_measured","g",1.41,1.41,11,4,2,TRUE,"Brodmann; Lewitus; Stephan_collection; Zilles","primary; secondary","mass_fresh; mass_unspecified",0.94,1.8
"Talpa micrura","mass","Brain_Mass_measured","g",0.7815,0.7815,2,1,0,FALSE,"Zilles","secondary","mass_fresh",0.747,0.816
"Tamandua tetradactyla","mass","Brain_Mass_mass_or_volume","g",27.5,27.5,2,2,0,FALSE,"Boddy; Burger","secondary","mass_or_volume_mixed",27.5,27.5
"Tamias amoenus","mass","Brain_Mass_mass_or_volume","g",1.39,1.39,2,2,0,FALSE,"Boddy; Burger","secondary","mass_or_volume_mixed",1.39,1.39
"Tamias cinereicollis","mass","Brain_Mass_mass_or_volume","g",1.8,1.8,1,1,0,FALSE,"Burger","secondary","mass_or_volume_mixed",1.8,1.8
"Tamias dorsalis","mass","Brain_Mass_mass_or_volume","g",1.98,1.98,2,2,0,FALSE,"Boddy; Burger","secondary","mass_or_volume_mixed",1.98,1.98
"Tamias minimus","mass","Brain_Mass_mass_or_volume","g",1.6,1.6,2,2,0,FALSE,"Boddy; Burger","secondary","mass_or_volume_mixed",1.6,1.6
"Tamias palmeri","mass","Brain_Mass_mass_or_volume","g",1.99,1.99,2,2,0,FALSE,"Boddy; Burger","secondary","mass_or_volume_mixed",1.99,1.99
"Tamias panamintinus","mass","Brain_Mass_mass_or_volume","g",1.83,1.83,2,2,0,FALSE,"Boddy; Burger","secondary","mass_or_volume_mixed",1.83,1.83
"Tamias quadrimaculatus","mass","Brain_Mass_mass_or_volume","g",2.16,2.16,2,2,0,FALSE,"Boddy; Burger","secondary","mass_or_volume_mixed",2.16,2.16
"Tamias quadrivittatus","mass","Brain_Mass_mass_or_volume","g",1.7,1.7,2,2,0,FALSE,"Boddy; Burger","secondary","mass_or_volume_mixed",1.7,1.7
"Tamias speciosus","mass","Brain_Mass_mass_or_volume","g",1.86,1.86,2,2,0,FALSE,"Boddy; Burger","secondary","mass_or_volume_mixed",1.86,1.86
"Tamias striatus","mass","Brain_Mass_mass_or_volume","g",2.17,2.17,2,2,0,FALSE,"Boddy; Burger","secondary","mass_or_volume_mixed",2.17,2.17
"Tamias townsendii","mass","Brain_Mass_mass_or_volume","g",2.44,2.44,2,2,0,FALSE,"Boddy; Burger","secondary","mass_or_volume_mixed",2.44,2.44
"Tamiasciurus hudsonicus","mass","Brain_Mass_mass_or_volume","g",3.83,3.83,2,2,0,FALSE,"Boddy; Burger","secondary","mass_or_volume_mixed",3.83,3.83
"Tamiops macclellandi","mass","Brain_Mass_mass_or_volume","g",1.95,1.95,1,1,0,FALSE,"Boddy","secondary","mass_or_volume_mixed",1.95,1.95
"Tamiops mcclellandii","mass","Brain_Mass_mass_or_volume","g",1.95,1.95,1,1,0,FALSE,"Burger","secondary","mass_or_volume_mixed",1.95,1.95
"Taphozous australis","mass","Brain_Mass_mass_or_volume","g",0.5035,0.5035,1,1,0,FALSE,"Burger","secondary","mass_or_volume_mixed",0.5035,0.5035
"Taphozous australis","mass","Brain_Mass_measured","g",0.514,0.514,2,1,0,FALSE,"Zilles","secondary","mass_fresh",0.514,0.514
"Taphozous hildegardeae","mass","Brain_Mass_mass_or_volume","g",0.5425,0.5425,1,1,0,FALSE,"Burger","secondary","mass_or_volume_mixed",0.5425,0.5425
"Taphozous hildegardeae","mass","Brain_Mass_measured","g",0.5393,0.5393,3,1,0,FALSE,"Zilles","secondary","mass_fresh",0.511,0.558
"Taphozous longimanus","mass","Brain_Mass_mass_or_volume","g",0.47,0.47,1,1,0,FALSE,"Burger","secondary","mass_or_volume_mixed",0.47,0.47
"Taphozous mauritianus","mass","Brain_Mass_mass_or_volume","g",0.5505,0.5505,1,1,0,FALSE,"Burger","secondary","mass_or_volume_mixed",0.5505,0.5505
"Taphozous mauritianus","mass","Brain_Mass_measured","g",0.5505,0.5505,2,1,0,FALSE,"Zilles","secondary","mass_fresh",0.497,0.604
"Taphozous melanopogon","mass","Brain_Mass_mass_or_volume","g",0.536,0.536,1,1,0,FALSE,"Burger","secondary","mass_or_volume_mixed",0.536,0.536
"Taphozous melanopogon","mass","Brain_Mass_measured","g",0.5407,0.5407,3,1,0,FALSE,"Zilles","secondary","mass_fresh",0.518,0.556
"Taphozous saccolaimus I","mass","Brain_Mass_measured","g",0.675,0.675,3,1,0,FALSE,"Zilles","secondary","mass_fresh",0.65,0.705
"Taphozous theobaldi","mass","Brain_Mass_mass_or_volume","g",0.681,0.681,1,1,0,FALSE,"Burger","secondary","mass_or_volume_mixed",0.681,0.681
"Taphozous theobaldi","mass","Brain_Mass_measured","g",0.6753,0.6753,3,1,0,FALSE,"Zilles","secondary","mass_fresh",0.664,0.683
"Tapirus bairdii","mass","Brain_Mass_mass_or_volume","g",85,85,2,2,0,FALSE,"Boddy; Burger","secondary","mass_or_volume_mixed",85,85
"Tapirus indicus","mass","Brain_Mass_mass_or_volume","g",265,265,1,1,0,FALSE,"Burger","secondary","mass_or_volume_mixed",265,265
"Tapirus terrestris","mass","Brain_Mass_mass_or_volume","g",180.5,180.5,1,1,0,FALSE,"Burger","secondary","mass_or_volume_mixed",180.5,180.5
"Tarsipes rostratus","mass","Brain_Mass_mass_or_volume","g",0.36,0.36,1,1,0,FALSE,"Burger","secondary","mass_or_volume_mixed",0.36,0.36
"Tarsius bancanus","mass","Brain_Mass_mass_or_volume","g",2.7,2.7,3,3,0,FALSE,"Boddy; Burger; DeCasien","secondary","mass_or_volume_mixed",2.7,2.7
"Tarsius bancanus","mass","Brain_Mass_measured","g",2.411,2.411,5,2,0,FALSE,"Lewitus; Zilles","secondary","mass_fresh; mass_unspecified",0.038,3
"Tarsius dentatus","mass","Brain_Mass_mass_or_volume","g",2.9954,2.9954,1,1,0,FALSE,"Burger","secondary","mass_or_volume_mixed",2.9954,2.9954
"Tarsius sp.","mass","Brain_Mass_measured","g",3.6,3.6,2,1,1,TRUE,"Stephan_collection","primary; secondary","mass_fresh",3.6,3.6
"Tarsius syrichta","mass","Brain_Mass_mass_or_volume","g",3.3587,3.3587,1,1,0,FALSE,"Burger","secondary","mass_or_volume_mixed",3.3587,3.3587
"Tarsius syrichta","mass","Brain_Mass_measured","g",3.63,3.63,8,4,1,TRUE,"Lewitus; Sherwood; Stephan_collection; Zilles","primary; secondary","mass_compilation_unspecified; mass_fresh; mass_unspecified",2.45,4.16
"Tarsius tarsier","mass","Brain_Mass_mass_or_volume","g",3.5,3.5,2,2,0,FALSE,"Burger; DeCasien","secondary","mass_or_volume_mixed",3.4,3.6
"Tatera afra","mass","Brain_Mass_mass_or_volume","g",1.56,1.56,1,1,0,FALSE,"Boddy","secondary","mass_or_volume_mixed",1.56,1.56
"Tatera brantsii","mass","Brain_Mass_mass_or_volume","g",1.56,1.56,1,1,0,FALSE,"Boddy","secondary","mass_or_volume_mixed",1.56,1.56
"Tatera indica","mass","Brain_Mass_mass_or_volume","g",1.84,1.84,2,2,0,FALSE,"Boddy; Burger","secondary","mass_or_volume_mixed",1.84,1.84
"Taurotragus derbianus","mass","Brain_Mass_mass_or_volume","g",534,534,1,1,0,FALSE,"Burger","secondary","mass_or_volume_mixed",534,534
"Taurotragus oryx","mass","Brain_Mass_mass_or_volume","g",440,440,1,1,0,FALSE,"Burger","secondary","mass_or_volume_mixed",440,440
"Taxidea taxus","mass","Brain_Mass_mass_or_volume","g",48.9,48.9,1,1,0,FALSE,"Burger","secondary","mass_or_volume_mixed",48.9,48.9
"Tayassu pecari","mass","Brain_Mass_mass_or_volume","g",145.8,145.8,2,2,0,FALSE,"Boddy; Burger","secondary","mass_or_volume_mixed",145.8,145.8
"Tenrec ecaudatus","mass","Brain_Mass_mass_or_volume","g",2.8375,2.8375,2,2,0,FALSE,"Boddy; Burger","secondary","mass_or_volume_mixed",2.835,2.84
"Tenrec ecaudatus","mass","Brain_Mass_measured","g",2.585,2.585,11,3,2,TRUE,"Brodmann; Stephan_collection; Zilles","primary; secondary","mass_fresh; mass_unspecified",1.8,3.08
"Thainycteris aureocallaris","mass","Brain_Mass_measured","g",0.3377,0.3377,3,1,0,FALSE,"Zilles","secondary","mass_fresh",0.318,0.373
"Theropithecus gelada","mass","Brain_Mass_mass_or_volume","g",129,130,4,3,0,FALSE,"Boddy; Burger; DeCasien","secondary","mass_or_volume_mixed",124,130
"Thomomys bottae","mass","Brain_Mass_mass_or_volume","g",1.4708,1.4708,2,2,0,FALSE,"Boddy; Burger","secondary","mass_or_volume_mixed",1.47,1.4716
"Thomomys bulbivorus","mass","Brain_Mass_mass_or_volume","g",2.2,2.2,1,1,0,FALSE,"Burger","secondary","mass_or_volume_mixed",2.2,2.2
"Thomomys talpoides","mass","Brain_Mass_mass_or_volume","g",1.242,1.242,2,2,0,FALSE,"Boddy; Burger","secondary","mass_or_volume_mixed",1.24,1.2441
"Thryonomys swinderianus","mass","Brain_Mass_mass_or_volume","g",13.28,13.28,2,2,0,FALSE,"Boddy; Burger","secondary","mass_or_volume_mixed",13.28,13.28
"Thylacinus cynocephalus","mass","Brain_Mass_mass_or_volume","g",51.19,51.19,1,1,0,FALSE,"Burger","secondary","mass_or_volume_mixed",51.19,51.19
"Thylamys elegans","mass","Brain_Mass_mass_or_volume","g",0.7228,0.7228,2,2,0,FALSE,"Boddy; Burger","secondary","mass_or_volume_mixed",0.71,0.7356
"Thylamys pallidior","mass","Brain_Mass_mass_or_volume","g",0.72,0.72,1,1,0,FALSE,"Burger","secondary","mass_or_volume_mixed",0.72,0.72
"Thylogale billardieri","mass","Brain_Mass_measured","g",25.72,25.72,1,1,1,TRUE,"Pirlot","primary","mass_unspecified",25.72,25.72
"Thylogale billardierii","mass","Brain_Mass_mass_or_volume","g",22.4978,22.4978,2,2,0,FALSE,"Boddy; Burger","secondary","mass_or_volume_mixed",22.1,22.8956
"Thylogale browni","mass","Brain_Mass_mass_or_volume","g",18.3,18.3,1,1,0,FALSE,"Burger","secondary","mass_or_volume_mixed",18.3,18.3
"Thylogale brunii","mass","Brain_Mass_mass_or_volume","g",17.5,17.5,1,1,0,FALSE,"Burger","secondary","mass_or_volume_mixed",17.5,17.5
"Thylogale stigmatica","mass","Brain_Mass_mass_or_volume","g",17.8,17.8,1,1,0,FALSE,"Burger","secondary","mass_or_volume_mixed",17.8,17.8
"Thylogale thetis","mass","Brain_Mass_mass_or_volume","g",19.5456,19.5456,2,2,0,FALSE,"Boddy; Burger","secondary","mass_or_volume_mixed",19.2,19.8912
"Thyroptera tricolor","mass","Brain_Mass_mass_or_volume","g",0.23,0.23,1,1,0,FALSE,"Burger","secondary","mass_or_volume_mixed",0.23,0.23
"Thyroptera tricolor (THY)","mass","Brain_Mass_measured","g",0.23,0.23,1,1,0,FALSE,"Baron","secondary","mass_compilation_unspecified",0.23,0.23
"Tolypeutes matacus","mass","Brain_Mass_mass_or_volume","g",8.86,8.86,1,1,0,FALSE,"Burger","secondary","mass_or_volume_mixed",8.86,8.86
"Tonatia bidens","mass","Brain_Mass_mass_or_volume","g",0.788,0.788,1,1,0,FALSE,"Burger","secondary","mass_or_volume_mixed",0.788,0.788
"Tonatia bidens","mass","Brain_Mass_measured","g",0.7753,0.7753,3,1,0,FALSE,"Zilles","secondary","mass_fresh",0.747,0.811
"Tonatia schulzi","mass","Brain_Mass_measured","g",0.51,0.51,1,1,0,FALSE,"Zilles","secondary","mass_fresh",0.51,0.51
"Tonatia sylvicola","mass","Brain_Mass_measured","g",0.756,0.756,1,1,0,FALSE,"Zilles","secondary","mass_fresh",0.756,0.756
"Trachops cirrhosus","mass","Brain_Mass_mass_or_volume","g",0.9115,0.9115,1,1,0,FALSE,"Burger","secondary","mass_or_volume_mixed",0.9115,0.9115
"Trachops cirrhosus","mass","Brain_Mass_measured","g",1.0025,1.0025,2,1,0,FALSE,"Zilles","secondary","mass_fresh",0.991,1.014
"Trachypithecus auratus","mass","Brain_Mass_mass_or_volume","g",63.6,63.6,1,1,0,FALSE,"Burger","secondary","mass_or_volume_mixed",63.6,63.6
"Trachypithecus cristatus","mass","Brain_Mass_mass_or_volume","g",55,55,1,1,0,FALSE,"Burger","secondary","mass_or_volume_mixed",55,55
"Trachypithecus francoisi","mass","Brain_Mass_mass_or_volume","g",94.0444,94.4,5,3,0,FALSE,"Boddy; Burger; DeCasien","secondary","mass_or_volume_mixed",86.7,102.1
"Trachypithecus francoisi","mass","Brain_Mass_measured","g",102.1,102.1,1,1,1,TRUE,"Zilles","primary","mass_unspecified",102.1,102.1
"Trachypithecus geei","mass","Brain_Mass_mass_or_volume","g",81.3,81.3,1,1,0,FALSE,"Burger","secondary","mass_or_volume_mixed",81.3,81.3
"Trachypithecus germaini","mass","Brain_Mass_mass_or_volume","g",76,76,1,1,0,FALSE,"Burger","secondary","mass_or_volume_mixed",76,76
"Trachypithecus johnii","mass","Brain_Mass_mass_or_volume","g",84.6,84.6,1,1,0,FALSE,"Burger","secondary","mass_or_volume_mixed",84.6,84.6
"Trachypithecus obscurus","mass","Brain_Mass_mass_or_volume","g",60,60,1,1,0,FALSE,"Burger","secondary","mass_or_volume_mixed",60,60
"Trachypithecus phayrei","mass","Brain_Mass_mass_or_volume","g",72.8401,72.8401,1,1,0,FALSE,"Burger","secondary","mass_or_volume_mixed",72.8401,72.8401
"Trachypithecus pileatus","mass","Brain_Mass_mass_or_volume","g",103.6408,103.6408,1,1,0,FALSE,"Burger","secondary","mass_or_volume_mixed",103.6408,103.6408
"Trachypithecus vetulus","mass","Brain_Mass_mass_or_volume","g",60.4,60.4,1,1,0,FALSE,"Burger","secondary","mass_or_volume_mixed",60.4,60.4
"Tragelaphus angasii","mass","Brain_Mass_mass_or_volume","g",230,230,1,1,0,FALSE,"Burger","secondary","mass_or_volume_mixed",230,230
"Tragelaphus buxtoni","mass","Brain_Mass_mass_or_volume","g",330,330,1,1,0,FALSE,"Burger","secondary","mass_or_volume_mixed",330,330
"Tragelaphus eurycerus","mass","Brain_Mass_mass_or_volume","g",389,389,2,2,0,FALSE,"Boddy; Burger","secondary","mass_or_volume_mixed",389,389
"Tragelaphus imberbis","mass","Brain_Mass_mass_or_volume","g",219,219,1,1,0,FALSE,"Burger","secondary","mass_or_volume_mixed",219,219
"Tragelaphus scriptus","mass","Brain_Mass_mass_or_volume","g",165,165,2,2,0,FALSE,"Boddy; Burger","secondary","mass_or_volume_mixed",165,165
"Tragelaphus spekii","mass","Brain_Mass_mass_or_volume","g",145,145,1,1,0,FALSE,"Burger","secondary","mass_or_volume_mixed",145,145
"Tragelaphus strepsiceros","mass","Brain_Mass_excl_olfactory_bulb","g",307.2755,307.2755,3,2,2,TRUE,"HerculanoHouzel; Kazu","primary","mass_excl_olfactory_bulb",306.86,308.522
"Tragelaphus strepsiceros","mass","Brain_Mass_mass_or_volume","g",361,361,1,1,0,FALSE,"Burger","secondary","mass_or_volume_mixed",361,361
"Tragulus javanicus","mass","Brain_Mass_mass_or_volume","g",15.8,15.8,1,1,0,FALSE,"Burger","secondary","mass_or_volume_mixed",15.8,15.8
"Tragulus napu","mass","Brain_Mass_mass_or_volume","g",18.5,18.5,2,2,0,FALSE,"Boddy; Burger","secondary","mass_or_volume_mixed",18.5,18.5
"Triaenops persicus","mass","Brain_Mass_mass_or_volume","g",0.2705,0.2705,1,1,0,FALSE,"Burger","secondary","mass_or_volume_mixed",0.2705,0.2705
"Triaenops persicus","mass","Brain_Mass_measured","g",0.2733,0.2733,3,1,0,FALSE,"Zilles","secondary","mass_fresh",0.252,0.285
"Trichechus manatus","mass","Brain_Mass_mass_or_volume","g",364,364,2,2,0,FALSE,"Boddy; Burger","secondary","mass_or_volume_mixed",364,364
"Trichechus manatus","mass","Brain_Mass_measured","g",350,350,3,2,1,TRUE,"Karl; Lewitus","primary; secondary","mass_fresh; mass_specimen; mass_unspecified",350,382
"Trichosurus caninus","mass","Brain_Mass_mass_or_volume","g",11.9,11.9,1,1,0,FALSE,"Burger","secondary","mass_or_volume_mixed",11.9,11.9
"Trichosurus vulpecula","mass","Brain_Mass_mass_or_volume","g",11.199,11.199,2,2,0,FALSE,"Boddy; Burger","secondary","mass_or_volume_mixed",11,11.398
"Trichosurus vulpecula","mass","Brain_Mass_measured","g",12.5225,12.5225,3,2,2,TRUE,"Brodmann; Pirlot","primary","mass_unspecified",12.12,12.97
"Trichys fasciculata","mass","Brain_Mass_mass_or_volume","g",13.05,13.05,1,1,0,FALSE,"Burger","secondary","mass_or_volume_mixed",13.05,13.05
"Trinil 2/Pith I","mass","Brain_Mass_from_volume_or_ecv","g",928.2,928.2,1,1,1,TRUE,"Weaver","primary","mass_from_volume_or_ecv",928.2,928.2
"Tscherskia triton","mass","Brain_Mass_mass_or_volume","g",1.29,1.29,2,2,0,FALSE,"Boddy; Burger","secondary","mass_or_volume_mixed",1.29,1.29
"Tupaia belangeri","mass","Brain_Mass_measured","g",2.806,2.806,4,3,2,TRUE,"Changizi; Finlay; Garwicz","primary; secondary","mass_compilation_unspecified",2.5,3.15
"Tupaia glis","mass","Brain_Mass_excl_olfactory_bulb","g",2.752,2.752,1,1,1,TRUE,"HerculanoHouzel","primary","mass_excl_olfactory_bulb",2.752,2.752
"Tupaia glis","mass","Brain_Mass_mass_or_volume","g",3.2,3.2,2,2,0,FALSE,"Boddy; Burger","secondary","mass_or_volume_mixed",3.2,3.2
"Tupaia glis","mass","Brain_Mass_measured","g",2.8233,2.8233,120,5,2,TRUE,"Lewitus; Nudo; Sherwood; Stephan_collection; Zilles","primary; secondary","mass_compilation_unspecified; mass_fresh; mass_unspecified",1.14,3.87
"Tupaia javanica","mass","Brain_Mass_mass_or_volume","g",2.3,2.3,1,1,0,FALSE,"Burger","secondary","mass_or_volume_mixed",2.3,2.3
"Tupaia minor","mass","Brain_Mass_mass_or_volume","g",2.58,2.58,2,2,0,FALSE,"Boddy; Burger","secondary","mass_or_volume_mixed",2.58,2.58
"Tupaia minor","mass","Brain_Mass_measured","g",2.58,2.58,3,2,1,TRUE,"Stephan_collection; Zilles","primary; secondary","mass_fresh",2.58,2.615
"Tupaia sp.","mass","Brain_Mass_mass_or_volume","g",3.04,3.04,1,1,1,TRUE,"HerculanoHouzel","primary","mass_or_volume_mixed",3.04,3.04
"Turdus merula","mass","Brain_Mass_measured","g",1.8872,1.8872,1,1,1,TRUE,"Olkowicz","primary","mass_fixed",1.8872,1.8872
"Tursiops aduncus","mass","Brain_Mass_mass_or_volume","g",1498,1498,1,1,0,FALSE,"Burger","secondary","mass_or_volume_mixed",1498,1498
"Tursiops truncatus","mass","Brain_Mass_mass_or_volume","g",1572.9984,1572.9984,2,2,0,FALSE,"Boddy; Burger","secondary","mass_or_volume_mixed",1572.9968,1573
"Tursiops truncatus","mass","Brain_Mass_measured","g",1614.3333,1530,4,3,0,FALSE,"Butti; Lewitus; Manger","secondary","mass_compilation_unspecified; mass_fresh; mass_unspecified",1489,1824
"Tylonycteris minor","mass","Brain_Mass_measured","g",0.062,0.062,3,1,0,FALSE,"Zilles","secondary","mass_fresh",0.061,0.063
"Tylonycteris pachypus","mass","Brain_Mass_mass_or_volume","g",0.077,0.077,1,1,0,FALSE,"Burger","secondary","mass_or_volume_mixed",0.077,0.077
"Tylonycteris pachypus","mass","Brain_Mass_measured","g",0.0743,0.0743,4,1,0,FALSE,"Zilles","secondary","mass_fresh",0.07,0.08
"Tylonycteris robustula","mass","Brain_Mass_mass_or_volume","g",0.116,0.116,1,1,0,FALSE,"Burger","secondary","mass_or_volume_mixed",0.116,0.116
"Tylonycteris robustula","mass","Brain_Mass_measured","g",0.1205,0.1205,4,1,0,FALSE,"Zilles","secondary","mass_fresh",0.112,0.125
"Tyto alba","mass","Brain_Mass_measured","g",5.6177,5.6177,1,1,1,TRUE,"Olkowicz","primary","mass_fixed",5.6177,5.6177
"Uncia uncia","mass","Brain_Mass_mass_or_volume","g",101.5,101.5,1,1,0,FALSE,"Burger","secondary","mass_or_volume_mixed",101.5,101.5
"Uranomys ruddi","mass","Brain_Mass_mass_or_volume","g",0.77,0.77,2,2,0,FALSE,"Boddy; Burger","secondary","mass_or_volume_mixed",0.77,0.77
"Urocyon cinereoargenteus","mass","Brain_Mass_mass_or_volume","g",37.28,37.28,2,2,0,FALSE,"Boddy; Burger","secondary","mass_or_volume_mixed",37.28,37.28
"Urocyon littoralis","mass","Brain_Mass_mass_or_volume","g",27.7,27.7,1,1,0,FALSE,"Burger","secondary","mass_or_volume_mixed",27.7,27.7
"Uroderma bilobatum","mass","Brain_Mass_mass_or_volume","g",0.5537,0.5537,2,2,0,FALSE,"Boddy; Burger","secondary","mass_or_volume_mixed",0.53,0.5773
"Uroderma bilobatum","mass","Brain_Mass_measured","g",0.62,0.62,3,1,0,FALSE,"Zilles","secondary","mass_fresh",0.59,0.65
"Urogale everetti","mass","Brain_Mass_mass_or_volume","g",4.28,4.28,2,2,0,FALSE,"Boddy; Burger","secondary","mass_or_volume_mixed",4.28,4.28
"Urogale everetti","mass","Brain_Mass_measured","g",4.28,4.28,5,2,1,TRUE,"Stephan_collection; Zilles","primary; secondary","mass_fresh",4.16,4.4
"Uromys caudimaculatus","mass","Brain_Mass_measured","g",5.888,5.888,1,1,0,FALSE,"Zilles","secondary","mass_fresh",5.888,5.888
"Ursus americanus","mass","Brain_Mass_mass_or_volume","g",248,248,2,2,0,FALSE,"Boddy; Burger","secondary","mass_or_volume_mixed",248,248
"Ursus arctos","mass","Brain_Mass_mass_or_volume","g",335.9683,335.9683,2,2,0,FALSE,"Boddy; Burger","secondary","mass_or_volume_mixed",335.9667,335.97
"Ursus arctos","mass","Brain_Mass_measured","g",385,385,1,1,1,TRUE,"Karl","primary","mass_specimen",385,385
"Ursus maritimus","mass","Brain_Mass_mass_or_volume","g",507,507,2,2,0,FALSE,"Boddy; Burger","secondary","mass_or_volume_mixed",507,507
"Ursus maritimus","mass","Brain_Mass_measured","g",472.68,472.68,2,1,0,FALSE,"Lewitus","secondary","mass_fresh; mass_unspecified",472.68,472.68
"Ursus sp.","mass","Brain_Mass_measured","g",350,350,1,1,1,TRUE,"Brodmann","primary","mass_unspecified",350,350
"Ursus thibetanus","mass","Brain_Mass_mass_or_volume","g",269,269,1,1,0,FALSE,"Burger","secondary","mass_or_volume_mixed",269,269
"Vampyressa pusilla","mass","Brain_Mass_mass_or_volume","g",0.394,0.394,1,1,0,FALSE,"Burger","secondary","mass_or_volume_mixed",0.394,0.394
"Vampyressa pusilla","mass","Brain_Mass_measured","g",0.415,0.415,2,1,0,FALSE,"Zilles","secondary","mass_fresh",0.37,0.46
"Vampyrodes caraccioli","mass","Brain_Mass_mass_or_volume","g",0.947,0.947,1,1,0,FALSE,"Burger","secondary","mass_or_volume_mixed",0.947,0.947
"Vampyrodes caraccioloi","mass","Brain_Mass_measured","g",0.947,0.947,1,1,0,FALSE,"Zilles","secondary","mass_fresh",0.947,0.947
"Vampyrops brachycephalus","mass","Brain_Mass_measured","g",0.57,0.57,2,1,0,FALSE,"Zilles","secondary","mass_fresh",0.56,0.58
"Vampyrops helleri","mass","Brain_Mass_measured","g",0.5067,0.5067,3,1,0,FALSE,"Zilles","secondary","mass_fresh",0.48,0.54
"Vampyrops infuscus","mass","Brain_Mass_measured","g",1.11,1.11,1,1,0,FALSE,"Zilles","secondary","mass_fresh",1.11,1.11
"Vampyrops lineatus","mass","Brain_Mass_measured","g",0.7463,0.7463,3,1,0,FALSE,"Zilles","secondary","mass_fresh",0.731,0.765
"Vampyrops vittatus","mass","Brain_Mass_measured","g",1.175,1.175,2,1,0,FALSE,"Zilles","secondary","mass_fresh",1.15,1.2
"Vampyrum spectrum","mass","Brain_Mass_mass_or_volume","g",2.8685,2.8685,1,1,0,FALSE,"Burger","secondary","mass_or_volume_mixed",2.8685,2.8685
"Vampyrum spectrum","mass","Brain_Mass_measured","g",2.587,2.587,2,1,0,FALSE,"Zilles","secondary","mass_fresh",2.537,2.637
"Varecia rubra","mass","Brain_Mass_mass_or_volume","g",31.0839,31.0839,1,1,0,FALSE,"Burger","secondary","mass_or_volume_mixed",31.0839,31.0839
"Varecia variegata","mass","Brain_Mass_mass_or_volume","g",30.72,31.2,7,3,0,FALSE,"Boddy; Burger; DeCasien","secondary","mass_or_volume_mixed",24,32
"Varecia variegata","mass","Brain_Mass_measured","g",31.5767,31.5767,8,3,2,TRUE,"Lewitus; Stephan_collection; Zilles","primary; secondary","mass_fresh; mass_unspecified",31.46,49.83
"Vespadelus pumilus","mass","Brain_Mass_mass_or_volume","g",0.122,0.122,1,1,0,FALSE,"Burger","secondary","mass_or_volume_mixed",0.122,0.122
"Vespertilio murinus","mass","Brain_Mass_mass_or_volume","g",0.445,0.445,1,1,0,FALSE,"Burger","secondary","mass_or_volume_mixed",0.445,0.445
"Vicugna vicugna","mass","Brain_Mass_mass_or_volume","g",199.9,199.9,1,1,0,FALSE,"Burger","secondary","mass_or_volume_mixed",199.9,199.9
"Viverra civettina","mass","Brain_Mass_mass_or_volume","g",42.1,42.1,1,1,0,FALSE,"Burger","secondary","mass_or_volume_mixed",42.1,42.1
"Viverra megaspila","mass","Brain_Mass_mass_or_volume","g",36.6,36.6,1,1,0,FALSE,"Burger","secondary","mass_or_volume_mixed",36.6,36.6
"Viverra tangalunga","mass","Brain_Mass_mass_or_volume","g",24.1,24.1,1,1,0,FALSE,"Burger","secondary","mass_or_volume_mixed",24.1,24.1
"Viverra zibetha","mass","Brain_Mass_mass_or_volume","g",37,37,1,1,0,FALSE,"Burger","secondary","mass_or_volume_mixed",37,37
"Viverricula indica","mass","Brain_Mass_mass_or_volume","g",16.78,16.78,1,1,0,FALSE,"Burger","secondary","mass_or_volume_mixed",16.78,16.78
"Vombatus mitchelli (ursinus ?)","mass","Brain_Mass_measured","g",55.4,55.4,1,1,1,TRUE,"Pirlot","primary","mass_unspecified",55.4,55.4
"Vombatus ursinus","mass","Brain_Mass_mass_or_volume","g",60.062,60.062,2,2,0,FALSE,"Boddy; Burger","secondary","mass_or_volume_mixed",59,61.124
"Vormela peregusna","mass","Brain_Mass_mass_or_volume","g",4.8,4.8,1,1,0,FALSE,"Burger","secondary","mass_or_volume_mixed",4.8,4.8
"Vulpes bengalensis","mass","Brain_Mass_mass_or_volume","g",24.5,24.5,1,1,0,FALSE,"Burger","secondary","mass_or_volume_mixed",24.5,24.5
"Vulpes chama","mass","Brain_Mass_mass_or_volume","g",33.5,33.5,1,1,0,FALSE,"Burger","secondary","mass_or_volume_mixed",33.5,33.5
"Vulpes lagopus","mass","Brain_Mass_mass_or_volume","g",35.5,35.5,1,1,0,FALSE,"Burger","secondary","mass_or_volume_mixed",35.5,35.5
"Vulpes pallida","mass","Brain_Mass_mass_or_volume","g",25.03,25.03,1,1,0,FALSE,"Burger","secondary","mass_or_volume_mixed",25.03,25.03
"Vulpes rueppellii","mass","Brain_Mass_mass_or_volume","g",25.8,25.8,1,1,0,FALSE,"Burger","secondary","mass_or_volume_mixed",25.8,25.8
"Vulpes velox","mass","Brain_Mass_mass_or_volume","g",32.1,32.1,1,1,0,FALSE,"Burger","secondary","mass_or_volume_mixed",32.1,32.1
"Vulpes vulpes","mass","Brain_Mass_mass_or_volume","g",49.64,49.64,2,2,0,FALSE,"Boddy; Burger","secondary","mass_or_volume_mixed",49.64,49.64
"Vulpes vulpes","mass","Brain_Mass_measured","g",45.6283,45.6283,2,1,0,FALSE,"Lewitus","secondary","mass_fresh; mass_unspecified",45.6267,45.63
"Vulpes zerda","mass","Brain_Mass_mass_or_volume","g",17.3,17.3,1,1,0,FALSE,"Burger","secondary","mass_or_volume_mixed",17.3,17.3
"Wallabia bicolor","mass","Brain_Mass_mass_or_volume","g",32.8,32.8,2,2,0,FALSE,"Boddy; Burger","secondary","mass_or_volume_mixed",32.7,32.9
"White mouse (mus musculus albus)","mass","Brain_Mass_measured","g",0.4275,0.4275,2,1,0,FALSE,"Krompecher","secondary","mass_unspecified",0.425,0.43
"White rat (Mus decom. alb.)","mass","Brain_Mass_measured","g",1.8615,1.8615,2,1,0,FALSE,"Krompecher","secondary","mass_unspecified",1.793,1.93
"Wyulda squamicaudata","mass","Brain_Mass_mass_or_volume","g",10.1,10.1,1,1,0,FALSE,"Burger","secondary","mass_or_volume_mixed",10.1,10.1
"Xerus erythropus","mass","Brain_Mass_mass_or_volume","g",6.68,6.68,2,2,0,FALSE,"Boddy; Burger","secondary","mass_or_volume_mixed",6.68,6.68
"Xerus inauris","mass","Brain_Mass_mass_or_volume","g",7.65,7.65,2,2,0,FALSE,"Boddy; Burger","secondary","mass_or_volume_mixed",7.65,7.65
"Xerus rutilus","mass","Brain_Mass_mass_or_volume","g",5.09,5.09,2,2,0,FALSE,"Boddy; Burger","secondary","mass_or_volume_mixed",5.09,5.09
"Zaedyus pichiy","mass","Brain_Mass_mass_or_volume","g",7.98,7.98,1,1,0,FALSE,"Burger","secondary","mass_or_volume_mixed",7.98,7.98
"Zaglossus bruijni","mass","Brain_Mass_mass_or_volume","g",37.3484,37.3484,2,2,0,FALSE,"Boddy; Burger","secondary","mass_or_volume_mixed",37.3468,37.35
"Zaglossus sp.","mass","Brain_Mass_measured","g",53,53,1,1,1,TRUE,"Brodmann","primary","mass_unspecified",53,53
"Zalophus californianus","mass","Brain_Mass_mass_or_volume","g",405,405,2,2,0,FALSE,"Boddy; Burger","secondary","mass_or_volume_mixed",405,405
"Zalophus californianus","mass","Brain_Mass_measured","g",363,363,2,1,0,FALSE,"Lewitus","secondary","mass_fresh; mass_unspecified",363,363
"Zapus hudsonius","mass","Brain_Mass_mass_or_volume","g",0.5497,0.5497,2,2,0,FALSE,"Boddy; Burger","secondary","mass_or_volume_mixed",0.5494,0.55
"Zapus princeps","mass","Brain_Mass_mass_or_volume","g",0.5,0.5,2,2,0,FALSE,"Boddy; Burger","secondary","mass_or_volume_mixed",0.5,0.5
"Zapus trinotatus","mass","Brain_Mass_mass_or_volume","g",0.5,0.5,1,1,0,FALSE,"Burger","secondary","mass_or_volume_mixed",0.5,0.5
"Zh Loc E /III","mass","Brain_Mass_from_volume_or_ecv","g",859.54,859.54,1,1,1,TRUE,"Weaver","primary","mass_from_volume_or_ecv",859.54,859.54
"Zhoukoudian Locus LI","mass","Brain_Mass_from_volume_or_ecv","g",1162.65,1162.65,1,1,1,TRUE,"Weaver","primary","mass_from_volume_or_ecv",1162.65,1162.65
"Ziphius cavirostris","mass","Brain_Mass_mass_or_volume","g",2004,2004,1,1,0,FALSE,"Burger","secondary","mass_or_volume_mixed",2004,2004
"Ziphius cavirostris","mass","Brain_Mass_measured","g",2004,2004,1,1,0,FALSE,"Manger","secondary","mass_compilation_unspecified",2004,2004
"Zygogeomys trichopus","mass","Brain_Mass_mass_or_volume","g",3.9486,3.9486,2,2,0,FALSE,"Boddy; Burger","secondary","mass_or_volume_mixed",3.9472,3.95
