pass,value,marker,note,n_files,files
B_number,Allenopithecus_nigroviridis40,40,trailing number; base 'Allenopithecus nigroviridis' seen in 50 files,4,DeCasien_Higham_2019/41559_2019_969_MOESM3_ESM.xlsx; ____Brain_structure_volumes/41559_2019_969_MOESM3_ESM.xlsx; ____Sensory_audiovisual/_incoming_Bath_archive_20260814/EXAMPLE ORGANIZATION/DeCasien Higham 2019/41559_2019_969_MOESM3_ESM.xlsx; ____Sensory_audiovisual/_incoming_Bath_archive_20260814/EXAMPLE ORGANIZATION/DeCasien etal 2017/41559_2017_BFs415590170112_MOESM250_ESM.xls
C_symbol,Alouatta seniculus (1961/8) ‡,‡,symbol/superscript marker,1,MacLeod_etal_2003/MacLeod_etal_2003_Table2_snapshot.csv
B_number,Alouatta seniculus1184,1184,trailing number; base 'Alouatta seniculus' seen in 215 files,3,Smaers_etal_2011/000323671_sm_suppltables.xlsx; Smaers_etal_2011/Smaers_etal_2011_SupplementaryTable1_snapshot.csv; Smaers_etal_2011/Smaers_etal_2011_SupplementaryTable2_snapshot.csv
B_number,Alouatta_caraya5,5,trailing number; base 'Alouatta caraya' seen in 144 files,4,DeCasien_Higham_2019/41559_2019_969_MOESM3_ESM.xlsx; ____Brain_structure_volumes/41559_2019_969_MOESM3_ESM.xlsx; ____Sensory_audiovisual/_incoming_Bath_archive_20260814/EXAMPLE ORGANIZATION/DeCasien Higham 2019/41559_2019_969_MOESM3_ESM.xlsx; ____Sensory_audiovisual/_incoming_Bath_archive_20260814/EXAMPLE ORGANIZATION/DeCasien etal 2017/41559_2017_BFs415590170112_MOESM250_ESM.xls
B_number,Alouatta_caraya7,7,trailing number; base 'Alouatta caraya' seen in 144 files,4,DeCasien_Higham_2019/41559_2019_969_MOESM3_ESM.xlsx; ____Brain_structure_volumes/41559_2019_969_MOESM3_ESM.xlsx; ____Sensory_audiovisual/_incoming_Bath_archive_20260814/EXAMPLE ORGANIZATION/DeCasien Higham 2019/41559_2019_969_MOESM3_ESM.xlsx; ____Sensory_audiovisual/_incoming_Bath_archive_20260814/EXAMPLE ORGANIZATION/DeCasien etal 2017/41559_2017_BFs415590170112_MOESM250_ESM.xls
C_symbol,Alouatta_palliata*,*,symbol/superscript marker,5,Lewitus_etal_2014/Lewitus_etal_2014_TableS1.csv; Lewitus_etal_2014/Lewitus_etal_2014_TableS1_snapshot.xlsx; Lewitus_etal_2014/pbio.1002000.s013.xlsx; __Public/comparative-data/10.1371%2Fjournal.pbio.1002000_TableS1.tsv; ____EvoM1_TraitTable/glia_gyrification.xlsx
B_number,Alouatta_palliata10,10,trailing number; base 'Alouatta palliata' seen in 131 files,4,DeCasien_Higham_2019/41559_2019_969_MOESM3_ESM.xlsx; ____Brain_structure_volumes/41559_2019_969_MOESM3_ESM.xlsx; ____Sensory_audiovisual/_incoming_Bath_archive_20260814/EXAMPLE ORGANIZATION/DeCasien Higham 2019/41559_2019_969_MOESM3_ESM.xlsx; ____Sensory_audiovisual/_incoming_Bath_archive_20260814/EXAMPLE ORGANIZATION/DeCasien etal 2017/41559_2017_BFs415590170112_MOESM250_ESM.xls
B_number,Alouatta_palliata11,11,trailing number; base 'Alouatta palliata' seen in 131 files,4,DeCasien_Higham_2019/41559_2019_969_MOESM3_ESM.xlsx; ____Brain_structure_volumes/41559_2019_969_MOESM3_ESM.xlsx; ____Sensory_audiovisual/_incoming_Bath_archive_20260814/EXAMPLE ORGANIZATION/DeCasien Higham 2019/41559_2019_969_MOESM3_ESM.xlsx; ____Sensory_audiovisual/_incoming_Bath_archive_20260814/EXAMPLE ORGANIZATION/DeCasien etal 2017/41559_2017_BFs415590170112_MOESM250_ESM.xls
B_number,Alouatta_palliata12,12,trailing number; base 'Alouatta palliata' seen in 131 files,4,DeCasien_Higham_2019/41559_2019_969_MOESM3_ESM.xlsx; ____Brain_structure_volumes/41559_2019_969_MOESM3_ESM.xlsx; ____Sensory_audiovisual/_incoming_Bath_archive_20260814/EXAMPLE ORGANIZATION/DeCasien Higham 2019/41559_2019_969_MOESM3_ESM.xlsx; ____Sensory_audiovisual/_incoming_Bath_archive_20260814/EXAMPLE ORGANIZATION/DeCasien etal 2017/41559_2017_BFs415590170112_MOESM250_ESM.xls
B_number,Alouatta_palliata14,14,trailing number; base 'Alouatta palliata' seen in 131 files,4,DeCasien_Higham_2019/41559_2019_969_MOESM3_ESM.xlsx; ____Brain_structure_volumes/41559_2019_969_MOESM3_ESM.xlsx; ____Sensory_audiovisual/_incoming_Bath_archive_20260814/EXAMPLE ORGANIZATION/DeCasien Higham 2019/41559_2019_969_MOESM3_ESM.xlsx; ____Sensory_audiovisual/_incoming_Bath_archive_20260814/EXAMPLE ORGANIZATION/DeCasien etal 2017/41559_2017_BFs415590170112_MOESM250_ESM.xls
B_number,Alouatta_palliata17,17,trailing number; base 'Alouatta palliata' seen in 131 files,4,DeCasien_Higham_2019/41559_2019_969_MOESM3_ESM.xlsx; ____Brain_structure_volumes/41559_2019_969_MOESM3_ESM.xlsx; ____Sensory_audiovisual/_incoming_Bath_archive_20260814/EXAMPLE ORGANIZATION/DeCasien Higham 2019/41559_2019_969_MOESM3_ESM.xlsx; ____Sensory_audiovisual/_incoming_Bath_archive_20260814/EXAMPLE ORGANIZATION/DeCasien etal 2017/41559_2017_BFs415590170112_MOESM250_ESM.xls
B_number,Alouatta_palliata18,18,trailing number; base 'Alouatta palliata' seen in 131 files,4,DeCasien_Higham_2019/41559_2019_969_MOESM3_ESM.xlsx; ____Brain_structure_volumes/41559_2019_969_MOESM3_ESM.xlsx; ____Sensory_audiovisual/_incoming_Bath_archive_20260814/EXAMPLE ORGANIZATION/DeCasien Higham 2019/41559_2019_969_MOESM3_ESM.xlsx; ____Sensory_audiovisual/_incoming_Bath_archive_20260814/EXAMPLE ORGANIZATION/DeCasien etal 2017/41559_2017_BFs415590170112_MOESM250_ESM.xls
B_number,Alouatta_palliata19,19,trailing number; base 'Alouatta palliata' seen in 131 files,4,DeCasien_Higham_2019/41559_2019_969_MOESM3_ESM.xlsx; ____Brain_structure_volumes/41559_2019_969_MOESM3_ESM.xlsx; ____Sensory_audiovisual/_incoming_Bath_archive_20260814/EXAMPLE ORGANIZATION/DeCasien Higham 2019/41559_2019_969_MOESM3_ESM.xlsx; ____Sensory_audiovisual/_incoming_Bath_archive_20260814/EXAMPLE ORGANIZATION/DeCasien etal 2017/41559_2017_BFs415590170112_MOESM250_ESM.xls
B_number,Alouatta_palliata25,25,trailing number; base 'Alouatta palliata' seen in 131 files,4,DeCasien_Higham_2019/41559_2019_969_MOESM3_ESM.xlsx; ____Brain_structure_volumes/41559_2019_969_MOESM3_ESM.xlsx; ____Sensory_audiovisual/_incoming_Bath_archive_20260814/EXAMPLE ORGANIZATION/DeCasien Higham 2019/41559_2019_969_MOESM3_ESM.xlsx; ____Sensory_audiovisual/_incoming_Bath_archive_20260814/EXAMPLE ORGANIZATION/DeCasien etal 2017/41559_2017_BFs415590170112_MOESM250_ESM.xls
B_number,Alouatta_palliata26,26,trailing number; base 'Alouatta palliata' seen in 131 files,4,DeCasien_Higham_2019/41559_2019_969_MOESM3_ESM.xlsx; ____Brain_structure_volumes/41559_2019_969_MOESM3_ESM.xlsx; ____Sensory_audiovisual/_incoming_Bath_archive_20260814/EXAMPLE ORGANIZATION/DeCasien Higham 2019/41559_2019_969_MOESM3_ESM.xlsx; ____Sensory_audiovisual/_incoming_Bath_archive_20260814/EXAMPLE ORGANIZATION/DeCasien etal 2017/41559_2017_BFs415590170112_MOESM250_ESM.xls
B_number,Alouatta_palliata3,3,trailing number; base 'Alouatta palliata' seen in 131 files,4,DeCasien_Higham_2019/41559_2019_969_MOESM3_ESM.xlsx; ____Brain_structure_volumes/41559_2019_969_MOESM3_ESM.xlsx; ____Sensory_audiovisual/_incoming_Bath_archive_20260814/EXAMPLE ORGANIZATION/DeCasien Higham 2019/41559_2019_969_MOESM3_ESM.xlsx; ____Sensory_audiovisual/_incoming_Bath_archive_20260814/EXAMPLE ORGANIZATION/DeCasien etal 2017/41559_2017_BFs415590170112_MOESM250_ESM.xls
B_number,Alouatta_palliata40,40,trailing number; base 'Alouatta palliata' seen in 131 files,4,DeCasien_Higham_2019/41559_2019_969_MOESM3_ESM.xlsx; ____Brain_structure_volumes/41559_2019_969_MOESM3_ESM.xlsx; ____Sensory_audiovisual/_incoming_Bath_archive_20260814/EXAMPLE ORGANIZATION/DeCasien Higham 2019/41559_2019_969_MOESM3_ESM.xlsx; ____Sensory_audiovisual/_incoming_Bath_archive_20260814/EXAMPLE ORGANIZATION/DeCasien etal 2017/41559_2017_BFs415590170112_MOESM250_ESM.xls
B_number,Alouatta_palliata59,59,trailing number; base 'Alouatta palliata' seen in 131 files,4,DeCasien_Higham_2019/41559_2019_969_MOESM3_ESM.xlsx; ____Brain_structure_volumes/41559_2019_969_MOESM3_ESM.xlsx; ____Sensory_audiovisual/_incoming_Bath_archive_20260814/EXAMPLE ORGANIZATION/DeCasien Higham 2019/41559_2019_969_MOESM3_ESM.xlsx; ____Sensory_audiovisual/_incoming_Bath_archive_20260814/EXAMPLE ORGANIZATION/DeCasien etal 2017/41559_2017_BFs415590170112_MOESM250_ESM.xls
B_number,Alouatta_palliata6,6,trailing number; base 'Alouatta palliata' seen in 131 files,4,DeCasien_Higham_2019/41559_2019_969_MOESM3_ESM.xlsx; ____Brain_structure_volumes/41559_2019_969_MOESM3_ESM.xlsx; ____Sensory_audiovisual/_incoming_Bath_archive_20260814/EXAMPLE ORGANIZATION/DeCasien Higham 2019/41559_2019_969_MOESM3_ESM.xlsx; ____Sensory_audiovisual/_incoming_Bath_archive_20260814/EXAMPLE ORGANIZATION/DeCasien etal 2017/41559_2017_BFs415590170112_MOESM250_ESM.xls
B_number,Alouatta_palliata7,7,trailing number; base 'Alouatta palliata' seen in 131 files,4,DeCasien_Higham_2019/41559_2019_969_MOESM3_ESM.xlsx; ____Brain_structure_volumes/41559_2019_969_MOESM3_ESM.xlsx; ____Sensory_audiovisual/_incoming_Bath_archive_20260814/EXAMPLE ORGANIZATION/DeCasien Higham 2019/41559_2019_969_MOESM3_ESM.xlsx; ____Sensory_audiovisual/_incoming_Bath_archive_20260814/EXAMPLE ORGANIZATION/DeCasien etal 2017/41559_2017_BFs415590170112_MOESM250_ESM.xls
B_number,Alouatta_palliata8,8,trailing number; base 'Alouatta palliata' seen in 131 files,4,DeCasien_Higham_2019/41559_2019_969_MOESM3_ESM.xlsx; ____Brain_structure_volumes/41559_2019_969_MOESM3_ESM.xlsx; ____Sensory_audiovisual/_incoming_Bath_archive_20260814/EXAMPLE ORGANIZATION/DeCasien Higham 2019/41559_2019_969_MOESM3_ESM.xlsx; ____Sensory_audiovisual/_incoming_Bath_archive_20260814/EXAMPLE ORGANIZATION/DeCasien etal 2017/41559_2017_BFs415590170112_MOESM250_ESM.xls
B_number,Alouatta_palliata9,9,trailing number; base 'Alouatta palliata' seen in 131 files,4,DeCasien_Higham_2019/41559_2019_969_MOESM3_ESM.xlsx; ____Brain_structure_volumes/41559_2019_969_MOESM3_ESM.xlsx; ____Sensory_audiovisual/_incoming_Bath_archive_20260814/EXAMPLE ORGANIZATION/DeCasien Higham 2019/41559_2019_969_MOESM3_ESM.xlsx; ____Sensory_audiovisual/_incoming_Bath_archive_20260814/EXAMPLE ORGANIZATION/DeCasien etal 2017/41559_2017_BFs415590170112_MOESM250_ESM.xls
B_number,Alouatta_pigra7,7,trailing number; base 'Alouatta pigra' seen in 49 files,4,DeCasien_Higham_2019/41559_2019_969_MOESM3_ESM.xlsx; ____Brain_structure_volumes/41559_2019_969_MOESM3_ESM.xlsx; ____Sensory_audiovisual/_incoming_Bath_archive_20260814/EXAMPLE ORGANIZATION/DeCasien Higham 2019/41559_2019_969_MOESM3_ESM.xlsx; ____Sensory_audiovisual/_incoming_Bath_archive_20260814/EXAMPLE ORGANIZATION/DeCasien etal 2017/41559_2017_BFs415590170112_MOESM250_ESM.xls
B_number,Alouatta_seniculus6,6,trailing number; base 'Alouatta seniculus' seen in 215 files,4,DeCasien_Higham_2019/41559_2019_969_MOESM3_ESM.xlsx; ____Brain_structure_volumes/41559_2019_969_MOESM3_ESM.xlsx; ____Sensory_audiovisual/_incoming_Bath_archive_20260814/EXAMPLE ORGANIZATION/DeCasien Higham 2019/41559_2019_969_MOESM3_ESM.xlsx; ____Sensory_audiovisual/_incoming_Bath_archive_20260814/EXAMPLE ORGANIZATION/DeCasien etal 2017/41559_2017_BFs415590170112_MOESM250_ESM.xls
B_number,Alouatta_seniculus9,9,trailing number; base 'Alouatta seniculus' seen in 215 files,4,DeCasien_Higham_2019/41559_2019_969_MOESM3_ESM.xlsx; ____Brain_structure_volumes/41559_2019_969_MOESM3_ESM.xlsx; ____Sensory_audiovisual/_incoming_Bath_archive_20260814/EXAMPLE ORGANIZATION/DeCasien Higham 2019/41559_2019_969_MOESM3_ESM.xlsx; ____Sensory_audiovisual/_incoming_Bath_archive_20260814/EXAMPLE ORGANIZATION/DeCasien etal 2017/41559_2017_BFs415590170112_MOESM250_ESM.xls
A_letter,Anoura caudifera,a,glued letter; base 'Anoura caudifer' in 30 files vs 3,3,Genoud_etal_2018/Genoud_etal_2018_TableS2.csv; Genoud_etal_2018/brv12350-sup-0003-tables2.xlsx; __Public/comparative-data/10.1111%2Fbrv.12350_TableS2.tsv
C_symbol,Aotus trivirgatus (1535) ‡,‡,symbol/superscript marker,1,MacLeod_etal_2003/MacLeod_etal_2003_Table2_snapshot.csv
C_symbol,Aotus trivirgatus (1536) ‡,‡,symbol/superscript marker,1,MacLeod_etal_2003/MacLeod_etal_2003_Table2_snapshot.csv
C_symbol,Aotus trivirgatus (888) ‡,‡,symbol/superscript marker,1,MacLeod_etal_2003/MacLeod_etal_2003_Table2_snapshot.csv
B_number,Aotus_azarai3,3,trailing number; base 'Aotus azarai' seen in 22 files,4,DeCasien_Higham_2019/41559_2019_969_MOESM3_ESM.xlsx; ____Brain_structure_volumes/41559_2019_969_MOESM3_ESM.xlsx; ____Sensory_audiovisual/_incoming_Bath_archive_20260814/EXAMPLE ORGANIZATION/DeCasien Higham 2019/41559_2019_969_MOESM3_ESM.xlsx; ____Sensory_audiovisual/_incoming_Bath_archive_20260814/EXAMPLE ORGANIZATION/DeCasien etal 2017/41559_2017_BFs415590170112_MOESM250_ESM.xls
B_number,Aotus_trivirgatus2,2,trailing number; base 'Aotus trivirgatus' seen in 335 files,4,DeCasien_Higham_2019/41559_2019_969_MOESM3_ESM.xlsx; ____Brain_structure_volumes/41559_2019_969_MOESM3_ESM.xlsx; ____Sensory_audiovisual/_incoming_Bath_archive_20260814/EXAMPLE ORGANIZATION/DeCasien Higham 2019/41559_2019_969_MOESM3_ESM.xlsx; ____Sensory_audiovisual/_incoming_Bath_archive_20260814/EXAMPLE ORGANIZATION/DeCasien etal 2017/41559_2017_BFs415590170112_MOESM250_ESM.xls
B_number,Aotus_trivirgatus3,3,trailing number; base 'Aotus trivirgatus' seen in 335 files,4,DeCasien_Higham_2019/41559_2019_969_MOESM3_ESM.xlsx; ____Brain_structure_volumes/41559_2019_969_MOESM3_ESM.xlsx; ____Sensory_audiovisual/_incoming_Bath_archive_20260814/EXAMPLE ORGANIZATION/DeCasien Higham 2019/41559_2019_969_MOESM3_ESM.xlsx; ____Sensory_audiovisual/_incoming_Bath_archive_20260814/EXAMPLE ORGANIZATION/DeCasien etal 2017/41559_2017_BFs415590170112_MOESM250_ESM.xls
B_number,Aotus_trivirgatus4,4,trailing number; base 'Aotus trivirgatus' seen in 335 files,4,DeCasien_Higham_2019/41559_2019_969_MOESM3_ESM.xlsx; ____Brain_structure_volumes/41559_2019_969_MOESM3_ESM.xlsx; ____Sensory_audiovisual/_incoming_Bath_archive_20260814/EXAMPLE ORGANIZATION/DeCasien Higham 2019/41559_2019_969_MOESM3_ESM.xlsx; ____Sensory_audiovisual/_incoming_Bath_archive_20260814/EXAMPLE ORGANIZATION/DeCasien etal 2017/41559_2017_BFs415590170112_MOESM250_ESM.xls
B_number,Aotus_trivirgatus5,5,trailing number; base 'Aotus trivirgatus' seen in 335 files,4,DeCasien_Higham_2019/41559_2019_969_MOESM3_ESM.xlsx; ____Brain_structure_volumes/41559_2019_969_MOESM3_ESM.xlsx; ____Sensory_audiovisual/_incoming_Bath_archive_20260814/EXAMPLE ORGANIZATION/DeCasien Higham 2019/41559_2019_969_MOESM3_ESM.xlsx; ____Sensory_audiovisual/_incoming_Bath_archive_20260814/EXAMPLE ORGANIZATION/DeCasien etal 2017/41559_2017_BFs415590170112_MOESM250_ESM.xls
B_number,Aotus_trivirgatus6,6,trailing number; base 'Aotus trivirgatus' seen in 335 files,4,DeCasien_Higham_2019/41559_2019_969_MOESM3_ESM.xlsx; ____Brain_structure_volumes/41559_2019_969_MOESM3_ESM.xlsx; ____Sensory_audiovisual/_incoming_Bath_archive_20260814/EXAMPLE ORGANIZATION/DeCasien Higham 2019/41559_2019_969_MOESM3_ESM.xlsx; ____Sensory_audiovisual/_incoming_Bath_archive_20260814/EXAMPLE ORGANIZATION/DeCasien etal 2017/41559_2017_BFs415590170112_MOESM250_ESM.xls
E_ocr,Apodemus jlavicollis,,possible OCR corruption,1,Iwaniuk_etal_2001/Iwaniuk_etal_2001.xlsx
B_number,Arctocebus_calabarensis1,1,trailing number; base 'Arctocebus calabarensis' seen in 58 files,4,DeCasien_Higham_2019/41559_2019_969_MOESM3_ESM.xlsx; ____Brain_structure_volumes/41559_2019_969_MOESM3_ESM.xlsx; ____Sensory_audiovisual/_incoming_Bath_archive_20260814/EXAMPLE ORGANIZATION/DeCasien Higham 2019/41559_2019_969_MOESM3_ESM.xlsx; ____Sensory_audiovisual/_incoming_Bath_archive_20260814/EXAMPLE ORGANIZATION/DeCasien etal 2017/41559_2017_BFs415590170112_MOESM250_ESM.xls
B_number,Ateles geoffroyi 1000,1000,trailing number; base 'Ateles geoffroyi' seen in 268 files,3,Smaers_etal_2011/000323671_sm_suppltables.xlsx; Smaers_etal_2011/Smaers_etal_2011_SupplementaryTable1_snapshot.csv; Smaers_etal_2011/Smaers_etal_2011_SupplementaryTable2_snapshot.csv
C_symbol,Ateles paniscus (1538) ‡,‡,symbol/superscript marker,1,MacLeod_etal_2003/MacLeod_etal_2003_Table2_snapshot.csv
C_symbol,Ateles paniscus (1541) ‡,‡,symbol/superscript marker,1,MacLeod_etal_2003/MacLeod_etal_2003_Table2_snapshot.csv
C_symbol,Ateles paniscus (2412) ‡,‡,symbol/superscript marker,1,MacLeod_etal_2003/MacLeod_etal_2003_Table2_snapshot.csv
B_number,Ateles_belzebuth12,12,trailing number; base 'Ateles belzebuth' seen in 57 files,4,DeCasien_Higham_2019/41559_2019_969_MOESM3_ESM.xlsx; ____Brain_structure_volumes/41559_2019_969_MOESM3_ESM.xlsx; ____Sensory_audiovisual/_incoming_Bath_archive_20260814/EXAMPLE ORGANIZATION/DeCasien Higham 2019/41559_2019_969_MOESM3_ESM.xlsx; ____Sensory_audiovisual/_incoming_Bath_archive_20260814/EXAMPLE ORGANIZATION/DeCasien etal 2017/41559_2017_BFs415590170112_MOESM250_ESM.xls
B_number,Ateles_belzebuth18,18,trailing number; base 'Ateles belzebuth' seen in 57 files,4,DeCasien_Higham_2019/41559_2019_969_MOESM3_ESM.xlsx; ____Brain_structure_volumes/41559_2019_969_MOESM3_ESM.xlsx; ____Sensory_audiovisual/_incoming_Bath_archive_20260814/EXAMPLE ORGANIZATION/DeCasien Higham 2019/41559_2019_969_MOESM3_ESM.xlsx; ____Sensory_audiovisual/_incoming_Bath_archive_20260814/EXAMPLE ORGANIZATION/DeCasien etal 2017/41559_2017_BFs415590170112_MOESM250_ESM.xls
B_number,Ateles_belzebuth20,20,trailing number; base 'Ateles belzebuth' seen in 57 files,4,DeCasien_Higham_2019/41559_2019_969_MOESM3_ESM.xlsx; ____Brain_structure_volumes/41559_2019_969_MOESM3_ESM.xlsx; ____Sensory_audiovisual/_incoming_Bath_archive_20260814/EXAMPLE ORGANIZATION/DeCasien Higham 2019/41559_2019_969_MOESM3_ESM.xlsx; ____Sensory_audiovisual/_incoming_Bath_archive_20260814/EXAMPLE ORGANIZATION/DeCasien etal 2017/41559_2017_BFs415590170112_MOESM250_ESM.xls
B_number,Ateles_fusciceps5,5,trailing number; base 'Ateles fusciceps' seen in 68 files,4,DeCasien_Higham_2019/41559_2019_969_MOESM3_ESM.xlsx; ____Brain_structure_volumes/41559_2019_969_MOESM3_ESM.xlsx; ____Sensory_audiovisual/_incoming_Bath_archive_20260814/EXAMPLE ORGANIZATION/DeCasien Higham 2019/41559_2019_969_MOESM3_ESM.xlsx; ____Sensory_audiovisual/_incoming_Bath_archive_20260814/EXAMPLE ORGANIZATION/DeCasien etal 2017/41559_2017_BFs415590170112_MOESM250_ESM.xls
B_number,Ateles_geoffroyi15,15,trailing number; base 'Ateles geoffroyi' seen in 268 files,4,DeCasien_Higham_2019/41559_2019_969_MOESM3_ESM.xlsx; ____Brain_structure_volumes/41559_2019_969_MOESM3_ESM.xlsx; ____Sensory_audiovisual/_incoming_Bath_archive_20260814/EXAMPLE ORGANIZATION/DeCasien Higham 2019/41559_2019_969_MOESM3_ESM.xlsx; ____Sensory_audiovisual/_incoming_Bath_archive_20260814/EXAMPLE ORGANIZATION/DeCasien etal 2017/41559_2017_BFs415590170112_MOESM250_ESM.xls
B_number,Ateles_geoffroyi20,20,trailing number; base 'Ateles geoffroyi' seen in 268 files,4,DeCasien_Higham_2019/41559_2019_969_MOESM3_ESM.xlsx; ____Brain_structure_volumes/41559_2019_969_MOESM3_ESM.xlsx; ____Sensory_audiovisual/_incoming_Bath_archive_20260814/EXAMPLE ORGANIZATION/DeCasien Higham 2019/41559_2019_969_MOESM3_ESM.xlsx; ____Sensory_audiovisual/_incoming_Bath_archive_20260814/EXAMPLE ORGANIZATION/DeCasien etal 2017/41559_2017_BFs415590170112_MOESM250_ESM.xls
B_number,Ateles_geoffroyi22,22,trailing number; base 'Ateles geoffroyi' seen in 268 files,4,DeCasien_Higham_2019/41559_2019_969_MOESM3_ESM.xlsx; ____Brain_structure_volumes/41559_2019_969_MOESM3_ESM.xlsx; ____Sensory_audiovisual/_incoming_Bath_archive_20260814/EXAMPLE ORGANIZATION/DeCasien Higham 2019/41559_2019_969_MOESM3_ESM.xlsx; ____Sensory_audiovisual/_incoming_Bath_archive_20260814/EXAMPLE ORGANIZATION/DeCasien etal 2017/41559_2017_BFs415590170112_MOESM250_ESM.xls
B_number,Ateles_geoffroyi26,26,trailing number; base 'Ateles geoffroyi' seen in 268 files,4,DeCasien_Higham_2019/41559_2019_969_MOESM3_ESM.xlsx; ____Brain_structure_volumes/41559_2019_969_MOESM3_ESM.xlsx; ____Sensory_audiovisual/_incoming_Bath_archive_20260814/EXAMPLE ORGANIZATION/DeCasien Higham 2019/41559_2019_969_MOESM3_ESM.xlsx; ____Sensory_audiovisual/_incoming_Bath_archive_20260814/EXAMPLE ORGANIZATION/DeCasien etal 2017/41559_2017_BFs415590170112_MOESM250_ESM.xls
B_number,Ateles_geoffroyi35,35,trailing number; base 'Ateles geoffroyi' seen in 268 files,4,DeCasien_Higham_2019/41559_2019_969_MOESM3_ESM.xlsx; ____Brain_structure_volumes/41559_2019_969_MOESM3_ESM.xlsx; ____Sensory_audiovisual/_incoming_Bath_archive_20260814/EXAMPLE ORGANIZATION/DeCasien Higham 2019/41559_2019_969_MOESM3_ESM.xlsx; ____Sensory_audiovisual/_incoming_Bath_archive_20260814/EXAMPLE ORGANIZATION/DeCasien etal 2017/41559_2017_BFs415590170112_MOESM250_ESM.xls
B_number,Ateles_geoffroyi36,36,trailing number; base 'Ateles geoffroyi' seen in 268 files,4,DeCasien_Higham_2019/41559_2019_969_MOESM3_ESM.xlsx; ____Brain_structure_volumes/41559_2019_969_MOESM3_ESM.xlsx; ____Sensory_audiovisual/_incoming_Bath_archive_20260814/EXAMPLE ORGANIZATION/DeCasien Higham 2019/41559_2019_969_MOESM3_ESM.xlsx; ____Sensory_audiovisual/_incoming_Bath_archive_20260814/EXAMPLE ORGANIZATION/DeCasien etal 2017/41559_2017_BFs415590170112_MOESM250_ESM.xls
B_number,Ateles_geoffroyi39,39,trailing number; base 'Ateles geoffroyi' seen in 268 files,4,DeCasien_Higham_2019/41559_2019_969_MOESM3_ESM.xlsx; ____Brain_structure_volumes/41559_2019_969_MOESM3_ESM.xlsx; ____Sensory_audiovisual/_incoming_Bath_archive_20260814/EXAMPLE ORGANIZATION/DeCasien Higham 2019/41559_2019_969_MOESM3_ESM.xlsx; ____Sensory_audiovisual/_incoming_Bath_archive_20260814/EXAMPLE ORGANIZATION/DeCasien etal 2017/41559_2017_BFs415590170112_MOESM250_ESM.xls
B_number,Ateles_geoffroyi40,40,trailing number; base 'Ateles geoffroyi' seen in 268 files,4,DeCasien_Higham_2019/41559_2019_969_MOESM3_ESM.xlsx; ____Brain_structure_volumes/41559_2019_969_MOESM3_ESM.xlsx; ____Sensory_audiovisual/_incoming_Bath_archive_20260814/EXAMPLE ORGANIZATION/DeCasien Higham 2019/41559_2019_969_MOESM3_ESM.xlsx; ____Sensory_audiovisual/_incoming_Bath_archive_20260814/EXAMPLE ORGANIZATION/DeCasien etal 2017/41559_2017_BFs415590170112_MOESM250_ESM.xls
B_number,Ateles_geoffroyi41,41,trailing number; base 'Ateles geoffroyi' seen in 268 files,4,DeCasien_Higham_2019/41559_2019_969_MOESM3_ESM.xlsx; ____Brain_structure_volumes/41559_2019_969_MOESM3_ESM.xlsx; ____Sensory_audiovisual/_incoming_Bath_archive_20260814/EXAMPLE ORGANIZATION/DeCasien Higham 2019/41559_2019_969_MOESM3_ESM.xlsx; ____Sensory_audiovisual/_incoming_Bath_archive_20260814/EXAMPLE ORGANIZATION/DeCasien etal 2017/41559_2017_BFs415590170112_MOESM250_ESM.xls
B_number,Ateles_geoffroyi42,42,trailing number; base 'Ateles geoffroyi' seen in 268 files,4,DeCasien_Higham_2019/41559_2019_969_MOESM3_ESM.xlsx; ____Brain_structure_volumes/41559_2019_969_MOESM3_ESM.xlsx; ____Sensory_audiovisual/_incoming_Bath_archive_20260814/EXAMPLE ORGANIZATION/DeCasien Higham 2019/41559_2019_969_MOESM3_ESM.xlsx; ____Sensory_audiovisual/_incoming_Bath_archive_20260814/EXAMPLE ORGANIZATION/DeCasien etal 2017/41559_2017_BFs415590170112_MOESM250_ESM.xls
B_number,Ateles_geoffroyi44,44,trailing number; base 'Ateles geoffroyi' seen in 268 files,4,DeCasien_Higham_2019/41559_2019_969_MOESM3_ESM.xlsx; ____Brain_structure_volumes/41559_2019_969_MOESM3_ESM.xlsx; ____Sensory_audiovisual/_incoming_Bath_archive_20260814/EXAMPLE ORGANIZATION/DeCasien Higham 2019/41559_2019_969_MOESM3_ESM.xlsx; ____Sensory_audiovisual/_incoming_Bath_archive_20260814/EXAMPLE ORGANIZATION/DeCasien etal 2017/41559_2017_BFs415590170112_MOESM250_ESM.xls
B_number,Ateles_geoffroyi8,8,trailing number; base 'Ateles geoffroyi' seen in 268 files,4,DeCasien_Higham_2019/41559_2019_969_MOESM3_ESM.xlsx; ____Brain_structure_volumes/41559_2019_969_MOESM3_ESM.xlsx; ____Sensory_audiovisual/_incoming_Bath_archive_20260814/EXAMPLE ORGANIZATION/DeCasien Higham 2019/41559_2019_969_MOESM3_ESM.xlsx; ____Sensory_audiovisual/_incoming_Bath_archive_20260814/EXAMPLE ORGANIZATION/DeCasien etal 2017/41559_2017_BFs415590170112_MOESM250_ESM.xls
B_number,Ateles_paniscus18,18,trailing number; base 'Ateles paniscus' seen in 122 files,4,DeCasien_Higham_2019/41559_2019_969_MOESM3_ESM.xlsx; ____Brain_structure_volumes/41559_2019_969_MOESM3_ESM.xlsx; ____Sensory_audiovisual/_incoming_Bath_archive_20260814/EXAMPLE ORGANIZATION/DeCasien Higham 2019/41559_2019_969_MOESM3_ESM.xlsx; ____Sensory_audiovisual/_incoming_Bath_archive_20260814/EXAMPLE ORGANIZATION/DeCasien etal 2017/41559_2017_BFs415590170112_MOESM250_ESM.xls
B_number,Ateles_paniscus20,20,trailing number; base 'Ateles paniscus' seen in 122 files,4,DeCasien_Higham_2019/41559_2019_969_MOESM3_ESM.xlsx; ____Brain_structure_volumes/41559_2019_969_MOESM3_ESM.xlsx; ____Sensory_audiovisual/_incoming_Bath_archive_20260814/EXAMPLE ORGANIZATION/DeCasien Higham 2019/41559_2019_969_MOESM3_ESM.xlsx; ____Sensory_audiovisual/_incoming_Bath_archive_20260814/EXAMPLE ORGANIZATION/DeCasien etal 2017/41559_2017_BFs415590170112_MOESM250_ESM.xls
B_number,Avahi_laniger2,2,trailing number; base 'Avahi laniger' seen in 166 files,4,DeCasien_Higham_2019/41559_2019_969_MOESM3_ESM.xlsx; ____Brain_structure_volumes/41559_2019_969_MOESM3_ESM.xlsx; ____Sensory_audiovisual/_incoming_Bath_archive_20260814/EXAMPLE ORGANIZATION/DeCasien Higham 2019/41559_2019_969_MOESM3_ESM.xlsx; ____Sensory_audiovisual/_incoming_Bath_archive_20260814/EXAMPLE ORGANIZATION/DeCasien etal 2017/41559_2017_BFs415590170112_MOESM250_ESM.xls
B_number,Brachyteles_arachnoides20,20,trailing number; base 'Brachyteles arachnoides' seen in 48 files,4,DeCasien_Higham_2019/41559_2019_969_MOESM3_ESM.xlsx; ____Brain_structure_volumes/41559_2019_969_MOESM3_ESM.xlsx; ____Sensory_audiovisual/_incoming_Bath_archive_20260814/EXAMPLE ORGANIZATION/DeCasien Higham 2019/41559_2019_969_MOESM3_ESM.xlsx; ____Sensory_audiovisual/_incoming_Bath_archive_20260814/EXAMPLE ORGANIZATION/DeCasien etal 2017/41559_2017_BFs415590170112_MOESM250_ESM.xls
B_number,Brachyteles_arachnoides22,22,trailing number; base 'Brachyteles arachnoides' seen in 48 files,4,DeCasien_Higham_2019/41559_2019_969_MOESM3_ESM.xlsx; ____Brain_structure_volumes/41559_2019_969_MOESM3_ESM.xlsx; ____Sensory_audiovisual/_incoming_Bath_archive_20260814/EXAMPLE ORGANIZATION/DeCasien Higham 2019/41559_2019_969_MOESM3_ESM.xlsx; ____Sensory_audiovisual/_incoming_Bath_archive_20260814/EXAMPLE ORGANIZATION/DeCasien etal 2017/41559_2017_BFs415590170112_MOESM250_ESM.xls
B_number,Brachyteles_arachnoides25,25,trailing number; base 'Brachyteles arachnoides' seen in 48 files,4,DeCasien_Higham_2019/41559_2019_969_MOESM3_ESM.xlsx; ____Brain_structure_volumes/41559_2019_969_MOESM3_ESM.xlsx; ____Sensory_audiovisual/_incoming_Bath_archive_20260814/EXAMPLE ORGANIZATION/DeCasien Higham 2019/41559_2019_969_MOESM3_ESM.xlsx; ____Sensory_audiovisual/_incoming_Bath_archive_20260814/EXAMPLE ORGANIZATION/DeCasien etal 2017/41559_2017_BFs415590170112_MOESM250_ESM.xls
B_number,Brachyteles_arachnoides26,26,trailing number; base 'Brachyteles arachnoides' seen in 48 files,4,DeCasien_Higham_2019/41559_2019_969_MOESM3_ESM.xlsx; ____Brain_structure_volumes/41559_2019_969_MOESM3_ESM.xlsx; ____Sensory_audiovisual/_incoming_Bath_archive_20260814/EXAMPLE ORGANIZATION/DeCasien Higham 2019/41559_2019_969_MOESM3_ESM.xlsx; ____Sensory_audiovisual/_incoming_Bath_archive_20260814/EXAMPLE ORGANIZATION/DeCasien etal 2017/41559_2017_BFs415590170112_MOESM250_ESM.xls
B_number,Brachyteles_arachnoides45,45,trailing number; base 'Brachyteles arachnoides' seen in 48 files,4,DeCasien_Higham_2019/41559_2019_969_MOESM3_ESM.xlsx; ____Brain_structure_volumes/41559_2019_969_MOESM3_ESM.xlsx; ____Sensory_audiovisual/_incoming_Bath_archive_20260814/EXAMPLE ORGANIZATION/DeCasien Higham 2019/41559_2019_969_MOESM3_ESM.xlsx; ____Sensory_audiovisual/_incoming_Bath_archive_20260814/EXAMPLE ORGANIZATION/DeCasien etal 2017/41559_2017_BFs415590170112_MOESM250_ESM.xls
B_number,Bulbus_olfactorius_1983,1983,trailing number; base 'Bulbus olfactorius' seen in 27 files,1,_keys/Stephan/anatomy_key.csv
B_number,Bulbus_olfactorius_1987,1987,trailing number; base 'Bulbus olfactorius' seen in 27 files,1,_keys/Stephan/anatomy_key.csv
B_number,Bulbus_olfactorius_accessorius_1982,1982,trailing number; base 'Bulbus olfactorius accessorius' seen in 23 files,1,_keys/Stephan/anatomy_key.csv
C_symbol,Callicebus_moloch*,*,symbol/superscript marker,5,Lewitus_etal_2014/Lewitus_etal_2014_TableS1.csv; Lewitus_etal_2014/Lewitus_etal_2014_TableS1_snapshot.xlsx; Lewitus_etal_2014/pbio.1002000.s013.xlsx; __Public/comparative-data/10.1371%2Fjournal.pbio.1002000_TableS1.tsv; ____EvoM1_TraitTable/glia_gyrification.xlsx
B_number,Callicebus_moloch2,2,trailing number; base 'Callicebus moloch' seen in 221 files,4,DeCasien_Higham_2019/41559_2019_969_MOESM3_ESM.xlsx; ____Brain_structure_volumes/41559_2019_969_MOESM3_ESM.xlsx; ____Sensory_audiovisual/_incoming_Bath_archive_20260814/EXAMPLE ORGANIZATION/DeCasien Higham 2019/41559_2019_969_MOESM3_ESM.xlsx; ____Sensory_audiovisual/_incoming_Bath_archive_20260814/EXAMPLE ORGANIZATION/DeCasien etal 2017/41559_2017_BFs415590170112_MOESM250_ESM.xls
B_number,Callicebus_moloch3,3,trailing number; base 'Callicebus moloch' seen in 221 files,4,DeCasien_Higham_2019/41559_2019_969_MOESM3_ESM.xlsx; ____Brain_structure_volumes/41559_2019_969_MOESM3_ESM.xlsx; ____Sensory_audiovisual/_incoming_Bath_archive_20260814/EXAMPLE ORGANIZATION/DeCasien Higham 2019/41559_2019_969_MOESM3_ESM.xlsx; ____Sensory_audiovisual/_incoming_Bath_archive_20260814/EXAMPLE ORGANIZATION/DeCasien etal 2017/41559_2017_BFs415590170112_MOESM250_ESM.xls
B_number,Callicebus_moloch4,4,trailing number; base 'Callicebus moloch' seen in 221 files,4,DeCasien_Higham_2019/41559_2019_969_MOESM3_ESM.xlsx; ____Brain_structure_volumes/41559_2019_969_MOESM3_ESM.xlsx; ____Sensory_audiovisual/_incoming_Bath_archive_20260814/EXAMPLE ORGANIZATION/DeCasien Higham 2019/41559_2019_969_MOESM3_ESM.xlsx; ____Sensory_audiovisual/_incoming_Bath_archive_20260814/EXAMPLE ORGANIZATION/DeCasien etal 2017/41559_2017_BFs415590170112_MOESM250_ESM.xls
B_number,Callicebus_moloch5,5,trailing number; base 'Callicebus moloch' seen in 221 files,4,DeCasien_Higham_2019/41559_2019_969_MOESM3_ESM.xlsx; ____Brain_structure_volumes/41559_2019_969_MOESM3_ESM.xlsx; ____Sensory_audiovisual/_incoming_Bath_archive_20260814/EXAMPLE ORGANIZATION/DeCasien Higham 2019/41559_2019_969_MOESM3_ESM.xlsx; ____Sensory_audiovisual/_incoming_Bath_archive_20260814/EXAMPLE ORGANIZATION/DeCasien etal 2017/41559_2017_BFs415590170112_MOESM250_ESM.xls
B_number,Callicebus_torquatus3,3,trailing number; base 'Callicebus torquatus' seen in 51 files,4,DeCasien_Higham_2019/41559_2019_969_MOESM3_ESM.xlsx; ____Brain_structure_volumes/41559_2019_969_MOESM3_ESM.xlsx; ____Sensory_audiovisual/_incoming_Bath_archive_20260814/EXAMPLE ORGANIZATION/DeCasien Higham 2019/41559_2019_969_MOESM3_ESM.xlsx; ____Sensory_audiovisual/_incoming_Bath_archive_20260814/EXAMPLE ORGANIZATION/DeCasien etal 2017/41559_2017_BFs415590170112_MOESM250_ESM.xls
B_number,Callicebus_torquatus4,4,trailing number; base 'Callicebus torquatus' seen in 51 files,4,DeCasien_Higham_2019/41559_2019_969_MOESM3_ESM.xlsx; ____Brain_structure_volumes/41559_2019_969_MOESM3_ESM.xlsx; ____Sensory_audiovisual/_incoming_Bath_archive_20260814/EXAMPLE ORGANIZATION/DeCasien Higham 2019/41559_2019_969_MOESM3_ESM.xlsx; ____Sensory_audiovisual/_incoming_Bath_archive_20260814/EXAMPLE ORGANIZATION/DeCasien etal 2017/41559_2017_BFs415590170112_MOESM250_ESM.xls
B_number,Callimico goeldii                                          0,0,trailing number; base 'Callimico goeldii' seen in 204 files,1,Iwaniuk_etal_2001/Iwaniuk_etal_2001.xlsx
B_number,Callimico_goeldii5,5,trailing number; base 'Callimico goeldii' seen in 204 files,4,DeCasien_Higham_2019/41559_2019_969_MOESM3_ESM.xlsx; ____Brain_structure_volumes/41559_2019_969_MOESM3_ESM.xlsx; ____Sensory_audiovisual/_incoming_Bath_archive_20260814/EXAMPLE ORGANIZATION/DeCasien Higham 2019/41559_2019_969_MOESM3_ESM.xlsx; ____Sensory_audiovisual/_incoming_Bath_archive_20260814/EXAMPLE ORGANIZATION/DeCasien etal 2017/41559_2017_BFs415590170112_MOESM250_ESM.xls
B_number,Callimico_goeldii6,6,trailing number; base 'Callimico goeldii' seen in 204 files,4,DeCasien_Higham_2019/41559_2019_969_MOESM3_ESM.xlsx; ____Brain_structure_volumes/41559_2019_969_MOESM3_ESM.xlsx; ____Sensory_audiovisual/_incoming_Bath_archive_20260814/EXAMPLE ORGANIZATION/DeCasien Higham 2019/41559_2019_969_MOESM3_ESM.xlsx; ____Sensory_audiovisual/_incoming_Bath_archive_20260814/EXAMPLE ORGANIZATION/DeCasien etal 2017/41559_2017_BFs415590170112_MOESM250_ESM.xls
B_number,Callithrix_geoffroyi9,9,trailing number; base 'Callithrix geoffroyi' seen in 48 files,4,DeCasien_Higham_2019/41559_2019_969_MOESM3_ESM.xlsx; ____Brain_structure_volumes/41559_2019_969_MOESM3_ESM.xlsx; ____Sensory_audiovisual/_incoming_Bath_archive_20260814/EXAMPLE ORGANIZATION/DeCasien Higham 2019/41559_2019_969_MOESM3_ESM.xlsx; ____Sensory_audiovisual/_incoming_Bath_archive_20260814/EXAMPLE ORGANIZATION/DeCasien etal 2017/41559_2017_BFs415590170112_MOESM250_ESM.xls
B_number,Callithrix_jacchus10,10,trailing number; base 'Callithrix jacchus' seen in 364 files,4,DeCasien_Higham_2019/41559_2019_969_MOESM3_ESM.xlsx; ____Brain_structure_volumes/41559_2019_969_MOESM3_ESM.xlsx; ____Sensory_audiovisual/_incoming_Bath_archive_20260814/EXAMPLE ORGANIZATION/DeCasien Higham 2019/41559_2019_969_MOESM3_ESM.xlsx; ____Sensory_audiovisual/_incoming_Bath_archive_20260814/EXAMPLE ORGANIZATION/DeCasien etal 2017/41559_2017_BFs415590170112_MOESM250_ESM.xls
B_number,Callithrix_jacchus11,11,trailing number; base 'Callithrix jacchus' seen in 364 files,4,DeCasien_Higham_2019/41559_2019_969_MOESM3_ESM.xlsx; ____Brain_structure_volumes/41559_2019_969_MOESM3_ESM.xlsx; ____Sensory_audiovisual/_incoming_Bath_archive_20260814/EXAMPLE ORGANIZATION/DeCasien Higham 2019/41559_2019_969_MOESM3_ESM.xlsx; ____Sensory_audiovisual/_incoming_Bath_archive_20260814/EXAMPLE ORGANIZATION/DeCasien etal 2017/41559_2017_BFs415590170112_MOESM250_ESM.xls
B_number,Callithrix_jacchus12,12,trailing number; base 'Callithrix jacchus' seen in 364 files,4,DeCasien_Higham_2019/41559_2019_969_MOESM3_ESM.xlsx; ____Brain_structure_volumes/41559_2019_969_MOESM3_ESM.xlsx; ____Sensory_audiovisual/_incoming_Bath_archive_20260814/EXAMPLE ORGANIZATION/DeCasien Higham 2019/41559_2019_969_MOESM3_ESM.xlsx; ____Sensory_audiovisual/_incoming_Bath_archive_20260814/EXAMPLE ORGANIZATION/DeCasien etal 2017/41559_2017_BFs415590170112_MOESM250_ESM.xls
B_number,Callithrix_jacchus3,3,trailing number; base 'Callithrix jacchus' seen in 364 files,4,DeCasien_Higham_2019/41559_2019_969_MOESM3_ESM.xlsx; ____Brain_structure_volumes/41559_2019_969_MOESM3_ESM.xlsx; ____Sensory_audiovisual/_incoming_Bath_archive_20260814/EXAMPLE ORGANIZATION/DeCasien Higham 2019/41559_2019_969_MOESM3_ESM.xlsx; ____Sensory_audiovisual/_incoming_Bath_archive_20260814/EXAMPLE ORGANIZATION/DeCasien etal 2017/41559_2017_BFs415590170112_MOESM250_ESM.xls
B_number,Callithrix_jacchus5,5,trailing number; base 'Callithrix jacchus' seen in 364 files,4,DeCasien_Higham_2019/41559_2019_969_MOESM3_ESM.xlsx; ____Brain_structure_volumes/41559_2019_969_MOESM3_ESM.xlsx; ____Sensory_audiovisual/_incoming_Bath_archive_20260814/EXAMPLE ORGANIZATION/DeCasien Higham 2019/41559_2019_969_MOESM3_ESM.xlsx; ____Sensory_audiovisual/_incoming_Bath_archive_20260814/EXAMPLE ORGANIZATION/DeCasien etal 2017/41559_2017_BFs415590170112_MOESM250_ESM.xls
B_number,Callithrix_jacchus6,6,trailing number; base 'Callithrix jacchus' seen in 364 files,4,DeCasien_Higham_2019/41559_2019_969_MOESM3_ESM.xlsx; ____Brain_structure_volumes/41559_2019_969_MOESM3_ESM.xlsx; ____Sensory_audiovisual/_incoming_Bath_archive_20260814/EXAMPLE ORGANIZATION/DeCasien Higham 2019/41559_2019_969_MOESM3_ESM.xlsx; ____Sensory_audiovisual/_incoming_Bath_archive_20260814/EXAMPLE ORGANIZATION/DeCasien etal 2017/41559_2017_BFs415590170112_MOESM250_ESM.xls
B_number,Callithrix_jacchus7,7,trailing number; base 'Callithrix jacchus' seen in 364 files,4,DeCasien_Higham_2019/41559_2019_969_MOESM3_ESM.xlsx; ____Brain_structure_volumes/41559_2019_969_MOESM3_ESM.xlsx; ____Sensory_audiovisual/_incoming_Bath_archive_20260814/EXAMPLE ORGANIZATION/DeCasien Higham 2019/41559_2019_969_MOESM3_ESM.xlsx; ____Sensory_audiovisual/_incoming_Bath_archive_20260814/EXAMPLE ORGANIZATION/DeCasien etal 2017/41559_2017_BFs415590170112_MOESM250_ESM.xls
B_number,Callithrix_jacchus8,8,trailing number; base 'Callithrix jacchus' seen in 364 files,4,DeCasien_Higham_2019/41559_2019_969_MOESM3_ESM.xlsx; ____Brain_structure_volumes/41559_2019_969_MOESM3_ESM.xlsx; ____Sensory_audiovisual/_incoming_Bath_archive_20260814/EXAMPLE ORGANIZATION/DeCasien Higham 2019/41559_2019_969_MOESM3_ESM.xlsx; ____Sensory_audiovisual/_incoming_Bath_archive_20260814/EXAMPLE ORGANIZATION/DeCasien etal 2017/41559_2017_BFs415590170112_MOESM250_ESM.xls
B_number,Callithrix_pygmaea3,3,trailing number; base 'Callithrix pygmaea' seen in 142 files,4,DeCasien_Higham_2019/41559_2019_969_MOESM3_ESM.xlsx; ____Brain_structure_volumes/41559_2019_969_MOESM3_ESM.xlsx; ____Sensory_audiovisual/_incoming_Bath_archive_20260814/EXAMPLE ORGANIZATION/DeCasien Higham 2019/41559_2019_969_MOESM3_ESM.xlsx; ____Sensory_audiovisual/_incoming_Bath_archive_20260814/EXAMPLE ORGANIZATION/DeCasien etal 2017/41559_2017_BFs415590170112_MOESM250_ESM.xls
B_number,Callithrix_pygmaea4,4,trailing number; base 'Callithrix pygmaea' seen in 142 files,4,DeCasien_Higham_2019/41559_2019_969_MOESM3_ESM.xlsx; ____Brain_structure_volumes/41559_2019_969_MOESM3_ESM.xlsx; ____Sensory_audiovisual/_incoming_Bath_archive_20260814/EXAMPLE ORGANIZATION/DeCasien Higham 2019/41559_2019_969_MOESM3_ESM.xlsx; ____Sensory_audiovisual/_incoming_Bath_archive_20260814/EXAMPLE ORGANIZATION/DeCasien etal 2017/41559_2017_BFs415590170112_MOESM250_ESM.xls
B_number,Callithrix_pygmaea5,5,trailing number; base 'Callithrix pygmaea' seen in 142 files,4,DeCasien_Higham_2019/41559_2019_969_MOESM3_ESM.xlsx; ____Brain_structure_volumes/41559_2019_969_MOESM3_ESM.xlsx; ____Sensory_audiovisual/_incoming_Bath_archive_20260814/EXAMPLE ORGANIZATION/DeCasien Higham 2019/41559_2019_969_MOESM3_ESM.xlsx; ____Sensory_audiovisual/_incoming_Bath_archive_20260814/EXAMPLE ORGANIZATION/DeCasien etal 2017/41559_2017_BFs415590170112_MOESM250_ESM.xls
B_number,Callithrix_pygmaea6,6,trailing number; base 'Callithrix pygmaea' seen in 142 files,4,DeCasien_Higham_2019/41559_2019_969_MOESM3_ESM.xlsx; ____Brain_structure_volumes/41559_2019_969_MOESM3_ESM.xlsx; ____Sensory_audiovisual/_incoming_Bath_archive_20260814/EXAMPLE ORGANIZATION/DeCasien Higham 2019/41559_2019_969_MOESM3_ESM.xlsx; ____Sensory_audiovisual/_incoming_Bath_archive_20260814/EXAMPLE ORGANIZATION/DeCasien etal 2017/41559_2017_BFs415590170112_MOESM250_ESM.xls
B_number,Callithrix_pygmaea7,7,trailing number; base 'Callithrix pygmaea' seen in 142 files,4,DeCasien_Higham_2019/41559_2019_969_MOESM3_ESM.xlsx; ____Brain_structure_volumes/41559_2019_969_MOESM3_ESM.xlsx; ____Sensory_audiovisual/_incoming_Bath_archive_20260814/EXAMPLE ORGANIZATION/DeCasien Higham 2019/41559_2019_969_MOESM3_ESM.xlsx; ____Sensory_audiovisual/_incoming_Bath_archive_20260814/EXAMPLE ORGANIZATION/DeCasien etal 2017/41559_2017_BFs415590170112_MOESM250_ESM.xls
B_number,Callithrix_pygmaea8,8,trailing number; base 'Callithrix pygmaea' seen in 142 files,4,DeCasien_Higham_2019/41559_2019_969_MOESM3_ESM.xlsx; ____Brain_structure_volumes/41559_2019_969_MOESM3_ESM.xlsx; ____Sensory_audiovisual/_incoming_Bath_archive_20260814/EXAMPLE ORGANIZATION/DeCasien Higham 2019/41559_2019_969_MOESM3_ESM.xlsx; ____Sensory_audiovisual/_incoming_Bath_archive_20260814/EXAMPLE ORGANIZATION/DeCasien etal 2017/41559_2017_BFs415590170112_MOESM250_ESM.xls
C_symbol,Capra_hircus_domestica*,*,symbol/superscript marker,5,Lewitus_etal_2014/Lewitus_etal_2014_TableS1.csv; Lewitus_etal_2014/Lewitus_etal_2014_TableS1_snapshot.xlsx; Lewitus_etal_2014/pbio.1002000.s013.xlsx; __Public/comparative-data/10.1371%2Fjournal.pbio.1002000_TableS1.tsv; ____EvoM1_TraitTable/glia_gyrification.xlsx
B_number,Cebus albifrons 1200,1200,trailing number; base 'Cebus albifrons' seen in 212 files,3,Smaers_etal_2011/000323671_sm_suppltables.xlsx; Smaers_etal_2011/Smaers_etal_2011_SupplementaryTable1_snapshot.csv; Smaers_etal_2011/Smaers_etal_2011_SupplementaryTable2_snapshot.csv
C_symbol,Cebus sp. 1 LH§ RH coronal ‡,§‡,symbol/superscript marker,1,MacLeod_etal_2003/MacLeod_etal_2003_Table2_snapshot.csv
B_number,Cebus sp. 5,5,trailing number; base 'Cebus sp.' seen in 103 files,2,MacLeod_etal_2003/MacLeod_etal_2003_Table2.csv; __Public/comparative-data/10.1016%2Fs0047-2484(03)00028-9_Table2.tsv
C_symbol,Cebus sp. 5 ‡,‡,symbol/superscript marker,1,MacLeod_etal_2003/MacLeod_etal_2003_Table2_snapshot.csv
B_number,Cebus_albifrons15,15,trailing number; base 'Cebus albifrons' seen in 212 files,4,DeCasien_Higham_2019/41559_2019_969_MOESM3_ESM.xlsx; ____Brain_structure_volumes/41559_2019_969_MOESM3_ESM.xlsx; ____Sensory_audiovisual/_incoming_Bath_archive_20260814/EXAMPLE ORGANIZATION/DeCasien Higham 2019/41559_2019_969_MOESM3_ESM.xlsx; ____Sensory_audiovisual/_incoming_Bath_archive_20260814/EXAMPLE ORGANIZATION/DeCasien etal 2017/41559_2017_BFs415590170112_MOESM250_ESM.xls
B_number,Cebus_albifrons20,20,trailing number; base 'Cebus albifrons' seen in 212 files,4,DeCasien_Higham_2019/41559_2019_969_MOESM3_ESM.xlsx; ____Brain_structure_volumes/41559_2019_969_MOESM3_ESM.xlsx; ____Sensory_audiovisual/_incoming_Bath_archive_20260814/EXAMPLE ORGANIZATION/DeCasien Higham 2019/41559_2019_969_MOESM3_ESM.xlsx; ____Sensory_audiovisual/_incoming_Bath_archive_20260814/EXAMPLE ORGANIZATION/DeCasien etal 2017/41559_2017_BFs415590170112_MOESM250_ESM.xls
B_number,Cebus_albifrons35,35,trailing number; base 'Cebus albifrons' seen in 212 files,4,DeCasien_Higham_2019/41559_2019_969_MOESM3_ESM.xlsx; ____Brain_structure_volumes/41559_2019_969_MOESM3_ESM.xlsx; ____Sensory_audiovisual/_incoming_Bath_archive_20260814/EXAMPLE ORGANIZATION/DeCasien Higham 2019/41559_2019_969_MOESM3_ESM.xlsx; ____Sensory_audiovisual/_incoming_Bath_archive_20260814/EXAMPLE ORGANIZATION/DeCasien etal 2017/41559_2017_BFs415590170112_MOESM250_ESM.xls
B_number,Cebus_apella10,10,trailing number; base 'Cebus apella' seen in 146 files,4,DeCasien_Higham_2019/41559_2019_969_MOESM3_ESM.xlsx; ____Brain_structure_volumes/41559_2019_969_MOESM3_ESM.xlsx; ____Sensory_audiovisual/_incoming_Bath_archive_20260814/EXAMPLE ORGANIZATION/DeCasien Higham 2019/41559_2019_969_MOESM3_ESM.xlsx; ____Sensory_audiovisual/_incoming_Bath_archive_20260814/EXAMPLE ORGANIZATION/DeCasien etal 2017/41559_2017_BFs415590170112_MOESM250_ESM.xls
B_number,Cebus_apella11,11,trailing number; base 'Cebus apella' seen in 146 files,4,DeCasien_Higham_2019/41559_2019_969_MOESM3_ESM.xlsx; ____Brain_structure_volumes/41559_2019_969_MOESM3_ESM.xlsx; ____Sensory_audiovisual/_incoming_Bath_archive_20260814/EXAMPLE ORGANIZATION/DeCasien Higham 2019/41559_2019_969_MOESM3_ESM.xlsx; ____Sensory_audiovisual/_incoming_Bath_archive_20260814/EXAMPLE ORGANIZATION/DeCasien etal 2017/41559_2017_BFs415590170112_MOESM250_ESM.xls
B_number,Cebus_apella16,16,trailing number; base 'Cebus apella' seen in 146 files,4,DeCasien_Higham_2019/41559_2019_969_MOESM3_ESM.xlsx; ____Brain_structure_volumes/41559_2019_969_MOESM3_ESM.xlsx; ____Sensory_audiovisual/_incoming_Bath_archive_20260814/EXAMPLE ORGANIZATION/DeCasien Higham 2019/41559_2019_969_MOESM3_ESM.xlsx; ____Sensory_audiovisual/_incoming_Bath_archive_20260814/EXAMPLE ORGANIZATION/DeCasien etal 2017/41559_2017_BFs415590170112_MOESM250_ESM.xls
B_number,Cebus_apella7,7,trailing number; base 'Cebus apella' seen in 146 files,4,DeCasien_Higham_2019/41559_2019_969_MOESM3_ESM.xlsx; ____Brain_structure_volumes/41559_2019_969_MOESM3_ESM.xlsx; ____Sensory_audiovisual/_incoming_Bath_archive_20260814/EXAMPLE ORGANIZATION/DeCasien Higham 2019/41559_2019_969_MOESM3_ESM.xlsx; ____Sensory_audiovisual/_incoming_Bath_archive_20260814/EXAMPLE ORGANIZATION/DeCasien etal 2017/41559_2017_BFs415590170112_MOESM250_ESM.xls
B_number,Cebus_capucinus10,10,trailing number; base 'Cebus capucinus' seen in 105 files,4,DeCasien_Higham_2019/41559_2019_969_MOESM3_ESM.xlsx; ____Brain_structure_volumes/41559_2019_969_MOESM3_ESM.xlsx; ____Sensory_audiovisual/_incoming_Bath_archive_20260814/EXAMPLE ORGANIZATION/DeCasien Higham 2019/41559_2019_969_MOESM3_ESM.xlsx; ____Sensory_audiovisual/_incoming_Bath_archive_20260814/EXAMPLE ORGANIZATION/DeCasien etal 2017/41559_2017_BFs415590170112_MOESM250_ESM.xls
B_number,Cebus_capucinus13,13,trailing number; base 'Cebus capucinus' seen in 105 files,4,DeCasien_Higham_2019/41559_2019_969_MOESM3_ESM.xlsx; ____Brain_structure_volumes/41559_2019_969_MOESM3_ESM.xlsx; ____Sensory_audiovisual/_incoming_Bath_archive_20260814/EXAMPLE ORGANIZATION/DeCasien Higham 2019/41559_2019_969_MOESM3_ESM.xlsx; ____Sensory_audiovisual/_incoming_Bath_archive_20260814/EXAMPLE ORGANIZATION/DeCasien etal 2017/41559_2017_BFs415590170112_MOESM250_ESM.xls
B_number,Cebus_capucinus15,15,trailing number; base 'Cebus capucinus' seen in 105 files,4,DeCasien_Higham_2019/41559_2019_969_MOESM3_ESM.xlsx; ____Brain_structure_volumes/41559_2019_969_MOESM3_ESM.xlsx; ____Sensory_audiovisual/_incoming_Bath_archive_20260814/EXAMPLE ORGANIZATION/DeCasien Higham 2019/41559_2019_969_MOESM3_ESM.xlsx; ____Sensory_audiovisual/_incoming_Bath_archive_20260814/EXAMPLE ORGANIZATION/DeCasien etal 2017/41559_2017_BFs415590170112_MOESM250_ESM.xls
B_number,Cebus_capucinus16,16,trailing number; base 'Cebus capucinus' seen in 105 files,4,DeCasien_Higham_2019/41559_2019_969_MOESM3_ESM.xlsx; ____Brain_structure_volumes/41559_2019_969_MOESM3_ESM.xlsx; ____Sensory_audiovisual/_incoming_Bath_archive_20260814/EXAMPLE ORGANIZATION/DeCasien Higham 2019/41559_2019_969_MOESM3_ESM.xlsx; ____Sensory_audiovisual/_incoming_Bath_archive_20260814/EXAMPLE ORGANIZATION/DeCasien etal 2017/41559_2017_BFs415590170112_MOESM250_ESM.xls
B_number,Cebus_capucinus17,17,trailing number; base 'Cebus capucinus' seen in 105 files,4,DeCasien_Higham_2019/41559_2019_969_MOESM3_ESM.xlsx; ____Brain_structure_volumes/41559_2019_969_MOESM3_ESM.xlsx; ____Sensory_audiovisual/_incoming_Bath_archive_20260814/EXAMPLE ORGANIZATION/DeCasien Higham 2019/41559_2019_969_MOESM3_ESM.xlsx; ____Sensory_audiovisual/_incoming_Bath_archive_20260814/EXAMPLE ORGANIZATION/DeCasien etal 2017/41559_2017_BFs415590170112_MOESM250_ESM.xls
B_number,Cebus_capucinus20,20,trailing number; base 'Cebus capucinus' seen in 105 files,4,DeCasien_Higham_2019/41559_2019_969_MOESM3_ESM.xlsx; ____Brain_structure_volumes/41559_2019_969_MOESM3_ESM.xlsx; ____Sensory_audiovisual/_incoming_Bath_archive_20260814/EXAMPLE ORGANIZATION/DeCasien Higham 2019/41559_2019_969_MOESM3_ESM.xlsx; ____Sensory_audiovisual/_incoming_Bath_archive_20260814/EXAMPLE ORGANIZATION/DeCasien etal 2017/41559_2017_BFs415590170112_MOESM250_ESM.xls
B_number,Cebus_capucinus21,21,trailing number; base 'Cebus capucinus' seen in 105 files,4,DeCasien_Higham_2019/41559_2019_969_MOESM3_ESM.xlsx; ____Brain_structure_volumes/41559_2019_969_MOESM3_ESM.xlsx; ____Sensory_audiovisual/_incoming_Bath_archive_20260814/EXAMPLE ORGANIZATION/DeCasien Higham 2019/41559_2019_969_MOESM3_ESM.xlsx; ____Sensory_audiovisual/_incoming_Bath_archive_20260814/EXAMPLE ORGANIZATION/DeCasien etal 2017/41559_2017_BFs415590170112_MOESM250_ESM.xls
B_number,Cebus_capucinus26,26,trailing number; base 'Cebus capucinus' seen in 105 files,4,DeCasien_Higham_2019/41559_2019_969_MOESM3_ESM.xlsx; ____Brain_structure_volumes/41559_2019_969_MOESM3_ESM.xlsx; ____Sensory_audiovisual/_incoming_Bath_archive_20260814/EXAMPLE ORGANIZATION/DeCasien Higham 2019/41559_2019_969_MOESM3_ESM.xlsx; ____Sensory_audiovisual/_incoming_Bath_archive_20260814/EXAMPLE ORGANIZATION/DeCasien etal 2017/41559_2017_BFs415590170112_MOESM250_ESM.xls
B_number,Cebus_capucinus27,27,trailing number; base 'Cebus capucinus' seen in 105 files,4,DeCasien_Higham_2019/41559_2019_969_MOESM3_ESM.xlsx; ____Brain_structure_volumes/41559_2019_969_MOESM3_ESM.xlsx; ____Sensory_audiovisual/_incoming_Bath_archive_20260814/EXAMPLE ORGANIZATION/DeCasien Higham 2019/41559_2019_969_MOESM3_ESM.xlsx; ____Sensory_audiovisual/_incoming_Bath_archive_20260814/EXAMPLE ORGANIZATION/DeCasien etal 2017/41559_2017_BFs415590170112_MOESM250_ESM.xls
B_number,Cebus_capucinus30,30,trailing number; base 'Cebus capucinus' seen in 105 files,4,DeCasien_Higham_2019/41559_2019_969_MOESM3_ESM.xlsx; ____Brain_structure_volumes/41559_2019_969_MOESM3_ESM.xlsx; ____Sensory_audiovisual/_incoming_Bath_archive_20260814/EXAMPLE ORGANIZATION/DeCasien Higham 2019/41559_2019_969_MOESM3_ESM.xlsx; ____Sensory_audiovisual/_incoming_Bath_archive_20260814/EXAMPLE ORGANIZATION/DeCasien etal 2017/41559_2017_BFs415590170112_MOESM250_ESM.xls
B_number,Cebus_capucinus31,31,trailing number; base 'Cebus capucinus' seen in 105 files,4,DeCasien_Higham_2019/41559_2019_969_MOESM3_ESM.xlsx; ____Brain_structure_volumes/41559_2019_969_MOESM3_ESM.xlsx; ____Sensory_audiovisual/_incoming_Bath_archive_20260814/EXAMPLE ORGANIZATION/DeCasien Higham 2019/41559_2019_969_MOESM3_ESM.xlsx; ____Sensory_audiovisual/_incoming_Bath_archive_20260814/EXAMPLE ORGANIZATION/DeCasien etal 2017/41559_2017_BFs415590170112_MOESM250_ESM.xls
B_number,Cebus_capucinus5,5,trailing number; base 'Cebus capucinus' seen in 105 files,4,DeCasien_Higham_2019/41559_2019_969_MOESM3_ESM.xlsx; ____Brain_structure_volumes/41559_2019_969_MOESM3_ESM.xlsx; ____Sensory_audiovisual/_incoming_Bath_archive_20260814/EXAMPLE ORGANIZATION/DeCasien Higham 2019/41559_2019_969_MOESM3_ESM.xlsx; ____Sensory_audiovisual/_incoming_Bath_archive_20260814/EXAMPLE ORGANIZATION/DeCasien etal 2017/41559_2017_BFs415590170112_MOESM250_ESM.xls
B_number,Cebus_capucinus6,6,trailing number; base 'Cebus capucinus' seen in 105 files,4,DeCasien_Higham_2019/41559_2019_969_MOESM3_ESM.xlsx; ____Brain_structure_volumes/41559_2019_969_MOESM3_ESM.xlsx; ____Sensory_audiovisual/_incoming_Bath_archive_20260814/EXAMPLE ORGANIZATION/DeCasien Higham 2019/41559_2019_969_MOESM3_ESM.xlsx; ____Sensory_audiovisual/_incoming_Bath_archive_20260814/EXAMPLE ORGANIZATION/DeCasien etal 2017/41559_2017_BFs415590170112_MOESM250_ESM.xls
B_number,Cebus_capucinus8,8,trailing number; base 'Cebus capucinus' seen in 105 files,4,DeCasien_Higham_2019/41559_2019_969_MOESM3_ESM.xlsx; ____Brain_structure_volumes/41559_2019_969_MOESM3_ESM.xlsx; ____Sensory_audiovisual/_incoming_Bath_archive_20260814/EXAMPLE ORGANIZATION/DeCasien Higham 2019/41559_2019_969_MOESM3_ESM.xlsx; ____Sensory_audiovisual/_incoming_Bath_archive_20260814/EXAMPLE ORGANIZATION/DeCasien etal 2017/41559_2017_BFs415590170112_MOESM250_ESM.xls
B_number,Cebus_capucinus9,9,trailing number; base 'Cebus capucinus' seen in 105 files,4,DeCasien_Higham_2019/41559_2019_969_MOESM3_ESM.xlsx; ____Brain_structure_volumes/41559_2019_969_MOESM3_ESM.xlsx; ____Sensory_audiovisual/_incoming_Bath_archive_20260814/EXAMPLE ORGANIZATION/DeCasien Higham 2019/41559_2019_969_MOESM3_ESM.xlsx; ____Sensory_audiovisual/_incoming_Bath_archive_20260814/EXAMPLE ORGANIZATION/DeCasien etal 2017/41559_2017_BFs415590170112_MOESM250_ESM.xls
B_number,Cebus_olivaceus20,20,trailing number; base 'Cebus olivaceus' seen in 59 files,4,DeCasien_Higham_2019/41559_2019_969_MOESM3_ESM.xlsx; ____Brain_structure_volumes/41559_2019_969_MOESM3_ESM.xlsx; ____Sensory_audiovisual/_incoming_Bath_archive_20260814/EXAMPLE ORGANIZATION/DeCasien Higham 2019/41559_2019_969_MOESM3_ESM.xlsx; ____Sensory_audiovisual/_incoming_Bath_archive_20260814/EXAMPLE ORGANIZATION/DeCasien etal 2017/41559_2017_BFs415590170112_MOESM250_ESM.xls
B_number,Cebus_olivaceus33,33,trailing number; base 'Cebus olivaceus' seen in 59 files,4,DeCasien_Higham_2019/41559_2019_969_MOESM3_ESM.xlsx; ____Brain_structure_volumes/41559_2019_969_MOESM3_ESM.xlsx; ____Sensory_audiovisual/_incoming_Bath_archive_20260814/EXAMPLE ORGANIZATION/DeCasien Higham 2019/41559_2019_969_MOESM3_ESM.xlsx; ____Sensory_audiovisual/_incoming_Bath_archive_20260814/EXAMPLE ORGANIZATION/DeCasien etal 2017/41559_2017_BFs415590170112_MOESM250_ESM.xls
E_ocr,Cercocebus alb1gena,,possible OCR corruption,1,Matano_etal_1985_a/Matano-1985-Volume comparisons i 2.xlsx
B_number,Cercocebus albigena 242,242,trailing number; base 'Cercocebus albigena' seen in 115 files,3,Smaers_etal_2011/000323671_sm_suppltables.xlsx; Smaers_etal_2011/Smaers_etal_2011_SupplementaryTable1_snapshot.csv; Smaers_etal_2011/Smaers_etal_2011_SupplementaryTable2_snapshot.csv
B_number,Cercocebus_agilis15,15,trailing number; base 'Cercocebus agilis' seen in 119 files,4,DeCasien_Higham_2019/41559_2019_969_MOESM3_ESM.xlsx; ____Brain_structure_volumes/41559_2019_969_MOESM3_ESM.xlsx; ____Sensory_audiovisual/_incoming_Bath_archive_20260814/EXAMPLE ORGANIZATION/DeCasien Higham 2019/41559_2019_969_MOESM3_ESM.xlsx; ____Sensory_audiovisual/_incoming_Bath_archive_20260814/EXAMPLE ORGANIZATION/DeCasien etal 2017/41559_2017_BFs415590170112_MOESM250_ESM.xls
B_number,Cercocebus_galeritus19,19,trailing number; base 'Cercocebus galeritus' seen in 44 files,4,DeCasien_Higham_2019/41559_2019_969_MOESM3_ESM.xlsx; ____Brain_structure_volumes/41559_2019_969_MOESM3_ESM.xlsx; ____Sensory_audiovisual/_incoming_Bath_archive_20260814/EXAMPLE ORGANIZATION/DeCasien Higham 2019/41559_2019_969_MOESM3_ESM.xlsx; ____Sensory_audiovisual/_incoming_Bath_archive_20260814/EXAMPLE ORGANIZATION/DeCasien etal 2017/41559_2017_BFs415590170112_MOESM250_ESM.xls
B_number,Cercocebus_galeritus26,26,trailing number; base 'Cercocebus galeritus' seen in 44 files,4,DeCasien_Higham_2019/41559_2019_969_MOESM3_ESM.xlsx; ____Brain_structure_volumes/41559_2019_969_MOESM3_ESM.xlsx; ____Sensory_audiovisual/_incoming_Bath_archive_20260814/EXAMPLE ORGANIZATION/DeCasien Higham 2019/41559_2019_969_MOESM3_ESM.xlsx; ____Sensory_audiovisual/_incoming_Bath_archive_20260814/EXAMPLE ORGANIZATION/DeCasien etal 2017/41559_2017_BFs415590170112_MOESM250_ESM.xls
B_number,Cercocebus_galeritus27,27,trailing number; base 'Cercocebus galeritus' seen in 44 files,4,DeCasien_Higham_2019/41559_2019_969_MOESM3_ESM.xlsx; ____Brain_structure_volumes/41559_2019_969_MOESM3_ESM.xlsx; ____Sensory_audiovisual/_incoming_Bath_archive_20260814/EXAMPLE ORGANIZATION/DeCasien Higham 2019/41559_2019_969_MOESM3_ESM.xlsx; ____Sensory_audiovisual/_incoming_Bath_archive_20260814/EXAMPLE ORGANIZATION/DeCasien etal 2017/41559_2017_BFs415590170112_MOESM250_ESM.xls
B_number,Cercocebus_torquatus35,35,trailing number; base 'Cercocebus torquatus' seen in 120 files,4,DeCasien_Higham_2019/41559_2019_969_MOESM3_ESM.xlsx; ____Brain_structure_volumes/41559_2019_969_MOESM3_ESM.xlsx; ____Sensory_audiovisual/_incoming_Bath_archive_20260814/EXAMPLE ORGANIZATION/DeCasien Higham 2019/41559_2019_969_MOESM3_ESM.xlsx; ____Sensory_audiovisual/_incoming_Bath_archive_20260814/EXAMPLE ORGANIZATION/DeCasien etal 2017/41559_2017_BFs415590170112_MOESM250_ESM.xls
B_number,Cercocebus_torquatus37,37,trailing number; base 'Cercocebus torquatus' seen in 120 files,4,DeCasien_Higham_2019/41559_2019_969_MOESM3_ESM.xlsx; ____Brain_structure_volumes/41559_2019_969_MOESM3_ESM.xlsx; ____Sensory_audiovisual/_incoming_Bath_archive_20260814/EXAMPLE ORGANIZATION/DeCasien Higham 2019/41559_2019_969_MOESM3_ESM.xlsx; ____Sensory_audiovisual/_incoming_Bath_archive_20260814/EXAMPLE ORGANIZATION/DeCasien etal 2017/41559_2017_BFs415590170112_MOESM250_ESM.xls
B_number,Cercocebus_torquatus_atys95,95,trailing number; base 'Cercocebus torquatus atys' seen in 26 files,4,DeCasien_Higham_2019/41559_2019_969_MOESM3_ESM.xlsx; ____Brain_structure_volumes/41559_2019_969_MOESM3_ESM.xlsx; ____Sensory_audiovisual/_incoming_Bath_archive_20260814/EXAMPLE ORGANIZATION/DeCasien Higham 2019/41559_2019_969_MOESM3_ESM.xlsx; ____Sensory_audiovisual/_incoming_Bath_archive_20260814/EXAMPLE ORGANIZATION/DeCasien etal 2017/41559_2017_BFs415590170112_MOESM250_ESM.xls
B_number,Cercopithecus ascianus 219,219,trailing number; base 'Cercopithecus ascianus' seen in 14 files,3,Smaers_etal_2011/000323671_sm_suppltables.xlsx; Smaers_etal_2011/Smaers_etal_2011_SupplementaryTable1_snapshot.csv; Smaers_etal_2011/Smaers_etal_2011_SupplementaryTable2_snapshot.csv
B_number,Cercopithecus mitis 261,261,trailing number; base 'Cercopithecus mitis' seen in 243 files,3,Smaers_etal_2011/000323671_sm_suppltables.xlsx; Smaers_etal_2011/Smaers_etal_2011_SupplementaryTable1_snapshot.csv; Smaers_etal_2011/Smaers_etal_2011_SupplementaryTable2_snapshot.csv
C_symbol,Cercopithecus sp. (CER) ‡,‡,symbol/superscript marker,1,MacLeod_etal_2003/MacLeod_etal_2003_Table2_snapshot.csv
C_symbol,Cercopithecus sp. (S) ‡,‡,symbol/superscript marker,1,MacLeod_etal_2003/MacLeod_etal_2003_Table2_snapshot.csv
B_number,Cercopithecus_ascanius14,14,trailing number; base 'Cercopithecus ascanius' seen in 242 files,4,DeCasien_Higham_2019/41559_2019_969_MOESM3_ESM.xlsx; ____Brain_structure_volumes/41559_2019_969_MOESM3_ESM.xlsx; ____Sensory_audiovisual/_incoming_Bath_archive_20260814/EXAMPLE ORGANIZATION/DeCasien Higham 2019/41559_2019_969_MOESM3_ESM.xlsx; ____Sensory_audiovisual/_incoming_Bath_archive_20260814/EXAMPLE ORGANIZATION/DeCasien etal 2017/41559_2017_BFs415590170112_MOESM250_ESM.xls
B_number,Cercopithecus_ascanius16,16,trailing number; base 'Cercopithecus ascanius' seen in 242 files,4,DeCasien_Higham_2019/41559_2019_969_MOESM3_ESM.xlsx; ____Brain_structure_volumes/41559_2019_969_MOESM3_ESM.xlsx; ____Sensory_audiovisual/_incoming_Bath_archive_20260814/EXAMPLE ORGANIZATION/DeCasien Higham 2019/41559_2019_969_MOESM3_ESM.xlsx; ____Sensory_audiovisual/_incoming_Bath_archive_20260814/EXAMPLE ORGANIZATION/DeCasien etal 2017/41559_2017_BFs415590170112_MOESM250_ESM.xls
B_number,Cercopithecus_ascanius17,17,trailing number; base 'Cercopithecus ascanius' seen in 242 files,4,DeCasien_Higham_2019/41559_2019_969_MOESM3_ESM.xlsx; ____Brain_structure_volumes/41559_2019_969_MOESM3_ESM.xlsx; ____Sensory_audiovisual/_incoming_Bath_archive_20260814/EXAMPLE ORGANIZATION/DeCasien Higham 2019/41559_2019_969_MOESM3_ESM.xlsx; ____Sensory_audiovisual/_incoming_Bath_archive_20260814/EXAMPLE ORGANIZATION/DeCasien etal 2017/41559_2017_BFs415590170112_MOESM250_ESM.xls
B_number,Cercopithecus_ascanius20,20,trailing number; base 'Cercopithecus ascanius' seen in 242 files,4,DeCasien_Higham_2019/41559_2019_969_MOESM3_ESM.xlsx; ____Brain_structure_volumes/41559_2019_969_MOESM3_ESM.xlsx; ____Sensory_audiovisual/_incoming_Bath_archive_20260814/EXAMPLE ORGANIZATION/DeCasien Higham 2019/41559_2019_969_MOESM3_ESM.xlsx; ____Sensory_audiovisual/_incoming_Bath_archive_20260814/EXAMPLE ORGANIZATION/DeCasien etal 2017/41559_2017_BFs415590170112_MOESM250_ESM.xls
B_number,Cercopithecus_ascanius21,21,trailing number; base 'Cercopithecus ascanius' seen in 242 files,4,DeCasien_Higham_2019/41559_2019_969_MOESM3_ESM.xlsx; ____Brain_structure_volumes/41559_2019_969_MOESM3_ESM.xlsx; ____Sensory_audiovisual/_incoming_Bath_archive_20260814/EXAMPLE ORGANIZATION/DeCasien Higham 2019/41559_2019_969_MOESM3_ESM.xlsx; ____Sensory_audiovisual/_incoming_Bath_archive_20260814/EXAMPLE ORGANIZATION/DeCasien etal 2017/41559_2017_BFs415590170112_MOESM250_ESM.xls
B_number,Cercopithecus_ascanius22,22,trailing number; base 'Cercopithecus ascanius' seen in 242 files,4,DeCasien_Higham_2019/41559_2019_969_MOESM3_ESM.xlsx; ____Brain_structure_volumes/41559_2019_969_MOESM3_ESM.xlsx; ____Sensory_audiovisual/_incoming_Bath_archive_20260814/EXAMPLE ORGANIZATION/DeCasien Higham 2019/41559_2019_969_MOESM3_ESM.xlsx; ____Sensory_audiovisual/_incoming_Bath_archive_20260814/EXAMPLE ORGANIZATION/DeCasien etal 2017/41559_2017_BFs415590170112_MOESM250_ESM.xls
B_number,Cercopithecus_ascanius23,23,trailing number; base 'Cercopithecus ascanius' seen in 242 files,4,DeCasien_Higham_2019/41559_2019_969_MOESM3_ESM.xlsx; ____Brain_structure_volumes/41559_2019_969_MOESM3_ESM.xlsx; ____Sensory_audiovisual/_incoming_Bath_archive_20260814/EXAMPLE ORGANIZATION/DeCasien Higham 2019/41559_2019_969_MOESM3_ESM.xlsx; ____Sensory_audiovisual/_incoming_Bath_archive_20260814/EXAMPLE ORGANIZATION/DeCasien etal 2017/41559_2017_BFs415590170112_MOESM250_ESM.xls
B_number,Cercopithecus_ascanius24,24,trailing number; base 'Cercopithecus ascanius' seen in 242 files,4,DeCasien_Higham_2019/41559_2019_969_MOESM3_ESM.xlsx; ____Brain_structure_volumes/41559_2019_969_MOESM3_ESM.xlsx; ____Sensory_audiovisual/_incoming_Bath_archive_20260814/EXAMPLE ORGANIZATION/DeCasien Higham 2019/41559_2019_969_MOESM3_ESM.xlsx; ____Sensory_audiovisual/_incoming_Bath_archive_20260814/EXAMPLE ORGANIZATION/DeCasien etal 2017/41559_2017_BFs415590170112_MOESM250_ESM.xls
B_number,Cercopithecus_ascanius31,31,trailing number; base 'Cercopithecus ascanius' seen in 242 files,4,DeCasien_Higham_2019/41559_2019_969_MOESM3_ESM.xlsx; ____Brain_structure_volumes/41559_2019_969_MOESM3_ESM.xlsx; ____Sensory_audiovisual/_incoming_Bath_archive_20260814/EXAMPLE ORGANIZATION/DeCasien Higham 2019/41559_2019_969_MOESM3_ESM.xlsx; ____Sensory_audiovisual/_incoming_Bath_archive_20260814/EXAMPLE ORGANIZATION/DeCasien etal 2017/41559_2017_BFs415590170112_MOESM250_ESM.xls
B_number,Cercopithecus_ascanius33,33,trailing number; base 'Cercopithecus ascanius' seen in 242 files,4,DeCasien_Higham_2019/41559_2019_969_MOESM3_ESM.xlsx; ____Brain_structure_volumes/41559_2019_969_MOESM3_ESM.xlsx; ____Sensory_audiovisual/_incoming_Bath_archive_20260814/EXAMPLE ORGANIZATION/DeCasien Higham 2019/41559_2019_969_MOESM3_ESM.xlsx; ____Sensory_audiovisual/_incoming_Bath_archive_20260814/EXAMPLE ORGANIZATION/DeCasien etal 2017/41559_2017_BFs415590170112_MOESM250_ESM.xls
B_number,Cercopithecus_ascanius34,34,trailing number; base 'Cercopithecus ascanius' seen in 242 files,4,DeCasien_Higham_2019/41559_2019_969_MOESM3_ESM.xlsx; ____Brain_structure_volumes/41559_2019_969_MOESM3_ESM.xlsx; ____Sensory_audiovisual/_incoming_Bath_archive_20260814/EXAMPLE ORGANIZATION/DeCasien Higham 2019/41559_2019_969_MOESM3_ESM.xlsx; ____Sensory_audiovisual/_incoming_Bath_archive_20260814/EXAMPLE ORGANIZATION/DeCasien etal 2017/41559_2017_BFs415590170112_MOESM250_ESM.xls
B_number,Cercopithecus_ascanius35,35,trailing number; base 'Cercopithecus ascanius' seen in 242 files,4,DeCasien_Higham_2019/41559_2019_969_MOESM3_ESM.xlsx; ____Brain_structure_volumes/41559_2019_969_MOESM3_ESM.xlsx; ____Sensory_audiovisual/_incoming_Bath_archive_20260814/EXAMPLE ORGANIZATION/DeCasien Higham 2019/41559_2019_969_MOESM3_ESM.xlsx; ____Sensory_audiovisual/_incoming_Bath_archive_20260814/EXAMPLE ORGANIZATION/DeCasien etal 2017/41559_2017_BFs415590170112_MOESM250_ESM.xls
B_number,Cercopithecus_campbelli14,14,trailing number; base 'Cercopithecus campbelli' seen in 54 files,4,DeCasien_Higham_2019/41559_2019_969_MOESM3_ESM.xlsx; ____Brain_structure_volumes/41559_2019_969_MOESM3_ESM.xlsx; ____Sensory_audiovisual/_incoming_Bath_archive_20260814/EXAMPLE ORGANIZATION/DeCasien Higham 2019/41559_2019_969_MOESM3_ESM.xlsx; ____Sensory_audiovisual/_incoming_Bath_archive_20260814/EXAMPLE ORGANIZATION/DeCasien etal 2017/41559_2017_BFs415590170112_MOESM250_ESM.xls
B_number,Cercopithecus_campbelli5,5,trailing number; base 'Cercopithecus campbelli' seen in 54 files,4,DeCasien_Higham_2019/41559_2019_969_MOESM3_ESM.xlsx; ____Brain_structure_volumes/41559_2019_969_MOESM3_ESM.xlsx; ____Sensory_audiovisual/_incoming_Bath_archive_20260814/EXAMPLE ORGANIZATION/DeCasien Higham 2019/41559_2019_969_MOESM3_ESM.xlsx; ____Sensory_audiovisual/_incoming_Bath_archive_20260814/EXAMPLE ORGANIZATION/DeCasien etal 2017/41559_2017_BFs415590170112_MOESM250_ESM.xls
B_number,Cercopithecus_campbelli9,9,trailing number; base 'Cercopithecus campbelli' seen in 54 files,4,DeCasien_Higham_2019/41559_2019_969_MOESM3_ESM.xlsx; ____Brain_structure_volumes/41559_2019_969_MOESM3_ESM.xlsx; ____Sensory_audiovisual/_incoming_Bath_archive_20260814/EXAMPLE ORGANIZATION/DeCasien Higham 2019/41559_2019_969_MOESM3_ESM.xlsx; ____Sensory_audiovisual/_incoming_Bath_archive_20260814/EXAMPLE ORGANIZATION/DeCasien etal 2017/41559_2017_BFs415590170112_MOESM250_ESM.xls
B_number,Cercopithecus_cephus10,10,trailing number; base 'Cercopithecus cephus' seen in 53 files,4,DeCasien_Higham_2019/41559_2019_969_MOESM3_ESM.xlsx; ____Brain_structure_volumes/41559_2019_969_MOESM3_ESM.xlsx; ____Sensory_audiovisual/_incoming_Bath_archive_20260814/EXAMPLE ORGANIZATION/DeCasien Higham 2019/41559_2019_969_MOESM3_ESM.xlsx; ____Sensory_audiovisual/_incoming_Bath_archive_20260814/EXAMPLE ORGANIZATION/DeCasien etal 2017/41559_2017_BFs415590170112_MOESM250_ESM.xls
B_number,Cercopithecus_diana14,14,trailing number; base 'Cercopithecus diana' seen in 74 files,4,DeCasien_Higham_2019/41559_2019_969_MOESM3_ESM.xlsx; ____Brain_structure_volumes/41559_2019_969_MOESM3_ESM.xlsx; ____Sensory_audiovisual/_incoming_Bath_archive_20260814/EXAMPLE ORGANIZATION/DeCasien Higham 2019/41559_2019_969_MOESM3_ESM.xlsx; ____Sensory_audiovisual/_incoming_Bath_archive_20260814/EXAMPLE ORGANIZATION/DeCasien etal 2017/41559_2017_BFs415590170112_MOESM250_ESM.xls
B_number,Cercopithecus_diana20,20,trailing number; base 'Cercopithecus diana' seen in 74 files,4,DeCasien_Higham_2019/41559_2019_969_MOESM3_ESM.xlsx; ____Brain_structure_volumes/41559_2019_969_MOESM3_ESM.xlsx; ____Sensory_audiovisual/_incoming_Bath_archive_20260814/EXAMPLE ORGANIZATION/DeCasien Higham 2019/41559_2019_969_MOESM3_ESM.xlsx; ____Sensory_audiovisual/_incoming_Bath_archive_20260814/EXAMPLE ORGANIZATION/DeCasien etal 2017/41559_2017_BFs415590170112_MOESM250_ESM.xls
B_number,Cercopithecus_diana35,35,trailing number; base 'Cercopithecus diana' seen in 74 files,4,DeCasien_Higham_2019/41559_2019_969_MOESM3_ESM.xlsx; ____Brain_structure_volumes/41559_2019_969_MOESM3_ESM.xlsx; ____Sensory_audiovisual/_incoming_Bath_archive_20260814/EXAMPLE ORGANIZATION/DeCasien Higham 2019/41559_2019_969_MOESM3_ESM.xlsx; ____Sensory_audiovisual/_incoming_Bath_archive_20260814/EXAMPLE ORGANIZATION/DeCasien etal 2017/41559_2017_BFs415590170112_MOESM250_ESM.xls
B_number,Cercopithecus_diana5,5,trailing number; base 'Cercopithecus diana' seen in 74 files,4,DeCasien_Higham_2019/41559_2019_969_MOESM3_ESM.xlsx; ____Brain_structure_volumes/41559_2019_969_MOESM3_ESM.xlsx; ____Sensory_audiovisual/_incoming_Bath_archive_20260814/EXAMPLE ORGANIZATION/DeCasien Higham 2019/41559_2019_969_MOESM3_ESM.xlsx; ____Sensory_audiovisual/_incoming_Bath_archive_20260814/EXAMPLE ORGANIZATION/DeCasien etal 2017/41559_2017_BFs415590170112_MOESM250_ESM.xls
B_number,Cercopithecus_erythrogaster30,30,trailing number; base 'Cercopithecus erythrogaster' seen in 27 files,4,DeCasien_Higham_2019/41559_2019_969_MOESM3_ESM.xlsx; ____Brain_structure_volumes/41559_2019_969_MOESM3_ESM.xlsx; ____Sensory_audiovisual/_incoming_Bath_archive_20260814/EXAMPLE ORGANIZATION/DeCasien Higham 2019/41559_2019_969_MOESM3_ESM.xlsx; ____Sensory_audiovisual/_incoming_Bath_archive_20260814/EXAMPLE ORGANIZATION/DeCasien etal 2017/41559_2017_BFs415590170112_MOESM250_ESM.xls
B_number,Cercopithecus_hamlyni10,10,trailing number; base 'Cercopithecus hamlyni' seen in 51 files,4,DeCasien_Higham_2019/41559_2019_969_MOESM3_ESM.xlsx; ____Brain_structure_volumes/41559_2019_969_MOESM3_ESM.xlsx; ____Sensory_audiovisual/_incoming_Bath_archive_20260814/EXAMPLE ORGANIZATION/DeCasien Higham 2019/41559_2019_969_MOESM3_ESM.xlsx; ____Sensory_audiovisual/_incoming_Bath_archive_20260814/EXAMPLE ORGANIZATION/DeCasien etal 2017/41559_2017_BFs415590170112_MOESM250_ESM.xls
B_number,Cercopithecus_lhoesti11,11,trailing number; base 'Cercopithecus lhoesti' seen in 48 files,4,DeCasien_Higham_2019/41559_2019_969_MOESM3_ESM.xlsx; ____Brain_structure_volumes/41559_2019_969_MOESM3_ESM.xlsx; ____Sensory_audiovisual/_incoming_Bath_archive_20260814/EXAMPLE ORGANIZATION/DeCasien Higham 2019/41559_2019_969_MOESM3_ESM.xlsx; ____Sensory_audiovisual/_incoming_Bath_archive_20260814/EXAMPLE ORGANIZATION/DeCasien etal 2017/41559_2017_BFs415590170112_MOESM250_ESM.xls
B_number,Cercopithecus_mitis10,10,trailing number; base 'Cercopithecus mitis' seen in 243 files,4,DeCasien_Higham_2019/41559_2019_969_MOESM3_ESM.xlsx; ____Brain_structure_volumes/41559_2019_969_MOESM3_ESM.xlsx; ____Sensory_audiovisual/_incoming_Bath_archive_20260814/EXAMPLE ORGANIZATION/DeCasien Higham 2019/41559_2019_969_MOESM3_ESM.xlsx; ____Sensory_audiovisual/_incoming_Bath_archive_20260814/EXAMPLE ORGANIZATION/DeCasien etal 2017/41559_2017_BFs415590170112_MOESM250_ESM.xls
B_number,Cercopithecus_mitis11,11,trailing number; base 'Cercopithecus mitis' seen in 243 files,4,DeCasien_Higham_2019/41559_2019_969_MOESM3_ESM.xlsx; ____Brain_structure_volumes/41559_2019_969_MOESM3_ESM.xlsx; ____Sensory_audiovisual/_incoming_Bath_archive_20260814/EXAMPLE ORGANIZATION/DeCasien Higham 2019/41559_2019_969_MOESM3_ESM.xlsx; ____Sensory_audiovisual/_incoming_Bath_archive_20260814/EXAMPLE ORGANIZATION/DeCasien etal 2017/41559_2017_BFs415590170112_MOESM250_ESM.xls
B_number,Cercopithecus_mitis12,12,trailing number; base 'Cercopithecus mitis' seen in 243 files,4,DeCasien_Higham_2019/41559_2019_969_MOESM3_ESM.xlsx; ____Brain_structure_volumes/41559_2019_969_MOESM3_ESM.xlsx; ____Sensory_audiovisual/_incoming_Bath_archive_20260814/EXAMPLE ORGANIZATION/DeCasien Higham 2019/41559_2019_969_MOESM3_ESM.xlsx; ____Sensory_audiovisual/_incoming_Bath_archive_20260814/EXAMPLE ORGANIZATION/DeCasien etal 2017/41559_2017_BFs415590170112_MOESM250_ESM.xls
B_number,Cercopithecus_mitis14,14,trailing number; base 'Cercopithecus mitis' seen in 243 files,4,DeCasien_Higham_2019/41559_2019_969_MOESM3_ESM.xlsx; ____Brain_structure_volumes/41559_2019_969_MOESM3_ESM.xlsx; ____Sensory_audiovisual/_incoming_Bath_archive_20260814/EXAMPLE ORGANIZATION/DeCasien Higham 2019/41559_2019_969_MOESM3_ESM.xlsx; ____Sensory_audiovisual/_incoming_Bath_archive_20260814/EXAMPLE ORGANIZATION/DeCasien etal 2017/41559_2017_BFs415590170112_MOESM250_ESM.xls
B_number,Cercopithecus_mitis15,15,trailing number; base 'Cercopithecus mitis' seen in 243 files,4,DeCasien_Higham_2019/41559_2019_969_MOESM3_ESM.xlsx; ____Brain_structure_volumes/41559_2019_969_MOESM3_ESM.xlsx; ____Sensory_audiovisual/_incoming_Bath_archive_20260814/EXAMPLE ORGANIZATION/DeCasien Higham 2019/41559_2019_969_MOESM3_ESM.xlsx; ____Sensory_audiovisual/_incoming_Bath_archive_20260814/EXAMPLE ORGANIZATION/DeCasien etal 2017/41559_2017_BFs415590170112_MOESM250_ESM.xls
B_number,Cercopithecus_mitis16,16,trailing number; base 'Cercopithecus mitis' seen in 243 files,4,DeCasien_Higham_2019/41559_2019_969_MOESM3_ESM.xlsx; ____Brain_structure_volumes/41559_2019_969_MOESM3_ESM.xlsx; ____Sensory_audiovisual/_incoming_Bath_archive_20260814/EXAMPLE ORGANIZATION/DeCasien Higham 2019/41559_2019_969_MOESM3_ESM.xlsx; ____Sensory_audiovisual/_incoming_Bath_archive_20260814/EXAMPLE ORGANIZATION/DeCasien etal 2017/41559_2017_BFs415590170112_MOESM250_ESM.xls
B_number,Cercopithecus_mitis17,17,trailing number; base 'Cercopithecus mitis' seen in 243 files,4,DeCasien_Higham_2019/41559_2019_969_MOESM3_ESM.xlsx; ____Brain_structure_volumes/41559_2019_969_MOESM3_ESM.xlsx; ____Sensory_audiovisual/_incoming_Bath_archive_20260814/EXAMPLE ORGANIZATION/DeCasien Higham 2019/41559_2019_969_MOESM3_ESM.xlsx; ____Sensory_audiovisual/_incoming_Bath_archive_20260814/EXAMPLE ORGANIZATION/DeCasien etal 2017/41559_2017_BFs415590170112_MOESM250_ESM.xls
B_number,Cercopithecus_mitis18,18,trailing number; base 'Cercopithecus mitis' seen in 243 files,4,DeCasien_Higham_2019/41559_2019_969_MOESM3_ESM.xlsx; ____Brain_structure_volumes/41559_2019_969_MOESM3_ESM.xlsx; ____Sensory_audiovisual/_incoming_Bath_archive_20260814/EXAMPLE ORGANIZATION/DeCasien Higham 2019/41559_2019_969_MOESM3_ESM.xlsx; ____Sensory_audiovisual/_incoming_Bath_archive_20260814/EXAMPLE ORGANIZATION/DeCasien etal 2017/41559_2017_BFs415590170112_MOESM250_ESM.xls
B_number,Cercopithecus_mitis24,24,trailing number; base 'Cercopithecus mitis' seen in 243 files,4,DeCasien_Higham_2019/41559_2019_969_MOESM3_ESM.xlsx; ____Brain_structure_volumes/41559_2019_969_MOESM3_ESM.xlsx; ____Sensory_audiovisual/_incoming_Bath_archive_20260814/EXAMPLE ORGANIZATION/DeCasien Higham 2019/41559_2019_969_MOESM3_ESM.xlsx; ____Sensory_audiovisual/_incoming_Bath_archive_20260814/EXAMPLE ORGANIZATION/DeCasien etal 2017/41559_2017_BFs415590170112_MOESM250_ESM.xls
B_number,Cercopithecus_mitis34,34,trailing number; base 'Cercopithecus mitis' seen in 243 files,4,DeCasien_Higham_2019/41559_2019_969_MOESM3_ESM.xlsx; ____Brain_structure_volumes/41559_2019_969_MOESM3_ESM.xlsx; ____Sensory_audiovisual/_incoming_Bath_archive_20260814/EXAMPLE ORGANIZATION/DeCasien Higham 2019/41559_2019_969_MOESM3_ESM.xlsx; ____Sensory_audiovisual/_incoming_Bath_archive_20260814/EXAMPLE ORGANIZATION/DeCasien etal 2017/41559_2017_BFs415590170112_MOESM250_ESM.xls
B_number,Cercopithecus_mitis41,41,trailing number; base 'Cercopithecus mitis' seen in 243 files,4,DeCasien_Higham_2019/41559_2019_969_MOESM3_ESM.xlsx; ____Brain_structure_volumes/41559_2019_969_MOESM3_ESM.xlsx; ____Sensory_audiovisual/_incoming_Bath_archive_20260814/EXAMPLE ORGANIZATION/DeCasien Higham 2019/41559_2019_969_MOESM3_ESM.xlsx; ____Sensory_audiovisual/_incoming_Bath_archive_20260814/EXAMPLE ORGANIZATION/DeCasien etal 2017/41559_2017_BFs415590170112_MOESM250_ESM.xls
B_number,Cercopithecus_mitis49,49,trailing number; base 'Cercopithecus mitis' seen in 243 files,4,DeCasien_Higham_2019/41559_2019_969_MOESM3_ESM.xlsx; ____Brain_structure_volumes/41559_2019_969_MOESM3_ESM.xlsx; ____Sensory_audiovisual/_incoming_Bath_archive_20260814/EXAMPLE ORGANIZATION/DeCasien Higham 2019/41559_2019_969_MOESM3_ESM.xlsx; ____Sensory_audiovisual/_incoming_Bath_archive_20260814/EXAMPLE ORGANIZATION/DeCasien etal 2017/41559_2017_BFs415590170112_MOESM250_ESM.xls
B_number,Cercopithecus_neglectus4,4,trailing number; base 'Cercopithecus neglectus' seen in 71 files,4,DeCasien_Higham_2019/41559_2019_969_MOESM3_ESM.xlsx; ____Brain_structure_volumes/41559_2019_969_MOESM3_ESM.xlsx; ____Sensory_audiovisual/_incoming_Bath_archive_20260814/EXAMPLE ORGANIZATION/DeCasien Higham 2019/41559_2019_969_MOESM3_ESM.xlsx; ____Sensory_audiovisual/_incoming_Bath_archive_20260814/EXAMPLE ORGANIZATION/DeCasien etal 2017/41559_2017_BFs415590170112_MOESM250_ESM.xls
B_number,Cercopithecus_neglectus5,5,trailing number; base 'Cercopithecus neglectus' seen in 71 files,4,DeCasien_Higham_2019/41559_2019_969_MOESM3_ESM.xlsx; ____Brain_structure_volumes/41559_2019_969_MOESM3_ESM.xlsx; ____Sensory_audiovisual/_incoming_Bath_archive_20260814/EXAMPLE ORGANIZATION/DeCasien Higham 2019/41559_2019_969_MOESM3_ESM.xlsx; ____Sensory_audiovisual/_incoming_Bath_archive_20260814/EXAMPLE ORGANIZATION/DeCasien etal 2017/41559_2017_BFs415590170112_MOESM250_ESM.xls
B_number,Cercopithecus_neglectus6,6,trailing number; base 'Cercopithecus neglectus' seen in 71 files,4,DeCasien_Higham_2019/41559_2019_969_MOESM3_ESM.xlsx; ____Brain_structure_volumes/41559_2019_969_MOESM3_ESM.xlsx; ____Sensory_audiovisual/_incoming_Bath_archive_20260814/EXAMPLE ORGANIZATION/DeCasien Higham 2019/41559_2019_969_MOESM3_ESM.xlsx; ____Sensory_audiovisual/_incoming_Bath_archive_20260814/EXAMPLE ORGANIZATION/DeCasien etal 2017/41559_2017_BFs415590170112_MOESM250_ESM.xls
B_number,Cercopithecus_nictitans20,20,trailing number; base 'Cercopithecus nictitans' seen in 101 files,4,DeCasien_Higham_2019/41559_2019_969_MOESM3_ESM.xlsx; ____Brain_structure_volumes/41559_2019_969_MOESM3_ESM.xlsx; ____Sensory_audiovisual/_incoming_Bath_archive_20260814/EXAMPLE ORGANIZATION/DeCasien Higham 2019/41559_2019_969_MOESM3_ESM.xlsx; ____Sensory_audiovisual/_incoming_Bath_archive_20260814/EXAMPLE ORGANIZATION/DeCasien etal 2017/41559_2017_BFs415590170112_MOESM250_ESM.xls
B_number,Cercopithecus_pogonias14,14,trailing number; base 'Cercopithecus pogonias' seen in 41 files,4,DeCasien_Higham_2019/41559_2019_969_MOESM3_ESM.xlsx; ____Brain_structure_volumes/41559_2019_969_MOESM3_ESM.xlsx; ____Sensory_audiovisual/_incoming_Bath_archive_20260814/EXAMPLE ORGANIZATION/DeCasien Higham 2019/41559_2019_969_MOESM3_ESM.xlsx; ____Sensory_audiovisual/_incoming_Bath_archive_20260814/EXAMPLE ORGANIZATION/DeCasien etal 2017/41559_2017_BFs415590170112_MOESM250_ESM.xls
B_number,Cercopithecus_pogonias15,15,trailing number; base 'Cercopithecus pogonias' seen in 41 files,4,DeCasien_Higham_2019/41559_2019_969_MOESM3_ESM.xlsx; ____Brain_structure_volumes/41559_2019_969_MOESM3_ESM.xlsx; ____Sensory_audiovisual/_incoming_Bath_archive_20260814/EXAMPLE ORGANIZATION/DeCasien Higham 2019/41559_2019_969_MOESM3_ESM.xlsx; ____Sensory_audiovisual/_incoming_Bath_archive_20260814/EXAMPLE ORGANIZATION/DeCasien etal 2017/41559_2017_BFs415590170112_MOESM250_ESM.xls
B_number,Cercopithecus_preussi5,5,trailing number; base 'Cercopithecus preussi' seen in 26 files,4,DeCasien_Higham_2019/41559_2019_969_MOESM3_ESM.xlsx; ____Brain_structure_volumes/41559_2019_969_MOESM3_ESM.xlsx; ____Sensory_audiovisual/_incoming_Bath_archive_20260814/EXAMPLE ORGANIZATION/DeCasien Higham 2019/41559_2019_969_MOESM3_ESM.xlsx; ____Sensory_audiovisual/_incoming_Bath_archive_20260814/EXAMPLE ORGANIZATION/DeCasien etal 2017/41559_2017_BFs415590170112_MOESM250_ESM.xls
B_number,Cheirogaleus_medius1,1,trailing number; base 'Cheirogaleus medius' seen in 250 files,4,DeCasien_Higham_2019/41559_2019_969_MOESM3_ESM.xlsx; ____Brain_structure_volumes/41559_2019_969_MOESM3_ESM.xlsx; ____Sensory_audiovisual/_incoming_Bath_archive_20260814/EXAMPLE ORGANIZATION/DeCasien Higham 2019/41559_2019_969_MOESM3_ESM.xlsx; ____Sensory_audiovisual/_incoming_Bath_archive_20260814/EXAMPLE ORGANIZATION/DeCasien etal 2017/41559_2017_BFs415590170112_MOESM250_ESM.xls
B_number,Cheirogaleus_medius3,3,trailing number; base 'Cheirogaleus medius' seen in 250 files,4,DeCasien_Higham_2019/41559_2019_969_MOESM3_ESM.xlsx; ____Brain_structure_volumes/41559_2019_969_MOESM3_ESM.xlsx; ____Sensory_audiovisual/_incoming_Bath_archive_20260814/EXAMPLE ORGANIZATION/DeCasien Higham 2019/41559_2019_969_MOESM3_ESM.xlsx; ____Sensory_audiovisual/_incoming_Bath_archive_20260814/EXAMPLE ORGANIZATION/DeCasien etal 2017/41559_2017_BFs415590170112_MOESM250_ESM.xls
B_number,Chiropotes_satanas19,19,trailing number; base 'Chiropotes satanas' seen in 58 files,4,DeCasien_Higham_2019/41559_2019_969_MOESM3_ESM.xlsx; ____Brain_structure_volumes/41559_2019_969_MOESM3_ESM.xlsx; ____Sensory_audiovisual/_incoming_Bath_archive_20260814/EXAMPLE ORGANIZATION/DeCasien Higham 2019/41559_2019_969_MOESM3_ESM.xlsx; ____Sensory_audiovisual/_incoming_Bath_archive_20260814/EXAMPLE ORGANIZATION/DeCasien etal 2017/41559_2017_BFs415590170112_MOESM250_ESM.xls
B_number,Chiropotes_satanas20,20,trailing number; base 'Chiropotes satanas' seen in 58 files,4,DeCasien_Higham_2019/41559_2019_969_MOESM3_ESM.xlsx; ____Brain_structure_volumes/41559_2019_969_MOESM3_ESM.xlsx; ____Sensory_audiovisual/_incoming_Bath_archive_20260814/EXAMPLE ORGANIZATION/DeCasien Higham 2019/41559_2019_969_MOESM3_ESM.xlsx; ____Sensory_audiovisual/_incoming_Bath_archive_20260814/EXAMPLE ORGANIZATION/DeCasien etal 2017/41559_2017_BFs415590170112_MOESM250_ESM.xls
B_number,Chlorocebus_aethiops10,10,trailing number; base 'Chlorocebus aethiops' seen in 90 files,4,DeCasien_Higham_2019/41559_2019_969_MOESM3_ESM.xlsx; ____Brain_structure_volumes/41559_2019_969_MOESM3_ESM.xlsx; ____Sensory_audiovisual/_incoming_Bath_archive_20260814/EXAMPLE ORGANIZATION/DeCasien Higham 2019/41559_2019_969_MOESM3_ESM.xlsx; ____Sensory_audiovisual/_incoming_Bath_archive_20260814/EXAMPLE ORGANIZATION/DeCasien etal 2017/41559_2017_BFs415590170112_MOESM250_ESM.xls
B_number,Chlorocebus_aethiops15,15,trailing number; base 'Chlorocebus aethiops' seen in 90 files,4,DeCasien_Higham_2019/41559_2019_969_MOESM3_ESM.xlsx; ____Brain_structure_volumes/41559_2019_969_MOESM3_ESM.xlsx; ____Sensory_audiovisual/_incoming_Bath_archive_20260814/EXAMPLE ORGANIZATION/DeCasien Higham 2019/41559_2019_969_MOESM3_ESM.xlsx; ____Sensory_audiovisual/_incoming_Bath_archive_20260814/EXAMPLE ORGANIZATION/DeCasien etal 2017/41559_2017_BFs415590170112_MOESM250_ESM.xls
B_number,Chlorocebus_aethiops17,17,trailing number; base 'Chlorocebus aethiops' seen in 90 files,4,DeCasien_Higham_2019/41559_2019_969_MOESM3_ESM.xlsx; ____Brain_structure_volumes/41559_2019_969_MOESM3_ESM.xlsx; ____Sensory_audiovisual/_incoming_Bath_archive_20260814/EXAMPLE ORGANIZATION/DeCasien Higham 2019/41559_2019_969_MOESM3_ESM.xlsx; ____Sensory_audiovisual/_incoming_Bath_archive_20260814/EXAMPLE ORGANIZATION/DeCasien etal 2017/41559_2017_BFs415590170112_MOESM250_ESM.xls
B_number,Chlorocebus_aethiops21,21,trailing number; base 'Chlorocebus aethiops' seen in 90 files,4,DeCasien_Higham_2019/41559_2019_969_MOESM3_ESM.xlsx; ____Brain_structure_volumes/41559_2019_969_MOESM3_ESM.xlsx; ____Sensory_audiovisual/_incoming_Bath_archive_20260814/EXAMPLE ORGANIZATION/DeCasien Higham 2019/41559_2019_969_MOESM3_ESM.xlsx; ____Sensory_audiovisual/_incoming_Bath_archive_20260814/EXAMPLE ORGANIZATION/DeCasien etal 2017/41559_2017_BFs415590170112_MOESM250_ESM.xls
B_number,Chlorocebus_aethiops24,24,trailing number; base 'Chlorocebus aethiops' seen in 90 files,4,DeCasien_Higham_2019/41559_2019_969_MOESM3_ESM.xlsx; ____Brain_structure_volumes/41559_2019_969_MOESM3_ESM.xlsx; ____Sensory_audiovisual/_incoming_Bath_archive_20260814/EXAMPLE ORGANIZATION/DeCasien Higham 2019/41559_2019_969_MOESM3_ESM.xlsx; ____Sensory_audiovisual/_incoming_Bath_archive_20260814/EXAMPLE ORGANIZATION/DeCasien etal 2017/41559_2017_BFs415590170112_MOESM250_ESM.xls
B_number,Chlorocebus_aethiops40,40,trailing number; base 'Chlorocebus aethiops' seen in 90 files,4,DeCasien_Higham_2019/41559_2019_969_MOESM3_ESM.xlsx; ____Brain_structure_volumes/41559_2019_969_MOESM3_ESM.xlsx; ____Sensory_audiovisual/_incoming_Bath_archive_20260814/EXAMPLE ORGANIZATION/DeCasien Higham 2019/41559_2019_969_MOESM3_ESM.xlsx; ____Sensory_audiovisual/_incoming_Bath_archive_20260814/EXAMPLE ORGANIZATION/DeCasien etal 2017/41559_2017_BFs415590170112_MOESM250_ESM.xls
C_symbol,Choloepus_didactylus*,*,symbol/superscript marker,5,Lewitus_etal_2014/Lewitus_etal_2014_TableS1.csv; Lewitus_etal_2014/Lewitus_etal_2014_TableS1_snapshot.xlsx; Lewitus_etal_2014/pbio.1002000.s013.xlsx; __Public/comparative-data/10.1371%2Fjournal.pbio.1002000_TableS1.tsv; ____EvoM1_TraitTable/glia_gyrification.xlsx
B_number,Chrysochloris stuhlmanni5,5,trailing number; base 'Chrysochloris stuhlmanni' seen in 83 files,1,Baron_etal_1983/Baron_etal_1983_Table1_snapshot.xlsx
B_number,Colobus_angolensis9,9,trailing number; base 'Colobus angolensis' seen in 124 files,4,DeCasien_Higham_2019/41559_2019_969_MOESM3_ESM.xlsx; ____Brain_structure_volumes/41559_2019_969_MOESM3_ESM.xlsx; ____Sensory_audiovisual/_incoming_Bath_archive_20260814/EXAMPLE ORGANIZATION/DeCasien Higham 2019/41559_2019_969_MOESM3_ESM.xlsx; ____Sensory_audiovisual/_incoming_Bath_archive_20260814/EXAMPLE ORGANIZATION/DeCasien etal 2017/41559_2017_BFs415590170112_MOESM250_ESM.xls
B_number,Colobus_guereza12,12,trailing number; base 'Colobus guereza' seen in 66 files,4,DeCasien_Higham_2019/41559_2019_969_MOESM3_ESM.xlsx; ____Brain_structure_volumes/41559_2019_969_MOESM3_ESM.xlsx; ____Sensory_audiovisual/_incoming_Bath_archive_20260814/EXAMPLE ORGANIZATION/DeCasien Higham 2019/41559_2019_969_MOESM3_ESM.xlsx; ____Sensory_audiovisual/_incoming_Bath_archive_20260814/EXAMPLE ORGANIZATION/DeCasien etal 2017/41559_2017_BFs415590170112_MOESM250_ESM.xls
B_number,Colobus_guereza8,8,trailing number; base 'Colobus guereza' seen in 66 files,4,DeCasien_Higham_2019/41559_2019_969_MOESM3_ESM.xlsx; ____Brain_structure_volumes/41559_2019_969_MOESM3_ESM.xlsx; ____Sensory_audiovisual/_incoming_Bath_archive_20260814/EXAMPLE ORGANIZATION/DeCasien Higham 2019/41559_2019_969_MOESM3_ESM.xlsx; ____Sensory_audiovisual/_incoming_Bath_archive_20260814/EXAMPLE ORGANIZATION/DeCasien etal 2017/41559_2017_BFs415590170112_MOESM250_ESM.xls
B_number,Colobus_guereza9,9,trailing number; base 'Colobus guereza' seen in 66 files,4,DeCasien_Higham_2019/41559_2019_969_MOESM3_ESM.xlsx; ____Brain_structure_volumes/41559_2019_969_MOESM3_ESM.xlsx; ____Sensory_audiovisual/_incoming_Bath_archive_20260814/EXAMPLE ORGANIZATION/DeCasien Higham 2019/41559_2019_969_MOESM3_ESM.xlsx; ____Sensory_audiovisual/_incoming_Bath_archive_20260814/EXAMPLE ORGANIZATION/DeCasien etal 2017/41559_2017_BFs415590170112_MOESM250_ESM.xls
B_number,Colobus_polykomos13,13,trailing number; base 'Colobus polykomos' seen in 68 files,4,DeCasien_Higham_2019/41559_2019_969_MOESM3_ESM.xlsx; ____Brain_structure_volumes/41559_2019_969_MOESM3_ESM.xlsx; ____Sensory_audiovisual/_incoming_Bath_archive_20260814/EXAMPLE ORGANIZATION/DeCasien Higham 2019/41559_2019_969_MOESM3_ESM.xlsx; ____Sensory_audiovisual/_incoming_Bath_archive_20260814/EXAMPLE ORGANIZATION/DeCasien etal 2017/41559_2017_BFs415590170112_MOESM250_ESM.xls
B_number,Colobus_polykomos9,9,trailing number; base 'Colobus polykomos' seen in 68 files,4,DeCasien_Higham_2019/41559_2019_969_MOESM3_ESM.xlsx; ____Brain_structure_volumes/41559_2019_969_MOESM3_ESM.xlsx; ____Sensory_audiovisual/_incoming_Bath_archive_20260814/EXAMPLE ORGANIZATION/DeCasien Higham 2019/41559_2019_969_MOESM3_ESM.xlsx; ____Sensory_audiovisual/_incoming_Bath_archive_20260814/EXAMPLE ORGANIZATION/DeCasien etal 2017/41559_2017_BFs415590170112_MOESM250_ESM.xls
B_number,Colobus_satanas15,15,trailing number; base 'Colobus satanas' seen in 46 files,4,DeCasien_Higham_2019/41559_2019_969_MOESM3_ESM.xlsx; ____Brain_structure_volumes/41559_2019_969_MOESM3_ESM.xlsx; ____Sensory_audiovisual/_incoming_Bath_archive_20260814/EXAMPLE ORGANIZATION/DeCasien Higham 2019/41559_2019_969_MOESM3_ESM.xlsx; ____Sensory_audiovisual/_incoming_Bath_archive_20260814/EXAMPLE ORGANIZATION/DeCasien etal 2017/41559_2017_BFs415590170112_MOESM250_ESM.xls
B_number,Complexus_centromedialis_1987,1987,trailing number; base 'Complexus centromedialis' seen in 20 files,1,_keys/Stephan/anatomy_key.csv
B_number,Complexus_corticobasolateralis_1987,1987,trailing number; base 'Complexus corticobasolateralis' seen in 17 files,1,_keys/Stephan/anatomy_key.csv
A_letter,Corpus pineale,e,glued letter; base 'Corpus pineal' in 19 files vs 1,1,Stephan_etal_1981/Stephan-1981-New and revised data.xlsx
B_number,Corpus_geniculatum_laterale_1984,1984,trailing number; base 'Corpus geniculatum laterale' seen in 32 files,1,_keys/Stephan/anatomy_key.csv
B_number,Corpus_geniculatum_laterale_1998,1998,trailing number; base 'Corpus geniculatum laterale' seen in 32 files,1,_keys/Stephan/anatomy_key.csv
B_number,Corpus_geniculatum_laterale_2010,2010,trailing number; base 'Corpus geniculatum laterale' seen in 32 files,1,_keys/Stephan/anatomy_key.csv
B_number,Corpus_geniculatum_laterale_2013,2013,trailing number; base 'Corpus geniculatum laterale' seen in 32 files,1,_keys/Stephan/anatomy_key.csv
C_symbol,Crocidura flavesc.²,²,symbol/superscript marker,1,Stephan_etal_1982/Stephan_etal_1982_Table1_snapshot.xlsx
B_number,Crocidura flavescens2,2,trailing number; base 'Crocidura flavescens' seen in 113 files,1,Baron_etal_1983/Baron_etal_1983_Table1_snapshot.xlsx
C_symbol,Cynocephalus_volans*,*,symbol/superscript marker,5,Lewitus_etal_2014/Lewitus_etal_2014_TableS1.csv; Lewitus_etal_2014/Lewitus_etal_2014_TableS1_snapshot.xlsx; Lewitus_etal_2014/pbio.1002000.s013.xlsx; __Public/comparative-data/10.1371%2Fjournal.pbio.1002000_TableS1.tsv; ____EvoM1_TraitTable/glia_gyrification.xlsx
C_symbol,Dasypus_novemcinctus*,*,symbol/superscript marker,7,Lewitus_etal_2014/Lewitus_etal_2014_TableS1.csv; Lewitus_etal_2014/Lewitus_etal_2014_TableS1_snapshot.xlsx; Lewitus_etal_2014/pbio.1002000.s013.xlsx; __Public/comparative-data/10.1371%2Fjournal.pbio.1002000_TableS1.tsv; ____EvoM1_TraitTable/EvoM1_read_ILAs.R
B_number,Daubentonia_madagascariensis2,2,trailing number; base 'Daubentonia madagascariensis' seen in 200 files,4,DeCasien_Higham_2019/41559_2019_969_MOESM3_ESM.xlsx; ____Brain_structure_volumes/41559_2019_969_MOESM3_ESM.xlsx; ____Sensory_audiovisual/_incoming_Bath_archive_20260814/EXAMPLE ORGANIZATION/DeCasien Higham 2019/41559_2019_969_MOESM3_ESM.xlsx; ____Sensory_audiovisual/_incoming_Bath_archive_20260814/EXAMPLE ORGANIZATION/DeCasien etal 2017/41559_2017_BFs415590170112_MOESM250_ESM.xls
C_symbol,Ecoethological characteristicsᵇ,ᵇ,symbol/superscript marker,1,Stephan_etal_1988/Stephan_etal_1988_Table1_snapshot.xlsx
B_number,Erinaceus algirus1,1,trailing number; base 'Erinaceus algirus' seen in 28 files,1,Baron_etal_1983/Baron_etal_1983_Table1_snapshot.xlsx
C_symbol,Erinaceus algirus¹,¹,symbol/superscript marker,2,Stephan_etal_1982/Stephan_etal_1982_Table1_snapshot.xlsx; _checks/scan_species_name_markers.py
C_symbol,Erythrocebus patas (1545) ‡,‡,symbol/superscript marker,1,MacLeod_etal_2003/MacLeod_etal_2003_Table2_snapshot.csv
B_number,Erythrocebus patas 1341,1341,trailing number; base 'Erythrocebus patas' seen in 237 files,3,Smaers_etal_2011/000323671_sm_suppltables.xlsx; Smaers_etal_2011/Smaers_etal_2011_SupplementaryTable1_snapshot.csv; Smaers_etal_2011/Smaers_etal_2011_SupplementaryTable2_snapshot.csv
B_number,Erythrocebus_patas10,10,trailing number; base 'Erythrocebus patas' seen in 237 files,4,DeCasien_Higham_2019/41559_2019_969_MOESM3_ESM.xlsx; ____Brain_structure_volumes/41559_2019_969_MOESM3_ESM.xlsx; ____Sensory_audiovisual/_incoming_Bath_archive_20260814/EXAMPLE ORGANIZATION/DeCasien Higham 2019/41559_2019_969_MOESM3_ESM.xlsx; ____Sensory_audiovisual/_incoming_Bath_archive_20260814/EXAMPLE ORGANIZATION/DeCasien etal 2017/41559_2017_BFs415590170112_MOESM250_ESM.xls
B_number,Erythrocebus_patas12,12,trailing number; base 'Erythrocebus patas' seen in 237 files,4,DeCasien_Higham_2019/41559_2019_969_MOESM3_ESM.xlsx; ____Brain_structure_volumes/41559_2019_969_MOESM3_ESM.xlsx; ____Sensory_audiovisual/_incoming_Bath_archive_20260814/EXAMPLE ORGANIZATION/DeCasien Higham 2019/41559_2019_969_MOESM3_ESM.xlsx; ____Sensory_audiovisual/_incoming_Bath_archive_20260814/EXAMPLE ORGANIZATION/DeCasien etal 2017/41559_2017_BFs415590170112_MOESM250_ESM.xls
B_number,Erythrocebus_patas19,19,trailing number; base 'Erythrocebus patas' seen in 237 files,4,DeCasien_Higham_2019/41559_2019_969_MOESM3_ESM.xlsx; ____Brain_structure_volumes/41559_2019_969_MOESM3_ESM.xlsx; ____Sensory_audiovisual/_incoming_Bath_archive_20260814/EXAMPLE ORGANIZATION/DeCasien Higham 2019/41559_2019_969_MOESM3_ESM.xlsx; ____Sensory_audiovisual/_incoming_Bath_archive_20260814/EXAMPLE ORGANIZATION/DeCasien etal 2017/41559_2017_BFs415590170112_MOESM250_ESM.xls
B_number,Erythrocebus_patas20,20,trailing number; base 'Erythrocebus patas' seen in 237 files,4,DeCasien_Higham_2019/41559_2019_969_MOESM3_ESM.xlsx; ____Brain_structure_volumes/41559_2019_969_MOESM3_ESM.xlsx; ____Sensory_audiovisual/_incoming_Bath_archive_20260814/EXAMPLE ORGANIZATION/DeCasien Higham 2019/41559_2019_969_MOESM3_ESM.xlsx; ____Sensory_audiovisual/_incoming_Bath_archive_20260814/EXAMPLE ORGANIZATION/DeCasien etal 2017/41559_2017_BFs415590170112_MOESM250_ESM.xls
B_number,Erythrocebus_patas21,21,trailing number; base 'Erythrocebus patas' seen in 237 files,4,DeCasien_Higham_2019/41559_2019_969_MOESM3_ESM.xlsx; ____Brain_structure_volumes/41559_2019_969_MOESM3_ESM.xlsx; ____Sensory_audiovisual/_incoming_Bath_archive_20260814/EXAMPLE ORGANIZATION/DeCasien Higham 2019/41559_2019_969_MOESM3_ESM.xlsx; ____Sensory_audiovisual/_incoming_Bath_archive_20260814/EXAMPLE ORGANIZATION/DeCasien etal 2017/41559_2017_BFs415590170112_MOESM250_ESM.xls
B_number,Erythrocebus_patas24,24,trailing number; base 'Erythrocebus patas' seen in 237 files,4,DeCasien_Higham_2019/41559_2019_969_MOESM3_ESM.xlsx; ____Brain_structure_volumes/41559_2019_969_MOESM3_ESM.xlsx; ____Sensory_audiovisual/_incoming_Bath_archive_20260814/EXAMPLE ORGANIZATION/DeCasien Higham 2019/41559_2019_969_MOESM3_ESM.xlsx; ____Sensory_audiovisual/_incoming_Bath_archive_20260814/EXAMPLE ORGANIZATION/DeCasien etal 2017/41559_2017_BFs415590170112_MOESM250_ESM.xls
B_number,Erythrocebus_patas37,37,trailing number; base 'Erythrocebus patas' seen in 237 files,4,DeCasien_Higham_2019/41559_2019_969_MOESM3_ESM.xlsx; ____Brain_structure_volumes/41559_2019_969_MOESM3_ESM.xlsx; ____Sensory_audiovisual/_incoming_Bath_archive_20260814/EXAMPLE ORGANIZATION/DeCasien Higham 2019/41559_2019_969_MOESM3_ESM.xlsx; ____Sensory_audiovisual/_incoming_Bath_archive_20260814/EXAMPLE ORGANIZATION/DeCasien etal 2017/41559_2017_BFs415590170112_MOESM250_ESM.xls
B_number,Erythrocebus_patas44,44,trailing number; base 'Erythrocebus patas' seen in 237 files,4,DeCasien_Higham_2019/41559_2019_969_MOESM3_ESM.xlsx; ____Brain_structure_volumes/41559_2019_969_MOESM3_ESM.xlsx; ____Sensory_audiovisual/_incoming_Bath_archive_20260814/EXAMPLE ORGANIZATION/DeCasien Higham 2019/41559_2019_969_MOESM3_ESM.xlsx; ____Sensory_audiovisual/_incoming_Bath_archive_20260814/EXAMPLE ORGANIZATION/DeCasien etal 2017/41559_2017_BFs415590170112_MOESM250_ESM.xls
B_number,Erythrocebus_patas45,45,trailing number; base 'Erythrocebus patas' seen in 237 files,4,DeCasien_Higham_2019/41559_2019_969_MOESM3_ESM.xlsx; ____Brain_structure_volumes/41559_2019_969_MOESM3_ESM.xlsx; ____Sensory_audiovisual/_incoming_Bath_archive_20260814/EXAMPLE ORGANIZATION/DeCasien Higham 2019/41559_2019_969_MOESM3_ESM.xlsx; ____Sensory_audiovisual/_incoming_Bath_archive_20260814/EXAMPLE ORGANIZATION/DeCasien etal 2017/41559_2017_BFs415590170112_MOESM250_ESM.xls
B_number,Erythrocebus_patas51,51,trailing number; base 'Erythrocebus patas' seen in 237 files,4,DeCasien_Higham_2019/41559_2019_969_MOESM3_ESM.xlsx; ____Brain_structure_volumes/41559_2019_969_MOESM3_ESM.xlsx; ____Sensory_audiovisual/_incoming_Bath_archive_20260814/EXAMPLE ORGANIZATION/DeCasien Higham 2019/41559_2019_969_MOESM3_ESM.xlsx; ____Sensory_audiovisual/_incoming_Bath_archive_20260814/EXAMPLE ORGANIZATION/DeCasien etal 2017/41559_2017_BFs415590170112_MOESM250_ESM.xls
B_number,Erythrocebus_patas8,8,trailing number; base 'Erythrocebus patas' seen in 237 files,4,DeCasien_Higham_2019/41559_2019_969_MOESM3_ESM.xlsx; ____Brain_structure_volumes/41559_2019_969_MOESM3_ESM.xlsx; ____Sensory_audiovisual/_incoming_Bath_archive_20260814/EXAMPLE ORGANIZATION/DeCasien Higham 2019/41559_2019_969_MOESM3_ESM.xlsx; ____Sensory_audiovisual/_incoming_Bath_archive_20260814/EXAMPLE ORGANIZATION/DeCasien etal 2017/41559_2017_BFs415590170112_MOESM250_ESM.xls
B_number,Eulemur_fulvus_fulvus7,7,trailing number; base 'Eulemur fulvus fulvus' seen in 20 files,4,DeCasien_Higham_2019/41559_2019_969_MOESM3_ESM.xlsx; ____Brain_structure_volumes/41559_2019_969_MOESM3_ESM.xlsx; ____Sensory_audiovisual/_incoming_Bath_archive_20260814/EXAMPLE ORGANIZATION/DeCasien Higham 2019/41559_2019_969_MOESM3_ESM.xlsx; ____Sensory_audiovisual/_incoming_Bath_archive_20260814/EXAMPLE ORGANIZATION/DeCasien etal 2017/41559_2017_BFs415590170112_MOESM250_ESM.xls
B_number,Eulemur_fulvus_fulvus9,9,trailing number; base 'Eulemur fulvus fulvus' seen in 20 files,4,DeCasien_Higham_2019/41559_2019_969_MOESM3_ESM.xlsx; ____Brain_structure_volumes/41559_2019_969_MOESM3_ESM.xlsx; ____Sensory_audiovisual/_incoming_Bath_archive_20260814/EXAMPLE ORGANIZATION/DeCasien Higham 2019/41559_2019_969_MOESM3_ESM.xlsx; ____Sensory_audiovisual/_incoming_Bath_archive_20260814/EXAMPLE ORGANIZATION/DeCasien etal 2017/41559_2017_BFs415590170112_MOESM250_ESM.xls
B_number,Eulemur_macaco_macaco10,10,trailing number; base 'Eulemur macaco macaco' seen in 12 files,4,DeCasien_Higham_2019/41559_2019_969_MOESM3_ESM.xlsx; ____Brain_structure_volumes/41559_2019_969_MOESM3_ESM.xlsx; ____Sensory_audiovisual/_incoming_Bath_archive_20260814/EXAMPLE ORGANIZATION/DeCasien Higham 2019/41559_2019_969_MOESM3_ESM.xlsx; ____Sensory_audiovisual/_incoming_Bath_archive_20260814/EXAMPLE ORGANIZATION/DeCasien etal 2017/41559_2017_BFs415590170112_MOESM250_ESM.xls
B_number,Eulemur_mongoz2,2,trailing number; base 'Eulemur mongoz' seen in 168 files,4,DeCasien_Higham_2019/41559_2019_969_MOESM3_ESM.xlsx; ____Brain_structure_volumes/41559_2019_969_MOESM3_ESM.xlsx; ____Sensory_audiovisual/_incoming_Bath_archive_20260814/EXAMPLE ORGANIZATION/DeCasien Higham 2019/41559_2019_969_MOESM3_ESM.xlsx; ____Sensory_audiovisual/_incoming_Bath_archive_20260814/EXAMPLE ORGANIZATION/DeCasien etal 2017/41559_2017_BFs415590170112_MOESM250_ESM.xls
B_number,Eulemur_rubriventer3,3,trailing number; base 'Eulemur rubriventer' seen in 54 files,4,DeCasien_Higham_2019/41559_2019_969_MOESM3_ESM.xlsx; ____Brain_structure_volumes/41559_2019_969_MOESM3_ESM.xlsx; ____Sensory_audiovisual/_incoming_Bath_archive_20260814/EXAMPLE ORGANIZATION/DeCasien Higham 2019/41559_2019_969_MOESM3_ESM.xlsx; ____Sensory_audiovisual/_incoming_Bath_archive_20260814/EXAMPLE ORGANIZATION/DeCasien etal 2017/41559_2017_BFs415590170112_MOESM250_ESM.xls
B_number,Euoticus_elegantulus1,1,trailing number; base 'Euoticus elegantulus' seen in 57 files,4,DeCasien_Higham_2019/41559_2019_969_MOESM3_ESM.xlsx; ____Brain_structure_volumes/41559_2019_969_MOESM3_ESM.xlsx; ____Sensory_audiovisual/_incoming_Bath_archive_20260814/EXAMPLE ORGANIZATION/DeCasien Higham 2019/41559_2019_969_MOESM3_ESM.xlsx; ____Sensory_audiovisual/_incoming_Bath_archive_20260814/EXAMPLE ORGANIZATION/DeCasien etal 2017/41559_2017_BFs415590170112_MOESM250_ESM.xls
B_number,Euoticus_elegantulus4,4,trailing number; base 'Euoticus elegantulus' seen in 57 files,4,DeCasien_Higham_2019/41559_2019_969_MOESM3_ESM.xlsx; ____Brain_structure_volumes/41559_2019_969_MOESM3_ESM.xlsx; ____Sensory_audiovisual/_incoming_Bath_archive_20260814/EXAMPLE ORGANIZATION/DeCasien Higham 2019/41559_2019_969_MOESM3_ESM.xlsx; ____Sensory_audiovisual/_incoming_Bath_archive_20260814/EXAMPLE ORGANIZATION/DeCasien etal 2017/41559_2017_BFs415590170112_MOESM250_ESM.xls
B_number,Galago_alleni1,1,trailing number; base 'Galago alleni' seen in 38 files,4,DeCasien_Higham_2019/41559_2019_969_MOESM3_ESM.xlsx; ____Brain_structure_volumes/41559_2019_969_MOESM3_ESM.xlsx; ____Sensory_audiovisual/_incoming_Bath_archive_20260814/EXAMPLE ORGANIZATION/DeCasien Higham 2019/41559_2019_969_MOESM3_ESM.xlsx; ____Sensory_audiovisual/_incoming_Bath_archive_20260814/EXAMPLE ORGANIZATION/DeCasien etal 2017/41559_2017_BFs415590170112_MOESM250_ESM.xls
B_number,Galago_moholi2,2,trailing number; base 'Galago moholi' seen in 59 files,4,DeCasien_Higham_2019/41559_2019_969_MOESM3_ESM.xlsx; ____Brain_structure_volumes/41559_2019_969_MOESM3_ESM.xlsx; ____Sensory_audiovisual/_incoming_Bath_archive_20260814/EXAMPLE ORGANIZATION/DeCasien Higham 2019/41559_2019_969_MOESM3_ESM.xlsx; ____Sensory_audiovisual/_incoming_Bath_archive_20260814/EXAMPLE ORGANIZATION/DeCasien etal 2017/41559_2017_BFs415590170112_MOESM250_ESM.xls
B_number,Galago_senegalensis1,1,trailing number; base 'Galago senegalensis' seen in 292 files,4,DeCasien_Higham_2019/41559_2019_969_MOESM3_ESM.xlsx; ____Brain_structure_volumes/41559_2019_969_MOESM3_ESM.xlsx; ____Sensory_audiovisual/_incoming_Bath_archive_20260814/EXAMPLE ORGANIZATION/DeCasien Higham 2019/41559_2019_969_MOESM3_ESM.xlsx; ____Sensory_audiovisual/_incoming_Bath_archive_20260814/EXAMPLE ORGANIZATION/DeCasien etal 2017/41559_2017_BFs415590170112_MOESM250_ESM.xls
C_symbol,Galagoides demid.¹⁰,¹⁰,symbol/superscript marker,1,Stephan_etal_1982/Stephan_etal_1982_Table1_snapshot.xlsx
B_number,Galagoides demidoff9,9,trailing number; base 'Galagoides demidoff' seen in 191 files,1,Baron_etal_1983/Baron_etal_1983_Table1_snapshot.xlsx
B_number,Galagoides_demidoff1,1,trailing number; base 'Galagoides demidoff' seen in 191 files,4,DeCasien_Higham_2019/41559_2019_969_MOESM3_ESM.xlsx; ____Brain_structure_volumes/41559_2019_969_MOESM3_ESM.xlsx; ____Sensory_audiovisual/_incoming_Bath_archive_20260814/EXAMPLE ORGANIZATION/DeCasien Higham 2019/41559_2019_969_MOESM3_ESM.xlsx; ____Sensory_audiovisual/_incoming_Bath_archive_20260814/EXAMPLE ORGANIZATION/DeCasien etal 2017/41559_2017_BFs415590170112_MOESM250_ESM.xls
C_symbol,Gorilla gorilla (A375) †,†,symbol/superscript marker,1,MacLeod_etal_2003/MacLeod_etal_2003_Table2_snapshot.csv
B_number,Gorilla gorilla 375,375,trailing number; base 'Gorilla gorilla' seen in 363 files,3,Smaers_etal_2011/000323671_sm_suppltables.xlsx; Smaers_etal_2011/Smaers_etal_2011_SupplementaryTable1_snapshot.csv; Smaers_etal_2011/Smaers_etal_2011_SupplementaryTable2_snapshot.csv
A_letter,Gorilla gorillab,b,glued letter; base 'Gorilla gorilla' in 363 files vs 2,2,Barger_etal_2014/Barger-2014-Evidence for evoluti.xlsx; Barger_etal_2014/Barger_etal_2014_Table1_snapshot.xlsx
C_symbol,"Gorilla gorilla∗,a",∗,symbol/superscript marker,2,Barger_etal_2014/Barger-2014-Evidence for evoluti.xlsx; Barger_etal_2014/Barger_etal_2014_Table1_snapshot.xlsx
B_number,Gorilla_beringei17,17,trailing number; base 'Gorilla beringei' seen in 71 files,4,DeCasien_Higham_2019/41559_2019_969_MOESM3_ESM.xlsx; ____Brain_structure_volumes/41559_2019_969_MOESM3_ESM.xlsx; ____Sensory_audiovisual/_incoming_Bath_archive_20260814/EXAMPLE ORGANIZATION/DeCasien Higham 2019/41559_2019_969_MOESM3_ESM.xlsx; ____Sensory_audiovisual/_incoming_Bath_archive_20260814/EXAMPLE ORGANIZATION/DeCasien etal 2017/41559_2017_BFs415590170112_MOESM250_ESM.xls
B_number,Gorilla_beringei9,9,trailing number; base 'Gorilla beringei' seen in 71 files,4,DeCasien_Higham_2019/41559_2019_969_MOESM3_ESM.xlsx; ____Brain_structure_volumes/41559_2019_969_MOESM3_ESM.xlsx; ____Sensory_audiovisual/_incoming_Bath_archive_20260814/EXAMPLE ORGANIZATION/DeCasien Higham 2019/41559_2019_969_MOESM3_ESM.xlsx; ____Sensory_audiovisual/_incoming_Bath_archive_20260814/EXAMPLE ORGANIZATION/DeCasien etal 2017/41559_2017_BFs415590170112_MOESM250_ESM.xls
B_number,Gorilla_gorilla_gorilla11,11,trailing number; base 'Gorilla gorilla gorilla' seen in 59 files,4,DeCasien_Higham_2019/41559_2019_969_MOESM3_ESM.xlsx; ____Brain_structure_volumes/41559_2019_969_MOESM3_ESM.xlsx; ____Sensory_audiovisual/_incoming_Bath_archive_20260814/EXAMPLE ORGANIZATION/DeCasien Higham 2019/41559_2019_969_MOESM3_ESM.xlsx; ____Sensory_audiovisual/_incoming_Bath_archive_20260814/EXAMPLE ORGANIZATION/DeCasien etal 2017/41559_2017_BFs415590170112_MOESM250_ESM.xls
B_number,Gorilla_gorilla_gorilla12,12,trailing number; base 'Gorilla gorilla gorilla' seen in 59 files,4,DeCasien_Higham_2019/41559_2019_969_MOESM3_ESM.xlsx; ____Brain_structure_volumes/41559_2019_969_MOESM3_ESM.xlsx; ____Sensory_audiovisual/_incoming_Bath_archive_20260814/EXAMPLE ORGANIZATION/DeCasien Higham 2019/41559_2019_969_MOESM3_ESM.xlsx; ____Sensory_audiovisual/_incoming_Bath_archive_20260814/EXAMPLE ORGANIZATION/DeCasien etal 2017/41559_2017_BFs415590170112_MOESM250_ESM.xls
B_number,Gorilla_gorilla_gorilla13,13,trailing number; base 'Gorilla gorilla gorilla' seen in 59 files,4,DeCasien_Higham_2019/41559_2019_969_MOESM3_ESM.xlsx; ____Brain_structure_volumes/41559_2019_969_MOESM3_ESM.xlsx; ____Sensory_audiovisual/_incoming_Bath_archive_20260814/EXAMPLE ORGANIZATION/DeCasien Higham 2019/41559_2019_969_MOESM3_ESM.xlsx; ____Sensory_audiovisual/_incoming_Bath_archive_20260814/EXAMPLE ORGANIZATION/DeCasien etal 2017/41559_2017_BFs415590170112_MOESM250_ESM.xls
B_number,Gorilla_gorilla_gorilla14,14,trailing number; base 'Gorilla gorilla gorilla' seen in 59 files,4,DeCasien_Higham_2019/41559_2019_969_MOESM3_ESM.xlsx; ____Brain_structure_volumes/41559_2019_969_MOESM3_ESM.xlsx; ____Sensory_audiovisual/_incoming_Bath_archive_20260814/EXAMPLE ORGANIZATION/DeCasien Higham 2019/41559_2019_969_MOESM3_ESM.xlsx; ____Sensory_audiovisual/_incoming_Bath_archive_20260814/EXAMPLE ORGANIZATION/DeCasien etal 2017/41559_2017_BFs415590170112_MOESM250_ESM.xls
B_number,Gorilla_gorilla_gorilla16,16,trailing number; base 'Gorilla gorilla gorilla' seen in 59 files,4,DeCasien_Higham_2019/41559_2019_969_MOESM3_ESM.xlsx; ____Brain_structure_volumes/41559_2019_969_MOESM3_ESM.xlsx; ____Sensory_audiovisual/_incoming_Bath_archive_20260814/EXAMPLE ORGANIZATION/DeCasien Higham 2019/41559_2019_969_MOESM3_ESM.xlsx; ____Sensory_audiovisual/_incoming_Bath_archive_20260814/EXAMPLE ORGANIZATION/DeCasien etal 2017/41559_2017_BFs415590170112_MOESM250_ESM.xls
B_number,Gorilla_gorilla_gorilla17,17,trailing number; base 'Gorilla gorilla gorilla' seen in 59 files,4,DeCasien_Higham_2019/41559_2019_969_MOESM3_ESM.xlsx; ____Brain_structure_volumes/41559_2019_969_MOESM3_ESM.xlsx; ____Sensory_audiovisual/_incoming_Bath_archive_20260814/EXAMPLE ORGANIZATION/DeCasien Higham 2019/41559_2019_969_MOESM3_ESM.xlsx; ____Sensory_audiovisual/_incoming_Bath_archive_20260814/EXAMPLE ORGANIZATION/DeCasien etal 2017/41559_2017_BFs415590170112_MOESM250_ESM.xls
B_number,Gorilla_gorilla_gorilla2,2,trailing number; base 'Gorilla gorilla gorilla' seen in 59 files,4,DeCasien_Higham_2019/41559_2019_969_MOESM3_ESM.xlsx; ____Brain_structure_volumes/41559_2019_969_MOESM3_ESM.xlsx; ____Sensory_audiovisual/_incoming_Bath_archive_20260814/EXAMPLE ORGANIZATION/DeCasien Higham 2019/41559_2019_969_MOESM3_ESM.xlsx; ____Sensory_audiovisual/_incoming_Bath_archive_20260814/EXAMPLE ORGANIZATION/DeCasien etal 2017/41559_2017_BFs415590170112_MOESM250_ESM.xls
B_number,Gorilla_gorilla_gorilla27,27,trailing number; base 'Gorilla gorilla gorilla' seen in 59 files,4,DeCasien_Higham_2019/41559_2019_969_MOESM3_ESM.xlsx; ____Brain_structure_volumes/41559_2019_969_MOESM3_ESM.xlsx; ____Sensory_audiovisual/_incoming_Bath_archive_20260814/EXAMPLE ORGANIZATION/DeCasien Higham 2019/41559_2019_969_MOESM3_ESM.xlsx; ____Sensory_audiovisual/_incoming_Bath_archive_20260814/EXAMPLE ORGANIZATION/DeCasien etal 2017/41559_2017_BFs415590170112_MOESM250_ESM.xls
B_number,Gorilla_gorilla_gorilla3,3,trailing number; base 'Gorilla gorilla gorilla' seen in 59 files,4,DeCasien_Higham_2019/41559_2019_969_MOESM3_ESM.xlsx; ____Brain_structure_volumes/41559_2019_969_MOESM3_ESM.xlsx; ____Sensory_audiovisual/_incoming_Bath_archive_20260814/EXAMPLE ORGANIZATION/DeCasien Higham 2019/41559_2019_969_MOESM3_ESM.xlsx; ____Sensory_audiovisual/_incoming_Bath_archive_20260814/EXAMPLE ORGANIZATION/DeCasien etal 2017/41559_2017_BFs415590170112_MOESM250_ESM.xls
B_number,Gorilla_gorilla_gorilla4,4,trailing number; base 'Gorilla gorilla gorilla' seen in 59 files,4,DeCasien_Higham_2019/41559_2019_969_MOESM3_ESM.xlsx; ____Brain_structure_volumes/41559_2019_969_MOESM3_ESM.xlsx; ____Sensory_audiovisual/_incoming_Bath_archive_20260814/EXAMPLE ORGANIZATION/DeCasien Higham 2019/41559_2019_969_MOESM3_ESM.xlsx; ____Sensory_audiovisual/_incoming_Bath_archive_20260814/EXAMPLE ORGANIZATION/DeCasien etal 2017/41559_2017_BFs415590170112_MOESM250_ESM.xls
B_number,Gorilla_gorilla_gorilla5,5,trailing number; base 'Gorilla gorilla gorilla' seen in 59 files,4,DeCasien_Higham_2019/41559_2019_969_MOESM3_ESM.xlsx; ____Brain_structure_volumes/41559_2019_969_MOESM3_ESM.xlsx; ____Sensory_audiovisual/_incoming_Bath_archive_20260814/EXAMPLE ORGANIZATION/DeCasien Higham 2019/41559_2019_969_MOESM3_ESM.xlsx; ____Sensory_audiovisual/_incoming_Bath_archive_20260814/EXAMPLE ORGANIZATION/DeCasien etal 2017/41559_2017_BFs415590170112_MOESM250_ESM.xls
B_number,Gorilla_gorilla_gorilla6,6,trailing number; base 'Gorilla gorilla gorilla' seen in 59 files,4,DeCasien_Higham_2019/41559_2019_969_MOESM3_ESM.xlsx; ____Brain_structure_volumes/41559_2019_969_MOESM3_ESM.xlsx; ____Sensory_audiovisual/_incoming_Bath_archive_20260814/EXAMPLE ORGANIZATION/DeCasien Higham 2019/41559_2019_969_MOESM3_ESM.xlsx; ____Sensory_audiovisual/_incoming_Bath_archive_20260814/EXAMPLE ORGANIZATION/DeCasien etal 2017/41559_2017_BFs415590170112_MOESM250_ESM.xls
B_number,Gorilla_gorilla_gorilla7,7,trailing number; base 'Gorilla gorilla gorilla' seen in 59 files,4,DeCasien_Higham_2019/41559_2019_969_MOESM3_ESM.xlsx; ____Brain_structure_volumes/41559_2019_969_MOESM3_ESM.xlsx; ____Sensory_audiovisual/_incoming_Bath_archive_20260814/EXAMPLE ORGANIZATION/DeCasien Higham 2019/41559_2019_969_MOESM3_ESM.xlsx; ____Sensory_audiovisual/_incoming_Bath_archive_20260814/EXAMPLE ORGANIZATION/DeCasien etal 2017/41559_2017_BFs415590170112_MOESM250_ESM.xls
B_number,Gorilla_gorilla_gorilla9,9,trailing number; base 'Gorilla gorilla gorilla' seen in 59 files,4,DeCasien_Higham_2019/41559_2019_969_MOESM3_ESM.xlsx; ____Brain_structure_volumes/41559_2019_969_MOESM3_ESM.xlsx; ____Sensory_audiovisual/_incoming_Bath_archive_20260814/EXAMPLE ORGANIZATION/DeCasien Higham 2019/41559_2019_969_MOESM3_ESM.xlsx; ____Sensory_audiovisual/_incoming_Bath_archive_20260814/EXAMPLE ORGANIZATION/DeCasien etal 2017/41559_2017_BFs415590170112_MOESM250_ESM.xls
B_number,Hapalemur_aureus3,3,trailing number; base 'Hapalemur aureus' seen in 27 files,4,DeCasien_Higham_2019/41559_2019_969_MOESM3_ESM.xlsx; ____Brain_structure_volumes/41559_2019_969_MOESM3_ESM.xlsx; ____Sensory_audiovisual/_incoming_Bath_archive_20260814/EXAMPLE ORGANIZATION/DeCasien Higham 2019/41559_2019_969_MOESM3_ESM.xlsx; ____Sensory_audiovisual/_incoming_Bath_archive_20260814/EXAMPLE ORGANIZATION/DeCasien etal 2017/41559_2017_BFs415590170112_MOESM250_ESM.xls
B_number,Hapalemur_simus8,8,trailing number; base 'Hapalemur simus' seen in 48 files,4,DeCasien_Higham_2019/41559_2019_969_MOESM3_ESM.xlsx; ____Brain_structure_volumes/41559_2019_969_MOESM3_ESM.xlsx; ____Sensory_audiovisual/_incoming_Bath_archive_20260814/EXAMPLE ORGANIZATION/DeCasien Higham 2019/41559_2019_969_MOESM3_ESM.xlsx; ____Sensory_audiovisual/_incoming_Bath_archive_20260814/EXAMPLE ORGANIZATION/DeCasien etal 2017/41559_2017_BFs415590170112_MOESM250_ESM.xls
A_letter,Herpestes edwardsii,i,glued letter; base 'Herpestes edwardsi' in 18 files vs 2,2,Upham_etal_2019/Upham_etal_2019_DNAonlyMCC.csv; __Public/comparative-data/10.1371%2Fjournal.pbio.3000494_DNAonlyMCC.tsv
C_symbol,Homo sapiens (503/81) *,*,symbol/superscript marker,1,MacLeod_etal_2003/MacLeod_etal_2003_Table2_snapshot.csv
C_symbol,Homo sapiens (71/84) *,*,symbol/superscript marker,1,MacLeod_etal_2003/MacLeod_etal_2003_Table2_snapshot.csv
C_symbol,Homo sapiens (SN201/86) *,*,symbol/superscript marker,1,MacLeod_etal_2003/MacLeod_etal_2003_Table2_snapshot.csv
B_number,Homo sapiens 1,1,trailing number; base 'Homo sapiens' seen in 505 files,3,MacLeod_etal_2003/MacLeod_etal_2003_Table1.csv; MacLeod_etal_2003/MacLeod_etal_2003_Table1_snapshot.csv; __Public/comparative-data/10.1016%2Fs0047-2484(03)00028-9_Table1.tsv
B_number,Homo sapiens 1696,1696,trailing number; base 'Homo sapiens' seen in 505 files,3,Smaers_etal_2011/000323671_sm_suppltables.xlsx; Smaers_etal_2011/Smaers_etal_2011_SupplementaryTable1_snapshot.csv; Smaers_etal_2011/Smaers_etal_2011_SupplementaryTable2_snapshot.csv
B_number,Homo sapiens 2,2,trailing number; base 'Homo sapiens' seen in 505 files,3,MacLeod_etal_2003/MacLeod_etal_2003_Table1.csv; MacLeod_etal_2003/MacLeod_etal_2003_Table1_snapshot.csv; __Public/comparative-data/10.1016%2Fs0047-2484(03)00028-9_Table1.tsv
B_number,Homo sapiens 2431,2431,trailing number; base 'Homo sapiens' seen in 505 files,3,Smaers_etal_2011/000323671_sm_suppltables.xlsx; Smaers_etal_2011/Smaers_etal_2011_SupplementaryTable1_snapshot.csv; Smaers_etal_2011/Smaers_etal_2011_SupplementaryTable2_snapshot.csv
B_number,Homo sapiens 3,3,trailing number; base 'Homo sapiens' seen in 505 files,3,MacLeod_etal_2003/MacLeod_etal_2003_Table1.csv; MacLeod_etal_2003/MacLeod_etal_2003_Table1_snapshot.csv; __Public/comparative-data/10.1016%2Fs0047-2484(03)00028-9_Table1.tsv
B_number,Homo sapiens 4,4,trailing number; base 'Homo sapiens' seen in 505 files,3,MacLeod_etal_2003/MacLeod_etal_2003_Table1.csv; MacLeod_etal_2003/MacLeod_etal_2003_Table1_snapshot.csv; __Public/comparative-data/10.1016%2Fs0047-2484(03)00028-9_Table1.tsv
B_number,Homo sapiens 5,5,trailing number; base 'Homo sapiens' seen in 505 files,3,MacLeod_etal_2003/MacLeod_etal_2003_Table1.csv; MacLeod_etal_2003/MacLeod_etal_2003_Table1_snapshot.csv; __Public/comparative-data/10.1016%2Fs0047-2484(03)00028-9_Table1.tsv
B_number,Homo sapiens 5694,5694,trailing number; base 'Homo sapiens' seen in 505 files,3,Smaers_etal_2011/000323671_sm_suppltables.xlsx; Smaers_etal_2011/Smaers_etal_2011_SupplementaryTable1_snapshot.csv; Smaers_etal_2011/Smaers_etal_2011_SupplementaryTable2_snapshot.csv
B_number,Homo sapiens 6,6,trailing number; base 'Homo sapiens' seen in 505 files,3,MacLeod_etal_2003/MacLeod_etal_2003_Table1.csv; MacLeod_etal_2003/MacLeod_etal_2003_Table1_snapshot.csv; __Public/comparative-data/10.1016%2Fs0047-2484(03)00028-9_Table1.tsv
B_number,Homo sapiens 6895,6895,trailing number; base 'Homo sapiens' seen in 505 files,3,Smaers_etal_2011/000323671_sm_suppltables.xlsx; Smaers_etal_2011/Smaers_etal_2011_SupplementaryTable1_snapshot.csv; Smaers_etal_2011/Smaers_etal_2011_SupplementaryTable2_snapshot.csv
A_letter,Homo sapiensb,b,glued letter; base 'Homo sapiens' in 505 files vs 3,3,_checks/scan_species_name_markers.py; deSousa_etal_2010/deSousa_etal_2010.xlsx; deSousa_etal_2010/deSousa_etal_2010_Table1.R
C_symbol,"Homo sapiens∗,a",∗,symbol/superscript marker,2,Barger_etal_2014/Barger-2014-Evidence for evoluti.xlsx; Barger_etal_2014/Barger_etal_2014_Table1_snapshot.xlsx
C_symbol,Hylobates lar (1203) †,†,symbol/superscript marker,1,MacLeod_etal_2003/MacLeod_etal_2003_Table2_snapshot.csv
C_symbol,Hylobates lar (2436) (LH) ‡,‡,symbol/superscript marker,1,MacLeod_etal_2003/MacLeod_etal_2003_Table2_snapshot.csv
B_number,Hylobates lar 1203,1203,trailing number; base 'Hylobates lar' seen in 345 files,3,Smaers_etal_2011/000323671_sm_suppltables.xlsx; Smaers_etal_2011/Smaers_etal_2011_SupplementaryTable1_snapshot.csv; Smaers_etal_2011/Smaers_etal_2011_SupplementaryTable2_snapshot.csv
C_symbol,"Hylobates lar ∗,a",∗,symbol/superscript marker,2,Barger_etal_2014/Barger-2014-Evidence for evoluti.xlsx; Barger_etal_2014/Barger_etal_2014_Table1_snapshot.xlsx
A_letter,Hylobates muellerib,b,glued letter; base 'Hylobates muelleri' in 138 files vs 2,2,Barger_etal_2014/Barger-2014-Evidence for evoluti.xlsx; Barger_etal_2014/Barger_etal_2014_Table1_snapshot.xlsx
B_number,Hylobates_lar2,2,trailing number; base 'Hylobates lar' seen in 345 files,4,DeCasien_Higham_2019/41559_2019_969_MOESM3_ESM.xlsx; ____Brain_structure_volumes/41559_2019_969_MOESM3_ESM.xlsx; ____Sensory_audiovisual/_incoming_Bath_archive_20260814/EXAMPLE ORGANIZATION/DeCasien Higham 2019/41559_2019_969_MOESM3_ESM.xlsx; ____Sensory_audiovisual/_incoming_Bath_archive_20260814/EXAMPLE ORGANIZATION/DeCasien etal 2017/41559_2017_BFs415590170112_MOESM250_ESM.xls
B_number,Hylobates_lar3,3,trailing number; base 'Hylobates lar' seen in 345 files,4,DeCasien_Higham_2019/41559_2019_969_MOESM3_ESM.xlsx; ____Brain_structure_volumes/41559_2019_969_MOESM3_ESM.xlsx; ____Sensory_audiovisual/_incoming_Bath_archive_20260814/EXAMPLE ORGANIZATION/DeCasien Higham 2019/41559_2019_969_MOESM3_ESM.xlsx; ____Sensory_audiovisual/_incoming_Bath_archive_20260814/EXAMPLE ORGANIZATION/DeCasien etal 2017/41559_2017_BFs415590170112_MOESM250_ESM.xls
B_number,Hylobates_lar4,4,trailing number; base 'Hylobates lar' seen in 345 files,4,DeCasien_Higham_2019/41559_2019_969_MOESM3_ESM.xlsx; ____Brain_structure_volumes/41559_2019_969_MOESM3_ESM.xlsx; ____Sensory_audiovisual/_incoming_Bath_archive_20260814/EXAMPLE ORGANIZATION/DeCasien Higham 2019/41559_2019_969_MOESM3_ESM.xlsx; ____Sensory_audiovisual/_incoming_Bath_archive_20260814/EXAMPLE ORGANIZATION/DeCasien etal 2017/41559_2017_BFs415590170112_MOESM250_ESM.xls
B_number,Hylobates_lar5,5,trailing number; base 'Hylobates lar' seen in 345 files,4,DeCasien_Higham_2019/41559_2019_969_MOESM3_ESM.xlsx; ____Brain_structure_volumes/41559_2019_969_MOESM3_ESM.xlsx; ____Sensory_audiovisual/_incoming_Bath_archive_20260814/EXAMPLE ORGANIZATION/DeCasien Higham 2019/41559_2019_969_MOESM3_ESM.xlsx; ____Sensory_audiovisual/_incoming_Bath_archive_20260814/EXAMPLE ORGANIZATION/DeCasien etal 2017/41559_2017_BFs415590170112_MOESM250_ESM.xls
B_number,Hylobates_pileatus4,4,trailing number; base 'Hylobates pileatus' seen in 59 files,4,DeCasien_Higham_2019/41559_2019_969_MOESM3_ESM.xlsx; ____Brain_structure_volumes/41559_2019_969_MOESM3_ESM.xlsx; ____Sensory_audiovisual/_incoming_Bath_archive_20260814/EXAMPLE ORGANIZATION/DeCasien Higham 2019/41559_2019_969_MOESM3_ESM.xlsx; ____Sensory_audiovisual/_incoming_Bath_archive_20260814/EXAMPLE ORGANIZATION/DeCasien etal 2017/41559_2017_BFs415590170112_MOESM250_ESM.xls
B_number,Indri_indri2,2,trailing number; base 'Indri indri' seen in 228 files,4,DeCasien_Higham_2019/41559_2019_969_MOESM3_ESM.xlsx; ____Brain_structure_volumes/41559_2019_969_MOESM3_ESM.xlsx; ____Sensory_audiovisual/_incoming_Bath_archive_20260814/EXAMPLE ORGANIZATION/DeCasien Higham 2019/41559_2019_969_MOESM3_ESM.xlsx; ____Sensory_audiovisual/_incoming_Bath_archive_20260814/EXAMPLE ORGANIZATION/DeCasien etal 2017/41559_2017_BFs415590170112_MOESM250_ESM.xls
B_number,Indri_indri3,3,trailing number; base 'Indri indri' seen in 228 files,4,DeCasien_Higham_2019/41559_2019_969_MOESM3_ESM.xlsx; ____Brain_structure_volumes/41559_2019_969_MOESM3_ESM.xlsx; ____Sensory_audiovisual/_incoming_Bath_archive_20260814/EXAMPLE ORGANIZATION/DeCasien Higham 2019/41559_2019_969_MOESM3_ESM.xlsx; ____Sensory_audiovisual/_incoming_Bath_archive_20260814/EXAMPLE ORGANIZATION/DeCasien etal 2017/41559_2017_BFs415590170112_MOESM250_ESM.xls
B_number,Indri_indri4,4,trailing number; base 'Indri indri' seen in 228 files,4,DeCasien_Higham_2019/41559_2019_969_MOESM3_ESM.xlsx; ____Brain_structure_volumes/41559_2019_969_MOESM3_ESM.xlsx; ____Sensory_audiovisual/_incoming_Bath_archive_20260814/EXAMPLE ORGANIZATION/DeCasien Higham 2019/41559_2019_969_MOESM3_ESM.xlsx; ____Sensory_audiovisual/_incoming_Bath_archive_20260814/EXAMPLE ORGANIZATION/DeCasien etal 2017/41559_2017_BFs415590170112_MOESM250_ESM.xls
A_letter,Japanese macaques,s,glued letter; base 'Japanese macaque' in 10 files vs 2,2,____Sensory_audiovisual/_incoming_Bath_archive_20260814/Meeting 23 July/hearing data.xlsx; ____Sensory_audiovisual/_incoming_Bath_archive_20260814/Part 2 Hearing data/hearing data.xlsx
E_ocr,Kochiyama_etal_2018/Kochiyama_etal_2018_Figure3legend.R,,possible OCR corruption,2,_checks/csv_tsv_candidate_creators.csv; _checks/r_script_data_file_associations.csv
E_ocr,Kochiyama_etal_2018/Kochiyama_etal_2018_Figure3legend.csv,,possible OCR corruption,2,_checks/csv_tsv_candidate_creators.csv; _checks/r_script_data_file_associations.csv
E_ocr,Kochiyama_etal_2018/Kochiyama_etal_2018_Figure3legend_snapshot.csv,,possible OCR corruption,2,_checks/csv_tsv_candidate_creators.csv; _checks/r_script_data_file_associations.csv
E_ocr,Kochiyama_etal_2018_Figure3legend,,possible OCR corruption,9,Kochiyama_etal_2018/reference_tables/Kochiyama_etal_2018_Figure3legend_definitions.csv; __ReadMe.pre_deSousa2009.bak.xlsx; _archive/__ReadMe.backup_before_KarbowskiS1-S23_20260717.xlsx; _archive/__ReadMe.pre_20260805.bak.xlsx; _archive/__ReadMe.pre_20260806.bak.xlsx
E_ocr,Kochiyama_etal_2018_Figure3legend.csv,,possible OCR corruption,3,Kochiyama_etal_2018/Kochiyama_etal_2018_reconcile_relative_volumes.R; _checks/csv_tsv_candidate_creators.csv; _checks/r_script_data_file_associations.csv
E_ocr,Kochiyama_etal_2018_Figure3legend_definitions.csv,,possible OCR corruption,1,_checks/csv_tsv_no_candidate_script_found.csv
E_ocr,Kochiyama_etal_2018_Figure3legend_snapshot.csv,,possible OCR corruption,3,Kochiyama_etal_2018/Kochiyama_etal_2018_Figure3legend.R; _checks/csv_tsv_candidate_creators.csv; _checks/r_script_data_file_associations.csv
B_number,Lagothrix lagotricha 1571,1571,trailing number; base 'Lagothrix lagotricha' seen in 162 files,3,Smaers_etal_2011/000323671_sm_suppltables.xlsx; Smaers_etal_2011/Smaers_etal_2011_SupplementaryTable1_snapshot.csv; Smaers_etal_2011/Smaers_etal_2011_SupplementaryTable2_snapshot.csv
B_number,Lagothrix_lagotricha11,11,trailing number; base 'Lagothrix lagotricha' seen in 162 files,4,DeCasien_Higham_2019/41559_2019_969_MOESM3_ESM.xlsx; ____Brain_structure_volumes/41559_2019_969_MOESM3_ESM.xlsx; ____Sensory_audiovisual/_incoming_Bath_archive_20260814/EXAMPLE ORGANIZATION/DeCasien Higham 2019/41559_2019_969_MOESM3_ESM.xlsx; ____Sensory_audiovisual/_incoming_Bath_archive_20260814/EXAMPLE ORGANIZATION/DeCasien etal 2017/41559_2017_BFs415590170112_MOESM250_ESM.xls
B_number,Lagothrix_lagotricha12,12,trailing number; base 'Lagothrix lagotricha' seen in 162 files,4,DeCasien_Higham_2019/41559_2019_969_MOESM3_ESM.xlsx; ____Brain_structure_volumes/41559_2019_969_MOESM3_ESM.xlsx; ____Sensory_audiovisual/_incoming_Bath_archive_20260814/EXAMPLE ORGANIZATION/DeCasien Higham 2019/41559_2019_969_MOESM3_ESM.xlsx; ____Sensory_audiovisual/_incoming_Bath_archive_20260814/EXAMPLE ORGANIZATION/DeCasien etal 2017/41559_2017_BFs415590170112_MOESM250_ESM.xls
B_number,Lagothrix_lagotricha17,17,trailing number; base 'Lagothrix lagotricha' seen in 162 files,4,DeCasien_Higham_2019/41559_2019_969_MOESM3_ESM.xlsx; ____Brain_structure_volumes/41559_2019_969_MOESM3_ESM.xlsx; ____Sensory_audiovisual/_incoming_Bath_archive_20260814/EXAMPLE ORGANIZATION/DeCasien Higham 2019/41559_2019_969_MOESM3_ESM.xlsx; ____Sensory_audiovisual/_incoming_Bath_archive_20260814/EXAMPLE ORGANIZATION/DeCasien etal 2017/41559_2017_BFs415590170112_MOESM250_ESM.xls
B_number,Lagothrix_lagotricha19,19,trailing number; base 'Lagothrix lagotricha' seen in 162 files,4,DeCasien_Higham_2019/41559_2019_969_MOESM3_ESM.xlsx; ____Brain_structure_volumes/41559_2019_969_MOESM3_ESM.xlsx; ____Sensory_audiovisual/_incoming_Bath_archive_20260814/EXAMPLE ORGANIZATION/DeCasien Higham 2019/41559_2019_969_MOESM3_ESM.xlsx; ____Sensory_audiovisual/_incoming_Bath_archive_20260814/EXAMPLE ORGANIZATION/DeCasien etal 2017/41559_2017_BFs415590170112_MOESM250_ESM.xls
B_number,Lagothrix_lagotricha22,22,trailing number; base 'Lagothrix lagotricha' seen in 162 files,4,DeCasien_Higham_2019/41559_2019_969_MOESM3_ESM.xlsx; ____Brain_structure_volumes/41559_2019_969_MOESM3_ESM.xlsx; ____Sensory_audiovisual/_incoming_Bath_archive_20260814/EXAMPLE ORGANIZATION/DeCasien Higham 2019/41559_2019_969_MOESM3_ESM.xlsx; ____Sensory_audiovisual/_incoming_Bath_archive_20260814/EXAMPLE ORGANIZATION/DeCasien etal 2017/41559_2017_BFs415590170112_MOESM250_ESM.xls
B_number,Lagothrix_lagotricha23,23,trailing number; base 'Lagothrix lagotricha' seen in 162 files,4,DeCasien_Higham_2019/41559_2019_969_MOESM3_ESM.xlsx; ____Brain_structure_volumes/41559_2019_969_MOESM3_ESM.xlsx; ____Sensory_audiovisual/_incoming_Bath_archive_20260814/EXAMPLE ORGANIZATION/DeCasien Higham 2019/41559_2019_969_MOESM3_ESM.xlsx; ____Sensory_audiovisual/_incoming_Bath_archive_20260814/EXAMPLE ORGANIZATION/DeCasien etal 2017/41559_2017_BFs415590170112_MOESM250_ESM.xls
B_number,Lagothrix_lagotricha25,25,trailing number; base 'Lagothrix lagotricha' seen in 162 files,4,DeCasien_Higham_2019/41559_2019_969_MOESM3_ESM.xlsx; ____Brain_structure_volumes/41559_2019_969_MOESM3_ESM.xlsx; ____Sensory_audiovisual/_incoming_Bath_archive_20260814/EXAMPLE ORGANIZATION/DeCasien Higham 2019/41559_2019_969_MOESM3_ESM.xlsx; ____Sensory_audiovisual/_incoming_Bath_archive_20260814/EXAMPLE ORGANIZATION/DeCasien etal 2017/41559_2017_BFs415590170112_MOESM250_ESM.xls
B_number,Lagothrix_lagotricha30,30,trailing number; base 'Lagothrix lagotricha' seen in 162 files,4,DeCasien_Higham_2019/41559_2019_969_MOESM3_ESM.xlsx; ____Brain_structure_volumes/41559_2019_969_MOESM3_ESM.xlsx; ____Sensory_audiovisual/_incoming_Bath_archive_20260814/EXAMPLE ORGANIZATION/DeCasien Higham 2019/41559_2019_969_MOESM3_ESM.xlsx; ____Sensory_audiovisual/_incoming_Bath_archive_20260814/EXAMPLE ORGANIZATION/DeCasien etal 2017/41559_2017_BFs415590170112_MOESM250_ESM.xls
B_number,Lagothrix_lagotricha33,33,trailing number; base 'Lagothrix lagotricha' seen in 162 files,4,DeCasien_Higham_2019/41559_2019_969_MOESM3_ESM.xlsx; ____Brain_structure_volumes/41559_2019_969_MOESM3_ESM.xlsx; ____Sensory_audiovisual/_incoming_Bath_archive_20260814/EXAMPLE ORGANIZATION/DeCasien Higham 2019/41559_2019_969_MOESM3_ESM.xlsx; ____Sensory_audiovisual/_incoming_Bath_archive_20260814/EXAMPLE ORGANIZATION/DeCasien etal 2017/41559_2017_BFs415590170112_MOESM250_ESM.xls
B_number,Lagothrix_lagotricha8,8,trailing number; base 'Lagothrix lagotricha' seen in 162 files,4,DeCasien_Higham_2019/41559_2019_969_MOESM3_ESM.xlsx; ____Brain_structure_volumes/41559_2019_969_MOESM3_ESM.xlsx; ____Sensory_audiovisual/_incoming_Bath_archive_20260814/EXAMPLE ORGANIZATION/DeCasien Higham 2019/41559_2019_969_MOESM3_ESM.xlsx; ____Sensory_audiovisual/_incoming_Bath_archive_20260814/EXAMPLE ORGANIZATION/DeCasien etal 2017/41559_2017_BFs415590170112_MOESM250_ESM.xls
B_number,Lemur albifrons6,6,trailing number; base 'Lemur albifrons' seen in 44 files,1,Baron_etal_1983/Baron_etal_1983_Table1_snapshot.xlsx
C_symbol,Lemur albifrons⁷,⁷,symbol/superscript marker,1,Stephan_etal_1982/Stephan_etal_1982_Table1_snapshot.xlsx
B_number,Lemur_catta12,12,trailing number; base 'Lemur catta' seen in 196 files,4,DeCasien_Higham_2019/41559_2019_969_MOESM3_ESM.xlsx; ____Brain_structure_volumes/41559_2019_969_MOESM3_ESM.xlsx; ____Sensory_audiovisual/_incoming_Bath_archive_20260814/EXAMPLE ORGANIZATION/DeCasien Higham 2019/41559_2019_969_MOESM3_ESM.xlsx; ____Sensory_audiovisual/_incoming_Bath_archive_20260814/EXAMPLE ORGANIZATION/DeCasien etal 2017/41559_2017_BFs415590170112_MOESM250_ESM.xls
B_number,Lemur_catta15,15,trailing number; base 'Lemur catta' seen in 196 files,4,DeCasien_Higham_2019/41559_2019_969_MOESM3_ESM.xlsx; ____Brain_structure_volumes/41559_2019_969_MOESM3_ESM.xlsx; ____Sensory_audiovisual/_incoming_Bath_archive_20260814/EXAMPLE ORGANIZATION/DeCasien Higham 2019/41559_2019_969_MOESM3_ESM.xlsx; ____Sensory_audiovisual/_incoming_Bath_archive_20260814/EXAMPLE ORGANIZATION/DeCasien etal 2017/41559_2017_BFs415590170112_MOESM250_ESM.xls
B_number,Lemur_catta17,17,trailing number; base 'Lemur catta' seen in 196 files,4,DeCasien_Higham_2019/41559_2019_969_MOESM3_ESM.xlsx; ____Brain_structure_volumes/41559_2019_969_MOESM3_ESM.xlsx; ____Sensory_audiovisual/_incoming_Bath_archive_20260814/EXAMPLE ORGANIZATION/DeCasien Higham 2019/41559_2019_969_MOESM3_ESM.xlsx; ____Sensory_audiovisual/_incoming_Bath_archive_20260814/EXAMPLE ORGANIZATION/DeCasien etal 2017/41559_2017_BFs415590170112_MOESM250_ESM.xls
B_number,Lemur_catta18,18,trailing number; base 'Lemur catta' seen in 196 files,4,DeCasien_Higham_2019/41559_2019_969_MOESM3_ESM.xlsx; ____Brain_structure_volumes/41559_2019_969_MOESM3_ESM.xlsx; ____Sensory_audiovisual/_incoming_Bath_archive_20260814/EXAMPLE ORGANIZATION/DeCasien Higham 2019/41559_2019_969_MOESM3_ESM.xlsx; ____Sensory_audiovisual/_incoming_Bath_archive_20260814/EXAMPLE ORGANIZATION/DeCasien etal 2017/41559_2017_BFs415590170112_MOESM250_ESM.xls
B_number,Leontopithecus_rosalia5,5,trailing number; base 'Leontopithecus rosalia' seen in 172 files,4,DeCasien_Higham_2019/41559_2019_969_MOESM3_ESM.xlsx; ____Brain_structure_volumes/41559_2019_969_MOESM3_ESM.xlsx; ____Sensory_audiovisual/_incoming_Bath_archive_20260814/EXAMPLE ORGANIZATION/DeCasien Higham 2019/41559_2019_969_MOESM3_ESM.xlsx; ____Sensory_audiovisual/_incoming_Bath_archive_20260814/EXAMPLE ORGANIZATION/DeCasien etal 2017/41559_2017_BFs415590170112_MOESM250_ESM.xls
B_number,Lepilemur_mustelinus1,1,trailing number; base 'Lepilemur mustelinus' seen in 50 files,4,DeCasien_Higham_2019/41559_2019_969_MOESM3_ESM.xlsx; ____Brain_structure_volumes/41559_2019_969_MOESM3_ESM.xlsx; ____Sensory_audiovisual/_incoming_Bath_archive_20260814/EXAMPLE ORGANIZATION/DeCasien Higham 2019/41559_2019_969_MOESM3_ESM.xlsx; ____Sensory_audiovisual/_incoming_Bath_archive_20260814/EXAMPLE ORGANIZATION/DeCasien etal 2017/41559_2017_BFs415590170112_MOESM250_ESM.xls
B_number,Lepilemur_mustelinus2,2,trailing number; base 'Lepilemur mustelinus' seen in 50 files,4,DeCasien_Higham_2019/41559_2019_969_MOESM3_ESM.xlsx; ____Brain_structure_volumes/41559_2019_969_MOESM3_ESM.xlsx; ____Sensory_audiovisual/_incoming_Bath_archive_20260814/EXAMPLE ORGANIZATION/DeCasien Higham 2019/41559_2019_969_MOESM3_ESM.xlsx; ____Sensory_audiovisual/_incoming_Bath_archive_20260814/EXAMPLE ORGANIZATION/DeCasien etal 2017/41559_2017_BFs415590170112_MOESM250_ESM.xls
B_number,Lophocebus_albigena11,11,trailing number; base 'Lophocebus albigena' seen in 186 files,4,DeCasien_Higham_2019/41559_2019_969_MOESM3_ESM.xlsx; ____Brain_structure_volumes/41559_2019_969_MOESM3_ESM.xlsx; ____Sensory_audiovisual/_incoming_Bath_archive_20260814/EXAMPLE ORGANIZATION/DeCasien Higham 2019/41559_2019_969_MOESM3_ESM.xlsx; ____Sensory_audiovisual/_incoming_Bath_archive_20260814/EXAMPLE ORGANIZATION/DeCasien etal 2017/41559_2017_BFs415590170112_MOESM250_ESM.xls
B_number,Lophocebus_albigena13,13,trailing number; base 'Lophocebus albigena' seen in 186 files,4,DeCasien_Higham_2019/41559_2019_969_MOESM3_ESM.xlsx; ____Brain_structure_volumes/41559_2019_969_MOESM3_ESM.xlsx; ____Sensory_audiovisual/_incoming_Bath_archive_20260814/EXAMPLE ORGANIZATION/DeCasien Higham 2019/41559_2019_969_MOESM3_ESM.xlsx; ____Sensory_audiovisual/_incoming_Bath_archive_20260814/EXAMPLE ORGANIZATION/DeCasien etal 2017/41559_2017_BFs415590170112_MOESM250_ESM.xls
B_number,Lophocebus_albigena14,14,trailing number; base 'Lophocebus albigena' seen in 186 files,4,DeCasien_Higham_2019/41559_2019_969_MOESM3_ESM.xlsx; ____Brain_structure_volumes/41559_2019_969_MOESM3_ESM.xlsx; ____Sensory_audiovisual/_incoming_Bath_archive_20260814/EXAMPLE ORGANIZATION/DeCasien Higham 2019/41559_2019_969_MOESM3_ESM.xlsx; ____Sensory_audiovisual/_incoming_Bath_archive_20260814/EXAMPLE ORGANIZATION/DeCasien etal 2017/41559_2017_BFs415590170112_MOESM250_ESM.xls
B_number,Lophocebus_albigena15,15,trailing number; base 'Lophocebus albigena' seen in 186 files,4,DeCasien_Higham_2019/41559_2019_969_MOESM3_ESM.xlsx; ____Brain_structure_volumes/41559_2019_969_MOESM3_ESM.xlsx; ____Sensory_audiovisual/_incoming_Bath_archive_20260814/EXAMPLE ORGANIZATION/DeCasien Higham 2019/41559_2019_969_MOESM3_ESM.xlsx; ____Sensory_audiovisual/_incoming_Bath_archive_20260814/EXAMPLE ORGANIZATION/DeCasien etal 2017/41559_2017_BFs415590170112_MOESM250_ESM.xls
B_number,Lophocebus_albigena16,16,trailing number; base 'Lophocebus albigena' seen in 186 files,4,DeCasien_Higham_2019/41559_2019_969_MOESM3_ESM.xlsx; ____Brain_structure_volumes/41559_2019_969_MOESM3_ESM.xlsx; ____Sensory_audiovisual/_incoming_Bath_archive_20260814/EXAMPLE ORGANIZATION/DeCasien Higham 2019/41559_2019_969_MOESM3_ESM.xlsx; ____Sensory_audiovisual/_incoming_Bath_archive_20260814/EXAMPLE ORGANIZATION/DeCasien etal 2017/41559_2017_BFs415590170112_MOESM250_ESM.xls
B_number,Lophocebus_albigena17,17,trailing number; base 'Lophocebus albigena' seen in 186 files,4,DeCasien_Higham_2019/41559_2019_969_MOESM3_ESM.xlsx; ____Brain_structure_volumes/41559_2019_969_MOESM3_ESM.xlsx; ____Sensory_audiovisual/_incoming_Bath_archive_20260814/EXAMPLE ORGANIZATION/DeCasien Higham 2019/41559_2019_969_MOESM3_ESM.xlsx; ____Sensory_audiovisual/_incoming_Bath_archive_20260814/EXAMPLE ORGANIZATION/DeCasien etal 2017/41559_2017_BFs415590170112_MOESM250_ESM.xls
B_number,Lophocebus_albigena18,18,trailing number; base 'Lophocebus albigena' seen in 186 files,4,DeCasien_Higham_2019/41559_2019_969_MOESM3_ESM.xlsx; ____Brain_structure_volumes/41559_2019_969_MOESM3_ESM.xlsx; ____Sensory_audiovisual/_incoming_Bath_archive_20260814/EXAMPLE ORGANIZATION/DeCasien Higham 2019/41559_2019_969_MOESM3_ESM.xlsx; ____Sensory_audiovisual/_incoming_Bath_archive_20260814/EXAMPLE ORGANIZATION/DeCasien etal 2017/41559_2017_BFs415590170112_MOESM250_ESM.xls
B_number,Lophocebus_albigena19,19,trailing number; base 'Lophocebus albigena' seen in 186 files,4,DeCasien_Higham_2019/41559_2019_969_MOESM3_ESM.xlsx; ____Brain_structure_volumes/41559_2019_969_MOESM3_ESM.xlsx; ____Sensory_audiovisual/_incoming_Bath_archive_20260814/EXAMPLE ORGANIZATION/DeCasien Higham 2019/41559_2019_969_MOESM3_ESM.xlsx; ____Sensory_audiovisual/_incoming_Bath_archive_20260814/EXAMPLE ORGANIZATION/DeCasien etal 2017/41559_2017_BFs415590170112_MOESM250_ESM.xls
B_number,Lophocebus_albigena21,21,trailing number; base 'Lophocebus albigena' seen in 186 files,4,DeCasien_Higham_2019/41559_2019_969_MOESM3_ESM.xlsx; ____Brain_structure_volumes/41559_2019_969_MOESM3_ESM.xlsx; ____Sensory_audiovisual/_incoming_Bath_archive_20260814/EXAMPLE ORGANIZATION/DeCasien Higham 2019/41559_2019_969_MOESM3_ESM.xlsx; ____Sensory_audiovisual/_incoming_Bath_archive_20260814/EXAMPLE ORGANIZATION/DeCasien etal 2017/41559_2017_BFs415590170112_MOESM250_ESM.xls
B_number,Lophocebus_albigena25,25,trailing number; base 'Lophocebus albigena' seen in 186 files,4,DeCasien_Higham_2019/41559_2019_969_MOESM3_ESM.xlsx; ____Brain_structure_volumes/41559_2019_969_MOESM3_ESM.xlsx; ____Sensory_audiovisual/_incoming_Bath_archive_20260814/EXAMPLE ORGANIZATION/DeCasien Higham 2019/41559_2019_969_MOESM3_ESM.xlsx; ____Sensory_audiovisual/_incoming_Bath_archive_20260814/EXAMPLE ORGANIZATION/DeCasien etal 2017/41559_2017_BFs415590170112_MOESM250_ESM.xls
B_number,Lophocebus_albigena27,27,trailing number; base 'Lophocebus albigena' seen in 186 files,4,DeCasien_Higham_2019/41559_2019_969_MOESM3_ESM.xlsx; ____Brain_structure_volumes/41559_2019_969_MOESM3_ESM.xlsx; ____Sensory_audiovisual/_incoming_Bath_archive_20260814/EXAMPLE ORGANIZATION/DeCasien Higham 2019/41559_2019_969_MOESM3_ESM.xlsx; ____Sensory_audiovisual/_incoming_Bath_archive_20260814/EXAMPLE ORGANIZATION/DeCasien etal 2017/41559_2017_BFs415590170112_MOESM250_ESM.xls
B_number,Lophocebus_albigena5,5,trailing number; base 'Lophocebus albigena' seen in 186 files,4,DeCasien_Higham_2019/41559_2019_969_MOESM3_ESM.xlsx; ____Brain_structure_volumes/41559_2019_969_MOESM3_ESM.xlsx; ____Sensory_audiovisual/_incoming_Bath_archive_20260814/EXAMPLE ORGANIZATION/DeCasien Higham 2019/41559_2019_969_MOESM3_ESM.xlsx; ____Sensory_audiovisual/_incoming_Bath_archive_20260814/EXAMPLE ORGANIZATION/DeCasien etal 2017/41559_2017_BFs415590170112_MOESM250_ESM.xls
B_number,Lophocebus_albigena6,6,trailing number; base 'Lophocebus albigena' seen in 186 files,4,DeCasien_Higham_2019/41559_2019_969_MOESM3_ESM.xlsx; ____Brain_structure_volumes/41559_2019_969_MOESM3_ESM.xlsx; ____Sensory_audiovisual/_incoming_Bath_archive_20260814/EXAMPLE ORGANIZATION/DeCasien Higham 2019/41559_2019_969_MOESM3_ESM.xlsx; ____Sensory_audiovisual/_incoming_Bath_archive_20260814/EXAMPLE ORGANIZATION/DeCasien etal 2017/41559_2017_BFs415590170112_MOESM250_ESM.xls
B_number,Lophocebus_albigena9,9,trailing number; base 'Lophocebus albigena' seen in 186 files,4,DeCasien_Higham_2019/41559_2019_969_MOESM3_ESM.xlsx; ____Brain_structure_volumes/41559_2019_969_MOESM3_ESM.xlsx; ____Sensory_audiovisual/_incoming_Bath_archive_20260814/EXAMPLE ORGANIZATION/DeCasien Higham 2019/41559_2019_969_MOESM3_ESM.xlsx; ____Sensory_audiovisual/_incoming_Bath_archive_20260814/EXAMPLE ORGANIZATION/DeCasien etal 2017/41559_2017_BFs415590170112_MOESM250_ESM.xls
B_number,Loris_tardigradus1,1,trailing number; base 'Loris tardigradus' seen in 248 files,4,DeCasien_Higham_2019/41559_2019_969_MOESM3_ESM.xlsx; ____Brain_structure_volumes/41559_2019_969_MOESM3_ESM.xlsx; ____Sensory_audiovisual/_incoming_Bath_archive_20260814/EXAMPLE ORGANIZATION/DeCasien Higham 2019/41559_2019_969_MOESM3_ESM.xlsx; ____Sensory_audiovisual/_incoming_Bath_archive_20260814/EXAMPLE ORGANIZATION/DeCasien etal 2017/41559_2017_BFs415590170112_MOESM250_ESM.xls
B_number,Loris_tardigradus3,3,trailing number; base 'Loris tardigradus' seen in 248 files,4,DeCasien_Higham_2019/41559_2019_969_MOESM3_ESM.xlsx; ____Brain_structure_volumes/41559_2019_969_MOESM3_ESM.xlsx; ____Sensory_audiovisual/_incoming_Bath_archive_20260814/EXAMPLE ORGANIZATION/DeCasien Higham 2019/41559_2019_969_MOESM3_ESM.xlsx; ____Sensory_audiovisual/_incoming_Bath_archive_20260814/EXAMPLE ORGANIZATION/DeCasien etal 2017/41559_2017_BFs415590170112_MOESM250_ESM.xls
C_symbol,Macaca mulatta (Rhesus R4) *‡,*‡,symbol/superscript marker,1,MacLeod_etal_2003/MacLeod_etal_2003_Table2_snapshot.csv
C_symbol,Macaca tonkeana†,†,symbol/superscript marker,2,Caspar_etal_2022/Caspar_etal_2022_exportMSexcel.xlsx; _checks/scan_species_name_markers.py
B_number,Macaca_arctoides5,5,trailing number; base 'Macaca arctoides' seen in 65 files,4,DeCasien_Higham_2019/41559_2019_969_MOESM3_ESM.xlsx; ____Brain_structure_volumes/41559_2019_969_MOESM3_ESM.xlsx; ____Sensory_audiovisual/_incoming_Bath_archive_20260814/EXAMPLE ORGANIZATION/DeCasien Higham 2019/41559_2019_969_MOESM3_ESM.xlsx; ____Sensory_audiovisual/_incoming_Bath_archive_20260814/EXAMPLE ORGANIZATION/DeCasien etal 2017/41559_2017_BFs415590170112_MOESM250_ESM.xls
B_number,Macaca_assamensis30,30,trailing number; base 'Macaca assamensis' seen in 46 files,4,DeCasien_Higham_2019/41559_2019_969_MOESM3_ESM.xlsx; ____Brain_structure_volumes/41559_2019_969_MOESM3_ESM.xlsx; ____Sensory_audiovisual/_incoming_Bath_archive_20260814/EXAMPLE ORGANIZATION/DeCasien Higham 2019/41559_2019_969_MOESM3_ESM.xlsx; ____Sensory_audiovisual/_incoming_Bath_archive_20260814/EXAMPLE ORGANIZATION/DeCasien etal 2017/41559_2017_BFs415590170112_MOESM250_ESM.xls
B_number,Macaca_fascicularis27,27,trailing number; base 'Macaca fascicularis' seen in 276 files,4,DeCasien_Higham_2019/41559_2019_969_MOESM3_ESM.xlsx; ____Brain_structure_volumes/41559_2019_969_MOESM3_ESM.xlsx; ____Sensory_audiovisual/_incoming_Bath_archive_20260814/EXAMPLE ORGANIZATION/DeCasien Higham 2019/41559_2019_969_MOESM3_ESM.xlsx; ____Sensory_audiovisual/_incoming_Bath_archive_20260814/EXAMPLE ORGANIZATION/DeCasien etal 2017/41559_2017_BFs415590170112_MOESM250_ESM.xls
B_number,Macaca_fascicularis29,29,trailing number; base 'Macaca fascicularis' seen in 276 files,4,DeCasien_Higham_2019/41559_2019_969_MOESM3_ESM.xlsx; ____Brain_structure_volumes/41559_2019_969_MOESM3_ESM.xlsx; ____Sensory_audiovisual/_incoming_Bath_archive_20260814/EXAMPLE ORGANIZATION/DeCasien Higham 2019/41559_2019_969_MOESM3_ESM.xlsx; ____Sensory_audiovisual/_incoming_Bath_archive_20260814/EXAMPLE ORGANIZATION/DeCasien etal 2017/41559_2017_BFs415590170112_MOESM250_ESM.xls
B_number,Macaca_fuscata117,117,trailing number; base 'Macaca fuscata' seen in 76 files,4,DeCasien_Higham_2019/41559_2019_969_MOESM3_ESM.xlsx; ____Brain_structure_volumes/41559_2019_969_MOESM3_ESM.xlsx; ____Sensory_audiovisual/_incoming_Bath_archive_20260814/EXAMPLE ORGANIZATION/DeCasien Higham 2019/41559_2019_969_MOESM3_ESM.xlsx; ____Sensory_audiovisual/_incoming_Bath_archive_20260814/EXAMPLE ORGANIZATION/DeCasien etal 2017/41559_2017_BFs415590170112_MOESM250_ESM.xls
B_number,Macaca_fuscata24,24,trailing number; base 'Macaca fuscata' seen in 76 files,4,DeCasien_Higham_2019/41559_2019_969_MOESM3_ESM.xlsx; ____Brain_structure_volumes/41559_2019_969_MOESM3_ESM.xlsx; ____Sensory_audiovisual/_incoming_Bath_archive_20260814/EXAMPLE ORGANIZATION/DeCasien Higham 2019/41559_2019_969_MOESM3_ESM.xlsx; ____Sensory_audiovisual/_incoming_Bath_archive_20260814/EXAMPLE ORGANIZATION/DeCasien etal 2017/41559_2017_BFs415590170112_MOESM250_ESM.xls
B_number,Macaca_fuscata81,81,trailing number; base 'Macaca fuscata' seen in 76 files,4,DeCasien_Higham_2019/41559_2019_969_MOESM3_ESM.xlsx; ____Brain_structure_volumes/41559_2019_969_MOESM3_ESM.xlsx; ____Sensory_audiovisual/_incoming_Bath_archive_20260814/EXAMPLE ORGANIZATION/DeCasien Higham 2019/41559_2019_969_MOESM3_ESM.xlsx; ____Sensory_audiovisual/_incoming_Bath_archive_20260814/EXAMPLE ORGANIZATION/DeCasien etal 2017/41559_2017_BFs415590170112_MOESM250_ESM.xls
B_number,Macaca_mulatta13,13,trailing number; base 'Macaca mulatta' seen in 475 files,4,DeCasien_Higham_2019/41559_2019_969_MOESM3_ESM.xlsx; ____Brain_structure_volumes/41559_2019_969_MOESM3_ESM.xlsx; ____Sensory_audiovisual/_incoming_Bath_archive_20260814/EXAMPLE ORGANIZATION/DeCasien Higham 2019/41559_2019_969_MOESM3_ESM.xlsx; ____Sensory_audiovisual/_incoming_Bath_archive_20260814/EXAMPLE ORGANIZATION/DeCasien etal 2017/41559_2017_BFs415590170112_MOESM250_ESM.xls
B_number,Macaca_mulatta18,18,trailing number; base 'Macaca mulatta' seen in 475 files,4,DeCasien_Higham_2019/41559_2019_969_MOESM3_ESM.xlsx; ____Brain_structure_volumes/41559_2019_969_MOESM3_ESM.xlsx; ____Sensory_audiovisual/_incoming_Bath_archive_20260814/EXAMPLE ORGANIZATION/DeCasien Higham 2019/41559_2019_969_MOESM3_ESM.xlsx; ____Sensory_audiovisual/_incoming_Bath_archive_20260814/EXAMPLE ORGANIZATION/DeCasien etal 2017/41559_2017_BFs415590170112_MOESM250_ESM.xls
B_number,Macaca_mulatta19,19,trailing number; base 'Macaca mulatta' seen in 475 files,4,DeCasien_Higham_2019/41559_2019_969_MOESM3_ESM.xlsx; ____Brain_structure_volumes/41559_2019_969_MOESM3_ESM.xlsx; ____Sensory_audiovisual/_incoming_Bath_archive_20260814/EXAMPLE ORGANIZATION/DeCasien Higham 2019/41559_2019_969_MOESM3_ESM.xlsx; ____Sensory_audiovisual/_incoming_Bath_archive_20260814/EXAMPLE ORGANIZATION/DeCasien etal 2017/41559_2017_BFs415590170112_MOESM250_ESM.xls
B_number,Macaca_mulatta25,25,trailing number; base 'Macaca mulatta' seen in 475 files,4,DeCasien_Higham_2019/41559_2019_969_MOESM3_ESM.xlsx; ____Brain_structure_volumes/41559_2019_969_MOESM3_ESM.xlsx; ____Sensory_audiovisual/_incoming_Bath_archive_20260814/EXAMPLE ORGANIZATION/DeCasien Higham 2019/41559_2019_969_MOESM3_ESM.xlsx; ____Sensory_audiovisual/_incoming_Bath_archive_20260814/EXAMPLE ORGANIZATION/DeCasien etal 2017/41559_2017_BFs415590170112_MOESM250_ESM.xls
B_number,Macaca_mulatta29,29,trailing number; base 'Macaca mulatta' seen in 475 files,4,DeCasien_Higham_2019/41559_2019_969_MOESM3_ESM.xlsx; ____Brain_structure_volumes/41559_2019_969_MOESM3_ESM.xlsx; ____Sensory_audiovisual/_incoming_Bath_archive_20260814/EXAMPLE ORGANIZATION/DeCasien Higham 2019/41559_2019_969_MOESM3_ESM.xlsx; ____Sensory_audiovisual/_incoming_Bath_archive_20260814/EXAMPLE ORGANIZATION/DeCasien etal 2017/41559_2017_BFs415590170112_MOESM250_ESM.xls
B_number,Macaca_mulatta30,30,trailing number; base 'Macaca mulatta' seen in 475 files,4,DeCasien_Higham_2019/41559_2019_969_MOESM3_ESM.xlsx; ____Brain_structure_volumes/41559_2019_969_MOESM3_ESM.xlsx; ____Sensory_audiovisual/_incoming_Bath_archive_20260814/EXAMPLE ORGANIZATION/DeCasien Higham 2019/41559_2019_969_MOESM3_ESM.xlsx; ____Sensory_audiovisual/_incoming_Bath_archive_20260814/EXAMPLE ORGANIZATION/DeCasien etal 2017/41559_2017_BFs415590170112_MOESM250_ESM.xls
B_number,Macaca_mulatta31,31,trailing number; base 'Macaca mulatta' seen in 475 files,4,DeCasien_Higham_2019/41559_2019_969_MOESM3_ESM.xlsx; ____Brain_structure_volumes/41559_2019_969_MOESM3_ESM.xlsx; ____Sensory_audiovisual/_incoming_Bath_archive_20260814/EXAMPLE ORGANIZATION/DeCasien Higham 2019/41559_2019_969_MOESM3_ESM.xlsx; ____Sensory_audiovisual/_incoming_Bath_archive_20260814/EXAMPLE ORGANIZATION/DeCasien etal 2017/41559_2017_BFs415590170112_MOESM250_ESM.xls
B_number,Macaca_mulatta32,32,trailing number; base 'Macaca mulatta' seen in 475 files,4,DeCasien_Higham_2019/41559_2019_969_MOESM3_ESM.xlsx; ____Brain_structure_volumes/41559_2019_969_MOESM3_ESM.xlsx; ____Sensory_audiovisual/_incoming_Bath_archive_20260814/EXAMPLE ORGANIZATION/DeCasien Higham 2019/41559_2019_969_MOESM3_ESM.xlsx; ____Sensory_audiovisual/_incoming_Bath_archive_20260814/EXAMPLE ORGANIZATION/DeCasien etal 2017/41559_2017_BFs415590170112_MOESM250_ESM.xls
B_number,Macaca_mulatta38,38,trailing number; base 'Macaca mulatta' seen in 475 files,4,DeCasien_Higham_2019/41559_2019_969_MOESM3_ESM.xlsx; ____Brain_structure_volumes/41559_2019_969_MOESM3_ESM.xlsx; ____Sensory_audiovisual/_incoming_Bath_archive_20260814/EXAMPLE ORGANIZATION/DeCasien Higham 2019/41559_2019_969_MOESM3_ESM.xlsx; ____Sensory_audiovisual/_incoming_Bath_archive_20260814/EXAMPLE ORGANIZATION/DeCasien etal 2017/41559_2017_BFs415590170112_MOESM250_ESM.xls
B_number,Macaca_mulatta39,39,trailing number; base 'Macaca mulatta' seen in 475 files,4,DeCasien_Higham_2019/41559_2019_969_MOESM3_ESM.xlsx; ____Brain_structure_volumes/41559_2019_969_MOESM3_ESM.xlsx; ____Sensory_audiovisual/_incoming_Bath_archive_20260814/EXAMPLE ORGANIZATION/DeCasien Higham 2019/41559_2019_969_MOESM3_ESM.xlsx; ____Sensory_audiovisual/_incoming_Bath_archive_20260814/EXAMPLE ORGANIZATION/DeCasien etal 2017/41559_2017_BFs415590170112_MOESM250_ESM.xls
B_number,Macaca_mulatta41,41,trailing number; base 'Macaca mulatta' seen in 475 files,4,DeCasien_Higham_2019/41559_2019_969_MOESM3_ESM.xlsx; ____Brain_structure_volumes/41559_2019_969_MOESM3_ESM.xlsx; ____Sensory_audiovisual/_incoming_Bath_archive_20260814/EXAMPLE ORGANIZATION/DeCasien Higham 2019/41559_2019_969_MOESM3_ESM.xlsx; ____Sensory_audiovisual/_incoming_Bath_archive_20260814/EXAMPLE ORGANIZATION/DeCasien etal 2017/41559_2017_BFs415590170112_MOESM250_ESM.xls
B_number,Macaca_mulatta50,50,trailing number; base 'Macaca mulatta' seen in 475 files,4,DeCasien_Higham_2019/41559_2019_969_MOESM3_ESM.xlsx; ____Brain_structure_volumes/41559_2019_969_MOESM3_ESM.xlsx; ____Sensory_audiovisual/_incoming_Bath_archive_20260814/EXAMPLE ORGANIZATION/DeCasien Higham 2019/41559_2019_969_MOESM3_ESM.xlsx; ____Sensory_audiovisual/_incoming_Bath_archive_20260814/EXAMPLE ORGANIZATION/DeCasien etal 2017/41559_2017_BFs415590170112_MOESM250_ESM.xls
B_number,Macaca_mulatta51,51,trailing number; base 'Macaca mulatta' seen in 475 files,4,DeCasien_Higham_2019/41559_2019_969_MOESM3_ESM.xlsx; ____Brain_structure_volumes/41559_2019_969_MOESM3_ESM.xlsx; ____Sensory_audiovisual/_incoming_Bath_archive_20260814/EXAMPLE ORGANIZATION/DeCasien Higham 2019/41559_2019_969_MOESM3_ESM.xlsx; ____Sensory_audiovisual/_incoming_Bath_archive_20260814/EXAMPLE ORGANIZATION/DeCasien etal 2017/41559_2017_BFs415590170112_MOESM250_ESM.xls
B_number,Macaca_mulatta59,59,trailing number; base 'Macaca mulatta' seen in 475 files,4,DeCasien_Higham_2019/41559_2019_969_MOESM3_ESM.xlsx; ____Brain_structure_volumes/41559_2019_969_MOESM3_ESM.xlsx; ____Sensory_audiovisual/_incoming_Bath_archive_20260814/EXAMPLE ORGANIZATION/DeCasien Higham 2019/41559_2019_969_MOESM3_ESM.xlsx; ____Sensory_audiovisual/_incoming_Bath_archive_20260814/EXAMPLE ORGANIZATION/DeCasien etal 2017/41559_2017_BFs415590170112_MOESM250_ESM.xls
B_number,Macaca_mulatta6,6,trailing number; base 'Macaca mulatta' seen in 475 files,4,DeCasien_Higham_2019/41559_2019_969_MOESM3_ESM.xlsx; ____Brain_structure_volumes/41559_2019_969_MOESM3_ESM.xlsx; ____Sensory_audiovisual/_incoming_Bath_archive_20260814/EXAMPLE ORGANIZATION/DeCasien Higham 2019/41559_2019_969_MOESM3_ESM.xlsx; ____Sensory_audiovisual/_incoming_Bath_archive_20260814/EXAMPLE ORGANIZATION/DeCasien etal 2017/41559_2017_BFs415590170112_MOESM250_ESM.xls
B_number,Macaca_mulatta65,65,trailing number; base 'Macaca mulatta' seen in 475 files,4,DeCasien_Higham_2019/41559_2019_969_MOESM3_ESM.xlsx; ____Brain_structure_volumes/41559_2019_969_MOESM3_ESM.xlsx; ____Sensory_audiovisual/_incoming_Bath_archive_20260814/EXAMPLE ORGANIZATION/DeCasien Higham 2019/41559_2019_969_MOESM3_ESM.xlsx; ____Sensory_audiovisual/_incoming_Bath_archive_20260814/EXAMPLE ORGANIZATION/DeCasien etal 2017/41559_2017_BFs415590170112_MOESM250_ESM.xls
B_number,Macaca_nemestrina27,27,trailing number; base 'Macaca nemestrina' seen in 135 files,4,DeCasien_Higham_2019/41559_2019_969_MOESM3_ESM.xlsx; ____Brain_structure_volumes/41559_2019_969_MOESM3_ESM.xlsx; ____Sensory_audiovisual/_incoming_Bath_archive_20260814/EXAMPLE ORGANIZATION/DeCasien Higham 2019/41559_2019_969_MOESM3_ESM.xlsx; ____Sensory_audiovisual/_incoming_Bath_archive_20260814/EXAMPLE ORGANIZATION/DeCasien etal 2017/41559_2017_BFs415590170112_MOESM250_ESM.xls
B_number,Macaca_nemestrina35,35,trailing number; base 'Macaca nemestrina' seen in 135 files,4,DeCasien_Higham_2019/41559_2019_969_MOESM3_ESM.xlsx; ____Brain_structure_volumes/41559_2019_969_MOESM3_ESM.xlsx; ____Sensory_audiovisual/_incoming_Bath_archive_20260814/EXAMPLE ORGANIZATION/DeCasien Higham 2019/41559_2019_969_MOESM3_ESM.xlsx; ____Sensory_audiovisual/_incoming_Bath_archive_20260814/EXAMPLE ORGANIZATION/DeCasien etal 2017/41559_2017_BFs415590170112_MOESM250_ESM.xls
B_number,Macaca_nemestrina50,50,trailing number; base 'Macaca nemestrina' seen in 135 files,4,DeCasien_Higham_2019/41559_2019_969_MOESM3_ESM.xlsx; ____Brain_structure_volumes/41559_2019_969_MOESM3_ESM.xlsx; ____Sensory_audiovisual/_incoming_Bath_archive_20260814/EXAMPLE ORGANIZATION/DeCasien Higham 2019/41559_2019_969_MOESM3_ESM.xlsx; ____Sensory_audiovisual/_incoming_Bath_archive_20260814/EXAMPLE ORGANIZATION/DeCasien etal 2017/41559_2017_BFs415590170112_MOESM250_ESM.xls
B_number,Macaca_nigra47,47,trailing number; base 'Macaca nigra' seen in 55 files,4,DeCasien_Higham_2019/41559_2019_969_MOESM3_ESM.xlsx; ____Brain_structure_volumes/41559_2019_969_MOESM3_ESM.xlsx; ____Sensory_audiovisual/_incoming_Bath_archive_20260814/EXAMPLE ORGANIZATION/DeCasien Higham 2019/41559_2019_969_MOESM3_ESM.xlsx; ____Sensory_audiovisual/_incoming_Bath_archive_20260814/EXAMPLE ORGANIZATION/DeCasien etal 2017/41559_2017_BFs415590170112_MOESM250_ESM.xls
B_number,Macaca_radiata30,30,trailing number; base 'Macaca radiata' seen in 117 files,4,DeCasien_Higham_2019/41559_2019_969_MOESM3_ESM.xlsx; ____Brain_structure_volumes/41559_2019_969_MOESM3_ESM.xlsx; ____Sensory_audiovisual/_incoming_Bath_archive_20260814/EXAMPLE ORGANIZATION/DeCasien Higham 2019/41559_2019_969_MOESM3_ESM.xlsx; ____Sensory_audiovisual/_incoming_Bath_archive_20260814/EXAMPLE ORGANIZATION/DeCasien etal 2017/41559_2017_BFs415590170112_MOESM250_ESM.xls
B_number,Macaca_silenus17,17,trailing number; base 'Macaca silenus' seen in 72 files,4,DeCasien_Higham_2019/41559_2019_969_MOESM3_ESM.xlsx; ____Brain_structure_volumes/41559_2019_969_MOESM3_ESM.xlsx; ____Sensory_audiovisual/_incoming_Bath_archive_20260814/EXAMPLE ORGANIZATION/DeCasien Higham 2019/41559_2019_969_MOESM3_ESM.xlsx; ____Sensory_audiovisual/_incoming_Bath_archive_20260814/EXAMPLE ORGANIZATION/DeCasien etal 2017/41559_2017_BFs415590170112_MOESM250_ESM.xls
B_number,Macaca_silenus21,21,trailing number; base 'Macaca silenus' seen in 72 files,4,DeCasien_Higham_2019/41559_2019_969_MOESM3_ESM.xlsx; ____Brain_structure_volumes/41559_2019_969_MOESM3_ESM.xlsx; ____Sensory_audiovisual/_incoming_Bath_archive_20260814/EXAMPLE ORGANIZATION/DeCasien Higham 2019/41559_2019_969_MOESM3_ESM.xlsx; ____Sensory_audiovisual/_incoming_Bath_archive_20260814/EXAMPLE ORGANIZATION/DeCasien etal 2017/41559_2017_BFs415590170112_MOESM250_ESM.xls
B_number,Macaca_sylvanus10,10,trailing number; base 'Macaca sylvanus' seen in 82 files,4,DeCasien_Higham_2019/41559_2019_969_MOESM3_ESM.xlsx; ____Brain_structure_volumes/41559_2019_969_MOESM3_ESM.xlsx; ____Sensory_audiovisual/_incoming_Bath_archive_20260814/EXAMPLE ORGANIZATION/DeCasien Higham 2019/41559_2019_969_MOESM3_ESM.xlsx; ____Sensory_audiovisual/_incoming_Bath_archive_20260814/EXAMPLE ORGANIZATION/DeCasien etal 2017/41559_2017_BFs415590170112_MOESM250_ESM.xls
B_number,Macaca_sylvanus18,18,trailing number; base 'Macaca sylvanus' seen in 82 files,4,DeCasien_Higham_2019/41559_2019_969_MOESM3_ESM.xlsx; ____Brain_structure_volumes/41559_2019_969_MOESM3_ESM.xlsx; ____Sensory_audiovisual/_incoming_Bath_archive_20260814/EXAMPLE ORGANIZATION/DeCasien Higham 2019/41559_2019_969_MOESM3_ESM.xlsx; ____Sensory_audiovisual/_incoming_Bath_archive_20260814/EXAMPLE ORGANIZATION/DeCasien etal 2017/41559_2017_BFs415590170112_MOESM250_ESM.xls
B_number,Macaca_sylvanus24,24,trailing number; base 'Macaca sylvanus' seen in 82 files,4,DeCasien_Higham_2019/41559_2019_969_MOESM3_ESM.xlsx; ____Brain_structure_volumes/41559_2019_969_MOESM3_ESM.xlsx; ____Sensory_audiovisual/_incoming_Bath_archive_20260814/EXAMPLE ORGANIZATION/DeCasien Higham 2019/41559_2019_969_MOESM3_ESM.xlsx; ____Sensory_audiovisual/_incoming_Bath_archive_20260814/EXAMPLE ORGANIZATION/DeCasien etal 2017/41559_2017_BFs415590170112_MOESM250_ESM.xls
B_number,Macaca_sylvanus39,39,trailing number; base 'Macaca sylvanus' seen in 82 files,4,DeCasien_Higham_2019/41559_2019_969_MOESM3_ESM.xlsx; ____Brain_structure_volumes/41559_2019_969_MOESM3_ESM.xlsx; ____Sensory_audiovisual/_incoming_Bath_archive_20260814/EXAMPLE ORGANIZATION/DeCasien Higham 2019/41559_2019_969_MOESM3_ESM.xlsx; ____Sensory_audiovisual/_incoming_Bath_archive_20260814/EXAMPLE ORGANIZATION/DeCasien etal 2017/41559_2017_BFs415590170112_MOESM250_ESM.xls
C_symbol,Mandrillus_sphinx*,*,symbol/superscript marker,5,Lewitus_etal_2014/Lewitus_etal_2014_TableS1.csv; Lewitus_etal_2014/Lewitus_etal_2014_TableS1_snapshot.xlsx; Lewitus_etal_2014/pbio.1002000.s013.xlsx; __Public/comparative-data/10.1371%2Fjournal.pbio.1002000_TableS1.tsv; ____EvoM1_TraitTable/glia_gyrification.xlsx
B_number,Mandrillus_sphinx95,95,trailing number; base 'Mandrillus sphinx' seen in 157 files,4,DeCasien_Higham_2019/41559_2019_969_MOESM3_ESM.xlsx; ____Brain_structure_volumes/41559_2019_969_MOESM3_ESM.xlsx; ____Sensory_audiovisual/_incoming_Bath_archive_20260814/EXAMPLE ORGANIZATION/DeCasien Higham 2019/41559_2019_969_MOESM3_ESM.xlsx; ____Sensory_audiovisual/_incoming_Bath_archive_20260814/EXAMPLE ORGANIZATION/DeCasien etal 2017/41559_2017_BFs415590170112_MOESM250_ESM.xls
B_number,Medulla_oblongata_2005,2005,trailing number; base 'Medulla oblongata' seen in 40 files,1,_keys/Stephan/anatomy_key.csv
B_number,Microcebus_murinus3,3,trailing number; base 'Microcebus murinus' seen in 314 files,4,DeCasien_Higham_2019/41559_2019_969_MOESM3_ESM.xlsx; ____Brain_structure_volumes/41559_2019_969_MOESM3_ESM.xlsx; ____Sensory_audiovisual/_incoming_Bath_archive_20260814/EXAMPLE ORGANIZATION/DeCasien Higham 2019/41559_2019_969_MOESM3_ESM.xlsx; ____Sensory_audiovisual/_incoming_Bath_archive_20260814/EXAMPLE ORGANIZATION/DeCasien etal 2017/41559_2017_BFs415590170112_MOESM250_ESM.xls
B_number,Microcebus_rufus2,2,trailing number; base 'Microcebus rufus' seen in 41 files,4,DeCasien_Higham_2019/41559_2019_969_MOESM3_ESM.xlsx; ____Brain_structure_volumes/41559_2019_969_MOESM3_ESM.xlsx; ____Sensory_audiovisual/_incoming_Bath_archive_20260814/EXAMPLE ORGANIZATION/DeCasien Higham 2019/41559_2019_969_MOESM3_ESM.xlsx; ____Sensory_audiovisual/_incoming_Bath_archive_20260814/EXAMPLE ORGANIZATION/DeCasien etal 2017/41559_2017_BFs415590170112_MOESM250_ESM.xls
B_number,Microgale dobsoni3,3,trailing number; base 'Microgale dobsoni' seen in 42 files,1,Baron_etal_1983/Baron_etal_1983_Table1_snapshot.xlsx
C_symbol,Microgale dobsoni³,³,symbol/superscript marker,1,Stephan_etal_1982/Stephan_etal_1982_Table1_snapshot.xlsx
B_number,Microgale talazaci4,4,trailing number; base 'Microgale talazaci' seen in 43 files,1,Baron_etal_1983/Baron_etal_1983_Table1_snapshot.xlsx
C_symbol,Microgale talazaci⁴,⁴,symbol/superscript marker,1,Stephan_etal_1982/Stephan_etal_1982_Table1_snapshot.xlsx
B_number,Miopithecus talapoin 1171,1171,trailing number; base 'Miopithecus talapoin' seen in 207 files,3,Smaers_etal_2011/000323671_sm_suppltables.xlsx; Smaers_etal_2011/Smaers_etal_2011_SupplementaryTable1_snapshot.csv; Smaers_etal_2011/Smaers_etal_2011_SupplementaryTable2_snapshot.csv
B_number,Miopithecus talapoin11,11,trailing number; base 'Miopithecus talapoin' seen in 207 files,2,Baron_etal_1983/Baron_etal_1983_Table1_snapshot.xlsx; Frahm_etal_1982/frahm_stephan_1982.xlsx
B_number,Miopithecus_talapoin112,112,trailing number; base 'Miopithecus talapoin' seen in 207 files,4,DeCasien_Higham_2019/41559_2019_969_MOESM3_ESM.xlsx; ____Brain_structure_volumes/41559_2019_969_MOESM3_ESM.xlsx; ____Sensory_audiovisual/_incoming_Bath_archive_20260814/EXAMPLE ORGANIZATION/DeCasien Higham 2019/41559_2019_969_MOESM3_ESM.xlsx; ____Sensory_audiovisual/_incoming_Bath_archive_20260814/EXAMPLE ORGANIZATION/DeCasien etal 2017/41559_2017_BFs415590170112_MOESM250_ESM.xls
B_number,Miopithecus_talapoin13,13,trailing number; base 'Miopithecus talapoin' seen in 207 files,4,DeCasien_Higham_2019/41559_2019_969_MOESM3_ESM.xlsx; ____Brain_structure_volumes/41559_2019_969_MOESM3_ESM.xlsx; ____Sensory_audiovisual/_incoming_Bath_archive_20260814/EXAMPLE ORGANIZATION/DeCasien Higham 2019/41559_2019_969_MOESM3_ESM.xlsx; ____Sensory_audiovisual/_incoming_Bath_archive_20260814/EXAMPLE ORGANIZATION/DeCasien etal 2017/41559_2017_BFs415590170112_MOESM250_ESM.xls
B_number,Miopithecus_talapoin70,70,trailing number; base 'Miopithecus talapoin' seen in 207 files,4,DeCasien_Higham_2019/41559_2019_969_MOESM3_ESM.xlsx; ____Brain_structure_volumes/41559_2019_969_MOESM3_ESM.xlsx; ____Sensory_audiovisual/_incoming_Bath_archive_20260814/EXAMPLE ORGANIZATION/DeCasien Higham 2019/41559_2019_969_MOESM3_ESM.xlsx; ____Sensory_audiovisual/_incoming_Bath_archive_20260814/EXAMPLE ORGANIZATION/DeCasien etal 2017/41559_2017_BFs415590170112_MOESM250_ESM.xls
B_number,Mirza_coquereli1,1,trailing number; base 'Mirza coquereli' seen in 59 files,4,DeCasien_Higham_2019/41559_2019_969_MOESM3_ESM.xlsx; ____Brain_structure_volumes/41559_2019_969_MOESM3_ESM.xlsx; ____Sensory_audiovisual/_incoming_Bath_archive_20260814/EXAMPLE ORGANIZATION/DeCasien Higham 2019/41559_2019_969_MOESM3_ESM.xlsx; ____Sensory_audiovisual/_incoming_Bath_archive_20260814/EXAMPLE ORGANIZATION/DeCasien etal 2017/41559_2017_BFs415590170112_MOESM250_ESM.xls
B_number,Mirza_coquereli2,2,trailing number; base 'Mirza coquereli' seen in 59 files,4,DeCasien_Higham_2019/41559_2019_969_MOESM3_ESM.xlsx; ____Brain_structure_volumes/41559_2019_969_MOESM3_ESM.xlsx; ____Sensory_audiovisual/_incoming_Bath_archive_20260814/EXAMPLE ORGANIZATION/DeCasien Higham 2019/41559_2019_969_MOESM3_ESM.xlsx; ____Sensory_audiovisual/_incoming_Bath_archive_20260814/EXAMPLE ORGANIZATION/DeCasien etal 2017/41559_2017_BFs415590170112_MOESM250_ESM.xls
B_number,Nasalis larvatus 1365,1365,trailing number; base 'Nasalis larvatus' seen in 207 files,3,Smaers_etal_2011/000323671_sm_suppltables.xlsx; Smaers_etal_2011/Smaers_etal_2011_SupplementaryTable1_snapshot.csv; Smaers_etal_2011/Smaers_etal_2011_SupplementaryTable2_snapshot.csv
B_number,Nasalis_larvatus13,13,trailing number; base 'Nasalis larvatus' seen in 207 files,4,DeCasien_Higham_2019/41559_2019_969_MOESM3_ESM.xlsx; ____Brain_structure_volumes/41559_2019_969_MOESM3_ESM.xlsx; ____Sensory_audiovisual/_incoming_Bath_archive_20260814/EXAMPLE ORGANIZATION/DeCasien Higham 2019/41559_2019_969_MOESM3_ESM.xlsx; ____Sensory_audiovisual/_incoming_Bath_archive_20260814/EXAMPLE ORGANIZATION/DeCasien etal 2017/41559_2017_BFs415590170112_MOESM250_ESM.xls
B_number,Nasalis_larvatus16,16,trailing number; base 'Nasalis larvatus' seen in 207 files,4,DeCasien_Higham_2019/41559_2019_969_MOESM3_ESM.xlsx; ____Brain_structure_volumes/41559_2019_969_MOESM3_ESM.xlsx; ____Sensory_audiovisual/_incoming_Bath_archive_20260814/EXAMPLE ORGANIZATION/DeCasien Higham 2019/41559_2019_969_MOESM3_ESM.xlsx; ____Sensory_audiovisual/_incoming_Bath_archive_20260814/EXAMPLE ORGANIZATION/DeCasien etal 2017/41559_2017_BFs415590170112_MOESM250_ESM.xls
B_number,Nasalis_larvatus20,20,trailing number; base 'Nasalis larvatus' seen in 207 files,4,DeCasien_Higham_2019/41559_2019_969_MOESM3_ESM.xlsx; ____Brain_structure_volumes/41559_2019_969_MOESM3_ESM.xlsx; ____Sensory_audiovisual/_incoming_Bath_archive_20260814/EXAMPLE ORGANIZATION/DeCasien Higham 2019/41559_2019_969_MOESM3_ESM.xlsx; ____Sensory_audiovisual/_incoming_Bath_archive_20260814/EXAMPLE ORGANIZATION/DeCasien etal 2017/41559_2017_BFs415590170112_MOESM250_ESM.xls
B_number,Nasalis_larvatus3,3,trailing number; base 'Nasalis larvatus' seen in 207 files,4,DeCasien_Higham_2019/41559_2019_969_MOESM3_ESM.xlsx; ____Brain_structure_volumes/41559_2019_969_MOESM3_ESM.xlsx; ____Sensory_audiovisual/_incoming_Bath_archive_20260814/EXAMPLE ORGANIZATION/DeCasien Higham 2019/41559_2019_969_MOESM3_ESM.xlsx; ____Sensory_audiovisual/_incoming_Bath_archive_20260814/EXAMPLE ORGANIZATION/DeCasien etal 2017/41559_2017_BFs415590170112_MOESM250_ESM.xls
B_number,Nasalis_larvatus5,5,trailing number; base 'Nasalis larvatus' seen in 207 files,4,DeCasien_Higham_2019/41559_2019_969_MOESM3_ESM.xlsx; ____Brain_structure_volumes/41559_2019_969_MOESM3_ESM.xlsx; ____Sensory_audiovisual/_incoming_Bath_archive_20260814/EXAMPLE ORGANIZATION/DeCasien Higham 2019/41559_2019_969_MOESM3_ESM.xlsx; ____Sensory_audiovisual/_incoming_Bath_archive_20260814/EXAMPLE ORGANIZATION/DeCasien etal 2017/41559_2017_BFs415590170112_MOESM250_ESM.xls
B_number,Nasalis_larvatus6,6,trailing number; base 'Nasalis larvatus' seen in 207 files,4,DeCasien_Higham_2019/41559_2019_969_MOESM3_ESM.xlsx; ____Brain_structure_volumes/41559_2019_969_MOESM3_ESM.xlsx; ____Sensory_audiovisual/_incoming_Bath_archive_20260814/EXAMPLE ORGANIZATION/DeCasien Higham 2019/41559_2019_969_MOESM3_ESM.xlsx; ____Sensory_audiovisual/_incoming_Bath_archive_20260814/EXAMPLE ORGANIZATION/DeCasien etal 2017/41559_2017_BFs415590170112_MOESM250_ESM.xls
B_number,Nasalis_larvatus7,7,trailing number; base 'Nasalis larvatus' seen in 207 files,4,DeCasien_Higham_2019/41559_2019_969_MOESM3_ESM.xlsx; ____Brain_structure_volumes/41559_2019_969_MOESM3_ESM.xlsx; ____Sensory_audiovisual/_incoming_Bath_archive_20260814/EXAMPLE ORGANIZATION/DeCasien Higham 2019/41559_2019_969_MOESM3_ESM.xlsx; ____Sensory_audiovisual/_incoming_Bath_archive_20260814/EXAMPLE ORGANIZATION/DeCasien etal 2017/41559_2017_BFs415590170112_MOESM250_ESM.xls
B_number,Nasalis_larvatus8,8,trailing number; base 'Nasalis larvatus' seen in 207 files,4,DeCasien_Higham_2019/41559_2019_969_MOESM3_ESM.xlsx; ____Brain_structure_volumes/41559_2019_969_MOESM3_ESM.xlsx; ____Sensory_audiovisual/_incoming_Bath_archive_20260814/EXAMPLE ORGANIZATION/DeCasien Higham 2019/41559_2019_969_MOESM3_ESM.xlsx; ____Sensory_audiovisual/_incoming_Bath_archive_20260814/EXAMPLE ORGANIZATION/DeCasien etal 2017/41559_2017_BFs415590170112_MOESM250_ESM.xls
B_number,Nasalis_larvatus9,9,trailing number; base 'Nasalis larvatus' seen in 207 files,4,DeCasien_Higham_2019/41559_2019_969_MOESM3_ESM.xlsx; ____Brain_structure_volumes/41559_2019_969_MOESM3_ESM.xlsx; ____Sensory_audiovisual/_incoming_Bath_archive_20260814/EXAMPLE ORGANIZATION/DeCasien Higham 2019/41559_2019_969_MOESM3_ESM.xlsx; ____Sensory_audiovisual/_incoming_Bath_archive_20260814/EXAMPLE ORGANIZATION/DeCasien etal 2017/41559_2017_BFs415590170112_MOESM250_ESM.xls
A_letter,Neophascogale lorentzii,i,glued letter; base 'Neophascogale lorentzi' in 18 files vs 2,2,Upham_etal_2019/Upham_etal_2019_DNAonlyMCC.csv; __Public/comparative-data/10.1371%2Fjournal.pbio.3000494_DNAonlyMCC.tsv
C_symbol,"Nomascus concolor ∗,a",∗,symbol/superscript marker,2,Barger_etal_2014/Barger-2014-Evidence for evoluti.xlsx; Barger_etal_2014/Barger_etal_2014_Table1_snapshot.xlsx
B_number,Nucleus_tractus_olfactorius_1987,1987,trailing number; base 'Nucleus tractus olfactorius' seen in 20 files,1,_keys/Stephan/anatomy_key.csv
B_number,Nycticebus_coucang1,1,trailing number; base 'Nycticebus coucang' seen in 282 files,4,DeCasien_Higham_2019/41559_2019_969_MOESM3_ESM.xlsx; ____Brain_structure_volumes/41559_2019_969_MOESM3_ESM.xlsx; ____Sensory_audiovisual/_incoming_Bath_archive_20260814/EXAMPLE ORGANIZATION/DeCasien Higham 2019/41559_2019_969_MOESM3_ESM.xlsx; ____Sensory_audiovisual/_incoming_Bath_archive_20260814/EXAMPLE ORGANIZATION/DeCasien etal 2017/41559_2017_BFs415590170112_MOESM250_ESM.xls
B_number,Oreopithecus_bambolii_1,1,trailing number; base 'Oreopithecus bambolii' seen in 9 files,4,Baker_etal_2025/42003_2025_8686_MOESM3_ESM.xlsx; Baker_etal_2025/Baker_etal_2025_SupplementaryData1.csv; Baker_etal_2025/Baker_etal_2025_SupplementaryData1_snapshot.xlsx; __Public/comparative-data/10.1038%2Fs42003-025-08686-5_SupplementaryData1.tsv
B_number,Ornithorhynchus anatinus 1,1,trailing number; base 'Ornithorhynchus anatinus' seen in 85 files,4,Ashwell__2020/Ashwell__2020_SupplementaryTable.csv; Ashwell__2020/Ashwell__2020_SupplementaryTable_snapshot.xlsx; __Public/comparative-data/10.1016%2Fj.zool.2020.125753_SupplementaryTable.tsv; _checks/scan_species_name_markers.py
B_number,Ornithorhynchus anatinus 2,2,trailing number; base 'Ornithorhynchus anatinus' seen in 85 files,3,Ashwell__2020/Ashwell__2020_SupplementaryTable.csv; Ashwell__2020/Ashwell__2020_SupplementaryTable_snapshot.xlsx; __Public/comparative-data/10.1016%2Fj.zool.2020.125753_SupplementaryTable.tsv
B_number,Ornithorhynchus anatinus 3,3,trailing number; base 'Ornithorhynchus anatinus' seen in 85 files,3,Ashwell__2020/Ashwell__2020_SupplementaryTable.csv; Ashwell__2020/Ashwell__2020_SupplementaryTable_snapshot.xlsx; __Public/comparative-data/10.1016%2Fj.zool.2020.125753_SupplementaryTable.tsv
C_symbol,Oryctolagus_cuniculus*,*,symbol/superscript marker,7,Lewitus_etal_2014/Lewitus_etal_2014_TableS1.csv; Lewitus_etal_2014/Lewitus_etal_2014_TableS1_snapshot.xlsx; Lewitus_etal_2014/pbio.1002000.s013.xlsx; __Public/comparative-data/10.1371%2Fjournal.pbio.1002000_TableS1.tsv; ____EvoM1_TraitTable/EvoM1_read_ILAs.R
C_symbol,Otolemur crassic.⁹,⁹,symbol/superscript marker,1,Stephan_etal_1982/Stephan_etal_1982_Table1_snapshot.xlsx
B_number,Otolemur crassicaudatus8,8,trailing number; base 'Otolemur crassicaudatus' seen in 209 files,1,Baron_etal_1983/Baron_etal_1983_Table1_snapshot.xlsx
B_number,Otolemur_crassicaudatus1,1,trailing number; base 'Otolemur crassicaudatus' seen in 209 files,4,DeCasien_Higham_2019/41559_2019_969_MOESM3_ESM.xlsx; ____Brain_structure_volumes/41559_2019_969_MOESM3_ESM.xlsx; ____Sensory_audiovisual/_incoming_Bath_archive_20260814/EXAMPLE ORGANIZATION/DeCasien Higham 2019/41559_2019_969_MOESM3_ESM.xlsx; ____Sensory_audiovisual/_incoming_Bath_archive_20260814/EXAMPLE ORGANIZATION/DeCasien etal 2017/41559_2017_BFs415590170112_MOESM250_ESM.xls
A_letter,Pan paniscusc,c,glued letter; base 'Pan paniscus' in 253 files vs 3,3,deSousa_etal_2009/deSousa_etal_2009_Table1.R; deSousa_etal_2009/deSousa_etal_2009_Table1_extract_snapshot.py; deSousa_etal_2009/deSousa_etal_2009_Table1_snapshot.xlsx
C_symbol,"Pan paniscus∗,a",∗,symbol/superscript marker,2,Barger_etal_2014/Barger-2014-Evidence for evoluti.xlsx; Barger_etal_2014/Barger_etal_2014_Table1_snapshot.xlsx
C_symbol,Pan troglodytes (1548) ‡,‡,symbol/superscript marker,1,MacLeod_etal_2003/MacLeod_etal_2003_Table2_snapshot.csv
C_symbol,Pan troglodytes (PAN 1) †,†,symbol/superscript marker,1,MacLeod_etal_2003/MacLeod_etal_2003_Table2_snapshot.csv
C_symbol,Pan troglodytes (Schimpanse 278) †§,†§,symbol/superscript marker,1,MacLeod_etal_2003/MacLeod_etal_2003_Table2_snapshot.csv
C_symbol,Pan troglodytes (Schimpanse 280) †,†,symbol/superscript marker,1,MacLeod_etal_2003/MacLeod_etal_2003_Table2_snapshot.csv
C_symbol,Pan troglodytes (Schimpanse A269) †*,†*,symbol/superscript marker,1,MacLeod_etal_2003/MacLeod_etal_2003_Table2_snapshot.csv
C_symbol,Pan troglodytes (YN89-278) *,*,symbol/superscript marker,1,MacLeod_etal_2003/MacLeod_etal_2003_Table2_snapshot.csv
B_number,Pan troglodytes 280,280,trailing number; base 'Pan troglodytes' seen in 458 files,3,Smaers_etal_2011/000323671_sm_suppltables.xlsx; Smaers_etal_2011/Smaers_etal_2011_SupplementaryTable1_snapshot.csv; Smaers_etal_2011/Smaers_etal_2011_SupplementaryTable2_snapshot.csv
A_letter,Pan troglodytesb,b,glued letter; base 'Pan troglodytes' in 458 files vs 2,2,Barger_etal_2014/Barger-2014-Evidence for evoluti.xlsx; Barger_etal_2014/Barger_etal_2014_Table1_snapshot.xlsx
A_letter,Pan troglodytesd,d,glued letter; base 'Pan troglodytes' in 458 files vs 3,3,deSousa_etal_2009/deSousa_etal_2009_Table1.R; deSousa_etal_2009/deSousa_etal_2009_Table1_extract_snapshot.py; deSousa_etal_2009/deSousa_etal_2009_Table1_snapshot.xlsx
C_symbol,"Pan troglodytes∗,a",∗,symbol/superscript marker,2,Barger_etal_2014/Barger-2014-Evidence for evoluti.xlsx; Barger_etal_2014/Barger_etal_2014_Table1_snapshot.xlsx
B_number,Pan_paniscus10,10,trailing number; base 'Pan paniscus' seen in 253 files,4,DeCasien_Higham_2019/41559_2019_969_MOESM3_ESM.xlsx; ____Brain_structure_volumes/41559_2019_969_MOESM3_ESM.xlsx; ____Sensory_audiovisual/_incoming_Bath_archive_20260814/EXAMPLE ORGANIZATION/DeCasien Higham 2019/41559_2019_969_MOESM3_ESM.xlsx; ____Sensory_audiovisual/_incoming_Bath_archive_20260814/EXAMPLE ORGANIZATION/DeCasien etal 2017/41559_2017_BFs415590170112_MOESM250_ESM.xls
B_number,Pan_paniscus125,125,trailing number; base 'Pan paniscus' seen in 253 files,4,DeCasien_Higham_2019/41559_2019_969_MOESM3_ESM.xlsx; ____Brain_structure_volumes/41559_2019_969_MOESM3_ESM.xlsx; ____Sensory_audiovisual/_incoming_Bath_archive_20260814/EXAMPLE ORGANIZATION/DeCasien Higham 2019/41559_2019_969_MOESM3_ESM.xlsx; ____Sensory_audiovisual/_incoming_Bath_archive_20260814/EXAMPLE ORGANIZATION/DeCasien etal 2017/41559_2017_BFs415590170112_MOESM250_ESM.xls
B_number,Pan_troglodytes_troglodytes187,187,trailing number; base 'Pan troglodytes troglodytes' seen in 39 files,4,DeCasien_Higham_2019/41559_2019_969_MOESM3_ESM.xlsx; ____Brain_structure_volumes/41559_2019_969_MOESM3_ESM.xlsx; ____Sensory_audiovisual/_incoming_Bath_archive_20260814/EXAMPLE ORGANIZATION/DeCasien Higham 2019/41559_2019_969_MOESM3_ESM.xlsx; ____Sensory_audiovisual/_incoming_Bath_archive_20260814/EXAMPLE ORGANIZATION/DeCasien etal 2017/41559_2017_BFs415590170112_MOESM250_ESM.xls
B_number,Pan_troglodytes_troglodytes21,21,trailing number; base 'Pan troglodytes troglodytes' seen in 39 files,4,DeCasien_Higham_2019/41559_2019_969_MOESM3_ESM.xlsx; ____Brain_structure_volumes/41559_2019_969_MOESM3_ESM.xlsx; ____Sensory_audiovisual/_incoming_Bath_archive_20260814/EXAMPLE ORGANIZATION/DeCasien Higham 2019/41559_2019_969_MOESM3_ESM.xlsx; ____Sensory_audiovisual/_incoming_Bath_archive_20260814/EXAMPLE ORGANIZATION/DeCasien etal 2017/41559_2017_BFs415590170112_MOESM250_ESM.xls
B_number,Pan_troglodytes_troglodytes27,27,trailing number; base 'Pan troglodytes troglodytes' seen in 39 files,4,DeCasien_Higham_2019/41559_2019_969_MOESM3_ESM.xlsx; ____Brain_structure_volumes/41559_2019_969_MOESM3_ESM.xlsx; ____Sensory_audiovisual/_incoming_Bath_archive_20260814/EXAMPLE ORGANIZATION/DeCasien Higham 2019/41559_2019_969_MOESM3_ESM.xlsx; ____Sensory_audiovisual/_incoming_Bath_archive_20260814/EXAMPLE ORGANIZATION/DeCasien etal 2017/41559_2017_BFs415590170112_MOESM250_ESM.xls
B_number,Pan_troglodytes_troglodytes28,28,trailing number; base 'Pan troglodytes troglodytes' seen in 39 files,4,DeCasien_Higham_2019/41559_2019_969_MOESM3_ESM.xlsx; ____Brain_structure_volumes/41559_2019_969_MOESM3_ESM.xlsx; ____Sensory_audiovisual/_incoming_Bath_archive_20260814/EXAMPLE ORGANIZATION/DeCasien Higham 2019/41559_2019_969_MOESM3_ESM.xlsx; ____Sensory_audiovisual/_incoming_Bath_archive_20260814/EXAMPLE ORGANIZATION/DeCasien etal 2017/41559_2017_BFs415590170112_MOESM250_ESM.xls
B_number,Pan_troglodytes_troglodytes29,29,trailing number; base 'Pan troglodytes troglodytes' seen in 39 files,4,DeCasien_Higham_2019/41559_2019_969_MOESM3_ESM.xlsx; ____Brain_structure_volumes/41559_2019_969_MOESM3_ESM.xlsx; ____Sensory_audiovisual/_incoming_Bath_archive_20260814/EXAMPLE ORGANIZATION/DeCasien Higham 2019/41559_2019_969_MOESM3_ESM.xlsx; ____Sensory_audiovisual/_incoming_Bath_archive_20260814/EXAMPLE ORGANIZATION/DeCasien etal 2017/41559_2017_BFs415590170112_MOESM250_ESM.xls
B_number,Pan_troglodytes_troglodytes35,35,trailing number; base 'Pan troglodytes troglodytes' seen in 39 files,4,DeCasien_Higham_2019/41559_2019_969_MOESM3_ESM.xlsx; ____Brain_structure_volumes/41559_2019_969_MOESM3_ESM.xlsx; ____Sensory_audiovisual/_incoming_Bath_archive_20260814/EXAMPLE ORGANIZATION/DeCasien Higham 2019/41559_2019_969_MOESM3_ESM.xlsx; ____Sensory_audiovisual/_incoming_Bath_archive_20260814/EXAMPLE ORGANIZATION/DeCasien etal 2017/41559_2017_BFs415590170112_MOESM250_ESM.xls
B_number,Pan_troglodytes_troglodytes44,44,trailing number; base 'Pan troglodytes troglodytes' seen in 39 files,4,DeCasien_Higham_2019/41559_2019_969_MOESM3_ESM.xlsx; ____Brain_structure_volumes/41559_2019_969_MOESM3_ESM.xlsx; ____Sensory_audiovisual/_incoming_Bath_archive_20260814/EXAMPLE ORGANIZATION/DeCasien Higham 2019/41559_2019_969_MOESM3_ESM.xlsx; ____Sensory_audiovisual/_incoming_Bath_archive_20260814/EXAMPLE ORGANIZATION/DeCasien etal 2017/41559_2017_BFs415590170112_MOESM250_ESM.xls
B_number,Pan_troglodytes_troglodytes50,50,trailing number; base 'Pan troglodytes troglodytes' seen in 39 files,4,DeCasien_Higham_2019/41559_2019_969_MOESM3_ESM.xlsx; ____Brain_structure_volumes/41559_2019_969_MOESM3_ESM.xlsx; ____Sensory_audiovisual/_incoming_Bath_archive_20260814/EXAMPLE ORGANIZATION/DeCasien Higham 2019/41559_2019_969_MOESM3_ESM.xlsx; ____Sensory_audiovisual/_incoming_Bath_archive_20260814/EXAMPLE ORGANIZATION/DeCasien etal 2017/41559_2017_BFs415590170112_MOESM250_ESM.xls
B_number,Pan_troglodytes_troglodytes51,51,trailing number; base 'Pan troglodytes troglodytes' seen in 39 files,4,DeCasien_Higham_2019/41559_2019_969_MOESM3_ESM.xlsx; ____Brain_structure_volumes/41559_2019_969_MOESM3_ESM.xlsx; ____Sensory_audiovisual/_incoming_Bath_archive_20260814/EXAMPLE ORGANIZATION/DeCasien Higham 2019/41559_2019_969_MOESM3_ESM.xlsx; ____Sensory_audiovisual/_incoming_Bath_archive_20260814/EXAMPLE ORGANIZATION/DeCasien etal 2017/41559_2017_BFs415590170112_MOESM250_ESM.xls
B_number,Pan_troglodytes_troglodytes7,7,trailing number; base 'Pan troglodytes troglodytes' seen in 39 files,4,DeCasien_Higham_2019/41559_2019_969_MOESM3_ESM.xlsx; ____Brain_structure_volumes/41559_2019_969_MOESM3_ESM.xlsx; ____Sensory_audiovisual/_incoming_Bath_archive_20260814/EXAMPLE ORGANIZATION/DeCasien Higham 2019/41559_2019_969_MOESM3_ESM.xlsx; ____Sensory_audiovisual/_incoming_Bath_archive_20260814/EXAMPLE ORGANIZATION/DeCasien etal 2017/41559_2017_BFs415590170112_MOESM250_ESM.xls
B_number,Pan_troglodytes_troglodytes76,76,trailing number; base 'Pan troglodytes troglodytes' seen in 39 files,4,DeCasien_Higham_2019/41559_2019_969_MOESM3_ESM.xlsx; ____Brain_structure_volumes/41559_2019_969_MOESM3_ESM.xlsx; ____Sensory_audiovisual/_incoming_Bath_archive_20260814/EXAMPLE ORGANIZATION/DeCasien Higham 2019/41559_2019_969_MOESM3_ESM.xlsx; ____Sensory_audiovisual/_incoming_Bath_archive_20260814/EXAMPLE ORGANIZATION/DeCasien etal 2017/41559_2017_BFs415590170112_MOESM250_ESM.xls
B_number,Papio anubis 97,97,trailing number; base 'Papio anubis' seen in 320 files,3,Smaers_etal_2011/000323671_sm_suppltables.xlsx; Smaers_etal_2011/Smaers_etal_2011_SupplementaryTable1_snapshot.csv; Smaers_etal_2011/Smaers_etal_2011_SupplementaryTable2_snapshot.csv
B_number,Papio_anubis101,101,trailing number; base 'Papio anubis' seen in 320 files,4,DeCasien_Higham_2019/41559_2019_969_MOESM3_ESM.xlsx; ____Brain_structure_volumes/41559_2019_969_MOESM3_ESM.xlsx; ____Sensory_audiovisual/_incoming_Bath_archive_20260814/EXAMPLE ORGANIZATION/DeCasien Higham 2019/41559_2019_969_MOESM3_ESM.xlsx; ____Sensory_audiovisual/_incoming_Bath_archive_20260814/EXAMPLE ORGANIZATION/DeCasien etal 2017/41559_2017_BFs415590170112_MOESM250_ESM.xls
B_number,Papio_anubis13,13,trailing number; base 'Papio anubis' seen in 320 files,4,DeCasien_Higham_2019/41559_2019_969_MOESM3_ESM.xlsx; ____Brain_structure_volumes/41559_2019_969_MOESM3_ESM.xlsx; ____Sensory_audiovisual/_incoming_Bath_archive_20260814/EXAMPLE ORGANIZATION/DeCasien Higham 2019/41559_2019_969_MOESM3_ESM.xlsx; ____Sensory_audiovisual/_incoming_Bath_archive_20260814/EXAMPLE ORGANIZATION/DeCasien etal 2017/41559_2017_BFs415590170112_MOESM250_ESM.xls
B_number,Papio_anubis14,14,trailing number; base 'Papio anubis' seen in 320 files,4,DeCasien_Higham_2019/41559_2019_969_MOESM3_ESM.xlsx; ____Brain_structure_volumes/41559_2019_969_MOESM3_ESM.xlsx; ____Sensory_audiovisual/_incoming_Bath_archive_20260814/EXAMPLE ORGANIZATION/DeCasien Higham 2019/41559_2019_969_MOESM3_ESM.xlsx; ____Sensory_audiovisual/_incoming_Bath_archive_20260814/EXAMPLE ORGANIZATION/DeCasien etal 2017/41559_2017_BFs415590170112_MOESM250_ESM.xls
B_number,Papio_anubis150,150,trailing number; base 'Papio anubis' seen in 320 files,4,DeCasien_Higham_2019/41559_2019_969_MOESM3_ESM.xlsx; ____Brain_structure_volumes/41559_2019_969_MOESM3_ESM.xlsx; ____Sensory_audiovisual/_incoming_Bath_archive_20260814/EXAMPLE ORGANIZATION/DeCasien Higham 2019/41559_2019_969_MOESM3_ESM.xlsx; ____Sensory_audiovisual/_incoming_Bath_archive_20260814/EXAMPLE ORGANIZATION/DeCasien etal 2017/41559_2017_BFs415590170112_MOESM250_ESM.xls
B_number,Papio_anubis19,19,trailing number; base 'Papio anubis' seen in 320 files,4,DeCasien_Higham_2019/41559_2019_969_MOESM3_ESM.xlsx; ____Brain_structure_volumes/41559_2019_969_MOESM3_ESM.xlsx; ____Sensory_audiovisual/_incoming_Bath_archive_20260814/EXAMPLE ORGANIZATION/DeCasien Higham 2019/41559_2019_969_MOESM3_ESM.xlsx; ____Sensory_audiovisual/_incoming_Bath_archive_20260814/EXAMPLE ORGANIZATION/DeCasien etal 2017/41559_2017_BFs415590170112_MOESM250_ESM.xls
B_number,Papio_anubis20,20,trailing number; base 'Papio anubis' seen in 320 files,4,DeCasien_Higham_2019/41559_2019_969_MOESM3_ESM.xlsx; ____Brain_structure_volumes/41559_2019_969_MOESM3_ESM.xlsx; ____Sensory_audiovisual/_incoming_Bath_archive_20260814/EXAMPLE ORGANIZATION/DeCasien Higham 2019/41559_2019_969_MOESM3_ESM.xlsx; ____Sensory_audiovisual/_incoming_Bath_archive_20260814/EXAMPLE ORGANIZATION/DeCasien etal 2017/41559_2017_BFs415590170112_MOESM250_ESM.xls
B_number,Papio_anubis21,21,trailing number; base 'Papio anubis' seen in 320 files,4,DeCasien_Higham_2019/41559_2019_969_MOESM3_ESM.xlsx; ____Brain_structure_volumes/41559_2019_969_MOESM3_ESM.xlsx; ____Sensory_audiovisual/_incoming_Bath_archive_20260814/EXAMPLE ORGANIZATION/DeCasien Higham 2019/41559_2019_969_MOESM3_ESM.xlsx; ____Sensory_audiovisual/_incoming_Bath_archive_20260814/EXAMPLE ORGANIZATION/DeCasien etal 2017/41559_2017_BFs415590170112_MOESM250_ESM.xls
B_number,Papio_anubis28,28,trailing number; base 'Papio anubis' seen in 320 files,4,DeCasien_Higham_2019/41559_2019_969_MOESM3_ESM.xlsx; ____Brain_structure_volumes/41559_2019_969_MOESM3_ESM.xlsx; ____Sensory_audiovisual/_incoming_Bath_archive_20260814/EXAMPLE ORGANIZATION/DeCasien Higham 2019/41559_2019_969_MOESM3_ESM.xlsx; ____Sensory_audiovisual/_incoming_Bath_archive_20260814/EXAMPLE ORGANIZATION/DeCasien etal 2017/41559_2017_BFs415590170112_MOESM250_ESM.xls
B_number,Papio_anubis34,34,trailing number; base 'Papio anubis' seen in 320 files,4,DeCasien_Higham_2019/41559_2019_969_MOESM3_ESM.xlsx; ____Brain_structure_volumes/41559_2019_969_MOESM3_ESM.xlsx; ____Sensory_audiovisual/_incoming_Bath_archive_20260814/EXAMPLE ORGANIZATION/DeCasien Higham 2019/41559_2019_969_MOESM3_ESM.xlsx; ____Sensory_audiovisual/_incoming_Bath_archive_20260814/EXAMPLE ORGANIZATION/DeCasien etal 2017/41559_2017_BFs415590170112_MOESM250_ESM.xls
B_number,Papio_anubis36,36,trailing number; base 'Papio anubis' seen in 320 files,4,DeCasien_Higham_2019/41559_2019_969_MOESM3_ESM.xlsx; ____Brain_structure_volumes/41559_2019_969_MOESM3_ESM.xlsx; ____Sensory_audiovisual/_incoming_Bath_archive_20260814/EXAMPLE ORGANIZATION/DeCasien Higham 2019/41559_2019_969_MOESM3_ESM.xlsx; ____Sensory_audiovisual/_incoming_Bath_archive_20260814/EXAMPLE ORGANIZATION/DeCasien etal 2017/41559_2017_BFs415590170112_MOESM250_ESM.xls
B_number,Papio_anubis39,39,trailing number; base 'Papio anubis' seen in 320 files,4,DeCasien_Higham_2019/41559_2019_969_MOESM3_ESM.xlsx; ____Brain_structure_volumes/41559_2019_969_MOESM3_ESM.xlsx; ____Sensory_audiovisual/_incoming_Bath_archive_20260814/EXAMPLE ORGANIZATION/DeCasien Higham 2019/41559_2019_969_MOESM3_ESM.xlsx; ____Sensory_audiovisual/_incoming_Bath_archive_20260814/EXAMPLE ORGANIZATION/DeCasien etal 2017/41559_2017_BFs415590170112_MOESM250_ESM.xls
B_number,Papio_anubis41,41,trailing number; base 'Papio anubis' seen in 320 files,4,DeCasien_Higham_2019/41559_2019_969_MOESM3_ESM.xlsx; ____Brain_structure_volumes/41559_2019_969_MOESM3_ESM.xlsx; ____Sensory_audiovisual/_incoming_Bath_archive_20260814/EXAMPLE ORGANIZATION/DeCasien Higham 2019/41559_2019_969_MOESM3_ESM.xlsx; ____Sensory_audiovisual/_incoming_Bath_archive_20260814/EXAMPLE ORGANIZATION/DeCasien etal 2017/41559_2017_BFs415590170112_MOESM250_ESM.xls
B_number,Papio_anubis44,44,trailing number; base 'Papio anubis' seen in 320 files,4,DeCasien_Higham_2019/41559_2019_969_MOESM3_ESM.xlsx; ____Brain_structure_volumes/41559_2019_969_MOESM3_ESM.xlsx; ____Sensory_audiovisual/_incoming_Bath_archive_20260814/EXAMPLE ORGANIZATION/DeCasien Higham 2019/41559_2019_969_MOESM3_ESM.xlsx; ____Sensory_audiovisual/_incoming_Bath_archive_20260814/EXAMPLE ORGANIZATION/DeCasien etal 2017/41559_2017_BFs415590170112_MOESM250_ESM.xls
B_number,Papio_anubis45,45,trailing number; base 'Papio anubis' seen in 320 files,4,DeCasien_Higham_2019/41559_2019_969_MOESM3_ESM.xlsx; ____Brain_structure_volumes/41559_2019_969_MOESM3_ESM.xlsx; ____Sensory_audiovisual/_incoming_Bath_archive_20260814/EXAMPLE ORGANIZATION/DeCasien Higham 2019/41559_2019_969_MOESM3_ESM.xlsx; ____Sensory_audiovisual/_incoming_Bath_archive_20260814/EXAMPLE ORGANIZATION/DeCasien etal 2017/41559_2017_BFs415590170112_MOESM250_ESM.xls
B_number,Papio_anubis48,48,trailing number; base 'Papio anubis' seen in 320 files,4,DeCasien_Higham_2019/41559_2019_969_MOESM3_ESM.xlsx; ____Brain_structure_volumes/41559_2019_969_MOESM3_ESM.xlsx; ____Sensory_audiovisual/_incoming_Bath_archive_20260814/EXAMPLE ORGANIZATION/DeCasien Higham 2019/41559_2019_969_MOESM3_ESM.xlsx; ____Sensory_audiovisual/_incoming_Bath_archive_20260814/EXAMPLE ORGANIZATION/DeCasien etal 2017/41559_2017_BFs415590170112_MOESM250_ESM.xls
B_number,Papio_anubis50,50,trailing number; base 'Papio anubis' seen in 320 files,4,DeCasien_Higham_2019/41559_2019_969_MOESM3_ESM.xlsx; ____Brain_structure_volumes/41559_2019_969_MOESM3_ESM.xlsx; ____Sensory_audiovisual/_incoming_Bath_archive_20260814/EXAMPLE ORGANIZATION/DeCasien Higham 2019/41559_2019_969_MOESM3_ESM.xlsx; ____Sensory_audiovisual/_incoming_Bath_archive_20260814/EXAMPLE ORGANIZATION/DeCasien etal 2017/41559_2017_BFs415590170112_MOESM250_ESM.xls
B_number,Papio_anubis55,55,trailing number; base 'Papio anubis' seen in 320 files,4,DeCasien_Higham_2019/41559_2019_969_MOESM3_ESM.xlsx; ____Brain_structure_volumes/41559_2019_969_MOESM3_ESM.xlsx; ____Sensory_audiovisual/_incoming_Bath_archive_20260814/EXAMPLE ORGANIZATION/DeCasien Higham 2019/41559_2019_969_MOESM3_ESM.xlsx; ____Sensory_audiovisual/_incoming_Bath_archive_20260814/EXAMPLE ORGANIZATION/DeCasien etal 2017/41559_2017_BFs415590170112_MOESM250_ESM.xls
B_number,Papio_anubis65,65,trailing number; base 'Papio anubis' seen in 320 files,4,DeCasien_Higham_2019/41559_2019_969_MOESM3_ESM.xlsx; ____Brain_structure_volumes/41559_2019_969_MOESM3_ESM.xlsx; ____Sensory_audiovisual/_incoming_Bath_archive_20260814/EXAMPLE ORGANIZATION/DeCasien Higham 2019/41559_2019_969_MOESM3_ESM.xlsx; ____Sensory_audiovisual/_incoming_Bath_archive_20260814/EXAMPLE ORGANIZATION/DeCasien etal 2017/41559_2017_BFs415590170112_MOESM250_ESM.xls
B_number,Papio_anubis78,78,trailing number; base 'Papio anubis' seen in 320 files,4,DeCasien_Higham_2019/41559_2019_969_MOESM3_ESM.xlsx; ____Brain_structure_volumes/41559_2019_969_MOESM3_ESM.xlsx; ____Sensory_audiovisual/_incoming_Bath_archive_20260814/EXAMPLE ORGANIZATION/DeCasien Higham 2019/41559_2019_969_MOESM3_ESM.xlsx; ____Sensory_audiovisual/_incoming_Bath_archive_20260814/EXAMPLE ORGANIZATION/DeCasien etal 2017/41559_2017_BFs415590170112_MOESM250_ESM.xls
B_number,Papio_anubis87,87,trailing number; base 'Papio anubis' seen in 320 files,4,DeCasien_Higham_2019/41559_2019_969_MOESM3_ESM.xlsx; ____Brain_structure_volumes/41559_2019_969_MOESM3_ESM.xlsx; ____Sensory_audiovisual/_incoming_Bath_archive_20260814/EXAMPLE ORGANIZATION/DeCasien Higham 2019/41559_2019_969_MOESM3_ESM.xlsx; ____Sensory_audiovisual/_incoming_Bath_archive_20260814/EXAMPLE ORGANIZATION/DeCasien etal 2017/41559_2017_BFs415590170112_MOESM250_ESM.xls
B_number,Papio_anubis9,9,trailing number; base 'Papio anubis' seen in 320 files,4,DeCasien_Higham_2019/41559_2019_969_MOESM3_ESM.xlsx; ____Brain_structure_volumes/41559_2019_969_MOESM3_ESM.xlsx; ____Sensory_audiovisual/_incoming_Bath_archive_20260814/EXAMPLE ORGANIZATION/DeCasien Higham 2019/41559_2019_969_MOESM3_ESM.xlsx; ____Sensory_audiovisual/_incoming_Bath_archive_20260814/EXAMPLE ORGANIZATION/DeCasien etal 2017/41559_2017_BFs415590170112_MOESM250_ESM.xls
B_number,Papio_anubis97,97,trailing number; base 'Papio anubis' seen in 320 files,4,DeCasien_Higham_2019/41559_2019_969_MOESM3_ESM.xlsx; ____Brain_structure_volumes/41559_2019_969_MOESM3_ESM.xlsx; ____Sensory_audiovisual/_incoming_Bath_archive_20260814/EXAMPLE ORGANIZATION/DeCasien Higham 2019/41559_2019_969_MOESM3_ESM.xlsx; ____Sensory_audiovisual/_incoming_Bath_archive_20260814/EXAMPLE ORGANIZATION/DeCasien etal 2017/41559_2017_BFs415590170112_MOESM250_ESM.xls
B_number,Papio_cynocephalus18,18,trailing number; base 'Papio cynocephalus' seen in 156 files,4,DeCasien_Higham_2019/41559_2019_969_MOESM3_ESM.xlsx; ____Brain_structure_volumes/41559_2019_969_MOESM3_ESM.xlsx; ____Sensory_audiovisual/_incoming_Bath_archive_20260814/EXAMPLE ORGANIZATION/DeCasien Higham 2019/41559_2019_969_MOESM3_ESM.xlsx; ____Sensory_audiovisual/_incoming_Bath_archive_20260814/EXAMPLE ORGANIZATION/DeCasien etal 2017/41559_2017_BFs415590170112_MOESM250_ESM.xls
B_number,Papio_cynocephalus28,28,trailing number; base 'Papio cynocephalus' seen in 156 files,4,DeCasien_Higham_2019/41559_2019_969_MOESM3_ESM.xlsx; ____Brain_structure_volumes/41559_2019_969_MOESM3_ESM.xlsx; ____Sensory_audiovisual/_incoming_Bath_archive_20260814/EXAMPLE ORGANIZATION/DeCasien Higham 2019/41559_2019_969_MOESM3_ESM.xlsx; ____Sensory_audiovisual/_incoming_Bath_archive_20260814/EXAMPLE ORGANIZATION/DeCasien etal 2017/41559_2017_BFs415590170112_MOESM250_ESM.xls
B_number,Papio_cynocephalus39,39,trailing number; base 'Papio cynocephalus' seen in 156 files,4,DeCasien_Higham_2019/41559_2019_969_MOESM3_ESM.xlsx; ____Brain_structure_volumes/41559_2019_969_MOESM3_ESM.xlsx; ____Sensory_audiovisual/_incoming_Bath_archive_20260814/EXAMPLE ORGANIZATION/DeCasien Higham 2019/41559_2019_969_MOESM3_ESM.xlsx; ____Sensory_audiovisual/_incoming_Bath_archive_20260814/EXAMPLE ORGANIZATION/DeCasien etal 2017/41559_2017_BFs415590170112_MOESM250_ESM.xls
B_number,Papio_cynocephalus43,43,trailing number; base 'Papio cynocephalus' seen in 156 files,4,DeCasien_Higham_2019/41559_2019_969_MOESM3_ESM.xlsx; ____Brain_structure_volumes/41559_2019_969_MOESM3_ESM.xlsx; ____Sensory_audiovisual/_incoming_Bath_archive_20260814/EXAMPLE ORGANIZATION/DeCasien Higham 2019/41559_2019_969_MOESM3_ESM.xlsx; ____Sensory_audiovisual/_incoming_Bath_archive_20260814/EXAMPLE ORGANIZATION/DeCasien etal 2017/41559_2017_BFs415590170112_MOESM250_ESM.xls
B_number,Papio_cynocephalus56,56,trailing number; base 'Papio cynocephalus' seen in 156 files,4,DeCasien_Higham_2019/41559_2019_969_MOESM3_ESM.xlsx; ____Brain_structure_volumes/41559_2019_969_MOESM3_ESM.xlsx; ____Sensory_audiovisual/_incoming_Bath_archive_20260814/EXAMPLE ORGANIZATION/DeCasien Higham 2019/41559_2019_969_MOESM3_ESM.xlsx; ____Sensory_audiovisual/_incoming_Bath_archive_20260814/EXAMPLE ORGANIZATION/DeCasien etal 2017/41559_2017_BFs415590170112_MOESM250_ESM.xls
B_number,Papio_cynocephalus80,80,trailing number; base 'Papio cynocephalus' seen in 156 files,4,DeCasien_Higham_2019/41559_2019_969_MOESM3_ESM.xlsx; ____Brain_structure_volumes/41559_2019_969_MOESM3_ESM.xlsx; ____Sensory_audiovisual/_incoming_Bath_archive_20260814/EXAMPLE ORGANIZATION/DeCasien Higham 2019/41559_2019_969_MOESM3_ESM.xlsx; ____Sensory_audiovisual/_incoming_Bath_archive_20260814/EXAMPLE ORGANIZATION/DeCasien etal 2017/41559_2017_BFs415590170112_MOESM250_ESM.xls
B_number,Papio_hamadryas14,14,trailing number; base 'Papio hamadryas' seen in 146 files,4,DeCasien_Higham_2019/41559_2019_969_MOESM3_ESM.xlsx; ____Brain_structure_volumes/41559_2019_969_MOESM3_ESM.xlsx; ____Sensory_audiovisual/_incoming_Bath_archive_20260814/EXAMPLE ORGANIZATION/DeCasien Higham 2019/41559_2019_969_MOESM3_ESM.xlsx; ____Sensory_audiovisual/_incoming_Bath_archive_20260814/EXAMPLE ORGANIZATION/DeCasien etal 2017/41559_2017_BFs415590170112_MOESM250_ESM.xls
B_number,Papio_hamadryas51,51,trailing number; base 'Papio hamadryas' seen in 146 files,4,DeCasien_Higham_2019/41559_2019_969_MOESM3_ESM.xlsx; ____Brain_structure_volumes/41559_2019_969_MOESM3_ESM.xlsx; ____Sensory_audiovisual/_incoming_Bath_archive_20260814/EXAMPLE ORGANIZATION/DeCasien Higham 2019/41559_2019_969_MOESM3_ESM.xlsx; ____Sensory_audiovisual/_incoming_Bath_archive_20260814/EXAMPLE ORGANIZATION/DeCasien etal 2017/41559_2017_BFs415590170112_MOESM250_ESM.xls
B_number,Papio_hamadryas68,68,trailing number; base 'Papio hamadryas' seen in 146 files,4,DeCasien_Higham_2019/41559_2019_969_MOESM3_ESM.xlsx; ____Brain_structure_volumes/41559_2019_969_MOESM3_ESM.xlsx; ____Sensory_audiovisual/_incoming_Bath_archive_20260814/EXAMPLE ORGANIZATION/DeCasien Higham 2019/41559_2019_969_MOESM3_ESM.xlsx; ____Sensory_audiovisual/_incoming_Bath_archive_20260814/EXAMPLE ORGANIZATION/DeCasien etal 2017/41559_2017_BFs415590170112_MOESM250_ESM.xls
B_number,Papio_papio120,120,trailing number; base 'Papio papio' seen in 72 files,4,DeCasien_Higham_2019/41559_2019_969_MOESM3_ESM.xlsx; ____Brain_structure_volumes/41559_2019_969_MOESM3_ESM.xlsx; ____Sensory_audiovisual/_incoming_Bath_archive_20260814/EXAMPLE ORGANIZATION/DeCasien Higham 2019/41559_2019_969_MOESM3_ESM.xlsx; ____Sensory_audiovisual/_incoming_Bath_archive_20260814/EXAMPLE ORGANIZATION/DeCasien etal 2017/41559_2017_BFs415590170112_MOESM250_ESM.xls
B_number,Papio_papio240,240,trailing number; base 'Papio papio' seen in 72 files,4,DeCasien_Higham_2019/41559_2019_969_MOESM3_ESM.xlsx; ____Brain_structure_volumes/41559_2019_969_MOESM3_ESM.xlsx; ____Sensory_audiovisual/_incoming_Bath_archive_20260814/EXAMPLE ORGANIZATION/DeCasien Higham 2019/41559_2019_969_MOESM3_ESM.xlsx; ____Sensory_audiovisual/_incoming_Bath_archive_20260814/EXAMPLE ORGANIZATION/DeCasien etal 2017/41559_2017_BFs415590170112_MOESM250_ESM.xls
B_number,Papio_papio50,50,trailing number; base 'Papio papio' seen in 72 files,4,DeCasien_Higham_2019/41559_2019_969_MOESM3_ESM.xlsx; ____Brain_structure_volumes/41559_2019_969_MOESM3_ESM.xlsx; ____Sensory_audiovisual/_incoming_Bath_archive_20260814/EXAMPLE ORGANIZATION/DeCasien Higham 2019/41559_2019_969_MOESM3_ESM.xlsx; ____Sensory_audiovisual/_incoming_Bath_archive_20260814/EXAMPLE ORGANIZATION/DeCasien etal 2017/41559_2017_BFs415590170112_MOESM250_ESM.xls
B_number,Papio_ursinus24,24,trailing number; base 'Papio ursinus' seen in 74 files,4,DeCasien_Higham_2019/41559_2019_969_MOESM3_ESM.xlsx; ____Brain_structure_volumes/41559_2019_969_MOESM3_ESM.xlsx; ____Sensory_audiovisual/_incoming_Bath_archive_20260814/EXAMPLE ORGANIZATION/DeCasien Higham 2019/41559_2019_969_MOESM3_ESM.xlsx; ____Sensory_audiovisual/_incoming_Bath_archive_20260814/EXAMPLE ORGANIZATION/DeCasien etal 2017/41559_2017_BFs415590170112_MOESM250_ESM.xls
B_number,Papio_ursinus35,35,trailing number; base 'Papio ursinus' seen in 74 files,4,DeCasien_Higham_2019/41559_2019_969_MOESM3_ESM.xlsx; ____Brain_structure_volumes/41559_2019_969_MOESM3_ESM.xlsx; ____Sensory_audiovisual/_incoming_Bath_archive_20260814/EXAMPLE ORGANIZATION/DeCasien Higham 2019/41559_2019_969_MOESM3_ESM.xlsx; ____Sensory_audiovisual/_incoming_Bath_archive_20260814/EXAMPLE ORGANIZATION/DeCasien etal 2017/41559_2017_BFs415590170112_MOESM250_ESM.xls
B_number,Papio_ursinus41,41,trailing number; base 'Papio ursinus' seen in 74 files,4,DeCasien_Higham_2019/41559_2019_969_MOESM3_ESM.xlsx; ____Brain_structure_volumes/41559_2019_969_MOESM3_ESM.xlsx; ____Sensory_audiovisual/_incoming_Bath_archive_20260814/EXAMPLE ORGANIZATION/DeCasien Higham 2019/41559_2019_969_MOESM3_ESM.xlsx; ____Sensory_audiovisual/_incoming_Bath_archive_20260814/EXAMPLE ORGANIZATION/DeCasien etal 2017/41559_2017_BFs415590170112_MOESM250_ESM.xls
B_number,Papio_ursinus45,45,trailing number; base 'Papio ursinus' seen in 74 files,4,DeCasien_Higham_2019/41559_2019_969_MOESM3_ESM.xlsx; ____Brain_structure_volumes/41559_2019_969_MOESM3_ESM.xlsx; ____Sensory_audiovisual/_incoming_Bath_archive_20260814/EXAMPLE ORGANIZATION/DeCasien Higham 2019/41559_2019_969_MOESM3_ESM.xlsx; ____Sensory_audiovisual/_incoming_Bath_archive_20260814/EXAMPLE ORGANIZATION/DeCasien etal 2017/41559_2017_BFs415590170112_MOESM250_ESM.xls
B_number,Papio_ursinus48,48,trailing number; base 'Papio ursinus' seen in 74 files,4,DeCasien_Higham_2019/41559_2019_969_MOESM3_ESM.xlsx; ____Brain_structure_volumes/41559_2019_969_MOESM3_ESM.xlsx; ____Sensory_audiovisual/_incoming_Bath_archive_20260814/EXAMPLE ORGANIZATION/DeCasien Higham 2019/41559_2019_969_MOESM3_ESM.xlsx; ____Sensory_audiovisual/_incoming_Bath_archive_20260814/EXAMPLE ORGANIZATION/DeCasien etal 2017/41559_2017_BFs415590170112_MOESM250_ESM.xls
B_number,Papio_ursinus79,79,trailing number; base 'Papio ursinus' seen in 74 files,4,DeCasien_Higham_2019/41559_2019_969_MOESM3_ESM.xlsx; ____Brain_structure_volumes/41559_2019_969_MOESM3_ESM.xlsx; ____Sensory_audiovisual/_incoming_Bath_archive_20260814/EXAMPLE ORGANIZATION/DeCasien Higham 2019/41559_2019_969_MOESM3_ESM.xlsx; ____Sensory_audiovisual/_incoming_Bath_archive_20260814/EXAMPLE ORGANIZATION/DeCasien etal 2017/41559_2017_BFs415590170112_MOESM250_ESM.xls
B_number,Papio_ursinus8,8,trailing number; base 'Papio ursinus' seen in 74 files,4,DeCasien_Higham_2019/41559_2019_969_MOESM3_ESM.xlsx; ____Brain_structure_volumes/41559_2019_969_MOESM3_ESM.xlsx; ____Sensory_audiovisual/_incoming_Bath_archive_20260814/EXAMPLE ORGANIZATION/DeCasien Higham 2019/41559_2019_969_MOESM3_ESM.xlsx; ____Sensory_audiovisual/_incoming_Bath_archive_20260814/EXAMPLE ORGANIZATION/DeCasien etal 2017/41559_2017_BFs415590170112_MOESM250_ESM.xls
B_number,Perodicticus_potto1,1,trailing number; base 'Perodicticus potto' seen in 284 files,4,DeCasien_Higham_2019/41559_2019_969_MOESM3_ESM.xlsx; ____Brain_structure_volumes/41559_2019_969_MOESM3_ESM.xlsx; ____Sensory_audiovisual/_incoming_Bath_archive_20260814/EXAMPLE ORGANIZATION/DeCasien Higham 2019/41559_2019_969_MOESM3_ESM.xlsx; ____Sensory_audiovisual/_incoming_Bath_archive_20260814/EXAMPLE ORGANIZATION/DeCasien etal 2017/41559_2017_BFs415590170112_MOESM250_ESM.xls
B_number,Piliocolobus_badius10,10,trailing number; base 'Piliocolobus badius' seen in 166 files,4,DeCasien_Higham_2019/41559_2019_969_MOESM3_ESM.xlsx; ____Brain_structure_volumes/41559_2019_969_MOESM3_ESM.xlsx; ____Sensory_audiovisual/_incoming_Bath_archive_20260814/EXAMPLE ORGANIZATION/DeCasien Higham 2019/41559_2019_969_MOESM3_ESM.xlsx; ____Sensory_audiovisual/_incoming_Bath_archive_20260814/EXAMPLE ORGANIZATION/DeCasien etal 2017/41559_2017_BFs415590170112_MOESM250_ESM.xls
B_number,Piliocolobus_badius16,16,trailing number; base 'Piliocolobus badius' seen in 166 files,4,DeCasien_Higham_2019/41559_2019_969_MOESM3_ESM.xlsx; ____Brain_structure_volumes/41559_2019_969_MOESM3_ESM.xlsx; ____Sensory_audiovisual/_incoming_Bath_archive_20260814/EXAMPLE ORGANIZATION/DeCasien Higham 2019/41559_2019_969_MOESM3_ESM.xlsx; ____Sensory_audiovisual/_incoming_Bath_archive_20260814/EXAMPLE ORGANIZATION/DeCasien etal 2017/41559_2017_BFs415590170112_MOESM250_ESM.xls
B_number,Piliocolobus_badius17,17,trailing number; base 'Piliocolobus badius' seen in 166 files,4,DeCasien_Higham_2019/41559_2019_969_MOESM3_ESM.xlsx; ____Brain_structure_volumes/41559_2019_969_MOESM3_ESM.xlsx; ____Sensory_audiovisual/_incoming_Bath_archive_20260814/EXAMPLE ORGANIZATION/DeCasien Higham 2019/41559_2019_969_MOESM3_ESM.xlsx; ____Sensory_audiovisual/_incoming_Bath_archive_20260814/EXAMPLE ORGANIZATION/DeCasien etal 2017/41559_2017_BFs415590170112_MOESM250_ESM.xls
B_number,Piliocolobus_badius18,18,trailing number; base 'Piliocolobus badius' seen in 166 files,4,DeCasien_Higham_2019/41559_2019_969_MOESM3_ESM.xlsx; ____Brain_structure_volumes/41559_2019_969_MOESM3_ESM.xlsx; ____Sensory_audiovisual/_incoming_Bath_archive_20260814/EXAMPLE ORGANIZATION/DeCasien Higham 2019/41559_2019_969_MOESM3_ESM.xlsx; ____Sensory_audiovisual/_incoming_Bath_archive_20260814/EXAMPLE ORGANIZATION/DeCasien etal 2017/41559_2017_BFs415590170112_MOESM250_ESM.xls
B_number,Piliocolobus_badius19,19,trailing number; base 'Piliocolobus badius' seen in 166 files,4,DeCasien_Higham_2019/41559_2019_969_MOESM3_ESM.xlsx; ____Brain_structure_volumes/41559_2019_969_MOESM3_ESM.xlsx; ____Sensory_audiovisual/_incoming_Bath_archive_20260814/EXAMPLE ORGANIZATION/DeCasien Higham 2019/41559_2019_969_MOESM3_ESM.xlsx; ____Sensory_audiovisual/_incoming_Bath_archive_20260814/EXAMPLE ORGANIZATION/DeCasien etal 2017/41559_2017_BFs415590170112_MOESM250_ESM.xls
B_number,Piliocolobus_badius20,20,trailing number; base 'Piliocolobus badius' seen in 166 files,4,DeCasien_Higham_2019/41559_2019_969_MOESM3_ESM.xlsx; ____Brain_structure_volumes/41559_2019_969_MOESM3_ESM.xlsx; ____Sensory_audiovisual/_incoming_Bath_archive_20260814/EXAMPLE ORGANIZATION/DeCasien Higham 2019/41559_2019_969_MOESM3_ESM.xlsx; ____Sensory_audiovisual/_incoming_Bath_archive_20260814/EXAMPLE ORGANIZATION/DeCasien etal 2017/41559_2017_BFs415590170112_MOESM250_ESM.xls
B_number,Piliocolobus_badius24,24,trailing number; base 'Piliocolobus badius' seen in 166 files,4,DeCasien_Higham_2019/41559_2019_969_MOESM3_ESM.xlsx; ____Brain_structure_volumes/41559_2019_969_MOESM3_ESM.xlsx; ____Sensory_audiovisual/_incoming_Bath_archive_20260814/EXAMPLE ORGANIZATION/DeCasien Higham 2019/41559_2019_969_MOESM3_ESM.xlsx; ____Sensory_audiovisual/_incoming_Bath_archive_20260814/EXAMPLE ORGANIZATION/DeCasien etal 2017/41559_2017_BFs415590170112_MOESM250_ESM.xls
B_number,Piliocolobus_badius26,26,trailing number; base 'Piliocolobus badius' seen in 166 files,4,DeCasien_Higham_2019/41559_2019_969_MOESM3_ESM.xlsx; ____Brain_structure_volumes/41559_2019_969_MOESM3_ESM.xlsx; ____Sensory_audiovisual/_incoming_Bath_archive_20260814/EXAMPLE ORGANIZATION/DeCasien Higham 2019/41559_2019_969_MOESM3_ESM.xlsx; ____Sensory_audiovisual/_incoming_Bath_archive_20260814/EXAMPLE ORGANIZATION/DeCasien etal 2017/41559_2017_BFs415590170112_MOESM250_ESM.xls
B_number,Piliocolobus_badius29,29,trailing number; base 'Piliocolobus badius' seen in 166 files,4,DeCasien_Higham_2019/41559_2019_969_MOESM3_ESM.xlsx; ____Brain_structure_volumes/41559_2019_969_MOESM3_ESM.xlsx; ____Sensory_audiovisual/_incoming_Bath_archive_20260814/EXAMPLE ORGANIZATION/DeCasien Higham 2019/41559_2019_969_MOESM3_ESM.xlsx; ____Sensory_audiovisual/_incoming_Bath_archive_20260814/EXAMPLE ORGANIZATION/DeCasien etal 2017/41559_2017_BFs415590170112_MOESM250_ESM.xls
B_number,Piliocolobus_badius31,31,trailing number; base 'Piliocolobus badius' seen in 166 files,4,DeCasien_Higham_2019/41559_2019_969_MOESM3_ESM.xlsx; ____Brain_structure_volumes/41559_2019_969_MOESM3_ESM.xlsx; ____Sensory_audiovisual/_incoming_Bath_archive_20260814/EXAMPLE ORGANIZATION/DeCasien Higham 2019/41559_2019_969_MOESM3_ESM.xlsx; ____Sensory_audiovisual/_incoming_Bath_archive_20260814/EXAMPLE ORGANIZATION/DeCasien etal 2017/41559_2017_BFs415590170112_MOESM250_ESM.xls
B_number,Piliocolobus_badius32,32,trailing number; base 'Piliocolobus badius' seen in 166 files,4,DeCasien_Higham_2019/41559_2019_969_MOESM3_ESM.xlsx; ____Brain_structure_volumes/41559_2019_969_MOESM3_ESM.xlsx; ____Sensory_audiovisual/_incoming_Bath_archive_20260814/EXAMPLE ORGANIZATION/DeCasien Higham 2019/41559_2019_969_MOESM3_ESM.xlsx; ____Sensory_audiovisual/_incoming_Bath_archive_20260814/EXAMPLE ORGANIZATION/DeCasien etal 2017/41559_2017_BFs415590170112_MOESM250_ESM.xls
B_number,Piliocolobus_badius34,34,trailing number; base 'Piliocolobus badius' seen in 166 files,4,DeCasien_Higham_2019/41559_2019_969_MOESM3_ESM.xlsx; ____Brain_structure_volumes/41559_2019_969_MOESM3_ESM.xlsx; ____Sensory_audiovisual/_incoming_Bath_archive_20260814/EXAMPLE ORGANIZATION/DeCasien Higham 2019/41559_2019_969_MOESM3_ESM.xlsx; ____Sensory_audiovisual/_incoming_Bath_archive_20260814/EXAMPLE ORGANIZATION/DeCasien etal 2017/41559_2017_BFs415590170112_MOESM250_ESM.xls
B_number,Piliocolobus_badius35,35,trailing number; base 'Piliocolobus badius' seen in 166 files,4,DeCasien_Higham_2019/41559_2019_969_MOESM3_ESM.xlsx; ____Brain_structure_volumes/41559_2019_969_MOESM3_ESM.xlsx; ____Sensory_audiovisual/_incoming_Bath_archive_20260814/EXAMPLE ORGANIZATION/DeCasien Higham 2019/41559_2019_969_MOESM3_ESM.xlsx; ____Sensory_audiovisual/_incoming_Bath_archive_20260814/EXAMPLE ORGANIZATION/DeCasien etal 2017/41559_2017_BFs415590170112_MOESM250_ESM.xls
B_number,Piliocolobus_badius37,37,trailing number; base 'Piliocolobus badius' seen in 166 files,4,DeCasien_Higham_2019/41559_2019_969_MOESM3_ESM.xlsx; ____Brain_structure_volumes/41559_2019_969_MOESM3_ESM.xlsx; ____Sensory_audiovisual/_incoming_Bath_archive_20260814/EXAMPLE ORGANIZATION/DeCasien Higham 2019/41559_2019_969_MOESM3_ESM.xlsx; ____Sensory_audiovisual/_incoming_Bath_archive_20260814/EXAMPLE ORGANIZATION/DeCasien etal 2017/41559_2017_BFs415590170112_MOESM250_ESM.xls
B_number,Piliocolobus_badius40,40,trailing number; base 'Piliocolobus badius' seen in 166 files,4,DeCasien_Higham_2019/41559_2019_969_MOESM3_ESM.xlsx; ____Brain_structure_volumes/41559_2019_969_MOESM3_ESM.xlsx; ____Sensory_audiovisual/_incoming_Bath_archive_20260814/EXAMPLE ORGANIZATION/DeCasien Higham 2019/41559_2019_969_MOESM3_ESM.xlsx; ____Sensory_audiovisual/_incoming_Bath_archive_20260814/EXAMPLE ORGANIZATION/DeCasien etal 2017/41559_2017_BFs415590170112_MOESM250_ESM.xls
B_number,Piliocolobus_badius48,48,trailing number; base 'Piliocolobus badius' seen in 166 files,4,DeCasien_Higham_2019/41559_2019_969_MOESM3_ESM.xlsx; ____Brain_structure_volumes/41559_2019_969_MOESM3_ESM.xlsx; ____Sensory_audiovisual/_incoming_Bath_archive_20260814/EXAMPLE ORGANIZATION/DeCasien Higham 2019/41559_2019_969_MOESM3_ESM.xlsx; ____Sensory_audiovisual/_incoming_Bath_archive_20260814/EXAMPLE ORGANIZATION/DeCasien etal 2017/41559_2017_BFs415590170112_MOESM250_ESM.xls
B_number,Piliocolobus_badius50,50,trailing number; base 'Piliocolobus badius' seen in 166 files,4,DeCasien_Higham_2019/41559_2019_969_MOESM3_ESM.xlsx; ____Brain_structure_volumes/41559_2019_969_MOESM3_ESM.xlsx; ____Sensory_audiovisual/_incoming_Bath_archive_20260814/EXAMPLE ORGANIZATION/DeCasien Higham 2019/41559_2019_969_MOESM3_ESM.xlsx; ____Sensory_audiovisual/_incoming_Bath_archive_20260814/EXAMPLE ORGANIZATION/DeCasien etal 2017/41559_2017_BFs415590170112_MOESM250_ESM.xls
B_number,Piliocolobus_badius64,64,trailing number; base 'Piliocolobus badius' seen in 166 files,4,DeCasien_Higham_2019/41559_2019_969_MOESM3_ESM.xlsx; ____Brain_structure_volumes/41559_2019_969_MOESM3_ESM.xlsx; ____Sensory_audiovisual/_incoming_Bath_archive_20260814/EXAMPLE ORGANIZATION/DeCasien Higham 2019/41559_2019_969_MOESM3_ESM.xlsx; ____Sensory_audiovisual/_incoming_Bath_archive_20260814/EXAMPLE ORGANIZATION/DeCasien etal 2017/41559_2017_BFs415590170112_MOESM250_ESM.xls
B_number,Piliocolobus_badius8,8,trailing number; base 'Piliocolobus badius' seen in 166 files,4,DeCasien_Higham_2019/41559_2019_969_MOESM3_ESM.xlsx; ____Brain_structure_volumes/41559_2019_969_MOESM3_ESM.xlsx; ____Sensory_audiovisual/_incoming_Bath_archive_20260814/EXAMPLE ORGANIZATION/DeCasien Higham 2019/41559_2019_969_MOESM3_ESM.xlsx; ____Sensory_audiovisual/_incoming_Bath_archive_20260814/EXAMPLE ORGANIZATION/DeCasien etal 2017/41559_2017_BFs415590170112_MOESM250_ESM.xls
B_number,Piliocolobus_badius82,82,trailing number; base 'Piliocolobus badius' seen in 166 files,4,DeCasien_Higham_2019/41559_2019_969_MOESM3_ESM.xlsx; ____Brain_structure_volumes/41559_2019_969_MOESM3_ESM.xlsx; ____Sensory_audiovisual/_incoming_Bath_archive_20260814/EXAMPLE ORGANIZATION/DeCasien Higham 2019/41559_2019_969_MOESM3_ESM.xlsx; ____Sensory_audiovisual/_incoming_Bath_archive_20260814/EXAMPLE ORGANIZATION/DeCasien etal 2017/41559_2017_BFs415590170112_MOESM250_ESM.xls
B_number,Piliocolobus_badius9,9,trailing number; base 'Piliocolobus badius' seen in 166 files,4,DeCasien_Higham_2019/41559_2019_969_MOESM3_ESM.xlsx; ____Brain_structure_volumes/41559_2019_969_MOESM3_ESM.xlsx; ____Sensory_audiovisual/_incoming_Bath_archive_20260814/EXAMPLE ORGANIZATION/DeCasien Higham 2019/41559_2019_969_MOESM3_ESM.xlsx; ____Sensory_audiovisual/_incoming_Bath_archive_20260814/EXAMPLE ORGANIZATION/DeCasien etal 2017/41559_2017_BFs415590170112_MOESM250_ESM.xls
C_symbol,Pipistrellus papuanus §),§,symbol/superscript marker,7,Baron_etal_1996/Baron_etal_1996_Table10.csv; Baron_etal_1996/Baron_etal_1996_Table10_snapshot.csv; Baron_etal_1996/Baron_etal_1996_Table32.csv; Baron_etal_1996/Baron_etal_1996_Table32_snapshot.csv; Baron_etal_1996/Baron_etal_1996_taxonomy_crosswalk.csv
B_number,Pithecia monachus1180,1180,trailing number; base 'Pithecia monachus' seen in 168 files,3,Smaers_etal_2011/000323671_sm_suppltables.xlsx; Smaers_etal_2011/Smaers_etal_2011_SupplementaryTable1_snapshot.csv; Smaers_etal_2011/Smaers_etal_2011_SupplementaryTable2_snapshot.csv
A_letter,Pongo pygmaeusa,a,glued letter; base 'Pongo pygmaeus' in 285 files vs 2,2,Barger_etal_2014/Barger-2014-Evidence for evoluti.xlsx; Barger_etal_2014/Barger_etal_2014_Table1_snapshot.xlsx
A_letter,Pongo pygmaeusb,b,glued letter; base 'Pongo pygmaeus' in 285 files vs 2,2,Barger_etal_2014/Barger-2014-Evidence for evoluti.xlsx; Barger_etal_2014/Barger_etal_2014_Table1_snapshot.xlsx
C_symbol,"Pongo pygmaeus∗,a",∗,symbol/superscript marker,2,Barger_etal_2014/Barger-2014-Evidence for evoluti.xlsx; Barger_etal_2014/Barger_etal_2014_Table1_snapshot.xlsx
B_number,Pongo_abelii2,2,trailing number; base 'Pongo abelii' seen in 75 files,4,DeCasien_Higham_2019/41559_2019_969_MOESM3_ESM.xlsx; ____Brain_structure_volumes/41559_2019_969_MOESM3_ESM.xlsx; ____Sensory_audiovisual/_incoming_Bath_archive_20260814/EXAMPLE ORGANIZATION/DeCasien Higham 2019/41559_2019_969_MOESM3_ESM.xlsx; ____Sensory_audiovisual/_incoming_Bath_archive_20260814/EXAMPLE ORGANIZATION/DeCasien etal 2017/41559_2017_BFs415590170112_MOESM250_ESM.xls
B_number,Pongo_pygmaeus1,1,trailing number; base 'Pongo pygmaeus' seen in 285 files,4,DeCasien_Higham_2019/41559_2019_969_MOESM3_ESM.xlsx; ____Brain_structure_volumes/41559_2019_969_MOESM3_ESM.xlsx; ____Sensory_audiovisual/_incoming_Bath_archive_20260814/EXAMPLE ORGANIZATION/DeCasien Higham 2019/41559_2019_969_MOESM3_ESM.xlsx; ____Sensory_audiovisual/_incoming_Bath_archive_20260814/EXAMPLE ORGANIZATION/DeCasien etal 2017/41559_2017_BFs415590170112_MOESM250_ESM.xls
B_number,Pongo_pygmaeus2,2,trailing number; base 'Pongo pygmaeus' seen in 285 files,4,DeCasien_Higham_2019/41559_2019_969_MOESM3_ESM.xlsx; ____Brain_structure_volumes/41559_2019_969_MOESM3_ESM.xlsx; ____Sensory_audiovisual/_incoming_Bath_archive_20260814/EXAMPLE ORGANIZATION/DeCasien Higham 2019/41559_2019_969_MOESM3_ESM.xlsx; ____Sensory_audiovisual/_incoming_Bath_archive_20260814/EXAMPLE ORGANIZATION/DeCasien etal 2017/41559_2017_BFs415590170112_MOESM250_ESM.xls
C_symbol,Potamogale velox*),*,symbol/superscript marker,1,_checks/scan_species_name_markers.py
B_number,Presbytis_comata7,7,trailing number; base 'Presbytis comata' seen in 45 files,4,DeCasien_Higham_2019/41559_2019_969_MOESM3_ESM.xlsx; ____Brain_structure_volumes/41559_2019_969_MOESM3_ESM.xlsx; ____Sensory_audiovisual/_incoming_Bath_archive_20260814/EXAMPLE ORGANIZATION/DeCasien Higham 2019/41559_2019_969_MOESM3_ESM.xlsx; ____Sensory_audiovisual/_incoming_Bath_archive_20260814/EXAMPLE ORGANIZATION/DeCasien etal 2017/41559_2017_BFs415590170112_MOESM250_ESM.xls
B_number,Presbytis_melalophos14,14,trailing number; base 'Presbytis melalophos' seen in 60 files,4,DeCasien_Higham_2019/41559_2019_969_MOESM3_ESM.xlsx; ____Brain_structure_volumes/41559_2019_969_MOESM3_ESM.xlsx; ____Sensory_audiovisual/_incoming_Bath_archive_20260814/EXAMPLE ORGANIZATION/DeCasien Higham 2019/41559_2019_969_MOESM3_ESM.xlsx; ____Sensory_audiovisual/_incoming_Bath_archive_20260814/EXAMPLE ORGANIZATION/DeCasien etal 2017/41559_2017_BFs415590170112_MOESM250_ESM.xls
B_number,Presbytis_melalophos15,15,trailing number; base 'Presbytis melalophos' seen in 60 files,4,DeCasien_Higham_2019/41559_2019_969_MOESM3_ESM.xlsx; ____Brain_structure_volumes/41559_2019_969_MOESM3_ESM.xlsx; ____Sensory_audiovisual/_incoming_Bath_archive_20260814/EXAMPLE ORGANIZATION/DeCasien Higham 2019/41559_2019_969_MOESM3_ESM.xlsx; ____Sensory_audiovisual/_incoming_Bath_archive_20260814/EXAMPLE ORGANIZATION/DeCasien etal 2017/41559_2017_BFs415590170112_MOESM250_ESM.xls
B_number,Presbytis_potenziani4,4,trailing number; base 'Presbytis potenziani' seen in 41 files,4,DeCasien_Higham_2019/41559_2019_969_MOESM3_ESM.xlsx; ____Brain_structure_volumes/41559_2019_969_MOESM3_ESM.xlsx; ____Sensory_audiovisual/_incoming_Bath_archive_20260814/EXAMPLE ORGANIZATION/DeCasien Higham 2019/41559_2019_969_MOESM3_ESM.xlsx; ____Sensory_audiovisual/_incoming_Bath_archive_20260814/EXAMPLE ORGANIZATION/DeCasien etal 2017/41559_2017_BFs415590170112_MOESM250_ESM.xls
C_symbol,Procavia_capensis*,*,symbol/superscript marker,5,Lewitus_etal_2014/Lewitus_etal_2014_TableS1.csv; Lewitus_etal_2014/Lewitus_etal_2014_TableS1_snapshot.xlsx; Lewitus_etal_2014/pbio.1002000.s013.xlsx; __Public/comparative-data/10.1371%2Fjournal.pbio.1002000_TableS1.tsv; ____EvoM1_TraitTable/glia_gyrification.xlsx
B_number,Procolobus badius 213,213,trailing number; base 'Procolobus badius' seen in 50 files,3,Smaers_etal_2011/000323671_sm_suppltables.xlsx; Smaers_etal_2011/Smaers_etal_2011_SupplementaryTable1_snapshot.csv; Smaers_etal_2011/Smaers_etal_2011_SupplementaryTable2_snapshot.csv
B_number,Procolobus_verus8,8,trailing number; base 'Procolobus verus' seen in 53 files,4,DeCasien_Higham_2019/41559_2019_969_MOESM3_ESM.xlsx; ____Brain_structure_volumes/41559_2019_969_MOESM3_ESM.xlsx; ____Sensory_audiovisual/_incoming_Bath_archive_20260814/EXAMPLE ORGANIZATION/DeCasien Higham 2019/41559_2019_969_MOESM3_ESM.xlsx; ____Sensory_audiovisual/_incoming_Bath_archive_20260814/EXAMPLE ORGANIZATION/DeCasien etal 2017/41559_2017_BFs415590170112_MOESM250_ESM.xls
B_number,Propithecus_diadema6,6,trailing number; base 'Propithecus diadema' seen in 59 files,4,DeCasien_Higham_2019/41559_2019_969_MOESM3_ESM.xlsx; ____Brain_structure_volumes/41559_2019_969_MOESM3_ESM.xlsx; ____Sensory_audiovisual/_incoming_Bath_archive_20260814/EXAMPLE ORGANIZATION/DeCasien Higham 2019/41559_2019_969_MOESM3_ESM.xlsx; ____Sensory_audiovisual/_incoming_Bath_archive_20260814/EXAMPLE ORGANIZATION/DeCasien etal 2017/41559_2017_BFs415590170112_MOESM250_ESM.xls
B_number,Propithecus_verreauxi5,5,trailing number; base 'Propithecus verreauxi' seen in 241 files,4,DeCasien_Higham_2019/41559_2019_969_MOESM3_ESM.xlsx; ____Brain_structure_volumes/41559_2019_969_MOESM3_ESM.xlsx; ____Sensory_audiovisual/_incoming_Bath_archive_20260814/EXAMPLE ORGANIZATION/DeCasien Higham 2019/41559_2019_969_MOESM3_ESM.xlsx; ____Sensory_audiovisual/_incoming_Bath_archive_20260814/EXAMPLE ORGANIZATION/DeCasien etal 2017/41559_2017_BFs415590170112_MOESM250_ESM.xls
B_number,Propithecus_verreauxi6,6,trailing number; base 'Propithecus verreauxi' seen in 241 files,4,DeCasien_Higham_2019/41559_2019_969_MOESM3_ESM.xlsx; ____Brain_structure_volumes/41559_2019_969_MOESM3_ESM.xlsx; ____Sensory_audiovisual/_incoming_Bath_archive_20260814/EXAMPLE ORGANIZATION/DeCasien Higham 2019/41559_2019_969_MOESM3_ESM.xlsx; ____Sensory_audiovisual/_incoming_Bath_archive_20260814/EXAMPLE ORGANIZATION/DeCasien etal 2017/41559_2017_BFs415590170112_MOESM250_ESM.xls
B_number,Propithecus_verreauxi7,7,trailing number; base 'Propithecus verreauxi' seen in 241 files,4,DeCasien_Higham_2019/41559_2019_969_MOESM3_ESM.xlsx; ____Brain_structure_volumes/41559_2019_969_MOESM3_ESM.xlsx; ____Sensory_audiovisual/_incoming_Bath_archive_20260814/EXAMPLE ORGANIZATION/DeCasien Higham 2019/41559_2019_969_MOESM3_ESM.xlsx; ____Sensory_audiovisual/_incoming_Bath_archive_20260814/EXAMPLE ORGANIZATION/DeCasien etal 2017/41559_2017_BFs415590170112_MOESM250_ESM.xls
C_symbol,Pteropus_giganteus*,*,symbol/superscript marker,5,Lewitus_etal_2014/Lewitus_etal_2014_TableS1.csv; Lewitus_etal_2014/Lewitus_etal_2014_TableS1_snapshot.xlsx; Lewitus_etal_2014/pbio.1002000.s013.xlsx; __Public/comparative-data/10.1371%2Fjournal.pbio.1002000_TableS1.tsv; ____EvoM1_TraitTable/glia_gyrification.xlsx
B_number,Pygathrix_nemaeus19,19,trailing number; base 'Pygathrix nemaeus' seen in 188 files,4,DeCasien_Higham_2019/41559_2019_969_MOESM3_ESM.xlsx; ____Brain_structure_volumes/41559_2019_969_MOESM3_ESM.xlsx; ____Sensory_audiovisual/_incoming_Bath_archive_20260814/EXAMPLE ORGANIZATION/DeCasien Higham 2019/41559_2019_969_MOESM3_ESM.xlsx; ____Sensory_audiovisual/_incoming_Bath_archive_20260814/EXAMPLE ORGANIZATION/DeCasien etal 2017/41559_2017_BFs415590170112_MOESM250_ESM.xls
B_number,Pygathrix_nemaeus43,43,trailing number; base 'Pygathrix nemaeus' seen in 188 files,4,DeCasien_Higham_2019/41559_2019_969_MOESM3_ESM.xlsx; ____Brain_structure_volumes/41559_2019_969_MOESM3_ESM.xlsx; ____Sensory_audiovisual/_incoming_Bath_archive_20260814/EXAMPLE ORGANIZATION/DeCasien Higham 2019/41559_2019_969_MOESM3_ESM.xlsx; ____Sensory_audiovisual/_incoming_Bath_archive_20260814/EXAMPLE ORGANIZATION/DeCasien etal 2017/41559_2017_BFs415590170112_MOESM250_ESM.xls
B_number,Rhinopithecus_roxellana110,110,trailing number; base 'Rhinopithecus roxellana' seen in 57 files,4,DeCasien_Higham_2019/41559_2019_969_MOESM3_ESM.xlsx; ____Brain_structure_volumes/41559_2019_969_MOESM3_ESM.xlsx; ____Sensory_audiovisual/_incoming_Bath_archive_20260814/EXAMPLE ORGANIZATION/DeCasien Higham 2019/41559_2019_969_MOESM3_ESM.xlsx; ____Sensory_audiovisual/_incoming_Bath_archive_20260814/EXAMPLE ORGANIZATION/DeCasien etal 2017/41559_2017_BFs415590170112_MOESM250_ESM.xls
B_number,Rhynchocyon cirnei12,12,trailing number; base 'Rhynchocyon cirnei' seen in 81 files,1,Baron_etal_1983/Baron_etal_1983_Table1_snapshot.xlsx
C_symbol,Rhynchocyon cirnei⁶,⁶,symbol/superscript marker,1,Stephan_etal_1982/Stephan_etal_1982_Table1_snapshot.xlsx
B_number,Saguinus midas10,10,trailing number; base 'Saguinus midas' seen in 196 files,1,Baron_etal_1983/Baron_etal_1983_Table1_snapshot.xlsx
C_symbol,Saguinus midas¹¹,¹¹,symbol/superscript marker,1,Stephan_etal_1982/Stephan_etal_1982_Table1_snapshot.xlsx
B_number,Saguinus_imperator4,4,trailing number; base 'Saguinus imperator' seen in 50 files,4,DeCasien_Higham_2019/41559_2019_969_MOESM3_ESM.xlsx; ____Brain_structure_volumes/41559_2019_969_MOESM3_ESM.xlsx; ____Sensory_audiovisual/_incoming_Bath_archive_20260814/EXAMPLE ORGANIZATION/DeCasien Higham 2019/41559_2019_969_MOESM3_ESM.xlsx; ____Sensory_audiovisual/_incoming_Bath_archive_20260814/EXAMPLE ORGANIZATION/DeCasien etal 2017/41559_2017_BFs415590170112_MOESM250_ESM.xls
B_number,Saguinus_midas5,5,trailing number; base 'Saguinus midas' seen in 196 files,4,DeCasien_Higham_2019/41559_2019_969_MOESM3_ESM.xlsx; ____Brain_structure_volumes/41559_2019_969_MOESM3_ESM.xlsx; ____Sensory_audiovisual/_incoming_Bath_archive_20260814/EXAMPLE ORGANIZATION/DeCasien Higham 2019/41559_2019_969_MOESM3_ESM.xlsx; ____Sensory_audiovisual/_incoming_Bath_archive_20260814/EXAMPLE ORGANIZATION/DeCasien etal 2017/41559_2017_BFs415590170112_MOESM250_ESM.xls
B_number,Saguinus_oedipus3,3,trailing number; base 'Saguinus oedipus' seen in 261 files,4,DeCasien_Higham_2019/41559_2019_969_MOESM3_ESM.xlsx; ____Brain_structure_volumes/41559_2019_969_MOESM3_ESM.xlsx; ____Sensory_audiovisual/_incoming_Bath_archive_20260814/EXAMPLE ORGANIZATION/DeCasien Higham 2019/41559_2019_969_MOESM3_ESM.xlsx; ____Sensory_audiovisual/_incoming_Bath_archive_20260814/EXAMPLE ORGANIZATION/DeCasien etal 2017/41559_2017_BFs415590170112_MOESM250_ESM.xls
B_number,Saguinus_oedipus6,6,trailing number; base 'Saguinus oedipus' seen in 261 files,4,DeCasien_Higham_2019/41559_2019_969_MOESM3_ESM.xlsx; ____Brain_structure_volumes/41559_2019_969_MOESM3_ESM.xlsx; ____Sensory_audiovisual/_incoming_Bath_archive_20260814/EXAMPLE ORGANIZATION/DeCasien Higham 2019/41559_2019_969_MOESM3_ESM.xlsx; ____Sensory_audiovisual/_incoming_Bath_archive_20260814/EXAMPLE ORGANIZATION/DeCasien etal 2017/41559_2017_BFs415590170112_MOESM250_ESM.xls
B_number,Saguinus_oedipus7,7,trailing number; base 'Saguinus oedipus' seen in 261 files,4,DeCasien_Higham_2019/41559_2019_969_MOESM3_ESM.xlsx; ____Brain_structure_volumes/41559_2019_969_MOESM3_ESM.xlsx; ____Sensory_audiovisual/_incoming_Bath_archive_20260814/EXAMPLE ORGANIZATION/DeCasien Higham 2019/41559_2019_969_MOESM3_ESM.xlsx; ____Sensory_audiovisual/_incoming_Bath_archive_20260814/EXAMPLE ORGANIZATION/DeCasien etal 2017/41559_2017_BFs415590170112_MOESM250_ESM.xls
B_number,Saguinus_oedipus8,8,trailing number; base 'Saguinus oedipus' seen in 261 files,4,DeCasien_Higham_2019/41559_2019_969_MOESM3_ESM.xlsx; ____Brain_structure_volumes/41559_2019_969_MOESM3_ESM.xlsx; ____Sensory_audiovisual/_incoming_Bath_archive_20260814/EXAMPLE ORGANIZATION/DeCasien Higham 2019/41559_2019_969_MOESM3_ESM.xlsx; ____Sensory_audiovisual/_incoming_Bath_archive_20260814/EXAMPLE ORGANIZATION/DeCasien etal 2017/41559_2017_BFs415590170112_MOESM250_ESM.xls
C_symbol,Saimiri sciureus (2408) ‡,‡,symbol/superscript marker,1,MacLeod_etal_2003/MacLeod_etal_2003_Table2_snapshot.csv
B_number,Saimiri_boliviensis20,20,trailing number; base 'Saimiri boliviensis' seen in 56 files,4,DeCasien_Higham_2019/41559_2019_969_MOESM3_ESM.xlsx; ____Brain_structure_volumes/41559_2019_969_MOESM3_ESM.xlsx; ____Sensory_audiovisual/_incoming_Bath_archive_20260814/EXAMPLE ORGANIZATION/DeCasien Higham 2019/41559_2019_969_MOESM3_ESM.xlsx; ____Sensory_audiovisual/_incoming_Bath_archive_20260814/EXAMPLE ORGANIZATION/DeCasien etal 2017/41559_2017_BFs415590170112_MOESM250_ESM.xls
B_number,Saimiri_oerstedii23,23,trailing number; base 'Saimiri oerstedii' seen in 48 files,4,DeCasien_Higham_2019/41559_2019_969_MOESM3_ESM.xlsx; ____Brain_structure_volumes/41559_2019_969_MOESM3_ESM.xlsx; ____Sensory_audiovisual/_incoming_Bath_archive_20260814/EXAMPLE ORGANIZATION/DeCasien Higham 2019/41559_2019_969_MOESM3_ESM.xlsx; ____Sensory_audiovisual/_incoming_Bath_archive_20260814/EXAMPLE ORGANIZATION/DeCasien etal 2017/41559_2017_BFs415590170112_MOESM250_ESM.xls
B_number,Saimiri_oerstedii25,25,trailing number; base 'Saimiri oerstedii' seen in 48 files,4,DeCasien_Higham_2019/41559_2019_969_MOESM3_ESM.xlsx; ____Brain_structure_volumes/41559_2019_969_MOESM3_ESM.xlsx; ____Sensory_audiovisual/_incoming_Bath_archive_20260814/EXAMPLE ORGANIZATION/DeCasien Higham 2019/41559_2019_969_MOESM3_ESM.xlsx; ____Sensory_audiovisual/_incoming_Bath_archive_20260814/EXAMPLE ORGANIZATION/DeCasien etal 2017/41559_2017_BFs415590170112_MOESM250_ESM.xls
B_number,Saimiri_sciureus19,19,trailing number; base 'Saimiri sciureus' seen in 449 files,4,DeCasien_Higham_2019/41559_2019_969_MOESM3_ESM.xlsx; ____Brain_structure_volumes/41559_2019_969_MOESM3_ESM.xlsx; ____Sensory_audiovisual/_incoming_Bath_archive_20260814/EXAMPLE ORGANIZATION/DeCasien Higham 2019/41559_2019_969_MOESM3_ESM.xlsx; ____Sensory_audiovisual/_incoming_Bath_archive_20260814/EXAMPLE ORGANIZATION/DeCasien etal 2017/41559_2017_BFs415590170112_MOESM250_ESM.xls
B_number,Saimiri_sciureus22,22,trailing number; base 'Saimiri sciureus' seen in 449 files,4,DeCasien_Higham_2019/41559_2019_969_MOESM3_ESM.xlsx; ____Brain_structure_volumes/41559_2019_969_MOESM3_ESM.xlsx; ____Sensory_audiovisual/_incoming_Bath_archive_20260814/EXAMPLE ORGANIZATION/DeCasien Higham 2019/41559_2019_969_MOESM3_ESM.xlsx; ____Sensory_audiovisual/_incoming_Bath_archive_20260814/EXAMPLE ORGANIZATION/DeCasien etal 2017/41559_2017_BFs415590170112_MOESM250_ESM.xls
B_number,Saimiri_sciureus25,25,trailing number; base 'Saimiri sciureus' seen in 449 files,4,DeCasien_Higham_2019/41559_2019_969_MOESM3_ESM.xlsx; ____Brain_structure_volumes/41559_2019_969_MOESM3_ESM.xlsx; ____Sensory_audiovisual/_incoming_Bath_archive_20260814/EXAMPLE ORGANIZATION/DeCasien Higham 2019/41559_2019_969_MOESM3_ESM.xlsx; ____Sensory_audiovisual/_incoming_Bath_archive_20260814/EXAMPLE ORGANIZATION/DeCasien etal 2017/41559_2017_BFs415590170112_MOESM250_ESM.xls
B_number,Saimiri_sciureus30,30,trailing number; base 'Saimiri sciureus' seen in 449 files,4,DeCasien_Higham_2019/41559_2019_969_MOESM3_ESM.xlsx; ____Brain_structure_volumes/41559_2019_969_MOESM3_ESM.xlsx; ____Sensory_audiovisual/_incoming_Bath_archive_20260814/EXAMPLE ORGANIZATION/DeCasien Higham 2019/41559_2019_969_MOESM3_ESM.xlsx; ____Sensory_audiovisual/_incoming_Bath_archive_20260814/EXAMPLE ORGANIZATION/DeCasien etal 2017/41559_2017_BFs415590170112_MOESM250_ESM.xls
B_number,Saimiri_sciureus32,32,trailing number; base 'Saimiri sciureus' seen in 449 files,4,DeCasien_Higham_2019/41559_2019_969_MOESM3_ESM.xlsx; ____Brain_structure_volumes/41559_2019_969_MOESM3_ESM.xlsx; ____Sensory_audiovisual/_incoming_Bath_archive_20260814/EXAMPLE ORGANIZATION/DeCasien Higham 2019/41559_2019_969_MOESM3_ESM.xlsx; ____Sensory_audiovisual/_incoming_Bath_archive_20260814/EXAMPLE ORGANIZATION/DeCasien etal 2017/41559_2017_BFs415590170112_MOESM250_ESM.xls
B_number,Saimiri_sciureus35,35,trailing number; base 'Saimiri sciureus' seen in 449 files,4,DeCasien_Higham_2019/41559_2019_969_MOESM3_ESM.xlsx; ____Brain_structure_volumes/41559_2019_969_MOESM3_ESM.xlsx; ____Sensory_audiovisual/_incoming_Bath_archive_20260814/EXAMPLE ORGANIZATION/DeCasien Higham 2019/41559_2019_969_MOESM3_ESM.xlsx; ____Sensory_audiovisual/_incoming_Bath_archive_20260814/EXAMPLE ORGANIZATION/DeCasien etal 2017/41559_2017_BFs415590170112_MOESM250_ESM.xls
B_number,Saimiri_sciureus42,42,trailing number; base 'Saimiri sciureus' seen in 449 files,4,DeCasien_Higham_2019/41559_2019_969_MOESM3_ESM.xlsx; ____Brain_structure_volumes/41559_2019_969_MOESM3_ESM.xlsx; ____Sensory_audiovisual/_incoming_Bath_archive_20260814/EXAMPLE ORGANIZATION/DeCasien Higham 2019/41559_2019_969_MOESM3_ESM.xlsx; ____Sensory_audiovisual/_incoming_Bath_archive_20260814/EXAMPLE ORGANIZATION/DeCasien etal 2017/41559_2017_BFs415590170112_MOESM250_ESM.xls
B_number,Saimiri_sciureus44,44,trailing number; base 'Saimiri sciureus' seen in 449 files,4,DeCasien_Higham_2019/41559_2019_969_MOESM3_ESM.xlsx; ____Brain_structure_volumes/41559_2019_969_MOESM3_ESM.xlsx; ____Sensory_audiovisual/_incoming_Bath_archive_20260814/EXAMPLE ORGANIZATION/DeCasien Higham 2019/41559_2019_969_MOESM3_ESM.xlsx; ____Sensory_audiovisual/_incoming_Bath_archive_20260814/EXAMPLE ORGANIZATION/DeCasien etal 2017/41559_2017_BFs415590170112_MOESM250_ESM.xls
B_number,Saimiri_sciureus48,48,trailing number; base 'Saimiri sciureus' seen in 449 files,4,DeCasien_Higham_2019/41559_2019_969_MOESM3_ESM.xlsx; ____Brain_structure_volumes/41559_2019_969_MOESM3_ESM.xlsx; ____Sensory_audiovisual/_incoming_Bath_archive_20260814/EXAMPLE ORGANIZATION/DeCasien Higham 2019/41559_2019_969_MOESM3_ESM.xlsx; ____Sensory_audiovisual/_incoming_Bath_archive_20260814/EXAMPLE ORGANIZATION/DeCasien etal 2017/41559_2017_BFs415590170112_MOESM250_ESM.xls
B_number,Saimiri_sciureus50,50,trailing number; base 'Saimiri sciureus' seen in 449 files,4,DeCasien_Higham_2019/41559_2019_969_MOESM3_ESM.xlsx; ____Brain_structure_volumes/41559_2019_969_MOESM3_ESM.xlsx; ____Sensory_audiovisual/_incoming_Bath_archive_20260814/EXAMPLE ORGANIZATION/DeCasien Higham 2019/41559_2019_969_MOESM3_ESM.xlsx; ____Sensory_audiovisual/_incoming_Bath_archive_20260814/EXAMPLE ORGANIZATION/DeCasien etal 2017/41559_2017_BFs415590170112_MOESM250_ESM.xls
B_number,Saimiri_sciureus65,65,trailing number; base 'Saimiri sciureus' seen in 449 files,4,DeCasien_Higham_2019/41559_2019_969_MOESM3_ESM.xlsx; ____Brain_structure_volumes/41559_2019_969_MOESM3_ESM.xlsx; ____Sensory_audiovisual/_incoming_Bath_archive_20260814/EXAMPLE ORGANIZATION/DeCasien Higham 2019/41559_2019_969_MOESM3_ESM.xlsx; ____Sensory_audiovisual/_incoming_Bath_archive_20260814/EXAMPLE ORGANIZATION/DeCasien etal 2017/41559_2017_BFs415590170112_MOESM250_ESM.xls
B_number,Semnopithecus_entellus19,19,trailing number; base 'Semnopithecus entellus' seen in 138 files,4,DeCasien_Higham_2019/41559_2019_969_MOESM3_ESM.xlsx; ____Brain_structure_volumes/41559_2019_969_MOESM3_ESM.xlsx; ____Sensory_audiovisual/_incoming_Bath_archive_20260814/EXAMPLE ORGANIZATION/DeCasien Higham 2019/41559_2019_969_MOESM3_ESM.xlsx; ____Sensory_audiovisual/_incoming_Bath_archive_20260814/EXAMPLE ORGANIZATION/DeCasien etal 2017/41559_2017_BFs415590170112_MOESM250_ESM.xls
B_number,Semnopithecus_entellus33,33,trailing number; base 'Semnopithecus entellus' seen in 138 files,4,DeCasien_Higham_2019/41559_2019_969_MOESM3_ESM.xlsx; ____Brain_structure_volumes/41559_2019_969_MOESM3_ESM.xlsx; ____Sensory_audiovisual/_incoming_Bath_archive_20260814/EXAMPLE ORGANIZATION/DeCasien Higham 2019/41559_2019_969_MOESM3_ESM.xlsx; ____Sensory_audiovisual/_incoming_Bath_archive_20260814/EXAMPLE ORGANIZATION/DeCasien etal 2017/41559_2017_BFs415590170112_MOESM250_ESM.xls
E_ocr,"Slow loris
( Nycriceb11s coi1ca11g)",,possible OCR corruption,1,Heffner_Masterton_1983/Heffner-1983-The role of the corticospinal tra.xlsx
B_number,Social_learning_2002,2002,trailing number; base 'Social learning' seen in 9 files,4,Reader_etal_2011/Reader_etal_2011_Data.csv; Reader_etal_2011/reference_tables/Reader_etal_2011_definitions.csv; __Public/comparative-data/10.1098%2Frstb.2010.0342_Data.tsv; _keys/variable_catalog.csv
C_symbol,Stephan_etal_1981_Table*,*,symbol/superscript marker,1,__merging_volumes/volumes_select_value_flags.csv
C_symbol,Syconycteris a. australis §),§,symbol/superscript marker,7,Baron_etal_1996/Baron_etal_1996_Table10.csv; Baron_etal_1996/Baron_etal_1996_Table10_snapshot.csv; Baron_etal_1996/Baron_etal_1996_Table32.csv; Baron_etal_1996/Baron_etal_1996_Table32_snapshot.csv; Baron_etal_1996/Baron_etal_1996_taxonomy_crosswalk.csv
B_number,Symphalangus_syndactylus3,3,trailing number; base 'Symphalangus syndactylus' seen in 154 files,4,DeCasien_Higham_2019/41559_2019_969_MOESM3_ESM.xlsx; ____Brain_structure_volumes/41559_2019_969_MOESM3_ESM.xlsx; ____Sensory_audiovisual/_incoming_Bath_archive_20260814/EXAMPLE ORGANIZATION/DeCasien Higham 2019/41559_2019_969_MOESM3_ESM.xlsx; ____Sensory_audiovisual/_incoming_Bath_archive_20260814/EXAMPLE ORGANIZATION/DeCasien etal 2017/41559_2017_BFs415590170112_MOESM250_ESM.xls
B_number,Symphalangus_syndactylus4,4,trailing number; base 'Symphalangus syndactylus' seen in 154 files,4,DeCasien_Higham_2019/41559_2019_969_MOESM3_ESM.xlsx; ____Brain_structure_volumes/41559_2019_969_MOESM3_ESM.xlsx; ____Sensory_audiovisual/_incoming_Bath_archive_20260814/EXAMPLE ORGANIZATION/DeCasien Higham 2019/41559_2019_969_MOESM3_ESM.xlsx; ____Sensory_audiovisual/_incoming_Bath_archive_20260814/EXAMPLE ORGANIZATION/DeCasien etal 2017/41559_2017_BFs415590170112_MOESM250_ESM.xls
B_number,Symphalangus_syndactylus5,5,trailing number; base 'Symphalangus syndactylus' seen in 154 files,4,DeCasien_Higham_2019/41559_2019_969_MOESM3_ESM.xlsx; ____Brain_structure_volumes/41559_2019_969_MOESM3_ESM.xlsx; ____Sensory_audiovisual/_incoming_Bath_archive_20260814/EXAMPLE ORGANIZATION/DeCasien Higham 2019/41559_2019_969_MOESM3_ESM.xlsx; ____Sensory_audiovisual/_incoming_Bath_archive_20260814/EXAMPLE ORGANIZATION/DeCasien etal 2017/41559_2017_BFs415590170112_MOESM250_ESM.xls
B_number,Tachyglossus aculeatus 1,1,trailing number; base 'Tachyglossus aculeatus' seen in 112 files,4,Ashwell__2020/Ashwell__2020_SupplementaryTable.csv; Ashwell__2020/Ashwell__2020_SupplementaryTable_snapshot.xlsx; __Public/comparative-data/10.1016%2Fj.zool.2020.125753_SupplementaryTable.tsv; _checks/scan_species_name_markers.py
B_number,Tachyglossus aculeatus 2,2,trailing number; base 'Tachyglossus aculeatus' seen in 112 files,3,Ashwell__2020/Ashwell__2020_SupplementaryTable.csv; Ashwell__2020/Ashwell__2020_SupplementaryTable_snapshot.xlsx; __Public/comparative-data/10.1016%2Fj.zool.2020.125753_SupplementaryTable.tsv
B_number,Tachyglossus aculeatus 3,3,trailing number; base 'Tachyglossus aculeatus' seen in 112 files,3,Ashwell__2020/Ashwell__2020_SupplementaryTable.csv; Ashwell__2020/Ashwell__2020_SupplementaryTable_snapshot.xlsx; __Public/comparative-data/10.1016%2Fj.zool.2020.125753_SupplementaryTable.tsv
B_number,Tarsius_bancanus2,2,trailing number; base 'Tarsius bancanus' seen in 68 files,4,DeCasien_Higham_2019/41559_2019_969_MOESM3_ESM.xlsx; ____Brain_structure_volumes/41559_2019_969_MOESM3_ESM.xlsx; ____Sensory_audiovisual/_incoming_Bath_archive_20260814/EXAMPLE ORGANIZATION/DeCasien Higham 2019/41559_2019_969_MOESM3_ESM.xlsx; ____Sensory_audiovisual/_incoming_Bath_archive_20260814/EXAMPLE ORGANIZATION/DeCasien etal 2017/41559_2017_BFs415590170112_MOESM250_ESM.xls
B_number,Tarsius_syrichta2,2,trailing number; base 'Tarsius syrichta' seen in 136 files,4,DeCasien_Higham_2019/41559_2019_969_MOESM3_ESM.xlsx; ____Brain_structure_volumes/41559_2019_969_MOESM3_ESM.xlsx; ____Sensory_audiovisual/_incoming_Bath_archive_20260814/EXAMPLE ORGANIZATION/DeCasien Higham 2019/41559_2019_969_MOESM3_ESM.xlsx; ____Sensory_audiovisual/_incoming_Bath_archive_20260814/EXAMPLE ORGANIZATION/DeCasien etal 2017/41559_2017_BFs415590170112_MOESM250_ESM.xls
B_number,Theropithecus_gelada113,113,trailing number; base 'Theropithecus gelada' seen in 73 files,4,DeCasien_Higham_2019/41559_2019_969_MOESM3_ESM.xlsx; ____Brain_structure_volumes/41559_2019_969_MOESM3_ESM.xlsx; ____Sensory_audiovisual/_incoming_Bath_archive_20260814/EXAMPLE ORGANIZATION/DeCasien Higham 2019/41559_2019_969_MOESM3_ESM.xlsx; ____Sensory_audiovisual/_incoming_Bath_archive_20260814/EXAMPLE ORGANIZATION/DeCasien etal 2017/41559_2017_BFs415590170112_MOESM250_ESM.xls
B_number,Theropithecus_gelada165,165,trailing number; base 'Theropithecus gelada' seen in 73 files,4,DeCasien_Higham_2019/41559_2019_969_MOESM3_ESM.xlsx; ____Brain_structure_volumes/41559_2019_969_MOESM3_ESM.xlsx; ____Sensory_audiovisual/_incoming_Bath_archive_20260814/EXAMPLE ORGANIZATION/DeCasien Higham 2019/41559_2019_969_MOESM3_ESM.xlsx; ____Sensory_audiovisual/_incoming_Bath_archive_20260814/EXAMPLE ORGANIZATION/DeCasien etal 2017/41559_2017_BFs415590170112_MOESM250_ESM.xls
B_number,Theropithecus_gelada320,320,trailing number; base 'Theropithecus gelada' seen in 73 files,4,DeCasien_Higham_2019/41559_2019_969_MOESM3_ESM.xlsx; ____Brain_structure_volumes/41559_2019_969_MOESM3_ESM.xlsx; ____Sensory_audiovisual/_incoming_Bath_archive_20260814/EXAMPLE ORGANIZATION/DeCasien Higham 2019/41559_2019_969_MOESM3_ESM.xlsx; ____Sensory_audiovisual/_incoming_Bath_archive_20260814/EXAMPLE ORGANIZATION/DeCasien etal 2017/41559_2017_BFs415590170112_MOESM250_ESM.xls
B_number,Tool_use_2002,2002,trailing number; base 'Tool use' seen in 15 files,4,Reader_etal_2011/Reader_etal_2011_Data.csv; Reader_etal_2011/reference_tables/Reader_etal_2011_definitions.csv; __Public/comparative-data/10.1098%2Frstb.2010.0342_Data.tsv; _keys/variable_catalog.csv
B_number,Trachypithecus_cristatus28,28,trailing number; base 'Trachypithecus cristatus' seen in 54 files,4,DeCasien_Higham_2019/41559_2019_969_MOESM3_ESM.xlsx; ____Brain_structure_volumes/41559_2019_969_MOESM3_ESM.xlsx; ____Sensory_audiovisual/_incoming_Bath_archive_20260814/EXAMPLE ORGANIZATION/DeCasien Higham 2019/41559_2019_969_MOESM3_ESM.xlsx; ____Sensory_audiovisual/_incoming_Bath_archive_20260814/EXAMPLE ORGANIZATION/DeCasien etal 2017/41559_2017_BFs415590170112_MOESM250_ESM.xls
B_number,Trachypithecus_johnii17,17,trailing number; base 'Trachypithecus johnii' seen in 51 files,4,DeCasien_Higham_2019/41559_2019_969_MOESM3_ESM.xlsx; ____Brain_structure_volumes/41559_2019_969_MOESM3_ESM.xlsx; ____Sensory_audiovisual/_incoming_Bath_archive_20260814/EXAMPLE ORGANIZATION/DeCasien Higham 2019/41559_2019_969_MOESM3_ESM.xlsx; ____Sensory_audiovisual/_incoming_Bath_archive_20260814/EXAMPLE ORGANIZATION/DeCasien etal 2017/41559_2017_BFs415590170112_MOESM250_ESM.xls
B_number,Trachypithecus_johnii32,32,trailing number; base 'Trachypithecus johnii' seen in 51 files,4,DeCasien_Higham_2019/41559_2019_969_MOESM3_ESM.xlsx; ____Brain_structure_volumes/41559_2019_969_MOESM3_ESM.xlsx; ____Sensory_audiovisual/_incoming_Bath_archive_20260814/EXAMPLE ORGANIZATION/DeCasien Higham 2019/41559_2019_969_MOESM3_ESM.xlsx; ____Sensory_audiovisual/_incoming_Bath_archive_20260814/EXAMPLE ORGANIZATION/DeCasien etal 2017/41559_2017_BFs415590170112_MOESM250_ESM.xls
B_number,Trachypithecus_johnii8,8,trailing number; base 'Trachypithecus johnii' seen in 51 files,4,DeCasien_Higham_2019/41559_2019_969_MOESM3_ESM.xlsx; ____Brain_structure_volumes/41559_2019_969_MOESM3_ESM.xlsx; ____Sensory_audiovisual/_incoming_Bath_archive_20260814/EXAMPLE ORGANIZATION/DeCasien Higham 2019/41559_2019_969_MOESM3_ESM.xlsx; ____Sensory_audiovisual/_incoming_Bath_archive_20260814/EXAMPLE ORGANIZATION/DeCasien etal 2017/41559_2017_BFs415590170112_MOESM250_ESM.xls
B_number,Trachypithecus_johnii9,9,trailing number; base 'Trachypithecus johnii' seen in 51 files,4,DeCasien_Higham_2019/41559_2019_969_MOESM3_ESM.xlsx; ____Brain_structure_volumes/41559_2019_969_MOESM3_ESM.xlsx; ____Sensory_audiovisual/_incoming_Bath_archive_20260814/EXAMPLE ORGANIZATION/DeCasien Higham 2019/41559_2019_969_MOESM3_ESM.xlsx; ____Sensory_audiovisual/_incoming_Bath_archive_20260814/EXAMPLE ORGANIZATION/DeCasien etal 2017/41559_2017_BFs415590170112_MOESM250_ESM.xls
B_number,Trachypithecus_pileatus6,6,trailing number; base 'Trachypithecus pileatus' seen in 46 files,4,DeCasien_Higham_2019/41559_2019_969_MOESM3_ESM.xlsx; ____Brain_structure_volumes/41559_2019_969_MOESM3_ESM.xlsx; ____Sensory_audiovisual/_incoming_Bath_archive_20260814/EXAMPLE ORGANIZATION/DeCasien Higham 2019/41559_2019_969_MOESM3_ESM.xlsx; ____Sensory_audiovisual/_incoming_Bath_archive_20260814/EXAMPLE ORGANIZATION/DeCasien etal 2017/41559_2017_BFs415590170112_MOESM250_ESM.xls
B_number,Trachypithecus_vetulus13,13,trailing number; base 'Trachypithecus vetulus' seen in 39 files,4,DeCasien_Higham_2019/41559_2019_969_MOESM3_ESM.xlsx; ____Brain_structure_volumes/41559_2019_969_MOESM3_ESM.xlsx; ____Sensory_audiovisual/_incoming_Bath_archive_20260814/EXAMPLE ORGANIZATION/DeCasien Higham 2019/41559_2019_969_MOESM3_ESM.xlsx; ____Sensory_audiovisual/_incoming_Bath_archive_20260814/EXAMPLE ORGANIZATION/DeCasien etal 2017/41559_2017_BFs415590170112_MOESM250_ESM.xls
C_symbol,Trichechus_manatus*,*,symbol/superscript marker,5,Lewitus_etal_2014/Lewitus_etal_2014_TableS1.csv; Lewitus_etal_2014/Lewitus_etal_2014_TableS1_snapshot.xlsx; Lewitus_etal_2014/pbio.1002000.s013.xlsx; __Public/comparative-data/10.1371%2Fjournal.pbio.1002000_TableS1.tsv; ____EvoM1_TraitTable/glia_gyrification.xlsx
C_symbol,Tupaia_glis*,*,symbol/superscript marker,6,Lewitus_etal_2014/Lewitus_etal_2014_TableS1.csv; Lewitus_etal_2014/Lewitus_etal_2014_TableS1_snapshot.xlsx; Lewitus_etal_2014/pbio.1002000.s013.xlsx; __Public/comparative-data/10.1371%2Fjournal.pbio.1002000_TableS1.tsv; ____EvoM1_TraitTable/EvoM1_read_gyrification_etc.R
C_symbol,University of **Fl**orence,****,symbol/superscript marker,1,Liu_etal_2016/Liu_etal_2016_TableS1.README.md
B_number,Varecia variegata7,7,trailing number; base 'Varecia variegata' seen in 201 files,1,Baron_etal_1983/Baron_etal_1983_Table1_snapshot.xlsx
C_symbol,Varecia variegata⁸,⁸,symbol/superscript marker,1,Stephan_etal_1982/Stephan_etal_1982_Table1_snapshot.xlsx
B_number,Varecia_variegata_variegata2,2,trailing number; base 'Varecia variegata variegata' seen in 31 files,4,DeCasien_Higham_2019/41559_2019_969_MOESM3_ESM.xlsx; ____Brain_structure_volumes/41559_2019_969_MOESM3_ESM.xlsx; ____Sensory_audiovisual/_incoming_Bath_archive_20260814/EXAMPLE ORGANIZATION/DeCasien Higham 2019/41559_2019_969_MOESM3_ESM.xlsx; ____Sensory_audiovisual/_incoming_Bath_archive_20260814/EXAMPLE ORGANIZATION/DeCasien etal 2017/41559_2017_BFs415590170112_MOESM250_ESM.xls
D_xlsx_superscript,Homo sapiensb,b,superscript run preserved in xl/sharedStrings.xml,1,deSousa_etal_2010/deSousa_etal_2010.xlsx
D_xlsx_superscript,Total insula (right)a,a,superscript run preserved in xl/sharedStrings.xml,1,Bauernfeind_etal_2013/bauernfeind_etal_2013.xlsx
D_xlsx_superscript,Total insula (left)a,a,superscript run preserved in xl/sharedStrings.xml,1,Bauernfeind_etal_2013/bauernfeind_etal_2013.xlsx
D_xlsx_superscript,"Homo sapiens∗,a","∗,a",superscript run preserved in xl/sharedStrings.xml,1,Barger_etal_2014/Barger-2014-Evidence for evoluti.xlsx
D_xlsx_superscript,"Pan troglodytes∗,a","∗,a",superscript run preserved in xl/sharedStrings.xml,1,Barger_etal_2014/Barger-2014-Evidence for evoluti.xlsx
D_xlsx_superscript,Pan troglodytesb,b,superscript run preserved in xl/sharedStrings.xml,1,Barger_etal_2014/Barger-2014-Evidence for evoluti.xlsx
D_xlsx_superscript,"Pan paniscus∗,a","∗,a",superscript run preserved in xl/sharedStrings.xml,1,Barger_etal_2014/Barger-2014-Evidence for evoluti.xlsx
D_xlsx_superscript,"Gorilla gorilla∗,a","∗,a",superscript run preserved in xl/sharedStrings.xml,1,Barger_etal_2014/Barger-2014-Evidence for evoluti.xlsx
D_xlsx_superscript,Gorilla gorillab,b,superscript run preserved in xl/sharedStrings.xml,1,Barger_etal_2014/Barger-2014-Evidence for evoluti.xlsx
D_xlsx_superscript,"Pongo pygmaeus∗,a","∗,a",superscript run preserved in xl/sharedStrings.xml,1,Barger_etal_2014/Barger-2014-Evidence for evoluti.xlsx
D_xlsx_superscript,Pongo pygmaeusa,a,superscript run preserved in xl/sharedStrings.xml,1,Barger_etal_2014/Barger-2014-Evidence for evoluti.xlsx
D_xlsx_superscript,Pongo pygmaeusb,b,superscript run preserved in xl/sharedStrings.xml,1,Barger_etal_2014/Barger-2014-Evidence for evoluti.xlsx
D_xlsx_superscript,"Pongo pygmaeus,a",a,superscript run preserved in xl/sharedStrings.xml,1,Barger_etal_2014/Barger-2014-Evidence for evoluti.xlsx
D_xlsx_superscript,"Hylobates lar ∗,a","∗,a",superscript run preserved in xl/sharedStrings.xml,1,Barger_etal_2014/Barger-2014-Evidence for evoluti.xlsx
D_xlsx_superscript,"Nomascus concolor ∗,a","∗,a",superscript run preserved in xl/sharedStrings.xml,1,Barger_etal_2014/Barger-2014-Evidence for evoluti.xlsx
D_xlsx_superscript,Hylobates muellerib,b,superscript run preserved in xl/sharedStrings.xml,1,Barger_etal_2014/Barger-2014-Evidence for evoluti.xlsx
D_xlsx_superscript,Grid size for cavalieri (µm2),2,superscript run preserved in xl/sharedStrings.xml,1,Barger_etal_2014/Barger-2014-Evidence for evoluti.xlsx
D_xlsx_superscript,Number of non-neuronsa,a,superscript run preserved in xl/sharedStrings.xml,1,Fu_etal_2013/Fu_etal_2013_paper.xlsx
D_xlsx_superscript,Density of non-neuronsa,a,superscript run preserved in xl/sharedStrings.xml,1,Fu_etal_2013/Fu_etal_2013_paper.xlsx
D_xlsx_superscript,Number of non-neuronsa,a,superscript run preserved in xl/sharedStrings.xml,1,Fu_etal_2013/Fu_etal_2013_Table1.xlsx
D_xlsx_superscript,Density of non-neuronsa,a,superscript run preserved in xl/sharedStrings.xml,1,Fu_etal_2013/Fu_etal_2013_Table1.xlsx
D_xlsx_superscript,Cranial capacities (cm3),3,superscript run preserved in xl/sharedStrings.xml,1,Zilles__Rehkamper_1988/zilles_rehkamper_1988.xlsx
D_xlsx_superscript,Percentage of Total Brain Volume1,1,superscript run preserved in xl/sharedStrings.xml,1,Zilles__Rehkamper_1988/zilles_rehkamper_1988.xlsx
D_xlsx_superscript,Echinops telfairi       8.3,Echinops telfairi,superscript run preserved in xl/sharedStrings.xml,1,Frahm_etal_1982/frahm_stephan_1982.xlsx
D_xlsx_superscript,"Erinaceus algirus1   15.6
Erinaceus",1,superscript run preserved in xl/sharedStrings.xml,1,Frahm_etal_1982/frahm_stephan_1982.xlsx
D_xlsx_superscript,Miopithecus talapoin11,11,superscript run preserved in xl/sharedStrings.xml,1,Frahm_etal_1982/frahm_stephan_1982.xlsx
F_pdf_printed,Macaca tonkeana,†,marker on the printed page: Cercopithecidae     Macaca tonkeana†                      14§ § §                  14     NA        NA        ,1,Caspar_etal_2022/caspar_etal_2022.pdf
F_pdf_printed,Rousettus aegyptiacus,**),marker on the printed page: Rousettus aegyptiacus **)                      1.98   1.20   1.24   0.90,1,Baron_etal_1996/baron_etal_1996 book Comparative Neurobiology.pdf
F_pdf_printed,Rhinolophus capensis,**),marker on the printed page: Rhinolophus capensis **)                             1.85 0.95 1.21 0.85,1,Baron_etal_1996/baron_etal_1996 book Comparative Neurobiology.pdf
F_pdf_printed,Rhinolophus clivosus,**),marker on the printed page: Rhinolophus clivosus **)                             1.77 0.88 1.14 0.82,1,Baron_etal_1996/baron_etal_1996 book Comparative Neurobiology.pdf
F_pdf_printed,Myotis tricolor,**),marker on the printed page: Myotis tricolor **)                        1.53   0.86   1.21   0.87,1,Baron_etal_1996/baron_etal_1996 book Comparative Neurobiology.pdf
F_pdf_printed,Miniopterus schreibersi,**),marker on the printed page: Miniopterus schreibersi **)                 1.58    0.80    1.20    0.95,1,Baron_etal_1996/baron_etal_1996 book Comparative Neurobiology.pdf
F_pdf_printed,Rousettus aegyptiacus,*),marker on the printed page: Rousettus aegyptiacus *)       129      19.0     2274     8.4      20    20         S,1,Baron_etal_1996/baron_etal_1996 book Comparative Neurobiology.pdf
F_pdf_printed,Pteropus polioeephalus,*),marker on the printed page: Pteropus polioeephalus *) 695       27.5   7230      5.8    2    2        5,1,Baron_etal_1996/baron_etal_1996 book Comparative Neurobiology.pdf
F_pdf_printed,Pteropus tonganus,*),marker on the printed page: Pteropus tonganus *)        449     17.8   6112      5.9    8    8        5,1,Baron_etal_1996/baron_etal_1996 book Comparative Neurobiology.pdf
F_pdf_printed,Pteropus vampyrus,*),"marker on the printed page: Pteropus vampyrus *)       1065     13.7    9531    11.1    8    8      1,5",1,Baron_etal_1996/baron_etal_1996 book Comparative Neurobiology.pdf
F_pdf_printed,Dobsonia praedatrix,*),marker on the printed page: Dobsonia praedatrix *)      178     16.0   2993      6.2    7    7        5,1,Baron_etal_1996/baron_etal_1996 book Comparative Neurobiology.pdf
F_pdf_printed,Epomops franqueti,*),marker on the printed page: Epomops franqueti *)        118     15.9   2217      4.7    11   11       5,1,Baron_etal_1996/baron_etal_1996 book Comparative Neurobiology.pdf
F_pdf_printed,Casinyeteris argynnis,*),marker on the printed page: Casinyeteris argynnis *)     26.8   14.3    832     11.2    13   13       5,1,Baron_etal_1996/baron_etal_1996 book Comparative Neurobiology.pdf
F_pdf_printed,Notopteris macdonaldi,*),marker on the printed page: Notopteris macdonaldi *)         69.3    12.3    1444     6.0     10    10         S,1,Baron_etal_1996/baron_etal_1996 book Comparative Neurobiology.pdf
F_pdf_printed,Mosia nigrescens,§),marker on the printed page: Mosia nigrescens §),1,Baron_etal_1996/baron_etal_1996 book Comparative Neurobiology.pdf
F_pdf_printed,Saccopteryx bilineata,*),marker on the printed page: Saccopteryx bilineata *),1,Baron_etal_1996/baron_etal_1996 book Comparative Neurobiology.pdf
F_pdf_printed,Peropteryx macrotis,*),marker on the printed page: Peropteryx macrotis *)      5.6        12.6    160     7.6     18   18       S,1,Baron_etal_1996/baron_etal_1996 book Comparative Neurobiology.pdf
F_pdf_printed,Hipposideros commersoni,*),marker on the printed page: Hipposideros commersoni *) 99.2      29.4    749    10.8    9     9          S,1,Baron_etal_1996/baron_etal_1996 book Comparative Neurobiology.pdf
F_pdf_printed,Hipposideros diadema,*),marker on the printed page: Hipposideros diadema *)       41.9   13.4    705     7.3   21    21          S,1,Baron_etal_1996/baron_etal_1996 book Comparative Neurobiology.pdf
F_pdf_printed,Noctilio leporinus,*),"marker on the printed page: Noctilio leporinus *)       58.0    16.6   1183     11.1    17   17      1O,S",1,Baron_etal_1996/baron_etal_1996 book Comparative Neurobiology.pdf
F_pdf_printed,Phyllostomus hastatus,*),marker on the printed page: Phyllostomus hastatus *)       91.8   11.3    1534    7.4     16   16          S,1,Baron_etal_1996/baron_etal_1996 book Comparative Neurobiology.pdf
F_pdf_printed,Vespertilio murinus,**),marker on the printed page: Vespertilio murinus **)      33.3               445               1     1        2,1,Baron_etal_1996/baron_etal_1996 book Comparative Neurobiology.pdf
F_pdf_printed,Vespertilio murinus,*),marker on the printed page: Vespertilio murinus *)        33.3        445       1.34        126,1,Baron_etal_1996/baron_etal_1996 book Comparative Neurobiology.pdf
F_pdf_printed,Pipistrellus papuanus,§),marker on the printed page: Pipistrellus papuanus §)     2   106.4   97.6      l.0    0.9      l.7    l.5,1,Baron_etal_1996/baron_etal_1996 book Comparative Neurobiology.pdf
F_pdf_printed,Relative development,1),marker on the printed page: Table 5. Relative development1) of each nucleus in primates: Each nucleus volume,1,Matano__1992/Matano-1992-A Comparative Neurop.pdf
F_pdf_printed,Gchirne besitzen,1),"marker on the printed page: groBten Gchirne besitzen1) und anderseits niedere, primitive Alen-",1,Brodmann__1913/Brodmann_1913_Verhandlungen.pdf
F_pdf_printed,Heterogenetic cortex,1),marker on the printed page: Heterogenetic cortex 1),1,Brodmann__1913/Brodmann.pdf
F_pdf_printed,Javanese brain,26),"marker on the printed page: Then I obtained similar findings, first in the Javanese brain 26), and later found",1,Brodmann__1913/Brodmann.pdf
F_pdf_printed,Cebus capucinus,33),marker on the printed page: often additionally hunt vertebrates (such as Cebus capucinus33).                                      by a cor,1,____Sensory_audiovisual/_incoming_Bath_archive_20260814/EXAMPLE ORGANIZATION/DeCasien etal 2017/DeCasien etal 2018_s41559-017-0112.pdf
F_pdf_printed,Lemur albifrons,1),"marker on the printed page: Lemur albifrons 1)                       2            1,519           267            1.253         '138       ",1,Frahm_etal_1984/frahm_etal_1984.pdf
F_pdf_printed,Varecia variegata,2),"marker on the printed page: Varecia variegata 2)                     '1           2,112           :167           1.7 /d'i",1,Frahm_etal_1984/frahm_etal_1984.pdf
F_pdf_printed,Miopithecus talapoin,6),"marker on the printed page: Miopithecus talapoin6)                   1            3,0'.8          709           2.3:19",1,Frahm_etal_1984/frahm_etal_1984.pdf
F_pdf_printed,Erinaceus algirus,7),marker on the printed page: 0689 Erinaceus algirus 7)                             5.02         73.3          14.6         '16.8          ',1,Frahm_etal_1984/frahm_etal_1984.pdf
F_pdf_printed,Crocidura flavescens,8),marker on the printed page: 0943 Crocidura flavescens 8)                          0.278         2.1.1          8.7          1•• 5         ,1,Frahm_etal_1984/frahm_etal_1984.pdf
F_pdf_printed,Desmana moschata,*),"marker on the printed page: Desmana moschata*)                    l\!.5       8.1~         H.'1~l      ·1 ;j',         :!.3t,          I ;",1,Baron_etal_1988/baron_etal_1988_scan.pdf
