"Species","measure_class","Measure","Units","Value","Value_median","n_sources","n_teams","n_teams_primary","primary_used","Teams","roles","value_min","value_max"
"Abditomys latidens","mass","Body_Mass","g",269,269,4,1,0,FALSE,"Wilman","secondary",NA,NA
"Abeomelomys sevia","mass","Body_Mass","g",58.14,58.14,5,2,0,FALSE,"Burger; Wilman","secondary",NA,NA
"Abrawayaomys ruschii","mass","Body_Mass","g",63,63,4,1,0,FALSE,"Wilman","secondary",NA,NA
"Abrocoma bennettii","mass","Body_Mass","g",250.5,250.5,4,1,0,FALSE,"Wilman","secondary",NA,NA
"Abrocoma boliviensis","mass","Body_Mass","g",158,158,4,1,0,FALSE,"Wilman","secondary",NA,NA
"Abrocoma budini","mass","Body_Mass","g",214.69,214.69,4,1,0,FALSE,"Wilman","secondary",NA,NA
"Abrocoma cinerea","mass","Body_Mass","g",250,250,4,1,0,FALSE,"Wilman","secondary",NA,NA
"Abrocoma famatina","mass","Body_Mass","g",214.69,214.69,4,1,0,FALSE,"Wilman","secondary",NA,NA
"Abrocoma shistacea","mass","Body_Mass","g",214.69,214.69,4,1,0,FALSE,"Wilman","secondary",NA,NA
"Abrocoma uspallata","mass","Body_Mass","g",214.69,214.69,4,1,0,FALSE,"Wilman","secondary",NA,NA
"Abrocoma vaccarum","mass","Body_Mass","g",214.69,214.69,4,1,0,FALSE,"Wilman","secondary",NA,NA
"Abrothrix andinus","mass","Body_Mass","g",25.23,25.23,10,2,0,FALSE,"Genoud; Wilman","secondary",NA,NA
"Abrothrix hershkovitzi","mass","Body_Mass","g",32.42,32.42,4,1,0,FALSE,"Wilman","secondary",NA,NA
"Abrothrix illuteus","mass","Body_Mass","g",47.79,47.79,4,1,0,FALSE,"Wilman","secondary",NA,NA
"Abrothrix jelskii","mass","Body_Mass","g",34.5,34.5,4,1,0,FALSE,"Wilman","secondary",NA,NA
"Abrothrix lanosus","mass","Body_Mass","g",25.915,25.915,5,2,0,FALSE,"Genoud; Wilman","secondary",NA,NA
"Abrothrix longipilis","mass","Body_Mass","g",40.58,40.58,5,2,0,FALSE,"Genoud; Wilman","secondary",NA,NA
"Abrothrix markhami","mass","Body_Mass","g",29.03,29.03,4,1,0,FALSE,"Wilman","secondary",NA,NA
"Abrothrix olivaceus","mass","Body_Mass","g",27.527,27.527,7,2,0,FALSE,"Genoud; Wilman","secondary",NA,NA
"Abrothrix sanborni","mass","Body_Mass","g",24.7,24.7,4,1,0,FALSE,"Wilman","secondary",NA,NA
"Acerodon celebensis","mass","Body_Mass","g",390,390,4,1,0,FALSE,"Wilman","secondary",NA,NA
"Acerodon humilis","mass","Body_Mass","g",462.47,462.47,4,1,0,FALSE,"Wilman","secondary",NA,NA
"Acerodon jubatus","mass","Body_Mass","g",1075,1075,4,1,0,FALSE,"Wilman","secondary",NA,NA
"Acerodon leucotis","mass","Body_Mass","g",462.47,462.47,4,1,0,FALSE,"Wilman","secondary",NA,NA
"Acerodon mackloti","mass","Body_Mass","g",470.33,470.33,4,1,0,FALSE,"Wilman","secondary",NA,NA
"Acinonyx jubatus","mass","Body_Mass","g",44355,44850,8,4,0,FALSE,"Burger; Genoud; Wilman; Wimberly","secondary",NA,NA
"Acomys airensis","mass","Body_Mass","g",28.81,28.81,4,1,0,FALSE,"Wilman","secondary",NA,NA
"Acomys cahirinus","mass","Body_Mass","g",43.252,46.305,11,3,0,FALSE,"Burger; Genoud; Wilman","secondary",NA,NA
"Acomys chudeaui","mass","Body_Mass","g",28.81,28.81,4,1,0,FALSE,"Wilman","secondary",NA,NA
"Acomys cilicicus","mass","Body_Mass","g",28.61,28.61,4,1,0,FALSE,"Wilman","secondary",NA,NA
"Acomys cineraceus","mass","Body_Mass","g",30.59,30.59,4,1,0,FALSE,"Wilman","secondary",NA,NA
"Acomys dimidiatus","mass","Body_Mass","g",28.81,28.81,4,1,0,FALSE,"Wilman","secondary",NA,NA
"Acomys ignitus","mass","Body_Mass","g",24,24,4,1,0,FALSE,"Wilman","secondary",NA,NA
"Acomys johannis","mass","Body_Mass","g",28.81,28.81,4,1,0,FALSE,"Wilman","secondary",NA,NA
"Acomys kempi","mass","Body_Mass","g",22,22,4,1,0,FALSE,"Wilman","secondary",NA,NA
"Acomys louisae","mass","Body_Mass","g",20.2,20.2,4,1,0,FALSE,"Wilman","secondary",NA,NA
"Acomys minous","mass","Body_Mass","g",62.5,62.5,4,1,0,FALSE,"Wilman","secondary",NA,NA
"Acomys mullah","mass","Body_Mass","g",28.74,28.74,4,1,0,FALSE,"Wilman","secondary",NA,NA
"Acomys nesiotes","mass","Body_Mass","g",28.67,28.67,4,1,0,FALSE,"Wilman","secondary",NA,NA
"Acomys percivali","mass","Body_Mass","g",22,22,4,1,0,FALSE,"Wilman","secondary",NA,NA
"Acomys russatus","mass","Body_Mass","g",58.525,61.825,13,3,0,FALSE,"Genoud; Ruf; Wilman","secondary",NA,NA
"Acomys seurati","mass","Body_Mass","g",28.81,28.81,4,1,0,FALSE,"Wilman","secondary",NA,NA
"Acomys spinosissimus","mass","Body_Mass","g",26.76,26.76,5,2,0,FALSE,"Genoud; Wilman","secondary",NA,NA
"Acomys subspinosus","mass","Body_Mass","g",26.63,26.63,5,2,0,FALSE,"Genoud; Wilman","secondary",NA,NA
"Acomys wilsoni","mass","Body_Mass","g",18.5,18.5,5,2,0,FALSE,"Burger; Wilman","secondary",NA,NA
"Aconaemys fuscus","mass","Body_Mass","g",122.75,122.75,5,2,0,FALSE,"Genoud; Wilman","secondary",NA,NA
"Aconaemys porteri","mass","Body_Mass","g",113.5,113.5,4,1,0,FALSE,"Wilman","secondary",NA,NA
"Aconaemys sagei","mass","Body_Mass","g",96.5,96.5,4,1,0,FALSE,"Wilman","secondary",NA,NA
"Acrobates pygmaeus","mass","Body_Mass","g",14,14,9,6,1,TRUE,"Burger; Genoud; Ruf; Seymour; Wilman; Wimberly","primary; secondary",NA,NA
"Adapornis personata","mass","Body_Mass","g",40,40,4,1,0,FALSE,"MacLarnon","secondary",NA,NA
"Addax nasomaculatus","mass","Body_Mass","g",88500.16,88500.16,5,2,0,FALSE,"Burger; Wilman","secondary",NA,NA
"Aegotheles cristatus","mass","Body_Mass","g",50,50,4,1,0,FALSE,"Ruf","secondary",NA,NA
"Aepeomys lugens","mass","Body_Mass","g",37,37,4,1,0,FALSE,"Wilman","secondary",NA,NA
"Aepeomys reigi","mass","Body_Mass","g",37,37,4,1,0,FALSE,"Wilman","secondary",NA,NA
"Aepyceros melampus","mass","Body_Mass","g",54233.923,52591.69,6,3,0,FALSE,"Burger; Wilman; Wimberly","secondary",NA,NA
"Aepyprymnus rufescens","mass","Body_Mass","g",2500,2500,8,4,1,TRUE,"Burger; Genoud; Seymour; Wilman","primary; secondary",NA,NA
"Aeretes melanopterus","mass","Body_Mass","g",753.23,753.23,4,1,0,FALSE,"Wilman","secondary",NA,NA
"Aeromys tephromelas","mass","Body_Mass","g",1132,1132,5,2,0,FALSE,"Burger; Wilman","secondary",NA,NA
"Aeromys thomasi","mass","Body_Mass","g",1435,1435,4,1,0,FALSE,"Wilman","secondary",NA,NA
"Aeronautes saxatalis","mass","Body_Mass","g",30.5,30.5,4,1,0,FALSE,"Ruf","secondary",NA,NA
"Aethalops aequalis","mass","Body_Mass","g",15,15,4,1,0,FALSE,"Wilman","secondary",NA,NA
"Aethalops alecto","mass","Body_Mass","g",15,15,4,1,0,FALSE,"Wilman","secondary",NA,NA
"Aethomys bocagei","mass","Body_Mass","g",79.89,79.89,4,1,0,FALSE,"Wilman","secondary",NA,NA
"Aethomys chrysophilus","mass","Body_Mass","g",95.925,95.925,5,2,0,FALSE,"Burger; Wilman","secondary",NA,NA
"Aethomys hindei","mass","Body_Mass","g",124.9,124.9,5,2,0,FALSE,"Burger; Wilman","secondary",NA,NA
"Aethomys ineptus","mass","Body_Mass","g",133.16,133.16,4,1,0,FALSE,"Wilman","secondary",NA,NA
"Aethomys kaiseri","mass","Body_Mass","g",90,90,4,1,0,FALSE,"Wilman","secondary",NA,NA
"Aethomys namaquenesis","mass","Body_Mass","g",46,46,4,1,0,FALSE,"Ruf","secondary",NA,NA
"Aethomys nyikae","mass","Body_Mass","g",77.01,77.01,4,1,0,FALSE,"Wilman","secondary",NA,NA
"Aethomys silindensis","mass","Body_Mass","g",82.76,82.76,4,1,0,FALSE,"Wilman","secondary",NA,NA
"Aethomys stannarius","mass","Body_Mass","g",82.9,82.9,4,1,0,FALSE,"Wilman","secondary",NA,NA
"Aethomys thomasi","mass","Body_Mass","g",84.69,84.69,4,1,0,FALSE,"Wilman","secondary",NA,NA
"Ailuropoda melanoleuca","mass","Body_Mass","g",104633.33,108400,6,3,0,FALSE,"Burger; Wilman; Wimberly","secondary",NA,NA
"Ailurops melanotis","mass","Body_Mass","g",10000,10000,4,1,0,FALSE,"Wilman","secondary",NA,NA
"Ailurops ursinus","mass","Body_Mass","g",10000,10000,4,1,0,FALSE,"Wilman","secondary",NA,NA
"Ailurus fulgens","mass","Body_Mass","g",5350.02,5380.04,7,4,0,FALSE,"Burger; Genoud; Wilman; Wimberly","secondary",NA,NA
"Akodon aerosus","mass","Body_Mass","g",60,60,4,1,0,FALSE,"Wilman","secondary",NA,NA
"Akodon affinis","mass","Body_Mass","g",24.9,24.9,4,1,0,FALSE,"Wilman","secondary",NA,NA
"Akodon albiventer","mass","Body_Mass","g",26.4,26.4,5,2,0,FALSE,"Genoud; Wilman","secondary",NA,NA
"Akodon aliquantulus","mass","Body_Mass","g",31.32,31.32,4,1,0,FALSE,"Wilman","secondary",NA,NA
"Akodon azarae","mass","Body_Mass","g",24.704,25,8,3,0,FALSE,"Burger; Genoud; Wilman","secondary",NA,NA
"Akodon bogotensis","mass","Body_Mass","g",13,13,4,1,0,FALSE,"Wilman","secondary",NA,NA
"Akodon boliviensis","mass","Body_Mass","g",27.5,27.5,4,1,0,FALSE,"Wilman","secondary",NA,NA
"Akodon budini","mass","Body_Mass","g",26.9,26.9,4,1,0,FALSE,"Wilman","secondary",NA,NA
"Akodon cursor","mass","Body_Mass","g",39.85,39.85,4,1,0,FALSE,"Wilman","secondary",NA,NA
"Akodon dayi","mass","Body_Mass","g",32.5,32.5,4,1,0,FALSE,"Wilman","secondary",NA,NA
"Akodon dolores","mass","Body_Mass","g",50.5,50.5,4,1,0,FALSE,"Wilman","secondary",NA,NA
"Akodon fumeus","mass","Body_Mass","g",22.7,22.7,4,1,0,FALSE,"Wilman","secondary",NA,NA
"Akodon iniscatus","mass","Body_Mass","g",28.7,28.7,4,1,0,FALSE,"Wilman","secondary",NA,NA
"Akodon juninensis","mass","Body_Mass","g",39,39,4,1,0,FALSE,"Wilman","secondary",NA,NA
"Akodon kofordi","mass","Body_Mass","g",29.5,29.5,4,1,0,FALSE,"Wilman","secondary",NA,NA
"Akodon latebricola","mass","Body_Mass","g",39,39,4,1,0,FALSE,"Wilman","secondary",NA,NA
"Akodon leucolimnaeus","mass","Body_Mass","g",31.32,31.32,4,1,0,FALSE,"Wilman","secondary",NA,NA
"Akodon lindberghi","mass","Body_Mass","g",26.4,26.4,4,1,0,FALSE,"Wilman","secondary",NA,NA
"Akodon lutescens","mass","Body_Mass","g",20.69,20.69,4,1,0,FALSE,"Wilman","secondary",NA,NA
"Akodon mimus","mass","Body_Mass","g",24,24,4,1,0,FALSE,"Wilman","secondary",NA,NA
"Akodon molinae","mass","Body_Mass","g",33,33,4,1,0,FALSE,"Wilman","secondary",NA,NA
"Akodon mollis","mass","Body_Mass","g",30.4,30.4,4,1,0,FALSE,"Wilman","secondary",NA,NA
"Akodon montensis","mass","Body_Mass","g",31.32,31.32,4,1,0,FALSE,"Wilman","secondary",NA,NA
"Akodon mystax","mass","Body_Mass","g",18.5,18.5,4,1,0,FALSE,"Wilman","secondary",NA,NA
"Akodon neocenus","mass","Body_Mass","g",42.4,42.4,4,1,0,FALSE,"Wilman","secondary",NA,NA
"Akodon oenos","mass","Body_Mass","g",31.32,31.32,4,1,0,FALSE,"Wilman","secondary",NA,NA
"Akodon orophilus","mass","Body_Mass","g",39,39,4,1,0,FALSE,"Wilman","secondary",NA,NA
"Akodon paranaensis","mass","Body_Mass","g",31.32,31.32,4,1,0,FALSE,"Wilman","secondary",NA,NA
"Akodon pervalens","mass","Body_Mass","g",31.32,31.32,4,1,0,FALSE,"Wilman","secondary",NA,NA
"Akodon reigi","mass","Body_Mass","g",31.32,31.32,4,1,0,FALSE,"Wilman","secondary",NA,NA
"Akodon sanctipaulensis","mass","Body_Mass","g",27.1,27.1,4,1,0,FALSE,"Wilman","secondary",NA,NA
"Akodon serrensis","mass","Body_Mass","g",28.3,28.3,4,1,0,FALSE,"Wilman","secondary",NA,NA
"Akodon siberiae","mass","Body_Mass","g",34.6,34.6,4,1,0,FALSE,"Wilman","secondary",NA,NA
"Akodon simulator","mass","Body_Mass","g",42.5,42.5,4,1,0,FALSE,"Wilman","secondary",NA,NA
"Akodon spegazzinii","mass","Body_Mass","g",28.6,28.6,4,1,0,FALSE,"Wilman","secondary",NA,NA
"Akodon subfuscus","mass","Body_Mass","g",30.4,30.4,4,1,0,FALSE,"Wilman","secondary",NA,NA
"Akodon surdus","mass","Body_Mass","g",39,39,4,1,0,FALSE,"Wilman","secondary",NA,NA
"Akodon sylvanus","mass","Body_Mass","g",39,39,4,1,0,FALSE,"Wilman","secondary",NA,NA
"Akodon toba","mass","Body_Mass","g",51.2,51.2,4,1,0,FALSE,"Wilman","secondary",NA,NA
"Akodon torques","mass","Body_Mass","g",39,39,4,1,0,FALSE,"Wilman","secondary",NA,NA
"Akodon varius","mass","Body_Mass","g",40,40,4,1,0,FALSE,"Wilman","secondary",NA,NA
"Alcelaphus buselaphus","mass","Body_Mass","g",136172.348,137843.93,7,4,0,FALSE,"Burger; Genoud; Wilman; Wimberly","secondary",NA,NA
"Alcelaphus caama","mass","Body_Mass","g",176115.97,176115.97,4,1,0,FALSE,"Wilman","secondary",NA,NA
"Alcelaphus lichtensteinii","mass","Body_Mass","g",166847.83,166847.83,5,2,0,FALSE,"Burger; Wilman","secondary",NA,NA
"Alces alces","mass","Body_Mass","g",278499.08,278499.08,5,2,0,FALSE,"Burger; Wilman","secondary",NA,NA
"Alces americanus","mass","Body_Mass","g",387820.147,350000,6,3,0,FALSE,"Burger; Genoud; Wilman","secondary",NA,NA
"Alionycteris paucidentata","mass","Body_Mass","g",16.15,16.15,4,1,0,FALSE,"Wilman","secondary",NA,NA
"Allactaga balikunica","mass","Body_Mass","g",93.08,93.08,4,1,0,FALSE,"Wilman","secondary",NA,NA
"Allactaga bullata","mass","Body_Mass","g",89.35,89.35,4,1,0,FALSE,"Wilman","secondary",NA,NA
"Allactaga elater","mass","Body_Mass","g",59,59,4,1,0,FALSE,"Wilman","secondary",NA,NA
"Allactaga euphratica","mass","Body_Mass","g",161,161,5,2,0,FALSE,"Ruf; Wilman","secondary",NA,NA
"Allactaga firouzi","mass","Body_Mass","g",92.39,92.39,4,1,0,FALSE,"Wilman","secondary",NA,NA
"Allactaga hotsoni","mass","Body_Mass","g",76.5,76.5,4,1,0,FALSE,"Wilman","secondary",NA,NA
"Allactaga major","mass","Body_Mass","g",350,350,4,1,0,FALSE,"Wilman","secondary",NA,NA
"Allactaga severtzovi","mass","Body_Mass","g",159,159,4,1,0,FALSE,"Wilman","secondary",NA,NA
"Allactaga sibirica","mass","Body_Mass","g",145.25,145.25,5,2,0,FALSE,"Burger; Wilman","secondary",NA,NA
"Allactaga tetradactyla","mass","Body_Mass","g",52,52,4,1,0,FALSE,"Wilman","secondary",NA,NA
"Allactaga vinogradovi","mass","Body_Mass","g",90.51,90.51,4,1,0,FALSE,"Wilman","secondary",NA,NA
"Allactaga williamsi","mass","Body_Mass","g",133.37,133.37,5,2,0,FALSE,"Ruf; Wilman","secondary",NA,NA
"Allactodipus bobrinskii","mass","Body_Mass","g",65.3,65.3,4,1,0,FALSE,"Wilman","secondary",NA,NA
"Allenopithecus nigroviridis","mass","Body_Mass","g",4309.99,4655,7,4,0,FALSE,"Burger; Isler; Powell; Wilman","secondary",NA,NA
"Allocebus trichotis","mass","Body_Mass","g",77.5,77.5,4,1,0,FALSE,"Wilman","secondary",NA,NA
"Allocricetulus curtatus","mass","Body_Mass","g",47.83,47.83,4,1,0,FALSE,"Wilman","secondary",NA,NA
"Allocricetulus eversmanni","mass","Body_Mass","g",115.56,115.56,4,1,0,FALSE,"Wilman","secondary",NA,NA
"Alouatta belzebul","mass","Body_Mass","g",6178.75,6395,7,4,0,FALSE,"Burger; Isler; Powell; Wilman","secondary",NA,NA
"Alouatta caraya","mass","Body_Mass","g",5382.16,5379,9,6,0,FALSE,"Burger; Granatosky; Isler; Powell; Wilman; Zilles","secondary",NA,NA
"Alouatta caraya group","mass","Body_Mass","g",5255.556,5255.556,12,1,0,FALSE,"Isler","secondary",NA,NA
"Alouatta coibensis","mass","Body_Mass","g",6320.06,6320.06,4,1,0,FALSE,"Wilman","secondary",NA,NA
"Alouatta guariba","mass","Body_Mass","g",4865.833,4862.5,7,4,0,FALSE,"Burger; Isler; Powell; Wilman","secondary",NA,NA
"Alouatta macconnelli","mass","Body_Mass","g",6359.185,6359.185,5,2,0,FALSE,"Burger; Wilman","secondary",NA,NA
"Alouatta nigerrima","mass","Body_Mass","g",6320.06,6320.06,4,1,0,FALSE,"Wilman","secondary",NA,NA
"Alouatta palliata","mass","Body_Mass","g",5835.679,5892.8,14,7,0,FALSE,"Burger; Genoud; Granatosky; Isler; Lewitus; Powell; Wilman","secondary",NA,NA
"Alouatta palliata group","mass","Body_Mass","g",6256.1,6256.1,7,1,0,FALSE,"Isler","secondary",NA,NA
"Alouatta pigra","mass","Body_Mass","g",7870.606,8915,8,5,0,FALSE,"Burger; Granatosky; Isler; Powell; Wilman","secondary",NA,NA
"Alouatta sara","mass","Body_Mass","g",6611.04,6611.04,5,2,0,FALSE,"Burger; Wilman","secondary",NA,NA
"Alouatta seniculus","mass","Body_Mass","g",6400,6400,20,9,2,TRUE,"Burger; Granatosky; Isler; Lewitus; Powell; Stephan; Stephan_collection; Wilman; Wimberly","primary; secondary",NA,NA
"Alouatta seniculus group","mass","Body_Mass","g",5758.769,5758.769,42,1,0,FALSE,"Isler","secondary",NA,NA
"Alticola albicaudus","mass","Body_Mass","g",34.53,34.53,4,1,0,FALSE,"Wilman","secondary",NA,NA
"Alticola argentatus","mass","Body_Mass","g",45.3,45.3,5,2,0,FALSE,"Genoud; Wilman","secondary",NA,NA
"Alticola barakshin","mass","Body_Mass","g",33.6,33.6,4,1,0,FALSE,"Wilman","secondary",NA,NA
"Alticola lemminus","mass","Body_Mass","g",33.56,33.56,4,1,0,FALSE,"Wilman","secondary",NA,NA
"Alticola macrotis","mass","Body_Mass","g",36,36,4,1,0,FALSE,"Wilman","secondary",NA,NA
"Alticola montosa","mass","Body_Mass","g",34.53,34.53,4,1,0,FALSE,"Wilman","secondary",NA,NA
"Alticola olchonensis","mass","Body_Mass","g",36.96,36.96,4,1,0,FALSE,"Wilman","secondary",NA,NA
"Alticola roylei","mass","Body_Mass","g",37,37,4,1,0,FALSE,"Wilman","secondary",NA,NA
"Alticola semicanus","mass","Body_Mass","g",33.39,33.39,4,1,0,FALSE,"Wilman","secondary",NA,NA
"Alticola stoliczkanus","mass","Body_Mass","g",27.47,27.47,4,1,0,FALSE,"Wilman","secondary",NA,NA
"Alticola strelzowi","mass","Body_Mass","g",50,50,4,1,0,FALSE,"Wilman","secondary",NA,NA
"Alticola tuvinicus","mass","Body_Mass","g",33.32,33.32,4,1,0,FALSE,"Wilman","secondary",NA,NA
"Amazilia versicolor","mass","Body_Mass","g",3.9,3.9,4,1,0,FALSE,"Ruf","secondary",NA,NA
"Amblonyx cinereus","mass","Body_Mass","g",3500,3500,5,1,0,FALSE,"10.1002%2Fcne.24349_Table3.tsv","secondary",NA,NA
"Amblysomus corriae","mass","Body_Mass","g",52.6,52.6,4,1,0,FALSE,"Wilman","secondary",NA,NA
"Amblysomus hottentotus","mass","Body_Mass","g",68.859,71.919,10,4,0,FALSE,"Genoud; HerculanoHouzel; Ruf; Wilman","secondary",NA,NA
"Amblysomus marleyi","mass","Body_Mass","g",52.6,52.6,4,1,0,FALSE,"Wilman","secondary",NA,NA
"Amblysomus robustus","mass","Body_Mass","g",52.6,52.6,4,1,0,FALSE,"Wilman","secondary",NA,NA
"Amblysomus septentrionalis","mass","Body_Mass","g",52.6,52.6,4,1,0,FALSE,"Wilman","secondary",NA,NA
"Ametrida centurio","mass","Body_Mass","g",10.443,10.5,6,3,0,FALSE,"Burger; Genoud; Wilman","secondary",NA,NA
"Ammodillus imbellis","mass","Body_Mass","g",50,50,4,1,0,FALSE,"Wilman","secondary",NA,NA
"Ammodorcas clarkei","mass","Body_Mass","g",28049.81,28049.81,4,1,0,FALSE,"Wilman","secondary",NA,NA
"Ammospermophilus harrisii","mass","Body_Mass","g",114.575,114.575,5,2,0,FALSE,"Burger; Wilman","secondary",NA,NA
"Ammospermophilus insularis","mass","Body_Mass","g",112.15,112.15,5,2,0,FALSE,"Burger; Wilman","secondary",NA,NA
"Ammospermophilus interpres","mass","Body_Mass","g",102.375,102.375,5,2,0,FALSE,"Burger; Wilman","secondary",NA,NA
"Ammospermophilus leucurus","mass","Body_Mass","g",99.602,103.67,12,3,0,FALSE,"Burger; Genoud; Wilman","secondary",NA,NA
"Ammospermophilus nelsoni","mass","Body_Mass","g",163.825,163.825,5,2,0,FALSE,"Burger; Wilman","secondary",NA,NA
"Ammotragus lervia","mass","Body_Mass","g",84067.407,94202.22,6,3,0,FALSE,"Burger; Wilman; Wimberly","secondary",NA,NA
"Amorphochilus schnablii","mass","Body_Mass","g",3.3,3.3,4,1,0,FALSE,"Wilman","secondary",NA,NA
"Amphinectomys savamis","mass","Body_Mass","g",47.71,47.71,4,1,0,FALSE,"Wilman","secondary",NA,NA
"Anathana ellioti","mass","Body_Mass","g",160,160,4,1,0,FALSE,"Wilman","secondary",NA,NA
"Andalgalomys olrogi","mass","Body_Mass","g",32.9,32.9,4,1,0,FALSE,"Wilman","secondary",NA,NA
"Andalgalomys pearsoni","mass","Body_Mass","g",25.4,25.4,4,1,0,FALSE,"Wilman","secondary",NA,NA
"Andalgalomys roigi","mass","Body_Mass","g",28.91,28.91,4,1,0,FALSE,"Wilman","secondary",NA,NA
"Andinomys edax","mass","Body_Mass","g",69.75,69.75,4,1,0,FALSE,"Wilman","secondary",NA,NA
"Anisomys imitator","mass","Body_Mass","g",510.5,510.5,4,1,0,FALSE,"Wilman","secondary",NA,NA
"Anomalurus beecrofti","mass","Body_Mass","g",389,389,4,1,0,FALSE,"Wilman","secondary",NA,NA
"Anomalurus derbianus","mass","Body_Mass","g",649.99,649.99,4,1,0,FALSE,"Wilman","secondary",NA,NA
"Anomalurus pelii","mass","Body_Mass","g",1769.99,1769.99,4,1,0,FALSE,"Wilman","secondary",NA,NA
"Anomalurus pusillus","mass","Body_Mass","g",250,250,4,1,0,FALSE,"Wilman","secondary",NA,NA
"Anonymomys mindorensis","mass","Body_Mass","g",76.5,76.5,4,1,0,FALSE,"Wilman","secondary",NA,NA
"Anotomys leander","mass","Body_Mass","g",66.4,66.4,4,1,0,FALSE,"Wilman","secondary",NA,NA
"Anoura caudifer","mass","Body_Mass","g",10.903,10.81,7,3,0,FALSE,"Burger; Genoud; Wilman","secondary",NA,NA
"Anoura cultrata","mass","Body_Mass","g",16.85,16.85,4,1,0,FALSE,"Wilman","secondary",NA,NA
"Anoura geoffroyi","mass","Body_Mass","g",14.81,14.81,5,2,0,FALSE,"Burger; Wilman","secondary",NA,NA
"Anoura latidens","mass","Body_Mass","g",14.075,14.075,5,2,0,FALSE,"Genoud; Wilman","secondary",NA,NA
"Anoura luismanueli","mass","Body_Mass","g",14.05,14.05,4,1,0,FALSE,"Wilman","secondary",NA,NA
"Anourosorex assamensis","mass","Body_Mass","g",20,20,4,1,0,FALSE,"Wilman","secondary",NA,NA
"Anourosorex schmidi","mass","Body_Mass","g",20,20,4,1,0,FALSE,"Wilman","secondary",NA,NA
"Anourosorex squamipes","mass","Body_Mass","g",20,20,4,1,0,FALSE,"Wilman","secondary",NA,NA
"Anourosorex yamashinai","mass","Body_Mass","g",20,20,4,1,0,FALSE,"Wilman","secondary",NA,NA
"Antechinomys laniger","mass","Body_Mass","g",25.843,25.685,8,4,0,FALSE,"Burger; Genoud; Ruf; Wilman","secondary",NA,NA
"Antechinus adustus","mass","Body_Mass","g",36,36,4,1,0,FALSE,"Wilman","secondary",NA,NA
"Antechinus agilis","mass","Body_Mass","g",23.065,23.065,5,2,0,FALSE,"Burger; Wilman","secondary",NA,NA
"Antechinus bellus","mass","Body_Mass","g",44.75,44.75,5,2,0,FALSE,"Burger; Wilman","secondary",NA,NA
"Antechinus flavipes","mass","Body_Mass","g",37.875,40.25,8,4,0,FALSE,"Burger; Genoud; Ruf; Wilman","secondary",NA,NA
"Antechinus godmani","mass","Body_Mass","g",76.5,76.5,4,1,0,FALSE,"Wilman","secondary",NA,NA
"Antechinus leo","mass","Body_Mass","g",74,74,5,2,0,FALSE,"Burger; Wilman","secondary",NA,NA
"Antechinus minimus","mass","Body_Mass","g",53.5,53.5,5,2,0,FALSE,"Burger; Wilman","secondary",NA,NA
"Antechinus stuartii","mass","Body_Mass","g",27.217,27.5,9,4,0,FALSE,"Burger; Genoud; Ruf; Wilman","secondary",NA,NA
"Antechinus subtropicus","mass","Body_Mass","g",44,44,5,2,0,FALSE,"Burger; Wilman","secondary",NA,NA
"Antechinus swainsonii","mass","Body_Mass","g",57.633,53,6,3,0,FALSE,"Burger; Genoud; Wilman","secondary",NA,NA
"Anthops ornatus","mass","Body_Mass","g",8,8,4,1,0,FALSE,"Wilman","secondary",NA,NA
"Antidorcas marsupialis","mass","Body_Mass","g",31006,31500,6,3,0,FALSE,"Burger; HerculanoHouzel; Wilman","secondary",NA,NA
"Antilocapra americana","mass","Body_Mass","g",44520.732,46416.46,7,4,0,FALSE,"Burger; Genoud; Wilman; Wimberly","secondary",NA,NA
"Antilope cervicapra","mass","Body_Mass","g",33150,33150,5,2,0,FALSE,"Burger; Wilman","secondary",NA,NA
"Antrozous pallidus","mass","Body_Mass","g",21.4,21.4,5,2,0,FALSE,"Genoud; Wilman","secondary",NA,NA
"Aonyx capensis","mass","Body_Mass","g",19054.92,19054.92,5,2,0,FALSE,"Burger; Wilman","secondary",NA,NA
"Aonyx cinerea","mass","Body_Mass","g",3793.795,3793.795,5,2,0,FALSE,"Burger; Wilman","secondary",NA,NA
"Aotus azarae","mass","Body_Mass","g",1153.642,1217.5,7,4,0,FALSE,"Burger; Isler; Powell; Wilman","secondary",NA,NA
"Aotus hershkovitzi","mass","Body_Mass","g",800,800,4,1,0,FALSE,"Wilman","secondary",NA,NA
"Aotus lemurinus","mass","Body_Mass","g",3544.497,872.99,6,3,0,FALSE,"Burger; Isler; Wilman","secondary",NA,NA
"Aotus miconax","mass","Body_Mass","g",800,800,4,1,0,FALSE,"Wilman","secondary",NA,NA
"Aotus nancymaae","mass","Body_Mass","g",788.68,788.01,6,3,0,FALSE,"Powell; Wilman; Wimberly","secondary",NA,NA
"Aotus nigriceps","mass","Body_Mass","g",992.003,958,6,3,0,FALSE,"Isler; Powell; Wilman","secondary",NA,NA
"Aotus sp.","mass","Body_Mass","g",830,830,4,1,0,FALSE,"MacLeod","secondary",NA,NA
"Aotus trivirgatus","mass","Body_Mass","g",866.667,835,24,11,3,TRUE,"Burger; Finlay; Genoud; HerculanoHouzel; Isler; Lewitus; MacLarnon; Powell; Stephan; Stephan_collection; Wilman","primary; secondary",NA,NA
"Aotus vociferans","mass","Body_Mass","g",759.663,703,6,3,0,FALSE,"Isler; Powell; Wilman","secondary",NA,NA
"Aplodontia rufa","mass","Body_Mass","g",813.33,806,6,3,0,FALSE,"Burger; Genoud; Wilman","secondary",NA,NA
"Apodemus agrarius","mass","Body_Mass","g",25.124,23.042,8,4,0,FALSE,"Burger; Genoud; Wilman; Wimberly","secondary",NA,NA
"Apodemus alpicola","mass","Body_Mass","g",29.58,29.58,5,2,0,FALSE,"Genoud; Wilman","secondary",NA,NA
"Apodemus argenteus","mass","Body_Mass","g",18.35,18.35,5,2,0,FALSE,"Genoud; Wilman","secondary",NA,NA
"Apodemus chevrieri","mass","Body_Mass","g",34.933,34.933,9,2,0,FALSE,"Genoud; Wilman","secondary",NA,NA
"Apodemus draco","mass","Body_Mass","g",22.25,22.25,4,1,0,FALSE,"Wilman","secondary",NA,NA
"Apodemus epimelas","mass","Body_Mass","g",28.07,28.07,4,1,0,FALSE,"Wilman","secondary",NA,NA
"Apodemus flavicollis","mass","Body_Mass","g",29.984,30.468,13,4,0,FALSE,"Burger; Genoud; Wilman; Wimberly","secondary",NA,NA
"Apodemus gurkha","mass","Body_Mass","g",39.9,39.9,4,1,0,FALSE,"Wilman","secondary",NA,NA
"Apodemus hyrcanicus","mass","Body_Mass","g",25.76,25.76,4,1,0,FALSE,"Wilman","secondary",NA,NA
"Apodemus latronum","mass","Body_Mass","g",35.2,35.2,4,1,0,FALSE,"Wilman","secondary",NA,NA
"Apodemus mystacinus","mass","Body_Mass","g",41.3,41.3,7,2,0,FALSE,"Genoud; Wilman","secondary",NA,NA
"Apodemus pallipes","mass","Body_Mass","g",25.68,25.68,4,1,0,FALSE,"Wilman","secondary",NA,NA
"Apodemus peninsulae","mass","Body_Mass","g",29.45,29.45,5,2,0,FALSE,"Ruf; Wilman","secondary",NA,NA
"Apodemus ponticus","mass","Body_Mass","g",25.76,25.76,4,1,0,FALSE,"Wilman","secondary",NA,NA
"Apodemus rusiges","mass","Body_Mass","g",25.67,25.67,4,1,0,FALSE,"Wilman","secondary",NA,NA
"Apodemus semotus","mass","Body_Mass","g",25.77,25.77,4,1,0,FALSE,"Wilman","secondary",NA,NA
"Apodemus speciosus","mass","Body_Mass","g",32.58,32.58,6,2,0,FALSE,"Genoud; Wilman","secondary",NA,NA
"Apodemus sylvaticus","mass","Body_Mass","g",24.477,22.88,10,3,0,FALSE,"Burger; Genoud; Wilman","secondary",NA,NA
"Apodemus uralensis","mass","Body_Mass","g",17.1,17.1,4,1,0,FALSE,"Wilman","secondary",NA,NA
"Apodemus witherbyi","mass","Body_Mass","g",20.355,20.355,6,2,0,FALSE,"Genoud; Wilman","secondary",NA,NA
"Apomys abrae","mass","Body_Mass","g",56.6,56.6,4,1,0,FALSE,"Wilman","secondary",NA,NA
"Apomys datae","mass","Body_Mass","g",106,106,4,1,0,FALSE,"Wilman","secondary",NA,NA
"Apomys gracilirostris","mass","Body_Mass","g",43.08,43.08,4,1,0,FALSE,"Wilman","secondary",NA,NA
"Apomys hylocetes","mass","Body_Mass","g",34.88,34.88,4,1,0,FALSE,"Wilman","secondary",NA,NA
"Apomys insignis","mass","Body_Mass","g",29.9,29.9,4,1,0,FALSE,"Wilman","secondary",NA,NA
"Apomys littoralis","mass","Body_Mass","g",30.95,30.95,4,1,0,FALSE,"Wilman","secondary",NA,NA
"Apomys microdon","mass","Body_Mass","g",35.1,35.1,4,1,0,FALSE,"Wilman","secondary",NA,NA
"Apomys musculus","mass","Body_Mass","g",21.2,21.2,4,1,0,FALSE,"Wilman","secondary",NA,NA
"Apomys sacobianus","mass","Body_Mass","g",82.4,82.4,4,1,0,FALSE,"Wilman","secondary",NA,NA
"Aproteles bulmerae","mass","Body_Mass","g",600,600,4,1,0,FALSE,"Wilman","secondary",NA,NA
"Apus apus","mass","Body_Mass","g",42,42,4,1,0,FALSE,"Ruf","secondary",NA,NA
"Arborimus albipes","mass","Body_Mass","g",23,23,4,1,0,FALSE,"Wilman","secondary",NA,NA
"Arborimus longicaudus","mass","Body_Mass","g",21.8,21.8,4,1,0,FALSE,"Wilman","secondary",NA,NA
"Arborimus pomo","mass","Body_Mass","g",27.15,27.15,5,2,0,FALSE,"Genoud; Wilman","secondary",NA,NA
"Archboldomys luzonensis","mass","Body_Mass","g",35.4,35.4,4,1,0,FALSE,"Wilman","secondary",NA,NA
"Archboldomys musseri","mass","Body_Mass","g",35.4,35.4,4,1,0,FALSE,"Wilman","secondary",NA,NA
"Archilochus alexandri","mass","Body_Mass","g",3.2,3.2,4,1,0,FALSE,"Ruf","secondary",NA,NA
"Arctictis binturong","mass","Body_Mass","g",12156.248,12234.995,7,4,0,FALSE,"Burger; Genoud; Wilman; Wimberly","secondary",NA,NA
"Arctocebus aureus","mass","Body_Mass","g",216.25,210,7,4,0,FALSE,"Burger; Isler; Powell; Wilman","secondary",NA,NA
"Arctocebus calabarensis","mass","Body_Mass","g",258.3,257.5,9,5,0,FALSE,"Burger; Genoud; Isler; Powell; Wilman","secondary",NA,NA
"Arctocephalus australis","mass","Body_Mass","g",74375,74375,5,2,0,FALSE,"Burger; Wilman","secondary",NA,NA
"Arctocephalus forsteri","mass","Body_Mass","g",105470,105470,5,2,0,FALSE,"Burger; Wilman","secondary",NA,NA
"Arctocephalus galapagoensis","mass","Body_Mass","g",36475,36475,5,2,0,FALSE,"Burger; Wilman","secondary",NA,NA
"Arctocephalus gazella","mass","Body_Mass","g",97050,97050,5,2,0,FALSE,"Burger; Wilman","secondary",NA,NA
"Arctocephalus philippii","mass","Body_Mass","g",117500,117500,5,2,0,FALSE,"Burger; Wilman","secondary",NA,NA
"Arctocephalus pusillus","mass","Body_Mass","g",178625,178625,5,2,0,FALSE,"Burger; Wilman","secondary",NA,NA
"Arctocephalus townsendi","mass","Body_Mass","g",105000,105000,4,1,0,FALSE,"Wilman","secondary",NA,NA
"Arctocephalus tropicalis","mass","Body_Mass","g",92625,92625,5,2,0,FALSE,"Burger; Wilman","secondary",NA,NA
"Arctogalidia trivirgata","mass","Body_Mass","g",2240,2250,6,3,0,FALSE,"Burger; Genoud; Wilman","secondary",NA,NA
"Arctonyx collaris","mass","Body_Mass","g",8423,8423,5,2,0,FALSE,"Burger; Wilman","secondary",NA,NA
"Ardops nichollsi","mass","Body_Mass","g",16.08,16.08,5,2,0,FALSE,"Burger; Wilman","secondary",NA,NA
"Arielulus aureocollaris","mass","Body_Mass","g",10.4,10.4,4,1,0,FALSE,"Wilman","secondary",NA,NA
"Arielulus circumdatus","mass","Body_Mass","g",10.4,10.4,4,1,0,FALSE,"Wilman","secondary",NA,NA
"Arielulus cuprosus","mass","Body_Mass","g",10.4,10.4,4,1,0,FALSE,"Wilman","secondary",NA,NA
"Arielulus societatis","mass","Body_Mass","g",8.03,8.03,4,1,0,FALSE,"Wilman","secondary",NA,NA
"Arielulus torquatus","mass","Body_Mass","g",10.4,10.4,4,1,0,FALSE,"Wilman","secondary",NA,NA
"Ariteus flavescens","mass","Body_Mass","g",11.9,11.9,4,1,0,FALSE,"Wilman","secondary",NA,NA
"Artamus cyanopterus","mass","Body_Mass","g",35,35,4,1,0,FALSE,"Ruf","secondary",NA,NA
"Artibeus amplus","mass","Body_Mass","g",60,60,4,1,0,FALSE,"Wilman","secondary",NA,NA
"Artibeus anderseni","mass","Body_Mass","g",138,138,4,1,0,FALSE,"Wilman","secondary",NA,NA
"Artibeus aztecus","mass","Body_Mass","g",20.38,20.38,4,1,0,FALSE,"Wilman","secondary",NA,NA
"Artibeus cinereus","mass","Body_Mass","g",11.843,12.4,6,3,0,FALSE,"Burger; Genoud; Wilman","secondary",NA,NA
"Artibeus concolor","mass","Body_Mass","g",19.483,19.4,6,3,0,FALSE,"Burger; Genoud; Wilman","secondary",NA,NA
"Artibeus fimbriatus","mass","Body_Mass","g",63.9,63.9,5,2,0,FALSE,"Genoud; Wilman","secondary",NA,NA
"Artibeus fraterculus","mass","Body_Mass","g",36,36,4,1,0,FALSE,"Wilman","secondary",NA,NA
"Artibeus glaucus","mass","Body_Mass","g",11.63,11.63,5,2,0,FALSE,"Burger; Wilman","secondary",NA,NA
"Artibeus gnomus","mass","Body_Mass","g",10.06,10.06,4,1,0,FALSE,"Wilman","secondary",NA,NA
"Artibeus hirsutus","mass","Body_Mass","g",45.115,45.115,5,2,0,FALSE,"Genoud; Wilman","secondary",NA,NA
"Artibeus incomitatus","mass","Body_Mass","g",26.52,26.52,4,1,0,FALSE,"Wilman","secondary",NA,NA
"Artibeus inopinatus","mass","Body_Mass","g",29.3,29.3,4,1,0,FALSE,"Wilman","secondary",NA,NA
"Artibeus jamaicensis","mass","Body_Mass","g",42.233,42.17,6,3,0,FALSE,"Burger; Genoud; Wilman","secondary",NA,NA
"Artibeus lituratus","mass","Body_Mass","g",62.823,60.54,8,3,0,FALSE,"Burger; Genoud; Wilman","secondary",NA,NA
"Artibeus obscurus","mass","Body_Mass","g",35.2,35.2,4,1,0,FALSE,"Wilman","secondary",NA,NA
"Artibeus phaeotis","mass","Body_Mass","g",11.695,11.695,5,2,0,FALSE,"Burger; Wilman","secondary",NA,NA
"Artibeus toltecus","mass","Body_Mass","g",15.925,15.925,5,2,0,FALSE,"Burger; Wilman","secondary",NA,NA
"Artibeus watsoni","mass","Body_Mass","g",11.2,11.2,4,1,0,FALSE,"Wilman","secondary",NA,NA
"Arvicanthis abyssinicus","mass","Body_Mass","g",77.1,77.1,4,1,0,FALSE,"Wilman","secondary",NA,NA
"Arvicanthis ansorgei","mass","Body_Mass","g",102.35,102.35,4,1,0,FALSE,"Wilman","secondary",NA,NA
"Arvicanthis blicki","mass","Body_Mass","g",128,128,4,1,0,FALSE,"Wilman","secondary",NA,NA
"Arvicanthis nairobae","mass","Body_Mass","g",104,104,4,1,0,FALSE,"Wilman","secondary",NA,NA
"Arvicanthis neumanni","mass","Body_Mass","g",98.36,98.36,4,1,0,FALSE,"Wilman","secondary",NA,NA
"Arvicanthis niloticus","mass","Body_Mass","g",95.7,95.7,5,2,0,FALSE,"Burger; Wilman","secondary",NA,NA
"Arvicanthis rufinus","mass","Body_Mass","g",102.35,102.35,4,1,0,FALSE,"Wilman","secondary",NA,NA
"Arvicola amphibius","mass","Body_Mass","g",128.6,120,6,3,0,FALSE,"Burger; Genoud; Wilman","secondary",NA,NA
"Arvicola sapidus","mass","Body_Mass","g",220,220,4,1,0,FALSE,"Wilman","secondary",NA,NA
"Arvicola scherman","mass","Body_Mass","g",162.48,162.48,4,1,0,FALSE,"Wilman","secondary",NA,NA
"Asellia patrizii","mass","Body_Mass","g",14.1,14.1,4,1,0,FALSE,"Wilman","secondary",NA,NA
"Asellia tridens","mass","Body_Mass","g",12.365,12.365,5,2,0,FALSE,"Burger; Wilman","secondary",NA,NA
"Aselliscus stoliczkanus","mass","Body_Mass","g",4.9,4.9,5,2,0,FALSE,"Burger; Wilman","secondary",NA,NA
"Aselliscus tricuspidatus","mass","Body_Mass","g",4.233,4.2,6,3,0,FALSE,"Burger; Genoud; Wilman","secondary",NA,NA
"Atelerix albiventris","mass","Body_Mass","g",443.333,450,6,3,0,FALSE,"Burger; Genoud; Wilman","secondary",NA,NA
"Atelerix algirus","mass","Body_Mass","g",745,745,10,4,1,TRUE,"Burger; Ruf; Stephan_collection; Wilman","primary; secondary",NA,NA
"Atelerix frontalis","mass","Body_Mass","g",361.5,375,6,3,0,FALSE,"Genoud; Ruf; Wilman","secondary",NA,NA
"Atelerix sclateri","mass","Body_Mass","g",539.15,539.15,4,1,0,FALSE,"Wilman","secondary",NA,NA
"Ateles ater","mass","Body_Mass","g",6000,6000,4,1,1,TRUE,"Heffner","primary",NA,NA
"Ateles belzebuth","mass","Body_Mass","g",7581.086,8167,8,5,0,FALSE,"Burger; Granatosky; Isler; Powell; Wilman","secondary",NA,NA
"Ateles belzebuth group","mass","Body_Mass","g",8151.812,8151.812,19,1,0,FALSE,"Isler","secondary",NA,NA
"Ateles chamek","mass","Body_Mass","g",8246.66,9370,6,3,0,FALSE,"Burger; Isler; Wilman","secondary",NA,NA
"Ateles fusciceps","mass","Body_Mass","g",9160,9160,9,6,1,TRUE,"Burger; Heldstab; Isler; Powell; Wilman; Wimberly","primary; secondary",NA,NA
"Ateles geoffroyi","mass","Body_Mass","g",7900,8000,22,10,3,TRUE,"Burger; Granatosky; Heldstab; Isler; Powell; Stephan; Stephan_collection; Wilman; Wimberly; Zilles","primary; secondary",NA,NA
"Ateles geoffroyi group","mass","Body_Mass","g",7401.062,7401.062,19,1,0,FALSE,"Isler","secondary",NA,NA
"Ateles hybridus","mass","Body_Mass","g",7419.775,7711,7,4,0,FALSE,"Burger; Isler; Powell; Wilman","secondary",NA,NA
"Ateles marginatus","mass","Body_Mass","g",4600.49,4600.49,5,2,0,FALSE,"Burger; Wilman","secondary",NA,NA
"Ateles paniscus","mass","Body_Mass","g",7037.466,8175,13,8,0,FALSE,"Burger; Granatosky; Isler; Lewitus; MacLeod; Powell; Wilman; Wimberly","secondary",NA,NA
"Atelocynus microtis","mass","Body_Mass","g",8389.985,8389.985,5,2,0,FALSE,"Burger; Wilman","secondary",NA,NA
"Atherurus africanus","mass","Body_Mass","g",2543.25,2543.25,5,2,0,FALSE,"Burger; Wilman","secondary",NA,NA
"Atherurus macrourus","mass","Body_Mass","g",2000,2000,5,2,0,FALSE,"Burger; Wilman","secondary",NA,NA
"Atilax paludinosus","mass","Body_Mass","g",3484.985,3484.985,5,2,0,FALSE,"Burger; Wilman","secondary",NA,NA
"Atlantoxerus getulus","mass","Body_Mass","g",251,251,4,1,0,FALSE,"Wilman","secondary",NA,NA
"Auliscomys boliviensis","mass","Body_Mass","g",71.25,71.25,5,2,0,FALSE,"Genoud; Wilman","secondary",NA,NA
"Auliscomys pictus","mass","Body_Mass","g",54.7,54.7,4,1,0,FALSE,"Wilman","secondary",NA,NA
"Auliscomys sublimis","mass","Body_Mass","g",38,38,4,1,0,FALSE,"Wilman","secondary",NA,NA
"Australopithecus afarensis","mass","Body_Mass","g",27200,27200,5,1,0,FALSE,"Seymour","info",NA,NA
"Australopithecus africanus","mass","Body_Mass","g",27275,27275,11,1,0,FALSE,"Seymour","info",NA,NA
"Avahi laniger","mass","Body_Mass","g",1224.286,1224.286,17,8,2,TRUE,"Burger; Isler; Lewitus; Powell; Stephan; Stephan_collection; Wilman; Zilles","primary; secondary",NA,NA
"Avahi occidentalis","mass","Body_Mass","g",860,860,14,7,2,TRUE,"Burger; Granatosky; Isler; Lewitus; Stephan; Stephan_collection; Wilman","primary; secondary",NA,NA
"Avahi unicolor","mass","Body_Mass","g",848.53,848.53,4,1,0,FALSE,"Wilman","secondary",NA,NA
"Axis axis","mass","Body_Mass","g",81410.617,88450,6,3,0,FALSE,"Burger; Garwicz; Wilman","secondary",NA,NA
"Axis calamianensis","mass","Body_Mass","g",40500,40500,4,1,0,FALSE,"Wilman","secondary",NA,NA
"Axis kuhlii","mass","Body_Mass","g",55000,55000,4,1,0,FALSE,"Wilman","secondary",NA,NA
"Axis porcinus","mass","Body_Mass","g",32209.25,32209.25,5,2,0,FALSE,"Burger; Wilman","secondary",NA,NA
"Babyrousa babyrussa","mass","Body_Mass","g",89000,89000,5,2,0,FALSE,"Burger; Wilman","secondary",NA,NA
"Babyrousa bolabatuensis","mass","Body_Mass","g",1e+05,1e+05,4,1,0,FALSE,"Wilman","secondary",NA,NA
"Babyrousa celebensis","mass","Body_Mass","g",1e+05,1e+05,4,1,0,FALSE,"Wilman","secondary",NA,NA
"Babyrousa togeanensis","mass","Body_Mass","g",1e+05,1e+05,4,1,0,FALSE,"Wilman","secondary",NA,NA
"Baiomys musculus","mass","Body_Mass","g",9,9,4,1,0,FALSE,"Wilman","secondary",NA,NA
"Baiomys taylori","mass","Body_Mass","g",7.167,7.1,7,3,0,FALSE,"Genoud; Ruf; Wilman","secondary",NA,NA
"Balaena mysticetus","mass","Body_Mass","g",95499999.965,95499999.965,5,2,0,FALSE,"Burger; Wilman","secondary",NA,NA
"Balaenoptera acutorostrata","mass","Body_Mass","g",7793546.795,7793546.795,5,2,0,FALSE,"Burger; Wilman","secondary",NA,NA
"Balaenoptera bonaerensis","mass","Body_Mass","g",35089915.83,35089915.83,4,1,0,FALSE,"Wilman","secondary",NA,NA
"Balaenoptera borealis","mass","Body_Mass","g",28333333.335,28333333.335,5,2,0,FALSE,"Burger; Wilman","secondary",NA,NA
"Balaenoptera edeni","mass","Body_Mass","g",2e+07,2e+07,4,1,0,FALSE,"Wilman","secondary",NA,NA
"Balaenoptera musculus","mass","Body_Mass","g",120451999.985,120451999.985,5,2,0,FALSE,"Burger; Wilman","secondary",NA,NA
"Balaenoptera physalus","mass","Body_Mass","g",66250000,66250000,5,2,0,FALSE,"Burger; Wilman","secondary",NA,NA
"Balantiopteryx infusca","mass","Body_Mass","g",4.38,4.38,4,1,0,FALSE,"Wilman","secondary",NA,NA
"Balantiopteryx io","mass","Body_Mass","g",4.3,4.3,4,1,0,FALSE,"Wilman","secondary",NA,NA
"Balantiopteryx plicata","mass","Body_Mass","g",6.39,6.39,4,1,0,FALSE,"Wilman","secondary",NA,NA
"Balionycteris maculata","mass","Body_Mass","g",13.845,13.845,5,2,0,FALSE,"Burger; Wilman","secondary",NA,NA
"Bandicota bengalensis","mass","Body_Mass","g",188.5,188.5,4,1,0,FALSE,"Wilman","secondary",NA,NA
"Bandicota indica","mass","Body_Mass","g",719.96,719.96,4,1,0,FALSE,"Wilman","secondary",NA,NA
"Bandicota savilei","mass","Body_Mass","g",199,199,4,1,0,FALSE,"Wilman","secondary",NA,NA
"Barbastella barbastellus","mass","Body_Mass","g",7.01,7,6,3,0,FALSE,"Burger; Ruf; Wilman","secondary",NA,NA
"Barbastella leucomelas","mass","Body_Mass","g",15.05,15.05,4,1,0,FALSE,"Wilman","secondary",NA,NA
"Bassaricyon alleni","mass","Body_Mass","g",1235.005,1235.005,5,2,0,FALSE,"Burger; Wilman","secondary",NA,NA
"Bassaricyon beddardi","mass","Body_Mass","g",1235.01,1235.01,4,1,0,FALSE,"Wilman","secondary",NA,NA
"Bassaricyon gabbii","mass","Body_Mass","g",1250,1250,5,2,0,FALSE,"Burger; Wilman","secondary",NA,NA
"Bassaricyon lasius","mass","Body_Mass","g",1200,1200,4,1,0,FALSE,"Wilman","secondary",NA,NA
"Bassaricyon pauli","mass","Body_Mass","g",1200,1200,4,1,0,FALSE,"Wilman","secondary",NA,NA
"Bassariscus astutus","mass","Body_Mass","g",992.453,985,7,3,0,FALSE,"Burger; Genoud; Wilman","secondary",NA,NA
"Bassariscus sumichrasti","mass","Body_Mass","g",1635.547,1284.65,7,3,0,FALSE,"Burger; Genoud; Wilman","secondary",NA,NA
"Bathyergus janetta","mass","Body_Mass","g",356.75,356.75,6,2,0,FALSE,"Genoud; Wilman","secondary",NA,NA
"Bathyergus suillus","mass","Body_Mass","g",854.955,809.91,7,4,0,FALSE,"Burger; Genoud; Kverkova; Wilman","secondary",NA,NA
"Batomys dentatus","mass","Body_Mass","g",196,196,4,1,0,FALSE,"Wilman","secondary",NA,NA
"Batomys granti","mass","Body_Mass","g",177.8,177.8,4,1,0,FALSE,"Wilman","secondary",NA,NA
"Batomys russatus","mass","Body_Mass","g",186.79,186.79,4,1,0,FALSE,"Wilman","secondary",NA,NA
"Batomys salomonseni","mass","Body_Mass","g",187,187,4,1,0,FALSE,"Wilman","secondary",NA,NA
"Bauerus dubiaquercus","mass","Body_Mass","g",22.22,22.22,4,1,0,FALSE,"Wilman","secondary",NA,NA
"Bdeogale crassicauda","mass","Body_Mass","g",1399.995,1399.995,5,2,0,FALSE,"Burger; Wilman","secondary",NA,NA
"Bdeogale jacksoni","mass","Body_Mass","g",2500,2500,4,1,0,FALSE,"Wilman","secondary",NA,NA
"Bdeogale nigripes","mass","Body_Mass","g",2500,2500,4,1,0,FALSE,"Wilman","secondary",NA,NA
"Beamys hindei","mass","Body_Mass","g",82.775,82.775,5,2,0,FALSE,"Burger; Wilman","secondary",NA,NA
"Beamys major","mass","Body_Mass","g",75.8,75.8,4,1,0,FALSE,"Wilman","secondary",NA,NA
"Beatragus hunteri","mass","Body_Mass","g",79132.17,79132.17,4,1,0,FALSE,"Wilman","secondary",NA,NA
"Belomys pearsonii","mass","Body_Mass","g",217,217,4,1,0,FALSE,"Wilman","secondary",NA,NA
"Berardius arnuxii","mass","Body_Mass","g",7e+06,7e+06,4,1,0,FALSE,"Wilman","secondary",NA,NA
"Berardius bairdii","mass","Body_Mass","g",11380000,11380000,4,1,0,FALSE,"Wilman","secondary",NA,NA
"Berylmys berdmorei","mass","Body_Mass","g",235,235,4,1,0,FALSE,"Wilman","secondary",NA,NA
"Berylmys bowersi","mass","Body_Mass","g",330.35,330.35,5,2,0,FALSE,"Burger; Wilman","secondary",NA,NA
"Berylmys mackenziei","mass","Body_Mass","g",256,256,4,1,0,FALSE,"Wilman","secondary",NA,NA
"Berylmys manipulus","mass","Body_Mass","g",116,116,4,1,0,FALSE,"Wilman","secondary",NA,NA
"Bettongia gaimardi","mass","Body_Mass","g",1672.083,1660,9,3,0,FALSE,"Burger; Genoud; Wilman","secondary",NA,NA
"Bettongia lesueur","mass","Body_Mass","g",1597,1597,6,3,1,TRUE,"Burger; Seymour; Wilman","primary; secondary",NA,NA
"Bettongia penicillata","mass","Body_Mass","g",1205.95,1300,7,3,0,FALSE,"Burger; Genoud; Wilman","secondary",NA,NA
"Bettongia tropica","mass","Body_Mass","g",1228.29,1228.29,5,2,0,FALSE,"Burger; Wilman","secondary",NA,NA
"Bibimys chacoensis","mass","Body_Mass","g",28,28,4,1,0,FALSE,"Wilman","secondary",NA,NA
"Bibimys labiosus","mass","Body_Mass","g",29,29,4,1,0,FALSE,"Wilman","secondary",NA,NA
"Bibimys torresi","mass","Body_Mass","g",28,28,4,1,0,FALSE,"Wilman","secondary",NA,NA
"Bison bison","mass","Body_Mass","g",545110.783,579255.28,6,3,0,FALSE,"Burger; Wilman; Wimberly","secondary",NA,NA
"Bison bonasus","mass","Body_Mass","g",5e+05,5e+05,4,1,0,FALSE,"Wilman","secondary",NA,NA
"Biswamoyopterus biswasi","mass","Body_Mass","g",1613.3,1613.3,4,1,0,FALSE,"Wilman","secondary",NA,NA
"Blanfordimys afghanus","mass","Body_Mass","g",56.99,56.99,4,1,0,FALSE,"Wilman","secondary",NA,NA
"Blanfordimys bucharensis","mass","Body_Mass","g",57.08,57.08,4,1,0,FALSE,"Wilman","secondary",NA,NA
"Blarina brevicauda","mass","Body_Mass","g",19.7,19.7,12,5,1,TRUE,"Burger; Finlay; Genoud; HerculanoHouzel; Wilman","primary; secondary",NA,NA
"Blarina carolinensis","mass","Body_Mass","g",11.85,11.85,5,2,0,FALSE,"Genoud; Wilman","secondary",NA,NA
"Blarina hylophaga","mass","Body_Mass","g",14.5,14.5,4,1,0,FALSE,"Wilman","secondary",NA,NA
"Blarina peninsulae","mass","Body_Mass","g",17.63,17.63,4,1,0,FALSE,"Wilman","secondary",NA,NA
"Blarinella griselda","mass","Body_Mass","g",12.5,12.5,4,1,0,FALSE,"Wilman","secondary",NA,NA
"Blarinella quadraticauda","mass","Body_Mass","g",12.5,12.5,4,1,0,FALSE,"Wilman","secondary",NA,NA
"Blarinella wardi","mass","Body_Mass","g",11.26,11.26,4,1,0,FALSE,"Wilman","secondary",NA,NA
"Blarinomys breviceps","mass","Body_Mass","g",36.8,36.8,4,1,0,FALSE,"Wilman","secondary",NA,NA
"Blastocerus dichotomus","mass","Body_Mass","g",86666.25,86666.25,4,1,0,FALSE,"Wilman","secondary",NA,NA
"Bonnet macaque","mass","Body_Mass","g",8012.5,8012.5,7,1,0,FALSE,"Burish","review",NA,NA
"Boromys offella","mass","Body_Mass","g",272.28,272.28,4,1,0,FALSE,"Wilman","secondary",NA,NA
"Boromys torrei","mass","Body_Mass","g",272.28,272.28,4,1,0,FALSE,"Wilman","secondary",NA,NA
"Bos frontalis","mass","Body_Mass","g",8e+05,8e+05,4,1,0,FALSE,"Wilman","secondary",NA,NA
"Bos grunniens","mass","Body_Mass","g",269833.333,250000,6,3,0,FALSE,"Burger; Genoud; Wilman","secondary",NA,NA
"Bos javanicus","mass","Body_Mass","g",625000,625000,4,1,0,FALSE,"Wilman","secondary",NA,NA
"Bos sauveli","mass","Body_Mass","g",8e+05,8e+05,4,1,0,FALSE,"Wilman","secondary",NA,NA
"Bos taurus","mass","Body_Mass","g",482434.198,520000,14,5,0,FALSE,"Burger; Garwicz; Genoud; Wilman; Wimberly","secondary",NA,NA
"Bos taurus indicus","mass","Body_Mass","g",596666.667,596666.667,4,1,0,FALSE,"Lewitus","secondary",NA,NA
"Boselaphus tragocamelus","mass","Body_Mass","g",147000,147000,5,2,0,FALSE,"Burger; Wilman","secondary",NA,NA
"Brachiones przewalskii","mass","Body_Mass","g",61.11,61.11,4,1,0,FALSE,"Wilman","secondary",NA,NA
"Brachylagus idahoensis","mass","Body_Mass","g",426.67,426.67,5,2,0,FALSE,"Genoud; Wilman","secondary",NA,NA
"Brachyphylla cavernarum","mass","Body_Mass","g",46.46,46.46,5,2,0,FALSE,"Burger; Wilman","secondary",NA,NA
"Brachyphylla nana","mass","Body_Mass","g",35.83,35.83,4,1,0,FALSE,"Wilman","secondary",NA,NA
"Brachytarsomys albicauda","mass","Body_Mass","g",200,200,4,1,0,FALSE,"Wilman","secondary",NA,NA
"Brachytarsomys villosa","mass","Body_Mass","g",220,220,4,1,0,FALSE,"Wilman","secondary",NA,NA
"Brachyteles arachnoides","mass","Body_Mass","g",10136.627,8840,6,3,0,FALSE,"Burger; Powell; Wilman","secondary",NA,NA
"Brachyteles hypoxanthus","mass","Body_Mass","g",10949.94,10949.94,5,2,0,FALSE,"Powell; Wilman","secondary",NA,NA
"Brachyteles sp.","mass","Body_Mass","g",8840,8840,4,1,0,FALSE,"Isler","secondary",NA,NA
"Brachyuromys betsileoensis","mass","Body_Mass","g",92.5,92.5,4,1,0,FALSE,"Wilman","secondary",NA,NA
"Brachyuromys ramirohitra","mass","Body_Mass","g",90,90,4,1,0,FALSE,"Wilman","secondary",NA,NA
"Bradypus pygmaeus","mass","Body_Mass","g",4022.57,4022.57,4,1,0,FALSE,"Wilman","secondary",NA,NA
"Bradypus torquatus","mass","Body_Mass","g",3899.96,3899.96,4,1,0,FALSE,"Wilman","secondary",NA,NA
"Bradypus tridactylus","mass","Body_Mass","g",3897.663,3849.99,6,3,0,FALSE,"Burger; Genoud; Wilman","secondary",NA,NA
"Bradypus variegatus","mass","Body_Mass","g",3791.092,3783.18,9,4,0,FALSE,"Burger; Genoud; Wilman; Wimberly","secondary",NA,NA
"Broken Hill/Kabwe","mass","Body_Mass","g",65600,65600,4,1,1,TRUE,"Weaver","primary",NA,NA
"Brotomys contractus","mass","Body_Mass","g",272.28,272.28,4,1,0,FALSE,"Wilman","secondary",NA,NA
"Brotomys voratus","mass","Body_Mass","g",272.28,272.28,4,1,0,FALSE,"Wilman","secondary",NA,NA
"Brucepattersonius albinasus","mass","Body_Mass","g",20,20,4,1,0,FALSE,"Wilman","secondary",NA,NA
"Brucepattersonius griserufescens","mass","Body_Mass","g",23.7,23.7,4,1,0,FALSE,"Wilman","secondary",NA,NA
"Brucepattersonius guarani","mass","Body_Mass","g",30.87,30.87,4,1,0,FALSE,"Wilman","secondary",NA,NA
"Brucepattersonius igniventris","mass","Body_Mass","g",32,32,4,1,0,FALSE,"Wilman","secondary",NA,NA
"Brucepattersonius iheringi","mass","Body_Mass","g",43,43,4,1,0,FALSE,"Wilman","secondary",NA,NA
"Brucepattersonius misionensis","mass","Body_Mass","g",43,43,4,1,0,FALSE,"Wilman","secondary",NA,NA
"Brucepattersonius paradisus","mass","Body_Mass","g",30.87,30.87,4,1,0,FALSE,"Wilman","secondary",NA,NA
"Brucepattersonius soricinus","mass","Body_Mass","g",30.87,30.87,4,1,0,FALSE,"Wilman","secondary",NA,NA
"Bubalus bubalis","mass","Body_Mass","g",680375.485,680375.485,5,2,0,FALSE,"Wilman; Wimberly","secondary",NA,NA
"Bubalus depressicornis","mass","Body_Mass","g",3e+05,3e+05,4,1,0,FALSE,"Wilman","secondary",NA,NA
"Bubalus mindorensis","mass","Body_Mass","g",233333.33,233333.33,4,1,0,FALSE,"Wilman","secondary",NA,NA
"Bubalus quarlesi","mass","Body_Mass","g",150000,150000,4,1,0,FALSE,"Wilman","secondary",NA,NA
"Budorcas taxicolor","mass","Body_Mass","g",302000,302000,4,1,0,FALSE,"Wilman","secondary",NA,NA
"Bullimus bagobus","mass","Body_Mass","g",432.5,432.5,4,1,0,FALSE,"Wilman","secondary",NA,NA
"Bullimus gamay","mass","Body_Mass","g",367.8,367.8,4,1,0,FALSE,"Wilman","secondary",NA,NA
"Bullimus luzonicus","mass","Body_Mass","g",445,445,4,1,0,FALSE,"Wilman","secondary",NA,NA
"Bunolagus monticularis","mass","Body_Mass","g",1750.01,1750.01,4,1,0,FALSE,"Wilman","secondary",NA,NA
"Bunomys andrewsi","mass","Body_Mass","g",125,125,4,1,0,FALSE,"Wilman","secondary",NA,NA
"Bunomys chrysocomus","mass","Body_Mass","g",116,116,4,1,0,FALSE,"Wilman","secondary",NA,NA
"Bunomys coelestis","mass","Body_Mass","g",120,120,4,1,0,FALSE,"Wilman","secondary",NA,NA
"Bunomys fratrorum","mass","Body_Mass","g",135,135,4,1,0,FALSE,"Wilman","secondary",NA,NA
"Bunomys penitus","mass","Body_Mass","g",170,170,4,1,0,FALSE,"Wilman","secondary",NA,NA
"Bunomys prolatus","mass","Body_Mass","g",131,131,4,1,0,FALSE,"Wilman","secondary",NA,NA
"Bunopithecus hoolock","mass","Body_Mass","g",6718.417,6728,6,3,0,FALSE,"Burger; Isler; Wilman","secondary",NA,NA
"Burramys parvus","mass","Body_Mass","g",47.575,42.9,7,4,0,FALSE,"Burger; Genoud; Ruf; Wilman","secondary",NA,NA
"C. apella","mass","Body_Mass","g",3200,3200,4,1,1,TRUE,"Weaver","primary",NA,NA
"C. atys","mass","Body_Mass","g",10500,10500,4,1,1,TRUE,"Weaver","primary",NA,NA
"Cabassous centralis","mass","Body_Mass","g",3809.98,3809.98,5,2,0,FALSE,"Genoud; Wilman","secondary",NA,NA
"Cabassous chacoensis","mass","Body_Mass","g",1490.01,1490.01,4,1,0,FALSE,"Wilman","secondary",NA,NA
"Cabassous tatouay","mass","Body_Mass","g",5349.95,5349.95,4,1,0,FALSE,"Wilman","secondary",NA,NA
"Cabassous unicinctus","mass","Body_Mass","g",4364.995,4364.995,5,2,0,FALSE,"Burger; Wilman","secondary",NA,NA
"Cacajao calvus","mass","Body_Mass","g",3165,3165,9,6,1,TRUE,"Burger; Granatosky; Isler; Powell; Seymour; Wilman","primary; secondary",NA,NA
"Cacajao melanocephalus","mass","Body_Mass","g",2761.25,2822.5,7,4,0,FALSE,"Burger; Isler; Powell; Wilman","secondary",NA,NA
"Caenolestes caniventer","mass","Body_Mass","g",40,40,4,1,0,FALSE,"Wilman","secondary",NA,NA
"Caenolestes condorensis","mass","Body_Mass","g",47.81,47.81,4,1,0,FALSE,"Wilman","secondary",NA,NA
"Caenolestes convelatus","mass","Body_Mass","g",40,40,4,1,0,FALSE,"Wilman","secondary",NA,NA
"Caenolestes fuliginosus","mass","Body_Mass","g",31.4,31.4,5,2,0,FALSE,"Burger; Wilman","secondary",NA,NA
"Calcochloris leucorhinus","mass","Body_Mass","g",49.7,49.7,4,1,0,FALSE,"Wilman","secondary",NA,NA
"Calcochloris obtusirostris","mass","Body_Mass","g",24.05,24.05,4,1,0,FALSE,"Wilman","secondary",NA,NA
"Calcochloris tytonis","mass","Body_Mass","g",49.7,49.7,4,1,0,FALSE,"Wilman","secondary",NA,NA
"Callicebus baptista","mass","Body_Mass","g",1011.32,1011.32,4,1,0,FALSE,"Wilman","secondary",NA,NA
"Callicebus barbarabrownae","mass","Body_Mass","g",1011.32,1011.32,4,1,0,FALSE,"Wilman","secondary",NA,NA
"Callicebus bernhardi","mass","Body_Mass","g",950,950,4,1,0,FALSE,"Wilman","secondary",NA,NA
"Callicebus brunneus","mass","Body_Mass","g",910.955,910.955,5,2,0,FALSE,"Granatosky; Wilman","secondary",NA,NA
"Callicebus caligatus","mass","Body_Mass","g",908.102,880,7,4,0,FALSE,"Burger; Isler; Powell; Wilman","secondary",NA,NA
"Callicebus cinerascens","mass","Body_Mass","g",992.41,992.41,4,1,0,FALSE,"Wilman","secondary",NA,NA
"Callicebus coimbrai","mass","Body_Mass","g",1011.32,1011.32,4,1,0,FALSE,"Wilman","secondary",NA,NA
"Callicebus cupreus","mass","Body_Mass","g",887,887,8,5,1,TRUE,"Burger; Heldstab; Isler; Powell; Wilman","primary; secondary",NA,NA
"Callicebus cupreus group","mass","Body_Mass","g",887,887,8,1,0,FALSE,"Isler","secondary",NA,NA
"Callicebus discolor","mass","Body_Mass","g",918.333,875,6,3,0,FALSE,"Burger; Isler; Wilman","secondary",NA,NA
"Callicebus donacophilus","mass","Body_Mass","g",795.01,795.01,4,1,0,FALSE,"Wilman","secondary",NA,NA
"Callicebus dubius","mass","Body_Mass","g",992.41,992.41,4,1,0,FALSE,"Wilman","secondary",NA,NA
"Callicebus hoffmannsi","mass","Body_Mass","g",992.41,992.41,4,1,0,FALSE,"Wilman","secondary",NA,NA
"Callicebus lucifer","mass","Body_Mass","g",1500,1500,4,1,0,FALSE,"Wilman","secondary",NA,NA
"Callicebus lugens","mass","Body_Mass","g",1070.33,1090,7,4,0,FALSE,"Burger; Isler; Powell; Wilman","secondary",NA,NA
"Callicebus medemi","mass","Body_Mass","g",1172.917,1157,6,3,0,FALSE,"Burger; Isler; Wilman","secondary",NA,NA
"Callicebus melanochir","mass","Body_Mass","g",1370,1370,4,1,0,FALSE,"Wilman","secondary",NA,NA
"Callicebus modestus","mass","Body_Mass","g",992.41,992.41,4,1,0,FALSE,"Wilman","secondary",NA,NA
"Callicebus moloch","mass","Body_Mass","g",868.75,868.75,16,6,2,TRUE,"Burger; Lewitus; Powell; Stephan; Stephan_collection; Wilman","primary; secondary",NA,NA
"Callicebus nigrifrons","mass","Body_Mass","g",1011.32,1011.32,4,1,0,FALSE,"Wilman","secondary",NA,NA
"Callicebus oenanthe","mass","Body_Mass","g",992.41,992.41,4,1,0,FALSE,"Wilman","secondary",NA,NA
"Callicebus olallae","mass","Body_Mass","g",992.41,992.41,4,1,0,FALSE,"Wilman","secondary",NA,NA
"Callicebus ornatus","mass","Body_Mass","g",1170.5,1170.5,4,1,0,FALSE,"Wilman","secondary",NA,NA
"Callicebus pallescens","mass","Body_Mass","g",800,800,4,1,0,FALSE,"Wilman","secondary",NA,NA
"Callicebus personatus","mass","Body_Mass","g",1349.99,1349.99,4,1,0,FALSE,"Wilman","secondary",NA,NA
"Callicebus purinus","mass","Body_Mass","g",1011.32,1011.32,4,1,0,FALSE,"Wilman","secondary",NA,NA
"Callicebus regulus","mass","Body_Mass","g",1070.552,1070.552,5,2,0,FALSE,"Burger; Wilman","secondary",NA,NA
"Callicebus stephennashi","mass","Body_Mass","g",690,690,4,1,0,FALSE,"Wilman","secondary",NA,NA
"Callicebus torquatus","mass","Body_Mass","g",1153,1245,8,5,0,FALSE,"Burger; Granatosky; Isler; Powell; Wilman","secondary",NA,NA
"Callimico goeldii","mass","Body_Mass","g",481.667,480,19,10,3,TRUE,"Burger; Genoud; Granatosky; Heldstab; Isler; Lewitus; Powell; Stephan; Stephan_collection; Wilman","primary; secondary",NA,NA
"Callistomys pictus","mass","Body_Mass","g",518.99,518.99,4,1,0,FALSE,"Wilman","secondary",NA,NA
"Callithrix acariensis","mass","Body_Mass","g",335.61,335.61,4,1,0,FALSE,"Wilman","secondary",NA,NA
"Callithrix argentata","mass","Body_Mass","g",376.667,345,6,3,0,FALSE,"Burger; Isler; Wilman","secondary",NA,NA
"Callithrix aurita","mass","Body_Mass","g",400,429,6,3,0,FALSE,"Burger; Isler; Wilman","secondary",NA,NA
"Callithrix chrysoleuca","mass","Body_Mass","g",335.61,335.61,4,1,0,FALSE,"Wilman","secondary",NA,NA
"Callithrix emiliae","mass","Body_Mass","g",309.58,309.58,4,1,0,FALSE,"Wilman","secondary",NA,NA
"Callithrix flaviceps","mass","Body_Mass","g",342,342,4,1,0,FALSE,"Wilman","secondary",NA,NA
"Callithrix geoffroyi","mass","Body_Mass","g",338,338,7,4,1,TRUE,"Burger; Heldstab; Powell; Wilman","primary; secondary",NA,NA
"Callithrix humeralifera","mass","Body_Mass","g",371.663,370,6,3,0,FALSE,"Burger; Isler; Wilman","secondary",NA,NA
"Callithrix humilis","mass","Body_Mass","g",335.61,335.61,4,1,0,FALSE,"Wilman","secondary",NA,NA
"Callithrix intermedia","mass","Body_Mass","g",335.61,335.61,4,1,0,FALSE,"Wilman","secondary",NA,NA
"Callithrix jacchus","mass","Body_Mass","g",298.9,280,25,13,5,TRUE,"Burger; Finlay; Genoud; Heldstab; HerculanoHouzel; Isler; Lewitus; MacLarnon; Powell; Seymour; Stephan; Stephan_collection; Wilman","primary; secondary",NA,NA
"Callithrix kuhlii","mass","Body_Mass","g",357.667,357.667,5,2,0,FALSE,"Powell; Wilman","secondary",NA,NA
"Callithrix leucippe","mass","Body_Mass","g",335.61,335.61,4,1,0,FALSE,"Wilman","secondary",NA,NA
"Callithrix manicorensis","mass","Body_Mass","g",335.61,335.61,4,1,0,FALSE,"Wilman","secondary",NA,NA
"Callithrix marcai","mass","Body_Mass","g",335.61,335.61,4,1,0,FALSE,"Wilman","secondary",NA,NA
"Callithrix mauesi","mass","Body_Mass","g",443.79,443.79,4,1,0,FALSE,"Wilman","secondary",NA,NA
"Callithrix melanura","mass","Body_Mass","g",335.61,335.61,4,1,0,FALSE,"Wilman","secondary",NA,NA
"Callithrix nigriceps","mass","Body_Mass","g",401.12,401.12,4,1,0,FALSE,"Wilman","secondary",NA,NA
"Callithrix penicillata","mass","Body_Mass","g",324.278,328,7,4,0,FALSE,"Burger; Isler; Powell; Wilman","secondary",NA,NA
"Callithrix pygmaea","mass","Body_Mass","g",120.889,120,24,11,3,TRUE,"10.1002%2Fcne.24349_Table3.tsv; Burger; Genoud; Granatosky; Isler; Powell; Seymour; Stephan; Stephan_collection; Wilman; Zilles","primary; secondary",NA,NA
"Callithrix saterei","mass","Body_Mass","g",441.25,441.25,4,1,0,FALSE,"Wilman","secondary",NA,NA
"Callorhinus ursinus","mass","Body_Mass","g",52000,52000,10,5,1,TRUE,"10.1002%2Fcne.24349_Table3.tsv; Burger; Genoud; Heffner; Wilman","primary; secondary",NA,NA
"Callosciurus adamsi","mass","Body_Mass","g",134.5,134.5,4,1,0,FALSE,"Wilman","secondary",NA,NA
"Callosciurus albescens","mass","Body_Mass","g",220.89,220.89,4,1,0,FALSE,"Wilman","secondary",NA,NA
"Callosciurus baluensis","mass","Body_Mass","g",356,356,4,1,0,FALSE,"Wilman","secondary",NA,NA
"Callosciurus caniceps","mass","Body_Mass","g",248.5,248.5,5,2,0,FALSE,"Burger; Wilman","secondary",NA,NA
"Callosciurus erythraeus","mass","Body_Mass","g",280,280,4,1,0,FALSE,"Wilman","secondary",NA,NA
"Callosciurus finlaysonii","mass","Body_Mass","g",278,278,4,1,0,FALSE,"Wilman","secondary",NA,NA
"Callosciurus inornatus","mass","Body_Mass","g",325,325,4,1,0,FALSE,"Wilman","secondary",NA,NA
"Callosciurus melanogaster","mass","Body_Mass","g",278,278,4,1,0,FALSE,"Wilman","secondary",NA,NA
"Callosciurus nigrovittatus","mass","Body_Mass","g",202,202,5,2,0,FALSE,"Burger; Wilman","secondary",NA,NA
"Callosciurus notatus","mass","Body_Mass","g",203.5,203.5,5,2,0,FALSE,"Burger; Wilman","secondary",NA,NA
"Callosciurus orestes","mass","Body_Mass","g",278,278,4,1,0,FALSE,"Wilman","secondary",NA,NA
"Callosciurus phayrei","mass","Body_Mass","g",269,269,4,1,0,FALSE,"Wilman","secondary",NA,NA
"Callosciurus prevostii","mass","Body_Mass","g",400.23,400.23,5,2,0,FALSE,"Burger; Wilman","secondary",NA,NA
"Callosciurus pygerythrus","mass","Body_Mass","g",252,252,4,1,0,FALSE,"Wilman","secondary",NA,NA
"Callosciurus quinquestriatus","mass","Body_Mass","g",207.77,207.77,4,1,0,FALSE,"Wilman","secondary",NA,NA
"Calomys boliviae","mass","Body_Mass","g",27,27,4,1,0,FALSE,"Wilman","secondary",NA,NA
"Calomys callidus","mass","Body_Mass","g",27,27,4,1,0,FALSE,"Wilman","secondary",NA,NA
"Calomys callosus","mass","Body_Mass","g",46.475,46.475,5,2,0,FALSE,"Genoud; Wilman","secondary",NA,NA
"Calomys expulsus","mass","Body_Mass","g",39.86,39.86,4,1,0,FALSE,"Wilman","secondary",NA,NA
"Calomys hummelincki","mass","Body_Mass","g",27,27,4,1,0,FALSE,"Wilman","secondary",NA,NA
"Calomys laucha","mass","Body_Mass","g",14,14,4,1,0,FALSE,"Wilman","secondary",NA,NA
"Calomys lepidus","mass","Body_Mass","g",21.3,21.3,5,2,0,FALSE,"Genoud; Wilman","secondary",NA,NA
"Calomys musculinus","mass","Body_Mass","g",18,17,6,3,0,FALSE,"Genoud; Ruf; Wilman","secondary",NA,NA
"Calomys sorellus","mass","Body_Mass","g",20,20,4,1,0,FALSE,"Wilman","secondary",NA,NA
"Calomys tener","mass","Body_Mass","g",13.8,13.8,4,1,0,FALSE,"Wilman","secondary",NA,NA
"Calomys tocantinsi","mass","Body_Mass","g",25.3,25.3,4,1,0,FALSE,"Wilman","secondary",NA,NA
"Calomys venustus","mass","Body_Mass","g",49.61,49.5,6,3,0,FALSE,"Genoud; Ruf; Wilman","secondary",NA,NA
"Calomyscus bailwardi","mass","Body_Mass","g",20.4,20.4,4,1,0,FALSE,"Wilman","secondary",NA,NA
"Calomyscus baluchi","mass","Body_Mass","g",21.39,21.39,4,1,0,FALSE,"Wilman","secondary",NA,NA
"Calomyscus elburzensis","mass","Body_Mass","g",18.62,18.62,4,1,0,FALSE,"Wilman","secondary",NA,NA
"Calomyscus grandis","mass","Body_Mass","g",18.62,18.62,4,1,0,FALSE,"Wilman","secondary",NA,NA
"Calomyscus hotsoni","mass","Body_Mass","g",21.42,21.42,4,1,0,FALSE,"Wilman","secondary",NA,NA
"Calomyscus mystax","mass","Body_Mass","g",17,17,4,1,0,FALSE,"Wilman","secondary",NA,NA
"Calomyscus tsolovi","mass","Body_Mass","g",21.43,21.43,4,1,0,FALSE,"Wilman","secondary",NA,NA
"Calomyscus urartensis","mass","Body_Mass","g",21.22,21.22,4,1,0,FALSE,"Wilman","secondary",NA,NA
"Caloprymnus campestris","mass","Body_Mass","g",900,900,4,1,0,FALSE,"Wilman","secondary",NA,NA
"Caluromys derbianus","mass","Body_Mass","g",324,318,6,3,0,FALSE,"Burger; Genoud; Wilman","secondary",NA,NA
"Caluromys lanatus","mass","Body_Mass","g",354.5,354.5,5,2,0,FALSE,"Burger; Wilman","secondary",NA,NA
"Caluromys philander","mass","Body_Mass","g",208.555,208.875,7,4,0,FALSE,"Burger; Genoud; Wilman; Wimberly","secondary",NA,NA
"Caluromysiops irrupta","mass","Body_Mass","g",250,250,4,1,0,FALSE,"Wilman","secondary",NA,NA
"Calypte anna","mass","Body_Mass","g",3.4,3.4,4,1,0,FALSE,"Ruf","secondary",NA,NA
"Calypte costae","mass","Body_Mass","g",3.2,3.2,4,1,0,FALSE,"Ruf","secondary",NA,NA
"Calyptophractus retusus","mass","Body_Mass","g",129.99,129.99,4,1,0,FALSE,"Wilman","secondary",NA,NA
"Camelus","mass","Body_Mass","g",570000,570000,4,1,1,TRUE,"Heffner","primary",NA,NA
"Camelus bactrianus","mass","Body_Mass","g",548171.97,554515.91,6,3,0,FALSE,"Burger; Wilman; Wimberly","secondary",NA,NA
"Camelus dromedarius","mass","Body_Mass","g",488822.894,492714.47,9,5,0,FALSE,"Burger; Garwicz; Genoud; Wilman; Wimberly","secondary",NA,NA
"Canis adustus","mass","Body_Mass","g",8202.455,8202.455,5,2,0,FALSE,"Burger; Wilman","secondary",NA,NA
"Canis aureus","mass","Body_Mass","g",9498.41,10345.23,6,3,0,FALSE,"Burger; Wilman; Wimberly","secondary",NA,NA
"Canis latrans","mass","Body_Mass","g",11016.582,10450,8,4,0,FALSE,"Burger; Genoud; Lewitus; Wilman","secondary",NA,NA
"Canis lupus","mass","Body_Mass","g",32206.833,31641.665,17,4,0,FALSE,"Burger; Genoud; Wilman; Wimberly","secondary",NA,NA
"Canis lupus familiaris","mass","Body_Mass","g",11000,11000,5,2,1,TRUE,"Garwicz; Heffner","primary; secondary",NA,NA
"Canis mesomelas","mass","Body_Mass","g",8073.34,8000,6,3,0,FALSE,"Burger; Genoud; Wilman","secondary",NA,NA
"Canis simensis","mass","Body_Mass","g",10000,10000,4,1,0,FALSE,"Wilman","secondary",NA,NA
"Cannomys badius","mass","Body_Mass","g",497,497,5,2,0,FALSE,"Genoud; Wilman","secondary",NA,NA
"Cansumys canus","mass","Body_Mass","g",76.02,76.02,4,1,0,FALSE,"Wilman","secondary",NA,NA
"Caperea marginata","mass","Body_Mass","g",3.2e+07,3.2e+07,4,1,0,FALSE,"Wilman","secondary",NA,NA
"Capra aegagrus","mass","Body_Mass","g",47386.47,47386.47,4,1,0,FALSE,"Wimberly","secondary",NA,NA
"Capra caucasica","mass","Body_Mass","g",55000,55000,4,1,0,FALSE,"Wilman","secondary",NA,NA
"Capra falconeri","mass","Body_Mass","g",41000,41000,4,1,0,FALSE,"Wilman","secondary",NA,NA
"Capra hircus","mass","Body_Mass","g",80000,80000,10,4,1,TRUE,"Burger; Genoud; Heffner; Wilman","primary; secondary",NA,NA
"Capra hircus domestica","mass","Body_Mass","g",38111.111,38111.111,4,1,0,FALSE,"Lewitus","secondary",NA,NA
"Capra ibex","mass","Body_Mass","g",85166.51,85166.51,4,1,0,FALSE,"Wilman","secondary",NA,NA
"Capra nubiana","mass","Body_Mass","g",62624.84,62624.84,4,1,0,FALSE,"Wilman","secondary",NA,NA
"Capra pyrenaica","mass","Body_Mass","g",50000,50000,4,1,0,FALSE,"Wilman","secondary",NA,NA
"Capra sibirica","mass","Body_Mass","g",130000,130000,4,1,0,FALSE,"Wilman","secondary",NA,NA
"Capra walie","mass","Body_Mass","g",1e+05,1e+05,4,1,0,FALSE,"Wilman","secondary",NA,NA
"Capreolus capreolus","mass","Body_Mass","g",20590.667,21800,7,3,0,FALSE,"Burger; Genoud; Wilman","secondary",NA,NA
"Capreolus pygargus","mass","Body_Mass","g",43752.21,43752.21,4,1,0,FALSE,"Wilman","secondary",NA,NA
"Capricornis crispus","mass","Body_Mass","g",43030.64,43030.64,4,1,0,FALSE,"Wilman","secondary",NA,NA
"Capricornis milneedwardsii","mass","Body_Mass","g",69093.52,69093.52,4,1,0,FALSE,"Wilman","secondary",NA,NA
"Capricornis rubidus","mass","Body_Mass","g",69093.52,69093.52,4,1,0,FALSE,"Wilman","secondary",NA,NA
"Capricornis sumatraensis","mass","Body_Mass","g",110942.22,110942.22,4,1,0,FALSE,"Wilman","secondary",NA,NA
"Capricornis swinhoei","mass","Body_Mass","g",69093.52,69093.52,4,1,0,FALSE,"Wilman","secondary",NA,NA
"Capricornis thar","mass","Body_Mass","g",69093.52,69093.52,4,1,0,FALSE,"Wilman","secondary",NA,NA
"Caprimulgus europaeus","mass","Body_Mass","g",70,70,4,1,0,FALSE,"Ruf","secondary",NA,NA
"Caprimulgus guttatus (argus)","mass","Body_Mass","g",75,75,4,1,0,FALSE,"Ruf","secondary",NA,NA
"Caprimulgus tristigma","mass","Body_Mass","g",73,73,4,1,0,FALSE,"Ruf","secondary",NA,NA
"Caprimulgus vociferus","mass","Body_Mass","g",55,55,4,1,0,FALSE,"Ruf","secondary",NA,NA
"Caprolagus hispidus","mass","Body_Mass","g",2497,2497,4,1,0,FALSE,"Wilman","secondary",NA,NA
"Capromys gundlachianus","mass","Body_Mass","g",5650,5650,4,1,0,FALSE,"Wilman","secondary",NA,NA
"Capromys pilorides","mass","Body_Mass","g",4140,4140,5,2,0,FALSE,"Genoud; Wilman","secondary",NA,NA
"Caracal caracal","mass","Body_Mass","g",12667.478,12674.955,8,4,0,FALSE,"10.1002%2Fcne.24349_Table3.tsv; Burger; Wilman; Wimberly","secondary",NA,NA
"Cardiocranius paradoxus","mass","Body_Mass","g",8.6,8.6,4,1,0,FALSE,"Wilman","secondary",NA,NA
"Cardioderma cor","mass","Body_Mass","g",26.67,26.67,5,2,0,FALSE,"Burger; Wilman","secondary",NA,NA
"Carlito syrichta","mass","Body_Mass","g",127,127,6,1,0,FALSE,"Granatosky","secondary",NA,NA
"Carollia brevicauda","mass","Body_Mass","g",14.4,14.4,4,1,0,FALSE,"Wilman","secondary",NA,NA
"Carollia castanea","mass","Body_Mass","g",12.91,12.91,5,2,0,FALSE,"Burger; Wilman","secondary",NA,NA
"Carollia colombiana","mass","Body_Mass","g",15.47,15.47,4,1,0,FALSE,"Wilman","secondary",NA,NA
"Carollia perspicillata","mass","Body_Mass","g",17.271,17.535,10,4,0,FALSE,"Burger; Genoud; Ruf; Wilman","secondary",NA,NA
"Carollia sowelli","mass","Body_Mass","g",16.5,16.5,4,1,0,FALSE,"Wilman","secondary",NA,NA
"Carollia subrufa","mass","Body_Mass","g",15.59,15.59,4,1,0,FALSE,"Wilman","secondary",NA,NA
"Carpitalpa arendsi","mass","Body_Mass","g",52.34,52.34,4,1,0,FALSE,"Wilman","secondary",NA,NA
"Carpomys melanurus","mass","Body_Mass","g",219.06,219.06,4,1,0,FALSE,"Wilman","secondary",NA,NA
"Carpomys phaeurus","mass","Body_Mass","g",215.15,215.15,4,1,0,FALSE,"Wilman","secondary",NA,NA
"Carterodon sulcidens","mass","Body_Mass","g",113.8,113.8,4,1,0,FALSE,"Wilman","secondary",NA,NA
"Caryomys eva","mass","Body_Mass","g",47.71,47.71,4,1,0,FALSE,"Wilman","secondary",NA,NA
"Caryomys inez","mass","Body_Mass","g",47.71,47.71,4,1,0,FALSE,"Wilman","secondary",NA,NA
"Casinycteris argynnis","mass","Body_Mass","g",30.285,30.285,5,2,0,FALSE,"Burger; Wilman","secondary",NA,NA
"Castor canadensis","mass","Body_Mass","g",13000,13000,10,6,1,TRUE,"Burger; Genoud; Heffner; Lewitus; Wilman; Wimberly","primary; secondary",NA,NA
"Castor fiber","mass","Body_Mass","g",17971.689,17971.689,5,2,0,FALSE,"Burger; Wilman","secondary",NA,NA
"Catagonus wagneri","mass","Body_Mass","g",35566.41,35566.41,4,1,0,FALSE,"Wilman","secondary",NA,NA
"Catopuma badia","mass","Body_Mass","g",2500,2500,4,1,0,FALSE,"Wilman","secondary",NA,NA
"Catopuma temminckii","mass","Body_Mass","g",7860,7860,5,2,0,FALSE,"Burger; Wilman","secondary",NA,NA
"Cavia aperea","mass","Body_Mass","g",600,600,6,3,1,TRUE,"Burger; Heffner; Wilman","primary; secondary",NA,NA
"Cavia fulgida","mass","Body_Mass","g",282.5,282.5,4,1,0,FALSE,"Wilman","secondary",NA,NA
"Cavia intermedia","mass","Body_Mass","g",578.88,578.88,4,1,0,FALSE,"Wilman","secondary",NA,NA
"Cavia magna","mass","Body_Mass","g",502,502,5,2,0,FALSE,"Genoud; Wilman","secondary",NA,NA
"Cavia porcellus","mass","Body_Mass","g",618.607,612.82,13,6,0,FALSE,"Burger; Garwicz; Genoud; HerculanoHouzel; MacLarnon; Wilman","secondary",NA,NA
"Cavia tschudii","mass","Body_Mass","g",1000,1000,4,1,0,FALSE,"Wilman","secondary",NA,NA
"Cebus albifrons","mass","Body_Mass","g",3040,3040,21,8,2,TRUE,"Burger; Isler; Lewitus; Powell; Stephan; Stephan_collection; Wilman; Zilles","primary; secondary",NA,NA
"Cebus apella group","mass","Body_Mass","g",2633.642,2633.642,221,1,0,FALSE,"Isler","secondary",NA,NA
"Cebus capucinus","mass","Body_Mass","g",2708.615,2797.16,12,6,0,FALSE,"Burger; Granatosky; Isler; Powell; Wilman; Wimberly","secondary",NA,NA
"Cebus capucinus group","mass","Body_Mass","g",2845.415,2845.415,56,1,0,FALSE,"Isler","secondary",NA,NA
"Cebus kaapori","mass","Body_Mass","g",3000,3000,4,1,0,FALSE,"Wilman","secondary",NA,NA
"Cebus libidinosus","mass","Body_Mass","g",2455.981,2509.89,7,4,0,FALSE,"Burger; Isler; Powell; Wilman","secondary",NA,NA
"Cebus nigritus","mass","Body_Mass","g",2603.141,2709.022,9,4,0,FALSE,"Burger; Isler; Powell; Wilman","secondary",NA,NA
"Cebus olivaceus","mass","Body_Mass","g",2673.446,2684.5,9,5,0,FALSE,"Burger; Granatosky; Isler; Powell; Wilman","secondary",NA,NA
"Cebus xanthosternos","mass","Body_Mass","g",2433.588,2440.238,7,4,0,FALSE,"Burger; Isler; Powell; Wilman","secondary",NA,NA
"Centronycteris centralis","mass","Body_Mass","g",5,5,4,1,0,FALSE,"Wilman","secondary",NA,NA
"Centronycteris maximiliani","mass","Body_Mass","g",5,5,4,1,0,FALSE,"Wilman","secondary",NA,NA
"Centurio senex","mass","Body_Mass","g",21.22,21.22,4,1,0,FALSE,"Wilman","secondary",NA,NA
"Cephalophus adersi","mass","Body_Mass","g",9249.96,9249.96,4,1,0,FALSE,"Wilman","secondary",NA,NA
"Cephalophus brookei","mass","Body_Mass","g",20863.36,20863.36,4,1,0,FALSE,"Wilman","secondary",NA,NA
"Cephalophus callipygus","mass","Body_Mass","g",18249.88,18249.88,4,1,0,FALSE,"Wilman","secondary",NA,NA
"Cephalophus dorsalis","mass","Body_Mass","g",19999.309,19999.309,5,2,0,FALSE,"Burger; Wilman","secondary",NA,NA
"Cephalophus jentinki","mass","Body_Mass","g",70000.32,70000.32,4,1,0,FALSE,"Wilman","secondary",NA,NA
"Cephalophus leucogaster","mass","Body_Mass","g",12849.945,12849.945,5,2,0,FALSE,"Burger; Wilman","secondary",NA,NA
"Cephalophus natalensis","mass","Body_Mass","g",12408.16,12500,6,3,0,FALSE,"Burger; Wilman; Wimberly","secondary",NA,NA
"Cephalophus niger","mass","Body_Mass","g",20399.99,20399.99,4,1,0,FALSE,"Wilman","secondary",NA,NA
"Cephalophus nigrifrons","mass","Body_Mass","g",13774.925,13774.925,5,2,0,FALSE,"Burger; Wilman","secondary",NA,NA
"Cephalophus ogilbyi","mass","Body_Mass","g",20000,20000,4,1,0,FALSE,"Wilman","secondary",NA,NA
"Cephalophus rufilatus","mass","Body_Mass","g",11999.97,11999.97,4,1,0,FALSE,"Wilman","secondary",NA,NA
"Cephalophus silvicultor","mass","Body_Mass","g",59168.977,62006.6,6,3,0,FALSE,"Burger; Wilman; Wimberly","secondary",NA,NA
"Cephalophus spadix","mass","Body_Mass","g",56000.25,56000.25,4,1,0,FALSE,"Wilman","secondary",NA,NA
"Cephalophus weynsi","mass","Body_Mass","g",17000,17000,4,1,0,FALSE,"Wilman","secondary",NA,NA
"Cephalophus zebra","mass","Body_Mass","g",13750.04,13750.04,5,2,0,FALSE,"Burger; Wilman","secondary",NA,NA
"Cephalorhynchus commersonii","mass","Body_Mass","g",60200,60200,5,2,0,FALSE,"Burger; Wilman","secondary",NA,NA
"Cephalorhynchus eutropia","mass","Body_Mass","g",45000,45000,4,1,0,FALSE,"Wilman","secondary",NA,NA
"Cephalorhynchus heavisidii","mass","Body_Mass","g",55500,55500,5,2,0,FALSE,"Burger; Wilman","secondary",NA,NA
"Cephalorhynchus hectori","mass","Body_Mass","g",50000,50000,4,1,0,FALSE,"Wilman","secondary",NA,NA
"Ceratotherium simum","mass","Body_Mass","g",2211975.247,2285939.43,6,3,0,FALSE,"Burger; Wilman; Wimberly","secondary",NA,NA
"Cercartetus caudatus","mass","Body_Mass","g",27.5,27.5,5,2,0,FALSE,"Burger; Wilman","secondary",NA,NA
"Cercartetus concinnus","mass","Body_Mass","g",17,17,8,5,1,TRUE,"Burger; Genoud; Ruf; Seymour; Wilman","primary; secondary",NA,NA
"Cercartetus lepidus","mass","Body_Mass","g",9.65,9.5,7,4,0,FALSE,"Burger; Genoud; Ruf; Wilman","secondary",NA,NA
"Cercartetus nanus","mass","Body_Mass","g",70,70,9,5,1,TRUE,"Burger; Genoud; Ruf; Seymour; Wilman","primary; secondary",NA,NA
"Cercocebus agilis","mass","Body_Mass","g",6485,6620,7,4,0,FALSE,"Burger; Isler; Wilman; Zilles","secondary",NA,NA
"Cercocebus atys","mass","Body_Mass","g",6200,6200,11,7,1,TRUE,"Burger; Granatosky; Heldstab; Isler; Powell; RillingInsel; Wilman","primary; secondary",NA,NA
"Cercocebus chrysogaster","mass","Body_Mass","g",12000,12000,4,1,0,FALSE,"Wilman","secondary",NA,NA
"Cercocebus galeritus","mass","Body_Mass","g",6601.255,7435,7,4,0,FALSE,"Burger; Isler; Powell; Wilman","secondary",NA,NA
"Cercocebus sanjei","mass","Body_Mass","g",8000,8000,4,1,0,FALSE,"Wilman","secondary",NA,NA
"Cercocebus torquatus","mass","Body_Mass","g",6343.328,6571.25,10,6,0,FALSE,"Burger; Genoud; Isler; MacLarnon; Powell; Wilman","secondary",NA,NA
"Cercopithecus aethiops","mass","Body_Mass","g",4173.5,4173.5,5,1,0,FALSE,"MacLarnon","secondary",NA,NA
"Cercopithecus albogularis","mass","Body_Mass","g",5305.778,5619.835,9,3,0,FALSE,"Burger; Isler; Wilman","secondary",NA,NA
"Cercopithecus ascanius","mass","Body_Mass","g",3425,3425,20,8,2,TRUE,"10.1002%2Fcne.24349_Table3.tsv; Burger; Granatosky; Isler; Powell; Stephan; Stephan_collection; Wilman","primary; secondary",NA,NA
"Cercopithecus campbelli","mass","Body_Mass","g",3273.085,3600,8,5,0,FALSE,"Burger; Granatosky; Isler; Powell; Wilman","secondary",NA,NA
"Cercopithecus campbelli lowei","mass","Body_Mass","g",2848.5,2848.5,6,2,0,FALSE,"Granatosky; Powell","secondary",NA,NA
"Cercopithecus cephus","mass","Body_Mass","g",3364.577,3496.655,7,4,0,FALSE,"Burger; Isler; Powell; Wilman","secondary",NA,NA
"Cercopithecus cephus group","mass","Body_Mass","g",3802.912,3802.912,37,1,0,FALSE,"Isler","secondary",NA,NA
"Cercopithecus denti","mass","Body_Mass","g",4500,4500,4,1,0,FALSE,"Wilman","secondary",NA,NA
"Cercopithecus diana","mass","Body_Mass","g",3900,3900,9,6,1,TRUE,"Burger; Granatosky; Heldstab; Isler; Powell; Wilman","primary; secondary",NA,NA
"Cercopithecus doggetti","mass","Body_Mass","g",5663.944,6350,6,3,0,FALSE,"Burger; Isler; Wilman","secondary",NA,NA
"Cercopithecus dryas","mass","Body_Mass","g",3075,3075,4,1,0,FALSE,"Wilman","secondary",NA,NA
"Cercopithecus erythrogaster","mass","Body_Mass","g",2700,2700,5,2,0,FALSE,"Powell; Wilman","secondary",NA,NA
"Cercopithecus erythrotis","mass","Body_Mass","g",3472.777,3250,6,3,0,FALSE,"Burger; Isler; Wilman","secondary",NA,NA
"Cercopithecus hamlyni","mass","Body_Mass","g",2097,2097,7,4,1,TRUE,"Burger; Heldstab; Isler; Wilman","primary; secondary",NA,NA
"Cercopithecus lhoesti","mass","Body_Mass","g",3450,3450,8,5,1,TRUE,"Burger; Heldstab; Isler; Powell; Wilman","primary; secondary",NA,NA
"Cercopithecus lowei","mass","Body_Mass","g",3228,3187,6,3,0,FALSE,"Burger; Isler; Wilman","secondary",NA,NA
"Cercopithecus mitis","mass","Body_Mass","g",6860,6350,23,11,3,TRUE,"Burger; Genoud; Granatosky; Isler; Lewitus; Powell; Seymour; Stephan; Stephan_collection; Wilman; Zilles","primary; secondary",NA,NA
"Cercopithecus mitis group","mass","Body_Mass","g",5839.647,5839.647,54,1,0,FALSE,"Isler","secondary",NA,NA
"Cercopithecus mona","mass","Body_Mass","g",3532.082,3459.5,7,4,0,FALSE,"Burger; Isler; Powell; Wilman","secondary",NA,NA
"Cercopithecus mona group","mass","Body_Mass","g",3288.545,3288.545,36,1,0,FALSE,"Isler","secondary",NA,NA
"Cercopithecus neglectus","mass","Body_Mass","g",5740,5740,8,5,1,TRUE,"Burger; Isler; Powell; Seymour; Wilman","primary; secondary",NA,NA
"Cercopithecus neglectus group","mass","Body_Mass","g",6252.75,6252.75,7,1,0,FALSE,"Isler","secondary",NA,NA
"Cercopithecus nictitans","mass","Body_Mass","g",5256.168,5465,8,5,0,FALSE,"Burger; Granatosky; Isler; Powell; Wilman","secondary",NA,NA
"Cercopithecus petaurista","mass","Body_Mass","g",3298.184,3538.667,10,5,0,FALSE,"Burger; Granatosky; Isler; Powell; Wilman","secondary",NA,NA
"Cercopithecus pogonias","mass","Body_Mass","g",3466.24,3580,7,4,0,FALSE,"Burger; Isler; Powell; Wilman","secondary",NA,NA
"Cercopithecus pogonias wolfi","mass","Body_Mass","g",2870,2870,4,1,0,FALSE,"Powell","secondary",NA,NA
"Cercopithecus preussi","mass","Body_Mass","g",5250,5250,4,1,0,FALSE,"Wilman","secondary",NA,NA
"Cercopithecus pygerythrus","mass","Body_Mass","g",4000,4000,4,1,1,TRUE,"Heffner","primary",NA,NA
"Cercopithecus roloway","mass","Body_Mass","g",5500,5500,4,1,0,FALSE,"Wilman","secondary",NA,NA
"Cercopithecus sclateri","mass","Body_Mass","g",3375,3375,4,1,0,FALSE,"Wilman","secondary",NA,NA
"Cercopithecus solatus","mass","Body_Mass","g",6500,6500,4,1,0,FALSE,"Wilman","secondary",NA,NA
"Cercopithecus wolfi","mass","Body_Mass","g",3593.333,3390,6,3,0,FALSE,"Burger; Isler; Wilman","secondary",NA,NA
"Cerdocyon thous","mass","Body_Mass","g",5427.993,5444,6,3,0,FALSE,"Burger; Genoud; Wilman","secondary",NA,NA
"Cervus canadensis","mass","Body_Mass","g",2e+05,2e+05,4,1,0,FALSE,"Garwicz","secondary",NA,NA
"Cervus elaphus","mass","Body_Mass","g",165970.745,182507.925,7,4,0,FALSE,"Burger; Genoud; Wilman; Wimberly","secondary",NA,NA
"Cervus nippon","mass","Body_Mass","g",49500,49500,5,2,0,FALSE,"Burger; Wilman","secondary",NA,NA
"Chaerephon aloysiisabaudiae","mass","Body_Mass","g",14.53,14.53,4,1,0,FALSE,"Wilman","secondary",NA,NA
"Chaerephon ansorgei","mass","Body_Mass","g",16.14,16.14,4,1,0,FALSE,"Wilman","secondary",NA,NA
"Chaerephon bemmeleni","mass","Body_Mass","g",19,19,4,1,0,FALSE,"Wilman","secondary",NA,NA
"Chaerephon bivittatus","mass","Body_Mass","g",15.42,15.42,4,1,0,FALSE,"Wilman","secondary",NA,NA
"Chaerephon bregullae","mass","Body_Mass","g",14.53,14.53,4,1,0,FALSE,"Wilman","secondary",NA,NA
"Chaerephon chapini","mass","Body_Mass","g",10,10,4,1,0,FALSE,"Wilman","secondary",NA,NA
"Chaerephon gallagheri","mass","Body_Mass","g",18.65,18.65,4,1,0,FALSE,"Wilman","secondary",NA,NA
"Chaerephon jobensis","mass","Body_Mass","g",16.695,16.695,5,2,0,FALSE,"Burger; Wilman","secondary",NA,NA
"Chaerephon johorensis","mass","Body_Mass","g",18.65,18.65,4,1,0,FALSE,"Wilman","secondary",NA,NA
"Chaerephon leucogaster","mass","Body_Mass","g",12.5,12.5,4,1,0,FALSE,"Wilman","secondary",NA,NA
"Chaerephon major","mass","Body_Mass","g",14.75,14.75,4,1,0,FALSE,"Wilman","secondary",NA,NA
"Chaerephon nigeriae","mass","Body_Mass","g",19.8,19.8,4,1,0,FALSE,"Wilman","secondary",NA,NA
"Chaerephon plicatus","mass","Body_Mass","g",21.165,21.165,5,2,0,FALSE,"Burger; Wilman","secondary",NA,NA
"Chaerephon russatus","mass","Body_Mass","g",16.98,16.98,4,1,0,FALSE,"Wilman","secondary",NA,NA
"Chaerephon shortridgei","mass","Body_Mass","g",14.53,14.53,4,1,0,FALSE,"Wilman","secondary",NA,NA
"Chaerephon solomonis","mass","Body_Mass","g",14.53,14.53,4,1,0,FALSE,"Wilman","secondary",NA,NA
"Chaerephon tomensis","mass","Body_Mass","g",7.48,7.48,4,1,0,FALSE,"Wilman","secondary",NA,NA
"Chaeropus ecaudatus","mass","Body_Mass","g",200,200,4,1,0,FALSE,"Burger","secondary",NA,NA
"Chaetocauda sichuanensis","mass","Body_Mass","g",31.51,31.51,4,1,0,FALSE,"Wilman","secondary",NA,NA
"Chaetodipus arenarius","mass","Body_Mass","g",23,23,4,1,0,FALSE,"Wilman","secondary",NA,NA
"Chaetodipus artus","mass","Body_Mass","g",21.74,21.74,4,1,0,FALSE,"Wilman","secondary",NA,NA
"Chaetodipus baileyi","mass","Body_Mass","g",28.4,29.1,6,3,0,FALSE,"Burger; Genoud; Wilman","secondary",NA,NA
"Chaetodipus californicus","mass","Body_Mass","g",23.333,22,6,3,0,FALSE,"Burger; Genoud; Wilman","secondary",NA,NA
"Chaetodipus dalquesti","mass","Body_Mass","g",20.31,20.31,4,1,0,FALSE,"Wilman","secondary",NA,NA
"Chaetodipus eremicus","mass","Body_Mass","g",20.31,20.31,4,1,0,FALSE,"Wilman","secondary",NA,NA
"Chaetodipus fallax","mass","Body_Mass","g",19.508,19.525,9,3,0,FALSE,"Burger; Genoud; Wilman","secondary",NA,NA
"Chaetodipus formosus","mass","Body_Mass","g",17.55,18.1,6,3,0,FALSE,"Burger; Genoud; Wilman","secondary",NA,NA
"Chaetodipus goldmani","mass","Body_Mass","g",23,23,4,1,0,FALSE,"Wilman","secondary",NA,NA
"Chaetodipus hispidus","mass","Body_Mass","g",34.95,35.75,7,3,0,FALSE,"Burger; Genoud; Wilman","secondary",NA,NA
"Chaetodipus intermedius","mass","Body_Mass","g",16.475,16.475,6,2,0,FALSE,"Genoud; Wilman","secondary",NA,NA
"Chaetodipus lineatus","mass","Body_Mass","g",23,23,4,1,0,FALSE,"Wilman","secondary",NA,NA
"Chaetodipus nelsoni","mass","Body_Mass","g",15.75,15.75,4,1,0,FALSE,"Wilman","secondary",NA,NA
"Chaetodipus penicillatus","mass","Body_Mass","g",16.38,16.25,6,3,0,FALSE,"Burger; Genoud; Wilman","secondary",NA,NA
"Chaetodipus pernix","mass","Body_Mass","g",17,17,4,1,0,FALSE,"Wilman","secondary",NA,NA
"Chaetodipus rudinoris","mass","Body_Mass","g",20.31,20.31,4,1,0,FALSE,"Wilman","secondary",NA,NA
"Chaetodipus spinatus","mass","Body_Mass","g",17.725,17.725,5,2,0,FALSE,"Burger; Wilman","secondary",NA,NA
"Chaetomys subspinosus","mass","Body_Mass","g",1299.99,1299.99,4,1,0,FALSE,"Wilman","secondary",NA,NA
"Chaetophractus nationi","mass","Body_Mass","g",2150.005,2150.005,5,2,0,FALSE,"Genoud; Wilman","secondary",NA,NA
"Chaetophractus vellerosus","mass","Body_Mass","g",1070.005,1070.005,5,2,0,FALSE,"Genoud; Wilman","secondary",NA,NA
"Chaetophractus villosus","mass","Body_Mass","g",4009.347,4540,6,3,0,FALSE,"Burger; Genoud; Wilman","secondary",NA,NA
"Chalinolobus dwyeri","mass","Body_Mass","g",9.03,9.03,4,1,0,FALSE,"Wilman","secondary",NA,NA
"Chalinolobus gouldii","mass","Body_Mass","g",15.418,15.985,7,4,0,FALSE,"Burger; Genoud; Ruf; Wilman","secondary",NA,NA
"Chalinolobus morio","mass","Body_Mass","g",8.56,8.56,5,2,0,FALSE,"Burger; Wilman","secondary",NA,NA
"Chalinolobus neocaledonicus","mass","Body_Mass","g",8.71,8.71,4,1,0,FALSE,"Wilman","secondary",NA,NA
"Chalinolobus nigrogriseus","mass","Body_Mass","g",8.8,8.8,4,1,0,FALSE,"Wilman","secondary",NA,NA
"Chalinolobus picatus","mass","Body_Mass","g",5.1,5.1,4,1,0,FALSE,"Wilman","secondary",NA,NA
"Chalinolobus tuberculatus","mass","Body_Mass","g",8.5,8.5,4,1,0,FALSE,"Wilman","secondary",NA,NA
"Cheirogaleus adipicaudatus","mass","Body_Mass","g",312.695,312.695,5,2,0,FALSE,"Burger; Wilman","secondary",NA,NA
"Cheirogaleus crossleyi","mass","Body_Mass","g",392.695,392.695,5,2,0,FALSE,"Ruf; Wilman","secondary",NA,NA
"Cheirogaleus major","mass","Body_Mass","g",450,450,18,8,2,TRUE,"Burger; Granatosky; Isler; Lewitus; Powell; Stephan; Stephan_collection; Wilman","primary; secondary",NA,NA
"Cheirogaleus medius","mass","Body_Mass","g",177,177,23,11,2,TRUE,"Burger; Genoud; Granatosky; Isler; Lewitus; Powell; Ruf; Stephan; Stephan_collection; Wilman; Wimberly","primary; secondary",NA,NA
"Cheirogaleus minusculus","mass","Body_Mass","g",285.39,285.39,4,1,0,FALSE,"Wilman","secondary",NA,NA
"Cheirogaleus ravus","mass","Body_Mass","g",285.39,285.39,4,1,0,FALSE,"Wilman","secondary",NA,NA
"Cheirogaleus sibreei","mass","Body_Mass","g",352.75,352.75,5,2,0,FALSE,"Burger; Wilman","secondary",NA,NA
"Cheiromeles parvidens","mass","Body_Mass","g",163.5,163.5,4,1,0,FALSE,"Wilman","secondary",NA,NA
"Cheiromeles torquatus","mass","Body_Mass","g",166,166,5,2,0,FALSE,"Burger; Wilman","secondary",NA,NA
"Chelemys delfini","mass","Body_Mass","g",61.02,61.02,4,1,0,FALSE,"Wilman","secondary",NA,NA
"Chelemys macronyx","mass","Body_Mass","g",67.65,67.65,5,2,0,FALSE,"Genoud; Wilman","secondary",NA,NA
"Chelemys megalonyx","mass","Body_Mass","g",50.8,50.8,4,1,0,FALSE,"Wilman","secondary",NA,NA
"Chibchanomys orcesi","mass","Body_Mass","g",50,50,4,1,0,FALSE,"Wilman","secondary",NA,NA
"Chibchanomys trichotis","mass","Body_Mass","g",50,50,4,1,0,FALSE,"Wilman","secondary",NA,NA
"Chilomys instans","mass","Body_Mass","g",19,19,4,1,0,FALSE,"Wilman","secondary",NA,NA
"Chilonatalus micropus","mass","Body_Mass","g",2.5,2.5,4,1,0,FALSE,"Wilman","secondary",NA,NA
"Chilonatalus tumidifrons","mass","Body_Mass","g",3.62,3.62,4,1,0,FALSE,"Wilman","secondary",NA,NA
"Chimarrogale hantu","mass","Body_Mass","g",55,55,4,1,0,FALSE,"Wilman","secondary",NA,NA
"Chimarrogale himalayica","mass","Body_Mass","g",34.75,34.75,4,1,0,FALSE,"Wilman","secondary",NA,NA
"Chimarrogale phaeura","mass","Body_Mass","g",31,31,4,1,0,FALSE,"Wilman","secondary",NA,NA
"Chimarrogale platycephalus","mass","Body_Mass","g",36.32,36.32,4,1,0,FALSE,"Wilman","secondary",NA,NA
"Chimarrogale styani","mass","Body_Mass","g",25.8,25.8,4,1,0,FALSE,"Wilman","secondary",NA,NA
"Chimarrogale sumatrana","mass","Body_Mass","g",27.89,27.89,4,1,0,FALSE,"Wilman","secondary",NA,NA
"Chimp I","mass","Body_Mass","g",54200,54200,4,1,1,TRUE,"Weaver","primary",NA,NA
"Chinchilla chinchilla","mass","Body_Mass","g",477.195,477.195,5,2,0,FALSE,"Genoud; Wilman","secondary",NA,NA
"Chinchilla lanigera","mass","Body_Mass","g",403.108,417,9,3,0,FALSE,"Burger; Genoud; Wilman","secondary",NA,NA
"Chinchillula sahamae","mass","Body_Mass","g",169.75,169.75,4,1,0,FALSE,"Wilman","secondary",NA,NA
"Chionomys gud","mass","Body_Mass","g",93.5,93.5,4,1,0,FALSE,"Wilman","secondary",NA,NA
"Chionomys nivalis","mass","Body_Mass","g",45.75,45.75,5,2,0,FALSE,"Genoud; Wilman","secondary",NA,NA
"Chionomys roberti","mass","Body_Mass","g",93.5,93.5,4,1,0,FALSE,"Wilman","secondary",NA,NA
"Chiroderma doriae","mass","Body_Mass","g",19.9,19.9,5,2,0,FALSE,"Genoud; Wilman","secondary",NA,NA
"Chiroderma improvisum","mass","Body_Mass","g",35,35,4,1,0,FALSE,"Wilman","secondary",NA,NA
"Chiroderma salvini","mass","Body_Mass","g",24.91,24.91,5,2,0,FALSE,"Burger; Wilman","secondary",NA,NA
"Chiroderma trinitatum","mass","Body_Mass","g",13.69,13.69,5,2,0,FALSE,"Burger; Wilman","secondary",NA,NA
"Chiroderma villosum","mass","Body_Mass","g",23.96,23.96,5,2,0,FALSE,"Burger; Wilman","secondary",NA,NA
"Chiromyscus chiropus","mass","Body_Mass","g",77.8,77.8,4,1,0,FALSE,"Wilman","secondary",NA,NA
"Chironax melanocephalus","mass","Body_Mass","g",17.15,17.15,5,2,0,FALSE,"Burger; Wilman","secondary",NA,NA
"Chironectes minimus","mass","Body_Mass","g",881.483,934.45,7,3,0,FALSE,"Burger; Genoud; Wilman","secondary",NA,NA
"Chiropodomys calamianensis","mass","Body_Mass","g",40.5,40.5,4,1,0,FALSE,"Wilman","secondary",NA,NA
"Chiropodomys gliroides","mass","Body_Mass","g",23.4,23.4,5,2,0,FALSE,"Burger; Wilman","secondary",NA,NA
"Chiropodomys karlkoopmani","mass","Body_Mass","g",29.1,29.1,4,1,0,FALSE,"Wilman","secondary",NA,NA
"Chiropodomys major","mass","Body_Mass","g",42,42,4,1,0,FALSE,"Wilman","secondary",NA,NA
"Chiropodomys muroides","mass","Body_Mass","g",16.4,16.4,4,1,0,FALSE,"Wilman","secondary",NA,NA
"Chiropodomys pusillus","mass","Body_Mass","g",28.9,28.9,4,1,0,FALSE,"Wilman","secondary",NA,NA
"Chiropotes albinasus","mass","Body_Mass","g",2873.255,2873.255,5,2,0,FALSE,"Powell; Wilman","secondary",NA,NA
"Chiropotes chiropotes","mass","Body_Mass","g",2748.238,2740,7,4,0,FALSE,"Burger; Isler; Powell; Wilman","secondary",NA,NA
"Chiropotes israelita","mass","Body_Mass","g",2499.104,2274,6,3,0,FALSE,"Burger; Isler; Wilman","secondary",NA,NA
"Chiropotes satanas","mass","Body_Mass","g",3011.452,3030,8,5,0,FALSE,"Burger; Isler; Powell; Wilman; Wimberly","secondary",NA,NA
"Chiropotes utahickae","mass","Body_Mass","g",2949.58,2949.58,4,1,0,FALSE,"Wilman","secondary",NA,NA
"Chiruromys forbesi","mass","Body_Mass","g",105.15,105.15,4,1,0,FALSE,"Wilman","secondary",NA,NA
"Chiruromys lamia","mass","Body_Mass","g",47.2,47.2,4,1,0,FALSE,"Wilman","secondary",NA,NA
"Chiruromys vates","mass","Body_Mass","g",45.55,45.55,4,1,0,FALSE,"Wilman","secondary",NA,NA
"Chlamyphorus truncatus","mass","Body_Mass","g",44.3,44.3,4,1,0,FALSE,"Wilman","secondary",NA,NA
"Chlorocebus aethiops","mass","Body_Mass","g",3620,3620,10,6,1,TRUE,"Burger; Granatosky; Isler; Powell; Seymour; Wilman","primary; secondary",NA,NA
"Chlorocebus cynosuros","mass","Body_Mass","g",3956.5,3956.5,5,2,0,FALSE,"Burger; Wilman","secondary",NA,NA
"Chlorocebus djamdjamensis","mass","Body_Mass","g",6000,6000,4,1,0,FALSE,"Wilman","secondary",NA,NA
"Chlorocebus pygerythrus","mass","Body_Mass","g",4534.345,4323.523,13,5,0,FALSE,"10.1002%2Fcne.24349_Table3.tsv; Burger; Isler; Powell; Wilman","secondary",NA,NA
"Chlorocebus sabaeus","mass","Body_Mass","g",4329.2,4311.9,7,4,0,FALSE,"Burger; Isler; Powell; Wilman","secondary",NA,NA
"Chlorocebus tantalus","mass","Body_Mass","g",4993,4993,4,1,0,FALSE,"Wilman","secondary",NA,NA
"Chlorotalpa duthieae","mass","Body_Mass","g",49.7,49.7,4,1,0,FALSE,"Wilman","secondary",NA,NA
"Chlorotalpa sclateri","mass","Body_Mass","g",41,41,4,1,0,FALSE,"Wilman","secondary",NA,NA
"Chodsigoa caovansunga","mass","Body_Mass","g",5.49,5.49,4,1,0,FALSE,"Wilman","secondary",NA,NA
"Chodsigoa hypsibia","mass","Body_Mass","g",5.49,5.49,4,1,0,FALSE,"Wilman","secondary",NA,NA
"Chodsigoa lamula","mass","Body_Mass","g",5.49,5.49,4,1,0,FALSE,"Wilman","secondary",NA,NA
"Chodsigoa parca","mass","Body_Mass","g",5.49,5.49,4,1,0,FALSE,"Wilman","secondary",NA,NA
"Chodsigoa parva","mass","Body_Mass","g",5.49,5.49,4,1,0,FALSE,"Wilman","secondary",NA,NA
"Chodsigoa salenskii","mass","Body_Mass","g",5.49,5.49,4,1,0,FALSE,"Wilman","secondary",NA,NA
"Chodsigoa smithii","mass","Body_Mass","g",5.49,5.49,4,1,0,FALSE,"Wilman","secondary",NA,NA
"Chodsigoa sodalis","mass","Body_Mass","g",5.49,5.49,4,1,0,FALSE,"Wilman","secondary",NA,NA
"Choeroniscus godmani","mass","Body_Mass","g",8.033,7.9,6,3,0,FALSE,"Burger; Genoud; Wilman","secondary",NA,NA
"Choeroniscus minor","mass","Body_Mass","g",9.165,9.165,5,2,0,FALSE,"Burger; Wilman","secondary",NA,NA
"Choeroniscus periosus","mass","Body_Mass","g",11.57,11.57,4,1,0,FALSE,"Wilman","secondary",NA,NA
"Choeronycteris mexicana","mass","Body_Mass","g",16.6,16.6,4,1,0,FALSE,"Wilman","secondary",NA,NA
"Choloepus didactylus","mass","Body_Mass","g",5781.625,5705,7,4,0,FALSE,"Burger; Lewitus; Wilman; Wimberly","secondary",NA,NA
"Choloepus hoffmanni","mass","Body_Mass","g",4602.67,4750.01,7,3,0,FALSE,"Burger; Genoud; Wilman","secondary",NA,NA
"Chordeiles acutipennis","mass","Body_Mass","g",50,50,4,1,0,FALSE,"Ruf","secondary",NA,NA
"Chordeiles minor","mass","Body_Mass","g",73,73,4,1,0,FALSE,"Ruf","secondary",NA,NA
"Chrotogale owstoni","mass","Body_Mass","g",3250,3250,4,1,0,FALSE,"Wilman","secondary",NA,NA
"Chrotomys gonzalesi","mass","Body_Mass","g",140.2,140.2,4,1,0,FALSE,"Wilman","secondary",NA,NA
"Chrotomys mindorensis","mass","Body_Mass","g",151.98,151.98,4,1,0,FALSE,"Wilman","secondary",NA,NA
"Chrotomys silaceus","mass","Body_Mass","g",85.13,85.13,4,1,0,FALSE,"Wilman","secondary",NA,NA
"Chrotomys whiteheadi","mass","Body_Mass","g",140.67,140.67,4,1,0,FALSE,"Wilman","secondary",NA,NA
"Chrotopterus auritus","mass","Body_Mass","g",86.987,87,6,3,0,FALSE,"Burger; Genoud; Wilman","secondary",NA,NA
"Chrysochloris asiatica","mass","Body_Mass","g",49,49,9,4,1,TRUE,"Burger; Genoud; Stephan_collection; Wilman","primary; secondary",NA,NA
"Chrysochloris stuhlmanni","mass","Body_Mass","g",39.8,39.8,9,3,1,TRUE,"Burger; Stephan_collection; Wilman","primary; secondary",NA,NA
"Chrysochloris visagiei","mass","Body_Mass","g",30,30,4,1,0,FALSE,"Wilman","secondary",NA,NA
"Chrysocyon brachyurus","mass","Body_Mass","g",22833.28,23249.84,6,3,0,FALSE,"Burger; Wilman; Wimberly","secondary",NA,NA
"Chrysospalax trevelyani","mass","Body_Mass","g",426.5,426.5,4,1,0,FALSE,"Wilman","secondary",NA,NA
"Chrysospalax villosus","mass","Body_Mass","g",119.88,119.88,4,1,0,FALSE,"Wilman","secondary",NA,NA
"Chrysuronia oenone","mass","Body_Mass","g",5,5,4,1,0,FALSE,"Ruf","secondary",NA,NA
"Cistugo lesueuri","mass","Body_Mass","g",7.26,7.26,4,1,0,FALSE,"Wilman","secondary",NA,NA
"Cistugo seabrae","mass","Body_Mass","g",8.35,8.35,4,1,0,FALSE,"Wilman","secondary",NA,NA
"Civettictis civetta","mass","Body_Mass","g",11624.985,11624.985,5,2,0,FALSE,"Burger; Wilman","secondary",NA,NA
"Cloeotis percivali","mass","Body_Mass","g",4.05,4.05,4,1,0,FALSE,"Wilman","secondary",NA,NA
"Clyomys bishopi","mass","Body_Mass","g",30,30,4,1,0,FALSE,"Wilman","secondary",NA,NA
"Clyomys laticeps","mass","Body_Mass","g",201,201,5,2,0,FALSE,"Burger; Wilman","secondary",NA,NA
"Clytolaema rubricauda","mass","Body_Mass","g",7.7,7.7,4,1,0,FALSE,"Ruf","secondary",NA,NA
"Coccymys albidens","mass","Body_Mass","g",40.4,40.4,4,1,0,FALSE,"Wilman","secondary",NA,NA
"Coccymys ruemmleri","mass","Body_Mass","g",29.7,29.7,4,1,0,FALSE,"Wilman","secondary",NA,NA
"Coelops frithii","mass","Body_Mass","g",7.52,7.52,4,1,0,FALSE,"Wilman","secondary",NA,NA
"Coelops robinsoni","mass","Body_Mass","g",6.5,6.5,4,1,0,FALSE,"Wilman","secondary",NA,NA
"Coendou bicolor","mass","Body_Mass","g",4050.05,4050.05,4,1,0,FALSE,"Wilman","secondary",NA,NA
"Coendou nycthemera","mass","Body_Mass","g",2999.98,2999.98,4,1,0,FALSE,"Wilman","secondary",NA,NA
"Coendou prehensilis","mass","Body_Mass","g",4026.657,4399.97,6,3,0,FALSE,"Burger; Genoud; Wilman","secondary",NA,NA
"Coendou rothschildi","mass","Body_Mass","g",2000,2000,5,2,0,FALSE,"Burger; Wilman","secondary",NA,NA
"Coleura afra","mass","Body_Mass","g",11.085,11.085,5,2,0,FALSE,"Burger; Wilman","secondary",NA,NA
"Coleura seychellensis","mass","Body_Mass","g",10.57,10.57,4,1,0,FALSE,"Wilman","secondary",NA,NA
"Colius castanotus","mass","Body_Mass","g",58,58,4,1,0,FALSE,"Ruf","secondary",NA,NA
"Colius colius","mass","Body_Mass","g",35,35,4,1,0,FALSE,"Ruf","secondary",NA,NA
"Colius striatus","mass","Body_Mass","g",51,51,4,1,0,FALSE,"Ruf","secondary",NA,NA
"Colobus angolensis","mass","Body_Mass","g",9079,9670,8,5,0,FALSE,"Burger; Isler; Powell; Wilman; Zilles","secondary",NA,NA
"Colobus angolensis palliatus","mass","Body_Mass","g",8959.5,8959.5,6,1,0,FALSE,"Granatosky","secondary",NA,NA
"Colobus guereza","mass","Body_Mass","g",7503,7503,16,7,1,TRUE,"Burger; Genoud; Granatosky; Heldstab; Isler; Powell; Wilman","primary; secondary",NA,NA
"Colobus polykomos","mass","Body_Mass","g",8617.561,9061.5,8,5,0,FALSE,"Burger; Granatosky; Isler; Powell; Wilman","secondary",NA,NA
"Colobus polykomos group","mass","Body_Mass","g",7848.1,7848.1,23,1,0,FALSE,"Isler","secondary",NA,NA
"Colobus satanas","mass","Body_Mass","g",8910,8910,8,5,1,TRUE,"Burger; Isler; Powell; Seymour; Wilman","primary; secondary",NA,NA
"Colobus vellerosus","mass","Body_Mass","g",7648.036,7700.18,9,5,0,FALSE,"Burger; Granatosky; Isler; Powell; Wilman","secondary",NA,NA
"Colomys goslingi","mass","Body_Mass","g",62.5,62.5,4,1,0,FALSE,"Wilman","secondary",NA,NA
"Columba domestica","mass","Body_Mass","g",330.5,330.5,5,1,0,FALSE,"MacLarnon","secondary",NA,NA
"Condylura cristata","mass","Body_Mass","g",56.15,49.75,8,4,0,FALSE,"Burger; Genoud; HerculanoHouzel; Wilman","secondary",NA,NA
"Conepatus chinga","mass","Body_Mass","g",1752.26,1752.26,5,2,0,FALSE,"Burger; Wilman","secondary",NA,NA
"Conepatus humboldtii","mass","Body_Mass","g",811,811,5,2,0,FALSE,"Burger; Wilman","secondary",NA,NA
"Conepatus leuconotus","mass","Body_Mass","g",2755.01,2755.01,5,2,0,FALSE,"Burger; Wilman","secondary",NA,NA
"Conepatus semistriatus","mass","Body_Mass","g",1200,1200,4,1,0,FALSE,"Wilman","secondary",NA,NA
"Congosorex polli","mass","Body_Mass","g",10.3,10.3,4,1,0,FALSE,"Wilman","secondary",NA,NA
"Congosorex verheyeni","mass","Body_Mass","g",9.05,9.05,4,1,0,FALSE,"Wilman","secondary",NA,NA
"Conilurus albipes","mass","Body_Mass","g",200,200,4,1,0,FALSE,"Wilman","secondary",NA,NA
"Conilurus penicillatus","mass","Body_Mass","g",182.9,182.9,5,2,0,FALSE,"Genoud; Wilman","secondary",NA,NA
"Connochaetes gnou","mass","Body_Mass","g",179998.96,179998.96,4,1,0,FALSE,"Wilman","secondary",NA,NA
"Connochaetes taurinus","mass","Body_Mass","g",189774.66,189309.32,8,4,0,FALSE,"Burger; Genoud; Wilman; Wimberly","secondary",NA,NA
"Cormura brevirostris","mass","Body_Mass","g",8.69,8.69,5,2,0,FALSE,"Burger; Wilman","secondary",NA,NA
"Corynorhinus mexicanus","mass","Body_Mass","g",9.71,9.71,4,1,0,FALSE,"Wilman","secondary",NA,NA
"Corynorhinus rafinesquii","mass","Body_Mass","g",9.575,9.575,5,2,0,FALSE,"Ruf; Wilman","secondary",NA,NA
"Corynorhinus townsendii","mass","Body_Mass","g",10.3,10.3,4,1,0,FALSE,"Wilman","secondary",NA,NA
"Coryphomys buehleri","mass","Body_Mass","g",71.33,71.33,4,1,0,FALSE,"Wilman","secondary",NA,NA
"Craseonycteris thonglongyai","mass","Body_Mass","g",2.355,2.355,5,2,0,FALSE,"Burger; Wilman","secondary",NA,NA
"Crateromys australis","mass","Body_Mass","g",445,445,4,1,0,FALSE,"Wilman","secondary",NA,NA
"Crateromys heaneyi","mass","Body_Mass","g",572.22,572.22,4,1,0,FALSE,"Wilman","secondary",NA,NA
"Crateromys paulus","mass","Body_Mass","g",401,401,4,1,0,FALSE,"Wilman","secondary",NA,NA
"Crateromys schadenbergi","mass","Body_Mass","g",1050,1050,4,1,0,FALSE,"Wilman","secondary",NA,NA
"Cratogeomys castanops","mass","Body_Mass","g",266.83,266.83,4,1,0,FALSE,"Wilman","secondary",NA,NA
"Cratogeomys fumosus","mass","Body_Mass","g",393.5,393.5,5,2,0,FALSE,"Burger; Wilman","secondary",NA,NA
"Cratogeomys goldmani","mass","Body_Mass","g",71.51,71.51,4,1,0,FALSE,"Wilman","secondary",NA,NA
"Cratogeomys gymnurus","mass","Body_Mass","g",599.99,599.99,4,1,0,FALSE,"Wilman","secondary",NA,NA
"Cratogeomys merriami","mass","Body_Mass","g",419.99,419.99,4,1,0,FALSE,"Wilman","secondary",NA,NA
"Cratogeomys neglectus","mass","Body_Mass","g",302.48,302.48,4,1,0,FALSE,"Wilman","secondary",NA,NA
"Cratogeomys tylorhinus","mass","Body_Mass","g",403.42,403.42,4,1,0,FALSE,"Wilman","secondary",NA,NA
"Cratogeomys zinseri","mass","Body_Mass","g",150,150,4,1,0,FALSE,"Wilman","secondary",NA,NA
"Cremnomys cutchicus","mass","Body_Mass","g",54.9,54.9,5,2,0,FALSE,"Burger; Wilman","secondary",NA,NA
"Cremnomys elvira","mass","Body_Mass","g",77.1,77.1,4,1,0,FALSE,"Wilman","secondary",NA,NA
"Cricetomys ansorgei","mass","Body_Mass","g",1285.41,1285.41,4,1,0,FALSE,"Wilman","secondary",NA,NA
"Cricetomys emini","mass","Body_Mass","g",1299.99,1299.99,4,1,0,FALSE,"Wilman","secondary",NA,NA
"Cricetomys gambianus","mass","Body_Mass","g",1430.633,1271,6,3,0,FALSE,"Burger; Genoud; Wilman","secondary",NA,NA
"Cricetomys kivuensis","mass","Body_Mass","g",1285.41,1285.41,4,1,0,FALSE,"Wilman","secondary",NA,NA
"Cricetulus alticola","mass","Body_Mass","g",37.67,37.67,4,1,0,FALSE,"Wilman","secondary",NA,NA
"Cricetulus barabensis","mass","Body_Mass","g",27.921,29.89,14,3,0,FALSE,"Burger; Genoud; Wilman","secondary",NA,NA
"Cricetulus kamensis","mass","Body_Mass","g",37.65,37.65,4,1,0,FALSE,"Wilman","secondary",NA,NA
"Cricetulus longicaudatus","mass","Body_Mass","g",22.1,22.1,4,1,0,FALSE,"Wilman","secondary",NA,NA
"Cricetulus migratorius","mass","Body_Mass","g",34.6,34.6,6,2,0,FALSE,"Genoud; Wilman","secondary",NA,NA
"Cricetulus sokolovi","mass","Body_Mass","g",37.67,37.67,4,1,0,FALSE,"Wilman","secondary",NA,NA
"Cricetus auratus","mass","Body_Mass","g",500,500,4,1,1,TRUE,"Heffner","primary",NA,NA
"Cricetus cricetus","mass","Body_Mass","g",389.04,374.58,11,4,0,FALSE,"Burger; Genoud; Ruf; Wilman","secondary",NA,NA
"Cro-Magnon","mass","Body_Mass","g",67550,67550,4,1,1,TRUE,"Weaver","primary",NA,NA
"Crocidura aleksandrisi","mass","Body_Mass","g",10.35,10.35,4,1,0,FALSE,"Wilman","secondary",NA,NA
"Crocidura allex","mass","Body_Mass","g",10.35,10.35,4,1,0,FALSE,"Wilman","secondary",NA,NA
"Crocidura andamanensis","mass","Body_Mass","g",10.35,10.35,4,1,0,FALSE,"Wilman","secondary",NA,NA
"Crocidura ansellorum","mass","Body_Mass","g",10.35,10.35,4,1,0,FALSE,"Wilman","secondary",NA,NA
"Crocidura arabica","mass","Body_Mass","g",5.86,5.86,4,1,0,FALSE,"Wilman","secondary",NA,NA
"Crocidura arispa","mass","Body_Mass","g",10.42,10.42,4,1,0,FALSE,"Wilman","secondary",NA,NA
"Crocidura armenica","mass","Body_Mass","g",10.35,10.35,4,1,0,FALSE,"Wilman","secondary",NA,NA
"Crocidura attenuata","mass","Body_Mass","g",14.27,14.27,4,1,0,FALSE,"Wilman","secondary",NA,NA
"Crocidura attila","mass","Body_Mass","g",10.35,10.35,4,1,0,FALSE,"Wilman","secondary",NA,NA
"Crocidura baileyi","mass","Body_Mass","g",10.35,10.35,4,1,0,FALSE,"Wilman","secondary",NA,NA
"Crocidura baluensis","mass","Body_Mass","g",16.9,16.9,4,1,0,FALSE,"Wilman","secondary",NA,NA
"Crocidura batesi","mass","Body_Mass","g",15.5,15.5,4,1,0,FALSE,"Wilman","secondary",NA,NA
"Crocidura beatus","mass","Body_Mass","g",10.55,10.55,4,1,0,FALSE,"Wilman","secondary",NA,NA
"Crocidura beccarii","mass","Body_Mass","g",10.35,10.35,4,1,0,FALSE,"Wilman","secondary",NA,NA
"Crocidura bottegi","mass","Body_Mass","g",3.5,3.5,4,1,0,FALSE,"Wilman","secondary",NA,NA
"Crocidura bottegoides","mass","Body_Mass","g",3.07,3.07,4,1,0,FALSE,"Wilman","secondary",NA,NA
"Crocidura brunnea","mass","Body_Mass","g",10.42,10.42,4,1,0,FALSE,"Wilman","secondary",NA,NA
"Crocidura buettikoferi","mass","Body_Mass","g",10.35,10.35,4,1,0,FALSE,"Wilman","secondary",NA,NA
"Crocidura caliginea","mass","Body_Mass","g",10.35,10.35,4,1,0,FALSE,"Wilman","secondary",NA,NA
"Crocidura canariensis","mass","Body_Mass","g",7.5,7.5,4,1,0,FALSE,"Wilman","secondary",NA,NA
"Crocidura caspica","mass","Body_Mass","g",10.42,10.42,4,1,0,FALSE,"Wilman","secondary",NA,NA
"Crocidura cinderella","mass","Body_Mass","g",10.35,10.35,4,1,0,FALSE,"Wilman","secondary",NA,NA
"Crocidura congobelgica","mass","Body_Mass","g",10.35,10.35,4,1,0,FALSE,"Wilman","secondary",NA,NA
"Crocidura crenata","mass","Body_Mass","g",6.52,6.52,4,1,0,FALSE,"Wilman","secondary",NA,NA
"Crocidura crossei","mass","Body_Mass","g",6.9,6.9,4,1,0,FALSE,"Wilman","secondary",NA,NA
"Crocidura cyanea","mass","Body_Mass","g",9.35,9.35,4,1,0,FALSE,"Wilman","secondary",NA,NA
"Crocidura denti","mass","Body_Mass","g",7,7,4,1,0,FALSE,"Wilman","secondary",NA,NA
"Crocidura desperata","mass","Body_Mass","g",10.35,10.35,4,1,0,FALSE,"Wilman","secondary",NA,NA
"Crocidura dhofarensis","mass","Body_Mass","g",5.8,5.8,4,1,0,FALSE,"Wilman","secondary",NA,NA
"Crocidura dolichura","mass","Body_Mass","g",5.7,5.7,4,1,0,FALSE,"Wilman","secondary",NA,NA
"Crocidura douceti","mass","Body_Mass","g",4.3,4.3,4,1,0,FALSE,"Wilman","secondary",NA,NA
"Crocidura dsinezumi","mass","Body_Mass","g",10.21,10.21,4,1,0,FALSE,"Wilman","secondary",NA,NA
"Crocidura eisentrauti","mass","Body_Mass","g",10.35,10.35,4,1,0,FALSE,"Wilman","secondary",NA,NA
"Crocidura elgonius","mass","Body_Mass","g",6.5,6.5,4,1,0,FALSE,"Wilman","secondary",NA,NA
"Crocidura elongata","mass","Body_Mass","g",17.8,17.8,4,1,0,FALSE,"Wilman","secondary",NA,NA
"Crocidura erica","mass","Body_Mass","g",10.35,10.35,4,1,0,FALSE,"Wilman","secondary",NA,NA
"Crocidura fischeri","mass","Body_Mass","g",10.35,10.35,4,1,0,FALSE,"Wilman","secondary",NA,NA
"Crocidura flavescens","mass","Body_Mass","g",29.02,29.02,11,4,1,TRUE,"Lewitus; Ruf; Stephan_collection; Wilman","primary; secondary",NA,NA
"Crocidura floweri","mass","Body_Mass","g",10.35,10.35,4,1,0,FALSE,"Wilman","secondary",NA,NA
"Crocidura foetida","mass","Body_Mass","g",10.42,10.42,4,1,0,FALSE,"Wilman","secondary",NA,NA
"Crocidura foxi","mass","Body_Mass","g",19,19,4,1,0,FALSE,"Wilman","secondary",NA,NA
"Crocidura fuliginosa","mass","Body_Mass","g",12,12,4,1,0,FALSE,"Wilman","secondary",NA,NA
"Crocidura fulvastra","mass","Body_Mass","g",12.67,12.67,4,1,0,FALSE,"Wilman","secondary",NA,NA
"Crocidura fumosa","mass","Body_Mass","g",14.5,14.5,4,1,0,FALSE,"Wilman","secondary",NA,NA
"Crocidura fuscomurina","mass","Body_Mass","g",4.76,4.76,5,2,0,FALSE,"Burger; Wilman","secondary",NA,NA
"Crocidura glassi","mass","Body_Mass","g",10.35,10.35,4,1,0,FALSE,"Wilman","secondary",NA,NA
"Crocidura gmelini","mass","Body_Mass","g",10.42,10.42,4,1,0,FALSE,"Wilman","secondary",NA,NA
"Crocidura goliath","mass","Body_Mass","g",54.84,54.84,4,1,0,FALSE,"Wilman","secondary",NA,NA
"Crocidura gracilipes","mass","Body_Mass","g",6.7,6.7,4,1,0,FALSE,"Wilman","secondary",NA,NA
"Crocidura grandiceps","mass","Body_Mass","g",23,23,4,1,0,FALSE,"Wilman","secondary",NA,NA
"Crocidura grandis","mass","Body_Mass","g",10.35,10.35,4,1,0,FALSE,"Wilman","secondary",NA,NA
"Crocidura grassei","mass","Body_Mass","g",13.5,13.5,4,1,0,FALSE,"Wilman","secondary",NA,NA
"Crocidura grayi","mass","Body_Mass","g",10.3,10.3,4,1,0,FALSE,"Wilman","secondary",NA,NA
"Crocidura greenwoodi","mass","Body_Mass","g",10.35,10.35,4,1,0,FALSE,"Wilman","secondary",NA,NA
"Crocidura harenna","mass","Body_Mass","g",8.5,8.5,4,1,0,FALSE,"Wilman","secondary",NA,NA
"Crocidura hildegardeae","mass","Body_Mass","g",9.75,9.75,5,2,0,FALSE,"Genoud; Wilman","secondary",NA,NA
"Crocidura hilliana","mass","Body_Mass","g",10.42,10.42,4,1,0,FALSE,"Wilman","secondary",NA,NA
"Crocidura hirta","mass","Body_Mass","g",15.8,15.8,4,1,0,FALSE,"Wilman","secondary",NA,NA
"Crocidura hispida","mass","Body_Mass","g",10.35,10.35,4,1,0,FALSE,"Wilman","secondary",NA,NA
"Crocidura horsfieldii","mass","Body_Mass","g",5,5,4,1,0,FALSE,"Wilman","secondary",NA,NA
"Crocidura hutanis","mass","Body_Mass","g",10.42,10.42,4,1,0,FALSE,"Wilman","secondary",NA,NA
"Crocidura ichnusae","mass","Body_Mass","g",10.35,10.35,4,1,0,FALSE,"Wilman","secondary",NA,NA
"Crocidura indochinensis","mass","Body_Mass","g",10.42,10.42,4,1,0,FALSE,"Wilman","secondary",NA,NA
"Crocidura jacksoni","mass","Body_Mass","g",7,7,4,1,0,FALSE,"Wilman","secondary",NA,NA
"Crocidura jenkinsi","mass","Body_Mass","g",12.6,12.6,4,1,0,FALSE,"Wilman","secondary",NA,NA
"Crocidura jouvenetae","mass","Body_Mass","g",9.995,9.995,5,2,0,FALSE,"Genoud; Wilman","secondary",NA,NA
"Crocidura katinka","mass","Body_Mass","g",10.42,10.42,4,1,0,FALSE,"Wilman","secondary",NA,NA
"Crocidura kivuana","mass","Body_Mass","g",9,9,4,1,0,FALSE,"Wilman","secondary",NA,NA
"Crocidura lamottei","mass","Body_Mass","g",20.5,20.5,4,1,0,FALSE,"Wilman","secondary",NA,NA
"Crocidura lanosa","mass","Body_Mass","g",22.6,22.6,4,1,0,FALSE,"Wilman","secondary",NA,NA
"Crocidura lasiura","mass","Body_Mass","g",14.8,14.8,4,1,0,FALSE,"Wilman","secondary",NA,NA
"Crocidura latona","mass","Body_Mass","g",10.35,10.35,4,1,0,FALSE,"Wilman","secondary",NA,NA
"Crocidura lea","mass","Body_Mass","g",6.6,6.6,4,1,0,FALSE,"Wilman","secondary",NA,NA
"Crocidura lepidura","mass","Body_Mass","g",10.42,10.42,4,1,0,FALSE,"Wilman","secondary",NA,NA
"Crocidura leucodon","mass","Body_Mass","g",11.173,11.7,6,3,0,FALSE,"Genoud; Ruf; Wilman","secondary",NA,NA
"Crocidura levicula","mass","Body_Mass","g",1.77,1.77,4,1,0,FALSE,"Wilman","secondary",NA,NA
"Crocidura littoralis","mass","Body_Mass","g",16,16,4,1,0,FALSE,"Wilman","secondary",NA,NA
"Crocidura longipes","mass","Body_Mass","g",19.3,19.3,4,1,0,FALSE,"Wilman","secondary",NA,NA
"Crocidura lucina","mass","Body_Mass","g",10.35,10.35,4,1,0,FALSE,"Wilman","secondary",NA,NA
"Crocidura ludia","mass","Body_Mass","g",5.15,5.15,4,1,0,FALSE,"Wilman","secondary",NA,NA
"Crocidura luna","mass","Body_Mass","g",13.15,13.15,5,2,0,FALSE,"Genoud; Wilman","secondary",NA,NA
"Crocidura lusitania","mass","Body_Mass","g",2,2,4,1,0,FALSE,"Wilman","secondary",NA,NA
"Crocidura macarthuri","mass","Body_Mass","g",10.35,10.35,4,1,0,FALSE,"Wilman","secondary",NA,NA
"Crocidura macmillani","mass","Body_Mass","g",10.35,10.35,4,1,0,FALSE,"Wilman","secondary",NA,NA
"Crocidura macowi","mass","Body_Mass","g",10.35,10.35,4,1,0,FALSE,"Wilman","secondary",NA,NA
"Crocidura malayana","mass","Body_Mass","g",12.7,12.7,4,1,0,FALSE,"Wilman","secondary",NA,NA
"Crocidura manengubae","mass","Body_Mass","g",10.35,10.35,4,1,0,FALSE,"Wilman","secondary",NA,NA
"Crocidura maquassiensis","mass","Body_Mass","g",6,6,4,1,0,FALSE,"Wilman","secondary",NA,NA
"Crocidura mariquensis","mass","Body_Mass","g",11.25,11.25,4,1,0,FALSE,"Wilman","secondary",NA,NA
"Crocidura maurisca","mass","Body_Mass","g",14,14,4,1,0,FALSE,"Wilman","secondary",NA,NA
"Crocidura maxi","mass","Body_Mass","g",7.53,7.53,4,1,0,FALSE,"Wilman","secondary",NA,NA
"Crocidura mindorus","mass","Body_Mass","g",18,18,4,1,0,FALSE,"Wilman","secondary",NA,NA
"Crocidura miya","mass","Body_Mass","g",10.2,10.2,4,1,0,FALSE,"Wilman","secondary",NA,NA
"Crocidura monax","mass","Body_Mass","g",16,16,4,1,0,FALSE,"Wilman","secondary",NA,NA
"Crocidura monticola","mass","Body_Mass","g",6.6,6.6,4,1,0,FALSE,"Wilman","secondary",NA,NA
"Crocidura montis","mass","Body_Mass","g",14.5,14.5,4,1,0,FALSE,"Wilman","secondary",NA,NA
"Crocidura muricauda","mass","Body_Mass","g",10.35,10.35,4,1,0,FALSE,"Wilman","secondary",NA,NA
"Crocidura musseri","mass","Body_Mass","g",10.42,10.42,4,1,0,FALSE,"Wilman","secondary",NA,NA
"Crocidura mutesae","mass","Body_Mass","g",23.91,23.91,4,1,0,FALSE,"Wilman","secondary",NA,NA
"Crocidura nana","mass","Body_Mass","g",10.35,10.35,4,1,0,FALSE,"Wilman","secondary",NA,NA
"Crocidura nanilla","mass","Body_Mass","g",6.5,6.5,4,1,0,FALSE,"Wilman","secondary",NA,NA
"Crocidura negligens","mass","Body_Mass","g",10.42,10.42,4,1,0,FALSE,"Wilman","secondary",NA,NA
"Crocidura negrina","mass","Body_Mass","g",11.33,11.33,4,1,0,FALSE,"Wilman","secondary",NA,NA
"Crocidura nicobarica","mass","Body_Mass","g",28.9,28.9,4,1,0,FALSE,"Wilman","secondary",NA,NA
"Crocidura nigeriae","mass","Body_Mass","g",23,23,4,1,0,FALSE,"Wilman","secondary",NA,NA
"Crocidura nigricans","mass","Body_Mass","g",20,20,4,1,0,FALSE,"Wilman","secondary",NA,NA
"Crocidura nigripes","mass","Body_Mass","g",13.2,13.2,4,1,0,FALSE,"Wilman","secondary",NA,NA
"Crocidura nigrofusca","mass","Body_Mass","g",11.75,11.75,4,1,0,FALSE,"Wilman","secondary",NA,NA
"Crocidura nimbae","mass","Body_Mass","g",15.5,15.5,4,1,0,FALSE,"Wilman","secondary",NA,NA
"Crocidura niobe","mass","Body_Mass","g",16,16,4,1,0,FALSE,"Wilman","secondary",NA,NA
"Crocidura obscurior","mass","Body_Mass","g",10.35,10.35,4,1,0,FALSE,"Wilman","secondary",NA,NA
"Crocidura olivieri","mass","Body_Mass","g",47,47,6,2,0,FALSE,"Genoud; Wilman","secondary",NA,NA
"Crocidura orientalis","mass","Body_Mass","g",15.8,15.8,4,1,0,FALSE,"Wilman","secondary",NA,NA
"Crocidura orii","mass","Body_Mass","g",14.4,14.4,4,1,0,FALSE,"Wilman","secondary",NA,NA
"Crocidura palawanensis","mass","Body_Mass","g",10.35,10.35,4,1,0,FALSE,"Wilman","secondary",NA,NA
"Crocidura paradoxura","mass","Body_Mass","g",8.23,8.23,4,1,0,FALSE,"Wilman","secondary",NA,NA
"Crocidura parvipes","mass","Body_Mass","g",10.35,10.35,4,1,0,FALSE,"Wilman","secondary",NA,NA
"Crocidura pasha","mass","Body_Mass","g",6.5,6.5,4,1,0,FALSE,"Wilman","secondary",NA,NA
"Crocidura pergrisea","mass","Body_Mass","g",10.1,10.1,4,1,0,FALSE,"Wilman","secondary",NA,NA
"Crocidura phaeura","mass","Body_Mass","g",10.35,10.35,4,1,0,FALSE,"Wilman","secondary",NA,NA
"Crocidura picea","mass","Body_Mass","g",10.35,10.35,4,1,0,FALSE,"Wilman","secondary",NA,NA
"Crocidura pitmani","mass","Body_Mass","g",10.35,10.35,4,1,0,FALSE,"Wilman","secondary",NA,NA
"Crocidura planiceps","mass","Body_Mass","g",2.5,2.5,4,1,0,FALSE,"Wilman","secondary",NA,NA
"Crocidura poensis","mass","Body_Mass","g",16.935,16.935,5,2,0,FALSE,"Genoud; Wilman","secondary",NA,NA
"Crocidura polia","mass","Body_Mass","g",10.35,10.35,4,1,0,FALSE,"Wilman","secondary",NA,NA
"Crocidura pullata","mass","Body_Mass","g",10.35,10.35,4,1,0,FALSE,"Wilman","secondary",NA,NA
"Crocidura raineyi","mass","Body_Mass","g",14.5,14.5,4,1,0,FALSE,"Wilman","secondary",NA,NA
"Crocidura ramona","mass","Body_Mass","g",10.42,10.42,4,1,0,FALSE,"Wilman","secondary",NA,NA
"Crocidura rapax","mass","Body_Mass","g",10.42,10.42,4,1,0,FALSE,"Wilman","secondary",NA,NA
"Crocidura religiosa","mass","Body_Mass","g",7,7,4,1,0,FALSE,"Wilman","secondary",NA,NA
"Crocidura rhoditis","mass","Body_Mass","g",14,14,4,1,0,FALSE,"Wilman","secondary",NA,NA
"Crocidura roosevelti","mass","Body_Mass","g",10.35,10.35,4,1,0,FALSE,"Wilman","secondary",NA,NA
"Crocidura russala","mass","Body_Mass","g",11.6,11.6,4,1,0,FALSE,"Lewitus","secondary",NA,NA
"Crocidura russula","mass","Body_Mass","g",11.02,11.02,18,5,1,TRUE,"Burger; Genoud; Ruf; Stephan_collection; Wilman","primary; secondary",NA,NA
"Crocidura selina","mass","Body_Mass","g",10.35,10.35,4,1,0,FALSE,"Wilman","secondary",NA,NA
"Crocidura serezkyensis","mass","Body_Mass","g",10.35,10.35,4,1,0,FALSE,"Wilman","secondary",NA,NA
"Crocidura shantungensis","mass","Body_Mass","g",10.42,10.42,4,1,0,FALSE,"Wilman","secondary",NA,NA
"Crocidura sibirica","mass","Body_Mass","g",10.35,10.35,4,1,0,FALSE,"Wilman","secondary",NA,NA
"Crocidura sicula","mass","Body_Mass","g",6.9,6.9,4,1,0,FALSE,"Wilman","secondary",NA,NA
"Crocidura silacea","mass","Body_Mass","g",8,8,4,1,0,FALSE,"Wilman","secondary",NA,NA
"Crocidura smithii","mass","Body_Mass","g",10.35,10.35,4,1,0,FALSE,"Wilman","secondary",NA,NA
"Crocidura somalica","mass","Body_Mass","g",11.5,11.5,4,1,0,FALSE,"Wilman","secondary",NA,NA
"Crocidura stenocephala","mass","Body_Mass","g",21,21,4,1,0,FALSE,"Wilman","secondary",NA,NA
"Crocidura suaveolens","mass","Body_Mass","g",6.958,7.684,10,3,0,FALSE,"Genoud; Ruf; Wilman","secondary",NA,NA
"Crocidura susiana","mass","Body_Mass","g",10.35,10.35,4,1,0,FALSE,"Wilman","secondary",NA,NA
"Crocidura tanakae","mass","Body_Mass","g",10.42,10.42,4,1,0,FALSE,"Wilman","secondary",NA,NA
"Crocidura tansaniana","mass","Body_Mass","g",10.35,10.35,4,1,0,FALSE,"Wilman","secondary",NA,NA
"Crocidura tarella","mass","Body_Mass","g",10.35,10.35,4,1,0,FALSE,"Wilman","secondary",NA,NA
"Crocidura tarfayensis","mass","Body_Mass","g",6.5,6.5,4,1,0,FALSE,"Wilman","secondary",NA,NA
"Crocidura telfordi","mass","Body_Mass","g",10.35,10.35,4,1,0,FALSE,"Wilman","secondary",NA,NA
"Crocidura tenuis","mass","Body_Mass","g",9.43,9.43,4,1,0,FALSE,"Wilman","secondary",NA,NA
"Crocidura thalia","mass","Body_Mass","g",10.35,10.35,4,1,0,FALSE,"Wilman","secondary",NA,NA
"Crocidura theresae","mass","Body_Mass","g",17.6,17.6,4,1,0,FALSE,"Wilman","secondary",NA,NA
"Crocidura thomensis","mass","Body_Mass","g",10.35,10.35,4,1,0,FALSE,"Wilman","secondary",NA,NA
"Crocidura trichura","mass","Body_Mass","g",10.42,10.42,4,1,0,FALSE,"Wilman","secondary",NA,NA
"Crocidura turba","mass","Body_Mass","g",14.5,14.5,4,1,0,FALSE,"Wilman","secondary",NA,NA
"Crocidura ultima","mass","Body_Mass","g",16,16,4,1,0,FALSE,"Wilman","secondary",NA,NA
"Crocidura usambarae","mass","Body_Mass","g",9.7,9.7,4,1,0,FALSE,"Wilman","secondary",NA,NA
"Crocidura viaria","mass","Body_Mass","g",15.85,15.85,5,2,0,FALSE,"Genoud; Wilman","secondary",NA,NA
"Crocidura virgata","mass","Body_Mass","g",10.42,10.42,4,1,0,FALSE,"Wilman","secondary",NA,NA
"Crocidura voi","mass","Body_Mass","g",10.35,10.35,4,1,0,FALSE,"Wilman","secondary",NA,NA
"Crocidura vorax","mass","Body_Mass","g",10.42,10.42,4,1,0,FALSE,"Wilman","secondary",NA,NA
"Crocidura vosmaeri","mass","Body_Mass","g",10.42,10.42,4,1,0,FALSE,"Wilman","secondary",NA,NA
"Crocidura watasei","mass","Body_Mass","g",10.42,10.42,4,1,0,FALSE,"Wilman","secondary",NA,NA
"Crocidura whitakeri","mass","Body_Mass","g",5.5,5.5,4,1,0,FALSE,"Wilman","secondary",NA,NA
"Crocidura wimmeri","mass","Body_Mass","g",23.5,23.5,4,1,0,FALSE,"Wilman","secondary",NA,NA
"Crocidura wuchihensis","mass","Body_Mass","g",4.3,4.3,4,1,0,FALSE,"Wilman","secondary",NA,NA
"Crocidura xantippe","mass","Body_Mass","g",10.35,10.35,4,1,0,FALSE,"Wilman","secondary",NA,NA
"Crocidura yankariensis","mass","Body_Mass","g",5,5,4,1,0,FALSE,"Wilman","secondary",NA,NA
"Crocidura zaphiri","mass","Body_Mass","g",10.35,10.35,4,1,0,FALSE,"Wilman","secondary",NA,NA
"Crocidura zarudnyi","mass","Body_Mass","g",6.71,6.71,4,1,0,FALSE,"Wilman","secondary",NA,NA
"Crocidura zimmeri","mass","Body_Mass","g",14.5,14.5,4,1,0,FALSE,"Wilman","secondary",NA,NA
"Crocidura zimmermanni","mass","Body_Mass","g",10.35,10.35,4,1,0,FALSE,"Wilman","secondary",NA,NA
"Crocuta crocuta","mass","Body_Mass","g",63808.01,63184.99,7,4,0,FALSE,"Burger; Lewitus; Wilman; Wimberly","secondary",NA,NA
"Crossarchus alexandri","mass","Body_Mass","g",1500,1500,4,1,0,FALSE,"Wilman","secondary",NA,NA
"Crossarchus ansorgei","mass","Body_Mass","g",700,700,4,1,0,FALSE,"Wilman","secondary",NA,NA
"Crossarchus obscurus","mass","Body_Mass","g",1057.5,1057.5,5,2,0,FALSE,"Burger; Wilman","secondary",NA,NA
"Crossarchus platycephalus","mass","Body_Mass","g",1250,1250,4,1,0,FALSE,"Wilman","secondary",NA,NA
"Crossomys moncktoni","mass","Body_Mass","g",165,165,4,1,0,FALSE,"Wilman","secondary",NA,NA
"Crunomys celebensis","mass","Body_Mass","g",55,55,4,1,0,FALSE,"Wilman","secondary",NA,NA
"Crunomys fallax","mass","Body_Mass","g",37.5,37.5,4,1,0,FALSE,"Wilman","secondary",NA,NA
"Crunomys melanius","mass","Body_Mass","g",42.5,42.5,4,1,0,FALSE,"Wilman","secondary",NA,NA
"Crunomys suncoides","mass","Body_Mass","g",44.42,44.42,4,1,0,FALSE,"Wilman","secondary",NA,NA
"Cryptochloris wintoni","mass","Body_Mass","g",25,25,4,1,0,FALSE,"Wilman","secondary",NA,NA
"Cryptochloris zyli","mass","Body_Mass","g",25,25,4,1,0,FALSE,"Wilman","secondary",NA,NA
"Cryptomys amatus","mass","Body_Mass","g",77.02,77.02,5,2,0,FALSE,"Genoud; Wilman","secondary",NA,NA
"Cryptomys bocagei","mass","Body_Mass","g",94.2,94.2,5,2,0,FALSE,"Genoud; Wilman","secondary",NA,NA
"Cryptomys foxi","mass","Body_Mass","g",183.14,183.14,4,1,0,FALSE,"Wilman","secondary",NA,NA
"Cryptomys hottentotus","mass","Body_Mass","g",87.695,90.125,12,4,0,FALSE,"Burger; Genoud; Kverkova; Wilman","secondary",NA,NA
"Cryptomys hottentotus natalensis","mass","Body_Mass","g",99.02,99.02,4,1,0,FALSE,"Kverkova","secondary",NA,NA
"Cryptomys hottentotus pretoriae","mass","Body_Mass","g",104.27,104.27,4,1,0,FALSE,"Kverkova","secondary",NA,NA
"Cryptomys kafuensis","mass","Body_Mass","g",125.41,125.41,4,1,0,FALSE,"Wilman","secondary",NA,NA
"Cryptomys ochraceocinereus","mass","Body_Mass","g",200,200,4,1,0,FALSE,"Wilman","secondary",NA,NA
"Cryptomys zechi","mass","Body_Mass","g",223.06,223.06,4,1,0,FALSE,"Wilman","secondary",NA,NA
"Cryptoprocta ferox","mass","Body_Mass","g",8591.667,9500,6,3,0,FALSE,"Burger; Wilman; Wimberly","secondary",NA,NA
"Cryptotis alticola","mass","Body_Mass","g",7.72,7.72,4,1,0,FALSE,"Wilman","secondary",NA,NA
"Cryptotis brachyonyx","mass","Body_Mass","g",7.72,7.72,4,1,0,FALSE,"Wilman","secondary",NA,NA
"Cryptotis colombiana","mass","Body_Mass","g",7.72,7.72,4,1,0,FALSE,"Wilman","secondary",NA,NA
"Cryptotis endersi","mass","Body_Mass","g",8,8,4,1,0,FALSE,"Wilman","secondary",NA,NA
"Cryptotis equatoris","mass","Body_Mass","g",7.72,7.72,4,1,0,FALSE,"Wilman","secondary",NA,NA
"Cryptotis goldmani","mass","Body_Mass","g",8,8,4,1,0,FALSE,"Wilman","secondary",NA,NA
"Cryptotis goodwini","mass","Body_Mass","g",7,7,4,1,0,FALSE,"Wilman","secondary",NA,NA
"Cryptotis gracilis","mass","Body_Mass","g",7,7,4,1,0,FALSE,"Wilman","secondary",NA,NA
"Cryptotis griseoventris","mass","Body_Mass","g",7.72,7.72,4,1,0,FALSE,"Wilman","secondary",NA,NA
"Cryptotis hondurensis","mass","Body_Mass","g",5,5,4,1,0,FALSE,"Wilman","secondary",NA,NA
"Cryptotis magna","mass","Body_Mass","g",7,7,4,1,0,FALSE,"Wilman","secondary",NA,NA
"Cryptotis mayensis","mass","Body_Mass","g",5,5,4,1,0,FALSE,"Wilman","secondary",NA,NA
"Cryptotis medellinia","mass","Body_Mass","g",7.72,7.72,4,1,0,FALSE,"Wilman","secondary",NA,NA
"Cryptotis mera","mass","Body_Mass","g",7.72,7.72,4,1,0,FALSE,"Wilman","secondary",NA,NA
"Cryptotis meridensis","mass","Body_Mass","g",11.57,11.57,4,1,0,FALSE,"Wilman","secondary",NA,NA
"Cryptotis merriami","mass","Body_Mass","g",7.72,7.72,4,1,0,FALSE,"Wilman","secondary",NA,NA
"Cryptotis mexicana","mass","Body_Mass","g",7,7,4,1,0,FALSE,"Wilman","secondary",NA,NA
"Cryptotis montivaga","mass","Body_Mass","g",11.3,11.3,4,1,0,FALSE,"Wilman","secondary",NA,NA
"Cryptotis nelsoni","mass","Body_Mass","g",7.72,7.72,4,1,0,FALSE,"Wilman","secondary",NA,NA
"Cryptotis nigrescens","mass","Body_Mass","g",7.65,7.65,4,1,0,FALSE,"Wilman","secondary",NA,NA
"Cryptotis obscura","mass","Body_Mass","g",7.72,7.72,4,1,0,FALSE,"Wilman","secondary",NA,NA
"Cryptotis orophila","mass","Body_Mass","g",7.72,7.72,4,1,0,FALSE,"Wilman","secondary",NA,NA
"Cryptotis parva","mass","Body_Mass","g",9.9,9.9,9,4,1,TRUE,"Burger; Finlay; Genoud; Wilman","primary; secondary",NA,NA
"Cryptotis peregrina","mass","Body_Mass","g",7.72,7.72,4,1,0,FALSE,"Wilman","secondary",NA,NA
"Cryptotis peruviensis","mass","Body_Mass","g",7.72,7.72,4,1,0,FALSE,"Wilman","secondary",NA,NA
"Cryptotis phillipsii","mass","Body_Mass","g",7.72,7.72,4,1,0,FALSE,"Wilman","secondary",NA,NA
"Cryptotis squamipes","mass","Body_Mass","g",11,11,4,1,0,FALSE,"Wilman","secondary",NA,NA
"Cryptotis tamensis","mass","Body_Mass","g",7.72,7.72,4,1,0,FALSE,"Wilman","secondary",NA,NA
"Cryptotis thomasi","mass","Body_Mass","g",12.6,12.6,4,1,0,FALSE,"Wilman","secondary",NA,NA
"Cryptotis tropicalis","mass","Body_Mass","g",7.72,7.72,4,1,0,FALSE,"Wilman","secondary",NA,NA
"Ctenodactylus gundi","mass","Body_Mass","g",289,289,4,1,0,FALSE,"Wilman","secondary",NA,NA
"Ctenodactylus vali","mass","Body_Mass","g",175,175,4,1,0,FALSE,"Wilman","secondary",NA,NA
"Ctenomys argentinus","mass","Body_Mass","g",221.3,221.3,4,1,0,FALSE,"Wilman","secondary",NA,NA
"Ctenomys australis","mass","Body_Mass","g",339.2,339.2,6,2,0,FALSE,"Genoud; Wilman","secondary",NA,NA
"Ctenomys azarae","mass","Body_Mass","g",400,400,4,1,0,FALSE,"Wilman","secondary",NA,NA
"Ctenomys bergi","mass","Body_Mass","g",259.74,259.74,4,1,0,FALSE,"Wilman","secondary",NA,NA
"Ctenomys boliviensis","mass","Body_Mass","g",535,535,4,1,0,FALSE,"Wilman","secondary",NA,NA
"Ctenomys bonettoi","mass","Body_Mass","g",202.3,202.3,4,1,0,FALSE,"Wilman","secondary",NA,NA
"Ctenomys brasiliensis","mass","Body_Mass","g",400,400,4,1,0,FALSE,"Wilman","secondary",NA,NA
"Ctenomys budini","mass","Body_Mass","g",259.74,259.74,4,1,0,FALSE,"Wilman","secondary",NA,NA
"Ctenomys colburni","mass","Body_Mass","g",400,400,4,1,0,FALSE,"Wilman","secondary",NA,NA
"Ctenomys coludo","mass","Body_Mass","g",259.74,259.74,4,1,0,FALSE,"Wilman","secondary",NA,NA
"Ctenomys conoveri","mass","Body_Mass","g",860,860,4,1,0,FALSE,"Wilman","secondary",NA,NA
"Ctenomys coyhaiquensis","mass","Body_Mass","g",259.74,259.74,4,1,0,FALSE,"Wilman","secondary",NA,NA
"Ctenomys dorbignyi","mass","Body_Mass","g",259.74,259.74,4,1,0,FALSE,"Wilman","secondary",NA,NA
"Ctenomys dorsalis","mass","Body_Mass","g",165.6,165.6,4,1,0,FALSE,"Wilman","secondary",NA,NA
"Ctenomys emilianus","mass","Body_Mass","g",285.3,285.3,4,1,0,FALSE,"Wilman","secondary",NA,NA
"Ctenomys famosus","mass","Body_Mass","g",259.74,259.74,4,1,0,FALSE,"Wilman","secondary",NA,NA
"Ctenomys flamarioni","mass","Body_Mass","g",259.74,259.74,4,1,0,FALSE,"Wilman","secondary",NA,NA
"Ctenomys fochi","mass","Body_Mass","g",259.74,259.74,4,1,0,FALSE,"Wilman","secondary",NA,NA
"Ctenomys fodax","mass","Body_Mass","g",259.74,259.74,4,1,0,FALSE,"Wilman","secondary",NA,NA
"Ctenomys frater","mass","Body_Mass","g",172.9,172.9,4,1,0,FALSE,"Wilman","secondary",NA,NA
"Ctenomys fulvus","mass","Body_Mass","g",268.5,268.5,5,2,0,FALSE,"Genoud; Wilman","secondary",NA,NA
"Ctenomys goodfellowi","mass","Body_Mass","g",259.74,259.74,4,1,0,FALSE,"Wilman","secondary",NA,NA
"Ctenomys haigi","mass","Body_Mass","g",164,164,4,1,0,FALSE,"Wilman","secondary",NA,NA
"Ctenomys johannis","mass","Body_Mass","g",259.74,259.74,4,1,0,FALSE,"Wilman","secondary",NA,NA
"Ctenomys juris","mass","Body_Mass","g",259.74,259.74,4,1,0,FALSE,"Wilman","secondary",NA,NA
"Ctenomys knighti","mass","Body_Mass","g",316,316,4,1,0,FALSE,"Wilman","secondary",NA,NA
"Ctenomys lami","mass","Body_Mass","g",259.74,259.74,4,1,0,FALSE,"Wilman","secondary",NA,NA
"Ctenomys latro","mass","Body_Mass","g",192,192,4,1,0,FALSE,"Wilman","secondary",NA,NA
"Ctenomys leucodon","mass","Body_Mass","g",243.6,243.6,4,1,0,FALSE,"Wilman","secondary",NA,NA
"Ctenomys lewisi","mass","Body_Mass","g",117.2,117.2,4,1,0,FALSE,"Wilman","secondary",NA,NA
"Ctenomys magellanicus","mass","Body_Mass","g",267.55,267.55,5,2,0,FALSE,"Genoud; Wilman","secondary",NA,NA
"Ctenomys maulinus","mass","Body_Mass","g",215,215,5,2,0,FALSE,"Genoud; Wilman","secondary",NA,NA
"Ctenomys mendocinus","mass","Body_Mass","g",163.05,163.05,4,1,0,FALSE,"Wilman","secondary",NA,NA
"Ctenomys minutus","mass","Body_Mass","g",92,92,4,1,0,FALSE,"Wilman","secondary",NA,NA
"Ctenomys occultus","mass","Body_Mass","g",150,150,4,1,0,FALSE,"Wilman","secondary",NA,NA
"Ctenomys opimus","mass","Body_Mass","g",288.85,288.85,6,2,0,FALSE,"Genoud; Wilman","secondary",NA,NA
"Ctenomys osvaldoreigi","mass","Body_Mass","g",259.74,259.74,4,1,0,FALSE,"Wilman","secondary",NA,NA
"Ctenomys pearsoni","mass","Body_Mass","g",212,212,4,1,0,FALSE,"Wilman","secondary",NA,NA
"Ctenomys perrensi","mass","Body_Mass","g",400,400,4,1,0,FALSE,"Wilman","secondary",NA,NA
"Ctenomys peruanus","mass","Body_Mass","g",490,490,5,2,0,FALSE,"Genoud; Wilman","secondary",NA,NA
"Ctenomys pilarensis","mass","Body_Mass","g",259.74,259.74,4,1,0,FALSE,"Wilman","secondary",NA,NA
"Ctenomys pontifex","mass","Body_Mass","g",400,400,4,1,0,FALSE,"Wilman","secondary",NA,NA
"Ctenomys porteousi","mass","Body_Mass","g",194.05,194.05,5,2,0,FALSE,"Genoud; Wilman","secondary",NA,NA
"Ctenomys pundti","mass","Body_Mass","g",259.74,259.74,4,1,0,FALSE,"Wilman","secondary",NA,NA
"Ctenomys rionegrensis","mass","Body_Mass","g",259.74,259.74,4,1,0,FALSE,"Wilman","secondary",NA,NA
"Ctenomys roigi","mass","Body_Mass","g",259.74,259.74,4,1,0,FALSE,"Wilman","secondary",NA,NA
"Ctenomys saltarius","mass","Body_Mass","g",230,230,4,1,0,FALSE,"Wilman","secondary",NA,NA
"Ctenomys scagliai","mass","Body_Mass","g",259.74,259.74,4,1,0,FALSE,"Wilman","secondary",NA,NA
"Ctenomys sericeus","mass","Body_Mass","g",400,400,4,1,0,FALSE,"Wilman","secondary",NA,NA
"Ctenomys sociabilis","mass","Body_Mass","g",400,400,4,1,0,FALSE,"Wilman","secondary",NA,NA
"Ctenomys steinbachi","mass","Body_Mass","g",385,385,4,1,0,FALSE,"Wilman","secondary",NA,NA
"Ctenomys sylvanus","mass","Body_Mass","g",259.74,259.74,4,1,0,FALSE,"Wilman","secondary",NA,NA
"Ctenomys talarum","mass","Body_Mass","g",128.597,128.597,11,2,0,FALSE,"Genoud; Wilman","secondary",NA,NA
"Ctenomys torquatus","mass","Body_Mass","g",209.5,209.5,4,1,0,FALSE,"Wilman","secondary",NA,NA
"Ctenomys tuconax","mass","Body_Mass","g",287.4,287.4,5,2,0,FALSE,"Genoud; Wilman","secondary",NA,NA
"Ctenomys tucumanus","mass","Body_Mass","g",217,217,4,1,0,FALSE,"Wilman","secondary",NA,NA
"Ctenomys tulduco","mass","Body_Mass","g",259.74,259.74,4,1,0,FALSE,"Wilman","secondary",NA,NA
"Ctenomys validus","mass","Body_Mass","g",232.6,232.6,4,1,0,FALSE,"Wilman","secondary",NA,NA
"Ctenomys viperinus","mass","Body_Mass","g",259.74,259.74,4,1,0,FALSE,"Wilman","secondary",NA,NA
"Ctenomys yolandae","mass","Body_Mass","g",259.74,259.74,4,1,0,FALSE,"Wilman","secondary",NA,NA
"Cuniculus paca","mass","Body_Mass","g",7311.85,8172.55,6,3,0,FALSE,"Burger; Genoud; Wilman","secondary",NA,NA
"Cuniculus taczanowskii","mass","Body_Mass","g",8999.95,8999.95,4,1,0,FALSE,"Wilman","secondary",NA,NA
"Cuon alpinus","mass","Body_Mass","g",14591.11,14173.33,6,3,0,FALSE,"Burger; Wilman; Wimberly","secondary",NA,NA
"Cuscomys ashaninka","mass","Body_Mass","g",910,910,4,1,0,FALSE,"Wilman","secondary",NA,NA
"Cuscomys oblativa","mass","Body_Mass","g",910,910,4,1,0,FALSE,"Wilman","secondary",NA,NA
"Cyclopes didactylus","mass","Body_Mass","g",301.488,296.725,8,4,0,FALSE,"Burger; Genoud; Wilman; Wimberly","secondary",NA,NA
"Cynictis penicillata","mass","Body_Mass","g",678.104,627.303,6,3,0,FALSE,"Burger; Lewitus; Wilman","secondary",NA,NA
"Cynocephalus volans","mass","Body_Mass","g",1275,1275,5,2,0,FALSE,"Lewitus; Wilman","secondary",NA,NA
"Cynogale bennettii","mass","Body_Mass","g",4255,4255,5,2,0,FALSE,"Burger; Wilman","secondary",NA,NA
"Cynomops abrasus","mass","Body_Mass","g",34.345,34.345,5,2,0,FALSE,"Burger; Wilman","secondary",NA,NA
"Cynomops greenhalli","mass","Body_Mass","g",16.685,16.685,5,2,0,FALSE,"Burger; Wilman","secondary",NA,NA
"Cynomops mexicanus","mass","Body_Mass","g",17.21,17.21,4,1,0,FALSE,"Wilman","secondary",NA,NA
"Cynomops paranus","mass","Body_Mass","g",12.16,12.16,4,1,0,FALSE,"Wilman","secondary",NA,NA
"Cynomops planirostris","mass","Body_Mass","g",10.045,10.045,5,2,0,FALSE,"Burger; Wilman","secondary",NA,NA
"Cynomys gunnisoni","mass","Body_Mass","g",783.65,783.65,5,2,0,FALSE,"Burger; Wilman","secondary",NA,NA
"Cynomys leucurus","mass","Body_Mass","g",1143.213,1021.15,6,3,0,FALSE,"Burger; Ruf; Wilman","secondary",NA,NA
"Cynomys ludovicianus","mass","Body_Mass","g",1085.362,1056.15,7,4,0,FALSE,"Burger; Genoud; Ruf; Wilman","secondary",NA,NA
"Cynomys mexicanus","mass","Body_Mass","g",948.995,948.995,5,2,0,FALSE,"Burger; Wilman","secondary",NA,NA
"Cynomys parvidens","mass","Body_Mass","g",758.663,800,6,3,0,FALSE,"Burger; Ruf; Wilman","secondary",NA,NA
"Cynopterus brachyotis","mass","Body_Mass","g",33.553,32.11,6,3,0,FALSE,"Burger; Genoud; Wilman","secondary",NA,NA
"Cynopterus horsfieldii","mass","Body_Mass","g",56.445,56.445,5,2,0,FALSE,"Burger; Wilman","secondary",NA,NA
"Cynopterus luzoniensis","mass","Body_Mass","g",40.3,40.3,4,1,0,FALSE,"Wilman","secondary",NA,NA
"Cynopterus minutus","mass","Body_Mass","g",26.45,26.45,4,1,0,FALSE,"Wilman","secondary",NA,NA
"Cynopterus nusatenggara","mass","Body_Mass","g",36.44,36.44,4,1,0,FALSE,"Wilman","secondary",NA,NA
"Cynopterus sphinx","mass","Body_Mass","g",43.03,43.03,5,2,0,FALSE,"Burger; Wilman","secondary",NA,NA
"Cynopterus titthaecheilus","mass","Body_Mass","g",58.33,58.33,4,1,0,FALSE,"Wilman","secondary",NA,NA
"Cystophora cristata","mass","Body_Mass","g",285586.75,285586.75,5,2,0,FALSE,"Burger; Wilman","secondary",NA,NA
"Cyttarops alecto","mass","Body_Mass","g",5.3,5.3,5,2,0,FALSE,"Burger; Wilman","secondary",NA,NA
"Dacelo novaeguineae","mass","Body_Mass","g",350,350,4,1,0,FALSE,"Ruf","secondary",NA,NA
"Dacnomys millardi","mass","Body_Mass","g",73.99,73.99,4,1,0,FALSE,"Wilman","secondary",NA,NA
"Dactylomys boliviensis","mass","Body_Mass","g",728.8,728.8,4,1,0,FALSE,"Wilman","secondary",NA,NA
"Dactylomys dactylinus","mass","Body_Mass","g",649.99,649.99,4,1,0,FALSE,"Wilman","secondary",NA,NA
"Dactylomys peruanus","mass","Body_Mass","g",382,382,4,1,0,FALSE,"Wilman","secondary",NA,NA
"Dactylopsila megalura","mass","Body_Mass","g",277.74,277.74,4,1,0,FALSE,"Wilman","secondary",NA,NA
"Dactylopsila palpator","mass","Body_Mass","g",416.5,416.5,5,2,0,FALSE,"Burger; Wilman","secondary",NA,NA
"Dactylopsila tatei","mass","Body_Mass","g",252,252,5,2,0,FALSE,"Burger; Wilman","secondary",NA,NA
"Dactylopsila trivirgata","mass","Body_Mass","g",435,435,6,3,1,TRUE,"Burger; Finlay; Wilman","primary; secondary",NA,NA
"Dama dama","mass","Body_Mass","g",44785,44785,5,2,0,FALSE,"Burger; Wilman","secondary",NA,NA
"Damaliscus korrigum","mass","Body_Mass","g",127194.87,127194.87,4,1,0,FALSE,"Wilman","secondary",NA,NA
"Damaliscus lunatus","mass","Body_Mass","g",123500.17,123500.17,5,2,0,FALSE,"Burger; Wilman","secondary",NA,NA
"Damaliscus pygargus","mass","Body_Mass","g",82250,82250,5,2,0,FALSE,"Burger; Wilman","secondary",NA,NA
"Damaliscus pygargus phillipsi","mass","Body_Mass","g",60000,60000,4,1,0,FALSE,"HerculanoHouzel","secondary",NA,NA
"Damaliscus superstes","mass","Body_Mass","g",120837.92,120837.92,4,1,0,FALSE,"Wilman","secondary",NA,NA
"Dasycercus cristicauda","mass","Body_Mass","g",95.95,97.85,9,3,0,FALSE,"Burger; Genoud; Wilman","secondary",NA,NA
"Dasykaluta rosamondae","mass","Body_Mass","g",31.562,31.875,7,4,0,FALSE,"Burger; Genoud; Ruf; Wilman","secondary",NA,NA
"Dasymys alleni","mass","Body_Mass","g",102.35,102.35,4,1,0,FALSE,"Wilman","secondary",NA,NA
"Dasymys cabrali","mass","Body_Mass","g",102.35,102.35,4,1,0,FALSE,"Wilman","secondary",NA,NA
"Dasymys foxi","mass","Body_Mass","g",116.59,116.59,4,1,0,FALSE,"Wilman","secondary",NA,NA
"Dasymys incomtus","mass","Body_Mass","g",138.3,138.3,4,1,0,FALSE,"Wilman","secondary",NA,NA
"Dasymys montanus","mass","Body_Mass","g",82,82,4,1,0,FALSE,"Wilman","secondary",NA,NA
"Dasymys nudipes","mass","Body_Mass","g",100.18,100.18,4,1,0,FALSE,"Wilman","secondary",NA,NA
"Dasymys rufulus","mass","Body_Mass","g",82.99,82.99,4,1,0,FALSE,"Wilman","secondary",NA,NA
"Dasymys rwandae","mass","Body_Mass","g",102.35,102.35,4,1,0,FALSE,"Wilman","secondary",NA,NA
"Dasymys sua","mass","Body_Mass","g",102.35,102.35,4,1,0,FALSE,"Wilman","secondary",NA,NA
"Dasyprocta azarae","mass","Body_Mass","g",3079.495,3079.495,5,2,0,FALSE,"Genoud; Wilman","secondary",NA,NA
"Dasyprocta coibae","mass","Body_Mass","g",2660.13,2660.13,4,1,0,FALSE,"Wilman","secondary",NA,NA
"Dasyprocta cristata","mass","Body_Mass","g",2650.03,2650.03,4,1,0,FALSE,"Wilman","secondary",NA,NA
"Dasyprocta fuliginosa","mass","Body_Mass","g",3500.02,3500.02,4,1,0,FALSE,"Wilman","secondary",NA,NA
"Dasyprocta guamara","mass","Body_Mass","g",2650.03,2650.03,4,1,0,FALSE,"Wilman","secondary",NA,NA
"Dasyprocta kalinowskii","mass","Body_Mass","g",2650.03,2650.03,4,1,0,FALSE,"Wilman","secondary",NA,NA
"Dasyprocta leporina","mass","Body_Mass","g",2961.255,2946.51,7,4,0,FALSE,"Burger; Genoud; Lewitus; Wilman","secondary",NA,NA
"Dasyprocta mexicana","mass","Body_Mass","g",5000,5000,4,1,0,FALSE,"Wilman","secondary",NA,NA
"Dasyprocta punctata","mass","Body_Mass","g",2923.49,2923.49,5,2,0,FALSE,"Burger; Wilman","secondary",NA,NA
"Dasyprocta ruatanica","mass","Body_Mass","g",2857.13,2857.13,4,1,0,FALSE,"Wilman","secondary",NA,NA
"Dasypus hybridus","mass","Body_Mass","g",1500,1500,4,1,0,FALSE,"Wilman","secondary",NA,NA
"Dasypus kappleri","mass","Body_Mass","g",9500,9500,4,1,0,FALSE,"Wilman","secondary",NA,NA
"Dasypus novemcinctus","mass","Body_Mass","g",5000,5000,14,7,1,TRUE,"Burger; Garwicz; Genoud; Heffner; Lewitus; Wilman; Wimberly","primary; secondary",NA,NA
"Dasypus pilosus","mass","Body_Mass","g",4444.98,4444.98,4,1,0,FALSE,"Wilman","secondary",NA,NA
"Dasypus sabanicola","mass","Body_Mass","g",1265.005,1265.005,5,2,0,FALSE,"Genoud; Wilman","secondary",NA,NA
"Dasypus septemcinctus","mass","Body_Mass","g",1526.65,1526.65,4,1,0,FALSE,"Wilman","secondary",NA,NA
"Dasypus yepesi","mass","Body_Mass","g",2785.87,2785.87,4,1,0,FALSE,"Wilman","secondary",NA,NA
"Dasyuroides byrnei","mass","Body_Mass","g",113.103,111.471,13,4,0,FALSE,"Burger; Genoud; Ruf; Wilman","secondary",NA,NA
"Dasyurus albopunctatus","mass","Body_Mass","g",632,632,5,2,0,FALSE,"Burger; Wilman","secondary",NA,NA
"Dasyurus geoffroii","mass","Body_Mass","g",1129.55,1100,8,4,0,FALSE,"Burger; Genoud; Ruf; Wilman","secondary",NA,NA
"Dasyurus hallucatus","mass","Body_Mass","g",750,750,10,5,1,TRUE,"Burger; Finlay; Genoud; Ruf; Wilman","primary; secondary",NA,NA
"Dasyurus maculatus","mass","Body_Mass","g",4093.704,4392.075,9,4,0,FALSE,"Burger; Genoud; Wilman; Wimberly","secondary",NA,NA
"Dasyurus spartacus","mass","Body_Mass","g",686.335,686.335,5,2,0,FALSE,"Burger; Wilman","secondary",NA,NA
"Dasyurus viverrinus","mass","Body_Mass","g",1023.658,1045,9,4,0,FALSE,"Burger; Genoud; Ruf; Wilman","secondary",NA,NA
"Daubentonia madagascarensis","mass","Body_Mass","g",2800,2800,4,1,0,FALSE,"MacLarnon","secondary",NA,NA
"Daubentonia madagascariensis","mass","Body_Mass","g",2800,2800,20,10,2,TRUE,"Burger; Genoud; Granatosky; Isler; Lewitus; Powell; Stephan; Stephan_collection; Wilman; Wimberly","primary; secondary",NA,NA
"Delanymys brooksi","mass","Body_Mass","g",5,5,4,1,0,FALSE,"Wilman","secondary",NA,NA
"Delichon urbicum","mass","Body_Mass","g",22,22,4,1,0,FALSE,"Ruf","secondary",NA,NA
"Delomys collinus","mass","Body_Mass","g",77.94,77.94,4,1,0,FALSE,"Wilman","secondary",NA,NA
"Delomys dorsalis","mass","Body_Mass","g",67.5,67.5,4,1,0,FALSE,"Wilman","secondary",NA,NA
"Delomys sublineatus","mass","Body_Mass","g",90,90,4,1,0,FALSE,"Wilman","secondary",NA,NA
"Delphinapterus leucas","mass","Body_Mass","g",827750,625000,6,3,0,FALSE,"Burger; Genoud; Wilman","secondary",NA,NA
"Delphinus capensis","mass","Body_Mass","g",80000,80000,4,1,0,FALSE,"Wilman","secondary",NA,NA
"Delphinus delphis","mass","Body_Mass","g",75028.987,80000,6,3,0,FALSE,"Burger; Lewitus; Wilman","secondary",NA,NA
"Deltamys kempi","mass","Body_Mass","g",26.4,26.4,4,1,0,FALSE,"Wilman","secondary",NA,NA
"Dendrogale melanura","mass","Body_Mass","g",60,60,4,1,0,FALSE,"Wilman","secondary",NA,NA
"Dendrogale murina","mass","Body_Mass","g",50,50,4,1,0,FALSE,"Wilman","secondary",NA,NA
"Dendrohyrax arboreus","mass","Body_Mass","g",2960.367,2950,6,3,0,FALSE,"Burger; Wilman; Wimberly","secondary",NA,NA
"Dendrohyrax dorsalis","mass","Body_Mass","g",2178.333,2210,6,3,0,FALSE,"Genoud; HerculanoHouzel; Wilman","secondary",NA,NA
"Dendrolagus bennettianus","mass","Body_Mass","g",10950,10950,5,2,0,FALSE,"Burger; Wilman","secondary",NA,NA
"Dendrolagus dorianus","mass","Body_Mass","g",16500,16500,6,3,1,TRUE,"Burger; Seymour; Wilman","primary; secondary",NA,NA
"Dendrolagus goodfellowi","mass","Body_Mass","g",7824.593,7948.78,6,3,0,FALSE,"Burger; Wilman; Wimberly","secondary",NA,NA
"Dendrolagus inustus","mass","Body_Mass","g",13240.625,13240.625,5,2,0,FALSE,"Burger; Wilman","secondary",NA,NA
"Dendrolagus lumholtzi","mass","Body_Mass","g",6972.5,6972.5,5,2,0,FALSE,"Burger; Wilman","secondary",NA,NA
"Dendrolagus matschiei","mass","Body_Mass","g",6960,6960,7,4,1,TRUE,"Burger; Genoud; Seymour; Wilman","primary; secondary",NA,NA
"Dendrolagus mbaiso","mass","Body_Mass","g",9395.06,9395.06,4,1,0,FALSE,"Wilman","secondary",NA,NA
"Dendrolagus pulcherrimus","mass","Body_Mass","g",9511.11,9511.11,4,1,0,FALSE,"Wilman","secondary",NA,NA
"Dendrolagus scottae","mass","Body_Mass","g",10437.5,10437.5,5,2,0,FALSE,"Burger; Wilman","secondary",NA,NA
"Dendrolagus spadix","mass","Body_Mass","g",9100,9100,5,2,0,FALSE,"Burger; Wilman","secondary",NA,NA
"Dendrolagus stellarum","mass","Body_Mass","g",9511.11,9511.11,4,1,0,FALSE,"Wilman","secondary",NA,NA
"Dendrolagus ursinus","mass","Body_Mass","g",10725,10725,5,2,0,FALSE,"Burger; Wilman","secondary",NA,NA
"Dendromus insignis","mass","Body_Mass","g",11.05,11.05,4,1,0,FALSE,"Wilman","secondary",NA,NA
"Dendromus kahuziensis","mass","Body_Mass","g",11,11,4,1,0,FALSE,"Wilman","secondary",NA,NA
"Dendromus leucostomus","mass","Body_Mass","g",10.79,10.79,4,1,0,FALSE,"Wilman","secondary",NA,NA
"Dendromus lovati","mass","Body_Mass","g",12,12,4,1,0,FALSE,"Wilman","secondary",NA,NA
"Dendromus melanotis","mass","Body_Mass","g",9.06,9.06,4,1,0,FALSE,"Wilman","secondary",NA,NA
"Dendromus mesomelas","mass","Body_Mass","g",11.12,11.12,4,1,0,FALSE,"Wilman","secondary",NA,NA
"Dendromus messorius","mass","Body_Mass","g",12.81,12.81,4,1,0,FALSE,"Wilman","secondary",NA,NA
"Dendromus mystacalis","mass","Body_Mass","g",7.72,7.72,4,1,0,FALSE,"Wilman","secondary",NA,NA
"Dendromus nyasae","mass","Body_Mass","g",13.72,13.72,4,1,0,FALSE,"Wilman","secondary",NA,NA
"Dendromus nyikae","mass","Body_Mass","g",15,15,4,1,0,FALSE,"Wilman","secondary",NA,NA
"Dendromus oreas","mass","Body_Mass","g",12.76,12.76,4,1,0,FALSE,"Wilman","secondary",NA,NA
"Dendromus vernayi","mass","Body_Mass","g",12.76,12.76,4,1,0,FALSE,"Wilman","secondary",NA,NA
"Dendroprionomys rousseloti","mass","Body_Mass","g",67.18,67.18,4,1,0,FALSE,"Wilman","secondary",NA,NA
"Deomys ferrugineus","mass","Body_Mass","g",62,62,4,1,0,FALSE,"Wilman","secondary",NA,NA
"Dephomys defua","mass","Body_Mass","g",43.05,43.05,4,1,0,FALSE,"Wilman","secondary",NA,NA
"Dephomys eburneae","mass","Body_Mass","g",52.5,52.5,4,1,0,FALSE,"Wilman","secondary",NA,NA
"Desmana moschata","mass","Body_Mass","g",440,440,9,3,1,TRUE,"Burger; Stephan_collection; Wilman","primary; secondary",NA,NA
"Desmodilliscus braueri","mass","Body_Mass","g",10,10,4,1,0,FALSE,"Wilman","secondary",NA,NA
"Desmodillus auricularis","mass","Body_Mass","g",62.6,62.6,5,2,0,FALSE,"Genoud; Wilman","secondary",NA,NA
"Desmodus rotundus","mass","Body_Mass","g",29.242,30.305,7,4,0,FALSE,"Burger; Genoud; Wilman; Wimberly","secondary",NA,NA
"Desmodus rufus","mass","Body_Mass","g",33,33,4,1,1,TRUE,"Heffner","primary",NA,NA
"Desmomys harringtoni","mass","Body_Mass","g",90,90,4,1,0,FALSE,"Wilman","secondary",NA,NA
"Desmomys yaldeni","mass","Body_Mass","g",90,90,4,1,0,FALSE,"Wilman","secondary",NA,NA
"Diaemus youngi","mass","Body_Mass","g",35.86,36.31,6,3,0,FALSE,"Burger; Genoud; Wilman","secondary",NA,NA
"Dicerorhinus sumatrensis","mass","Body_Mass","g",1266667,1266667,4,1,0,FALSE,"Wilman","secondary",NA,NA
"Diceros bicornis","mass","Body_Mass","g",972980.45,972980.45,5,2,0,FALSE,"Burger; Wilman","secondary",NA,NA
"Diclidurus albus","mass","Body_Mass","g",15.6,15.6,4,1,0,FALSE,"Wilman","secondary",NA,NA
"Diclidurus ingens","mass","Body_Mass","g",123,123,4,1,0,FALSE,"Wilman","secondary",NA,NA
"Diclidurus isabellus","mass","Body_Mass","g",14,14,4,1,0,FALSE,"Wilman","secondary",NA,NA
"Diclidurus scutatus","mass","Body_Mass","g",13.25,13.25,4,1,0,FALSE,"Wilman","secondary",NA,NA
"Dicrostonyx groenlandicus","mass","Body_Mass","g",59.017,54.4,11,3,0,FALSE,"Burger; Genoud; Wilman","secondary",NA,NA
"Dicrostonyx hudsonius","mass","Body_Mass","g",57,57,4,1,0,FALSE,"Wilman","secondary",NA,NA
"Dicrostonyx nelsoni","mass","Body_Mass","g",60.85,60.85,4,1,0,FALSE,"Wilman","secondary",NA,NA
"Dicrostonyx nunatakensis","mass","Body_Mass","g",60.82,60.82,4,1,0,FALSE,"Wilman","secondary",NA,NA
"Dicrostonyx richardsoni","mass","Body_Mass","g",53.55,53.55,5,2,0,FALSE,"Burger; Wilman","secondary",NA,NA
"Dicrostonyx torquatus","mass","Body_Mass","g",75.933,73,6,3,0,FALSE,"Burger; Genoud; Wilman","secondary",NA,NA
"Dicrostonyx unalascensis","mass","Body_Mass","g",60.84,60.84,4,1,0,FALSE,"Wilman","secondary",NA,NA
"Dicrostonyx vinogradovi","mass","Body_Mass","g",60.78,60.78,4,1,0,FALSE,"Wilman","secondary",NA,NA
"Didelphis albiventris","mass","Body_Mass","g",904,904,4,1,0,FALSE,"Wilman","secondary",NA,NA
"Didelphis aurita","mass","Body_Mass","g",1209.995,1209.995,5,2,0,FALSE,"Genoud; Wilman","secondary",NA,NA
"Didelphis imperfecta","mass","Body_Mass","g",1260.04,1260.04,4,1,0,FALSE,"Wilman","secondary",NA,NA
"Didelphis marsupialis","mass","Body_Mass","g",1700,1700,8,4,1,TRUE,"Burger; Finlay; Genoud; Wilman","primary; secondary",NA,NA
"Didelphis pernigra","mass","Body_Mass","g",1260.04,1260.04,4,1,0,FALSE,"Wilman","secondary",NA,NA
"Didelphis virginiana","mass","Body_Mass","g",3700,3700,10,6,1,TRUE,"Burger; Genoud; Heffner; Lewitus; Wilman; Wimberly","primary; secondary",NA,NA
"Dinaromys bogdanovi","mass","Body_Mass","g",56,56,4,1,0,FALSE,"Wilman","secondary",NA,NA
"Dinomys branickii","mass","Body_Mass","g",13250,13250,5,2,0,FALSE,"Burger; Wilman","secondary",NA,NA
"Diomys crumpi","mass","Body_Mass","g",73.85,73.85,4,1,0,FALSE,"Wilman","secondary",NA,NA
"Diphylla ecaudata","mass","Body_Mass","g",29.383,29.3,6,3,0,FALSE,"Burger; Genoud; Wilman","secondary",NA,NA
"Diplogale hosei","mass","Body_Mass","g",3124.89,3124.89,4,1,0,FALSE,"Wilman","secondary",NA,NA
"Diplomesodon pulchellum","mass","Body_Mass","g",11,11,4,1,0,FALSE,"Wilman","secondary",NA,NA
"Diplomys caniceps","mass","Body_Mass","g",394.5,394.5,4,1,0,FALSE,"Wilman","secondary",NA,NA
"Diplomys labilis","mass","Body_Mass","g",227.5,227.5,4,1,0,FALSE,"Wilman","secondary",NA,NA
"Diplomys rufodorsalis","mass","Body_Mass","g",144.8,144.8,4,1,0,FALSE,"Wilman","secondary",NA,NA
"Diplothrix legata","mass","Body_Mass","g",76.52,76.52,4,1,0,FALSE,"Wilman","secondary",NA,NA
"Dipodillus bottai","mass","Body_Mass","g",35.1,35.1,4,1,0,FALSE,"Wilman","secondary",NA,NA
"Dipodillus campestris","mass","Body_Mass","g",32.427,27.58,6,3,0,FALSE,"Burger; Genoud; Wilman","secondary",NA,NA
"Dipodillus dasyurus","mass","Body_Mass","g",25.2,27.5,6,3,0,FALSE,"Burger; Genoud; Wilman","secondary",NA,NA
"Dipodillus harwoodi","mass","Body_Mass","g",23.63,23.63,4,1,0,FALSE,"Wilman","secondary",NA,NA
"Dipodillus jamesi","mass","Body_Mass","g",23.63,23.63,4,1,0,FALSE,"Wilman","secondary",NA,NA
"Dipodillus lowei","mass","Body_Mass","g",34.71,34.71,4,1,0,FALSE,"Wilman","secondary",NA,NA
"Dipodillus mackilligini","mass","Body_Mass","g",34.37,34.37,4,1,0,FALSE,"Wilman","secondary",NA,NA
"Dipodillus maghrebi","mass","Body_Mass","g",23.63,23.63,4,1,0,FALSE,"Wilman","secondary",NA,NA
"Dipodillus rupicola","mass","Body_Mass","g",23.63,23.63,4,1,0,FALSE,"Wilman","secondary",NA,NA
"Dipodillus simoni","mass","Body_Mass","g",17.4,17.4,4,1,0,FALSE,"Wilman","secondary",NA,NA
"Dipodillus somalicus","mass","Body_Mass","g",36.01,36.01,4,1,0,FALSE,"Wilman","secondary",NA,NA
"Dipodillus stigmonyx","mass","Body_Mass","g",35.91,35.91,4,1,0,FALSE,"Wilman","secondary",NA,NA
"Dipodillus zakariai","mass","Body_Mass","g",35.95,35.95,4,1,0,FALSE,"Wilman","secondary",NA,NA
"Dipodomys agilis","mass","Body_Mass","g",59.95,60.6,6,3,0,FALSE,"Burger; Genoud; Wilman","secondary",NA,NA
"Dipodomys californicus","mass","Body_Mass","g",84.96,84.96,4,1,0,FALSE,"Wilman","secondary",NA,NA
"Dipodomys compactus","mass","Body_Mass","g",49.25,49.25,4,1,0,FALSE,"Wilman","secondary",NA,NA
"Dipodomys deserti","mass","Body_Mass","g",109.711,104.5,11,3,0,FALSE,"Burger; Genoud; Wilman","secondary",NA,NA
"Dipodomys elator","mass","Body_Mass","g",77.5,77.5,4,1,0,FALSE,"Wilman","secondary",NA,NA
"Dipodomys gravipes","mass","Body_Mass","g",83.97,83.97,4,1,0,FALSE,"Wilman","secondary",NA,NA
"Dipodomys heermanni","mass","Body_Mass","g",66.983,65.65,6,3,0,FALSE,"Burger; Genoud; Wilman","secondary",NA,NA
"Dipodomys ingens","mass","Body_Mass","g",133.85,133.85,4,1,0,FALSE,"Wilman","secondary",NA,NA
"Dipodomys merriami","mass","Body_Mass","g",39.292,39.4,17,3,0,FALSE,"Burger; Genoud; Wilman","secondary",NA,NA
"Dipodomys microps","mass","Body_Mass","g",57.233,54.6,8,3,0,FALSE,"Burger; Genoud; Wilman","secondary",NA,NA
"Dipodomys nelsoni","mass","Body_Mass","g",88.6,88.6,4,1,0,FALSE,"Wilman","secondary",NA,NA
"Dipodomys nitratoides","mass","Body_Mass","g",40.85,40.85,5,2,0,FALSE,"Genoud; Wilman","secondary",NA,NA
"Dipodomys ordii","mass","Body_Mass","g",55.1,57.1,7,3,0,FALSE,"Burger; Genoud; Wilman","secondary",NA,NA
"Dipodomys panamintinus","mass","Body_Mass","g",70.989,74,8,3,0,FALSE,"Burger; Genoud; Wilman","secondary",NA,NA
"Dipodomys phillipsii","mass","Body_Mass","g",41,41,4,1,0,FALSE,"Wilman","secondary",NA,NA
"Dipodomys simulans","mass","Body_Mass","g",70.36,70.36,4,1,0,FALSE,"Wilman","secondary",NA,NA
"Dipodomys spectabilis","mass","Body_Mass","g",126.81,135.88,6,3,0,FALSE,"Burger; Genoud; Wilman","secondary",NA,NA
"Dipodomys stephensi","mass","Body_Mass","g",69.75,69.75,4,1,0,FALSE,"Wilman","secondary",NA,NA
"Dipodomys venustus","mass","Body_Mass","g",72,72,4,1,0,FALSE,"Wilman","secondary",NA,NA
"Dipus sagitta","mass","Body_Mass","g",82.425,82.425,5,2,0,FALSE,"Genoud; Wilman","secondary",NA,NA
"Distoechurus pennatus","mass","Body_Mass","g",47.05,47.05,5,2,0,FALSE,"Burger; Wilman","secondary",NA,NA
"Dobsonia anderseni","mass","Body_Mass","g",237.495,237.495,5,2,0,FALSE,"Genoud; Wilman","secondary",NA,NA
"Dobsonia beauforti","mass","Body_Mass","g",159.01,159.01,4,1,0,FALSE,"Wilman","secondary",NA,NA
"Dobsonia chapmani","mass","Body_Mass","g",216.03,216.03,4,1,0,FALSE,"Wilman","secondary",NA,NA
"Dobsonia crenulata","mass","Body_Mass","g",218.21,218.21,4,1,0,FALSE,"Wilman","secondary",NA,NA
"Dobsonia emersa","mass","Body_Mass","g",195.5,195.5,4,1,0,FALSE,"Wilman","secondary",NA,NA
"Dobsonia exoleta","mass","Body_Mass","g",249,249,4,1,0,FALSE,"Wilman","secondary",NA,NA
"Dobsonia inermis","mass","Body_Mass","g",149.5,149.5,5,2,0,FALSE,"Burger; Wilman","secondary",NA,NA
"Dobsonia magna","mass","Body_Mass","g",465,465,4,1,0,FALSE,"Wilman","secondary",NA,NA
"Dobsonia minor","mass","Body_Mass","g",79.29,79.29,6,2,0,FALSE,"Genoud; Wilman","secondary",NA,NA
"Dobsonia moluccensis","mass","Body_Mass","g",370.247,381.44,6,3,0,FALSE,"Burger; Genoud; Wilman","secondary",NA,NA
"Dobsonia pannietensis","mass","Body_Mass","g",267.7,267.7,4,1,0,FALSE,"Wilman","secondary",NA,NA
"Dobsonia peronii","mass","Body_Mass","g",226.51,226.51,4,1,0,FALSE,"Wilman","secondary",NA,NA
"Dobsonia praedatrix","mass","Body_Mass","g",186.233,188.68,6,3,0,FALSE,"Burger; Genoud; Wilman","secondary",NA,NA
"Dobsonia viridis","mass","Body_Mass","g",238,238,4,1,0,FALSE,"Wilman","secondary",NA,NA
"Dolichotis patagonum","mass","Body_Mass","g",8000,8000,5,2,0,FALSE,"Burger; Wilman","secondary",NA,NA
"Dolichotis salinicola","mass","Body_Mass","g",1604.333,1600,6,3,0,FALSE,"Burger; Genoud; Wilman","secondary",NA,NA
"Dologale dybowskii","mass","Body_Mass","g",350,350,4,1,0,FALSE,"Wilman","secondary",NA,NA
"Dorcatragus megalotis","mass","Body_Mass","g",10249.91,10249.91,4,1,0,FALSE,"Wilman","secondary",NA,NA
"Dorcopsis atrata","mass","Body_Mass","g",3983.25,3983.25,5,2,0,FALSE,"Burger; Wilman","secondary",NA,NA
"Dorcopsis hageni","mass","Body_Mass","g",5500,5500,5,2,0,FALSE,"Burger; Wilman","secondary",NA,NA
"Dorcopsis luctuosa","mass","Body_Mass","g",6351,6351,5,2,0,FALSE,"Burger; Wilman","secondary",NA,NA
"Dorcopsis muelleri","mass","Body_Mass","g",4325,4325,5,2,0,FALSE,"Burger; Wilman","secondary",NA,NA
"Dorcopsulus macleayi","mass","Body_Mass","g",2988,2988,5,2,0,FALSE,"Burger; Wilman","secondary",NA,NA
"Dorcopsulus vanheurni","mass","Body_Mass","g",1741.125,1741.125,5,2,0,FALSE,"Burger; Wilman","secondary",NA,NA
"Dremomys everetti","mass","Body_Mass","g",147.5,147.5,4,1,0,FALSE,"Wilman","secondary",NA,NA
"Dremomys gularis","mass","Body_Mass","g",190.97,190.97,4,1,0,FALSE,"Wilman","secondary",NA,NA
"Dremomys lokriah","mass","Body_Mass","g",227,227,4,1,0,FALSE,"Wilman","secondary",NA,NA
"Dremomys pernyi","mass","Body_Mass","g",198.63,198.63,4,1,0,FALSE,"Wilman","secondary",NA,NA
"Dremomys pyrrhomerus","mass","Body_Mass","g",167.73,167.73,4,1,0,FALSE,"Wilman","secondary",NA,NA
"Dremomys rufigenis","mass","Body_Mass","g",220,220,5,2,0,FALSE,"Burger; Wilman","secondary",NA,NA
"Drepanoptila holosericea","mass","Body_Mass","g",200,200,4,1,0,FALSE,"Ruf","secondary",NA,NA
"Dromiciops gliroides","mass","Body_Mass","g",29.558,27.867,9,4,0,FALSE,"Burger; Genoud; Ruf; Wilman","secondary",NA,NA
"Dryomys laniger","mass","Body_Mass","g",20,20,4,1,0,FALSE,"Wilman","secondary",NA,NA
"Dryomys niethammeri","mass","Body_Mass","g",25.92,25.92,4,1,0,FALSE,"Wilman","secondary",NA,NA
"Dryomys nitedula","mass","Body_Mass","g",29.35,29.35,5,2,0,FALSE,"Genoud; Wilman","secondary",NA,NA
"Dugong dugon","mass","Body_Mass","g",295500,295500,5,2,0,FALSE,"Burger; Wilman","secondary",NA,NA
"Dusicyon australis","mass","Body_Mass","g",50003.45,50003.45,4,1,0,FALSE,"Wilman","secondary",NA,NA
"Dyacopterus brooksi","mass","Body_Mass","g",78,78,4,1,0,FALSE,"Wilman","secondary",NA,NA
"Dyacopterus spadiceus","mass","Body_Mass","g",78,78,4,1,0,FALSE,"Wilman","secondary",NA,NA
"Dymecodon pilirostris","mass","Body_Mass","g",15.46,15.46,4,1,0,FALSE,"Wilman","secondary",NA,NA
"east-central group","mass","Body_Mass","g",14742,14742,5,1,0,FALSE,"Isler","secondary",NA,NA
"Echimys chrysurus","mass","Body_Mass","g",652.25,652.25,5,2,0,FALSE,"Burger; Wilman","secondary",NA,NA
"Echimys saturnus","mass","Body_Mass","g",626.9,626.9,4,1,0,FALSE,"Wilman","secondary",NA,NA
"Echimys semivillosus","mass","Body_Mass","g",200,200,4,1,0,FALSE,"Wilman","secondary",NA,NA
"Echinoprocta rufescens","mass","Body_Mass","g",831.8,831.8,4,1,0,FALSE,"Wilman","secondary",NA,NA
"Echinops telfairi","mass","Body_Mass","g",87.517,87.5,19,7,3,TRUE,"Burger; Finlay; Genoud; Ruf; Stephan; Stephan_collection; Wilman","primary; secondary",NA,NA
"Echinosorex gymnura","mass","Body_Mass","g",878.333,957,6,3,0,FALSE,"Burger; Genoud; Wilman","secondary",NA,NA
"Echiothrix centrosa","mass","Body_Mass","g",71.33,71.33,4,1,0,FALSE,"Wilman","secondary",NA,NA
"Echiothrix leucura","mass","Body_Mass","g",63.68,63.68,4,1,0,FALSE,"Wilman","secondary",NA,NA
"Echymipera clara","mass","Body_Mass","g",1236.5,1236.5,5,2,0,FALSE,"Burger; Wilman","secondary",NA,NA
"Echymipera davidi","mass","Body_Mass","g",950,950,4,1,0,FALSE,"Wilman","secondary",NA,NA
"Echymipera echinista","mass","Body_Mass","g",1000,1000,4,1,0,FALSE,"Wilman","secondary",NA,NA
"Echymipera kalubu","mass","Body_Mass","g",809.057,782.17,6,3,0,FALSE,"Burger; Genoud; Wilman","secondary",NA,NA
"Echymipera rufescens","mass","Body_Mass","g",1248.667,1100,7,3,0,FALSE,"Burger; Genoud; Wilman","secondary",NA,NA
"Ectophylla alba","mass","Body_Mass","g",5.76,5.76,4,1,0,FALSE,"Wilman","secondary",NA,NA
"Eidolon dupreanum","mass","Body_Mass","g",283.75,283.75,4,1,0,FALSE,"Wilman","secondary",NA,NA
"Eidolon helvum","mass","Body_Mass","g",260.03,260.03,5,2,0,FALSE,"Burger; Wilman","secondary",NA,NA
"Eira barbara","mass","Body_Mass","g",3176.01,2950,6,3,0,FALSE,"Burger; Genoud; Wilman","secondary",NA,NA
"Elaphodus cephalophus","mass","Body_Mass","g",33500,33500,4,1,0,FALSE,"Wilman","secondary",NA,NA
"Elaphurus davidianus","mass","Body_Mass","g",149000,149000,4,1,0,FALSE,"Wilman","secondary",NA,NA
"Elephantulus brachyrhynchus","mass","Body_Mass","g",46.4,46.4,5,2,0,FALSE,"Genoud; Wilman","secondary",NA,NA
"Elephantulus edwardii","mass","Body_Mass","g",47.6,48,6,3,0,FALSE,"Genoud; Ruf; Wilman","secondary",NA,NA
"Elephantulus fuscipes","mass","Body_Mass","g",57,57,10,4,1,TRUE,"Burger; Lewitus; Stephan_collection; Wilman","primary; secondary",NA,NA
"Elephantulus fuscus","mass","Body_Mass","g",52.56,52.56,4,1,0,FALSE,"Wilman","secondary",NA,NA
"Elephantulus intufi","mass","Body_Mass","g",48.515,49.5,6,3,0,FALSE,"Burger; Genoud; Wilman","secondary",NA,NA
"Elephantulus myurus","mass","Body_Mass","g",55.838,55.788,10,6,0,FALSE,"Burger; Garwicz; Genoud; HerculanoHouzel; Ruf; Wilman","secondary",NA,NA
"Elephantulus revoili","mass","Body_Mass","g",32.5,32.5,4,1,0,FALSE,"Wilman","secondary",NA,NA
"Elephantulus rozeti","mass","Body_Mass","g",46.1,45.3,6,3,0,FALSE,"Genoud; Ruf; Wilman","secondary",NA,NA
"Elephantulus rufescens","mass","Body_Mass","g",53.025,53.025,6,2,0,FALSE,"Genoud; Wilman","secondary",NA,NA
"Elephantulus rupestris","mass","Body_Mass","g",62.033,60,6,3,0,FALSE,"Genoud; Ruf; Wilman","secondary",NA,NA
"Elephas maximus","mass","Body_Mass","g",6e+06,6e+06,8,5,1,TRUE,"Burger; Genoud; Heffner; Wilman; Wimberly","primary; secondary",NA,NA
"Eligmodontia moreni","mass","Body_Mass","g",18,18,4,1,0,FALSE,"Wilman","secondary",NA,NA
"Eligmodontia morgani","mass","Body_Mass","g",16.5,16.5,4,1,0,FALSE,"Wilman","secondary",NA,NA
"Eligmodontia puerulus","mass","Body_Mass","g",24.75,24.75,5,2,0,FALSE,"Genoud; Wilman","secondary",NA,NA
"Eligmodontia typus","mass","Body_Mass","g",17.4,17.4,5,2,0,FALSE,"Genoud; Wilman","secondary",NA,NA
"Eliomys melanurus","mass","Body_Mass","g",98.7,98.7,4,1,0,FALSE,"Wilman","secondary",NA,NA
"Eliomys munbyanus","mass","Body_Mass","g",106.54,106.54,4,1,0,FALSE,"Wilman","secondary",NA,NA
"Eliomys quercinus","mass","Body_Mass","g",76.433,70,6,3,0,FALSE,"Genoud; Ruf; Wilman","secondary",NA,NA
"Eliurus antsingy","mass","Body_Mass","g",77.7,77.7,4,1,0,FALSE,"Wilman","secondary",NA,NA
"Eliurus ellermani","mass","Body_Mass","g",100,100,4,1,0,FALSE,"Wilman","secondary",NA,NA
"Eliurus grandidieri","mass","Body_Mass","g",77.7,77.7,4,1,0,FALSE,"Wilman","secondary",NA,NA
"Eliurus majori","mass","Body_Mass","g",100,100,4,1,0,FALSE,"Wilman","secondary",NA,NA
"Eliurus minor","mass","Body_Mass","g",37.5,37.5,4,1,0,FALSE,"Wilman","secondary",NA,NA
"Eliurus myoxinus","mass","Body_Mass","g",70,70,4,1,0,FALSE,"Wilman","secondary",NA,NA
"Eliurus penicillatus","mass","Body_Mass","g",100,100,4,1,0,FALSE,"Wilman","secondary",NA,NA
"Eliurus petteri","mass","Body_Mass","g",75,75,4,1,0,FALSE,"Wilman","secondary",NA,NA
"Eliurus tanala","mass","Body_Mass","g",90,90,4,1,0,FALSE,"Wilman","secondary",NA,NA
"Eliurus webbi","mass","Body_Mass","g",75,75,4,1,0,FALSE,"Wilman","secondary",NA,NA
"Ellobius alaicus","mass","Body_Mass","g",67.61,67.61,4,1,0,FALSE,"Wilman","secondary",NA,NA
"Ellobius fuscocapillus","mass","Body_Mass","g",80,80,4,1,0,FALSE,"Wilman","secondary",NA,NA
"Ellobius lutescens","mass","Body_Mass","g",117.31,117.31,4,1,0,FALSE,"Wilman","secondary",NA,NA
"Ellobius talpinus","mass","Body_Mass","g",40,40,4,1,0,FALSE,"Wilman","secondary",NA,NA
"Ellobius tancrei","mass","Body_Mass","g",67.92,67.92,4,1,0,FALSE,"Wilman","secondary",NA,NA
"Emballonura alecto","mass","Body_Mass","g",5.25,5.25,4,1,0,FALSE,"Wilman","secondary",NA,NA
"Emballonura atrata","mass","Body_Mass","g",4.55,4.55,4,1,0,FALSE,"Wilman","secondary",NA,NA
"Emballonura beccarii","mass","Body_Mass","g",4.2,4.2,4,1,0,FALSE,"Wilman","secondary",NA,NA
"Emballonura dianae","mass","Body_Mass","g",7.97,7.97,4,1,0,FALSE,"Wilman","secondary",NA,NA
"Emballonura furax","mass","Body_Mass","g",11.15,11.15,4,1,0,FALSE,"Wilman","secondary",NA,NA
"Emballonura monticola","mass","Body_Mass","g",5.54,5.54,5,2,0,FALSE,"Burger; Wilman","secondary",NA,NA
"Emballonura raffrayana","mass","Body_Mass","g",5.75,5.75,5,2,0,FALSE,"Burger; Wilman","secondary",NA,NA
"Emballonura semicaudata","mass","Body_Mass","g",6.65,6.65,5,2,0,FALSE,"Burger; Wilman","secondary",NA,NA
"Emballonura serii","mass","Body_Mass","g",5.75,5.75,4,1,0,FALSE,"Wilman","secondary",NA,NA
"Enchisthenes hartii","mass","Body_Mass","g",16.99,16.99,4,1,0,FALSE,"Wilman","secondary",NA,NA
"Enhydra lutris","mass","Body_Mass","g",25736.066,25505.465,9,4,0,FALSE,"Burger; Genoud; Wilman; Wimberly","secondary",NA,NA
"Eoglaucomys fimbriatus","mass","Body_Mass","g",510,510,4,1,0,FALSE,"Wilman","secondary",NA,NA
"Eolagurus luteus","mass","Body_Mass","g",26,26,4,1,0,FALSE,"Wilman","secondary",NA,NA
"Eolagurus przewalskii","mass","Body_Mass","g",28.03,28.03,4,1,0,FALSE,"Wilman","secondary",NA,NA
"Eonycteris major","mass","Body_Mass","g",72.75,72.75,4,1,0,FALSE,"Wilman","secondary",NA,NA
"Eonycteris robusta","mass","Body_Mass","g",78.36,78.36,4,1,0,FALSE,"Wilman","secondary",NA,NA
"Eonycteris spelaea","mass","Body_Mass","g",54.853,54.86,6,3,0,FALSE,"Burger; Genoud; Wilman","secondary",NA,NA
"Eospalax fontanierii","mass","Body_Mass","g",256.76,256.76,4,1,0,FALSE,"Wilman","secondary",NA,NA
"Eospalax rothschildi","mass","Body_Mass","g",256.76,256.76,4,1,0,FALSE,"Wilman","secondary",NA,NA
"Eospalax smithii","mass","Body_Mass","g",256.76,256.76,4,1,0,FALSE,"Wilman","secondary",NA,NA
"Eothenomys cachinus","mass","Body_Mass","g",34.83,34.83,4,1,0,FALSE,"Wilman","secondary",NA,NA
"Eothenomys chinensis","mass","Body_Mass","g",45.3,45.3,4,1,0,FALSE,"Wilman","secondary",NA,NA
"Eothenomys custos","mass","Body_Mass","g",30.8,30.8,4,1,0,FALSE,"Wilman","secondary",NA,NA
"Eothenomys melanogaster","mass","Body_Mass","g",26.6,26.6,6,2,0,FALSE,"Genoud; Wilman","secondary",NA,NA
"Eothenomys miletus","mass","Body_Mass","g",45.532,45.532,11,2,0,FALSE,"Genoud; Wilman","secondary",NA,NA
"Eothenomys olitor","mass","Body_Mass","g",28.13,28.13,5,2,0,FALSE,"Genoud; Wilman","secondary",NA,NA
"Eothenomys proditor","mass","Body_Mass","g",42.5,42.5,4,1,0,FALSE,"Wilman","secondary",NA,NA
"Eothenomys wardi","mass","Body_Mass","g",34.83,34.83,4,1,0,FALSE,"Wilman","secondary",NA,NA
"Eozapus setchuanus","mass","Body_Mass","g",32.58,32.58,4,1,0,FALSE,"Wilman","secondary",NA,NA
"Episoriculus caudatus","mass","Body_Mass","g",6.95,6.95,4,1,0,FALSE,"Wilman","secondary",NA,NA
"Episoriculus fumidus","mass","Body_Mass","g",6.95,6.95,4,1,0,FALSE,"Wilman","secondary",NA,NA
"Episoriculus leucops","mass","Body_Mass","g",6.95,6.95,4,1,0,FALSE,"Wilman","secondary",NA,NA
"Episoriculus macrurus","mass","Body_Mass","g",6.95,6.95,4,1,0,FALSE,"Wilman","secondary",NA,NA
"Epixerus ebii","mass","Body_Mass","g",526,526,5,2,0,FALSE,"Genoud; Wilman","secondary",NA,NA
"Epomophorus angolensis","mass","Body_Mass","g",68.15,68.15,4,1,0,FALSE,"Wilman","secondary",NA,NA
"Epomophorus crypturus","mass","Body_Mass","g",95.04,95.04,4,1,0,FALSE,"Wilman","secondary",NA,NA
"Epomophorus gambianus","mass","Body_Mass","g",218.935,218.935,5,2,0,FALSE,"Burger; Wilman","secondary",NA,NA
"Epomophorus grandis","mass","Body_Mass","g",48.58,48.58,4,1,0,FALSE,"Wilman","secondary",NA,NA
"Epomophorus labiatus","mass","Body_Mass","g",63.525,63.525,5,2,0,FALSE,"Burger; Wilman","secondary",NA,NA
"Epomophorus minimus","mass","Body_Mass","g",68.15,68.15,4,1,0,FALSE,"Wilman","secondary",NA,NA
"Epomophorus minor","mass","Body_Mass","g",44.76,44.76,4,1,0,FALSE,"Wilman","secondary",NA,NA
"Epomophorus wahlbergi","mass","Body_Mass","g",89.419,91.58,8,3,0,FALSE,"Burger; Genoud; Wilman","secondary",NA,NA
"Epomops buettikoferi","mass","Body_Mass","g",133.84,133.84,4,1,0,FALSE,"Wilman","secondary",NA,NA
"Epomops dobsonii","mass","Body_Mass","g",122.08,122.08,4,1,0,FALSE,"Wilman","secondary",NA,NA
"Epomops franqueti","mass","Body_Mass","g",118.59,118.59,5,2,0,FALSE,"Burger; Wilman","secondary",NA,NA
"Eptesicus andinus","mass","Body_Mass","g",10.96,10.96,4,1,0,FALSE,"Wilman","secondary",NA,NA
"Eptesicus bobrinskoi","mass","Body_Mass","g",7.55,7.55,4,1,0,FALSE,"Wilman","secondary",NA,NA
"Eptesicus bottae","mass","Body_Mass","g",14.23,14.23,4,1,0,FALSE,"Wilman","secondary",NA,NA
"Eptesicus brasiliensis","mass","Body_Mass","g",9.25,9.25,5,2,0,FALSE,"Burger; Wilman","secondary",NA,NA
"Eptesicus chiriquinus","mass","Body_Mass","g",11.25,11.25,4,1,0,FALSE,"Wilman","secondary",NA,NA
"Eptesicus diminutus","mass","Body_Mass","g",6,6,4,1,0,FALSE,"Wilman","secondary",NA,NA
"Eptesicus dimissus","mass","Body_Mass","g",14.015,14.015,5,2,0,FALSE,"Burger; Wilman","secondary",NA,NA
"Eptesicus floweri","mass","Body_Mass","g",10.17,10.17,4,1,0,FALSE,"Wilman","secondary",NA,NA
"Eptesicus furinalis","mass","Body_Mass","g",7.67,7.67,5,2,0,FALSE,"Burger; Wilman","secondary",NA,NA
"Eptesicus fuscus","mass","Body_Mass","g",14.353,14.862,14,4,0,FALSE,"Burger; Genoud; Ruf; Wilman","secondary",NA,NA
"Eptesicus gobiensis","mass","Body_Mass","g",10.96,10.96,4,1,0,FALSE,"Wilman","secondary",NA,NA
"Eptesicus guadeloupensis","mass","Body_Mass","g",11.42,11.42,4,1,0,FALSE,"Wilman","secondary",NA,NA
"Eptesicus hottentotus","mass","Body_Mass","g",30,30,4,1,0,FALSE,"Wilman","secondary",NA,NA
"Eptesicus innoxius","mass","Body_Mass","g",8.86,8.86,4,1,0,FALSE,"Wilman","secondary",NA,NA
"Eptesicus japonensis","mass","Body_Mass","g",10.96,10.96,4,1,0,FALSE,"Wilman","secondary",NA,NA
"Eptesicus kobayashii","mass","Body_Mass","g",10.96,10.96,4,1,0,FALSE,"Wilman","secondary",NA,NA
"Eptesicus matroka","mass","Body_Mass","g",6.57,6.57,4,1,0,FALSE,"Wilman","secondary",NA,NA
"Eptesicus nasutus","mass","Body_Mass","g",7.91,7.91,4,1,0,FALSE,"Wilman","secondary",NA,NA
"Eptesicus nilssonii","mass","Body_Mass","g",10.72,10.72,4,1,0,FALSE,"Wilman","secondary",NA,NA
"Eptesicus pachyotis","mass","Body_Mass","g",7.44,7.44,5,2,0,FALSE,"Burger; Wilman","secondary",NA,NA
"Eptesicus platyops","mass","Body_Mass","g",11.42,11.42,4,1,0,FALSE,"Wilman","secondary",NA,NA
"Eptesicus serotinus","mass","Body_Mass","g",24.003,22.86,6,3,0,FALSE,"Burger; Genoud; Wilman","secondary",NA,NA
"Eptesicus tatei","mass","Body_Mass","g",11.42,11.42,4,1,0,FALSE,"Wilman","secondary",NA,NA
"Equus","mass","Body_Mass","g",250000,250000,4,1,1,TRUE,"Heffner","primary",NA,NA
"Equus asinus","mass","Body_Mass","g",198499.435,199499.245,10,4,0,FALSE,"Burger; Genoud; Wilman; Wimberly","secondary",NA,NA
"Equus burchelli","mass","Body_Mass","g",288604.412,279580.325,9,4,0,FALSE,"Burger; Lewitus; Wilman; Wimberly","secondary",NA,NA
"Equus caballus","mass","Body_Mass","g",350000,350000,10,7,1,TRUE,"Burger; Garwicz; Genoud; Heffner; Lewitus; Wilman; Wimberly","primary; secondary",NA,NA
"Equus grevyi","mass","Body_Mass","g",407999.85,407999.85,4,1,0,FALSE,"Wilman","secondary",NA,NA
"Equus hemionus","mass","Body_Mass","g",240000,240000,4,1,0,FALSE,"Wilman","secondary",NA,NA
"Equus kiang","mass","Body_Mass","g",275000,275000,4,1,0,FALSE,"Wilman","secondary",NA,NA
"Equus zebra","mass","Body_Mass","g",281441.875,281441.875,5,2,0,FALSE,"Burger; Wilman","secondary",NA,NA
"Eremitalpa granti","mass","Body_Mass","g",24.73,24.73,6,2,0,FALSE,"Genoud; Wilman","secondary",NA,NA
"Eremodipus lichtensteini","mass","Body_Mass","g",51,51,4,1,0,FALSE,"Wilman","secondary",NA,NA
"Erethizon dorsata","mass","Body_Mass","g",6492.833,6492.833,7,2,0,FALSE,"Burger; Genoud","secondary",NA,NA
"Erethizon dorsatum","mass","Body_Mass","g",7252.395,7252.395,5,2,0,FALSE,"Wilman; Wimberly","secondary",NA,NA
"Erignathus barbatus","mass","Body_Mass","g",280500,280500,5,2,0,FALSE,"Burger; Wilman","secondary",NA,NA
"Erinaceus","mass","Body_Mass","g",750,750,4,1,1,TRUE,"Heffner","primary",NA,NA
"Erinaceus amurensis","mass","Body_Mass","g",571.88,571.88,4,1,0,FALSE,"Wilman","secondary",NA,NA
"Erinaceus concolor","mass","Body_Mass","g",771,771,5,2,0,FALSE,"Genoud; Wilman","secondary",NA,NA
"Erinaceus europaeus","mass","Body_Mass","g",867.08,867.08,21,9,2,TRUE,"Burger; Finlay; Garwicz; Genoud; Lewitus; Ruf; Stephan_collection; Wilman; Wimberly","primary; secondary",NA,NA
"Erinaceus roumanicus","mass","Body_Mass","g",744.55,744.55,4,1,0,FALSE,"Wilman","secondary",NA,NA
"Eropeplus canus","mass","Body_Mass","g",73.96,73.96,4,1,0,FALSE,"Wilman","secondary",NA,NA
"Erophylla bombifrons","mass","Body_Mass","g",16.345,16.345,5,2,0,FALSE,"Genoud; Wilman","secondary",NA,NA
"Erophylla sezekorni","mass","Body_Mass","g",15.8,15.8,4,1,0,FALSE,"Wilman","secondary",NA,NA
"Erythrocebus patas","mass","Body_Mass","g",7800,7800,18,9,2,TRUE,"Burger; Genoud; Granatosky; Isler; Lewitus; Powell; Stephan; Stephan_collection; Wilman","primary; secondary",NA,NA
"Eschrichtius robustus","mass","Body_Mass","g",29250000.01,29250000.01,5,2,0,FALSE,"Burger; Wilman","secondary",NA,NA
"Eubalaena australis","mass","Body_Mass","g",2.3e+07,2.3e+07,4,1,0,FALSE,"Wilman","secondary",NA,NA
"Eubalaena glacialis","mass","Body_Mass","g",2.3e+07,2.3e+07,4,1,0,FALSE,"Wilman","secondary",NA,NA
"Eubalaena japonica","mass","Body_Mass","g",2.3e+07,2.3e+07,4,1,0,FALSE,"Wilman","secondary",NA,NA
"Euchoreutes naso","mass","Body_Mass","g",24.14,24.14,4,1,0,FALSE,"Wilman","secondary",NA,NA
"Euderma maculatum","mass","Body_Mass","g",15.66,15.66,4,1,0,FALSE,"Wilman","secondary",NA,NA
"Eudiscopus denticulus","mass","Body_Mass","g",9.56,9.56,4,1,0,FALSE,"Wilman","secondary",NA,NA
"Eudorcas rufifrons","mass","Body_Mass","g",26999.77,26999.77,4,1,0,FALSE,"Wilman","secondary",NA,NA
"Eudorcas rufina","mass","Body_Mass","g",40000,40000,4,1,0,FALSE,"Wilman","secondary",NA,NA
"Eudorcas thomsonii","mass","Body_Mass","g",23638.715,23638.715,5,2,0,FALSE,"Burger; Wilman","secondary",NA,NA
"Eugenes fulgens","mass","Body_Mass","g",8,8,4,1,0,FALSE,"Ruf","secondary",NA,NA
"Eulampis jugularis","mass","Body_Mass","g",8,8,4,1,0,FALSE,"Ruf","secondary",NA,NA
"Eulemur albifrons","mass","Body_Mass","g",2288.188,2317.75,7,4,0,FALSE,"Burger; Isler; Powell; Wilman","secondary",NA,NA
"Eulemur albocollaris","mass","Body_Mass","g",2225.79,2140,6,3,0,FALSE,"Burger; Isler; Wilman","secondary",NA,NA
"Eulemur cinereiceps","mass","Body_Mass","g",2114.06,2114.06,4,1,0,FALSE,"Wilman","secondary",NA,NA
"Eulemur collaris","mass","Body_Mass","g",2259.25,2259.25,5,2,0,FALSE,"Powell; Wilman","secondary",NA,NA
"Eulemur coronatus","mass","Body_Mass","g",1422,1422,9,6,1,TRUE,"Burger; Granatosky; Heldstab; Isler; Powell; Wilman","primary; secondary",NA,NA
"Eulemur fulvus","mass","Body_Mass","g",1400,1400,22,9,2,TRUE,"Burger; Genoud; Granatosky; Isler; Lewitus; Powell; Stephan; Stephan_collection; Wilman","primary; secondary",NA,NA
"Eulemur fulvus group","mass","Body_Mass","g",2235,2235,9,1,0,FALSE,"Isler","secondary",NA,NA
"Eulemur macaco","mass","Body_Mass","g",1908,1908,9,6,1,TRUE,"Burger; Granatosky; Heldstab; Isler; Powell; Wilman","primary; secondary",NA,NA
"Eulemur mongoz","mass","Body_Mass","g",1585,1585,12,9,1,TRUE,"Burger; Genoud; Granatosky; Isler; Lewitus; Powell; Seymour; Wilman; Wimberly","primary; secondary",NA,NA
"Eulemur rubriventer","mass","Body_Mass","g",1659,1960,11,5,0,FALSE,"Burger; Granatosky; Isler; Powell; Wilman","secondary",NA,NA
"Eulemur rufus","mass","Body_Mass","g",2224.78,2307.31,8,4,0,FALSE,"Burger; Isler; Powell; Wilman","secondary",NA,NA
"Eulemur sanfordi","mass","Body_Mass","g",2394.03,2394.03,4,1,0,FALSE,"Wilman","secondary",NA,NA
"Eumetopias jubatus","mass","Body_Mass","g",367784.75,310000,9,3,0,FALSE,"Burger; Genoud; Wilman","secondary",NA,NA
"Eumops auripendulus","mass","Body_Mass","g",31.125,31.125,5,2,0,FALSE,"Burger; Wilman","secondary",NA,NA
"Eumops bonariensis","mass","Body_Mass","g",11.9,11.9,4,1,0,FALSE,"Wilman","secondary",NA,NA
"Eumops dabbenei","mass","Body_Mass","g",104.35,104.35,4,1,0,FALSE,"Wilman","secondary",NA,NA
"Eumops glaucinus","mass","Body_Mass","g",36.115,36.115,5,2,0,FALSE,"Burger; Wilman","secondary",NA,NA
"Eumops hansae","mass","Body_Mass","g",15.05,15.05,4,1,0,FALSE,"Wilman","secondary",NA,NA
"Eumops maurus","mass","Body_Mass","g",29.38,29.38,4,1,0,FALSE,"Wilman","secondary",NA,NA
"Eumops patagonicus","mass","Body_Mass","g",34.01,34.01,4,1,0,FALSE,"Wilman","secondary",NA,NA
"Eumops perotis","mass","Body_Mass","g",51.543,51.13,6,3,0,FALSE,"Burger; Genoud; Wilman","secondary",NA,NA
"Eumops trumbulli","mass","Body_Mass","g",34.01,34.01,4,1,0,FALSE,"Wilman","secondary",NA,NA
"Eumops underwoodi","mass","Body_Mass","g",54.7,54.7,4,1,0,FALSE,"Wilman","secondary",NA,NA
"Euneomys chinchilloides","mass","Body_Mass","g",76.515,76.515,5,2,0,FALSE,"Genoud; Wilman","secondary",NA,NA
"Euneomys fossor","mass","Body_Mass","g",83,83,4,1,0,FALSE,"Wilman","secondary",NA,NA
"Euneomys mordax","mass","Body_Mass","g",82,82,4,1,0,FALSE,"Wilman","secondary",NA,NA
"Euneomys petersoni","mass","Body_Mass","g",83,83,4,1,0,FALSE,"Wilman","secondary",NA,NA
"Euoticus elegantulus","mass","Body_Mass","g",275.55,274,9,5,0,FALSE,"Burger; Genoud; Isler; Powell; Wilman","secondary",NA,NA
"Euoticus pallidus","mass","Body_Mass","g",270.925,276.85,7,4,0,FALSE,"Burger; Isler; Powell; Wilman","secondary",NA,NA
"Eupetaurus cinereus","mass","Body_Mass","g",2500,2500,4,1,0,FALSE,"Wilman","secondary",NA,NA
"Eupetomena macroura","mass","Body_Mass","g",8.5,8.5,4,1,0,FALSE,"Ruf","secondary",NA,NA
"Euphractus sexcinctus","mass","Body_Mass","g",6987.63,7990,6,3,0,FALSE,"Burger; Genoud; Wilman","secondary",NA,NA
"Eupleres goudotii","mass","Body_Mass","g",2425,2425,5,2,0,FALSE,"Burger; Wilman","secondary",NA,NA
"Euroscaptor grandis","mass","Body_Mass","g",59.57,59.57,4,1,0,FALSE,"Wilman","secondary",NA,NA
"Euroscaptor klossi","mass","Body_Mass","g",59.57,59.57,4,1,0,FALSE,"Wilman","secondary",NA,NA
"Euroscaptor longirostris","mass","Body_Mass","g",59.57,59.57,4,1,0,FALSE,"Wilman","secondary",NA,NA
"Euroscaptor micrura","mass","Body_Mass","g",60.47,60.47,4,1,0,FALSE,"Wilman","secondary",NA,NA
"Euroscaptor mizura","mass","Body_Mass","g",35.47,35.47,4,1,0,FALSE,"Wilman","secondary",NA,NA
"Euroscaptor parvidens","mass","Body_Mass","g",59.57,59.57,4,1,0,FALSE,"Wilman","secondary",NA,NA
"Euryzygomatomys spinosus","mass","Body_Mass","g",187.5,187.5,4,1,0,FALSE,"Wilman","secondary",NA,NA
"Exilisciurus concinnus","mass","Body_Mass","g",30.85,30.85,4,1,0,FALSE,"Wilman","secondary",NA,NA
"Exilisciurus exilis","mass","Body_Mass","g",19,19,4,1,0,FALSE,"Wilman","secondary",NA,NA
"Exilisciurus whiteheadi","mass","Body_Mass","g",20,20,4,1,0,FALSE,"Wilman","secondary",NA,NA
"Falsistrellus affinis","mass","Body_Mass","g",10.23,10.23,4,1,0,FALSE,"Wilman","secondary",NA,NA
"Falsistrellus mackenziei","mass","Body_Mass","g",23,23,4,1,0,FALSE,"Wilman","secondary",NA,NA
"Falsistrellus mordax","mass","Body_Mass","g",10.23,10.23,4,1,0,FALSE,"Wilman","secondary",NA,NA
"Falsistrellus petersi","mass","Body_Mass","g",22.77,22.77,4,1,0,FALSE,"Wilman","secondary",NA,NA
"Falsistrellus tasmaniensis","mass","Body_Mass","g",22.54,22.54,4,1,0,FALSE,"Wilman","secondary",NA,NA
"Felis bieti","mass","Body_Mass","g",5500,5500,4,1,0,FALSE,"Wilman","secondary",NA,NA
"Felis catus","mass","Body_Mass","g",3400,3400,12,8,2,TRUE,"Burger; Finlay; Garwicz; Genoud; Heffner; Lewitus; Wilman; Wimberly","primary; secondary",NA,NA
"Felis chaus","mass","Body_Mass","g",6221.49,6221.49,5,2,0,FALSE,"Burger; Wilman","secondary",NA,NA
"Felis manul","mass","Body_Mass","g",3025,3025,5,2,0,FALSE,"Burger; Wilman","secondary",NA,NA
"Felis margarita","mass","Body_Mass","g",2224.995,2224.995,5,2,0,FALSE,"Genoud; Wilman","secondary",NA,NA
"Felis nigripes","mass","Body_Mass","g",1199.995,1199.995,5,2,0,FALSE,"Burger; Wilman","secondary",NA,NA
"Felis silvestris","mass","Body_Mass","g",3949.33,4130,6,3,0,FALSE,"Burger; Genoud; Wilman","secondary",NA,NA
"Felovia vae","mass","Body_Mass","g",205,205,4,1,0,FALSE,"Wilman","secondary",NA,NA
"Feresa attenuata","mass","Body_Mass","g",170000,170000,4,1,0,FALSE,"Wilman","secondary",NA,NA
"Feroculus feroculus","mass","Body_Mass","g",36,36,4,1,0,FALSE,"Wilman","secondary",NA,NA
"Fossa fossana","mass","Body_Mass","g",1753.333,1500,6,3,0,FALSE,"Burger; Genoud; Wilman","secondary",NA,NA
"Fukomys anselli","mass","Body_Mass","g",86.98,85.59,6,3,0,FALSE,"Genoud; Kverkova; Wilman","secondary",NA,NA
"Fukomys damarensis","mass","Body_Mass","g",131.864,131.838,10,4,0,FALSE,"Genoud; Kverkova; Ruf; Wilman","secondary",NA,NA
"Fukomys darlingi","mass","Body_Mass","g",92.173,95.75,9,3,0,FALSE,"Genoud; Kverkova; Wilman","secondary",NA,NA
"Fukomys mechowii","mass","Body_Mass","g",269.72,270.16,6,3,0,FALSE,"Genoud; Kverkova; Wilman","secondary",NA,NA
"Funambulus layardi","mass","Body_Mass","g",113.79,113.79,4,1,0,FALSE,"Wilman","secondary",NA,NA
"Funambulus palmarum","mass","Body_Mass","g",136.4,136.4,4,1,0,FALSE,"Wilman","secondary",NA,NA
"Funambulus pennantii","mass","Body_Mass","g",142.95,142.95,5,2,0,FALSE,"Burger; Wilman","secondary",NA,NA
"Funambulus sublineatus","mass","Body_Mass","g",70.94,70.94,4,1,0,FALSE,"Wilman","secondary",NA,NA
"Funambulus tristriatus","mass","Body_Mass","g",139,139,4,1,0,FALSE,"Wilman","secondary",NA,NA
"Funisciurus anerythrus","mass","Body_Mass","g",186.667,218,7,3,0,FALSE,"Burger; Genoud; Wilman","secondary",NA,NA
"Funisciurus bayonii","mass","Body_Mass","g",135,135,4,1,0,FALSE,"Wilman","secondary",NA,NA
"Funisciurus carruthersi","mass","Body_Mass","g",277,277,5,2,0,FALSE,"Burger; Wilman","secondary",NA,NA
"Funisciurus congicus","mass","Body_Mass","g",112.15,112.15,5,2,0,FALSE,"Genoud; Wilman","secondary",NA,NA
"Funisciurus isabella","mass","Body_Mass","g",92,92,6,2,0,FALSE,"Genoud; Wilman","secondary",NA,NA
"Funisciurus lemniscatus","mass","Body_Mass","g",130,130,6,2,0,FALSE,"Genoud; Wilman","secondary",NA,NA
"Funisciurus leucogenys","mass","Body_Mass","g",250,250,4,1,0,FALSE,"Wilman","secondary",NA,NA
"Funisciurus pyrropus","mass","Body_Mass","g",251.333,257,7,3,0,FALSE,"Burger; Genoud; Wilman","secondary",NA,NA
"Funisciurus substriatus","mass","Body_Mass","g",186,186,4,1,0,FALSE,"Wilman","secondary",NA,NA
"Furipterus horrens","mass","Body_Mass","g",3.305,3.305,5,2,0,FALSE,"Burger; Wilman","secondary",NA,NA
"Galago","mass","Body_Mass","g",1111.8,1111.8,18,1,0,FALSE,"Burish","review",NA,NA
"Galago alleni","mass","Body_Mass","g",266.5,266.5,5,2,0,FALSE,"Burger; Wilman","secondary",NA,NA
"Galago alleni group","mass","Body_Mass","g",251.5,251.5,5,1,0,FALSE,"Isler","secondary",NA,NA
"Galago cameronensis","mass","Body_Mass","g",223.06,251.5,6,3,0,FALSE,"Burger; Isler; Wilman","secondary",NA,NA
"Galago demidoff group","mass","Body_Mass","g",73.111,73.111,30,1,0,FALSE,"Isler","secondary",NA,NA
"Galago gabonensis","mass","Body_Mass","g",237.227,273,6,3,0,FALSE,"Burger; Isler; Wilman","secondary",NA,NA
"Galago gallarum","mass","Body_Mass","g",225,225,5,2,0,FALSE,"Powell; Wilman","secondary",NA,NA
"Galago granti","mass","Body_Mass","g",173.765,173.765,5,2,0,FALSE,"Burger; Wilman","secondary",NA,NA
"Galago matschiei","mass","Body_Mass","g",209.75,209.75,7,4,0,FALSE,"Burger; Granatosky; Isler; Wilman","secondary",NA,NA
"Galago moholi","mass","Body_Mass","g",161.001,159.875,12,6,0,FALSE,"Burger; Genoud; Isler; Powell; Ruf; Wilman","secondary",NA,NA
"Galago nyasae","mass","Body_Mass","g",165.68,165.68,4,1,0,FALSE,"Wilman","secondary",NA,NA
"Galago orinus","mass","Body_Mass","g",165.68,165.68,4,1,0,FALSE,"Wilman","secondary",NA,NA
"Galago rondoensis","mass","Body_Mass","g",165.68,165.68,4,1,0,FALSE,"Wilman","secondary",NA,NA
"Galago senegalensis","mass","Body_Mass","g",220,217,22,11,4,TRUE,"Burger; Genoud; Granatosky; Heffner; Isler; Lewitus; Powell; Seymour; Stephan; Stephan_collection; Wilman","primary; secondary",NA,NA
"Galago senegalensis group","mass","Body_Mass","g",185.214,185.214,245,1,0,FALSE,"Isler","secondary",NA,NA
"Galago sp.","mass","Body_Mass","g",201,201,4,1,1,TRUE,"Finlay","primary",NA,NA
"Galago thomasi","mass","Body_Mass","g",116.95,117,6,3,0,FALSE,"Burger; Isler; Wilman","secondary",NA,NA
"Galago zanzibaricus","mass","Body_Mass","g",144.45,143,6,3,0,FALSE,"Burger; Isler; Wilman","secondary",NA,NA
"Galagoides cocos","mass","Body_Mass","g",143.5,143.5,4,1,0,FALSE,"Powell","secondary",NA,NA
"Galagoides demidoff","mass","Body_Mass","g",81,81,22,9,2,TRUE,"Burger; Genoud; Granatosky; Isler; Lewitus; Stephan; Stephan_collection; Wilman; Zilles","primary; secondary",NA,NA
"Galagoides demidovii","mass","Body_Mass","g",74.649,74.649,4,1,0,FALSE,"Powell","secondary",NA,NA
"Galagoides thomasi","mass","Body_Mass","g",97.25,97.25,5,2,0,FALSE,"Granatosky; Powell","secondary",NA,NA
"Galagoides zanzibaricus","mass","Body_Mass","g",143,143,4,1,0,FALSE,"Powell","secondary",NA,NA
"Galea flavidens","mass","Body_Mass","g",450,450,4,1,0,FALSE,"Wilman","secondary",NA,NA
"Galea musteloides","mass","Body_Mass","g",392.333,375,6,3,0,FALSE,"Burger; Genoud; Wilman","secondary",NA,NA
"Galea spixii","mass","Body_Mass","g",326.2,326.2,4,1,0,FALSE,"Wilman","secondary",NA,NA
"Galemys pyrenaicus","mass","Body_Mass","g",57.5,57.5,10,4,1,TRUE,"Burger; Lewitus; Stephan_collection; Wilman","primary; secondary",NA,NA
"Galenomys garleppi","mass","Body_Mass","g",59.3,59.3,4,1,0,FALSE,"Wilman","secondary",NA,NA
"Galeopterus variegates","mass","Body_Mass","g",1112.2,1112.2,4,1,0,FALSE,"Wilman","secondary",NA,NA
"Galerella flavescens","mass","Body_Mass","g",750,750,4,1,0,FALSE,"Wilman","secondary",NA,NA
"Galerella ochracea","mass","Body_Mass","g",690.18,690.18,4,1,0,FALSE,"Wilman","secondary",NA,NA
"Galerella pulverulenta","mass","Body_Mass","g",818.5,818.5,5,2,0,FALSE,"Burger; Wilman","secondary",NA,NA
"Galerella sanguinea","mass","Body_Mass","g",527.667,533,6,3,0,FALSE,"Burger; Genoud; Wilman","secondary",NA,NA
"Galictis cuja","mass","Body_Mass","g",1095,1095,5,2,0,FALSE,"Burger; Wilman","secondary",NA,NA
"Galictis vittatus","mass","Body_Mass","g",2264,2264,5,2,0,FALSE,"Burger; Wilman","secondary",NA,NA
"Galidia elegans","mass","Body_Mass","g",857,857,5,2,0,FALSE,"Burger; Wilman","secondary",NA,NA
"Galidictis fasciata","mass","Body_Mass","g",550,550,4,1,0,FALSE,"Wilman","secondary",NA,NA
"Galidictis grandidieri","mass","Body_Mass","g",1400,1400,4,1,0,FALSE,"Wilman","secondary",NA,NA
"Gallus domesticus","mass","Body_Mass","g",1570,1570,5,1,0,FALSE,"MacLarnon","secondary",NA,NA
"Gazella arabica","mass","Body_Mass","g",12000,12000,4,1,0,FALSE,"Wilman","secondary",NA,NA
"Gazella bennettii","mass","Body_Mass","g",18916.67,18916.67,4,1,0,FALSE,"Wilman","secondary",NA,NA
"Gazella cuvieri","mass","Body_Mass","g",25000,25000,4,1,0,FALSE,"Wilman","secondary",NA,NA
"Gazella dorcas","mass","Body_Mass","g",20137.555,20137.555,5,2,0,FALSE,"Burger; Wilman","secondary",NA,NA
"Gazella erlangeri","mass","Body_Mass","g",20360.12,20360.12,4,1,0,FALSE,"Wilman","secondary",NA,NA
"Gazella gazella","mass","Body_Mass","g",19524.965,19524.965,5,2,0,FALSE,"Genoud; Wilman","secondary",NA,NA
"Gazella leptoceros","mass","Body_Mass","g",22200,22200,4,1,0,FALSE,"Wilman","secondary",NA,NA
"Gazella saudiya","mass","Body_Mass","g",16000,16000,4,1,0,FALSE,"Wilman","secondary",NA,NA
"Gazella spekei","mass","Body_Mass","g",16200,16200,5,2,0,FALSE,"Genoud; Wilman","secondary",NA,NA
"Gazella subgutturosa","mass","Body_Mass","g",22800,22800,5,2,0,FALSE,"Genoud; Wilman","secondary",NA,NA
"Genetta abyssinica","mass","Body_Mass","g",1649.99,1649.99,4,1,0,FALSE,"Wilman","secondary",NA,NA
"Genetta angolensis","mass","Body_Mass","g",1874.995,1874.995,5,2,0,FALSE,"Burger; Wilman","secondary",NA,NA
"Genetta bourloni","mass","Body_Mass","g",1821.97,1821.97,4,1,0,FALSE,"Wilman","secondary",NA,NA
"Genetta cristata","mass","Body_Mass","g",1863.23,1863.23,4,1,0,FALSE,"Wilman","secondary",NA,NA
"Genetta genetta","mass","Body_Mass","g",1607.733,1800,6,3,0,FALSE,"Burger; Genoud; Wilman","secondary",NA,NA
"Genetta johnstoni","mass","Body_Mass","g",2225,2225,4,1,0,FALSE,"Wilman","secondary",NA,NA
"Genetta maculata","mass","Body_Mass","g",2225,2225,4,1,0,FALSE,"Wilman","secondary",NA,NA
"Genetta pardina","mass","Body_Mass","g",1426.985,1426.985,5,2,0,FALSE,"Burger; Wilman","secondary",NA,NA
"Genetta piscivora","mass","Body_Mass","g",1648.05,1648.05,4,1,0,FALSE,"Wilman","secondary",NA,NA
"Genetta poensis","mass","Body_Mass","g",1821.97,1821.97,4,1,0,FALSE,"Wilman","secondary",NA,NA
"Genetta servalina","mass","Body_Mass","g",1174.995,1174.995,5,2,0,FALSE,"Burger; Wilman","secondary",NA,NA
"Genetta thierryi","mass","Body_Mass","g",1400.01,1400.01,4,1,0,FALSE,"Wilman","secondary",NA,NA
"Genetta tigrina","mass","Body_Mass","g",1827.333,1732,6,3,0,FALSE,"Burger; Genoud; Wilman","secondary",NA,NA
"Genetta victoriae","mass","Body_Mass","g",2999.99,2999.99,4,1,0,FALSE,"Wilman","secondary",NA,NA
"Geocapromys brownii","mass","Body_Mass","g",1978,1978,5,2,0,FALSE,"Genoud; Wilman","secondary",NA,NA
"Geocapromys ingrahami","mass","Body_Mass","g",764.1,775,6,3,0,FALSE,"Burger; Genoud; Wilman","secondary",NA,NA
"Geocapromys thoracatus","mass","Body_Mass","g",1500,1500,4,1,0,FALSE,"Wilman","secondary",NA,NA
"Geogale aurita","mass","Body_Mass","g",6.633,6.9,6,3,0,FALSE,"Genoud; Ruf; Wilman","secondary",NA,NA
"Geomys arenarius","mass","Body_Mass","g",206,206,4,1,0,FALSE,"Wilman","secondary",NA,NA
"Geomys attwateri","mass","Body_Mass","g",144.06,144.06,4,1,0,FALSE,"Wilman","secondary",NA,NA
"Geomys breviceps","mass","Body_Mass","g",137.635,137.635,5,2,0,FALSE,"Burger; Wilman","secondary",NA,NA
"Geomys bursarius","mass","Body_Mass","g",199.333,197.25,6,3,0,FALSE,"Burger; Genoud; Wilman","secondary",NA,NA
"Geomys knoxjonesi","mass","Body_Mass","g",172.49,172.49,4,1,0,FALSE,"Wilman","secondary",NA,NA
"Geomys personatus","mass","Body_Mass","g",397,397,4,1,0,FALSE,"Wilman","secondary",NA,NA
"Geomys pinetis","mass","Body_Mass","g",191.233,175.2,7,3,0,FALSE,"Burger; Genoud; Wilman","secondary",NA,NA
"Geomys texensis","mass","Body_Mass","g",189.76,189.76,4,1,0,FALSE,"Wilman","secondary",NA,NA
"Geomys tropicalis","mass","Body_Mass","g",350,350,4,1,0,FALSE,"Wilman","secondary",NA,NA
"Georychus capensis","mass","Body_Mass","g",196.476,201.667,8,3,0,FALSE,"Genoud; Kverkova; Wilman","secondary",NA,NA
"Geoxus valdivianus","mass","Body_Mass","g",31.5,31.5,4,1,0,FALSE,"Wilman","secondary",NA,NA
"Gerbilliscus afra","mass","Body_Mass","g",87.877,92.13,6,3,0,FALSE,"Burger; Genoud; Wilman","secondary",NA,NA
"Gerbilliscus boehmi","mass","Body_Mass","g",49.36,49.36,4,1,0,FALSE,"Wilman","secondary",NA,NA
"Gerbilliscus brantsii","mass","Body_Mass","g",90.555,90.555,5,2,0,FALSE,"Burger; Wilman","secondary",NA,NA
"Gerbilliscus guineae","mass","Body_Mass","g",102.5,102.5,4,1,0,FALSE,"Wilman","secondary",NA,NA
"Gerbilliscus inclusus","mass","Body_Mass","g",118.5,118.5,4,1,0,FALSE,"Wilman","secondary",NA,NA
"Gerbilliscus kempi","mass","Body_Mass","g",100.83,100.83,4,1,0,FALSE,"Wilman","secondary",NA,NA
"Gerbilliscus leucogaster","mass","Body_Mass","g",102.825,102.825,6,2,0,FALSE,"Genoud; Wilman","secondary",NA,NA
"Gerbilliscus nigricaudus","mass","Body_Mass","g",123,123,4,1,0,FALSE,"Wilman","secondary",NA,NA
"Gerbilliscus phillipsi","mass","Body_Mass","g",127.07,127.07,4,1,0,FALSE,"Wilman","secondary",NA,NA
"Gerbilliscus robustus","mass","Body_Mass","g",95.99,95.99,4,1,0,FALSE,"Wilman","secondary",NA,NA
"Gerbilliscus validus","mass","Body_Mass","g",121,121,4,1,0,FALSE,"Wilman","secondary",NA,NA
"Gerbillurus paeba","mass","Body_Mass","g",26.605,24,7,3,0,FALSE,"Burger; Genoud; Wilman","secondary",NA,NA
"Gerbillurus setzeri","mass","Body_Mass","g",42.2,42.2,5,2,0,FALSE,"Genoud; Wilman","secondary",NA,NA
"Gerbillurus tytonis","mass","Body_Mass","g",30.45,30.45,5,2,0,FALSE,"Genoud; Wilman","secondary",NA,NA
"Gerbillurus vallinus","mass","Body_Mass","g",37.025,37.025,5,2,0,FALSE,"Genoud; Wilman","secondary",NA,NA
"Gerbillus acticola","mass","Body_Mass","g",33.9,33.9,4,1,0,FALSE,"Wilman","secondary",NA,NA
"Gerbillus agag","mass","Body_Mass","g",23.26,23.26,4,1,0,FALSE,"Wilman","secondary",NA,NA
"Gerbillus amoenus","mass","Body_Mass","g",13.2,13.2,4,1,0,FALSE,"Wilman","secondary",NA,NA
"Gerbillus andersoni","mass","Body_Mass","g",31.085,31.085,5,2,0,FALSE,"Genoud; Wilman","secondary",NA,NA
"Gerbillus aquilus","mass","Body_Mass","g",36.02,36.02,4,1,0,FALSE,"Wilman","secondary",NA,NA
"Gerbillus brockmani","mass","Body_Mass","g",33.43,33.43,4,1,0,FALSE,"Wilman","secondary",NA,NA
"Gerbillus burtoni","mass","Body_Mass","g",23.26,23.26,4,1,0,FALSE,"Wilman","secondary",NA,NA
"Gerbillus cheesmani","mass","Body_Mass","g",28,28,4,1,0,FALSE,"Wilman","secondary",NA,NA
"Gerbillus dongolanus","mass","Body_Mass","g",23.26,23.26,4,1,0,FALSE,"Wilman","secondary",NA,NA
"Gerbillus dunni","mass","Body_Mass","g",34.33,34.33,4,1,0,FALSE,"Wilman","secondary",NA,NA
"Gerbillus famulus","mass","Body_Mass","g",37,37,4,1,0,FALSE,"Wilman","secondary",NA,NA
"Gerbillus floweri","mass","Body_Mass","g",34.47,34.47,4,1,0,FALSE,"Wilman","secondary",NA,NA
"Gerbillus garamantis","mass","Body_Mass","g",23.26,23.26,4,1,0,FALSE,"Wilman","secondary",NA,NA
"Gerbillus gerbillus","mass","Body_Mass","g",27.37,27.37,5,2,0,FALSE,"Genoud; Wilman","secondary",NA,NA
"Gerbillus gleadowi","mass","Body_Mass","g",25.05,25.05,5,2,0,FALSE,"Burger; Wilman","secondary",NA,NA
"Gerbillus grobbeni","mass","Body_Mass","g",35.3,35.3,4,1,0,FALSE,"Wilman","secondary",NA,NA
"Gerbillus henleyi","mass","Body_Mass","g",8,8,4,1,0,FALSE,"Wilman","secondary",NA,NA
"Gerbillus hesperinus","mass","Body_Mass","g",36.04,36.04,4,1,0,FALSE,"Wilman","secondary",NA,NA
"Gerbillus hoogstraali","mass","Body_Mass","g",35.83,35.83,4,1,0,FALSE,"Wilman","secondary",NA,NA
"Gerbillus latastei","mass","Body_Mass","g",39.55,39.55,4,1,0,FALSE,"Wilman","secondary",NA,NA
"Gerbillus mauritaniae","mass","Body_Mass","g",23.26,23.26,4,1,0,FALSE,"Wilman","secondary",NA,NA
"Gerbillus mesopotamiae","mass","Body_Mass","g",20,20,4,1,0,FALSE,"Wilman","secondary",NA,NA
"Gerbillus muriculus","mass","Body_Mass","g",33.42,33.42,4,1,0,FALSE,"Wilman","secondary",NA,NA
"Gerbillus nancillus","mass","Body_Mass","g",35.94,35.94,4,1,0,FALSE,"Wilman","secondary",NA,NA
"Gerbillus nanus","mass","Body_Mass","g",22.633,25.5,6,3,0,FALSE,"Burger; Genoud; Wilman","secondary",NA,NA
"Gerbillus nigeriae","mass","Body_Mass","g",29.7,29.7,4,1,0,FALSE,"Wilman","secondary",NA,NA
"Gerbillus occiduus","mass","Body_Mass","g",36.05,36.05,4,1,0,FALSE,"Wilman","secondary",NA,NA
"Gerbillus perpallidus","mass","Body_Mass","g",44.35,44.35,5,2,0,FALSE,"Genoud; Wilman","secondary",NA,NA
"Gerbillus poecilops","mass","Body_Mass","g",31.5,31.5,4,1,0,FALSE,"Wilman","secondary",NA,NA
"Gerbillus principulus","mass","Body_Mass","g",36.05,36.05,4,1,0,FALSE,"Wilman","secondary",NA,NA
"Gerbillus pulvinatus","mass","Body_Mass","g",35.92,35.92,4,1,0,FALSE,"Wilman","secondary",NA,NA
"Gerbillus pusillus","mass","Body_Mass","g",12.6,12.6,7,3,0,FALSE,"Genoud; Ruf; Wilman","secondary",NA,NA
"Gerbillus pyramidum","mass","Body_Mass","g",55.98,46.29,7,3,0,FALSE,"Burger; Genoud; Wilman","secondary",NA,NA
"Gerbillus rosalinda","mass","Body_Mass","g",33.89,33.89,4,1,0,FALSE,"Wilman","secondary",NA,NA
"Gerbillus syrticus","mass","Body_Mass","g",23.26,23.26,4,1,0,FALSE,"Wilman","secondary",NA,NA
"Gerbillus tarabuli","mass","Body_Mass","g",34.81,34.81,4,1,0,FALSE,"Wilman","secondary",NA,NA
"Gerbillus vivax","mass","Body_Mass","g",23.26,23.26,4,1,0,FALSE,"Wilman","secondary",NA,NA
"Gerbillus watersi","mass","Body_Mass","g",10.4,10.4,4,1,0,FALSE,"Wilman","secondary",NA,NA
"Gibraltar/Forbes Quarry","mass","Body_Mass","g",76000,76000,4,1,1,TRUE,"Weaver","primary",NA,NA
"Giraffa camelopardalis","mass","Body_Mass","g",885912.383,932324.765,7,4,0,FALSE,"Burger; HerculanoHouzel; Wilman; Wimberly","secondary",NA,NA
"Glaucomys sabrinus","mass","Body_Mass","g",170,170,5,2,0,FALSE,"Burger; Wilman","secondary",NA,NA
"Glaucomys volans","mass","Body_Mass","g",68.307,67.95,13,3,0,FALSE,"Burger; Genoud; Wilman","secondary",NA,NA
"Glauconycteris alboguttata","mass","Body_Mass","g",8.42,8.42,4,1,0,FALSE,"Wilman","secondary",NA,NA
"Glauconycteris argentata","mass","Body_Mass","g",9.3,9.3,4,1,0,FALSE,"Wilman","secondary",NA,NA
"Glauconycteris beatrix","mass","Body_Mass","g",6.5,6.5,5,2,0,FALSE,"Burger; Wilman","secondary",NA,NA
"Glauconycteris curryae","mass","Body_Mass","g",8.11,8.11,4,1,0,FALSE,"Wilman","secondary",NA,NA
"Glauconycteris egeria","mass","Body_Mass","g",8.42,8.42,4,1,0,FALSE,"Wilman","secondary",NA,NA
"Glauconycteris gleni","mass","Body_Mass","g",10.81,10.81,4,1,0,FALSE,"Wilman","secondary",NA,NA
"Glauconycteris humeralis","mass","Body_Mass","g",5.49,5.49,4,1,0,FALSE,"Wilman","secondary",NA,NA
"Glauconycteris kenyacola","mass","Body_Mass","g",7.17,7.17,4,1,0,FALSE,"Wilman","secondary",NA,NA
"Glauconycteris machadoi","mass","Body_Mass","g",8.11,8.11,4,1,0,FALSE,"Wilman","secondary",NA,NA
"Glauconycteris poensis","mass","Body_Mass","g",7.755,7.755,5,2,0,FALSE,"Burger; Wilman","secondary",NA,NA
"Glauconycteris superba","mass","Body_Mass","g",8.42,8.42,4,1,0,FALSE,"Wilman","secondary",NA,NA
"Glauconycteris variegata","mass","Body_Mass","g",11.25,11.25,4,1,0,FALSE,"Wilman","secondary",NA,NA
"Glironia venusta","mass","Body_Mass","g",114,114,4,1,0,FALSE,"Wilman","secondary",NA,NA
"Glirulus japonicus","mass","Body_Mass","g",43.995,43.995,5,2,0,FALSE,"Ruf; Wilman","secondary",NA,NA
"Glischropus javanus","mass","Body_Mass","g",5.91,5.91,4,1,0,FALSE,"Wilman","secondary",NA,NA
"Glischropus tylopus","mass","Body_Mass","g",4.67,4.67,5,2,0,FALSE,"Burger; Wilman","secondary",NA,NA
"Globicephala macrorhynchus","mass","Body_Mass","g",612666.663,725999.99,6,3,0,FALSE,"Burger; Lewitus; Wilman","secondary",NA,NA
"Globicephala melas","mass","Body_Mass","g",930500,930500,5,2,0,FALSE,"Burger; Wilman","secondary",NA,NA
"Glossophaga commissarisi","mass","Body_Mass","g",8.9,8.9,4,1,0,FALSE,"Wilman","secondary",NA,NA
"Glossophaga leachii","mass","Body_Mass","g",10.1,10.1,4,1,0,FALSE,"Wilman","secondary",NA,NA
"Glossophaga longirostris","mass","Body_Mass","g",12.207,11.92,6,3,0,FALSE,"Burger; Genoud; Wilman","secondary",NA,NA
"Glossophaga morenoi","mass","Body_Mass","g",8.4,8.4,4,1,0,FALSE,"Wilman","secondary",NA,NA
"Glossophaga soricina","mass","Body_Mass","g",9.879,9.928,8,4,0,FALSE,"Burger; Genoud; Ruf; Wilman","secondary",NA,NA
"Glyphonycteris behnii","mass","Body_Mass","g",11.32,11.32,4,1,0,FALSE,"Wilman","secondary",NA,NA
"Glyphonycteris daviesi","mass","Body_Mass","g",18.61,18.61,4,1,0,FALSE,"Wilman","secondary",NA,NA
"Glyphonycteris sylvestris","mass","Body_Mass","g",8.91,8.91,4,1,0,FALSE,"Wilman","secondary",NA,NA
"Glyphotes simus","mass","Body_Mass","g",50,50,4,1,0,FALSE,"Wilman","secondary",NA,NA
"Golunda ellioti","mass","Body_Mass","g",58.54,58.54,5,2,0,FALSE,"Genoud; Wilman","secondary",NA,NA
"Gorilla beringei","mass","Body_Mass","g",126706.298,130000,7,4,0,FALSE,"Burger; Isler; Powell; Wilman","secondary",NA,NA
"Gorilla gorilla","mass","Body_Mass","g",103482.857,105000,28,15,5,TRUE,"Burger; Garwicz; Granatosky; Heldstab; Isler; Lewitus; Powell; RillingInsel; Seymour; Stephan; Stephan_collection; Weaver; Wilman; Wimberly; Zilles","primary; secondary",NA,NA
"Gracilinanus aceramarcae","mass","Body_Mass","g",20.5,20.5,4,1,0,FALSE,"Wilman","secondary",NA,NA
"Gracilinanus agilis","mass","Body_Mass","g",27.5,29.1,6,3,0,FALSE,"Genoud; Ruf; Wilman","secondary",NA,NA
"Gracilinanus agricolai","mass","Body_Mass","g",18.9,18.9,4,1,0,FALSE,"Wilman","secondary",NA,NA
"Gracilinanus dryas","mass","Body_Mass","g",18,18,4,1,0,FALSE,"Wilman","secondary",NA,NA
"Gracilinanus emiliae","mass","Body_Mass","g",7.6,7.6,4,1,0,FALSE,"Wilman","secondary",NA,NA
"Gracilinanus formosus","mass","Body_Mass","g",18.9,18.9,4,1,0,FALSE,"Wilman","secondary",NA,NA
"Gracilinanus ignitus","mass","Body_Mass","g",18.9,18.9,4,1,0,FALSE,"Wilman","secondary",NA,NA
"Gracilinanus marica","mass","Body_Mass","g",23.8,23.8,4,1,0,FALSE,"Wilman","secondary",NA,NA
"Gracilinanus microtarsus","mass","Body_Mass","g",22,22,5,2,0,FALSE,"Genoud; Wilman","secondary",NA,NA
"Grammomys aridulus","mass","Body_Mass","g",46.77,46.77,4,1,0,FALSE,"Wilman","secondary",NA,NA
"Grammomys buntingi","mass","Body_Mass","g",46.76,46.76,4,1,0,FALSE,"Wilman","secondary",NA,NA
"Grammomys caniceps","mass","Body_Mass","g",46.77,46.77,4,1,0,FALSE,"Wilman","secondary",NA,NA
"Grammomys cometes","mass","Body_Mass","g",44.6,44.6,5,2,0,FALSE,"Burger; Wilman","secondary",NA,NA
"Grammomys dolichurus","mass","Body_Mass","g",41.18,41.18,4,1,0,FALSE,"Wilman","secondary",NA,NA
"Grammomys dryas","mass","Body_Mass","g",47.48,47.48,4,1,0,FALSE,"Wilman","secondary",NA,NA
"Grammomys gigas","mass","Body_Mass","g",47.05,47.05,4,1,0,FALSE,"Wilman","secondary",NA,NA
"Grammomys ibeanus","mass","Body_Mass","g",41.2,41.2,4,1,0,FALSE,"Wilman","secondary",NA,NA
"Grammomys kuru","mass","Body_Mass","g",46.67,46.67,4,1,0,FALSE,"Wilman","secondary",NA,NA
"Grammomys macmillani","mass","Body_Mass","g",36,36,4,1,0,FALSE,"Wilman","secondary",NA,NA
"Grammomys minnae","mass","Body_Mass","g",36,36,4,1,0,FALSE,"Wilman","secondary",NA,NA
"Grammomys poensis","mass","Body_Mass","g",50.115,50.115,5,2,0,FALSE,"Burger; Wilman","secondary",NA,NA
"Grampus griseus","mass","Body_Mass","g",404166.667,4e+05,6,3,0,FALSE,"Burger; Lewitus; Wilman","secondary",NA,NA
"Graomys centralis","mass","Body_Mass","g",65.28,65.28,4,1,0,FALSE,"Wilman","secondary",NA,NA
"Graomys domorum","mass","Body_Mass","g",102,102,4,1,0,FALSE,"Wilman","secondary",NA,NA
"Graomys edithae","mass","Body_Mass","g",40.4,40.4,4,1,0,FALSE,"Wilman","secondary",NA,NA
"Graomys griseoflavus","mass","Body_Mass","g",68.45,68.45,5,2,0,FALSE,"Genoud; Wilman","secondary",NA,NA
"Graphiurus angolensis","mass","Body_Mass","g",23.96,23.96,4,1,0,FALSE,"Wilman","secondary",NA,NA
"Graphiurus christyi","mass","Body_Mass","g",23.83,23.83,4,1,0,FALSE,"Wilman","secondary",NA,NA
"Graphiurus crassicaudatus","mass","Body_Mass","g",38.22,38.22,4,1,0,FALSE,"Wilman","secondary",NA,NA
"Graphiurus johnstoni","mass","Body_Mass","g",23.96,23.96,4,1,0,FALSE,"Wilman","secondary",NA,NA
"Graphiurus kelleni","mass","Body_Mass","g",10.5,10.5,4,1,0,FALSE,"Wilman","secondary",NA,NA
"Graphiurus lorraineus","mass","Body_Mass","g",27,27,4,1,0,FALSE,"Wilman","secondary",NA,NA
"Graphiurus microtis","mass","Body_Mass","g",25.18,25.18,4,1,0,FALSE,"Wilman","secondary",NA,NA
"Graphiurus monardi","mass","Body_Mass","g",25.05,25.05,4,1,0,FALSE,"Wilman","secondary",NA,NA
"Graphiurus murinus","mass","Body_Mass","g",28.493,28,6,3,0,FALSE,"Genoud; Ruf; Wilman","secondary",NA,NA
"Graphiurus nagtglasii","mass","Body_Mass","g",30,30,4,1,0,FALSE,"Wilman","secondary",NA,NA
"Graphiurus ocularis","mass","Body_Mass","g",55.367,67.8,6,3,0,FALSE,"Genoud; Ruf; Wilman","secondary",NA,NA
"Graphiurus platyops","mass","Body_Mass","g",46.1,46.1,4,1,0,FALSE,"Wilman","secondary",NA,NA
"Graphiurus rupicola","mass","Body_Mass","g",24.53,24.53,4,1,0,FALSE,"Wilman","secondary",NA,NA
"Graphiurus surdus","mass","Body_Mass","g",20.01,20.01,4,1,0,FALSE,"Wilman","secondary",NA,NA
"Gray-necked species group","mass","Body_Mass","g",808.729,808.729,42,1,0,FALSE,"Isler","secondary",NA,NA
"Gulo gulo","mass","Body_Mass","g",13437.52,12700,6,3,0,FALSE,"Burger; Genoud; Wilman","secondary",NA,NA
"Gymnobelideus leadbeateri","mass","Body_Mass","g",142.1,133,6,3,0,FALSE,"Burger; Genoud; Wilman","secondary",NA,NA
"Gymnuromys roberti","mass","Body_Mass","g",97.5,97.5,4,1,0,FALSE,"Wilman","secondary",NA,NA
"Habromys chinanteco","mass","Body_Mass","g",40,40,4,1,0,FALSE,"Wilman","secondary",NA,NA
"Habromys delicatulus","mass","Body_Mass","g",48.29,48.29,4,1,0,FALSE,"Wilman","secondary",NA,NA
"Habromys ixtlani","mass","Body_Mass","g",48.29,48.29,4,1,0,FALSE,"Wilman","secondary",NA,NA
"Habromys lepturus","mass","Body_Mass","g",85,85,4,1,0,FALSE,"Wilman","secondary",NA,NA
"Habromys lophurus","mass","Body_Mass","g",40,40,4,1,0,FALSE,"Wilman","secondary",NA,NA
"Habromys simulatus","mass","Body_Mass","g",40,40,4,1,0,FALSE,"Wilman","secondary",NA,NA
"Hadromys humei","mass","Body_Mass","g",59,59,4,1,0,FALSE,"Wilman","secondary",NA,NA
"Hadromys yunnanensis","mass","Body_Mass","g",59,59,4,1,0,FALSE,"Wilman","secondary",NA,NA
"Haeromys margarettae","mass","Body_Mass","g",12.7,12.7,4,1,0,FALSE,"Wilman","secondary",NA,NA
"Haeromys minahassae","mass","Body_Mass","g",14.7,14.7,4,1,0,FALSE,"Wilman","secondary",NA,NA
"Haeromys pusillus","mass","Body_Mass","g",10.4,10.4,4,1,0,FALSE,"Wilman","secondary",NA,NA
"Halichoerus grypus","mass","Body_Mass","g",164386.8,157667,10,3,0,FALSE,"Burger; Genoud; Wilman","secondary",NA,NA
"Handleyomys fuscatus","mass","Body_Mass","g",49.5,49.5,4,1,0,FALSE,"Wilman","secondary",NA,NA
"Handleyomys intectus","mass","Body_Mass","g",60.5,60.5,4,1,0,FALSE,"Wilman","secondary",NA,NA
"Hapalemur alaotrensis","mass","Body_Mass","g",1333.832,1239.75,7,4,0,FALSE,"Burger; Isler; Powell; Wilman","secondary",NA,NA
"Hapalemur aureus","mass","Body_Mass","g",1504.75,1504.75,5,2,0,FALSE,"Powell; Wilman","secondary",NA,NA
"Hapalemur griseus","mass","Body_Mass","g",935,935,10,7,1,TRUE,"Burger; Granatosky; Heldstab; Isler; Powell; Wilman; Wimberly","primary; secondary",NA,NA
"Hapalemur occidentalis","mass","Body_Mass","g",976.355,976.355,5,2,0,FALSE,"Burger; Wilman","secondary",NA,NA
"Hapalemur simus","mass","Body_Mass","g",1300,1300,5,1,1,TRUE,"Stephan_collection","primary",NA,NA
"Hapalomys delacouri","mass","Body_Mass","g",64.3,64.3,4,1,0,FALSE,"Wilman","secondary",NA,NA
"Hapalomys longicaudatus","mass","Body_Mass","g",70,70,4,1,0,FALSE,"Wilman","secondary",NA,NA
"Haplonycteris fischeri","mass","Body_Mass","g",17.96,17.96,4,1,0,FALSE,"Wilman","secondary",NA,NA
"Harpiocephalus harpia","mass","Body_Mass","g",14.905,14.905,5,2,0,FALSE,"Burger; Wilman","secondary",NA,NA
"Harpiocephalus mordax","mass","Body_Mass","g",16.31,16.31,4,1,0,FALSE,"Wilman","secondary",NA,NA
"Harpyionycteris celebensis","mass","Body_Mass","g",104,104,4,1,0,FALSE,"Wilman","secondary",NA,NA
"Harpyionycteris whiteheadi","mass","Body_Mass","g",110.5,110.5,4,1,0,FALSE,"Wilman","secondary",NA,NA
"Heimyscus fumosus","mass","Body_Mass","g",14.25,14.25,4,1,0,FALSE,"Wilman","secondary",NA,NA
"Helarctos malayanus","mass","Body_Mass","g",45760,45760,5,2,0,FALSE,"Burger; Wilman","secondary",NA,NA
"Heliophobius argenteocinereus","mass","Body_Mass","g",169.794,170.255,9,4,0,FALSE,"Burger; Genoud; Kverkova; Wilman","secondary",NA,NA
"Heliosciurus gambianus","mass","Body_Mass","g",295,295,5,2,0,FALSE,"Burger; Wilman","secondary",NA,NA
"Heliosciurus mutabilis","mass","Body_Mass","g",390,390,4,1,0,FALSE,"Wilman","secondary",NA,NA
"Heliosciurus punctatus","mass","Body_Mass","g",174,174,4,1,0,FALSE,"Wilman","secondary",NA,NA
"Heliosciurus rufobrachium","mass","Body_Mass","g",337.833,326,7,3,0,FALSE,"Burger; Genoud; Wilman","secondary",NA,NA
"Heliosciurus ruwenzorii","mass","Body_Mass","g",291,291,5,2,0,FALSE,"Burger; Wilman","secondary",NA,NA
"Heliosciurus undulatus","mass","Body_Mass","g",347.33,347.33,4,1,0,FALSE,"Wilman","secondary",NA,NA
"Helogale hirtula","mass","Body_Mass","g",289,289,4,1,0,FALSE,"Wilman","secondary",NA,NA
"Helogale parvula","mass","Body_Mass","g",283.5,283.5,5,2,0,FALSE,"Burger; Wilman","secondary",NA,NA
"Hemibelideus lemuroides","mass","Body_Mass","g",1026,1026,6,3,1,TRUE,"Burger; Seymour; Wilman","primary; secondary",NA,NA
"Hemicentetes nigriceps","mass","Body_Mass","g",102.445,102.445,5,2,0,FALSE,"Genoud; Wilman","secondary",NA,NA
"Hemicentetes semispinosus","mass","Body_Mass","g",110.5,110.5,13,5,2,TRUE,"Burger; Genoud; Stephan; Stephan_collection; Wilman","primary; secondary",NA,NA
"Hemiechinus auritus","mass","Body_Mass","g",250,250,8,4,1,TRUE,"Burger; Genoud; Stephan_collection; Wilman","primary; secondary",NA,NA
"Hemiechinus collaris","mass","Body_Mass","g",141,141,4,1,0,FALSE,"Wilman","secondary",NA,NA
"Hemigalus derbyanus","mass","Body_Mass","g",2181.75,2181.75,5,2,0,FALSE,"Burger; Wilman","secondary",NA,NA
"Hemitragus hylocrius","mass","Body_Mass","g",75000,75000,4,1,0,FALSE,"Wilman","secondary",NA,NA
"Hemitragus jayakari","mass","Body_Mass","g",23000,23000,4,1,0,FALSE,"Wilman","secondary",NA,NA
"Hemitragus jemlahicus","mass","Body_Mass","g",52600,52600,5,2,0,FALSE,"Burger; Wilman","secondary",NA,NA
"Herpestes brachyurus","mass","Body_Mass","g",1853.52,1853.52,4,1,0,FALSE,"Wilman","secondary",NA,NA
"Herpestes edwardsi","mass","Body_Mass","g",1282.335,1282.335,5,2,0,FALSE,"Burger; Wilman","secondary",NA,NA
"Herpestes fuscus","mass","Body_Mass","g",1552.37,1552.37,5,2,0,FALSE,"Burger; Wilman","secondary",NA,NA
"Herpestes ichneumon","mass","Body_Mass","g",4219.99,4219.99,5,2,0,FALSE,"Burger; Wilman","secondary",NA,NA
"Herpestes javanicus","mass","Body_Mass","g",629.333,611,6,3,0,FALSE,"Burger; Genoud; Wilman","secondary",NA,NA
"Herpestes naso","mass","Body_Mass","g",2999.995,2999.995,5,2,0,FALSE,"Burger; Wilman","secondary",NA,NA
"Herpestes semitorquatus","mass","Body_Mass","g",1916.01,1916.01,4,1,0,FALSE,"Wilman","secondary",NA,NA
"Herpestes smithii","mass","Body_Mass","g",1493.475,1493.475,5,2,0,FALSE,"Burger; Wilman","secondary",NA,NA
"Herpestes urva","mass","Body_Mass","g",2111.6,2111.6,5,2,0,FALSE,"Burger; Wilman","secondary",NA,NA
"Herpestes vitticollis","mass","Body_Mass","g",2432.795,2432.795,5,2,0,FALSE,"Burger; Wilman","secondary",NA,NA
"Hesperoptenus blanfordi","mass","Body_Mass","g",6.915,6.915,5,2,0,FALSE,"Burger; Wilman","secondary",NA,NA
"Hesperoptenus doriae","mass","Body_Mass","g",9.56,9.56,4,1,0,FALSE,"Wilman","secondary",NA,NA
"Hesperoptenus gaskelli","mass","Body_Mass","g",13.07,13.07,4,1,0,FALSE,"Wilman","secondary",NA,NA
"Hesperoptenus tickelli","mass","Body_Mass","g",16.3,16.3,4,1,0,FALSE,"Wilman","secondary",NA,NA
"Hesperoptenus tomesi","mass","Body_Mass","g",31,31,4,1,0,FALSE,"Wilman","secondary",NA,NA
"Heterocephalus glaber","mass","Body_Mass","g",43.316,39.74,12,5,0,FALSE,"Burger; Genoud; HerculanoHouzel; Kverkova; Wilman","secondary",NA,NA
"Heterohyrax brucei","mass","Body_Mass","g",2297.833,2625,7,3,0,FALSE,"Burger; Genoud; Wilman","secondary",NA,NA
"Heteromys anomalus","mass","Body_Mass","g",69.65,69.65,5,2,0,FALSE,"Genoud; Wilman","secondary",NA,NA
"Heteromys australis","mass","Body_Mass","g",267.5,267.5,4,1,0,FALSE,"Wilman","secondary",NA,NA
"Heteromys desmarestianus","mass","Body_Mass","g",74.317,74.65,6,3,0,FALSE,"Burger; Genoud; Wilman","secondary",NA,NA
"Heteromys gaumeri","mass","Body_Mass","g",63.6,63.6,4,1,0,FALSE,"Wilman","secondary",NA,NA
"Heteromys nelsoni","mass","Body_Mass","g",54.2,54.2,4,1,0,FALSE,"Wilman","secondary",NA,NA
"Heteromys oasicus","mass","Body_Mass","g",83.95,83.95,4,1,0,FALSE,"Wilman","secondary",NA,NA
"Heteromys oresterus","mass","Body_Mass","g",74.8,74.8,4,1,0,FALSE,"Wilman","secondary",NA,NA
"Heteromys teleus","mass","Body_Mass","g",83.95,83.95,4,1,0,FALSE,"Wilman","secondary",NA,NA
"Heteropsomys antillensis","mass","Body_Mass","g",272.28,272.28,4,1,0,FALSE,"Wilman","secondary",NA,NA
"Heteropsomys insulans","mass","Body_Mass","g",272.28,272.28,4,1,0,FALSE,"Wilman","secondary",NA,NA
"Hexaprotodon liberiensis","mass","Body_Mass","g",158000.58,158000.58,5,2,0,FALSE,"Burger; Wilman","secondary",NA,NA
"Hexolobodon phenax","mass","Body_Mass","g",1350.1,1350.1,4,1,0,FALSE,"Wilman","secondary",NA,NA
"Hippocamelus antisensis","mass","Body_Mass","g",68599.35,68599.35,4,1,0,FALSE,"Wilman","secondary",NA,NA
"Hippocamelus bisulcus","mass","Body_Mass","g",70000.32,70000.32,4,1,0,FALSE,"Wilman","secondary",NA,NA
"Hippopotamus amphibius","mass","Body_Mass","g",1426200.097,1408744.995,7,4,0,FALSE,"Burger; Garwicz; Wilman; Wimberly","secondary",NA,NA
"Hipposideros abae","mass","Body_Mass","g",9.31,9.31,4,1,0,FALSE,"Wilman","secondary",NA,NA
"Hipposideros armiger","mass","Body_Mass","g",54.033,53.1,6,3,0,FALSE,"Burger; Genoud; Wilman","secondary",NA,NA
"Hipposideros ater","mass","Body_Mass","g",5.81,5.81,5,2,0,FALSE,"Burger; Wilman","secondary",NA,NA
"Hipposideros beatus","mass","Body_Mass","g",6.65,6.65,4,1,0,FALSE,"Wilman","secondary",NA,NA
"Hipposideros bicolor","mass","Body_Mass","g",8.01,8.01,5,2,0,FALSE,"Burger; Wilman","secondary",NA,NA
"Hipposideros breviceps","mass","Body_Mass","g",9.31,9.31,4,1,0,FALSE,"Wilman","secondary",NA,NA
"Hipposideros caffer","mass","Body_Mass","g",10.175,10.175,5,2,0,FALSE,"Burger; Wilman","secondary",NA,NA
"Hipposideros calcaratus","mass","Body_Mass","g",11.35,11.35,5,2,0,FALSE,"Burger; Wilman","secondary",NA,NA
"Hipposideros camerunensis","mass","Body_Mass","g",23.28,23.28,4,1,0,FALSE,"Wilman","secondary",NA,NA
"Hipposideros cervinus","mass","Body_Mass","g",8.3,8.3,6,3,0,FALSE,"Burger; Genoud; Wilman","secondary",NA,NA
"Hipposideros cineraceus","mass","Body_Mass","g",4.72,4.72,4,1,0,FALSE,"Wilman","secondary",NA,NA
"Hipposideros coronatus","mass","Body_Mass","g",10.59,10.59,4,1,0,FALSE,"Wilman","secondary",NA,NA
"Hipposideros corynophyllus","mass","Body_Mass","g",14.5,14.5,4,1,0,FALSE,"Wilman","secondary",NA,NA
"Hipposideros coxi","mass","Body_Mass","g",9.25,9.25,4,1,0,FALSE,"Wilman","secondary",NA,NA
"Hipposideros crumeniferus","mass","Body_Mass","g",9.18,9.18,4,1,0,FALSE,"Wilman","secondary",NA,NA
"Hipposideros curtus","mass","Body_Mass","g",9.31,9.31,4,1,0,FALSE,"Wilman","secondary",NA,NA
"Hipposideros cyclops","mass","Body_Mass","g",33.5,33.5,4,1,0,FALSE,"Wilman","secondary",NA,NA
"Hipposideros demissus","mass","Body_Mass","g",13.94,13.94,4,1,0,FALSE,"Wilman","secondary",NA,NA
"Hipposideros diadema","mass","Body_Mass","g",41.52,43.6,6,3,0,FALSE,"Burger; Genoud; Wilman","secondary",NA,NA
"Hipposideros dinops","mass","Body_Mass","g",74.5,74.5,4,1,0,FALSE,"Wilman","secondary",NA,NA
"Hipposideros doriae","mass","Body_Mass","g",4.24,4.24,4,1,0,FALSE,"Wilman","secondary",NA,NA
"Hipposideros durgadasi","mass","Body_Mass","g",13.94,13.94,4,1,0,FALSE,"Wilman","secondary",NA,NA
"Hipposideros dyacorum","mass","Body_Mass","g",6.05,6.05,4,1,0,FALSE,"Wilman","secondary",NA,NA
"Hipposideros edwardshilli","mass","Body_Mass","g",13.94,13.94,4,1,0,FALSE,"Wilman","secondary",NA,NA
"Hipposideros fuliginosus","mass","Body_Mass","g",9.31,9.31,4,1,0,FALSE,"Wilman","secondary",NA,NA
"Hipposideros fulvus","mass","Body_Mass","g",7.75,7.75,5,2,0,FALSE,"Burger; Wilman","secondary",NA,NA
"Hipposideros galeritus","mass","Body_Mass","g",9.027,8.5,6,3,0,FALSE,"Burger; Genoud; Wilman","secondary",NA,NA
"Hipposideros gigas","mass","Body_Mass","g",115.42,115.42,4,1,0,FALSE,"Wilman","secondary",NA,NA
"Hipposideros grandis","mass","Body_Mass","g",13.94,13.94,4,1,0,FALSE,"Wilman","secondary",NA,NA
"Hipposideros halophyllus","mass","Body_Mass","g",4,4,5,2,0,FALSE,"Burger; Wilman","secondary",NA,NA
"Hipposideros hypophyllus","mass","Body_Mass","g",13.94,13.94,4,1,0,FALSE,"Wilman","secondary",NA,NA
"Hipposideros inexpectatus","mass","Body_Mass","g",21.41,21.41,4,1,0,FALSE,"Wilman","secondary",NA,NA
"Hipposideros inornatus","mass","Body_Mass","g",25.9,25.9,4,1,0,FALSE,"Wilman","secondary",NA,NA
"Hipposideros jonesi","mass","Body_Mass","g",5.5,5.5,4,1,0,FALSE,"Wilman","secondary",NA,NA
"Hipposideros lamottei","mass","Body_Mass","g",9.78,9.78,4,1,0,FALSE,"Wilman","secondary",NA,NA
"Hipposideros lankadiva","mass","Body_Mass","g",50.45,50.45,5,2,0,FALSE,"Burger; Wilman","secondary",NA,NA
"Hipposideros larvatus","mass","Body_Mass","g",19.85,19.85,5,2,0,FALSE,"Burger; Wilman","secondary",NA,NA
"Hipposideros lekaguli","mass","Body_Mass","g",30.7,30.7,5,2,0,FALSE,"Burger; Wilman","secondary",NA,NA
"Hipposideros lylei","mass","Body_Mass","g",40,40,4,1,0,FALSE,"Wilman","secondary",NA,NA
"Hipposideros macrobullatus","mass","Body_Mass","g",9.31,9.31,4,1,0,FALSE,"Wilman","secondary",NA,NA
"Hipposideros madurae","mass","Body_Mass","g",13.94,13.94,4,1,0,FALSE,"Wilman","secondary",NA,NA
"Hipposideros maggietaylorae","mass","Body_Mass","g",19.067,18.5,6,3,0,FALSE,"Burger; Genoud; Wilman","secondary",NA,NA
"Hipposideros marisae","mass","Body_Mass","g",9.31,9.31,4,1,0,FALSE,"Wilman","secondary",NA,NA
"Hipposideros megalotis","mass","Body_Mass","g",9.31,9.31,4,1,0,FALSE,"Wilman","secondary",NA,NA
"Hipposideros muscinus","mass","Body_Mass","g",14.41,14.41,4,1,0,FALSE,"Wilman","secondary",NA,NA
"Hipposideros nequam","mass","Body_Mass","g",9.31,9.31,4,1,0,FALSE,"Wilman","secondary",NA,NA
"Hipposideros obscurus","mass","Body_Mass","g",9.5,9.5,4,1,0,FALSE,"Wilman","secondary",NA,NA
"Hipposideros orbiculus","mass","Body_Mass","g",13.94,13.94,4,1,0,FALSE,"Wilman","secondary",NA,NA
"Hipposideros papua","mass","Body_Mass","g",9.31,9.31,4,1,0,FALSE,"Wilman","secondary",NA,NA
"Hipposideros pelingensis","mass","Body_Mass","g",13.94,13.94,4,1,0,FALSE,"Wilman","secondary",NA,NA
"Hipposideros pomona","mass","Body_Mass","g",6.2,6.2,5,2,0,FALSE,"Burger; Wilman","secondary",NA,NA
"Hipposideros pratti","mass","Body_Mass","g",31.8,31.8,4,1,0,FALSE,"Wilman","secondary",NA,NA
"Hipposideros pygmaeus","mass","Body_Mass","g",3.5,3.5,4,1,0,FALSE,"Wilman","secondary",NA,NA
"Hipposideros ridleyi","mass","Body_Mass","g",9.24,9.24,5,2,0,FALSE,"Burger; Wilman","secondary",NA,NA
"Hipposideros rotalis","mass","Body_Mass","g",13.94,13.94,4,1,0,FALSE,"Wilman","secondary",NA,NA
"Hipposideros ruber","mass","Body_Mass","g",8.705,8.705,5,2,0,FALSE,"Burger; Wilman","secondary",NA,NA
"Hipposideros scutinares","mass","Body_Mass","g",13.94,13.94,4,1,0,FALSE,"Wilman","secondary",NA,NA
"Hipposideros semoni","mass","Body_Mass","g",14,14,4,1,0,FALSE,"Wilman","secondary",NA,NA
"Hipposideros sorenseni","mass","Body_Mass","g",13.94,13.94,4,1,0,FALSE,"Wilman","secondary",NA,NA
"Hipposideros speoris","mass","Body_Mass","g",10.965,10.965,5,2,0,FALSE,"Burger; Wilman","secondary",NA,NA
"Hipposideros stenotis","mass","Body_Mass","g",12,12,4,1,0,FALSE,"Wilman","secondary",NA,NA
"Hipposideros sumbae","mass","Body_Mass","g",13.94,13.94,4,1,0,FALSE,"Wilman","secondary",NA,NA
"Hipposideros terasensis","mass","Body_Mass","g",57,57,4,1,0,FALSE,"Ruf","secondary",NA,NA
"Hipposideros thomensis","mass","Body_Mass","g",13.94,13.94,4,1,0,FALSE,"Wilman","secondary",NA,NA
"Hipposideros turpis","mass","Body_Mass","g",34.075,34.075,5,2,0,FALSE,"Burger; Wilman","secondary",NA,NA
"Hipposideros vittatus","mass","Body_Mass","g",13.94,13.94,4,1,0,FALSE,"Wilman","secondary",NA,NA
"Hipposideros wollastoni","mass","Body_Mass","g",6.75,6.75,4,1,0,FALSE,"Wilman","secondary",NA,NA
"Hippotragus equinus","mass","Body_Mass","g",254186.33,254186.33,5,2,0,FALSE,"Burger; Wilman","secondary",NA,NA
"Hippotragus leucophaeus","mass","Body_Mass","g",150000,150000,4,1,0,FALSE,"Wilman","secondary",NA,NA
"Hippotragus niger","mass","Body_Mass","g",196249.635,196249.635,5,2,0,FALSE,"Burger; Wilman","secondary",NA,NA
"Hirundapus caudacutus","mass","Body_Mass","g",85,85,4,1,0,FALSE,"Ruf","secondary",NA,NA
"Hirundo rustica","mass","Body_Mass","g",19,19,5,1,0,FALSE,"MacLarnon","secondary",NA,NA
"Histiotus alienus","mass","Body_Mass","g",10.42,10.42,4,1,0,FALSE,"Wilman","secondary",NA,NA
"Histiotus humboldti","mass","Body_Mass","g",11.1,11.1,4,1,0,FALSE,"Wilman","secondary",NA,NA
"Histiotus laephotis","mass","Body_Mass","g",11.1,11.1,4,1,0,FALSE,"Wilman","secondary",NA,NA
"Histiotus macrotus","mass","Body_Mass","g",11,11,4,1,0,FALSE,"Wilman","secondary",NA,NA
"Histiotus magellanicus","mass","Body_Mass","g",11.1,11.1,4,1,0,FALSE,"Wilman","secondary",NA,NA
"Histiotus montanus","mass","Body_Mass","g",10.42,10.42,4,1,0,FALSE,"Wilman","secondary",NA,NA
"Histiotus velatus","mass","Body_Mass","g",11.2,11.2,5,2,0,FALSE,"Genoud; Wilman","secondary",NA,NA
"Histriophoca fasciata","mass","Body_Mass","g",77193.333,87580,6,3,0,FALSE,"Burger; Genoud; Wilman","secondary",NA,NA
"Hodomys alleni","mass","Body_Mass","g",367.6,367.6,4,1,0,FALSE,"Wilman","secondary",NA,NA
"Holochilus brasiliensis","mass","Body_Mass","g",155,155,4,1,0,FALSE,"Wilman","secondary",NA,NA
"Holochilus chacarius","mass","Body_Mass","g",204,204,5,2,0,FALSE,"Burger; Wilman","secondary",NA,NA
"Holochilus sciureus","mass","Body_Mass","g",141.63,141.63,5,2,0,FALSE,"Burger; Wilman","secondary",NA,NA
"Homo erectus","mass","Body_Mass","g",69620,69620,8,1,0,FALSE,"Seymour","info",NA,NA
"Homo floresiensis","mass","Body_Mass","g",22500,22500,4,1,0,FALSE,"Seymour","info",NA,NA
"Homo georgicus","mass","Body_Mass","g",40000,40000,4,1,0,FALSE,"Seymour","info",NA,NA
"Homo habilis","mass","Body_Mass","g",30300,30300,4,1,0,FALSE,"Seymour","info",NA,NA
"Homo heidelbergensis","mass","Body_Mass","g",118500,118500,5,1,0,FALSE,"Seymour","info",NA,NA
"Homo naledi","mass","Body_Mass","g",47700,47700,4,1,0,FALSE,"Seymour","info",NA,NA
"Homo neanderthalensis","mass","Body_Mass","g",96800,96800,5,1,0,FALSE,"Seymour","info",NA,NA
"Homo rudolfensis","mass","Body_Mass","g",45600,45600,4,1,0,FALSE,"Seymour","info",NA,NA
"Homo sapiens","mass","Body_Mass","g",64097.143,65000,48,15,5,TRUE,"Burger; Garwicz; Genoud; Heffner; Heldstab; HerculanoHouzel; Isler; Lewitus; MacLarnon; RillingInsel; Seymour; Stephan; Stephan_collection; Wilman; Zilles","info; primary; secondary",NA,NA
"Homo sapiens (MRI)","mass","Body_Mass","g",58200,58200,4,1,1,TRUE,"Weaver","primary",NA,NA
"Hoolock hoolock","mass","Body_Mass","g",6955.167,6955.167,4,1,0,FALSE,"Powell","secondary",NA,NA
"Hoplomys gymnurus","mass","Body_Mass","g",285,285,5,2,0,FALSE,"Burger; Wilman","secondary",NA,NA
"Horpyiocepalus leucogostra","mass","Body_Mass","g",10,10,4,1,1,TRUE,"Heffner","primary",NA,NA
"Hyaena brunnea","mass","Body_Mass","g",41138.965,41138.965,5,2,0,FALSE,"Burger; Wilman","secondary",NA,NA
"Hyaena hyaena","mass","Body_Mass","g",37435.037,36300,6,3,0,FALSE,"Burger; Genoud; Wilman","secondary",NA,NA
"Hybomys badius","mass","Body_Mass","g",51.22,51.22,4,1,0,FALSE,"Wilman","secondary",NA,NA
"Hybomys basilii","mass","Body_Mass","g",54.18,54.18,4,1,0,FALSE,"Wilman","secondary",NA,NA
"Hybomys lunaris","mass","Body_Mass","g",54.1,54.1,4,1,0,FALSE,"Wilman","secondary",NA,NA
"Hybomys planifrons","mass","Body_Mass","g",49.6,49.6,4,1,0,FALSE,"Wilman","secondary",NA,NA
"Hybomys trivirgatus","mass","Body_Mass","g",57.2,57.2,5,2,0,FALSE,"Burger; Wilman","secondary",NA,NA
"Hybomys univittatus","mass","Body_Mass","g",47.6,47.6,4,1,0,FALSE,"Wilman","secondary",NA,NA
"Hydrictis maculicollis","mass","Body_Mass","g",4240.265,4240.265,5,2,0,FALSE,"Burger; Wilman","secondary",NA,NA
"Hydrochoeris hydrochaeris","mass","Body_Mass","g",27442.5,27442.5,5,2,0,FALSE,"Burger; Genoud","secondary",NA,NA
"Hydrochoerus hydrochaeris","mass","Body_Mass","g",46509.955,47822.455,7,4,0,FALSE,"HerculanoHouzel; Lewitus; Wilman; Wimberly","secondary",NA,NA
"Hydrochoerus isthmius","mass","Body_Mass","g",21267.32,21267.32,4,1,0,FALSE,"Wilman","secondary",NA,NA
"Hydromys chrysogaster","mass","Body_Mass","g",652.583,698,6,3,0,FALSE,"Burger; Genoud; Wilman","secondary",NA,NA
"Hydromys habbema","mass","Body_Mass","g",136.19,136.19,4,1,0,FALSE,"Wilman","secondary",NA,NA
"Hydromys hussoni","mass","Body_Mass","g",141.87,141.87,4,1,0,FALSE,"Wilman","secondary",NA,NA
"Hydromys neobritannicus","mass","Body_Mass","g",135.43,135.43,4,1,0,FALSE,"Wilman","secondary",NA,NA
"Hydromys shawmayeri","mass","Body_Mass","g",141.42,141.42,4,1,0,FALSE,"Wilman","secondary",NA,NA
"Hydropotes inermis","mass","Body_Mass","g",12650,12650,5,2,0,FALSE,"Burger; Wilman","secondary",NA,NA
"Hydrurga leptonyx","mass","Body_Mass","g",352750,352750,5,2,0,FALSE,"Burger; Wilman","secondary",NA,NA
"Hyemoschus aquaticus","mass","Body_Mass","g",10825.005,10825.005,5,2,0,FALSE,"Burger; Wilman","secondary",NA,NA
"Hyladelphys kalinowskii","mass","Body_Mass","g",16.75,16.75,4,1,0,FALSE,"Wilman","secondary",NA,NA
"Hylobates","mass","Body_Mass","g",5400,5400,4,1,1,TRUE,"Weaver","primary",NA,NA
"Hylobates agilis","mass","Body_Mass","g",5880,5880,10,6,1,TRUE,"Burger; Granatosky; Isler; Powell; Seymour; Wilman","primary; secondary",NA,NA
"Hylobates albibarbis","mass","Body_Mass","g",5692.08,5692.08,4,1,0,FALSE,"Wilman","secondary",NA,NA
"Hylobates klossii","mass","Body_Mass","g",5796.25,5795,7,4,0,FALSE,"Burger; Isler; Powell; Wilman","secondary",NA,NA
"Hylobates lar","mass","Body_Mass","g",5755,5700,27,14,4,TRUE,"10.1002%2Fcne.24349_Table3.tsv; Burger; Genoud; Granatosky; Heffner; Isler; Lewitus; Powell; RillingInsel; Seymour; Stephan; Stephan_collection; Wilman; Zilles","primary; secondary",NA,NA
"Hylobates moloch","mass","Body_Mass","g",6497.333,6500,6,3,0,FALSE,"Burger; Powell; Wilman","secondary",NA,NA
"Hylobates muelleri","mass","Body_Mass","g",5826.656,5821,8,5,0,FALSE,"Burger; Isler; Powell; Wilman; Zilles","secondary",NA,NA
"Hylobates pileatus","mass","Body_Mass","g",5440,5440,9,6,1,TRUE,"Burger; Granatosky; Heldstab; Isler; Powell; Wilman","primary; secondary",NA,NA
"Hylobates syndactylus","mass","Body_Mass","g",10950,10950,5,2,2,TRUE,"Heffner; Seymour","primary",NA,NA
"Hylochoerus meinertzhageni","mass","Body_Mass","g",194250,194250,5,2,0,FALSE,"Burger; Wilman","secondary",NA,NA
"Hylomys megalotis","mass","Body_Mass","g",65.83,65.83,4,1,0,FALSE,"Wilman","secondary",NA,NA
"Hylomys parvus","mass","Body_Mass","g",65.83,65.83,4,1,0,FALSE,"Wilman","secondary",NA,NA
"Hylomys suillus","mass","Body_Mass","g",71.565,71.565,5,2,0,FALSE,"Genoud; Wilman","secondary",NA,NA
"Hylomyscus aeta","mass","Body_Mass","g",20,20,4,1,0,FALSE,"Wilman","secondary",NA,NA
"Hylomyscus alleni","mass","Body_Mass","g",19.95,19.95,4,1,0,FALSE,"Wilman","secondary",NA,NA
"Hylomyscus baeri","mass","Body_Mass","g",21.09,21.09,4,1,0,FALSE,"Wilman","secondary",NA,NA
"Hylomyscus carillus","mass","Body_Mass","g",21.56,21.56,4,1,0,FALSE,"Wilman","secondary",NA,NA
"Hylomyscus denniae","mass","Body_Mass","g",36,36,4,1,0,FALSE,"Wilman","secondary",NA,NA
"Hylomyscus grandis","mass","Body_Mass","g",21.09,21.09,4,1,0,FALSE,"Wilman","secondary",NA,NA
"Hylomyscus parvus","mass","Body_Mass","g",14.5,14.5,4,1,0,FALSE,"Wilman","secondary",NA,NA
"Hylomyscus stella","mass","Body_Mass","g",20.05,20.05,4,1,0,FALSE,"Wilman","secondary",NA,NA
"Hylonycteris underwoodi","mass","Body_Mass","g",6.65,6.65,4,1,0,FALSE,"Wilman","secondary",NA,NA
"Hylopetes alboniger","mass","Body_Mass","g",255.38,255.38,4,1,0,FALSE,"Wilman","secondary",NA,NA
"Hylopetes bartelsi","mass","Body_Mass","g",146.63,146.63,4,1,0,FALSE,"Wilman","secondary",NA,NA
"Hylopetes lepidus","mass","Body_Mass","g",50,50,4,1,0,FALSE,"Wilman","secondary",NA,NA
"Hylopetes nigripes","mass","Body_Mass","g",534,534,4,1,0,FALSE,"Wilman","secondary",NA,NA
"Hylopetes phayrei","mass","Body_Mass","g",227,227,4,1,0,FALSE,"Wilman","secondary",NA,NA
"Hylopetes platyurus","mass","Body_Mass","g",56.98,56.98,4,1,0,FALSE,"Wilman","secondary",NA,NA
"Hylopetes sipora","mass","Body_Mass","g",89.2,89.2,4,1,0,FALSE,"Wilman","secondary",NA,NA
"Hylopetes spadiceus","mass","Body_Mass","g",85.875,85.875,5,2,0,FALSE,"Burger; Wilman","secondary",NA,NA
"Hylopetes winstoni","mass","Body_Mass","g",170.82,170.82,4,1,0,FALSE,"Wilman","secondary",NA,NA
"Hyomys dammermani","mass","Body_Mass","g",932.5,932.5,4,1,0,FALSE,"Wilman","secondary",NA,NA
"Hyomys goliath","mass","Body_Mass","g",817.5,817.5,4,1,0,FALSE,"Wilman","secondary",NA,NA
"Hyosciurus heinrichi","mass","Body_Mass","g",296,296,4,1,0,FALSE,"Wilman","secondary",NA,NA
"Hyosciurus ileile","mass","Body_Mass","g",315,315,4,1,0,FALSE,"Wilman","secondary",NA,NA
"Hyperacrius fertilis","mass","Body_Mass","g",22.25,22.25,4,1,0,FALSE,"Wilman","secondary",NA,NA
"Hyperacrius wynnei","mass","Body_Mass","g",52.6,52.6,4,1,0,FALSE,"Wilman","secondary",NA,NA
"Hyperoodon ampullatus","mass","Body_Mass","g",5800000,5800000,4,1,0,FALSE,"Wilman","secondary",NA,NA
"Hyperoodon planifrons","mass","Body_Mass","g",3e+06,3e+06,4,1,0,FALSE,"Wilman","secondary",NA,NA
"Hypogeomys antimena","mass","Body_Mass","g",1250,1250,4,1,0,FALSE,"Wilman","secondary",NA,NA
"Hypsignathus monstrosus","mass","Body_Mass","g",329.855,329.855,5,2,0,FALSE,"Burger; Wilman","secondary",NA,NA
"Hypsiprymnodon moschatus","mass","Body_Mass","g",520,520,4,1,0,FALSE,"Wilman","secondary",NA,NA
"Hypsugo alaschanicus","mass","Body_Mass","g",5.12,5.12,4,1,0,FALSE,"Wilman","secondary",NA,NA
"Hypsugo anchietae","mass","Body_Mass","g",9.56,9.56,4,1,0,FALSE,"Wilman","secondary",NA,NA
"Hypsugo anthonyi","mass","Body_Mass","g",12.15,12.15,4,1,0,FALSE,"Wilman","secondary",NA,NA
"Hypsugo arabicus","mass","Body_Mass","g",3.17,3.17,4,1,0,FALSE,"Wilman","secondary",NA,NA
"Hypsugo ariel","mass","Body_Mass","g",5.12,5.12,4,1,0,FALSE,"Wilman","secondary",NA,NA
"Hypsugo bodenheimeri","mass","Body_Mass","g",2.73,2.73,4,1,0,FALSE,"Wilman","secondary",NA,NA
"Hypsugo cadornae","mass","Body_Mass","g",6.69,6.69,4,1,0,FALSE,"Wilman","secondary",NA,NA
"Hypsugo crassulus","mass","Body_Mass","g",6.095,6.095,5,2,0,FALSE,"Burger; Wilman","secondary",NA,NA
"Hypsugo eisentrauti","mass","Body_Mass","g",6.11,6.11,4,1,0,FALSE,"Wilman","secondary",NA,NA
"Hypsugo imbricatus","mass","Body_Mass","g",6.545,6.545,5,2,0,FALSE,"Burger; Wilman","secondary",NA,NA
"Hypsugo joffrei","mass","Body_Mass","g",5.12,5.12,4,1,0,FALSE,"Wilman","secondary",NA,NA
"Hypsugo kitcheneri","mass","Body_Mass","g",9.56,9.56,4,1,0,FALSE,"Wilman","secondary",NA,NA
"Hypsugo lophurus","mass","Body_Mass","g",9.56,9.56,4,1,0,FALSE,"Wilman","secondary",NA,NA
"Hypsugo macrotis","mass","Body_Mass","g",9.56,9.56,4,1,0,FALSE,"Wilman","secondary",NA,NA
"Hypsugo musciculus","mass","Body_Mass","g",5.12,5.12,4,1,0,FALSE,"Wilman","secondary",NA,NA
"Hypsugo pulveratus","mass","Body_Mass","g",5.415,5.415,5,2,0,FALSE,"Burger; Wilman","secondary",NA,NA
"Hypsugo savii","mass","Body_Mass","g",6.3,6.3,4,1,0,FALSE,"Wilman","secondary",NA,NA
"Hypsugo vordermanni","mass","Body_Mass","g",5.12,5.12,4,1,0,FALSE,"Wilman","secondary",NA,NA
"Hystrix africaeaustralis","mass","Body_Mass","g",13590.673,14936,7,3,0,FALSE,"Burger; Genoud; Wilman","secondary",NA,NA
"Hystrix brachyura","mass","Body_Mass","g",8225,8225,5,2,0,FALSE,"Burger; Wilman","secondary",NA,NA
"Hystrix crassispinis","mass","Body_Mass","g",5445.03,5445.03,4,1,0,FALSE,"Wilman","secondary",NA,NA
"Hystrix cristata","mass","Body_Mass","g",15625,15625,5,2,0,FALSE,"Burger; Wilman","secondary",NA,NA
"Hystrix indica","mass","Body_Mass","g",13542.915,13542.915,5,2,0,FALSE,"Burger; Wilman","secondary",NA,NA
"Hystrix javanica","mass","Body_Mass","g",23014.42,23014.42,4,1,0,FALSE,"Wilman","secondary",NA,NA
"Hystrix pumila","mass","Body_Mass","g",2740,2740,4,1,0,FALSE,"Wilman","secondary",NA,NA
"Hystrix sumatrae","mass","Body_Mass","g",3260,3260,5,2,0,FALSE,"Burger; Wilman","secondary",NA,NA
"Ia io","mass","Body_Mass","g",49.2,49.2,4,1,0,FALSE,"Wilman","secondary",NA,NA
"Ichneumia albicauda","mass","Body_Mass","g",3950.01,3950.01,5,2,0,FALSE,"Burger; Wilman","secondary",NA,NA
"Ichthyomys hydrobates","mass","Body_Mass","g",66.4,66.4,4,1,0,FALSE,"Wilman","secondary",NA,NA
"Ichthyomys pittieri","mass","Body_Mass","g",69.1,69.1,4,1,0,FALSE,"Wilman","secondary",NA,NA
"Ichthyomys stolzmanni","mass","Body_Mass","g",84.7,84.7,4,1,0,FALSE,"Wilman","secondary",NA,NA
"Ichthyomys tweedii","mass","Body_Mass","g",118.5,118.5,4,1,0,FALSE,"Wilman","secondary",NA,NA
"Ictidomys tridecemlineatus","mass","Body_Mass","g",140,140,4,1,0,FALSE,"Ruf","secondary",NA,NA
"Ictonyx libyca","mass","Body_Mass","g",1146.25,1146.25,5,2,0,FALSE,"Burger; Wilman","secondary",NA,NA
"Ictonyx striatus","mass","Body_Mass","g",1006.495,1006.495,5,2,0,FALSE,"Burger; Wilman","secondary",NA,NA
"Idionycteris phyllotis","mass","Body_Mass","g",12.03,12.03,4,1,0,FALSE,"Wilman","secondary",NA,NA
"Idiurus macrotis","mass","Body_Mass","g",30,30,4,1,0,FALSE,"Wilman","secondary",NA,NA
"Idiurus zenkeri","mass","Body_Mass","g",100,100,4,1,0,FALSE,"Wilman","secondary",NA,NA
"Indopacetus pacificus","mass","Body_Mass","g",2200000,2200000,4,1,0,FALSE,"Wilman","secondary",NA,NA
"Indri indri","mass","Body_Mass","g",6250,6250,18,8,2,TRUE,"Burger; Isler; Lewitus; Powell; Stephan; Stephan_collection; Wilman; Zilles","primary; secondary",NA,NA
"Inia geoffrensis","mass","Body_Mass","g",110626.75,110626.75,5,2,0,FALSE,"Burger; Wilman","secondary",NA,NA
"Iomys horsfieldii","mass","Body_Mass","g",155.5,155.5,5,2,0,FALSE,"Burger; Wilman","secondary",NA,NA
"Iomys sipora","mass","Body_Mass","g",154.67,154.67,4,1,0,FALSE,"Wilman","secondary",NA,NA
"Irenomys tarsalis","mass","Body_Mass","g",43.15,43.15,4,1,0,FALSE,"Wilman","secondary",NA,NA
"Isolobodon montanus","mass","Body_Mass","g",1350.1,1350.1,4,1,0,FALSE,"Wilman","secondary",NA,NA
"Isolobodon portoricensis","mass","Body_Mass","g",1350.1,1350.1,4,1,0,FALSE,"Wilman","secondary",NA,NA
"Isoodon auratus","mass","Body_Mass","g",435.225,435.225,6,2,0,FALSE,"Genoud; Wilman","secondary",NA,NA
"Isoodon macrourus","mass","Body_Mass","g",1513.109,1552.885,9,4,0,FALSE,"Burger; Genoud; Wilman; Wimberly","secondary",NA,NA
"Isoodon obesulus","mass","Body_Mass","g",835.022,775,8,3,0,FALSE,"Burger; Genoud; Wilman","secondary",NA,NA
"Isothrix bistriata","mass","Body_Mass","g",445,445,4,1,0,FALSE,"Wilman","secondary",NA,NA
"Isothrix negrensis","mass","Body_Mass","g",300.97,300.97,4,1,0,FALSE,"Wilman","secondary",NA,NA
"Isothrix pagurus","mass","Body_Mass","g",210,210,4,1,0,FALSE,"Wilman","secondary",NA,NA
"Isothrix sinnamariensis","mass","Body_Mass","g",291.73,291.73,4,1,0,FALSE,"Wilman","secondary",NA,NA
"Isthmomys flavidus","mass","Body_Mass","g",233.68,233.68,4,1,0,FALSE,"Wilman","secondary",NA,NA
"Isthmomys pirrensis","mass","Body_Mass","g",138,138,6,3,0,FALSE,"Burger; Genoud; Wilman","secondary",NA,NA
"Jaculus blanfordi","mass","Body_Mass","g",54.7,54.7,4,1,0,FALSE,"Wilman","secondary",NA,NA
"Jaculus jaculus","mass","Body_Mass","g",65.083,64.2,6,3,0,FALSE,"Burger; Genoud; Wilman","secondary",NA,NA
"Jaculus orientalis","mass","Body_Mass","g",138.725,143.45,8,4,0,FALSE,"Burger; Genoud; Ruf; Wilman","secondary",NA,NA
"Juliomys pictipes","mass","Body_Mass","g",22.9,22.9,4,1,0,FALSE,"Wilman","secondary",NA,NA
"Juliomys rimofrons","mass","Body_Mass","g",19.8,19.8,4,1,0,FALSE,"Wilman","secondary",NA,NA
"Juscelinomys candango","mass","Body_Mass","g",97.3,97.3,4,1,0,FALSE,"Wilman","secondary",NA,NA
"Juscelinomys guaporensis","mass","Body_Mass","g",97.3,97.3,4,1,0,FALSE,"Wilman","secondary",NA,NA
"Juscelinomys huanchacae","mass","Body_Mass","g",97.3,97.3,4,1,0,FALSE,"Wilman","secondary",NA,NA
"Kadarsanomys sodyi","mass","Body_Mass","g",79.09,79.09,4,1,0,FALSE,"Wilman","secondary",NA,NA
"Kannabateomys amblyonyx","mass","Body_Mass","g",600,600,4,1,0,FALSE,"Wilman","secondary",NA,NA
"Kerivoula africana","mass","Body_Mass","g",4.9,4.9,4,1,0,FALSE,"Wilman","secondary",NA,NA
"Kerivoula agnella","mass","Body_Mass","g",5.03,5.03,4,1,0,FALSE,"Wilman","secondary",NA,NA
"Kerivoula argentata","mass","Body_Mass","g",10,10,4,1,0,FALSE,"Wilman","secondary",NA,NA
"Kerivoula cuprosa","mass","Body_Mass","g",5.03,5.03,4,1,0,FALSE,"Wilman","secondary",NA,NA
"Kerivoula eriophora","mass","Body_Mass","g",5.03,5.03,4,1,0,FALSE,"Wilman","secondary",NA,NA
"Kerivoula flora","mass","Body_Mass","g",5.95,5.95,4,1,0,FALSE,"Wilman","secondary",NA,NA
"Kerivoula hardwickii","mass","Body_Mass","g",4.55,4.55,4,1,0,FALSE,"Wilman","secondary",NA,NA
"Kerivoula intermedia","mass","Body_Mass","g",3.55,3.55,4,1,0,FALSE,"Wilman","secondary",NA,NA
"Kerivoula lanosa","mass","Body_Mass","g",6.5,6.5,4,1,0,FALSE,"Wilman","secondary",NA,NA
"Kerivoula lenis","mass","Body_Mass","g",4.9,4.9,4,1,0,FALSE,"Wilman","secondary",NA,NA
"Kerivoula minuta","mass","Body_Mass","g",2.07,2.07,4,1,0,FALSE,"Wilman","secondary",NA,NA
"Kerivoula muscina","mass","Body_Mass","g",5.15,5.15,4,1,0,FALSE,"Wilman","secondary",NA,NA
"Kerivoula myrella","mass","Body_Mass","g",6.5,6.5,4,1,0,FALSE,"Wilman","secondary",NA,NA
"Kerivoula papillosa","mass","Body_Mass","g",9.95,9.95,5,2,0,FALSE,"Burger; Wilman","secondary",NA,NA
"Kerivoula pellucida","mass","Body_Mass","g",4.115,4.115,5,2,0,FALSE,"Burger; Wilman","secondary",NA,NA
"Kerivoula phalaena","mass","Body_Mass","g",3,3,5,2,0,FALSE,"Burger; Wilman","secondary",NA,NA
"Kerivoula picta","mass","Body_Mass","g",4.5,4.5,4,1,0,FALSE,"Wilman","secondary",NA,NA
"Kerivoula smithii","mass","Body_Mass","g",5.03,5.03,4,1,0,FALSE,"Wilman","secondary",NA,NA
"Kerivoula whiteheadi","mass","Body_Mass","g",3.95,3.95,4,1,0,FALSE,"Wilman","secondary",NA,NA
"Kerodon acrobata","mass","Body_Mass","g",800,800,4,1,0,FALSE,"Wilman","secondary",NA,NA
"Kerodon rupestris","mass","Body_Mass","g",766.5,766.5,5,2,0,FALSE,"Genoud; Wilman","secondary",NA,NA
"KNM-ER 1470","mass","Body_Mass","g",52000,52000,4,1,1,TRUE,"Weaver","primary",NA,NA
"KNM-ER 1805","mass","Body_Mass","g",32000,32000,4,1,1,TRUE,"Weaver","primary",NA,NA
"KNM-ER 1813","mass","Body_Mass","g",32000,32000,4,1,1,TRUE,"Weaver","primary",NA,NA
"KNM-ER 23000","mass","Body_Mass","g",46000,46000,4,1,1,TRUE,"Weaver","primary",NA,NA
"KNM-ER 3733","mass","Body_Mass","g",61800,61800,4,1,1,TRUE,"Weaver","primary",NA,NA
"KNM-ER 3883","mass","Body_Mass","g",61800,61800,4,1,1,TRUE,"Weaver","primary",NA,NA
"KNM-WT 15000","mass","Body_Mass","g",68000,68000,4,1,1,TRUE,"Weaver","primary",NA,NA
"Kobus ellipsiprymnus","mass","Body_Mass","g",175648.455,196296.74,7,4,0,FALSE,"Burger; Genoud; Wilman; Wimberly","secondary",NA,NA
"Kobus kob","mass","Body_Mass","g",98000.03,98000.03,5,2,0,FALSE,"Burger; Wilman","secondary",NA,NA
"Kobus leche","mass","Body_Mass","g",116874.525,116874.525,5,2,0,FALSE,"Burger; Wilman","secondary",NA,NA
"Kobus megaceros","mass","Body_Mass","g",87500.39,87500.39,4,1,0,FALSE,"Wilman","secondary",NA,NA
"Kobus vardonii","mass","Body_Mass","g",71500.65,71500.65,4,1,0,FALSE,"Wilman","secondary",NA,NA
"Kogia breviceps","mass","Body_Mass","g",382750,382750,5,2,0,FALSE,"Burger; Wilman","secondary",NA,NA
"Kogia sima","mass","Body_Mass","g",175783.33,175783.33,5,2,0,FALSE,"Burger; Wilman","secondary",NA,NA
"Komodomys rintjanus","mass","Body_Mass","g",73.85,73.85,4,1,0,FALSE,"Wilman","secondary",NA,NA
"Kunsia fronto","mass","Body_Mass","g",168,168,4,1,0,FALSE,"Wilman","secondary",NA,NA
"Kunsia tomentosus","mass","Body_Mass","g",115.6,115.6,4,1,0,FALSE,"Wilman","secondary",NA,NA
"La Chapelle I","mass","Body_Mass","g",76410,76410,4,1,1,TRUE,"Weaver","primary",NA,NA
"La Ferrassie I","mass","Body_Mass","g",84990,84990,4,1,1,TRUE,"Weaver","primary",NA,NA
"Laephotis angolensis","mass","Body_Mass","g",7.48,7.48,4,1,0,FALSE,"Wilman","secondary",NA,NA
"Laephotis botswanae","mass","Body_Mass","g",7.2,7.2,4,1,0,FALSE,"Wilman","secondary",NA,NA
"Laephotis namibensis","mass","Body_Mass","g",7.48,7.48,4,1,0,FALSE,"Wilman","secondary",NA,NA
"Laephotis wintoni","mass","Body_Mass","g",6,6,4,1,0,FALSE,"Wilman","secondary",NA,NA
"Lagenodelphis hosei","mass","Body_Mass","g",164000,164000,4,1,0,FALSE,"Wilman","secondary",NA,NA
"Lagenorhynchus acutus","mass","Body_Mass","g",213302.5,213302.5,5,2,0,FALSE,"Burger; Wilman","secondary",NA,NA
"Lagenorhynchus albirostris","mass","Body_Mass","g",123750,123750,5,2,0,FALSE,"Burger; Wilman","secondary",NA,NA
"Lagenorhynchus australis","mass","Body_Mass","g",120000,120000,4,1,0,FALSE,"Wilman","secondary",NA,NA
"Lagenorhynchus cruciger","mass","Body_Mass","g",110000,110000,4,1,0,FALSE,"Wilman","secondary",NA,NA
"Lagenorhynchus obliquidens","mass","Body_Mass","g",104875,104875,5,2,0,FALSE,"Burger; Wilman","secondary",NA,NA
"Lagenorhynchus obscurus","mass","Body_Mass","g",92986.55,92986.55,5,2,0,FALSE,"Burger; Wilman","secondary",NA,NA
"Lagenorhyncus obliquidens","mass","Body_Mass","g",86000,86000,5,1,0,FALSE,"MacLarnon","secondary",NA,NA
"Lagidium peruanum","mass","Body_Mass","g",1220,1220,4,1,0,FALSE,"Wilman","secondary",NA,NA
"Lagidium viscacia","mass","Body_Mass","g",2018.833,2056,6,3,0,FALSE,"Burger; Genoud; Wilman","secondary",NA,NA
"Lagidium wolffsohni","mass","Body_Mass","g",2682.01,2682.01,4,1,0,FALSE,"Wilman","secondary",NA,NA
"Lagorchestes asomatus","mass","Body_Mass","g",1500,1500,4,1,0,FALSE,"Wilman","secondary",NA,NA
"Lagorchestes conspicillatus","mass","Body_Mass","g",2910,3000,7,3,0,FALSE,"Burger; Genoud; Wilman","secondary",NA,NA
"Lagorchestes hirsutus","mass","Body_Mass","g",1265,1265,5,2,0,FALSE,"Burger; Wilman","secondary",NA,NA
"Lagorchestes leporides","mass","Body_Mass","g",3000,3000,5,2,0,FALSE,"Burger; Wilman","secondary",NA,NA
"Lagostomus crassus","mass","Body_Mass","g",4647.51,4647.51,4,1,0,FALSE,"Wilman","secondary",NA,NA
"Lagostomus maximus","mass","Body_Mass","g",5234.087,4647.51,6,3,0,FALSE,"Burger; Genoud; Wilman","secondary",NA,NA
"Lagostrophus fasciatus","mass","Body_Mass","g",1725,1725,5,2,0,FALSE,"Burger; Wilman","secondary",NA,NA
"Lagothrix cana","mass","Body_Mass","g",5899.1,7687.5,7,4,0,FALSE,"Burger; Isler; Powell; Wilman","secondary",NA,NA
"Lagothrix lagothricha","mass","Body_Mass","g",5920,5600,20,11,4,TRUE,"Burger; Granatosky; Heffner; Isler; Lewitus; MacLarnon; Powell; Seymour; Stephan; Stephan_collection; Wilman","primary; secondary",NA,NA
"Lagothrix lugens","mass","Body_Mass","g",6,6,4,1,0,FALSE,"Wilman","secondary",NA,NA
"Lagothrix poeppigii","mass","Body_Mass","g",4555.77,4533,6,3,0,FALSE,"Burger; Powell; Wilman","secondary",NA,NA
"Lagurus lagurus","mass","Body_Mass","g",20.2,20.2,5,2,0,FALSE,"Burger; Wilman","secondary",NA,NA
"Lama glama","mass","Body_Mass","g",106509.917,102608.5,7,4,0,FALSE,"Burger; Genoud; Wilman; Wimberly","secondary",NA,NA
"Lama glama domesticus","mass","Body_Mass","g",107250,107250,4,1,0,FALSE,"Lewitus","secondary",NA,NA
"Lamottemys okuensis","mass","Body_Mass","g",75.89,75.89,4,1,0,FALSE,"Wilman","secondary",NA,NA
"Lampornis clemenciae","mass","Body_Mass","g",8,8,4,1,0,FALSE,"Ruf","secondary",NA,NA
"Lampronycteris brachyotis","mass","Body_Mass","g",10.39,10.39,4,1,0,FALSE,"Wilman","secondary",NA,NA
"Lariscus hosei","mass","Body_Mass","g",180,180,4,1,0,FALSE,"Wilman","secondary",NA,NA
"Lariscus insignis","mass","Body_Mass","g",200,200,4,1,0,FALSE,"Wilman","secondary",NA,NA
"Lariscus niobe","mass","Body_Mass","g",190.2,190.2,4,1,0,FALSE,"Wilman","secondary",NA,NA
"Lariscus obscurus","mass","Body_Mass","g",241.19,241.19,4,1,0,FALSE,"Wilman","secondary",NA,NA
"Lasionycteris noctivagans","mass","Body_Mass","g",10.46,10.46,4,1,0,FALSE,"Wilman","secondary",NA,NA
"Lasiopodomys brandtii","mass","Body_Mass","g",71.825,71.825,14,2,0,FALSE,"Genoud; Wilman","secondary",NA,NA
"Lasiopodomys fuscus","mass","Body_Mass","g",42.5,42.5,4,1,0,FALSE,"Wilman","secondary",NA,NA
"Lasiopodomys mandarinus","mass","Body_Mass","g",47.48,47.48,4,1,0,FALSE,"Wilman","secondary",NA,NA
"Lasiorhinus krefftii","mass","Body_Mass","g",17374.995,17374.995,5,2,0,FALSE,"Wilman; Wimberly","secondary",NA,NA
"Lasiorhinus latifrons","mass","Body_Mass","g",29917,29917,7,4,1,TRUE,"Burger; Genoud; Seymour; Wilman","primary; secondary",NA,NA
"Lasiurus atratus","mass","Body_Mass","g",14.57,14.57,4,1,0,FALSE,"Wilman","secondary",NA,NA
"Lasiurus blossevillii","mass","Body_Mass","g",9.5,9.5,4,1,0,FALSE,"Wilman","secondary",NA,NA
"Lasiurus borealis","mass","Body_Mass","g",10.41,10.87,7,4,0,FALSE,"Burger; Genoud; Ruf; Wilman","secondary",NA,NA
"Lasiurus castaneus","mass","Body_Mass","g",13.63,13.63,4,1,0,FALSE,"Wilman","secondary",NA,NA
"Lasiurus cinereus","mass","Body_Mass","g",26.877,25.28,7,3,0,FALSE,"Genoud; Ruf; Wilman","secondary",NA,NA
"Lasiurus degelidus","mass","Body_Mass","g",14.57,14.57,4,1,0,FALSE,"Wilman","secondary",NA,NA
"Lasiurus ebenus","mass","Body_Mass","g",14,14,4,1,0,FALSE,"Wilman","secondary",NA,NA
"Lasiurus ega","mass","Body_Mass","g",13.2,13.2,4,1,0,FALSE,"Wilman","secondary",NA,NA
"Lasiurus egregius","mass","Body_Mass","g",20,20,4,1,0,FALSE,"Wilman","secondary",NA,NA
"Lasiurus insularis","mass","Body_Mass","g",14.57,14.57,4,1,0,FALSE,"Wilman","secondary",NA,NA
"Lasiurus intermedius","mass","Body_Mass","g",22.815,22.815,5,2,0,FALSE,"Genoud; Wilman","secondary",NA,NA
"Lasiurus minor","mass","Body_Mass","g",14.57,14.57,4,1,0,FALSE,"Wilman","secondary",NA,NA
"Lasiurus pfeifferi","mass","Body_Mass","g",14.57,14.57,4,1,0,FALSE,"Wilman","secondary",NA,NA
"Lasiurus salinae","mass","Body_Mass","g",14.57,14.57,4,1,0,FALSE,"Wilman","secondary",NA,NA
"Lasiurus seminolus","mass","Body_Mass","g",9.845,9.845,5,2,0,FALSE,"Genoud; Wilman","secondary",NA,NA
"Lasiurus varius","mass","Body_Mass","g",14.57,14.57,4,1,0,FALSE,"Wilman","secondary",NA,NA
"Lasiurus xanthinus","mass","Body_Mass","g",14.57,14.57,4,1,0,FALSE,"Wilman","secondary",NA,NA
"Latidens salimalii","mass","Body_Mass","g",44,44,4,1,0,FALSE,"Wilman","secondary",NA,NA
"Lavia frons","mass","Body_Mass","g",23.715,23.715,5,2,0,FALSE,"Burger; Wilman","secondary",NA,NA
"Leggadina forresti","mass","Body_Mass","g",20,20,4,1,0,FALSE,"Wilman","secondary",NA,NA
"Leggadina lakedownensis","mass","Body_Mass","g",17.5,17.5,4,1,0,FALSE,"Wilman","secondary",NA,NA
"Leimacomys buttneri","mass","Body_Mass","g",55,55,4,1,0,FALSE,"Wilman","secondary",NA,NA
"Lemmiscus curtatus","mass","Body_Mass","g",29.285,29.285,5,2,0,FALSE,"Genoud; Wilman","secondary",NA,NA
"Lemmus amurensis","mass","Body_Mass","g",42.81,42.81,4,1,0,FALSE,"Wilman","secondary",NA,NA
"Lemmus lemmus","mass","Body_Mass","g",59,60.6,7,3,0,FALSE,"Burger; Genoud; Wilman","secondary",NA,NA
"Lemmus portenkoi","mass","Body_Mass","g",55.76,55.76,4,1,0,FALSE,"Wilman","secondary",NA,NA
"Lemmus sibiricus","mass","Body_Mass","g",67.207,70,7,3,0,FALSE,"Burger; Genoud; Wilman","secondary",NA,NA
"Lemmus trimucronatus","mass","Body_Mass","g",63.157,69.6,9,3,0,FALSE,"Burger; Genoud; Wilman","secondary",NA,NA
"Lemniscomys barbarus","mass","Body_Mass","g",33.43,33.43,4,1,0,FALSE,"Wilman","secondary",NA,NA
"Lemniscomys bellieri","mass","Body_Mass","g",46.47,46.47,4,1,0,FALSE,"Wilman","secondary",NA,NA
"Lemniscomys griselda","mass","Body_Mass","g",58,58,4,1,0,FALSE,"Wilman","secondary",NA,NA
"Lemniscomys hoogstraali","mass","Body_Mass","g",44.92,44.92,4,1,0,FALSE,"Wilman","secondary",NA,NA
"Lemniscomys linulus","mass","Body_Mass","g",44.45,44.45,4,1,0,FALSE,"Wilman","secondary",NA,NA
"Lemniscomys macculus","mass","Body_Mass","g",26.5,26.5,4,1,0,FALSE,"Wilman","secondary",NA,NA
"Lemniscomys mittendorfi","mass","Body_Mass","g",41.85,41.85,4,1,0,FALSE,"Wilman","secondary",NA,NA
"Lemniscomys rosalia","mass","Body_Mass","g",53.725,53.725,6,2,0,FALSE,"Genoud; Wilman","secondary",NA,NA
"Lemniscomys roseveari","mass","Body_Mass","g",44.73,44.73,4,1,0,FALSE,"Wilman","secondary",NA,NA
"Lemniscomys striatus","mass","Body_Mass","g",42.165,42.165,5,2,0,FALSE,"Burger; Wilman","secondary",NA,NA
"Lemniscomys zebra","mass","Body_Mass","g",41.16,41.16,4,1,0,FALSE,"Wilman","secondary",NA,NA
"Lemur catta","mass","Body_Mass","g",2173.333,2210,16,11,3,TRUE,"Burger; Genoud; Granatosky; Heffner; Heldstab; Isler; Lewitus; Powell; Seymour; Wilman; Wimberly","primary; secondary",NA,NA
"Lenomys meyeri","mass","Body_Mass","g",74.17,74.17,4,1,0,FALSE,"Wilman","secondary",NA,NA
"Lenothrix canus","mass","Body_Mass","g",135,135,4,1,0,FALSE,"Wilman","secondary",NA,NA
"Lenoxus apicalis","mass","Body_Mass","g",53.6,53.6,4,1,0,FALSE,"Wilman","secondary",NA,NA
"Leontopithecus caissara","mass","Body_Mass","g",572,572,4,1,0,FALSE,"Wilman","secondary",NA,NA
"Leontopithecus chrysomelas","mass","Body_Mass","g",655,655,8,5,1,TRUE,"Burger; Heldstab; Isler; Powell; Wilman","primary; secondary",NA,NA
"Leontopithecus chrysopygus","mass","Body_Mass","g",700,700,4,1,0,FALSE,"Wilman","secondary",NA,NA
"Leontopithecus rosalia","mass","Body_Mass","g",607.25,607.25,16,11,2,TRUE,"10.1002%2Fcne.24349_Table3.tsv; Burger; Genoud; Granatosky; Heldstab; Isler; Powell; Seymour; Wilman; Wimberly; Zilles","primary; secondary",NA,NA
"Leopardus braccatus","mass","Body_Mass","g",5157.94,5157.94,4,1,0,FALSE,"Wilman","secondary",NA,NA
"Leopardus colocolo","mass","Body_Mass","g",5157.94,5157.94,4,1,0,FALSE,"Wilman","secondary",NA,NA
"Leopardus geoffroyi","mass","Body_Mass","g",4373.97,4373.97,5,2,0,FALSE,"Burger; Wilman","secondary",NA,NA
"Leopardus guigna","mass","Body_Mass","g",5157.94,5157.94,4,1,0,FALSE,"Wilman","secondary",NA,NA
"Leopardus jacobitus","mass","Body_Mass","g",8133.78,8133.78,4,1,0,FALSE,"Wilman","secondary",NA,NA
"Leopardus pajeros","mass","Body_Mass","g",5157.94,5157.94,4,1,0,FALSE,"Wilman","secondary",NA,NA
"Leopardus pardalis","mass","Body_Mass","g",11356.395,11200.04,7,4,0,FALSE,"Burger; Genoud; Wilman; Wimberly","secondary",NA,NA
"Leopardus tigrinus","mass","Body_Mass","g",2250,2250,4,1,0,FALSE,"Wilman","secondary",NA,NA
"Leopardus wiedii","mass","Body_Mass","g",3399.985,3399.985,5,2,0,FALSE,"Genoud; Wilman","secondary",NA,NA
"Leopoldamys ciliatus","mass","Body_Mass","g",336.38,336.38,4,1,0,FALSE,"Wilman","secondary",NA,NA
"Leopoldamys edwardsi","mass","Body_Mass","g",316.05,316.05,5,2,0,FALSE,"Burger; Wilman","secondary",NA,NA
"Leopoldamys milleti","mass","Body_Mass","g",336.38,336.38,4,1,0,FALSE,"Wilman","secondary",NA,NA
"Leopoldamys neilli","mass","Body_Mass","g",219,219,4,1,0,FALSE,"Wilman","secondary",NA,NA
"Leopoldamys sabanus","mass","Body_Mass","g",335.515,335.515,5,2,0,FALSE,"Burger; Wilman","secondary",NA,NA
"Leopoldamys siporanus","mass","Body_Mass","g",454.35,454.35,5,2,0,FALSE,"Burger; Wilman","secondary",NA,NA
"Lepilemur ankaranensis","mass","Body_Mass","g",700.89,700.89,4,1,0,FALSE,"Wilman","secondary",NA,NA
"Lepilemur dorsalis","mass","Body_Mass","g",746.667,870,6,3,0,FALSE,"Burger; Isler; Wilman","secondary",NA,NA
"Lepilemur edwardsi","mass","Body_Mass","g",873.25,931,7,4,0,FALSE,"Burger; Granatosky; Isler; Wilman","secondary",NA,NA
"Lepilemur leucopus","mass","Body_Mass","g",616.75,605.75,7,4,0,FALSE,"Burger; Isler; Powell; Wilman","secondary",NA,NA
"Lepilemur microdon","mass","Body_Mass","g",946.667,970,6,3,0,FALSE,"Burger; Isler; Wilman","secondary",NA,NA
"Lepilemur mustelinus","mass","Body_Mass","g",772.3,775,8,4,0,FALSE,"Burger; Isler; Powell; Wilman","secondary",NA,NA
"Lepilemur ruficaudatus","mass","Body_Mass","g",915,915,17,8,2,TRUE,"Burger; Genoud; Isler; Lewitus; Powell; Stephan; Stephan_collection; Wilman","primary; secondary",NA,NA
"Lepilemur septentrionalis","mass","Body_Mass","g",750,750,4,1,0,FALSE,"Wilman","secondary",NA,NA
"Leporillus apicalis","mass","Body_Mass","g",150,150,4,1,0,FALSE,"Wilman","secondary",NA,NA
"Leporillus conditor","mass","Body_Mass","g",350,350,4,1,0,FALSE,"Wilman","secondary",NA,NA
"Leptailurus serval","mass","Body_Mass","g",11852.492,11669.985,7,4,0,FALSE,"Burger; Genoud; Wilman; Wimberly","secondary",NA,NA
"Leptomys elegans","mass","Body_Mass","g",84.75,84.75,4,1,0,FALSE,"Wilman","secondary",NA,NA
"Leptomys ernstmayri","mass","Body_Mass","g",42.85,42.85,4,1,0,FALSE,"Wilman","secondary",NA,NA
"Leptomys signatus","mass","Body_Mass","g",52.04,52.04,4,1,0,FALSE,"Wilman","secondary",NA,NA
"Leptonychotes weddellii","mass","Body_Mass","g",385211.112,378666.67,8,3,0,FALSE,"Burger; Genoud; Wilman","secondary",NA,NA
"Leptonycteris curasoae","mass","Body_Mass","g",24.14,24,6,3,0,FALSE,"Burger; Genoud; Wilman","secondary",NA,NA
"Leptonycteris nivalis","mass","Body_Mass","g",24.27,24.27,5,2,0,FALSE,"Burger; Wilman","secondary",NA,NA
"Leptonycteris yerbabuenae","mass","Body_Mass","g",22.12,22.12,5,2,0,FALSE,"Genoud; Wilman","secondary",NA,NA
"Lepus alleni","mass","Body_Mass","g",3433.01,3433.01,6,2,0,FALSE,"Genoud; Wilman","secondary",NA,NA
"Lepus americanus","mass","Body_Mass","g",1572.84,1508.5,7,3,0,FALSE,"Burger; Genoud; Wilman","secondary",NA,NA
"Lepus arcticus","mass","Body_Mass","g",3880.013,4231,6,3,0,FALSE,"Burger; Genoud; Wilman","secondary",NA,NA
"Lepus brachyurus","mass","Body_Mass","g",2519.45,2519.45,4,1,0,FALSE,"Wilman","secondary",NA,NA
"Lepus californicus","mass","Body_Mass","g",2293.96,2314.9,7,3,0,FALSE,"Burger; Genoud; Wilman","secondary",NA,NA
"Lepus callotis","mass","Body_Mass","g",2500,2500,4,1,0,FALSE,"Wilman","secondary",NA,NA
"Lepus capensis","mass","Body_Mass","g",2358.057,2412.5,6,3,0,FALSE,"Burger; Genoud; Wilman","secondary",NA,NA
"Lepus castroviejoi","mass","Body_Mass","g",2822.41,2822.41,4,1,0,FALSE,"Wilman","secondary",NA,NA
"Lepus comus","mass","Body_Mass","g",1460,1460,4,1,0,FALSE,"Wilman","secondary",NA,NA
"Lepus coreanus","mass","Body_Mass","g",2017.79,2017.79,4,1,0,FALSE,"Wilman","secondary",NA,NA
"Lepus corsicanus","mass","Body_Mass","g",3000,3000,4,1,0,FALSE,"Wilman","secondary",NA,NA
"Lepus europaeus","mass","Body_Mass","g",2530.5,1954,7,3,0,FALSE,"Burger; Genoud; Wilman","secondary",NA,NA
"Lepus fagani","mass","Body_Mass","g",2048.51,2048.51,4,1,0,FALSE,"Wilman","secondary",NA,NA
"Lepus flavigularis","mass","Body_Mass","g",2999.99,2999.99,4,1,0,FALSE,"Wilman","secondary",NA,NA
"Lepus granatensis","mass","Body_Mass","g",4010,4010,4,1,0,FALSE,"Wilman","secondary",NA,NA
"Lepus habessinicus","mass","Body_Mass","g",2015.56,2015.56,4,1,0,FALSE,"Wilman","secondary",NA,NA
"Lepus hainanus","mass","Body_Mass","g",2000,2000,4,1,0,FALSE,"Wilman","secondary",NA,NA
"Lepus insularis","mass","Body_Mass","g",2658.02,2658.02,4,1,0,FALSE,"Wilman","secondary",NA,NA
"Lepus mandshuricus","mass","Body_Mass","g",1800,1800,4,1,0,FALSE,"Wilman","secondary",NA,NA
"Lepus microtis","mass","Body_Mass","g",1763.61,1763.61,4,1,0,FALSE,"Wilman","secondary",NA,NA
"Lepus nigricollis","mass","Body_Mass","g",2129.75,2129.75,5,2,0,FALSE,"Burger; Wilman","secondary",NA,NA
"Lepus oiostolus","mass","Body_Mass","g",3000,3000,4,1,0,FALSE,"Wilman","secondary",NA,NA
"Lepus othus","mass","Body_Mass","g",4805.96,4805.96,4,1,0,FALSE,"Wilman","secondary",NA,NA
"Lepus peguensis","mass","Body_Mass","g",2267.5,2267.5,4,1,0,FALSE,"Wilman","secondary",NA,NA
"Lepus saxatilis","mass","Body_Mass","g",2363.33,2363.33,4,1,0,FALSE,"Wilman","secondary",NA,NA
"Lepus sinensis","mass","Body_Mass","g",1510,1510,4,1,0,FALSE,"Wilman","secondary",NA,NA
"Lepus starcki","mass","Body_Mass","g",2750,2750,4,1,0,FALSE,"Wilman","secondary",NA,NA
"Lepus tibetanus","mass","Body_Mass","g",2451.03,2451.03,4,1,0,FALSE,"Wilman","secondary",NA,NA
"Lepus timidus","mass","Body_Mass","g",3139.5,3096,6,3,0,FALSE,"Burger; Genoud; Wilman","secondary",NA,NA
"Lepus tolai","mass","Body_Mass","g",1589,1589,4,1,0,FALSE,"Wilman","secondary",NA,NA
"Lepus townsendii","mass","Body_Mass","g",1992.5,1992.5,5,2,0,FALSE,"Genoud; Wilman","secondary",NA,NA
"Lepus yarkandensis","mass","Body_Mass","g",1460.41,1460.41,4,1,0,FALSE,"Wilman","secondary",NA,NA
"Lestodelphys halli","mass","Body_Mass","g",76,76,4,1,0,FALSE,"Wilman","secondary",NA,NA
"Lestoros inca","mass","Body_Mass","g",21.1,21.1,4,1,0,FALSE,"Wilman","secondary",NA,NA
"Liberiictis kuhni","mass","Body_Mass","g",2150.01,2150.01,4,1,0,FALSE,"Wilman","secondary",NA,NA
"Lichonycteris obscura","mass","Body_Mass","g",5.6,5.6,4,1,0,FALSE,"Wilman","secondary",NA,NA
"Limnomys bryophilus","mass","Body_Mass","g",64.1,64.1,4,1,0,FALSE,"Wilman","secondary",NA,NA
"Limnomys sibuanus","mass","Body_Mass","g",60,60,4,1,0,FALSE,"Wilman","secondary",NA,NA
"Liomys adspersus","mass","Body_Mass","g",65,65,4,1,0,FALSE,"Wilman","secondary",NA,NA
"Liomys irroratus","mass","Body_Mass","g",51.4,50,7,3,0,FALSE,"Burger; Genoud; Wilman","secondary",NA,NA
"Liomys pictus","mass","Body_Mass","g",41.675,41.675,5,2,0,FALSE,"Burger; Wilman","secondary",NA,NA
"Liomys salvini","mass","Body_Mass","g",43.589,43.867,8,3,0,FALSE,"Burger; Genoud; Wilman","secondary",NA,NA
"Liomys spectabilis","mass","Body_Mass","g",65,65,4,1,0,FALSE,"Wilman","secondary",NA,NA
"Lionycteris spurrelli","mass","Body_Mass","g",7.965,7.965,5,2,0,FALSE,"Burger; Wilman","secondary",NA,NA
"Lipotes vexillifer","mass","Body_Mass","g",131750,131750,5,2,0,FALSE,"Burger; Wilman","secondary",NA,NA
"Lissodelphis borealis","mass","Body_Mass","g",93000,93000,5,2,0,FALSE,"Burger; Wilman","secondary",NA,NA
"Lissodelphis peronii","mass","Body_Mass","g",116000,116000,4,1,0,FALSE,"Wilman","secondary",NA,NA
"Lissonycteris angolensis","mass","Body_Mass","g",76.23,76.23,5,2,0,FALSE,"Burger; Wilman","secondary",NA,NA
"Litocranius walleri","mass","Body_Mass","g",38874.845,38874.845,5,2,0,FALSE,"Burger; Wilman","secondary",NA,NA
"Lobodon carcinophaga","mass","Body_Mass","g",223624.995,223624.995,5,2,0,FALSE,"Burger; Wilman","secondary",NA,NA
"Lonchophylla bokermanni","mass","Body_Mass","g",11.8,11.8,4,1,0,FALSE,"Wilman","secondary",NA,NA
"Lonchophylla dekeyseri","mass","Body_Mass","g",11.8,11.8,4,1,0,FALSE,"Wilman","secondary",NA,NA
"Lonchophylla handleyi","mass","Body_Mass","g",18.5,18.5,4,1,0,FALSE,"Wilman","secondary",NA,NA
"Lonchophylla hesperia","mass","Body_Mass","g",11.8,11.8,4,1,0,FALSE,"Wilman","secondary",NA,NA
"Lonchophylla mordax","mass","Body_Mass","g",10.7,10.7,5,2,0,FALSE,"Burger; Wilman","secondary",NA,NA
"Lonchophylla robusta","mass","Body_Mass","g",13,13,4,1,0,FALSE,"Wilman","secondary",NA,NA
"Lonchophylla thomasi","mass","Body_Mass","g",7.025,7.025,5,2,0,FALSE,"Burger; Wilman","secondary",NA,NA
"Lonchorhina aurita","mass","Body_Mass","g",16.85,16.85,5,2,0,FALSE,"Burger; Wilman","secondary",NA,NA
"Lonchorhina fernandezi","mass","Body_Mass","g",14.32,14.32,4,1,0,FALSE,"Wilman","secondary",NA,NA
"Lonchorhina inusitata","mass","Body_Mass","g",13.29,13.29,4,1,0,FALSE,"Wilman","secondary",NA,NA
"Lonchorhina marinkellei","mass","Body_Mass","g",17,17,4,1,0,FALSE,"Wilman","secondary",NA,NA
"Lonchorhina orinocensis","mass","Body_Mass","g",8.8,8.8,4,1,0,FALSE,"Wilman","secondary",NA,NA
"Lonchothrix emiliae","mass","Body_Mass","g",138.2,138.2,4,1,0,FALSE,"Wilman","secondary",NA,NA
"Long-tailed macaque","mass","Body_Mass","g",5700,5700,4,1,0,FALSE,"Burish","review",NA,NA
"Lontra canadensis","mass","Body_Mass","g",7968.71,7968.71,5,2,0,FALSE,"Burger; Wilman","secondary",NA,NA
"Lontra felina","mass","Body_Mass","g",17300,17300,5,2,0,FALSE,"Burger; Wilman","secondary",NA,NA
"Lontra longicaudis","mass","Body_Mass","g",7277.48,7277.48,5,2,0,FALSE,"Burger; Wilman","secondary",NA,NA
"Lontra provocax","mass","Body_Mass","g",7499.98,7499.98,4,1,0,FALSE,"Wilman","secondary",NA,NA
"Lophiomys imhausi","mass","Body_Mass","g",755.01,755.01,4,1,0,FALSE,"Wilman","secondary",NA,NA
"Lophocebus albigena","mass","Body_Mass","g",7645,7900,21,10,3,TRUE,"Burger; Granatosky; Isler; Lewitus; Powell; Seymour; Stephan; Stephan_collection; Wilman; Zilles","primary; secondary",NA,NA
"Lophocebus aterrimus","mass","Body_Mass","g",6467.592,6655.185,7,4,0,FALSE,"Burger; Isler; Powell; Wilman","secondary",NA,NA
"Lophocebus opdenboschi","mass","Body_Mass","g",7075.67,7075.67,4,1,0,FALSE,"Wilman","secondary",NA,NA
"Lophostoma brasiliense","mass","Body_Mass","g",9.76,9.76,4,1,0,FALSE,"Wilman","secondary",NA,NA
"Lophostoma carrikeri","mass","Body_Mass","g",22.35,22.35,4,1,0,FALSE,"Wilman","secondary",NA,NA
"Lophostoma evotis","mass","Body_Mass","g",20.58,20.58,4,1,0,FALSE,"Wilman","secondary",NA,NA
"Lophostoma schulzi","mass","Body_Mass","g",18.02,18.02,4,1,0,FALSE,"Wilman","secondary",NA,NA
"Lophostoma silvicolum","mass","Body_Mass","g",32.29,32.29,4,1,0,FALSE,"Wilman","secondary",NA,NA
"Lophuromys angolensis","mass","Body_Mass","g",36.5,36.5,4,1,0,FALSE,"Wilman","secondary",NA,NA
"Lophuromys ansorgei","mass","Body_Mass","g",36.5,36.5,4,1,0,FALSE,"Wilman","secondary",NA,NA
"Lophuromys aquilus","mass","Body_Mass","g",36.5,36.5,4,1,0,FALSE,"Wilman","secondary",NA,NA
"Lophuromys brevicaudus","mass","Body_Mass","g",36.5,36.5,4,1,0,FALSE,"Wilman","secondary",NA,NA
"Lophuromys brunneus","mass","Body_Mass","g",36.5,36.5,4,1,0,FALSE,"Wilman","secondary",NA,NA
"Lophuromys chrysopus","mass","Body_Mass","g",36.5,36.5,4,1,0,FALSE,"Wilman","secondary",NA,NA
"Lophuromys dieterleni","mass","Body_Mass","g",36.5,36.5,4,1,0,FALSE,"Wilman","secondary",NA,NA
"Lophuromys dudui","mass","Body_Mass","g",36.5,36.5,4,1,0,FALSE,"Wilman","secondary",NA,NA
"Lophuromys eisentrauti","mass","Body_Mass","g",54.21,54.21,4,1,0,FALSE,"Wilman","secondary",NA,NA
"Lophuromys flavopunctatus","mass","Body_Mass","g",60,60,5,2,0,FALSE,"Burger; Wilman","secondary",NA,NA
"Lophuromys huttereri","mass","Body_Mass","g",36.5,36.5,4,1,0,FALSE,"Wilman","secondary",NA,NA
"Lophuromys luteogaster","mass","Body_Mass","g",36.52,36.52,4,1,0,FALSE,"Wilman","secondary",NA,NA
"Lophuromys medicaudatus","mass","Body_Mass","g",36.38,36.38,4,1,0,FALSE,"Wilman","secondary",NA,NA
"Lophuromys melanonyx","mass","Body_Mass","g",10.2,10.2,4,1,0,FALSE,"Wilman","secondary",NA,NA
"Lophuromys nudicaudus","mass","Body_Mass","g",32.59,32.59,4,1,0,FALSE,"Wilman","secondary",NA,NA
"Lophuromys rahmi","mass","Body_Mass","g",38,38,4,1,0,FALSE,"Wilman","secondary",NA,NA
"Lophuromys roseveari","mass","Body_Mass","g",36.5,36.5,4,1,0,FALSE,"Wilman","secondary",NA,NA
"Lophuromys sikapusi","mass","Body_Mass","g",67.385,67.385,5,2,0,FALSE,"Burger; Wilman","secondary",NA,NA
"Lophuromys verhageni","mass","Body_Mass","g",36.5,36.5,4,1,0,FALSE,"Wilman","secondary",NA,NA
"Lophuromys woosnami","mass","Body_Mass","g",42.15,42.15,4,1,0,FALSE,"Wilman","secondary",NA,NA
"Lophuromys zena","mass","Body_Mass","g",36.5,36.5,4,1,0,FALSE,"Wilman","secondary",NA,NA
"Lorentzimys nouhuysi","mass","Body_Mass","g",14.2,14.2,4,1,0,FALSE,"Wilman","secondary",NA,NA
"Loris lydekkerianus","mass","Body_Mass","g",265.265,267,7,4,0,FALSE,"Burger; Isler; Powell; Wilman","secondary",NA,NA
"Loris tardigradus","mass","Body_Mass","g",291.667,322,25,12,3,TRUE,"Burger; Genoud; Granatosky; Isler; Lewitus; Powell; Seymour; Stephan; Stephan_collection; Wilman; Wimberly; Zilles","primary; secondary",NA,NA
"Loxodonta africana","mass","Body_Mass","g",3590416.316,3824539.93,10,7,0,FALSE,"Burger; Garwicz; Genoud; HerculanoHouzel; Lewitus; Wilman; Wimberly","secondary",NA,NA
"Loxodonta cyclotis","mass","Body_Mass","g",4750000.01,4750000.01,4,1,0,FALSE,"Wilman","secondary",NA,NA
"Loxodontomys micropus","mass","Body_Mass","g",66.53,66.53,5,2,0,FALSE,"Genoud; Wilman","secondary",NA,NA
"Loxodontomys pikumche","mass","Body_Mass","g",70.76,70.76,4,1,0,FALSE,"Wilman","secondary",NA,NA
"Lundomys molitor","mass","Body_Mass","g",238.49,238.49,4,1,0,FALSE,"Wilman","secondary",NA,NA
"Lutra lutra","mass","Body_Mass","g",8172.88,8785.14,7,3,0,FALSE,"Burger; Genoud; Wilman","secondary",NA,NA
"Lutra nippon","mass","Body_Mass","g",6951.14,6951.14,4,1,0,FALSE,"Wilman","secondary",NA,NA
"Lutra sumatrana","mass","Body_Mass","g",5500,5500,4,1,0,FALSE,"Wilman","secondary",NA,NA
"Lutreolina crassicaudata","mass","Body_Mass","g",617.767,537.3,6,3,0,FALSE,"Burger; Genoud; Wilman","secondary",NA,NA
"Lutrogale perspicillata","mass","Body_Mass","g",8391.665,8391.665,5,2,0,FALSE,"Burger; Wilman","secondary",NA,NA
"Lycalopex culpaeus","mass","Body_Mass","g",7624.747,8616.24,6,3,0,FALSE,"Burger; Genoud; Wilman","secondary",NA,NA
"Lycalopex fulvipes","mass","Body_Mass","g",5146.58,5146.58,4,1,0,FALSE,"Wilman","secondary",NA,NA
"Lycalopex griseus","mass","Body_Mass","g",4735.29,4735.29,5,2,0,FALSE,"Burger; Wilman","secondary",NA,NA
"Lycalopex gymnocercus","mass","Body_Mass","g",4446.335,4446.335,5,2,0,FALSE,"Burger; Wilman","secondary",NA,NA
"Lycalopex sechurae","mass","Body_Mass","g",4234,4234,4,1,0,FALSE,"Wilman","secondary",NA,NA
"Lycalopex vetulus","mass","Body_Mass","g",4233.47,4233.47,4,1,0,FALSE,"Wilman","secondary",NA,NA
"Lycaon pictus","mass","Body_Mass","g",19787.518,22050.035,8,4,0,FALSE,"10.1002%2Fcne.24349_Table3.tsv; Burger; Genoud; Wilman","secondary",NA,NA
"Lyncodon patagonicus","mass","Body_Mass","g",225,225,4,1,0,FALSE,"Wilman","secondary",NA,NA
"Lynx canadensis","mass","Body_Mass","g",12171.125,12171.125,5,2,0,FALSE,"Burger; Wilman","secondary",NA,NA
"Lynx lynx","mass","Body_Mass","g",17575,17575,5,2,0,FALSE,"Burger; Wilman","secondary",NA,NA
"Lynx pardinus","mass","Body_Mass","g",9400,9400,4,1,0,FALSE,"Wilman","secondary",NA,NA
"Lynx rufus","mass","Body_Mass","g",8876.025,9152.05,7,4,0,FALSE,"Burger; Genoud; Wilman; Wimberly","secondary",NA,NA
"Macaca arctoides","mass","Body_Mass","g",7832.5,8015,7,4,0,FALSE,"Burger; Isler; Powell; Wilman","secondary",NA,NA
"Macaca assamensis","mass","Body_Mass","g",7913.75,8000,7,4,0,FALSE,"Burger; Isler; Powell; Wilman","secondary",NA,NA
"Macaca cyclopis","mass","Body_Mass","g",5470,5470,7,4,0,FALSE,"Burger; Isler; Powell; Wilman","secondary",NA,NA
"Macaca fascicularis","mass","Body_Mass","g",3995.5,3995.5,20,11,2,TRUE,"Burger; Genoud; Granatosky; Heldstab; HerculanoHouzel; Isler; MacLarnon; Powell; Seymour; Wilman; Wimberly","primary; secondary",NA,NA
"Macaca fascicularis group","mass","Body_Mass","g",4501.761,4501.761,96,1,0,FALSE,"Isler","secondary",NA,NA
"Macaca fuscata","mass","Body_Mass","g",9330.972,9523.75,12,6,0,FALSE,"Burger; Genoud; Granatosky; Isler; Powell; Wilman","secondary",NA,NA
"Macaca hecki","mass","Body_Mass","g",6462.32,6800,6,3,0,FALSE,"Burger; Powell; Wilman","secondary",NA,NA
"Macaca irus","mass","Body_Mass","g",5000,5000,4,1,1,TRUE,"Heffner","primary",NA,NA
"Macaca leonina","mass","Body_Mass","g",5458.302,5641.792,7,4,0,FALSE,"Burger; Isler; Powell; Wilman","secondary",NA,NA
"Macaca maura","mass","Body_Mass","g",9720,9720,8,5,1,TRUE,"Burger; Powell; Seymour; Wilman; Zilles","primary; secondary",NA,NA
"Macaca mulatta","mass","Body_Mass","g",8325.952,8085,32,17,6,TRUE,"Burger; Finlay; Garwicz; Genoud; Granatosky; Heffner; HerculanoHouzel; Isler; Lewitus; Powell; RillingInsel; Seymour; Stephan; Stephan_collection; Weaver; Wilman; Wimberly","primary; secondary",NA,NA
"Macaca mulatta group","mass","Body_Mass","g",6737.793,6737.793,85,1,0,FALSE,"Isler","secondary",NA,NA
"Macaca nemestrina","mass","Body_Mass","g",7575,7575,8,5,1,TRUE,"Burger; Isler; Powell; Seymour; Wilman","primary; secondary",NA,NA
"Macaca nemestrina group","mass","Body_Mass","g",8043.172,8043.172,32,1,0,FALSE,"Isler","secondary",NA,NA
"Macaca nigra","mass","Body_Mass","g",7680,7680,8,5,1,TRUE,"Burger; Isler; Powell; Seymour; Wilman","primary; secondary",NA,NA
"Macaca nigrescens","mass","Body_Mass","g",5786.96,5786.96,4,1,0,FALSE,"Wilman","secondary",NA,NA
"Macaca ochreata","mass","Body_Mass","g",3950,3950,8,5,1,TRUE,"Burger; Isler; Powell; Seymour; Wilman","primary; secondary",NA,NA
"Macaca pagensis","mass","Body_Mass","g",4534.66,4534.66,4,1,0,FALSE,"Wilman","secondary",NA,NA
"Macaca radiata","mass","Body_Mass","g",3850,3850,9,6,1,TRUE,"Burger; HerculanoHouzel; Isler; Powell; Seymour; Wilman","primary; secondary",NA,NA
"Macaca siberu","mass","Body_Mass","g",5786.96,5786.96,4,1,0,FALSE,"Wilman","secondary",NA,NA
"Macaca silenus","mass","Body_Mass","g",7500,7500,8,5,1,TRUE,"Burger; Isler; Powell; Seymour; Wilman","primary; secondary",NA,NA
"Macaca sinica","mass","Body_Mass","g",3266.5,3328,7,4,0,FALSE,"Burger; Isler; Powell; Wilman","secondary",NA,NA
"Macaca sinica group","mass","Body_Mass","g",6468.647,6468.647,20,1,0,FALSE,"Isler","secondary",NA,NA
"Macaca sylvanus","mass","Body_Mass","g",9625,9625,8,5,1,TRUE,"Burger; Heldstab; Isler; Powell; Wilman","primary; secondary",NA,NA
"Macaca sylvanus group","mass","Body_Mass","g",9000,9000,4,1,0,FALSE,"Isler","secondary",NA,NA
"Macaca thibetana","mass","Body_Mass","g",12400,12400,5,2,0,FALSE,"Powell; Wilman","secondary",NA,NA
"Macaca tonkeana","mass","Body_Mass","g",9000,9000,7,4,1,TRUE,"Burger; Heldstab; Powell; Wilman","primary; secondary",NA,NA
"Macroderma gigas","mass","Body_Mass","g",124.677,126.43,7,3,0,FALSE,"Burger; Genoud; Wilman","secondary",NA,NA
"Macrogalidia musschenbroekii","mass","Body_Mass","g",4000,4000,4,1,0,FALSE,"Wilman","secondary",NA,NA
"Macroglossus minimus","mass","Body_Mass","g",16.35,16.185,9,4,0,FALSE,"Burger; Genoud; Ruf; Wilman","secondary",NA,NA
"Macroglossus sobrinus","mass","Body_Mass","g",21.915,21.915,5,2,0,FALSE,"Burger; Wilman","secondary",NA,NA
"Macronycteris commersoni","mass","Body_Mass","g",100.17,100.17,5,2,0,FALSE,"Burger; Wilman","secondary",NA,NA
"Macrophyllum macrophyllum","mass","Body_Mass","g",8.35,8.35,5,2,0,FALSE,"Burger; Wilman","secondary",NA,NA
"Macropus agilis","mass","Body_Mass","g",15000,15000,5,2,0,FALSE,"Burger; Wilman","secondary",NA,NA
"Macropus antilopinus","mass","Body_Mass","g",27250,27250,5,2,0,FALSE,"Burger; Wilman","secondary",NA,NA
"Macropus bernardus","mass","Body_Mass","g",17000,17000,4,1,0,FALSE,"Wilman","secondary",NA,NA
"Macropus dorsalis","mass","Body_Mass","g",11250,11250,6,3,1,TRUE,"Burger; Seymour; Wilman","primary; secondary",NA,NA
"Macropus eugenii","mass","Body_Mass","g",6354.667,6500,9,4,0,FALSE,"Burger; Genoud; Lewitus; Wilman","secondary",NA,NA
"Macropus fuliginosus","mass","Body_Mass","g",41000,41000,7,4,1,TRUE,"Burger; Lewitus; Seymour; Wilman","primary; secondary",NA,NA
"Macropus giganteus","mass","Body_Mass","g",26225,26400,6,3,0,FALSE,"Burger; Genoud; Wilman","secondary",NA,NA
"Macropus greyi","mass","Body_Mass","g",14500,14500,5,2,0,FALSE,"Burger; Wilman","secondary",NA,NA
"Macropus irma","mass","Body_Mass","g",8000,8000,5,2,0,FALSE,"Burger; Wilman","secondary",NA,NA
"Macropus parryi","mass","Body_Mass","g",13500,13500,5,2,0,FALSE,"Burger; Wilman","secondary",NA,NA
"Macropus robustus","mass","Body_Mass","g",29500,29500,8,4,1,TRUE,"Burger; Genoud; Seymour; Wilman","primary; secondary",NA,NA
"Macroscelides proboscideus","mass","Body_Mass","g",41,38.8,6,3,0,FALSE,"Genoud; Ruf; Wilman","secondary",NA,NA
"Macrotarsomys bastardi","mass","Body_Mass","g",25,25,4,1,0,FALSE,"Wilman","secondary",NA,NA
"Macrotarsomys ingens","mass","Body_Mass","g",59.65,59.65,5,2,0,FALSE,"Genoud; Wilman","secondary",NA,NA
"Macrotis lagotis","mass","Body_Mass","g",1481.333,1350,7,3,0,FALSE,"Burger; Genoud; Wilman","secondary",NA,NA
"Macrotis leucura","mass","Body_Mass","g",354.75,354.75,5,2,0,FALSE,"Burger; Wilman","secondary",NA,NA
"Macrotus californicus","mass","Body_Mass","g",12.11,11.7,6,3,0,FALSE,"Burger; Genoud; Wilman","secondary",NA,NA
"Macrotus waterhousii","mass","Body_Mass","g",12.75,12.75,4,1,0,FALSE,"Wilman","secondary",NA,NA
"Macruromys elegans","mass","Body_Mass","g",277.9,277.9,4,1,0,FALSE,"Wilman","secondary",NA,NA
"Macruromys major","mass","Body_Mass","g",350,350,4,1,0,FALSE,"Wilman","secondary",NA,NA
"Madoqua guentheri","mass","Body_Mass","g",7499.98,7499.98,4,1,0,FALSE,"Wilman","secondary",NA,NA
"Madoqua kirkii","mass","Body_Mass","g",4760.017,4570,7,3,0,FALSE,"Burger; Genoud; Wilman","secondary",NA,NA
"Madoqua piacentinii","mass","Body_Mass","g",2500,2500,4,1,0,FALSE,"Wilman","secondary",NA,NA
"Madoqua saltiana","mass","Body_Mass","g",2624.985,2624.985,5,2,0,FALSE,"Genoud; Wilman","secondary",NA,NA
"Madromys blanfordi","mass","Body_Mass","g",71.33,71.33,4,1,0,FALSE,"Wilman","secondary",NA,NA
"Makalata didelphoides","mass","Body_Mass","g",253.33,253.33,5,2,0,FALSE,"Burger; Wilman","secondary",NA,NA
"Makalata grandis","mass","Body_Mass","g",584,584,4,1,0,FALSE,"Wilman","secondary",NA,NA
"Makalata macrura","mass","Body_Mass","g",439,439,5,2,0,FALSE,"Burger; Wilman","secondary",NA,NA
"Makalata obscura","mass","Body_Mass","g",108,108,4,1,0,FALSE,"Wilman","secondary",NA,NA
"Makalata occasius","mass","Body_Mass","g",322.29,322.29,4,1,0,FALSE,"Wilman","secondary",NA,NA
"Makalata rhipidura","mass","Body_Mass","g",315,315,4,1,0,FALSE,"Wilman","secondary",NA,NA
"Malacomys cansdalei","mass","Body_Mass","g",68.39,68.39,4,1,0,FALSE,"Wilman","secondary",NA,NA
"Malacomys edwardsi","mass","Body_Mass","g",62.475,62.475,5,2,0,FALSE,"Burger; Wilman","secondary",NA,NA
"Malacomys longipes","mass","Body_Mass","g",95.6,95.6,4,1,0,FALSE,"Wilman","secondary",NA,NA
"Malacothrix typica","mass","Body_Mass","g",17.55,17.55,5,2,0,FALSE,"Genoud; Wilman","secondary",NA,NA
"Mallomys aroaensis","mass","Body_Mass","g",1664,1664,4,1,0,FALSE,"Wilman","secondary",NA,NA
"Mallomys gunung","mass","Body_Mass","g",2000,2000,4,1,0,FALSE,"Wilman","secondary",NA,NA
"Mallomys istapantap","mass","Body_Mass","g",1950,1950,4,1,0,FALSE,"Wilman","secondary",NA,NA
"Mallomys rothschildi","mass","Body_Mass","g",1157.5,1157.5,4,1,0,FALSE,"Wilman","secondary",NA,NA
"Malpaisomys insularis","mass","Body_Mass","g",71.33,71.33,4,1,0,FALSE,"Wilman","secondary",NA,NA
"Mammelomys lanosus","mass","Body_Mass","g",117.1,117.1,4,1,0,FALSE,"Wilman","secondary",NA,NA
"Mammelomys rattoides","mass","Body_Mass","g",209.49,209.49,4,1,0,FALSE,"Wilman","secondary",NA,NA
"Manacus vitellinus","mass","Body_Mass","g",15.5,15.5,4,1,0,FALSE,"Ruf","secondary",NA,NA
"Mandrillus leucophaeus","mass","Body_Mass","g",20000,20000,8,5,1,TRUE,"Burger; Isler; Powell; Seymour; Wilman","primary; secondary",NA,NA
"Mandrillus sphinx","mass","Body_Mass","g",19862.5,19862.5,11,8,2,TRUE,"Burger; Heldstab; Isler; Lewitus; Powell; Seymour; Wilman; Wimberly","primary; secondary",NA,NA
"Manis crassicaudata","mass","Body_Mass","g",12183.665,12183.665,5,2,0,FALSE,"Genoud; Wilman","secondary",NA,NA
"Manis culionensis","mass","Body_Mass","g",5982.25,5982.25,4,1,0,FALSE,"Wilman","secondary",NA,NA
"Manis gigantea","mass","Body_Mass","g",32999.7,32999.7,4,1,0,FALSE,"Wilman","secondary",NA,NA
"Manis javanica","mass","Body_Mass","g",4840,5150,6,3,0,FALSE,"Burger; Genoud; Wilman","secondary",NA,NA
"Manis pentadactyla","mass","Body_Mass","g",18000,18000,7,4,1,TRUE,"Burger; Genoud; Heffner; Wilman","primary; secondary",NA,NA
"Manis temminckii","mass","Body_Mass","g",7179.93,7179.93,4,1,0,FALSE,"Wilman","secondary",NA,NA
"Manis tetradactyla","mass","Body_Mass","g",2089.99,2089.99,5,2,0,FALSE,"Genoud; Wilman","secondary",NA,NA
"Manis tricuspis","mass","Body_Mass","g",1943.89,1975,7,3,0,FALSE,"Burger; Genoud; Wilman","secondary",NA,NA
"Margaretamys beccarii","mass","Body_Mass","g",70.35,70.35,4,1,0,FALSE,"Wilman","secondary",NA,NA
"Margaretamys elegans","mass","Body_Mass","g",121,121,4,1,0,FALSE,"Wilman","secondary",NA,NA
"Margaretamys parvus","mass","Body_Mass","g",32.1,32.1,4,1,0,FALSE,"Wilman","secondary",NA,NA
"Marmosa andersoni","mass","Body_Mass","g",47.4,47.4,4,1,0,FALSE,"Wilman","secondary",NA,NA
"Marmosa lepida","mass","Body_Mass","g",14,14,4,1,0,FALSE,"Wilman","secondary",NA,NA
"Marmosa mexicana","mass","Body_Mass","g",49.475,49.475,5,2,0,FALSE,"Burger; Wilman","secondary",NA,NA
"Marmosa microtarsus","mass","Body_Mass","g",13,13,4,1,0,FALSE,"Ruf","secondary",NA,NA
"Marmosa murina","mass","Body_Mass","g",35.5,35.5,5,2,0,FALSE,"Burger; Wilman","secondary",NA,NA
"Marmosa quichua","mass","Body_Mass","g",38.23,38.23,4,1,0,FALSE,"Wilman","secondary",NA,NA
"Marmosa robinsoni","mass","Body_Mass","g",79.557,60,6,3,0,FALSE,"Burger; Genoud; Wilman","secondary",NA,NA
"Marmosa rubra","mass","Body_Mass","g",62,62,5,2,0,FALSE,"Burger; Wilman","secondary",NA,NA
"Marmosa tyleriana","mass","Body_Mass","g",32.4,32.4,4,1,0,FALSE,"Wilman","secondary",NA,NA
"Marmosa xerophila","mass","Body_Mass","g",46.2,46.2,4,1,0,FALSE,"Wilman","secondary",NA,NA
"Marmoset","mass","Body_Mass","g",340,340,4,1,0,FALSE,"Burish","review",NA,NA
"Marmosops bishopi","mass","Body_Mass","g",19.5,19.5,4,1,0,FALSE,"Wilman","secondary",NA,NA
"Marmosops cracens","mass","Body_Mass","g",25.5,25.5,4,1,0,FALSE,"Wilman","secondary",NA,NA
"Marmosops dorothea","mass","Body_Mass","g",37.5,37.5,4,1,0,FALSE,"Wilman","secondary",NA,NA
"Marmosops fuscatus","mass","Body_Mass","g",60,60,4,1,0,FALSE,"Wilman","secondary",NA,NA
"Marmosops handleyi","mass","Body_Mass","g",30.7,30.7,4,1,0,FALSE,"Wilman","secondary",NA,NA
"Marmosops impavidus","mass","Body_Mass","g",40.5,40.5,4,1,0,FALSE,"Wilman","secondary",NA,NA
"Marmosops incanus","mass","Body_Mass","g",62.3,62.3,4,1,0,FALSE,"Wilman","secondary",NA,NA
"Marmosops invictus","mass","Body_Mass","g",29.2,29.2,4,1,0,FALSE,"Wilman","secondary",NA,NA
"Marmosops juninensis","mass","Body_Mass","g",31.57,31.57,4,1,0,FALSE,"Wilman","secondary",NA,NA
"Marmosops neblina","mass","Body_Mass","g",31.57,31.57,4,1,0,FALSE,"Wilman","secondary",NA,NA
"Marmosops noctivagus","mass","Body_Mass","g",21,21,4,1,0,FALSE,"Wilman","secondary",NA,NA
"Marmosops parvidens","mass","Body_Mass","g",15,15,4,1,0,FALSE,"Wilman","secondary",NA,NA
"Marmosops paulensis","mass","Body_Mass","g",38.89,38.89,4,1,0,FALSE,"Wilman","secondary",NA,NA
"Marmosops pinheiroi","mass","Body_Mass","g",31.57,31.57,4,1,0,FALSE,"Wilman","secondary",NA,NA
"Marmota baibacina","mass","Body_Mass","g",6437.5,6437.5,5,2,0,FALSE,"Burger; Wilman","secondary",NA,NA
"Marmota bobak","mass","Body_Mass","g",5211,5211,5,2,0,FALSE,"Burger; Wilman","secondary",NA,NA
"Marmota broweri","mass","Body_Mass","g",3301.333,3405,6,3,0,FALSE,"Burger; Ruf; Wilman","secondary",NA,NA
"Marmota caligata","mass","Body_Mass","g",6765.015,6765.015,5,2,0,FALSE,"Burger; Wilman","secondary",NA,NA
"Marmota camtschatica","mass","Body_Mass","g",3407.25,3407.25,5,2,0,FALSE,"Burger; Wilman","secondary",NA,NA
"Marmota caudata","mass","Body_Mass","g",4296,4296,5,2,0,FALSE,"Burger; Wilman","secondary",NA,NA
"Marmota flaviventris","mass","Body_Mass","g",3240.421,3350.23,10,4,0,FALSE,"Burger; Genoud; Ruf; Wilman","secondary",NA,NA
"Marmota himalayana","mass","Body_Mass","g",5803.75,5803.75,5,2,0,FALSE,"Burger; Wilman","secondary",NA,NA
"Marmota marmota","mass","Body_Mass","g",2864.412,2817,9,4,0,FALSE,"Burger; Genoud; Ruf; Wilman","secondary",NA,NA
"Marmota menzbieri","mass","Body_Mass","g",3132.5,3132.5,5,2,0,FALSE,"Burger; Wilman","secondary",NA,NA
"Marmota monax","mass","Body_Mass","g",5300,5300,9,5,1,TRUE,"Burger; Genoud; Heffner; Ruf; Wilman","primary; secondary",NA,NA
"Marmota olympus","mass","Body_Mass","g",4889.395,4889.395,5,2,0,FALSE,"Burger; Wilman","secondary",NA,NA
"Marmota sibirica","mass","Body_Mass","g",7250,7250,5,2,0,FALSE,"Burger; Wilman","secondary",NA,NA
"Marmota vancouverensis","mass","Body_Mass","g",5274.995,5274.995,5,2,0,FALSE,"Burger; Wilman","secondary",NA,NA
"Martes americana","mass","Body_Mass","g",1049.333,1038,6,3,0,FALSE,"Burger; Genoud; Wilman","secondary",NA,NA
"Martes flavigula","mass","Body_Mass","g",2176.25,2176.25,5,2,0,FALSE,"Burger; Wilman","secondary",NA,NA
"Martes foina","mass","Body_Mass","g",1495.4,1495.4,5,2,0,FALSE,"Burger; Wilman","secondary",NA,NA
"Martes gwatkinsii","mass","Body_Mass","g",2043,2043,4,1,0,FALSE,"Wilman","secondary",NA,NA
"Martes martes","mass","Body_Mass","g",1067.333,982,6,3,0,FALSE,"Burger; Genoud; Wilman","secondary",NA,NA
"Martes melampus","mass","Body_Mass","g",1000,1000,4,1,0,FALSE,"Wilman","secondary",NA,NA
"Martes pennanti","mass","Body_Mass","g",3125,3125,5,2,0,FALSE,"Burger; Wilman","secondary",NA,NA
"Martes zibellina","mass","Body_Mass","g",1130,1130,5,2,0,FALSE,"Burger; Wilman","secondary",NA,NA
"Massoutiera mzabi","mass","Body_Mass","g",188.3,188.3,5,2,0,FALSE,"Burger; Wilman","secondary",NA,NA
"Mastacomys fuscus","mass","Body_Mass","g",125.72,125.72,4,1,0,FALSE,"Wilman","secondary",NA,NA
"Mastomys awashensis","mass","Body_Mass","g",49.89,49.89,4,1,0,FALSE,"Wilman","secondary",NA,NA
"Mastomys coucha","mass","Body_Mass","g",43.5,43.5,4,1,0,FALSE,"Wilman","secondary",NA,NA
"Mastomys erythroleucus","mass","Body_Mass","g",56.15,56.15,4,1,0,FALSE,"Wilman","secondary",NA,NA
"Mastomys huberti","mass","Body_Mass","g",49.89,49.89,4,1,0,FALSE,"Wilman","secondary",NA,NA
"Mastomys kollmannspergeri","mass","Body_Mass","g",55.39,55.39,4,1,0,FALSE,"Wilman","secondary",NA,NA
"Mastomys natalensis","mass","Body_Mass","g",47.355,46.026,6,3,0,FALSE,"Burger; Genoud; Wilman","secondary",NA,NA
"Mastomys pernanus","mass","Body_Mass","g",52.33,52.33,4,1,0,FALSE,"Wilman","secondary",NA,NA
"Mastomys shortridgei","mass","Body_Mass","g",46.5,46.5,4,1,0,FALSE,"Wilman","secondary",NA,NA
"Maxomys alticola","mass","Body_Mass","g",90,90,4,1,0,FALSE,"Wilman","secondary",NA,NA
"Maxomys baeodon","mass","Body_Mass","g",69.8,69.8,4,1,0,FALSE,"Wilman","secondary",NA,NA
"Maxomys bartelsii","mass","Body_Mass","g",102,102,4,1,0,FALSE,"Wilman","secondary",NA,NA
"Maxomys dollmani","mass","Body_Mass","g",120,120,4,1,0,FALSE,"Wilman","secondary",NA,NA
"Maxomys hellwaldii","mass","Body_Mass","g",203,203,4,1,0,FALSE,"Wilman","secondary",NA,NA
"Maxomys hylomyoides","mass","Body_Mass","g",56.6,56.6,4,1,0,FALSE,"Wilman","secondary",NA,NA
"Maxomys inas","mass","Body_Mass","g",90,90,4,1,0,FALSE,"Wilman","secondary",NA,NA
"Maxomys inflatus","mass","Body_Mass","g",152,152,4,1,0,FALSE,"Wilman","secondary",NA,NA
"Maxomys moi","mass","Body_Mass","g",147,147,4,1,0,FALSE,"Wilman","secondary",NA,NA
"Maxomys musschenbroekii","mass","Body_Mass","g",84.8,84.8,4,1,0,FALSE,"Wilman","secondary",NA,NA
"Maxomys ochraceiventer","mass","Body_Mass","g",97,97,4,1,0,FALSE,"Wilman","secondary",NA,NA
"Maxomys pagensis","mass","Body_Mass","g",196,196,4,1,0,FALSE,"Wilman","secondary",NA,NA
"Maxomys panglima","mass","Body_Mass","g",189,189,4,1,0,FALSE,"Wilman","secondary",NA,NA
"Maxomys rajah","mass","Body_Mass","g",150.25,150.25,4,1,0,FALSE,"Wilman","secondary",NA,NA
"Maxomys surifer","mass","Body_Mass","g",148.485,148.485,5,2,0,FALSE,"Burger; Wilman","secondary",NA,NA
"Maxomys wattsi","mass","Body_Mass","g",147,147,4,1,0,FALSE,"Wilman","secondary",NA,NA
"Maxomys whiteheadi","mass","Body_Mass","g",51.155,51.155,5,2,0,FALSE,"Burger; Wilman","secondary",NA,NA
"Mazama americana","mass","Body_Mass","g",13149.875,13149.875,5,2,0,FALSE,"Burger; Wilman","secondary",NA,NA
"Mazama bororo","mass","Body_Mass","g",18809.87,18809.87,4,1,0,FALSE,"Wilman","secondary",NA,NA
"Mazama bricenii","mass","Body_Mass","g",16499.85,16499.85,4,1,0,FALSE,"Wilman","secondary",NA,NA
"Mazama chunyi","mass","Body_Mass","g",16499.85,16499.85,4,1,0,FALSE,"Wilman","secondary",NA,NA
"Mazama gouazoubira","mass","Body_Mass","g",16633.17,16633.17,4,1,0,FALSE,"Wilman","secondary",NA,NA
"Mazama nana","mass","Body_Mass","g",16499.85,16499.85,4,1,0,FALSE,"Wilman","secondary",NA,NA
"Mazama pandora","mass","Body_Mass","g",18809.87,18809.87,4,1,0,FALSE,"Wilman","secondary",NA,NA
"Mazama rufina","mass","Body_Mass","g",25999.8,25999.8,4,1,0,FALSE,"Wilman","secondary",NA,NA
"Mazama temama","mass","Body_Mass","g",18809.87,18809.87,4,1,0,FALSE,"Wilman","secondary",NA,NA
"Megadendromus nikolausi","mass","Body_Mass","g",52,52,4,1,0,FALSE,"Wilman","secondary",NA,NA
"Megaderma lyra","mass","Body_Mass","g",40.42,40.42,5,2,0,FALSE,"Burger; Wilman","secondary",NA,NA
"Megaderma spasma","mass","Body_Mass","g",24.59,24.59,5,2,0,FALSE,"Burger; Wilman","secondary",NA,NA
"Megadontomys cryophilus","mass","Body_Mass","g",76.56,76.56,4,1,0,FALSE,"Wilman","secondary",NA,NA
"Megadontomys nelsoni","mass","Body_Mass","g",76.55,76.55,4,1,0,FALSE,"Wilman","secondary",NA,NA
"Megadontomys thomasi","mass","Body_Mass","g",110.933,111,6,3,0,FALSE,"Burger; Genoud; Wilman","secondary",NA,NA
"Megaerops ecaudatus","mass","Body_Mass","g",24.67,24.67,5,2,0,FALSE,"Burger; Wilman","secondary",NA,NA
"Megaerops kusnotoi","mass","Body_Mass","g",35.94,35.94,4,1,0,FALSE,"Wilman","secondary",NA,NA
"Megaerops niphanae","mass","Body_Mass","g",32.6,32.6,5,2,0,FALSE,"Burger; Wilman","secondary",NA,NA
"Megaerops wetmorei","mass","Body_Mass","g",18.5,18.5,4,1,0,FALSE,"Wilman","secondary",NA,NA
"Megaloglossus woermanni","mass","Body_Mass","g",14.235,13.83,7,4,0,FALSE,"Burger; Genoud; Ruf; Wilman","secondary",NA,NA
"Megalomys desmarestii","mass","Body_Mass","g",47.71,47.71,4,1,0,FALSE,"Wilman","secondary",NA,NA
"Megalomys luciae","mass","Body_Mass","g",47.71,47.71,4,1,0,FALSE,"Wilman","secondary",NA,NA
"Megaoryzomys curioi","mass","Body_Mass","g",47.71,47.71,4,1,0,FALSE,"Wilman","secondary",NA,NA
"Megaptera novaeangliae","mass","Body_Mass","g",30025000,30025000,5,2,0,FALSE,"Burger; Wilman","secondary",NA,NA
"Megasorex gigas","mass","Body_Mass","g",20,20,4,1,0,FALSE,"Wilman","secondary",NA,NA
"Melanomys caliginosus","mass","Body_Mass","g",41,41,4,1,0,FALSE,"Wilman","secondary",NA,NA
"Melanomys robustulus","mass","Body_Mass","g",53.5,53.5,4,1,0,FALSE,"Wilman","secondary",NA,NA
"Melanomys zunigae","mass","Body_Mass","g",53.5,53.5,4,1,0,FALSE,"Wilman","secondary",NA,NA
"Melanotrochilus fuscus","mass","Body_Mass","g",6.9,6.9,4,1,0,FALSE,"Ruf","secondary",NA,NA
"Melasmothrix naso","mass","Body_Mass","g",47.45,47.45,4,1,0,FALSE,"Wilman","secondary",NA,NA
"Meles anakuma","mass","Body_Mass","g",13000,13000,4,1,0,FALSE,"Wilman","secondary",NA,NA
"Meles leucurus","mass","Body_Mass","g",13000,13000,4,1,0,FALSE,"Wilman","secondary",NA,NA
"Meles meles","mass","Body_Mass","g",11787.5,12025,7,4,0,FALSE,"Burger; Genoud; Ruf; Wilman","secondary",NA,NA
"Mellivora capensis","mass","Body_Mass","g",8193.333,8080,6,3,0,FALSE,"Burger; Wilman; Wimberly","secondary",NA,NA
"Melogale everetti","mass","Body_Mass","g",1500,1500,4,1,0,FALSE,"Wilman","secondary",NA,NA
"Melogale moschata","mass","Body_Mass","g",805.25,805.25,4,1,0,FALSE,"Wilman","secondary",NA,NA
"Melogale orientalis","mass","Body_Mass","g",2000,2000,4,1,0,FALSE,"Wilman","secondary",NA,NA
"Melogale personata","mass","Body_Mass","g",7872.25,7872.25,5,2,0,FALSE,"Burger; Wilman","secondary",NA,NA
"Melomys aerosus","mass","Body_Mass","g",97.3,97.3,4,1,0,FALSE,"Wilman","secondary",NA,NA
"Melomys arcium","mass","Body_Mass","g",86.68,86.68,4,1,0,FALSE,"Wilman","secondary",NA,NA
"Melomys bannisteri","mass","Body_Mass","g",86.68,86.68,4,1,0,FALSE,"Wilman","secondary",NA,NA
"Melomys bougainville","mass","Body_Mass","g",86,86,4,1,0,FALSE,"Wilman","secondary",NA,NA
"Melomys burtoni","mass","Body_Mass","g",68.5,68.5,4,1,0,FALSE,"Wilman","secondary",NA,NA
"Melomys capensis","mass","Body_Mass","g",70,70,4,1,0,FALSE,"Wilman","secondary",NA,NA
"Melomys caurinus","mass","Body_Mass","g",136,136,4,1,0,FALSE,"Wilman","secondary",NA,NA
"Melomys cervinipes","mass","Body_Mass","g",74,74,5,2,0,FALSE,"Burger; Wilman","secondary",NA,NA
"Melomys cooperae","mass","Body_Mass","g",86.68,86.68,4,1,0,FALSE,"Wilman","secondary",NA,NA
"Melomys dollmani","mass","Body_Mass","g",91.27,91.27,4,1,0,FALSE,"Wilman","secondary",NA,NA
"Melomys fraterculus","mass","Body_Mass","g",47.8,47.8,4,1,0,FALSE,"Wilman","secondary",NA,NA
"Melomys frigicola","mass","Body_Mass","g",86.68,86.68,4,1,0,FALSE,"Wilman","secondary",NA,NA
"Melomys fulgens","mass","Body_Mass","g",97.3,97.3,4,1,0,FALSE,"Wilman","secondary",NA,NA
"Melomys howi","mass","Body_Mass","g",86.68,86.68,4,1,0,FALSE,"Wilman","secondary",NA,NA
"Melomys leucogaster","mass","Body_Mass","g",108.5,108.5,4,1,0,FALSE,"Wilman","secondary",NA,NA
"Melomys lutillus","mass","Body_Mass","g",86.68,86.68,4,1,0,FALSE,"Wilman","secondary",NA,NA
"Melomys matambuai","mass","Body_Mass","g",145,145,4,1,0,FALSE,"Wilman","secondary",NA,NA
"Melomys obiensis","mass","Body_Mass","g",71,71,4,1,0,FALSE,"Wilman","secondary",NA,NA
"Melomys paveli","mass","Body_Mass","g",86.68,86.68,4,1,0,FALSE,"Wilman","secondary",NA,NA
"Melomys rubicola","mass","Body_Mass","g",100,100,4,1,0,FALSE,"Wilman","secondary",NA,NA
"Melomys rufescens","mass","Body_Mass","g",62.625,62.625,5,2,0,FALSE,"Burger; Wilman","secondary",NA,NA
"Melomys spechti","mass","Body_Mass","g",86.68,86.68,4,1,0,FALSE,"Wilman","secondary",NA,NA
"Melomys talaudium","mass","Body_Mass","g",86.68,86.68,4,1,0,FALSE,"Wilman","secondary",NA,NA
"Melonycteris fardoulisi","mass","Body_Mass","g",42.53,42.53,4,1,0,FALSE,"Wilman","secondary",NA,NA
"Melonycteris melanops","mass","Body_Mass","g",49.93,49.04,6,3,0,FALSE,"Burger; Genoud; Wilman","secondary",NA,NA
"Melonycteris woodfordi","mass","Body_Mass","g",36.19,36.19,5,2,0,FALSE,"Burger; Wilman","secondary",NA,NA
"Melursus ursinus","mass","Body_Mass","g",98722.333,93130,6,3,0,FALSE,"Burger; Genoud; Wilman","secondary",NA,NA
"Menetes berdmorei","mass","Body_Mass","g",190,190,4,1,0,FALSE,"Wilman","secondary",NA,NA
"Mephitis macroura","mass","Body_Mass","g",801.25,801.25,4,1,0,FALSE,"Wilman","secondary",NA,NA
"Mephitis mephitis","mass","Body_Mass","g",2999.604,2386,8,5,0,FALSE,"Burger; Genoud; Ruf; Wilman; Wimberly","secondary",NA,NA
"Meriones arimalius","mass","Body_Mass","g",89.57,89.57,4,1,0,FALSE,"Wilman","secondary",NA,NA
"Meriones chengi","mass","Body_Mass","g",88.96,88.96,4,1,0,FALSE,"Wilman","secondary",NA,NA
"Meriones crassus","mass","Body_Mass","g",99.885,99.885,5,2,0,FALSE,"Genoud; Wilman","secondary",NA,NA
"Meriones dahli","mass","Body_Mass","g",90.15,90.15,4,1,0,FALSE,"Wilman","secondary",NA,NA
"Meriones grandis","mass","Body_Mass","g",96.13,96.13,4,1,0,FALSE,"Wilman","secondary",NA,NA
"Meriones hurrianae","mass","Body_Mass","g",71.2,71.3,6,3,0,FALSE,"Burger; Genoud; Wilman","secondary",NA,NA
"Meriones libycus","mass","Body_Mass","g",91.33,91.33,4,1,0,FALSE,"Wilman","secondary",NA,NA
"Meriones meridianus","mass","Body_Mass","g",53.55,53.55,5,2,0,FALSE,"Genoud; Wilman","secondary",NA,NA
"Meriones persicus","mass","Body_Mass","g",100,100,4,1,0,FALSE,"Wilman","secondary",NA,NA
"Meriones rex","mass","Body_Mass","g",125.25,125.25,4,1,0,FALSE,"Wilman","secondary",NA,NA
"Meriones sacramenti","mass","Body_Mass","g",200,200,4,1,0,FALSE,"Wilman","secondary",NA,NA
"Meriones shawi","mass","Body_Mass","g",90.6,90.6,4,1,0,FALSE,"Wilman","secondary",NA,NA
"Meriones tamariscinus","mass","Body_Mass","g",120,120,4,1,0,FALSE,"Wilman","secondary",NA,NA
"Meriones tristrami","mass","Body_Mass","g",108.5,108.5,5,2,0,FALSE,"Genoud; Wilman","secondary",NA,NA
"Meriones unguiculatus","mass","Body_Mass","g",56.514,57.4,17,3,0,FALSE,"Burger; Genoud; Wilman","secondary",NA,NA
"Meriones vinogradovi","mass","Body_Mass","g",150,150,4,1,0,FALSE,"Wilman","secondary",NA,NA
"Meriones zarudnyi","mass","Body_Mass","g",82.44,82.44,4,1,0,FALSE,"Wilman","secondary",NA,NA
"Mesechinus dauuricus","mass","Body_Mass","g",342,342,5,2,0,FALSE,"Burger; Wilman","secondary",NA,NA
"Mesechinus hughi","mass","Body_Mass","g",315.81,315.81,4,1,0,FALSE,"Wilman","secondary",NA,NA
"Mesembriomys gouldii","mass","Body_Mass","g",913.25,913.25,5,2,0,FALSE,"Burger; Wilman","secondary",NA,NA
"Mesembriomys macrurus","mass","Body_Mass","g",267,267,4,1,0,FALSE,"Wilman","secondary",NA,NA
"Mesocapromys angelcabrerai","mass","Body_Mass","g",470,470,4,1,0,FALSE,"Wilman","secondary",NA,NA
"Mesocapromys auritus","mass","Body_Mass","g",585.55,585.55,4,1,0,FALSE,"Wilman","secondary",NA,NA
"Mesocapromys melanurus","mass","Body_Mass","g",883.14,883.14,4,1,0,FALSE,"Wilman","secondary",NA,NA
"Mesocapromys nanus","mass","Body_Mass","g",583.33,583.33,4,1,0,FALSE,"Wilman","secondary",NA,NA
"Mesocapromys sanfelipensis","mass","Body_Mass","g",554.44,554.44,4,1,0,FALSE,"Wilman","secondary",NA,NA
"Mesocricetus auratus","mass","Body_Mass","g",116.622,113.14,15,8,0,FALSE,"Burger; Garwicz; Genoud; HerculanoHouzel; Lewitus; Ruf; Wilman; Wimberly","secondary",NA,NA
"Mesocricetus brandti","mass","Body_Mass","g",174,174,5,2,0,FALSE,"Ruf; Wilman","secondary",NA,NA
"Mesocricetus newtoni","mass","Body_Mass","g",97.5,97.5,4,1,0,FALSE,"Wilman","secondary",NA,NA
"Mesocricetus raddei","mass","Body_Mass","g",111.73,111.73,4,1,0,FALSE,"Wilman","secondary",NA,NA
"Mesomys hispidus","mass","Body_Mass","g",175,175,5,2,0,FALSE,"Burger; Wilman","secondary",NA,NA
"Mesomys leniceps","mass","Body_Mass","g",108,108,4,1,0,FALSE,"Wilman","secondary",NA,NA
"Mesomys occultus","mass","Body_Mass","g",126.85,126.85,4,1,0,FALSE,"Wilman","secondary",NA,NA
"Mesomys stimulax","mass","Body_Mass","g",108,108,4,1,0,FALSE,"Wilman","secondary",NA,NA
"Mesophylla macconnelli","mass","Body_Mass","g",7.235,7.235,5,2,0,FALSE,"Burger; Wilman","secondary",NA,NA
"Mesoplodon bidens","mass","Body_Mass","g",3400000,3400000,4,1,0,FALSE,"Wilman","secondary",NA,NA
"Mesoplodon bowdoini","mass","Body_Mass","g",2600000,2600000,4,1,0,FALSE,"Wilman","secondary",NA,NA
"Mesoplodon carlhubbsi","mass","Body_Mass","g",3400000,3400000,4,1,0,FALSE,"Wilman","secondary",NA,NA
"Mesoplodon densirostris","mass","Body_Mass","g",1535250,1535250,5,2,0,FALSE,"Burger; Wilman","secondary",NA,NA
"Mesoplodon europaeus","mass","Body_Mass","g",3166250,3166250,5,2,0,FALSE,"Burger; Wilman","secondary",NA,NA
"Mesoplodon ginkgodens","mass","Body_Mass","g",1500000,1500000,4,1,0,FALSE,"Wilman","secondary",NA,NA
"Mesoplodon grayi","mass","Body_Mass","g",2900000,2900000,4,1,0,FALSE,"Wilman","secondary",NA,NA
"Mesoplodon hectori","mass","Body_Mass","g",1e+06,1e+06,4,1,0,FALSE,"Wilman","secondary",NA,NA
"Mesoplodon layardii","mass","Body_Mass","g",1500000,1500000,4,1,0,FALSE,"Wilman","secondary",NA,NA
"Mesoplodon mirus","mass","Body_Mass","g",1514750,1514750,5,2,0,FALSE,"Burger; Wilman","secondary",NA,NA
"Mesoplodon perrini","mass","Body_Mass","g",2514984.32,2514984.32,4,1,0,FALSE,"Wilman","secondary",NA,NA
"Mesoplodon peruvianus","mass","Body_Mass","g",2514984.32,2514984.32,4,1,0,FALSE,"Wilman","secondary",NA,NA
"Mesoplodon stejnegeri","mass","Body_Mass","g",4800000,4800000,4,1,0,FALSE,"Wilman","secondary",NA,NA
"Mesoplodon traversii","mass","Body_Mass","g",2514984.32,2514984.32,4,1,0,FALSE,"Wilman","secondary",NA,NA
"Metachirus nudicaudatus","mass","Body_Mass","g",324.5,300,7,3,0,FALSE,"Burger; Genoud; Wilman","secondary",NA,NA
"Micaelamys granti","mass","Body_Mass","g",40,40,4,1,0,FALSE,"Wilman","secondary",NA,NA
"Micaelamys namaquensis","mass","Body_Mass","g",64.612,57.335,7,3,0,FALSE,"Burger; Genoud; Wilman","secondary",NA,NA
"Mico argentatus","mass","Body_Mass","g",345,345,4,1,0,FALSE,"Powell","secondary",NA,NA
"Mico humeralifer","mass","Body_Mass","g",370,370,4,1,0,FALSE,"Powell","secondary",NA,NA
"Micoureus alstoni","mass","Body_Mass","g",132.3,132.3,4,1,0,FALSE,"Wilman","secondary",NA,NA
"Micoureus constantiae","mass","Body_Mass","g",90,90,4,1,0,FALSE,"Wilman","secondary",NA,NA
"Micoureus demerarae","mass","Body_Mass","g",75.75,75.75,4,1,0,FALSE,"Wilman","secondary",NA,NA
"Micoureus paraguayanus","mass","Body_Mass","g",141.265,141.265,5,2,0,FALSE,"Genoud; Wilman","secondary",NA,NA
"Micoureus phaeus","mass","Body_Mass","g",103.76,103.76,4,1,0,FALSE,"Wilman","secondary",NA,NA
"Micoureus regina","mass","Body_Mass","g",118.6,118.6,4,1,0,FALSE,"Wilman","secondary",NA,NA
"Microakodontomys transitorius","mass","Body_Mass","g",47.71,47.71,4,1,0,FALSE,"Wilman","secondary",NA,NA
"Microcavia australis","mass","Body_Mass","g",286.1,286.1,4,1,0,FALSE,"Wilman","secondary",NA,NA
"Microcavia niata","mass","Body_Mass","g",255.2,255.2,6,2,0,FALSE,"Genoud; Wilman","secondary",NA,NA
"Microcavia shiptoni","mass","Body_Mass","g",185,185,4,1,0,FALSE,"Wilman","secondary",NA,NA
"Microcebus berthae","mass","Body_Mass","g",33.45,33.45,4,1,0,FALSE,"Wilman","secondary",NA,NA
"Microcebus griseorufus","mass","Body_Mass","g",57.247,51.5,6,3,0,FALSE,"Genoud; Ruf; Wilman","secondary",NA,NA
"Microcebus murinus","mass","Body_Mass","g",54,54,24,11,2,TRUE,"Burger; Genoud; Granatosky; HerculanoHouzel; Isler; Lewitus; Powell; Ruf; Stephan; Stephan_collection; Wilman","primary; secondary",NA,NA
"Microcebus myoxinus","mass","Body_Mass","g",31.5,31.5,5,2,0,FALSE,"Ruf; Wilman","secondary",NA,NA
"Microcebus ravelobensis","mass","Body_Mass","g",59,59,5,2,0,FALSE,"Ruf; Wilman","secondary",NA,NA
"Microcebus rufus","mass","Body_Mass","g",42.75,42.75,7,4,0,FALSE,"Burger; Isler; Powell; Wilman","secondary",NA,NA
"Microcebus sambiranensis","mass","Body_Mass","g",49.06,49.06,4,1,0,FALSE,"Wilman","secondary",NA,NA
"Microcebus tavaratra","mass","Body_Mass","g",68.01,68.01,4,1,0,FALSE,"Wilman","secondary",NA,NA
"Microdillus peeli","mass","Body_Mass","g",35.26,35.26,4,1,0,FALSE,"Wilman","secondary",NA,NA
"Microdipodops megacephalus","mass","Body_Mass","g",11.883,11.35,7,3,0,FALSE,"Burger; Genoud; Wilman","secondary",NA,NA
"Microdipodops pallidus","mass","Body_Mass","g",12.75,12.7,8,4,0,FALSE,"Burger; Genoud; Ruf; Wilman","secondary",NA,NA
"Microgale brevicaudata","mass","Body_Mass","g",11.3,11.3,4,1,0,FALSE,"Wilman","secondary",NA,NA
"Microgale cowani","mass","Body_Mass","g",15.2,15.2,8,4,1,TRUE,"Burger; Genoud; Stephan_collection; Wilman","primary; secondary",NA,NA
"Microgale drouhardi","mass","Body_Mass","g",11.2,11.2,5,2,0,FALSE,"Genoud; Wilman","secondary",NA,NA
"Microgale dryas","mass","Body_Mass","g",40,40,4,1,0,FALSE,"Wilman","secondary",NA,NA
"Microgale fotsifotsy","mass","Body_Mass","g",7.7,7.7,4,1,0,FALSE,"Wilman","secondary",NA,NA
"Microgale gracilis","mass","Body_Mass","g",23.3,23.3,4,1,0,FALSE,"Wilman","secondary",NA,NA
"Microgale gymnorhyncha","mass","Body_Mass","g",18.2,18.2,4,1,0,FALSE,"Wilman","secondary",NA,NA
"Microgale longicaudata","mass","Body_Mass","g",7.3,7.3,4,1,0,FALSE,"Wilman","secondary",NA,NA
"Microgale mergulus","mass","Body_Mass","g",92,92,10,4,1,TRUE,"Burger; Genoud; Stephan_collection; Wilman","primary; secondary",NA,NA
"Microgale monticola","mass","Body_Mass","g",13.9,13.9,4,1,0,FALSE,"Wilman","secondary",NA,NA
"Microgale nasoloi","mass","Body_Mass","g",13.83,13.83,4,1,0,FALSE,"Wilman","secondary",NA,NA
"Microgale parvula","mass","Body_Mass","g",3.4,3.4,4,1,0,FALSE,"Wilman","secondary",NA,NA
"Microgale principula","mass","Body_Mass","g",10.2,10.2,4,1,0,FALSE,"Wilman","secondary",NA,NA
"Microgale pusilla","mass","Body_Mass","g",3.4,3.4,4,1,0,FALSE,"Wilman","secondary",NA,NA
"Microgale soricoides","mass","Body_Mass","g",18.7,18.7,4,1,0,FALSE,"Wilman","secondary",NA,NA
"Microgale taiva","mass","Body_Mass","g",12.4,12.4,4,1,0,FALSE,"Wilman","secondary",NA,NA
"Microgale thomasi","mass","Body_Mass","g",22.9,22.9,4,1,0,FALSE,"Wilman","secondary",NA,NA
"Microhydromys musseri","mass","Body_Mass","g",17.32,17.32,4,1,0,FALSE,"Wilman","secondary",NA,NA
"Microhydromys richardsoni","mass","Body_Mass","g",10.25,10.25,4,1,0,FALSE,"Wilman","secondary",NA,NA
"Micromurexia habbema","mass","Body_Mass","g",46.97,46.97,4,1,0,FALSE,"Wilman","secondary",NA,NA
"Micromys minutus","mass","Body_Mass","g",6.86,6.695,8,4,0,FALSE,"Burger; Genoud; Wilman; Wimberly","secondary",NA,NA
"Micronycteris brosseti","mass","Body_Mass","g",4.85,4.85,4,1,0,FALSE,"Wilman","secondary",NA,NA
"Micronycteris hirsuta","mass","Body_Mass","g",12.01,12.01,4,1,0,FALSE,"Wilman","secondary",NA,NA
"Micronycteris homezi","mass","Body_Mass","g",6.8,6.8,4,1,0,FALSE,"Wilman","secondary",NA,NA
"Micronycteris matses","mass","Body_Mass","g",6.85,6.85,4,1,0,FALSE,"Wilman","secondary",NA,NA
"Micronycteris megalotis","mass","Body_Mass","g",6.305,6.305,5,2,0,FALSE,"Burger; Wilman","secondary",NA,NA
"Micronycteris microtis","mass","Body_Mass","g",6.5,6.5,4,1,0,FALSE,"Wilman","secondary",NA,NA
"Micronycteris minuta","mass","Body_Mass","g",6.7,6.7,5,2,0,FALSE,"Burger; Wilman","secondary",NA,NA
"Micronycteris sanborni","mass","Body_Mass","g",6.3,6.3,4,1,0,FALSE,"Wilman","secondary",NA,NA
"Micronycteris schmidtorum","mass","Body_Mass","g",7.665,7.665,5,2,0,FALSE,"Burger; Wilman","secondary",NA,NA
"Microperoryctes longicauda","mass","Body_Mass","g",538,538,5,2,0,FALSE,"Burger; Wilman","secondary",NA,NA
"Microperoryctes murina","mass","Body_Mass","g",817.52,817.52,4,1,0,FALSE,"Wilman","secondary",NA,NA
"Microperoryctes papuensis","mass","Body_Mass","g",158,158,4,1,0,FALSE,"Wilman","secondary",NA,NA
"Micropotamogale lamottei","mass","Body_Mass","g",64.2,64.2,7,3,1,TRUE,"Burger; Stephan_collection; Wilman","primary; secondary",NA,NA
"Micropotamogale ruwenzorii","mass","Body_Mass","g",98.5,98.5,4,1,0,FALSE,"Wilman","secondary",NA,NA
"Micropteropus intermedius","mass","Body_Mass","g",59.17,59.17,4,1,0,FALSE,"Wilman","secondary",NA,NA
"Micropteropus pusillus","mass","Body_Mass","g",25.885,25.885,5,2,0,FALSE,"Burger; Wilman","secondary",NA,NA
"Microryzomys altissimus","mass","Body_Mass","g",13.5,13.5,4,1,0,FALSE,"Wilman","secondary",NA,NA
"Microryzomys minutus","mass","Body_Mass","g",13.5,13.5,4,1,0,FALSE,"Wilman","secondary",NA,NA
"Microsciurus alfari","mass","Body_Mass","g",87.5,87.5,4,1,0,FALSE,"Wilman","secondary",NA,NA
"Microsciurus flaviventer","mass","Body_Mass","g",92,92,4,1,0,FALSE,"Wilman","secondary",NA,NA
"Microsciurus mimulus","mass","Body_Mass","g",120,120,4,1,0,FALSE,"Wilman","secondary",NA,NA
"Microsciurus santanderensis","mass","Body_Mass","g",99.8,99.8,4,1,0,FALSE,"Wilman","secondary",NA,NA
"Microsorex hoyi","mass","Body_Mass","g",3,3,4,1,1,TRUE,"Heffner","primary",NA,NA
"Microtus abbreviatus","mass","Body_Mass","g",62,62,4,1,0,FALSE,"Wilman","secondary",NA,NA
"Microtus agrestis","mass","Body_Mass","g",32.533,32.4,9,3,0,FALSE,"Burger; Genoud; Wilman","secondary",NA,NA
"Microtus anatolicus","mass","Body_Mass","g",37.99,37.99,4,1,0,FALSE,"Wilman","secondary",NA,NA
"Microtus arvalis","mass","Body_Mass","g",28.4,28,9,3,0,FALSE,"Burger; Genoud; Wilman","secondary",NA,NA
"Microtus bavaricus","mass","Body_Mass","g",23.94,23.94,4,1,0,FALSE,"Wilman","secondary",NA,NA
"Microtus brachycercus","mass","Body_Mass","g",37.99,37.99,4,1,0,FALSE,"Wilman","secondary",NA,NA
"Microtus breweri","mass","Body_Mass","g",53.55,53.55,5,2,0,FALSE,"Genoud; Wilman","secondary",NA,NA
"Microtus cabrerae","mass","Body_Mass","g",50.472,50.472,7,2,0,FALSE,"Genoud; Wilman","secondary",NA,NA
"Microtus californicus","mass","Body_Mass","g",48.24,44,6,3,0,FALSE,"Burger; Genoud; Wilman","secondary",NA,NA
"Microtus canicaudus","mass","Body_Mass","g",29.425,29.425,5,2,0,FALSE,"Genoud; Wilman","secondary",NA,NA
"Microtus chrotorrhinus","mass","Body_Mass","g",39,39,4,1,0,FALSE,"Wilman","secondary",NA,NA
"Microtus clarkei","mass","Body_Mass","g",48.14,48.14,4,1,0,FALSE,"Wilman","secondary",NA,NA
"Microtus daghestanicus","mass","Body_Mass","g",12.99,12.99,4,1,0,FALSE,"Wilman","secondary",NA,NA
"Microtus dogramacii","mass","Body_Mass","g",37.99,37.99,4,1,0,FALSE,"Wilman","secondary",NA,NA
"Microtus duodecimcostatus","mass","Body_Mass","g",23,23,4,1,0,FALSE,"Wilman","secondary",NA,NA
"Microtus evoronensis","mass","Body_Mass","g",41.42,41.42,4,1,0,FALSE,"Wilman","secondary",NA,NA
"Microtus felteni","mass","Body_Mass","g",24.34,24.34,4,1,0,FALSE,"Wilman","secondary",NA,NA
"Microtus fortis","mass","Body_Mass","g",63,63,4,1,0,FALSE,"Wilman","secondary",NA,NA
"Microtus gerbei","mass","Body_Mass","g",24.89,24.89,4,1,0,FALSE,"Wilman","secondary",NA,NA
"Microtus gregalis","mass","Body_Mass","g",47.5,47.5,4,1,0,FALSE,"Wilman","secondary",NA,NA
"Microtus guatemalensis","mass","Body_Mass","g",42,42,4,1,0,FALSE,"Wilman","secondary",NA,NA
"Microtus guentheri","mass","Body_Mass","g",48.367,50,6,3,0,FALSE,"Burger; Genoud; Wilman","secondary",NA,NA
"Microtus ilaeus","mass","Body_Mass","g",36.67,36.67,4,1,0,FALSE,"Wilman","secondary",NA,NA
"Microtus irani","mass","Body_Mass","g",45.36,45.36,4,1,0,FALSE,"Wilman","secondary",NA,NA
"Microtus kikuchii","mass","Body_Mass","g",46.3,46.3,4,1,0,FALSE,"Wilman","secondary",NA,NA
"Microtus levis","mass","Body_Mass","g",35.49,35.49,4,1,0,FALSE,"Wilman","secondary",NA,NA
"Microtus liechtensteini","mass","Body_Mass","g",37.99,37.99,4,1,0,FALSE,"Wilman","secondary",NA,NA
"Microtus limnophilus","mass","Body_Mass","g",40.59,40.59,4,1,0,FALSE,"Wilman","secondary",NA,NA
"Microtus longicaudus","mass","Body_Mass","g",42.314,46.71,8,3,0,FALSE,"Burger; Genoud; Wilman","secondary",NA,NA
"Microtus lusitanicus","mass","Body_Mass","g",24.82,24.82,4,1,0,FALSE,"Wilman","secondary",NA,NA
"Microtus majori","mass","Body_Mass","g",18.2,18.2,4,1,0,FALSE,"Wilman","secondary",NA,NA
"Microtus maximowiczii","mass","Body_Mass","g",41.312,41.312,6,2,0,FALSE,"Genoud; Wilman","secondary",NA,NA
"Microtus mexicanus","mass","Body_Mass","g",31.9,31.9,5,2,0,FALSE,"Genoud; Wilman","secondary",NA,NA
"Microtus middendorffii","mass","Body_Mass","g",36.49,36.49,4,1,0,FALSE,"Wilman","secondary",NA,NA
"Microtus miurus","mass","Body_Mass","g",41,41,4,1,0,FALSE,"Wilman","secondary",NA,NA
"Microtus mongolicus","mass","Body_Mass","g",27.5,27.5,4,1,0,FALSE,"Wilman","secondary",NA,NA
"Microtus montanus","mass","Body_Mass","g",36.785,36.33,9,3,0,FALSE,"Burger; Genoud; Wilman","secondary",NA,NA
"Microtus montebelli","mass","Body_Mass","g",39.85,39.85,4,1,0,FALSE,"Wilman","secondary",NA,NA
"Microtus mujanensis","mass","Body_Mass","g",41.55,41.55,4,1,0,FALSE,"Wilman","secondary",NA,NA
"Microtus multiplex","mass","Body_Mass","g",23.17,23.17,4,1,0,FALSE,"Wilman","secondary",NA,NA
"Microtus oaxacensis","mass","Body_Mass","g",39.2,39.2,4,1,0,FALSE,"Wilman","secondary",NA,NA
"Microtus ochrogaster","mass","Body_Mass","g",44.203,43.8,7,3,0,FALSE,"Burger; Genoud; Wilman","secondary",NA,NA
"Microtus oeconomus","mass","Body_Mass","g",32.368,32.368,13,2,0,FALSE,"Genoud; Wilman","secondary",NA,NA
"Microtus oregoni","mass","Body_Mass","g",21.175,21.175,5,2,0,FALSE,"Burger; Wilman","secondary",NA,NA
"Microtus paradoxus","mass","Body_Mass","g",37.99,37.99,4,1,0,FALSE,"Wilman","secondary",NA,NA
"Microtus pennsylvanicus","mass","Body_Mass","g",35.049,36.75,8,3,0,FALSE,"Burger; Genoud; Wilman","secondary",NA,NA
"Microtus pinetorum","mass","Body_Mass","g",25.185,24.9,9,3,0,FALSE,"Burger; Genoud; Wilman","secondary",NA,NA
"Microtus qazvinensis","mass","Body_Mass","g",37.99,37.99,4,1,0,FALSE,"Wilman","secondary",NA,NA
"Microtus quasiater","mass","Body_Mass","g",40,40,4,1,0,FALSE,"Wilman","secondary",NA,NA
"Microtus richardsoni","mass","Body_Mass","g",75.325,75.325,6,2,0,FALSE,"Genoud; Wilman","secondary",NA,NA
"Microtus sachalinensis","mass","Body_Mass","g",36.33,36.33,4,1,0,FALSE,"Wilman","secondary",NA,NA
"Microtus savii","mass","Body_Mass","g",20,20,4,1,0,FALSE,"Wilman","secondary",NA,NA
"Microtus schelkovnikovi","mass","Body_Mass","g",26.4,26.4,4,1,0,FALSE,"Wilman","secondary",NA,NA
"Microtus schidlovskii","mass","Body_Mass","g",37.99,37.99,4,1,0,FALSE,"Wilman","secondary",NA,NA
"Microtus socialis","mass","Body_Mass","g",54.6,54.6,5,2,0,FALSE,"Genoud; Wilman","secondary",NA,NA
"Microtus subterraneus","mass","Body_Mass","g",18.65,18.65,5,2,0,FALSE,"Genoud; Wilman","secondary",NA,NA
"Microtus tatricus","mass","Body_Mass","g",40,40,4,1,0,FALSE,"Wilman","secondary",NA,NA
"Microtus thomasi","mass","Body_Mass","g",25.67,25.67,4,1,0,FALSE,"Wilman","secondary",NA,NA
"Microtus townsendii","mass","Body_Mass","g",54.25,52.2,6,3,0,FALSE,"Burger; Genoud; Wilman","secondary",NA,NA
"Microtus transcaspicus","mass","Body_Mass","g",35.17,35.17,4,1,0,FALSE,"Wilman","secondary",NA,NA
"Microtus umbrosus","mass","Body_Mass","g",42,42,4,1,0,FALSE,"Wilman","secondary",NA,NA
"Microtus xanthognathus","mass","Body_Mass","g",97.125,97.125,5,2,0,FALSE,"Genoud; Wilman","secondary",NA,NA
"Millardia gleadowi","mass","Body_Mass","g",30.8,30.8,4,1,0,FALSE,"Wilman","secondary",NA,NA
"Millardia kathleenae","mass","Body_Mass","g",93,93,4,1,0,FALSE,"Wilman","secondary",NA,NA
"Millardia kondana","mass","Body_Mass","g",147,147,4,1,0,FALSE,"Wilman","secondary",NA,NA
"Millardia meltada","mass","Body_Mass","g",68.7,68.7,5,2,0,FALSE,"Genoud; Wilman","secondary",NA,NA
"Mimetillus moloneyi","mass","Body_Mass","g",8.8,8.8,4,1,0,FALSE,"Wilman","secondary",NA,NA
"Mimon bennettii","mass","Body_Mass","g",25.2,25.2,4,1,0,FALSE,"Wilman","secondary",NA,NA
"Mimon cozumelae","mass","Body_Mass","g",18.61,18.61,4,1,0,FALSE,"Wilman","secondary",NA,NA
"Mimon crenulatum","mass","Body_Mass","g",13.765,13.765,5,2,0,FALSE,"Burger; Wilman","secondary",NA,NA
"Mimon koepckeae","mass","Body_Mass","g",18.61,18.61,4,1,0,FALSE,"Wilman","secondary",NA,NA
"Miniopterus africanus","mass","Body_Mass","g",9.76,9.76,4,1,0,FALSE,"Wilman","secondary",NA,NA
"Miniopterus australis","mass","Body_Mass","g",6.625,6.625,5,2,0,FALSE,"Burger; Wilman","secondary",NA,NA
"Miniopterus fraterculus","mass","Body_Mass","g",7.3,7.3,4,1,0,FALSE,"Wilman","secondary",NA,NA
"Miniopterus fuscus","mass","Body_Mass","g",11.065,11.065,5,2,0,FALSE,"Burger; Wilman","secondary",NA,NA
"Miniopterus gleni","mass","Body_Mass","g",9,9,4,1,0,FALSE,"Wilman","secondary",NA,NA
"Miniopterus inflatus","mass","Body_Mass","g",14.625,14.625,5,2,0,FALSE,"Burger; Wilman","secondary",NA,NA
"Miniopterus magnater","mass","Body_Mass","g",14.535,14.535,5,2,0,FALSE,"Burger; Wilman","secondary",NA,NA
"Miniopterus majori","mass","Body_Mass","g",9,9,4,1,0,FALSE,"Wilman","secondary",NA,NA
"Miniopterus manavi","mass","Body_Mass","g",7,7,4,1,0,FALSE,"Wilman","secondary",NA,NA
"Miniopterus medius","mass","Body_Mass","g",11.555,11.555,5,2,0,FALSE,"Burger; Wilman","secondary",NA,NA
"Miniopterus minor","mass","Body_Mass","g",7.01,7.01,4,1,0,FALSE,"Wilman","secondary",NA,NA
"Miniopterus natalensis","mass","Body_Mass","g",10.1,10.1,5,2,0,FALSE,"Genoud; Wilman","secondary",NA,NA
"Miniopterus paululus","mass","Body_Mass","g",9.76,9.76,4,1,0,FALSE,"Wilman","secondary",NA,NA
"Miniopterus pusillus","mass","Body_Mass","g",8.605,8.605,5,2,0,FALSE,"Burger; Wilman","secondary",NA,NA
"Miniopterus robustior","mass","Body_Mass","g",12.06,12.06,4,1,0,FALSE,"Wilman","secondary",NA,NA
"Miniopterus schreibersii","mass","Body_Mass","g",12.311,11.62,8,4,0,FALSE,"Burger; Genoud; Ruf; Wilman","secondary",NA,NA
"Miniopterus shortridgei","mass","Body_Mass","g",9.76,9.76,4,1,0,FALSE,"Wilman","secondary",NA,NA
"Miniopterus tristis","mass","Body_Mass","g",15.675,15.675,5,2,0,FALSE,"Burger; Wilman","secondary",NA,NA
"Minopterus macrocneme","mass","Body_Mass","g",9.83,9.83,4,1,0,FALSE,"Wilman","secondary",NA,NA
"Miopithecus ogouensis","mass","Body_Mass","g",1577.5,1655,7,4,0,FALSE,"Burger; Isler; Powell; Wilman","secondary",NA,NA
"Miopithecus talapoin","mass","Body_Mass","g",1175,1175,16,6,2,TRUE,"Burger; Lewitus; MacLarnon; Stephan; Stephan_collection; Wilman","primary; secondary",NA,NA
"Mirounga angustirostris","mass","Body_Mass","g",725000,725000,5,2,0,FALSE,"Burger; Wilman","secondary",NA,NA
"Mirounga leonina","mass","Body_Mass","g",1803250,1803250,5,2,0,FALSE,"Burger; Wilman","secondary",NA,NA
"Mirza coquereli","mass","Body_Mass","g",311.6,311.5,8,5,0,FALSE,"Burger; Granatosky; Isler; Powell; Wilman","secondary",NA,NA
"Mogera imaizumii","mass","Body_Mass","g",65.53,65.53,4,1,0,FALSE,"Wilman","secondary",NA,NA
"Mogera insularis","mass","Body_Mass","g",83.03,83.03,4,1,0,FALSE,"Wilman","secondary",NA,NA
"Mogera tokudae","mass","Body_Mass","g",129.5,129.5,4,1,0,FALSE,"Wilman","secondary",NA,NA
"Mogera uchidai","mass","Body_Mass","g",75.85,75.85,4,1,0,FALSE,"Wilman","secondary",NA,NA
"Mogera wogura","mass","Body_Mass","g",111.5,111.5,4,1,0,FALSE,"Wilman","secondary",NA,NA
"Molossops aequatorianus","mass","Body_Mass","g",14.51,14.51,4,1,0,FALSE,"Wilman","secondary",NA,NA
"Molossops mattogrossensis","mass","Body_Mass","g",6.83,6.83,4,1,0,FALSE,"Wilman","secondary",NA,NA
"Molossops neglectus","mass","Body_Mass","g",11,11,4,1,0,FALSE,"Wilman","secondary",NA,NA
"Molossops temminckii","mass","Body_Mass","g",6.35,6.35,5,2,0,FALSE,"Burger; Wilman","secondary",NA,NA
"Molossus aztecus","mass","Body_Mass","g",14.86,14.86,4,1,0,FALSE,"Wilman","secondary",NA,NA
"Molossus barnesi","mass","Body_Mass","g",14.8,14.8,4,1,0,FALSE,"Wilman","secondary",NA,NA
"Molossus coibensis","mass","Body_Mass","g",18.73,18.73,4,1,0,FALSE,"Wilman","secondary",NA,NA
"Molossus currentium","mass","Body_Mass","g",17.79,17.79,4,1,0,FALSE,"Wilman","secondary",NA,NA
"Molossus molossus","mass","Body_Mass","g",14.437,13.58,6,3,0,FALSE,"Burger; Genoud; Wilman","secondary",NA,NA
"Molossus pretiosus","mass","Body_Mass","g",27,27,4,1,0,FALSE,"Wilman","secondary",NA,NA
"Molossus rufus","mass","Body_Mass","g",25,25,4,1,0,FALSE,"Wilman","secondary",NA,NA
"Molossus sinaloae","mass","Body_Mass","g",22.58,22.58,4,1,0,FALSE,"Wilman","secondary",NA,NA
"Monachus monachus","mass","Body_Mass","g",286500,286500,5,2,0,FALSE,"Burger; Wilman","secondary",NA,NA
"Monachus schauinslandi","mass","Body_Mass","g",198000,198000,5,2,0,FALSE,"Burger; Wilman","secondary",NA,NA
"Monachus tropicalis","mass","Body_Mass","g",2e+05,2e+05,4,1,0,FALSE,"Wilman","secondary",NA,NA
"Monodelphis adusta","mass","Body_Mass","g",35,35,4,1,0,FALSE,"Wilman","secondary",NA,NA
"Monodelphis americana","mass","Body_Mass","g",19.5,19.5,4,1,0,FALSE,"Wilman","secondary",NA,NA
"Monodelphis brevicaudata","mass","Body_Mass","g",83.543,70,6,3,0,FALSE,"Burger; Genoud; Wilman","secondary",NA,NA
"Monodelphis dimidiata","mass","Body_Mass","g",58,58,4,1,0,FALSE,"Wilman","secondary",NA,NA
"Monodelphis domestica","mass","Body_Mass","g",150,150,10,4,1,TRUE,"Finlay; Genoud; Wilman; Wimberly","primary; secondary",NA,NA
"Monodelphis emiliae","mass","Body_Mass","g",40,40,4,1,0,FALSE,"Wilman","secondary",NA,NA
"Monodelphis glirina","mass","Body_Mass","g",61.54,61.54,4,1,0,FALSE,"Wilman","secondary",NA,NA
"Monodelphis iheringi","mass","Body_Mass","g",112,112,4,1,0,FALSE,"Wilman","secondary",NA,NA
"Monodelphis kunsi","mass","Body_Mass","g",11.3,11.3,4,1,0,FALSE,"Wilman","secondary",NA,NA
"Monodelphis maraxina","mass","Body_Mass","g",61.57,61.57,4,1,0,FALSE,"Wilman","secondary",NA,NA
"Monodelphis osgoodi","mass","Body_Mass","g",112,112,4,1,0,FALSE,"Wilman","secondary",NA,NA
"Monodelphis palliolata","mass","Body_Mass","g",61.54,61.54,4,1,0,FALSE,"Wilman","secondary",NA,NA
"Monodelphis rubida","mass","Body_Mass","g",45.5,45.5,4,1,0,FALSE,"Wilman","secondary",NA,NA
"Monodelphis scalops","mass","Body_Mass","g",741,741,4,1,0,FALSE,"Wilman","secondary",NA,NA
"Monodelphis sorex","mass","Body_Mass","g",48,48,4,1,0,FALSE,"Wilman","secondary",NA,NA
"Monodelphis theresa","mass","Body_Mass","g",112,112,4,1,0,FALSE,"Wilman","secondary",NA,NA
"Monodelphis umbristriata","mass","Body_Mass","g",61.54,61.54,4,1,0,FALSE,"Wilman","secondary",NA,NA
"Monodelphis unistriata","mass","Body_Mass","g",55.3,55.3,4,1,0,FALSE,"Wilman","secondary",NA,NA
"Monodon monoceros","mass","Body_Mass","g",1239164.999,1239164.999,5,2,0,FALSE,"Burger; Wilman","secondary",NA,NA
"Monophyllus plethodon","mass","Body_Mass","g",14.855,14.855,5,2,0,FALSE,"Burger; Wilman","secondary",NA,NA
"Monophyllus redmani","mass","Body_Mass","g",8.755,8.755,5,2,0,FALSE,"Genoud; Wilman","secondary",NA,NA
"Monticolomys koopmani","mass","Body_Mass","g",25,25,4,1,0,FALSE,"Wilman","secondary",NA,NA
"Mops brachypterus","mass","Body_Mass","g",16,16,4,1,0,FALSE,"Wilman","secondary",NA,NA
"Mops condylurus","mass","Body_Mass","g",26.805,27.51,7,4,0,FALSE,"Burger; Genoud; Ruf; Wilman","secondary",NA,NA
"Mops congicus","mass","Body_Mass","g",42.95,42.95,4,1,0,FALSE,"Wilman","secondary",NA,NA
"Mops demonstrator","mass","Body_Mass","g",18.65,18.65,4,1,0,FALSE,"Wilman","secondary",NA,NA
"Mops leucostigma","mass","Body_Mass","g",26.79,26.79,5,2,0,FALSE,"Burger; Wilman","secondary",NA,NA
"Mops midas","mass","Body_Mass","g",45.22,45.22,4,1,0,FALSE,"Wilman","secondary",NA,NA
"Mops mops","mass","Body_Mass","g",30.95,30.95,5,2,0,FALSE,"Burger; Wilman","secondary",NA,NA
"Mops nanulus","mass","Body_Mass","g",18.65,18.65,4,1,0,FALSE,"Wilman","secondary",NA,NA
"Mops niangarae","mass","Body_Mass","g",18.65,18.65,4,1,0,FALSE,"Wilman","secondary",NA,NA
"Mops niveiventer","mass","Body_Mass","g",21.7,21.7,5,2,0,FALSE,"Burger; Wilman","secondary",NA,NA
"Mops petersoni","mass","Body_Mass","g",18.65,18.65,4,1,0,FALSE,"Wilman","secondary",NA,NA
"Mops pumilus","mass","Body_Mass","g",11.535,11.535,5,2,0,FALSE,"Burger; Wilman","secondary",NA,NA
"Mops sarasinorum","mass","Body_Mass","g",24.17,24.17,4,1,0,FALSE,"Wilman","secondary",NA,NA
"Mops spurrelli","mass","Body_Mass","g",8.08,8.08,4,1,0,FALSE,"Wilman","secondary",NA,NA
"Mops thersites","mass","Body_Mass","g",22,22,4,1,0,FALSE,"Wilman","secondary",NA,NA
"Mops trevori","mass","Body_Mass","g",18.65,18.65,4,1,0,FALSE,"Wilman","secondary",NA,NA
"Mormoops blainvillei","mass","Body_Mass","g",8.8,8.8,5,2,0,FALSE,"Genoud; Wilman","secondary",NA,NA
"Mormoops magna","mass","Body_Mass","g",11.72,11.72,4,1,0,FALSE,"Wilman","secondary",NA,NA
"Mormoops megalophylla","mass","Body_Mass","g",15.947,15.81,6,3,0,FALSE,"Burger; Genoud; Wilman","secondary",NA,NA
"Mormopterus acetabulosus","mass","Body_Mass","g",11,11,4,1,0,FALSE,"Wilman","secondary",NA,NA
"Mormopterus beccarii","mass","Body_Mass","g",14.525,14.525,5,2,0,FALSE,"Burger; Wilman","secondary",NA,NA
"Mormopterus doriae","mass","Body_Mass","g",12.5,12.5,4,1,0,FALSE,"Wilman","secondary",NA,NA
"Mormopterus jugularis","mass","Body_Mass","g",11.5,11.5,5,2,0,FALSE,"Burger; Wilman","secondary",NA,NA
"Mormopterus kalinowskii","mass","Body_Mass","g",13.44,13.44,4,1,0,FALSE,"Wilman","secondary",NA,NA
"Mormopterus loriae","mass","Body_Mass","g",7,7,4,1,0,FALSE,"Wilman","secondary",NA,NA
"Mormopterus minutus","mass","Body_Mass","g",13.44,13.44,4,1,0,FALSE,"Wilman","secondary",NA,NA
"Mormopterus norfolkensis","mass","Body_Mass","g",8,8,4,1,0,FALSE,"Wilman","secondary",NA,NA
"Mormopterus phrudus","mass","Body_Mass","g",13.44,13.44,4,1,0,FALSE,"Wilman","secondary",NA,NA
"Mormopterus planiceps","mass","Body_Mass","g",8.8,8.8,4,1,0,FALSE,"Wilman","secondary",NA,NA
"Moschiola meminna","mass","Body_Mass","g",2688.697,2938.14,6,3,0,FALSE,"Burger; Wilman; Wimberly","secondary",NA,NA
"Moschus anhuiensis","mass","Body_Mass","g",2145.93,2145.93,4,1,0,FALSE,"Wilman","secondary",NA,NA
"Moschus berezovskii","mass","Body_Mass","g",9000,9000,4,1,0,FALSE,"Wilman","secondary",NA,NA
"Moschus chrysogaster","mass","Body_Mass","g",14500,14500,4,1,0,FALSE,"Wilman","secondary",NA,NA
"Moschus cupreus","mass","Body_Mass","g",2145.93,2145.93,4,1,0,FALSE,"Wilman","secondary",NA,NA
"Moschus fuscus","mass","Body_Mass","g",12.5,12.5,4,1,0,FALSE,"Wilman","secondary",NA,NA
"Moschus leucogaster","mass","Body_Mass","g",9572.965,9572.965,5,2,0,FALSE,"Wilman; Wimberly","secondary",NA,NA
"Moschus moschiferus","mass","Body_Mass","g",13000,13000,4,1,0,FALSE,"Wilman","secondary",NA,NA
"Mosia nigrescens","mass","Body_Mass","g",3.25,3.25,4,1,0,FALSE,"Wilman","secondary",NA,NA
"Mouse lemur","mass","Body_Mass","g",60,60,4,1,0,FALSE,"Burish","review",NA,NA
"Mungos gambianus","mass","Body_Mass","g",1500,1500,4,1,0,FALSE,"Wilman","secondary",NA,NA
"Mungos mungo","mass","Body_Mass","g",1371.25,1350,8,4,0,FALSE,"10.1002%2Fcne.24349_Table3.tsv; Burger; Wilman; Wimberly","secondary",NA,NA
"Mungotictis decemlineata","mass","Body_Mass","g",650,650,4,1,0,FALSE,"Wilman","secondary",NA,NA
"Muntiacus atherodes","mass","Body_Mass","g",15600,15600,4,1,0,FALSE,"Wilman","secondary",NA,NA
"Muntiacus crinifrons","mass","Body_Mass","g",36140.99,36140.99,4,1,0,FALSE,"Wilman","secondary",NA,NA
"Muntiacus feae","mass","Body_Mass","g",22000,22000,4,1,0,FALSE,"Wilman","secondary",NA,NA
"Muntiacus gongshanensis","mass","Body_Mass","g",19906.73,19906.73,4,1,0,FALSE,"Wilman","secondary",NA,NA
"Muntiacus muntjak","mass","Body_Mass","g",16712.46,16600,6,3,0,FALSE,"Burger; Wilman; Wimberly","secondary",NA,NA
"Muntiacus puhoatensis","mass","Body_Mass","g",19506.63,19506.63,4,1,0,FALSE,"Wilman","secondary",NA,NA
"Muntiacus putaoensis","mass","Body_Mass","g",19506.63,19506.63,4,1,0,FALSE,"Wilman","secondary",NA,NA
"Muntiacus reevesi","mass","Body_Mass","g",13500,13500,4,1,0,FALSE,"Wilman","secondary",NA,NA
"Muntiacus rooseveltorum","mass","Body_Mass","g",10762.64,10762.64,4,1,0,FALSE,"Wilman","secondary",NA,NA
"Muntiacus truongsonensis","mass","Body_Mass","g",19506.63,19506.63,4,1,0,FALSE,"Wilman","secondary",NA,NA
"Muntiacus vuquangensis","mass","Body_Mass","g",36690.82,36690.82,4,1,0,FALSE,"Wilman","secondary",NA,NA
"Murexechinus melanurus","mass","Body_Mass","g",34.51,34.51,5,2,0,FALSE,"Burger; Wilman","secondary",NA,NA
"Murexia longicaudata","mass","Body_Mass","g",206.915,206.915,5,2,0,FALSE,"Burger; Wilman","secondary",NA,NA
"Muriculus imberbis","mass","Body_Mass","g",18.5,18.5,4,1,0,FALSE,"Wilman","secondary",NA,NA
"Murina aenea","mass","Body_Mass","g",7.38,7.38,4,1,0,FALSE,"Wilman","secondary",NA,NA
"Murina aurata","mass","Body_Mass","g",5.74,5.74,4,1,0,FALSE,"Wilman","secondary",NA,NA
"Murina cyclotis","mass","Body_Mass","g",8.58,8.58,5,2,0,FALSE,"Burger; Wilman","secondary",NA,NA
"Murina florium","mass","Body_Mass","g",4.25,4.25,4,1,0,FALSE,"Wilman","secondary",NA,NA
"Murina fusca","mass","Body_Mass","g",6.23,6.23,4,1,0,FALSE,"Wilman","secondary",NA,NA
"Murina grisea","mass","Body_Mass","g",6.58,6.58,4,1,0,FALSE,"Wilman","secondary",NA,NA
"Murina hilgendorfi","mass","Body_Mass","g",5.92,5.92,4,1,0,FALSE,"Wilman","secondary",NA,NA
"Murina huttoni","mass","Body_Mass","g",8.2,8.2,5,2,0,FALSE,"Burger; Wilman","secondary",NA,NA
"Murina leucogaster","mass","Body_Mass","g",7.55,7.55,4,1,0,FALSE,"Wilman","secondary",NA,NA
"Murina puta","mass","Body_Mass","g",6.73,6.73,4,1,0,FALSE,"Wilman","secondary",NA,NA
"Murina rozendaali","mass","Body_Mass","g",4.55,4.55,4,1,0,FALSE,"Wilman","secondary",NA,NA
"Murina ryukyuana","mass","Body_Mass","g",5.92,5.92,4,1,0,FALSE,"Wilman","secondary",NA,NA
"Murina silvatica","mass","Body_Mass","g",5.92,5.92,4,1,0,FALSE,"Wilman","secondary",NA,NA
"Murina suilla","mass","Body_Mass","g",3.63,3.63,4,1,0,FALSE,"Wilman","secondary",NA,NA
"Murina tenebrosa","mass","Body_Mass","g",5.74,5.74,4,1,0,FALSE,"Wilman","secondary",NA,NA
"Murina tubinaris","mass","Body_Mass","g",5.45,5.45,5,2,0,FALSE,"Burger; Wilman","secondary",NA,NA
"Murina ussuriensis","mass","Body_Mass","g",5.74,5.74,4,1,0,FALSE,"Wilman","secondary",NA,NA
"Mus baoulei","mass","Body_Mass","g",9.12,9.12,4,1,0,FALSE,"Wilman","secondary",NA,NA
"Mus booduga","mass","Body_Mass","g",13.075,13.075,5,2,0,FALSE,"Burger; Wilman","secondary",NA,NA
"Mus bufo","mass","Body_Mass","g",9.2,9.2,4,1,0,FALSE,"Wilman","secondary",NA,NA
"Mus callewaerti","mass","Body_Mass","g",9.12,9.12,4,1,0,FALSE,"Wilman","secondary",NA,NA
"Mus caroli","mass","Body_Mass","g",11.25,11.25,4,1,0,FALSE,"Wilman","secondary",NA,NA
"Mus cervicolor","mass","Body_Mass","g",17.7,17.7,4,1,0,FALSE,"Wilman","secondary",NA,NA
"Mus cookii","mass","Body_Mass","g",20.47,20.47,4,1,0,FALSE,"Wilman","secondary",NA,NA
"Mus crociduroides","mass","Body_Mass","g",28.7,28.7,4,1,0,FALSE,"Wilman","secondary",NA,NA
"Mus famulus","mass","Body_Mass","g",22.88,22.88,4,1,0,FALSE,"Wilman","secondary",NA,NA
"Mus fernandoni","mass","Body_Mass","g",21.82,21.82,4,1,0,FALSE,"Wilman","secondary",NA,NA
"Mus fragilicauda","mass","Body_Mass","g",13.76,13.76,4,1,0,FALSE,"Wilman","secondary",NA,NA
"Mus goundae","mass","Body_Mass","g",8.96,8.96,4,1,0,FALSE,"Wilman","secondary",NA,NA
"Mus haussa","mass","Body_Mass","g",9.18,9.18,4,1,0,FALSE,"Wilman","secondary",NA,NA
"Mus indutus","mass","Body_Mass","g",6.15,6.15,4,1,0,FALSE,"Wilman","secondary",NA,NA
"Mus macedonicus","mass","Body_Mass","g",14.56,14.56,6,2,0,FALSE,"Genoud; Wilman","secondary",NA,NA
"Mus mahomet","mass","Body_Mass","g",10,10,4,1,0,FALSE,"Wilman","secondary",NA,NA
"Mus mattheyi","mass","Body_Mass","g",9.52,9.52,4,1,0,FALSE,"Wilman","secondary",NA,NA
"Mus mayori","mass","Body_Mass","g",20.78,20.78,4,1,0,FALSE,"Wilman","secondary",NA,NA
"Mus minutoides","mass","Body_Mass","g",7.587,7.587,6,2,0,FALSE,"Genoud; Wilman","secondary",NA,NA
"Mus musculoides","mass","Body_Mass","g",7.115,7.115,5,2,0,FALSE,"Burger; Wilman","secondary",NA,NA
"Mus musculus","mass","Body_Mass","g",24.362,22.25,59,9,0,FALSE,"Burger; Garwicz; Genoud; HerculanoHouzel; Lewitus; MacLarnon; Ruf; Wilman; Wimberly","secondary",NA,NA
"Mus neavei","mass","Body_Mass","g",9.53,9.53,4,1,0,FALSE,"Wilman","secondary",NA,NA
"Mus orangiae","mass","Body_Mass","g",9.5,9.5,4,1,0,FALSE,"Wilman","secondary",NA,NA
"Mus oubanguii","mass","Body_Mass","g",9.16,9.16,4,1,0,FALSE,"Wilman","secondary",NA,NA
"Mus pahari","mass","Body_Mass","g",25.73,25.73,4,1,0,FALSE,"Wilman","secondary",NA,NA
"Mus phillipsi","mass","Body_Mass","g",12.3,12.3,4,1,0,FALSE,"Wilman","secondary",NA,NA
"Mus platythrix","mass","Body_Mass","g",27.2,27.2,5,2,0,FALSE,"Burger; Wilman","secondary",NA,NA
"Mus saxicola","mass","Body_Mass","g",21.4,21.4,4,1,0,FALSE,"Wilman","secondary",NA,NA
"Mus setulosus","mass","Body_Mass","g",9.4,9.4,4,1,0,FALSE,"Wilman","secondary",NA,NA
"Mus setzeri","mass","Body_Mass","g",6.65,6.65,4,1,0,FALSE,"Wilman","secondary",NA,NA
"Mus shortridgei","mass","Body_Mass","g",34.6,34.6,4,1,0,FALSE,"Wilman","secondary",NA,NA
"Mus sorella","mass","Body_Mass","g",9.5,9.5,4,1,0,FALSE,"Wilman","secondary",NA,NA
"Mus sp.","mass","Body_Mass","g",24,24,4,1,1,TRUE,"Finlay","primary",NA,NA
"Mus spicilegus","mass","Body_Mass","g",14,14,4,1,0,FALSE,"Wilman","secondary",NA,NA
"Mus spretus","mass","Body_Mass","g",17.3,17.3,5,2,0,FALSE,"Genoud; Wilman","secondary",NA,NA
"Mus tenellus","mass","Body_Mass","g",9.48,9.48,4,1,0,FALSE,"Wilman","secondary",NA,NA
"Mus terricolor","mass","Body_Mass","g",9,9,4,1,0,FALSE,"Wilman","secondary",NA,NA
"Mus triton","mass","Body_Mass","g",13.55,13.55,4,1,0,FALSE,"Wilman","secondary",NA,NA
"Mus vulcani","mass","Body_Mass","g",20.2,20.2,4,1,0,FALSE,"Wilman","secondary",NA,NA
"Muscardinus avellanarius","mass","Body_Mass","g",25.023,25.5,8,4,0,FALSE,"Genoud; Ruf; Wilman; Wimberly","secondary",NA,NA
"Musonycteris harrisoni","mass","Body_Mass","g",13.37,13.37,4,1,0,FALSE,"Wilman","secondary",NA,NA
"Mustela africana","mass","Body_Mass","g",536.99,536.99,4,1,0,FALSE,"Wilman","secondary",NA,NA
"Mustela altaica","mass","Body_Mass","g",180.5,180.5,5,2,0,FALSE,"Burger; Wilman","secondary",NA,NA
"Mustela erminea","mass","Body_Mass","g",161.548,156.43,8,3,0,FALSE,"Burger; Genoud; Wilman","secondary",NA,NA
"Mustela eversmanii","mass","Body_Mass","g",1148.105,1148.105,5,2,0,FALSE,"Genoud; Wilman","secondary",NA,NA
"Mustela felipei","mass","Body_Mass","g",211.3,211.3,4,1,0,FALSE,"Wilman","secondary",NA,NA
"Mustela frenata","mass","Body_Mass","g",179,165,6,3,0,FALSE,"Burger; Genoud; Wilman","secondary",NA,NA
"Mustela itatsi","mass","Body_Mass","g",57,57,4,1,0,FALSE,"Wilman","secondary",NA,NA
"Mustela kathiah","mass","Body_Mass","g",208.08,208.08,4,1,0,FALSE,"Wilman","secondary",NA,NA
"Mustela lutreola","mass","Body_Mass","g",515,515,5,2,0,FALSE,"Burger; Wilman","secondary",NA,NA
"Mustela lutreolina","mass","Body_Mass","g",622.3,622.3,5,2,0,FALSE,"Burger; Wilman","secondary",NA,NA
"Mustela nigripes","mass","Body_Mass","g",859.667,850,6,3,0,FALSE,"Burger; Genoud; Wilman","secondary",NA,NA
"Mustela nivalis","mass","Body_Mass","g",80.293,77,12,3,0,FALSE,"Burger; Genoud; Wilman","secondary",NA,NA
"Mustela nudipes","mass","Body_Mass","g",500,500,4,1,0,FALSE,"Wilman","secondary",NA,NA
"Mustela putorius","mass","Body_Mass","g",1062.874,915.37,9,5,0,FALSE,"10.1002%2Fcne.24349_Table3.tsv; Burger; Genoud; Lewitus; Wilman","secondary",NA,NA
"Mustela putorius furo","mass","Body_Mass","g",1800,1800,4,1,0,FALSE,"Garwicz","secondary",NA,NA
"Mustela sibirica","mass","Body_Mass","g",400,400,5,2,0,FALSE,"Burger; Wilman","secondary",NA,NA
"Mustela strigidorsa","mass","Body_Mass","g",1500,1500,4,1,0,FALSE,"Wilman","secondary",NA,NA
"Mustela subpalmata","mass","Body_Mass","g",350.52,350.52,4,1,0,FALSE,"Wilman","secondary",NA,NA
"Mustela vison","mass","Body_Mass","g",915.444,951.333,8,3,0,FALSE,"Burger; Genoud; Wilman","secondary",NA,NA
"Mydaus javanensis","mass","Body_Mass","g",2505,2505,5,2,0,FALSE,"Burger; Wilman","secondary",NA,NA
"Mydaus marchei","mass","Body_Mass","g",1414.1,1414.1,5,2,0,FALSE,"Burger; Wilman","secondary",NA,NA
"Mylomys dybowskii","mass","Body_Mass","g",114.4,114.4,4,1,0,FALSE,"Wilman","secondary",NA,NA
"Mylomys rex","mass","Body_Mass","g",114.4,114.4,4,1,0,FALSE,"Wilman","secondary",NA,NA
"Myocastor coypus","mass","Body_Mass","g",5000,5000,7,4,1,TRUE,"Burger; Genoud; Heffner; Wilman","primary; secondary",NA,NA
"Myodes andersoni","mass","Body_Mass","g",24,24,4,1,0,FALSE,"Wilman","secondary",NA,NA
"Myodes californicus","mass","Body_Mass","g",18.3,18.3,5,2,0,FALSE,"Genoud; Wilman","secondary",NA,NA
"Myodes centralis","mass","Body_Mass","g",24,24,4,1,0,FALSE,"Wilman","secondary",NA,NA
"Myodes gapperi","mass","Body_Mass","g",20.068,19.83,13,3,0,FALSE,"Burger; Genoud; Wilman","secondary",NA,NA
"Myodes glareolus","mass","Body_Mass","g",20.071,20.73,15,4,0,FALSE,"Burger; Genoud; Wilman; Wimberly","secondary",NA,NA
"Myodes imaizumii","mass","Body_Mass","g",24,24,4,1,0,FALSE,"Wilman","secondary",NA,NA
"Myodes regulus","mass","Body_Mass","g",29.84,29.84,4,1,0,FALSE,"Wilman","secondary",NA,NA
"Myodes rex","mass","Body_Mass","g",24,24,4,1,0,FALSE,"Wilman","secondary",NA,NA
"Myodes rufocanus","mass","Body_Mass","g",33.335,36.43,7,3,0,FALSE,"Burger; Genoud; Wilman","secondary",NA,NA
"Myodes rutilus","mass","Body_Mass","g",21.847,19.94,6,3,0,FALSE,"Burger; Genoud; Wilman","secondary",NA,NA
"Myodes shanseius","mass","Body_Mass","g",29.22,29.22,4,1,0,FALSE,"Wilman","secondary",NA,NA
"Myodes smithii","mass","Body_Mass","g",34.94,34.94,4,1,0,FALSE,"Wilman","secondary",NA,NA
"Myoictis melas","mass","Body_Mass","g",145.5,145.5,5,2,0,FALSE,"Burger; Wilman","secondary",NA,NA
"Myoictis wallacii","mass","Body_Mass","g",200,200,4,1,0,FALSE,"Wilman","secondary",NA,NA
"Myomimus personatus","mass","Body_Mass","g",37.48,37.48,4,1,0,FALSE,"Wilman","secondary",NA,NA
"Myomimus roachi","mass","Body_Mass","g",36.99,36.99,4,1,0,FALSE,"Wilman","secondary",NA,NA
"Myomimus setzeri","mass","Body_Mass","g",37.74,37.74,4,1,0,FALSE,"Wilman","secondary",NA,NA
"Myomyscus angolensis","mass","Body_Mass","g",52.89,52.89,4,1,0,FALSE,"Wilman","secondary",NA,NA
"Myomyscus brockmani","mass","Body_Mass","g",41,41,4,1,0,FALSE,"Wilman","secondary",NA,NA
"Myomyscus verreauxii","mass","Body_Mass","g",41,41,4,1,0,FALSE,"Wilman","secondary",NA,NA
"Myomyscus yemeni","mass","Body_Mass","g",52.7,52.7,4,1,0,FALSE,"Wilman","secondary",NA,NA
"Myonycteris brachycephala","mass","Body_Mass","g",53.39,53.39,4,1,0,FALSE,"Wilman","secondary",NA,NA
"Myonycteris relicta","mass","Body_Mass","g",52,52,4,1,0,FALSE,"Wilman","secondary",NA,NA
"Myonycteris torquata","mass","Body_Mass","g",39.315,39.315,5,2,0,FALSE,"Burger; Wilman","secondary",NA,NA
"Myoprocta acouchy","mass","Body_Mass","g",757,757,5,2,0,FALSE,"Genoud; Wilman","secondary",NA,NA
"Myoprocta pratti","mass","Body_Mass","g",966.73,966.73,4,1,0,FALSE,"Wilman","secondary",NA,NA
"Myopterus daubentonii","mass","Body_Mass","g",23.62,23.62,4,1,0,FALSE,"Wilman","secondary",NA,NA
"Myopterus whitleyi","mass","Body_Mass","g",11.5,11.5,4,1,0,FALSE,"Wilman","secondary",NA,NA
"Myopus schisticolor","mass","Body_Mass","g",28.3,26.4,6,3,0,FALSE,"Burger; Genoud; Wilman","secondary",NA,NA
"Myosciurus pumilio","mass","Body_Mass","g",165,165,4,1,0,FALSE,"Wilman","secondary",NA,NA
"Myosorex babaulti","mass","Body_Mass","g",10.35,10.35,4,1,0,FALSE,"Wilman","secondary",NA,NA
"Myosorex blarina","mass","Body_Mass","g",10.35,10.35,4,1,0,FALSE,"Wilman","secondary",NA,NA
"Myosorex cafer","mass","Body_Mass","g",13.4,13.4,4,1,0,FALSE,"Wilman","secondary",NA,NA
"Myosorex eisentrauti","mass","Body_Mass","g",10.35,10.35,4,1,0,FALSE,"Wilman","secondary",NA,NA
"Myosorex geata","mass","Body_Mass","g",9.35,9.35,4,1,0,FALSE,"Wilman","secondary",NA,NA
"Myosorex kihaulei","mass","Body_Mass","g",12.1,12.1,4,1,0,FALSE,"Wilman","secondary",NA,NA
"Myosorex longicaudatus","mass","Body_Mass","g",12.98,12.98,4,1,0,FALSE,"Wilman","secondary",NA,NA
"Myosorex okuensis","mass","Body_Mass","g",10.35,10.35,4,1,0,FALSE,"Wilman","secondary",NA,NA
"Myosorex rumpii","mass","Body_Mass","g",10.35,10.35,4,1,0,FALSE,"Wilman","secondary",NA,NA
"Myosorex schalleri","mass","Body_Mass","g",10.35,10.35,4,1,0,FALSE,"Wilman","secondary",NA,NA
"Myosorex sclateri","mass","Body_Mass","g",10.35,10.35,4,1,0,FALSE,"Wilman","secondary",NA,NA
"Myosorex tenuis","mass","Body_Mass","g",10.35,10.35,4,1,0,FALSE,"Wilman","secondary",NA,NA
"Myosorex varius","mass","Body_Mass","g",12.76,12.76,5,2,0,FALSE,"Genoud; Wilman","secondary",NA,NA
"Myosorex zinki","mass","Body_Mass","g",12.1,12.1,4,1,0,FALSE,"Wilman","secondary",NA,NA
"Myospalax aspalax","mass","Body_Mass","g",237.75,237.75,4,1,0,FALSE,"Wilman","secondary",NA,NA
"Myospalax myospalax","mass","Body_Mass","g",225,225,4,1,0,FALSE,"Wilman","secondary",NA,NA
"Myospalax psilurus","mass","Body_Mass","g",259.21,259.21,4,1,0,FALSE,"Wilman","secondary",NA,NA
"Myotis","mass","Body_Mass","g",30,30,4,1,1,TRUE,"Heffner","primary",NA,NA
"Myotis abei","mass","Body_Mass","g",7.74,7.74,4,1,0,FALSE,"Wilman","secondary",NA,NA
"Myotis adversus","mass","Body_Mass","g",9.867,10.55,6,3,0,FALSE,"Burger; Ruf; Wilman","secondary",NA,NA
"Myotis aelleni","mass","Body_Mass","g",7.26,7.26,4,1,0,FALSE,"Wilman","secondary",NA,NA
"Myotis albescens","mass","Body_Mass","g",4.65,4.65,5,2,0,FALSE,"Burger; Wilman","secondary",NA,NA
"Myotis alcathoe","mass","Body_Mass","g",7.74,7.74,4,1,0,FALSE,"Wilman","secondary",NA,NA
"Myotis altarium","mass","Body_Mass","g",11,11,5,2,0,FALSE,"Burger; Wilman","secondary",NA,NA
"Myotis anjouanensis","mass","Body_Mass","g",7.74,7.74,4,1,0,FALSE,"Wilman","secondary",NA,NA
"Myotis annamiticus","mass","Body_Mass","g",7.74,7.74,4,1,0,FALSE,"Wilman","secondary",NA,NA
"Myotis annectans","mass","Body_Mass","g",9.8,9.8,5,2,0,FALSE,"Burger; Wilman","secondary",NA,NA
"Myotis atacamensis","mass","Body_Mass","g",6.77,6.77,4,1,0,FALSE,"Wilman","secondary",NA,NA
"Myotis ater","mass","Body_Mass","g",7.74,7.74,4,1,0,FALSE,"Wilman","secondary",NA,NA
"Myotis auriculus","mass","Body_Mass","g",36.99,36.99,4,1,0,FALSE,"Wilman","secondary",NA,NA
"Myotis australis","mass","Body_Mass","g",5.62,5.62,4,1,0,FALSE,"Wilman","secondary",NA,NA
"Myotis austroriparius","mass","Body_Mass","g",7.17,7.17,5,2,0,FALSE,"Genoud; Wilman","secondary",NA,NA
"Myotis bechsteinii","mass","Body_Mass","g",9.207,9.15,7,3,0,FALSE,"Burger; Genoud; Wilman","secondary",NA,NA
"Myotis blythii","mass","Body_Mass","g",22.47,22.47,4,1,0,FALSE,"Wilman","secondary",NA,NA
"Myotis bocagii","mass","Body_Mass","g",7.615,7.615,5,2,0,FALSE,"Burger; Wilman","secondary",NA,NA
"Myotis bombinus","mass","Body_Mass","g",9.46,9.46,4,1,0,FALSE,"Wilman","secondary",NA,NA
"Myotis brandtii","mass","Body_Mass","g",5.3,5.3,4,1,0,FALSE,"Wilman","secondary",NA,NA
"Myotis bucharensis","mass","Body_Mass","g",7.74,7.74,4,1,0,FALSE,"Wilman","secondary",NA,NA
"Myotis californicus","mass","Body_Mass","g",4.6,4.6,4,1,0,FALSE,"Wilman","secondary",NA,NA
"Myotis capaccinii","mass","Body_Mass","g",7.44,7.44,4,1,0,FALSE,"Wilman","secondary",NA,NA
"Myotis chiloensis","mass","Body_Mass","g",6.265,6.265,5,2,0,FALSE,"Genoud; Wilman","secondary",NA,NA
"Myotis chinensis","mass","Body_Mass","g",42,42,4,1,0,FALSE,"Wilman","secondary",NA,NA
"Myotis ciliolabrum","mass","Body_Mass","g",4.89,4.89,4,1,0,FALSE,"Wilman","secondary",NA,NA
"Myotis cobanensis","mass","Body_Mass","g",7.26,7.26,4,1,0,FALSE,"Wilman","secondary",NA,NA
"Myotis csorbai","mass","Body_Mass","g",7.74,7.74,4,1,0,FALSE,"Wilman","secondary",NA,NA
"Myotis dasycneme","mass","Body_Mass","g",14.565,14.565,5,2,0,FALSE,"Burger; Wilman","secondary",NA,NA
"Myotis daubentonii","mass","Body_Mass","g",7.727,7.75,6,3,0,FALSE,"Burger; Genoud; Wilman","secondary",NA,NA
"Myotis davidii","mass","Body_Mass","g",7.74,7.74,4,1,0,FALSE,"Wilman","secondary",NA,NA
"Myotis dominicensis","mass","Body_Mass","g",5.9,5.9,4,1,0,FALSE,"Wilman","secondary",NA,NA
"Myotis elegans","mass","Body_Mass","g",4.05,4.05,4,1,0,FALSE,"Wilman","secondary",NA,NA
"Myotis emarginatus","mass","Body_Mass","g",7.66,7.66,4,1,0,FALSE,"Wilman","secondary",NA,NA
"Myotis evotis","mass","Body_Mass","g",6.7,6.7,4,1,0,FALSE,"Wilman","secondary",NA,NA
"Myotis fimbriatus","mass","Body_Mass","g",7.74,7.74,4,1,0,FALSE,"Wilman","secondary",NA,NA
"Myotis findleyi","mass","Body_Mass","g",5.9,5.9,4,1,0,FALSE,"Wilman","secondary",NA,NA
"Myotis formosus","mass","Body_Mass","g",7,7,4,1,0,FALSE,"Wilman","secondary",NA,NA
"Myotis fortidens","mass","Body_Mass","g",4.35,4.35,5,2,0,FALSE,"Burger; Wilman","secondary",NA,NA
"Myotis frater","mass","Body_Mass","g",7.55,7.55,4,1,0,FALSE,"Wilman","secondary",NA,NA
"Myotis gomantongensis","mass","Body_Mass","g",7.74,7.74,4,1,0,FALSE,"Wilman","secondary",NA,NA
"Myotis goudoti","mass","Body_Mass","g",5.56,5.56,4,1,0,FALSE,"Wilman","secondary",NA,NA
"Myotis grisescens","mass","Body_Mass","g",10.54,10.54,4,1,0,FALSE,"Wilman","secondary",NA,NA
"Myotis hajastanicus","mass","Body_Mass","g",7.74,7.74,4,1,0,FALSE,"Wilman","secondary",NA,NA
"Myotis hasseltii","mass","Body_Mass","g",8.125,8.125,5,2,0,FALSE,"Burger; Wilman","secondary",NA,NA
"Myotis hermani","mass","Body_Mass","g",7.74,7.74,4,1,0,FALSE,"Wilman","secondary",NA,NA
"Myotis horsfieldii","mass","Body_Mass","g",6.28,6.28,5,2,0,FALSE,"Burger; Wilman","secondary",NA,NA
"Myotis hosonoi","mass","Body_Mass","g",7.74,7.74,4,1,0,FALSE,"Wilman","secondary",NA,NA
"Myotis ikonnikovi","mass","Body_Mass","g",5.62,5.62,4,1,0,FALSE,"Wilman","secondary",NA,NA
"Myotis insularum","mass","Body_Mass","g",6.52,6.52,4,1,0,FALSE,"Wilman","secondary",NA,NA
"Myotis keaysi","mass","Body_Mass","g",5.3,5.3,4,1,0,FALSE,"Wilman","secondary",NA,NA
"Myotis keenii","mass","Body_Mass","g",6.27,6.27,4,1,0,FALSE,"Wilman","secondary",NA,NA
"Myotis laniger","mass","Body_Mass","g",7.74,7.74,4,1,0,FALSE,"Wilman","secondary",NA,NA
"Myotis leibii","mass","Body_Mass","g",5.13,5.13,4,1,0,FALSE,"Wilman","secondary",NA,NA
"Myotis levis","mass","Body_Mass","g",5.5,5.5,4,1,0,FALSE,"Wilman","secondary",NA,NA
"Myotis longipes","mass","Body_Mass","g",7.25,7.25,4,1,0,FALSE,"Wilman","secondary",NA,NA
"Myotis lucifugus","mass","Body_Mass","g",6.867,7.135,11,4,0,FALSE,"Burger; Genoud; Ruf; Wilman","secondary",NA,NA
"Myotis macrodactylus","mass","Body_Mass","g",7.2,7.2,4,1,0,FALSE,"Wilman","secondary",NA,NA
"Myotis macropus","mass","Body_Mass","g",7.74,7.74,4,1,0,FALSE,"Wilman","secondary",NA,NA
"Myotis macrotarsus","mass","Body_Mass","g",12.5,12.5,4,1,0,FALSE,"Wilman","secondary",NA,NA
"Myotis martiniquensis","mass","Body_Mass","g",5.9,5.9,4,1,0,FALSE,"Wilman","secondary",NA,NA
"Myotis melanorhinus","mass","Body_Mass","g",7.74,7.74,4,1,0,FALSE,"Wilman","secondary",NA,NA
"Myotis moluccarum","mass","Body_Mass","g",7.74,7.74,4,1,0,FALSE,"Wilman","secondary",NA,NA
"Myotis montivagus","mass","Body_Mass","g",8.3,8.3,5,2,0,FALSE,"Burger; Wilman","secondary",NA,NA
"Myotis morrisi","mass","Body_Mass","g",9.01,9.01,4,1,0,FALSE,"Wilman","secondary",NA,NA
"Myotis muricola","mass","Body_Mass","g",4.52,4.52,5,2,0,FALSE,"Burger; Wilman","secondary",NA,NA
"Myotis myotis","mass","Body_Mass","g",25.678,25,9,4,0,FALSE,"Burger; Genoud; Ruf; Wilman","secondary",NA,NA
"Myotis mystacinus","mass","Body_Mass","g",4.92,4.92,5,2,0,FALSE,"Burger; Wilman","secondary",NA,NA
"Myotis nattereri","mass","Body_Mass","g",7.66,7.25,8,4,0,FALSE,"Burger; Genoud; Ruf; Wilman","secondary",NA,NA
"Myotis nesopolus","mass","Body_Mass","g",3.5,3.5,4,1,0,FALSE,"Wilman","secondary",NA,NA
"Myotis nigricans","mass","Body_Mass","g",4.13,4.24,6,3,0,FALSE,"Burger; Genoud; Wilman","secondary",NA,NA
"Myotis nipalensis","mass","Body_Mass","g",7.74,7.74,4,1,0,FALSE,"Wilman","secondary",NA,NA
"Myotis occultus","mass","Body_Mass","g",8.79,8.79,4,1,0,FALSE,"Wilman","secondary",NA,NA
"Myotis oreias","mass","Body_Mass","g",8.31,8.31,4,1,0,FALSE,"Wilman","secondary",NA,NA
"Myotis oxygnathus","mass","Body_Mass","g",21.23,21.23,4,1,0,FALSE,"Wilman","secondary",NA,NA
"Myotis oxyotus","mass","Body_Mass","g",5.5,5.5,4,1,0,FALSE,"Wilman","secondary",NA,NA
"Myotis ozensis","mass","Body_Mass","g",7.74,7.74,4,1,0,FALSE,"Wilman","secondary",NA,NA
"Myotis peninsularis","mass","Body_Mass","g",7.26,7.26,4,1,0,FALSE,"Wilman","secondary",NA,NA
"Myotis pequinius","mass","Body_Mass","g",9.52,9.52,4,1,0,FALSE,"Wilman","secondary",NA,NA
"Myotis planiceps","mass","Body_Mass","g",5.36,5.36,4,1,0,FALSE,"Wilman","secondary",NA,NA
"Myotis pruinosus","mass","Body_Mass","g",7.25,7.25,4,1,0,FALSE,"Wilman","secondary",NA,NA
"Myotis punicus","mass","Body_Mass","g",7.74,7.74,4,1,0,FALSE,"Wilman","secondary",NA,NA
"Myotis ricketti","mass","Body_Mass","g",7.74,7.74,4,1,0,FALSE,"Wilman","secondary",NA,NA
"Myotis ridleyi","mass","Body_Mass","g",4.5,4.5,4,1,0,FALSE,"Wilman","secondary",NA,NA
"Myotis riparius","mass","Body_Mass","g",6.75,6.75,5,2,0,FALSE,"Burger; Wilman","secondary",NA,NA
"Myotis rosseti","mass","Body_Mass","g",3.29,3.29,4,1,0,FALSE,"Wilman","secondary",NA,NA
"Myotis ruber","mass","Body_Mass","g",5,5,4,1,0,FALSE,"Wilman","secondary",NA,NA
"Myotis schaubi","mass","Body_Mass","g",9.46,9.46,4,1,0,FALSE,"Wilman","secondary",NA,NA
"Myotis scotti","mass","Body_Mass","g",6.86,6.86,4,1,0,FALSE,"Wilman","secondary",NA,NA
"Myotis septentrionalis","mass","Body_Mass","g",7.74,7.74,4,1,0,FALSE,"Wilman","secondary",NA,NA
"Myotis sicarius","mass","Body_Mass","g",17.43,17.43,4,1,0,FALSE,"Wilman","secondary",NA,NA
"Myotis siligorensis","mass","Body_Mass","g",3.08,3.08,5,2,0,FALSE,"Burger; Wilman","secondary",NA,NA
"Myotis simus","mass","Body_Mass","g",8.2,8.2,4,1,0,FALSE,"Wilman","secondary",NA,NA
"Myotis sodalis","mass","Body_Mass","g",6.91,6.91,4,1,0,FALSE,"Wilman","secondary",NA,NA
"Myotis stalkeri","mass","Body_Mass","g",9.05,9.05,4,1,0,FALSE,"Wilman","secondary",NA,NA
"Myotis thysanodes","mass","Body_Mass","g",8.415,8.415,5,2,0,FALSE,"Genoud; Wilman","secondary",NA,NA
"Myotis tricolor","mass","Body_Mass","g",13.417,13.6,6,3,0,FALSE,"Burger; Genoud; Wilman","secondary",NA,NA
"Myotis velifer","mass","Body_Mass","g",10.333,10.1,6,3,0,FALSE,"Burger; Ruf; Wilman","secondary",NA,NA
"Myotis vivesi","mass","Body_Mass","g",25,25,5,2,0,FALSE,"Genoud; Wilman","secondary",NA,NA
"Myotis volans","mass","Body_Mass","g",8.46,8.46,4,1,0,FALSE,"Wilman","secondary",NA,NA
"Myotis welwitschii","mass","Body_Mass","g",15.5,15.5,4,1,0,FALSE,"Wilman","secondary",NA,NA
"Myotis yanbarensis","mass","Body_Mass","g",7.74,7.74,4,1,0,FALSE,"Wilman","secondary",NA,NA
"Myotis yesoensis","mass","Body_Mass","g",7.74,7.74,4,1,0,FALSE,"Wilman","secondary",NA,NA
"Myotis yumanensis","mass","Body_Mass","g",5.288,5.39,7,3,0,FALSE,"Burger; Genoud; Wilman","secondary",NA,NA
"Myotomys sloggetti","mass","Body_Mass","g",109.775,109.775,5,2,0,FALSE,"Genoud; Wilman","secondary",NA,NA
"Myotomys unisulcatus","mass","Body_Mass","g",99.25,99.25,5,2,0,FALSE,"Genoud; Wilman","secondary",NA,NA
"Myoxus glis","mass","Body_Mass","g",153.81,143.575,8,4,0,FALSE,"Burger; Genoud; Ruf; Wilman","secondary",NA,NA
"Myrmecobius fasciatus","mass","Body_Mass","g",490.128,496.2,12,5,0,FALSE,"Burger; Genoud; Ruf; Wilman; Wimberly","secondary",NA,NA
"Myrmecophaga jubata","mass","Body_Mass","g",20000,20000,4,1,1,TRUE,"Heffner","primary",NA,NA
"Myrmecophaga tridactyla","mass","Body_Mass","g",25351.245,25932.49,7,4,0,FALSE,"Burger; Genoud; Wilman; Wimberly","secondary",NA,NA
"Mysateles garridoi","mass","Body_Mass","g",929.09,929.09,4,1,0,FALSE,"Wilman","secondary",NA,NA
"Mysateles meridionalis","mass","Body_Mass","g",884.61,884.61,4,1,0,FALSE,"Wilman","secondary",NA,NA
"Mysateles prehensilis","mass","Body_Mass","g",926.71,926.71,4,1,0,FALSE,"Wilman","secondary",NA,NA
"Mystacina robusta","mass","Body_Mass","g",27.25,27.25,4,1,0,FALSE,"Wilman","secondary",NA,NA
"Mystacina tuberculata","mass","Body_Mass","g",13.25,13.25,5,2,0,FALSE,"Wilman; Wimberly","secondary",NA,NA
"Mystromys albicaudatus","mass","Body_Mass","g",86.877,86.85,6,3,0,FALSE,"Burger; Genoud; Wilman","secondary",NA,NA
"Myzopoda aurita","mass","Body_Mass","g",9.1,9.1,4,1,0,FALSE,"Wilman","secondary",NA,NA
"Naemorhedus baileyi","mass","Body_Mass","g",27487.5,27487.5,4,1,0,FALSE,"Wilman","secondary",NA,NA
"Naemorhedus caudatus","mass","Body_Mass","g",27000,27000,4,1,0,FALSE,"Wilman","secondary",NA,NA
"Naemorhedus goral","mass","Body_Mass","g",28500,28500,4,1,0,FALSE,"Wilman","secondary",NA,NA
"Naemorhedus griseus","mass","Body_Mass","g",27655.49,27655.49,4,1,0,FALSE,"Wilman","secondary",NA,NA
"Nandinia binotata","mass","Body_Mass","g",2906.8,2678.6,7,4,0,FALSE,"Burger; Genoud; Wilman; Wimberly","secondary",NA,NA
"Nanger dama","mass","Body_Mass","g",65712.405,65712.405,5,2,0,FALSE,"Burger; Wilman","secondary",NA,NA
"Nanger granti","mass","Body_Mass","g",50476.307,55464.46,6,3,0,FALSE,"Burger; Wilman; Wimberly","secondary",NA,NA
"Nanger soemmerringii","mass","Body_Mass","g",38341.465,38341.465,5,2,0,FALSE,"Genoud; Wilman","secondary",NA,NA
"Nannosciurus melanotis","mass","Body_Mass","g",50,50,4,1,0,FALSE,"Wilman","secondary",NA,NA
"Nanonycteris veldkampii","mass","Body_Mass","g",21.89,21.89,4,1,0,FALSE,"Wilman","secondary",NA,NA
"Napaeozapus insignis","mass","Body_Mass","g",23.1,23.2,7,3,0,FALSE,"Burger; Genoud; Wilman","secondary",NA,NA
"Nasalis larvatus","mass","Body_Mass","g",12606.667,14000,15,7,3,TRUE,"Burger; Isler; Powell; Seymour; Stephan; Stephan_collection; Wilman","primary; secondary",NA,NA
"Nasua narica","mass","Body_Mass","g",4698.35,4030.05,8,3,0,FALSE,"Burger; Genoud; Wilman","secondary",NA,NA
"Nasua nasua","mass","Body_Mass","g",3651.712,3784.675,7,4,0,FALSE,"Burger; Genoud; Wilman; Wimberly","secondary",NA,NA
"Nasuella olivacea","mass","Body_Mass","g",1339.99,1339.99,4,1,0,FALSE,"Wilman","secondary",NA,NA
"Natalus jamaicensis","mass","Body_Mass","g",5.76,5.76,4,1,0,FALSE,"Wilman","secondary",NA,NA
"Natalus major","mass","Body_Mass","g",5.76,5.76,4,1,0,FALSE,"Wilman","secondary",NA,NA
"Natalus primus","mass","Body_Mass","g",5.76,5.76,4,1,0,FALSE,"Wilman","secondary",NA,NA
"Natalus stramineus","mass","Body_Mass","g",5.48,5.48,4,1,0,FALSE,"Wilman","secondary",NA,NA
"Natalus tumidirostris","mass","Body_Mass","g",6.117,6.05,6,3,0,FALSE,"Burger; Genoud; Wilman","secondary",NA,NA
"Neacomys dubosti","mass","Body_Mass","g",17.31,17.31,4,1,0,FALSE,"Wilman","secondary",NA,NA
"Neacomys guianae","mass","Body_Mass","g",14.2,14.2,4,1,0,FALSE,"Wilman","secondary",NA,NA
"Neacomys minutus","mass","Body_Mass","g",17.31,17.31,4,1,0,FALSE,"Wilman","secondary",NA,NA
"Neacomys musseri","mass","Body_Mass","g",17.31,17.31,4,1,0,FALSE,"Wilman","secondary",NA,NA
"Neacomys paracou","mass","Body_Mass","g",17.31,17.31,4,1,0,FALSE,"Wilman","secondary",NA,NA
"Neacomys pictus","mass","Body_Mass","g",17.5,17.5,4,1,0,FALSE,"Wilman","secondary",NA,NA
"Neacomys spinosus","mass","Body_Mass","g",19,19,4,1,0,FALSE,"Wilman","secondary",NA,NA
"Neacomys tenuipes","mass","Body_Mass","g",19,19,4,1,0,FALSE,"Wilman","secondary",NA,NA
"Neamblysomus gunningi","mass","Body_Mass","g",35.84,35.84,4,1,0,FALSE,"Wilman","secondary",NA,NA
"Neamblysomus julianae","mass","Body_Mass","g",21.99,21.99,4,1,0,FALSE,"Wilman","secondary",NA,NA
"Necromys amoenus","mass","Body_Mass","g",27.09,27.09,4,1,0,FALSE,"Wilman","secondary",NA,NA
"Necromys benefactus","mass","Body_Mass","g",38,38,4,1,0,FALSE,"Wilman","secondary",NA,NA
"Necromys lactens","mass","Body_Mass","g",32.9,32.9,4,1,0,FALSE,"Wilman","secondary",NA,NA
"Necromys lasiurus","mass","Body_Mass","g",39.93,39.93,4,1,0,FALSE,"Wilman","secondary",NA,NA
"Necromys lenguarum","mass","Body_Mass","g",38,38,4,1,0,FALSE,"Wilman","secondary",NA,NA
"Necromys obscurus","mass","Body_Mass","g",40.69,40.69,4,1,0,FALSE,"Wilman","secondary",NA,NA
"Necromys punctulatus","mass","Body_Mass","g",37.3,37.3,4,1,0,FALSE,"Wilman","secondary",NA,NA
"Necromys temchuki","mass","Body_Mass","g",47.2,47.2,4,1,0,FALSE,"Wilman","secondary",NA,NA
"Necromys urichi","mass","Body_Mass","g",44.84,44.84,4,1,0,FALSE,"Wilman","secondary",NA,NA
"Nectarinia famosa","mass","Body_Mass","g",17,17,4,1,0,FALSE,"Ruf","secondary",NA,NA
"Nectogale elegans","mass","Body_Mass","g",32.5,32.5,4,1,0,FALSE,"Wilman","secondary",NA,NA
"Nectomys apicalis","mass","Body_Mass","g",217.85,217.85,4,1,0,FALSE,"Wilman","secondary",NA,NA
"Nectomys magdalenae","mass","Body_Mass","g",217.85,217.85,4,1,0,FALSE,"Wilman","secondary",NA,NA
"Nectomys palmipes","mass","Body_Mass","g",156.08,156.08,4,1,0,FALSE,"Wilman","secondary",NA,NA
"Nectomys rattus","mass","Body_Mass","g",248.8,248.8,4,1,0,FALSE,"Wilman","secondary",NA,NA
"Nectomys squamipes","mass","Body_Mass","g",190.75,190.75,4,1,0,FALSE,"Wilman","secondary",NA,NA
"Nelsonia goldmani","mass","Body_Mass","g",88.08,88.08,4,1,0,FALSE,"Wilman","secondary",NA,NA
"Nelsonia neotomodon","mass","Body_Mass","g",80,80,4,1,0,FALSE,"Wilman","secondary",NA,NA
"Neodon forresti","mass","Body_Mass","g",47.71,47.71,4,1,0,FALSE,"Wilman","secondary",NA,NA
"Neodon irene","mass","Body_Mass","g",41.87,41.87,4,1,0,FALSE,"Wilman","secondary",NA,NA
"Neodon juldaschi","mass","Body_Mass","g",47.71,47.71,4,1,0,FALSE,"Wilman","secondary",NA,NA
"Neodon sikimensis","mass","Body_Mass","g",40.51,40.51,4,1,0,FALSE,"Wilman","secondary",NA,NA
"Neofelis nebulosa","mass","Body_Mass","g",19582.875,19582.875,5,2,0,FALSE,"Burger; Wilman","secondary",NA,NA
"Neofiber alleni","mass","Body_Mass","g",264.867,266,6,3,0,FALSE,"Burger; Genoud; Wilman","secondary",NA,NA
"Neohylomys hainanensis","mass","Body_Mass","g",52.21,52.21,4,1,0,FALSE,"Wilman","secondary",NA,NA
"Neomys anomalus","mass","Body_Mass","g",14.71,14.71,5,2,0,FALSE,"Genoud; Wilman","secondary",NA,NA
"Neomys fodiens","mass","Body_Mass","g",15.2,15.2,13,5,1,TRUE,"Burger; Genoud; Lewitus; Stephan_collection; Wilman","primary; secondary",NA,NA
"Neomys teres","mass","Body_Mass","g",15.13,15.13,4,1,0,FALSE,"Wilman","secondary",NA,NA
"Neonycteris pusilla","mass","Body_Mass","g",12.35,12.35,4,1,0,FALSE,"Wilman","secondary",NA,NA
"Neophascogale lorentzi","mass","Body_Mass","g",212,212,5,2,0,FALSE,"Burger; Wilman","secondary",NA,NA
"Neophoca cinerea","mass","Body_Mass","g",189637.5,189637.5,5,2,0,FALSE,"Burger; Wilman","secondary",NA,NA
"Neophocaena phocaenoides","mass","Body_Mass","g",32450,32450,5,2,0,FALSE,"Burger; Wilman","secondary",NA,NA
"Neopteryx frosti","mass","Body_Mass","g",153.86,153.86,4,1,0,FALSE,"Wilman","secondary",NA,NA
"Neoromicia brunneus","mass","Body_Mass","g",9.56,9.56,4,1,0,FALSE,"Wilman","secondary",NA,NA
"Neoromicia capensis","mass","Body_Mass","g",5.96,5.96,4,1,0,FALSE,"Wilman","secondary",NA,NA
"Neoromicia flavescens","mass","Body_Mass","g",10.5,10.5,5,2,0,FALSE,"Burger; Wilman","secondary",NA,NA
"Neoromicia guineensis","mass","Body_Mass","g",5.07,5.07,4,1,0,FALSE,"Wilman","secondary",NA,NA
"Neoromicia helios","mass","Body_Mass","g",3.56,3.56,4,1,0,FALSE,"Wilman","secondary",NA,NA
"Neoromicia melckorum","mass","Body_Mass","g",5.07,5.07,4,1,0,FALSE,"Wilman","secondary",NA,NA
"Neoromicia nanus","mass","Body_Mass","g",3.89,3.89,5,2,0,FALSE,"Burger; Wilman","secondary",NA,NA
"Neoromicia rendalli","mass","Body_Mass","g",6.42,6.42,4,1,0,FALSE,"Wilman","secondary",NA,NA
"Neoromicia somalicus","mass","Body_Mass","g",3.53,3.53,4,1,0,FALSE,"Wilman","secondary",NA,NA
"Neoromicia tenuipinnis","mass","Body_Mass","g",5.35,5.35,4,1,0,FALSE,"Wilman","secondary",NA,NA
"Neoromicia zuluensis","mass","Body_Mass","g",4.14,4.14,4,1,0,FALSE,"Wilman","secondary",NA,NA
"Neotetracus sinensis","mass","Body_Mass","g",290.15,290.15,4,1,0,FALSE,"Wilman","secondary",NA,NA
"Neotoma albigula","mass","Body_Mass","g",204.593,206.03,9,3,0,FALSE,"Burger; Genoud; Wilman","secondary",NA,NA
"Neotoma angustapalata","mass","Body_Mass","g",198,198,4,1,0,FALSE,"Wilman","secondary",NA,NA
"Neotoma anthonyi","mass","Body_Mass","g",195.4,195.4,4,1,0,FALSE,"Wilman","secondary",NA,NA
"Neotoma bryanti","mass","Body_Mass","g",182,182,4,1,0,FALSE,"Wilman","secondary",NA,NA
"Neotoma bunkeri","mass","Body_Mass","g",375,375,4,1,0,FALSE,"Wilman","secondary",NA,NA
"Neotoma chrysomelas","mass","Body_Mass","g",169.5,169.5,4,1,0,FALSE,"Wilman","secondary",NA,NA
"Neotoma cinerea","mass","Body_Mass","g",288.53,299.15,10,3,0,FALSE,"Burger; Genoud; Wilman","secondary",NA,NA
"Neotoma devia","mass","Body_Mass","g",200,200,4,1,0,FALSE,"Wilman","secondary",NA,NA
"Neotoma floridana","mass","Body_Mass","g",220.817,244.75,6,3,0,FALSE,"Burger; Genoud; Wilman","secondary",NA,NA
"Neotoma fuscipes","mass","Body_Mass","g",211.565,211.565,5,2,0,FALSE,"Burger; Wilman","secondary",NA,NA
"Neotoma goldmani","mass","Body_Mass","g",198,198,4,1,0,FALSE,"Wilman","secondary",NA,NA
"Neotoma lepida","mass","Body_Mass","g",136.275,136.275,10,2,0,FALSE,"Genoud; Wilman","secondary",NA,NA
"Neotoma leucodon","mass","Body_Mass","g",220.57,220.57,4,1,0,FALSE,"Wilman","secondary",NA,NA
"Neotoma macrotis","mass","Body_Mass","g",206.22,206.22,5,2,0,FALSE,"Genoud; Wilman","secondary",NA,NA
"Neotoma magister","mass","Body_Mass","g",447,447,4,1,0,FALSE,"Wilman","secondary",NA,NA
"Neotoma martinensis","mass","Body_Mass","g",246,246,4,1,0,FALSE,"Wilman","secondary",NA,NA
"Neotoma mexicana","mass","Body_Mass","g",203,203,4,1,0,FALSE,"Wilman","secondary",NA,NA
"Neotoma micropus","mass","Body_Mass","g",307.9,307.9,5,2,0,FALSE,"Burger; Wilman","secondary",NA,NA
"Neotoma nelsoni","mass","Body_Mass","g",198,198,4,1,0,FALSE,"Wilman","secondary",NA,NA
"Neotoma palatina","mass","Body_Mass","g",198,198,4,1,0,FALSE,"Wilman","secondary",NA,NA
"Neotoma phenax","mass","Body_Mass","g",227.5,227.5,4,1,0,FALSE,"Wilman","secondary",NA,NA
"Neotoma stephensi","mass","Body_Mass","g",171.9,171.9,5,2,0,FALSE,"Genoud; Wilman","secondary",NA,NA
"Neotomodon alstoni","mass","Body_Mass","g",40,40,4,1,0,FALSE,"Wilman","secondary",NA,NA
"Neotomys ebriosus","mass","Body_Mass","g",64.5,64.5,4,1,0,FALSE,"Wilman","secondary",NA,NA
"Neotragus batesi","mass","Body_Mass","g",2999.99,2999.99,4,1,0,FALSE,"Wilman","secondary",NA,NA
"Neotragus moschatus","mass","Body_Mass","g",4874.975,4874.975,5,2,0,FALSE,"Burger; Wilman","secondary",NA,NA
"Neotragus pygmaeus","mass","Body_Mass","g",4000,4000,4,1,0,FALSE,"Wilman","secondary",NA,NA
"Neovison macrodon","mass","Body_Mass","g",1150,1150,4,1,0,FALSE,"Wilman","secondary",NA,NA
"Nesiotites hidalgo","mass","Body_Mass","g",9.05,9.05,4,1,0,FALSE,"Wilman","secondary",NA,NA
"Nesiotites similis","mass","Body_Mass","g",9.05,9.05,4,1,0,FALSE,"Wilman","secondary",NA,NA
"Nesogale dobsoni","mass","Body_Mass","g",32.6,32.6,9,5,1,TRUE,"Burger; Genoud; Ruf; Stephan_collection; Wilman","primary; secondary",NA,NA
"Nesogale talazaci","mass","Body_Mass","g",50.4,50.4,10,4,1,TRUE,"Burger; Genoud; Stephan_collection; Wilman","primary; secondary",NA,NA
"Nesokia bunnii","mass","Body_Mass","g",154.48,154.48,4,1,0,FALSE,"Wilman","secondary",NA,NA
"Nesokia indica","mass","Body_Mass","g",178.08,178.08,4,1,0,FALSE,"Wilman","secondary",NA,NA
"Nesolagus netscheri","mass","Body_Mass","g",1500,1500,4,1,0,FALSE,"Wilman","secondary",NA,NA
"Nesolagus timminsi","mass","Body_Mass","g",1500,1500,4,1,0,FALSE,"Wilman","secondary",NA,NA
"Nesomys audeberti","mass","Body_Mass","g",212.5,212.5,4,1,0,FALSE,"Wilman","secondary",NA,NA
"Nesomys lambertoni","mass","Body_Mass","g",155,155,4,1,0,FALSE,"Wilman","secondary",NA,NA
"Nesomys rufus","mass","Body_Mass","g",162.5,162.5,4,1,0,FALSE,"Wilman","secondary",NA,NA
"Nesoromys ceramicus","mass","Body_Mass","g",67.38,67.38,4,1,0,FALSE,"Wilman","secondary",NA,NA
"Nesoryzomys darwini","mass","Body_Mass","g",55.26,55.26,4,1,0,FALSE,"Wilman","secondary",NA,NA
"Nesoryzomys fernandinae","mass","Body_Mass","g",32.5,32.5,4,1,0,FALSE,"Wilman","secondary",NA,NA
"Nesoryzomys indefessus","mass","Body_Mass","g",55.26,55.26,4,1,0,FALSE,"Wilman","secondary",NA,NA
"Nesoryzomys swarthi","mass","Body_Mass","g",93.95,93.95,4,1,0,FALSE,"Wilman","secondary",NA,NA
"Neurotrichus gibbsii","mass","Body_Mass","g",10.233,10,6,3,0,FALSE,"Burger; Genoud; Wilman","secondary",NA,NA
"Neusticomys monticolus","mass","Body_Mass","g",39.5,39.5,4,1,0,FALSE,"Wilman","secondary",NA,NA
"Neusticomys mussoi","mass","Body_Mass","g",40,40,4,1,0,FALSE,"Wilman","secondary",NA,NA
"Neusticomys oyapocki","mass","Body_Mass","g",4.7,4.7,4,1,0,FALSE,"Wilman","secondary",NA,NA
"Neusticomys peruviensis","mass","Body_Mass","g",40,40,4,1,0,FALSE,"Wilman","secondary",NA,NA
"Neusticomys venezuelae","mass","Body_Mass","g",47.1,47.1,4,1,0,FALSE,"Wilman","secondary",NA,NA
"Nilopegamys plumbeus","mass","Body_Mass","g",84,84,4,1,0,FALSE,"Wilman","secondary",NA,NA
"Ningaui ridei","mass","Body_Mass","g",8.75,8.75,5,2,0,FALSE,"Burger; Wilman","secondary",NA,NA
"Ningaui timealeyi","mass","Body_Mass","g",5.7,5.7,4,1,0,FALSE,"Wilman","secondary",NA,NA
"Ningaui yvonnae","mass","Body_Mass","g",8.762,8.525,8,4,0,FALSE,"Burger; Genoud; Ruf; Wilman","secondary",NA,NA
"Niviventer andersoni","mass","Body_Mass","g",147,147,4,1,0,FALSE,"Wilman","secondary",NA,NA
"Niviventer brahma","mass","Body_Mass","g",97.3,97.3,4,1,0,FALSE,"Wilman","secondary",NA,NA
"Niviventer cameroni","mass","Body_Mass","g",83.06,83.06,4,1,0,FALSE,"Wilman","secondary",NA,NA
"Niviventer confucianus","mass","Body_Mass","g",65,65,4,1,0,FALSE,"Wilman","secondary",NA,NA
"Niviventer coninga","mass","Body_Mass","g",80.65,80.65,4,1,0,FALSE,"Wilman","secondary",NA,NA
"Niviventer cremoriventer","mass","Body_Mass","g",69.71,69.71,4,1,0,FALSE,"Wilman","secondary",NA,NA
"Niviventer culturatus","mass","Body_Mass","g",81.17,81.17,4,1,0,FALSE,"Wilman","secondary",NA,NA
"Niviventer eha","mass","Body_Mass","g",53.6,53.6,4,1,0,FALSE,"Wilman","secondary",NA,NA
"Niviventer excelsior","mass","Body_Mass","g",102,102,4,1,0,FALSE,"Wilman","secondary",NA,NA
"Niviventer fraternus","mass","Body_Mass","g",83.06,83.06,4,1,0,FALSE,"Wilman","secondary",NA,NA
"Niviventer fulvescens","mass","Body_Mass","g",82.55,82.55,4,1,0,FALSE,"Wilman","secondary",NA,NA
"Niviventer hinpoon","mass","Body_Mass","g",61,61,4,1,0,FALSE,"Wilman","secondary",NA,NA
"Niviventer langbianis","mass","Body_Mass","g",69.8,69.8,4,1,0,FALSE,"Wilman","secondary",NA,NA
"Niviventer lepturus","mass","Body_Mass","g",84.8,84.8,4,1,0,FALSE,"Wilman","secondary",NA,NA
"Niviventer niviventer","mass","Body_Mass","g",100,100,4,1,0,FALSE,"Wilman","secondary",NA,NA
"Niviventer rapit","mass","Body_Mass","g",86.75,86.75,4,1,0,FALSE,"Wilman","secondary",NA,NA
"Niviventer tenaster","mass","Body_Mass","g",103,103,4,1,0,FALSE,"Wilman","secondary",NA,NA
"Noctilio albiventris","mass","Body_Mass","g",33.083,32.8,7,3,0,FALSE,"Burger; Genoud; Wilman","secondary",NA,NA
"Noctilio leporinus","mass","Body_Mass","g",59.493,59.16,6,3,0,FALSE,"Burger; Genoud; Wilman","secondary",NA,NA
"Nomascus concolor","mass","Body_Mass","g",6455.235,6455.235,5,2,0,FALSE,"Powell; Wilman","secondary",NA,NA
"Nomascus gabriellae","mass","Body_Mass","g",7129.69,7151.8,7,4,0,FALSE,"Burger; Isler; Powell; Wilman","secondary",NA,NA
"Nomascus hainanus","mass","Body_Mass","g",6850.16,6850.16,4,1,0,FALSE,"Wilman","secondary",NA,NA
"Nomascus leucogenys","mass","Body_Mass","g",6920,6920,5,2,0,FALSE,"Powell; Wilman","secondary",NA,NA
"Nomascus nasutus","mass","Body_Mass","g",5700,5700,4,1,0,FALSE,"Granatosky","secondary",NA,NA
"Nomascus siki","mass","Body_Mass","g",6850.16,6850.16,4,1,0,FALSE,"Wilman","secondary",NA,NA
"Noronhomys vespuccii","mass","Body_Mass","g",47.71,47.71,4,1,0,FALSE,"Wilman","secondary",NA,NA
"northern group","mass","Body_Mass","g",16178.5,16178.5,9,1,0,FALSE,"Isler","secondary",NA,NA
"Notamacropus parma","mass","Body_Mass","g",4387.5,4387.5,5,2,0,FALSE,"Burger; Wilman","secondary",NA,NA
"Notamacropus rufogriseus","mass","Body_Mass","g",13387.5,15950,7,4,0,FALSE,"Burger; Genoud; Lewitus; Wilman","secondary",NA,NA
"Notiomys edwardsii","mass","Body_Mass","g",21.3,21.3,4,1,0,FALSE,"Wilman","secondary",NA,NA
"Notiosorex cockrumi","mass","Body_Mass","g",4.82,4.82,4,1,0,FALSE,"Wilman","secondary",NA,NA
"Notiosorex crawfordi","mass","Body_Mass","g",4.598,4.195,7,4,0,FALSE,"Burger; Genoud; Ruf; Wilman","secondary",NA,NA
"Notiosorex evotis","mass","Body_Mass","g",5.28,5.28,4,1,0,FALSE,"Wilman","secondary",NA,NA
"Notiosorex villai","mass","Body_Mass","g",4.82,4.82,4,1,0,FALSE,"Wilman","secondary",NA,NA
"Notomys alexis","mass","Body_Mass","g",35.592,35,9,3,0,FALSE,"Burger; Genoud; Wilman","secondary",NA,NA
"Notomys amplus","mass","Body_Mass","g",90,90,4,1,0,FALSE,"Wilman","secondary",NA,NA
"Notomys aquilo","mass","Body_Mass","g",39,39,4,1,0,FALSE,"Wilman","secondary",NA,NA
"Notomys cervinus","mass","Body_Mass","g",34.175,34.175,6,2,0,FALSE,"Genoud; Wilman","secondary",NA,NA
"Notomys fuscus","mass","Body_Mass","g",35,35,4,1,0,FALSE,"Wilman","secondary",NA,NA
"Notomys longicaudatus","mass","Body_Mass","g",100,100,4,1,0,FALSE,"Wilman","secondary",NA,NA
"Notomys macrotis","mass","Body_Mass","g",90,90,4,1,0,FALSE,"Wilman","secondary",NA,NA
"Notomys mitchellii","mass","Body_Mass","g",52,52,4,1,0,FALSE,"Wilman","secondary",NA,NA
"Notomys mordax","mass","Body_Mass","g",90,90,4,1,0,FALSE,"Wilman","secondary",NA,NA
"Notopteris macdonaldi","mass","Body_Mass","g",67.66,67.66,5,2,0,FALSE,"Burger; Wilman","secondary",NA,NA
"Notopteris neocaledonica","mass","Body_Mass","g",65.14,65.14,4,1,0,FALSE,"Wilman","secondary",NA,NA
"Notoryctes caurinus","mass","Body_Mass","g",41,34,6,3,0,FALSE,"Burger; Genoud; Wilman","secondary",NA,NA
"Notoryctes typhlops","mass","Body_Mass","g",55,55,4,1,0,FALSE,"Wilman","secondary",NA,NA
"Nyctalus aviator","mass","Body_Mass","g",21.85,21.85,4,1,0,FALSE,"Wilman","secondary",NA,NA
"Nyctalus azoreum","mass","Body_Mass","g",21.85,21.85,4,1,0,FALSE,"Wilman","secondary",NA,NA
"Nyctalus furvus","mass","Body_Mass","g",26.44,26.44,4,1,0,FALSE,"Wilman","secondary",NA,NA
"Nyctalus lasiopterus","mass","Body_Mass","g",49.73,49.73,4,1,0,FALSE,"Wilman","secondary",NA,NA
"Nyctalus leisleri","mass","Body_Mass","g",13.28,13.28,4,1,0,FALSE,"Wilman","secondary",NA,NA
"Nyctalus montanus","mass","Body_Mass","g",21.85,21.85,4,1,0,FALSE,"Wilman","secondary",NA,NA
"Nyctalus noctula","mass","Body_Mass","g",25.75,27,7,4,0,FALSE,"Burger; Genoud; Ruf; Wilman","secondary",NA,NA
"Nyctalus plancyi","mass","Body_Mass","g",26.44,26.44,4,1,0,FALSE,"Wilman","secondary",NA,NA
"Nyctereutes procyonoides","mass","Body_Mass","g",5211.667,4040,6,3,0,FALSE,"Burger; Genoud; Wilman","secondary",NA,NA
"Nycteris arge","mass","Body_Mass","g",11.3,11.3,5,2,0,FALSE,"Burger; Wilman","secondary",NA,NA
"Nycteris aurita","mass","Body_Mass","g",11.86,11.86,4,1,0,FALSE,"Wilman","secondary",NA,NA
"Nycteris gambiensis","mass","Body_Mass","g",6.95,6.95,4,1,0,FALSE,"Wilman","secondary",NA,NA
"Nycteris grandis","mass","Body_Mass","g",29.78,29.78,5,2,0,FALSE,"Burger; Wilman","secondary",NA,NA
"Nycteris hispida","mass","Body_Mass","g",8.215,8.215,5,2,0,FALSE,"Burger; Wilman","secondary",NA,NA
"Nycteris intermedia","mass","Body_Mass","g",10.65,10.65,4,1,0,FALSE,"Wilman","secondary",NA,NA
"Nycteris javanica","mass","Body_Mass","g",17.7,17.7,5,2,0,FALSE,"Burger; Wilman","secondary",NA,NA
"Nycteris macrotis","mass","Body_Mass","g",14.48,14.48,5,2,0,FALSE,"Burger; Wilman","secondary",NA,NA
"Nycteris madagascariensis","mass","Body_Mass","g",17.69,17.69,4,1,0,FALSE,"Wilman","secondary",NA,NA
"Nycteris major","mass","Body_Mass","g",11.21,11.21,4,1,0,FALSE,"Wilman","secondary",NA,NA
"Nycteris nana","mass","Body_Mass","g",6.95,6.95,5,2,0,FALSE,"Burger; Wilman","secondary",NA,NA
"Nycteris parisii","mass","Body_Mass","g",11.86,11.86,4,1,0,FALSE,"Wilman","secondary",NA,NA
"Nycteris thebaica","mass","Body_Mass","g",10.352,10.405,7,4,0,FALSE,"Burger; Genoud; Ruf; Wilman","secondary",NA,NA
"Nycteris tragata","mass","Body_Mass","g",14.4,14.4,5,2,0,FALSE,"Burger; Wilman","secondary",NA,NA
"Nycteris vinsoni","mass","Body_Mass","g",11.86,11.86,4,1,0,FALSE,"Wilman","secondary",NA,NA
"Nycteris woodi","mass","Body_Mass","g",7.55,7.55,4,1,0,FALSE,"Wilman","secondary",NA,NA
"Nycticebus bengalensis","mass","Body_Mass","g",1126.356,1098.68,7,4,0,FALSE,"Burger; Isler; Powell; Wilman","secondary",NA,NA
"Nycticebus coucang","mass","Body_Mass","g",888,800,26,11,4,TRUE,"Burger; Genoud; Granatosky; Heffner; Isler; Lewitus; Powell; Seymour; Stephan; Stephan_collection; Wilman","primary; secondary",NA,NA
"Nycticebus javanicus","mass","Body_Mass","g",656.46,656.46,4,1,0,FALSE,"Powell","secondary",NA,NA
"Nycticebus pygmaeus","mass","Body_Mass","g",487.695,448.425,10,6,0,FALSE,"Burger; Genoud; Isler; Powell; Wilman; Wimberly","secondary",NA,NA
"Nycticeinops schlieffeni","mass","Body_Mass","g",5.05,5.05,4,1,0,FALSE,"Wilman","secondary",NA,NA
"Nycticeius aenobarbus","mass","Body_Mass","g",8.99,8.99,4,1,0,FALSE,"Wilman","secondary",NA,NA
"Nycticeius cubanus","mass","Body_Mass","g",8.99,8.99,4,1,0,FALSE,"Wilman","secondary",NA,NA
"Nycticeius humeralis","mass","Body_Mass","g",8.995,8.995,5,2,0,FALSE,"Genoud; Wilman","secondary",NA,NA
"Nyctiellus lepidus","mass","Body_Mass","g",4.48,4.48,4,1,0,FALSE,"Wilman","secondary",NA,NA
"Nyctimene aello","mass","Body_Mass","g",84.26,84.26,4,1,0,FALSE,"Wilman","secondary",NA,NA
"Nyctimene albiventer","mass","Body_Mass","g",29.282,29.625,8,4,0,FALSE,"Burger; Genoud; Ruf; Wilman","secondary",NA,NA
"Nyctimene cephalotes","mass","Body_Mass","g",44.47,44.47,4,1,0,FALSE,"Wilman","secondary",NA,NA
"Nyctimene certans","mass","Body_Mass","g",42.1,42.1,4,1,0,FALSE,"Wilman","secondary",NA,NA
"Nyctimene cyclotis","mass","Body_Mass","g",44.2,44.2,5,2,0,FALSE,"Genoud; Wilman","secondary",NA,NA
"Nyctimene draconilla","mass","Body_Mass","g",29,29,4,1,0,FALSE,"Wilman","secondary",NA,NA
"Nyctimene keasti","mass","Body_Mass","g",51.64,51.64,4,1,0,FALSE,"Wilman","secondary",NA,NA
"Nyctimene major","mass","Body_Mass","g",104.15,104.15,4,1,0,FALSE,"Wilman","secondary",NA,NA
"Nyctimene malaitensis","mass","Body_Mass","g",75.39,75.39,4,1,0,FALSE,"Wilman","secondary",NA,NA
"Nyctimene masalai","mass","Body_Mass","g",52.3,52.3,4,1,0,FALSE,"Wilman","secondary",NA,NA
"Nyctimene minutus","mass","Body_Mass","g",45.56,45.56,4,1,0,FALSE,"Wilman","secondary",NA,NA
"Nyctimene rabori","mass","Body_Mass","g",67.5,67.5,4,1,0,FALSE,"Wilman","secondary",NA,NA
"Nyctimene robinsoni","mass","Body_Mass","g",50.437,49.48,6,3,0,FALSE,"Burger; Genoud; Wilman","secondary",NA,NA
"Nyctimene sanctacrucis","mass","Body_Mass","g",51.64,51.64,4,1,0,FALSE,"Wilman","secondary",NA,NA
"Nyctimene vizcaccia","mass","Body_Mass","g",37.7,37.7,5,2,0,FALSE,"Burger; Wilman","secondary",NA,NA
"Nyctinomops aurispinosus","mass","Body_Mass","g",17.95,17.95,4,1,0,FALSE,"Wilman","secondary",NA,NA
"Nyctinomops femorosaccus","mass","Body_Mass","g",14.63,14.63,4,1,0,FALSE,"Wilman","secondary",NA,NA
"Nyctinomops laticaudatus","mass","Body_Mass","g",12.22,12.22,4,1,0,FALSE,"Wilman","secondary",NA,NA
"Nyctinomops macrotis","mass","Body_Mass","g",18.4,18.4,4,1,0,FALSE,"Wilman","secondary",NA,NA
"Nyctomys sumichrasti","mass","Body_Mass","g",54.72,54.72,5,2,0,FALSE,"Burger; Wilman","secondary",NA,NA
"Nyctophilus arnhemensis","mass","Body_Mass","g",6.65,6.65,4,1,0,FALSE,"Wilman","secondary",NA,NA
"Nyctophilus bifax","mass","Body_Mass","g",9.93,9.9,6,3,0,FALSE,"Genoud; Ruf; Wilman","secondary",NA,NA
"Nyctophilus geoffroyi","mass","Body_Mass","g",7.258,7.24,8,4,0,FALSE,"Burger; Genoud; Ruf; Wilman","secondary",NA,NA
"Nyctophilus gouldi","mass","Body_Mass","g",9.906,10,8,3,0,FALSE,"Genoud; Ruf; Wilman","secondary",NA,NA
"Nyctophilus heran","mass","Body_Mass","g",7.63,7.63,4,1,0,FALSE,"Wilman","secondary",NA,NA
"Nyctophilus howensis","mass","Body_Mass","g",7.78,7.78,4,1,0,FALSE,"Wilman","secondary",NA,NA
"Nyctophilus microdon","mass","Body_Mass","g",7.63,7.63,4,1,0,FALSE,"Wilman","secondary",NA,NA
"Nyctophilus microtis","mass","Body_Mass","g",7.1,7.1,4,1,0,FALSE,"Wilman","secondary",NA,NA
"Nyctophilus nebulosus","mass","Body_Mass","g",7.78,7.78,4,1,0,FALSE,"Wilman","secondary",NA,NA
"Nyctophilus timoriensis","mass","Body_Mass","g",12.077,11.73,6,3,0,FALSE,"Burger; Genoud; Wilman","secondary",NA,NA
"Nyctophilus walkeri","mass","Body_Mass","g",4.34,4.34,4,1,0,FALSE,"Wilman","secondary",NA,NA
"Ochotona alpina","mass","Body_Mass","g",150,150,4,1,0,FALSE,"Wilman","secondary",NA,NA
"Ochotona argentata","mass","Body_Mass","g",142.15,142.15,4,1,0,FALSE,"Wilman","secondary",NA,NA
"Ochotona cansus","mass","Body_Mass","g",68.75,68.75,4,1,0,FALSE,"Wilman","secondary",NA,NA
"Ochotona collaris","mass","Body_Mass","g",129,129,4,1,0,FALSE,"Wilman","secondary",NA,NA
"Ochotona curzoniae","mass","Body_Mass","g",127.802,127.802,8,2,0,FALSE,"Genoud; Wilman","secondary",NA,NA
"Ochotona dauurica","mass","Body_Mass","g",118.35,118.35,5,2,0,FALSE,"Genoud; Wilman","secondary",NA,NA
"Ochotona erythrotis","mass","Body_Mass","g",181,181,4,1,0,FALSE,"Wilman","secondary",NA,NA
"Ochotona forresti","mass","Body_Mass","g",111.65,111.65,4,1,0,FALSE,"Wilman","secondary",NA,NA
"Ochotona gaoligongensis","mass","Body_Mass","g",111.61,111.61,4,1,0,FALSE,"Wilman","secondary",NA,NA
"Ochotona gloveri","mass","Body_Mass","g",181.97,181.97,4,1,0,FALSE,"Wilman","secondary",NA,NA
"Ochotona himalayana","mass","Body_Mass","g",189.31,189.31,4,1,0,FALSE,"Wilman","secondary",NA,NA
"Ochotona hoffmanni","mass","Body_Mass","g",142.15,142.15,4,1,0,FALSE,"Wilman","secondary",NA,NA
"Ochotona huangensis","mass","Body_Mass","g",105.33,105.33,4,1,0,FALSE,"Wilman","secondary",NA,NA
"Ochotona hyperborea","mass","Body_Mass","g",120,120,5,2,0,FALSE,"Burger; Wilman","secondary",NA,NA
"Ochotona iliensis","mass","Body_Mass","g",209.75,209.75,4,1,0,FALSE,"Wilman","secondary",NA,NA
"Ochotona koslowi","mass","Body_Mass","g",182.03,182.03,4,1,0,FALSE,"Wilman","secondary",NA,NA
"Ochotona ladacensis","mass","Body_Mass","g",182.19,182.19,4,1,0,FALSE,"Wilman","secondary",NA,NA
"Ochotona macrotis","mass","Body_Mass","g",260,260,4,1,0,FALSE,"Wilman","secondary",NA,NA
"Ochotona muliensis","mass","Body_Mass","g",182,182,4,1,0,FALSE,"Wilman","secondary",NA,NA
"Ochotona nigritia","mass","Body_Mass","g",142.15,142.15,4,1,0,FALSE,"Wilman","secondary",NA,NA
"Ochotona nubrica","mass","Body_Mass","g",116.21,116.21,4,1,0,FALSE,"Wilman","secondary",NA,NA
"Ochotona pallasi","mass","Body_Mass","g",149.62,149.62,4,1,0,FALSE,"Wilman","secondary",NA,NA
"Ochotona princeps","mass","Body_Mass","g",145.31,157.63,6,3,0,FALSE,"Burger; Genoud; Wilman","secondary",NA,NA
"Ochotona pusilla","mass","Body_Mass","g",142.5,142.5,4,1,0,FALSE,"Wilman","secondary",NA,NA
"Ochotona roylei","mass","Body_Mass","g",260,260,4,1,0,FALSE,"Wilman","secondary",NA,NA
"Ochotona rufescens","mass","Body_Mass","g",250,250,5,2,0,FALSE,"Burger; Wilman","secondary",NA,NA
"Ochotona rutila","mass","Body_Mass","g",182.02,182.02,4,1,0,FALSE,"Wilman","secondary",NA,NA
"Ochotona thibetana","mass","Body_Mass","g",83.1,83.1,4,1,0,FALSE,"Wilman","secondary",NA,NA
"Ochotona thomasi","mass","Body_Mass","g",111.63,111.63,4,1,0,FALSE,"Wilman","secondary",NA,NA
"Ochotona turuchanensis","mass","Body_Mass","g",142.15,142.15,4,1,0,FALSE,"Wilman","secondary",NA,NA
"Ochrotomys nuttalli","mass","Body_Mass","g",20.823,20.6,6,3,0,FALSE,"Burger; Genoud; Wilman","secondary",NA,NA
"Octodon bridgesi","mass","Body_Mass","g",163.05,163.05,5,2,0,FALSE,"Genoud; Wilman","secondary",NA,NA
"Octodon degus","mass","Body_Mass","g",202.318,210,21,3,0,FALSE,"Burger; Genoud; Wilman","secondary",NA,NA
"Octodon lunatus","mass","Body_Mass","g",203.1,203.1,5,2,0,FALSE,"Genoud; Wilman","secondary",NA,NA
"Octodon pacificus","mass","Body_Mass","g",194.34,194.34,4,1,0,FALSE,"Wilman","secondary",NA,NA
"Octodontomys gliroides","mass","Body_Mass","g",152.075,152.075,6,2,0,FALSE,"Genoud; Wilman","secondary",NA,NA
"Octomys mimax","mass","Body_Mass","g",124.8,124.8,5,2,0,FALSE,"Genoud; Wilman","secondary",NA,NA
"Odobenus rosmarus","mass","Body_Mass","g",923612.5,923612.5,5,2,0,FALSE,"Burger; Wilman","secondary",NA,NA
"Odocoileus hemionus","mass","Body_Mass","g",56601.285,56601.285,5,2,0,FALSE,"Burger; Wilman","secondary",NA,NA
"Odocoileus virginianus","mass","Body_Mass","g",64205.202,62705.5,9,4,0,FALSE,"Burger; Genoud; Wilman; Wimberly","secondary",NA,NA
"Odocoileus virginiatus","mass","Body_Mass","g",87000,87000,4,1,0,FALSE,"Lewitus","secondary",NA,NA
"Oecomys auyantepui","mass","Body_Mass","g",67.41,67.41,4,1,0,FALSE,"Wilman","secondary",NA,NA
"Oecomys bicolor","mass","Body_Mass","g",34,34,4,1,0,FALSE,"Wilman","secondary",NA,NA
"Oecomys catherinae","mass","Body_Mass","g",67.41,67.41,4,1,0,FALSE,"Wilman","secondary",NA,NA
"Oecomys cleberi","mass","Body_Mass","g",73.4,73.4,4,1,0,FALSE,"Wilman","secondary",NA,NA
"Oecomys concolor","mass","Body_Mass","g",61.55,61.55,4,1,0,FALSE,"Wilman","secondary",NA,NA
"Oecomys flavicans","mass","Body_Mass","g",73.4,73.4,4,1,0,FALSE,"Wilman","secondary",NA,NA
"Oecomys mamorae","mass","Body_Mass","g",62.5,62.5,4,1,0,FALSE,"Wilman","secondary",NA,NA
"Oecomys paricola","mass","Body_Mass","g",73.4,73.4,4,1,0,FALSE,"Wilman","secondary",NA,NA
"Oecomys phaeotis","mass","Body_Mass","g",73.4,73.4,4,1,0,FALSE,"Wilman","secondary",NA,NA
"Oecomys rex","mass","Body_Mass","g",73.4,73.4,4,1,0,FALSE,"Wilman","secondary",NA,NA
"Oecomys roberti","mass","Body_Mass","g",73.4,73.4,4,1,0,FALSE,"Wilman","secondary",NA,NA
"Oecomys rutilus","mass","Body_Mass","g",73.4,73.4,4,1,0,FALSE,"Wilman","secondary",NA,NA
"Oecomys speciosus","mass","Body_Mass","g",73.4,73.4,4,1,0,FALSE,"Wilman","secondary",NA,NA
"Oecomys superans","mass","Body_Mass","g",73.4,73.4,4,1,0,FALSE,"Wilman","secondary",NA,NA
"Oecomys trinitatis","mass","Body_Mass","g",73.4,73.4,4,1,0,FALSE,"Wilman","secondary",NA,NA
"Oenomys hypoxanthus","mass","Body_Mass","g",90,90,4,1,0,FALSE,"Wilman","secondary",NA,NA
"Oenomys ornatus","mass","Body_Mass","g",85.5,85.5,4,1,0,FALSE,"Wilman","secondary",NA,NA
"Okapia johnstoni","mass","Body_Mass","g",233334.097,230001.15,6,3,0,FALSE,"Burger; Wilman; Wimberly","secondary",NA,NA
"Olallamys albicauda","mass","Body_Mass","g",273.5,273.5,4,1,0,FALSE,"Wilman","secondary",NA,NA
"Olallamys edax","mass","Body_Mass","g",206.4,206.4,4,1,0,FALSE,"Wilman","secondary",NA,NA
"Oligoryzomys andinus","mass","Body_Mass","g",25.2,25.2,4,1,0,FALSE,"Wilman","secondary",NA,NA
"Oligoryzomys arenalis","mass","Body_Mass","g",25.2,25.2,4,1,0,FALSE,"Wilman","secondary",NA,NA
"Oligoryzomys brendae","mass","Body_Mass","g",23.96,23.96,4,1,0,FALSE,"Wilman","secondary",NA,NA
"Oligoryzomys chacoensis","mass","Body_Mass","g",23,23,4,1,0,FALSE,"Wilman","secondary",NA,NA
"Oligoryzomys delticola","mass","Body_Mass","g",29.4,29.4,4,1,0,FALSE,"Wilman","secondary",NA,NA
"Oligoryzomys destructor","mass","Body_Mass","g",25.2,25.2,4,1,0,FALSE,"Wilman","secondary",NA,NA
"Oligoryzomys eliurus","mass","Body_Mass","g",30,30,4,1,0,FALSE,"Wilman","secondary",NA,NA
"Oligoryzomys flavescens","mass","Body_Mass","g",21.3,21.3,4,1,0,FALSE,"Wilman","secondary",NA,NA
"Oligoryzomys fornesi","mass","Body_Mass","g",23.96,23.96,4,1,0,FALSE,"Wilman","secondary",NA,NA
"Oligoryzomys fulvescens","mass","Body_Mass","g",25,25,4,1,0,FALSE,"Wilman","secondary",NA,NA
"Oligoryzomys griseolus","mass","Body_Mass","g",25.2,25.2,4,1,0,FALSE,"Wilman","secondary",NA,NA
"Oligoryzomys longicaudatus","mass","Body_Mass","g",27.267,27,6,3,0,FALSE,"Burger; Genoud; Wilman","secondary",NA,NA
"Oligoryzomys magellanicus","mass","Body_Mass","g",25.2,25.2,4,1,0,FALSE,"Wilman","secondary",NA,NA
"Oligoryzomys microtis","mass","Body_Mass","g",22.5,22.5,4,1,0,FALSE,"Wilman","secondary",NA,NA
"Oligoryzomys nigripes","mass","Body_Mass","g",20.5,20.5,4,1,0,FALSE,"Wilman","secondary",NA,NA
"Oligoryzomys stramineus","mass","Body_Mass","g",23.96,23.96,4,1,0,FALSE,"Wilman","secondary",NA,NA
"Oligoryzomys vegetus","mass","Body_Mass","g",15,15,4,1,0,FALSE,"Wilman","secondary",NA,NA
"Oligoryzomys victus","mass","Body_Mass","g",23.96,23.96,4,1,0,FALSE,"Wilman","secondary",NA,NA
"Ommatophoca rossii","mass","Body_Mass","g",214700,214700,5,2,0,FALSE,"Burger; Wilman","secondary",NA,NA
"Ondatra zibethicus","mass","Body_Mass","g",1020.48,1065.75,10,3,0,FALSE,"Burger; Genoud; Wilman","secondary",NA,NA
"Onychogalea fraenata","mass","Body_Mass","g",5025,5025,5,2,0,FALSE,"Burger; Wilman","secondary",NA,NA
"Onychogalea lunata","mass","Body_Mass","g",3500,3500,5,2,0,FALSE,"Burger; Wilman","secondary",NA,NA
"Onychogalea unguifera","mass","Body_Mass","g",6650,6650,5,2,0,FALSE,"Burger; Wilman","secondary",NA,NA
"Onychomys arenicola","mass","Body_Mass","g",30,30,4,1,0,FALSE,"Wilman","secondary",NA,NA
"Onychomys leucogaster","mass","Body_Mass","g",27.655,27.655,5,2,0,FALSE,"Burger; Wilman","secondary",NA,NA
"Onychomys torridus","mass","Body_Mass","g",21.363,20.02,6,3,0,FALSE,"Burger; Genoud; Wilman","secondary",NA,NA
"Orcaella brevirostris","mass","Body_Mass","g",190000,190000,4,1,0,FALSE,"Wilman","secondary",NA,NA
"Orcinus orca","mass","Body_Mass","g",3798583.333,3822750,7,3,0,FALSE,"Burger; Genoud; Wilman","secondary",NA,NA
"Oreamnos americanus","mass","Body_Mass","g",52250.165,52250.165,5,2,0,FALSE,"Genoud; Wilman","secondary",NA,NA
"Oreonax flavicauda","mass","Body_Mass","g",8229.12,8229.12,4,1,0,FALSE,"Wilman","secondary",NA,NA
"Oreotragus oreotragus","mass","Body_Mass","g",12495.483,12999.9,6,3,0,FALSE,"Burger; Wilman; Wimberly","secondary",NA,NA
"Oreotrochilus estella","mass","Body_Mass","g",8.5,8.5,4,1,0,FALSE,"Ruf","secondary",NA,NA
"Ornithorhynchus anatinus","mass","Body_Mass","g",1372.719,1436.625,10,4,0,FALSE,"Burger; Genoud; Wilman; Wimberly","secondary",NA,NA
"Orthogeomys cavator","mass","Body_Mass","g",650,650,4,1,0,FALSE,"Wilman","secondary",NA,NA
"Orthogeomys cherriei","mass","Body_Mass","g",315,315,5,2,0,FALSE,"Burger; Wilman","secondary",NA,NA
"Orthogeomys cuniculus","mass","Body_Mass","g",500,500,4,1,0,FALSE,"Wilman","secondary",NA,NA
"Orthogeomys dariensis","mass","Body_Mass","g",438,438,4,1,0,FALSE,"Wilman","secondary",NA,NA
"Orthogeomys grandis","mass","Body_Mass","g",500,500,4,1,0,FALSE,"Wilman","secondary",NA,NA
"Orthogeomys heterodus","mass","Body_Mass","g",622.5,622.5,5,2,0,FALSE,"Burger; Wilman","secondary",NA,NA
"Orthogeomys hispidus","mass","Body_Mass","g",521.05,521.05,5,2,0,FALSE,"Burger; Wilman","secondary",NA,NA
"Orthogeomys lanius","mass","Body_Mass","g",500,500,4,1,0,FALSE,"Wilman","secondary",NA,NA
"Orthogeomys matagalpae","mass","Body_Mass","g",293,293,4,1,0,FALSE,"Wilman","secondary",NA,NA
"Orthogeomys thaeleri","mass","Body_Mass","g",440.75,440.75,4,1,0,FALSE,"Wilman","secondary",NA,NA
"Orthogeomys underwoodi","mass","Body_Mass","g",250,250,4,1,0,FALSE,"Wilman","secondary",NA,NA
"Orthorhynchus cristatus","mass","Body_Mass","g",2.9,2.9,4,1,0,FALSE,"Ruf","secondary",NA,NA
"Orycteropus afer","mass","Body_Mass","g",60000,60000,9,6,1,TRUE,"Burger; Garwicz; Genoud; Heffner; Wilman; Wimberly","primary; secondary",NA,NA
"Oryctolagus cuniculus","mass","Body_Mass","g",1800,1800,22,7,1,TRUE,"Burger; Genoud; Heffner; HerculanoHouzel; Lewitus; MacLarnon; Wilman","primary; secondary",NA,NA
"Oryx beisa","mass","Body_Mass","g",187788.26,187788.26,5,2,0,FALSE,"Burger; Wilman","secondary",NA,NA
"Oryx dammah","mass","Body_Mass","g",2e+05,2e+05,4,1,0,FALSE,"Wilman","secondary",NA,NA
"Oryx gazella","mass","Body_Mass","g",175601.432,174500.64,7,4,0,FALSE,"Burger; Genoud; Wilman; Wimberly","secondary",NA,NA
"Oryx leucoryx","mass","Body_Mass","g",88137.5,88137.5,6,2,0,FALSE,"Genoud; Wilman","secondary",NA,NA
"Oryzomys albigularis","mass","Body_Mass","g",60.5,60.5,4,1,0,FALSE,"Wilman","secondary",NA,NA
"Oryzomys alfaroi","mass","Body_Mass","g",33.3,33.3,4,1,0,FALSE,"Wilman","secondary",NA,NA
"Oryzomys angouya","mass","Body_Mass","g",120.17,120.17,4,1,0,FALSE,"Wilman","secondary",NA,NA
"Oryzomys auriventer","mass","Body_Mass","g",60.5,60.5,4,1,0,FALSE,"Wilman","secondary",NA,NA
"Oryzomys balneator","mass","Body_Mass","g",60.5,60.5,4,1,0,FALSE,"Wilman","secondary",NA,NA
"Oryzomys bolivaris","mass","Body_Mass","g",60.5,60.5,4,1,0,FALSE,"Wilman","secondary",NA,NA
"Oryzomys caracolus","mass","Body_Mass","g",57.93,57.93,4,1,0,FALSE,"Wilman","secondary",NA,NA
"Oryzomys chapmani","mass","Body_Mass","g",50,50,4,1,0,FALSE,"Wilman","secondary",NA,NA
"Oryzomys couesi","mass","Body_Mass","g",69.3,69.3,4,1,0,FALSE,"Wilman","secondary",NA,NA
"Oryzomys curasoae","mass","Body_Mass","g",57.93,57.93,4,1,0,FALSE,"Wilman","secondary",NA,NA
"Oryzomys devius","mass","Body_Mass","g",57.93,57.93,4,1,0,FALSE,"Wilman","secondary",NA,NA
"Oryzomys dimidiatus","mass","Body_Mass","g",46,46,4,1,0,FALSE,"Wilman","secondary",NA,NA
"Oryzomys emmonsae","mass","Body_Mass","g",57.93,57.93,4,1,0,FALSE,"Wilman","secondary",NA,NA
"Oryzomys galapagoensis","mass","Body_Mass","g",63.51,63.51,4,1,0,FALSE,"Wilman","secondary",NA,NA
"Oryzomys gorgasi","mass","Body_Mass","g",60.5,60.5,4,1,0,FALSE,"Wilman","secondary",NA,NA
"Oryzomys hammondi","mass","Body_Mass","g",60.5,60.5,4,1,0,FALSE,"Wilman","secondary",NA,NA
"Oryzomys keaysi","mass","Body_Mass","g",58.3,58.3,4,1,0,FALSE,"Wilman","secondary",NA,NA
"Oryzomys lamia","mass","Body_Mass","g",60.5,60.5,4,1,0,FALSE,"Wilman","secondary",NA,NA
"Oryzomys laticeps","mass","Body_Mass","g",49.11,49.11,4,1,0,FALSE,"Wilman","secondary",NA,NA
"Oryzomys legatus","mass","Body_Mass","g",61.5,61.5,4,1,0,FALSE,"Wilman","secondary",NA,NA
"Oryzomys levipes","mass","Body_Mass","g",60.5,60.5,4,1,0,FALSE,"Wilman","secondary",NA,NA
"Oryzomys macconnelli","mass","Body_Mass","g",58,58,4,1,0,FALSE,"Wilman","secondary",NA,NA
"Oryzomys maracajuensis","mass","Body_Mass","g",57.93,57.93,4,1,0,FALSE,"Wilman","secondary",NA,NA
"Oryzomys marinhus","mass","Body_Mass","g",57.93,57.93,4,1,0,FALSE,"Wilman","secondary",NA,NA
"Oryzomys megacephalus","mass","Body_Mass","g",57,57,4,1,0,FALSE,"Wilman","secondary",NA,NA
"Oryzomys melanotis","mass","Body_Mass","g",50,50,4,1,0,FALSE,"Wilman","secondary",NA,NA
"Oryzomys meridensis","mass","Body_Mass","g",57.93,57.93,4,1,0,FALSE,"Wilman","secondary",NA,NA
"Oryzomys nelsoni","mass","Body_Mass","g",57.93,57.93,4,1,0,FALSE,"Wilman","secondary",NA,NA
"Oryzomys nitidus","mass","Body_Mass","g",55.2,55.2,4,1,0,FALSE,"Wilman","secondary",NA,NA
"Oryzomys palustris","mass","Body_Mass","g",50.49,50.49,5,2,0,FALSE,"Burger; Wilman","secondary",NA,NA
"Oryzomys perenensis","mass","Body_Mass","g",57.93,57.93,4,1,0,FALSE,"Wilman","secondary",NA,NA
"Oryzomys polius","mass","Body_Mass","g",60.5,60.5,4,1,0,FALSE,"Wilman","secondary",NA,NA
"Oryzomys rhabdops","mass","Body_Mass","g",54.88,54.88,4,1,0,FALSE,"Wilman","secondary",NA,NA
"Oryzomys rostratus","mass","Body_Mass","g",43.5,43.5,4,1,0,FALSE,"Wilman","secondary",NA,NA
"Oryzomys russatus","mass","Body_Mass","g",60.5,60.5,4,1,0,FALSE,"Wilman","secondary",NA,NA
"Oryzomys saturatior","mass","Body_Mass","g",54.82,54.82,4,1,0,FALSE,"Wilman","secondary",NA,NA
"Oryzomys scotti","mass","Body_Mass","g",57.93,57.93,4,1,0,FALSE,"Wilman","secondary",NA,NA
"Oryzomys seuanezi","mass","Body_Mass","g",57.93,57.93,4,1,0,FALSE,"Wilman","secondary",NA,NA
"Oryzomys subflavus","mass","Body_Mass","g",50,50,4,1,0,FALSE,"Wilman","secondary",NA,NA
"Oryzomys talamancae","mass","Body_Mass","g",37.5,37.5,5,2,0,FALSE,"Genoud; Wilman","secondary",NA,NA
"Oryzomys tatei","mass","Body_Mass","g",57.93,57.93,4,1,0,FALSE,"Wilman","secondary",NA,NA
"Oryzomys xanthaeolus","mass","Body_Mass","g",79.79,79.79,4,1,0,FALSE,"Wilman","secondary",NA,NA
"Oryzomys yunganus","mass","Body_Mass","g",60.5,60.5,4,1,0,FALSE,"Wilman","secondary",NA,NA
"Oryzorictes hova","mass","Body_Mass","g",44.2,44.2,8,4,1,TRUE,"Burger; Genoud; Stephan_collection; Wilman","primary; secondary",NA,NA
"Oryzorictes tetradactylus","mass","Body_Mass","g",36,36,4,1,0,FALSE,"Wilman","secondary",NA,NA
"Osgoodomys banderanus","mass","Body_Mass","g",50,50,4,1,0,FALSE,"Wilman","secondary",NA,NA
"Osphranter rufus","mass","Body_Mass","g",46250,46250,10,4,1,TRUE,"Burger; Genoud; Seymour; Wilman","primary; secondary",NA,NA
"Otaria flavescens","mass","Body_Mass","g",207835.265,207835.265,5,2,0,FALSE,"Burger; Wilman","secondary",NA,NA
"Otocyon megalotis","mass","Body_Mass","g",3742.51,3742.51,5,2,0,FALSE,"Burger; Wilman","secondary",NA,NA
"Otolemur crassicaudatus","mass","Body_Mass","g",946.667,850,21,10,3,TRUE,"Burger; Genoud; Heffner; Isler; Lewitus; MacLarnon; Powell; Stephan; Stephan_collection; Wilman","primary; secondary",NA,NA
"Otolemur garnettii","mass","Body_Mass","g",927.783,946.85,11,6,0,FALSE,"Burger; Genoud; HerculanoHouzel; Isler; Powell; Wilman","secondary",NA,NA
"Otolemur monteiri","mass","Body_Mass","g",1404.887,1319,6,3,0,FALSE,"Burger; Isler; Wilman","secondary",NA,NA
"Otomops formosus","mass","Body_Mass","g",21.4,21.4,4,1,0,FALSE,"Wilman","secondary",NA,NA
"Otomops johnstonei","mass","Body_Mass","g",24.19,24.19,4,1,0,FALSE,"Wilman","secondary",NA,NA
"Otomops madagascariensis","mass","Body_Mass","g",25,25,4,1,0,FALSE,"Wilman","secondary",NA,NA
"Otomops martiensseni","mass","Body_Mass","g",38.025,38.025,5,2,0,FALSE,"Burger; Wilman","secondary",NA,NA
"Otomops papuensis","mass","Body_Mass","g",16.5,16.5,4,1,0,FALSE,"Wilman","secondary",NA,NA
"Otomops secundus","mass","Body_Mass","g",21.4,21.4,4,1,0,FALSE,"Wilman","secondary",NA,NA
"Otomops wroughtoni","mass","Body_Mass","g",21.4,21.4,4,1,0,FALSE,"Wilman","secondary",NA,NA
"Otomys anchietae","mass","Body_Mass","g",115.9,115.9,4,1,0,FALSE,"Wilman","secondary",NA,NA
"Otomys angoniensis","mass","Body_Mass","g",108.45,108.45,5,2,0,FALSE,"Burger; Wilman","secondary",NA,NA
"Otomys barbouri","mass","Body_Mass","g",127.2,127.2,4,1,0,FALSE,"Wilman","secondary",NA,NA
"Otomys burtoni","mass","Body_Mass","g",127.2,127.2,4,1,0,FALSE,"Wilman","secondary",NA,NA
"Otomys cuanzensis","mass","Body_Mass","g",127.2,127.2,4,1,0,FALSE,"Wilman","secondary",NA,NA
"Otomys dartmouthi","mass","Body_Mass","g",127.2,127.2,4,1,0,FALSE,"Wilman","secondary",NA,NA
"Otomys denti","mass","Body_Mass","g",120,120,4,1,0,FALSE,"Wilman","secondary",NA,NA
"Otomys dollmani","mass","Body_Mass","g",127.2,127.2,4,1,0,FALSE,"Wilman","secondary",NA,NA
"Otomys irroratus","mass","Body_Mass","g",120.373,118.02,6,3,0,FALSE,"Burger; Genoud; Wilman","secondary",NA,NA
"Otomys jacksoni","mass","Body_Mass","g",127.2,127.2,4,1,0,FALSE,"Wilman","secondary",NA,NA
"Otomys lacustris","mass","Body_Mass","g",127.2,127.2,4,1,0,FALSE,"Wilman","secondary",NA,NA
"Otomys laminatus","mass","Body_Mass","g",145,145,4,1,0,FALSE,"Wilman","secondary",NA,NA
"Otomys maximus","mass","Body_Mass","g",192,192,4,1,0,FALSE,"Wilman","secondary",NA,NA
"Otomys occidentalis","mass","Body_Mass","g",115.77,115.77,4,1,0,FALSE,"Wilman","secondary",NA,NA
"Otomys orestes","mass","Body_Mass","g",127.2,127.2,4,1,0,FALSE,"Wilman","secondary",NA,NA
"Otomys saundersiae","mass","Body_Mass","g",103,103,4,1,0,FALSE,"Wilman","secondary",NA,NA
"Otomys tropicalis","mass","Body_Mass","g",108.83,108.83,4,1,0,FALSE,"Wilman","secondary",NA,NA
"Otomys typus","mass","Body_Mass","g",115.44,115.44,4,1,0,FALSE,"Wilman","secondary",NA,NA
"Otomys uzungwensis","mass","Body_Mass","g",127.2,127.2,4,1,0,FALSE,"Wilman","secondary",NA,NA
"Otonycteris hemprichii","mass","Body_Mass","g",23.69,23.69,5,2,0,FALSE,"Genoud; Wilman","secondary",NA,NA
"Otonyctomys hatti","mass","Body_Mass","g",36.2,36.2,4,1,0,FALSE,"Wilman","secondary",NA,NA
"Otopteropus cartilagonodus","mass","Body_Mass","g",16.75,16.75,4,1,0,FALSE,"Wilman","secondary",NA,NA
"Ototylomys phyllotis","mass","Body_Mass","g",91.5,91.5,5,2,0,FALSE,"Burger; Wilman","secondary",NA,NA
"Otus senegalensis","mass","Body_Mass","g",61,61,4,1,0,FALSE,"Ruf","secondary",NA,NA
"Ourebia ourebi","mass","Body_Mass","g",15933.52,15933.52,5,2,0,FALSE,"Burger; Wilman","secondary",NA,NA
"Ovibos moschatus","mass","Body_Mass","g",265750.53,265750.53,6,2,0,FALSE,"Genoud; Wilman","secondary",NA,NA
"Ovis ammon","mass","Body_Mass","g",117500,117500,5,2,0,FALSE,"Burger; Wilman","secondary",NA,NA
"Ovis aries","mass","Body_Mass","g",80000,80000,13,7,1,TRUE,"Burger; Garwicz; Genoud; Heffner; Lewitus; Wilman; Wimberly","primary; secondary",NA,NA
"Ovis canadensis","mass","Body_Mass","g",73235.472,74644.87,8,3,0,FALSE,"Genoud; Wilman; Wimberly","secondary",NA,NA
"Ovis dalli","mass","Body_Mass","g",55650.62,55650.62,4,1,0,FALSE,"Wilman","secondary",NA,NA
"Ovis nivicola","mass","Body_Mass","g",90000,90000,4,1,0,FALSE,"Wilman","secondary",NA,NA
"Owl monkey","mass","Body_Mass","g",1198.5,1198.5,15,1,0,FALSE,"Burish","review",NA,NA
"Oxymycterus akodontius","mass","Body_Mass","g",68,68,4,1,0,FALSE,"Wilman","secondary",NA,NA
"Oxymycterus amazonicus","mass","Body_Mass","g",60.57,60.57,4,1,0,FALSE,"Wilman","secondary",NA,NA
"Oxymycterus angularis","mass","Body_Mass","g",68,68,4,1,0,FALSE,"Wilman","secondary",NA,NA
"Oxymycterus caparoae","mass","Body_Mass","g",60.57,60.57,4,1,0,FALSE,"Wilman","secondary",NA,NA
"Oxymycterus dasytrichus","mass","Body_Mass","g",60.57,60.57,4,1,0,FALSE,"Wilman","secondary",NA,NA
"Oxymycterus delator","mass","Body_Mass","g",81.5,81.5,4,1,0,FALSE,"Wilman","secondary",NA,NA
"Oxymycterus hiska","mass","Body_Mass","g",68,68,4,1,0,FALSE,"Wilman","secondary",NA,NA
"Oxymycterus hispidus","mass","Body_Mass","g",36.75,36.75,4,1,0,FALSE,"Wilman","secondary",NA,NA
"Oxymycterus hucucha","mass","Body_Mass","g",68,68,4,1,0,FALSE,"Wilman","secondary",NA,NA
"Oxymycterus inca","mass","Body_Mass","g",35,35,4,1,0,FALSE,"Wilman","secondary",NA,NA
"Oxymycterus josei","mass","Body_Mass","g",60.57,60.57,4,1,0,FALSE,"Wilman","secondary",NA,NA
"Oxymycterus nasutus","mass","Body_Mass","g",68,68,4,1,0,FALSE,"Wilman","secondary",NA,NA
"Oxymycterus paramensis","mass","Body_Mass","g",42,42,4,1,0,FALSE,"Wilman","secondary",NA,NA
"Oxymycterus quaestor","mass","Body_Mass","g",60.57,60.57,4,1,0,FALSE,"Wilman","secondary",NA,NA
"Oxymycterus roberti","mass","Body_Mass","g",83.45,83.45,5,2,0,FALSE,"Genoud; Wilman","secondary",NA,NA
"Oxymycterus rufus","mass","Body_Mass","g",75.4,75.4,4,1,0,FALSE,"Wilman","secondary",NA,NA
"Ozotoceros bezoarticus","mass","Body_Mass","g",40000,40000,4,1,0,FALSE,"Wilman","secondary",NA,NA
"P. cynoceph","mass","Body_Mass","g",21900,21900,4,1,1,TRUE,"Weaver","primary",NA,NA
"Pachyuromys duprasi","mass","Body_Mass","g",47.5,47.5,4,1,0,FALSE,"Wilman","secondary",NA,NA
"Pagophilus groenlandicus","mass","Body_Mass","g",134395.833,132275,10,4,0,FALSE,"10.1002%2Fcne.24349_Table3.tsv; Burger; Genoud; Wilman","secondary",NA,NA
"Paguma larvata","mass","Body_Mass","g",4550,4550,5,2,0,FALSE,"Burger; Wilman","secondary",NA,NA
"Palawanomys furvus","mass","Body_Mass","g",73.91,73.91,4,1,0,FALSE,"Wilman","secondary",NA,NA
"Pan paniscus","mass","Body_Mass","g",45400,45400,15,8,1,TRUE,"Burger; Granatosky; Isler; Powell; RillingInsel; Weaver; Wilman; Zilles","primary; secondary",NA,NA
"Pan troglodytes","mass","Body_Mass","g",43853.4,46000,50,18,5,TRUE,"Burger; Collins; Garwicz; Genoud; Granatosky; Heffner; Heldstab; Isler; Lewitus; MacLarnon; Powell; RillingInsel; Seymour; Stephan; Stephan_collection; Wilman; Wimberly; Zilles","info; primary; secondary",NA,NA
"Panterpe insignis","mass","Body_Mass","g",5,5,4,1,0,FALSE,"Ruf","secondary",NA,NA
"Panthera leo","mass","Body_Mass","g",139503.732,158649.53,10,6,0,FALSE,"10.1002%2Fcne.24349_Table3.tsv; Burger; Genoud; Lewitus; Wilman; Wimberly","secondary",NA,NA
"Panthera onca","mass","Body_Mass","g",82312.5,80125,7,4,0,FALSE,"Burger; Genoud; Wilman; Wimberly","secondary",NA,NA
"Panthera pardus","mass","Body_Mass","g",50019.11,50019.11,5,2,0,FALSE,"Burger; Wilman","secondary",NA,NA
"Panthera pardus orientalis","mass","Body_Mass","g",52400,52400,5,1,0,FALSE,"10.1002%2Fcne.24349_Table3.tsv","secondary",NA,NA
"Panthera tigris","mass","Body_Mass","g",159366,152282,7,4,0,FALSE,"Burger; Genoud; Wilman; Wimberly","secondary",NA,NA
"Panthera tigris altaica","mass","Body_Mass","g",161000,161000,5,1,0,FALSE,"10.1002%2Fcne.24349_Table3.tsv","secondary",NA,NA
"Pantholops hodgsonii","mass","Body_Mass","g",27500,27500,4,1,0,FALSE,"Wilman","secondary",NA,NA
"Papagomys armandvillei","mass","Body_Mass","g",73.8,73.8,4,1,0,FALSE,"Wilman","secondary",NA,NA
"Papagomys theodorverhoeveni","mass","Body_Mass","g",71.33,71.33,4,1,0,FALSE,"Wilman","secondary",NA,NA
"Papio anubis","mass","Body_Mass","g",25000,25000,18,9,2,TRUE,"Burger; Genoud; Granatosky; Isler; MacLarnon; Powell; Stephan; Stephan_collection; Wilman","primary; secondary",NA,NA
"Papio cynocephalus","mass","Body_Mass","g",14023.379,14350,12,7,0,FALSE,"Burger; Genoud; HerculanoHouzel; Isler; Powell; RillingInsel; Wilman","secondary",NA,NA
"Papio cynocephalus anubis","mass","Body_Mass","g",20375,20375,19,1,0,FALSE,"Young","info",NA,NA
"Papio hamadryas","mass","Body_Mass","g",16900,16900,13,8,1,TRUE,"10.1002%2Fcne.24349_Table3.tsv; Burger; Isler; Lewitus; MacLarnon; Powell; Seymour; Wilman","primary; secondary",NA,NA
"Papio papio","mass","Body_Mass","g",25000,25000,8,5,1,TRUE,"Burger; Genoud; Heffner; Powell; Wilman","primary; secondary",NA,NA
"Papio ursinus","mass","Body_Mass","g",18862.697,17729.44,12,7,0,FALSE,"10.1002%2Fcne.24349_Table3.tsv; Burger; Genoud; Isler; Powell; Wilman; Wimberly","secondary",NA,NA
"Pappogeomys alcorni","mass","Body_Mass","g",150,150,4,1,0,FALSE,"Wilman","secondary",NA,NA
"Pappogeomys bulleri","mass","Body_Mass","g",150,150,4,1,0,FALSE,"Wilman","secondary",NA,NA
"Paracoelops megalotis","mass","Body_Mass","g",5.67,5.67,4,1,0,FALSE,"Wilman","secondary",NA,NA
"Paracrocidura graueri","mass","Body_Mass","g",11.68,11.68,4,1,0,FALSE,"Wilman","secondary",NA,NA
"Paracrocidura maxima","mass","Body_Mass","g",11.68,11.68,4,1,0,FALSE,"Wilman","secondary",NA,NA
"Paracrocidura schoutedeni","mass","Body_Mass","g",13,13,4,1,0,FALSE,"Wilman","secondary",NA,NA
"Paracynictis selousi","mass","Body_Mass","g",1669.995,1669.995,5,2,0,FALSE,"Burger; Wilman","secondary",NA,NA
"Paradipus ctenodactylus","mass","Body_Mass","g",109.01,109.01,4,1,0,FALSE,"Wilman","secondary",NA,NA
"Paradoxurus hermaphroditus","mass","Body_Mass","g",3072.54,3158.33,7,4,0,FALSE,"Burger; Genoud; Wilman; Wimberly","secondary",NA,NA
"Paradoxurus jerdoni","mass","Body_Mass","g",2780.75,2780.75,4,1,0,FALSE,"Wilman","secondary",NA,NA
"Paradoxurus zeylonensis","mass","Body_Mass","g",2750.375,2750.375,5,2,0,FALSE,"Burger; Wilman","secondary",NA,NA
"Paraechinus","mass","Body_Mass","g",500,500,4,1,1,TRUE,"Heffner","primary",NA,NA
"Paraechinus aethiopicus","mass","Body_Mass","g",402.7,402.7,5,2,0,FALSE,"Genoud; Wilman","secondary",NA,NA
"Paraechinus hypomelas","mass","Body_Mass","g",381.5,381.5,5,2,0,FALSE,"Burger; Wilman","secondary",NA,NA
"Paraechinus micropus","mass","Body_Mass","g",171,171,4,1,0,FALSE,"Wilman","secondary",NA,NA
"Paraechinus nudiventris","mass","Body_Mass","g",234.14,234.14,4,1,0,FALSE,"Wilman","secondary",NA,NA
"Parahydromys asper","mass","Body_Mass","g",540,540,4,1,0,FALSE,"Wilman","secondary",NA,NA
"Paraleptomys rufilatus","mass","Body_Mass","g",55,55,4,1,0,FALSE,"Wilman","secondary",NA,NA
"Paraleptomys wilhelmina","mass","Body_Mass","g",33,33,4,1,0,FALSE,"Wilman","secondary",NA,NA
"Paralomys gerbillus","mass","Body_Mass","g",17.4,17.4,4,1,0,FALSE,"Wilman","secondary",NA,NA
"Paramelomys gressitti","mass","Body_Mass","g",84.49,84.49,4,1,0,FALSE,"Wilman","secondary",NA,NA
"Paramelomys levipes","mass","Body_Mass","g",83.105,83.105,5,2,0,FALSE,"Burger; Wilman","secondary",NA,NA
"Paramelomys lorentzii","mass","Body_Mass","g",150,150,4,1,0,FALSE,"Wilman","secondary",NA,NA
"Paramelomys mollis","mass","Body_Mass","g",90.05,90.05,4,1,0,FALSE,"Wilman","secondary",NA,NA
"Paramelomys moncktoni","mass","Body_Mass","g",80.56,80.56,4,1,0,FALSE,"Wilman","secondary",NA,NA
"Paramelomys naso","mass","Body_Mass","g",84.49,84.49,4,1,0,FALSE,"Wilman","secondary",NA,NA
"Paramelomys platyops","mass","Body_Mass","g",85.6,85.6,4,1,0,FALSE,"Wilman","secondary",NA,NA
"Paramelomys rubex","mass","Body_Mass","g",48.43,48.43,5,2,0,FALSE,"Burger; Wilman","secondary",NA,NA
"Paramelomys steini","mass","Body_Mass","g",84.49,84.49,4,1,0,FALSE,"Wilman","secondary",NA,NA
"Paramurexia rothschildi","mass","Body_Mass","g",57.885,57.885,5,2,0,FALSE,"Burger; Wilman","secondary",NA,NA
"Parantechinus apicalis","mass","Body_Mass","g",68.875,68.875,5,2,0,FALSE,"Burger; Wilman","secondary",NA,NA
"Paranyctimene raptor","mass","Body_Mass","g",24.287,24.31,7,3,0,FALSE,"Burger; Genoud; Wilman","secondary",NA,NA
"Paranyctimene tenax","mass","Body_Mass","g",24.31,24.31,4,1,0,FALSE,"Wilman","secondary",NA,NA
"Parascalops breweri","mass","Body_Mass","g",50.433,51,6,3,0,FALSE,"Genoud; HerculanoHouzel; Wilman","secondary",NA,NA
"Parascaptor leucura","mass","Body_Mass","g",45.6,45.6,4,1,0,FALSE,"Wilman","secondary",NA,NA
"Paraxerus alexandri","mass","Body_Mass","g",52,52,4,1,0,FALSE,"Wilman","secondary",NA,NA
"Paraxerus boehmi","mass","Body_Mass","g",70,70,4,1,0,FALSE,"Wilman","secondary",NA,NA
"Paraxerus cepapi","mass","Body_Mass","g",206.533,216,6,3,0,FALSE,"Burger; Genoud; Wilman","secondary",NA,NA
"Paraxerus cooperi","mass","Body_Mass","g",250,250,4,1,0,FALSE,"Wilman","secondary",NA,NA
"Paraxerus flavovittis","mass","Body_Mass","g",160,160,4,1,0,FALSE,"Wilman","secondary",NA,NA
"Paraxerus lucifer","mass","Body_Mass","g",700,700,4,1,0,FALSE,"Wilman","secondary",NA,NA
"Paraxerus ochraceus","mass","Body_Mass","g",104.3,104.3,4,1,0,FALSE,"Wilman","secondary",NA,NA
"Paraxerus palliatus","mass","Body_Mass","g",297.805,297.805,6,2,0,FALSE,"Genoud; Wilman","secondary",NA,NA
"Paraxerus poensis","mass","Body_Mass","g",110.75,110.75,5,2,0,FALSE,"Genoud; Wilman","secondary",NA,NA
"Paraxerus vexillarius","mass","Body_Mass","g",675,675,4,1,0,FALSE,"Wilman","secondary",NA,NA
"Paraxerus vincenti","mass","Body_Mass","g",190.19,190.19,4,1,0,FALSE,"Wilman","secondary",NA,NA
"Pardofelis marmorata","mass","Body_Mass","g",2854.25,2854.25,4,1,0,FALSE,"Wilman","secondary",NA,NA
"Parotomys brantsii","mass","Body_Mass","g",108,108,5,2,0,FALSE,"Genoud; Wilman","secondary",NA,NA
"Parotomys littledalei","mass","Body_Mass","g",127,127,4,1,0,FALSE,"Wilman","secondary",NA,NA
"Paruromys dominator","mass","Body_Mass","g",325.31,325.31,4,1,0,FALSE,"Wilman","secondary",NA,NA
"Passer domesticus","mass","Body_Mass","g",27,27,4,1,0,FALSE,"MacLarnon","secondary",NA,NA
"Paulamys naso","mass","Body_Mass","g",122,122,4,1,0,FALSE,"Wilman","secondary",NA,NA
"Pearsonomys annectens","mass","Body_Mass","g",38.74,38.74,4,1,0,FALSE,"Wilman","secondary",NA,NA
"Pecari tajacu","mass","Body_Mass","g",20227.345,20666.845,7,4,0,FALSE,"Burger; Genoud; Wilman; Wimberly","secondary",NA,NA
"Pectinator spekei","mass","Body_Mass","g",170,170,5,2,0,FALSE,"Burger; Wilman","secondary",NA,NA
"Pedetes capensis","mass","Body_Mass","g",2852.5,2852.5,6,2,0,FALSE,"Genoud; Wilman","secondary",NA,NA
"Pedetes surdaster","mass","Body_Mass","g",3155,3155,4,1,0,FALSE,"Wilman","secondary",NA,NA
"Pelea capreolus","mass","Body_Mass","g",22000,22000,5,2,0,FALSE,"Burger; Wilman","secondary",NA,NA
"Pelomys campanae","mass","Body_Mass","g",77.01,77.01,4,1,0,FALSE,"Wilman","secondary",NA,NA
"Pelomys fallax","mass","Body_Mass","g",130,130,4,1,0,FALSE,"Wilman","secondary",NA,NA
"Pelomys hopkinsi","mass","Body_Mass","g",76.94,76.94,4,1,0,FALSE,"Wilman","secondary",NA,NA
"Pelomys isseli","mass","Body_Mass","g",60,60,4,1,0,FALSE,"Wilman","secondary",NA,NA
"Pelomys minor","mass","Body_Mass","g",50,50,4,1,0,FALSE,"Wilman","secondary",NA,NA
"Pentalagus furnessi","mass","Body_Mass","g",2396.25,2396.25,4,1,0,FALSE,"Wilman","secondary",NA,NA
"Penthetor lucasi","mass","Body_Mass","g",36.585,36.585,5,2,0,FALSE,"Burger; Wilman","secondary",NA,NA
"Peponocephala electra","mass","Body_Mass","g",206000,206000,4,1,0,FALSE,"Wilman","secondary",NA,NA
"Perameles bougainville","mass","Body_Mass","g",235.667,226,6,3,0,FALSE,"Burger; Genoud; Wilman","secondary",NA,NA
"Perameles eremiana","mass","Body_Mass","g",500,500,4,1,0,FALSE,"Wilman","secondary",NA,NA
"Perameles gunnii","mass","Body_Mass","g",818.422,835.267,8,3,0,FALSE,"Burger; Genoud; Wilman","secondary",NA,NA
"Perameles nasuta","mass","Body_Mass","g",866.833,960,7,3,0,FALSE,"Burger; Genoud; Wilman","secondary",NA,NA
"Perodicticus potto","mass","Body_Mass","g",1150,1150,24,11,2,TRUE,"Burger; Genoud; Granatosky; Isler; Lewitus; MacLarnon; Powell; Stephan; Stephan_collection; Wilman; Zilles","primary; secondary",NA,NA
"Perognathus alticolus","mass","Body_Mass","g",23.99,23.99,4,1,0,FALSE,"Wilman","secondary",NA,NA
"Perognathus amplus","mass","Body_Mass","g",11.7,11.7,4,1,0,FALSE,"Wilman","secondary",NA,NA
"Perognathus californicus","mass","Body_Mass","g",21,21,4,1,0,FALSE,"Ruf","secondary",NA,NA
"Perognathus fasciatus","mass","Body_Mass","g",25.775,25.775,5,2,0,FALSE,"Ruf; Wilman","secondary",NA,NA
"Perognathus flavescens","mass","Body_Mass","g",8.8,8.8,4,1,0,FALSE,"Wilman","secondary",NA,NA
"Perognathus flavus","mass","Body_Mass","g",8.143,8.3,6,3,0,FALSE,"Burger; Genoud; Wilman","secondary",NA,NA
"Perognathus inornatus","mass","Body_Mass","g",10.88,10.88,4,1,0,FALSE,"Wilman","secondary",NA,NA
"Perognathus longimembris","mass","Body_Mass","g",8.181,8.075,10,4,0,FALSE,"Burger; Genoud; Ruf; Wilman","secondary",NA,NA
"Perognathus merriami","mass","Body_Mass","g",6.85,6.85,4,1,0,FALSE,"Wilman","secondary",NA,NA
"Perognathus parvus","mass","Body_Mass","g",20.57,20.49,7,4,0,FALSE,"Burger; Genoud; Ruf; Wilman","secondary",NA,NA
"Peromyscus attwateri","mass","Body_Mass","g",27.9,27.9,4,1,0,FALSE,"Wilman","secondary",NA,NA
"Peromyscus aztecus","mass","Body_Mass","g",39.865,39.865,5,2,0,FALSE,"Burger; Wilman","secondary",NA,NA
"Peromyscus beatae","mass","Body_Mass","g",33,33,4,1,0,FALSE,"Wilman","secondary",NA,NA
"Peromyscus boylii","mass","Body_Mass","g",26.255,25.335,7,4,0,FALSE,"Burger; Genoud; Ruf; Wilman","secondary",NA,NA
"Peromyscus bullatus","mass","Body_Mass","g",40,40,4,1,0,FALSE,"Wilman","secondary",NA,NA
"Peromyscus californicus","mass","Body_Mass","g",43.691,43.53,9,3,0,FALSE,"Burger; Genoud; Wilman","secondary",NA,NA
"Peromyscus caniceps","mass","Body_Mass","g",33.16,33.16,4,1,0,FALSE,"Wilman","secondary",NA,NA
"Peromyscus crinitus","mass","Body_Mass","g",17.479,18.178,10,4,0,FALSE,"Burger; Genoud; Ruf; Wilman","secondary",NA,NA
"Peromyscus dickeyi","mass","Body_Mass","g",28.6,28.6,4,1,0,FALSE,"Wilman","secondary",NA,NA
"Peromyscus difficilis","mass","Body_Mass","g",28,28,4,1,0,FALSE,"Wilman","secondary",NA,NA
"Peromyscus eremicus","mass","Body_Mass","g",20.354,20.384,14,4,0,FALSE,"Burger; Genoud; Ruf; Wilman","secondary",NA,NA
"Peromyscus eva","mass","Body_Mass","g",22,22,4,1,0,FALSE,"Wilman","secondary",NA,NA
"Peromyscus fraterculus","mass","Body_Mass","g",33,33,4,1,0,FALSE,"Wilman","secondary",NA,NA
"Peromyscus furvus","mass","Body_Mass","g",33,33,4,1,0,FALSE,"Wilman","secondary",NA,NA
"Peromyscus gossypinus","mass","Body_Mass","g",25.285,25.125,7,4,0,FALSE,"Burger; Genoud; Ruf; Wilman","secondary",NA,NA
"Peromyscus grandis","mass","Body_Mass","g",74.16,74.16,5,2,0,FALSE,"Burger; Wilman","secondary",NA,NA
"Peromyscus gratus","mass","Body_Mass","g",27.35,27.35,4,1,0,FALSE,"Wilman","secondary",NA,NA
"Peromyscus guardia","mass","Body_Mass","g",32.13,32.13,4,1,0,FALSE,"Wilman","secondary",NA,NA
"Peromyscus guatemalensis","mass","Body_Mass","g",46.415,46.415,5,2,0,FALSE,"Burger; Wilman","secondary",NA,NA
"Peromyscus gymnotis","mass","Body_Mass","g",40,40,4,1,0,FALSE,"Wilman","secondary",NA,NA
"Peromyscus hooperi","mass","Body_Mass","g",36,36,4,1,0,FALSE,"Wilman","secondary",NA,NA
"Peromyscus hylocetes","mass","Body_Mass","g",33,33,4,1,0,FALSE,"Wilman","secondary",NA,NA
"Peromyscus interparietalis","mass","Body_Mass","g",28,28,4,1,0,FALSE,"Wilman","secondary",NA,NA
"Peromyscus keeni","mass","Body_Mass","g",27.35,27.35,6,2,0,FALSE,"Genoud; Wilman","secondary",NA,NA
"Peromyscus leucopus","mass","Body_Mass","g",21.192,21.19,14,4,0,FALSE,"Burger; Genoud; Ruf; Wilman","secondary",NA,NA
"Peromyscus levipes","mass","Body_Mass","g",23,23,4,1,0,FALSE,"Wilman","secondary",NA,NA
"Peromyscus madrensis","mass","Body_Mass","g",32.2,32.2,4,1,0,FALSE,"Wilman","secondary",NA,NA
"Peromyscus maniculatus","mass","Body_Mass","g",20.113,20.4,30,4,0,FALSE,"Burger; Genoud; Ruf; Wilman","secondary",NA,NA
"Peromyscus mayensis","mass","Body_Mass","g",32,32,4,1,0,FALSE,"Wilman","secondary",NA,NA
"Peromyscus megalops","mass","Body_Mass","g",66.2,66.2,6,3,0,FALSE,"Burger; Genoud; Wilman","secondary",NA,NA
"Peromyscus mekisturus","mass","Body_Mass","g",60,60,4,1,0,FALSE,"Wilman","secondary",NA,NA
"Peromyscus melanocarpus","mass","Body_Mass","g",58.9,58.9,5,2,0,FALSE,"Burger; Wilman","secondary",NA,NA
"Peromyscus melanophrys","mass","Body_Mass","g",42.5,42.5,5,2,0,FALSE,"Burger; Wilman","secondary",NA,NA
"Peromyscus melanotis","mass","Body_Mass","g",39.6,39.6,5,2,0,FALSE,"Burger; Wilman","secondary",NA,NA
"Peromyscus melanurus","mass","Body_Mass","g",40,40,4,1,0,FALSE,"Wilman","secondary",NA,NA
"Peromyscus merriami","mass","Body_Mass","g",30.36,30.36,5,2,0,FALSE,"Burger; Wilman","secondary",NA,NA
"Peromyscus mexicanus","mass","Body_Mass","g",39.575,39.575,5,2,0,FALSE,"Burger; Wilman","secondary",NA,NA
"Peromyscus nasutus","mass","Body_Mass","g",28,28,4,1,0,FALSE,"Wilman","secondary",NA,NA
"Peromyscus ochraventer","mass","Body_Mass","g",40,40,4,1,0,FALSE,"Wilman","secondary",NA,NA
"Peromyscus pectoralis","mass","Body_Mass","g",39,39,4,1,0,FALSE,"Wilman","secondary",NA,NA
"Peromyscus pembertoni","mass","Body_Mass","g",33,33,4,1,0,FALSE,"Wilman","secondary",NA,NA
"Peromyscus perfulvus","mass","Body_Mass","g",40,40,4,1,0,FALSE,"Wilman","secondary",NA,NA
"Peromyscus polionotus","mass","Body_Mass","g",13.49,13.32,8,3,0,FALSE,"Burger; Genoud; Wilman","secondary",NA,NA
"Peromyscus polius","mass","Body_Mass","g",40,40,4,1,0,FALSE,"Wilman","secondary",NA,NA
"Peromyscus pseudocrinitus","mass","Body_Mass","g",33.03,33.03,4,1,0,FALSE,"Wilman","secondary",NA,NA
"Peromyscus sagax","mass","Body_Mass","g",33,33,4,1,0,FALSE,"Wilman","secondary",NA,NA
"Peromyscus sejugis","mass","Body_Mass","g",21.5,21.5,4,1,0,FALSE,"Wilman","secondary",NA,NA
"Peromyscus simulus","mass","Body_Mass","g",40,40,4,1,0,FALSE,"Wilman","secondary",NA,NA
"Peromyscus slevini","mass","Body_Mass","g",32.87,32.87,4,1,0,FALSE,"Wilman","secondary",NA,NA
"Peromyscus spicilegus","mass","Body_Mass","g",36,36,4,1,0,FALSE,"Wilman","secondary",NA,NA
"Peromyscus stephani","mass","Body_Mass","g",32.17,32.17,4,1,0,FALSE,"Wilman","secondary",NA,NA
"Peromyscus stirtoni","mass","Body_Mass","g",29.2,29.2,4,1,0,FALSE,"Wilman","secondary",NA,NA
"Peromyscus truei","mass","Body_Mass","g",29.317,27.35,7,3,0,FALSE,"Burger; Genoud; Wilman","secondary",NA,NA
"Peromyscus winkelmanni","mass","Body_Mass","g",53.75,53.75,4,1,0,FALSE,"Wilman","secondary",NA,NA
"Peromyscus yucatanicus","mass","Body_Mass","g",26.3,26.3,5,2,0,FALSE,"Burger; Wilman","secondary",NA,NA
"Peromyscus zarhynchus","mass","Body_Mass","g",40,40,4,1,0,FALSE,"Wilman","secondary",NA,NA
"Peropteryx kappleri","mass","Body_Mass","g",9.42,9.42,4,1,0,FALSE,"Wilman","secondary",NA,NA
"Peropteryx leucoptera","mass","Body_Mass","g",6,6,4,1,0,FALSE,"Wilman","secondary",NA,NA
"Peropteryx macrotis","mass","Body_Mass","g",5.307,5.4,6,3,0,FALSE,"Burger; Genoud; Wilman","secondary",NA,NA
"Peropteryx trinitatis","mass","Body_Mass","g",4.595,4.595,5,2,0,FALSE,"Burger; Wilman","secondary",NA,NA
"Peroryctes broadbenti","mass","Body_Mass","g",4800,4800,4,1,0,FALSE,"Wilman","secondary",NA,NA
"Peroryctes raffrayana","mass","Body_Mass","g",834.25,834.25,5,2,0,FALSE,"Burger; Wilman","secondary",NA,NA
"Petaurillus emiliae","mass","Body_Mass","g",13.5,13.5,4,1,0,FALSE,"Wilman","secondary",NA,NA
"Petaurillus hosei","mass","Body_Mass","g",21.1,21.1,4,1,0,FALSE,"Wilman","secondary",NA,NA
"Petaurillus kinlochii","mass","Body_Mass","g",40,40,4,1,0,FALSE,"Wilman","secondary",NA,NA
"Petaurista alborufus","mass","Body_Mass","g",4290,4290,4,1,0,FALSE,"Wilman","secondary",NA,NA
"Petaurista elegans","mass","Body_Mass","g",960.5,960.5,5,2,0,FALSE,"Burger; Wilman","secondary",NA,NA
"Petaurista leucogenys","mass","Body_Mass","g",1150,1150,4,1,0,FALSE,"Wilman","secondary",NA,NA
"Petaurista magnificus","mass","Body_Mass","g",1475.5,1475.5,4,1,0,FALSE,"Wilman","secondary",NA,NA
"Petaurista nobilis","mass","Body_Mass","g",2710,2710,4,1,0,FALSE,"Wilman","secondary",NA,NA
"Petaurista petaurista","mass","Body_Mass","g",1735.815,1735.815,5,2,0,FALSE,"Burger; Wilman","secondary",NA,NA
"Petaurista philippensis","mass","Body_Mass","g",1676,1676,4,1,0,FALSE,"Wilman","secondary",NA,NA
"Petaurista xanthotis","mass","Body_Mass","g",1900,1900,4,1,0,FALSE,"Wilman","secondary",NA,NA
"Petauroides volans","mass","Body_Mass","g",1356.833,1300,7,3,0,FALSE,"Burger; Genoud; Wilman","secondary",NA,NA
"Petaurus abidi","mass","Body_Mass","g",281,281,5,2,0,FALSE,"Burger; Wilman","secondary",NA,NA
"Petaurus australis","mass","Body_Mass","g",565,565,5,2,0,FALSE,"Burger; Wilman","secondary",NA,NA
"Petaurus biacensis","mass","Body_Mass","g",87.74,87.74,5,2,0,FALSE,"Burger; Wilman","secondary",NA,NA
"Petaurus breviceps","mass","Body_Mass","g",127,127,12,6,1,TRUE,"Burger; Genoud; Ruf; Seymour; Wilman; Wimberly","primary; secondary",NA,NA
"Petaurus gracilis","mass","Body_Mass","g",353,353,4,1,0,FALSE,"Wilman","secondary",NA,NA
"Petaurus norfolcensis","mass","Body_Mass","g",230,230,5,2,0,FALSE,"Burger; Wilman","secondary",NA,NA
"Petinomys crinitus","mass","Body_Mass","g",113,113,4,1,0,FALSE,"Wilman","secondary",NA,NA
"Petinomys fuscocapillus","mass","Body_Mass","g",794.5,794.5,4,1,0,FALSE,"Wilman","secondary",NA,NA
"Petinomys genibarbis","mass","Body_Mass","g",110,110,4,1,0,FALSE,"Wilman","secondary",NA,NA
"Petinomys hageni","mass","Body_Mass","g",388,388,4,1,0,FALSE,"Wilman","secondary",NA,NA
"Petinomys lugens","mass","Body_Mass","g",433,433,4,1,0,FALSE,"Wilman","secondary",NA,NA
"Petinomys mindanensis","mass","Body_Mass","g",137.64,137.64,4,1,0,FALSE,"Wilman","secondary",NA,NA
"Petinomys sagitta","mass","Body_Mass","g",50,50,4,1,0,FALSE,"Wilman","secondary",NA,NA
"Petinomys setosus","mass","Body_Mass","g",38.44,38.44,4,1,0,FALSE,"Wilman","secondary",NA,NA
"Petinomys vordermanni","mass","Body_Mass","g",40.39,40.39,4,1,0,FALSE,"Wilman","secondary",NA,NA
"Petrodromus tetradactylus","mass","Body_Mass","g",176.017,187.5,7,3,0,FALSE,"Genoud; HerculanoHouzel; Wilman","secondary",NA,NA
"Petrogale assimilis","mass","Body_Mass","g",4500,4500,5,2,0,FALSE,"Burger; Wilman","secondary",NA,NA
"Petrogale brachyotis","mass","Body_Mass","g",4050,4050,5,2,0,FALSE,"Burger; Wilman","secondary",NA,NA
"Petrogale burbidgei","mass","Body_Mass","g",1258,1258,4,1,0,FALSE,"Wilman","secondary",NA,NA
"Petrogale coenensis","mass","Body_Mass","g",4123.14,4123.14,4,1,0,FALSE,"Wilman","secondary",NA,NA
"Petrogale concinna","mass","Body_Mass","g",1375,1375,5,2,0,FALSE,"Burger; Wilman","secondary",NA,NA
"Petrogale godmani","mass","Body_Mass","g",4750,4750,5,2,0,FALSE,"Burger; Wilman","secondary",NA,NA
"Petrogale herberti","mass","Body_Mass","g",4636.57,4636.57,5,2,0,FALSE,"Burger; Wilman","secondary",NA,NA
"Petrogale inornata","mass","Body_Mass","g",4600,4600,5,2,0,FALSE,"Burger; Wilman","secondary",NA,NA
"Petrogale lateralis","mass","Body_Mass","g",4612.5,4612.5,5,2,0,FALSE,"Burger; Wilman","secondary",NA,NA
"Petrogale mareeba","mass","Body_Mass","g",4136.57,4136.57,5,2,0,FALSE,"Burger; Wilman","secondary",NA,NA
"Petrogale penicillata","mass","Body_Mass","g",7100,7100,5,2,0,FALSE,"Burger; Wilman","secondary",NA,NA
"Petrogale persephone","mass","Body_Mass","g",6200,6200,5,2,0,FALSE,"Burger; Wilman","secondary",NA,NA
"Petrogale purpureicollis","mass","Body_Mass","g",5850,5850,4,1,0,FALSE,"Wilman","secondary",NA,NA
"Petrogale rothschildi","mass","Body_Mass","g",3400,3400,4,1,0,FALSE,"Wilman","secondary",NA,NA
"Petrogale sharmani","mass","Body_Mass","g",4123.14,4123.14,4,1,0,FALSE,"Wilman","secondary",NA,NA
"Petrogale xanthopus","mass","Body_Mass","g",8000,8000,5,2,0,FALSE,"Burger; Wilman","secondary",NA,NA
"Petromus typicus","mass","Body_Mass","g",224,224,4,1,0,FALSE,"Wilman","secondary",NA,NA
"Petromyscus barbouri","mass","Body_Mass","g",21.49,21.49,4,1,0,FALSE,"Wilman","secondary",NA,NA
"Petromyscus collinus","mass","Body_Mass","g",19.803,20,6,3,0,FALSE,"Genoud; Ruf; Wilman","secondary",NA,NA
"Petromyscus monticularis","mass","Body_Mass","g",20.73,20.73,4,1,0,FALSE,"Wilman","secondary",NA,NA
"Petromyscus shortridgei","mass","Body_Mass","g",46.5,46.5,4,1,0,FALSE,"Wilman","secondary",NA,NA
"Petropseudes dahli","mass","Body_Mass","g",1820,1820,5,2,0,FALSE,"Burger; Wilman","secondary",NA,NA
"Phacochoerus aethiopicus","mass","Body_Mass","g",68160.135,68160.135,5,2,0,FALSE,"Burger; Wilman","secondary",NA,NA
"Phacochoerus africanus","mass","Body_Mass","g",74750,74750,5,2,0,FALSE,"Burger; Wilman","secondary",NA,NA
"Phaenomys ferrugineus","mass","Body_Mass","g",93.8,93.8,4,1,0,FALSE,"Wilman","secondary",NA,NA
"Phaiomys leucurus","mass","Body_Mass","g",41.87,41.87,4,1,0,FALSE,"Wilman","secondary",NA,NA
"Phalaenoptilus nuttallii","mass","Body_Mass","g",35,35,4,1,0,FALSE,"Ruf","secondary",NA,NA
"Phalanger alexandrae","mass","Body_Mass","g",1846.67,1846.67,4,1,0,FALSE,"Wilman","secondary",NA,NA
"Phalanger carmelitae","mass","Body_Mass","g",1479.067,1389.7,6,3,0,FALSE,"Burger; Genoud; Wilman","secondary",NA,NA
"Phalanger gymnotis","mass","Body_Mass","g",2287.797,2597.89,6,3,0,FALSE,"Burger; Genoud; Wilman","secondary",NA,NA
"Phalanger intercastellanus","mass","Body_Mass","g",1617.633,1671.4,6,3,0,FALSE,"Burger; Genoud; Wilman","secondary",NA,NA
"Phalanger lullulae","mass","Body_Mass","g",1632.5,1632.5,5,2,0,FALSE,"Burger; Wilman","secondary",NA,NA
"Phalanger maculatus","mass","Body_Mass","g",4250,4250,4,1,1,TRUE,"Seymour","primary",NA,NA
"Phalanger matabiru","mass","Body_Mass","g",1846.67,1846.67,4,1,0,FALSE,"Wilman","secondary",NA,NA
"Phalanger matanim","mass","Body_Mass","g",1550,1550,4,1,0,FALSE,"Wilman","secondary",NA,NA
"Phalanger mimicus","mass","Body_Mass","g",1923.335,1923.335,5,2,0,FALSE,"Burger; Wilman","secondary",NA,NA
"Phalanger orientalis","mass","Body_Mass","g",2283.35,2181.3,6,3,0,FALSE,"Burger; Genoud; Wilman","secondary",NA,NA
"Phalanger ornatus","mass","Body_Mass","g",1793.75,1793.75,5,2,0,FALSE,"Burger; Wilman","secondary",NA,NA
"Phalanger rothschildi","mass","Body_Mass","g",1304.5,1304.5,5,2,0,FALSE,"Burger; Wilman","secondary",NA,NA
"Phalanger sericeus","mass","Body_Mass","g",1786.4,2003,6,3,0,FALSE,"Burger; Genoud; Wilman","secondary",NA,NA
"Phalanger vestitus","mass","Body_Mass","g",1850,1850,5,2,0,FALSE,"Burger; Wilman","secondary",NA,NA
"Phaner electromontis","mass","Body_Mass","g",412.5,412.5,5,2,0,FALSE,"Burger; Wilman","secondary",NA,NA
"Phaner furcifer","mass","Body_Mass","g",430,430,5,2,0,FALSE,"Burger; Wilman","secondary",NA,NA
"Phaner pallescens","mass","Body_Mass","g",360.5,339,7,4,0,FALSE,"Burger; Isler; Powell; Wilman","secondary",NA,NA
"Phaner parienti","mass","Body_Mass","g",425,425,4,1,0,FALSE,"Wilman","secondary",NA,NA
"Pharotis imogene","mass","Body_Mass","g",8.34,8.34,4,1,0,FALSE,"Wilman","secondary",NA,NA
"Phascogale calura","mass","Body_Mass","g",45.9,51.5,6,3,0,FALSE,"Burger; Genoud; Wilman","secondary",NA,NA
"Phascogale tapoatafa","mass","Body_Mass","g",181.4,193.5,6,3,0,FALSE,"Burger; Genoud; Wilman","secondary",NA,NA
"Phascolarctos cinereus","mass","Body_Mass","g",5767,5767,8,5,1,TRUE,"Burger; Genoud; Seymour; Wilman; Wimberly","primary; secondary",NA,NA
"Phascolosorex doriae","mass","Body_Mass","g",168.31,168.31,4,1,0,FALSE,"Wilman","secondary",NA,NA
"Phascolosorex dorsalis","mass","Body_Mass","g",93,93,5,2,0,FALSE,"Burger; Wilman","secondary",NA,NA
"Phascomurexia naso","mass","Body_Mass","g",50.56,50.56,5,2,0,FALSE,"Burger; Wilman","secondary",NA,NA
"Phenacomys intermedius","mass","Body_Mass","g",23.35,23.35,5,2,0,FALSE,"Genoud; Wilman","secondary",NA,NA
"Phenacomys ungava","mass","Body_Mass","g",32.5,32.5,4,1,0,FALSE,"Wilman","secondary",NA,NA
"Philander andersoni","mass","Body_Mass","g",325,325,4,1,0,FALSE,"Wilman","secondary",NA,NA
"Philander frenatus","mass","Body_Mass","g",395.45,395.45,4,1,0,FALSE,"Wilman","secondary",NA,NA
"Philander mcilhennyi","mass","Body_Mass","g",325,325,4,1,0,FALSE,"Wilman","secondary",NA,NA
"Philander opossum","mass","Body_Mass","g",490.328,475,8,4,0,FALSE,"Burger; Genoud; Wilman; Wimberly","secondary",NA,NA
"Philantomba maxwellii","mass","Body_Mass","g",5957.345,5957.345,5,2,0,FALSE,"Burger; Wilman","secondary",NA,NA
"Philantomba monticola","mass","Body_Mass","g",4937.683,4896.05,6,3,0,FALSE,"Burger; Genoud; Wilman","secondary",NA,NA
"Philetor brachypterus","mass","Body_Mass","g",10.93,10.93,4,1,0,FALSE,"Wilman","secondary",NA,NA
"Phloeomys cumingi","mass","Body_Mass","g",1946.33,1946.33,4,1,0,FALSE,"Wilman","secondary",NA,NA
"Phloeomys pallidus","mass","Body_Mass","g",1744.14,1744.14,4,1,0,FALSE,"Wilman","secondary",NA,NA
"Phoca largha","mass","Body_Mass","g",120750,120750,5,2,0,FALSE,"Burger; Wilman","secondary",NA,NA
"Phoca vitulina","mass","Body_Mass","g",86925.417,86817.5,9,4,0,FALSE,"Burger; Genoud; Lewitus; Wilman","secondary",NA,NA
"Phocarctos hookeri","mass","Body_Mass","g",192900,192900,5,2,0,FALSE,"Burger; Wilman","secondary",NA,NA
"Phocoena dioptrica","mass","Body_Mass","g",65000,65000,4,1,0,FALSE,"Wilman","secondary",NA,NA
"Phocoena phocoena","mass","Body_Mass","g",60000,60000,8,5,1,TRUE,"Burger; Genoud; Heffner; Lewitus; Wilman","primary; secondary",NA,NA
"Phocoena sinus","mass","Body_Mass","g",42500,42500,4,1,0,FALSE,"Wilman","secondary",NA,NA
"Phocoena spinipinnis","mass","Body_Mass","g",64020.95,64020.95,5,2,0,FALSE,"Burger; Wilman","secondary",NA,NA
"Phocoenoides dalli","mass","Body_Mass","g",96944.443,98333.33,6,3,0,FALSE,"Burger; MacLarnon; Wilman","secondary",NA,NA
"Phodopus campbelli","mass","Body_Mass","g",29.35,29.35,6,2,0,FALSE,"Genoud; Wilman","secondary",NA,NA
"Phodopus roborovskii","mass","Body_Mass","g",18.958,18.958,7,2,0,FALSE,"Genoud; Wilman","secondary",NA,NA
"Phodopus sungorus","mass","Body_Mass","g",31.97,33.75,14,3,0,FALSE,"Genoud; Ruf; Wilman","secondary",NA,NA
"Phoniscus aerosa","mass","Body_Mass","g",5.23,5.23,4,1,0,FALSE,"Wilman","secondary",NA,NA
"Phoniscus atrox","mass","Body_Mass","g",4.505,4.505,5,2,0,FALSE,"Burger; Wilman","secondary",NA,NA
"Phoniscus jagorii","mass","Body_Mass","g",4.7,4.7,4,1,0,FALSE,"Wilman","secondary",NA,NA
"Phoniscus papuensis","mass","Body_Mass","g",6.32,6.32,4,1,0,FALSE,"Wilman","secondary",NA,NA
"Phylloderma stenops","mass","Body_Mass","g",49.89,49.89,5,2,0,FALSE,"Burger; Wilman","secondary",NA,NA
"Phyllomys blainvillii","mass","Body_Mass","g",243.3,243.3,4,1,0,FALSE,"Wilman","secondary",NA,NA
"Phyllomys brasiliensis","mass","Body_Mass","g",312.49,312.49,4,1,0,FALSE,"Wilman","secondary",NA,NA
"Phyllomys dasythrix","mass","Body_Mass","g",260,260,4,1,0,FALSE,"Wilman","secondary",NA,NA
"Phyllomys kerri","mass","Body_Mass","g",298.33,298.33,4,1,0,FALSE,"Wilman","secondary",NA,NA
"Phyllomys lamarum","mass","Body_Mass","g",215.19,215.19,4,1,0,FALSE,"Wilman","secondary",NA,NA
"Phyllomys lundi","mass","Body_Mass","g",298.33,298.33,4,1,0,FALSE,"Wilman","secondary",NA,NA
"Phyllomys mantiqueirensis","mass","Body_Mass","g",298.33,298.33,4,1,0,FALSE,"Wilman","secondary",NA,NA
"Phyllomys medius","mass","Body_Mass","g",298.33,298.33,4,1,0,FALSE,"Wilman","secondary",NA,NA
"Phyllomys nigrispinus","mass","Body_Mass","g",224.3,224.3,4,1,0,FALSE,"Wilman","secondary",NA,NA
"Phyllomys pattoni","mass","Body_Mass","g",298.33,298.33,4,1,0,FALSE,"Wilman","secondary",NA,NA
"Phyllomys thomasi","mass","Body_Mass","g",502.14,502.14,4,1,0,FALSE,"Wilman","secondary",NA,NA
"Phyllomys unicolor","mass","Body_Mass","g",439,439,4,1,0,FALSE,"Wilman","secondary",NA,NA
"Phyllonycteris aphylla","mass","Body_Mass","g",14.15,14.15,4,1,0,FALSE,"Wilman","secondary",NA,NA
"Phyllonycteris major","mass","Body_Mass","g",14.15,14.15,4,1,0,FALSE,"Wilman","secondary",NA,NA
"Phyllonycteris poeyi","mass","Body_Mass","g",15.36,15.36,4,1,0,FALSE,"Wilman","secondary",NA,NA
"Phyllops falcatus","mass","Body_Mass","g",20.91,20.91,4,1,0,FALSE,"Wilman","secondary",NA,NA
"Phyllostomus discolor","mass","Body_Mass","g",34.283,34.13,6,3,0,FALSE,"Burger; Genoud; Wilman","secondary",NA,NA
"Phyllostomus elongatus","mass","Body_Mass","g",40.31,40.43,6,3,0,FALSE,"Burger; Genoud; Wilman","secondary",NA,NA
"Phyllostomus hastatus","mass","Body_Mass","g",87.137,87.21,6,3,0,FALSE,"Burger; Genoud; Wilman","secondary",NA,NA
"Phyllostomus latifolius","mass","Body_Mass","g",134,134,4,1,0,FALSE,"Wilman","secondary",NA,NA
"Phyllotis amicus","mass","Body_Mass","g",20.2,20.2,4,1,0,FALSE,"Wilman","secondary",NA,NA
"Phyllotis andium","mass","Body_Mass","g",53,53,4,1,0,FALSE,"Wilman","secondary",NA,NA
"Phyllotis bonariensis","mass","Body_Mass","g",42.5,42.5,4,1,0,FALSE,"Wilman","secondary",NA,NA
"Phyllotis caprinus","mass","Body_Mass","g",50.8,50.8,4,1,0,FALSE,"Wilman","secondary",NA,NA
"Phyllotis darwini","mass","Body_Mass","g",48.259,50.83,14,3,0,FALSE,"Genoud; Ruf; Wilman","secondary",NA,NA
"Phyllotis definitus","mass","Body_Mass","g",89,89,4,1,0,FALSE,"Wilman","secondary",NA,NA
"Phyllotis haggardi","mass","Body_Mass","g",42.5,42.5,4,1,0,FALSE,"Wilman","secondary",NA,NA
"Phyllotis limatus","mass","Body_Mass","g",48.29,48.29,4,1,0,FALSE,"Wilman","secondary",NA,NA
"Phyllotis magister","mass","Body_Mass","g",59.6,59.6,5,2,0,FALSE,"Genoud; Wilman","secondary",NA,NA
"Phyllotis osgoodi","mass","Body_Mass","g",45.1,45.1,4,1,0,FALSE,"Wilman","secondary",NA,NA
"Phyllotis osilae","mass","Body_Mass","g",49,49,4,1,0,FALSE,"Wilman","secondary",NA,NA
"Phyllotis wolffsohni","mass","Body_Mass","g",42.5,42.5,4,1,0,FALSE,"Wilman","secondary",NA,NA
"Phyllotis xanthopygus","mass","Body_Mass","g",52.29,52.29,9,2,0,FALSE,"Genoud; Wilman","secondary",NA,NA
"Physeter catodon","mass","Body_Mass","g",25720825.02,25720825.02,5,2,0,FALSE,"Burger; Wilman","secondary",NA,NA
"Piliocolobus badius","mass","Body_Mass","g",7000,7000,21,9,2,TRUE,"Burger; Granatosky; Isler; Lewitus; Powell; Stephan; Stephan_collection; Wilman; Zilles","primary; secondary",NA,NA
"Piliocolobus foai","mass","Body_Mass","g",8591.69,8591.69,4,1,0,FALSE,"Wilman","secondary",NA,NA
"Piliocolobus gordonorum","mass","Body_Mass","g",8591.69,8591.69,4,1,0,FALSE,"Wilman","secondary",NA,NA
"Piliocolobus kirkii","mass","Body_Mass","g",6139.43,5630,6,3,0,FALSE,"Burger; Isler; Wilman","secondary",NA,NA
"Piliocolobus pennantii","mass","Body_Mass","g",10896,10896,4,1,0,FALSE,"Wilman","secondary",NA,NA
"Piliocolobus preussi","mass","Body_Mass","g",8865.71,8865.71,4,1,0,FALSE,"Wilman","secondary",NA,NA
"Piliocolobus rufomitratus","mass","Body_Mass","g",8030.75,8030.75,4,1,0,FALSE,"Wilman","secondary",NA,NA
"Piliocolobus tephrosceles","mass","Body_Mass","g",8469.83,8409,6,3,0,FALSE,"Burger; Isler; Wilman","secondary",NA,NA
"Piliocolobus tholloni","mass","Body_Mass","g",8591.69,8591.69,4,1,0,FALSE,"Wilman","secondary",NA,NA
"Pipanacoctomys aureus","mass","Body_Mass","g",136.62,136.62,4,1,0,FALSE,"Wilman","secondary",NA,NA
"Pipistrellus abramus","mass","Body_Mass","g",5.87,5.87,4,1,0,FALSE,"Wilman","secondary",NA,NA
"Pipistrellus adamsi","mass","Body_Mass","g",4.2,4.2,4,1,0,FALSE,"Wilman","secondary",NA,NA
"Pipistrellus aero","mass","Body_Mass","g",6.2,6.2,4,1,0,FALSE,"Wilman","secondary",NA,NA
"Pipistrellus angulatus","mass","Body_Mass","g",3.35,3.35,4,1,0,FALSE,"Wilman","secondary",NA,NA
"Pipistrellus ceylonicus","mass","Body_Mass","g",9.245,9.245,5,2,0,FALSE,"Burger; Wilman","secondary",NA,NA
"Pipistrellus collinus","mass","Body_Mass","g",6.75,6.75,4,1,0,FALSE,"Wilman","secondary",NA,NA
"Pipistrellus coromandra","mass","Body_Mass","g",4.6,4.6,5,2,0,FALSE,"Burger; Wilman","secondary",NA,NA
"Pipistrellus deserti","mass","Body_Mass","g",6.2,6.2,4,1,0,FALSE,"Wilman","secondary",NA,NA
"Pipistrellus endoi","mass","Body_Mass","g",5.6,5.6,4,1,0,FALSE,"Wilman","secondary",NA,NA
"Pipistrellus hesperidus","mass","Body_Mass","g",5.28,5.28,4,1,0,FALSE,"Wilman","secondary",NA,NA
"Pipistrellus hesperus","mass","Body_Mass","g",3.7,3.7,4,1,0,FALSE,"Wilman","secondary",NA,NA
"Pipistrellus inexspectatus","mass","Body_Mass","g",6.2,6.2,4,1,0,FALSE,"Wilman","secondary",NA,NA
"Pipistrellus javanicus","mass","Body_Mass","g",4.895,4.895,5,2,0,FALSE,"Burger; Wilman","secondary",NA,NA
"Pipistrellus kuhlii","mass","Body_Mass","g",6.407,6.3,6,3,0,FALSE,"Burger; Genoud; Wilman","secondary",NA,NA
"Pipistrellus maderensis","mass","Body_Mass","g",6.2,6.2,4,1,0,FALSE,"Wilman","secondary",NA,NA
"Pipistrellus minahassae","mass","Body_Mass","g",7.45,7.45,4,1,0,FALSE,"Wilman","secondary",NA,NA
"Pipistrellus nanulus","mass","Body_Mass","g",2.5,2.5,4,1,0,FALSE,"Wilman","secondary",NA,NA
"Pipistrellus nathusii","mass","Body_Mass","g",7.31,7.31,4,1,0,FALSE,"Wilman","secondary",NA,NA
"Pipistrellus papuanus","mass","Body_Mass","g",4.31,4.31,5,2,0,FALSE,"Burger; Wilman","secondary",NA,NA
"Pipistrellus paterculus","mass","Body_Mass","g",5.6,5.6,4,1,0,FALSE,"Wilman","secondary",NA,NA
"Pipistrellus permixtus","mass","Body_Mass","g",6.36,6.36,4,1,0,FALSE,"Wilman","secondary",NA,NA
"Pipistrellus pipistrellus","mass","Body_Mass","g",6.274,5.733,8,3,0,FALSE,"Genoud; Ruf; Wilman","secondary",NA,NA
"Pipistrellus pygmaeus","mass","Body_Mass","g",5.28,5.28,4,1,0,FALSE,"Wilman","secondary",NA,NA
"Pipistrellus rueppellii","mass","Body_Mass","g",7.07,7.07,4,1,0,FALSE,"Wilman","secondary",NA,NA
"Pipistrellus rusticus","mass","Body_Mass","g",4.55,4.55,4,1,0,FALSE,"Wilman","secondary",NA,NA
"Pipistrellus stenopterus","mass","Body_Mass","g",15.2,15.2,4,1,0,FALSE,"Wilman","secondary",NA,NA
"Pipistrellus sturdeei","mass","Body_Mass","g",5.28,5.28,4,1,0,FALSE,"Wilman","secondary",NA,NA
"Pipistrellus subflavus","mass","Body_Mass","g",5.353,5.3,6,3,0,FALSE,"Burger; Ruf; Wilman","secondary",NA,NA
"Pipistrellus tenuis","mass","Body_Mass","g",4.95,4.95,5,2,0,FALSE,"Burger; Wilman","secondary",NA,NA
"Pipistrellus wattsi","mass","Body_Mass","g",5.28,5.28,4,1,0,FALSE,"Wilman","secondary",NA,NA
"Pipistrellus westralis","mass","Body_Mass","g",3,3,4,1,0,FALSE,"Wilman","secondary",NA,NA
"Pith VIII /Sangiran 17","mass","Body_Mass","g",61800,61800,4,1,1,TRUE,"Weaver","primary",NA,NA
"Pithecheir melanurus","mass","Body_Mass","g",108,108,4,1,0,FALSE,"Wilman","secondary",NA,NA
"Pithecheir parvus","mass","Body_Mass","g",106,106,4,1,0,FALSE,"Wilman","secondary",NA,NA
"Pithecheirops otion","mass","Body_Mass","g",71.33,71.33,4,1,0,FALSE,"Wilman","secondary",NA,NA
"Pithecia aequatorialis","mass","Body_Mass","g",2249.99,2249.99,4,1,0,FALSE,"Wilman","secondary",NA,NA
"Pithecia albicans","mass","Body_Mass","g",2800.01,2800.01,4,1,0,FALSE,"Wilman","secondary",NA,NA
"Pithecia irrorata","mass","Body_Mass","g",2163.887,2240.99,6,3,0,FALSE,"Burger; Powell; Wilman","secondary",NA,NA
"Pithecia monachus","mass","Body_Mass","g",1500,1500,16,6,2,TRUE,"Burger; Isler; Powell; Stephan; Stephan_collection; Wilman","primary; secondary",NA,NA
"Pithecia pithecia","mass","Body_Mass","g",1816,1816,12,8,1,TRUE,"Burger; Granatosky; Heldstab; Isler; Powell; Wilman; Wimberly; Zilles","primary; secondary",NA,NA
"Plagiodontia aedium","mass","Body_Mass","g",1267,1267,4,1,0,FALSE,"Wilman","secondary",NA,NA
"Plagiodontia araeum","mass","Body_Mass","g",1267,1267,4,1,0,FALSE,"Wilman","secondary",NA,NA
"Plagiodontia ipnaeum","mass","Body_Mass","g",1267,1267,4,1,0,FALSE,"Wilman","secondary",NA,NA
"Planigale gilesi","mass","Body_Mass","g",8.88,9.16,11,4,0,FALSE,"Burger; Genoud; Ruf; Wilman","secondary",NA,NA
"Planigale ingrami","mass","Body_Mass","g",5.8,5.675,7,4,0,FALSE,"Burger; Genoud; Ruf; Wilman","secondary",NA,NA
"Planigale maculata","mass","Body_Mass","g",11.45,11,8,4,0,FALSE,"Burger; Genoud; Ruf; Wilman","secondary",NA,NA
"Planigale novaeguineae","mass","Body_Mass","g",14.9,14.9,5,2,0,FALSE,"Burger; Wilman","secondary",NA,NA
"Planigale tenuirostris","mass","Body_Mass","g",6.375,6.225,8,4,0,FALSE,"Burger; Genoud; Ruf; Wilman","secondary",NA,NA
"Platacanthomys lasiurus","mass","Body_Mass","g",75,75,4,1,0,FALSE,"Wilman","secondary",NA,NA
"Platalina genovensium","mass","Body_Mass","g",16.25,16.25,4,1,0,FALSE,"Wilman","secondary",NA,NA
"Platanista gangetica","mass","Body_Mass","g",87315,87315,5,2,0,FALSE,"Burger; Wilman","secondary",NA,NA
"Platanista minor","mass","Body_Mass","g",83914.59,83914.59,4,1,0,FALSE,"Wilman","secondary",NA,NA
"Platymops setiger","mass","Body_Mass","g",13,13,4,1,0,FALSE,"Wilman","secondary",NA,NA
"Platyrrhinus aurarius","mass","Body_Mass","g",34.15,34.15,4,1,0,FALSE,"Wilman","secondary",NA,NA
"Platyrrhinus brachycephalus","mass","Body_Mass","g",13.5,13.5,5,2,0,FALSE,"Burger; Wilman","secondary",NA,NA
"Platyrrhinus chocoensis","mass","Body_Mass","g",22,22,4,1,0,FALSE,"Wilman","secondary",NA,NA
"Platyrrhinus dorsalis","mass","Body_Mass","g",26,26,4,1,0,FALSE,"Wilman","secondary",NA,NA
"Platyrrhinus helleri","mass","Body_Mass","g",13.135,13.135,5,2,0,FALSE,"Burger; Wilman","secondary",NA,NA
"Platyrrhinus infuscus","mass","Body_Mass","g",50.25,50.25,5,2,0,FALSE,"Burger; Wilman","secondary",NA,NA
"Platyrrhinus lineatus","mass","Body_Mass","g",23.02,22.6,7,3,0,FALSE,"Burger; Genoud; Wilman","secondary",NA,NA
"Platyrrhinus recifinus","mass","Body_Mass","g",22,22,4,1,0,FALSE,"Wilman","secondary",NA,NA
"Platyrrhinus umbratus","mass","Body_Mass","g",24.5,24.5,4,1,0,FALSE,"Wilman","secondary",NA,NA
"Platyrrhinus vittatus","mass","Body_Mass","g",39,39,5,2,0,FALSE,"Burger; Wilman","secondary",NA,NA
"Plecotus alpinus","mass","Body_Mass","g",7.56,7.56,4,1,0,FALSE,"Wilman","secondary",NA,NA
"Plecotus auritus","mass","Body_Mass","g",9.194,8.915,11,4,0,FALSE,"Burger; Genoud; Ruf; Wilman","secondary",NA,NA
"Plecotus austriacus","mass","Body_Mass","g",7.3,7.3,4,1,0,FALSE,"Wilman","secondary",NA,NA
"Plecotus balensis","mass","Body_Mass","g",7.56,7.56,4,1,0,FALSE,"Wilman","secondary",NA,NA
"Plecotus kolombatovici","mass","Body_Mass","g",7.56,7.56,4,1,0,FALSE,"Wilman","secondary",NA,NA
"Plecotus sardus","mass","Body_Mass","g",7.56,7.56,4,1,0,FALSE,"Wilman","secondary",NA,NA
"Plecotus taivanus","mass","Body_Mass","g",8.54,8.54,4,1,0,FALSE,"Wilman","secondary",NA,NA
"Plecotus teneriffae","mass","Body_Mass","g",8.33,8.33,4,1,0,FALSE,"Wilman","secondary",NA,NA
"Plerotes anchietae","mass","Body_Mass","g",120.64,120.64,4,1,0,FALSE,"Wilman","secondary",NA,NA
"Podargus strigoides","mass","Body_Mass","g",500,500,4,1,0,FALSE,"Ruf","secondary",NA,NA
"Podogymnura aureospinula","mass","Body_Mass","g",247,247,4,1,0,FALSE,"Wilman","secondary",NA,NA
"Podogymnura truei","mass","Body_Mass","g",114,114,4,1,0,FALSE,"Wilman","secondary",NA,NA
"Podomys floridanus","mass","Body_Mass","g",33.157,33.47,7,3,0,FALSE,"Burger; Genoud; Wilman","secondary",NA,NA
"Podoxymys roraimae","mass","Body_Mass","g",33.8,33.8,4,1,0,FALSE,"Wilman","secondary",NA,NA
"Poecilogale albinucha","mass","Body_Mass","g",295,295,5,2,0,FALSE,"Burger; Wilman","secondary",NA,NA
"Poelagus marjorita","mass","Body_Mass","g",2500,2500,4,1,0,FALSE,"Wilman","secondary",NA,NA
"Pogonomelomys bruijni","mass","Body_Mass","g",82.01,82.01,4,1,0,FALSE,"Wilman","secondary",NA,NA
"Pogonomelomys mayeri","mass","Body_Mass","g",109.7,109.7,4,1,0,FALSE,"Wilman","secondary",NA,NA
"Pogonomys championi","mass","Body_Mass","g",50.45,50.45,4,1,0,FALSE,"Wilman","secondary",NA,NA
"Pogonomys fergussoniensis","mass","Body_Mass","g",57.88,57.88,4,1,0,FALSE,"Wilman","secondary",NA,NA
"Pogonomys loriae","mass","Body_Mass","g",95.13,95.13,4,1,0,FALSE,"Wilman","secondary",NA,NA
"Pogonomys macrourus","mass","Body_Mass","g",63.925,63.925,5,2,0,FALSE,"Burger; Wilman","secondary",NA,NA
"Pogonomys sylvestris","mass","Body_Mass","g",42.275,42.275,5,2,0,FALSE,"Burger; Wilman","secondary",NA,NA
"Poiana leightoni","mass","Body_Mass","g",500,500,4,1,0,FALSE,"Wilman","secondary",NA,NA
"Poiana richardsonii","mass","Body_Mass","g",500,500,4,1,0,FALSE,"Wilman","secondary",NA,NA
"Pongo","mass","Body_Mass","g",73500,73500,4,1,1,TRUE,"Weaver","primary",NA,NA
"Pongo pygmaeus","mass","Body_Mass","g",54145,54145,22,11,2,TRUE,"Burger; Genoud; Granatosky; Heffner; Isler; Lewitus; Powell; RillingInsel; Seymour; Wilman; Zilles","primary; secondary",NA,NA
"Pongo pygmaeus morio","mass","Body_Mass","g",37497.333,37497.333,4,1,0,FALSE,"Powell","secondary",NA,NA
"Pongo pygmaeus wurmbii","mass","Body_Mass","g",36741.5,36741.5,4,1,0,FALSE,"Powell","secondary",NA,NA
"Pongo sp.","mass","Body_Mass","g",41151,41151,11,7,1,TRUE,"Burger; Granatosky; Heldstab; Isler; Powell; Wilman; Zilles","primary; secondary",NA,NA
"Pontoporia blainvillei","mass","Body_Mass","g",40500,40500,4,1,0,FALSE,"Wilman","secondary",NA,NA
"Potamochoerus larvatus","mass","Body_Mass","g",48781.25,48781.25,4,1,0,FALSE,"Wilman","secondary",NA,NA
"Potamochoerus porcus","mass","Body_Mass","g",72500.16,72500.16,5,2,0,FALSE,"Burger; Wilman","secondary",NA,NA
"Potamogale velox","mass","Body_Mass","g",660,660,10,4,1,TRUE,"Burger; Lewitus; Stephan_collection; Wilman","primary; secondary",NA,NA
"Potorous apicalis","mass","Body_Mass","g",1350,1350,4,1,1,TRUE,"Heffner","primary",NA,NA
"Potorous gilbertii","mass","Body_Mass","g",1569.46,1569.46,4,1,0,FALSE,"Wilman","secondary",NA,NA
"Potorous longipes","mass","Body_Mass","g",1900,1900,4,1,0,FALSE,"Wilman","secondary",NA,NA
"Potorous platyops","mass","Body_Mass","g",550,550,5,2,0,FALSE,"Burger; Wilman","secondary",NA,NA
"Potorous tridactylus","mass","Body_Mass","g",1070.65,1100,9,3,0,FALSE,"Burger; Genoud; Wilman","secondary",NA,NA
"Potos flavus","mass","Body_Mass","g",2100,2100,10,5,1,TRUE,"Burger; Genoud; Heffner; Wilman; Wimberly","primary; secondary",NA,NA
"Praomys daltoni","mass","Body_Mass","g",34.995,34.995,5,2,0,FALSE,"Burger; Wilman","secondary",NA,NA
"Praomys degraaffi","mass","Body_Mass","g",36.25,36.25,4,1,0,FALSE,"Wilman","secondary",NA,NA
"Praomys delectorum","mass","Body_Mass","g",36,36,4,1,0,FALSE,"Wilman","secondary",NA,NA
"Praomys derooi","mass","Body_Mass","g",32,32,4,1,0,FALSE,"Wilman","secondary",NA,NA
"Praomys hartwigi","mass","Body_Mass","g",38.86,38.86,4,1,0,FALSE,"Wilman","secondary",NA,NA
"Praomys jacksoni","mass","Body_Mass","g",42,42,4,1,0,FALSE,"Wilman","secondary",NA,NA
"Praomys lukolelae","mass","Body_Mass","g",42.2,42.2,4,1,0,FALSE,"Wilman","secondary",NA,NA
"Praomys minor","mass","Body_Mass","g",41.84,41.84,4,1,0,FALSE,"Wilman","secondary",NA,NA
"Praomys misonnei","mass","Body_Mass","g",41.91,41.91,4,1,0,FALSE,"Wilman","secondary",NA,NA
"Praomys morio","mass","Body_Mass","g",38.25,38.25,5,2,0,FALSE,"Burger; Wilman","secondary",NA,NA
"Praomys mutoni","mass","Body_Mass","g",41.71,41.71,4,1,0,FALSE,"Wilman","secondary",NA,NA
"Praomys obscurus","mass","Body_Mass","g",36.25,36.25,4,1,0,FALSE,"Wilman","secondary",NA,NA
"Praomys petteri","mass","Body_Mass","g",36.25,36.25,4,1,0,FALSE,"Wilman","secondary",NA,NA
"Praomys rostratus","mass","Body_Mass","g",41.83,41.83,4,1,0,FALSE,"Wilman","secondary",NA,NA
"Praomys tullbergi","mass","Body_Mass","g",36.515,36.515,5,2,0,FALSE,"Burger; Wilman","secondary",NA,NA
"Praomys verschureni","mass","Body_Mass","g",36.25,36.25,4,1,0,FALSE,"Wilman","secondary",NA,NA
"Presbytis chrysomelas","mass","Body_Mass","g",6603.939,6718.667,6,3,0,FALSE,"Burger; Isler; Wilman","secondary",NA,NA
"Presbytis comata","mass","Body_Mass","g",6587.5,6695,7,4,0,FALSE,"Burger; Isler; Powell; Wilman","secondary",NA,NA
"Presbytis comata group","mass","Body_Mass","g",6548.85,6548.85,7,1,0,FALSE,"Isler","secondary",NA,NA
"Presbytis femoralis","mass","Body_Mass","g",6895.919,6889.939,9,4,0,FALSE,"Burger; Isler; Powell; Wilman","secondary",NA,NA
"Presbytis frontata","mass","Body_Mass","g",5737.5,5642.5,7,4,0,FALSE,"Burger; Isler; Powell; Wilman","secondary",NA,NA
"Presbytis frontata group","mass","Body_Mass","g",5216.4,5216.4,5,1,0,FALSE,"Isler","secondary",NA,NA
"Presbytis hosei","mass","Body_Mass","g",5920,5630,6,3,0,FALSE,"Burger; Powell; Wilman","secondary",NA,NA
"Presbytis melalophos","mass","Body_Mass","g",6590,6590,11,6,1,TRUE,"Burger; Granatosky; Isler; Powell; Seymour; Wilman","primary; secondary",NA,NA
"Presbytis melalophos group","mass","Body_Mass","g",6412.779,6412.779,61,1,0,FALSE,"Isler","secondary",NA,NA
"Presbytis natunae","mass","Body_Mass","g",5719.575,5719.575,5,2,0,FALSE,"Burger; Wilman","secondary",NA,NA
"Presbytis obscurus","mass","Body_Mass","g",6360,6360,4,1,0,FALSE,"MacLarnon","secondary",NA,NA
"Presbytis potenziani","mass","Body_Mass","g",5890.167,6403.5,6,3,0,FALSE,"Burger; Powell; Wilman","secondary",NA,NA
"Presbytis rubicunda","mass","Body_Mass","g",6318.335,6282.799,9,4,0,FALSE,"Burger; Isler; Powell; Wilman","secondary",NA,NA
"Presbytis rubicunda group","mass","Body_Mass","g",6270.9,6270.9,53,1,0,FALSE,"Isler","secondary",NA,NA
"Presbytis siamensis","mass","Body_Mass","g",5678.957,5876.464,10,5,0,FALSE,"Burger; Granatosky; Isler; Powell; Wilman","secondary",NA,NA
"Presbytis thomasi","mass","Body_Mass","g",6625.1,6710,7,4,0,FALSE,"Burger; Isler; Powell; Wilman","secondary",NA,NA
"Priodontes maximus","mass","Body_Mass","g",47797.893,45274.84,7,4,0,FALSE,"Burger; Genoud; Wilman; Wimberly","secondary",NA,NA
"Prionailurus bengalensis","mass","Body_Mass","g",4385,4385,5,2,0,FALSE,"Burger; Wilman","secondary",NA,NA
"Prionailurus iriomotensis","mass","Body_Mass","g",3700,3700,4,1,0,FALSE,"Wilman","secondary",NA,NA
"Prionailurus planiceps","mass","Body_Mass","g",4425,4425,5,2,0,FALSE,"Burger; Wilman","secondary",NA,NA
"Prionailurus rubiginosus","mass","Body_Mass","g",1402.19,1402.19,5,2,0,FALSE,"Burger; Wilman","secondary",NA,NA
"Prionailurus viverrinus","mass","Body_Mass","g",8775.165,8775.165,5,2,0,FALSE,"Burger; Wilman","secondary",NA,NA
"Prionodon linsang","mass","Body_Mass","g",699,699,5,2,0,FALSE,"Burger; Wilman","secondary",NA,NA
"Prionodon pardicolor","mass","Body_Mass","g",481,481,5,2,0,FALSE,"Burger; Wilman","secondary",NA,NA
"Prionomys batesi","mass","Body_Mass","g",12.5,12.5,4,1,0,FALSE,"Wilman","secondary",NA,NA
"Procapra gutturosa","mass","Body_Mass","g",27750,27750,4,1,0,FALSE,"Wilman","secondary",NA,NA
"Procapra picticaudata","mass","Body_Mass","g",20000,20000,4,1,0,FALSE,"Wilman","secondary",NA,NA
"Procapra przewalskii","mass","Body_Mass","g",27500,27500,4,1,0,FALSE,"Wilman","secondary",NA,NA
"Procavia capensis","mass","Body_Mass","g",17000,17000,12,6,1,TRUE,"Burger; Genoud; Heffner; HerculanoHouzel; Lewitus; Wilman","primary; secondary",NA,NA
"Procolobus kirkii","mass","Body_Mass","g",5133.333,5133.333,4,1,0,FALSE,"Powell","secondary",NA,NA
"Procolobus pennantii","mass","Body_Mass","g",8300,8300,4,1,0,FALSE,"Powell","secondary",NA,NA
"Procolobus rufomitratus","mass","Body_Mass","g",7500,7500,4,1,0,FALSE,"Powell","secondary",NA,NA
"Procolobus rufomitratus tephrosceles","mass","Body_Mass","g",7258,7258,4,1,0,FALSE,"Powell","secondary",NA,NA
"Procolobus verus","mass","Body_Mass","g",4305.5,4427.5,8,5,0,FALSE,"Burger; Granatosky; Isler; Powell; Wilman","secondary",NA,NA
"Procyon cancrivorus","mass","Body_Mass","g",5013.88,6931.72,6,3,0,FALSE,"Burger; Genoud; Wilman","secondary",NA,NA
"Procyon lotor","mass","Body_Mass","g",12000,12000,13,7,1,TRUE,"10.1002%2Fcne.24349_Table3.tsv; Burger; Genoud; Heffner; Lewitus; Wilman; Wimberly","primary; secondary",NA,NA
"Procyon pygmaeus","mass","Body_Mass","g",2500,2500,4,1,0,FALSE,"Wilman","secondary",NA,NA
"Proechimys brevicauda","mass","Body_Mass","g",285,285,5,2,0,FALSE,"Burger; Wilman","secondary",NA,NA
"Proechimys canicollis","mass","Body_Mass","g",285,285,4,1,0,FALSE,"Wilman","secondary",NA,NA
"Proechimys chrysaeolus","mass","Body_Mass","g",285,285,4,1,0,FALSE,"Wilman","secondary",NA,NA
"Proechimys cuvieri","mass","Body_Mass","g",330,330,4,1,0,FALSE,"Wilman","secondary",NA,NA
"Proechimys decumanus","mass","Body_Mass","g",285,285,4,1,0,FALSE,"Wilman","secondary",NA,NA
"Proechimys echinothrix","mass","Body_Mass","g",292.04,292.04,4,1,0,FALSE,"Wilman","secondary",NA,NA
"Proechimys gardneri","mass","Body_Mass","g",292.04,292.04,4,1,0,FALSE,"Wilman","secondary",NA,NA
"Proechimys goeldii","mass","Body_Mass","g",285,285,4,1,0,FALSE,"Wilman","secondary",NA,NA
"Proechimys guairae","mass","Body_Mass","g",400,400,4,1,0,FALSE,"Wilman","secondary",NA,NA
"Proechimys guyannensis","mass","Body_Mass","g",268.758,268.758,5,2,0,FALSE,"HerculanoHouzel; Wilman","secondary",NA,NA
"Proechimys hoplomyoides","mass","Body_Mass","g",285,285,4,1,0,FALSE,"Wilman","secondary",NA,NA
"Proechimys kulinae","mass","Body_Mass","g",292.04,292.04,4,1,0,FALSE,"Wilman","secondary",NA,NA
"Proechimys longicaudatus","mass","Body_Mass","g",205,205,4,1,0,FALSE,"Wilman","secondary",NA,NA
"Proechimys magdalenae","mass","Body_Mass","g",285,285,4,1,0,FALSE,"Wilman","secondary",NA,NA
"Proechimys mincae","mass","Body_Mass","g",285,285,4,1,0,FALSE,"Wilman","secondary",NA,NA
"Proechimys oconnelli","mass","Body_Mass","g",285,285,4,1,0,FALSE,"Wilman","secondary",NA,NA
"Proechimys pattoni","mass","Body_Mass","g",292.04,292.04,4,1,0,FALSE,"Wilman","secondary",NA,NA
"Proechimys poliopus","mass","Body_Mass","g",285,285,4,1,0,FALSE,"Wilman","secondary",NA,NA
"Proechimys quadruplicatus","mass","Body_Mass","g",285,285,4,1,0,FALSE,"Wilman","secondary",NA,NA
"Proechimys roberti","mass","Body_Mass","g",284.99,284.99,4,1,0,FALSE,"Wilman","secondary",NA,NA
"Proechimys semispinosus","mass","Body_Mass","g",428.917,381.5,7,3,0,FALSE,"Burger; Genoud; Wilman","secondary",NA,NA
"Proechimys simonsi","mass","Body_Mass","g",285,285,4,1,0,FALSE,"Wilman","secondary",NA,NA
"Proechimys steerei","mass","Body_Mass","g",285,285,4,1,0,FALSE,"Wilman","secondary",NA,NA
"Proechimys trinitatus","mass","Body_Mass","g",296.15,296.15,4,1,0,FALSE,"Wilman","secondary",NA,NA
"Proechimys urichi","mass","Body_Mass","g",285,285,4,1,0,FALSE,"Wilman","secondary",NA,NA
"Proedromys bedfordi","mass","Body_Mass","g",55.86,55.86,4,1,0,FALSE,"Wilman","secondary",NA,NA
"Profelis aurata","mass","Body_Mass","g",11295.005,11295.005,5,2,0,FALSE,"Burger; Wilman","secondary",NA,NA
"Prolemur simus","mass","Body_Mass","g",2143.602,2150,7,4,0,FALSE,"Burger; Isler; Powell; Wilman","secondary",NA,NA
"Prometheomys schaposchnikowi","mass","Body_Mass","g",75,75,4,1,0,FALSE,"Wilman","secondary",NA,NA
"Promops centralis","mass","Body_Mass","g",26.37,26.37,4,1,0,FALSE,"Wilman","secondary",NA,NA
"Promops nasutus","mass","Body_Mass","g",15.2,15.2,4,1,0,FALSE,"Wilman","secondary",NA,NA
"Pronolagus crassicaudatus","mass","Body_Mass","g",2089,2089,4,1,0,FALSE,"Wilman","secondary",NA,NA
"Pronolagus randensis","mass","Body_Mass","g",2335.02,2335.02,4,1,0,FALSE,"Wilman","secondary",NA,NA
"Pronolagus rupestris","mass","Body_Mass","g",1754,1754,4,1,0,FALSE,"Wilman","secondary",NA,NA
"Propithecus coquereli","mass","Body_Mass","g",3958.007,3956,9,6,0,FALSE,"Burger; Genoud; Isler; Powell; Wilman; Wimberly","secondary",NA,NA
"Propithecus deckenii","mass","Body_Mass","g",3494.375,3531.833,7,4,0,FALSE,"Burger; Isler; Powell; Wilman","secondary",NA,NA
"Propithecus diadema","mass","Body_Mass","g",6100,6100,10,6,1,TRUE,"Burger; Granatosky; Isler; Powell; Seymour; Wilman","primary; secondary",NA,NA
"Propithecus diadema group","mass","Body_Mass","g",4580,4580,8,1,0,FALSE,"Isler","secondary",NA,NA
"Propithecus edwardsi","mass","Body_Mass","g",5949.734,5771.833,7,4,0,FALSE,"Burger; Isler; Powell; Wilman","secondary",NA,NA
"Propithecus perrieri","mass","Body_Mass","g",5250,5250,4,1,0,FALSE,"Wilman","secondary",NA,NA
"Propithecus tattersalli","mass","Body_Mass","g",3495,3495,5,2,0,FALSE,"Powell; Wilman","secondary",NA,NA
"Propithecus verreauxi","mass","Body_Mass","g",3403.333,3480,20,10,3,TRUE,"Burger; Genoud; Granatosky; Heldstab; Isler; Lewitus; Powell; Stephan; Stephan_collection; Wilman","primary; secondary",NA,NA
"Propithecus verreauxi verreauxi","mass","Body_Mass","g",2955,2955,6,1,0,FALSE,"Granatosky","secondary",NA,NA
"Prosciurillus abstrusus","mass","Body_Mass","g",79.2,79.2,4,1,0,FALSE,"Wilman","secondary",NA,NA
"Prosciurillus leucomus","mass","Body_Mass","g",128,128,4,1,0,FALSE,"Wilman","secondary",NA,NA
"Prosciurillus murinus","mass","Body_Mass","g",72.9,72.9,4,1,0,FALSE,"Wilman","secondary",NA,NA
"Prosciurillus rosenbergii","mass","Body_Mass","g",90.41,90.41,4,1,0,FALSE,"Wilman","secondary",NA,NA
"Prosciurillus weberi","mass","Body_Mass","g",106.26,106.26,4,1,0,FALSE,"Wilman","secondary",NA,NA
"Proteles cristata","mass","Body_Mass","g",8466.098,8479.695,8,4,0,FALSE,"Burger; Genoud; Ruf; Wilman","secondary",NA,NA
"Protochromys fellowsi","mass","Body_Mass","g",78.99,78.99,4,1,0,FALSE,"Wilman","secondary",NA,NA
"Protoxerus aubinnii","mass","Body_Mass","g",350,350,4,1,0,FALSE,"Wilman","secondary",NA,NA
"Protoxerus stangeri","mass","Body_Mass","g",652.333,639.5,6,3,0,FALSE,"Burger; Genoud; Wilman","secondary",NA,NA
"Przewalskium albirostris","mass","Body_Mass","g",161681.9,161681.9,4,1,0,FALSE,"Wilman","secondary",NA,NA
"Psammomys obesus","mass","Body_Mass","g",115.427,127.6,6,3,0,FALSE,"Burger; Genoud; Wilman","secondary",NA,NA
"Psammomys vexillaris","mass","Body_Mass","g",114.79,114.79,4,1,0,FALSE,"Wilman","secondary",NA,NA
"Pseudantechinus bilarni","mass","Body_Mass","g",25.275,25.275,5,2,0,FALSE,"Burger; Wilman","secondary",NA,NA
"Pseudantechinus macdonnellensis","mass","Body_Mass","g",34.775,32.5,7,4,0,FALSE,"Burger; Genoud; Ruf; Wilman","secondary",NA,NA
"Pseudantechinus mimulus","mass","Body_Mass","g",16.5,16.5,4,1,0,FALSE,"Wilman","secondary",NA,NA
"Pseudantechinus ningbing","mass","Body_Mass","g",20,20,4,1,0,FALSE,"Wilman","secondary",NA,NA
"Pseudantechinus roryi","mass","Body_Mass","g",24.28,24.28,5,2,0,FALSE,"Burger; Wilman","secondary",NA,NA
"Pseudantechinus woolleyae","mass","Body_Mass","g",40,40,4,1,0,FALSE,"Wilman","secondary",NA,NA
"Pseudocheirus peregrinus","mass","Body_Mass","g",903.055,900,7,4,0,FALSE,"Burger; Genoud; Wilman; Wimberly","secondary",NA,NA
"Pseudocheirus peregrinus notialis","mass","Body_Mass","g",916,916,4,1,1,TRUE,"Seymour","primary",NA,NA
"Pseudochirops albertisii","mass","Body_Mass","g",784.675,784.675,5,2,0,FALSE,"Burger; Wilman","secondary",NA,NA
"Pseudochirops archeri","mass","Body_Mass","g",1093.25,1093.25,5,2,0,FALSE,"Burger; Wilman","secondary",NA,NA
"Pseudochirops corinnae","mass","Body_Mass","g",1123,1123,5,2,0,FALSE,"Burger; Wilman","secondary",NA,NA
"Pseudochirops coronatus","mass","Body_Mass","g",1500,1500,5,2,0,FALSE,"Burger; Wilman","secondary",NA,NA
"Pseudochirops cupreus","mass","Body_Mass","g",1712.25,1712.25,5,2,0,FALSE,"Burger; Wilman","secondary",NA,NA
"Pseudochirulus canescens","mass","Body_Mass","g",300,300,5,2,0,FALSE,"Burger; Wilman","secondary",NA,NA
"Pseudochirulus caroli","mass","Body_Mass","g",448.01,448.01,5,2,0,FALSE,"Burger; Wilman","secondary",NA,NA
"Pseudochirulus cinereus","mass","Body_Mass","g",977.48,977.48,4,1,0,FALSE,"Wilman","secondary",NA,NA
"Pseudochirulus forbesi","mass","Body_Mass","g",644.58,644.58,5,2,0,FALSE,"Burger; Wilman","secondary",NA,NA
"Pseudochirulus herbertensis","mass","Body_Mass","g",1106.67,1106.67,5,2,0,FALSE,"Burger; Wilman","secondary",NA,NA
"Pseudochirulus larvatus","mass","Body_Mass","g",448.3,448.3,4,1,0,FALSE,"Wilman","secondary",NA,NA
"Pseudochirulus mayeri","mass","Body_Mass","g",151.75,151.75,5,2,0,FALSE,"Burger; Wilman","secondary",NA,NA
"Pseudochirulus schlegeli","mass","Body_Mass","g",264.72,264.72,5,2,0,FALSE,"Burger; Wilman","secondary",NA,NA
"Pseudohydromys ellermani","mass","Body_Mass","g",21.4,21.4,4,1,0,FALSE,"Wilman","secondary",NA,NA
"Pseudohydromys fuscus","mass","Body_Mass","g",18.74,18.74,4,1,0,FALSE,"Wilman","secondary",NA,NA
"Pseudohydromys murinus","mass","Body_Mass","g",16.8,16.8,4,1,0,FALSE,"Wilman","secondary",NA,NA
"Pseudohydromys occidentalis","mass","Body_Mass","g",21.9,21.9,4,1,0,FALSE,"Wilman","secondary",NA,NA
"Pseudois nayaur","mass","Body_Mass","g",45000,45000,4,1,0,FALSE,"Wilman","secondary",NA,NA
"Pseudois schaeferi","mass","Body_Mass","g",29250,29250,4,1,0,FALSE,"Wilman","secondary",NA,NA
"Pseudomys albocinereus","mass","Body_Mass","g",29.2,29.2,5,2,0,FALSE,"Genoud; Wilman","secondary",NA,NA
"Pseudomys apodemoides","mass","Body_Mass","g",20,20,4,1,0,FALSE,"Wilman","secondary",NA,NA
"Pseudomys australis","mass","Body_Mass","g",57.5,57.5,5,2,0,FALSE,"Burger; Wilman","secondary",NA,NA
"Pseudomys bolami","mass","Body_Mass","g",15.5,15.5,4,1,0,FALSE,"Wilman","secondary",NA,NA
"Pseudomys calabyi","mass","Body_Mass","g",19.5,19.5,4,1,0,FALSE,"Wilman","secondary",NA,NA
"Pseudomys chapmani","mass","Body_Mass","g",12,12,4,1,0,FALSE,"Wilman","secondary",NA,NA
"Pseudomys delicatulus","mass","Body_Mass","g",11,11,4,1,0,FALSE,"Wilman","secondary",NA,NA
"Pseudomys desertor","mass","Body_Mass","g",25,25,4,1,0,FALSE,"Wilman","secondary",NA,NA
"Pseudomys fieldi","mass","Body_Mass","g",45,45,4,1,0,FALSE,"Wilman","secondary",NA,NA
"Pseudomys fumeus","mass","Body_Mass","g",70,70,4,1,0,FALSE,"Wilman","secondary",NA,NA
"Pseudomys glaucus","mass","Body_Mass","g",27.5,27.5,4,1,0,FALSE,"Wilman","secondary",NA,NA
"Pseudomys gouldii","mass","Body_Mass","g",50,50,4,1,0,FALSE,"Wilman","secondary",NA,NA
"Pseudomys gracilicaudatus","mass","Body_Mass","g",77.275,77.275,5,2,0,FALSE,"Genoud; Wilman","secondary",NA,NA
"Pseudomys hermannsburgensis","mass","Body_Mass","g",12.327,12,8,3,0,FALSE,"Burger; Genoud; Wilman","secondary",NA,NA
"Pseudomys higginsi","mass","Body_Mass","g",67,67,4,1,0,FALSE,"Wilman","secondary",NA,NA
"Pseudomys johnsoni","mass","Body_Mass","g",12,12,4,1,0,FALSE,"Wilman","secondary",NA,NA
"Pseudomys laborifex","mass","Body_Mass","g",12,12,4,1,0,FALSE,"Wilman","secondary",NA,NA
"Pseudomys nanus","mass","Body_Mass","g",34,34,4,1,0,FALSE,"Wilman","secondary",NA,NA
"Pseudomys novaehollandiae","mass","Body_Mass","g",20,20,4,1,0,FALSE,"Wilman","secondary",NA,NA
"Pseudomys occidentalis","mass","Body_Mass","g",34,34,4,1,0,FALSE,"Wilman","secondary",NA,NA
"Pseudomys oralis","mass","Body_Mass","g",95,95,4,1,0,FALSE,"Wilman","secondary",NA,NA
"Pseudomys patrius","mass","Body_Mass","g",15,15,4,1,0,FALSE,"Wilman","secondary",NA,NA
"Pseudomys pilligaensis","mass","Body_Mass","g",11,11,4,1,0,FALSE,"Wilman","secondary",NA,NA
"Pseudomys shortridgei","mass","Body_Mass","g",70,70,4,1,0,FALSE,"Wilman","secondary",NA,NA
"Pseudopotto martini","mass","Body_Mass","g",474.8,474.8,4,1,0,FALSE,"Wilman","secondary",NA,NA
"Pseudorca crassidens","mass","Body_Mass","g",1573333.333,1360000,6,3,0,FALSE,"Burger; Lewitus; Wilman","secondary",NA,NA
"Pseudoryx nghetinhensis","mass","Body_Mass","g",97842.2,97842.2,4,1,0,FALSE,"Wilman","secondary",NA,NA
"Pseudoryzomys simplex","mass","Body_Mass","g",51.25,51.25,4,1,0,FALSE,"Wilman","secondary",NA,NA
"Ptenochirus jagori","mass","Body_Mass","g",77.25,77.25,4,1,0,FALSE,"Wilman","secondary",NA,NA
"Ptenochirus minor","mass","Body_Mass","g",36.25,36.25,4,1,0,FALSE,"Wilman","secondary",NA,NA
"Pteralopex acrodonta","mass","Body_Mass","g",250.5,250.5,4,1,0,FALSE,"Wilman","secondary",NA,NA
"Pteralopex anceps","mass","Body_Mass","g",560.36,560.36,4,1,0,FALSE,"Wilman","secondary",NA,NA
"Pteralopex atrata","mass","Body_Mass","g",472,472,4,1,0,FALSE,"Wilman","secondary",NA,NA
"Pteralopex pulchra","mass","Body_Mass","g",280,280,4,1,0,FALSE,"Wilman","secondary",NA,NA
"Pteralopex taki","mass","Body_Mass","g",369.06,369.06,4,1,0,FALSE,"Wilman","secondary",NA,NA
"Pteromys momonga","mass","Body_Mass","g",297.41,297.41,4,1,0,FALSE,"Wilman","secondary",NA,NA
"Pteromys volans","mass","Body_Mass","g",143.75,143.75,4,1,0,FALSE,"Wilman","secondary",NA,NA
"Pteromyscus pulverulentus","mass","Body_Mass","g",367.125,367.125,5,2,0,FALSE,"Burger; Wilman","secondary",NA,NA
"Pteronotus davyi","mass","Body_Mass","g",9.737,9.4,6,3,0,FALSE,"Burger; Genoud; Wilman","secondary",NA,NA
"Pteronotus gymnonotus","mass","Body_Mass","g",14.015,14.015,5,2,0,FALSE,"Burger; Wilman","secondary",NA,NA
"Pteronotus macleayii","mass","Body_Mass","g",5.35,5.35,4,1,0,FALSE,"Wilman","secondary",NA,NA
"Pteronotus parnellii","mass","Body_Mass","g",19.323,19.2,6,3,0,FALSE,"Burger; Genoud; Wilman","secondary",NA,NA
"Pteronotus personatus","mass","Body_Mass","g",10.17,8.71,6,3,0,FALSE,"Burger; Genoud; Wilman","secondary",NA,NA
"Pteronotus pristinus","mass","Body_Mass","g",9.25,9.25,4,1,0,FALSE,"Wilman","secondary",NA,NA
"Pteronotus quadridens","mass","Body_Mass","g",4.98,4.98,5,2,0,FALSE,"Genoud; Wilman","secondary",NA,NA
"Pteronura brasiliensis","mass","Body_Mass","g",23999.965,23999.965,5,2,0,FALSE,"Burger; Wilman","secondary",NA,NA
"Pteropus admiralitatum","mass","Body_Mass","g",299.9,299.9,4,1,0,FALSE,"Wilman","secondary",NA,NA
"Pteropus aldabrensis","mass","Body_Mass","g",305,305,4,1,0,FALSE,"Wilman","secondary",NA,NA
"Pteropus alecto","mass","Body_Mass","g",619.285,619.285,5,2,0,FALSE,"Burger; Wilman","secondary",NA,NA
"Pteropus anetianus","mass","Body_Mass","g",426,426,4,1,0,FALSE,"Wilman","secondary",NA,NA
"Pteropus aruensis","mass","Body_Mass","g",361.25,361.25,4,1,0,FALSE,"Wilman","secondary",NA,NA
"Pteropus banakrisi","mass","Body_Mass","g",225,225,4,1,0,FALSE,"Wilman","secondary",NA,NA
"Pteropus brunneus","mass","Body_Mass","g",200,200,4,1,0,FALSE,"Wilman","secondary",NA,NA
"Pteropus caniceps","mass","Body_Mass","g",505,505,4,1,0,FALSE,"Wilman","secondary",NA,NA
"Pteropus capistratus","mass","Body_Mass","g",247.5,247.5,4,1,0,FALSE,"Wilman","secondary",NA,NA
"Pteropus chrysoproctus","mass","Body_Mass","g",710,710,4,1,0,FALSE,"Wilman","secondary",NA,NA
"Pteropus cognatus","mass","Body_Mass","g",361.25,361.25,4,1,0,FALSE,"Wilman","secondary",NA,NA
"Pteropus conspicillatus","mass","Body_Mass","g",762.85,762.85,5,2,0,FALSE,"Burger; Wilman","secondary",NA,NA
"Pteropus dasymallus","mass","Body_Mass","g",435,435,4,1,0,FALSE,"Wilman","secondary",NA,NA
"Pteropus edulis","mass","Body_Mass","g",900,900,4,1,1,TRUE,"Heffner","primary",NA,NA
"Pteropus faunulus","mass","Body_Mass","g",344.76,344.76,4,1,0,FALSE,"Wilman","secondary",NA,NA
"Pteropus fundatus","mass","Body_Mass","g",205.65,205.65,4,1,0,FALSE,"Wilman","secondary",NA,NA
"Pteropus giganteus","mass","Body_Mass","g",745.53,690.585,7,4,0,FALSE,"Burger; Genoud; Lewitus; Wilman","secondary",NA,NA
"Pteropus gilliardorum","mass","Body_Mass","g",406.94,406.94,4,1,0,FALSE,"Wilman","secondary",NA,NA
"Pteropus griseus","mass","Body_Mass","g",269,269,4,1,0,FALSE,"Wilman","secondary",NA,NA
"Pteropus howensis","mass","Body_Mass","g",232.93,232.93,4,1,0,FALSE,"Wilman","secondary",NA,NA
"Pteropus hypomelanus","mass","Body_Mass","g",446.313,428.14,6,3,0,FALSE,"Burger; Genoud; Wilman","secondary",NA,NA
"Pteropus insularis","mass","Body_Mass","g",282.86,282.86,4,1,0,FALSE,"Wilman","secondary",NA,NA
"Pteropus intermedius","mass","Body_Mass","g",361.25,361.25,4,1,0,FALSE,"Wilman","secondary",NA,NA
"Pteropus keyensis","mass","Body_Mass","g",361.25,361.25,4,1,0,FALSE,"Wilman","secondary",NA,NA
"Pteropus leucopterus","mass","Body_Mass","g",340,340,4,1,0,FALSE,"Wilman","secondary",NA,NA
"Pteropus livingstonii","mass","Body_Mass","g",734.27,734.27,4,1,0,FALSE,"Wilman","secondary",NA,NA
"Pteropus lombocensis","mass","Body_Mass","g",250.3,250.3,4,1,0,FALSE,"Wilman","secondary",NA,NA
"Pteropus loochoensis","mass","Body_Mass","g",361.25,361.25,4,1,0,FALSE,"Wilman","secondary",NA,NA
"Pteropus lylei","mass","Body_Mass","g",316.67,316.67,5,2,0,FALSE,"Burger; Wilman","secondary",NA,NA
"Pteropus macrotis","mass","Body_Mass","g",361.5,361.5,5,2,0,FALSE,"Burger; Wilman","secondary",NA,NA
"Pteropus mahaganus","mass","Body_Mass","g",358.2,358.2,5,2,0,FALSE,"Burger; Wilman","secondary",NA,NA
"Pteropus mariannus","mass","Body_Mass","g",453.5,453.5,4,1,0,FALSE,"Wilman","secondary",NA,NA
"Pteropus melanopogon","mass","Body_Mass","g",860,860,4,1,0,FALSE,"Wilman","secondary",NA,NA
"Pteropus melanotus","mass","Body_Mass","g",803.08,803.08,5,2,0,FALSE,"Burger; Wilman","secondary",NA,NA
"Pteropus molossinus","mass","Body_Mass","g",284.21,284.21,4,1,0,FALSE,"Wilman","secondary",NA,NA
"Pteropus neohibernicus","mass","Body_Mass","g",903.395,903.395,5,2,0,FALSE,"Burger; Wilman","secondary",NA,NA
"Pteropus niger","mass","Body_Mass","g",456.25,456.25,4,1,0,FALSE,"Wilman","secondary",NA,NA
"Pteropus nitendiensis","mass","Body_Mass","g",265,265,4,1,0,FALSE,"Wilman","secondary",NA,NA
"Pteropus ocularis","mass","Body_Mass","g",220,220,4,1,0,FALSE,"Wilman","secondary",NA,NA
"Pteropus ornatus","mass","Body_Mass","g",330,330,4,1,0,FALSE,"Wilman","secondary",NA,NA
"Pteropus pelewensis","mass","Body_Mass","g",361.25,361.25,4,1,0,FALSE,"Wilman","secondary",NA,NA
"Pteropus personatus","mass","Body_Mass","g",127.5,127.5,4,1,0,FALSE,"Wilman","secondary",NA,NA
"Pteropus pilosus","mass","Body_Mass","g",361.25,361.25,4,1,0,FALSE,"Wilman","secondary",NA,NA
"Pteropus pohlei","mass","Body_Mass","g",343,343,4,1,0,FALSE,"Wilman","secondary",NA,NA
"Pteropus poliocephalus","mass","Body_Mass","g",695,695,8,4,1,TRUE,"Burger; Finlay; Genoud; Wilman","primary; secondary",NA,NA
"Pteropus pselaphon","mass","Body_Mass","g",282.86,282.86,4,1,0,FALSE,"Wilman","secondary",NA,NA
"Pteropus pumilus","mass","Body_Mass","g",188.775,188.775,5,2,0,FALSE,"Genoud; Wilman","secondary",NA,NA
"Pteropus rayneri","mass","Body_Mass","g",724.5,724.5,4,1,0,FALSE,"Wilman","secondary",NA,NA
"Pteropus rennelli","mass","Body_Mass","g",361.25,361.25,4,1,0,FALSE,"Wilman","secondary",NA,NA
"Pteropus rodricensis","mass","Body_Mass","g",254.165,254.165,5,2,0,FALSE,"Genoud; Wilman","secondary",NA,NA
"Pteropus rufus","mass","Body_Mass","g",349.915,349.915,5,2,0,FALSE,"Burger; Wilman","secondary",NA,NA
"Pteropus samoensis","mass","Body_Mass","g",310,310,5,2,0,FALSE,"Burger; Wilman","secondary",NA,NA
"Pteropus scapulatus","mass","Body_Mass","g",380.987,375,6,3,0,FALSE,"Burger; Genoud; Wilman","secondary",NA,NA
"Pteropus seychellensis","mass","Body_Mass","g",457,457,4,1,0,FALSE,"Wilman","secondary",NA,NA
"Pteropus speciosus","mass","Body_Mass","g",344.76,344.76,4,1,0,FALSE,"Wilman","secondary",NA,NA
"Pteropus subniger","mass","Body_Mass","g",361.25,361.25,4,1,0,FALSE,"Wilman","secondary",NA,NA
"Pteropus temminckii","mass","Body_Mass","g",305.625,305.625,5,2,0,FALSE,"Burger; Wilman","secondary",NA,NA
"Pteropus tokudae","mass","Body_Mass","g",152,152,4,1,0,FALSE,"Wilman","secondary",NA,NA
"Pteropus tonganus","mass","Body_Mass","g",423.54,423.54,5,2,0,FALSE,"Burger; Wilman","secondary",NA,NA
"Pteropus tuberculatus","mass","Body_Mass","g",282.86,282.86,4,1,0,FALSE,"Wilman","secondary",NA,NA
"Pteropus ualanus","mass","Body_Mass","g",361.25,361.25,4,1,0,FALSE,"Wilman","secondary",NA,NA
"Pteropus vampyrus","mass","Body_Mass","g",1016.448,1025.92,7,4,0,FALSE,"Burger; Genoud; Wilman; Wimberly","secondary",NA,NA
"Pteropus vetulus","mass","Body_Mass","g",148,148,4,1,0,FALSE,"Wilman","secondary",NA,NA
"Pteropus voeltzkowi","mass","Body_Mass","g",527.5,527.5,4,1,0,FALSE,"Wilman","secondary",NA,NA
"Pteropus woodfordi","mass","Body_Mass","g",119.33,119.33,4,1,0,FALSE,"Wilman","secondary",NA,NA
"Pteropus yapensis","mass","Body_Mass","g",361.25,361.25,4,1,0,FALSE,"Wilman","secondary",NA,NA
"Ptilocercus lowii","mass","Body_Mass","g",49.69,49.69,5,2,0,FALSE,"Genoud; Wilman","secondary",NA,NA
"Pudu mephistophiles","mass","Body_Mass","g",9599.97,9599.97,4,1,0,FALSE,"Wilman","secondary",NA,NA
"Pudu puda","mass","Body_Mass","g",9749.9,9749.9,4,1,0,FALSE,"Wilman","secondary",NA,NA
"Puma concolor","mass","Body_Mass","g",50102.347,51600.04,7,3,0,FALSE,"Burger; Genoud; Wilman","secondary",NA,NA
"Puma yagouaroundi","mass","Body_Mass","g",5903.333,6875,6,3,0,FALSE,"Burger; Genoud; Wilman","secondary",NA,NA
"Punomys kofordi","mass","Body_Mass","g",84.8,84.8,4,1,0,FALSE,"Wilman","secondary",NA,NA
"Punomys lemminus","mass","Body_Mass","g",84.8,84.8,4,1,0,FALSE,"Wilman","secondary",NA,NA
"Pusa caspica","mass","Body_Mass","g",62538.1,62538.1,5,2,0,FALSE,"Burger; Wilman","secondary",NA,NA
"Pusa hispida","mass","Body_Mass","g",62782.867,69085,7,3,0,FALSE,"Burger; Genoud; Wilman","secondary",NA,NA
"Pusa sibirica","mass","Body_Mass","g",89499.995,89499.995,5,2,0,FALSE,"Burger; Wilman","secondary",NA,NA
"Putorius furo","mass","Body_Mass","g",900,900,4,1,1,TRUE,"Heffner","primary",NA,NA
"Pygathrix cinerea","mass","Body_Mass","g",10083.3,10083.3,5,2,0,FALSE,"Wilman; Wimberly","secondary",NA,NA
"Pygathrix nemaeus","mass","Body_Mass","g",7500,7500,16,9,2,TRUE,"Burger; Granatosky; Isler; Lewitus; Powell; Stephan; Stephan_collection; Wilman; Wimberly","primary; secondary",NA,NA
"Pygathrix nigripes","mass","Body_Mass","g",9850.28,10333.32,6,3,0,FALSE,"Burger; Powell; Wilman","secondary",NA,NA
"Pygathrix sp.","mass","Body_Mass","g",9720,9720,4,1,0,FALSE,"Isler","secondary",NA,NA
"Pygeretmus platyurus","mass","Body_Mass","g",40.14,40.14,4,1,0,FALSE,"Wilman","secondary",NA,NA
"Pygeretmus pumilio","mass","Body_Mass","g",52,52,4,1,0,FALSE,"Wilman","secondary",NA,NA
"Pygeretmus shitkovi","mass","Body_Mass","g",58.3,58.3,4,1,0,FALSE,"Wilman","secondary",NA,NA
"Pygoderma bilabiatum","mass","Body_Mass","g",18.5,18.5,4,1,0,FALSE,"Wilman","secondary",NA,NA
"Rana esculenta","mass","Body_Mass","g",48,48,4,1,0,FALSE,"MacLarnon","secondary",NA,NA
"Rangifer tarandus","mass","Body_Mass","g",76589.104,72033.333,8,3,0,FALSE,"Burger; Genoud; Wilman","secondary",NA,NA
"Raphicerus campestris","mass","Body_Mass","g",9692.34,10200,6,3,0,FALSE,"Burger; Genoud; Wilman","secondary",NA,NA
"Raphicerus melanotis","mass","Body_Mass","g",10174.955,10174.955,5,2,0,FALSE,"Burger; Wilman","secondary",NA,NA
"Raphicerus sharpei","mass","Body_Mass","g",9499.92,9499.92,4,1,0,FALSE,"Wilman","secondary",NA,NA
"Rattus adustus","mass","Body_Mass","g",158,158,4,1,0,FALSE,"Wilman","secondary",NA,NA
"Rattus andamanensis","mass","Body_Mass","g",149.96,149.96,4,1,0,FALSE,"Wilman","secondary",NA,NA
"Rattus annandalei","mass","Body_Mass","g",216.1,216.1,4,1,0,FALSE,"Wilman","secondary",NA,NA
"Rattus arfakiensis","mass","Body_Mass","g",149.96,149.96,4,1,0,FALSE,"Wilman","secondary",NA,NA
"Rattus argentiventer","mass","Body_Mass","g",133.13,133.13,4,1,0,FALSE,"Wilman","secondary",NA,NA
"Rattus arrogans","mass","Body_Mass","g",149.96,149.96,4,1,0,FALSE,"Wilman","secondary",NA,NA
"Rattus baluensis","mass","Body_Mass","g",108.75,108.75,4,1,0,FALSE,"Wilman","secondary",NA,NA
"Rattus blangorum","mass","Body_Mass","g",149.96,149.96,4,1,0,FALSE,"Wilman","secondary",NA,NA
"Rattus bontanus","mass","Body_Mass","g",239,239,4,1,0,FALSE,"Wilman","secondary",NA,NA
"Rattus burrus","mass","Body_Mass","g",152.3,152.3,4,1,0,FALSE,"Wilman","secondary",NA,NA
"Rattus colletti","mass","Body_Mass","g",113.35,113.35,5,2,0,FALSE,"Genoud; Wilman","secondary",NA,NA
"Rattus elaphinus","mass","Body_Mass","g",131.35,131.35,4,1,0,FALSE,"Wilman","secondary",NA,NA
"Rattus enganus","mass","Body_Mass","g",305,305,4,1,0,FALSE,"Wilman","secondary",NA,NA
"Rattus everetti","mass","Body_Mass","g",255.03,255.03,4,1,0,FALSE,"Wilman","secondary",NA,NA
"Rattus exulans","mass","Body_Mass","g",53.805,53.805,5,2,0,FALSE,"Burger; Wilman","secondary",NA,NA
"Rattus feliceus","mass","Body_Mass","g",306,306,4,1,0,FALSE,"Wilman","secondary",NA,NA
"Rattus fuscipes","mass","Body_Mass","g",110.578,122,8,3,0,FALSE,"Burger; Genoud; Wilman","secondary",NA,NA
"Rattus giluwensis","mass","Body_Mass","g",169.88,169.88,4,1,0,FALSE,"Wilman","secondary",NA,NA
"Rattus hainaldi","mass","Body_Mass","g",155.52,155.52,4,1,0,FALSE,"Wilman","secondary",NA,NA
"Rattus hoffmanni","mass","Body_Mass","g",147,147,4,1,0,FALSE,"Wilman","secondary",NA,NA
"Rattus hoogerwerfi","mass","Body_Mass","g",165,165,4,1,0,FALSE,"Wilman","secondary",NA,NA
"Rattus jobiensis","mass","Body_Mass","g",380,380,4,1,0,FALSE,"Wilman","secondary",NA,NA
"Rattus koopmani","mass","Body_Mass","g",151.4,151.4,4,1,0,FALSE,"Wilman","secondary",NA,NA
"Rattus korinchi","mass","Body_Mass","g",131,131,4,1,0,FALSE,"Wilman","secondary",NA,NA
"Rattus leucopus","mass","Body_Mass","g",171.73,171.73,4,1,0,FALSE,"Wilman","secondary",NA,NA
"Rattus losea","mass","Body_Mass","g",77,77,4,1,0,FALSE,"Wilman","secondary",NA,NA
"Rattus lugens","mass","Body_Mass","g",224,224,4,1,0,FALSE,"Wilman","secondary",NA,NA
"Rattus lutreolus","mass","Body_Mass","g",102.6,106,6,3,0,FALSE,"Burger; Genoud; Wilman","secondary",NA,NA
"Rattus macleari","mass","Body_Mass","g",149.96,149.96,4,1,0,FALSE,"Wilman","secondary",NA,NA
"Rattus marmosurus","mass","Body_Mass","g",217,217,4,1,0,FALSE,"Wilman","secondary",NA,NA
"Rattus mindorensis","mass","Body_Mass","g",136,136,4,1,0,FALSE,"Wilman","secondary",NA,NA
"Rattus mollicomulus","mass","Body_Mass","g",151.76,151.76,4,1,0,FALSE,"Wilman","secondary",NA,NA
"Rattus montanus","mass","Body_Mass","g",136,136,4,1,0,FALSE,"Wilman","secondary",NA,NA
"Rattus mordax","mass","Body_Mass","g",230,230,4,1,0,FALSE,"Wilman","secondary",NA,NA
"Rattus morotaiensis","mass","Body_Mass","g",141.175,141.175,5,2,0,FALSE,"Burger; Wilman","secondary",NA,NA
"Rattus nativitatis","mass","Body_Mass","g",149.96,149.96,4,1,0,FALSE,"Wilman","secondary",NA,NA
"Rattus niobe","mass","Body_Mass","g",43.157,42.3,6,3,0,FALSE,"Burger; Genoud; Wilman","secondary",NA,NA
"Rattus nitidus","mass","Body_Mass","g",117.25,117.25,5,2,0,FALSE,"Burger; Wilman","secondary",NA,NA
"Rattus norvegicus","mass","Body_Mass","g",400,400,25,9,1,TRUE,"Burger; Garwicz; Genoud; Heffner; HerculanoHouzel; Lewitus; MacLarnon; Wilman; Wimberly","primary; secondary",NA,NA
"Rattus novaeguineae","mass","Body_Mass","g",133,133,4,1,0,FALSE,"Wilman","secondary",NA,NA
"Rattus omichlodes","mass","Body_Mass","g",70.02,70.02,4,1,0,FALSE,"Wilman","secondary",NA,NA
"Rattus osgoodi","mass","Body_Mass","g",93,93,4,1,0,FALSE,"Wilman","secondary",NA,NA
"Rattus palmarum","mass","Body_Mass","g",491,491,4,1,0,FALSE,"Wilman","secondary",NA,NA
"Rattus pelurus","mass","Body_Mass","g",170.27,170.27,4,1,0,FALSE,"Wilman","secondary",NA,NA
"Rattus pococki","mass","Body_Mass","g",149.96,149.96,4,1,0,FALSE,"Wilman","secondary",NA,NA
"Rattus praetor","mass","Body_Mass","g",204.13,204.13,4,1,0,FALSE,"Wilman","secondary",NA,NA
"Rattus pyctoris","mass","Body_Mass","g",149.96,149.96,4,1,0,FALSE,"Wilman","secondary",NA,NA
"Rattus ranjiniae","mass","Body_Mass","g",120,120,4,1,0,FALSE,"Wilman","secondary",NA,NA
"Rattus rattus","mass","Body_Mass","g",167.998,150,9,3,0,FALSE,"Burger; Genoud; Wilman","secondary",NA,NA
"Rattus richardsoni","mass","Body_Mass","g",64.29,64.29,4,1,0,FALSE,"Wilman","secondary",NA,NA
"Rattus salocco","mass","Body_Mass","g",149.96,149.96,4,1,0,FALSE,"Wilman","secondary",NA,NA
"Rattus sanila","mass","Body_Mass","g",149.96,149.96,4,1,0,FALSE,"Wilman","secondary",NA,NA
"Rattus satarae","mass","Body_Mass","g",149.96,149.96,4,1,0,FALSE,"Wilman","secondary",NA,NA
"Rattus simalurensis","mass","Body_Mass","g",153.12,153.12,4,1,0,FALSE,"Wilman","secondary",NA,NA
"Rattus sordidus","mass","Body_Mass","g",139.085,139.085,5,2,0,FALSE,"Burger; Wilman","secondary",NA,NA
"Rattus sp.","mass","Body_Mass","g",217,217,4,1,1,TRUE,"Finlay","primary",NA,NA
"Rattus steini","mass","Body_Mass","g",155,155,4,1,0,FALSE,"Wilman","secondary",NA,NA
"Rattus stoicus","mass","Body_Mass","g",323,323,4,1,0,FALSE,"Wilman","secondary",NA,NA
"Rattus tanezumi","mass","Body_Mass","g",134,134,4,1,0,FALSE,"Wilman","secondary",NA,NA
"Rattus tawitawiensis","mass","Body_Mass","g",180,180,4,1,0,FALSE,"Wilman","secondary",NA,NA
"Rattus timorensis","mass","Body_Mass","g",160.32,160.32,4,1,0,FALSE,"Wilman","secondary",NA,NA
"Rattus tiomanicus","mass","Body_Mass","g",129.96,129.96,4,1,0,FALSE,"Wilman","secondary",NA,NA
"Rattus tunneyi","mass","Body_Mass","g",100.1,100.1,5,2,0,FALSE,"Burger; Wilman","secondary",NA,NA
"Rattus vandeuseni","mass","Body_Mass","g",67.24,67.24,4,1,0,FALSE,"Wilman","secondary",NA,NA
"Rattus verecundus","mass","Body_Mass","g",78.21,78.21,5,2,0,FALSE,"Burger; Wilman","secondary",NA,NA
"Rattus villosissimus","mass","Body_Mass","g",175.05,175.05,6,2,0,FALSE,"Genoud; Wilman","secondary",NA,NA
"Rattus xanthurus","mass","Body_Mass","g",303,303,4,1,0,FALSE,"Wilman","secondary",NA,NA
"Ratufa affinis","mass","Body_Mass","g",1069.375,1069.375,5,2,0,FALSE,"Burger; Wilman","secondary",NA,NA
"Ratufa bicolor","mass","Body_Mass","g",1685,1685,5,2,0,FALSE,"Burger; Wilman","secondary",NA,NA
"Ratufa indica","mass","Body_Mass","g",1497.5,1497.5,5,2,0,FALSE,"Burger; Wilman","secondary",NA,NA
"Ratufa macroura","mass","Body_Mass","g",1327.08,1327.08,4,1,0,FALSE,"Wilman","secondary",NA,NA
"Redunca arundinum","mass","Body_Mass","g",48100.135,48100.135,5,2,0,FALSE,"Burger; Wilman","secondary",NA,NA
"Redunca fulvorufula","mass","Body_Mass","g",30249.93,30249.93,5,2,0,FALSE,"Burger; Wilman","secondary",NA,NA
"Redunca redunca","mass","Body_Mass","g",45775.205,45775.205,5,2,0,FALSE,"Burger; Wilman","secondary",NA,NA
"Reithrodon auritus","mass","Body_Mass","g",74.775,74.775,5,2,0,FALSE,"Genoud; Wilman","secondary",NA,NA
"Reithrodon typicus","mass","Body_Mass","g",70.85,70.85,4,1,0,FALSE,"Wilman","secondary",NA,NA
"Reithrodontomys brevirostris","mass","Body_Mass","g",12.9,12.9,4,1,0,FALSE,"Wilman","secondary",NA,NA
"Reithrodontomys burti","mass","Body_Mass","g",20,20,4,1,0,FALSE,"Wilman","secondary",NA,NA
"Reithrodontomys chrysopsis","mass","Body_Mass","g",19,19,4,1,0,FALSE,"Wilman","secondary",NA,NA
"Reithrodontomys creper","mass","Body_Mass","g",22.8,22.8,4,1,0,FALSE,"Wilman","secondary",NA,NA
"Reithrodontomys darienensis","mass","Body_Mass","g",13,13,4,1,0,FALSE,"Wilman","secondary",NA,NA
"Reithrodontomys fulvescens","mass","Body_Mass","g",11.4,11.4,4,1,0,FALSE,"Wilman","secondary",NA,NA
"Reithrodontomys gracilis","mass","Body_Mass","g",12.27,12.27,4,1,0,FALSE,"Wilman","secondary",NA,NA
"Reithrodontomys hirsutus","mass","Body_Mass","g",20,20,4,1,0,FALSE,"Wilman","secondary",NA,NA
"Reithrodontomys humilis","mass","Body_Mass","g",8.4,8.4,4,1,0,FALSE,"Genoud","secondary",NA,NA
"Reithrodontomys humulis","mass","Body_Mass","g",8.31,8.31,4,1,0,FALSE,"Wilman","secondary",NA,NA
"Reithrodontomys megalotis","mass","Body_Mass","g",9.329,9.309,10,4,0,FALSE,"Burger; Genoud; Ruf; Wilman","secondary",NA,NA
"Reithrodontomys mexicanus","mass","Body_Mass","g",16,16,4,1,0,FALSE,"Wilman","secondary",NA,NA
"Reithrodontomys microdon","mass","Body_Mass","g",20,20,4,1,0,FALSE,"Wilman","secondary",NA,NA
"Reithrodontomys montanus","mass","Body_Mass","g",10.9,10.9,4,1,0,FALSE,"Wilman","secondary",NA,NA
"Reithrodontomys paradoxus","mass","Body_Mass","g",16.22,16.22,4,1,0,FALSE,"Wilman","secondary",NA,NA
"Reithrodontomys raviventris","mass","Body_Mass","g",11.05,11.05,4,1,0,FALSE,"Wilman","secondary",NA,NA
"Reithrodontomys rodriguezi","mass","Body_Mass","g",19.29,19.29,4,1,0,FALSE,"Wilman","secondary",NA,NA
"Reithrodontomys spectabilis","mass","Body_Mass","g",20.2,20.2,4,1,0,FALSE,"Wilman","secondary",NA,NA
"Reithrodontomys sumichrasti","mass","Body_Mass","g",19,19,4,1,0,FALSE,"Wilman","secondary",NA,NA
"Reithrodontomys tenuirostris","mass","Body_Mass","g",20,20,4,1,0,FALSE,"Wilman","secondary",NA,NA
"Reithrodontomys zacatecae","mass","Body_Mass","g",14.49,14.49,4,1,0,FALSE,"Wilman","secondary",NA,NA
"Rhabdomys dilectus","mass","Body_Mass","g",41.12,41.12,4,1,0,FALSE,"Wilman","secondary",NA,NA
"Rhabdomys pumilio","mass","Body_Mass","g",43.845,41.12,9,3,0,FALSE,"Burger; Genoud; Wilman","secondary",NA,NA
"Rhagamys orthodon","mass","Body_Mass","g",71.33,71.33,4,1,0,FALSE,"Wilman","secondary",NA,NA
"Rhagomys longilingua","mass","Body_Mass","g",21.2,21.2,4,1,0,FALSE,"Wilman","secondary",NA,NA
"Rhagomys rufescens","mass","Body_Mass","g",21.2,21.2,4,1,0,FALSE,"Wilman","secondary",NA,NA
"Rheithrosciurus macrotis","mass","Body_Mass","g",1225,1225,4,1,0,FALSE,"Wilman","secondary",NA,NA
"Rheomys mexicanus","mass","Body_Mass","g",40,40,4,1,0,FALSE,"Wilman","secondary",NA,NA
"Rheomys raptor","mass","Body_Mass","g",38,38,4,1,0,FALSE,"Wilman","secondary",NA,NA
"Rheomys thomasi","mass","Body_Mass","g",40,40,4,1,0,FALSE,"Wilman","secondary",NA,NA
"Rheomys underwoodi","mass","Body_Mass","g",41.85,41.85,4,1,0,FALSE,"Wilman","secondary",NA,NA
"Rhesus macaque","mass","Body_Mass","g",8470,8470,8,1,0,FALSE,"Burish","review",NA,NA
"Rhinoceros sondaicus","mass","Body_Mass","g",1750000,1750000,4,1,0,FALSE,"Wilman","secondary",NA,NA
"Rhinoceros unicornis","mass","Body_Mass","g",1926166.5,1926166.5,5,2,0,FALSE,"Burger; Wilman","secondary",NA,NA
"Rhinolophus","mass","Body_Mass","g",16,16,4,1,1,TRUE,"Heffner","primary",NA,NA
"Rhinolophus acuminatus","mass","Body_Mass","g",12.115,12.115,5,2,0,FALSE,"Burger; Wilman","secondary",NA,NA
"Rhinolophus adami","mass","Body_Mass","g",10.4,10.4,4,1,0,FALSE,"Wilman","secondary",NA,NA
"Rhinolophus affinis","mass","Body_Mass","g",13.565,13.565,5,2,0,FALSE,"Burger; Wilman","secondary",NA,NA
"Rhinolophus alcyone","mass","Body_Mass","g",18.75,18.75,4,1,0,FALSE,"Wilman","secondary",NA,NA
"Rhinolophus arcuatus","mass","Body_Mass","g",8.75,8.75,4,1,0,FALSE,"Wilman","secondary",NA,NA
"Rhinolophus beddomei","mass","Body_Mass","g",10.62,10.62,4,1,0,FALSE,"Wilman","secondary",NA,NA
"Rhinolophus blasii","mass","Body_Mass","g",9.7,9.7,4,1,0,FALSE,"Wilman","secondary",NA,NA
"Rhinolophus bocharicus","mass","Body_Mass","g",15.05,15.05,4,1,0,FALSE,"Wilman","secondary",NA,NA
"Rhinolophus borneensis","mass","Body_Mass","g",7.9,7.9,4,1,0,FALSE,"Wilman","secondary",NA,NA
"Rhinolophus canuti","mass","Body_Mass","g",10.75,10.75,4,1,0,FALSE,"Wilman","secondary",NA,NA
"Rhinolophus capensis","mass","Body_Mass","g",12.5,12.8,6,3,0,FALSE,"Burger; Genoud; Wilman","secondary",NA,NA
"Rhinolophus celebensis","mass","Body_Mass","g",10.4,10.4,4,1,0,FALSE,"Wilman","secondary",NA,NA
"Rhinolophus clivosus","mass","Body_Mass","g",17.53,16.83,6,3,0,FALSE,"Burger; Genoud; Wilman","secondary",NA,NA
"Rhinolophus coelophyllus","mass","Body_Mass","g",7.4,7.4,5,2,0,FALSE,"Burger; Wilman","secondary",NA,NA
"Rhinolophus cognatus","mass","Body_Mass","g",10.49,10.49,4,1,0,FALSE,"Wilman","secondary",NA,NA
"Rhinolophus convexus","mass","Body_Mass","g",10.62,10.62,4,1,0,FALSE,"Wilman","secondary",NA,NA
"Rhinolophus cornutus","mass","Body_Mass","g",6.9,6.9,5,2,0,FALSE,"Burger; Wilman","secondary",NA,NA
"Rhinolophus creaghi","mass","Body_Mass","g",12,12,4,1,0,FALSE,"Wilman","secondary",NA,NA
"Rhinolophus darlingi","mass","Body_Mass","g",9.45,9.45,4,1,0,FALSE,"Wilman","secondary",NA,NA
"Rhinolophus deckenii","mass","Body_Mass","g",10.4,10.4,4,1,0,FALSE,"Wilman","secondary",NA,NA
"Rhinolophus denti","mass","Body_Mass","g",6.15,6.15,4,1,0,FALSE,"Wilman","secondary",NA,NA
"Rhinolophus eloquens","mass","Body_Mass","g",19.05,19.05,5,2,0,FALSE,"Burger; Wilman","secondary",NA,NA
"Rhinolophus euryale","mass","Body_Mass","g",8.15,8.15,4,1,0,FALSE,"Wilman","secondary",NA,NA
"Rhinolophus euryotis","mass","Body_Mass","g",14.3,14.3,4,1,0,FALSE,"Wilman","secondary",NA,NA
"Rhinolophus ferrumequinum","mass","Body_Mass","g",22.52,23,6,3,0,FALSE,"Burger; Ruf; Wilman","secondary",NA,NA
"Rhinolophus formosae","mass","Body_Mass","g",10.62,10.62,4,1,0,FALSE,"Wilman","secondary",NA,NA
"Rhinolophus fumigatus","mass","Body_Mass","g",12.94,12.94,4,1,0,FALSE,"Wilman","secondary",NA,NA
"Rhinolophus guineensis","mass","Body_Mass","g",9.9,9.9,4,1,0,FALSE,"Wilman","secondary",NA,NA
"Rhinolophus hildebrandtii","mass","Body_Mass","g",27.545,27.545,5,2,0,FALSE,"Burger; Wilman","secondary",NA,NA
"Rhinolophus hilli","mass","Body_Mass","g",13.6,13.6,4,1,0,FALSE,"Wilman","secondary",NA,NA
"Rhinolophus hillorum","mass","Body_Mass","g",10.62,10.62,4,1,0,FALSE,"Wilman","secondary",NA,NA
"Rhinolophus hipposideros","mass","Body_Mass","g",5.087,4.71,6,3,0,FALSE,"Burger; Ruf; Wilman","secondary",NA,NA
"Rhinolophus imaizumii","mass","Body_Mass","g",10.62,10.62,4,1,0,FALSE,"Wilman","secondary",NA,NA
"Rhinolophus inops","mass","Body_Mass","g",13.5,13.5,4,1,0,FALSE,"Wilman","secondary",NA,NA
"Rhinolophus keyensis","mass","Body_Mass","g",6.26,6.26,4,1,0,FALSE,"Wilman","secondary",NA,NA
"Rhinolophus landeri","mass","Body_Mass","g",9.255,9.255,5,2,0,FALSE,"Burger; Wilman","secondary",NA,NA
"Rhinolophus lepidus","mass","Body_Mass","g",5.65,5.65,5,2,0,FALSE,"Burger; Wilman","secondary",NA,NA
"Rhinolophus luctus","mass","Body_Mass","g",33.675,33.675,5,2,0,FALSE,"Burger; Wilman","secondary",NA,NA
"Rhinolophus maclaudi","mass","Body_Mass","g",13.08,13.08,4,1,0,FALSE,"Wilman","secondary",NA,NA
"Rhinolophus macrotis","mass","Body_Mass","g",6.225,6.225,5,2,0,FALSE,"Burger; Wilman","secondary",NA,NA
"Rhinolophus madurensis","mass","Body_Mass","g",10.62,10.62,4,1,0,FALSE,"Wilman","secondary",NA,NA
"Rhinolophus maendeleo","mass","Body_Mass","g",10.62,10.62,4,1,0,FALSE,"Wilman","secondary",NA,NA
"Rhinolophus malayanus","mass","Body_Mass","g",6.55,6.55,5,2,0,FALSE,"Burger; Wilman","secondary",NA,NA
"Rhinolophus marshalli","mass","Body_Mass","g",5.02,5.02,4,1,0,FALSE,"Wilman","secondary",NA,NA
"Rhinolophus megaphyllus","mass","Body_Mass","g",9.93,9.93,5,2,0,FALSE,"Burger; Wilman","secondary",NA,NA
"Rhinolophus mehelyi","mass","Body_Mass","g",11.015,11.015,5,2,0,FALSE,"Burger; Wilman","secondary",NA,NA
"Rhinolophus mitratus","mass","Body_Mass","g",10.4,10.4,4,1,0,FALSE,"Wilman","secondary",NA,NA
"Rhinolophus monoceros","mass","Body_Mass","g",10.62,10.62,4,1,0,FALSE,"Wilman","secondary",NA,NA
"Rhinolophus montanus","mass","Body_Mass","g",10.62,10.62,4,1,0,FALSE,"Wilman","secondary",NA,NA
"Rhinolophus nereis","mass","Body_Mass","g",9.62,9.62,4,1,0,FALSE,"Wilman","secondary",NA,NA
"Rhinolophus osgoodi","mass","Body_Mass","g",10.62,10.62,4,1,0,FALSE,"Wilman","secondary",NA,NA
"Rhinolophus paradoxolophus","mass","Body_Mass","g",8.77,8.77,5,2,0,FALSE,"Burger; Wilman","secondary",NA,NA
"Rhinolophus pearsonii","mass","Body_Mass","g",12.725,12.725,5,2,0,FALSE,"Burger; Wilman","secondary",NA,NA
"Rhinolophus philippinensis","mass","Body_Mass","g",10.33,10.33,4,1,0,FALSE,"Wilman","secondary",NA,NA
"Rhinolophus pusillus","mass","Body_Mass","g",4.925,4.925,5,2,0,FALSE,"Burger; Wilman","secondary",NA,NA
"Rhinolophus rex","mass","Body_Mass","g",10.4,10.4,4,1,0,FALSE,"Wilman","secondary",NA,NA
"Rhinolophus robinsoni","mass","Body_Mass","g",8.5,8.5,5,2,0,FALSE,"Burger; Wilman","secondary",NA,NA
"Rhinolophus rouxii","mass","Body_Mass","g",12.25,12.25,4,1,0,FALSE,"Wilman","secondary",NA,NA
"Rhinolophus rufus","mass","Body_Mass","g",30,30,4,1,0,FALSE,"Wilman","secondary",NA,NA
"Rhinolophus ruwenzorii","mass","Body_Mass","g",10.62,10.62,4,1,0,FALSE,"Wilman","secondary",NA,NA
"Rhinolophus sakejiensis","mass","Body_Mass","g",22,22,4,1,0,FALSE,"Wilman","secondary",NA,NA
"Rhinolophus sedulus","mass","Body_Mass","g",8.75,8.75,4,1,0,FALSE,"Wilman","secondary",NA,NA
"Rhinolophus shameli","mass","Body_Mass","g",9.61,9.61,4,1,0,FALSE,"Wilman","secondary",NA,NA
"Rhinolophus shortridgei","mass","Body_Mass","g",10.62,10.62,4,1,0,FALSE,"Wilman","secondary",NA,NA
"Rhinolophus siamensis","mass","Body_Mass","g",10.62,10.62,4,1,0,FALSE,"Wilman","secondary",NA,NA
"Rhinolophus silvestris","mass","Body_Mass","g",10.4,10.4,4,1,0,FALSE,"Wilman","secondary",NA,NA
"Rhinolophus simulator","mass","Body_Mass","g",8.1,8.1,4,1,0,FALSE,"Wilman","secondary",NA,NA
"Rhinolophus sinicus","mass","Body_Mass","g",10.62,10.62,4,1,0,FALSE,"Wilman","secondary",NA,NA
"Rhinolophus stheno","mass","Body_Mass","g",8.2,8.2,5,2,0,FALSE,"Burger; Wilman","secondary",NA,NA
"Rhinolophus subbadius","mass","Body_Mass","g",10.49,10.49,4,1,0,FALSE,"Wilman","secondary",NA,NA
"Rhinolophus subrufus","mass","Body_Mass","g",10.4,10.4,4,1,0,FALSE,"Wilman","secondary",NA,NA
"Rhinolophus swinnyi","mass","Body_Mass","g",7.13,7.13,4,1,0,FALSE,"Wilman","secondary",NA,NA
"Rhinolophus thomasi","mass","Body_Mass","g",8.65,8.65,5,2,0,FALSE,"Burger; Wilman","secondary",NA,NA
"Rhinolophus trifoliatus","mass","Body_Mass","g",14.665,14.665,5,2,0,FALSE,"Burger; Wilman","secondary",NA,NA
"Rhinolophus virgo","mass","Body_Mass","g",6,6,4,1,0,FALSE,"Wilman","secondary",NA,NA
"Rhinolophus yunanensis","mass","Body_Mass","g",21.6,21.6,5,2,0,FALSE,"Burger; Wilman","secondary",NA,NA
"Rhinolophus ziama","mass","Body_Mass","g",10.62,10.62,4,1,0,FALSE,"Wilman","secondary",NA,NA
"Rhinonicteris aurantia","mass","Body_Mass","g",8.563,8.65,6,3,0,FALSE,"Burger; Genoud; Wilman","secondary",NA,NA
"Rhinophylla alethina","mass","Body_Mass","g",13.57,13.57,4,1,0,FALSE,"Wilman","secondary",NA,NA
"Rhinophylla fischerae","mass","Body_Mass","g",9.6,9.6,4,1,0,FALSE,"Wilman","secondary",NA,NA
"Rhinophylla pumilio","mass","Body_Mass","g",9.317,9.5,6,3,0,FALSE,"Burger; Genoud; Wilman","secondary",NA,NA
"Rhinopithecus avunculus","mass","Body_Mass","g",8793.095,8793.095,5,2,0,FALSE,"Powell; Wilman","secondary",NA,NA
"Rhinopithecus bieti","mass","Body_Mass","g",10050.27,10050.27,5,2,0,FALSE,"Powell; Wilman","secondary",NA,NA
"Rhinopithecus brelichi","mass","Body_Mass","g",12267.15,12267.15,4,1,0,FALSE,"Wilman","secondary",NA,NA
"Rhinopithecus roxellana","mass","Body_Mass","g",12969.787,13456.8,8,5,0,FALSE,"Burger; Isler; Powell; Wilman; Wimberly","secondary",NA,NA
"Rhinopoma hardwickii","mass","Body_Mass","g",13,13,5,2,0,FALSE,"Burger; Wilman","secondary",NA,NA
"Rhinopoma macinnesi","mass","Body_Mass","g",14.94,14.94,4,1,0,FALSE,"Wilman","secondary",NA,NA
"Rhinopoma microphyllum","mass","Body_Mass","g",21.657,27.1,6,3,0,FALSE,"Burger; Ruf; Wilman","secondary",NA,NA
"Rhinopoma muscatellum","mass","Body_Mass","g",9.14,9.14,4,1,0,FALSE,"Wilman","secondary",NA,NA
"Rhinosciurus laticaudatus","mass","Body_Mass","g",234.125,234.125,5,2,0,FALSE,"Burger; Wilman","secondary",NA,NA
"Rhipidomys austrinus","mass","Body_Mass","g",89,89,4,1,0,FALSE,"Wilman","secondary",NA,NA
"Rhipidomys caucensis","mass","Body_Mass","g",89,89,4,1,0,FALSE,"Wilman","secondary",NA,NA
"Rhipidomys couesi","mass","Body_Mass","g",89,89,4,1,0,FALSE,"Wilman","secondary",NA,NA
"Rhipidomys emiliae","mass","Body_Mass","g",79.72,79.72,4,1,0,FALSE,"Wilman","secondary",NA,NA
"Rhipidomys fulviventer","mass","Body_Mass","g",89,89,4,1,0,FALSE,"Wilman","secondary",NA,NA
"Rhipidomys gardneri","mass","Body_Mass","g",79.72,79.72,4,1,0,FALSE,"Wilman","secondary",NA,NA
"Rhipidomys latimanus","mass","Body_Mass","g",57.5,57.5,4,1,0,FALSE,"Wilman","secondary",NA,NA
"Rhipidomys leucodactylus","mass","Body_Mass","g",80,80,4,1,0,FALSE,"Wilman","secondary",NA,NA
"Rhipidomys macconnelli","mass","Body_Mass","g",41.6,41.6,4,1,0,FALSE,"Wilman","secondary",NA,NA
"Rhipidomys macrurus","mass","Body_Mass","g",79.72,79.72,4,1,0,FALSE,"Wilman","secondary",NA,NA
"Rhipidomys mastacalis","mass","Body_Mass","g",77.5,77.5,4,1,0,FALSE,"Wilman","secondary",NA,NA
"Rhipidomys modicus","mass","Body_Mass","g",79.72,79.72,4,1,0,FALSE,"Wilman","secondary",NA,NA
"Rhipidomys nitela","mass","Body_Mass","g",89,89,4,1,0,FALSE,"Wilman","secondary",NA,NA
"Rhipidomys ochrogaster","mass","Body_Mass","g",89,89,4,1,0,FALSE,"Wilman","secondary",NA,NA
"Rhipidomys venezuelae","mass","Body_Mass","g",90,90,4,1,0,FALSE,"Wilman","secondary",NA,NA
"Rhipidomys venustus","mass","Body_Mass","g",89,89,4,1,0,FALSE,"Wilman","secondary",NA,NA
"Rhipidomys wetzeli","mass","Body_Mass","g",89,89,4,1,0,FALSE,"Wilman","secondary",NA,NA
"Rhizomys pruinosus","mass","Body_Mass","g",2450,2450,4,1,0,FALSE,"Wilman","secondary",NA,NA
"Rhizomys sinensis","mass","Body_Mass","g",865,865,4,1,0,FALSE,"Wilman","secondary",NA,NA
"Rhizomys sumatrensis","mass","Body_Mass","g",1625,1625,4,1,0,FALSE,"Wilman","secondary",NA,NA
"Rhizoplagiodontia lemkei","mass","Body_Mass","g",1350.1,1350.1,4,1,0,FALSE,"Wilman","secondary",NA,NA
"Rhogeessa aeneus","mass","Body_Mass","g",4.22,4.22,4,1,0,FALSE,"Wilman","secondary",NA,NA
"Rhogeessa alleni","mass","Body_Mass","g",5.47,5.47,4,1,0,FALSE,"Wilman","secondary",NA,NA
"Rhogeessa genowaysi","mass","Body_Mass","g",4.64,4.64,4,1,0,FALSE,"Wilman","secondary",NA,NA
"Rhogeessa gracilis","mass","Body_Mass","g",4.88,4.88,4,1,0,FALSE,"Wilman","secondary",NA,NA
"Rhogeessa hussoni","mass","Body_Mass","g",4.22,4.22,4,1,0,FALSE,"Wilman","secondary",NA,NA
"Rhogeessa io","mass","Body_Mass","g",4.22,4.22,4,1,0,FALSE,"Wilman","secondary",NA,NA
"Rhogeessa minutilla","mass","Body_Mass","g",3.75,3.75,4,1,0,FALSE,"Wilman","secondary",NA,NA
"Rhogeessa mira","mass","Body_Mass","g",4.91,4.91,4,1,0,FALSE,"Wilman","secondary",NA,NA
"Rhogeessa parvula","mass","Body_Mass","g",4.36,4.36,5,2,0,FALSE,"Burger; Wilman","secondary",NA,NA
"Rhogeessa tumida","mass","Body_Mass","g",4.815,4.815,5,2,0,FALSE,"Burger; Wilman","secondary",NA,NA
"Rhombomys opimus","mass","Body_Mass","g",144,144,4,1,0,FALSE,"Wilman","secondary",NA,NA
"Rhynchocyon chrysopygus","mass","Body_Mass","g",540,540,4,1,0,FALSE,"Wilman","secondary",NA,NA
"Rhynchocyon cirnei","mass","Body_Mass","g",490,490,9,3,1,TRUE,"Burger; Stephan_collection; Wilman","primary; secondary",NA,NA
"Rhynchocyon petersi","mass","Body_Mass","g",397,397,5,2,0,FALSE,"Burger; Wilman","secondary",NA,NA
"Rhynchogale melleri","mass","Body_Mass","g",2610,2610,5,2,0,FALSE,"Burger; Wilman","secondary",NA,NA
"Rhyncholestes raphanurus","mass","Body_Mass","g",22.25,22.25,5,2,0,FALSE,"Burger; Wilman","secondary",NA,NA
"Rhynchomeles prattorum","mass","Body_Mass","g",862.26,862.26,5,2,0,FALSE,"Burger; Wilman","secondary",NA,NA
"Rhynchomys isarogensis","mass","Body_Mass","g",122.5,122.5,4,1,0,FALSE,"Wilman","secondary",NA,NA
"Rhynchomys soricoides","mass","Body_Mass","g",187,187,4,1,0,FALSE,"Wilman","secondary",NA,NA
"Rhynchonycteris naso","mass","Body_Mass","g",4.065,4.065,5,2,0,FALSE,"Burger; Wilman","secondary",NA,NA
"Romerolagus diazi","mass","Body_Mass","g",476.65,476.65,4,1,0,FALSE,"Wilman","secondary",NA,NA
"Rousettus aegyptiacus","mass","Body_Mass","g",135.953,132.24,6,3,0,FALSE,"Burger; Genoud; Wilman","secondary",NA,NA
"Rousettus amplexicaudatus","mass","Body_Mass","g",84.783,82.47,6,3,0,FALSE,"Burger; Genoud; Wilman","secondary",NA,NA
"Rousettus bidens","mass","Body_Mass","g",62.39,62.39,4,1,0,FALSE,"Wilman","secondary",NA,NA
"Rousettus celebensis","mass","Body_Mass","g",56.3,56.3,4,1,0,FALSE,"Wilman","secondary",NA,NA
"Rousettus lanosus","mass","Body_Mass","g",103,103,4,1,0,FALSE,"Wilman","secondary",NA,NA
"Rousettus leschenaultii","mass","Body_Mass","g",84.88,84.88,4,1,0,FALSE,"Wilman","secondary",NA,NA
"Rousettus linduensis","mass","Body_Mass","g",77.74,77.74,4,1,0,FALSE,"Wilman","secondary",NA,NA
"Rousettus madagascariensis","mass","Body_Mass","g",62.1,62.1,4,1,0,FALSE,"Wilman","secondary",NA,NA
"Rousettus obliviosus","mass","Body_Mass","g",44.1,44.1,4,1,0,FALSE,"Wilman","secondary",NA,NA
"Rousettus spinalatus","mass","Body_Mass","g",90.75,90.75,4,1,0,FALSE,"Wilman","secondary",NA,NA
"Rubrisciurus rubriventer","mass","Body_Mass","g",129.52,129.52,4,1,0,FALSE,"Wilman","secondary",NA,NA
"Rucervus duvaucelii","mass","Body_Mass","g",171223.86,171223.86,4,1,0,FALSE,"Wilman","secondary",NA,NA
"Rucervus eldii","mass","Body_Mass","g",95471.61,95471.61,4,1,0,FALSE,"Wilman","secondary",NA,NA
"Rucervus schomburgki","mass","Body_Mass","g",107626.42,107626.42,4,1,0,FALSE,"Wilman","secondary",NA,NA
"Rupicapra pyrenaica","mass","Body_Mass","g",30000,30000,4,1,0,FALSE,"Wilman","secondary",NA,NA
"Rupicapra rupicapra","mass","Body_Mass","g",26633.5,26633.5,5,2,0,FALSE,"Burger; Wilman","secondary",NA,NA
"Rusa alfredi","mass","Body_Mass","g",46475.04,46475.04,4,1,0,FALSE,"Wilman","secondary",NA,NA
"Rusa marianna","mass","Body_Mass","g",49457.61,49457.61,4,1,0,FALSE,"Wilman","secondary",NA,NA
"Rusa timorensis","mass","Body_Mass","g",66375.5,66375.5,4,1,0,FALSE,"Wilman","secondary",NA,NA
"Rusa unicolor","mass","Body_Mass","g",177522.9,177522.9,4,1,0,FALSE,"Wilman","secondary",NA,NA
"Ruwenzorisorex suncoides","mass","Body_Mass","g",18.2,18.2,4,1,0,FALSE,"Wilman","secondary",NA,NA
"S. sciureus","mass","Body_Mass","g",900,900,4,1,1,TRUE,"Weaver","primary",NA,NA
"Saccolaimus flaviventris","mass","Body_Mass","g",42.13,42.13,4,1,0,FALSE,"Wilman","secondary",NA,NA
"Saccolaimus mixtus","mass","Body_Mass","g",23.03,23.03,4,1,0,FALSE,"Wilman","secondary",NA,NA
"Saccolaimus peli","mass","Body_Mass","g",100,100,4,1,0,FALSE,"Wilman","secondary",NA,NA
"Saccolaimus saccolaimus","mass","Body_Mass","g",42.4,42.4,5,2,0,FALSE,"Burger; Wilman","secondary",NA,NA
"Saccopteryx antioquensis","mass","Body_Mass","g",4.72,4.72,4,1,0,FALSE,"Wilman","secondary",NA,NA
"Saccopteryx bilineata","mass","Body_Mass","g",7.793,7.8,6,3,0,FALSE,"Burger; Genoud; Wilman","secondary",NA,NA
"Saccopteryx canescens","mass","Body_Mass","g",3.39,3.39,5,2,0,FALSE,"Burger; Wilman","secondary",NA,NA
"Saccopteryx gymnura","mass","Body_Mass","g",4,4,4,1,0,FALSE,"Wilman","secondary",NA,NA
"Saccopteryx leptura","mass","Body_Mass","g",4.607,4.72,6,3,0,FALSE,"Burger; Genoud; Wilman","secondary",NA,NA
"Saccostomus campestris","mass","Body_Mass","g",60.332,60.49,8,4,0,FALSE,"Burger; Genoud; Ruf; Wilman","secondary",NA,NA
"Saccostomus mearnsi","mass","Body_Mass","g",45.5,45.5,4,1,0,FALSE,"Wilman","secondary",NA,NA
"Saguinus bicolor","mass","Body_Mass","g",473,473,6,3,1,TRUE,"Heldstab; Powell; Wilman","primary; secondary",NA,NA
"Saguinus fuscicollis","mass","Body_Mass","g",383.462,387,11,5,0,FALSE,"Burger; Granatosky; Isler; Powell; Wilman","secondary",NA,NA
"Saguinus geoffroyi","mass","Body_Mass","g",457.98,486.5,11,7,0,FALSE,"Burger; Genoud; Granatosky; Isler; Powell; Wilman; Zilles","secondary",NA,NA
"Saguinus graellsi","mass","Body_Mass","g",462.13,462.13,4,1,0,FALSE,"Wilman","secondary",NA,NA
"Saguinus imperator","mass","Body_Mass","g",446,446,5,2,1,TRUE,"Heldstab; Wilman","primary; secondary",NA,NA
"Saguinus inustus","mass","Body_Mass","g",410.5,410.5,4,1,0,FALSE,"Wilman","secondary",NA,NA
"Saguinus labiatus","mass","Body_Mass","g",520,520,9,6,1,TRUE,"Burger; Granatosky; Heldstab; Isler; Powell; Wilman","primary; secondary",NA,NA
"Saguinus leucopus","mass","Body_Mass","g",502.292,522.083,7,4,0,FALSE,"Burger; Isler; Powell; Wilman","secondary",NA,NA
"Saguinus martinsi","mass","Body_Mass","g",462.13,462.13,4,1,0,FALSE,"Wilman","secondary",NA,NA
"Saguinus melanoleucus","mass","Body_Mass","g",462.13,462.13,4,1,0,FALSE,"Wilman","secondary",NA,NA
"Saguinus midas","mass","Body_Mass","g",340,340,18,8,2,TRUE,"Burger; Granatosky; Isler; Lewitus; Powell; Stephan; Stephan_collection; Wilman","primary; secondary",NA,NA
"Saguinus midas group","mass","Body_Mass","g",400.833,400.833,9,1,0,FALSE,"Isler","secondary",NA,NA
"Saguinus mystax","mass","Body_Mass","g",578.175,584,10,5,0,FALSE,"Burger; Granatosky; Isler; Powell; Wilman","secondary",NA,NA
"Saguinus mystax group","mass","Body_Mass","g",568.3,568.3,13,1,0,FALSE,"Isler","secondary",NA,NA
"Saguinus mystax pileatus","mass","Body_Mass","g",524.5,524.5,4,1,0,FALSE,"Powell","secondary",NA,NA
"Saguinus niger","mass","Body_Mass","g",396.783,375,7,4,0,FALSE,"Burger; Isler; Powell; Wilman","secondary",NA,NA
"Saguinus nigricollis","mass","Body_Mass","g",472.5,476,7,4,0,FALSE,"Burger; Isler; Powell; Wilman","secondary",NA,NA
"Saguinus nigricollis group","mass","Body_Mass","g",401.143,401.143,24,1,0,FALSE,"Isler","secondary",NA,NA
"Saguinus oedipus","mass","Body_Mass","g",398.312,393.125,25,13,4,TRUE,"10.1002%2Fcne.24349_Table3.tsv; Burger; Genoud; Heffner; Heldstab; Isler; Lewitus; MacLarnon; Powell; Stephan; Stephan_collection; Wilman; Zilles","primary; secondary",NA,NA
"Saguinus oedipus group","mass","Body_Mass","g",446.3,446.3,73,1,0,FALSE,"Isler","secondary",NA,NA
"Saguinus pileatus","mass","Body_Mass","g",503.877,524.5,6,3,0,FALSE,"Burger; Isler; Wilman","secondary",NA,NA
"Saguinus tripartitus","mass","Body_Mass","g",393.5,393.5,4,1,0,FALSE,"Wilman","secondary",NA,NA
"Saiga borealis","mass","Body_Mass","g",29000,29000,4,1,0,FALSE,"Wilman","secondary",NA,NA
"Saiga tatarica","mass","Body_Mass","g",33367.005,33367.005,5,2,0,FALSE,"Wilman; Wimberly","secondary",NA,NA
"Saimiri boliviensis","mass","Body_Mass","g",811.287,871.5,13,7,0,FALSE,"10.1002%2Fcne.24349_Table3.tsv; Burger; Genoud; Granatosky; Isler; Powell; Wilman","secondary",NA,NA
"Saimiri boliviensis group","mass","Body_Mass","g",940,940,5,1,0,FALSE,"Isler","secondary",NA,NA
"Saimiri oerstedii","mass","Body_Mass","g",628.2,680,9,5,0,FALSE,"Burger; Granatosky; Isler; Powell; Wilman","secondary",NA,NA
"Saimiri sciureus","mass","Body_Mass","g",764.661,770,36,18,6,TRUE,"Burger; Burish; Finlay; Genoud; Granatosky; Heffner; Heldstab; HerculanoHouzel; Isler; Lewitus; MacLarnon; Powell; RillingInsel; Seymour; Stephan; Stephan_collection; Wilman; Wimberly","primary; review; secondary",NA,NA
"Saimiri sciureus group","mass","Body_Mass","g",830.538,830.538,83,1,0,FALSE,"Isler","secondary",NA,NA
"Saimiri ustus","mass","Body_Mass","g",1000,1000,4,1,0,FALSE,"Wilman","secondary",NA,NA
"Saimiri vanzolinii","mass","Body_Mass","g",769.61,769.61,4,1,0,FALSE,"Wilman","secondary",NA,NA
"Salanoia concolor","mass","Body_Mass","g",715,715,5,2,0,FALSE,"Burger; Wilman","secondary",NA,NA
"Salinoctomys loschalchalerosorum","mass","Body_Mass","g",136.62,136.62,4,1,0,FALSE,"Wilman","secondary",NA,NA
"Salinomys delicatus","mass","Body_Mass","g",12.3,12.3,4,1,0,FALSE,"Wilman","secondary",NA,NA
"Salpingotulus michaelis","mass","Body_Mass","g",29.05,29.05,4,1,0,FALSE,"Wilman","secondary",NA,NA
"Salpingotus crassicauda","mass","Body_Mass","g",13.1,13.1,4,1,0,FALSE,"Wilman","secondary",NA,NA
"Salpingotus heptneri","mass","Body_Mass","g",8.9,8.9,4,1,0,FALSE,"Wilman","secondary",NA,NA
"Salpingotus kozlovi","mass","Body_Mass","g",10.73,10.73,4,1,0,FALSE,"Wilman","secondary",NA,NA
"Salpingotus pallidus","mass","Body_Mass","g",9.8,9.8,4,1,0,FALSE,"Wilman","secondary",NA,NA
"Salpingotus thomasi","mass","Body_Mass","g",10.45,10.45,4,1,0,FALSE,"Wilman","secondary",NA,NA
"Sapajus apella","mass","Body_Mass","g",1875.5,1875.5,16,10,2,TRUE,"Burger; Granatosky; Heffner; Heldstab; HerculanoHouzel; Isler; Powell; RillingInsel; Wilman; Wimberly","primary; secondary",NA,NA
"Sarcophilus harrisii","mass","Body_Mass","g",8143.896,8101.125,9,4,0,FALSE,"Burger; Genoud; Wilman; Wimberly","secondary",NA,NA
"Sauromys petrophilus","mass","Body_Mass","g",12.615,12.615,5,2,0,FALSE,"Genoud; Wilman","secondary",NA,NA
"Scalopus aquaticus","mass","Body_Mass","g",100,100,8,5,1,TRUE,"Burger; Genoud; Heffner; HerculanoHouzel; Wilman","primary; secondary",NA,NA
"Scapanulus oweni","mass","Body_Mass","g",36.64,36.64,4,1,0,FALSE,"Wilman","secondary",NA,NA
"Scapanus latimanus","mass","Body_Mass","g",58,58,5,2,0,FALSE,"Genoud; Wilman","secondary",NA,NA
"Scapanus orarius","mass","Body_Mass","g",61.2,61.2,5,2,0,FALSE,"Genoud; Wilman","secondary",NA,NA
"Scapanus townsendii","mass","Body_Mass","g",113.933,130.1,6,3,0,FALSE,"Burger; Genoud; Wilman","secondary",NA,NA
"Scapteromys aquaticus","mass","Body_Mass","g",146,146,4,1,0,FALSE,"Wilman","secondary",NA,NA
"Scapteromys tumidus","mass","Body_Mass","g",146,146,4,1,0,FALSE,"Wilman","secondary",NA,NA
"Scaptochirus moschatus","mass","Body_Mass","g",90.51,90.51,4,1,0,FALSE,"Wilman","secondary",NA,NA
"Scaptonyx fusicaudus","mass","Body_Mass","g",19.41,19.41,4,1,0,FALSE,"Wilman","secondary",NA,NA
"Scardafella inca","mass","Body_Mass","g",44,44,4,1,0,FALSE,"Ruf","secondary",NA,NA
"Sciurillus pusillus","mass","Body_Mass","g",39,39,4,1,0,FALSE,"Wilman","secondary",NA,NA
"Sciurocheirus alleni cameronensis","mass","Body_Mass","g",269,269,4,1,0,FALSE,"Powell","secondary",NA,NA
"Sciurocheirus gabonensis","mass","Body_Mass","g",260,260,4,1,0,FALSE,"Powell","secondary",NA,NA
"Sciurotamias davidianus","mass","Body_Mass","g",433.51,433.51,4,1,0,FALSE,"Wilman","secondary",NA,NA
"Sciurotamias forresti","mass","Body_Mass","g",433.51,433.51,4,1,0,FALSE,"Wilman","secondary",NA,NA
"Sciurus aberti","mass","Body_Mass","g",624.83,624,6,3,0,FALSE,"Burger; Genoud; Wilman","secondary",NA,NA
"Sciurus aestuans","mass","Body_Mass","g",185,185,4,1,0,FALSE,"Wilman","secondary",NA,NA
"Sciurus alleni","mass","Body_Mass","g",434.5,434.5,4,1,0,FALSE,"Wilman","secondary",NA,NA
"Sciurus anomalus","mass","Body_Mass","g",256,256,4,1,0,FALSE,"Wilman","secondary",NA,NA
"Sciurus arizonensis","mass","Body_Mass","g",646.99,646.99,4,1,0,FALSE,"Wilman","secondary",NA,NA
"Sciurus aureogaster","mass","Body_Mass","g",595,595,5,2,0,FALSE,"Burger; Wilman","secondary",NA,NA
"Sciurus carolinensis","mass","Body_Mass","g",650,650,8,5,1,TRUE,"Burger; Finlay; Genoud; HerculanoHouzel; Wilman","primary; secondary",NA,NA
"Sciurus colliaei","mass","Body_Mass","g",498,498,4,1,0,FALSE,"Wilman","secondary",NA,NA
"Sciurus deppei","mass","Body_Mass","g",190,190,4,1,0,FALSE,"Wilman","secondary",NA,NA
"Sciurus flammifer","mass","Body_Mass","g",4292.99,4292.99,4,1,0,FALSE,"Wilman","secondary",NA,NA
"Sciurus gilvigularis","mass","Body_Mass","g",803.01,803.01,4,1,0,FALSE,"Wilman","secondary",NA,NA
"Sciurus granatensis","mass","Body_Mass","g",325,325,5,2,0,FALSE,"Burger; Wilman","secondary",NA,NA
"Sciurus griseus","mass","Body_Mass","g",717.425,717.425,5,2,0,FALSE,"Wilman; Wimberly","secondary",NA,NA
"Sciurus hudsonius","mass","Body_Mass","g",600,600,4,1,1,TRUE,"Heffner","primary",NA,NA
"Sciurus ignitus","mass","Body_Mass","g",190,190,4,1,0,FALSE,"Wilman","secondary",NA,NA
"Sciurus igniventris","mass","Body_Mass","g",700,700,4,1,0,FALSE,"Wilman","secondary",NA,NA
"Sciurus lis","mass","Body_Mass","g",264.3,264.3,4,1,0,FALSE,"Wilman","secondary",NA,NA
"Sciurus nayaritensis","mass","Body_Mass","g",697,697,4,1,0,FALSE,"Wilman","secondary",NA,NA
"Sciurus niger","mass","Body_Mass","g",681.373,761.9,6,3,0,FALSE,"Burger; Wilman; Wimberly","secondary",NA,NA
"Sciurus oculatus","mass","Body_Mass","g",649.99,649.99,4,1,0,FALSE,"Wilman","secondary",NA,NA
"Sciurus pucheranii","mass","Body_Mass","g",803.01,803.01,4,1,0,FALSE,"Wilman","secondary",NA,NA
"Sciurus pyrrhinus","mass","Body_Mass","g",482,482,4,1,0,FALSE,"Wilman","secondary",NA,NA
"Sciurus richmondi","mass","Body_Mass","g",205,205,4,1,0,FALSE,"Wilman","secondary",NA,NA
"Sciurus sanborni","mass","Body_Mass","g",136,136,4,1,0,FALSE,"Wilman","secondary",NA,NA
"Sciurus spadiceus","mass","Body_Mass","g",403.33,403.33,4,1,0,FALSE,"Wilman","secondary",NA,NA
"Sciurus stramineus","mass","Body_Mass","g",433.3,433.3,4,1,0,FALSE,"Wilman","secondary",NA,NA
"Sciurus variegatoides","mass","Body_Mass","g",307.5,307.5,5,2,0,FALSE,"Genoud; Wilman","secondary",NA,NA
"Sciurus vulgaris","mass","Body_Mass","g",330.2,330.2,5,2,0,FALSE,"Burger; Wilman","secondary",NA,NA
"Sciurus yucatanensis","mass","Body_Mass","g",225,225,4,1,0,FALSE,"Wilman","secondary",NA,NA
"Scleronycteris ega","mass","Body_Mass","g",49,49,4,1,0,FALSE,"Wilman","secondary",NA,NA
"Scolomys melanops","mass","Body_Mass","g",26.5,26.5,4,1,0,FALSE,"Wilman","secondary",NA,NA
"Scolomys ucayalensis","mass","Body_Mass","g",26.5,26.5,4,1,0,FALSE,"Wilman","secondary",NA,NA
"Scoteanax rueppellii","mass","Body_Mass","g",26.41,26.41,4,1,0,FALSE,"Wilman","secondary",NA,NA
"Scotinomys teguina","mass","Body_Mass","g",11.625,11.625,5,2,0,FALSE,"Genoud; Wilman","secondary",NA,NA
"Scotinomys xerampelinus","mass","Body_Mass","g",15.1,15.1,5,2,0,FALSE,"Genoud; Wilman","secondary",NA,NA
"Scotoecus albigula","mass","Body_Mass","g",10.08,10.08,4,1,0,FALSE,"Wilman","secondary",NA,NA
"Scotoecus albofuscus","mass","Body_Mass","g",4.5,4.5,4,1,0,FALSE,"Wilman","secondary",NA,NA
"Scotoecus hindei","mass","Body_Mass","g",10.41,10.41,4,1,0,FALSE,"Wilman","secondary",NA,NA
"Scotoecus hirundo","mass","Body_Mass","g",9.34,9.34,4,1,0,FALSE,"Wilman","secondary",NA,NA
"Scotoecus pallidus","mass","Body_Mass","g",7.43,7.43,4,1,0,FALSE,"Wilman","secondary",NA,NA
"Scotomanes ornatus","mass","Body_Mass","g",21.8,21.8,5,2,0,FALSE,"Burger; Wilman","secondary",NA,NA
"Scotonycteris ophiodon","mass","Body_Mass","g",67.5,67.5,4,1,0,FALSE,"Wilman","secondary",NA,NA
"Scotonycteris zenkeri","mass","Body_Mass","g",21.09,21.09,5,2,0,FALSE,"Burger; Wilman","secondary",NA,NA
"Scotophilus borbonicus","mass","Body_Mass","g",18,18,4,1,0,FALSE,"Wilman","secondary",NA,NA
"Scotophilus celebensis","mass","Body_Mass","g",26.77,26.77,4,1,0,FALSE,"Wilman","secondary",NA,NA
"Scotophilus collinus","mass","Body_Mass","g",28.26,28.26,4,1,0,FALSE,"Wilman","secondary",NA,NA
"Scotophilus dinganii","mass","Body_Mass","g",26.143,25.13,6,3,0,FALSE,"Burger; Ruf; Wilman","secondary",NA,NA
"Scotophilus heathii","mass","Body_Mass","g",33.815,33.815,5,2,0,FALSE,"Burger; Wilman","secondary",NA,NA
"Scotophilus kuhlii","mass","Body_Mass","g",20.165,20.165,5,2,0,FALSE,"Burger; Wilman","secondary",NA,NA
"Scotophilus leucogaster","mass","Body_Mass","g",20.23,20.23,4,1,0,FALSE,"Wilman","secondary",NA,NA
"Scotophilus mhlanganii","mass","Body_Mass","g",28,28,4,1,0,FALSE,"Ruf","secondary",NA,NA
"Scotophilus nigrita","mass","Body_Mass","g",101,101,5,2,0,FALSE,"Burger; Wilman","secondary",NA,NA
"Scotophilus nucella","mass","Body_Mass","g",28.26,28.26,4,1,0,FALSE,"Wilman","secondary",NA,NA
"Scotophilus nux","mass","Body_Mass","g",30,30,4,1,0,FALSE,"Wilman","secondary",NA,NA
"Scotophilus robustus","mass","Body_Mass","g",26.03,26.03,4,1,0,FALSE,"Wilman","secondary",NA,NA
"Scotophilus viridis","mass","Body_Mass","g",19.6,19.6,4,1,0,FALSE,"Wilman","secondary",NA,NA
"Scotorepens balstoni","mass","Body_Mass","g",11.92,11.92,4,1,0,FALSE,"Wilman","secondary",NA,NA
"Scotorepens greyii","mass","Body_Mass","g",10,10,4,1,0,FALSE,"Wilman","secondary",NA,NA
"Scotorepens orion","mass","Body_Mass","g",11.83,11.83,4,1,0,FALSE,"Wilman","secondary",NA,NA
"Scotorepens sanborni","mass","Body_Mass","g",8.615,8.615,5,2,0,FALSE,"Burger; Wilman","secondary",NA,NA
"Scotozous dormeri","mass","Body_Mass","g",6.795,6.795,5,2,0,FALSE,"Burger; Wilman","secondary",NA,NA
"scutisorexãsomereni","mass","Body_Mass","g",91.5,91.5,4,1,0,FALSE,"Wilman","secondary",NA,NA
"Sekeetamys calurus","mass","Body_Mass","g",58.892,58.892,7,2,0,FALSE,"Genoud; Wilman","secondary",NA,NA
"Selasphorus platycercus","mass","Body_Mass","g",3.5,3.5,4,1,0,FALSE,"Ruf","secondary",NA,NA
"Selasphorus rufus","mass","Body_Mass","g",3.3,3.3,4,1,0,FALSE,"Ruf","secondary",NA,NA
"Selasphorus sasin","mass","Body_Mass","g",3,3,4,1,0,FALSE,"Ruf","secondary",NA,NA
"Selevinia betpakdalaensis","mass","Body_Mass","g",28,28,4,1,0,FALSE,"Wilman","secondary",NA,NA
"Semnopithecus ajax","mass","Body_Mass","g",14470.583,16329.75,6,3,0,FALSE,"Burger; Isler; Wilman","secondary",NA,NA
"Semnopithecus dussumieri","mass","Body_Mass","g",10552.656,10664.146,7,4,0,FALSE,"Burger; Isler; Powell; Wilman","secondary",NA,NA
"Semnopithecus entellus","mass","Body_Mass","g",12533,12533,8,5,1,TRUE,"Burger; Isler; Powell; Seymour; Wilman","primary; secondary",NA,NA
"Semnopithecus hector","mass","Body_Mass","g",10752,10752,4,1,0,FALSE,"Wilman","secondary",NA,NA
"Semnopithecus hypoleucos","mass","Body_Mass","g",10078.325,10078.325,5,2,0,FALSE,"Burger; Wilman","secondary",NA,NA
"Semnopithecus priam","mass","Body_Mass","g",8613.143,8561.786,7,4,0,FALSE,"Burger; Isler; Powell; Wilman","secondary",NA,NA
"Semnopithecus schistaceus","mass","Body_Mass","g",14888,15900,7,4,0,FALSE,"Burger; Isler; Powell; Wilman","secondary",NA,NA
"Setifer setosus","mass","Body_Mass","g",247.083,247.083,16,6,2,TRUE,"Burger; Genoud; Ruf; Stephan; Stephan_collection; Wilman","primary; secondary",NA,NA
"Setonix brachyurus","mass","Body_Mass","g",3500,3500,7,4,1,TRUE,"Burger; Genoud; Heffner; Wilman","primary; secondary",NA,NA
"Sicista armenica","mass","Body_Mass","g",6.53,6.53,4,1,0,FALSE,"Wilman","secondary",NA,NA
"Sicista betulina","mass","Body_Mass","g",9.75,9.75,5,2,0,FALSE,"Genoud; Wilman","secondary",NA,NA
"Sicista caucasica","mass","Body_Mass","g",10,10,4,1,0,FALSE,"Wilman","secondary",NA,NA
"Sicista caudata","mass","Body_Mass","g",11.2,11.2,4,1,0,FALSE,"Wilman","secondary",NA,NA
"Sicista concolor","mass","Body_Mass","g",13.1,13.1,4,1,0,FALSE,"Wilman","secondary",NA,NA
"Sicista kazbegica","mass","Body_Mass","g",6.43,6.43,4,1,0,FALSE,"Wilman","secondary",NA,NA
"Sicista kluchorica","mass","Body_Mass","g",7.2,7.2,4,1,0,FALSE,"Wilman","secondary",NA,NA
"Sicista napaea","mass","Body_Mass","g",10,10,4,1,0,FALSE,"Wilman","secondary",NA,NA
"Sicista pseudonapaea","mass","Body_Mass","g",12.2,12.2,4,1,0,FALSE,"Wilman","secondary",NA,NA
"Sicista severtzovi","mass","Body_Mass","g",11.77,11.77,4,1,0,FALSE,"Wilman","secondary",NA,NA
"Sicista strandi","mass","Body_Mass","g",10.3,10.3,4,1,0,FALSE,"Wilman","secondary",NA,NA
"Sicista subtilis","mass","Body_Mass","g",11.75,11.75,4,1,0,FALSE,"Wilman","secondary",NA,NA
"Sicista tianshanica","mass","Body_Mass","g",10.3,10.3,4,1,0,FALSE,"Wilman","secondary",NA,NA
"Sigmodon alleni","mass","Body_Mass","g",149.55,149.55,5,2,0,FALSE,"Genoud; Wilman","secondary",NA,NA
"Sigmodon alstoni","mass","Body_Mass","g",55.7,55.7,4,1,0,FALSE,"Wilman","secondary",NA,NA
"Sigmodon arizonae","mass","Body_Mass","g",198,198,4,1,0,FALSE,"Wilman","secondary",NA,NA
"Sigmodon fulviventer","mass","Body_Mass","g",175.925,175.925,6,2,0,FALSE,"Genoud; Wilman","secondary",NA,NA
"Sigmodon hirsutus","mass","Body_Mass","g",120.085,120.085,5,2,0,FALSE,"Genoud; Wilman","secondary",NA,NA
"Sigmodon hispidus","mass","Body_Mass","g",129.038,132.5,11,3,0,FALSE,"Burger; Genoud; Wilman","secondary",NA,NA
"Sigmodon inopinatus","mass","Body_Mass","g",140.5,140.5,4,1,0,FALSE,"Wilman","secondary",NA,NA
"Sigmodon leucotis","mass","Body_Mass","g",132.05,132.05,5,2,0,FALSE,"Genoud; Wilman","secondary",NA,NA
"Sigmodon mascotensis","mass","Body_Mass","g",118.1,118.1,5,2,0,FALSE,"Genoud; Wilman","secondary",NA,NA
"Sigmodon ochrognathus","mass","Body_Mass","g",118.55,118.55,5,2,0,FALSE,"Genoud; Wilman","secondary",NA,NA
"Sigmodon peruanus","mass","Body_Mass","g",127.32,127.32,4,1,0,FALSE,"Wilman","secondary",NA,NA
"Sigmodon planifrons","mass","Body_Mass","g",142.985,142.985,5,2,0,FALSE,"Genoud; Wilman","secondary",NA,NA
"Sigmodon toltecus","mass","Body_Mass","g",109.085,109.085,5,2,0,FALSE,"Genoud; Wilman","secondary",NA,NA
"Sigmodon zanjonensis","mass","Body_Mass","g",130.37,130.37,4,1,0,FALSE,"Wilman","secondary",NA,NA
"Sigmodontomys alfari","mass","Body_Mass","g",50,50,4,1,0,FALSE,"Wilman","secondary",NA,NA
"Sigmodontomys aphrastus","mass","Body_Mass","g",71,71,4,1,0,FALSE,"Wilman","secondary",NA,NA
"Simias concolor","mass","Body_Mass","g",7242.225,7096.95,7,4,0,FALSE,"Burger; Isler; Powell; Wilman","secondary",NA,NA
"Sminthopsis aitkeni","mass","Body_Mass","g",22.5,22.5,4,1,0,FALSE,"Wilman","secondary",NA,NA
"Sminthopsis archeri","mass","Body_Mass","g",16,16,4,1,0,FALSE,"Wilman","secondary",NA,NA
"Sminthopsis bindi","mass","Body_Mass","g",15.25,15.25,5,2,0,FALSE,"Burger; Wilman","secondary",NA,NA
"Sminthopsis boullangerensis","mass","Body_Mass","g",19.89,19.89,4,1,0,FALSE,"Wilman","secondary",NA,NA
"Sminthopsis butleri","mass","Body_Mass","g",25,25,4,1,0,FALSE,"Wilman","secondary",NA,NA
"Sminthopsis crassicaudata","mass","Body_Mass","g",20,20,17,5,1,TRUE,"Burger; Finlay; Genoud; Ruf; Wilman","primary; secondary",NA,NA
"Sminthopsis dolichura","mass","Body_Mass","g",13.6,13.6,4,1,0,FALSE,"Wilman","secondary",NA,NA
"Sminthopsis douglasi","mass","Body_Mass","g",56.667,55,6,3,0,FALSE,"Burger; Ruf; Wilman","secondary",NA,NA
"Sminthopsis fuliginosus","mass","Body_Mass","g",19.89,19.89,4,1,0,FALSE,"Wilman","secondary",NA,NA
"Sminthopsis gilberti","mass","Body_Mass","g",19.5,19.5,4,1,0,FALSE,"Wilman","secondary",NA,NA
"Sminthopsis granulipes","mass","Body_Mass","g",25,25,4,1,0,FALSE,"Wilman","secondary",NA,NA
"Sminthopsis griseoventer","mass","Body_Mass","g",17.5,17.5,5,2,0,FALSE,"Burger; Wilman","secondary",NA,NA
"Sminthopsis hirtipes","mass","Body_Mass","g",17,17,5,2,0,FALSE,"Burger; Wilman","secondary",NA,NA
"Sminthopsis leucopus","mass","Body_Mass","g",24.25,24.25,5,2,0,FALSE,"Burger; Wilman","secondary",NA,NA
"Sminthopsis longicaudata","mass","Body_Mass","g",18,18,4,1,0,FALSE,"Wilman","secondary",NA,NA
"Sminthopsis macroura","mass","Body_Mass","g",21.491,20.981,14,4,0,FALSE,"Burger; Genoud; Ruf; Wilman","secondary",NA,NA
"Sminthopsis murina","mass","Body_Mass","g",18,18,7,4,0,FALSE,"Burger; Genoud; Ruf; Wilman","secondary",NA,NA
"Sminthopsis ooldea","mass","Body_Mass","g",10.9,11,6,3,0,FALSE,"Genoud; Ruf; Wilman","secondary",NA,NA
"Sminthopsis psammophila","mass","Body_Mass","g",38.55,38.55,5,2,0,FALSE,"Genoud; Wilman","secondary",NA,NA
"Sminthopsis virginiae","mass","Body_Mass","g",40.625,40.625,5,2,0,FALSE,"Burger; Wilman","secondary",NA,NA
"Sminthopsis youngsoni","mass","Body_Mass","g",10.1,10.1,4,1,0,FALSE,"Wilman","secondary",NA,NA
"Solenodon arredondoi","mass","Body_Mass","g",764.85,764.85,4,1,0,FALSE,"Wilman","secondary",NA,NA
"Solenodon cubanus","mass","Body_Mass","g",650,650,4,1,0,FALSE,"Wilman","secondary",NA,NA
"Solenodon marcanoi","mass","Body_Mass","g",764.85,764.85,4,1,0,FALSE,"Wilman","secondary",NA,NA
"Solenodon paradoxus","mass","Body_Mass","g",900,900,9,3,1,TRUE,"Burger; Stephan_collection; Wilman","primary; secondary",NA,NA
"Solisorex pearsoni","mass","Body_Mass","g",10.3,10.3,4,1,0,FALSE,"Wilman","secondary",NA,NA
"Solomys ponceleti","mass","Body_Mass","g",1000,1000,4,1,0,FALSE,"Wilman","secondary",NA,NA
"Solomys salamonis","mass","Body_Mass","g",408.8,408.8,4,1,0,FALSE,"Wilman","secondary",NA,NA
"Solomys salebrosus","mass","Body_Mass","g",397,397,4,1,0,FALSE,"Wilman","secondary",NA,NA
"Solomys sapientis","mass","Body_Mass","g",402.48,402.48,4,1,0,FALSE,"Wilman","secondary",NA,NA
"Solomys spriggsarum","mass","Body_Mass","g",630.08,630.08,4,1,0,FALSE,"Wilman","secondary",NA,NA
"Sommeromys macrorhinos","mass","Body_Mass","g",71.33,71.33,4,1,0,FALSE,"Wilman","secondary",NA,NA
"Sorex alaskanus","mass","Body_Mass","g",14,14,4,1,0,FALSE,"Wilman","secondary",NA,NA
"Sorex alpinus","mass","Body_Mass","g",7.85,7.85,5,2,0,FALSE,"Genoud; Wilman","secondary",NA,NA
"Sorex antinorii","mass","Body_Mass","g",6.05,6.05,4,1,0,FALSE,"Wilman","secondary",NA,NA
"Sorex araneus","mass","Body_Mass","g",10.28,10.28,16,5,1,TRUE,"Burger; Genoud; Lewitus; Stephan_collection; Wilman","primary; secondary",NA,NA
"Sorex arcticus","mass","Body_Mass","g",8.175,8.175,5,2,0,FALSE,"Burger; Wilman","secondary",NA,NA
"Sorex arizonae","mass","Body_Mass","g",2.4,2.4,4,1,0,FALSE,"Wilman","secondary",NA,NA
"Sorex arunchi","mass","Body_Mass","g",6.05,6.05,4,1,0,FALSE,"Wilman","secondary",NA,NA
"Sorex asper","mass","Body_Mass","g",7.95,7.95,4,1,0,FALSE,"Wilman","secondary",NA,NA
"Sorex averini","mass","Body_Mass","g",6.05,6.05,4,1,0,FALSE,"Wilman","secondary",NA,NA
"Sorex bairdi","mass","Body_Mass","g",8.33,8.33,4,1,0,FALSE,"Wilman","secondary",NA,NA
"Sorex bedfordiae","mass","Body_Mass","g",6.6,6.6,4,1,0,FALSE,"Wilman","secondary",NA,NA
"Sorex bendirii","mass","Body_Mass","g",16.1,16.1,4,1,0,FALSE,"Wilman","secondary",NA,NA
"Sorex buchariensis","mass","Body_Mass","g",4.61,4.61,4,1,0,FALSE,"Wilman","secondary",NA,NA
"Sorex caecutiens","mass","Body_Mass","g",5.38,5.38,4,1,0,FALSE,"Wilman","secondary",NA,NA
"Sorex camtschatica","mass","Body_Mass","g",6.05,6.05,4,1,0,FALSE,"Wilman","secondary",NA,NA
"Sorex cansulus","mass","Body_Mass","g",6.05,6.05,4,1,0,FALSE,"Wilman","secondary",NA,NA
"Sorex cinereus","mass","Body_Mass","g",5.9,5.9,10,4,1,TRUE,"Burger; Finlay; Genoud; Wilman","primary; secondary",NA,NA
"Sorex coronatus","mass","Body_Mass","g",9.35,9.35,5,2,0,FALSE,"Genoud; Wilman","secondary",NA,NA
"Sorex cylindricauda","mass","Body_Mass","g",6.05,6.05,4,1,0,FALSE,"Wilman","secondary",NA,NA
"Sorex daphaenodon","mass","Body_Mass","g",6.79,6.79,4,1,0,FALSE,"Wilman","secondary",NA,NA
"Sorex dispar","mass","Body_Mass","g",5,5,4,1,0,FALSE,"Wilman","secondary",NA,NA
"Sorex emarginatus","mass","Body_Mass","g",7,7,4,1,0,FALSE,"Wilman","secondary",NA,NA
"Sorex excelsus","mass","Body_Mass","g",6.79,6.79,4,1,0,FALSE,"Wilman","secondary",NA,NA
"Sorex fumeus","mass","Body_Mass","g",8.133,7.8,6,3,0,FALSE,"Burger; HerculanoHouzel; Wilman","secondary",NA,NA
"Sorex gaspensis","mass","Body_Mass","g",2.89,2.89,4,1,0,FALSE,"Wilman","secondary",NA,NA
"Sorex gracillimus","mass","Body_Mass","g",5.06,5.06,4,1,0,FALSE,"Wilman","secondary",NA,NA
"Sorex granarius","mass","Body_Mass","g",6.28,6.28,4,1,0,FALSE,"Wilman","secondary",NA,NA
"Sorex haydeni","mass","Body_Mass","g",3.5,3.5,4,1,0,FALSE,"Wilman","secondary",NA,NA
"Sorex hosonoi","mass","Body_Mass","g",3.25,3.25,4,1,0,FALSE,"Wilman","secondary",NA,NA
"Sorex hoyi","mass","Body_Mass","g",2.815,2.815,5,2,0,FALSE,"Burger; Wilman","secondary",NA,NA
"Sorex isodon","mass","Body_Mass","g",9.35,9.35,4,1,0,FALSE,"Wilman","secondary",NA,NA
"Sorex jacksoni","mass","Body_Mass","g",3.5,3.5,4,1,0,FALSE,"Wilman","secondary",NA,NA
"Sorex kozlovi","mass","Body_Mass","g",6.05,6.05,4,1,0,FALSE,"Wilman","secondary",NA,NA
"Sorex leucogaster","mass","Body_Mass","g",4.83,4.83,4,1,0,FALSE,"Wilman","secondary",NA,NA
"Sorex longirostris","mass","Body_Mass","g",3.58,3.58,4,1,0,FALSE,"Wilman","secondary",NA,NA
"Sorex lyelli","mass","Body_Mass","g",5,5,4,1,0,FALSE,"Wilman","secondary",NA,NA
"Sorex macrodon","mass","Body_Mass","g",7,7,4,1,0,FALSE,"Wilman","secondary",NA,NA
"Sorex maritimensis","mass","Body_Mass","g",6.05,6.05,4,1,0,FALSE,"Wilman","secondary",NA,NA
"Sorex merriami","mass","Body_Mass","g",5.9,5.9,4,1,0,FALSE,"Wilman","secondary",NA,NA
"Sorex milleri","mass","Body_Mass","g",7,7,4,1,0,FALSE,"Wilman","secondary",NA,NA
"Sorex minutissimus","mass","Body_Mass","g",2.51,2.51,4,1,0,FALSE,"Wilman","secondary",NA,NA
"Sorex minutus","mass","Body_Mass","g",5.124,5.124,14,5,1,TRUE,"Burger; Genoud; Lewitus; Stephan_collection; Wilman","primary; secondary",NA,NA
"Sorex mirabilis","mass","Body_Mass","g",15,15,4,1,0,FALSE,"Wilman","secondary",NA,NA
"Sorex monticolus","mass","Body_Mass","g",5.775,5.775,5,2,0,FALSE,"Burger; Wilman","secondary",NA,NA
"Sorex nanus","mass","Body_Mass","g",2.4,2.4,4,1,0,FALSE,"Wilman","secondary",NA,NA
"Sorex neomexicanus","mass","Body_Mass","g",6.05,6.05,4,1,0,FALSE,"Wilman","secondary",NA,NA
"Sorex oreopolus","mass","Body_Mass","g",7,7,4,1,0,FALSE,"Wilman","secondary",NA,NA
"Sorex orizabae","mass","Body_Mass","g",6.05,6.05,4,1,0,FALSE,"Wilman","secondary",NA,NA
"Sorex ornatus","mass","Body_Mass","g",5.18,5,7,3,0,FALSE,"Burger; Genoud; Wilman","secondary",NA,NA
"Sorex pacificus","mass","Body_Mass","g",6.71,6.71,4,1,0,FALSE,"Wilman","secondary",NA,NA
"Sorex palustris","mass","Body_Mass","g",14.6,14.6,7,4,1,TRUE,"Burger; Finlay; Genoud; Wilman","primary; secondary",NA,NA
"Sorex planiceps","mass","Body_Mass","g",6.05,6.05,4,1,0,FALSE,"Wilman","secondary",NA,NA
"Sorex portenkoi","mass","Body_Mass","g",4.83,4.83,4,1,0,FALSE,"Wilman","secondary",NA,NA
"Sorex preblei","mass","Body_Mass","g",3.1,3.1,4,1,0,FALSE,"Wilman","secondary",NA,NA
"Sorex pribilofensis","mass","Body_Mass","g",6.05,6.05,4,1,0,FALSE,"Wilman","secondary",NA,NA
"Sorex raddei","mass","Body_Mass","g",10,10,4,1,0,FALSE,"Wilman","secondary",NA,NA
"Sorex roboratus","mass","Body_Mass","g",9.12,9.12,4,1,0,FALSE,"Wilman","secondary",NA,NA
"Sorex samniticus","mass","Body_Mass","g",8.25,8.25,4,1,0,FALSE,"Wilman","secondary",NA,NA
"Sorex satunini","mass","Body_Mass","g",7.47,7.47,4,1,0,FALSE,"Wilman","secondary",NA,NA
"Sorex saussurei","mass","Body_Mass","g",4.65,4.65,4,1,0,FALSE,"Wilman","secondary",NA,NA
"Sorex sclateri","mass","Body_Mass","g",7,7,4,1,0,FALSE,"Wilman","secondary",NA,NA
"Sorex shinto","mass","Body_Mass","g",6,6,4,1,0,FALSE,"Wilman","secondary",NA,NA
"Sorex sinalis","mass","Body_Mass","g",9.43,9.43,4,1,0,FALSE,"Wilman","secondary",NA,NA
"Sorex sinuosus","mass","Body_Mass","g",7.8,7.8,4,1,0,FALSE,"Ruf","secondary",NA,NA
"Sorex sonomae","mass","Body_Mass","g",8.3,8.3,4,1,0,FALSE,"Wilman","secondary",NA,NA
"Sorex stizodon","mass","Body_Mass","g",7,7,4,1,0,FALSE,"Wilman","secondary",NA,NA
"Sorex tenellus","mass","Body_Mass","g",3.75,3.75,4,1,0,FALSE,"Wilman","secondary",NA,NA
"Sorex thibetanus","mass","Body_Mass","g",6.05,6.05,4,1,0,FALSE,"Wilman","secondary",NA,NA
"Sorex trowbridgii","mass","Body_Mass","g",4.55,4.55,5,2,0,FALSE,"Burger; Wilman","secondary",NA,NA
"Sorex tundrensis","mass","Body_Mass","g",7.73,7.73,4,1,0,FALSE,"Wilman","secondary",NA,NA
"Sorex ugyunak","mass","Body_Mass","g",3.6,3.6,4,1,0,FALSE,"Wilman","secondary",NA,NA
"Sorex unguiculatus","mass","Body_Mass","g",9.9,9.9,4,1,0,FALSE,"Wilman","secondary",NA,NA
"Sorex vagrans","mass","Body_Mass","g",5.467,5.3,6,3,0,FALSE,"Burger; Genoud; Wilman","secondary",NA,NA
"Sorex ventralis","mass","Body_Mass","g",7,7,4,1,0,FALSE,"Wilman","secondary",NA,NA
"Sorex veraecrucis","mass","Body_Mass","g",6.05,6.05,4,1,0,FALSE,"Wilman","secondary",NA,NA
"Sorex veraepacis","mass","Body_Mass","g",7.5,7.5,4,1,0,FALSE,"Wilman","secondary",NA,NA
"Sorex volnuchini","mass","Body_Mass","g",4.61,4.61,4,1,0,FALSE,"Wilman","secondary",NA,NA
"Sorex yukonicus","mass","Body_Mass","g",6.05,6.05,4,1,0,FALSE,"Wilman","secondary",NA,NA
"Soriculus nigrescens","mass","Body_Mass","g",14,14,4,1,0,FALSE,"Wilman","secondary",NA,NA
"Sotalia fluviatilis","mass","Body_Mass","g",51120,51120,5,2,0,FALSE,"Burger; Wilman","secondary",NA,NA
"Sousa chinensis","mass","Body_Mass","g",280000,280000,4,1,0,FALSE,"Wilman","secondary",NA,NA
"Sousa teuszii","mass","Body_Mass","g",1e+05,1e+05,4,1,0,FALSE,"Wilman","secondary",NA,NA
"southern group","mass","Body_Mass","g",10134.316,10134.316,22,1,0,FALSE,"Isler","secondary",NA,NA
"Spalacopus cyanus","mass","Body_Mass","g",108.294,104.382,16,3,0,FALSE,"Burger; Genoud; Wilman","secondary",NA,NA
"Spalax arenarius","mass","Body_Mass","g",520,520,4,1,0,FALSE,"Wilman","secondary",NA,NA
"Spalax carmeli","mass","Body_Mass","g",210.175,210.175,7,2,0,FALSE,"Genoud; Wilman","secondary",NA,NA
"Spalax ehrenbergi","mass","Body_Mass","g",180.675,180.675,5,2,0,FALSE,"Burger; Wilman","secondary",NA,NA
"Spalax galili","mass","Body_Mass","g",209.108,209.108,7,2,0,FALSE,"Genoud; Wilman","secondary",NA,NA
"Spalax giganteus","mass","Body_Mass","g",301.96,301.96,4,1,0,FALSE,"Wilman","secondary",NA,NA
"Spalax golani","mass","Body_Mass","g",214.425,214.425,5,2,0,FALSE,"Genoud; Wilman","secondary",NA,NA
"Spalax graecus","mass","Body_Mass","g",316.04,316.04,4,1,0,FALSE,"Wilman","secondary",NA,NA
"Spalax judaei","mass","Body_Mass","g",211.175,211.175,6,2,0,FALSE,"Genoud; Wilman","secondary",NA,NA
"Spalax leucodon","mass","Body_Mass","g",166.707,188.67,7,3,0,FALSE,"Burger; Genoud; Wilman","secondary",NA,NA
"Spalax microphthalmus","mass","Body_Mass","g",470,470,4,1,0,FALSE,"Wilman","secondary",NA,NA
"Spalax nehringi","mass","Body_Mass","g",295.05,295.05,4,1,0,FALSE,"Wilman","secondary",NA,NA
"Spalax uralensis","mass","Body_Mass","g",295.05,295.05,4,1,0,FALSE,"Wilman","secondary",NA,NA
"Spalax zemni","mass","Body_Mass","g",316.28,316.28,4,1,0,FALSE,"Wilman","secondary",NA,NA
"Spelaeomys florensis","mass","Body_Mass","g",71.33,71.33,4,1,0,FALSE,"Wilman","secondary",NA,NA
"Speothos venaticus","mass","Body_Mass","g",5994.99,5994.99,5,2,0,FALSE,"Burger; Wilman","secondary",NA,NA
"Spermophilopsis leptodactylus","mass","Body_Mass","g",547.5,547.5,5,2,0,FALSE,"Burger; Wilman","secondary",NA,NA
"Spermophilus adocetus","mass","Body_Mass","g",140.26,140.26,5,2,0,FALSE,"Burger; Wilman","secondary",NA,NA
"Spermophilus alashanicus","mass","Body_Mass","g",233.88,233.88,5,2,0,FALSE,"Burger; Wilman","secondary",NA,NA
"Spermophilus annulatus","mass","Body_Mass","g",500,500,4,1,0,FALSE,"Wilman","secondary",NA,NA
"Spermophilus armatus","mass","Body_Mass","g",372.675,342.05,8,4,0,FALSE,"Burger; Genoud; Ruf; Wilman","secondary",NA,NA
"Spermophilus atricapillus","mass","Body_Mass","g",489.25,489.25,5,2,0,FALSE,"Burger; Wilman","secondary",NA,NA
"Spermophilus beecheyi","mass","Body_Mass","g",536.425,571.7,7,4,0,FALSE,"Burger; Genoud; Ruf; Wilman","secondary",NA,NA
"Spermophilus beldingi","mass","Body_Mass","g",303.488,283.525,8,4,0,FALSE,"Burger; Genoud; Ruf; Wilman","secondary",NA,NA
"Spermophilus brevicauda","mass","Body_Mass","g",284.72,284.72,4,1,0,FALSE,"Wilman","secondary",NA,NA
"Spermophilus brunneus","mass","Body_Mass","g",208.4,208.4,5,2,0,FALSE,"Burger; Wilman","secondary",NA,NA
"Spermophilus canus","mass","Body_Mass","g",213.425,213.425,5,2,0,FALSE,"Burger; Wilman","secondary",NA,NA
"Spermophilus citellus","mass","Body_Mass","g",267.875,269.25,7,4,0,FALSE,"Burger; Genoud; Ruf; Wilman","secondary",NA,NA
"Spermophilus columbianus","mass","Body_Mass","g",486.267,493,6,3,0,FALSE,"Burger; Ruf; Wilman","secondary",NA,NA
"Spermophilus dauricus","mass","Body_Mass","g",270.525,285.4,7,4,0,FALSE,"Burger; Genoud; Ruf; Wilman","secondary",NA,NA
"Spermophilus elegans","mass","Body_Mass","g",353.567,307.1,6,3,0,FALSE,"Burger; Ruf; Wilman","secondary",NA,NA
"Spermophilus erythrogenys","mass","Body_Mass","g",302.905,302.905,5,2,0,FALSE,"Burger; Wilman","secondary",NA,NA
"Spermophilus franklinii","mass","Body_Mass","g",471.017,443.05,6,3,0,FALSE,"Burger; Genoud; Wilman","secondary",NA,NA
"Spermophilus fulvus","mass","Body_Mass","g",658,658,5,2,0,FALSE,"Burger; Wilman","secondary",NA,NA
"Spermophilus lateralis","mass","Body_Mass","g",194.713,195.5,11,4,0,FALSE,"Burger; Genoud; Ruf; Wilman","secondary",NA,NA
"Spermophilus madrensis","mass","Body_Mass","g",213.25,213.25,5,2,0,FALSE,"Burger; Wilman","secondary",NA,NA
"Spermophilus major","mass","Body_Mass","g",402.035,402.035,5,2,0,FALSE,"Burger; Wilman","secondary",NA,NA
"Spermophilus mexicanus","mass","Body_Mass","g",215.785,199.5,7,4,0,FALSE,"Burger; Genoud; Ruf; Wilman","secondary",NA,NA
"Spermophilus mohavensis","mass","Body_Mass","g",197.75,190,7,3,0,FALSE,"Burger; Genoud; Wilman","secondary",NA,NA
"Spermophilus mollis","mass","Body_Mass","g",141.25,141.25,5,2,0,FALSE,"Burger; Wilman","secondary",NA,NA
"Spermophilus musicus","mass","Body_Mass","g",210.36,210.36,5,2,0,FALSE,"Burger; Wilman","secondary",NA,NA
"Spermophilus pallidicauda","mass","Body_Mass","g",284.72,284.72,4,1,0,FALSE,"Wilman","secondary",NA,NA
"Spermophilus parryii","mass","Body_Mass","g",678.831,704.995,9,4,0,FALSE,"Burger; Genoud; Ruf; Wilman","secondary",NA,NA
"Spermophilus perotensis","mass","Body_Mass","g",140,140,5,2,0,FALSE,"Burger; Wilman","secondary",NA,NA
"Spermophilus pygmaeus","mass","Body_Mass","g",185.6,185.6,5,2,0,FALSE,"Burger; Wilman","secondary",NA,NA
"Spermophilus ralli","mass","Body_Mass","g",284.72,284.72,4,1,0,FALSE,"Wilman","secondary",NA,NA
"Spermophilus relictus","mass","Body_Mass","g",470.25,470.25,5,2,0,FALSE,"Burger; Wilman","secondary",NA,NA
"Spermophilus richardsonii","mass","Body_Mass","g",348.262,365.75,8,4,0,FALSE,"Burger; Genoud; Ruf; Wilman","secondary",NA,NA
"Spermophilus saturatus","mass","Body_Mass","g",236.225,236.35,7,4,0,FALSE,"Burger; Genoud; Ruf; Wilman","secondary",NA,NA
"Spermophilus spilosoma","mass","Body_Mass","g",130.922,132.7,8,3,0,FALSE,"Burger; Genoud; Wilman","secondary",NA,NA
"Spermophilus suslicus","mass","Body_Mass","g",235.1,235.1,5,2,0,FALSE,"Burger; Wilman","secondary",NA,NA
"Spermophilus tereticaudus","mass","Body_Mass","g",140.815,140.88,11,4,0,FALSE,"Burger; Genoud; Ruf; Wilman","secondary",NA,NA
"Spermophilus townsendii","mass","Body_Mass","g",192.45,213,7,3,0,FALSE,"Burger; Genoud; Wilman","secondary",NA,NA
"Spermophilus tridecemlineatus","mass","Body_Mass","g",650,650,9,4,1,TRUE,"Burger; Genoud; Heffner; Wilman","primary; secondary",NA,NA
"Spermophilus undulatus","mass","Body_Mass","g",702.433,677.3,7,3,0,FALSE,"Burger; Genoud; Wilman","secondary",NA,NA
"Spermophilus variegatus","mass","Body_Mass","g",698.263,700,6,3,0,FALSE,"Burger; Ruf; Wilman","secondary",NA,NA
"Spermophilus washingtoni","mass","Body_Mass","g",197,197,5,2,0,FALSE,"Burger; Wilman","secondary",NA,NA
"Spermophilus xanthoprymnus","mass","Body_Mass","g",285.857,289.67,6,3,0,FALSE,"Burger; Ruf; Wilman","secondary",NA,NA
"Sphaerias blanfordi","mass","Body_Mass","g",28.84,28.84,5,2,0,FALSE,"Burger; Wilman","secondary",NA,NA
"Sphaeronycteris toxophyllum","mass","Body_Mass","g",16.865,16.865,5,2,0,FALSE,"Burger; Wilman","secondary",NA,NA
"Sphiggurus ichillus","mass","Body_Mass","g",1242.24,1242.24,4,1,0,FALSE,"Wilman","secondary",NA,NA
"Sphiggurus insidiosus","mass","Body_Mass","g",1000,1000,4,1,0,FALSE,"Wilman","secondary",NA,NA
"Sphiggurus melanurus","mass","Body_Mass","g",1900,1900,4,1,0,FALSE,"Wilman","secondary",NA,NA
"Sphiggurus mexicanus","mass","Body_Mass","g",2000,2000,4,1,0,FALSE,"Wilman","secondary",NA,NA
"Sphiggurus pruinosus","mass","Body_Mass","g",1242.24,1242.24,4,1,0,FALSE,"Wilman","secondary",NA,NA
"Sphiggurus roosmalenorum","mass","Body_Mass","g",1242.24,1242.24,4,1,0,FALSE,"Wilman","secondary",NA,NA
"Sphiggurus spinosus","mass","Body_Mass","g",750.79,750.79,4,1,0,FALSE,"Wilman","secondary",NA,NA
"Sphiggurus vestitus","mass","Body_Mass","g",736,736,5,2,0,FALSE,"Burger; Wilman","secondary",NA,NA
"Sphiggurus villosus","mass","Body_Mass","g",1281.005,1281.005,5,2,0,FALSE,"Genoud; Wilman","secondary",NA,NA
"Spilocuscus kraemeri","mass","Body_Mass","g",3541.195,3541.195,5,2,0,FALSE,"Burger; Wilman","secondary",NA,NA
"Spilocuscus maculatus","mass","Body_Mass","g",4348.633,4124.15,7,3,0,FALSE,"Burger; Genoud; Wilman","secondary",NA,NA
"Spilocuscus papuensis","mass","Body_Mass","g",5535.39,5535.39,4,1,0,FALSE,"Wilman","secondary",NA,NA
"Spilocuscus rufoniger","mass","Body_Mass","g",6000,6000,5,2,0,FALSE,"Burger; Wilman","secondary",NA,NA
"Spilogale angustifrons","mass","Body_Mass","g",334.37,334.37,4,1,0,FALSE,"Wilman","secondary",NA,NA
"Spilogale aquaticus","mass","Body_Mass","g",283.08,283.08,4,1,0,FALSE,"Wilman","secondary",NA,NA
"Spilogale gracilis","mass","Body_Mass","g",443.25,443.25,5,2,0,FALSE,"Burger; Wilman","secondary",NA,NA
"Spilogale putorius","mass","Body_Mass","g",430.333,341,6,3,0,FALSE,"Burger; Genoud; Wilman","secondary",NA,NA
"Spilogale pygmaea","mass","Body_Mass","g",235,235,4,1,0,FALSE,"Wilman","secondary",NA,NA
"Srilankamys ohiensis","mass","Body_Mass","g",79.25,79.25,4,1,0,FALSE,"Wilman","secondary",NA,NA
"Steatomys bocagei","mass","Body_Mass","g",27.5,27.5,4,1,0,FALSE,"Wilman","secondary",NA,NA
"Steatomys caurinus","mass","Body_Mass","g",44.75,44.75,4,1,0,FALSE,"Wilman","secondary",NA,NA
"Steatomys cuppedius","mass","Body_Mass","g",28.39,28.39,4,1,0,FALSE,"Wilman","secondary",NA,NA
"Steatomys jacksoni","mass","Body_Mass","g",28.4,28.4,4,1,0,FALSE,"Wilman","secondary",NA,NA
"Steatomys krebsii","mass","Body_Mass","g",20.67,20.67,4,1,0,FALSE,"Wilman","secondary",NA,NA
"Steatomys opimus","mass","Body_Mass","g",40,40,4,1,0,FALSE,"Wilman","secondary",NA,NA
"Steatomys parvus","mass","Body_Mass","g",8.85,8.85,4,1,0,FALSE,"Wilman","secondary",NA,NA
"Steatomys pratensis","mass","Body_Mass","g",36.173,32.52,7,3,0,FALSE,"Genoud; Ruf; Wilman","secondary",NA,NA
"Stenella attenuata","mass","Body_Mass","g",61507.265,61507.265,5,2,0,FALSE,"Burger; Wilman","secondary",NA,NA
"Stenella clymene","mass","Body_Mass","g",68000,68000,4,1,0,FALSE,"Wilman","secondary",NA,NA
"Stenella coeruleoalba","mass","Body_Mass","g",99700,99700,5,2,0,FALSE,"Burger; Wilman","secondary",NA,NA
"Stenella frontalis","mass","Body_Mass","g",110000,110000,4,1,0,FALSE,"Wilman","secondary",NA,NA
"Stenella longirostris","mass","Body_Mass","g",42050,42050,5,2,0,FALSE,"Burger; Wilman","secondary",NA,NA
"Steno bredanensis","mass","Body_Mass","g",126915.45,126915.45,5,2,0,FALSE,"Burger; Wilman","secondary",NA,NA
"Stenocephalemys albipes","mass","Body_Mass","g",52.81,52.81,4,1,0,FALSE,"Wilman","secondary",NA,NA
"Stenocephalemys albocaudata","mass","Body_Mass","g",144,144,4,1,0,FALSE,"Wilman","secondary",NA,NA
"Stenocephalemys griseicauda","mass","Body_Mass","g",85.75,85.75,4,1,0,FALSE,"Wilman","secondary",NA,NA
"Stenocephalemys ruppi","mass","Body_Mass","g",48.99,48.99,4,1,0,FALSE,"Wilman","secondary",NA,NA
"Stenoderma rufum","mass","Body_Mass","g",20.65,20.65,4,1,0,FALSE,"Wilman","secondary",NA,NA
"Stochomys longicaudatus","mass","Body_Mass","g",80.125,80.125,5,2,0,FALSE,"Genoud; Wilman","secondary",NA,NA
"Strigocuscus celebensis","mass","Body_Mass","g",500,500,4,1,0,FALSE,"Wilman","secondary",NA,NA
"Strigocuscus pelengensis","mass","Body_Mass","g",745.5,745.5,5,2,0,FALSE,"Burger; Wilman","secondary",NA,NA
"STS 19","mass","Body_Mass","g",45000,45000,4,1,1,TRUE,"Weaver","primary",NA,NA
"Sturnira aratathomasi","mass","Body_Mass","g",48.63,48.63,4,1,0,FALSE,"Wilman","secondary",NA,NA
"Sturnira bidens","mass","Body_Mass","g",17.55,17.55,4,1,0,FALSE,"Wilman","secondary",NA,NA
"Sturnira bogotensis","mass","Body_Mass","g",20.8,20.8,4,1,0,FALSE,"Wilman","secondary",NA,NA
"Sturnira erythromos","mass","Body_Mass","g",15.5,15.5,5,2,0,FALSE,"Genoud; Wilman","secondary",NA,NA
"Sturnira lilium","mass","Body_Mass","g",18.488,18.885,9,4,0,FALSE,"Burger; Genoud; Ruf; Wilman","secondary",NA,NA
"Sturnira ludovici","mass","Body_Mass","g",23.46,23.46,5,2,0,FALSE,"Burger; Wilman","secondary",NA,NA
"Sturnira luisi","mass","Body_Mass","g",21,21,4,1,0,FALSE,"Wilman","secondary",NA,NA
"Sturnira magna","mass","Body_Mass","g",21.66,21.66,4,1,0,FALSE,"Wilman","secondary",NA,NA
"Sturnira mistratensis","mass","Body_Mass","g",22.27,22.27,4,1,0,FALSE,"Wilman","secondary",NA,NA
"Sturnira mordax","mass","Body_Mass","g",25.08,25.08,4,1,0,FALSE,"Wilman","secondary",NA,NA
"Sturnira nana","mass","Body_Mass","g",18.47,18.47,4,1,0,FALSE,"Wilman","secondary",NA,NA
"Sturnira oporaphilum","mass","Body_Mass","g",21.99,21.99,4,1,0,FALSE,"Wilman","secondary",NA,NA
"Sturnira thomasi","mass","Body_Mass","g",21.66,21.66,4,1,0,FALSE,"Wilman","secondary",NA,NA
"Sturnira tildae","mass","Body_Mass","g",22.847,24,6,3,0,FALSE,"Burger; Genoud; Wilman","secondary",NA,NA
"Styloctenium wallacei","mass","Body_Mass","g",173,173,4,1,0,FALSE,"Wilman","secondary",NA,NA
"Stylodipus andrewsi","mass","Body_Mass","g",61.97,61.97,4,1,0,FALSE,"Wilman","secondary",NA,NA
"Stylodipus sungorus","mass","Body_Mass","g",61.96,61.96,4,1,0,FALSE,"Wilman","secondary",NA,NA
"Stylodipus telum","mass","Body_Mass","g",55,55,4,1,0,FALSE,"Wilman","secondary",NA,NA
"Subgenus Callithrix","mass","Body_Mass","g",328.8,328.8,18,1,0,FALSE,"Isler","secondary",NA,NA
"Subgenus Cebuella","mass","Body_Mass","g",99.5,99.5,5,1,0,FALSE,"Isler","secondary",NA,NA
"Subgenus Torquatus","mass","Body_Mass","g",1134.176,1134.176,20,1,0,FALSE,"Isler","secondary",NA,NA
"Suncus aequatorius","mass","Body_Mass","g",7.15,7.15,4,1,0,FALSE,"Wilman","secondary",NA,NA
"Suncus ater","mass","Body_Mass","g",11.1,11.1,4,1,0,FALSE,"Wilman","secondary",NA,NA
"Suncus dayi","mass","Body_Mass","g",9.43,9.43,4,1,0,FALSE,"Wilman","secondary",NA,NA
"Suncus etruscus","mass","Body_Mass","g",2.174,2.185,10,4,0,FALSE,"Burger; Genoud; Ruf; Wilman","secondary",NA,NA
"Suncus fellowesgordoni","mass","Body_Mass","g",7.64,7.64,4,1,0,FALSE,"Wilman","secondary",NA,NA
"Suncus hosei","mass","Body_Mass","g",7.64,7.64,4,1,0,FALSE,"Wilman","secondary",NA,NA
"Suncus infinitesimus","mass","Body_Mass","g",3,3,4,1,0,FALSE,"Wilman","secondary",NA,NA
"Suncus lixus","mass","Body_Mass","g",4.9,4.9,4,1,0,FALSE,"Wilman","secondary",NA,NA
"Suncus madagascariensis","mass","Body_Mass","g",3.5,3.5,4,1,0,FALSE,"Wilman","secondary",NA,NA
"Suncus malayanus","mass","Body_Mass","g",5,5,4,1,0,FALSE,"Wilman","secondary",NA,NA
"Suncus megalura","mass","Body_Mass","g",5.38,5.38,4,1,0,FALSE,"Wilman","secondary",NA,NA
"Suncus mertensi","mass","Body_Mass","g",7.95,7.95,4,1,0,FALSE,"Wilman","secondary",NA,NA
"Suncus montanus","mass","Body_Mass","g",18,18,4,1,0,FALSE,"Wilman","secondary",NA,NA
"Suncus murinus","mass","Body_Mass","g",34.8,34.8,11,4,1,TRUE,"Burger; Genoud; Stephan_collection; Wilman","primary; secondary",NA,NA
"Suncus remyi","mass","Body_Mass","g",1.75,1.75,4,1,0,FALSE,"Wilman","secondary",NA,NA
"Suncus stoliczkanus","mass","Body_Mass","g",9.43,9.43,4,1,0,FALSE,"Wilman","secondary",NA,NA
"Suncus varilla","mass","Body_Mass","g",5,5,4,1,0,FALSE,"Wilman","secondary",NA,NA
"Suncus zeylanicus","mass","Body_Mass","g",29.8,29.8,4,1,0,FALSE,"Wilman","secondary",NA,NA
"Sundamys infraluteus","mass","Body_Mass","g",418.5,418.5,4,1,0,FALSE,"Wilman","secondary",NA,NA
"Sundamys maxi","mass","Body_Mass","g",361,361,4,1,0,FALSE,"Wilman","secondary",NA,NA
"Sundamys muelleri","mass","Body_Mass","g",293.635,293.635,5,2,0,FALSE,"Burger; Wilman","secondary",NA,NA
"Sundasciurus brookei","mass","Body_Mass","g",115.5,115.5,4,1,0,FALSE,"Wilman","secondary",NA,NA
"Sundasciurus davensis","mass","Body_Mass","g",165.02,165.02,4,1,0,FALSE,"Wilman","secondary",NA,NA
"Sundasciurus fraterculus","mass","Body_Mass","g",155.51,155.51,4,1,0,FALSE,"Wilman","secondary",NA,NA
"Sundasciurus hippurus","mass","Body_Mass","g",406.25,406.25,4,1,0,FALSE,"Wilman","secondary",NA,NA
"Sundasciurus hoogstraali","mass","Body_Mass","g",159.18,159.18,4,1,0,FALSE,"Wilman","secondary",NA,NA
"Sundasciurus jentinki","mass","Body_Mass","g",76,76,4,1,0,FALSE,"Wilman","secondary",NA,NA
"Sundasciurus juvencus","mass","Body_Mass","g",159.09,159.09,4,1,0,FALSE,"Wilman","secondary",NA,NA
"Sundasciurus lowii","mass","Body_Mass","g",87.5,87.5,4,1,0,FALSE,"Wilman","secondary",NA,NA
"Sundasciurus mindanensis","mass","Body_Mass","g",164.46,164.46,4,1,0,FALSE,"Wilman","secondary",NA,NA
"Sundasciurus moellendorffi","mass","Body_Mass","g",252,252,4,1,0,FALSE,"Wilman","secondary",NA,NA
"Sundasciurus philippinensis","mass","Body_Mass","g",244,244,4,1,0,FALSE,"Wilman","secondary",NA,NA
"Sundasciurus rabori","mass","Body_Mass","g",163,163,4,1,0,FALSE,"Wilman","secondary",NA,NA
"Sundasciurus samarensis","mass","Body_Mass","g",225,225,4,1,0,FALSE,"Wilman","secondary",NA,NA
"Sundasciurus steerii","mass","Body_Mass","g",252,252,4,1,0,FALSE,"Wilman","secondary",NA,NA
"Sundasciurus tenuis","mass","Body_Mass","g",73.75,73.75,4,1,0,FALSE,"Wilman","secondary",NA,NA
"Surdisorex norae","mass","Body_Mass","g",9,9,4,1,0,FALSE,"Wilman","secondary",NA,NA
"Surdisorex polulus","mass","Body_Mass","g",13.8,13.8,5,2,0,FALSE,"Burger; Wilman","secondary",NA,NA
"Suricata suricatta","mass","Body_Mass","g",766.833,725.5,6,3,0,FALSE,"Burger; Genoud; Wilman","secondary",NA,NA
"Sus ahoenobarbus","mass","Body_Mass","g",73569.74,73569.74,4,1,0,FALSE,"Wilman","secondary",NA,NA
"Sus barbatus","mass","Body_Mass","g",96666.67,96666.67,4,1,0,FALSE,"Wilman","secondary",NA,NA
"Sus bucculentus","mass","Body_Mass","g",81648.19,81648.19,4,1,0,FALSE,"Wilman","secondary",NA,NA
"Sus cebifrons","mass","Body_Mass","g",190792.3,190792.3,4,1,0,FALSE,"Wilman","secondary",NA,NA
"Sus celebensis","mass","Body_Mass","g",55000,55000,4,1,0,FALSE,"Wilman","secondary",NA,NA
"Sus oliveri","mass","Body_Mass","g",73569.74,73569.74,4,1,0,FALSE,"Wilman","secondary",NA,NA
"Sus philippensis","mass","Body_Mass","g",190792.3,190792.3,4,1,0,FALSE,"Wilman","secondary",NA,NA
"Sus salvanius","mass","Body_Mass","g",7718,7718,4,1,0,FALSE,"Wilman","secondary",NA,NA
"Sus scrofa","mass","Body_Mass","g",90000,90000,11,5,1,TRUE,"Burger; Genoud; Heffner; Wilman; Wimberly","primary; secondary",NA,NA
"Sus scrofa domesticus","mass","Body_Mass","g",116800,116800,5,2,0,FALSE,"HerculanoHouzel; Lewitus","secondary",NA,NA
"Sus verrucosus","mass","Body_Mass","g",81250,81250,4,1,0,FALSE,"Wilman","secondary",NA,NA
"Swanscombe","mass","Body_Mass","g",65600,65600,4,1,1,TRUE,"Weaver","primary",NA,NA
"Syconycteris australis","mass","Body_Mass","g",16.98,17.04,11,4,0,FALSE,"Burger; Genoud; Ruf; Wilman","secondary",NA,NA
"Syconycteris carolinae","mass","Body_Mass","g",39,39,4,1,0,FALSE,"Wilman","secondary",NA,NA
"Syconycteris hobbit","mass","Body_Mass","g",18.29,18.29,4,1,0,FALSE,"Wilman","secondary",NA,NA
"Sylvicapra grimmia","mass","Body_Mass","g",16062.395,16062.395,5,2,0,FALSE,"Burger; Wilman","secondary",NA,NA
"Sylvilagus aquaticus","mass","Body_Mass","g",2135.8,2135.8,4,1,0,FALSE,"Wilman","secondary",NA,NA
"Sylvilagus audubonii","mass","Body_Mass","g",784.843,792.5,6,3,0,FALSE,"Burger; Genoud; Wilman","secondary",NA,NA
"Sylvilagus bachmani","mass","Body_Mass","g",677.825,677.825,5,2,0,FALSE,"Burger; Wilman","secondary",NA,NA
"Sylvilagus brasiliensis","mass","Body_Mass","g",694.495,694.495,5,2,0,FALSE,"Burger; Wilman","secondary",NA,NA
"Sylvilagus cognatus","mass","Body_Mass","g",1218.45,1218.45,4,1,0,FALSE,"Wilman","secondary",NA,NA
"Sylvilagus cunicularius","mass","Body_Mass","g",2999.99,2999.99,4,1,0,FALSE,"Wilman","secondary",NA,NA
"Sylvilagus dicei","mass","Body_Mass","g",1343.35,1343.35,4,1,0,FALSE,"Wilman","secondary",NA,NA
"Sylvilagus floridanus","mass","Body_Mass","g",1063.263,1036,6,3,0,FALSE,"Burger; Genoud; Wilman","secondary",NA,NA
"Sylvilagus graysoni","mass","Body_Mass","g",964.01,964.01,4,1,0,FALSE,"Wilman","secondary",NA,NA
"Sylvilagus insonus","mass","Body_Mass","g",2999.99,2999.99,4,1,0,FALSE,"Wilman","secondary",NA,NA
"Sylvilagus mansuetus","mass","Body_Mass","g",811.92,811.92,4,1,0,FALSE,"Wilman","secondary",NA,NA
"Sylvilagus nuttallii","mass","Body_Mass","g",755.09,755.09,4,1,0,FALSE,"Wilman","secondary",NA,NA
"Sylvilagus obscurus","mass","Body_Mass","g",1218.45,1218.45,4,1,0,FALSE,"Wilman","secondary",NA,NA
"Sylvilagus palustris","mass","Body_Mass","g",1500,1500,4,1,0,FALSE,"Wilman","secondary",NA,NA
"Sylvilagus robustus","mass","Body_Mass","g",1218.45,1218.45,4,1,0,FALSE,"Wilman","secondary",NA,NA
"Sylvilagus transitionalis","mass","Body_Mass","g",656.7,656.7,4,1,0,FALSE,"Wilman","secondary",NA,NA
"Sylvilagus varynaensis","mass","Body_Mass","g",1218.45,1218.45,4,1,0,FALSE,"Wilman","secondary",NA,NA
"Sylvisorex camerunensis","mass","Body_Mass","g",5.83,5.83,4,1,0,FALSE,"Wilman","secondary",NA,NA
"Sylvisorex granti","mass","Body_Mass","g",3.8,3.8,4,1,0,FALSE,"Wilman","secondary",NA,NA
"Sylvisorex howelli","mass","Body_Mass","g",4.32,4.32,4,1,0,FALSE,"Wilman","secondary",NA,NA
"Sylvisorex isabellae","mass","Body_Mass","g",9.99,9.99,4,1,0,FALSE,"Wilman","secondary",NA,NA
"Sylvisorex johnstoni","mass","Body_Mass","g",3.17,3.17,4,1,0,FALSE,"Wilman","secondary",NA,NA
"Sylvisorex konganensis","mass","Body_Mass","g",5.15,5.15,4,1,0,FALSE,"Wilman","secondary",NA,NA
"Sylvisorex lunaris","mass","Body_Mass","g",18.5,18.5,4,1,0,FALSE,"Wilman","secondary",NA,NA
"Sylvisorex morio","mass","Body_Mass","g",9.99,9.99,4,1,0,FALSE,"Wilman","secondary",NA,NA
"Sylvisorex ollula","mass","Body_Mass","g",13.2,13.2,4,1,0,FALSE,"Wilman","secondary",NA,NA
"Sylvisorex oriundus","mass","Body_Mass","g",9.99,9.99,4,1,0,FALSE,"Wilman","secondary",NA,NA
"Sylvisorex pluvialis","mass","Body_Mass","g",5.83,5.83,4,1,0,FALSE,"Wilman","secondary",NA,NA
"Sylvisorex vulcanorum","mass","Body_Mass","g",3.5,3.5,4,1,0,FALSE,"Wilman","secondary",NA,NA
"Symphalangus syndactylus","mass","Body_Mass","g",11295,11295,11,7,1,TRUE,"Burger; Granatosky; Heldstab; Isler; Powell; Wilman; Zilles","primary; secondary",NA,NA
"Synaptomys borealis","mass","Body_Mass","g",21.3,21.3,4,1,0,FALSE,"Wilman","secondary",NA,NA
"Synaptomys cooperi","mass","Body_Mass","g",27.86,27.86,5,2,0,FALSE,"Burger; Wilman","secondary",NA,NA
"Syncerus caffer","mass","Body_Mass","g",622721.34,622721.34,5,2,0,FALSE,"Burger; Wilman","secondary",NA,NA
"Syntheosciurus brochus","mass","Body_Mass","g",132.84,132.84,4,1,0,FALSE,"Wilman","secondary",NA,NA
"Tachyglossus aculeatus","mass","Body_Mass","g",4200,4200,21,7,1,TRUE,"Burger; Genoud; Heffner; Lewitus; Ruf; Wilman; Wimberly","primary; secondary",NA,NA
"Tachyoryctes ankoliae","mass","Body_Mass","g",309.95,309.95,4,1,0,FALSE,"Wilman","secondary",NA,NA
"Tachyoryctes annectens","mass","Body_Mass","g",309.95,309.95,4,1,0,FALSE,"Wilman","secondary",NA,NA
"Tachyoryctes audax","mass","Body_Mass","g",235,235,4,1,0,FALSE,"Wilman","secondary",NA,NA
"Tachyoryctes daemon","mass","Body_Mass","g",309.95,309.95,4,1,0,FALSE,"Wilman","secondary",NA,NA
"Tachyoryctes ibeanus","mass","Body_Mass","g",309.95,309.95,4,1,0,FALSE,"Wilman","secondary",NA,NA
"Tachyoryctes macrocephalus","mass","Body_Mass","g",596.99,596.99,4,1,0,FALSE,"Wilman","secondary",NA,NA
"Tachyoryctes naivashae","mass","Body_Mass","g",309.95,309.95,4,1,0,FALSE,"Wilman","secondary",NA,NA
"Tachyoryctes rex","mass","Body_Mass","g",309.95,309.95,4,1,0,FALSE,"Wilman","secondary",NA,NA
"Tachyoryctes ruandae","mass","Body_Mass","g",309.95,309.95,4,1,0,FALSE,"Wilman","secondary",NA,NA
"Tachyoryctes ruddi","mass","Body_Mass","g",309.95,309.95,4,1,0,FALSE,"Wilman","secondary",NA,NA
"Tachyoryctes spalacinus","mass","Body_Mass","g",309.95,309.95,4,1,0,FALSE,"Wilman","secondary",NA,NA
"Tachyoryctes splendens","mass","Body_Mass","g",212.417,212.25,6,3,0,FALSE,"Burger; Genoud; Wilman","secondary",NA,NA
"Tachyoryctes storeyi","mass","Body_Mass","g",309.95,309.95,4,1,0,FALSE,"Wilman","secondary",NA,NA
"Tadarida aegyptiaca","mass","Body_Mass","g",17.16,17,6,3,0,FALSE,"Burger; Ruf; Wilman","secondary",NA,NA
"Tadarida australis","mass","Body_Mass","g",31.8,31.8,4,1,0,FALSE,"Wilman","secondary",NA,NA
"Tadarida brasiliensis","mass","Body_Mass","g",11.105,10.825,9,3,0,FALSE,"Genoud; Ruf; Wilman","secondary",NA,NA
"Tadarida cynocephala","mass","Body_Mass","g",1300,1300,4,1,1,TRUE,"Heffner","primary",NA,NA
"Tadarida fulminans","mass","Body_Mass","g",35.28,35.28,4,1,0,FALSE,"Wilman","secondary",NA,NA
"Tadarida insignis","mass","Body_Mass","g",23.55,23.55,4,1,0,FALSE,"Wilman","secondary",NA,NA
"Tadarida kuboriensis","mass","Body_Mass","g",26.8,26.8,4,1,0,FALSE,"Wilman","secondary",NA,NA
"Tadarida latouchei","mass","Body_Mass","g",23.55,23.55,4,1,0,FALSE,"Wilman","secondary",NA,NA
"Tadarida lobata","mass","Body_Mass","g",23.62,23.62,4,1,0,FALSE,"Wilman","secondary",NA,NA
"Tadarida teniotis","mass","Body_Mass","g",31.347,32,6,3,0,FALSE,"Genoud; Ruf; Wilman","secondary",NA,NA
"Tadarida ventralis","mass","Body_Mass","g",23.62,23.62,4,1,0,FALSE,"Wilman","secondary",NA,NA
"Taeromys arcuatus","mass","Body_Mass","g",227,227,4,1,0,FALSE,"Wilman","secondary",NA,NA
"Taeromys callitrichus","mass","Body_Mass","g",271,271,4,1,0,FALSE,"Wilman","secondary",NA,NA
"Taeromys celebensis","mass","Body_Mass","g",323,323,4,1,0,FALSE,"Wilman","secondary",NA,NA
"Taeromys hamatus","mass","Body_Mass","g",196,196,4,1,0,FALSE,"Wilman","secondary",NA,NA
"Taeromys microbullatus","mass","Body_Mass","g",225.86,225.86,4,1,0,FALSE,"Wilman","secondary",NA,NA
"Taeromys punicans","mass","Body_Mass","g",138,138,4,1,0,FALSE,"Wilman","secondary",NA,NA
"Taeromys taerae","mass","Body_Mass","g",247,247,4,1,0,FALSE,"Wilman","secondary",NA,NA
"Talpa altaica","mass","Body_Mass","g",85,85,4,1,0,FALSE,"Wilman","secondary",NA,NA
"Talpa caeca","mass","Body_Mass","g",92.5,92.5,4,1,0,FALSE,"Wilman","secondary",NA,NA
"Talpa caucasica","mass","Body_Mass","g",90,90,4,1,0,FALSE,"Wilman","secondary",NA,NA
"Talpa davidiana","mass","Body_Mass","g",80.28,80.28,4,1,0,FALSE,"Wilman","secondary",NA,NA
"Talpa europaea","mass","Body_Mass","g",76,76,11,5,1,TRUE,"Burger; Lewitus; Stephan_collection; Wilman; Wimberly","primary; secondary",NA,NA
"Talpa levantis","mass","Body_Mass","g",90,90,4,1,0,FALSE,"Wilman","secondary",NA,NA
"Talpa occidentalis","mass","Body_Mass","g",53.5,53.5,4,1,0,FALSE,"Wilman","secondary",NA,NA
"Talpa romana","mass","Body_Mass","g",92.5,92.5,4,1,0,FALSE,"Wilman","secondary",NA,NA
"Talpa stankovici","mass","Body_Mass","g",71.12,71.12,4,1,0,FALSE,"Wilman","secondary",NA,NA
"Tamandua mexicana","mass","Body_Mass","g",4032.49,4032.49,6,2,0,FALSE,"Genoud; Wilman","secondary",NA,NA
"Tamandua tetradactyla","mass","Body_Mass","g",4458.687,4361,6,3,0,FALSE,"Burger; Genoud; Wilman","secondary",NA,NA
"Tamias alpinus","mass","Body_Mass","g",37.825,37.825,5,2,0,FALSE,"Genoud; Wilman","secondary",NA,NA
"Tamias amoenus","mass","Body_Mass","g",51.525,50.8,9,4,0,FALSE,"Burger; Genoud; Ruf; Wilman","secondary",NA,NA
"Tamias bulleri","mass","Body_Mass","g",100,100,4,1,0,FALSE,"Wilman","secondary",NA,NA
"Tamias canipes","mass","Body_Mass","g",70.4,70.4,4,1,0,FALSE,"Wilman","secondary",NA,NA
"Tamias cinereicollis","mass","Body_Mass","g",61.7,61.7,5,2,0,FALSE,"Burger; Wilman","secondary",NA,NA
"Tamias dorsalis","mass","Body_Mass","g",66.65,66.65,5,2,0,FALSE,"Burger; Wilman","secondary",NA,NA
"Tamias durangae","mass","Body_Mass","g",85,85,4,1,0,FALSE,"Wilman","secondary",NA,NA
"Tamias merriami","mass","Body_Mass","g",74.9,74.9,5,2,0,FALSE,"Genoud; Wilman","secondary",NA,NA
"Tamias minimus","mass","Body_Mass","g",74.942,45.3,12,3,0,FALSE,"Burger; Genoud; Wilman","secondary",NA,NA
"Tamias obscurus","mass","Body_Mass","g",73,73,4,1,0,FALSE,"Wilman","secondary",NA,NA
"Tamias ochrogenys","mass","Body_Mass","g",91.7,91.7,4,1,0,FALSE,"Wilman","secondary",NA,NA
"Tamias palmeri","mass","Body_Mass","g",66.533,69.4,6,3,0,FALSE,"Burger; Genoud; Wilman","secondary",NA,NA
"Tamias panamintinus","mass","Body_Mass","g",51.75,51.75,5,2,0,FALSE,"Burger; Wilman","secondary",NA,NA
"Tamias quadrimaculatus","mass","Body_Mass","g",83.775,83.775,5,2,0,FALSE,"Burger; Wilman","secondary",NA,NA
"Tamias quadrivittatus","mass","Body_Mass","g",62.25,62.25,5,2,0,FALSE,"Burger; Wilman","secondary",NA,NA
"Tamias ruficaudus","mass","Body_Mass","g",68,68,4,1,0,FALSE,"Wilman","secondary",NA,NA
"Tamias rufus","mass","Body_Mass","g",53.6,53.6,4,1,0,FALSE,"Wilman","secondary",NA,NA
"Tamias senex","mass","Body_Mass","g",89.35,89.35,4,1,0,FALSE,"Wilman","secondary",NA,NA
"Tamias sibiricus","mass","Body_Mass","g",85,85,4,1,0,FALSE,"Wilman","secondary",NA,NA
"Tamias siskiyou","mass","Body_Mass","g",75,75,4,1,0,FALSE,"Wilman","secondary",NA,NA
"Tamias sonomae","mass","Body_Mass","g",75,75,4,1,0,FALSE,"Wilman","secondary",NA,NA
"Tamias speciosus","mass","Body_Mass","g",64.2,62,6,3,0,FALSE,"Burger; Genoud; Wilman","secondary",NA,NA
"Tamias striatus","mass","Body_Mass","g",100,100,12,5,1,TRUE,"Burger; Genoud; Heffner; Ruf; Wilman","primary; secondary",NA,NA
"Tamias townsendii","mass","Body_Mass","g",82.09,82.09,5,2,0,FALSE,"Burger; Wilman","secondary",NA,NA
"Tamias umbrinus","mass","Body_Mass","g",63,63,4,1,0,FALSE,"Wilman","secondary",NA,NA
"Tamiasciurus douglasii","mass","Body_Mass","g",225,225,4,1,0,FALSE,"Wilman","secondary",NA,NA
"Tamiasciurus hudsonicus","mass","Body_Mass","g",206.234,201.17,8,3,0,FALSE,"Burger; Genoud; Wilman","secondary",NA,NA
"Tamiasciurus mearnsi","mass","Body_Mass","g",231.58,231.58,4,1,0,FALSE,"Wilman","secondary",NA,NA
"Tamiops maritimus","mass","Body_Mass","g",70.33,70.33,4,1,0,FALSE,"Wilman","secondary",NA,NA
"Tamiops mcclellandii","mass","Body_Mass","g",42.42,42.42,5,2,0,FALSE,"Burger; Wilman","secondary",NA,NA
"Tamiops rodolphii","mass","Body_Mass","g",64.95,64.95,4,1,0,FALSE,"Wilman","secondary",NA,NA
"Tamiops swinhoei","mass","Body_Mass","g",85,85,4,1,0,FALSE,"Wilman","secondary",NA,NA
"Tapecomys primus","mass","Body_Mass","g",62.33,62.33,4,1,0,FALSE,"Wilman","secondary",NA,NA
"Taphozous achates","mass","Body_Mass","g",26.96,26.96,4,1,0,FALSE,"Wilman","secondary",NA,NA
"Taphozous australis","mass","Body_Mass","g",22.9,22.9,5,2,0,FALSE,"Burger; Wilman","secondary",NA,NA
"Taphozous georgianus","mass","Body_Mass","g",27.66,27.66,4,1,0,FALSE,"Wilman","secondary",NA,NA
"Taphozous hamiltoni","mass","Body_Mass","g",22,22,4,1,0,FALSE,"Wilman","secondary",NA,NA
"Taphozous hildegardeae","mass","Body_Mass","g",28.525,28.525,5,2,0,FALSE,"Burger; Wilman","secondary",NA,NA
"Taphozous hilli","mass","Body_Mass","g",22,22,4,1,0,FALSE,"Wilman","secondary",NA,NA
"Taphozous kapalgensis","mass","Body_Mass","g",26,26,4,1,0,FALSE,"Wilman","secondary",NA,NA
"Taphozous longimanus","mass","Body_Mass","g",25.06,25.06,5,2,0,FALSE,"Burger; Wilman","secondary",NA,NA
"Taphozous mauritianus","mass","Body_Mass","g",27.507,27.35,6,3,0,FALSE,"Burger; Genoud; Wilman","secondary",NA,NA
"Taphozous melanopogon","mass","Body_Mass","g",24.32,24.32,5,2,0,FALSE,"Burger; Wilman","secondary",NA,NA
"Taphozous nudiventris","mass","Body_Mass","g",30.07,30.07,4,1,0,FALSE,"Wilman","secondary",NA,NA
"Taphozous perforatus","mass","Body_Mass","g",27.33,27.33,4,1,0,FALSE,"Wilman","secondary",NA,NA
"Taphozous theobaldi","mass","Body_Mass","g",39.8,39.8,5,2,0,FALSE,"Burger; Wilman","secondary",NA,NA
"Taphozous troughtoni","mass","Body_Mass","g",26.96,26.96,4,1,0,FALSE,"Wilman","secondary",NA,NA
"Tapirus","mass","Body_Mass","g",250000,250000,4,1,1,TRUE,"Heffner","primary",NA,NA
"Tapirus bairdii","mass","Body_Mass","g",202680.24,293781.59,6,3,0,FALSE,"Burger; Wilman; Wimberly","secondary",NA,NA
"Tapirus indicus","mass","Body_Mass","g",269486.397,296250,6,3,0,FALSE,"Burger; Wilman; Wimberly","secondary",NA,NA
"Tapirus pinchaque","mass","Body_Mass","g",148949.83,148949.83,4,1,0,FALSE,"Wilman","secondary",NA,NA
"Tapirus terrestris","mass","Body_Mass","g",178999.183,169496.64,6,3,0,FALSE,"Burger; Wilman; Wimberly","secondary",NA,NA
"Tarsipes rostratus","mass","Body_Mass","g",8.925,9,8,4,0,FALSE,"Burger; Genoud; Ruf; Wilman","secondary",NA,NA
"Tarsius","mass","Body_Mass","g",120,120,4,1,1,TRUE,"Heffner","primary",NA,NA
"Tarsius bancanus","mass","Body_Mass","g",107.825,113.301,11,6,0,FALSE,"Burger; Granatosky; Isler; Lewitus; Powell; Wilman","secondary",NA,NA
"Tarsius dentatus","mass","Body_Mass","g",111.98,112.25,7,4,0,FALSE,"Burger; Granatosky; Isler; Wilman","secondary",NA,NA
"Tarsius pelengensis","mass","Body_Mass","g",165,165,4,1,0,FALSE,"Wilman","secondary",NA,NA
"Tarsius pumilus","mass","Body_Mass","g",27.5,27.5,4,1,0,FALSE,"Wilman","secondary",NA,NA
"Tarsius sangirensis","mass","Body_Mass","g",165,165,4,1,0,FALSE,"Wilman","secondary",NA,NA
"Tarsius sp.","mass","Body_Mass","g",125,125,10,2,2,TRUE,"Stephan; Stephan_collection","primary; secondary",NA,NA
"Tarsius spectrum","mass","Body_Mass","g",173,173,4,1,0,FALSE,"Isler","secondary",NA,NA
"Tarsius syrichta","mass","Body_Mass","g",87.5,87.5,13,7,1,TRUE,"Burger; Genoud; Isler; Lewitus; Powell; Stephan_collection; Wilman","primary; secondary",NA,NA
"Tarsius tarsier","mass","Body_Mass","g",126.108,117,8,5,0,FALSE,"Burger; Granatosky; Isler; Powell; Wilman","secondary",NA,NA
"Tarsomys apoensis","mass","Body_Mass","g",75,75,4,1,0,FALSE,"Wilman","secondary",NA,NA
"Tarsomys echinatus","mass","Body_Mass","g",96.2,96.2,4,1,0,FALSE,"Wilman","secondary",NA,NA
"Tasmacetus shepherdi","mass","Body_Mass","g",2500000,2500000,4,1,0,FALSE,"Wilman","secondary",NA,NA
"Tateomys macrocercus","mass","Body_Mass","g",42.7,42.7,4,1,0,FALSE,"Wilman","secondary",NA,NA
"Tateomys rhinogradoides","mass","Body_Mass","g",82.8,82.8,4,1,0,FALSE,"Wilman","secondary",NA,NA
"Tatera indica","mass","Body_Mass","g",130.937,139.7,6,3,0,FALSE,"Burger; Genoud; Wilman","secondary",NA,NA
"Taterillus arenarius","mass","Body_Mass","g",47,47,4,1,0,FALSE,"Wilman","secondary",NA,NA
"Taterillus congicus","mass","Body_Mass","g",45.12,45.12,4,1,0,FALSE,"Wilman","secondary",NA,NA
"Taterillus emini","mass","Body_Mass","g",52,52,4,1,0,FALSE,"Wilman","secondary",NA,NA
"Taterillus gracilis","mass","Body_Mass","g",48,48,4,1,0,FALSE,"Wilman","secondary",NA,NA
"Taterillus harringtoni","mass","Body_Mass","g",51.4,51.4,4,1,0,FALSE,"Wilman","secondary",NA,NA
"Taterillus lacustris","mass","Body_Mass","g",47.24,47.24,4,1,0,FALSE,"Wilman","secondary",NA,NA
"Taterillus petteri","mass","Body_Mass","g",50.8,50.8,4,1,0,FALSE,"Wilman","secondary",NA,NA
"Taterillus pygargus","mass","Body_Mass","g",60.2,60.2,4,1,0,FALSE,"Wilman","secondary",NA,NA
"Taterillus tranieri","mass","Body_Mass","g",51.4,51.4,4,1,0,FALSE,"Wilman","secondary",NA,NA
"Taurotragus derbianus","mass","Body_Mass","g",790000,790000,5,2,0,FALSE,"Burger; Wilman","secondary",NA,NA
"Taurotragus oryx","mass","Body_Mass","g",436220.099,4e+05,8,3,0,FALSE,"Burger; Genoud; Wilman","secondary",NA,NA
"Taxidea taxus","mass","Body_Mass","g",8133.138,8212.5,7,4,0,FALSE,"Burger; Genoud; Ruf; Wilman","secondary",NA,NA
"Tayassu pecari","mass","Body_Mass","g",32233.51,32233.51,5,2,0,FALSE,"Burger; Wilman","secondary",NA,NA
"Tenrec ecaudatus","mass","Body_Mass","g",833.429,833.429,15,6,2,TRUE,"Burger; Genoud; Ruf; Stephan; Stephan_collection; Wilman","primary; secondary",NA,NA
"Tetracerus quadricornis","mass","Body_Mass","g",19000,19000,4,1,0,FALSE,"Wilman","secondary",NA,NA
"Thallomys loringi","mass","Body_Mass","g",66.45,66.45,4,1,0,FALSE,"Wilman","secondary",NA,NA
"Thallomys nigricauda","mass","Body_Mass","g",124.7,124.7,4,1,0,FALSE,"Wilman","secondary",NA,NA
"Thallomys paedulcus","mass","Body_Mass","g",94.3,80.5,6,3,0,FALSE,"Genoud; Wilman; Wimberly","secondary",NA,NA
"Thallomys shortridgei","mass","Body_Mass","g",67.17,67.17,4,1,0,FALSE,"Wilman","secondary",NA,NA
"Thalpomys cerradensis","mass","Body_Mass","g",24,24,4,1,0,FALSE,"Wilman","secondary",NA,NA
"Thalpomys lasiotis","mass","Body_Mass","g",24,24,4,1,0,FALSE,"Wilman","secondary",NA,NA
"Thamnomys kempi","mass","Body_Mass","g",75,75,4,1,0,FALSE,"Wilman","secondary",NA,NA
"Thamnomys major","mass","Body_Mass","g",68.12,68.12,4,1,0,FALSE,"Wilman","secondary",NA,NA
"Thamnomys venustus","mass","Body_Mass","g",61.88,61.88,4,1,0,FALSE,"Wilman","secondary",NA,NA
"Thaptomys nigrita","mass","Body_Mass","g",19.9,19.9,4,1,0,FALSE,"Wilman","secondary",NA,NA
"Theropithecus gelada","mass","Body_Mass","g",14171,14171,10,6,1,TRUE,"Burger; Heldstab; Isler; MacLarnon; Powell; Wilman","primary; secondary",NA,NA
"Thomasomys apeco","mass","Body_Mass","g",76.23,76.23,4,1,0,FALSE,"Wilman","secondary",NA,NA
"Thomasomys aureus","mass","Body_Mass","g",88,88,4,1,0,FALSE,"Wilman","secondary",NA,NA
"Thomasomys baeops","mass","Body_Mass","g",77,77,4,1,0,FALSE,"Wilman","secondary",NA,NA
"Thomasomys bombycinus","mass","Body_Mass","g",114.5,114.5,4,1,0,FALSE,"Wilman","secondary",NA,NA
"Thomasomys caudivarius","mass","Body_Mass","g",76.23,76.23,4,1,0,FALSE,"Wilman","secondary",NA,NA
"Thomasomys cinereiventer","mass","Body_Mass","g",77,77,4,1,0,FALSE,"Wilman","secondary",NA,NA
"Thomasomys cinereus","mass","Body_Mass","g",77,77,4,1,0,FALSE,"Wilman","secondary",NA,NA
"Thomasomys cinnameus","mass","Body_Mass","g",76.23,76.23,4,1,0,FALSE,"Wilman","secondary",NA,NA
"Thomasomys daphne","mass","Body_Mass","g",77,77,4,1,0,FALSE,"Wilman","secondary",NA,NA
"Thomasomys eleusis","mass","Body_Mass","g",77,77,4,1,0,FALSE,"Wilman","secondary",NA,NA
"Thomasomys erro","mass","Body_Mass","g",76.23,76.23,4,1,0,FALSE,"Wilman","secondary",NA,NA
"Thomasomys gracilis","mass","Body_Mass","g",77,77,4,1,0,FALSE,"Wilman","secondary",NA,NA
"Thomasomys hudsoni","mass","Body_Mass","g",76.23,76.23,4,1,0,FALSE,"Wilman","secondary",NA,NA
"Thomasomys hylophilus","mass","Body_Mass","g",77,77,4,1,0,FALSE,"Wilman","secondary",NA,NA
"Thomasomys incanus","mass","Body_Mass","g",77,77,4,1,0,FALSE,"Wilman","secondary",NA,NA
"Thomasomys ischyrus","mass","Body_Mass","g",77,77,4,1,0,FALSE,"Wilman","secondary",NA,NA
"Thomasomys kalinowskii","mass","Body_Mass","g",77,77,4,1,0,FALSE,"Wilman","secondary",NA,NA
"Thomasomys ladewi","mass","Body_Mass","g",77,77,4,1,0,FALSE,"Wilman","secondary",NA,NA
"Thomasomys laniger","mass","Body_Mass","g",35.5,35.5,4,1,0,FALSE,"Wilman","secondary",NA,NA
"Thomasomys macrotis","mass","Body_Mass","g",76.23,76.23,4,1,0,FALSE,"Wilman","secondary",NA,NA
"Thomasomys monochromos","mass","Body_Mass","g",77,77,4,1,0,FALSE,"Wilman","secondary",NA,NA
"Thomasomys niveipes","mass","Body_Mass","g",77,77,4,1,0,FALSE,"Wilman","secondary",NA,NA
"Thomasomys notatus","mass","Body_Mass","g",77,77,4,1,0,FALSE,"Wilman","secondary",NA,NA
"Thomasomys onkiro","mass","Body_Mass","g",76.23,76.23,4,1,0,FALSE,"Wilman","secondary",NA,NA
"Thomasomys oreas","mass","Body_Mass","g",77,77,4,1,0,FALSE,"Wilman","secondary",NA,NA
"Thomasomys paramorum","mass","Body_Mass","g",77,77,4,1,0,FALSE,"Wilman","secondary",NA,NA
"Thomasomys popayanus","mass","Body_Mass","g",76.23,76.23,4,1,0,FALSE,"Wilman","secondary",NA,NA
"Thomasomys praetor","mass","Body_Mass","g",76.23,76.23,4,1,0,FALSE,"Wilman","secondary",NA,NA
"Thomasomys pyrrhonotus","mass","Body_Mass","g",77,77,4,1,0,FALSE,"Wilman","secondary",NA,NA
"Thomasomys rhoadsi","mass","Body_Mass","g",77,77,4,1,0,FALSE,"Wilman","secondary",NA,NA
"Thomasomys rosalinda","mass","Body_Mass","g",77,77,4,1,0,FALSE,"Wilman","secondary",NA,NA
"Thomasomys silvestris","mass","Body_Mass","g",77,77,4,1,0,FALSE,"Wilman","secondary",NA,NA
"Thomasomys taczanowskii","mass","Body_Mass","g",77,77,4,1,0,FALSE,"Wilman","secondary",NA,NA
"Thomasomys ucucha","mass","Body_Mass","g",76.23,76.23,4,1,0,FALSE,"Wilman","secondary",NA,NA
"Thomasomys vestitus","mass","Body_Mass","g",76.5,76.5,4,1,0,FALSE,"Wilman","secondary",NA,NA
"Thomasomys vulcani","mass","Body_Mass","g",76.23,76.23,4,1,0,FALSE,"Wilman","secondary",NA,NA
"Thomomys bottae","mass","Body_Mass","g",143.344,152.333,8,3,0,FALSE,"Burger; Genoud; Wilman","secondary",NA,NA
"Thomomys bulbivorus","mass","Body_Mass","g",351.95,351.95,5,2,0,FALSE,"Burger; Wilman","secondary",NA,NA
"Thomomys clusius","mass","Body_Mass","g",58,58,4,1,0,FALSE,"Wilman","secondary",NA,NA
"Thomomys idahoensis","mass","Body_Mass","g",67,67,4,1,0,FALSE,"Wilman","secondary",NA,NA
"Thomomys mazama","mass","Body_Mass","g",75,75,4,1,0,FALSE,"Wilman","secondary",NA,NA
"Thomomys monticola","mass","Body_Mass","g",80,80,4,1,0,FALSE,"Wilman","secondary",NA,NA
"Thomomys talpoides","mass","Body_Mass","g",111.843,105.65,8,3,0,FALSE,"Burger; Genoud; Wilman","secondary",NA,NA
"Thomomys townsendii","mass","Body_Mass","g",256.175,256.175,5,2,0,FALSE,"Genoud; Wilman","secondary",NA,NA
"Thomomys umbrinus","mass","Body_Mass","g",130.65,130.65,5,2,0,FALSE,"Genoud; Wilman","secondary",NA,NA
"Thoopterus nigrescens","mass","Body_Mass","g",60.4,60.4,4,1,0,FALSE,"Wilman","secondary",NA,NA
"Thrichomys apereoides","mass","Body_Mass","g",331,331,5,2,0,FALSE,"Genoud; Wilman","secondary",NA,NA
"Thrichomys inermis","mass","Body_Mass","g",339,339,4,1,0,FALSE,"Wilman","secondary",NA,NA
"Thrichomys pachyurus","mass","Body_Mass","g",339,339,4,1,0,FALSE,"Wilman","secondary",NA,NA
"Thryonomys gregorianus","mass","Body_Mass","g",2707.14,2707.14,4,1,0,FALSE,"Wilman","secondary",NA,NA
"Thryonomys swinderianus","mass","Body_Mass","g",2402.51,2402.51,5,2,0,FALSE,"Burger; Wilman","secondary",NA,NA
"Thylacinus cynocephalus","mass","Body_Mass","g",29500,29500,4,1,0,FALSE,"Burger","secondary",NA,NA
"Thylamys cinderella","mass","Body_Mass","g",24.41,24.41,4,1,0,FALSE,"Wilman","secondary",NA,NA
"Thylamys elegans","mass","Body_Mass","g",30.092,30.45,9,4,0,FALSE,"Burger; Genoud; Ruf; Wilman","secondary",NA,NA
"Thylamys karimii","mass","Body_Mass","g",24.41,24.41,4,1,0,FALSE,"Wilman","secondary",NA,NA
"Thylamys macrurus","mass","Body_Mass","g",34.43,34.43,4,1,0,FALSE,"Wilman","secondary",NA,NA
"Thylamys pallidior","mass","Body_Mass","g",17.8,17.8,5,2,0,FALSE,"Burger; Wilman","secondary",NA,NA
"Thylamys pusillus","mass","Body_Mass","g",28.21,28.21,4,1,0,FALSE,"Wilman","secondary",NA,NA
"Thylamys sponsorius","mass","Body_Mass","g",24.41,24.41,4,1,0,FALSE,"Wilman","secondary",NA,NA
"Thylamys tatei","mass","Body_Mass","g",24.41,24.41,4,1,0,FALSE,"Wilman","secondary",NA,NA
"Thylamys velutinus","mass","Body_Mass","g",20.7,20.7,4,1,0,FALSE,"Wilman","secondary",NA,NA
"Thylamys venustus","mass","Body_Mass","g",24.41,24.41,4,1,0,FALSE,"Wilman","secondary",NA,NA
"Thylogale billardierii","mass","Body_Mass","g",5450,5450,5,2,0,FALSE,"Burger; Wilman","secondary",NA,NA
"Thylogale browni","mass","Body_Mass","g",5478,5478,5,2,0,FALSE,"Burger; Wilman","secondary",NA,NA
"Thylogale brunii","mass","Body_Mass","g",3620,3620,5,2,0,FALSE,"Burger; Wilman","secondary",NA,NA
"Thylogale calabyi","mass","Body_Mass","g",4326.13,4326.13,4,1,0,FALSE,"Wilman","secondary",NA,NA
"Thylogale lanatus","mass","Body_Mass","g",4758.79,4758.79,4,1,0,FALSE,"Wilman","secondary",NA,NA
"Thylogale stigmatica","mass","Body_Mass","g",4600,4600,5,2,0,FALSE,"Burger; Wilman","secondary",NA,NA
"Thylogale thetis","mass","Body_Mass","g",5400,5400,5,2,0,FALSE,"Burger; Wilman","secondary",NA,NA
"Thyroptera discifera","mass","Body_Mass","g",3.1,3.1,4,1,0,FALSE,"Wilman","secondary",NA,NA
"Thyroptera lavali","mass","Body_Mass","g",3.67,3.67,4,1,0,FALSE,"Wilman","secondary",NA,NA
"Thyroptera tricolor","mass","Body_Mass","g",4.43,4.43,5,2,0,FALSE,"Burger; Wilman","secondary",NA,NA
"Tlacuatzin canescens","mass","Body_Mass","g",47.73,47.73,4,1,0,FALSE,"Wilman","secondary",NA,NA
"Todus mexicanus","mass","Body_Mass","g",6.2,6.2,4,1,0,FALSE,"Ruf","secondary",NA,NA
"Tokudaia muenninki","mass","Body_Mass","g",177.4,177.4,4,1,0,FALSE,"Wilman","secondary",NA,NA
"Tokudaia osimensis","mass","Body_Mass","g",129.6,129.6,4,1,0,FALSE,"Wilman","secondary",NA,NA
"Tolypeutes matacus","mass","Body_Mass","g",1186.667,1200,6,3,0,FALSE,"Burger; Genoud; Wilman","secondary",NA,NA
"Tolypeutes tricinctus","mass","Body_Mass","g",1487,1487,4,1,0,FALSE,"Wilman","secondary",NA,NA
"Tomopeas ravus","mass","Body_Mass","g",2.54,2.54,4,1,0,FALSE,"Wilman","secondary",NA,NA
"Tonatia bidens","mass","Body_Mass","g",28.003,27.4,6,3,0,FALSE,"Burger; Genoud; Wilman","secondary",NA,NA
"Tonatia saurophila","mass","Body_Mass","g",30,30,4,1,0,FALSE,"Wilman","secondary",NA,NA
"Trachops cirrhosus","mass","Body_Mass","g",37.06,37.06,5,2,0,FALSE,"Burger; Wilman","secondary",NA,NA
"Trachypithecus auratus","mass","Body_Mass","g",7908.333,7100,6,3,0,FALSE,"Burger; Powell; Wilman","secondary",NA,NA
"Trachypithecus barbei","mass","Body_Mass","g",8516.46,8516.46,4,1,0,FALSE,"Wilman","secondary",NA,NA
"Trachypithecus cristatus","mass","Body_Mass","g",6715.919,6227,7,4,0,FALSE,"Burger; Isler; Powell; Wilman","secondary",NA,NA
"Trachypithecus cristatus group","mass","Body_Mass","g",6438.4,6438.4,30,1,0,FALSE,"Isler","secondary",NA,NA
"Trachypithecus delacouri","mass","Body_Mass","g",8358.23,8358.23,5,2,0,FALSE,"Wilman; Wimberly","secondary",NA,NA
"Trachypithecus ebenus","mass","Body_Mass","g",8516.46,8516.46,4,1,0,FALSE,"Wilman","secondary",NA,NA
"Trachypithecus francoisi","mass","Body_Mass","g",8002.75,7793,8,4,0,FALSE,"Burger; Granatosky; Wilman; Zilles","secondary",NA,NA
"Trachypithecus geei","mass","Body_Mass","g",9375,9500,7,4,0,FALSE,"Burger; Isler; Powell; Wilman","secondary",NA,NA
"Trachypithecus germaini","mass","Body_Mass","g",7793.98,7793.98,5,2,0,FALSE,"Burger; Wilman","secondary",NA,NA
"Trachypithecus hatinhensis","mass","Body_Mass","g",8608.23,8608.23,5,2,0,FALSE,"Wilman; Wimberly","secondary",NA,NA
"Trachypithecus johnii","mass","Body_Mass","g",11580.25,11600,7,4,0,FALSE,"Burger; Isler; Powell; Wilman","secondary",NA,NA
"Trachypithecus laotum","mass","Body_Mass","g",8516.46,8516.46,4,1,0,FALSE,"Wilman","secondary",NA,NA
"Trachypithecus obscurus","mass","Body_Mass","g",7900,7900,9,6,1,TRUE,"Burger; Granatosky; Isler; Powell; Seymour; Wilman","primary; secondary",NA,NA
"Trachypithecus obscurus group","mass","Body_Mass","g",7118.595,7118.595,40,1,0,FALSE,"Isler","secondary",NA,NA
"Trachypithecus phayrei","mass","Body_Mass","g",7642.727,7475,8,5,0,FALSE,"Burger; Isler; Powell; Wilman; Wimberly","secondary",NA,NA
"Trachypithecus pileatus","mass","Body_Mass","g",11224.375,11621.75,7,4,0,FALSE,"Burger; Isler; Powell; Wilman","secondary",NA,NA
"Trachypithecus pileatus group","mass","Body_Mass","g",11793.5,11793.5,5,1,0,FALSE,"Isler","secondary",NA,NA
"Trachypithecus poliocephalus","mass","Body_Mass","g",8445.487,8516.46,6,3,0,FALSE,"Powell; Wilman; Wimberly","secondary",NA,NA
"Trachypithecus shortridgei","mass","Body_Mass","g",8516.46,8516.46,4,1,0,FALSE,"Wilman","secondary",NA,NA
"Trachypithecus vetulus","mass","Body_Mass","g",7035,7035,8,5,1,TRUE,"Burger; Isler; Powell; Seymour; Wilman","primary; secondary",NA,NA
"Trachypithecus vetulus group","mass","Body_Mass","g",6940,6940,8,1,0,FALSE,"Isler","secondary",NA,NA
"Tragelaphus angasii","mass","Body_Mass","g",111800.21,111800.21,5,2,0,FALSE,"Burger; Wilman","secondary",NA,NA
"Tragelaphus buxtoni","mass","Body_Mass","g",247500.38,247500.38,5,2,0,FALSE,"Burger; Wilman","secondary",NA,NA
"Tragelaphus eurycerus","mass","Body_Mass","g",291001.555,291001.555,5,2,0,FALSE,"Burger; Wilman","secondary",NA,NA
"Tragelaphus imberbis","mass","Body_Mass","g",113287.775,113287.775,5,2,0,FALSE,"Burger; Wilman","secondary",NA,NA
"Tragelaphus scriptus","mass","Body_Mass","g",43737.695,43737.695,5,2,0,FALSE,"Burger; Wilman","secondary",NA,NA
"Tragelaphus spekii","mass","Body_Mass","g",59999.585,59999.585,5,2,0,FALSE,"Burger; Wilman","secondary",NA,NA
"Tragelaphus strepsiceros","mass","Body_Mass","g",229389.362,215750.52,7,4,0,FALSE,"Burger; HerculanoHouzel; Wilman; Wimberly","secondary",NA,NA
"Tragulus javanicus","mass","Body_Mass","g",2141.667,2037,6,3,0,FALSE,"Burger; Genoud; Wilman","secondary",NA,NA
"Tragulus kanchil","mass","Body_Mass","g",3706.24,3706.24,4,1,0,FALSE,"Wilman","secondary",NA,NA
"Tragulus napu","mass","Body_Mass","g",3730,3730,5,2,0,FALSE,"Burger; Wilman","secondary",NA,NA
"Tragulus nigricans","mass","Body_Mass","g",3706.24,3706.24,4,1,0,FALSE,"Wilman","secondary",NA,NA
"Tragulus versicolor","mass","Body_Mass","g",3706.24,3706.24,4,1,0,FALSE,"Wilman","secondary",NA,NA
"Tragulus williamsoni","mass","Body_Mass","g",3706.24,3706.24,4,1,0,FALSE,"Wilman","secondary",NA,NA
"Tree shrew","mass","Body_Mass","g",173.923,173.923,16,1,0,FALSE,"Burish","review",NA,NA
"Tremarctos ornatus","mass","Body_Mass","g",140000.63,140000.63,4,1,0,FALSE,"Wilman","secondary",NA,NA
"Triaenops auritus","mass","Body_Mass","g",8.6,8.6,4,1,0,FALSE,"Wilman","secondary",NA,NA
"Triaenops furculus","mass","Body_Mass","g",5.56,5.56,4,1,0,FALSE,"Wilman","secondary",NA,NA
"Triaenops persicus","mass","Body_Mass","g",13.14,13.14,5,2,0,FALSE,"Burger; Wilman","secondary",NA,NA
"Triaenops rufus","mass","Body_Mass","g",9.1,9.1,4,1,0,FALSE,"Wilman","secondary",NA,NA
"Trichechus inunguis","mass","Body_Mass","g",324937.5,324937.5,6,2,0,FALSE,"Genoud; Wilman","secondary",NA,NA
"Trichechus manatus","mass","Body_Mass","g",591295.75,594666.5,8,4,0,FALSE,"Burger; Genoud; Lewitus; Wilman","secondary",NA,NA
"Trichechus senegalensis","mass","Body_Mass","g",454000,454000,4,1,0,FALSE,"Wilman","secondary",NA,NA
"Trichosurus arnhemensis","mass","Body_Mass","g",1300,1300,4,1,0,FALSE,"Wilman","secondary",NA,NA
"Trichosurus caninus","mass","Body_Mass","g",3200,3200,5,2,0,FALSE,"Burger; Wilman","secondary",NA,NA
"Trichosurus cunninghami","mass","Body_Mass","g",2293.08,2293.08,4,1,0,FALSE,"Wilman","secondary",NA,NA
"Trichosurus johnstonii","mass","Body_Mass","g",2293.08,2293.08,4,1,0,FALSE,"Wilman","secondary",NA,NA
"Trichosurus vulpecula","mass","Body_Mass","g",3016,3016,12,6,2,TRUE,"Burger; Genoud; Heffner; Seymour; Wilman; Wimberly","primary; secondary",NA,NA
"Trichys fasciculata","mass","Body_Mass","g",1607.5,1607.5,5,2,0,FALSE,"Burger; Wilman","secondary",NA,NA
"Trinil 2/Pith I","mass","Body_Mass","g",61800,61800,4,1,1,TRUE,"Weaver","primary",NA,NA
"Trinomys albispinus","mass","Body_Mass","g",284.99,284.99,4,1,0,FALSE,"Wilman","secondary",NA,NA
"Trinomys dimidiatus","mass","Body_Mass","g",167.6,167.6,4,1,0,FALSE,"Wilman","secondary",NA,NA
"Trinomys eliasi","mass","Body_Mass","g",200,200,4,1,0,FALSE,"Wilman","secondary",NA,NA
"Trinomys gratiosus","mass","Body_Mass","g",235.59,235.59,4,1,0,FALSE,"Wilman","secondary",NA,NA
"Trinomys iheringi","mass","Body_Mass","g",220.39,220.39,4,1,0,FALSE,"Wilman","secondary",NA,NA
"Trinomys mirapitanga","mass","Body_Mass","g",235.59,235.59,4,1,0,FALSE,"Wilman","secondary",NA,NA
"Trinomys moojeni","mass","Body_Mass","g",235.59,235.59,4,1,0,FALSE,"Wilman","secondary",NA,NA
"Trinomys myosuros","mass","Body_Mass","g",284.99,284.99,4,1,0,FALSE,"Wilman","secondary",NA,NA
"Trinomys paratus","mass","Body_Mass","g",235.59,235.59,4,1,0,FALSE,"Wilman","secondary",NA,NA
"Trinomys setosus","mass","Body_Mass","g",284.99,284.99,4,1,0,FALSE,"Wilman","secondary",NA,NA
"Trinomys yonenagae","mass","Body_Mass","g",235.59,235.59,4,1,0,FALSE,"Wilman","secondary",NA,NA
"Trinycteris nicefori","mass","Body_Mass","g",8.25,8.25,4,1,0,FALSE,"Wilman","secondary",NA,NA
"Trogopterus xanthipes","mass","Body_Mass","g",744.94,744.94,4,1,0,FALSE,"Wilman","secondary",NA,NA
"Tryphomys adustus","mass","Body_Mass","g",136.47,136.47,4,1,0,FALSE,"Wilman","secondary",NA,NA
"Tscherskia triton","mass","Body_Mass","g",179.063,132,6,3,0,FALSE,"Burger; Genoud; Wilman","secondary",NA,NA
"Tupaia belangeri","mass","Body_Mass","g",104,104,14,4,1,TRUE,"Finlay; Garwicz; Genoud; Wilman","primary; secondary",NA,NA
"Tupaia chrysogaster","mass","Body_Mass","g",131.08,131.08,4,1,0,FALSE,"Wilman","secondary",NA,NA
"Tupaia dorsalis","mass","Body_Mass","g",265,265,4,1,0,FALSE,"Wilman","secondary",NA,NA
"Tupaia glis","mass","Body_Mass","g",164.444,163.333,17,8,3,TRUE,"Burger; Genoud; Heffner; HerculanoHouzel; Lewitus; Stephan; Stephan_collection; Wilman","primary; secondary",NA,NA
"Tupaia gracilis","mass","Body_Mass","g",74.58,74.58,4,1,0,FALSE,"Wilman","secondary",NA,NA
"Tupaia javanica","mass","Body_Mass","g",92.5,92.5,5,2,0,FALSE,"Burger; Wilman","secondary",NA,NA
"Tupaia longipes","mass","Body_Mass","g",168.05,168.05,4,1,0,FALSE,"Wilman","secondary",NA,NA
"Tupaia minor","mass","Body_Mass","g",95,95,8,4,2,TRUE,"Burger; Stephan; Stephan_collection; Wilman","primary; secondary",NA,NA
"Tupaia moellendorffi","mass","Body_Mass","g",150.45,150.45,4,1,0,FALSE,"Wilman","secondary",NA,NA
"Tupaia montana","mass","Body_Mass","g",199,199,4,1,0,FALSE,"Wilman","secondary",NA,NA
"Tupaia nicobarica","mass","Body_Mass","g",170.25,170.25,4,1,0,FALSE,"Wilman","secondary",NA,NA
"Tupaia palawanensis","mass","Body_Mass","g",168.05,168.05,4,1,0,FALSE,"Wilman","secondary",NA,NA
"Tupaia picta","mass","Body_Mass","g",147.5,147.5,4,1,0,FALSE,"Wilman","secondary",NA,NA
"Tupaia splendidula","mass","Body_Mass","g",160,160,4,1,0,FALSE,"Wilman","secondary",NA,NA
"Tupaia tana","mass","Body_Mass","g",190.08,190.08,5,2,0,FALSE,"Wilman; Wimberly","secondary",NA,NA
"Tursiops aduncus","mass","Body_Mass","g",158075,158075,5,2,0,FALSE,"Burger; Wilman","secondary",NA,NA
"Tursiops truncatus","mass","Body_Mass","g",154200.667,170480,11,5,0,FALSE,"Burger; Genoud; Lewitus; MacLarnon; Wilman","secondary",NA,NA
"Tylomys bullaris","mass","Body_Mass","g",280,280,4,1,0,FALSE,"Wilman","secondary",NA,NA
"Tylomys fulviventer","mass","Body_Mass","g",170.53,170.53,4,1,0,FALSE,"Wilman","secondary",NA,NA
"Tylomys mirae","mass","Body_Mass","g",183.6,183.6,4,1,0,FALSE,"Wilman","secondary",NA,NA
"Tylomys nudicaudus","mass","Body_Mass","g",100,100,4,1,0,FALSE,"Wilman","secondary",NA,NA
"Tylomys panamensis","mass","Body_Mass","g",200,200,4,1,0,FALSE,"Wilman","secondary",NA,NA
"Tylomys tumbalensis","mass","Body_Mass","g",280,280,4,1,0,FALSE,"Wilman","secondary",NA,NA
"Tylomys watsoni","mass","Body_Mass","g",240,240,4,1,0,FALSE,"Wilman","secondary",NA,NA
"Tylonycteris pachypus","mass","Body_Mass","g",4.09,4.09,5,2,0,FALSE,"Burger; Wilman","secondary",NA,NA
"Tylonycteris robustula","mass","Body_Mass","g",7.61,7.61,5,2,0,FALSE,"Burger; Wilman","secondary",NA,NA
"Tympanoctomys barrerae","mass","Body_Mass","g",70.7,70.7,5,2,0,FALSE,"Genoud; Wilman","secondary",NA,NA
"Typhlomys cinereus","mass","Body_Mass","g",31.2,31.2,4,1,0,FALSE,"Wilman","secondary",NA,NA
"Uncia uncia","mass","Body_Mass","g",38333.5,38333.5,5,2,0,FALSE,"Burger; Wilman","secondary",NA,NA
"Uranomys ruddi","mass","Body_Mass","g",37.015,37.015,5,2,0,FALSE,"Burger; Wilman","secondary",NA,NA
"Urocolius indicus","mass","Body_Mass","g",53,53,4,1,0,FALSE,"Ruf","secondary",NA,NA
"Urocolius macrourus","mass","Body_Mass","g",49,49,4,1,0,FALSE,"Ruf","secondary",NA,NA
"Urocyon cinereoargenteus","mass","Body_Mass","g",3791.36,3791.36,5,2,0,FALSE,"Burger; Wilman","secondary",NA,NA
"Urocyon littoralis","mass","Body_Mass","g",1896,1896,5,2,0,FALSE,"Burger; Wilman","secondary",NA,NA
"Uroderma bilobatum","mass","Body_Mass","g",16.173,16.2,6,3,0,FALSE,"Burger; Genoud; Wilman","secondary",NA,NA
"Uroderma magnirostrum","mass","Body_Mass","g",16.85,16.85,4,1,0,FALSE,"Wilman","secondary",NA,NA
"Urogale everetti","mass","Body_Mass","g",275,275,13,5,2,TRUE,"Burger; Genoud; Stephan; Stephan_collection; Wilman","primary; secondary",NA,NA
"Uromys anak","mass","Body_Mass","g",664.5,664.5,4,1,0,FALSE,"Wilman","secondary",NA,NA
"Uromys boeadii","mass","Body_Mass","g",521.53,521.53,4,1,0,FALSE,"Wilman","secondary",NA,NA
"Uromys caudimaculatus","mass","Body_Mass","g",712.875,712.875,5,2,0,FALSE,"Genoud; Wilman","secondary",NA,NA
"Uromys emmae","mass","Body_Mass","g",521.53,521.53,4,1,0,FALSE,"Wilman","secondary",NA,NA
"Uromys hadrourus","mass","Body_Mass","g",194,194,4,1,0,FALSE,"Wilman","secondary",NA,NA
"Uromys imperator","mass","Body_Mass","g",1000,1000,4,1,0,FALSE,"Wilman","secondary",NA,NA
"Uromys neobritannicus","mass","Body_Mass","g",612.49,612.49,4,1,0,FALSE,"Wilman","secondary",NA,NA
"Uromys porculus","mass","Body_Mass","g",521.53,521.53,4,1,0,FALSE,"Wilman","secondary",NA,NA
"Uromys rex","mass","Body_Mass","g",420,420,4,1,0,FALSE,"Wilman","secondary",NA,NA
"Uromys siebersi","mass","Body_Mass","g",521.53,521.53,4,1,0,FALSE,"Wilman","secondary",NA,NA
"Uropsilus andersoni","mass","Body_Mass","g",25.53,25.53,4,1,0,FALSE,"Wilman","secondary",NA,NA
"Uropsilus gracilis","mass","Body_Mass","g",25.53,25.53,4,1,0,FALSE,"Wilman","secondary",NA,NA
"Uropsilus investigator","mass","Body_Mass","g",25.53,25.53,4,1,0,FALSE,"Wilman","secondary",NA,NA
"Uropsilus soricipes","mass","Body_Mass","g",16,16,4,1,0,FALSE,"Wilman","secondary",NA,NA
"Urotrichus talpoides","mass","Body_Mass","g",45,45,4,1,0,FALSE,"Wilman","secondary",NA,NA
"Ursus americanus","mass","Body_Mass","g",85551.205,99949.36,10,5,0,FALSE,"Burger; Genoud; Ruf; Wilman; Wimberly","secondary",NA,NA
"Ursus arctos","mass","Body_Mass","g",152166.118,153000,9,5,0,FALSE,"Burger; Genoud; Ruf; Wilman; Wimberly","secondary",NA,NA
"Ursus maritimus","mass","Body_Mass","g",322151.134,340635,9,5,0,FALSE,"Burger; Genoud; Lewitus; Wilman; Wimberly","secondary",NA,NA
"Ursus thibetanus","mass","Body_Mass","g",73680,73680,5,2,0,FALSE,"Burger; Wilman","secondary",NA,NA
"Vampyressa bidens","mass","Body_Mass","g",11.6,11.6,4,1,0,FALSE,"Wilman","secondary",NA,NA
"Vampyressa brocki","mass","Body_Mass","g",10,10,4,1,0,FALSE,"Wilman","secondary",NA,NA
"Vampyressa melissa","mass","Body_Mass","g",16.3,16.3,4,1,0,FALSE,"Wilman","secondary",NA,NA
"Vampyressa nymphaea","mass","Body_Mass","g",11.15,11.15,5,2,0,FALSE,"Genoud; Wilman","secondary",NA,NA
"Vampyressa pusilla","mass","Body_Mass","g",8.66,8.63,6,3,0,FALSE,"Burger; Genoud; Wilman","secondary",NA,NA
"Vampyressa thyone","mass","Body_Mass","g",7.17,7.17,4,1,0,FALSE,"Wilman","secondary",NA,NA
"Vampyrodes caraccioli","mass","Body_Mass","g",37.2,37.2,5,2,0,FALSE,"Burger; Wilman","secondary",NA,NA
"Vampyrum spectrum","mass","Body_Mass","g",174.325,174.325,5,2,0,FALSE,"Burger; Wilman","secondary",NA,NA
"Vandeleuria nilagirica","mass","Body_Mass","g",23.79,23.79,4,1,0,FALSE,"Wilman","secondary",NA,NA
"Vandeleuria nolthenii","mass","Body_Mass","g",56.6,56.6,4,1,0,FALSE,"Wilman","secondary",NA,NA
"Vandeleuria oleracea","mass","Body_Mass","g",10,10,4,1,0,FALSE,"Wilman","secondary",NA,NA
"Varecia rubra","mass","Body_Mass","g",3300,3300,8,5,1,TRUE,"Burger; Heldstab; Isler; Powell; Wilman","primary; secondary",NA,NA
"Varecia variegata","mass","Body_Mass","g",3177.333,3000,23,12,3,TRUE,"Burger; Genoud; Granatosky; Isler; Lewitus; Powell; Seymour; Stephan; Stephan_collection; Wilman; Wimberly; Zilles","primary; secondary",NA,NA
"Varecia variegata rubra","mass","Body_Mass","g",3575,3575,4,1,0,FALSE,"Granatosky","secondary",NA,NA
"Vernaya fulva","mass","Body_Mass","g",24.85,24.85,4,1,0,FALSE,"Wilman","secondary",NA,NA
"Vespadelus baverstocki","mass","Body_Mass","g",4.8,4.8,4,1,0,FALSE,"Wilman","secondary",NA,NA
"Vespadelus caurinus","mass","Body_Mass","g",3.1,3.1,4,1,0,FALSE,"Wilman","secondary",NA,NA
"Vespadelus darlingtoni","mass","Body_Mass","g",6.06,6.06,4,1,0,FALSE,"Wilman","secondary",NA,NA
"Vespadelus douglasorum","mass","Body_Mass","g",4.99,4.99,4,1,0,FALSE,"Wilman","secondary",NA,NA
"Vespadelus finlaysoni","mass","Body_Mass","g",4.64,4.64,4,1,0,FALSE,"Wilman","secondary",NA,NA
"Vespadelus pumilus","mass","Body_Mass","g",5.425,5.425,5,2,0,FALSE,"Burger; Wilman","secondary",NA,NA
"Vespadelus regulus","mass","Body_Mass","g",5.05,5.05,4,1,0,FALSE,"Wilman","secondary",NA,NA
"Vespadelus troughtoni","mass","Body_Mass","g",4.64,4.64,4,1,0,FALSE,"Wilman","secondary",NA,NA
"Vespadelus vulturnus","mass","Body_Mass","g",3.923,4,6,3,0,FALSE,"Genoud; Ruf; Wilman","secondary",NA,NA
"Vespertilio murinus","mass","Body_Mass","g",26,26,5,2,0,FALSE,"Burger; Wilman","secondary",NA,NA
"Vespertilio sinensis","mass","Body_Mass","g",24.3,24.3,4,1,0,FALSE,"Wilman","secondary",NA,NA
"Vicugna pacos","mass","Body_Mass","g",44400,44400,4,1,0,FALSE,"Wimberly","secondary",NA,NA
"Vicugna vicugna","mass","Body_Mass","g",46857.305,46857.305,5,2,0,FALSE,"Burger; Wilman","secondary",NA,NA
"Viverra civettina","mass","Body_Mass","g",10646.905,10646.905,5,2,0,FALSE,"Burger; Wilman","secondary",NA,NA
"Viverra megaspila","mass","Body_Mass","g",8875,8875,5,2,0,FALSE,"Burger; Wilman","secondary",NA,NA
"Viverra tangalunga","mass","Body_Mass","g",5797.5,5797.5,5,2,0,FALSE,"Burger; Wilman","secondary",NA,NA
"Viverra zibetha","mass","Body_Mass","g",9000,9000,5,2,0,FALSE,"Burger; Wilman","secondary",NA,NA
"Viverricula indica","mass","Body_Mass","g",2784.215,2784.215,5,2,0,FALSE,"Burger; Wilman","secondary",NA,NA
"Voalavo gymnocaudus","mass","Body_Mass","g",50.88,50.88,4,1,0,FALSE,"Wilman","secondary",NA,NA
"Volemys millicens","mass","Body_Mass","g",49.02,49.02,4,1,0,FALSE,"Wilman","secondary",NA,NA
"Volemys musseri","mass","Body_Mass","g",42.5,42.5,4,1,0,FALSE,"Wilman","secondary",NA,NA
"Vombatus ursinus","mass","Body_Mass","g",26000,26000,7,4,1,TRUE,"Burger; Seymour; Wilman; Wimberly","primary; secondary",NA,NA
"Vormela peregusna","mass","Body_Mass","g",449.19,449.19,5,2,0,FALSE,"Burger; Wilman","secondary",NA,NA
"Vulpes bengalensis","mass","Body_Mass","g",2493,2493,5,2,0,FALSE,"Burger; Wilman","secondary",NA,NA
"Vulpes cana","mass","Body_Mass","g",1110.925,1110.925,5,2,0,FALSE,"Genoud; Wilman","secondary",NA,NA
"Vulpes chama","mass","Body_Mass","g",2955.01,2955.01,5,2,0,FALSE,"Burger; Wilman","secondary",NA,NA
"Vulpes corsac","mass","Body_Mass","g",2400,2400,4,1,0,FALSE,"Wilman","secondary",NA,NA
"Vulpes ferrilata","mass","Body_Mass","g",5000,5000,4,1,0,FALSE,"Wilman","secondary",NA,NA
"Vulpes lagopus","mass","Body_Mass","g",3850.901,3584.37,11,3,0,FALSE,"Burger; Genoud; Wilman","secondary",NA,NA
"Vulpes macrotis","mass","Body_Mass","g",3134.485,3134.485,5,2,0,FALSE,"Genoud; Wilman","secondary",NA,NA
"Vulpes pallida","mass","Body_Mass","g",3200.005,3200.005,5,2,0,FALSE,"Burger; Wilman","secondary",NA,NA
"Vulpes rueppellii","mass","Body_Mass","g",2348.657,2250,6,3,0,FALSE,"Burger; Genoud; Wilman","secondary",NA,NA
"Vulpes velox","mass","Body_Mass","g",2271.255,2271.255,5,2,0,FALSE,"Burger; Wilman","secondary",NA,NA
"Vulpes vulpes","mass","Body_Mass","g",4401.506,4634.4,11,5,0,FALSE,"Burger; Genoud; Lewitus; Wilman; Wimberly","secondary",NA,NA
"Vulpes zerda","mass","Body_Mass","g",1076.5,1100,7,3,0,FALSE,"Burger; Genoud; Wilman","secondary",NA,NA
"Wallabia bicolor","mass","Body_Mass","g",15000,15000,5,2,0,FALSE,"Burger; Wilman","secondary",NA,NA
"Wiedomys pyrrhorhinos","mass","Body_Mass","g",46.7,46.7,4,1,0,FALSE,"Wilman","secondary",NA,NA
"Wilfredomys oenax","mass","Body_Mass","g",46.8,46.8,4,1,0,FALSE,"Wilman","secondary",NA,NA
"Wyulda squamicaudata","mass","Body_Mass","g",1675,1675,5,2,0,FALSE,"Burger; Wilman","secondary",NA,NA
"Xenomys nelsoni","mass","Body_Mass","g",130,130,4,1,0,FALSE,"Wilman","secondary",NA,NA
"Xenuromys barbatus","mass","Body_Mass","g",1000,1000,4,1,0,FALSE,"Wilman","secondary",NA,NA
"Xeromys myoides","mass","Body_Mass","g",41,41,4,1,0,FALSE,"Wilman","secondary",NA,NA
"Xerus erythropus","mass","Body_Mass","g",612.45,612.45,5,2,0,FALSE,"Burger; Wilman","secondary",NA,NA
"Xerus inauris","mass","Body_Mass","g",494,529,7,3,0,FALSE,"Burger; Genoud; Wilman","secondary",NA,NA
"Xerus princeps","mass","Body_Mass","g",622,622,5,2,0,FALSE,"Genoud; Wilman","secondary",NA,NA
"Xerus rutilus","mass","Body_Mass","g",317.5,317.5,5,2,0,FALSE,"Burger; Wilman","secondary",NA,NA
"Zaedyus pichiy","mass","Body_Mass","g",1490,1560,7,4,0,FALSE,"Burger; Genoud; Ruf; Wilman","secondary",NA,NA
"Zaglossus attenboroughi","mass","Body_Mass","g",8532.39,8532.39,4,1,0,FALSE,"Wilman","secondary",NA,NA
"Zaglossus bartoni","mass","Body_Mass","g",7180,7180,4,1,0,FALSE,"Wilman","secondary",NA,NA
"Zaglossus bruijni","mass","Body_Mass","g",9637.178,9545.605,8,4,0,FALSE,"Burger; Genoud; Wilman; Wimberly","secondary",NA,NA
"Zalophus californianus","mass","Body_Mass","g",93596.667,85500,9,4,0,FALSE,"Burger; Genoud; Lewitus; Wilman","secondary",NA,NA
"Zalophus japonicus","mass","Body_Mass","g",80000,80000,4,1,0,FALSE,"Wilman","secondary",NA,NA
"Zalophus wollebaeki","mass","Body_Mass","g",119000,119000,5,2,0,FALSE,"Wilman; Wimberly","secondary",NA,NA
"Zapus hudsonius","mass","Body_Mass","g",20.489,20.035,9,4,0,FALSE,"Burger; Genoud; Ruf; Wilman","secondary",NA,NA
"Zapus princeps","mass","Body_Mass","g",28.65,28.25,7,4,0,FALSE,"Burger; Genoud; Ruf; Wilman","secondary",NA,NA
"Zapus trinotatus","mass","Body_Mass","g",27.5,27.5,5,2,0,FALSE,"Burger; Wilman","secondary",NA,NA
"Zelotomys hildegardeae","mass","Body_Mass","g",60,60,4,1,0,FALSE,"Wilman","secondary",NA,NA
"Zelotomys woosnami","mass","Body_Mass","g",54.1,54.1,4,1,0,FALSE,"Wilman","secondary",NA,NA
"Zenkerella insignis","mass","Body_Mass","g",200,200,4,1,0,FALSE,"Wilman","secondary",NA,NA
"Zh Loc E /III","mass","Body_Mass","g",61800,61800,4,1,1,TRUE,"Weaver","primary",NA,NA
"Zhoukoudian Locus LI","mass","Body_Mass","g",61800,61800,4,1,1,TRUE,"Weaver","primary",NA,NA
"Ziphius cavirostris","mass","Body_Mass","g",3524000,3524000,5,2,0,FALSE,"Burger; Wilman","secondary",NA,NA
"Zygodontomys brevicauda","mass","Body_Mass","g",52.23,52.23,4,1,0,FALSE,"Wilman","secondary",NA,NA
"Zygodontomys brunneus","mass","Body_Mass","g",75.6,75.6,4,1,0,FALSE,"Wilman","secondary",NA,NA
"Zygogeomys trichopus","mass","Body_Mass","g",522.5,522.5,5,2,0,FALSE,"Burger; Wilman","secondary",NA,NA
"Zyzomys argurus","mass","Body_Mass","g",36,36,4,1,0,FALSE,"Wilman","secondary",NA,NA
"Zyzomys maini","mass","Body_Mass","g",94,94,4,1,0,FALSE,"Wilman","secondary",NA,NA
"Zyzomys palatilis","mass","Body_Mass","g",123,123,4,1,0,FALSE,"Wilman","secondary",NA,NA
"Zyzomys pedunculatus","mass","Body_Mass","g",100,100,4,1,0,FALSE,"Wilman","secondary",NA,NA
"Zyzomys woodwardi","mass","Body_Mass","g",136,136,4,1,0,FALSE,"Wilman","secondary",NA,NA
