"Species","Variable","species_row","Baron_item","Baron_value","resolution_status","merge_eligible","Source"
"Afronycteris nana","Amygdala_Vol.mm3",204,"Baron_etal_1996_Table32",4.89,"NCBI_exact",TRUE,"Baron_etal_1996_Table32"
"Afronycteris nana","Bulbus_olfactorius_Vol.mm3",204,"Baron_etal_1996_Table32",1.99,"NCBI_exact",TRUE,"Baron_etal_1996_Table32"
"Afronycteris nana","Cerebellum_Vol.mm3",204,"Baron_etal_1996_Table10",18.5,"NCBI_exact",TRUE,"Baron_etal_1996_Table10"
"Afronycteris nana","Diencephalon_Vol.mm3",204,"Baron_etal_1996_Table10",7.9,"NCBI_exact",TRUE,"Baron_etal_1996_Table10"
"Afronycteris nana","Hippocampus_Vol.mm3",204,"Baron_etal_1996_Table32",6.27,"NCBI_exact",TRUE,"Baron_etal_1996_Table32"
"Afronycteris nana","Medulla_oblongata_Vol.mm3",204,"Baron_etal_1996_Table10",15.2,"NCBI_exact",TRUE,"Baron_etal_1996_Table10"
"Afronycteris nana","Mesencephalon_Vol.mm3",204,"Baron_etal_1996_Table10",10.2,"NCBI_exact",TRUE,"Baron_etal_1996_Table10"
"Afronycteris nana","Neocortex_Vol.mm3",204,"Baron_etal_1996_Table32",15.7,"NCBI_exact",TRUE,"Baron_etal_1996_Table32"
"Afronycteris nana","Palaeocortex_Vol.mm3",204,"Baron_etal_1996_Table32",4.37,"NCBI_exact",TRUE,"Baron_etal_1996_Table32"
"Afronycteris nana","Schizo_cortex_Vol.mm3",204,"Baron_etal_1996_Table32",2.9,"NCBI_exact",TRUE,"Baron_etal_1996_Table32"
"Afronycteris nana","Septum_Vol.mm3",204,"Baron_etal_1996_Table32",1.43,"NCBI_exact",TRUE,"Baron_etal_1996_Table32"
"Afronycteris nana","Striatum_Vol.mm3",204,"Baron_etal_1996_Table32",5.31,"NCBI_exact",TRUE,"Baron_etal_1996_Table32"
"Afronycteris nana","Telencephalon_Vol.mm3",204,"Baron_etal_1996_Table10",42.8,"NCBI_exact",TRUE,"Baron_etal_1996_Table10"
"Anoura caudifer","Amygdala_Vol.mm3",150,"Baron_etal_1996_Table32",10.5,"NCBI_exact",TRUE,"Baron_etal_1996_Table32"
"Anoura caudifer","Bulbus_olfactorius_Vol.mm3",150,"Baron_etal_1996_Table32",10.1,"NCBI_exact",TRUE,"Baron_etal_1996_Table32"
"Anoura caudifer","Cerebellum_Vol.mm3",150,"Baron_etal_1996_Table10",74.2,"NCBI_exact",TRUE,"Baron_etal_1996_Table10"
"Anoura caudifer","Diencephalon_Vol.mm3",150,"Baron_etal_1996_Table10",29.9,"NCBI_exact",TRUE,"Baron_etal_1996_Table10"
"Anoura caudifer","Hippocampus_Vol.mm3",150,"Baron_etal_1996_Table32",33.8,"NCBI_exact",TRUE,"Baron_etal_1996_Table32"
"Anoura caudifer","Medulla_oblongata_Vol.mm3",150,"Baron_etal_1996_Table10",39,"NCBI_exact",TRUE,"Baron_etal_1996_Table10"
"Anoura caudifer","Mesencephalon_Vol.mm3",150,"Baron_etal_1996_Table10",24.8,"NCBI_exact",TRUE,"Baron_etal_1996_Table10"
"Anoura caudifer","Neocortex_Vol.mm3",150,"Baron_etal_1996_Table32",101.1,"NCBI_exact",TRUE,"Baron_etal_1996_Table32"
"Anoura caudifer","Palaeocortex_Vol.mm3",150,"Baron_etal_1996_Table32",15.8,"NCBI_exact",TRUE,"Baron_etal_1996_Table32"
"Anoura caudifer","Schizo_cortex_Vol.mm3",150,"Baron_etal_1996_Table32",15.7,"NCBI_exact",TRUE,"Baron_etal_1996_Table32"
"Anoura caudifer","Septum_Vol.mm3",150,"Baron_etal_1996_Table32",5.74,"NCBI_exact",TRUE,"Baron_etal_1996_Table32"
"Anoura caudifer","Striatum_Vol.mm3",150,"Baron_etal_1996_Table32",20.1,"NCBI_exact",TRUE,"Baron_etal_1996_Table32"
"Anoura caudifer","Telencephalon_Vol.mm3",150,"Baron_etal_1996_Table10",214.7,"NCBI_exact",TRUE,"Baron_etal_1996_Table10"
"Anoura geoffroyi","Amygdala_Vol.mm3",151,"Baron_etal_1996_Table32",16.6,"NCBI_exact",TRUE,"Baron_etal_1996_Table32"
"Anoura geoffroyi","Bulbus_olfactorius_Vol.mm3",151,"Baron_etal_1996_Table32",18.2,"NCBI_exact",TRUE,"Baron_etal_1996_Table32"
"Anoura geoffroyi","Cerebellum_Vol.mm3",151,"Baron_etal_1996_Table10",109.7,"NCBI_exact",TRUE,"Baron_etal_1996_Table10"
"Anoura geoffroyi","Diencephalon_Vol.mm3",151,"Baron_etal_1996_Table10",41.5,"NCBI_exact",TRUE,"Baron_etal_1996_Table10"
"Anoura geoffroyi","Hippocampus_Vol.mm3",151,"Baron_etal_1996_Table32",49,"NCBI_exact",TRUE,"Baron_etal_1996_Table32"
"Anoura geoffroyi","Medulla_oblongata_Vol.mm3",151,"Baron_etal_1996_Table10",52,"NCBI_exact",TRUE,"Baron_etal_1996_Table10"
"Anoura geoffroyi","Mesencephalon_Vol.mm3",151,"Baron_etal_1996_Table10",34.5,"NCBI_exact",TRUE,"Baron_etal_1996_Table10"
"Anoura geoffroyi","Neocortex_Vol.mm3",151,"Baron_etal_1996_Table32",146.1,"NCBI_exact",TRUE,"Baron_etal_1996_Table32"
"Anoura geoffroyi","Palaeocortex_Vol.mm3",151,"Baron_etal_1996_Table32",25.5,"NCBI_exact",TRUE,"Baron_etal_1996_Table32"
"Anoura geoffroyi","Schizo_cortex_Vol.mm3",151,"Baron_etal_1996_Table32",24.1,"NCBI_exact",TRUE,"Baron_etal_1996_Table32"
"Anoura geoffroyi","Septum_Vol.mm3",151,"Baron_etal_1996_Table32",8.54,"NCBI_exact",TRUE,"Baron_etal_1996_Table32"
"Anoura geoffroyi","Striatum_Vol.mm3",151,"Baron_etal_1996_Table32",32.1,"NCBI_exact",TRUE,"Baron_etal_1996_Table32"
"Anoura geoffroyi","Telencephalon_Vol.mm3",151,"Baron_etal_1996_Table10",320.8,"NCBI_exact",TRUE,"Baron_etal_1996_Table10"
"Ardops nichollsi","Amygdala_Vol.mm3",177,"Baron_etal_1996_Table32",18.6,"NCBI_exact",TRUE,"Baron_etal_1996_Table32"
"Ardops nichollsi","Bulbus_olfactorius_Vol.mm3",177,"Baron_etal_1996_Table32",28,"NCBI_exact",TRUE,"Baron_etal_1996_Table32"
"Ardops nichollsi","Cerebellum_Vol.mm3",177,"Baron_etal_1996_Table10",84.8,"NCBI_exact",TRUE,"Baron_etal_1996_Table10"
"Ardops nichollsi","Diencephalon_Vol.mm3",177,"Baron_etal_1996_Table10",40.6,"NCBI_exact",TRUE,"Baron_etal_1996_Table10"
"Ardops nichollsi","Hippocampus_Vol.mm3",177,"Baron_etal_1996_Table32",36.1,"NCBI_exact",TRUE,"Baron_etal_1996_Table32"
"Ardops nichollsi","Medulla_oblongata_Vol.mm3",177,"Baron_etal_1996_Table10",49.7,"NCBI_exact",TRUE,"Baron_etal_1996_Table10"
"Ardops nichollsi","Mesencephalon_Vol.mm3",177,"Baron_etal_1996_Table10",33.7,"NCBI_exact",TRUE,"Baron_etal_1996_Table10"
"Ardops nichollsi","Neocortex_Vol.mm3",177,"Baron_etal_1996_Table32",148.6,"NCBI_exact",TRUE,"Baron_etal_1996_Table32"
"Ardops nichollsi","Palaeocortex_Vol.mm3",177,"Baron_etal_1996_Table32",30.4,"NCBI_exact",TRUE,"Baron_etal_1996_Table32"
"Ardops nichollsi","Schizo_cortex_Vol.mm3",177,"Baron_etal_1996_Table32",19.8,"NCBI_exact",TRUE,"Baron_etal_1996_Table32"
"Ardops nichollsi","Septum_Vol.mm3",177,"Baron_etal_1996_Table32",7.39,"NCBI_exact",TRUE,"Baron_etal_1996_Table32"
"Ardops nichollsi","Striatum_Vol.mm3",177,"Baron_etal_1996_Table32",28.5,"NCBI_exact",TRUE,"Baron_etal_1996_Table32"
"Ardops nichollsi","Telencephalon_Vol.mm3",177,"Baron_etal_1996_Table10",317.5,"NCBI_exact",TRUE,"Baron_etal_1996_Table10"
"Arielulus circumdatus","Amygdala_Vol.mm3",199,"Baron_etal_1996_Table32",10.7,"GBIF_frozen_legacy_map",TRUE,"Baron_etal_1996_Table32"
"Arielulus circumdatus","Bulbus_olfactorius_Vol.mm3",199,"Baron_etal_1996_Table32",4.96,"GBIF_frozen_legacy_map",TRUE,"Baron_etal_1996_Table32"
"Arielulus circumdatus","Cerebellum_Vol.mm3",199,"Baron_etal_1996_Table10",40.7,"GBIF_frozen_legacy_map",TRUE,"Baron_etal_1996_Table10"
"Arielulus circumdatus","Diencephalon_Vol.mm3",199,"Baron_etal_1996_Table10",17.5,"GBIF_frozen_legacy_map",TRUE,"Baron_etal_1996_Table10"
"Arielulus circumdatus","Hippocampus_Vol.mm3",199,"Baron_etal_1996_Table32",20,"GBIF_frozen_legacy_map",TRUE,"Baron_etal_1996_Table32"
"Arielulus circumdatus","Medulla_oblongata_Vol.mm3",199,"Baron_etal_1996_Table10",30.4,"GBIF_frozen_legacy_map",TRUE,"Baron_etal_1996_Table10"
"Arielulus circumdatus","Mesencephalon_Vol.mm3",199,"Baron_etal_1996_Table10",23.3,"GBIF_frozen_legacy_map",TRUE,"Baron_etal_1996_Table10"
"Arielulus circumdatus","Neocortex_Vol.mm3",199,"Baron_etal_1996_Table32",35.1,"GBIF_frozen_legacy_map",TRUE,"Baron_etal_1996_Table32"
"Arielulus circumdatus","Palaeocortex_Vol.mm3",199,"Baron_etal_1996_Table32",8.74,"GBIF_frozen_legacy_map",TRUE,"Baron_etal_1996_Table32"
"Arielulus circumdatus","Schizo_cortex_Vol.mm3",199,"Baron_etal_1996_Table32",9.47,"GBIF_frozen_legacy_map",TRUE,"Baron_etal_1996_Table32"
"Arielulus circumdatus","Septum_Vol.mm3",199,"Baron_etal_1996_Table32",3.35,"GBIF_frozen_legacy_map",TRUE,"Baron_etal_1996_Table32"
"Arielulus circumdatus","Striatum_Vol.mm3",199,"Baron_etal_1996_Table32",9.8,"GBIF_frozen_legacy_map",TRUE,"Baron_etal_1996_Table32"
"Arielulus circumdatus","Telencephalon_Vol.mm3",199,"Baron_etal_1996_Table10",102.2,"GBIF_frozen_legacy_map",TRUE,"Baron_etal_1996_Table10"
"Artibeus cinereus","Amygdala_Vol.mm3",172,"Baron_etal_1996_Table32",11.7,"NCBI_exact",TRUE,"Baron_etal_1996_Table32"
"Artibeus cinereus","Bulbus_olfactorius_Vol.mm3",172,"Baron_etal_1996_Table32",18.9,"NCBI_exact",TRUE,"Baron_etal_1996_Table32"
"Artibeus cinereus","Cerebellum_Vol.mm3",172,"Baron_etal_1996_Table10",81.6,"NCBI_exact",TRUE,"Baron_etal_1996_Table10"
"Artibeus cinereus","Diencephalon_Vol.mm3",172,"Baron_etal_1996_Table10",32.6,"NCBI_exact",TRUE,"Baron_etal_1996_Table10"
"Artibeus cinereus","Hippocampus_Vol.mm3",172,"Baron_etal_1996_Table32",32.9,"NCBI_exact",TRUE,"Baron_etal_1996_Table32"
"Artibeus cinereus","Medulla_oblongata_Vol.mm3",172,"Baron_etal_1996_Table10",41.5,"NCBI_exact",TRUE,"Baron_etal_1996_Table10"
"Artibeus cinereus","Mesencephalon_Vol.mm3",172,"Baron_etal_1996_Table10",29.7,"NCBI_exact",TRUE,"Baron_etal_1996_Table10"
"Artibeus cinereus","Neocortex_Vol.mm3",172,"Baron_etal_1996_Table32",120.4,"NCBI_exact",TRUE,"Baron_etal_1996_Table32"
"Artibeus cinereus","Palaeocortex_Vol.mm3",172,"Baron_etal_1996_Table32",25.3,"NCBI_exact",TRUE,"Baron_etal_1996_Table32"
"Artibeus cinereus","Schizo_cortex_Vol.mm3",172,"Baron_etal_1996_Table32",20,"NCBI_exact",TRUE,"Baron_etal_1996_Table32"
"Artibeus cinereus","Septum_Vol.mm3",172,"Baron_etal_1996_Table32",6.22,"NCBI_exact",TRUE,"Baron_etal_1996_Table32"
"Artibeus cinereus","Striatum_Vol.mm3",172,"Baron_etal_1996_Table32",22.7,"NCBI_exact",TRUE,"Baron_etal_1996_Table32"
"Artibeus cinereus","Telencephalon_Vol.mm3",172,"Baron_etal_1996_Table10",258.2,"NCBI_exact",TRUE,"Baron_etal_1996_Table10"
"Artibeus concolor","Amygdala_Vol.mm3",173,"Baron_etal_1996_Table32",19.2,"NCBI_exact",TRUE,"Baron_etal_1996_Table32"
"Artibeus concolor","Bulbus_olfactorius_Vol.mm3",173,"Baron_etal_1996_Table32",25.8,"NCBI_exact",TRUE,"Baron_etal_1996_Table32"
"Artibeus concolor","Cerebellum_Vol.mm3",173,"Baron_etal_1996_Table10",114.4,"NCBI_exact",TRUE,"Baron_etal_1996_Table10"
"Artibeus concolor","Diencephalon_Vol.mm3",173,"Baron_etal_1996_Table10",44.6,"NCBI_exact",TRUE,"Baron_etal_1996_Table10"
"Artibeus concolor","Hippocampus_Vol.mm3",173,"Baron_etal_1996_Table32",43.5,"NCBI_exact",TRUE,"Baron_etal_1996_Table32"
"Artibeus concolor","Medulla_oblongata_Vol.mm3",173,"Baron_etal_1996_Table10",55.2,"NCBI_exact",TRUE,"Baron_etal_1996_Table10"
"Artibeus concolor","Mesencephalon_Vol.mm3",173,"Baron_etal_1996_Table10",43.1,"NCBI_exact",TRUE,"Baron_etal_1996_Table10"
"Artibeus concolor","Neocortex_Vol.mm3",173,"Baron_etal_1996_Table32",152.3,"NCBI_exact",TRUE,"Baron_etal_1996_Table32"
"Artibeus concolor","Palaeocortex_Vol.mm3",173,"Baron_etal_1996_Table32",34,"NCBI_exact",TRUE,"Baron_etal_1996_Table32"
"Artibeus concolor","Schizo_cortex_Vol.mm3",173,"Baron_etal_1996_Table32",25.3,"NCBI_exact",TRUE,"Baron_etal_1996_Table32"
"Artibeus concolor","Septum_Vol.mm3",173,"Baron_etal_1996_Table32",7.62,"NCBI_exact",TRUE,"Baron_etal_1996_Table32"
"Artibeus concolor","Striatum_Vol.mm3",173,"Baron_etal_1996_Table32",27.8,"NCBI_exact",TRUE,"Baron_etal_1996_Table32"
"Artibeus concolor","Telencephalon_Vol.mm3",173,"Baron_etal_1996_Table10",335.5,"NCBI_exact",TRUE,"Baron_etal_1996_Table10"
"Artibeus jamaicensis","Amygdala_Vol.mm3",174,"Baron_etal_1996_Table32",27.3,"NCBI_exact",TRUE,"Baron_etal_1996_Table32"
"Artibeus jamaicensis","Bulbus_olfactorius_Vol.mm3",174,"Baron_etal_1996_Table32",38.7,"NCBI_exact",TRUE,"Baron_etal_1996_Table32"
"Artibeus jamaicensis","Cerebellum_Vol.mm3",174,"Baron_etal_1996_Table10",173.8,"NCBI_exact",TRUE,"Baron_etal_1996_Table10"
"Artibeus jamaicensis","Diencephalon_Vol.mm3",174,"Baron_etal_1996_Table10",72.6,"NCBI_exact",TRUE,"Baron_etal_1996_Table10"
"Artibeus jamaicensis","Hippocampus_Vol.mm3",174,"Baron_etal_1996_Table32",63.8,"NCBI_exact",TRUE,"Baron_etal_1996_Table32"
"Artibeus jamaicensis","Medulla_oblongata_Vol.mm3",174,"Baron_etal_1996_Table10",83.7,"NCBI_exact",TRUE,"Baron_etal_1996_Table10"
"Artibeus jamaicensis","Mesencephalon_Vol.mm3",174,"Baron_etal_1996_Table10",58.9,"NCBI_exact",TRUE,"Baron_etal_1996_Table10"
"Artibeus jamaicensis","Neocortex_Vol.mm3",174,"Baron_etal_1996_Table32",281.1,"NCBI_exact",TRUE,"Baron_etal_1996_Table32"
"Artibeus jamaicensis","Palaeocortex_Vol.mm3",174,"Baron_etal_1996_Table32",54.4,"NCBI_exact",TRUE,"Baron_etal_1996_Table32"
"Artibeus jamaicensis","Schizo_cortex_Vol.mm3",174,"Baron_etal_1996_Table32",44.1,"NCBI_exact",TRUE,"Baron_etal_1996_Table32"
"Artibeus jamaicensis","Septum_Vol.mm3",174,"Baron_etal_1996_Table32",12,"NCBI_exact",TRUE,"Baron_etal_1996_Table32"
"Artibeus jamaicensis","Striatum_Vol.mm3",174,"Baron_etal_1996_Table32",51.8,"NCBI_exact",TRUE,"Baron_etal_1996_Table32"
"Artibeus jamaicensis","Telencephalon_Vol.mm3",174,"Baron_etal_1996_Table10",573.4,"NCBI_exact",TRUE,"Baron_etal_1996_Table10"
"Artibeus lituratus","Amygdala_Vol.mm3",175,"Baron_etal_1996_Table32",34.8,"NCBI_exact",TRUE,"Baron_etal_1996_Table32"
"Artibeus lituratus","Bulbus_olfactorius_Vol.mm3",175,"Baron_etal_1996_Table32",54.1,"NCBI_exact",TRUE,"Baron_etal_1996_Table32"
"Artibeus lituratus","Cerebellum_Vol.mm3",175,"Baron_etal_1996_Table10",221.9,"NCBI_exact",TRUE,"Baron_etal_1996_Table10"
"Artibeus lituratus","Diencephalon_Vol.mm3",175,"Baron_etal_1996_Table10",85.7,"NCBI_exact",TRUE,"Baron_etal_1996_Table10"
"Artibeus lituratus","Hippocampus_Vol.mm3",175,"Baron_etal_1996_Table32",79.4,"NCBI_exact",TRUE,"Baron_etal_1996_Table32"
"Artibeus lituratus","Medulla_oblongata_Vol.mm3",175,"Baron_etal_1996_Table10",94.7,"NCBI_exact",TRUE,"Baron_etal_1996_Table10"
"Artibeus lituratus","Mesencephalon_Vol.mm3",175,"Baron_etal_1996_Table10",68.9,"NCBI_exact",TRUE,"Baron_etal_1996_Table10"
"Artibeus lituratus","Neocortex_Vol.mm3",175,"Baron_etal_1996_Table32",326,"NCBI_exact",TRUE,"Baron_etal_1996_Table32"
"Artibeus lituratus","Palaeocortex_Vol.mm3",175,"Baron_etal_1996_Table32",71,"NCBI_exact",TRUE,"Baron_etal_1996_Table32"
"Artibeus lituratus","Schizo_cortex_Vol.mm3",175,"Baron_etal_1996_Table32",49.5,"NCBI_exact",TRUE,"Baron_etal_1996_Table32"
"Artibeus lituratus","Septum_Vol.mm3",175,"Baron_etal_1996_Table32",15,"NCBI_exact",TRUE,"Baron_etal_1996_Table32"
"Artibeus lituratus","Striatum_Vol.mm3",175,"Baron_etal_1996_Table32",60.6,"NCBI_exact",TRUE,"Baron_etal_1996_Table32"
"Artibeus lituratus","Telencephalon_Vol.mm3",175,"Baron_etal_1996_Table10",690.7,"NCBI_exact",TRUE,"Baron_etal_1996_Table10"
"Aselliscus stoliczkanus","Amygdala_Vol.mm3",117,"Baron_etal_1996_Table32",5.07,"NCBI_exact",TRUE,"Baron_etal_1996_Table32"
"Aselliscus stoliczkanus","Bulbus_olfactorius_Vol.mm3",117,"Baron_etal_1996_Table32",1.68,"NCBI_exact",TRUE,"Baron_etal_1996_Table32"
"Aselliscus stoliczkanus","Cerebellum_Vol.mm3",117,"Baron_etal_1996_Table10",34.3,"NCBI_exact",TRUE,"Baron_etal_1996_Table10"
"Aselliscus stoliczkanus","Diencephalon_Vol.mm3",117,"Baron_etal_1996_Table10",9.8,"NCBI_exact",TRUE,"Baron_etal_1996_Table10"
"Aselliscus stoliczkanus","Hippocampus_Vol.mm3",117,"Baron_etal_1996_Table32",12.7,"NCBI_exact",TRUE,"Baron_etal_1996_Table32"
"Aselliscus stoliczkanus","Medulla_oblongata_Vol.mm3",117,"Baron_etal_1996_Table10",22.7,"NCBI_exact",TRUE,"Baron_etal_1996_Table10"
"Aselliscus stoliczkanus","Mesencephalon_Vol.mm3",117,"Baron_etal_1996_Table10",14.2,"NCBI_exact",TRUE,"Baron_etal_1996_Table10"
"Aselliscus stoliczkanus","Neocortex_Vol.mm3",117,"Baron_etal_1996_Table32",22.5,"NCBI_exact",TRUE,"Baron_etal_1996_Table32"
"Aselliscus stoliczkanus","Palaeocortex_Vol.mm3",117,"Baron_etal_1996_Table32",4.39,"NCBI_exact",TRUE,"Baron_etal_1996_Table32"
"Aselliscus stoliczkanus","Schizo_cortex_Vol.mm3",117,"Baron_etal_1996_Table32",4.23,"NCBI_exact",TRUE,"Baron_etal_1996_Table32"
"Aselliscus stoliczkanus","Septum_Vol.mm3",117,"Baron_etal_1996_Table32",1.67,"NCBI_exact",TRUE,"Baron_etal_1996_Table32"
"Aselliscus stoliczkanus","Striatum_Vol.mm3",117,"Baron_etal_1996_Table32",6.87,"NCBI_exact",TRUE,"Baron_etal_1996_Table32"
"Aselliscus stoliczkanus","Telencephalon_Vol.mm3",117,"Baron_etal_1996_Table10",59.1,"NCBI_exact",TRUE,"Baron_etal_1996_Table10"
"Aselliscus tricuspidatus","Amygdala_Vol.mm3",118,"Baron_etal_1996_Table32",5.52,"NCBI_exact",TRUE,"Baron_etal_1996_Table32"
"Aselliscus tricuspidatus","Bulbus_olfactorius_Vol.mm3",118,"Baron_etal_1996_Table32",2.07,"NCBI_exact",TRUE,"Baron_etal_1996_Table32"
"Aselliscus tricuspidatus","Cerebellum_Vol.mm3",118,"Baron_etal_1996_Table10",23.1,"NCBI_exact",TRUE,"Baron_etal_1996_Table10"
"Aselliscus tricuspidatus","Diencephalon_Vol.mm3",118,"Baron_etal_1996_Table10",9.8,"NCBI_exact",TRUE,"Baron_etal_1996_Table10"
"Aselliscus tricuspidatus","Hippocampus_Vol.mm3",118,"Baron_etal_1996_Table32",10.5,"NCBI_exact",TRUE,"Baron_etal_1996_Table32"
"Aselliscus tricuspidatus","Medulla_oblongata_Vol.mm3",118,"Baron_etal_1996_Table10",19.7,"NCBI_exact",TRUE,"Baron_etal_1996_Table10"
"Aselliscus tricuspidatus","Mesencephalon_Vol.mm3",118,"Baron_etal_1996_Table10",14,"NCBI_exact",TRUE,"Baron_etal_1996_Table10"
"Aselliscus tricuspidatus","Neocortex_Vol.mm3",118,"Baron_etal_1996_Table32",22.2,"NCBI_exact",TRUE,"Baron_etal_1996_Table32"
"Aselliscus tricuspidatus","Palaeocortex_Vol.mm3",118,"Baron_etal_1996_Table32",4.8,"NCBI_exact",TRUE,"Baron_etal_1996_Table32"
"Aselliscus tricuspidatus","Schizo_cortex_Vol.mm3",118,"Baron_etal_1996_Table32",4.41,"NCBI_exact",TRUE,"Baron_etal_1996_Table32"
"Aselliscus tricuspidatus","Septum_Vol.mm3",118,"Baron_etal_1996_Table32",1.74,"NCBI_exact",TRUE,"Baron_etal_1996_Table32"
"Aselliscus tricuspidatus","Striatum_Vol.mm3",118,"Baron_etal_1996_Table32",7.91,"NCBI_exact",TRUE,"Baron_etal_1996_Table32"
"Aselliscus tricuspidatus","Telencephalon_Vol.mm3",118,"Baron_etal_1996_Table10",59.1,"NCBI_exact",TRUE,"Baron_etal_1996_Table10"
"Balionycteris maculata","Amygdala_Vol.mm3",34,"Baron_etal_1996_Table32",13,"NCBI_exact",TRUE,"Baron_etal_1996_Table32"
"Balionycteris maculata","Bulbus_olfactorius_Vol.mm3",34,"Baron_etal_1996_Table32",31.2,"NCBI_exact",TRUE,"Baron_etal_1996_Table32"
"Balionycteris maculata","Cerebellum_Vol.mm3",34,"Baron_etal_1996_Table10",57.7,"NCBI_exact",TRUE,"Baron_etal_1996_Table10"
"Balionycteris maculata","Diencephalon_Vol.mm3",34,"Baron_etal_1996_Table10",40.6,"NCBI_exact",TRUE,"Baron_etal_1996_Table10"
"Balionycteris maculata","Hippocampus_Vol.mm3",34,"Baron_etal_1996_Table32",54.7,"NCBI_exact",TRUE,"Baron_etal_1996_Table32"
"Balionycteris maculata","Medulla_oblongata_Vol.mm3",34,"Baron_etal_1996_Table10",38.9,"NCBI_exact",TRUE,"Baron_etal_1996_Table10"
"Balionycteris maculata","Mesencephalon_Vol.mm3",34,"Baron_etal_1996_Table10",29.7,"NCBI_exact",TRUE,"Baron_etal_1996_Table10"
"Balionycteris maculata","Neocortex_Vol.mm3",34,"Baron_etal_1996_Table32",135,"NCBI_exact",TRUE,"Baron_etal_1996_Table32"
"Balionycteris maculata","Palaeocortex_Vol.mm3",34,"Baron_etal_1996_Table32",29.2,"NCBI_exact",TRUE,"Baron_etal_1996_Table32"
"Balionycteris maculata","Schizo_cortex_Vol.mm3",34,"Baron_etal_1996_Table32",23.6,"NCBI_exact",TRUE,"Baron_etal_1996_Table32"
"Balionycteris maculata","Septum_Vol.mm3",34,"Baron_etal_1996_Table32",8.44,"NCBI_exact",TRUE,"Baron_etal_1996_Table32"
"Balionycteris maculata","Striatum_Vol.mm3",34,"Baron_etal_1996_Table32",22.4,"NCBI_exact",TRUE,"Baron_etal_1996_Table32"
"Balionycteris maculata","Telencephalon_Vol.mm3",34,"Baron_etal_1996_Table10",317.5,"NCBI_exact",TRUE,"Baron_etal_1996_Table10"
"Brachyphylla cavernarum","Amygdala_Vol.mm3",179,"Baron_etal_1996_Table32",33.8,"NCBI_exact",TRUE,"Baron_etal_1996_Table32"
"Brachyphylla cavernarum","Bulbus_olfactorius_Vol.mm3",179,"Baron_etal_1996_Table32",42.2,"NCBI_exact",TRUE,"Baron_etal_1996_Table32"
"Brachyphylla cavernarum","Cerebellum_Vol.mm3",179,"Baron_etal_1996_Table10",176.7,"NCBI_exact",TRUE,"Baron_etal_1996_Table10"
"Brachyphylla cavernarum","Diencephalon_Vol.mm3",179,"Baron_etal_1996_Table10",96.4,"NCBI_exact",TRUE,"Baron_etal_1996_Table10"
"Brachyphylla cavernarum","Hippocampus_Vol.mm3",179,"Baron_etal_1996_Table32",78.8,"NCBI_exact",TRUE,"Baron_etal_1996_Table32"
"Brachyphylla cavernarum","Medulla_oblongata_Vol.mm3",179,"Baron_etal_1996_Table10",106.1,"NCBI_exact",TRUE,"Baron_etal_1996_Table10"
"Brachyphylla cavernarum","Mesencephalon_Vol.mm3",179,"Baron_etal_1996_Table10",68.3,"NCBI_exact",TRUE,"Baron_etal_1996_Table10"
"Brachyphylla cavernarum","Neocortex_Vol.mm3",179,"Baron_etal_1996_Table32",322.9,"NCBI_exact",TRUE,"Baron_etal_1996_Table32"
"Brachyphylla cavernarum","Palaeocortex_Vol.mm3",179,"Baron_etal_1996_Table32",68.1,"NCBI_exact",TRUE,"Baron_etal_1996_Table32"
"Brachyphylla cavernarum","Schizo_cortex_Vol.mm3",179,"Baron_etal_1996_Table32",36.8,"NCBI_exact",TRUE,"Baron_etal_1996_Table32"
"Brachyphylla cavernarum","Septum_Vol.mm3",179,"Baron_etal_1996_Table32",17.2,"NCBI_exact",TRUE,"Baron_etal_1996_Table32"
"Brachyphylla cavernarum","Striatum_Vol.mm3",179,"Baron_etal_1996_Table32",82.2,"NCBI_exact",TRUE,"Baron_etal_1996_Table32"
"Brachyphylla cavernarum","Telencephalon_Vol.mm3",179,"Baron_etal_1996_Table10",682.1,"NCBI_exact",TRUE,"Baron_etal_1996_Table10"
"Cardioderma cor","Amygdala_Vol.mm3",80,"Baron_etal_1996_Table32",24.1,"NCBI_exact",TRUE,"Baron_etal_1996_Table32"
"Cardioderma cor","Bulbus_olfactorius_Vol.mm3",80,"Baron_etal_1996_Table32",8.07,"NCBI_exact",TRUE,"Baron_etal_1996_Table32"
"Cardioderma cor","Cerebellum_Vol.mm3",80,"Baron_etal_1996_Table10",111.7,"NCBI_exact",TRUE,"Baron_etal_1996_Table10"
"Cardioderma cor","Diencephalon_Vol.mm3",80,"Baron_etal_1996_Table10",54.6,"NCBI_exact",TRUE,"Baron_etal_1996_Table10"
"Cardioderma cor","Hippocampus_Vol.mm3",80,"Baron_etal_1996_Table32",32.3,"NCBI_exact",TRUE,"Baron_etal_1996_Table32"
"Cardioderma cor","Medulla_oblongata_Vol.mm3",80,"Baron_etal_1996_Table10",71.5,"NCBI_exact",TRUE,"Baron_etal_1996_Table10"
"Cardioderma cor","Mesencephalon_Vol.mm3",80,"Baron_etal_1996_Table10",66.6,"NCBI_exact",TRUE,"Baron_etal_1996_Table10"
"Cardioderma cor","Neocortex_Vol.mm3",80,"Baron_etal_1996_Table32",186.3,"NCBI_exact",TRUE,"Baron_etal_1996_Table32"
"Cardioderma cor","Palaeocortex_Vol.mm3",80,"Baron_etal_1996_Table32",16.4,"NCBI_exact",TRUE,"Baron_etal_1996_Table32"
"Cardioderma cor","Schizo_cortex_Vol.mm3",80,"Baron_etal_1996_Table32",22.7,"NCBI_exact",TRUE,"Baron_etal_1996_Table32"
"Cardioderma cor","Septum_Vol.mm3",80,"Baron_etal_1996_Table32",6.97,"NCBI_exact",TRUE,"Baron_etal_1996_Table32"
"Cardioderma cor","Striatum_Vol.mm3",80,"Baron_etal_1996_Table32",29.9,"NCBI_exact",TRUE,"Baron_etal_1996_Table32"
"Cardioderma cor","Telencephalon_Vol.mm3",80,"Baron_etal_1996_Table10",326.6,"NCBI_exact",TRUE,"Baron_etal_1996_Table10"
"Carollia castanea","Amygdala_Vol.mm3",153,"Baron_etal_1996_Table32",13.4,"NCBI_exact",TRUE,"Baron_etal_1996_Table32"
"Carollia castanea","Bulbus_olfactorius_Vol.mm3",153,"Baron_etal_1996_Table32",20.8,"NCBI_exact",TRUE,"Baron_etal_1996_Table32"
"Carollia castanea","Cerebellum_Vol.mm3",153,"Baron_etal_1996_Table10",71.1,"NCBI_exact",TRUE,"Baron_etal_1996_Table10"
"Carollia castanea","Diencephalon_Vol.mm3",153,"Baron_etal_1996_Table10",32.4,"NCBI_exact",TRUE,"Baron_etal_1996_Table10"
"Carollia castanea","Hippocampus_Vol.mm3",153,"Baron_etal_1996_Table32",38.6,"NCBI_exact",TRUE,"Baron_etal_1996_Table32"
"Carollia castanea","Medulla_oblongata_Vol.mm3",153,"Baron_etal_1996_Table10",43.2,"NCBI_exact",TRUE,"Baron_etal_1996_Table10"
"Carollia castanea","Mesencephalon_Vol.mm3",153,"Baron_etal_1996_Table10",30.4,"NCBI_exact",TRUE,"Baron_etal_1996_Table10"
"Carollia castanea","Neocortex_Vol.mm3",153,"Baron_etal_1996_Table32",104,"NCBI_exact",TRUE,"Baron_etal_1996_Table32"
"Carollia castanea","Palaeocortex_Vol.mm3",153,"Baron_etal_1996_Table32",26.3,"NCBI_exact",TRUE,"Baron_etal_1996_Table32"
"Carollia castanea","Schizo_cortex_Vol.mm3",153,"Baron_etal_1996_Table32",16.9,"NCBI_exact",TRUE,"Baron_etal_1996_Table32"
"Carollia castanea","Septum_Vol.mm3",153,"Baron_etal_1996_Table32",6,"NCBI_exact",TRUE,"Baron_etal_1996_Table32"
"Carollia castanea","Striatum_Vol.mm3",153,"Baron_etal_1996_Table32",21.7,"NCBI_exact",TRUE,"Baron_etal_1996_Table32"
"Carollia castanea","Telencephalon_Vol.mm3",153,"Baron_etal_1996_Table10",247.9,"NCBI_exact",TRUE,"Baron_etal_1996_Table10"
"Carollia perspicillata","Amygdala_Vol.mm3",154,"Baron_etal_1996_Table32",16.1,"NCBI_exact",TRUE,"Baron_etal_1996_Table32"
"Carollia perspicillata","Bulbus_olfactorius_Vol.mm3",154,"Baron_etal_1996_Table32",26.3,"NCBI_exact",TRUE,"Baron_etal_1996_Table32"
"Carollia perspicillata","Cerebellum_Vol.mm3",154,"Baron_etal_1996_Table10",92.1,"NCBI_exact",TRUE,"Baron_etal_1996_Table10"
"Carollia perspicillata","Diencephalon_Vol.mm3",154,"Baron_etal_1996_Table10",37.8,"NCBI_exact",TRUE,"Baron_etal_1996_Table10"
"Carollia perspicillata","Hippocampus_Vol.mm3",154,"Baron_etal_1996_Table32",42.9,"NCBI_exact",TRUE,"Baron_etal_1996_Table32"
"Carollia perspicillata","Medulla_oblongata_Vol.mm3",154,"Baron_etal_1996_Table10",49.1,"NCBI_exact",TRUE,"Baron_etal_1996_Table10"
"Carollia perspicillata","Mesencephalon_Vol.mm3",154,"Baron_etal_1996_Table10",36.4,"NCBI_exact",TRUE,"Baron_etal_1996_Table10"
"Carollia perspicillata","Neocortex_Vol.mm3",154,"Baron_etal_1996_Table32",129.1,"NCBI_exact",TRUE,"Baron_etal_1996_Table32"
"Carollia perspicillata","Palaeocortex_Vol.mm3",154,"Baron_etal_1996_Table32",32.7,"NCBI_exact",TRUE,"Baron_etal_1996_Table32"
"Carollia perspicillata","Schizo_cortex_Vol.mm3",154,"Baron_etal_1996_Table32",20,"NCBI_exact",TRUE,"Baron_etal_1996_Table32"
"Carollia perspicillata","Septum_Vol.mm3",154,"Baron_etal_1996_Table32",7.16,"NCBI_exact",TRUE,"Baron_etal_1996_Table32"
"Carollia perspicillata","Striatum_Vol.mm3",154,"Baron_etal_1996_Table32",27.2,"NCBI_exact",TRUE,"Baron_etal_1996_Table32"
"Carollia perspicillata","Telencephalon_Vol.mm3",154,"Baron_etal_1996_Table10",301.7,"NCBI_exact",TRUE,"Baron_etal_1996_Table10"
"Casinycteris argynnis","Amygdala_Vol.mm3",27,"Baron_etal_1996_Table32",17.3,"NCBI_exact",TRUE,"Baron_etal_1996_Table32"
"Casinycteris argynnis","Bulbus_olfactorius_Vol.mm3",27,"Baron_etal_1996_Table32",28.6,"NCBI_exact",TRUE,"Baron_etal_1996_Table32"
"Casinycteris argynnis","Cerebellum_Vol.mm3",27,"Baron_etal_1996_Table10",116.7,"NCBI_exact",TRUE,"Baron_etal_1996_Table10"
"Casinycteris argynnis","Diencephalon_Vol.mm3",27,"Baron_etal_1996_Table10",71.5,"NCBI_exact",TRUE,"Baron_etal_1996_Table10"
"Casinycteris argynnis","Hippocampus_Vol.mm3",27,"Baron_etal_1996_Table32",72,"NCBI_exact",TRUE,"Baron_etal_1996_Table32"
"Casinycteris argynnis","Medulla_oblongata_Vol.mm3",27,"Baron_etal_1996_Table10",69.3,"NCBI_exact",TRUE,"Baron_etal_1996_Table10"
"Casinycteris argynnis","Mesencephalon_Vol.mm3",27,"Baron_etal_1996_Table10",54.2,"NCBI_exact",TRUE,"Baron_etal_1996_Table10"
"Casinycteris argynnis","Neocortex_Vol.mm3",27,"Baron_etal_1996_Table32",233.7,"NCBI_exact",TRUE,"Baron_etal_1996_Table32"
"Casinycteris argynnis","Palaeocortex_Vol.mm3",27,"Baron_etal_1996_Table32",43.6,"NCBI_exact",TRUE,"Baron_etal_1996_Table32"
"Casinycteris argynnis","Schizo_cortex_Vol.mm3",27,"Baron_etal_1996_Table32",34.6,"NCBI_exact",TRUE,"Baron_etal_1996_Table32"
"Casinycteris argynnis","Septum_Vol.mm3",27,"Baron_etal_1996_Table32",12.2,"NCBI_exact",TRUE,"Baron_etal_1996_Table32"
"Casinycteris argynnis","Striatum_Vol.mm3",27,"Baron_etal_1996_Table32",37.4,"NCBI_exact",TRUE,"Baron_etal_1996_Table32"
"Casinycteris argynnis","Telencephalon_Vol.mm3",27,"Baron_etal_1996_Table10",479.3,"NCBI_exact",TRUE,"Baron_etal_1996_Table10"
"Chaerephon jobensis","Amygdala_Vol.mm3",259,"Baron_etal_1996_Table32",15.5,"GBIF_frozen_legacy_map",TRUE,"Baron_etal_1996_Table32"
"Chaerephon jobensis","Bulbus_olfactorius_Vol.mm3",259,"Baron_etal_1996_Table32",9.5,"GBIF_frozen_legacy_map",TRUE,"Baron_etal_1996_Table32"
"Chaerephon jobensis","Cerebellum_Vol.mm3",259,"Baron_etal_1996_Table10",71.4,"GBIF_frozen_legacy_map",TRUE,"Baron_etal_1996_Table10"
"Chaerephon jobensis","Diencephalon_Vol.mm3",259,"Baron_etal_1996_Table10",27.6,"GBIF_frozen_legacy_map",TRUE,"Baron_etal_1996_Table10"
"Chaerephon jobensis","Hippocampus_Vol.mm3",259,"Baron_etal_1996_Table32",14.9,"GBIF_frozen_legacy_map",TRUE,"Baron_etal_1996_Table32"
"Chaerephon jobensis","Medulla_oblongata_Vol.mm3",259,"Baron_etal_1996_Table10",44.8,"GBIF_frozen_legacy_map",TRUE,"Baron_etal_1996_Table10"
"Chaerephon jobensis","Mesencephalon_Vol.mm3",259,"Baron_etal_1996_Table10",32.5,"GBIF_frozen_legacy_map",TRUE,"Baron_etal_1996_Table10"
"Chaerephon jobensis","Neocortex_Vol.mm3",259,"Baron_etal_1996_Table32",78.8,"GBIF_frozen_legacy_map",TRUE,"Baron_etal_1996_Table32"
"Chaerephon jobensis","Palaeocortex_Vol.mm3",259,"Baron_etal_1996_Table32",14.3,"GBIF_frozen_legacy_map",TRUE,"Baron_etal_1996_Table32"
"Chaerephon jobensis","Schizo_cortex_Vol.mm3",259,"Baron_etal_1996_Table32",10.1,"GBIF_frozen_legacy_map",TRUE,"Baron_etal_1996_Table32"
"Chaerephon jobensis","Septum_Vol.mm3",259,"Baron_etal_1996_Table32",4.43,"GBIF_frozen_legacy_map",TRUE,"Baron_etal_1996_Table32"
"Chaerephon jobensis","Striatum_Vol.mm3",259,"Baron_etal_1996_Table32",15.7,"GBIF_frozen_legacy_map",TRUE,"Baron_etal_1996_Table32"
"Chaerephon jobensis","Telencephalon_Vol.mm3",259,"Baron_etal_1996_Table10",163.3,"GBIF_frozen_legacy_map",TRUE,"Baron_etal_1996_Table10"
"Chaerephon plicatus","Amygdala_Vol.mm3",261,"Baron_etal_1996_Table32",16.4,"NCBI_exact",TRUE,"Baron_etal_1996_Table32"
"Chaerephon plicatus","Bulbus_olfactorius_Vol.mm3",261,"Baron_etal_1996_Table32",7.83,"NCBI_exact",TRUE,"Baron_etal_1996_Table32"
"Chaerephon plicatus","Cerebellum_Vol.mm3",261,"Baron_etal_1996_Table10",61.4,"NCBI_exact",TRUE,"Baron_etal_1996_Table10"
"Chaerephon plicatus","Diencephalon_Vol.mm3",261,"Baron_etal_1996_Table10",24.4,"NCBI_exact",TRUE,"Baron_etal_1996_Table10"
"Chaerephon plicatus","Hippocampus_Vol.mm3",261,"Baron_etal_1996_Table32",16.4,"NCBI_exact",TRUE,"Baron_etal_1996_Table32"
"Chaerephon plicatus","Medulla_oblongata_Vol.mm3",261,"Baron_etal_1996_Table10",46.3,"NCBI_exact",TRUE,"Baron_etal_1996_Table10"
"Chaerephon plicatus","Mesencephalon_Vol.mm3",261,"Baron_etal_1996_Table10",31.2,"NCBI_exact",TRUE,"Baron_etal_1996_Table10"
"Chaerephon plicatus","Neocortex_Vol.mm3",261,"Baron_etal_1996_Table32",62.2,"NCBI_exact",TRUE,"Baron_etal_1996_Table32"
"Chaerephon plicatus","Palaeocortex_Vol.mm3",261,"Baron_etal_1996_Table32",12.7,"NCBI_exact",TRUE,"Baron_etal_1996_Table32"
"Chaerephon plicatus","Schizo_cortex_Vol.mm3",261,"Baron_etal_1996_Table32",10,"NCBI_exact",TRUE,"Baron_etal_1996_Table32"
"Chaerephon plicatus","Septum_Vol.mm3",261,"Baron_etal_1996_Table32",4.29,"NCBI_exact",TRUE,"Baron_etal_1996_Table32"
"Chaerephon plicatus","Striatum_Vol.mm3",261,"Baron_etal_1996_Table32",13,"NCBI_exact",TRUE,"Baron_etal_1996_Table32"
"Chaerephon plicatus","Telencephalon_Vol.mm3",261,"Baron_etal_1996_Table10",142.8,"NCBI_exact",TRUE,"Baron_etal_1996_Table10"
"Chalinolobus gouldii","Amygdala_Vol.mm3",224,"Baron_etal_1996_Table32",11,"NCBI_exact",TRUE,"Baron_etal_1996_Table32"
"Chalinolobus gouldii","Bulbus_olfactorius_Vol.mm3",224,"Baron_etal_1996_Table32",5.74,"NCBI_exact",TRUE,"Baron_etal_1996_Table32"
"Chalinolobus gouldii","Cerebellum_Vol.mm3",224,"Baron_etal_1996_Table10",49.9,"NCBI_exact",TRUE,"Baron_etal_1996_Table10"
"Chalinolobus gouldii","Diencephalon_Vol.mm3",224,"Baron_etal_1996_Table10",17,"NCBI_exact",TRUE,"Baron_etal_1996_Table10"
"Chalinolobus gouldii","Hippocampus_Vol.mm3",224,"Baron_etal_1996_Table32",17.6,"NCBI_exact",TRUE,"Baron_etal_1996_Table32"
"Chalinolobus gouldii","Medulla_oblongata_Vol.mm3",224,"Baron_etal_1996_Table10",33.7,"NCBI_exact",TRUE,"Baron_etal_1996_Table10"
"Chalinolobus gouldii","Mesencephalon_Vol.mm3",224,"Baron_etal_1996_Table10",23.6,"NCBI_exact",TRUE,"Baron_etal_1996_Table10"
"Chalinolobus gouldii","Neocortex_Vol.mm3",224,"Baron_etal_1996_Table32",37.3,"NCBI_exact",TRUE,"Baron_etal_1996_Table32"
"Chalinolobus gouldii","Palaeocortex_Vol.mm3",224,"Baron_etal_1996_Table32",8.26,"NCBI_exact",TRUE,"Baron_etal_1996_Table32"
"Chalinolobus gouldii","Schizo_cortex_Vol.mm3",224,"Baron_etal_1996_Table32",7.14,"NCBI_exact",TRUE,"Baron_etal_1996_Table32"
"Chalinolobus gouldii","Septum_Vol.mm3",224,"Baron_etal_1996_Table32",3.37,"NCBI_exact",TRUE,"Baron_etal_1996_Table32"
"Chalinolobus gouldii","Striatum_Vol.mm3",224,"Baron_etal_1996_Table32",10.2,"NCBI_exact",TRUE,"Baron_etal_1996_Table32"
"Chalinolobus gouldii","Telencephalon_Vol.mm3",224,"Baron_etal_1996_Table10",100.6,"NCBI_exact",TRUE,"Baron_etal_1996_Table10"
"Chalinolobus morio","Amygdala_Vol.mm3",225,"Baron_etal_1996_Table32",6.38,"NCBI_exact",TRUE,"Baron_etal_1996_Table32"
"Chalinolobus morio","Bulbus_olfactorius_Vol.mm3",225,"Baron_etal_1996_Table32",3.15,"NCBI_exact",TRUE,"Baron_etal_1996_Table32"
"Chalinolobus morio","Cerebellum_Vol.mm3",225,"Baron_etal_1996_Table10",34.8,"NCBI_exact",TRUE,"Baron_etal_1996_Table10"
"Chalinolobus morio","Diencephalon_Vol.mm3",225,"Baron_etal_1996_Table10",13.7,"NCBI_exact",TRUE,"Baron_etal_1996_Table10"
"Chalinolobus morio","Hippocampus_Vol.mm3",225,"Baron_etal_1996_Table32",17.9,"NCBI_exact",TRUE,"Baron_etal_1996_Table32"
"Chalinolobus morio","Medulla_oblongata_Vol.mm3",225,"Baron_etal_1996_Table10",28,"NCBI_exact",TRUE,"Baron_etal_1996_Table10"
"Chalinolobus morio","Mesencephalon_Vol.mm3",225,"Baron_etal_1996_Table10",19.3,"NCBI_exact",TRUE,"Baron_etal_1996_Table10"
"Chalinolobus morio","Neocortex_Vol.mm3",225,"Baron_etal_1996_Table32",28.1,"NCBI_exact",TRUE,"Baron_etal_1996_Table32"
"Chalinolobus morio","Palaeocortex_Vol.mm3",225,"Baron_etal_1996_Table32",5.65,"NCBI_exact",TRUE,"Baron_etal_1996_Table32"
"Chalinolobus morio","Schizo_cortex_Vol.mm3",225,"Baron_etal_1996_Table32",6.27,"NCBI_exact",TRUE,"Baron_etal_1996_Table32"
"Chalinolobus morio","Septum_Vol.mm3",225,"Baron_etal_1996_Table32",2.69,"NCBI_exact",TRUE,"Baron_etal_1996_Table32"
"Chalinolobus morio","Striatum_Vol.mm3",225,"Baron_etal_1996_Table32",8.06,"NCBI_exact",TRUE,"Baron_etal_1996_Table32"
"Chalinolobus morio","Telencephalon_Vol.mm3",225,"Baron_etal_1996_Table10",78.2,"NCBI_exact",TRUE,"Baron_etal_1996_Table10"
"Cheiromeles torquatus","Amygdala_Vol.mm3",272,"Baron_etal_1996_Table32",55.2,"NCBI_exact",TRUE,"Baron_etal_1996_Table32"
"Cheiromeles torquatus","Bulbus_olfactorius_Vol.mm3",272,"Baron_etal_1996_Table32",40.5,"NCBI_exact",TRUE,"Baron_etal_1996_Table32"
"Cheiromeles torquatus","Cerebellum_Vol.mm3",272,"Baron_etal_1996_Table10",213.4,"NCBI_exact",TRUE,"Baron_etal_1996_Table10"
"Cheiromeles torquatus","Diencephalon_Vol.mm3",272,"Baron_etal_1996_Table10",108.2,"NCBI_exact",TRUE,"Baron_etal_1996_Table10"
"Cheiromeles torquatus","Hippocampus_Vol.mm3",272,"Baron_etal_1996_Table32",61.2,"NCBI_exact",TRUE,"Baron_etal_1996_Table32"
"Cheiromeles torquatus","Medulla_oblongata_Vol.mm3",272,"Baron_etal_1996_Table10",161.6,"NCBI_exact",TRUE,"Baron_etal_1996_Table10"
"Cheiromeles torquatus","Mesencephalon_Vol.mm3",272,"Baron_etal_1996_Table10",111.6,"NCBI_exact",TRUE,"Baron_etal_1996_Table10"
"Cheiromeles torquatus","Neocortex_Vol.mm3",272,"Baron_etal_1996_Table32",349.8,"NCBI_exact",TRUE,"Baron_etal_1996_Table32"
"Cheiromeles torquatus","Palaeocortex_Vol.mm3",272,"Baron_etal_1996_Table32",54.8,"NCBI_exact",TRUE,"Baron_etal_1996_Table32"
"Cheiromeles torquatus","Schizo_cortex_Vol.mm3",272,"Baron_etal_1996_Table32",40.3,"NCBI_exact",TRUE,"Baron_etal_1996_Table32"
"Cheiromeles torquatus","Septum_Vol.mm3",272,"Baron_etal_1996_Table32",17,"NCBI_exact",TRUE,"Baron_etal_1996_Table32"
"Cheiromeles torquatus","Striatum_Vol.mm3",272,"Baron_etal_1996_Table32",61.8,"NCBI_exact",TRUE,"Baron_etal_1996_Table32"
"Cheiromeles torquatus","Telencephalon_Vol.mm3",272,"Baron_etal_1996_Table10",680.6,"NCBI_exact",TRUE,"Baron_etal_1996_Table10"
"Chiroderma salvini","Amygdala_Vol.mm3",167,"Baron_etal_1996_Table32",24.1,"NCBI_exact",TRUE,"Baron_etal_1996_Table32"
"Chiroderma salvini","Bulbus_olfactorius_Vol.mm3",167,"Baron_etal_1996_Table32",31.1,"NCBI_exact",TRUE,"Baron_etal_1996_Table32"
"Chiroderma salvini","Cerebellum_Vol.mm3",167,"Baron_etal_1996_Table10",153.9,"NCBI_exact",TRUE,"Baron_etal_1996_Table10"
"Chiroderma salvini","Diencephalon_Vol.mm3",167,"Baron_etal_1996_Table10",59.4,"NCBI_exact",TRUE,"Baron_etal_1996_Table10"
"Chiroderma salvini","Hippocampus_Vol.mm3",167,"Baron_etal_1996_Table32",56.2,"NCBI_exact",TRUE,"Baron_etal_1996_Table32"
"Chiroderma salvini","Medulla_oblongata_Vol.mm3",167,"Baron_etal_1996_Table10",71,"NCBI_exact",TRUE,"Baron_etal_1996_Table10"
"Chiroderma salvini","Mesencephalon_Vol.mm3",167,"Baron_etal_1996_Table10",55.1,"NCBI_exact",TRUE,"Baron_etal_1996_Table10"
"Chiroderma salvini","Neocortex_Vol.mm3",167,"Baron_etal_1996_Table32",210.5,"NCBI_exact",TRUE,"Baron_etal_1996_Table32"
"Chiroderma salvini","Palaeocortex_Vol.mm3",167,"Baron_etal_1996_Table32",37.8,"NCBI_exact",TRUE,"Baron_etal_1996_Table32"
"Chiroderma salvini","Schizo_cortex_Vol.mm3",167,"Baron_etal_1996_Table32",27.6,"NCBI_exact",TRUE,"Baron_etal_1996_Table32"
"Chiroderma salvini","Septum_Vol.mm3",167,"Baron_etal_1996_Table32",9.2,"NCBI_exact",TRUE,"Baron_etal_1996_Table32"
"Chiroderma salvini","Striatum_Vol.mm3",167,"Baron_etal_1996_Table32",34,"NCBI_exact",TRUE,"Baron_etal_1996_Table32"
"Chiroderma salvini","Telencephalon_Vol.mm3",167,"Baron_etal_1996_Table10",430.7,"NCBI_exact",TRUE,"Baron_etal_1996_Table10"
"Chiroderma trinitatum","Amygdala_Vol.mm3",168,"Baron_etal_1996_Table32",15.9,"NCBI_exact",TRUE,"Baron_etal_1996_Table32"
"Chiroderma trinitatum","Bulbus_olfactorius_Vol.mm3",168,"Baron_etal_1996_Table32",21.1,"NCBI_exact",TRUE,"Baron_etal_1996_Table32"
"Chiroderma trinitatum","Cerebellum_Vol.mm3",168,"Baron_etal_1996_Table10",97.6,"NCBI_exact",TRUE,"Baron_etal_1996_Table10"
"Chiroderma trinitatum","Diencephalon_Vol.mm3",168,"Baron_etal_1996_Table10",38.4,"NCBI_exact",TRUE,"Baron_etal_1996_Table10"
"Chiroderma trinitatum","Hippocampus_Vol.mm3",168,"Baron_etal_1996_Table32",33.6,"NCBI_exact",TRUE,"Baron_etal_1996_Table32"
"Chiroderma trinitatum","Medulla_oblongata_Vol.mm3",168,"Baron_etal_1996_Table10",45.7,"NCBI_exact",TRUE,"Baron_etal_1996_Table10"
"Chiroderma trinitatum","Mesencephalon_Vol.mm3",168,"Baron_etal_1996_Table10",35.4,"NCBI_exact",TRUE,"Baron_etal_1996_Table10"
"Chiroderma trinitatum","Neocortex_Vol.mm3",168,"Baron_etal_1996_Table32",152.2,"NCBI_exact",TRUE,"Baron_etal_1996_Table32"
"Chiroderma trinitatum","Palaeocortex_Vol.mm3",168,"Baron_etal_1996_Table32",24.7,"NCBI_exact",TRUE,"Baron_etal_1996_Table32"
"Chiroderma trinitatum","Schizo_cortex_Vol.mm3",168,"Baron_etal_1996_Table32",17.2,"NCBI_exact",TRUE,"Baron_etal_1996_Table32"
"Chiroderma trinitatum","Septum_Vol.mm3",168,"Baron_etal_1996_Table32",5.96,"NCBI_exact",TRUE,"Baron_etal_1996_Table32"
"Chiroderma trinitatum","Striatum_Vol.mm3",168,"Baron_etal_1996_Table32",19.9,"NCBI_exact",TRUE,"Baron_etal_1996_Table32"
"Chiroderma trinitatum","Telencephalon_Vol.mm3",168,"Baron_etal_1996_Table10",290.7,"NCBI_exact",TRUE,"Baron_etal_1996_Table10"
"Chiroderma villosum","Amygdala_Vol.mm3",169,"Baron_etal_1996_Table32",20.6,"NCBI_exact",TRUE,"Baron_etal_1996_Table32"
"Chiroderma villosum","Amygdala_Vol.mm3",170,"Baron_etal_1996_Table32",21.6,"NCBI_exact",TRUE,"Baron_etal_1996_Table32"
"Chiroderma villosum","Bulbus_olfactorius_Vol.mm3",169,"Baron_etal_1996_Table32",27.4,"NCBI_exact",TRUE,"Baron_etal_1996_Table32"
"Chiroderma villosum","Bulbus_olfactorius_Vol.mm3",170,"Baron_etal_1996_Table32",35.4,"NCBI_exact",TRUE,"Baron_etal_1996_Table32"
"Chiroderma villosum","Cerebellum_Vol.mm3",169,"Baron_etal_1996_Table10",132.5,"NCBI_exact",TRUE,"Baron_etal_1996_Table10"
"Chiroderma villosum","Cerebellum_Vol.mm3",170,"Baron_etal_1996_Table10",158.2,"NCBI_exact",TRUE,"Baron_etal_1996_Table10"
"Chiroderma villosum","Diencephalon_Vol.mm3",169,"Baron_etal_1996_Table10",49.8,"NCBI_exact",TRUE,"Baron_etal_1996_Table10"
"Chiroderma villosum","Diencephalon_Vol.mm3",170,"Baron_etal_1996_Table10",61.6,"NCBI_exact",TRUE,"Baron_etal_1996_Table10"
"Chiroderma villosum","Hippocampus_Vol.mm3",170,"Baron_etal_1996_Table32",56.2,"NCBI_exact",TRUE,"Baron_etal_1996_Table32"
"Chiroderma villosum","Hippocampus_Vol.mm3",169,"Baron_etal_1996_Table32",44.3,"NCBI_exact",TRUE,"Baron_etal_1996_Table32"
"Chiroderma villosum","Medulla_oblongata_Vol.mm3",170,"Baron_etal_1996_Table10",80.9,"NCBI_exact",TRUE,"Baron_etal_1996_Table10"
"Chiroderma villosum","Medulla_oblongata_Vol.mm3",169,"Baron_etal_1996_Table10",62.3,"NCBI_exact",TRUE,"Baron_etal_1996_Table10"
"Chiroderma villosum","Mesencephalon_Vol.mm3",169,"Baron_etal_1996_Table10",51.6,"NCBI_exact",TRUE,"Baron_etal_1996_Table10"
"Chiroderma villosum","Mesencephalon_Vol.mm3",170,"Baron_etal_1996_Table10",66.2,"NCBI_exact",TRUE,"Baron_etal_1996_Table10"
"Chiroderma villosum","Neocortex_Vol.mm3",169,"Baron_etal_1996_Table32",187.4,"NCBI_exact",TRUE,"Baron_etal_1996_Table32"
"Chiroderma villosum","Neocortex_Vol.mm3",170,"Baron_etal_1996_Table32",202.8,"NCBI_exact",TRUE,"Baron_etal_1996_Table32"
"Chiroderma villosum","Palaeocortex_Vol.mm3",170,"Baron_etal_1996_Table32",38,"NCBI_exact",TRUE,"Baron_etal_1996_Table32"
"Chiroderma villosum","Palaeocortex_Vol.mm3",169,"Baron_etal_1996_Table32",32.2,"NCBI_exact",TRUE,"Baron_etal_1996_Table32"
"Chiroderma villosum","Schizo_cortex_Vol.mm3",169,"Baron_etal_1996_Table32",22.8,"NCBI_exact",TRUE,"Baron_etal_1996_Table32"
"Chiroderma villosum","Schizo_cortex_Vol.mm3",170,"Baron_etal_1996_Table32",26.4,"NCBI_exact",TRUE,"Baron_etal_1996_Table32"
"Chiroderma villosum","Septum_Vol.mm3",169,"Baron_etal_1996_Table32",7.51,"NCBI_exact",TRUE,"Baron_etal_1996_Table32"
"Chiroderma villosum","Septum_Vol.mm3",170,"Baron_etal_1996_Table32",9.32,"NCBI_exact",TRUE,"Baron_etal_1996_Table32"
"Chiroderma villosum","Striatum_Vol.mm3",169,"Baron_etal_1996_Table32",27.6,"NCBI_exact",TRUE,"Baron_etal_1996_Table32"
"Chiroderma villosum","Striatum_Vol.mm3",170,"Baron_etal_1996_Table32",31.6,"NCBI_exact",TRUE,"Baron_etal_1996_Table32"
"Chiroderma villosum","Telencephalon_Vol.mm3",170,"Baron_etal_1996_Table10",421.5,"NCBI_exact",TRUE,"Baron_etal_1996_Table10"
"Chiroderma villosum","Telencephalon_Vol.mm3",169,"Baron_etal_1996_Table10",369.9,"NCBI_exact",TRUE,"Baron_etal_1996_Table10"
"Chironax melanocephalus","Amygdala_Vol.mm3",32,"Baron_etal_1996_Table32",14.8,"NCBI_exact",TRUE,"Baron_etal_1996_Table32"
"Chironax melanocephalus","Bulbus_olfactorius_Vol.mm3",32,"Baron_etal_1996_Table32",35.8,"NCBI_exact",TRUE,"Baron_etal_1996_Table32"
"Chironax melanocephalus","Cerebellum_Vol.mm3",32,"Baron_etal_1996_Table10",72.9,"NCBI_exact",TRUE,"Baron_etal_1996_Table10"
"Chironax melanocephalus","Diencephalon_Vol.mm3",32,"Baron_etal_1996_Table10",48,"NCBI_exact",TRUE,"Baron_etal_1996_Table10"
"Chironax melanocephalus","Hippocampus_Vol.mm3",32,"Baron_etal_1996_Table32",56.9,"NCBI_exact",TRUE,"Baron_etal_1996_Table32"
"Chironax melanocephalus","Medulla_oblongata_Vol.mm3",32,"Baron_etal_1996_Table10",44.3,"NCBI_exact",TRUE,"Baron_etal_1996_Table10"
"Chironax melanocephalus","Mesencephalon_Vol.mm3",32,"Baron_etal_1996_Table10",31.3,"NCBI_exact",TRUE,"Baron_etal_1996_Table10"
"Chironax melanocephalus","Neocortex_Vol.mm3",32,"Baron_etal_1996_Table32",168.3,"NCBI_exact",TRUE,"Baron_etal_1996_Table32"
"Chironax melanocephalus","Palaeocortex_Vol.mm3",32,"Baron_etal_1996_Table32",35.7,"NCBI_exact",TRUE,"Baron_etal_1996_Table32"
"Chironax melanocephalus","Schizo_cortex_Vol.mm3",32,"Baron_etal_1996_Table32",26.5,"NCBI_exact",TRUE,"Baron_etal_1996_Table32"
"Chironax melanocephalus","Septum_Vol.mm3",32,"Baron_etal_1996_Table32",9.53,"NCBI_exact",TRUE,"Baron_etal_1996_Table32"
"Chironax melanocephalus","Striatum_Vol.mm3",32,"Baron_etal_1996_Table32",28.4,"NCBI_exact",TRUE,"Baron_etal_1996_Table32"
"Chironax melanocephalus","Telencephalon_Vol.mm3",32,"Baron_etal_1996_Table10",375.9,"NCBI_exact",TRUE,"Baron_etal_1996_Table10"
"Choeroniscus minor","Amygdala_Vol.mm3",152,"Baron_etal_1996_Table32",11.4,"NCBI_exact",TRUE,"Baron_etal_1996_Table32"
"Choeroniscus minor","Bulbus_olfactorius_Vol.mm3",152,"Baron_etal_1996_Table32",9.35,"NCBI_exact",TRUE,"Baron_etal_1996_Table32"
"Choeroniscus minor","Cerebellum_Vol.mm3",152,"Baron_etal_1996_Table10",78.3,"NCBI_exact",TRUE,"Baron_etal_1996_Table10"
"Choeroniscus minor","Diencephalon_Vol.mm3",152,"Baron_etal_1996_Table10",29.8,"NCBI_exact",TRUE,"Baron_etal_1996_Table10"
"Choeroniscus minor","Hippocampus_Vol.mm3",152,"Baron_etal_1996_Table32",34.5,"NCBI_exact",TRUE,"Baron_etal_1996_Table32"
"Choeroniscus minor","Medulla_oblongata_Vol.mm3",152,"Baron_etal_1996_Table10",35.2,"NCBI_exact",TRUE,"Baron_etal_1996_Table10"
"Choeroniscus minor","Mesencephalon_Vol.mm3",152,"Baron_etal_1996_Table10",24.1,"NCBI_exact",TRUE,"Baron_etal_1996_Table10"
"Choeroniscus minor","Neocortex_Vol.mm3",152,"Baron_etal_1996_Table32",95.4,"NCBI_exact",TRUE,"Baron_etal_1996_Table32"
"Choeroniscus minor","Palaeocortex_Vol.mm3",152,"Baron_etal_1996_Table32",13.1,"NCBI_exact",TRUE,"Baron_etal_1996_Table32"
"Choeroniscus minor","Schizo_cortex_Vol.mm3",152,"Baron_etal_1996_Table32",16.5,"NCBI_exact",TRUE,"Baron_etal_1996_Table32"
"Choeroniscus minor","Septum_Vol.mm3",152,"Baron_etal_1996_Table32",4.76,"NCBI_exact",TRUE,"Baron_etal_1996_Table32"
"Choeroniscus minor","Striatum_Vol.mm3",152,"Baron_etal_1996_Table32",15.5,"NCBI_exact",TRUE,"Baron_etal_1996_Table32"
"Choeroniscus minor","Telencephalon_Vol.mm3",152,"Baron_etal_1996_Table10",200.5,"NCBI_exact",TRUE,"Baron_etal_1996_Table10"
"Coleura afra","Amygdala_Vol.mm3",53,"Baron_etal_1996_Table32",13.8,"NCBI_exact",TRUE,"Baron_etal_1996_Table32"
"Coleura afra","Bulbus_olfactorius_Vol.mm3",53,"Baron_etal_1996_Table32",3.98,"NCBI_exact",TRUE,"Baron_etal_1996_Table32"
"Coleura afra","Cerebellum_Vol.mm3",53,"Baron_etal_1996_Table10",49.1,"NCBI_exact",TRUE,"Baron_etal_1996_Table10"
"Coleura afra","Diencephalon_Vol.mm3",53,"Baron_etal_1996_Table10",20.4,"NCBI_exact",TRUE,"Baron_etal_1996_Table10"
"Coleura afra","Hippocampus_Vol.mm3",53,"Baron_etal_1996_Table32",12.4,"NCBI_exact",TRUE,"Baron_etal_1996_Table32"
"Coleura afra","Medulla_oblongata_Vol.mm3",53,"Baron_etal_1996_Table10",33.1,"NCBI_exact",TRUE,"Baron_etal_1996_Table10"
"Coleura afra","Mesencephalon_Vol.mm3",53,"Baron_etal_1996_Table10",26.3,"NCBI_exact",TRUE,"Baron_etal_1996_Table10"
"Coleura afra","Neocortex_Vol.mm3",53,"Baron_etal_1996_Table32",52.5,"NCBI_exact",TRUE,"Baron_etal_1996_Table32"
"Coleura afra","Palaeocortex_Vol.mm3",53,"Baron_etal_1996_Table32",8.9,"NCBI_exact",TRUE,"Baron_etal_1996_Table32"
"Coleura afra","Schizo_cortex_Vol.mm3",53,"Baron_etal_1996_Table32",7.76,"NCBI_exact",TRUE,"Baron_etal_1996_Table32"
"Coleura afra","Septum_Vol.mm3",53,"Baron_etal_1996_Table32",2.78,"NCBI_exact",TRUE,"Baron_etal_1996_Table32"
"Coleura afra","Striatum_Vol.mm3",53,"Baron_etal_1996_Table32",12.7,"NCBI_exact",TRUE,"Baron_etal_1996_Table32"
"Coleura afra","Telencephalon_Vol.mm3",53,"Baron_etal_1996_Table10",114.9,"NCBI_exact",TRUE,"Baron_etal_1996_Table10"
"Cormura brevirostris","Amygdala_Vol.mm3",58,"Baron_etal_1996_Table32",12.9,"NCBI_exact",TRUE,"Baron_etal_1996_Table32"
"Cormura brevirostris","Bulbus_olfactorius_Vol.mm3",58,"Baron_etal_1996_Table32",2.28,"NCBI_exact",TRUE,"Baron_etal_1996_Table32"
"Cormura brevirostris","Cerebellum_Vol.mm3",58,"Baron_etal_1996_Table10",38.9,"NCBI_exact",TRUE,"Baron_etal_1996_Table10"
"Cormura brevirostris","Diencephalon_Vol.mm3",58,"Baron_etal_1996_Table10",18.4,"NCBI_exact",TRUE,"Baron_etal_1996_Table10"
"Cormura brevirostris","Hippocampus_Vol.mm3",58,"Baron_etal_1996_Table32",11.2,"NCBI_exact",TRUE,"Baron_etal_1996_Table32"
"Cormura brevirostris","Medulla_oblongata_Vol.mm3",58,"Baron_etal_1996_Table10",27.4,"NCBI_exact",TRUE,"Baron_etal_1996_Table10"
"Cormura brevirostris","Mesencephalon_Vol.mm3",58,"Baron_etal_1996_Table10",27.3,"NCBI_exact",TRUE,"Baron_etal_1996_Table10"
"Cormura brevirostris","Neocortex_Vol.mm3",58,"Baron_etal_1996_Table32",43.2,"NCBI_exact",TRUE,"Baron_etal_1996_Table32"
"Cormura brevirostris","Palaeocortex_Vol.mm3",58,"Baron_etal_1996_Table32",7.37,"NCBI_exact",TRUE,"Baron_etal_1996_Table32"
"Cormura brevirostris","Schizo_cortex_Vol.mm3",58,"Baron_etal_1996_Table32",6.18,"NCBI_exact",TRUE,"Baron_etal_1996_Table32"
"Cormura brevirostris","Septum_Vol.mm3",58,"Baron_etal_1996_Table32",2.38,"NCBI_exact",TRUE,"Baron_etal_1996_Table32"
"Cormura brevirostris","Striatum_Vol.mm3",58,"Baron_etal_1996_Table32",9.26,"NCBI_exact",TRUE,"Baron_etal_1996_Table32"
"Cormura brevirostris","Telencephalon_Vol.mm3",58,"Baron_etal_1996_Table10",94.7,"NCBI_exact",TRUE,"Baron_etal_1996_Table10"
"Craseonycteris thonglongyai","Amygdala_Vol.mm3",68,"Baron_etal_1996_Table32",4.34,"NCBI_exact",TRUE,"Baron_etal_1996_Table32"
"Craseonycteris thonglongyai","Bulbus_olfactorius_Vol.mm3",68,"Baron_etal_1996_Table32",0.66,"NCBI_exact",TRUE,"Baron_etal_1996_Table32"
"Craseonycteris thonglongyai","Cerebellum_Vol.mm3",68,"Baron_etal_1996_Table10",13.1,"NCBI_exact",TRUE,"Baron_etal_1996_Table10"
"Craseonycteris thonglongyai","Diencephalon_Vol.mm3",68,"Baron_etal_1996_Table10",7.5,"NCBI_exact",TRUE,"Baron_etal_1996_Table10"
"Craseonycteris thonglongyai","Hippocampus_Vol.mm3",68,"Baron_etal_1996_Table32",4.8,"NCBI_exact",TRUE,"Baron_etal_1996_Table32"
"Craseonycteris thonglongyai","Medulla_oblongata_Vol.mm3",68,"Baron_etal_1996_Table10",13.4,"NCBI_exact",TRUE,"Baron_etal_1996_Table10"
"Craseonycteris thonglongyai","Mesencephalon_Vol.mm3",68,"Baron_etal_1996_Table10",10.6,"NCBI_exact",TRUE,"Baron_etal_1996_Table10"
"Craseonycteris thonglongyai","Neocortex_Vol.mm3",68,"Baron_etal_1996_Table32",17.5,"NCBI_exact",TRUE,"Baron_etal_1996_Table32"
"Craseonycteris thonglongyai","Palaeocortex_Vol.mm3",68,"Baron_etal_1996_Table32",2.27,"NCBI_exact",TRUE,"Baron_etal_1996_Table32"
"Craseonycteris thonglongyai","Schizo_cortex_Vol.mm3",68,"Baron_etal_1996_Table32",2.4,"NCBI_exact",TRUE,"Baron_etal_1996_Table32"
"Craseonycteris thonglongyai","Septum_Vol.mm3",68,"Baron_etal_1996_Table32",1.18,"NCBI_exact",TRUE,"Baron_etal_1996_Table32"
"Craseonycteris thonglongyai","Striatum_Vol.mm3",68,"Baron_etal_1996_Table32",3.92,"NCBI_exact",TRUE,"Baron_etal_1996_Table32"
"Craseonycteris thonglongyai","Telencephalon_Vol.mm3",68,"Baron_etal_1996_Table10",37.1,"NCBI_exact",TRUE,"Baron_etal_1996_Table10"
"Cynomops abrasus","Amygdala_Vol.mm3",264,"Baron_etal_1996_Table32",21,"NCBI_exact",TRUE,"Baron_etal_1996_Table32"
"Cynomops abrasus","Bulbus_olfactorius_Vol.mm3",264,"Baron_etal_1996_Table32",10.5,"NCBI_exact",TRUE,"Baron_etal_1996_Table32"
"Cynomops abrasus","Cerebellum_Vol.mm3",264,"Baron_etal_1996_Table10",69.7,"NCBI_exact",TRUE,"Baron_etal_1996_Table10"
"Cynomops abrasus","Diencephalon_Vol.mm3",264,"Baron_etal_1996_Table10",34.3,"NCBI_exact",TRUE,"Baron_etal_1996_Table10"
"Cynomops abrasus","Hippocampus_Vol.mm3",264,"Baron_etal_1996_Table32",22.9,"NCBI_exact",TRUE,"Baron_etal_1996_Table32"
"Cynomops abrasus","Medulla_oblongata_Vol.mm3",264,"Baron_etal_1996_Table10",58.7,"NCBI_exact",TRUE,"Baron_etal_1996_Table10"
"Cynomops abrasus","Mesencephalon_Vol.mm3",264,"Baron_etal_1996_Table10",44.9,"NCBI_exact",TRUE,"Baron_etal_1996_Table10"
"Cynomops abrasus","Neocortex_Vol.mm3",264,"Baron_etal_1996_Table32",80.7,"NCBI_exact",TRUE,"Baron_etal_1996_Table32"
"Cynomops abrasus","Palaeocortex_Vol.mm3",264,"Baron_etal_1996_Table32",16.6,"NCBI_exact",TRUE,"Baron_etal_1996_Table32"
"Cynomops abrasus","Schizo_cortex_Vol.mm3",264,"Baron_etal_1996_Table32",12.6,"NCBI_exact",TRUE,"Baron_etal_1996_Table32"
"Cynomops abrasus","Septum_Vol.mm3",264,"Baron_etal_1996_Table32",4.62,"NCBI_exact",TRUE,"Baron_etal_1996_Table32"
"Cynomops abrasus","Striatum_Vol.mm3",264,"Baron_etal_1996_Table32",15.4,"NCBI_exact",TRUE,"Baron_etal_1996_Table32"
"Cynomops abrasus","Telencephalon_Vol.mm3",264,"Baron_etal_1996_Table10",184.2,"NCBI_exact",TRUE,"Baron_etal_1996_Table10"
"Cynomops greenhalli","Amygdala_Vol.mm3",265,"Baron_etal_1996_Table32",14.9,"GBIF_frozen_legacy_map",TRUE,"Baron_etal_1996_Table32"
"Cynomops greenhalli","Bulbus_olfactorius_Vol.mm3",265,"Baron_etal_1996_Table32",5.08,"GBIF_frozen_legacy_map",TRUE,"Baron_etal_1996_Table32"
"Cynomops greenhalli","Cerebellum_Vol.mm3",265,"Baron_etal_1996_Table10",48.8,"GBIF_frozen_legacy_map",TRUE,"Baron_etal_1996_Table10"
"Cynomops greenhalli","Diencephalon_Vol.mm3",265,"Baron_etal_1996_Table10",25.5,"GBIF_frozen_legacy_map",TRUE,"Baron_etal_1996_Table10"
"Cynomops greenhalli","Hippocampus_Vol.mm3",265,"Baron_etal_1996_Table32",14.4,"GBIF_frozen_legacy_map",TRUE,"Baron_etal_1996_Table32"
"Cynomops greenhalli","Medulla_oblongata_Vol.mm3",265,"Baron_etal_1996_Table10",45.9,"GBIF_frozen_legacy_map",TRUE,"Baron_etal_1996_Table10"
"Cynomops greenhalli","Mesencephalon_Vol.mm3",265,"Baron_etal_1996_Table10",34.8,"GBIF_frozen_legacy_map",TRUE,"Baron_etal_1996_Table10"
"Cynomops greenhalli","Neocortex_Vol.mm3",265,"Baron_etal_1996_Table32",56,"GBIF_frozen_legacy_map",TRUE,"Baron_etal_1996_Table32"
"Cynomops greenhalli","Palaeocortex_Vol.mm3",265,"Baron_etal_1996_Table32",11.8,"GBIF_frozen_legacy_map",TRUE,"Baron_etal_1996_Table32"
"Cynomops greenhalli","Schizo_cortex_Vol.mm3",265,"Baron_etal_1996_Table32",9.72,"GBIF_frozen_legacy_map",TRUE,"Baron_etal_1996_Table32"
"Cynomops greenhalli","Septum_Vol.mm3",265,"Baron_etal_1996_Table32",3.65,"GBIF_frozen_legacy_map",TRUE,"Baron_etal_1996_Table32"
"Cynomops greenhalli","Striatum_Vol.mm3",265,"Baron_etal_1996_Table32",12.1,"GBIF_frozen_legacy_map",TRUE,"Baron_etal_1996_Table32"
"Cynomops greenhalli","Telencephalon_Vol.mm3",265,"Baron_etal_1996_Table10",127.8,"GBIF_frozen_legacy_map",TRUE,"Baron_etal_1996_Table10"
"Cynomops planirostris","Amygdala_Vol.mm3",266,"Baron_etal_1996_Table32",8.91,"GBIF_frozen_legacy_map",TRUE,"Baron_etal_1996_Table32"
"Cynomops planirostris","Bulbus_olfactorius_Vol.mm3",266,"Baron_etal_1996_Table32",5.2,"GBIF_frozen_legacy_map",TRUE,"Baron_etal_1996_Table32"
"Cynomops planirostris","Cerebellum_Vol.mm3",266,"Baron_etal_1996_Table10",29.7,"GBIF_frozen_legacy_map",TRUE,"Baron_etal_1996_Table10"
"Cynomops planirostris","Diencephalon_Vol.mm3",266,"Baron_etal_1996_Table10",15.8,"GBIF_frozen_legacy_map",TRUE,"Baron_etal_1996_Table10"
"Cynomops planirostris","Hippocampus_Vol.mm3",266,"Baron_etal_1996_Table32",10.3,"GBIF_frozen_legacy_map",TRUE,"Baron_etal_1996_Table32"
"Cynomops planirostris","Medulla_oblongata_Vol.mm3",266,"Baron_etal_1996_Table10",26.7,"GBIF_frozen_legacy_map",TRUE,"Baron_etal_1996_Table10"
"Cynomops planirostris","Mesencephalon_Vol.mm3",266,"Baron_etal_1996_Table10",19.9,"GBIF_frozen_legacy_map",TRUE,"Baron_etal_1996_Table10"
"Cynomops planirostris","Neocortex_Vol.mm3",266,"Baron_etal_1996_Table32",32.2,"GBIF_frozen_legacy_map",TRUE,"Baron_etal_1996_Table32"
"Cynomops planirostris","Palaeocortex_Vol.mm3",266,"Baron_etal_1996_Table32",8.23,"GBIF_frozen_legacy_map",TRUE,"Baron_etal_1996_Table32"
"Cynomops planirostris","Schizo_cortex_Vol.mm3",266,"Baron_etal_1996_Table32",5.93,"GBIF_frozen_legacy_map",TRUE,"Baron_etal_1996_Table32"
"Cynomops planirostris","Septum_Vol.mm3",266,"Baron_etal_1996_Table32",2.97,"GBIF_frozen_legacy_map",TRUE,"Baron_etal_1996_Table32"
"Cynomops planirostris","Striatum_Vol.mm3",266,"Baron_etal_1996_Table32",8.46,"GBIF_frozen_legacy_map",TRUE,"Baron_etal_1996_Table32"
"Cynomops planirostris","Telencephalon_Vol.mm3",266,"Baron_etal_1996_Table10",82.2,"GBIF_frozen_legacy_map",TRUE,"Baron_etal_1996_Table10"
"Cynopterus brachyotis","Amygdala_Vol.mm3",28,"Baron_etal_1996_Table32",24.6,"NCBI_exact",TRUE,"Baron_etal_1996_Table32"
"Cynopterus brachyotis","Bulbus_olfactorius_Vol.mm3",28,"Baron_etal_1996_Table32",59.6,"NCBI_exact",TRUE,"Baron_etal_1996_Table32"
"Cynopterus brachyotis","Cerebellum_Vol.mm3",28,"Baron_etal_1996_Table10",122.7,"NCBI_exact",TRUE,"Baron_etal_1996_Table10"
"Cynopterus brachyotis","Diencephalon_Vol.mm3",28,"Baron_etal_1996_Table10",78.1,"NCBI_exact",TRUE,"Baron_etal_1996_Table10"
"Cynopterus brachyotis","Hippocampus_Vol.mm3",28,"Baron_etal_1996_Table32",80.9,"NCBI_exact",TRUE,"Baron_etal_1996_Table32"
"Cynopterus brachyotis","Medulla_oblongata_Vol.mm3",28,"Baron_etal_1996_Table10",68.3,"NCBI_exact",TRUE,"Baron_etal_1996_Table10"
"Cynopterus brachyotis","Mesencephalon_Vol.mm3",28,"Baron_etal_1996_Table10",51.4,"NCBI_exact",TRUE,"Baron_etal_1996_Table10"
"Cynopterus brachyotis","Neocortex_Vol.mm3",28,"Baron_etal_1996_Table32",287.6,"NCBI_exact",TRUE,"Baron_etal_1996_Table32"
"Cynopterus brachyotis","Palaeocortex_Vol.mm3",28,"Baron_etal_1996_Table32",49.9,"NCBI_exact",TRUE,"Baron_etal_1996_Table32"
"Cynopterus brachyotis","Schizo_cortex_Vol.mm3",28,"Baron_etal_1996_Table32",38.5,"NCBI_exact",TRUE,"Baron_etal_1996_Table32"
"Cynopterus brachyotis","Septum_Vol.mm3",28,"Baron_etal_1996_Table32",14.6,"NCBI_exact",TRUE,"Baron_etal_1996_Table32"
"Cynopterus brachyotis","Striatum_Vol.mm3",28,"Baron_etal_1996_Table32",50.6,"NCBI_exact",TRUE,"Baron_etal_1996_Table32"
"Cynopterus brachyotis","Telencephalon_Vol.mm3",28,"Baron_etal_1996_Table10",606.3,"NCBI_exact",TRUE,"Baron_etal_1996_Table10"
"Cynopterus horsfieldii","Amygdala_Vol.mm3",29,"Baron_etal_1996_Table32",29,"NCBI_exact",TRUE,"Baron_etal_1996_Table32"
"Cynopterus horsfieldii","Bulbus_olfactorius_Vol.mm3",29,"Baron_etal_1996_Table32",66,"NCBI_exact",TRUE,"Baron_etal_1996_Table32"
"Cynopterus horsfieldii","Cerebellum_Vol.mm3",29,"Baron_etal_1996_Table10",180.5,"NCBI_exact",TRUE,"Baron_etal_1996_Table10"
"Cynopterus horsfieldii","Diencephalon_Vol.mm3",29,"Baron_etal_1996_Table10",109.1,"NCBI_exact",TRUE,"Baron_etal_1996_Table10"
"Cynopterus horsfieldii","Hippocampus_Vol.mm3",29,"Baron_etal_1996_Table32",110.3,"NCBI_exact",TRUE,"Baron_etal_1996_Table32"
"Cynopterus horsfieldii","Medulla_oblongata_Vol.mm3",29,"Baron_etal_1996_Table10",92.7,"NCBI_exact",TRUE,"Baron_etal_1996_Table10"
"Cynopterus horsfieldii","Mesencephalon_Vol.mm3",29,"Baron_etal_1996_Table10",74.8,"NCBI_exact",TRUE,"Baron_etal_1996_Table10"
"Cynopterus horsfieldii","Neocortex_Vol.mm3",29,"Baron_etal_1996_Table32",432.3,"NCBI_exact",TRUE,"Baron_etal_1996_Table32"
"Cynopterus horsfieldii","Palaeocortex_Vol.mm3",29,"Baron_etal_1996_Table32",64.6,"NCBI_exact",TRUE,"Baron_etal_1996_Table32"
"Cynopterus horsfieldii","Schizo_cortex_Vol.mm3",29,"Baron_etal_1996_Table32",56.8,"NCBI_exact",TRUE,"Baron_etal_1996_Table32"
"Cynopterus horsfieldii","Septum_Vol.mm3",29,"Baron_etal_1996_Table32",18.5,"NCBI_exact",TRUE,"Baron_etal_1996_Table32"
"Cynopterus horsfieldii","Striatum_Vol.mm3",29,"Baron_etal_1996_Table32",66.5,"NCBI_exact",TRUE,"Baron_etal_1996_Table32"
"Cynopterus horsfieldii","Telencephalon_Vol.mm3",29,"Baron_etal_1996_Table10",843.9,"NCBI_exact",TRUE,"Baron_etal_1996_Table10"
"Cynopterus sphinx","Amygdala_Vol.mm3",30,"Baron_etal_1996_Table32",27.2,"NCBI_exact",TRUE,"Baron_etal_1996_Table32"
"Cynopterus sphinx","Bulbus_olfactorius_Vol.mm3",30,"Baron_etal_1996_Table32",70.2,"NCBI_exact",TRUE,"Baron_etal_1996_Table32"
"Cynopterus sphinx","Cerebellum_Vol.mm3",30,"Baron_etal_1996_Table10",158.6,"NCBI_exact",TRUE,"Baron_etal_1996_Table10"
"Cynopterus sphinx","Diencephalon_Vol.mm3",30,"Baron_etal_1996_Table10",94.7,"NCBI_exact",TRUE,"Baron_etal_1996_Table10"
"Cynopterus sphinx","Hippocampus_Vol.mm3",30,"Baron_etal_1996_Table32",95,"NCBI_exact",TRUE,"Baron_etal_1996_Table32"
"Cynopterus sphinx","Medulla_oblongata_Vol.mm3",30,"Baron_etal_1996_Table10",83.5,"NCBI_exact",TRUE,"Baron_etal_1996_Table10"
"Cynopterus sphinx","Mesencephalon_Vol.mm3",30,"Baron_etal_1996_Table10",66,"NCBI_exact",TRUE,"Baron_etal_1996_Table10"
"Cynopterus sphinx","Neocortex_Vol.mm3",30,"Baron_etal_1996_Table32",352.2,"NCBI_exact",TRUE,"Baron_etal_1996_Table32"
"Cynopterus sphinx","Palaeocortex_Vol.mm3",30,"Baron_etal_1996_Table32",61.1,"NCBI_exact",TRUE,"Baron_etal_1996_Table32"
"Cynopterus sphinx","Schizo_cortex_Vol.mm3",30,"Baron_etal_1996_Table32",44.3,"NCBI_exact",TRUE,"Baron_etal_1996_Table32"
"Cynopterus sphinx","Septum_Vol.mm3",30,"Baron_etal_1996_Table32",17.3,"NCBI_exact",TRUE,"Baron_etal_1996_Table32"
"Cynopterus sphinx","Striatum_Vol.mm3",30,"Baron_etal_1996_Table32",59.8,"NCBI_exact",TRUE,"Baron_etal_1996_Table32"
"Cynopterus sphinx","Telencephalon_Vol.mm3",30,"Baron_etal_1996_Table10",727.1,"NCBI_exact",TRUE,"Baron_etal_1996_Table10"
"Cyttarops alecto","Amygdala_Vol.mm3",67,"Baron_etal_1996_Table32",5.9,"NCBI_exact",TRUE,"Baron_etal_1996_Table32"
"Cyttarops alecto","Bulbus_olfactorius_Vol.mm3",67,"Baron_etal_1996_Table32",0.74,"NCBI_exact",TRUE,"Baron_etal_1996_Table32"
"Cyttarops alecto","Cerebellum_Vol.mm3",67,"Baron_etal_1996_Table10",45.4,"NCBI_exact",TRUE,"Baron_etal_1996_Table10"
"Cyttarops alecto","Diencephalon_Vol.mm3",67,"Baron_etal_1996_Table10",13.7,"NCBI_exact",TRUE,"Baron_etal_1996_Table10"
"Cyttarops alecto","Hippocampus_Vol.mm3",67,"Baron_etal_1996_Table32",7.96,"NCBI_exact",TRUE,"Baron_etal_1996_Table32"
"Cyttarops alecto","Medulla_oblongata_Vol.mm3",67,"Baron_etal_1996_Table10",22.7,"NCBI_exact",TRUE,"Baron_etal_1996_Table10"
"Cyttarops alecto","Mesencephalon_Vol.mm3",67,"Baron_etal_1996_Table10",21.4,"NCBI_exact",TRUE,"Baron_etal_1996_Table10"
"Cyttarops alecto","Neocortex_Vol.mm3",67,"Baron_etal_1996_Table32",31.9,"NCBI_exact",TRUE,"Baron_etal_1996_Table32"
"Cyttarops alecto","Palaeocortex_Vol.mm3",67,"Baron_etal_1996_Table32",2.92,"NCBI_exact",TRUE,"Baron_etal_1996_Table32"
"Cyttarops alecto","Schizo_cortex_Vol.mm3",67,"Baron_etal_1996_Table32",4.11,"NCBI_exact",TRUE,"Baron_etal_1996_Table32"
"Cyttarops alecto","Septum_Vol.mm3",67,"Baron_etal_1996_Table32",1.57,"NCBI_exact",TRUE,"Baron_etal_1996_Table32"
"Cyttarops alecto","Striatum_Vol.mm3",67,"Baron_etal_1996_Table32",7.31,"NCBI_exact",TRUE,"Baron_etal_1996_Table32"
"Cyttarops alecto","Telencephalon_Vol.mm3",67,"Baron_etal_1996_Table10",62.5,"NCBI_exact",TRUE,"Baron_etal_1996_Table10"
"Desmodus rotundus","Amygdala_Vol.mm3",180,"Baron_etal_1996_Table32",30.4,"NCBI_exact",TRUE,"Baron_etal_1996_Table32"
"Desmodus rotundus","Bulbus_olfactorius_Vol.mm3",180,"Baron_etal_1996_Table32",33,"NCBI_exact",TRUE,"Baron_etal_1996_Table32"
"Desmodus rotundus","Cerebellum_Vol.mm3",180,"Baron_etal_1996_Table10",166.4,"NCBI_exact",TRUE,"Baron_etal_1996_Table10"
"Desmodus rotundus","Diencephalon_Vol.mm3",180,"Baron_etal_1996_Table10",74.9,"NCBI_exact",TRUE,"Baron_etal_1996_Table10"
"Desmodus rotundus","Hippocampus_Vol.mm3",180,"Baron_etal_1996_Table32",42.4,"NCBI_exact",TRUE,"Baron_etal_1996_Table32"
"Desmodus rotundus","Medulla_oblongata_Vol.mm3",180,"Baron_etal_1996_Table10",80,"NCBI_exact",TRUE,"Baron_etal_1996_Table10"
"Desmodus rotundus","Mesencephalon_Vol.mm3",180,"Baron_etal_1996_Table10",58.3,"NCBI_exact",TRUE,"Baron_etal_1996_Table10"
"Desmodus rotundus","Neocortex_Vol.mm3",180,"Baron_etal_1996_Table32",312.5,"NCBI_exact",TRUE,"Baron_etal_1996_Table32"
"Desmodus rotundus","Palaeocortex_Vol.mm3",180,"Baron_etal_1996_Table32",42.8,"NCBI_exact",TRUE,"Baron_etal_1996_Table32"
"Desmodus rotundus","Schizo_cortex_Vol.mm3",180,"Baron_etal_1996_Table32",31.7,"NCBI_exact",TRUE,"Baron_etal_1996_Table32"
"Desmodus rotundus","Septum_Vol.mm3",180,"Baron_etal_1996_Table32",10.9,"NCBI_exact",TRUE,"Baron_etal_1996_Table32"
"Desmodus rotundus","Striatum_Vol.mm3",180,"Baron_etal_1996_Table32",60.7,"NCBI_exact",TRUE,"Baron_etal_1996_Table32"
"Desmodus rotundus","Telencephalon_Vol.mm3",180,"Baron_etal_1996_Table10",564.8,"NCBI_exact",TRUE,"Baron_etal_1996_Table10"
"Diphylla ecaudata","Amygdala_Vol.mm3",181,"Baron_etal_1996_Table32",21.6,"NCBI_exact",TRUE,"Baron_etal_1996_Table32"
"Diphylla ecaudata","Bulbus_olfactorius_Vol.mm3",181,"Baron_etal_1996_Table32",36.2,"NCBI_exact",TRUE,"Baron_etal_1996_Table32"
"Diphylla ecaudata","Cerebellum_Vol.mm3",181,"Baron_etal_1996_Table10",132,"NCBI_exact",TRUE,"Baron_etal_1996_Table10"
"Diphylla ecaudata","Diencephalon_Vol.mm3",181,"Baron_etal_1996_Table10",63.6,"NCBI_exact",TRUE,"Baron_etal_1996_Table10"
"Diphylla ecaudata","Hippocampus_Vol.mm3",181,"Baron_etal_1996_Table32",41,"NCBI_exact",TRUE,"Baron_etal_1996_Table32"
"Diphylla ecaudata","Medulla_oblongata_Vol.mm3",181,"Baron_etal_1996_Table10",63.1,"NCBI_exact",TRUE,"Baron_etal_1996_Table10"
"Diphylla ecaudata","Mesencephalon_Vol.mm3",181,"Baron_etal_1996_Table10",53,"NCBI_exact",TRUE,"Baron_etal_1996_Table10"
"Diphylla ecaudata","Neocortex_Vol.mm3",181,"Baron_etal_1996_Table32",231.1,"NCBI_exact",TRUE,"Baron_etal_1996_Table32"
"Diphylla ecaudata","Palaeocortex_Vol.mm3",181,"Baron_etal_1996_Table32",38.9,"NCBI_exact",TRUE,"Baron_etal_1996_Table32"
"Diphylla ecaudata","Schizo_cortex_Vol.mm3",181,"Baron_etal_1996_Table32",23.2,"NCBI_exact",TRUE,"Baron_etal_1996_Table32"
"Diphylla ecaudata","Septum_Vol.mm3",181,"Baron_etal_1996_Table32",8.67,"NCBI_exact",TRUE,"Baron_etal_1996_Table32"
"Diphylla ecaudata","Striatum_Vol.mm3",181,"Baron_etal_1996_Table32",45.6,"NCBI_exact",TRUE,"Baron_etal_1996_Table32"
"Diphylla ecaudata","Telencephalon_Vol.mm3",181,"Baron_etal_1996_Table10",446.4,"NCBI_exact",TRUE,"Baron_etal_1996_Table10"
"Dobsonia inermis","Amygdala_Vol.mm3",18,"Baron_etal_1996_Table32",68,"NCBI_exact",TRUE,"Baron_etal_1996_Table32"
"Dobsonia inermis","Bulbus_olfactorius_Vol.mm3",18,"Baron_etal_1996_Table32",145.6,"NCBI_exact",TRUE,"Baron_etal_1996_Table32"
"Dobsonia inermis","Cerebellum_Vol.mm3",18,"Baron_etal_1996_Table10",357,"NCBI_exact",TRUE,"Baron_etal_1996_Table10"
"Dobsonia inermis","Diencephalon_Vol.mm3",18,"Baron_etal_1996_Table10",201.2,"NCBI_exact",TRUE,"Baron_etal_1996_Table10"
"Dobsonia inermis","Hippocampus_Vol.mm3",18,"Baron_etal_1996_Table32",186.5,"NCBI_exact",TRUE,"Baron_etal_1996_Table32"
"Dobsonia inermis","Medulla_oblongata_Vol.mm3",18,"Baron_etal_1996_Table10",172.8,"NCBI_exact",TRUE,"Baron_etal_1996_Table10"
"Dobsonia inermis","Mesencephalon_Vol.mm3",18,"Baron_etal_1996_Table10",110,"NCBI_exact",TRUE,"Baron_etal_1996_Table10"
"Dobsonia inermis","Neocortex_Vol.mm3",18,"Baron_etal_1996_Table32",834.8,"NCBI_exact",TRUE,"Baron_etal_1996_Table32"
"Dobsonia inermis","Palaeocortex_Vol.mm3",18,"Baron_etal_1996_Table32",168.1,"NCBI_exact",TRUE,"Baron_etal_1996_Table32"
"Dobsonia inermis","Schizo_cortex_Vol.mm3",18,"Baron_etal_1996_Table32",94.9,"NCBI_exact",TRUE,"Baron_etal_1996_Table32"
"Dobsonia inermis","Septum_Vol.mm3",18,"Baron_etal_1996_Table32",39.2,"NCBI_exact",TRUE,"Baron_etal_1996_Table32"
"Dobsonia inermis","Striatum_Vol.mm3",18,"Baron_etal_1996_Table32",177.3,"NCBI_exact",TRUE,"Baron_etal_1996_Table32"
"Dobsonia inermis","Telencephalon_Vol.mm3",18,"Baron_etal_1996_Table10",1714,"NCBI_exact",TRUE,"Baron_etal_1996_Table10"
"Dobsonia moluccensis","Amygdala_Vol.mm3",19,"Baron_etal_1996_Table32",117.4,"NCBI_exact",TRUE,"Baron_etal_1996_Table32"
"Dobsonia moluccensis","Amygdala_Vol.mm3",20,"Baron_etal_1996_Table32",77,"NCBI_exact",TRUE,"Baron_etal_1996_Table32"
"Dobsonia moluccensis","Bulbus_olfactorius_Vol.mm3",20,"Baron_etal_1996_Table32",220.3,"NCBI_exact",TRUE,"Baron_etal_1996_Table32"
"Dobsonia moluccensis","Bulbus_olfactorius_Vol.mm3",19,"Baron_etal_1996_Table32",288.2,"NCBI_exact",TRUE,"Baron_etal_1996_Table32"
"Dobsonia moluccensis","Cerebellum_Vol.mm3",19,"Baron_etal_1996_Table10",733.9,"NCBI_exact",TRUE,"Baron_etal_1996_Table10"
"Dobsonia moluccensis","Cerebellum_Vol.mm3",20,"Baron_etal_1996_Table10",482.7,"NCBI_exact",TRUE,"Baron_etal_1996_Table10"
"Dobsonia moluccensis","Diencephalon_Vol.mm3",20,"Baron_etal_1996_Table10",287.8,"NCBI_exact",TRUE,"Baron_etal_1996_Table10"
"Dobsonia moluccensis","Diencephalon_Vol.mm3",19,"Baron_etal_1996_Table10",409,"NCBI_exact",TRUE,"Baron_etal_1996_Table10"
"Dobsonia moluccensis","Hippocampus_Vol.mm3",19,"Baron_etal_1996_Table32",322.5,"NCBI_exact",TRUE,"Baron_etal_1996_Table32"
"Dobsonia moluccensis","Hippocampus_Vol.mm3",20,"Baron_etal_1996_Table32",243,"NCBI_exact",TRUE,"Baron_etal_1996_Table32"
"Dobsonia moluccensis","Medulla_oblongata_Vol.mm3",19,"Baron_etal_1996_Table10",327.3,"NCBI_exact",TRUE,"Baron_etal_1996_Table10"
"Dobsonia moluccensis","Medulla_oblongata_Vol.mm3",20,"Baron_etal_1996_Table10",213.1,"NCBI_exact",TRUE,"Baron_etal_1996_Table10"
"Dobsonia moluccensis","Mesencephalon_Vol.mm3",19,"Baron_etal_1996_Table10",208.5,"NCBI_exact",TRUE,"Baron_etal_1996_Table10"
"Dobsonia moluccensis","Mesencephalon_Vol.mm3",20,"Baron_etal_1996_Table10",156.3,"NCBI_exact",TRUE,"Baron_etal_1996_Table10"
"Dobsonia moluccensis","Neocortex_Vol.mm3",19,"Baron_etal_1996_Table32",1743,"NCBI_exact",TRUE,"Baron_etal_1996_Table32"
"Dobsonia moluccensis","Neocortex_Vol.mm3",20,"Baron_etal_1996_Table32",1284,"NCBI_exact",TRUE,"Baron_etal_1996_Table32"
"Dobsonia moluccensis","Palaeocortex_Vol.mm3",19,"Baron_etal_1996_Table32",328.2,"NCBI_exact",TRUE,"Baron_etal_1996_Table32"
"Dobsonia moluccensis","Palaeocortex_Vol.mm3",20,"Baron_etal_1996_Table32",241,"NCBI_exact",TRUE,"Baron_etal_1996_Table32"
"Dobsonia moluccensis","Schizo_cortex_Vol.mm3",19,"Baron_etal_1996_Table32",160.4,"NCBI_exact",TRUE,"Baron_etal_1996_Table32"
"Dobsonia moluccensis","Schizo_cortex_Vol.mm3",20,"Baron_etal_1996_Table32",119.8,"NCBI_exact",TRUE,"Baron_etal_1996_Table32"
"Dobsonia moluccensis","Septum_Vol.mm3",20,"Baron_etal_1996_Table32",52.7,"NCBI_exact",TRUE,"Baron_etal_1996_Table32"
"Dobsonia moluccensis","Septum_Vol.mm3",19,"Baron_etal_1996_Table32",69.5,"NCBI_exact",TRUE,"Baron_etal_1996_Table32"
"Dobsonia moluccensis","Striatum_Vol.mm3",20,"Baron_etal_1996_Table32",238.2,"NCBI_exact",TRUE,"Baron_etal_1996_Table32"
"Dobsonia moluccensis","Striatum_Vol.mm3",19,"Baron_etal_1996_Table32",309.8,"NCBI_exact",TRUE,"Baron_etal_1996_Table32"
"Dobsonia moluccensis","Telencephalon_Vol.mm3",20,"Baron_etal_1996_Table10",2476,"NCBI_exact",TRUE,"Baron_etal_1996_Table10"
"Dobsonia moluccensis","Telencephalon_Vol.mm3",19,"Baron_etal_1996_Table10",3339,"NCBI_exact",TRUE,"Baron_etal_1996_Table10"
"Dobsonia praedatrix","Amygdala_Vol.mm3",21,"Baron_etal_1996_Table32",68.8,"NCBI_exact",TRUE,"Baron_etal_1996_Table32"
"Dobsonia praedatrix","Bulbus_olfactorius_Vol.mm3",21,"Baron_etal_1996_Table32",199.6,"NCBI_exact",TRUE,"Baron_etal_1996_Table32"
"Dobsonia praedatrix","Cerebellum_Vol.mm3",21,"Baron_etal_1996_Table10",375.5,"NCBI_exact",TRUE,"Baron_etal_1996_Table10"
"Dobsonia praedatrix","Diencephalon_Vol.mm3",21,"Baron_etal_1996_Table10",239.6,"NCBI_exact",TRUE,"Baron_etal_1996_Table10"
"Dobsonia praedatrix","Hippocampus_Vol.mm3",21,"Baron_etal_1996_Table32",181.2,"NCBI_exact",TRUE,"Baron_etal_1996_Table32"
"Dobsonia praedatrix","Medulla_oblongata_Vol.mm3",21,"Baron_etal_1996_Table10",193.2,"NCBI_exact",TRUE,"Baron_etal_1996_Table10"
"Dobsonia praedatrix","Mesencephalon_Vol.mm3",21,"Baron_etal_1996_Table10",127.1,"NCBI_exact",TRUE,"Baron_etal_1996_Table10"
"Dobsonia praedatrix","Neocortex_Vol.mm3",21,"Baron_etal_1996_Table32",933,"NCBI_exact",TRUE,"Baron_etal_1996_Table32"
"Dobsonia praedatrix","Palaeocortex_Vol.mm3",21,"Baron_etal_1996_Table32",190.3,"NCBI_exact",TRUE,"Baron_etal_1996_Table32"
"Dobsonia praedatrix","Schizo_cortex_Vol.mm3",21,"Baron_etal_1996_Table32",93.1,"NCBI_exact",TRUE,"Baron_etal_1996_Table32"
"Dobsonia praedatrix","Septum_Vol.mm3",21,"Baron_etal_1996_Table32",41.8,"NCBI_exact",TRUE,"Baron_etal_1996_Table32"
"Dobsonia praedatrix","Striatum_Vol.mm3",21,"Baron_etal_1996_Table32",192.9,"NCBI_exact",TRUE,"Baron_etal_1996_Table32"
"Dobsonia praedatrix","Telencephalon_Vol.mm3",21,"Baron_etal_1996_Table10",1901,"NCBI_exact",TRUE,"Baron_etal_1996_Table10"
"Eidolon helvum","Amygdala_Vol.mm3",1,"Baron_etal_1996_Table32",99.4,"NCBI_exact",TRUE,"Baron_etal_1996_Table32"
"Eidolon helvum","Bulbus_olfactorius_Vol.mm3",1,"Baron_etal_1996_Table32",208.7,"NCBI_exact",TRUE,"Baron_etal_1996_Table32"
"Eidolon helvum","Cerebellum_Vol.mm3",1,"Baron_etal_1996_Table10",463.3,"NCBI_exact",TRUE,"Baron_etal_1996_Table10"
"Eidolon helvum","Diencephalon_Vol.mm3",1,"Baron_etal_1996_Table10",366.5,"NCBI_exact",TRUE,"Baron_etal_1996_Table10"
"Eidolon helvum","Hippocampus_Vol.mm3",1,"Baron_etal_1996_Table32",258.1,"NCBI_exact",TRUE,"Baron_etal_1996_Table32"
"Eidolon helvum","Medulla_oblongata_Vol.mm3",1,"Baron_etal_1996_Table10",273.7,"NCBI_exact",TRUE,"Baron_etal_1996_Table10"
"Eidolon helvum","Mesencephalon_Vol.mm3",1,"Baron_etal_1996_Table10",200.7,"NCBI_exact",TRUE,"Baron_etal_1996_Table10"
"Eidolon helvum","Neocortex_Vol.mm3",1,"Baron_etal_1996_Table32",1406,"NCBI_exact",TRUE,"Baron_etal_1996_Table32"
"Eidolon helvum","Palaeocortex_Vol.mm3",1,"Baron_etal_1996_Table32",243.5,"NCBI_exact",TRUE,"Baron_etal_1996_Table32"
"Eidolon helvum","Schizo_cortex_Vol.mm3",1,"Baron_etal_1996_Table32",151.7,"NCBI_exact",TRUE,"Baron_etal_1996_Table32"
"Eidolon helvum","Septum_Vol.mm3",1,"Baron_etal_1996_Table32",61.7,"NCBI_exact",TRUE,"Baron_etal_1996_Table32"
"Eidolon helvum","Striatum_Vol.mm3",1,"Baron_etal_1996_Table32",285.3,"NCBI_exact",TRUE,"Baron_etal_1996_Table32"
"Eidolon helvum","Telencephalon_Vol.mm3",1,"Baron_etal_1996_Table10",2714,"NCBI_exact",TRUE,"Baron_etal_1996_Table10"
"Emballonura monticola","Amygdala_Vol.mm3",50,"Baron_etal_1996_Table32",9.58,"NCBI_exact",TRUE,"Baron_etal_1996_Table32"
"Emballonura monticola","Bulbus_olfactorius_Vol.mm3",50,"Baron_etal_1996_Table32",1.18,"NCBI_exact",TRUE,"Baron_etal_1996_Table32"
"Emballonura monticola","Cerebellum_Vol.mm3",50,"Baron_etal_1996_Table10",31.8,"NCBI_exact",TRUE,"Baron_etal_1996_Table10"
"Emballonura monticola","Diencephalon_Vol.mm3",50,"Baron_etal_1996_Table10",14.8,"NCBI_exact",TRUE,"Baron_etal_1996_Table10"
"Emballonura monticola","Hippocampus_Vol.mm3",50,"Baron_etal_1996_Table32",7.61,"NCBI_exact",TRUE,"Baron_etal_1996_Table32"
"Emballonura monticola","Medulla_oblongata_Vol.mm3",50,"Baron_etal_1996_Table10",21,"NCBI_exact",TRUE,"Baron_etal_1996_Table10"
"Emballonura monticola","Mesencephalon_Vol.mm3",50,"Baron_etal_1996_Table10",20,"NCBI_exact",TRUE,"Baron_etal_1996_Table10"
"Emballonura monticola","Neocortex_Vol.mm3",50,"Baron_etal_1996_Table32",32.1,"NCBI_exact",TRUE,"Baron_etal_1996_Table32"
"Emballonura monticola","Palaeocortex_Vol.mm3",50,"Baron_etal_1996_Table32",4.48,"NCBI_exact",TRUE,"Baron_etal_1996_Table32"
"Emballonura monticola","Schizo_cortex_Vol.mm3",50,"Baron_etal_1996_Table32",4.4,"NCBI_exact",TRUE,"Baron_etal_1996_Table32"
"Emballonura monticola","Septum_Vol.mm3",50,"Baron_etal_1996_Table32",1.77,"NCBI_exact",TRUE,"Baron_etal_1996_Table32"
"Emballonura monticola","Striatum_Vol.mm3",50,"Baron_etal_1996_Table32",8.67,"NCBI_exact",TRUE,"Baron_etal_1996_Table32"
"Emballonura monticola","Telencephalon_Vol.mm3",50,"Baron_etal_1996_Table10",69.8,"NCBI_exact",TRUE,"Baron_etal_1996_Table10"
"Emballonura raffrayana","Amygdala_Vol.mm3",51,"Baron_etal_1996_Table32",8.1,"NCBI_exact",TRUE,"Baron_etal_1996_Table32"
"Emballonura raffrayana","Bulbus_olfactorius_Vol.mm3",51,"Baron_etal_1996_Table32",1.28,"NCBI_exact",TRUE,"Baron_etal_1996_Table32"
"Emballonura raffrayana","Cerebellum_Vol.mm3",51,"Baron_etal_1996_Table10",31.2,"NCBI_exact",TRUE,"Baron_etal_1996_Table10"
"Emballonura raffrayana","Diencephalon_Vol.mm3",51,"Baron_etal_1996_Table10",14.9,"NCBI_exact",TRUE,"Baron_etal_1996_Table10"
"Emballonura raffrayana","Hippocampus_Vol.mm3",51,"Baron_etal_1996_Table32",9.08,"NCBI_exact",TRUE,"Baron_etal_1996_Table32"
"Emballonura raffrayana","Medulla_oblongata_Vol.mm3",51,"Baron_etal_1996_Table10",23.1,"NCBI_exact",TRUE,"Baron_etal_1996_Table10"
"Emballonura raffrayana","Mesencephalon_Vol.mm3",51,"Baron_etal_1996_Table10",21.4,"NCBI_exact",TRUE,"Baron_etal_1996_Table10"
"Emballonura raffrayana","Neocortex_Vol.mm3",51,"Baron_etal_1996_Table32",34.5,"NCBI_exact",TRUE,"Baron_etal_1996_Table32"
"Emballonura raffrayana","Palaeocortex_Vol.mm3",51,"Baron_etal_1996_Table32",6.04,"NCBI_exact",TRUE,"Baron_etal_1996_Table32"
"Emballonura raffrayana","Schizo_cortex_Vol.mm3",51,"Baron_etal_1996_Table32",5.23,"NCBI_exact",TRUE,"Baron_etal_1996_Table32"
"Emballonura raffrayana","Septum_Vol.mm3",51,"Baron_etal_1996_Table32",2.19,"NCBI_exact",TRUE,"Baron_etal_1996_Table32"
"Emballonura raffrayana","Striatum_Vol.mm3",51,"Baron_etal_1996_Table32",8,"NCBI_exact",TRUE,"Baron_etal_1996_Table32"
"Emballonura raffrayana","Telencephalon_Vol.mm3",51,"Baron_etal_1996_Table10",74.4,"NCBI_exact",TRUE,"Baron_etal_1996_Table10"
"Emballonura semicaudata","Amygdala_Vol.mm3",52,"Baron_etal_1996_Table32",8.17,"NCBI_exact",TRUE,"Baron_etal_1996_Table32"
"Emballonura semicaudata","Bulbus_olfactorius_Vol.mm3",52,"Baron_etal_1996_Table32",1.43,"NCBI_exact",TRUE,"Baron_etal_1996_Table32"
"Emballonura semicaudata","Cerebellum_Vol.mm3",52,"Baron_etal_1996_Table10",36,"NCBI_exact",TRUE,"Baron_etal_1996_Table10"
"Emballonura semicaudata","Diencephalon_Vol.mm3",52,"Baron_etal_1996_Table10",14.1,"NCBI_exact",TRUE,"Baron_etal_1996_Table10"
"Emballonura semicaudata","Hippocampus_Vol.mm3",52,"Baron_etal_1996_Table32",10.1,"NCBI_exact",TRUE,"Baron_etal_1996_Table32"
"Emballonura semicaudata","Medulla_oblongata_Vol.mm3",52,"Baron_etal_1996_Table10",25.7,"NCBI_exact",TRUE,"Baron_etal_1996_Table10"
"Emballonura semicaudata","Mesencephalon_Vol.mm3",52,"Baron_etal_1996_Table10",19.9,"NCBI_exact",TRUE,"Baron_etal_1996_Table10"
"Emballonura semicaudata","Neocortex_Vol.mm3",52,"Baron_etal_1996_Table32",36,"NCBI_exact",TRUE,"Baron_etal_1996_Table32"
"Emballonura semicaudata","Palaeocortex_Vol.mm3",52,"Baron_etal_1996_Table32",5.78,"NCBI_exact",TRUE,"Baron_etal_1996_Table32"
"Emballonura semicaudata","Schizo_cortex_Vol.mm3",52,"Baron_etal_1996_Table32",5.5,"NCBI_exact",TRUE,"Baron_etal_1996_Table32"
"Emballonura semicaudata","Septum_Vol.mm3",52,"Baron_etal_1996_Table32",2.05,"NCBI_exact",TRUE,"Baron_etal_1996_Table32"
"Emballonura semicaudata","Striatum_Vol.mm3",52,"Baron_etal_1996_Table32",9.03,"NCBI_exact",TRUE,"Baron_etal_1996_Table32"
"Emballonura semicaudata","Telencephalon_Vol.mm3",52,"Baron_etal_1996_Table10",78,"NCBI_exact",TRUE,"Baron_etal_1996_Table10"
"Enchisthenes hartii","Amygdala_Vol.mm3",176,"Baron_etal_1996_Table32",14.8,"GBIF_frozen_legacy_map",TRUE,"Baron_etal_1996_Table32"
"Enchisthenes hartii","Bulbus_olfactorius_Vol.mm3",176,"Baron_etal_1996_Table32",20.9,"GBIF_frozen_legacy_map",TRUE,"Baron_etal_1996_Table32"
"Enchisthenes hartii","Cerebellum_Vol.mm3",176,"Baron_etal_1996_Table10",81.2,"GBIF_frozen_legacy_map",TRUE,"Baron_etal_1996_Table10"
"Enchisthenes hartii","Diencephalon_Vol.mm3",176,"Baron_etal_1996_Table10",37.8,"GBIF_frozen_legacy_map",TRUE,"Baron_etal_1996_Table10"
"Enchisthenes hartii","Hippocampus_Vol.mm3",176,"Baron_etal_1996_Table32",35.6,"GBIF_frozen_legacy_map",TRUE,"Baron_etal_1996_Table32"
"Enchisthenes hartii","Medulla_oblongata_Vol.mm3",176,"Baron_etal_1996_Table10",44.7,"GBIF_frozen_legacy_map",TRUE,"Baron_etal_1996_Table10"
"Enchisthenes hartii","Mesencephalon_Vol.mm3",176,"Baron_etal_1996_Table10",32.4,"GBIF_frozen_legacy_map",TRUE,"Baron_etal_1996_Table10"
"Enchisthenes hartii","Neocortex_Vol.mm3",176,"Baron_etal_1996_Table32",130.3,"GBIF_frozen_legacy_map",TRUE,"Baron_etal_1996_Table32"
"Enchisthenes hartii","Palaeocortex_Vol.mm3",176,"Baron_etal_1996_Table32",28,"GBIF_frozen_legacy_map",TRUE,"Baron_etal_1996_Table32"
"Enchisthenes hartii","Schizo_cortex_Vol.mm3",176,"Baron_etal_1996_Table32",21.3,"GBIF_frozen_legacy_map",TRUE,"Baron_etal_1996_Table32"
"Enchisthenes hartii","Septum_Vol.mm3",176,"Baron_etal_1996_Table32",7.14,"GBIF_frozen_legacy_map",TRUE,"Baron_etal_1996_Table32"
"Enchisthenes hartii","Striatum_Vol.mm3",176,"Baron_etal_1996_Table32",24.3,"GBIF_frozen_legacy_map",TRUE,"Baron_etal_1996_Table32"
"Enchisthenes hartii","Telencephalon_Vol.mm3",176,"Baron_etal_1996_Table10",282.5,"GBIF_frozen_legacy_map",TRUE,"Baron_etal_1996_Table10"
"Eonycteris spelaea","Amygdala_Vol.mm3",39,"Baron_etal_1996_Table32",32.5,"NCBI_exact",TRUE,"Baron_etal_1996_Table32"
"Eonycteris spelaea","Bulbus_olfactorius_Vol.mm3",39,"Baron_etal_1996_Table32",67,"NCBI_exact",TRUE,"Baron_etal_1996_Table32"
"Eonycteris spelaea","Cerebellum_Vol.mm3",39,"Baron_etal_1996_Table10",172.7,"NCBI_exact",TRUE,"Baron_etal_1996_Table10"
"Eonycteris spelaea","Diencephalon_Vol.mm3",39,"Baron_etal_1996_Table10",105.5,"NCBI_exact",TRUE,"Baron_etal_1996_Table10"
"Eonycteris spelaea","Hippocampus_Vol.mm3",39,"Baron_etal_1996_Table32",97.7,"NCBI_exact",TRUE,"Baron_etal_1996_Table32"
"Eonycteris spelaea","Medulla_oblongata_Vol.mm3",39,"Baron_etal_1996_Table10",95.7,"NCBI_exact",TRUE,"Baron_etal_1996_Table10"
"Eonycteris spelaea","Mesencephalon_Vol.mm3",39,"Baron_etal_1996_Table10",71.4,"NCBI_exact",TRUE,"Baron_etal_1996_Table10"
"Eonycteris spelaea","Neocortex_Vol.mm3",39,"Baron_etal_1996_Table32",384,"NCBI_exact",TRUE,"Baron_etal_1996_Table32"
"Eonycteris spelaea","Palaeocortex_Vol.mm3",39,"Baron_etal_1996_Table32",68.6,"NCBI_exact",TRUE,"Baron_etal_1996_Table32"
"Eonycteris spelaea","Schizo_cortex_Vol.mm3",39,"Baron_etal_1996_Table32",55.4,"NCBI_exact",TRUE,"Baron_etal_1996_Table32"
"Eonycteris spelaea","Septum_Vol.mm3",39,"Baron_etal_1996_Table32",19.9,"NCBI_exact",TRUE,"Baron_etal_1996_Table32"
"Eonycteris spelaea","Striatum_Vol.mm3",39,"Baron_etal_1996_Table32",69.5,"NCBI_exact",TRUE,"Baron_etal_1996_Table32"
"Eonycteris spelaea","Telencephalon_Vol.mm3",39,"Baron_etal_1996_Table10",794.6,"NCBI_exact",TRUE,"Baron_etal_1996_Table10"
"Epomophorus labiatus","Amygdala_Vol.mm3",24,"Baron_etal_1996_Table32",37.2,"NCBI_exact",TRUE,"Baron_etal_1996_Table32"
"Epomophorus labiatus","Bulbus_olfactorius_Vol.mm3",24,"Baron_etal_1996_Table32",86.9,"NCBI_exact",TRUE,"Baron_etal_1996_Table32"
"Epomophorus labiatus","Cerebellum_Vol.mm3",24,"Baron_etal_1996_Table10",206.9,"NCBI_exact",TRUE,"Baron_etal_1996_Table10"
"Epomophorus labiatus","Diencephalon_Vol.mm3",24,"Baron_etal_1996_Table10",136.3,"NCBI_exact",TRUE,"Baron_etal_1996_Table10"
"Epomophorus labiatus","Hippocampus_Vol.mm3",24,"Baron_etal_1996_Table32",114.3,"NCBI_exact",TRUE,"Baron_etal_1996_Table32"
"Epomophorus labiatus","Medulla_oblongata_Vol.mm3",24,"Baron_etal_1996_Table10",114.6,"NCBI_exact",TRUE,"Baron_etal_1996_Table10"
"Epomophorus labiatus","Mesencephalon_Vol.mm3",24,"Baron_etal_1996_Table10",92.5,"NCBI_exact",TRUE,"Baron_etal_1996_Table10"
"Epomophorus labiatus","Neocortex_Vol.mm3",24,"Baron_etal_1996_Table32",460.8,"NCBI_exact",TRUE,"Baron_etal_1996_Table32"
"Epomophorus labiatus","Palaeocortex_Vol.mm3",24,"Baron_etal_1996_Table32",82.8,"NCBI_exact",TRUE,"Baron_etal_1996_Table32"
"Epomophorus labiatus","Schizo_cortex_Vol.mm3",24,"Baron_etal_1996_Table32",54.1,"NCBI_exact",TRUE,"Baron_etal_1996_Table32"
"Epomophorus labiatus","Septum_Vol.mm3",24,"Baron_etal_1996_Table32",21.4,"NCBI_exact",TRUE,"Baron_etal_1996_Table32"
"Epomophorus labiatus","Striatum_Vol.mm3",24,"Baron_etal_1996_Table32",81.7,"NCBI_exact",TRUE,"Baron_etal_1996_Table32"
"Epomophorus labiatus","Telencephalon_Vol.mm3",24,"Baron_etal_1996_Table10",939.2,"NCBI_exact",TRUE,"Baron_etal_1996_Table10"
"Epomophorus pusillus","Amygdala_Vol.mm3",25,"Baron_etal_1996_Table32",23.2,"NCBI_exact",TRUE,"Baron_etal_1996_Table32"
"Epomophorus pusillus","Bulbus_olfactorius_Vol.mm3",25,"Baron_etal_1996_Table32",37.4,"NCBI_exact",TRUE,"Baron_etal_1996_Table32"
"Epomophorus pusillus","Cerebellum_Vol.mm3",25,"Baron_etal_1996_Table10",108.1,"NCBI_exact",TRUE,"Baron_etal_1996_Table10"
"Epomophorus pusillus","Diencephalon_Vol.mm3",25,"Baron_etal_1996_Table10",67.7,"NCBI_exact",TRUE,"Baron_etal_1996_Table10"
"Epomophorus pusillus","Hippocampus_Vol.mm3",25,"Baron_etal_1996_Table32",56.9,"NCBI_exact",TRUE,"Baron_etal_1996_Table32"
"Epomophorus pusillus","Medulla_oblongata_Vol.mm3",25,"Baron_etal_1996_Table10",63.5,"NCBI_exact",TRUE,"Baron_etal_1996_Table10"
"Epomophorus pusillus","Mesencephalon_Vol.mm3",25,"Baron_etal_1996_Table10",48.4,"NCBI_exact",TRUE,"Baron_etal_1996_Table10"
"Epomophorus pusillus","Neocortex_Vol.mm3",25,"Baron_etal_1996_Table32",242.9,"NCBI_exact",TRUE,"Baron_etal_1996_Table32"
"Epomophorus pusillus","Palaeocortex_Vol.mm3",25,"Baron_etal_1996_Table32",47.9,"NCBI_exact",TRUE,"Baron_etal_1996_Table32"
"Epomophorus pusillus","Schizo_cortex_Vol.mm3",25,"Baron_etal_1996_Table32",29.6,"NCBI_exact",TRUE,"Baron_etal_1996_Table32"
"Epomophorus pusillus","Septum_Vol.mm3",25,"Baron_etal_1996_Table32",11.3,"NCBI_exact",TRUE,"Baron_etal_1996_Table32"
"Epomophorus pusillus","Striatum_Vol.mm3",25,"Baron_etal_1996_Table32",42.6,"NCBI_exact",TRUE,"Baron_etal_1996_Table32"
"Epomophorus pusillus","Telencephalon_Vol.mm3",25,"Baron_etal_1996_Table10",491.8,"NCBI_exact",TRUE,"Baron_etal_1996_Table10"
"Epomops franqueti","Amygdala_Vol.mm3",23,"Baron_etal_1996_Table32",46.5,"NCBI_exact",TRUE,"Baron_etal_1996_Table32"
"Epomops franqueti","Bulbus_olfactorius_Vol.mm3",23,"Baron_etal_1996_Table32",107.8,"NCBI_exact",TRUE,"Baron_etal_1996_Table32"
"Epomops franqueti","Cerebellum_Vol.mm3",23,"Baron_etal_1996_Table10",318.5,"NCBI_exact",TRUE,"Baron_etal_1996_Table10"
"Epomops franqueti","Diencephalon_Vol.mm3",23,"Baron_etal_1996_Table10",192.4,"NCBI_exact",TRUE,"Baron_etal_1996_Table10"
"Epomops franqueti","Hippocampus_Vol.mm3",23,"Baron_etal_1996_Table32",159.8,"NCBI_exact",TRUE,"Baron_etal_1996_Table32"
"Epomops franqueti","Medulla_oblongata_Vol.mm3",23,"Baron_etal_1996_Table10",173.5,"NCBI_exact",TRUE,"Baron_etal_1996_Table10"
"Epomops franqueti","Mesencephalon_Vol.mm3",23,"Baron_etal_1996_Table10",138.4,"NCBI_exact",TRUE,"Baron_etal_1996_Table10"
"Epomops franqueti","Neocortex_Vol.mm3",23,"Baron_etal_1996_Table32",614.8,"NCBI_exact",TRUE,"Baron_etal_1996_Table32"
"Epomops franqueti","Palaeocortex_Vol.mm3",23,"Baron_etal_1996_Table32",115.2,"NCBI_exact",TRUE,"Baron_etal_1996_Table32"
"Epomops franqueti","Schizo_cortex_Vol.mm3",23,"Baron_etal_1996_Table32",82.2,"NCBI_exact",TRUE,"Baron_etal_1996_Table32"
"Epomops franqueti","Septum_Vol.mm3",23,"Baron_etal_1996_Table32",28.9,"NCBI_exact",TRUE,"Baron_etal_1996_Table32"
"Epomops franqueti","Striatum_Vol.mm3",23,"Baron_etal_1996_Table32",99.2,"NCBI_exact",TRUE,"Baron_etal_1996_Table32"
"Epomops franqueti","Telencephalon_Vol.mm3",23,"Baron_etal_1996_Table10",1254,"NCBI_exact",TRUE,"Baron_etal_1996_Table10"
"Eptesicus brasiliensis","Amygdala_Vol.mm3",213,"Baron_etal_1996_Table32",10.2,"NCBI_exact",TRUE,"Baron_etal_1996_Table32"
"Eptesicus brasiliensis","Amygdala_Vol.mm3",212,"Baron_etal_1996_Table32",10.1,"NCBI_exact",TRUE,"Baron_etal_1996_Table32"
"Eptesicus brasiliensis","Bulbus_olfactorius_Vol.mm3",212,"Baron_etal_1996_Table32",4.49,"NCBI_exact",TRUE,"Baron_etal_1996_Table32"
"Eptesicus brasiliensis","Bulbus_olfactorius_Vol.mm3",213,"Baron_etal_1996_Table32",5.43,"NCBI_exact",TRUE,"Baron_etal_1996_Table32"
"Eptesicus brasiliensis","Cerebellum_Vol.mm3",213,"Baron_etal_1996_Table10",36,"NCBI_exact",TRUE,"Baron_etal_1996_Table10"
"Eptesicus brasiliensis","Cerebellum_Vol.mm3",212,"Baron_etal_1996_Table10",36.1,"NCBI_exact",TRUE,"Baron_etal_1996_Table10"
"Eptesicus brasiliensis","Diencephalon_Vol.mm3",212,"Baron_etal_1996_Table10",15.3,"NCBI_exact",TRUE,"Baron_etal_1996_Table10"
"Eptesicus brasiliensis","Diencephalon_Vol.mm3",213,"Baron_etal_1996_Table10",16.1,"NCBI_exact",TRUE,"Baron_etal_1996_Table10"
"Eptesicus brasiliensis","Hippocampus_Vol.mm3",212,"Baron_etal_1996_Table32",11.9,"NCBI_exact",TRUE,"Baron_etal_1996_Table32"
"Eptesicus brasiliensis","Hippocampus_Vol.mm3",213,"Baron_etal_1996_Table32",11.6,"NCBI_exact",TRUE,"Baron_etal_1996_Table32"
"Eptesicus brasiliensis","Medulla_oblongata_Vol.mm3",212,"Baron_etal_1996_Table10",26.1,"NCBI_exact",TRUE,"Baron_etal_1996_Table10"
"Eptesicus brasiliensis","Medulla_oblongata_Vol.mm3",213,"Baron_etal_1996_Table10",28.1,"NCBI_exact",TRUE,"Baron_etal_1996_Table10"
"Eptesicus brasiliensis","Mesencephalon_Vol.mm3",212,"Baron_etal_1996_Table10",21.7,"NCBI_exact",TRUE,"Baron_etal_1996_Table10"
"Eptesicus brasiliensis","Mesencephalon_Vol.mm3",213,"Baron_etal_1996_Table10",19.6,"NCBI_exact",TRUE,"Baron_etal_1996_Table10"
"Eptesicus brasiliensis","Neocortex_Vol.mm3",213,"Baron_etal_1996_Table32",31,"NCBI_exact",TRUE,"Baron_etal_1996_Table32"
"Eptesicus brasiliensis","Neocortex_Vol.mm3",212,"Baron_etal_1996_Table32",34.8,"NCBI_exact",TRUE,"Baron_etal_1996_Table32"
"Eptesicus brasiliensis","Palaeocortex_Vol.mm3",212,"Baron_etal_1996_Table32",9.72,"NCBI_exact",TRUE,"Baron_etal_1996_Table32"
"Eptesicus brasiliensis","Palaeocortex_Vol.mm3",213,"Baron_etal_1996_Table32",8.16,"NCBI_exact",TRUE,"Baron_etal_1996_Table32"
"Eptesicus brasiliensis","Schizo_cortex_Vol.mm3",212,"Baron_etal_1996_Table32",6.22,"NCBI_exact",TRUE,"Baron_etal_1996_Table32"
"Eptesicus brasiliensis","Schizo_cortex_Vol.mm3",213,"Baron_etal_1996_Table32",5.82,"NCBI_exact",TRUE,"Baron_etal_1996_Table32"
"Eptesicus brasiliensis","Septum_Vol.mm3",212,"Baron_etal_1996_Table32",3.02,"NCBI_exact",TRUE,"Baron_etal_1996_Table32"
"Eptesicus brasiliensis","Septum_Vol.mm3",213,"Baron_etal_1996_Table32",2.55,"NCBI_exact",TRUE,"Baron_etal_1996_Table32"
"Eptesicus brasiliensis","Striatum_Vol.mm3",212,"Baron_etal_1996_Table32",9.7,"NCBI_exact",TRUE,"Baron_etal_1996_Table32"
"Eptesicus brasiliensis","Striatum_Vol.mm3",213,"Baron_etal_1996_Table32",8.76,"NCBI_exact",TRUE,"Baron_etal_1996_Table32"
"Eptesicus brasiliensis","Telencephalon_Vol.mm3",213,"Baron_etal_1996_Table10",83.5,"NCBI_exact",TRUE,"Baron_etal_1996_Table10"
"Eptesicus brasiliensis","Telencephalon_Vol.mm3",212,"Baron_etal_1996_Table10",89.9,"NCBI_exact",TRUE,"Baron_etal_1996_Table10"
"Eptesicus fuscus","Amygdala_Vol.mm3",215,"Baron_etal_1996_Table32",9.24,"NCBI_exact",TRUE,"Baron_etal_1996_Table32"
"Eptesicus fuscus","Bulbus_olfactorius_Vol.mm3",215,"Baron_etal_1996_Table32",6.17,"NCBI_exact",TRUE,"Baron_etal_1996_Table32"
"Eptesicus fuscus","Cerebellum_Vol.mm3",215,"Baron_etal_1996_Table10",38.7,"NCBI_exact",TRUE,"Baron_etal_1996_Table10"
"Eptesicus fuscus","Diencephalon_Vol.mm3",215,"Baron_etal_1996_Table10",19,"NCBI_exact",TRUE,"Baron_etal_1996_Table10"
"Eptesicus fuscus","Hippocampus_Vol.mm3",215,"Baron_etal_1996_Table32",19.7,"NCBI_exact",TRUE,"Baron_etal_1996_Table32"
"Eptesicus fuscus","Medulla_oblongata_Vol.mm3",215,"Baron_etal_1996_Table10",31.1,"NCBI_exact",TRUE,"Baron_etal_1996_Table10"
"Eptesicus fuscus","Mesencephalon_Vol.mm3",215,"Baron_etal_1996_Table10",22.6,"NCBI_exact",TRUE,"Baron_etal_1996_Table10"
"Eptesicus fuscus","Neocortex_Vol.mm3",215,"Baron_etal_1996_Table32",43.3,"NCBI_exact",TRUE,"Baron_etal_1996_Table32"
"Eptesicus fuscus","Palaeocortex_Vol.mm3",215,"Baron_etal_1996_Table32",10.7,"NCBI_exact",TRUE,"Baron_etal_1996_Table32"
"Eptesicus fuscus","Schizo_cortex_Vol.mm3",215,"Baron_etal_1996_Table32",9.82,"NCBI_exact",TRUE,"Baron_etal_1996_Table32"
"Eptesicus fuscus","Septum_Vol.mm3",215,"Baron_etal_1996_Table32",3.39,"NCBI_exact",TRUE,"Baron_etal_1996_Table32"
"Eptesicus fuscus","Striatum_Vol.mm3",215,"Baron_etal_1996_Table32",10.9,"NCBI_exact",TRUE,"Baron_etal_1996_Table32"
"Eptesicus fuscus","Telencephalon_Vol.mm3",215,"Baron_etal_1996_Table10",113.2,"NCBI_exact",TRUE,"Baron_etal_1996_Table10"
"Eptesicus serotinus","Amygdala_Vol.mm3",217,"Baron_etal_1996_Table32",17,"NCBI_exact",TRUE,"Baron_etal_1996_Table32"
"Eptesicus serotinus","Bulbus_olfactorius_Vol.mm3",217,"Baron_etal_1996_Table32",10,"NCBI_exact",TRUE,"Baron_etal_1996_Table32"
"Eptesicus serotinus","Cerebellum_Vol.mm3",217,"Baron_etal_1996_Table10",55.2,"NCBI_exact",TRUE,"Baron_etal_1996_Table10"
"Eptesicus serotinus","Diencephalon_Vol.mm3",217,"Baron_etal_1996_Table10",26.8,"NCBI_exact",TRUE,"Baron_etal_1996_Table10"
"Eptesicus serotinus","Hippocampus_Vol.mm3",217,"Baron_etal_1996_Table32",27.6,"NCBI_exact",TRUE,"Baron_etal_1996_Table32"
"Eptesicus serotinus","Medulla_oblongata_Vol.mm3",217,"Baron_etal_1996_Table10",47.1,"NCBI_exact",TRUE,"Baron_etal_1996_Table10"
"Eptesicus serotinus","Mesencephalon_Vol.mm3",217,"Baron_etal_1996_Table10",32.6,"NCBI_exact",TRUE,"Baron_etal_1996_Table10"
"Eptesicus serotinus","Neocortex_Vol.mm3",217,"Baron_etal_1996_Table32",55.7,"NCBI_exact",TRUE,"Baron_etal_1996_Table32"
"Eptesicus serotinus","Palaeocortex_Vol.mm3",217,"Baron_etal_1996_Table32",15.6,"NCBI_exact",TRUE,"Baron_etal_1996_Table32"
"Eptesicus serotinus","Schizo_cortex_Vol.mm3",217,"Baron_etal_1996_Table32",12.3,"NCBI_exact",TRUE,"Baron_etal_1996_Table32"
"Eptesicus serotinus","Septum_Vol.mm3",217,"Baron_etal_1996_Table32",5.01,"NCBI_exact",TRUE,"Baron_etal_1996_Table32"
"Eptesicus serotinus","Striatum_Vol.mm3",217,"Baron_etal_1996_Table32",16.1,"NCBI_exact",TRUE,"Baron_etal_1996_Table32"
"Eptesicus serotinus","Telencephalon_Vol.mm3",217,"Baron_etal_1996_Table10",159.3,"NCBI_exact",TRUE,"Baron_etal_1996_Table10"
"Eumops auripendulus","Amygdala_Vol.mm3",267,"Baron_etal_1996_Table32",27.6,"NCBI_exact",TRUE,"Baron_etal_1996_Table32"
"Eumops auripendulus","Bulbus_olfactorius_Vol.mm3",267,"Baron_etal_1996_Table32",12.5,"NCBI_exact",TRUE,"Baron_etal_1996_Table32"
"Eumops auripendulus","Cerebellum_Vol.mm3",267,"Baron_etal_1996_Table10",136.6,"NCBI_exact",TRUE,"Baron_etal_1996_Table10"
"Eumops auripendulus","Diencephalon_Vol.mm3",267,"Baron_etal_1996_Table10",46.6,"NCBI_exact",TRUE,"Baron_etal_1996_Table10"
"Eumops auripendulus","Hippocampus_Vol.mm3",267,"Baron_etal_1996_Table32",25,"NCBI_exact",TRUE,"Baron_etal_1996_Table32"
"Eumops auripendulus","Medulla_oblongata_Vol.mm3",267,"Baron_etal_1996_Table10",80.2,"NCBI_exact",TRUE,"Baron_etal_1996_Table10"
"Eumops auripendulus","Mesencephalon_Vol.mm3",267,"Baron_etal_1996_Table10",60.1,"NCBI_exact",TRUE,"Baron_etal_1996_Table10"
"Eumops auripendulus","Neocortex_Vol.mm3",267,"Baron_etal_1996_Table32",117.8,"NCBI_exact",TRUE,"Baron_etal_1996_Table32"
"Eumops auripendulus","Palaeocortex_Vol.mm3",267,"Baron_etal_1996_Table32",22.5,"NCBI_exact",TRUE,"Baron_etal_1996_Table32"
"Eumops auripendulus","Schizo_cortex_Vol.mm3",267,"Baron_etal_1996_Table32",18.1,"NCBI_exact",TRUE,"Baron_etal_1996_Table32"
"Eumops auripendulus","Septum_Vol.mm3",267,"Baron_etal_1996_Table32",6.11,"NCBI_exact",TRUE,"Baron_etal_1996_Table32"
"Eumops auripendulus","Striatum_Vol.mm3",267,"Baron_etal_1996_Table32",22.5,"NCBI_exact",TRUE,"Baron_etal_1996_Table32"
"Eumops auripendulus","Telencephalon_Vol.mm3",267,"Baron_etal_1996_Table10",252.1,"NCBI_exact",TRUE,"Baron_etal_1996_Table10"
"Eumops glaucinus","Amygdala_Vol.mm3",268,"Baron_etal_1996_Table32",25,"NCBI_exact",TRUE,"Baron_etal_1996_Table32"
"Eumops glaucinus","Bulbus_olfactorius_Vol.mm3",268,"Baron_etal_1996_Table32",14.2,"NCBI_exact",TRUE,"Baron_etal_1996_Table32"
"Eumops glaucinus","Cerebellum_Vol.mm3",268,"Baron_etal_1996_Table10",148.8,"NCBI_exact",TRUE,"Baron_etal_1996_Table10"
"Eumops glaucinus","Diencephalon_Vol.mm3",268,"Baron_etal_1996_Table10",46.2,"NCBI_exact",TRUE,"Baron_etal_1996_Table10"
"Eumops glaucinus","Hippocampus_Vol.mm3",268,"Baron_etal_1996_Table32",28.9,"NCBI_exact",TRUE,"Baron_etal_1996_Table32"
"Eumops glaucinus","Medulla_oblongata_Vol.mm3",268,"Baron_etal_1996_Table10",82.2,"NCBI_exact",TRUE,"Baron_etal_1996_Table10"
"Eumops glaucinus","Mesencephalon_Vol.mm3",268,"Baron_etal_1996_Table10",64.4,"NCBI_exact",TRUE,"Baron_etal_1996_Table10"
"Eumops glaucinus","Neocortex_Vol.mm3",268,"Baron_etal_1996_Table32",129,"NCBI_exact",TRUE,"Baron_etal_1996_Table32"
"Eumops glaucinus","Palaeocortex_Vol.mm3",268,"Baron_etal_1996_Table32",21.9,"NCBI_exact",TRUE,"Baron_etal_1996_Table32"
"Eumops glaucinus","Schizo_cortex_Vol.mm3",268,"Baron_etal_1996_Table32",23.2,"NCBI_exact",TRUE,"Baron_etal_1996_Table32"
"Eumops glaucinus","Septum_Vol.mm3",268,"Baron_etal_1996_Table32",7.91,"NCBI_exact",TRUE,"Baron_etal_1996_Table32"
"Eumops glaucinus","Striatum_Vol.mm3",268,"Baron_etal_1996_Table32",26,"NCBI_exact",TRUE,"Baron_etal_1996_Table32"
"Eumops glaucinus","Telencephalon_Vol.mm3",268,"Baron_etal_1996_Table10",276.3,"NCBI_exact",TRUE,"Baron_etal_1996_Table10"
"Furipterus horrens","Amygdala_Vol.mm3",183,"Baron_etal_1996_Table32",4.65,"NCBI_exact",TRUE,"Baron_etal_1996_Table32"
"Furipterus horrens","Bulbus_olfactorius_Vol.mm3",183,"Baron_etal_1996_Table32",1.37,"NCBI_exact",TRUE,"Baron_etal_1996_Table32"
"Furipterus horrens","Cerebellum_Vol.mm3",183,"Baron_etal_1996_Table10",28.1,"NCBI_exact",TRUE,"Baron_etal_1996_Table10"
"Furipterus horrens","Diencephalon_Vol.mm3",183,"Baron_etal_1996_Table10",9.2,"NCBI_exact",TRUE,"Baron_etal_1996_Table10"
"Furipterus horrens","Hippocampus_Vol.mm3",183,"Baron_etal_1996_Table32",9.46,"NCBI_exact",TRUE,"Baron_etal_1996_Table32"
"Furipterus horrens","Medulla_oblongata_Vol.mm3",183,"Baron_etal_1996_Table10",16.3,"NCBI_exact",TRUE,"Baron_etal_1996_Table10"
"Furipterus horrens","Mesencephalon_Vol.mm3",183,"Baron_etal_1996_Table10",12.7,"NCBI_exact",TRUE,"Baron_etal_1996_Table10"
"Furipterus horrens","Neocortex_Vol.mm3",183,"Baron_etal_1996_Table32",23.3,"NCBI_exact",TRUE,"Baron_etal_1996_Table32"
"Furipterus horrens","Palaeocortex_Vol.mm3",183,"Baron_etal_1996_Table32",3.73,"NCBI_exact",TRUE,"Baron_etal_1996_Table32"
"Furipterus horrens","Schizo_cortex_Vol.mm3",183,"Baron_etal_1996_Table32",3.76,"NCBI_exact",TRUE,"Baron_etal_1996_Table32"
"Furipterus horrens","Septum_Vol.mm3",183,"Baron_etal_1996_Table32",1.33,"NCBI_exact",TRUE,"Baron_etal_1996_Table32"
"Furipterus horrens","Striatum_Vol.mm3",183,"Baron_etal_1996_Table32",6.22,"NCBI_exact",TRUE,"Baron_etal_1996_Table32"
"Furipterus horrens","Telencephalon_Vol.mm3",183,"Baron_etal_1996_Table10",53.8,"NCBI_exact",TRUE,"Baron_etal_1996_Table10"
"Gardnerycteris crenulatum","Amygdala_Vol.mm3",135,"Baron_etal_1996_Table32",11.3,"NCBI_exact",TRUE,"Baron_etal_1996_Table32"
"Gardnerycteris crenulatum","Bulbus_olfactorius_Vol.mm3",135,"Baron_etal_1996_Table32",7.3,"NCBI_exact",TRUE,"Baron_etal_1996_Table32"
"Gardnerycteris crenulatum","Cerebellum_Vol.mm3",135,"Baron_etal_1996_Table10",53.7,"NCBI_exact",TRUE,"Baron_etal_1996_Table10"
"Gardnerycteris crenulatum","Diencephalon_Vol.mm3",135,"Baron_etal_1996_Table10",26,"NCBI_exact",TRUE,"Baron_etal_1996_Table10"
"Gardnerycteris crenulatum","Hippocampus_Vol.mm3",135,"Baron_etal_1996_Table32",18.2,"NCBI_exact",TRUE,"Baron_etal_1996_Table32"
"Gardnerycteris crenulatum","Medulla_oblongata_Vol.mm3",135,"Baron_etal_1996_Table10",35.4,"NCBI_exact",TRUE,"Baron_etal_1996_Table10"
"Gardnerycteris crenulatum","Mesencephalon_Vol.mm3",135,"Baron_etal_1996_Table10",30.2,"NCBI_exact",TRUE,"Baron_etal_1996_Table10"
"Gardnerycteris crenulatum","Neocortex_Vol.mm3",135,"Baron_etal_1996_Table32",87.1,"NCBI_exact",TRUE,"Baron_etal_1996_Table32"
"Gardnerycteris crenulatum","Palaeocortex_Vol.mm3",135,"Baron_etal_1996_Table32",10.3,"NCBI_exact",TRUE,"Baron_etal_1996_Table32"
"Gardnerycteris crenulatum","Schizo_cortex_Vol.mm3",135,"Baron_etal_1996_Table32",8.96,"NCBI_exact",TRUE,"Baron_etal_1996_Table32"
"Gardnerycteris crenulatum","Septum_Vol.mm3",135,"Baron_etal_1996_Table32",2.94,"NCBI_exact",TRUE,"Baron_etal_1996_Table32"
"Gardnerycteris crenulatum","Striatum_Vol.mm3",135,"Baron_etal_1996_Table32",15.8,"NCBI_exact",TRUE,"Baron_etal_1996_Table32"
"Gardnerycteris crenulatum","Telencephalon_Vol.mm3",135,"Baron_etal_1996_Table10",162.1,"NCBI_exact",TRUE,"Baron_etal_1996_Table10"
"Glauconycteris humeralis","Amygdala_Vol.mm3",222,"Baron_etal_1996_Table32",5.61,"NCBI_exact",TRUE,"Baron_etal_1996_Table32"
"Glauconycteris humeralis","Bulbus_olfactorius_Vol.mm3",222,"Baron_etal_1996_Table32",1.48,"NCBI_exact",TRUE,"Baron_etal_1996_Table32"
"Glauconycteris humeralis","Cerebellum_Vol.mm3",222,"Baron_etal_1996_Table10",31.3,"NCBI_exact",TRUE,"Baron_etal_1996_Table10"
"Glauconycteris humeralis","Diencephalon_Vol.mm3",222,"Baron_etal_1996_Table10",10.4,"NCBI_exact",TRUE,"Baron_etal_1996_Table10"
"Glauconycteris humeralis","Hippocampus_Vol.mm3",222,"Baron_etal_1996_Table32",9.79,"NCBI_exact",TRUE,"Baron_etal_1996_Table32"
"Glauconycteris humeralis","Medulla_oblongata_Vol.mm3",222,"Baron_etal_1996_Table10",21.6,"NCBI_exact",TRUE,"Baron_etal_1996_Table10"
"Glauconycteris humeralis","Mesencephalon_Vol.mm3",222,"Baron_etal_1996_Table10",16.9,"NCBI_exact",TRUE,"Baron_etal_1996_Table10"
"Glauconycteris humeralis","Neocortex_Vol.mm3",222,"Baron_etal_1996_Table32",22.9,"NCBI_exact",TRUE,"Baron_etal_1996_Table32"
"Glauconycteris humeralis","Palaeocortex_Vol.mm3",222,"Baron_etal_1996_Table32",4.6,"NCBI_exact",TRUE,"Baron_etal_1996_Table32"
"Glauconycteris humeralis","Schizo_cortex_Vol.mm3",222,"Baron_etal_1996_Table32",3.95,"NCBI_exact",TRUE,"Baron_etal_1996_Table32"
"Glauconycteris humeralis","Septum_Vol.mm3",222,"Baron_etal_1996_Table32",1.39,"NCBI_exact",TRUE,"Baron_etal_1996_Table32"
"Glauconycteris humeralis","Striatum_Vol.mm3",222,"Baron_etal_1996_Table32",6.49,"NCBI_exact",TRUE,"Baron_etal_1996_Table32"
"Glauconycteris humeralis","Telencephalon_Vol.mm3",222,"Baron_etal_1996_Table10",56.2,"NCBI_exact",TRUE,"Baron_etal_1996_Table10"
"Glauconycteris poensis","Amygdala_Vol.mm3",223,"Baron_etal_1996_Table32",9.93,"NCBI_exact",TRUE,"Baron_etal_1996_Table32"
"Glauconycteris poensis","Bulbus_olfactorius_Vol.mm3",223,"Baron_etal_1996_Table32",2.39,"NCBI_exact",TRUE,"Baron_etal_1996_Table32"
"Glauconycteris poensis","Cerebellum_Vol.mm3",223,"Baron_etal_1996_Table10",43.3,"NCBI_exact",TRUE,"Baron_etal_1996_Table10"
"Glauconycteris poensis","Diencephalon_Vol.mm3",223,"Baron_etal_1996_Table10",15.2,"NCBI_exact",TRUE,"Baron_etal_1996_Table10"
"Glauconycteris poensis","Hippocampus_Vol.mm3",223,"Baron_etal_1996_Table32",12.2,"NCBI_exact",TRUE,"Baron_etal_1996_Table32"
"Glauconycteris poensis","Medulla_oblongata_Vol.mm3",223,"Baron_etal_1996_Table10",30.3,"NCBI_exact",TRUE,"Baron_etal_1996_Table10"
"Glauconycteris poensis","Mesencephalon_Vol.mm3",223,"Baron_etal_1996_Table10",22.9,"NCBI_exact",TRUE,"Baron_etal_1996_Table10"
"Glauconycteris poensis","Neocortex_Vol.mm3",223,"Baron_etal_1996_Table32",36,"NCBI_exact",TRUE,"Baron_etal_1996_Table32"
"Glauconycteris poensis","Palaeocortex_Vol.mm3",223,"Baron_etal_1996_Table32",5.94,"NCBI_exact",TRUE,"Baron_etal_1996_Table32"
"Glauconycteris poensis","Schizo_cortex_Vol.mm3",223,"Baron_etal_1996_Table32",5.95,"NCBI_exact",TRUE,"Baron_etal_1996_Table32"
"Glauconycteris poensis","Septum_Vol.mm3",223,"Baron_etal_1996_Table32",1.98,"NCBI_exact",TRUE,"Baron_etal_1996_Table32"
"Glauconycteris poensis","Striatum_Vol.mm3",223,"Baron_etal_1996_Table32",8.32,"NCBI_exact",TRUE,"Baron_etal_1996_Table32"
"Glauconycteris poensis","Telencephalon_Vol.mm3",223,"Baron_etal_1996_Table10",82.7,"NCBI_exact",TRUE,"Baron_etal_1996_Table10"
"Glischropus tylopus","Amygdala_Vol.mm3",211,"Baron_etal_1996_Table32",5.41,"NCBI_exact",TRUE,"Baron_etal_1996_Table32"
"Glischropus tylopus","Bulbus_olfactorius_Vol.mm3",211,"Baron_etal_1996_Table32",2.28,"NCBI_exact",TRUE,"Baron_etal_1996_Table32"
"Glischropus tylopus","Cerebellum_Vol.mm3",211,"Baron_etal_1996_Table10",18,"NCBI_exact",TRUE,"Baron_etal_1996_Table10"
"Glischropus tylopus","Diencephalon_Vol.mm3",211,"Baron_etal_1996_Table10",7.8,"NCBI_exact",TRUE,"Baron_etal_1996_Table10"
"Glischropus tylopus","Hippocampus_Vol.mm3",211,"Baron_etal_1996_Table32",6.44,"NCBI_exact",TRUE,"Baron_etal_1996_Table32"
"Glischropus tylopus","Medulla_oblongata_Vol.mm3",211,"Baron_etal_1996_Table10",16.3,"NCBI_exact",TRUE,"Baron_etal_1996_Table10"
"Glischropus tylopus","Mesencephalon_Vol.mm3",211,"Baron_etal_1996_Table10",11.2,"NCBI_exact",TRUE,"Baron_etal_1996_Table10"
"Glischropus tylopus","Neocortex_Vol.mm3",211,"Baron_etal_1996_Table32",14.3,"NCBI_exact",TRUE,"Baron_etal_1996_Table32"
"Glischropus tylopus","Palaeocortex_Vol.mm3",211,"Baron_etal_1996_Table32",4.09,"NCBI_exact",TRUE,"Baron_etal_1996_Table32"
"Glischropus tylopus","Schizo_cortex_Vol.mm3",211,"Baron_etal_1996_Table32",2.48,"NCBI_exact",TRUE,"Baron_etal_1996_Table32"
"Glischropus tylopus","Septum_Vol.mm3",211,"Baron_etal_1996_Table32",1.26,"NCBI_exact",TRUE,"Baron_etal_1996_Table32"
"Glischropus tylopus","Striatum_Vol.mm3",211,"Baron_etal_1996_Table32",4.48,"NCBI_exact",TRUE,"Baron_etal_1996_Table32"
"Glischropus tylopus","Telencephalon_Vol.mm3",211,"Baron_etal_1996_Table10",40.7,"NCBI_exact",TRUE,"Baron_etal_1996_Table10"
"Glossophaga longirostris","Amygdala_Vol.mm3",142,"Baron_etal_1996_Table32",12.5,"NCBI_exact",TRUE,"Baron_etal_1996_Table32"
"Glossophaga longirostris","Bulbus_olfactorius_Vol.mm3",142,"Baron_etal_1996_Table32",12.9,"NCBI_exact",TRUE,"Baron_etal_1996_Table32"
"Glossophaga longirostris","Cerebellum_Vol.mm3",142,"Baron_etal_1996_Table10",92.4,"NCBI_exact",TRUE,"Baron_etal_1996_Table10"
"Glossophaga longirostris","Diencephalon_Vol.mm3",142,"Baron_etal_1996_Table10",31.8,"NCBI_exact",TRUE,"Baron_etal_1996_Table10"
"Glossophaga longirostris","Hippocampus_Vol.mm3",142,"Baron_etal_1996_Table32",38.6,"NCBI_exact",TRUE,"Baron_etal_1996_Table32"
"Glossophaga longirostris","Medulla_oblongata_Vol.mm3",142,"Baron_etal_1996_Table10",42.1,"NCBI_exact",TRUE,"Baron_etal_1996_Table10"
"Glossophaga longirostris","Mesencephalon_Vol.mm3",142,"Baron_etal_1996_Table10",27.8,"NCBI_exact",TRUE,"Baron_etal_1996_Table10"
"Glossophaga longirostris","Neocortex_Vol.mm3",142,"Baron_etal_1996_Table32",92.9,"NCBI_exact",TRUE,"Baron_etal_1996_Table32"
"Glossophaga longirostris","Palaeocortex_Vol.mm3",142,"Baron_etal_1996_Table32",19.6,"NCBI_exact",TRUE,"Baron_etal_1996_Table32"
"Glossophaga longirostris","Schizo_cortex_Vol.mm3",142,"Baron_etal_1996_Table32",17,"NCBI_exact",TRUE,"Baron_etal_1996_Table32"
"Glossophaga longirostris","Septum_Vol.mm3",142,"Baron_etal_1996_Table32",6.09,"NCBI_exact",TRUE,"Baron_etal_1996_Table32"
"Glossophaga longirostris","Striatum_Vol.mm3",142,"Baron_etal_1996_Table32",20.3,"NCBI_exact",TRUE,"Baron_etal_1996_Table32"
"Glossophaga longirostris","Telencephalon_Vol.mm3",142,"Baron_etal_1996_Table10",220.3,"NCBI_exact",TRUE,"Baron_etal_1996_Table10"
"Glossophaga soricina","Amygdala_Vol.mm3",143,"Baron_etal_1996_Table32",12,"NCBI_exact",TRUE,"Baron_etal_1996_Table32"
"Glossophaga soricina","Bulbus_olfactorius_Vol.mm3",143,"Baron_etal_1996_Table32",11.5,"NCBI_exact",TRUE,"Baron_etal_1996_Table32"
"Glossophaga soricina","Cerebellum_Vol.mm3",143,"Baron_etal_1996_Table10",81.6,"NCBI_exact",TRUE,"Baron_etal_1996_Table10"
"Glossophaga soricina","Diencephalon_Vol.mm3",143,"Baron_etal_1996_Table10",28.5,"NCBI_exact",TRUE,"Baron_etal_1996_Table10"
"Glossophaga soricina","Hippocampus_Vol.mm3",143,"Baron_etal_1996_Table32",31.4,"NCBI_exact",TRUE,"Baron_etal_1996_Table32"
"Glossophaga soricina","Medulla_oblongata_Vol.mm3",143,"Baron_etal_1996_Table10",37.9,"NCBI_exact",TRUE,"Baron_etal_1996_Table10"
"Glossophaga soricina","Mesencephalon_Vol.mm3",143,"Baron_etal_1996_Table10",25.8,"NCBI_exact",TRUE,"Baron_etal_1996_Table10"
"Glossophaga soricina","Neocortex_Vol.mm3",143,"Baron_etal_1996_Table32",88,"NCBI_exact",TRUE,"Baron_etal_1996_Table32"
"Glossophaga soricina","Palaeocortex_Vol.mm3",143,"Baron_etal_1996_Table32",18.5,"NCBI_exact",TRUE,"Baron_etal_1996_Table32"
"Glossophaga soricina","Schizo_cortex_Vol.mm3",143,"Baron_etal_1996_Table32",14.9,"NCBI_exact",TRUE,"Baron_etal_1996_Table32"
"Glossophaga soricina","Septum_Vol.mm3",143,"Baron_etal_1996_Table32",5.8,"NCBI_exact",TRUE,"Baron_etal_1996_Table32"
"Glossophaga soricina","Striatum_Vol.mm3",143,"Baron_etal_1996_Table32",18.7,"NCBI_exact",TRUE,"Baron_etal_1996_Table32"
"Glossophaga soricina","Telencephalon_Vol.mm3",143,"Baron_etal_1996_Table10",201.1,"NCBI_exact",TRUE,"Baron_etal_1996_Table10"
"Harpiocephalus harpia","Amygdala_Vol.mm3",247,"Baron_etal_1996_Table32",17.4,"NCBI_exact",TRUE,"Baron_etal_1996_Table32"
"Harpiocephalus harpia","Bulbus_olfactorius_Vol.mm3",247,"Baron_etal_1996_Table32",23,"NCBI_exact",TRUE,"Baron_etal_1996_Table32"
"Harpiocephalus harpia","Cerebellum_Vol.mm3",247,"Baron_etal_1996_Table10",68.7,"NCBI_exact",TRUE,"Baron_etal_1996_Table10"
"Harpiocephalus harpia","Diencephalon_Vol.mm3",247,"Baron_etal_1996_Table10",31.7,"NCBI_exact",TRUE,"Baron_etal_1996_Table10"
"Harpiocephalus harpia","Hippocampus_Vol.mm3",247,"Baron_etal_1996_Table32",35.8,"NCBI_exact",TRUE,"Baron_etal_1996_Table32"
"Harpiocephalus harpia","Medulla_oblongata_Vol.mm3",247,"Baron_etal_1996_Table10",43.1,"NCBI_exact",TRUE,"Baron_etal_1996_Table10"
"Harpiocephalus harpia","Mesencephalon_Vol.mm3",247,"Baron_etal_1996_Table10",30.3,"NCBI_exact",TRUE,"Baron_etal_1996_Table10"
"Harpiocephalus harpia","Neocortex_Vol.mm3",247,"Baron_etal_1996_Table32",81.3,"NCBI_exact",TRUE,"Baron_etal_1996_Table32"
"Harpiocephalus harpia","Palaeocortex_Vol.mm3",247,"Baron_etal_1996_Table32",35.7,"NCBI_exact",TRUE,"Baron_etal_1996_Table32"
"Harpiocephalus harpia","Schizo_cortex_Vol.mm3",247,"Baron_etal_1996_Table32",17.2,"NCBI_exact",TRUE,"Baron_etal_1996_Table32"
"Harpiocephalus harpia","Septum_Vol.mm3",247,"Baron_etal_1996_Table32",7.08,"NCBI_exact",TRUE,"Baron_etal_1996_Table32"
"Harpiocephalus harpia","Striatum_Vol.mm3",247,"Baron_etal_1996_Table32",26.4,"NCBI_exact",TRUE,"Baron_etal_1996_Table32"
"Harpiocephalus harpia","Telencephalon_Vol.mm3",247,"Baron_etal_1996_Table10",243.9,"NCBI_exact",TRUE,"Baron_etal_1996_Table10"
"Hesperoptenus blanfordi","Amygdala_Vol.mm3",221,"Baron_etal_1996_Table32",8.66,"NCBI_exact",TRUE,"Baron_etal_1996_Table32"
"Hesperoptenus blanfordi","Bulbus_olfactorius_Vol.mm3",221,"Baron_etal_1996_Table32",4.3,"NCBI_exact",TRUE,"Baron_etal_1996_Table32"
"Hesperoptenus blanfordi","Cerebellum_Vol.mm3",221,"Baron_etal_1996_Table10",25,"NCBI_exact",TRUE,"Baron_etal_1996_Table10"
"Hesperoptenus blanfordi","Diencephalon_Vol.mm3",221,"Baron_etal_1996_Table10",12.7,"NCBI_exact",TRUE,"Baron_etal_1996_Table10"
"Hesperoptenus blanfordi","Hippocampus_Vol.mm3",221,"Baron_etal_1996_Table32",9.34,"NCBI_exact",TRUE,"Baron_etal_1996_Table32"
"Hesperoptenus blanfordi","Medulla_oblongata_Vol.mm3",221,"Baron_etal_1996_Table10",24.8,"NCBI_exact",TRUE,"Baron_etal_1996_Table10"
"Hesperoptenus blanfordi","Mesencephalon_Vol.mm3",221,"Baron_etal_1996_Table10",19.1,"NCBI_exact",TRUE,"Baron_etal_1996_Table10"
"Hesperoptenus blanfordi","Neocortex_Vol.mm3",221,"Baron_etal_1996_Table32",25.7,"NCBI_exact",TRUE,"Baron_etal_1996_Table32"
"Hesperoptenus blanfordi","Palaeocortex_Vol.mm3",221,"Baron_etal_1996_Table32",6.23,"NCBI_exact",TRUE,"Baron_etal_1996_Table32"
"Hesperoptenus blanfordi","Schizo_cortex_Vol.mm3",221,"Baron_etal_1996_Table32",4.1,"NCBI_exact",TRUE,"Baron_etal_1996_Table32"
"Hesperoptenus blanfordi","Septum_Vol.mm3",221,"Baron_etal_1996_Table32",2.11,"NCBI_exact",TRUE,"Baron_etal_1996_Table32"
"Hesperoptenus blanfordi","Striatum_Vol.mm3",221,"Baron_etal_1996_Table32",5.86,"NCBI_exact",TRUE,"Baron_etal_1996_Table32"
"Hesperoptenus blanfordi","Telencephalon_Vol.mm3",221,"Baron_etal_1996_Table10",66.3,"NCBI_exact",TRUE,"Baron_etal_1996_Table10"
"Hipposideros armiger","Amygdala_Vol.mm3",97,"Baron_etal_1996_Table32",31,"NCBI_exact",TRUE,"Baron_etal_1996_Table32"
"Hipposideros armiger","Bulbus_olfactorius_Vol.mm3",97,"Baron_etal_1996_Table32",15.2,"NCBI_exact",TRUE,"Baron_etal_1996_Table32"
"Hipposideros armiger","Cerebellum_Vol.mm3",97,"Baron_etal_1996_Table10",142.2,"NCBI_exact",TRUE,"Baron_etal_1996_Table10"
"Hipposideros armiger","Diencephalon_Vol.mm3",97,"Baron_etal_1996_Table10",56.1,"NCBI_exact",TRUE,"Baron_etal_1996_Table10"
"Hipposideros armiger","Hippocampus_Vol.mm3",97,"Baron_etal_1996_Table32",57.4,"NCBI_exact",TRUE,"Baron_etal_1996_Table32"
"Hipposideros armiger","Medulla_oblongata_Vol.mm3",97,"Baron_etal_1996_Table10",105.8,"NCBI_exact",TRUE,"Baron_etal_1996_Table10"
"Hipposideros armiger","Mesencephalon_Vol.mm3",97,"Baron_etal_1996_Table10",77.7,"NCBI_exact",TRUE,"Baron_etal_1996_Table10"
"Hipposideros armiger","Neocortex_Vol.mm3",97,"Baron_etal_1996_Table32",168.5,"NCBI_exact",TRUE,"Baron_etal_1996_Table32"
"Hipposideros armiger","Palaeocortex_Vol.mm3",97,"Baron_etal_1996_Table32",24.8,"NCBI_exact",TRUE,"Baron_etal_1996_Table32"
"Hipposideros armiger","Schizo_cortex_Vol.mm3",97,"Baron_etal_1996_Table32",25.1,"NCBI_exact",TRUE,"Baron_etal_1996_Table32"
"Hipposideros armiger","Septum_Vol.mm3",97,"Baron_etal_1996_Table32",8.55,"NCBI_exact",TRUE,"Baron_etal_1996_Table32"
"Hipposideros armiger","Striatum_Vol.mm3",97,"Baron_etal_1996_Table32",38.6,"NCBI_exact",TRUE,"Baron_etal_1996_Table32"
"Hipposideros armiger","Telencephalon_Vol.mm3",97,"Baron_etal_1996_Table10",369.2,"NCBI_exact",TRUE,"Baron_etal_1996_Table10"
"Hipposideros ater","Amygdala_Vol.mm3",99,"Baron_etal_1996_Table32",6.01,"NCBI_exact",TRUE,"Baron_etal_1996_Table32"
"Hipposideros ater","Amygdala_Vol.mm3",98,"Baron_etal_1996_Table32",7.73,"NCBI_exact",TRUE,"Baron_etal_1996_Table32"
"Hipposideros ater","Amygdala_Vol.mm3",100,"Baron_etal_1996_Table32",6.05,"NCBI_exact",TRUE,"Baron_etal_1996_Table32"
"Hipposideros ater","Bulbus_olfactorius_Vol.mm3",99,"Baron_etal_1996_Table32",2.96,"NCBI_exact",TRUE,"Baron_etal_1996_Table32"
"Hipposideros ater","Bulbus_olfactorius_Vol.mm3",98,"Baron_etal_1996_Table32",3.41,"NCBI_exact",TRUE,"Baron_etal_1996_Table32"
"Hipposideros ater","Bulbus_olfactorius_Vol.mm3",100,"Baron_etal_1996_Table32",3.85,"NCBI_exact",TRUE,"Baron_etal_1996_Table32"
"Hipposideros ater","Cerebellum_Vol.mm3",99,"Baron_etal_1996_Table10",33.2,"NCBI_exact",TRUE,"Baron_etal_1996_Table10"
"Hipposideros ater","Cerebellum_Vol.mm3",100,"Baron_etal_1996_Table10",35.3,"NCBI_exact",TRUE,"Baron_etal_1996_Table10"
"Hipposideros ater","Cerebellum_Vol.mm3",98,"Baron_etal_1996_Table10",41,"NCBI_exact",TRUE,"Baron_etal_1996_Table10"
"Hipposideros ater","Diencephalon_Vol.mm3",100,"Baron_etal_1996_Table10",12.3,"NCBI_exact",TRUE,"Baron_etal_1996_Table10"
"Hipposideros ater","Diencephalon_Vol.mm3",98,"Baron_etal_1996_Table10",15.6,"NCBI_exact",TRUE,"Baron_etal_1996_Table10"
"Hipposideros ater","Diencephalon_Vol.mm3",99,"Baron_etal_1996_Table10",14.7,"NCBI_exact",TRUE,"Baron_etal_1996_Table10"
"Hipposideros ater","Hippocampus_Vol.mm3",100,"Baron_etal_1996_Table32",13.2,"NCBI_exact",TRUE,"Baron_etal_1996_Table32"
"Hipposideros ater","Hippocampus_Vol.mm3",98,"Baron_etal_1996_Table32",16,"NCBI_exact",TRUE,"Baron_etal_1996_Table32"
"Hipposideros ater","Hippocampus_Vol.mm3",99,"Baron_etal_1996_Table32",14.4,"NCBI_exact",TRUE,"Baron_etal_1996_Table32"
"Hipposideros ater","Medulla_oblongata_Vol.mm3",100,"Baron_etal_1996_Table10",22.9,"NCBI_exact",TRUE,"Baron_etal_1996_Table10"
"Hipposideros ater","Medulla_oblongata_Vol.mm3",99,"Baron_etal_1996_Table10",26.5,"NCBI_exact",TRUE,"Baron_etal_1996_Table10"
"Hipposideros ater","Medulla_oblongata_Vol.mm3",98,"Baron_etal_1996_Table10",28.5,"NCBI_exact",TRUE,"Baron_etal_1996_Table10"
"Hipposideros ater","Mesencephalon_Vol.mm3",99,"Baron_etal_1996_Table10",22.5,"NCBI_exact",TRUE,"Baron_etal_1996_Table10"
"Hipposideros ater","Mesencephalon_Vol.mm3",100,"Baron_etal_1996_Table10",18.6,"NCBI_exact",TRUE,"Baron_etal_1996_Table10"
"Hipposideros ater","Mesencephalon_Vol.mm3",98,"Baron_etal_1996_Table10",23.4,"NCBI_exact",TRUE,"Baron_etal_1996_Table10"
"Hipposideros ater","Neocortex_Vol.mm3",98,"Baron_etal_1996_Table32",38.6,"NCBI_exact",TRUE,"Baron_etal_1996_Table32"
"Hipposideros ater","Neocortex_Vol.mm3",100,"Baron_etal_1996_Table32",32.6,"NCBI_exact",TRUE,"Baron_etal_1996_Table32"
"Hipposideros ater","Neocortex_Vol.mm3",99,"Baron_etal_1996_Table32",34.1,"NCBI_exact",TRUE,"Baron_etal_1996_Table32"
"Hipposideros ater","Palaeocortex_Vol.mm3",99,"Baron_etal_1996_Table32",7.21,"NCBI_exact",TRUE,"Baron_etal_1996_Table32"
"Hipposideros ater","Palaeocortex_Vol.mm3",100,"Baron_etal_1996_Table32",7.57,"NCBI_exact",TRUE,"Baron_etal_1996_Table32"
"Hipposideros ater","Palaeocortex_Vol.mm3",98,"Baron_etal_1996_Table32",7.32,"NCBI_exact",TRUE,"Baron_etal_1996_Table32"
"Hipposideros ater","Schizo_cortex_Vol.mm3",98,"Baron_etal_1996_Table32",6.34,"NCBI_exact",TRUE,"Baron_etal_1996_Table32"
"Hipposideros ater","Schizo_cortex_Vol.mm3",99,"Baron_etal_1996_Table32",5.36,"NCBI_exact",TRUE,"Baron_etal_1996_Table32"
"Hipposideros ater","Schizo_cortex_Vol.mm3",100,"Baron_etal_1996_Table32",5.39,"NCBI_exact",TRUE,"Baron_etal_1996_Table32"
"Hipposideros ater","Septum_Vol.mm3",99,"Baron_etal_1996_Table32",2.3,"NCBI_exact",TRUE,"Baron_etal_1996_Table32"
"Hipposideros ater","Septum_Vol.mm3",100,"Baron_etal_1996_Table32",2.05,"NCBI_exact",TRUE,"Baron_etal_1996_Table32"
"Hipposideros ater","Septum_Vol.mm3",98,"Baron_etal_1996_Table32",2.7,"NCBI_exact",TRUE,"Baron_etal_1996_Table32"
"Hipposideros ater","Striatum_Vol.mm3",98,"Baron_etal_1996_Table32",11.4,"NCBI_exact",TRUE,"Baron_etal_1996_Table32"
"Hipposideros ater","Striatum_Vol.mm3",100,"Baron_etal_1996_Table32",9.44,"NCBI_exact",TRUE,"Baron_etal_1996_Table32"
"Hipposideros ater","Striatum_Vol.mm3",99,"Baron_etal_1996_Table32",10,"NCBI_exact",TRUE,"Baron_etal_1996_Table32"
"Hipposideros ater","Telencephalon_Vol.mm3",100,"Baron_etal_1996_Table10",80.2,"NCBI_exact",TRUE,"Baron_etal_1996_Table10"
"Hipposideros ater","Telencephalon_Vol.mm3",99,"Baron_etal_1996_Table10",82.4,"NCBI_exact",TRUE,"Baron_etal_1996_Table10"
"Hipposideros ater","Telencephalon_Vol.mm3",98,"Baron_etal_1996_Table10",93.5,"NCBI_exact",TRUE,"Baron_etal_1996_Table10"
"Hipposideros caffer","Amygdala_Vol.mm3",101,"Baron_etal_1996_Table32",11.6,"NCBI_exact",TRUE,"Baron_etal_1996_Table32"
"Hipposideros caffer","Bulbus_olfactorius_Vol.mm3",101,"Baron_etal_1996_Table32",5.38,"NCBI_exact",TRUE,"Baron_etal_1996_Table32"
"Hipposideros caffer","Cerebellum_Vol.mm3",101,"Baron_etal_1996_Table10",64.2,"NCBI_exact",TRUE,"Baron_etal_1996_Table10"
"Hipposideros caffer","Diencephalon_Vol.mm3",101,"Baron_etal_1996_Table10",21.2,"NCBI_exact",TRUE,"Baron_etal_1996_Table10"
"Hipposideros caffer","Hippocampus_Vol.mm3",101,"Baron_etal_1996_Table32",20.1,"NCBI_exact",TRUE,"Baron_etal_1996_Table32"
"Hipposideros caffer","Medulla_oblongata_Vol.mm3",101,"Baron_etal_1996_Table10",39.1,"NCBI_exact",TRUE,"Baron_etal_1996_Table10"
"Hipposideros caffer","Mesencephalon_Vol.mm3",101,"Baron_etal_1996_Table10",30,"NCBI_exact",TRUE,"Baron_etal_1996_Table10"
"Hipposideros caffer","Neocortex_Vol.mm3",101,"Baron_etal_1996_Table32",60.9,"NCBI_exact",TRUE,"Baron_etal_1996_Table32"
"Hipposideros caffer","Palaeocortex_Vol.mm3",101,"Baron_etal_1996_Table32",9.55,"NCBI_exact",TRUE,"Baron_etal_1996_Table32"
"Hipposideros caffer","Schizo_cortex_Vol.mm3",101,"Baron_etal_1996_Table32",9.01,"NCBI_exact",TRUE,"Baron_etal_1996_Table32"
"Hipposideros caffer","Septum_Vol.mm3",101,"Baron_etal_1996_Table32",3.52,"NCBI_exact",TRUE,"Baron_etal_1996_Table32"
"Hipposideros caffer","Striatum_Vol.mm3",101,"Baron_etal_1996_Table32",15.6,"NCBI_exact",TRUE,"Baron_etal_1996_Table32"
"Hipposideros caffer","Telencephalon_Vol.mm3",101,"Baron_etal_1996_Table10",135.6,"NCBI_exact",TRUE,"Baron_etal_1996_Table10"
"Hipposideros calcaratus","Amygdala_Vol.mm3",103,"Baron_etal_1996_Table32",11.2,"NCBI_exact",TRUE,"Baron_etal_1996_Table32"
"Hipposideros calcaratus","Amygdala_Vol.mm3",102,"Baron_etal_1996_Table32",13.7,"NCBI_exact",TRUE,"Baron_etal_1996_Table32"
"Hipposideros calcaratus","Bulbus_olfactorius_Vol.mm3",102,"Baron_etal_1996_Table32",10.9,"NCBI_exact",TRUE,"Baron_etal_1996_Table32"
"Hipposideros calcaratus","Bulbus_olfactorius_Vol.mm3",103,"Baron_etal_1996_Table32",8.79,"NCBI_exact",TRUE,"Baron_etal_1996_Table32"
"Hipposideros calcaratus","Cerebellum_Vol.mm3",102,"Baron_etal_1996_Table10",78.6,"NCBI_exact",TRUE,"Baron_etal_1996_Table10"
"Hipposideros calcaratus","Cerebellum_Vol.mm3",103,"Baron_etal_1996_Table10",66.8,"NCBI_exact",TRUE,"Baron_etal_1996_Table10"
"Hipposideros calcaratus","Diencephalon_Vol.mm3",102,"Baron_etal_1996_Table10",29.6,"NCBI_exact",TRUE,"Baron_etal_1996_Table10"
"Hipposideros calcaratus","Diencephalon_Vol.mm3",103,"Baron_etal_1996_Table10",23,"NCBI_exact",TRUE,"Baron_etal_1996_Table10"
"Hipposideros calcaratus","Hippocampus_Vol.mm3",102,"Baron_etal_1996_Table32",24.5,"NCBI_exact",TRUE,"Baron_etal_1996_Table32"
"Hipposideros calcaratus","Hippocampus_Vol.mm3",103,"Baron_etal_1996_Table32",20.3,"NCBI_exact",TRUE,"Baron_etal_1996_Table32"
"Hipposideros calcaratus","Medulla_oblongata_Vol.mm3",103,"Baron_etal_1996_Table10",36.2,"NCBI_exact",TRUE,"Baron_etal_1996_Table10"
"Hipposideros calcaratus","Medulla_oblongata_Vol.mm3",102,"Baron_etal_1996_Table10",47.9,"NCBI_exact",TRUE,"Baron_etal_1996_Table10"
"Hipposideros calcaratus","Mesencephalon_Vol.mm3",102,"Baron_etal_1996_Table10",37.2,"NCBI_exact",TRUE,"Baron_etal_1996_Table10"
"Hipposideros calcaratus","Mesencephalon_Vol.mm3",103,"Baron_etal_1996_Table10",30.9,"NCBI_exact",TRUE,"Baron_etal_1996_Table10"
"Hipposideros calcaratus","Neocortex_Vol.mm3",103,"Baron_etal_1996_Table32",72.6,"NCBI_exact",TRUE,"Baron_etal_1996_Table32"
"Hipposideros calcaratus","Neocortex_Vol.mm3",102,"Baron_etal_1996_Table32",82.1,"NCBI_exact",TRUE,"Baron_etal_1996_Table32"
"Hipposideros calcaratus","Palaeocortex_Vol.mm3",103,"Baron_etal_1996_Table32",14.2,"NCBI_exact",TRUE,"Baron_etal_1996_Table32"
"Hipposideros calcaratus","Palaeocortex_Vol.mm3",102,"Baron_etal_1996_Table32",16.9,"NCBI_exact",TRUE,"Baron_etal_1996_Table32"
"Hipposideros calcaratus","Schizo_cortex_Vol.mm3",103,"Baron_etal_1996_Table32",9.33,"NCBI_exact",TRUE,"Baron_etal_1996_Table32"
"Hipposideros calcaratus","Schizo_cortex_Vol.mm3",102,"Baron_etal_1996_Table32",10.1,"NCBI_exact",TRUE,"Baron_etal_1996_Table32"
"Hipposideros calcaratus","Septum_Vol.mm3",102,"Baron_etal_1996_Table32",4.44,"NCBI_exact",TRUE,"Baron_etal_1996_Table32"
"Hipposideros calcaratus","Septum_Vol.mm3",103,"Baron_etal_1996_Table32",3.53,"NCBI_exact",TRUE,"Baron_etal_1996_Table32"
"Hipposideros calcaratus","Striatum_Vol.mm3",103,"Baron_etal_1996_Table32",19.6,"NCBI_exact",TRUE,"Baron_etal_1996_Table32"
"Hipposideros calcaratus","Striatum_Vol.mm3",102,"Baron_etal_1996_Table32",23.5,"NCBI_exact",TRUE,"Baron_etal_1996_Table32"
"Hipposideros calcaratus","Telencephalon_Vol.mm3",102,"Baron_etal_1996_Table10",186,"NCBI_exact",TRUE,"Baron_etal_1996_Table10"
"Hipposideros calcaratus","Telencephalon_Vol.mm3",103,"Baron_etal_1996_Table10",159.6,"NCBI_exact",TRUE,"Baron_etal_1996_Table10"
"Hipposideros cervinus","Amygdala_Vol.mm3",104,"Baron_etal_1996_Table32",7.89,"NCBI_exact",TRUE,"Baron_etal_1996_Table32"
"Hipposideros cervinus","Bulbus_olfactorius_Vol.mm3",104,"Baron_etal_1996_Table32",2.95,"NCBI_exact",TRUE,"Baron_etal_1996_Table32"
"Hipposideros cervinus","Cerebellum_Vol.mm3",104,"Baron_etal_1996_Table10",42,"NCBI_exact",TRUE,"Baron_etal_1996_Table10"
"Hipposideros cervinus","Diencephalon_Vol.mm3",104,"Baron_etal_1996_Table10",15.5,"NCBI_exact",TRUE,"Baron_etal_1996_Table10"
"Hipposideros cervinus","Hippocampus_Vol.mm3",104,"Baron_etal_1996_Table32",13.9,"NCBI_exact",TRUE,"Baron_etal_1996_Table32"
"Hipposideros cervinus","Medulla_oblongata_Vol.mm3",104,"Baron_etal_1996_Table10",29,"NCBI_exact",TRUE,"Baron_etal_1996_Table10"
"Hipposideros cervinus","Mesencephalon_Vol.mm3",104,"Baron_etal_1996_Table10",22.3,"NCBI_exact",TRUE,"Baron_etal_1996_Table10"
"Hipposideros cervinus","Neocortex_Vol.mm3",104,"Baron_etal_1996_Table32",40.7,"NCBI_exact",TRUE,"Baron_etal_1996_Table32"
"Hipposideros cervinus","Palaeocortex_Vol.mm3",104,"Baron_etal_1996_Table32",6.63,"NCBI_exact",TRUE,"Baron_etal_1996_Table32"
"Hipposideros cervinus","Schizo_cortex_Vol.mm3",104,"Baron_etal_1996_Table32",6.04,"NCBI_exact",TRUE,"Baron_etal_1996_Table32"
"Hipposideros cervinus","Septum_Vol.mm3",104,"Baron_etal_1996_Table32",2.44,"NCBI_exact",TRUE,"Baron_etal_1996_Table32"
"Hipposideros cervinus","Striatum_Vol.mm3",104,"Baron_etal_1996_Table32",12,"NCBI_exact",TRUE,"Baron_etal_1996_Table32"
"Hipposideros cervinus","Telencephalon_Vol.mm3",104,"Baron_etal_1996_Table10",92.6,"NCBI_exact",TRUE,"Baron_etal_1996_Table10"
"Hipposideros diadema","Amygdala_Vol.mm3",106,"Baron_etal_1996_Table32",30.3,"NCBI_exact",TRUE,"Baron_etal_1996_Table32"
"Hipposideros diadema","Bulbus_olfactorius_Vol.mm3",106,"Baron_etal_1996_Table32",14.2,"NCBI_exact",TRUE,"Baron_etal_1996_Table32"
"Hipposideros diadema","Cerebellum_Vol.mm3",106,"Baron_etal_1996_Table10",123.8,"NCBI_exact",TRUE,"Baron_etal_1996_Table10"
"Hipposideros diadema","Diencephalon_Vol.mm3",106,"Baron_etal_1996_Table10",53.4,"NCBI_exact",TRUE,"Baron_etal_1996_Table10"
"Hipposideros diadema","Hippocampus_Vol.mm3",106,"Baron_etal_1996_Table32",47.9,"NCBI_exact",TRUE,"Baron_etal_1996_Table32"
"Hipposideros diadema","Medulla_oblongata_Vol.mm3",106,"Baron_etal_1996_Table10",87.7,"NCBI_exact",TRUE,"Baron_etal_1996_Table10"
"Hipposideros diadema","Mesencephalon_Vol.mm3",106,"Baron_etal_1996_Table10",69.2,"NCBI_exact",TRUE,"Baron_etal_1996_Table10"
"Hipposideros diadema","Neocortex_Vol.mm3",106,"Baron_etal_1996_Table32",154.5,"NCBI_exact",TRUE,"Baron_etal_1996_Table32"
"Hipposideros diadema","Palaeocortex_Vol.mm3",106,"Baron_etal_1996_Table32",23.2,"NCBI_exact",TRUE,"Baron_etal_1996_Table32"
"Hipposideros diadema","Schizo_cortex_Vol.mm3",106,"Baron_etal_1996_Table32",22,"NCBI_exact",TRUE,"Baron_etal_1996_Table32"
"Hipposideros diadema","Septum_Vol.mm3",106,"Baron_etal_1996_Table32",8.43,"NCBI_exact",TRUE,"Baron_etal_1996_Table32"
"Hipposideros diadema","Striatum_Vol.mm3",106,"Baron_etal_1996_Table32",34.7,"NCBI_exact",TRUE,"Baron_etal_1996_Table32"
"Hipposideros diadema","Telencephalon_Vol.mm3",106,"Baron_etal_1996_Table10",335.1,"NCBI_exact",TRUE,"Baron_etal_1996_Table10"
"Hipposideros fulvus","Amygdala_Vol.mm3",107,"Baron_etal_1996_Table32",9.71,"NCBI_exact",TRUE,"Baron_etal_1996_Table32"
"Hipposideros fulvus","Bulbus_olfactorius_Vol.mm3",107,"Baron_etal_1996_Table32",5.16,"NCBI_exact",TRUE,"Baron_etal_1996_Table32"
"Hipposideros fulvus","Cerebellum_Vol.mm3",107,"Baron_etal_1996_Table10",41.7,"NCBI_exact",TRUE,"Baron_etal_1996_Table10"
"Hipposideros fulvus","Diencephalon_Vol.mm3",107,"Baron_etal_1996_Table10",17.8,"NCBI_exact",TRUE,"Baron_etal_1996_Table10"
"Hipposideros fulvus","Hippocampus_Vol.mm3",107,"Baron_etal_1996_Table32",15.1,"NCBI_exact",TRUE,"Baron_etal_1996_Table32"
"Hipposideros fulvus","Medulla_oblongata_Vol.mm3",107,"Baron_etal_1996_Table10",33.8,"NCBI_exact",TRUE,"Baron_etal_1996_Table10"
"Hipposideros fulvus","Mesencephalon_Vol.mm3",107,"Baron_etal_1996_Table10",25.2,"NCBI_exact",TRUE,"Baron_etal_1996_Table10"
"Hipposideros fulvus","Neocortex_Vol.mm3",107,"Baron_etal_1996_Table32",44.6,"NCBI_exact",TRUE,"Baron_etal_1996_Table32"
"Hipposideros fulvus","Palaeocortex_Vol.mm3",107,"Baron_etal_1996_Table32",8.2,"NCBI_exact",TRUE,"Baron_etal_1996_Table32"
"Hipposideros fulvus","Schizo_cortex_Vol.mm3",107,"Baron_etal_1996_Table32",6.18,"NCBI_exact",TRUE,"Baron_etal_1996_Table32"
"Hipposideros fulvus","Septum_Vol.mm3",107,"Baron_etal_1996_Table32",2.73,"NCBI_exact",TRUE,"Baron_etal_1996_Table32"
"Hipposideros fulvus","Striatum_Vol.mm3",107,"Baron_etal_1996_Table32",12.4,"NCBI_exact",TRUE,"Baron_etal_1996_Table32"
"Hipposideros fulvus","Telencephalon_Vol.mm3",107,"Baron_etal_1996_Table10",104,"NCBI_exact",TRUE,"Baron_etal_1996_Table10"
"Hipposideros halophyllus","Amygdala_Vol.mm3",108,"Baron_etal_1996_Table32",5.36,"NCBI_exact",TRUE,"Baron_etal_1996_Table32"
"Hipposideros halophyllus","Bulbus_olfactorius_Vol.mm3",108,"Baron_etal_1996_Table32",2.39,"NCBI_exact",TRUE,"Baron_etal_1996_Table32"
"Hipposideros halophyllus","Cerebellum_Vol.mm3",108,"Baron_etal_1996_Table10",28.3,"NCBI_exact",TRUE,"Baron_etal_1996_Table10"
"Hipposideros halophyllus","Diencephalon_Vol.mm3",108,"Baron_etal_1996_Table10",10.5,"NCBI_exact",TRUE,"Baron_etal_1996_Table10"
"Hipposideros halophyllus","Hippocampus_Vol.mm3",108,"Baron_etal_1996_Table32",10.7,"NCBI_exact",TRUE,"Baron_etal_1996_Table32"
"Hipposideros halophyllus","Medulla_oblongata_Vol.mm3",108,"Baron_etal_1996_Table10",24.5,"NCBI_exact",TRUE,"Baron_etal_1996_Table10"
"Hipposideros halophyllus","Mesencephalon_Vol.mm3",108,"Baron_etal_1996_Table10",16.9,"NCBI_exact",TRUE,"Baron_etal_1996_Table10"
"Hipposideros halophyllus","Neocortex_Vol.mm3",108,"Baron_etal_1996_Table32",25.5,"NCBI_exact",TRUE,"Baron_etal_1996_Table32"
"Hipposideros halophyllus","Palaeocortex_Vol.mm3",108,"Baron_etal_1996_Table32",4.8,"NCBI_exact",TRUE,"Baron_etal_1996_Table32"
"Hipposideros halophyllus","Schizo_cortex_Vol.mm3",108,"Baron_etal_1996_Table32",5.01,"NCBI_exact",TRUE,"Baron_etal_1996_Table32"
"Hipposideros halophyllus","Septum_Vol.mm3",108,"Baron_etal_1996_Table32",1.68,"NCBI_exact",TRUE,"Baron_etal_1996_Table32"
"Hipposideros halophyllus","Striatum_Vol.mm3",108,"Baron_etal_1996_Table32",6.83,"NCBI_exact",TRUE,"Baron_etal_1996_Table32"
"Hipposideros halophyllus","Telencephalon_Vol.mm3",108,"Baron_etal_1996_Table10",62.2,"NCBI_exact",TRUE,"Baron_etal_1996_Table10"
"Hipposideros lankadiva","Amygdala_Vol.mm3",109,"Baron_etal_1996_Table32",27.8,"NCBI_exact",TRUE,"Baron_etal_1996_Table32"
"Hipposideros lankadiva","Bulbus_olfactorius_Vol.mm3",109,"Baron_etal_1996_Table32",15.4,"NCBI_exact",TRUE,"Baron_etal_1996_Table32"
"Hipposideros lankadiva","Cerebellum_Vol.mm3",109,"Baron_etal_1996_Table10",127.3,"NCBI_exact",TRUE,"Baron_etal_1996_Table10"
"Hipposideros lankadiva","Diencephalon_Vol.mm3",109,"Baron_etal_1996_Table10",53.4,"NCBI_exact",TRUE,"Baron_etal_1996_Table10"
"Hipposideros lankadiva","Hippocampus_Vol.mm3",109,"Baron_etal_1996_Table32",48.8,"NCBI_exact",TRUE,"Baron_etal_1996_Table32"
"Hipposideros lankadiva","Medulla_oblongata_Vol.mm3",109,"Baron_etal_1996_Table10",93,"NCBI_exact",TRUE,"Baron_etal_1996_Table10"
"Hipposideros lankadiva","Mesencephalon_Vol.mm3",109,"Baron_etal_1996_Table10",62.9,"NCBI_exact",TRUE,"Baron_etal_1996_Table10"
"Hipposideros lankadiva","Neocortex_Vol.mm3",109,"Baron_etal_1996_Table32",154.5,"NCBI_exact",TRUE,"Baron_etal_1996_Table32"
"Hipposideros lankadiva","Palaeocortex_Vol.mm3",109,"Baron_etal_1996_Table32",28.2,"NCBI_exact",TRUE,"Baron_etal_1996_Table32"
"Hipposideros lankadiva","Schizo_cortex_Vol.mm3",109,"Baron_etal_1996_Table32",24,"NCBI_exact",TRUE,"Baron_etal_1996_Table32"
"Hipposideros lankadiva","Septum_Vol.mm3",109,"Baron_etal_1996_Table32",8.76,"NCBI_exact",TRUE,"Baron_etal_1996_Table32"
"Hipposideros lankadiva","Striatum_Vol.mm3",109,"Baron_etal_1996_Table32",38,"NCBI_exact",TRUE,"Baron_etal_1996_Table32"
"Hipposideros lankadiva","Telencephalon_Vol.mm3",109,"Baron_etal_1996_Table10",345.5,"NCBI_exact",TRUE,"Baron_etal_1996_Table10"
"Hipposideros larvatus","Amygdala_Vol.mm3",110,"Baron_etal_1996_Table32",18.7,"NCBI_exact",TRUE,"Baron_etal_1996_Table32"
"Hipposideros larvatus","Bulbus_olfactorius_Vol.mm3",110,"Baron_etal_1996_Table32",9.64,"NCBI_exact",TRUE,"Baron_etal_1996_Table32"
"Hipposideros larvatus","Cerebellum_Vol.mm3",110,"Baron_etal_1996_Table10",69.7,"NCBI_exact",TRUE,"Baron_etal_1996_Table10"
"Hipposideros larvatus","Diencephalon_Vol.mm3",110,"Baron_etal_1996_Table10",30.9,"NCBI_exact",TRUE,"Baron_etal_1996_Table10"
"Hipposideros larvatus","Hippocampus_Vol.mm3",110,"Baron_etal_1996_Table32",28,"NCBI_exact",TRUE,"Baron_etal_1996_Table32"
"Hipposideros larvatus","Medulla_oblongata_Vol.mm3",110,"Baron_etal_1996_Table10",50.5,"NCBI_exact",TRUE,"Baron_etal_1996_Table10"
"Hipposideros larvatus","Mesencephalon_Vol.mm3",110,"Baron_etal_1996_Table10",40.7,"NCBI_exact",TRUE,"Baron_etal_1996_Table10"
"Hipposideros larvatus","Neocortex_Vol.mm3",110,"Baron_etal_1996_Table32",85.4,"NCBI_exact",TRUE,"Baron_etal_1996_Table32"
"Hipposideros larvatus","Palaeocortex_Vol.mm3",110,"Baron_etal_1996_Table32",14.9,"NCBI_exact",TRUE,"Baron_etal_1996_Table32"
"Hipposideros larvatus","Schizo_cortex_Vol.mm3",110,"Baron_etal_1996_Table32",11.4,"NCBI_exact",TRUE,"Baron_etal_1996_Table32"
"Hipposideros larvatus","Septum_Vol.mm3",110,"Baron_etal_1996_Table32",5.2,"NCBI_exact",TRUE,"Baron_etal_1996_Table32"
"Hipposideros larvatus","Striatum_Vol.mm3",110,"Baron_etal_1996_Table32",24.7,"NCBI_exact",TRUE,"Baron_etal_1996_Table32"
"Hipposideros larvatus","Telencephalon_Vol.mm3",110,"Baron_etal_1996_Table10",198,"NCBI_exact",TRUE,"Baron_etal_1996_Table10"
"Hipposideros lekaguli","Amygdala_Vol.mm3",111,"Baron_etal_1996_Table32",19.2,"NCBI_exact",TRUE,"Baron_etal_1996_Table32"
"Hipposideros lekaguli","Bulbus_olfactorius_Vol.mm3",111,"Baron_etal_1996_Table32",10.7,"NCBI_exact",TRUE,"Baron_etal_1996_Table32"
"Hipposideros lekaguli","Cerebellum_Vol.mm3",111,"Baron_etal_1996_Table10",121.9,"NCBI_exact",TRUE,"Baron_etal_1996_Table10"
"Hipposideros lekaguli","Diencephalon_Vol.mm3",111,"Baron_etal_1996_Table10",38.8,"NCBI_exact",TRUE,"Baron_etal_1996_Table10"
"Hipposideros lekaguli","Hippocampus_Vol.mm3",111,"Baron_etal_1996_Table32",35.8,"NCBI_exact",TRUE,"Baron_etal_1996_Table32"
"Hipposideros lekaguli","Medulla_oblongata_Vol.mm3",111,"Baron_etal_1996_Table10",74,"NCBI_exact",TRUE,"Baron_etal_1996_Table10"
"Hipposideros lekaguli","Mesencephalon_Vol.mm3",111,"Baron_etal_1996_Table10",53.5,"NCBI_exact",TRUE,"Baron_etal_1996_Table10"
"Hipposideros lekaguli","Neocortex_Vol.mm3",111,"Baron_etal_1996_Table32",123.1,"NCBI_exact",TRUE,"Baron_etal_1996_Table32"
"Hipposideros lekaguli","Palaeocortex_Vol.mm3",111,"Baron_etal_1996_Table32",16.9,"NCBI_exact",TRUE,"Baron_etal_1996_Table32"
"Hipposideros lekaguli","Schizo_cortex_Vol.mm3",111,"Baron_etal_1996_Table32",19.3,"NCBI_exact",TRUE,"Baron_etal_1996_Table32"
"Hipposideros lekaguli","Septum_Vol.mm3",111,"Baron_etal_1996_Table32",6.4,"NCBI_exact",TRUE,"Baron_etal_1996_Table32"
"Hipposideros lekaguli","Striatum_Vol.mm3",111,"Baron_etal_1996_Table32",26.3,"NCBI_exact",TRUE,"Baron_etal_1996_Table32"
"Hipposideros lekaguli","Telencephalon_Vol.mm3",111,"Baron_etal_1996_Table10",257.7,"NCBI_exact",TRUE,"Baron_etal_1996_Table10"
"Hipposideros maggietaylorae","Amygdala_Vol.mm3",112,"Baron_etal_1996_Table32",20.9,"GBIF_frozen_legacy_map",TRUE,"Baron_etal_1996_Table32"
"Hipposideros maggietaylorae","Amygdala_Vol.mm3",113,"Baron_etal_1996_Table32",15.8,"GBIF_frozen_legacy_map",TRUE,"Baron_etal_1996_Table32"
"Hipposideros maggietaylorae","Bulbus_olfactorius_Vol.mm3",113,"Baron_etal_1996_Table32",13.8,"GBIF_frozen_legacy_map",TRUE,"Baron_etal_1996_Table32"
"Hipposideros maggietaylorae","Bulbus_olfactorius_Vol.mm3",112,"Baron_etal_1996_Table32",21.1,"GBIF_frozen_legacy_map",TRUE,"Baron_etal_1996_Table32"
"Hipposideros maggietaylorae","Cerebellum_Vol.mm3",112,"Baron_etal_1996_Table10",119.4,"GBIF_frozen_legacy_map",TRUE,"Baron_etal_1996_Table10"
"Hipposideros maggietaylorae","Cerebellum_Vol.mm3",113,"Baron_etal_1996_Table10",86.7,"GBIF_frozen_legacy_map",TRUE,"Baron_etal_1996_Table10"
"Hipposideros maggietaylorae","Diencephalon_Vol.mm3",112,"Baron_etal_1996_Table10",44.4,"GBIF_frozen_legacy_map",TRUE,"Baron_etal_1996_Table10"
"Hipposideros maggietaylorae","Diencephalon_Vol.mm3",113,"Baron_etal_1996_Table10",33.1,"GBIF_frozen_legacy_map",TRUE,"Baron_etal_1996_Table10"
"Hipposideros maggietaylorae","Hippocampus_Vol.mm3",113,"Baron_etal_1996_Table32",24.5,"GBIF_frozen_legacy_map",TRUE,"Baron_etal_1996_Table32"
"Hipposideros maggietaylorae","Hippocampus_Vol.mm3",112,"Baron_etal_1996_Table32",38.4,"GBIF_frozen_legacy_map",TRUE,"Baron_etal_1996_Table32"
"Hipposideros maggietaylorae","Medulla_oblongata_Vol.mm3",112,"Baron_etal_1996_Table10",69.1,"GBIF_frozen_legacy_map",TRUE,"Baron_etal_1996_Table10"
"Hipposideros maggietaylorae","Medulla_oblongata_Vol.mm3",113,"Baron_etal_1996_Table10",54.9,"GBIF_frozen_legacy_map",TRUE,"Baron_etal_1996_Table10"
"Hipposideros maggietaylorae","Mesencephalon_Vol.mm3",112,"Baron_etal_1996_Table10",48.7,"GBIF_frozen_legacy_map",TRUE,"Baron_etal_1996_Table10"
"Hipposideros maggietaylorae","Mesencephalon_Vol.mm3",113,"Baron_etal_1996_Table10",40.2,"GBIF_frozen_legacy_map",TRUE,"Baron_etal_1996_Table10"
"Hipposideros maggietaylorae","Neocortex_Vol.mm3",113,"Baron_etal_1996_Table32",90,"GBIF_frozen_legacy_map",TRUE,"Baron_etal_1996_Table32"
"Hipposideros maggietaylorae","Neocortex_Vol.mm3",112,"Baron_etal_1996_Table32",145.5,"GBIF_frozen_legacy_map",TRUE,"Baron_etal_1996_Table32"
"Hipposideros maggietaylorae","Palaeocortex_Vol.mm3",112,"Baron_etal_1996_Table32",28.9,"GBIF_frozen_legacy_map",TRUE,"Baron_etal_1996_Table32"
"Hipposideros maggietaylorae","Palaeocortex_Vol.mm3",113,"Baron_etal_1996_Table32",22.1,"GBIF_frozen_legacy_map",TRUE,"Baron_etal_1996_Table32"
"Hipposideros maggietaylorae","Schizo_cortex_Vol.mm3",113,"Baron_etal_1996_Table32",10.7,"GBIF_frozen_legacy_map",TRUE,"Baron_etal_1996_Table32"
"Hipposideros maggietaylorae","Schizo_cortex_Vol.mm3",112,"Baron_etal_1996_Table32",18.3,"GBIF_frozen_legacy_map",TRUE,"Baron_etal_1996_Table32"
"Hipposideros maggietaylorae","Septum_Vol.mm3",113,"Baron_etal_1996_Table32",4.7,"GBIF_frozen_legacy_map",TRUE,"Baron_etal_1996_Table32"
"Hipposideros maggietaylorae","Septum_Vol.mm3",112,"Baron_etal_1996_Table32",6.53,"GBIF_frozen_legacy_map",TRUE,"Baron_etal_1996_Table32"
"Hipposideros maggietaylorae","Striatum_Vol.mm3",113,"Baron_etal_1996_Table32",27,"GBIF_frozen_legacy_map",TRUE,"Baron_etal_1996_Table32"
"Hipposideros maggietaylorae","Striatum_Vol.mm3",112,"Baron_etal_1996_Table32",37,"GBIF_frozen_legacy_map",TRUE,"Baron_etal_1996_Table32"
"Hipposideros maggietaylorae","Telencephalon_Vol.mm3",112,"Baron_etal_1996_Table10",316.6,"GBIF_frozen_legacy_map",TRUE,"Baron_etal_1996_Table10"
"Hipposideros maggietaylorae","Telencephalon_Vol.mm3",113,"Baron_etal_1996_Table10",208.4,"GBIF_frozen_legacy_map",TRUE,"Baron_etal_1996_Table10"
"Hipposideros ridleyi","Amygdala_Vol.mm3",114,"Baron_etal_1996_Table32",10.4,"NCBI_exact",TRUE,"Baron_etal_1996_Table32"
"Hipposideros ridleyi","Bulbus_olfactorius_Vol.mm3",114,"Baron_etal_1996_Table32",4.7,"NCBI_exact",TRUE,"Baron_etal_1996_Table32"
"Hipposideros ridleyi","Cerebellum_Vol.mm3",114,"Baron_etal_1996_Table10",47.1,"NCBI_exact",TRUE,"Baron_etal_1996_Table10"
"Hipposideros ridleyi","Diencephalon_Vol.mm3",114,"Baron_etal_1996_Table10",21.1,"NCBI_exact",TRUE,"Baron_etal_1996_Table10"
"Hipposideros ridleyi","Hippocampus_Vol.mm3",114,"Baron_etal_1996_Table32",18.7,"NCBI_exact",TRUE,"Baron_etal_1996_Table32"
"Hipposideros ridleyi","Medulla_oblongata_Vol.mm3",114,"Baron_etal_1996_Table10",36.2,"NCBI_exact",TRUE,"Baron_etal_1996_Table10"
"Hipposideros ridleyi","Mesencephalon_Vol.mm3",114,"Baron_etal_1996_Table10",28.4,"NCBI_exact",TRUE,"Baron_etal_1996_Table10"
"Hipposideros ridleyi","Neocortex_Vol.mm3",114,"Baron_etal_1996_Table32",50.3,"NCBI_exact",TRUE,"Baron_etal_1996_Table32"
"Hipposideros ridleyi","Palaeocortex_Vol.mm3",114,"Baron_etal_1996_Table32",9.53,"NCBI_exact",TRUE,"Baron_etal_1996_Table32"
"Hipposideros ridleyi","Schizo_cortex_Vol.mm3",114,"Baron_etal_1996_Table32",8.05,"NCBI_exact",TRUE,"Baron_etal_1996_Table32"
"Hipposideros ridleyi","Septum_Vol.mm3",114,"Baron_etal_1996_Table32",3.32,"NCBI_exact",TRUE,"Baron_etal_1996_Table32"
"Hipposideros ridleyi","Striatum_Vol.mm3",114,"Baron_etal_1996_Table32",15.2,"NCBI_exact",TRUE,"Baron_etal_1996_Table32"
"Hipposideros ridleyi","Telencephalon_Vol.mm3",114,"Baron_etal_1996_Table10",120.3,"NCBI_exact",TRUE,"Baron_etal_1996_Table10"
"Hipposideros speoris","Amygdala_Vol.mm3",115,"Baron_etal_1996_Table32",11.9,"NCBI_exact",TRUE,"Baron_etal_1996_Table32"
"Hipposideros speoris","Bulbus_olfactorius_Vol.mm3",115,"Baron_etal_1996_Table32",5.3,"NCBI_exact",TRUE,"Baron_etal_1996_Table32"
"Hipposideros speoris","Cerebellum_Vol.mm3",115,"Baron_etal_1996_Table10",50.7,"NCBI_exact",TRUE,"Baron_etal_1996_Table10"
"Hipposideros speoris","Diencephalon_Vol.mm3",115,"Baron_etal_1996_Table10",20.4,"NCBI_exact",TRUE,"Baron_etal_1996_Table10"
"Hipposideros speoris","Hippocampus_Vol.mm3",115,"Baron_etal_1996_Table32",16.8,"NCBI_exact",TRUE,"Baron_etal_1996_Table32"
"Hipposideros speoris","Medulla_oblongata_Vol.mm3",115,"Baron_etal_1996_Table10",41.7,"NCBI_exact",TRUE,"Baron_etal_1996_Table10"
"Hipposideros speoris","Mesencephalon_Vol.mm3",115,"Baron_etal_1996_Table10",28.7,"NCBI_exact",TRUE,"Baron_etal_1996_Table10"
"Hipposideros speoris","Neocortex_Vol.mm3",115,"Baron_etal_1996_Table32",57.6,"NCBI_exact",TRUE,"Baron_etal_1996_Table32"
"Hipposideros speoris","Palaeocortex_Vol.mm3",115,"Baron_etal_1996_Table32",9.33,"NCBI_exact",TRUE,"Baron_etal_1996_Table32"
"Hipposideros speoris","Schizo_cortex_Vol.mm3",115,"Baron_etal_1996_Table32",7.24,"NCBI_exact",TRUE,"Baron_etal_1996_Table32"
"Hipposideros speoris","Septum_Vol.mm3",115,"Baron_etal_1996_Table32",3.39,"NCBI_exact",TRUE,"Baron_etal_1996_Table32"
"Hipposideros speoris","Striatum_Vol.mm3",115,"Baron_etal_1996_Table32",14.8,"NCBI_exact",TRUE,"Baron_etal_1996_Table32"
"Hipposideros speoris","Telencephalon_Vol.mm3",115,"Baron_etal_1996_Table10",126.5,"NCBI_exact",TRUE,"Baron_etal_1996_Table10"
"Hipposideros turpis","Amygdala_Vol.mm3",116,"Baron_etal_1996_Table32",21.9,"NCBI_exact",TRUE,"Baron_etal_1996_Table32"
"Hipposideros turpis","Bulbus_olfactorius_Vol.mm3",116,"Baron_etal_1996_Table32",10.4,"NCBI_exact",TRUE,"Baron_etal_1996_Table32"
"Hipposideros turpis","Cerebellum_Vol.mm3",116,"Baron_etal_1996_Table10",110,"NCBI_exact",TRUE,"Baron_etal_1996_Table10"
"Hipposideros turpis","Diencephalon_Vol.mm3",116,"Baron_etal_1996_Table10",42.6,"NCBI_exact",TRUE,"Baron_etal_1996_Table10"
"Hipposideros turpis","Hippocampus_Vol.mm3",116,"Baron_etal_1996_Table32",41.2,"NCBI_exact",TRUE,"Baron_etal_1996_Table32"
"Hipposideros turpis","Medulla_oblongata_Vol.mm3",116,"Baron_etal_1996_Table10",73.3,"NCBI_exact",TRUE,"Baron_etal_1996_Table10"
"Hipposideros turpis","Mesencephalon_Vol.mm3",116,"Baron_etal_1996_Table10",57.3,"NCBI_exact",TRUE,"Baron_etal_1996_Table10"
"Hipposideros turpis","Neocortex_Vol.mm3",116,"Baron_etal_1996_Table32",128.9,"NCBI_exact",TRUE,"Baron_etal_1996_Table32"
"Hipposideros turpis","Palaeocortex_Vol.mm3",116,"Baron_etal_1996_Table32",20.9,"NCBI_exact",TRUE,"Baron_etal_1996_Table32"
"Hipposideros turpis","Schizo_cortex_Vol.mm3",116,"Baron_etal_1996_Table32",17.7,"NCBI_exact",TRUE,"Baron_etal_1996_Table32"
"Hipposideros turpis","Septum_Vol.mm3",116,"Baron_etal_1996_Table32",6.85,"NCBI_exact",TRUE,"Baron_etal_1996_Table32"
"Hipposideros turpis","Striatum_Vol.mm3",116,"Baron_etal_1996_Table32",31.1,"NCBI_exact",TRUE,"Baron_etal_1996_Table32"
"Hipposideros turpis","Telencephalon_Vol.mm3",116,"Baron_etal_1996_Table10",278.9,"NCBI_exact",TRUE,"Baron_etal_1996_Table10"
"Hsunycteris thomasi","Amygdala_Vol.mm3",148,"Baron_etal_1996_Table32",10.5,"NCBI_exact",TRUE,"Baron_etal_1996_Table32"
"Hsunycteris thomasi","Bulbus_olfactorius_Vol.mm3",148,"Baron_etal_1996_Table32",9.44,"NCBI_exact",TRUE,"Baron_etal_1996_Table32"
"Hsunycteris thomasi","Cerebellum_Vol.mm3",148,"Baron_etal_1996_Table10",61.6,"NCBI_exact",TRUE,"Baron_etal_1996_Table10"
"Hsunycteris thomasi","Diencephalon_Vol.mm3",148,"Baron_etal_1996_Table10",23.6,"NCBI_exact",TRUE,"Baron_etal_1996_Table10"
"Hsunycteris thomasi","Hippocampus_Vol.mm3",148,"Baron_etal_1996_Table32",33.1,"NCBI_exact",TRUE,"Baron_etal_1996_Table32"
"Hsunycteris thomasi","Medulla_oblongata_Vol.mm3",148,"Baron_etal_1996_Table10",31.2,"NCBI_exact",TRUE,"Baron_etal_1996_Table10"
"Hsunycteris thomasi","Mesencephalon_Vol.mm3",148,"Baron_etal_1996_Table10",21.5,"NCBI_exact",TRUE,"Baron_etal_1996_Table10"
"Hsunycteris thomasi","Neocortex_Vol.mm3",148,"Baron_etal_1996_Table32",76.7,"NCBI_exact",TRUE,"Baron_etal_1996_Table32"
"Hsunycteris thomasi","Palaeocortex_Vol.mm3",148,"Baron_etal_1996_Table32",15.1,"NCBI_exact",TRUE,"Baron_etal_1996_Table32"
"Hsunycteris thomasi","Schizo_cortex_Vol.mm3",148,"Baron_etal_1996_Table32",13.5,"NCBI_exact",TRUE,"Baron_etal_1996_Table32"
"Hsunycteris thomasi","Septum_Vol.mm3",148,"Baron_etal_1996_Table32",4.63,"NCBI_exact",TRUE,"Baron_etal_1996_Table32"
"Hsunycteris thomasi","Striatum_Vol.mm3",148,"Baron_etal_1996_Table32",15.4,"NCBI_exact",TRUE,"Baron_etal_1996_Table32"
"Hsunycteris thomasi","Telencephalon_Vol.mm3",148,"Baron_etal_1996_Table10",178.4,"NCBI_exact",TRUE,"Baron_etal_1996_Table10"
"Hypsignathus monstrosus","Amygdala_Vol.mm3",22,"Baron_etal_1996_Table32",56.9,"NCBI_exact",TRUE,"Baron_etal_1996_Table32"
"Hypsignathus monstrosus","Bulbus_olfactorius_Vol.mm3",22,"Baron_etal_1996_Table32",136.3,"NCBI_exact",TRUE,"Baron_etal_1996_Table32"
"Hypsignathus monstrosus","Cerebellum_Vol.mm3",22,"Baron_etal_1996_Table10",496.5,"NCBI_exact",TRUE,"Baron_etal_1996_Table10"
"Hypsignathus monstrosus","Diencephalon_Vol.mm3",22,"Baron_etal_1996_Table10",299.5,"NCBI_exact",TRUE,"Baron_etal_1996_Table10"
"Hypsignathus monstrosus","Hippocampus_Vol.mm3",22,"Baron_etal_1996_Table32",222.9,"NCBI_exact",TRUE,"Baron_etal_1996_Table32"
"Hypsignathus monstrosus","Medulla_oblongata_Vol.mm3",22,"Baron_etal_1996_Table10",282.7,"NCBI_exact",TRUE,"Baron_etal_1996_Table10"
"Hypsignathus monstrosus","Mesencephalon_Vol.mm3",22,"Baron_etal_1996_Table10",216.1,"NCBI_exact",TRUE,"Baron_etal_1996_Table10"
"Hypsignathus monstrosus","Neocortex_Vol.mm3",22,"Baron_etal_1996_Table32",1056,"NCBI_exact",TRUE,"Baron_etal_1996_Table32"
"Hypsignathus monstrosus","Palaeocortex_Vol.mm3",22,"Baron_etal_1996_Table32",161.5,"NCBI_exact",TRUE,"Baron_etal_1996_Table32"
"Hypsignathus monstrosus","Schizo_cortex_Vol.mm3",22,"Baron_etal_1996_Table32",114.1,"NCBI_exact",TRUE,"Baron_etal_1996_Table32"
"Hypsignathus monstrosus","Septum_Vol.mm3",22,"Baron_etal_1996_Table32",45.6,"NCBI_exact",TRUE,"Baron_etal_1996_Table32"
"Hypsignathus monstrosus","Striatum_Vol.mm3",22,"Baron_etal_1996_Table32",160.7,"NCBI_exact",TRUE,"Baron_etal_1996_Table32"
"Hypsignathus monstrosus","Telencephalon_Vol.mm3",22,"Baron_etal_1996_Table10",1954,"NCBI_exact",TRUE,"Baron_etal_1996_Table10"
"Hypsugo imbricatus","Amygdala_Vol.mm3",201,"Baron_etal_1996_Table32",6.96,"GBIF_frozen_legacy_map",TRUE,"Baron_etal_1996_Table32"
"Hypsugo imbricatus","Bulbus_olfactorius_Vol.mm3",201,"Baron_etal_1996_Table32",3.26,"GBIF_frozen_legacy_map",TRUE,"Baron_etal_1996_Table32"
"Hypsugo imbricatus","Cerebellum_Vol.mm3",201,"Baron_etal_1996_Table10",20.3,"GBIF_frozen_legacy_map",TRUE,"Baron_etal_1996_Table10"
"Hypsugo imbricatus","Diencephalon_Vol.mm3",201,"Baron_etal_1996_Table10",13.7,"GBIF_frozen_legacy_map",TRUE,"Baron_etal_1996_Table10"
"Hypsugo imbricatus","Hippocampus_Vol.mm3",201,"Baron_etal_1996_Table32",9.24,"GBIF_frozen_legacy_map",TRUE,"Baron_etal_1996_Table32"
"Hypsugo imbricatus","Medulla_oblongata_Vol.mm3",201,"Baron_etal_1996_Table10",21.6,"GBIF_frozen_legacy_map",TRUE,"Baron_etal_1996_Table10"
"Hypsugo imbricatus","Mesencephalon_Vol.mm3",201,"Baron_etal_1996_Table10",16.3,"GBIF_frozen_legacy_map",TRUE,"Baron_etal_1996_Table10"
"Hypsugo imbricatus","Neocortex_Vol.mm3",201,"Baron_etal_1996_Table32",21.2,"GBIF_frozen_legacy_map",TRUE,"Baron_etal_1996_Table32"
"Hypsugo imbricatus","Palaeocortex_Vol.mm3",201,"Baron_etal_1996_Table32",5.18,"GBIF_frozen_legacy_map",TRUE,"Baron_etal_1996_Table32"
"Hypsugo imbricatus","Schizo_cortex_Vol.mm3",201,"Baron_etal_1996_Table32",3.12,"GBIF_frozen_legacy_map",TRUE,"Baron_etal_1996_Table32"
"Hypsugo imbricatus","Septum_Vol.mm3",201,"Baron_etal_1996_Table32",2.19,"GBIF_frozen_legacy_map",TRUE,"Baron_etal_1996_Table32"
"Hypsugo imbricatus","Striatum_Vol.mm3",201,"Baron_etal_1996_Table32",6.16,"GBIF_frozen_legacy_map",TRUE,"Baron_etal_1996_Table32"
"Hypsugo imbricatus","Telencephalon_Vol.mm3",201,"Baron_etal_1996_Table10",57.3,"GBIF_frozen_legacy_map",TRUE,"Baron_etal_1996_Table10"
"Hypsugo pulveratus","Amygdala_Vol.mm3",206,"Baron_etal_1996_Table32",8,"GBIF_frozen_legacy_map",TRUE,"Baron_etal_1996_Table32"
"Hypsugo pulveratus","Bulbus_olfactorius_Vol.mm3",206,"Baron_etal_1996_Table32",3.76,"GBIF_frozen_legacy_map",TRUE,"Baron_etal_1996_Table32"
"Hypsugo pulveratus","Cerebellum_Vol.mm3",206,"Baron_etal_1996_Table10",22.3,"GBIF_frozen_legacy_map",TRUE,"Baron_etal_1996_Table10"
"Hypsugo pulveratus","Diencephalon_Vol.mm3",206,"Baron_etal_1996_Table10",11.6,"GBIF_frozen_legacy_map",TRUE,"Baron_etal_1996_Table10"
"Hypsugo pulveratus","Hippocampus_Vol.mm3",206,"Baron_etal_1996_Table32",9.97,"GBIF_frozen_legacy_map",TRUE,"Baron_etal_1996_Table32"
"Hypsugo pulveratus","Medulla_oblongata_Vol.mm3",206,"Baron_etal_1996_Table10",20.8,"GBIF_frozen_legacy_map",TRUE,"Baron_etal_1996_Table10"
"Hypsugo pulveratus","Mesencephalon_Vol.mm3",206,"Baron_etal_1996_Table10",15.4,"GBIF_frozen_legacy_map",TRUE,"Baron_etal_1996_Table10"
"Hypsugo pulveratus","Neocortex_Vol.mm3",206,"Baron_etal_1996_Table32",22.6,"GBIF_frozen_legacy_map",TRUE,"Baron_etal_1996_Table32"
"Hypsugo pulveratus","Palaeocortex_Vol.mm3",206,"Baron_etal_1996_Table32",5.86,"GBIF_frozen_legacy_map",TRUE,"Baron_etal_1996_Table32"
"Hypsugo pulveratus","Schizo_cortex_Vol.mm3",206,"Baron_etal_1996_Table32",4.87,"GBIF_frozen_legacy_map",TRUE,"Baron_etal_1996_Table32"
"Hypsugo pulveratus","Septum_Vol.mm3",206,"Baron_etal_1996_Table32",2.11,"GBIF_frozen_legacy_map",TRUE,"Baron_etal_1996_Table32"
"Hypsugo pulveratus","Striatum_Vol.mm3",206,"Baron_etal_1996_Table32",6.37,"GBIF_frozen_legacy_map",TRUE,"Baron_etal_1996_Table32"
"Hypsugo pulveratus","Telencephalon_Vol.mm3",206,"Baron_etal_1996_Table10",63.6,"GBIF_frozen_legacy_map",TRUE,"Baron_etal_1996_Table10"
"Ia io","Amygdala_Vol.mm3",218,"Baron_etal_1996_Table32",36.9,"NCBI_exact",TRUE,"Baron_etal_1996_Table32"
"Ia io","Bulbus_olfactorius_Vol.mm3",218,"Baron_etal_1996_Table32",16.9,"NCBI_exact",TRUE,"Baron_etal_1996_Table32"
"Ia io","Cerebellum_Vol.mm3",218,"Baron_etal_1996_Table10",145.6,"NCBI_exact",TRUE,"Baron_etal_1996_Table10"
"Ia io","Diencephalon_Vol.mm3",218,"Baron_etal_1996_Table10",59.4,"NCBI_exact",TRUE,"Baron_etal_1996_Table10"
"Ia io","Hippocampus_Vol.mm3",218,"Baron_etal_1996_Table32",47.1,"NCBI_exact",TRUE,"Baron_etal_1996_Table32"
"Ia io","Medulla_oblongata_Vol.mm3",218,"Baron_etal_1996_Table10",95.3,"NCBI_exact",TRUE,"Baron_etal_1996_Table10"
"Ia io","Mesencephalon_Vol.mm3",218,"Baron_etal_1996_Table10",70.4,"NCBI_exact",TRUE,"Baron_etal_1996_Table10"
"Ia io","Neocortex_Vol.mm3",218,"Baron_etal_1996_Table32",141.3,"NCBI_exact",TRUE,"Baron_etal_1996_Table32"
"Ia io","Palaeocortex_Vol.mm3",218,"Baron_etal_1996_Table32",31.6,"NCBI_exact",TRUE,"Baron_etal_1996_Table32"
"Ia io","Schizo_cortex_Vol.mm3",218,"Baron_etal_1996_Table32",26.6,"NCBI_exact",TRUE,"Baron_etal_1996_Table32"
"Ia io","Septum_Vol.mm3",218,"Baron_etal_1996_Table32",9.76,"NCBI_exact",TRUE,"Baron_etal_1996_Table32"
"Ia io","Striatum_Vol.mm3",218,"Baron_etal_1996_Table32",38.5,"NCBI_exact",TRUE,"Baron_etal_1996_Table32"
"Ia io","Telencephalon_Vol.mm3",218,"Baron_etal_1996_Table10",348.7,"NCBI_exact",TRUE,"Baron_etal_1996_Table10"
"Kerivoula papillosa","Amygdala_Vol.mm3",248,"Baron_etal_1996_Table32",10.4,"NCBI_exact",TRUE,"Baron_etal_1996_Table32"
"Kerivoula papillosa","Bulbus_olfactorius_Vol.mm3",248,"Baron_etal_1996_Table32",3.8,"NCBI_exact",TRUE,"Baron_etal_1996_Table32"
"Kerivoula papillosa","Cerebellum_Vol.mm3",248,"Baron_etal_1996_Table10",65.9,"NCBI_exact",TRUE,"Baron_etal_1996_Table10"
"Kerivoula papillosa","Diencephalon_Vol.mm3",248,"Baron_etal_1996_Table10",21.4,"NCBI_exact",TRUE,"Baron_etal_1996_Table10"
"Kerivoula papillosa","Hippocampus_Vol.mm3",248,"Baron_etal_1996_Table32",36.3,"NCBI_exact",TRUE,"Baron_etal_1996_Table32"
"Kerivoula papillosa","Medulla_oblongata_Vol.mm3",248,"Baron_etal_1996_Table10",34.2,"NCBI_exact",TRUE,"Baron_etal_1996_Table10"
"Kerivoula papillosa","Mesencephalon_Vol.mm3",248,"Baron_etal_1996_Table10",22.9,"NCBI_exact",TRUE,"Baron_etal_1996_Table10"
"Kerivoula papillosa","Neocortex_Vol.mm3",248,"Baron_etal_1996_Table32",69,"NCBI_exact",TRUE,"Baron_etal_1996_Table32"
"Kerivoula papillosa","Palaeocortex_Vol.mm3",248,"Baron_etal_1996_Table32",7.9,"NCBI_exact",TRUE,"Baron_etal_1996_Table32"
"Kerivoula papillosa","Schizo_cortex_Vol.mm3",248,"Baron_etal_1996_Table32",8.29,"NCBI_exact",TRUE,"Baron_etal_1996_Table32"
"Kerivoula papillosa","Septum_Vol.mm3",248,"Baron_etal_1996_Table32",2.82,"NCBI_exact",TRUE,"Baron_etal_1996_Table32"
"Kerivoula papillosa","Striatum_Vol.mm3",248,"Baron_etal_1996_Table32",12.2,"NCBI_exact",TRUE,"Baron_etal_1996_Table32"
"Kerivoula papillosa","Telencephalon_Vol.mm3",248,"Baron_etal_1996_Table10",150.8,"NCBI_exact",TRUE,"Baron_etal_1996_Table10"
"Kerivoula pellucida","Amygdala_Vol.mm3",249,"Baron_etal_1996_Table32",7.46,"NCBI_exact",TRUE,"Baron_etal_1996_Table32"
"Kerivoula pellucida","Bulbus_olfactorius_Vol.mm3",249,"Baron_etal_1996_Table32",2.13,"NCBI_exact",TRUE,"Baron_etal_1996_Table32"
"Kerivoula pellucida","Cerebellum_Vol.mm3",249,"Baron_etal_1996_Table10",36.5,"NCBI_exact",TRUE,"Baron_etal_1996_Table10"
"Kerivoula pellucida","Diencephalon_Vol.mm3",249,"Baron_etal_1996_Table10",14.6,"NCBI_exact",TRUE,"Baron_etal_1996_Table10"
"Kerivoula pellucida","Hippocampus_Vol.mm3",249,"Baron_etal_1996_Table32",14,"NCBI_exact",TRUE,"Baron_etal_1996_Table32"
"Kerivoula pellucida","Medulla_oblongata_Vol.mm3",249,"Baron_etal_1996_Table10",23.9,"NCBI_exact",TRUE,"Baron_etal_1996_Table10"
"Kerivoula pellucida","Mesencephalon_Vol.mm3",249,"Baron_etal_1996_Table10",19.9,"NCBI_exact",TRUE,"Baron_etal_1996_Table10"
"Kerivoula pellucida","Neocortex_Vol.mm3",249,"Baron_etal_1996_Table32",47.2,"NCBI_exact",TRUE,"Baron_etal_1996_Table32"
"Kerivoula pellucida","Palaeocortex_Vol.mm3",249,"Baron_etal_1996_Table32",5.14,"NCBI_exact",TRUE,"Baron_etal_1996_Table32"
"Kerivoula pellucida","Schizo_cortex_Vol.mm3",249,"Baron_etal_1996_Table32",7.17,"NCBI_exact",TRUE,"Baron_etal_1996_Table32"
"Kerivoula pellucida","Septum_Vol.mm3",249,"Baron_etal_1996_Table32",1.77,"NCBI_exact",TRUE,"Baron_etal_1996_Table32"
"Kerivoula pellucida","Striatum_Vol.mm3",249,"Baron_etal_1996_Table32",12.3,"NCBI_exact",TRUE,"Baron_etal_1996_Table32"
"Kerivoula pellucida","Telencephalon_Vol.mm3",249,"Baron_etal_1996_Table10",97.1,"NCBI_exact",TRUE,"Baron_etal_1996_Table10"
"Kerivoula phalaena","Amygdala_Vol.mm3",250,"Baron_etal_1996_Table32",4.45,"GBIF_frozen_legacy_map",TRUE,"Baron_etal_1996_Table32"
"Kerivoula phalaena","Bulbus_olfactorius_Vol.mm3",250,"Baron_etal_1996_Table32",1.62,"GBIF_frozen_legacy_map",TRUE,"Baron_etal_1996_Table32"
"Kerivoula phalaena","Cerebellum_Vol.mm3",250,"Baron_etal_1996_Table10",23.2,"GBIF_frozen_legacy_map",TRUE,"Baron_etal_1996_Table10"
"Kerivoula phalaena","Diencephalon_Vol.mm3",250,"Baron_etal_1996_Table10",9.1,"GBIF_frozen_legacy_map",TRUE,"Baron_etal_1996_Table10"
"Kerivoula phalaena","Hippocampus_Vol.mm3",250,"Baron_etal_1996_Table32",6.76,"GBIF_frozen_legacy_map",TRUE,"Baron_etal_1996_Table32"
"Kerivoula phalaena","Medulla_oblongata_Vol.mm3",250,"Baron_etal_1996_Table10",17.3,"GBIF_frozen_legacy_map",TRUE,"Baron_etal_1996_Table10"
"Kerivoula phalaena","Mesencephalon_Vol.mm3",250,"Baron_etal_1996_Table10",13.1,"GBIF_frozen_legacy_map",TRUE,"Baron_etal_1996_Table10"
"Kerivoula phalaena","Neocortex_Vol.mm3",250,"Baron_etal_1996_Table32",20.1,"GBIF_frozen_legacy_map",TRUE,"Baron_etal_1996_Table32"
"Kerivoula phalaena","Palaeocortex_Vol.mm3",250,"Baron_etal_1996_Table32",3.64,"GBIF_frozen_legacy_map",TRUE,"Baron_etal_1996_Table32"
"Kerivoula phalaena","Schizo_cortex_Vol.mm3",250,"Baron_etal_1996_Table32",3.03,"GBIF_frozen_legacy_map",TRUE,"Baron_etal_1996_Table32"
"Kerivoula phalaena","Septum_Vol.mm3",250,"Baron_etal_1996_Table32",1.08,"GBIF_frozen_legacy_map",TRUE,"Baron_etal_1996_Table32"
"Kerivoula phalaena","Striatum_Vol.mm3",250,"Baron_etal_1996_Table32",7.09,"GBIF_frozen_legacy_map",TRUE,"Baron_etal_1996_Table32"
"Kerivoula phalaena","Telencephalon_Vol.mm3",250,"Baron_etal_1996_Table10",47.8,"GBIF_frozen_legacy_map",TRUE,"Baron_etal_1996_Table10"
"Lasiurus borealis","Amygdala_Vol.mm3",233,"Baron_etal_1996_Table32",6.27,"NCBI_exact",TRUE,"Baron_etal_1996_Table32"
"Lasiurus borealis","Bulbus_olfactorius_Vol.mm3",233,"Baron_etal_1996_Table32",3.97,"NCBI_exact",TRUE,"Baron_etal_1996_Table32"
"Lasiurus borealis","Cerebellum_Vol.mm3",233,"Baron_etal_1996_Table10",40.9,"NCBI_exact",TRUE,"Baron_etal_1996_Table10"
"Lasiurus borealis","Diencephalon_Vol.mm3",233,"Baron_etal_1996_Table10",12.5,"NCBI_exact",TRUE,"Baron_etal_1996_Table10"
"Lasiurus borealis","Hippocampus_Vol.mm3",233,"Baron_etal_1996_Table32",9,"NCBI_exact",TRUE,"Baron_etal_1996_Table32"
"Lasiurus borealis","Medulla_oblongata_Vol.mm3",233,"Baron_etal_1996_Table10",23.4,"NCBI_exact",TRUE,"Baron_etal_1996_Table10"
"Lasiurus borealis","Mesencephalon_Vol.mm3",233,"Baron_etal_1996_Table10",18.7,"NCBI_exact",TRUE,"Baron_etal_1996_Table10"
"Lasiurus borealis","Neocortex_Vol.mm3",233,"Baron_etal_1996_Table32",27.9,"NCBI_exact",TRUE,"Baron_etal_1996_Table32"
"Lasiurus borealis","Palaeocortex_Vol.mm3",233,"Baron_etal_1996_Table32",5.71,"NCBI_exact",TRUE,"Baron_etal_1996_Table32"
"Lasiurus borealis","Schizo_cortex_Vol.mm3",233,"Baron_etal_1996_Table32",4.6,"NCBI_exact",TRUE,"Baron_etal_1996_Table32"
"Lasiurus borealis","Septum_Vol.mm3",233,"Baron_etal_1996_Table32",2.11,"NCBI_exact",TRUE,"Baron_etal_1996_Table32"
"Lasiurus borealis","Striatum_Vol.mm3",233,"Baron_etal_1996_Table32",6.3,"NCBI_exact",TRUE,"Baron_etal_1996_Table32"
"Lasiurus borealis","Telencephalon_Vol.mm3",233,"Baron_etal_1996_Table10",65.8,"NCBI_exact",TRUE,"Baron_etal_1996_Table10"
"Lavia frons","Amygdala_Vol.mm3",81,"Baron_etal_1996_Table32",20.4,"NCBI_exact",TRUE,"Baron_etal_1996_Table32"
"Lavia frons","Bulbus_olfactorius_Vol.mm3",81,"Baron_etal_1996_Table32",4.35,"NCBI_exact",TRUE,"Baron_etal_1996_Table32"
"Lavia frons","Cerebellum_Vol.mm3",81,"Baron_etal_1996_Table10",138.8,"NCBI_exact",TRUE,"Baron_etal_1996_Table10"
"Lavia frons","Diencephalon_Vol.mm3",81,"Baron_etal_1996_Table10",50.3,"NCBI_exact",TRUE,"Baron_etal_1996_Table10"
"Lavia frons","Hippocampus_Vol.mm3",81,"Baron_etal_1996_Table32",25.8,"NCBI_exact",TRUE,"Baron_etal_1996_Table32"
"Lavia frons","Medulla_oblongata_Vol.mm3",81,"Baron_etal_1996_Table10",67.7,"NCBI_exact",TRUE,"Baron_etal_1996_Table10"
"Lavia frons","Mesencephalon_Vol.mm3",81,"Baron_etal_1996_Table10",66,"NCBI_exact",TRUE,"Baron_etal_1996_Table10"
"Lavia frons","Neocortex_Vol.mm3",81,"Baron_etal_1996_Table32",171.4,"NCBI_exact",TRUE,"Baron_etal_1996_Table32"
"Lavia frons","Palaeocortex_Vol.mm3",81,"Baron_etal_1996_Table32",12.5,"NCBI_exact",TRUE,"Baron_etal_1996_Table32"
"Lavia frons","Schizo_cortex_Vol.mm3",81,"Baron_etal_1996_Table32",19.7,"NCBI_exact",TRUE,"Baron_etal_1996_Table32"
"Lavia frons","Septum_Vol.mm3",81,"Baron_etal_1996_Table32",5.85,"NCBI_exact",TRUE,"Baron_etal_1996_Table32"
"Lavia frons","Striatum_Vol.mm3",81,"Baron_etal_1996_Table32",28.7,"NCBI_exact",TRUE,"Baron_etal_1996_Table32"
"Lavia frons","Telencephalon_Vol.mm3",81,"Baron_etal_1996_Table10",288.6,"NCBI_exact",TRUE,"Baron_etal_1996_Table10"
"Leptonycteris curasoae","Amygdala_Vol.mm3",145,"Baron_etal_1996_Table32",17.1,"NCBI_exact",TRUE,"Baron_etal_1996_Table32"
"Leptonycteris curasoae","Bulbus_olfactorius_Vol.mm3",145,"Baron_etal_1996_Table32",19.2,"NCBI_exact",TRUE,"Baron_etal_1996_Table32"
"Leptonycteris curasoae","Cerebellum_Vol.mm3",145,"Baron_etal_1996_Table10",119.4,"NCBI_exact",TRUE,"Baron_etal_1996_Table10"
"Leptonycteris curasoae","Diencephalon_Vol.mm3",145,"Baron_etal_1996_Table10",44,"NCBI_exact",TRUE,"Baron_etal_1996_Table10"
"Leptonycteris curasoae","Hippocampus_Vol.mm3",145,"Baron_etal_1996_Table32",47.7,"NCBI_exact",TRUE,"Baron_etal_1996_Table32"
"Leptonycteris curasoae","Medulla_oblongata_Vol.mm3",145,"Baron_etal_1996_Table10",62.2,"NCBI_exact",TRUE,"Baron_etal_1996_Table10"
"Leptonycteris curasoae","Mesencephalon_Vol.mm3",145,"Baron_etal_1996_Table10",35.2,"NCBI_exact",TRUE,"Baron_etal_1996_Table10"
"Leptonycteris curasoae","Neocortex_Vol.mm3",145,"Baron_etal_1996_Table32",140.3,"NCBI_exact",TRUE,"Baron_etal_1996_Table32"
"Leptonycteris curasoae","Palaeocortex_Vol.mm3",145,"Baron_etal_1996_Table32",29.4,"NCBI_exact",TRUE,"Baron_etal_1996_Table32"
"Leptonycteris curasoae","Schizo_cortex_Vol.mm3",145,"Baron_etal_1996_Table32",23.1,"NCBI_exact",TRUE,"Baron_etal_1996_Table32"
"Leptonycteris curasoae","Septum_Vol.mm3",145,"Baron_etal_1996_Table32",8.38,"NCBI_exact",TRUE,"Baron_etal_1996_Table32"
"Leptonycteris curasoae","Striatum_Vol.mm3",145,"Baron_etal_1996_Table32",29.6,"NCBI_exact",TRUE,"Baron_etal_1996_Table32"
"Leptonycteris curasoae","Telencephalon_Vol.mm3",145,"Baron_etal_1996_Table10",315,"NCBI_exact",TRUE,"Baron_etal_1996_Table10"
"Leptonycteris nivalis","Amygdala_Vol.mm3",146,"Baron_etal_1996_Table32",18.1,"NCBI_exact",TRUE,"Baron_etal_1996_Table32"
"Leptonycteris nivalis","Bulbus_olfactorius_Vol.mm3",146,"Baron_etal_1996_Table32",18,"NCBI_exact",TRUE,"Baron_etal_1996_Table32"
"Leptonycteris nivalis","Cerebellum_Vol.mm3",146,"Baron_etal_1996_Table10",104.4,"NCBI_exact",TRUE,"Baron_etal_1996_Table10"
"Leptonycteris nivalis","Diencephalon_Vol.mm3",146,"Baron_etal_1996_Table10",43.3,"NCBI_exact",TRUE,"Baron_etal_1996_Table10"
"Leptonycteris nivalis","Hippocampus_Vol.mm3",146,"Baron_etal_1996_Table32",42.2,"NCBI_exact",TRUE,"Baron_etal_1996_Table32"
"Leptonycteris nivalis","Medulla_oblongata_Vol.mm3",146,"Baron_etal_1996_Table10",56,"NCBI_exact",TRUE,"Baron_etal_1996_Table10"
"Leptonycteris nivalis","Mesencephalon_Vol.mm3",146,"Baron_etal_1996_Table10",35.9,"NCBI_exact",TRUE,"Baron_etal_1996_Table10"
"Leptonycteris nivalis","Neocortex_Vol.mm3",146,"Baron_etal_1996_Table32",144.3,"NCBI_exact",TRUE,"Baron_etal_1996_Table32"
"Leptonycteris nivalis","Palaeocortex_Vol.mm3",146,"Baron_etal_1996_Table32",26.9,"NCBI_exact",TRUE,"Baron_etal_1996_Table32"
"Leptonycteris nivalis","Schizo_cortex_Vol.mm3",146,"Baron_etal_1996_Table32",22.4,"NCBI_exact",TRUE,"Baron_etal_1996_Table32"
"Leptonycteris nivalis","Septum_Vol.mm3",146,"Baron_etal_1996_Table32",8.92,"NCBI_exact",TRUE,"Baron_etal_1996_Table32"
"Leptonycteris nivalis","Striatum_Vol.mm3",146,"Baron_etal_1996_Table32",29.4,"NCBI_exact",TRUE,"Baron_etal_1996_Table32"
"Leptonycteris nivalis","Telencephalon_Vol.mm3",146,"Baron_etal_1996_Table10",310.5,"NCBI_exact",TRUE,"Baron_etal_1996_Table10"
"Lionycteris spurrelli","Amygdala_Vol.mm3",149,"Baron_etal_1996_Table32",9.25,"NCBI_exact",TRUE,"Baron_etal_1996_Table32"
"Lionycteris spurrelli","Bulbus_olfactorius_Vol.mm3",149,"Baron_etal_1996_Table32",10.3,"NCBI_exact",TRUE,"Baron_etal_1996_Table32"
"Lionycteris spurrelli","Cerebellum_Vol.mm3",149,"Baron_etal_1996_Table10",70.6,"NCBI_exact",TRUE,"Baron_etal_1996_Table10"
"Lionycteris spurrelli","Diencephalon_Vol.mm3",149,"Baron_etal_1996_Table10",23.7,"NCBI_exact",TRUE,"Baron_etal_1996_Table10"
"Lionycteris spurrelli","Hippocampus_Vol.mm3",149,"Baron_etal_1996_Table32",29.5,"NCBI_exact",TRUE,"Baron_etal_1996_Table32"
"Lionycteris spurrelli","Medulla_oblongata_Vol.mm3",149,"Baron_etal_1996_Table10",35,"NCBI_exact",TRUE,"Baron_etal_1996_Table10"
"Lionycteris spurrelli","Mesencephalon_Vol.mm3",149,"Baron_etal_1996_Table10",24.7,"NCBI_exact",TRUE,"Baron_etal_1996_Table10"
"Lionycteris spurrelli","Neocortex_Vol.mm3",149,"Baron_etal_1996_Table32",81.7,"NCBI_exact",TRUE,"Baron_etal_1996_Table32"
"Lionycteris spurrelli","Palaeocortex_Vol.mm3",149,"Baron_etal_1996_Table32",14.9,"NCBI_exact",TRUE,"Baron_etal_1996_Table32"
"Lionycteris spurrelli","Schizo_cortex_Vol.mm3",149,"Baron_etal_1996_Table32",13.6,"NCBI_exact",TRUE,"Baron_etal_1996_Table32"
"Lionycteris spurrelli","Septum_Vol.mm3",149,"Baron_etal_1996_Table32",4.93,"NCBI_exact",TRUE,"Baron_etal_1996_Table32"
"Lionycteris spurrelli","Striatum_Vol.mm3",149,"Baron_etal_1996_Table32",16.5,"NCBI_exact",TRUE,"Baron_etal_1996_Table32"
"Lionycteris spurrelli","Telencephalon_Vol.mm3",149,"Baron_etal_1996_Table10",180.8,"NCBI_exact",TRUE,"Baron_etal_1996_Table10"
"Lonchophylla mordax","Amygdala_Vol.mm3",147,"Baron_etal_1996_Table32",13,"NCBI_exact",TRUE,"Baron_etal_1996_Table32"
"Lonchophylla mordax","Bulbus_olfactorius_Vol.mm3",147,"Baron_etal_1996_Table32",11.2,"NCBI_exact",TRUE,"Baron_etal_1996_Table32"
"Lonchophylla mordax","Cerebellum_Vol.mm3",147,"Baron_etal_1996_Table10",79.2,"NCBI_exact",TRUE,"Baron_etal_1996_Table10"
"Lonchophylla mordax","Diencephalon_Vol.mm3",147,"Baron_etal_1996_Table10",32.9,"NCBI_exact",TRUE,"Baron_etal_1996_Table10"
"Lonchophylla mordax","Hippocampus_Vol.mm3",147,"Baron_etal_1996_Table32",38.4,"NCBI_exact",TRUE,"Baron_etal_1996_Table32"
"Lonchophylla mordax","Medulla_oblongata_Vol.mm3",147,"Baron_etal_1996_Table10",45.3,"NCBI_exact",TRUE,"Baron_etal_1996_Table10"
"Lonchophylla mordax","Mesencephalon_Vol.mm3",147,"Baron_etal_1996_Table10",31.2,"NCBI_exact",TRUE,"Baron_etal_1996_Table10"
"Lonchophylla mordax","Neocortex_Vol.mm3",147,"Baron_etal_1996_Table32",97.5,"NCBI_exact",TRUE,"Baron_etal_1996_Table32"
"Lonchophylla mordax","Palaeocortex_Vol.mm3",147,"Baron_etal_1996_Table32",18,"NCBI_exact",TRUE,"Baron_etal_1996_Table32"
"Lonchophylla mordax","Schizo_cortex_Vol.mm3",147,"Baron_etal_1996_Table32",15.6,"NCBI_exact",TRUE,"Baron_etal_1996_Table32"
"Lonchophylla mordax","Septum_Vol.mm3",147,"Baron_etal_1996_Table32",6.63,"NCBI_exact",TRUE,"Baron_etal_1996_Table32"
"Lonchophylla mordax","Striatum_Vol.mm3",147,"Baron_etal_1996_Table32",21.1,"NCBI_exact",TRUE,"Baron_etal_1996_Table32"
"Lonchophylla mordax","Telencephalon_Vol.mm3",147,"Baron_etal_1996_Table10",221.4,"NCBI_exact",TRUE,"Baron_etal_1996_Table10"
"Lophostoma schulzi","Amygdala_Vol.mm3",133,"Baron_etal_1996_Table32",12.6,"NCBI_exact",TRUE,"Baron_etal_1996_Table32"
"Lophostoma schulzi","Bulbus_olfactorius_Vol.mm3",133,"Baron_etal_1996_Table32",8.99,"NCBI_exact",TRUE,"Baron_etal_1996_Table32"
"Lophostoma schulzi","Cerebellum_Vol.mm3",133,"Baron_etal_1996_Table10",84.2,"NCBI_exact",TRUE,"Baron_etal_1996_Table10"
"Lophostoma schulzi","Diencephalon_Vol.mm3",133,"Baron_etal_1996_Table10",37,"NCBI_exact",TRUE,"Baron_etal_1996_Table10"
"Lophostoma schulzi","Hippocampus_Vol.mm3",133,"Baron_etal_1996_Table32",16.1,"NCBI_exact",TRUE,"Baron_etal_1996_Table32"
"Lophostoma schulzi","Medulla_oblongata_Vol.mm3",133,"Baron_etal_1996_Table10",59.5,"NCBI_exact",TRUE,"Baron_etal_1996_Table10"
"Lophostoma schulzi","Mesencephalon_Vol.mm3",133,"Baron_etal_1996_Table10",51.3,"NCBI_exact",TRUE,"Baron_etal_1996_Table10"
"Lophostoma schulzi","Neocortex_Vol.mm3",133,"Baron_etal_1996_Table32",153.5,"NCBI_exact",TRUE,"Baron_etal_1996_Table32"
"Lophostoma schulzi","Palaeocortex_Vol.mm3",133,"Baron_etal_1996_Table32",14.3,"NCBI_exact",TRUE,"Baron_etal_1996_Table32"
"Lophostoma schulzi","Schizo_cortex_Vol.mm3",133,"Baron_etal_1996_Table32",10.1,"NCBI_exact",TRUE,"Baron_etal_1996_Table32"
"Lophostoma schulzi","Septum_Vol.mm3",133,"Baron_etal_1996_Table32",3.6,"NCBI_exact",TRUE,"Baron_etal_1996_Table32"
"Lophostoma schulzi","Striatum_Vol.mm3",133,"Baron_etal_1996_Table32",24,"NCBI_exact",TRUE,"Baron_etal_1996_Table32"
"Lophostoma schulzi","Telencephalon_Vol.mm3",133,"Baron_etal_1996_Table10",243.3,"NCBI_exact",TRUE,"Baron_etal_1996_Table10"
"Lophostoma silvicolum","Amygdala_Vol.mm3",134,"Baron_etal_1996_Table32",21.2,"NCBI_exact",TRUE,"Baron_etal_1996_Table32"
"Lophostoma silvicolum","Bulbus_olfactorius_Vol.mm3",134,"Baron_etal_1996_Table32",14.6,"NCBI_exact",TRUE,"Baron_etal_1996_Table32"
"Lophostoma silvicolum","Cerebellum_Vol.mm3",134,"Baron_etal_1996_Table10",126.1,"NCBI_exact",TRUE,"Baron_etal_1996_Table10"
"Lophostoma silvicolum","Diencephalon_Vol.mm3",134,"Baron_etal_1996_Table10",55.3,"NCBI_exact",TRUE,"Baron_etal_1996_Table10"
"Lophostoma silvicolum","Hippocampus_Vol.mm3",134,"Baron_etal_1996_Table32",27.1,"NCBI_exact",TRUE,"Baron_etal_1996_Table32"
"Lophostoma silvicolum","Medulla_oblongata_Vol.mm3",134,"Baron_etal_1996_Table10",86.1,"NCBI_exact",TRUE,"Baron_etal_1996_Table10"
"Lophostoma silvicolum","Mesencephalon_Vol.mm3",134,"Baron_etal_1996_Table10",61.9,"NCBI_exact",TRUE,"Baron_etal_1996_Table10"
"Lophostoma silvicolum","Neocortex_Vol.mm3",134,"Baron_etal_1996_Table32",240.2,"NCBI_exact",TRUE,"Baron_etal_1996_Table32"
"Lophostoma silvicolum","Palaeocortex_Vol.mm3",134,"Baron_etal_1996_Table32",21.3,"NCBI_exact",TRUE,"Baron_etal_1996_Table32"
"Lophostoma silvicolum","Schizo_cortex_Vol.mm3",134,"Baron_etal_1996_Table32",18.3,"NCBI_exact",TRUE,"Baron_etal_1996_Table32"
"Lophostoma silvicolum","Septum_Vol.mm3",134,"Baron_etal_1996_Table32",5.63,"NCBI_exact",TRUE,"Baron_etal_1996_Table32"
"Lophostoma silvicolum","Striatum_Vol.mm3",134,"Baron_etal_1996_Table32",35.3,"NCBI_exact",TRUE,"Baron_etal_1996_Table32"
"Lophostoma silvicolum","Telencephalon_Vol.mm3",134,"Baron_etal_1996_Table10",384,"NCBI_exact",TRUE,"Baron_etal_1996_Table10"
"Macroderma gigas","Amygdala_Vol.mm3",79,"Baron_etal_1996_Table32",50.4,"NCBI_exact",TRUE,"Baron_etal_1996_Table32"
"Macroderma gigas","Bulbus_olfactorius_Vol.mm3",79,"Baron_etal_1996_Table32",21.6,"NCBI_exact",TRUE,"Baron_etal_1996_Table32"
"Macroderma gigas","Cerebellum_Vol.mm3",79,"Baron_etal_1996_Table10",301.4,"NCBI_exact",TRUE,"Baron_etal_1996_Table10"
"Macroderma gigas","Diencephalon_Vol.mm3",79,"Baron_etal_1996_Table10",137.8,"NCBI_exact",TRUE,"Baron_etal_1996_Table10"
"Macroderma gigas","Hippocampus_Vol.mm3",79,"Baron_etal_1996_Table32",68.9,"NCBI_exact",TRUE,"Baron_etal_1996_Table32"
"Macroderma gigas","Medulla_oblongata_Vol.mm3",79,"Baron_etal_1996_Table10",186.7,"NCBI_exact",TRUE,"Baron_etal_1996_Table10"
"Macroderma gigas","Mesencephalon_Vol.mm3",79,"Baron_etal_1996_Table10",144.5,"NCBI_exact",TRUE,"Baron_etal_1996_Table10"
"Macroderma gigas","Neocortex_Vol.mm3",79,"Baron_etal_1996_Table32",510.5,"NCBI_exact",TRUE,"Baron_etal_1996_Table32"
"Macroderma gigas","Palaeocortex_Vol.mm3",79,"Baron_etal_1996_Table32",40.3,"NCBI_exact",TRUE,"Baron_etal_1996_Table32"
"Macroderma gigas","Schizo_cortex_Vol.mm3",79,"Baron_etal_1996_Table32",48.6,"NCBI_exact",TRUE,"Baron_etal_1996_Table32"
"Macroderma gigas","Septum_Vol.mm3",79,"Baron_etal_1996_Table32",15,"NCBI_exact",TRUE,"Baron_etal_1996_Table32"
"Macroderma gigas","Striatum_Vol.mm3",79,"Baron_etal_1996_Table32",77.7,"NCBI_exact",TRUE,"Baron_etal_1996_Table32"
"Macroderma gigas","Telencephalon_Vol.mm3",79,"Baron_etal_1996_Table10",833,"NCBI_exact",TRUE,"Baron_etal_1996_Table10"
"Macroglossus minimus","Amygdala_Vol.mm3",41,"Baron_etal_1996_Table32",13,"NCBI_exact",TRUE,"Baron_etal_1996_Table32"
"Macroglossus minimus","Bulbus_olfactorius_Vol.mm3",41,"Baron_etal_1996_Table32",26.9,"NCBI_exact",TRUE,"Baron_etal_1996_Table32"
"Macroglossus minimus","Cerebellum_Vol.mm3",41,"Baron_etal_1996_Table10",79.2,"NCBI_exact",TRUE,"Baron_etal_1996_Table10"
"Macroglossus minimus","Diencephalon_Vol.mm3",41,"Baron_etal_1996_Table10",46.6,"NCBI_exact",TRUE,"Baron_etal_1996_Table10"
"Macroglossus minimus","Hippocampus_Vol.mm3",41,"Baron_etal_1996_Table32",47,"NCBI_exact",TRUE,"Baron_etal_1996_Table32"
"Macroglossus minimus","Medulla_oblongata_Vol.mm3",41,"Baron_etal_1996_Table10",41.3,"NCBI_exact",TRUE,"Baron_etal_1996_Table10"
"Macroglossus minimus","Mesencephalon_Vol.mm3",41,"Baron_etal_1996_Table10",33.7,"NCBI_exact",TRUE,"Baron_etal_1996_Table10"
"Macroglossus minimus","Neocortex_Vol.mm3",41,"Baron_etal_1996_Table32",155.7,"NCBI_exact",TRUE,"Baron_etal_1996_Table32"
"Macroglossus minimus","Palaeocortex_Vol.mm3",41,"Baron_etal_1996_Table32",28.5,"NCBI_exact",TRUE,"Baron_etal_1996_Table32"
"Macroglossus minimus","Schizo_cortex_Vol.mm3",41,"Baron_etal_1996_Table32",22.8,"NCBI_exact",TRUE,"Baron_etal_1996_Table32"
"Macroglossus minimus","Septum_Vol.mm3",41,"Baron_etal_1996_Table32",8.14,"NCBI_exact",TRUE,"Baron_etal_1996_Table32"
"Macroglossus minimus","Striatum_Vol.mm3",41,"Baron_etal_1996_Table32",28,"NCBI_exact",TRUE,"Baron_etal_1996_Table32"
"Macroglossus minimus","Telencephalon_Vol.mm3",41,"Baron_etal_1996_Table10",329.9,"NCBI_exact",TRUE,"Baron_etal_1996_Table10"
"Macroglossus sobrinus","Amygdala_Vol.mm3",42,"Baron_etal_1996_Table32",19.5,"NCBI_exact",TRUE,"Baron_etal_1996_Table32"
"Macroglossus sobrinus","Bulbus_olfactorius_Vol.mm3",42,"Baron_etal_1996_Table32",33.2,"NCBI_exact",TRUE,"Baron_etal_1996_Table32"
"Macroglossus sobrinus","Cerebellum_Vol.mm3",42,"Baron_etal_1996_Table10",94.2,"NCBI_exact",TRUE,"Baron_etal_1996_Table10"
"Macroglossus sobrinus","Diencephalon_Vol.mm3",42,"Baron_etal_1996_Table10",61.9,"NCBI_exact",TRUE,"Baron_etal_1996_Table10"
"Macroglossus sobrinus","Hippocampus_Vol.mm3",42,"Baron_etal_1996_Table32",58.9,"NCBI_exact",TRUE,"Baron_etal_1996_Table32"
"Macroglossus sobrinus","Medulla_oblongata_Vol.mm3",42,"Baron_etal_1996_Table10",52.2,"NCBI_exact",TRUE,"Baron_etal_1996_Table10"
"Macroglossus sobrinus","Mesencephalon_Vol.mm3",42,"Baron_etal_1996_Table10",43.2,"NCBI_exact",TRUE,"Baron_etal_1996_Table10"
"Macroglossus sobrinus","Neocortex_Vol.mm3",42,"Baron_etal_1996_Table32",186.2,"NCBI_exact",TRUE,"Baron_etal_1996_Table32"
"Macroglossus sobrinus","Palaeocortex_Vol.mm3",42,"Baron_etal_1996_Table32",36,"NCBI_exact",TRUE,"Baron_etal_1996_Table32"
"Macroglossus sobrinus","Schizo_cortex_Vol.mm3",42,"Baron_etal_1996_Table32",23.8,"NCBI_exact",TRUE,"Baron_etal_1996_Table32"
"Macroglossus sobrinus","Septum_Vol.mm3",42,"Baron_etal_1996_Table32",11.8,"NCBI_exact",TRUE,"Baron_etal_1996_Table32"
"Macroglossus sobrinus","Striatum_Vol.mm3",42,"Baron_etal_1996_Table32",36.7,"NCBI_exact",TRUE,"Baron_etal_1996_Table32"
"Macroglossus sobrinus","Telencephalon_Vol.mm3",42,"Baron_etal_1996_Table10",406.2,"NCBI_exact",TRUE,"Baron_etal_1996_Table10"
"Macronycteris commersoni","Amygdala_Vol.mm3",105,"Baron_etal_1996_Table32",27.5,"NCBI_exact",TRUE,"Baron_etal_1996_Table32"
"Macronycteris commersoni","Bulbus_olfactorius_Vol.mm3",105,"Baron_etal_1996_Table32",23.7,"NCBI_exact",TRUE,"Baron_etal_1996_Table32"
"Macronycteris commersoni","Cerebellum_Vol.mm3",105,"Baron_etal_1996_Table10",128.4,"NCBI_exact",TRUE,"Baron_etal_1996_Table10"
"Macronycteris commersoni","Diencephalon_Vol.mm3",105,"Baron_etal_1996_Table10",54.2,"NCBI_exact",TRUE,"Baron_etal_1996_Table10"
"Macronycteris commersoni","Hippocampus_Vol.mm3",105,"Baron_etal_1996_Table32",47.8,"NCBI_exact",TRUE,"Baron_etal_1996_Table32"
"Macronycteris commersoni","Medulla_oblongata_Vol.mm3",105,"Baron_etal_1996_Table10",86.5,"NCBI_exact",TRUE,"Baron_etal_1996_Table10"
"Macronycteris commersoni","Mesencephalon_Vol.mm3",105,"Baron_etal_1996_Table10",58.7,"NCBI_exact",TRUE,"Baron_etal_1996_Table10"
"Macronycteris commersoni","Neocortex_Vol.mm3",105,"Baron_etal_1996_Table32",171.7,"NCBI_exact",TRUE,"Baron_etal_1996_Table32"
"Macronycteris commersoni","Palaeocortex_Vol.mm3",105,"Baron_etal_1996_Table32",30.7,"NCBI_exact",TRUE,"Baron_etal_1996_Table32"
"Macronycteris commersoni","Schizo_cortex_Vol.mm3",105,"Baron_etal_1996_Table32",26.7,"NCBI_exact",TRUE,"Baron_etal_1996_Table32"
"Macronycteris commersoni","Septum_Vol.mm3",105,"Baron_etal_1996_Table32",8.7,"NCBI_exact",TRUE,"Baron_etal_1996_Table32"
"Macronycteris commersoni","Striatum_Vol.mm3",105,"Baron_etal_1996_Table32",38.2,"NCBI_exact",TRUE,"Baron_etal_1996_Table32"
"Macronycteris commersoni","Telencephalon_Vol.mm3",105,"Baron_etal_1996_Table10",374.8,"NCBI_exact",TRUE,"Baron_etal_1996_Table10"
"Macrophyllum macrophyllum","Amygdala_Vol.mm3",131,"Baron_etal_1996_Table32",10.5,"NCBI_exact",TRUE,"Baron_etal_1996_Table32"
"Macrophyllum macrophyllum","Bulbus_olfactorius_Vol.mm3",131,"Baron_etal_1996_Table32",4.39,"NCBI_exact",TRUE,"Baron_etal_1996_Table32"
"Macrophyllum macrophyllum","Cerebellum_Vol.mm3",131,"Baron_etal_1996_Table10",55.1,"NCBI_exact",TRUE,"Baron_etal_1996_Table10"
"Macrophyllum macrophyllum","Diencephalon_Vol.mm3",131,"Baron_etal_1996_Table10",24.2,"NCBI_exact",TRUE,"Baron_etal_1996_Table10"
"Macrophyllum macrophyllum","Hippocampus_Vol.mm3",131,"Baron_etal_1996_Table32",19.6,"NCBI_exact",TRUE,"Baron_etal_1996_Table32"
"Macrophyllum macrophyllum","Medulla_oblongata_Vol.mm3",131,"Baron_etal_1996_Table10",38.9,"NCBI_exact",TRUE,"Baron_etal_1996_Table10"
"Macrophyllum macrophyllum","Mesencephalon_Vol.mm3",131,"Baron_etal_1996_Table10",28.6,"NCBI_exact",TRUE,"Baron_etal_1996_Table10"
"Macrophyllum macrophyllum","Neocortex_Vol.mm3",131,"Baron_etal_1996_Table32",80.3,"NCBI_exact",TRUE,"Baron_etal_1996_Table32"
"Macrophyllum macrophyllum","Palaeocortex_Vol.mm3",131,"Baron_etal_1996_Table32",9.7,"NCBI_exact",TRUE,"Baron_etal_1996_Table32"
"Macrophyllum macrophyllum","Schizo_cortex_Vol.mm3",131,"Baron_etal_1996_Table32",9.23,"NCBI_exact",TRUE,"Baron_etal_1996_Table32"
"Macrophyllum macrophyllum","Septum_Vol.mm3",131,"Baron_etal_1996_Table32",3,"NCBI_exact",TRUE,"Baron_etal_1996_Table32"
"Macrophyllum macrophyllum","Striatum_Vol.mm3",131,"Baron_etal_1996_Table32",17.8,"NCBI_exact",TRUE,"Baron_etal_1996_Table32"
"Macrophyllum macrophyllum","Telencephalon_Vol.mm3",131,"Baron_etal_1996_Table10",154.6,"NCBI_exact",TRUE,"Baron_etal_1996_Table10"
"Megaderma spasma","Amygdala_Vol.mm3",78,"Baron_etal_1996_Table32",22,"NCBI_exact",TRUE,"Baron_etal_1996_Table32"
"Megaderma spasma","Bulbus_olfactorius_Vol.mm3",78,"Baron_etal_1996_Table32",10.5,"NCBI_exact",TRUE,"Baron_etal_1996_Table32"
"Megaderma spasma","Cerebellum_Vol.mm3",78,"Baron_etal_1996_Table10",117.8,"NCBI_exact",TRUE,"Baron_etal_1996_Table10"
"Megaderma spasma","Diencephalon_Vol.mm3",78,"Baron_etal_1996_Table10",47.7,"NCBI_exact",TRUE,"Baron_etal_1996_Table10"
"Megaderma spasma","Hippocampus_Vol.mm3",78,"Baron_etal_1996_Table32",31.1,"NCBI_exact",TRUE,"Baron_etal_1996_Table32"
"Megaderma spasma","Medulla_oblongata_Vol.mm3",78,"Baron_etal_1996_Table10",66.7,"NCBI_exact",TRUE,"Baron_etal_1996_Table10"
"Megaderma spasma","Mesencephalon_Vol.mm3",78,"Baron_etal_1996_Table10",61.9,"NCBI_exact",TRUE,"Baron_etal_1996_Table10"
"Megaderma spasma","Neocortex_Vol.mm3",78,"Baron_etal_1996_Table32",172.9,"NCBI_exact",TRUE,"Baron_etal_1996_Table32"
"Megaderma spasma","Palaeocortex_Vol.mm3",78,"Baron_etal_1996_Table32",18.4,"NCBI_exact",TRUE,"Baron_etal_1996_Table32"
"Megaderma spasma","Schizo_cortex_Vol.mm3",78,"Baron_etal_1996_Table32",21.7,"NCBI_exact",TRUE,"Baron_etal_1996_Table32"
"Megaderma spasma","Septum_Vol.mm3",78,"Baron_etal_1996_Table32",6.23,"NCBI_exact",TRUE,"Baron_etal_1996_Table32"
"Megaderma spasma","Striatum_Vol.mm3",78,"Baron_etal_1996_Table32",30.7,"NCBI_exact",TRUE,"Baron_etal_1996_Table32"
"Megaderma spasma","Telencephalon_Vol.mm3",78,"Baron_etal_1996_Table10",313.5,"NCBI_exact",TRUE,"Baron_etal_1996_Table10"
"Megaerops ecaudatus","Amygdala_Vol.mm3",31,"Baron_etal_1996_Table32",17.4,"NCBI_exact",TRUE,"Baron_etal_1996_Table32"
"Megaerops ecaudatus","Bulbus_olfactorius_Vol.mm3",31,"Baron_etal_1996_Table32",45.5,"NCBI_exact",TRUE,"Baron_etal_1996_Table32"
"Megaerops ecaudatus","Cerebellum_Vol.mm3",31,"Baron_etal_1996_Table10",89.9,"NCBI_exact",TRUE,"Baron_etal_1996_Table10"
"Megaerops ecaudatus","Diencephalon_Vol.mm3",31,"Baron_etal_1996_Table10",65.7,"NCBI_exact",TRUE,"Baron_etal_1996_Table10"
"Megaerops ecaudatus","Hippocampus_Vol.mm3",31,"Baron_etal_1996_Table32",71.4,"NCBI_exact",TRUE,"Baron_etal_1996_Table32"
"Megaerops ecaudatus","Medulla_oblongata_Vol.mm3",31,"Baron_etal_1996_Table10",53.9,"NCBI_exact",TRUE,"Baron_etal_1996_Table10"
"Megaerops ecaudatus","Mesencephalon_Vol.mm3",31,"Baron_etal_1996_Table10",44.1,"NCBI_exact",TRUE,"Baron_etal_1996_Table10"
"Megaerops ecaudatus","Neocortex_Vol.mm3",31,"Baron_etal_1996_Table32",246.8,"NCBI_exact",TRUE,"Baron_etal_1996_Table32"
"Megaerops ecaudatus","Palaeocortex_Vol.mm3",31,"Baron_etal_1996_Table32",39.2,"NCBI_exact",TRUE,"Baron_etal_1996_Table32"
"Megaerops ecaudatus","Schizo_cortex_Vol.mm3",31,"Baron_etal_1996_Table32",36.5,"NCBI_exact",TRUE,"Baron_etal_1996_Table32"
"Megaerops ecaudatus","Septum_Vol.mm3",31,"Baron_etal_1996_Table32",11.5,"NCBI_exact",TRUE,"Baron_etal_1996_Table32"
"Megaerops ecaudatus","Striatum_Vol.mm3",31,"Baron_etal_1996_Table32",34.1,"NCBI_exact",TRUE,"Baron_etal_1996_Table32"
"Megaerops ecaudatus","Telencephalon_Vol.mm3",31,"Baron_etal_1996_Table10",502.3,"NCBI_exact",TRUE,"Baron_etal_1996_Table10"
"Megaloglossus woermanni","Amygdala_Vol.mm3",40,"Baron_etal_1996_Table32",15.6,"NCBI_exact",TRUE,"Baron_etal_1996_Table32"
"Megaloglossus woermanni","Bulbus_olfactorius_Vol.mm3",40,"Baron_etal_1996_Table32",25.3,"NCBI_exact",TRUE,"Baron_etal_1996_Table32"
"Megaloglossus woermanni","Cerebellum_Vol.mm3",40,"Baron_etal_1996_Table10",103.2,"NCBI_exact",TRUE,"Baron_etal_1996_Table10"
"Megaloglossus woermanni","Diencephalon_Vol.mm3",40,"Baron_etal_1996_Table10",53.5,"NCBI_exact",TRUE,"Baron_etal_1996_Table10"
"Megaloglossus woermanni","Hippocampus_Vol.mm3",40,"Baron_etal_1996_Table32",64.4,"NCBI_exact",TRUE,"Baron_etal_1996_Table32"
"Megaloglossus woermanni","Medulla_oblongata_Vol.mm3",40,"Baron_etal_1996_Table10",51.2,"NCBI_exact",TRUE,"Baron_etal_1996_Table10"
"Megaloglossus woermanni","Mesencephalon_Vol.mm3",40,"Baron_etal_1996_Table10",38.3,"NCBI_exact",TRUE,"Baron_etal_1996_Table10"
"Megaloglossus woermanni","Neocortex_Vol.mm3",40,"Baron_etal_1996_Table32",190.1,"NCBI_exact",TRUE,"Baron_etal_1996_Table32"
"Megaloglossus woermanni","Palaeocortex_Vol.mm3",40,"Baron_etal_1996_Table32",30.8,"NCBI_exact",TRUE,"Baron_etal_1996_Table32"
"Megaloglossus woermanni","Schizo_cortex_Vol.mm3",40,"Baron_etal_1996_Table32",31.6,"NCBI_exact",TRUE,"Baron_etal_1996_Table32"
"Megaloglossus woermanni","Septum_Vol.mm3",40,"Baron_etal_1996_Table32",10.2,"NCBI_exact",TRUE,"Baron_etal_1996_Table32"
"Megaloglossus woermanni","Striatum_Vol.mm3",40,"Baron_etal_1996_Table32",30.8,"NCBI_exact",TRUE,"Baron_etal_1996_Table32"
"Megaloglossus woermanni","Telencephalon_Vol.mm3",40,"Baron_etal_1996_Table10",398.7,"NCBI_exact",TRUE,"Baron_etal_1996_Table10"
"Melonycteris melanops","Amygdala_Vol.mm3",45,"Baron_etal_1996_Table32",33.7,"NCBI_exact",TRUE,"Baron_etal_1996_Table32"
"Melonycteris melanops","Bulbus_olfactorius_Vol.mm3",45,"Baron_etal_1996_Table32",63.7,"NCBI_exact",TRUE,"Baron_etal_1996_Table32"
"Melonycteris melanops","Cerebellum_Vol.mm3",45,"Baron_etal_1996_Table10",151.1,"NCBI_exact",TRUE,"Baron_etal_1996_Table10"
"Melonycteris melanops","Diencephalon_Vol.mm3",45,"Baron_etal_1996_Table10",105.4,"NCBI_exact",TRUE,"Baron_etal_1996_Table10"
"Melonycteris melanops","Hippocampus_Vol.mm3",45,"Baron_etal_1996_Table32",79.4,"NCBI_exact",TRUE,"Baron_etal_1996_Table32"
"Melonycteris melanops","Medulla_oblongata_Vol.mm3",45,"Baron_etal_1996_Table10",83.1,"NCBI_exact",TRUE,"Baron_etal_1996_Table10"
"Melonycteris melanops","Mesencephalon_Vol.mm3",45,"Baron_etal_1996_Table10",60.6,"NCBI_exact",TRUE,"Baron_etal_1996_Table10"
"Melonycteris melanops","Neocortex_Vol.mm3",45,"Baron_etal_1996_Table32",414.2,"NCBI_exact",TRUE,"Baron_etal_1996_Table32"
"Melonycteris melanops","Palaeocortex_Vol.mm3",45,"Baron_etal_1996_Table32",76.2,"NCBI_exact",TRUE,"Baron_etal_1996_Table32"
"Melonycteris melanops","Schizo_cortex_Vol.mm3",45,"Baron_etal_1996_Table32",51.2,"NCBI_exact",TRUE,"Baron_etal_1996_Table32"
"Melonycteris melanops","Septum_Vol.mm3",45,"Baron_etal_1996_Table32",17.7,"NCBI_exact",TRUE,"Baron_etal_1996_Table32"
"Melonycteris melanops","Striatum_Vol.mm3",45,"Baron_etal_1996_Table32",89.4,"NCBI_exact",TRUE,"Baron_etal_1996_Table32"
"Melonycteris melanops","Telencephalon_Vol.mm3",45,"Baron_etal_1996_Table10",825.5,"NCBI_exact",TRUE,"Baron_etal_1996_Table10"
"Melonycteris woodfordi","Amygdala_Vol.mm3",46,"Baron_etal_1996_Table32",23.2,"NCBI_exact",TRUE,"Baron_etal_1996_Table32"
"Melonycteris woodfordi","Bulbus_olfactorius_Vol.mm3",46,"Baron_etal_1996_Table32",44.6,"NCBI_exact",TRUE,"Baron_etal_1996_Table32"
"Melonycteris woodfordi","Cerebellum_Vol.mm3",46,"Baron_etal_1996_Table10",133.6,"NCBI_exact",TRUE,"Baron_etal_1996_Table10"
"Melonycteris woodfordi","Diencephalon_Vol.mm3",46,"Baron_etal_1996_Table10",81.4,"NCBI_exact",TRUE,"Baron_etal_1996_Table10"
"Melonycteris woodfordi","Hippocampus_Vol.mm3",46,"Baron_etal_1996_Table32",66.8,"NCBI_exact",TRUE,"Baron_etal_1996_Table32"
"Melonycteris woodfordi","Medulla_oblongata_Vol.mm3",46,"Baron_etal_1996_Table10",71.3,"NCBI_exact",TRUE,"Baron_etal_1996_Table10"
"Melonycteris woodfordi","Mesencephalon_Vol.mm3",46,"Baron_etal_1996_Table10",48.3,"NCBI_exact",TRUE,"Baron_etal_1996_Table10"
"Melonycteris woodfordi","Neocortex_Vol.mm3",46,"Baron_etal_1996_Table32",320,"NCBI_exact",TRUE,"Baron_etal_1996_Table32"
"Melonycteris woodfordi","Palaeocortex_Vol.mm3",46,"Baron_etal_1996_Table32",54.5,"NCBI_exact",TRUE,"Baron_etal_1996_Table32"
"Melonycteris woodfordi","Schizo_cortex_Vol.mm3",46,"Baron_etal_1996_Table32",41.9,"NCBI_exact",TRUE,"Baron_etal_1996_Table32"
"Melonycteris woodfordi","Septum_Vol.mm3",46,"Baron_etal_1996_Table32",14.3,"NCBI_exact",TRUE,"Baron_etal_1996_Table32"
"Melonycteris woodfordi","Striatum_Vol.mm3",46,"Baron_etal_1996_Table32",65.7,"NCBI_exact",TRUE,"Baron_etal_1996_Table32"
"Melonycteris woodfordi","Telencephalon_Vol.mm3",46,"Baron_etal_1996_Table10",630.9,"NCBI_exact",TRUE,"Baron_etal_1996_Table10"
"Mesophylla macconnelli","Amygdala_Vol.mm3",171,"Baron_etal_1996_Table32",8.93,"GBIF_frozen_legacy_map",TRUE,"Baron_etal_1996_Table32"
"Mesophylla macconnelli","Bulbus_olfactorius_Vol.mm3",171,"Baron_etal_1996_Table32",11.4,"GBIF_frozen_legacy_map",TRUE,"Baron_etal_1996_Table32"
"Mesophylla macconnelli","Cerebellum_Vol.mm3",171,"Baron_etal_1996_Table10",62.8,"GBIF_frozen_legacy_map",TRUE,"Baron_etal_1996_Table10"
"Mesophylla macconnelli","Diencephalon_Vol.mm3",171,"Baron_etal_1996_Table10",24.5,"GBIF_frozen_legacy_map",TRUE,"Baron_etal_1996_Table10"
"Mesophylla macconnelli","Hippocampus_Vol.mm3",171,"Baron_etal_1996_Table32",26.3,"GBIF_frozen_legacy_map",TRUE,"Baron_etal_1996_Table32"
"Mesophylla macconnelli","Medulla_oblongata_Vol.mm3",171,"Baron_etal_1996_Table10",33.4,"GBIF_frozen_legacy_map",TRUE,"Baron_etal_1996_Table10"
"Mesophylla macconnelli","Mesencephalon_Vol.mm3",171,"Baron_etal_1996_Table10",24.3,"GBIF_frozen_legacy_map",TRUE,"Baron_etal_1996_Table10"
"Mesophylla macconnelli","Neocortex_Vol.mm3",171,"Baron_etal_1996_Table32",86.9,"GBIF_frozen_legacy_map",TRUE,"Baron_etal_1996_Table32"
"Mesophylla macconnelli","Palaeocortex_Vol.mm3",171,"Baron_etal_1996_Table32",15,"GBIF_frozen_legacy_map",TRUE,"Baron_etal_1996_Table32"
"Mesophylla macconnelli","Schizo_cortex_Vol.mm3",171,"Baron_etal_1996_Table32",13.5,"GBIF_frozen_legacy_map",TRUE,"Baron_etal_1996_Table32"
"Mesophylla macconnelli","Septum_Vol.mm3",171,"Baron_etal_1996_Table32",4.3,"GBIF_frozen_legacy_map",TRUE,"Baron_etal_1996_Table32"
"Mesophylla macconnelli","Striatum_Vol.mm3",171,"Baron_etal_1996_Table32",15.6,"GBIF_frozen_legacy_map",TRUE,"Baron_etal_1996_Table32"
"Mesophylla macconnelli","Telencephalon_Vol.mm3",171,"Baron_etal_1996_Table10",182.1,"GBIF_frozen_legacy_map",TRUE,"Baron_etal_1996_Table10"
"Micronycteris megalotis","Amygdala_Vol.mm3",127,"Baron_etal_1996_Table32",11.2,"NCBI_exact",TRUE,"Baron_etal_1996_Table32"
"Micronycteris megalotis","Bulbus_olfactorius_Vol.mm3",127,"Baron_etal_1996_Table32",10.3,"NCBI_exact",TRUE,"Baron_etal_1996_Table32"
"Micronycteris megalotis","Cerebellum_Vol.mm3",127,"Baron_etal_1996_Table10",49.4,"NCBI_exact",TRUE,"Baron_etal_1996_Table10"
"Micronycteris megalotis","Diencephalon_Vol.mm3",127,"Baron_etal_1996_Table10",19.8,"NCBI_exact",TRUE,"Baron_etal_1996_Table10"
"Micronycteris megalotis","Hippocampus_Vol.mm3",127,"Baron_etal_1996_Table32",14.1,"NCBI_exact",TRUE,"Baron_etal_1996_Table32"
"Micronycteris megalotis","Medulla_oblongata_Vol.mm3",127,"Baron_etal_1996_Table10",31.1,"NCBI_exact",TRUE,"Baron_etal_1996_Table10"
"Micronycteris megalotis","Mesencephalon_Vol.mm3",127,"Baron_etal_1996_Table10",23.4,"NCBI_exact",TRUE,"Baron_etal_1996_Table10"
"Micronycteris megalotis","Neocortex_Vol.mm3",127,"Baron_etal_1996_Table32",59.7,"NCBI_exact",TRUE,"Baron_etal_1996_Table32"
"Micronycteris megalotis","Palaeocortex_Vol.mm3",127,"Baron_etal_1996_Table32",15.4,"NCBI_exact",TRUE,"Baron_etal_1996_Table32"
"Micronycteris megalotis","Schizo_cortex_Vol.mm3",127,"Baron_etal_1996_Table32",7.59,"NCBI_exact",TRUE,"Baron_etal_1996_Table32"
"Micronycteris megalotis","Septum_Vol.mm3",127,"Baron_etal_1996_Table32",2.45,"NCBI_exact",TRUE,"Baron_etal_1996_Table32"
"Micronycteris megalotis","Striatum_Vol.mm3",127,"Baron_etal_1996_Table32",14.3,"NCBI_exact",TRUE,"Baron_etal_1996_Table32"
"Micronycteris megalotis","Telencephalon_Vol.mm3",127,"Baron_etal_1996_Table10",135,"NCBI_exact",TRUE,"Baron_etal_1996_Table10"
"Micronycteris minuta","Amygdala_Vol.mm3",128,"Baron_etal_1996_Table32",10.5,"NCBI_exact",TRUE,"Baron_etal_1996_Table32"
"Micronycteris minuta","Bulbus_olfactorius_Vol.mm3",128,"Baron_etal_1996_Table32",12,"NCBI_exact",TRUE,"Baron_etal_1996_Table32"
"Micronycteris minuta","Cerebellum_Vol.mm3",128,"Baron_etal_1996_Table10",54.8,"NCBI_exact",TRUE,"Baron_etal_1996_Table10"
"Micronycteris minuta","Diencephalon_Vol.mm3",128,"Baron_etal_1996_Table10",18,"NCBI_exact",TRUE,"Baron_etal_1996_Table10"
"Micronycteris minuta","Hippocampus_Vol.mm3",128,"Baron_etal_1996_Table32",17.3,"NCBI_exact",TRUE,"Baron_etal_1996_Table32"
"Micronycteris minuta","Medulla_oblongata_Vol.mm3",128,"Baron_etal_1996_Table10",28.4,"NCBI_exact",TRUE,"Baron_etal_1996_Table10"
"Micronycteris minuta","Mesencephalon_Vol.mm3",128,"Baron_etal_1996_Table10",20.7,"NCBI_exact",TRUE,"Baron_etal_1996_Table10"
"Micronycteris minuta","Neocortex_Vol.mm3",128,"Baron_etal_1996_Table32",65.6,"NCBI_exact",TRUE,"Baron_etal_1996_Table32"
"Micronycteris minuta","Palaeocortex_Vol.mm3",128,"Baron_etal_1996_Table32",15.9,"NCBI_exact",TRUE,"Baron_etal_1996_Table32"
"Micronycteris minuta","Schizo_cortex_Vol.mm3",128,"Baron_etal_1996_Table32",9.02,"NCBI_exact",TRUE,"Baron_etal_1996_Table32"
"Micronycteris minuta","Septum_Vol.mm3",128,"Baron_etal_1996_Table32",2.93,"NCBI_exact",TRUE,"Baron_etal_1996_Table32"
"Micronycteris minuta","Striatum_Vol.mm3",128,"Baron_etal_1996_Table32",14.7,"NCBI_exact",TRUE,"Baron_etal_1996_Table32"
"Micronycteris minuta","Telencephalon_Vol.mm3",128,"Baron_etal_1996_Table10",148,"NCBI_exact",TRUE,"Baron_etal_1996_Table10"
"Micronycteris schmidtorum","Amygdala_Vol.mm3",129,"Baron_etal_1996_Table32",12,"NCBI_exact",TRUE,"Baron_etal_1996_Table32"
"Micronycteris schmidtorum","Bulbus_olfactorius_Vol.mm3",129,"Baron_etal_1996_Table32",11.3,"NCBI_exact",TRUE,"Baron_etal_1996_Table32"
"Micronycteris schmidtorum","Cerebellum_Vol.mm3",129,"Baron_etal_1996_Table10",57.5,"NCBI_exact",TRUE,"Baron_etal_1996_Table10"
"Micronycteris schmidtorum","Diencephalon_Vol.mm3",129,"Baron_etal_1996_Table10",21.1,"NCBI_exact",TRUE,"Baron_etal_1996_Table10"
"Micronycteris schmidtorum","Hippocampus_Vol.mm3",129,"Baron_etal_1996_Table32",14.4,"NCBI_exact",TRUE,"Baron_etal_1996_Table32"
"Micronycteris schmidtorum","Medulla_oblongata_Vol.mm3",129,"Baron_etal_1996_Table10",30.1,"NCBI_exact",TRUE,"Baron_etal_1996_Table10"
"Micronycteris schmidtorum","Mesencephalon_Vol.mm3",129,"Baron_etal_1996_Table10",23.1,"NCBI_exact",TRUE,"Baron_etal_1996_Table10"
"Micronycteris schmidtorum","Neocortex_Vol.mm3",129,"Baron_etal_1996_Table32",76,"NCBI_exact",TRUE,"Baron_etal_1996_Table32"
"Micronycteris schmidtorum","Palaeocortex_Vol.mm3",129,"Baron_etal_1996_Table32",16.8,"NCBI_exact",TRUE,"Baron_etal_1996_Table32"
"Micronycteris schmidtorum","Schizo_cortex_Vol.mm3",129,"Baron_etal_1996_Table32",9.05,"NCBI_exact",TRUE,"Baron_etal_1996_Table32"
"Micronycteris schmidtorum","Septum_Vol.mm3",129,"Baron_etal_1996_Table32",2.79,"NCBI_exact",TRUE,"Baron_etal_1996_Table32"
"Micronycteris schmidtorum","Striatum_Vol.mm3",129,"Baron_etal_1996_Table32",15.9,"NCBI_exact",TRUE,"Baron_etal_1996_Table32"
"Micronycteris schmidtorum","Telencephalon_Vol.mm3",129,"Baron_etal_1996_Table10",158.3,"NCBI_exact",TRUE,"Baron_etal_1996_Table10"
"Miniopterus australis","Amygdala_Vol.mm3",234,"Baron_etal_1996_Table32",9.74,"NCBI_exact",TRUE,"Baron_etal_1996_Table32"
"Miniopterus australis","Bulbus_olfactorius_Vol.mm3",234,"Baron_etal_1996_Table32",4.47,"NCBI_exact",TRUE,"Baron_etal_1996_Table32"
"Miniopterus australis","Cerebellum_Vol.mm3",234,"Baron_etal_1996_Table10",39.7,"NCBI_exact",TRUE,"Baron_etal_1996_Table10"
"Miniopterus australis","Diencephalon_Vol.mm3",234,"Baron_etal_1996_Table10",14.6,"NCBI_exact",TRUE,"Baron_etal_1996_Table10"
"Miniopterus australis","Hippocampus_Vol.mm3",234,"Baron_etal_1996_Table32",15,"NCBI_exact",TRUE,"Baron_etal_1996_Table32"
"Miniopterus australis","Medulla_oblongata_Vol.mm3",234,"Baron_etal_1996_Table10",27.2,"NCBI_exact",TRUE,"Baron_etal_1996_Table10"
"Miniopterus australis","Mesencephalon_Vol.mm3",234,"Baron_etal_1996_Table10",18,"NCBI_exact",TRUE,"Baron_etal_1996_Table10"
"Miniopterus australis","Neocortex_Vol.mm3",234,"Baron_etal_1996_Table32",37.6,"NCBI_exact",TRUE,"Baron_etal_1996_Table32"
"Miniopterus australis","Palaeocortex_Vol.mm3",234,"Baron_etal_1996_Table32",7.32,"NCBI_exact",TRUE,"Baron_etal_1996_Table32"
"Miniopterus australis","Schizo_cortex_Vol.mm3",234,"Baron_etal_1996_Table32",6.04,"NCBI_exact",TRUE,"Baron_etal_1996_Table32"
"Miniopterus australis","Septum_Vol.mm3",234,"Baron_etal_1996_Table32",2.72,"NCBI_exact",TRUE,"Baron_etal_1996_Table32"
"Miniopterus australis","Striatum_Vol.mm3",234,"Baron_etal_1996_Table32",11.7,"NCBI_exact",TRUE,"Baron_etal_1996_Table32"
"Miniopterus australis","Telencephalon_Vol.mm3",234,"Baron_etal_1996_Table10",94.6,"NCBI_exact",TRUE,"Baron_etal_1996_Table10"
"Miniopterus blepotis","Amygdala_Vol.mm3",235,"Baron_etal_1996_Table32",10.9,"GBIF_frozen_legacy_map",TRUE,"Baron_etal_1996_Table32"
"Miniopterus blepotis","Bulbus_olfactorius_Vol.mm3",235,"Baron_etal_1996_Table32",4.83,"GBIF_frozen_legacy_map",TRUE,"Baron_etal_1996_Table32"
"Miniopterus blepotis","Cerebellum_Vol.mm3",235,"Baron_etal_1996_Table10",45.7,"GBIF_frozen_legacy_map",TRUE,"Baron_etal_1996_Table10"
"Miniopterus blepotis","Diencephalon_Vol.mm3",235,"Baron_etal_1996_Table10",15.9,"GBIF_frozen_legacy_map",TRUE,"Baron_etal_1996_Table10"
"Miniopterus blepotis","Hippocampus_Vol.mm3",235,"Baron_etal_1996_Table32",15.9,"GBIF_frozen_legacy_map",TRUE,"Baron_etal_1996_Table32"
"Miniopterus blepotis","Medulla_oblongata_Vol.mm3",235,"Baron_etal_1996_Table10",30.3,"GBIF_frozen_legacy_map",TRUE,"Baron_etal_1996_Table10"
"Miniopterus blepotis","Mesencephalon_Vol.mm3",235,"Baron_etal_1996_Table10",19.5,"GBIF_frozen_legacy_map",TRUE,"Baron_etal_1996_Table10"
"Miniopterus blepotis","Neocortex_Vol.mm3",235,"Baron_etal_1996_Table32",37.7,"GBIF_frozen_legacy_map",TRUE,"Baron_etal_1996_Table32"
"Miniopterus blepotis","Palaeocortex_Vol.mm3",235,"Baron_etal_1996_Table32",7.81,"GBIF_frozen_legacy_map",TRUE,"Baron_etal_1996_Table32"
"Miniopterus blepotis","Schizo_cortex_Vol.mm3",235,"Baron_etal_1996_Table32",6.15,"GBIF_frozen_legacy_map",TRUE,"Baron_etal_1996_Table32"
"Miniopterus blepotis","Septum_Vol.mm3",235,"Baron_etal_1996_Table32",2.79,"GBIF_frozen_legacy_map",TRUE,"Baron_etal_1996_Table32"
"Miniopterus blepotis","Striatum_Vol.mm3",235,"Baron_etal_1996_Table32",11.1,"GBIF_frozen_legacy_map",TRUE,"Baron_etal_1996_Table32"
"Miniopterus blepotis","Telencephalon_Vol.mm3",235,"Baron_etal_1996_Table10",97.2,"GBIF_frozen_legacy_map",TRUE,"Baron_etal_1996_Table10"
"Miniopterus inflatus","Amygdala_Vol.mm3",236,"Baron_etal_1996_Table32",12.5,"NCBI_exact",TRUE,"Baron_etal_1996_Table32"
"Miniopterus inflatus","Bulbus_olfactorius_Vol.mm3",236,"Baron_etal_1996_Table32",6.77,"NCBI_exact",TRUE,"Baron_etal_1996_Table32"
"Miniopterus inflatus","Cerebellum_Vol.mm3",236,"Baron_etal_1996_Table10",79.5,"NCBI_exact",TRUE,"Baron_etal_1996_Table10"
"Miniopterus inflatus","Diencephalon_Vol.mm3",236,"Baron_etal_1996_Table10",21.9,"NCBI_exact",TRUE,"Baron_etal_1996_Table10"
"Miniopterus inflatus","Hippocampus_Vol.mm3",236,"Baron_etal_1996_Table32",19,"NCBI_exact",TRUE,"Baron_etal_1996_Table32"
"Miniopterus inflatus","Medulla_oblongata_Vol.mm3",236,"Baron_etal_1996_Table10",43.8,"NCBI_exact",TRUE,"Baron_etal_1996_Table10"
"Miniopterus inflatus","Mesencephalon_Vol.mm3",236,"Baron_etal_1996_Table10",27.4,"NCBI_exact",TRUE,"Baron_etal_1996_Table10"
"Miniopterus inflatus","Neocortex_Vol.mm3",236,"Baron_etal_1996_Table32",55.9,"NCBI_exact",TRUE,"Baron_etal_1996_Table32"
"Miniopterus inflatus","Palaeocortex_Vol.mm3",236,"Baron_etal_1996_Table32",11.5,"NCBI_exact",TRUE,"Baron_etal_1996_Table32"
"Miniopterus inflatus","Schizo_cortex_Vol.mm3",236,"Baron_etal_1996_Table32",9.35,"NCBI_exact",TRUE,"Baron_etal_1996_Table32"
"Miniopterus inflatus","Septum_Vol.mm3",236,"Baron_etal_1996_Table32",3.93,"NCBI_exact",TRUE,"Baron_etal_1996_Table32"
"Miniopterus inflatus","Striatum_Vol.mm3",236,"Baron_etal_1996_Table32",16.3,"NCBI_exact",TRUE,"Baron_etal_1996_Table32"
"Miniopterus inflatus","Telencephalon_Vol.mm3",236,"Baron_etal_1996_Table10",135.2,"NCBI_exact",TRUE,"Baron_etal_1996_Table10"
"Miniopterus magnater","Amygdala_Vol.mm3",237,"Baron_etal_1996_Table32",16.2,"NCBI_exact",TRUE,"Baron_etal_1996_Table32"
"Miniopterus magnater","Bulbus_olfactorius_Vol.mm3",237,"Baron_etal_1996_Table32",6.01,"NCBI_exact",TRUE,"Baron_etal_1996_Table32"
"Miniopterus magnater","Cerebellum_Vol.mm3",237,"Baron_etal_1996_Table10",73.3,"NCBI_exact",TRUE,"Baron_etal_1996_Table10"
"Miniopterus magnater","Diencephalon_Vol.mm3",237,"Baron_etal_1996_Table10",21.8,"NCBI_exact",TRUE,"Baron_etal_1996_Table10"
"Miniopterus magnater","Hippocampus_Vol.mm3",237,"Baron_etal_1996_Table32",20.2,"NCBI_exact",TRUE,"Baron_etal_1996_Table32"
"Miniopterus magnater","Medulla_oblongata_Vol.mm3",237,"Baron_etal_1996_Table10",41.6,"NCBI_exact",TRUE,"Baron_etal_1996_Table10"
"Miniopterus magnater","Mesencephalon_Vol.mm3",237,"Baron_etal_1996_Table10",26.9,"NCBI_exact",TRUE,"Baron_etal_1996_Table10"
"Miniopterus magnater","Neocortex_Vol.mm3",237,"Baron_etal_1996_Table32",59.7,"NCBI_exact",TRUE,"Baron_etal_1996_Table32"
"Miniopterus magnater","Palaeocortex_Vol.mm3",237,"Baron_etal_1996_Table32",11.3,"NCBI_exact",TRUE,"Baron_etal_1996_Table32"
"Miniopterus magnater","Schizo_cortex_Vol.mm3",237,"Baron_etal_1996_Table32",7.99,"NCBI_exact",TRUE,"Baron_etal_1996_Table32"
"Miniopterus magnater","Septum_Vol.mm3",237,"Baron_etal_1996_Table32",3.71,"NCBI_exact",TRUE,"Baron_etal_1996_Table32"
"Miniopterus magnater","Striatum_Vol.mm3",237,"Baron_etal_1996_Table32",16.8,"NCBI_exact",TRUE,"Baron_etal_1996_Table32"
"Miniopterus magnater","Telencephalon_Vol.mm3",237,"Baron_etal_1996_Table10",142.1,"NCBI_exact",TRUE,"Baron_etal_1996_Table10"
"Miniopterus medius","Amygdala_Vol.mm3",238,"Baron_etal_1996_Table32",12.1,"NCBI_exact",TRUE,"Baron_etal_1996_Table32"
"Miniopterus medius","Bulbus_olfactorius_Vol.mm3",238,"Baron_etal_1996_Table32",4.42,"NCBI_exact",TRUE,"Baron_etal_1996_Table32"
"Miniopterus medius","Cerebellum_Vol.mm3",238,"Baron_etal_1996_Table10",61.1,"NCBI_exact",TRUE,"Baron_etal_1996_Table10"
"Miniopterus medius","Diencephalon_Vol.mm3",238,"Baron_etal_1996_Table10",18.3,"NCBI_exact",TRUE,"Baron_etal_1996_Table10"
"Miniopterus medius","Hippocampus_Vol.mm3",238,"Baron_etal_1996_Table32",15.7,"NCBI_exact",TRUE,"Baron_etal_1996_Table32"
"Miniopterus medius","Medulla_oblongata_Vol.mm3",238,"Baron_etal_1996_Table10",37.2,"NCBI_exact",TRUE,"Baron_etal_1996_Table10"
"Miniopterus medius","Mesencephalon_Vol.mm3",238,"Baron_etal_1996_Table10",24.3,"NCBI_exact",TRUE,"Baron_etal_1996_Table10"
"Miniopterus medius","Neocortex_Vol.mm3",238,"Baron_etal_1996_Table32",46.4,"NCBI_exact",TRUE,"Baron_etal_1996_Table32"
"Miniopterus medius","Palaeocortex_Vol.mm3",238,"Baron_etal_1996_Table32",9.41,"NCBI_exact",TRUE,"Baron_etal_1996_Table32"
"Miniopterus medius","Schizo_cortex_Vol.mm3",238,"Baron_etal_1996_Table32",5.3,"NCBI_exact",TRUE,"Baron_etal_1996_Table32"
"Miniopterus medius","Septum_Vol.mm3",238,"Baron_etal_1996_Table32",2.96,"NCBI_exact",TRUE,"Baron_etal_1996_Table32"
"Miniopterus medius","Striatum_Vol.mm3",238,"Baron_etal_1996_Table32",13.2,"NCBI_exact",TRUE,"Baron_etal_1996_Table32"
"Miniopterus medius","Telencephalon_Vol.mm3",238,"Baron_etal_1996_Table10",109.5,"NCBI_exact",TRUE,"Baron_etal_1996_Table10"
"Miniopterus pusillus","Amygdala_Vol.mm3",239,"Baron_etal_1996_Table32",10.1,"NCBI_exact",TRUE,"Baron_etal_1996_Table32"
"Miniopterus pusillus","Bulbus_olfactorius_Vol.mm3",239,"Baron_etal_1996_Table32",3.98,"NCBI_exact",TRUE,"Baron_etal_1996_Table32"
"Miniopterus pusillus","Cerebellum_Vol.mm3",239,"Baron_etal_1996_Table10",47.1,"NCBI_exact",TRUE,"Baron_etal_1996_Table10"
"Miniopterus pusillus","Diencephalon_Vol.mm3",239,"Baron_etal_1996_Table10",15.8,"NCBI_exact",TRUE,"Baron_etal_1996_Table10"
"Miniopterus pusillus","Hippocampus_Vol.mm3",239,"Baron_etal_1996_Table32",15,"NCBI_exact",TRUE,"Baron_etal_1996_Table32"
"Miniopterus pusillus","Medulla_oblongata_Vol.mm3",239,"Baron_etal_1996_Table10",28.6,"NCBI_exact",TRUE,"Baron_etal_1996_Table10"
"Miniopterus pusillus","Mesencephalon_Vol.mm3",239,"Baron_etal_1996_Table10",18.2,"NCBI_exact",TRUE,"Baron_etal_1996_Table10"
"Miniopterus pusillus","Neocortex_Vol.mm3",239,"Baron_etal_1996_Table32",37.2,"NCBI_exact",TRUE,"Baron_etal_1996_Table32"
"Miniopterus pusillus","Palaeocortex_Vol.mm3",239,"Baron_etal_1996_Table32",8.22,"NCBI_exact",TRUE,"Baron_etal_1996_Table32"
"Miniopterus pusillus","Schizo_cortex_Vol.mm3",239,"Baron_etal_1996_Table32",6.28,"NCBI_exact",TRUE,"Baron_etal_1996_Table32"
"Miniopterus pusillus","Septum_Vol.mm3",239,"Baron_etal_1996_Table32",2.64,"NCBI_exact",TRUE,"Baron_etal_1996_Table32"
"Miniopterus pusillus","Striatum_Vol.mm3",239,"Baron_etal_1996_Table32",11.5,"NCBI_exact",TRUE,"Baron_etal_1996_Table32"
"Miniopterus pusillus","Telencephalon_Vol.mm3",239,"Baron_etal_1996_Table10",95,"NCBI_exact",TRUE,"Baron_etal_1996_Table10"
"Miniopterus schreibersii","Amygdala_Vol.mm3",240,"Baron_etal_1996_Table32",10.8,"NCBI_exact",TRUE,"Baron_etal_1996_Table32"
"Miniopterus schreibersii","Amygdala_Vol.mm3",241,"Baron_etal_1996_Table32",12.4,"NCBI_exact",TRUE,"Baron_etal_1996_Table32"
"Miniopterus schreibersii","Bulbus_olfactorius_Vol.mm3",241,"Baron_etal_1996_Table32",5.98,"NCBI_exact",TRUE,"Baron_etal_1996_Table32"
"Miniopterus schreibersii","Bulbus_olfactorius_Vol.mm3",240,"Baron_etal_1996_Table32",5.24,"NCBI_exact",TRUE,"Baron_etal_1996_Table32"
"Miniopterus schreibersii","Cerebellum_Vol.mm3",240,"Baron_etal_1996_Table10",49.8,"NCBI_exact",TRUE,"Baron_etal_1996_Table10"
"Miniopterus schreibersii","Cerebellum_Vol.mm3",241,"Baron_etal_1996_Table10",73.5,"NCBI_exact",TRUE,"Baron_etal_1996_Table10"
"Miniopterus schreibersii","Diencephalon_Vol.mm3",240,"Baron_etal_1996_Table10",17.2,"NCBI_exact",TRUE,"Baron_etal_1996_Table10"
"Miniopterus schreibersii","Diencephalon_Vol.mm3",241,"Baron_etal_1996_Table10",20.4,"NCBI_exact",TRUE,"Baron_etal_1996_Table10"
"Miniopterus schreibersii","Hippocampus_Vol.mm3",240,"Baron_etal_1996_Table32",16.6,"NCBI_exact",TRUE,"Baron_etal_1996_Table32"
"Miniopterus schreibersii","Hippocampus_Vol.mm3",241,"Baron_etal_1996_Table32",19.7,"NCBI_exact",TRUE,"Baron_etal_1996_Table32"
"Miniopterus schreibersii","Medulla_oblongata_Vol.mm3",240,"Baron_etal_1996_Table10",31.7,"NCBI_exact",TRUE,"Baron_etal_1996_Table10"
"Miniopterus schreibersii","Medulla_oblongata_Vol.mm3",241,"Baron_etal_1996_Table10",41.3,"NCBI_exact",TRUE,"Baron_etal_1996_Table10"
"Miniopterus schreibersii","Mesencephalon_Vol.mm3",241,"Baron_etal_1996_Table10",26.6,"NCBI_exact",TRUE,"Baron_etal_1996_Table10"
"Miniopterus schreibersii","Mesencephalon_Vol.mm3",240,"Baron_etal_1996_Table10",20.5,"NCBI_exact",TRUE,"Baron_etal_1996_Table10"
"Miniopterus schreibersii","Neocortex_Vol.mm3",241,"Baron_etal_1996_Table32",49.8,"NCBI_exact",TRUE,"Baron_etal_1996_Table32"
"Miniopterus schreibersii","Neocortex_Vol.mm3",240,"Baron_etal_1996_Table32",44,"NCBI_exact",TRUE,"Baron_etal_1996_Table32"
"Miniopterus schreibersii","Palaeocortex_Vol.mm3",241,"Baron_etal_1996_Table32",12.9,"NCBI_exact",TRUE,"Baron_etal_1996_Table32"
"Miniopterus schreibersii","Palaeocortex_Vol.mm3",240,"Baron_etal_1996_Table32",9.71,"NCBI_exact",TRUE,"Baron_etal_1996_Table32"
"Miniopterus schreibersii","Schizo_cortex_Vol.mm3",240,"Baron_etal_1996_Table32",7.74,"NCBI_exact",TRUE,"Baron_etal_1996_Table32"
"Miniopterus schreibersii","Schizo_cortex_Vol.mm3",241,"Baron_etal_1996_Table32",9.13,"NCBI_exact",TRUE,"Baron_etal_1996_Table32"
"Miniopterus schreibersii","Septum_Vol.mm3",241,"Baron_etal_1996_Table32",3.7,"NCBI_exact",TRUE,"Baron_etal_1996_Table32"
"Miniopterus schreibersii","Septum_Vol.mm3",240,"Baron_etal_1996_Table32",2.98,"NCBI_exact",TRUE,"Baron_etal_1996_Table32"
"Miniopterus schreibersii","Striatum_Vol.mm3",241,"Baron_etal_1996_Table32",16,"NCBI_exact",TRUE,"Baron_etal_1996_Table32"
"Miniopterus schreibersii","Striatum_Vol.mm3",240,"Baron_etal_1996_Table32",13.1,"NCBI_exact",TRUE,"Baron_etal_1996_Table32"
"Miniopterus schreibersii","Telencephalon_Vol.mm3",241,"Baron_etal_1996_Table10",129.8,"NCBI_exact",TRUE,"Baron_etal_1996_Table10"
"Miniopterus schreibersii","Telencephalon_Vol.mm3",240,"Baron_etal_1996_Table10",110.2,"NCBI_exact",TRUE,"Baron_etal_1996_Table10"
"Miniopterus tristis","Amygdala_Vol.mm3",242,"Baron_etal_1996_Table32",16.5,"NCBI_exact",TRUE,"Baron_etal_1996_Table32"
"Miniopterus tristis","Bulbus_olfactorius_Vol.mm3",242,"Baron_etal_1996_Table32",6.12,"NCBI_exact",TRUE,"Baron_etal_1996_Table32"
"Miniopterus tristis","Cerebellum_Vol.mm3",242,"Baron_etal_1996_Table10",71.7,"NCBI_exact",TRUE,"Baron_etal_1996_Table10"
"Miniopterus tristis","Diencephalon_Vol.mm3",242,"Baron_etal_1996_Table10",23.1,"NCBI_exact",TRUE,"Baron_etal_1996_Table10"
"Miniopterus tristis","Hippocampus_Vol.mm3",242,"Baron_etal_1996_Table32",18.4,"NCBI_exact",TRUE,"Baron_etal_1996_Table32"
"Miniopterus tristis","Medulla_oblongata_Vol.mm3",242,"Baron_etal_1996_Table10",44.2,"NCBI_exact",TRUE,"Baron_etal_1996_Table10"
"Miniopterus tristis","Mesencephalon_Vol.mm3",242,"Baron_etal_1996_Table10",30,"NCBI_exact",TRUE,"Baron_etal_1996_Table10"
"Miniopterus tristis","Neocortex_Vol.mm3",242,"Baron_etal_1996_Table32",62.2,"NCBI_exact",TRUE,"Baron_etal_1996_Table32"
"Miniopterus tristis","Palaeocortex_Vol.mm3",242,"Baron_etal_1996_Table32",12.5,"NCBI_exact",TRUE,"Baron_etal_1996_Table32"
"Miniopterus tristis","Schizo_cortex_Vol.mm3",242,"Baron_etal_1996_Table32",7.03,"NCBI_exact",TRUE,"Baron_etal_1996_Table32"
"Miniopterus tristis","Septum_Vol.mm3",242,"Baron_etal_1996_Table32",3.68,"NCBI_exact",TRUE,"Baron_etal_1996_Table32"
"Miniopterus tristis","Striatum_Vol.mm3",242,"Baron_etal_1996_Table32",17.7,"NCBI_exact",TRUE,"Baron_etal_1996_Table32"
"Miniopterus tristis","Telencephalon_Vol.mm3",242,"Baron_etal_1996_Table10",144.2,"NCBI_exact",TRUE,"Baron_etal_1996_Table10"
"Molossus ater","Amygdala_Vol.mm3",269,"Baron_etal_1996_Table32",29,"NCBI_exact",TRUE,"Baron_etal_1996_Table32"
"Molossus ater","Bulbus_olfactorius_Vol.mm3",269,"Baron_etal_1996_Table32",12.9,"NCBI_exact",TRUE,"Baron_etal_1996_Table32"
"Molossus ater","Cerebellum_Vol.mm3",269,"Baron_etal_1996_Table10",93.8,"NCBI_exact",TRUE,"Baron_etal_1996_Table10"
"Molossus ater","Diencephalon_Vol.mm3",269,"Baron_etal_1996_Table10",40.8,"NCBI_exact",TRUE,"Baron_etal_1996_Table10"
"Molossus ater","Hippocampus_Vol.mm3",269,"Baron_etal_1996_Table32",24.4,"NCBI_exact",TRUE,"Baron_etal_1996_Table32"
"Molossus ater","Medulla_oblongata_Vol.mm3",269,"Baron_etal_1996_Table10",66,"NCBI_exact",TRUE,"Baron_etal_1996_Table10"
"Molossus ater","Mesencephalon_Vol.mm3",269,"Baron_etal_1996_Table10",53.8,"NCBI_exact",TRUE,"Baron_etal_1996_Table10"
"Molossus ater","Neocortex_Vol.mm3",269,"Baron_etal_1996_Table32",113.8,"NCBI_exact",TRUE,"Baron_etal_1996_Table32"
"Molossus ater","Palaeocortex_Vol.mm3",269,"Baron_etal_1996_Table32",21.1,"NCBI_exact",TRUE,"Baron_etal_1996_Table32"
"Molossus ater","Schizo_cortex_Vol.mm3",269,"Baron_etal_1996_Table32",14.6,"NCBI_exact",TRUE,"Baron_etal_1996_Table32"
"Molossus ater","Septum_Vol.mm3",269,"Baron_etal_1996_Table32",6.23,"NCBI_exact",TRUE,"Baron_etal_1996_Table32"
"Molossus ater","Striatum_Vol.mm3",269,"Baron_etal_1996_Table32",21.6,"NCBI_exact",TRUE,"Baron_etal_1996_Table32"
"Molossus ater","Telencephalon_Vol.mm3",269,"Baron_etal_1996_Table10",243.6,"NCBI_exact",TRUE,"Baron_etal_1996_Table10"
"Molossus molossus","Amygdala_Vol.mm3",270,"Baron_etal_1996_Table32",17.2,"NCBI_exact",TRUE,"Baron_etal_1996_Table32"
"Molossus molossus","Bulbus_olfactorius_Vol.mm3",270,"Baron_etal_1996_Table32",7.48,"NCBI_exact",TRUE,"Baron_etal_1996_Table32"
"Molossus molossus","Cerebellum_Vol.mm3",270,"Baron_etal_1996_Table10",58.7,"NCBI_exact",TRUE,"Baron_etal_1996_Table10"
"Molossus molossus","Diencephalon_Vol.mm3",270,"Baron_etal_1996_Table10",23.5,"NCBI_exact",TRUE,"Baron_etal_1996_Table10"
"Molossus molossus","Hippocampus_Vol.mm3",270,"Baron_etal_1996_Table32",15.2,"NCBI_exact",TRUE,"Baron_etal_1996_Table32"
"Molossus molossus","Medulla_oblongata_Vol.mm3",270,"Baron_etal_1996_Table10",42.6,"NCBI_exact",TRUE,"Baron_etal_1996_Table10"
"Molossus molossus","Mesencephalon_Vol.mm3",270,"Baron_etal_1996_Table10",32.8,"NCBI_exact",TRUE,"Baron_etal_1996_Table10"
"Molossus molossus","Neocortex_Vol.mm3",270,"Baron_etal_1996_Table32",62.6,"NCBI_exact",TRUE,"Baron_etal_1996_Table32"
"Molossus molossus","Palaeocortex_Vol.mm3",270,"Baron_etal_1996_Table32",12.9,"NCBI_exact",TRUE,"Baron_etal_1996_Table32"
"Molossus molossus","Schizo_cortex_Vol.mm3",270,"Baron_etal_1996_Table32",8.67,"NCBI_exact",TRUE,"Baron_etal_1996_Table32"
"Molossus molossus","Septum_Vol.mm3",270,"Baron_etal_1996_Table32",4.07,"NCBI_exact",TRUE,"Baron_etal_1996_Table32"
"Molossus molossus","Striatum_Vol.mm3",270,"Baron_etal_1996_Table32",12.6,"NCBI_exact",TRUE,"Baron_etal_1996_Table32"
"Molossus molossus","Telencephalon_Vol.mm3",270,"Baron_etal_1996_Table10",140.7,"NCBI_exact",TRUE,"Baron_etal_1996_Table10"
"Monophyllus plethodon","Amygdala_Vol.mm3",144,"Baron_etal_1996_Table32",13.6,"NCBI_exact",TRUE,"Baron_etal_1996_Table32"
"Monophyllus plethodon","Bulbus_olfactorius_Vol.mm3",144,"Baron_etal_1996_Table32",13.6,"NCBI_exact",TRUE,"Baron_etal_1996_Table32"
"Monophyllus plethodon","Cerebellum_Vol.mm3",144,"Baron_etal_1996_Table10",89,"NCBI_exact",TRUE,"Baron_etal_1996_Table10"
"Monophyllus plethodon","Diencephalon_Vol.mm3",144,"Baron_etal_1996_Table10",31.7,"NCBI_exact",TRUE,"Baron_etal_1996_Table10"
"Monophyllus plethodon","Hippocampus_Vol.mm3",144,"Baron_etal_1996_Table32",34.3,"NCBI_exact",TRUE,"Baron_etal_1996_Table32"
"Monophyllus plethodon","Medulla_oblongata_Vol.mm3",144,"Baron_etal_1996_Table10",45.2,"NCBI_exact",TRUE,"Baron_etal_1996_Table10"
"Monophyllus plethodon","Mesencephalon_Vol.mm3",144,"Baron_etal_1996_Table10",28.5,"NCBI_exact",TRUE,"Baron_etal_1996_Table10"
"Monophyllus plethodon","Neocortex_Vol.mm3",144,"Baron_etal_1996_Table32",96.4,"NCBI_exact",TRUE,"Baron_etal_1996_Table32"
"Monophyllus plethodon","Palaeocortex_Vol.mm3",144,"Baron_etal_1996_Table32",20.9,"NCBI_exact",TRUE,"Baron_etal_1996_Table32"
"Monophyllus plethodon","Schizo_cortex_Vol.mm3",144,"Baron_etal_1996_Table32",15.3,"NCBI_exact",TRUE,"Baron_etal_1996_Table32"
"Monophyllus plethodon","Septum_Vol.mm3",144,"Baron_etal_1996_Table32",5.89,"NCBI_exact",TRUE,"Baron_etal_1996_Table32"
"Monophyllus plethodon","Striatum_Vol.mm3",144,"Baron_etal_1996_Table32",22.8,"NCBI_exact",TRUE,"Baron_etal_1996_Table32"
"Monophyllus plethodon","Telencephalon_Vol.mm3",144,"Baron_etal_1996_Table10",222.9,"NCBI_exact",TRUE,"Baron_etal_1996_Table10"
"Mops condylurus","Amygdala_Vol.mm3",255,"Baron_etal_1996_Table32",21.5,"NCBI_exact",TRUE,"Baron_etal_1996_Table32"
"Mops condylurus","Bulbus_olfactorius_Vol.mm3",255,"Baron_etal_1996_Table32",13.3,"NCBI_exact",TRUE,"Baron_etal_1996_Table32"
"Mops condylurus","Cerebellum_Vol.mm3",255,"Baron_etal_1996_Table10",74.4,"NCBI_exact",TRUE,"Baron_etal_1996_Table10"
"Mops condylurus","Diencephalon_Vol.mm3",255,"Baron_etal_1996_Table10",37.9,"NCBI_exact",TRUE,"Baron_etal_1996_Table10"
"Mops condylurus","Hippocampus_Vol.mm3",255,"Baron_etal_1996_Table32",22.9,"NCBI_exact",TRUE,"Baron_etal_1996_Table32"
"Mops condylurus","Medulla_oblongata_Vol.mm3",255,"Baron_etal_1996_Table10",58.6,"NCBI_exact",TRUE,"Baron_etal_1996_Table10"
"Mops condylurus","Mesencephalon_Vol.mm3",255,"Baron_etal_1996_Table10",41.5,"NCBI_exact",TRUE,"Baron_etal_1996_Table10"
"Mops condylurus","Neocortex_Vol.mm3",255,"Baron_etal_1996_Table32",102,"NCBI_exact",TRUE,"Baron_etal_1996_Table32"
"Mops condylurus","Palaeocortex_Vol.mm3",255,"Baron_etal_1996_Table32",18.4,"NCBI_exact",TRUE,"Baron_etal_1996_Table32"
"Mops condylurus","Schizo_cortex_Vol.mm3",255,"Baron_etal_1996_Table32",14.5,"NCBI_exact",TRUE,"Baron_etal_1996_Table32"
"Mops condylurus","Septum_Vol.mm3",255,"Baron_etal_1996_Table32",5.81,"NCBI_exact",TRUE,"Baron_etal_1996_Table32"
"Mops condylurus","Striatum_Vol.mm3",255,"Baron_etal_1996_Table32",19.7,"NCBI_exact",TRUE,"Baron_etal_1996_Table32"
"Mops condylurus","Telencephalon_Vol.mm3",255,"Baron_etal_1996_Table10",218.2,"NCBI_exact",TRUE,"Baron_etal_1996_Table10"
"Mops leucostigma","Amygdala_Vol.mm3",260,"Baron_etal_1996_Table32",19,"GBIF_frozen_legacy_map",TRUE,"Baron_etal_1996_Table32"
"Mops leucostigma","Bulbus_olfactorius_Vol.mm3",260,"Baron_etal_1996_Table32",8.78,"GBIF_frozen_legacy_map",TRUE,"Baron_etal_1996_Table32"
"Mops leucostigma","Cerebellum_Vol.mm3",260,"Baron_etal_1996_Table10",70,"GBIF_frozen_legacy_map",TRUE,"Baron_etal_1996_Table10"
"Mops leucostigma","Diencephalon_Vol.mm3",260,"Baron_etal_1996_Table10",28.2,"GBIF_frozen_legacy_map",TRUE,"Baron_etal_1996_Table10"
"Mops leucostigma","Hippocampus_Vol.mm3",260,"Baron_etal_1996_Table32",19.8,"GBIF_frozen_legacy_map",TRUE,"Baron_etal_1996_Table32"
"Mops leucostigma","Medulla_oblongata_Vol.mm3",260,"Baron_etal_1996_Table10",55.9,"GBIF_frozen_legacy_map",TRUE,"Baron_etal_1996_Table10"
"Mops leucostigma","Mesencephalon_Vol.mm3",260,"Baron_etal_1996_Table10",39.7,"GBIF_frozen_legacy_map",TRUE,"Baron_etal_1996_Table10"
"Mops leucostigma","Neocortex_Vol.mm3",260,"Baron_etal_1996_Table32",80.7,"GBIF_frozen_legacy_map",TRUE,"Baron_etal_1996_Table32"
"Mops leucostigma","Palaeocortex_Vol.mm3",260,"Baron_etal_1996_Table32",16.6,"GBIF_frozen_legacy_map",TRUE,"Baron_etal_1996_Table32"
"Mops leucostigma","Schizo_cortex_Vol.mm3",260,"Baron_etal_1996_Table32",9.61,"GBIF_frozen_legacy_map",TRUE,"Baron_etal_1996_Table32"
"Mops leucostigma","Septum_Vol.mm3",260,"Baron_etal_1996_Table32",5.67,"GBIF_frozen_legacy_map",TRUE,"Baron_etal_1996_Table32"
"Mops leucostigma","Striatum_Vol.mm3",260,"Baron_etal_1996_Table32",15.1,"GBIF_frozen_legacy_map",TRUE,"Baron_etal_1996_Table32"
"Mops leucostigma","Telencephalon_Vol.mm3",260,"Baron_etal_1996_Table10",175.3,"GBIF_frozen_legacy_map",TRUE,"Baron_etal_1996_Table10"
"Mops mops","Amygdala_Vol.mm3",256,"Baron_etal_1996_Table32",21.2,"GBIF_frozen_legacy_map",TRUE,"Baron_etal_1996_Table32"
"Mops mops","Bulbus_olfactorius_Vol.mm3",256,"Baron_etal_1996_Table32",13.9,"GBIF_frozen_legacy_map",TRUE,"Baron_etal_1996_Table32"
"Mops mops","Cerebellum_Vol.mm3",256,"Baron_etal_1996_Table10",74.6,"GBIF_frozen_legacy_map",TRUE,"Baron_etal_1996_Table10"
"Mops mops","Diencephalon_Vol.mm3",256,"Baron_etal_1996_Table10",43.3,"GBIF_frozen_legacy_map",TRUE,"Baron_etal_1996_Table10"
"Mops mops","Hippocampus_Vol.mm3",256,"Baron_etal_1996_Table32",24.5,"GBIF_frozen_legacy_map",TRUE,"Baron_etal_1996_Table32"
"Mops mops","Medulla_oblongata_Vol.mm3",256,"Baron_etal_1996_Table10",60.6,"GBIF_frozen_legacy_map",TRUE,"Baron_etal_1996_Table10"
"Mops mops","Mesencephalon_Vol.mm3",256,"Baron_etal_1996_Table10",43,"GBIF_frozen_legacy_map",TRUE,"Baron_etal_1996_Table10"
"Mops mops","Neocortex_Vol.mm3",256,"Baron_etal_1996_Table32",105.6,"GBIF_frozen_legacy_map",TRUE,"Baron_etal_1996_Table32"
"Mops mops","Palaeocortex_Vol.mm3",256,"Baron_etal_1996_Table32",19.9,"GBIF_frozen_legacy_map",TRUE,"Baron_etal_1996_Table32"
"Mops mops","Schizo_cortex_Vol.mm3",256,"Baron_etal_1996_Table32",11.6,"GBIF_frozen_legacy_map",TRUE,"Baron_etal_1996_Table32"
"Mops mops","Septum_Vol.mm3",256,"Baron_etal_1996_Table32",6.26,"GBIF_frozen_legacy_map",TRUE,"Baron_etal_1996_Table32"
"Mops mops","Striatum_Vol.mm3",256,"Baron_etal_1996_Table32",22.8,"GBIF_frozen_legacy_map",TRUE,"Baron_etal_1996_Table32"
"Mops mops","Telencephalon_Vol.mm3",256,"Baron_etal_1996_Table10",225.7,"GBIF_frozen_legacy_map",TRUE,"Baron_etal_1996_Table10"
"Mops niveiventer","Amygdala_Vol.mm3",257,"Baron_etal_1996_Table32",19.5,"GBIF_frozen_legacy_map",TRUE,"Baron_etal_1996_Table32"
"Mops niveiventer","Bulbus_olfactorius_Vol.mm3",257,"Baron_etal_1996_Table32",10.6,"GBIF_frozen_legacy_map",TRUE,"Baron_etal_1996_Table32"
"Mops niveiventer","Cerebellum_Vol.mm3",257,"Baron_etal_1996_Table10",79.1,"GBIF_frozen_legacy_map",TRUE,"Baron_etal_1996_Table10"
"Mops niveiventer","Diencephalon_Vol.mm3",257,"Baron_etal_1996_Table10",35.5,"GBIF_frozen_legacy_map",TRUE,"Baron_etal_1996_Table10"
"Mops niveiventer","Hippocampus_Vol.mm3",257,"Baron_etal_1996_Table32",20.8,"GBIF_frozen_legacy_map",TRUE,"Baron_etal_1996_Table32"
"Mops niveiventer","Medulla_oblongata_Vol.mm3",257,"Baron_etal_1996_Table10",60.8,"GBIF_frozen_legacy_map",TRUE,"Baron_etal_1996_Table10"
"Mops niveiventer","Mesencephalon_Vol.mm3",257,"Baron_etal_1996_Table10",42.9,"GBIF_frozen_legacy_map",TRUE,"Baron_etal_1996_Table10"
"Mops niveiventer","Neocortex_Vol.mm3",257,"Baron_etal_1996_Table32",86.9,"GBIF_frozen_legacy_map",TRUE,"Baron_etal_1996_Table32"
"Mops niveiventer","Palaeocortex_Vol.mm3",257,"Baron_etal_1996_Table32",15.9,"GBIF_frozen_legacy_map",TRUE,"Baron_etal_1996_Table32"
"Mops niveiventer","Schizo_cortex_Vol.mm3",257,"Baron_etal_1996_Table32",13.8,"GBIF_frozen_legacy_map",TRUE,"Baron_etal_1996_Table32"
"Mops niveiventer","Septum_Vol.mm3",257,"Baron_etal_1996_Table32",5.11,"GBIF_frozen_legacy_map",TRUE,"Baron_etal_1996_Table32"
"Mops niveiventer","Striatum_Vol.mm3",257,"Baron_etal_1996_Table32",16.1,"GBIF_frozen_legacy_map",TRUE,"Baron_etal_1996_Table32"
"Mops niveiventer","Telencephalon_Vol.mm3",257,"Baron_etal_1996_Table10",188.7,"GBIF_frozen_legacy_map",TRUE,"Baron_etal_1996_Table10"
"Mormoops megalophylla","Amygdala_Vol.mm3",126,"Baron_etal_1996_Table32",12.8,"NCBI_exact",TRUE,"Baron_etal_1996_Table32"
"Mormoops megalophylla","Bulbus_olfactorius_Vol.mm3",126,"Baron_etal_1996_Table32",6.66,"NCBI_exact",TRUE,"Baron_etal_1996_Table32"
"Mormoops megalophylla","Cerebellum_Vol.mm3",126,"Baron_etal_1996_Table10",105.7,"NCBI_exact",TRUE,"Baron_etal_1996_Table10"
"Mormoops megalophylla","Diencephalon_Vol.mm3",126,"Baron_etal_1996_Table10",24.4,"NCBI_exact",TRUE,"Baron_etal_1996_Table10"
"Mormoops megalophylla","Hippocampus_Vol.mm3",126,"Baron_etal_1996_Table32",27.5,"NCBI_exact",TRUE,"Baron_etal_1996_Table32"
"Mormoops megalophylla","Medulla_oblongata_Vol.mm3",126,"Baron_etal_1996_Table10",46,"NCBI_exact",TRUE,"Baron_etal_1996_Table10"
"Mormoops megalophylla","Mesencephalon_Vol.mm3",126,"Baron_etal_1996_Table10",30.8,"NCBI_exact",TRUE,"Baron_etal_1996_Table10"
"Mormoops megalophylla","Neocortex_Vol.mm3",126,"Baron_etal_1996_Table32",67.2,"NCBI_exact",TRUE,"Baron_etal_1996_Table32"
"Mormoops megalophylla","Palaeocortex_Vol.mm3",126,"Baron_etal_1996_Table32",11.8,"NCBI_exact",TRUE,"Baron_etal_1996_Table32"
"Mormoops megalophylla","Schizo_cortex_Vol.mm3",126,"Baron_etal_1996_Table32",10.6,"NCBI_exact",TRUE,"Baron_etal_1996_Table32"
"Mormoops megalophylla","Septum_Vol.mm3",126,"Baron_etal_1996_Table32",4.75,"NCBI_exact",TRUE,"Baron_etal_1996_Table32"
"Mormoops megalophylla","Striatum_Vol.mm3",126,"Baron_etal_1996_Table32",17,"NCBI_exact",TRUE,"Baron_etal_1996_Table32"
"Mormoops megalophylla","Telencephalon_Vol.mm3",126,"Baron_etal_1996_Table10",158.4,"NCBI_exact",TRUE,"Baron_etal_1996_Table10"
"Murina cyclotis","Amygdala_Vol.mm3",243,"Baron_etal_1996_Table32",9.6,"NCBI_exact",TRUE,"Baron_etal_1996_Table32"
"Murina cyclotis","Amygdala_Vol.mm3",244,"Baron_etal_1996_Table32",10.4,"NCBI_exact",TRUE,"Baron_etal_1996_Table32"
"Murina cyclotis","Bulbus_olfactorius_Vol.mm3",244,"Baron_etal_1996_Table32",13.5,"NCBI_exact",TRUE,"Baron_etal_1996_Table32"
"Murina cyclotis","Bulbus_olfactorius_Vol.mm3",243,"Baron_etal_1996_Table32",12.8,"NCBI_exact",TRUE,"Baron_etal_1996_Table32"
"Murina cyclotis","Cerebellum_Vol.mm3",244,"Baron_etal_1996_Table10",48,"NCBI_exact",TRUE,"Baron_etal_1996_Table10"
"Murina cyclotis","Cerebellum_Vol.mm3",243,"Baron_etal_1996_Table10",39.9,"NCBI_exact",TRUE,"Baron_etal_1996_Table10"
"Murina cyclotis","Diencephalon_Vol.mm3",244,"Baron_etal_1996_Table10",19.5,"NCBI_exact",TRUE,"Baron_etal_1996_Table10"
"Murina cyclotis","Diencephalon_Vol.mm3",243,"Baron_etal_1996_Table10",18.3,"NCBI_exact",TRUE,"Baron_etal_1996_Table10"
"Murina cyclotis","Hippocampus_Vol.mm3",244,"Baron_etal_1996_Table32",14.8,"NCBI_exact",TRUE,"Baron_etal_1996_Table32"
"Murina cyclotis","Hippocampus_Vol.mm3",243,"Baron_etal_1996_Table32",15.9,"NCBI_exact",TRUE,"Baron_etal_1996_Table32"
"Murina cyclotis","Medulla_oblongata_Vol.mm3",243,"Baron_etal_1996_Table10",28.8,"NCBI_exact",TRUE,"Baron_etal_1996_Table10"
"Murina cyclotis","Medulla_oblongata_Vol.mm3",244,"Baron_etal_1996_Table10",29.9,"NCBI_exact",TRUE,"Baron_etal_1996_Table10"
"Murina cyclotis","Mesencephalon_Vol.mm3",243,"Baron_etal_1996_Table10",21.2,"NCBI_exact",TRUE,"Baron_etal_1996_Table10"
"Murina cyclotis","Mesencephalon_Vol.mm3",244,"Baron_etal_1996_Table10",21.3,"NCBI_exact",TRUE,"Baron_etal_1996_Table10"
"Murina cyclotis","Neocortex_Vol.mm3",243,"Baron_etal_1996_Table32",44.4,"NCBI_exact",TRUE,"Baron_etal_1996_Table32"
"Murina cyclotis","Neocortex_Vol.mm3",244,"Baron_etal_1996_Table32",58.7,"NCBI_exact",TRUE,"Baron_etal_1996_Table32"
"Murina cyclotis","Palaeocortex_Vol.mm3",243,"Baron_etal_1996_Table32",20.1,"NCBI_exact",TRUE,"Baron_etal_1996_Table32"
"Murina cyclotis","Palaeocortex_Vol.mm3",244,"Baron_etal_1996_Table32",22.2,"NCBI_exact",TRUE,"Baron_etal_1996_Table32"
"Murina cyclotis","Schizo_cortex_Vol.mm3",244,"Baron_etal_1996_Table32",9.87,"NCBI_exact",TRUE,"Baron_etal_1996_Table32"
"Murina cyclotis","Schizo_cortex_Vol.mm3",243,"Baron_etal_1996_Table32",7.91,"NCBI_exact",TRUE,"Baron_etal_1996_Table32"
"Murina cyclotis","Septum_Vol.mm3",243,"Baron_etal_1996_Table32",3.33,"NCBI_exact",TRUE,"Baron_etal_1996_Table32"
"Murina cyclotis","Septum_Vol.mm3",244,"Baron_etal_1996_Table32",3.4,"NCBI_exact",TRUE,"Baron_etal_1996_Table32"
"Murina cyclotis","Striatum_Vol.mm3",243,"Baron_etal_1996_Table32",13.1,"NCBI_exact",TRUE,"Baron_etal_1996_Table32"
"Murina cyclotis","Striatum_Vol.mm3",244,"Baron_etal_1996_Table32",13.9,"NCBI_exact",TRUE,"Baron_etal_1996_Table32"
"Murina cyclotis","Telencephalon_Vol.mm3",243,"Baron_etal_1996_Table10",127.7,"NCBI_exact",TRUE,"Baron_etal_1996_Table10"
"Murina cyclotis","Telencephalon_Vol.mm3",244,"Baron_etal_1996_Table10",146.9,"NCBI_exact",TRUE,"Baron_etal_1996_Table10"
"Murina huttoni","Amygdala_Vol.mm3",245,"Baron_etal_1996_Table32",10.2,"NCBI_exact",TRUE,"Baron_etal_1996_Table32"
"Murina huttoni","Bulbus_olfactorius_Vol.mm3",245,"Baron_etal_1996_Table32",13.9,"NCBI_exact",TRUE,"Baron_etal_1996_Table32"
"Murina huttoni","Cerebellum_Vol.mm3",245,"Baron_etal_1996_Table10",40.8,"NCBI_exact",TRUE,"Baron_etal_1996_Table10"
"Murina huttoni","Diencephalon_Vol.mm3",245,"Baron_etal_1996_Table10",18.9,"NCBI_exact",TRUE,"Baron_etal_1996_Table10"
"Murina huttoni","Hippocampus_Vol.mm3",245,"Baron_etal_1996_Table32",17.1,"NCBI_exact",TRUE,"Baron_etal_1996_Table32"
"Murina huttoni","Medulla_oblongata_Vol.mm3",245,"Baron_etal_1996_Table10",27,"NCBI_exact",TRUE,"Baron_etal_1996_Table10"
"Murina huttoni","Mesencephalon_Vol.mm3",245,"Baron_etal_1996_Table10",20.4,"NCBI_exact",TRUE,"Baron_etal_1996_Table10"
"Murina huttoni","Neocortex_Vol.mm3",245,"Baron_etal_1996_Table32",49.5,"NCBI_exact",TRUE,"Baron_etal_1996_Table32"
"Murina huttoni","Palaeocortex_Vol.mm3",245,"Baron_etal_1996_Table32",20.8,"NCBI_exact",TRUE,"Baron_etal_1996_Table32"
"Murina huttoni","Schizo_cortex_Vol.mm3",245,"Baron_etal_1996_Table32",7.49,"NCBI_exact",TRUE,"Baron_etal_1996_Table32"
"Murina huttoni","Septum_Vol.mm3",245,"Baron_etal_1996_Table32",3.54,"NCBI_exact",TRUE,"Baron_etal_1996_Table32"
"Murina huttoni","Striatum_Vol.mm3",245,"Baron_etal_1996_Table32",13.5,"NCBI_exact",TRUE,"Baron_etal_1996_Table32"
"Murina huttoni","Telencephalon_Vol.mm3",245,"Baron_etal_1996_Table10",136,"NCBI_exact",TRUE,"Baron_etal_1996_Table10"
"Murina tubinaris","Amygdala_Vol.mm3",246,"Baron_etal_1996_Table32",8.53,"NCBI_exact",TRUE,"Baron_etal_1996_Table32"
"Murina tubinaris","Bulbus_olfactorius_Vol.mm3",246,"Baron_etal_1996_Table32",11.1,"NCBI_exact",TRUE,"Baron_etal_1996_Table32"
"Murina tubinaris","Cerebellum_Vol.mm3",246,"Baron_etal_1996_Table10",35.7,"NCBI_exact",TRUE,"Baron_etal_1996_Table10"
"Murina tubinaris","Diencephalon_Vol.mm3",246,"Baron_etal_1996_Table10",15.9,"NCBI_exact",TRUE,"Baron_etal_1996_Table10"
"Murina tubinaris","Hippocampus_Vol.mm3",246,"Baron_etal_1996_Table32",15.2,"NCBI_exact",TRUE,"Baron_etal_1996_Table32"
"Murina tubinaris","Medulla_oblongata_Vol.mm3",246,"Baron_etal_1996_Table10",23.6,"NCBI_exact",TRUE,"Baron_etal_1996_Table10"
"Murina tubinaris","Mesencephalon_Vol.mm3",246,"Baron_etal_1996_Table10",16.1,"NCBI_exact",TRUE,"Baron_etal_1996_Table10"
"Murina tubinaris","Neocortex_Vol.mm3",246,"Baron_etal_1996_Table32",38,"NCBI_exact",TRUE,"Baron_etal_1996_Table32"
"Murina tubinaris","Palaeocortex_Vol.mm3",246,"Baron_etal_1996_Table32",20,"NCBI_exact",TRUE,"Baron_etal_1996_Table32"
"Murina tubinaris","Schizo_cortex_Vol.mm3",246,"Baron_etal_1996_Table32",6.61,"NCBI_exact",TRUE,"Baron_etal_1996_Table32"
"Murina tubinaris","Septum_Vol.mm3",246,"Baron_etal_1996_Table32",2.99,"NCBI_exact",TRUE,"Baron_etal_1996_Table32"
"Murina tubinaris","Striatum_Vol.mm3",246,"Baron_etal_1996_Table32",11.4,"NCBI_exact",TRUE,"Baron_etal_1996_Table32"
"Murina tubinaris","Telencephalon_Vol.mm3",246,"Baron_etal_1996_Table10",113.9,"NCBI_exact",TRUE,"Baron_etal_1996_Table10"
"Myonycteris torquata","Amygdala_Vol.mm3",5,"Baron_etal_1996_Table32",24.6,"NCBI_exact",TRUE,"Baron_etal_1996_Table32"
"Myonycteris torquata","Bulbus_olfactorius_Vol.mm3",5,"Baron_etal_1996_Table32",56.1,"NCBI_exact",TRUE,"Baron_etal_1996_Table32"
"Myonycteris torquata","Cerebellum_Vol.mm3",5,"Baron_etal_1996_Table10",155.8,"NCBI_exact",TRUE,"Baron_etal_1996_Table10"
"Myonycteris torquata","Diencephalon_Vol.mm3",5,"Baron_etal_1996_Table10",99.2,"NCBI_exact",TRUE,"Baron_etal_1996_Table10"
"Myonycteris torquata","Hippocampus_Vol.mm3",5,"Baron_etal_1996_Table32",85.7,"NCBI_exact",TRUE,"Baron_etal_1996_Table32"
"Myonycteris torquata","Medulla_oblongata_Vol.mm3",5,"Baron_etal_1996_Table10",82.2,"NCBI_exact",TRUE,"Baron_etal_1996_Table10"
"Myonycteris torquata","Mesencephalon_Vol.mm3",5,"Baron_etal_1996_Table10",66.7,"NCBI_exact",TRUE,"Baron_etal_1996_Table10"
"Myonycteris torquata","Neocortex_Vol.mm3",5,"Baron_etal_1996_Table32",336.5,"NCBI_exact",TRUE,"Baron_etal_1996_Table32"
"Myonycteris torquata","Palaeocortex_Vol.mm3",5,"Baron_etal_1996_Table32",67.2,"NCBI_exact",TRUE,"Baron_etal_1996_Table32"
"Myonycteris torquata","Schizo_cortex_Vol.mm3",5,"Baron_etal_1996_Table32",47.1,"NCBI_exact",TRUE,"Baron_etal_1996_Table32"
"Myonycteris torquata","Septum_Vol.mm3",5,"Baron_etal_1996_Table32",17.5,"NCBI_exact",TRUE,"Baron_etal_1996_Table32"
"Myonycteris torquata","Striatum_Vol.mm3",5,"Baron_etal_1996_Table32",58.6,"NCBI_exact",TRUE,"Baron_etal_1996_Table32"
"Myonycteris torquata","Telencephalon_Vol.mm3",5,"Baron_etal_1996_Table10",693.2,"NCBI_exact",TRUE,"Baron_etal_1996_Table10"
"Myotis adversus","Amygdala_Vol.mm3",184,"Baron_etal_1996_Table32",12.2,"NCBI_exact",TRUE,"Baron_etal_1996_Table32"
"Myotis adversus","Bulbus_olfactorius_Vol.mm3",184,"Baron_etal_1996_Table32",5.54,"NCBI_exact",TRUE,"Baron_etal_1996_Table32"
"Myotis adversus","Cerebellum_Vol.mm3",184,"Baron_etal_1996_Table10",44,"NCBI_exact",TRUE,"Baron_etal_1996_Table10"
"Myotis adversus","Diencephalon_Vol.mm3",184,"Baron_etal_1996_Table10",19.9,"NCBI_exact",TRUE,"Baron_etal_1996_Table10"
"Myotis adversus","Hippocampus_Vol.mm3",184,"Baron_etal_1996_Table32",13.2,"NCBI_exact",TRUE,"Baron_etal_1996_Table32"
"Myotis adversus","Medulla_oblongata_Vol.mm3",184,"Baron_etal_1996_Table10",35.3,"NCBI_exact",TRUE,"Baron_etal_1996_Table10"
"Myotis adversus","Mesencephalon_Vol.mm3",184,"Baron_etal_1996_Table10",26.1,"NCBI_exact",TRUE,"Baron_etal_1996_Table10"
"Myotis adversus","Neocortex_Vol.mm3",184,"Baron_etal_1996_Table32",46.6,"NCBI_exact",TRUE,"Baron_etal_1996_Table32"
"Myotis adversus","Palaeocortex_Vol.mm3",184,"Baron_etal_1996_Table32",10.8,"NCBI_exact",TRUE,"Baron_etal_1996_Table32"
"Myotis adversus","Schizo_cortex_Vol.mm3",184,"Baron_etal_1996_Table32",7.32,"NCBI_exact",TRUE,"Baron_etal_1996_Table32"
"Myotis adversus","Septum_Vol.mm3",184,"Baron_etal_1996_Table32",3.43,"NCBI_exact",TRUE,"Baron_etal_1996_Table32"
"Myotis adversus","Striatum_Vol.mm3",184,"Baron_etal_1996_Table32",14,"NCBI_exact",TRUE,"Baron_etal_1996_Table32"
"Myotis adversus","Telencephalon_Vol.mm3",184,"Baron_etal_1996_Table10",113,"NCBI_exact",TRUE,"Baron_etal_1996_Table10"
"Myotis albescens","Amygdala_Vol.mm3",185,"Baron_etal_1996_Table32",6,"NCBI_exact",TRUE,"Baron_etal_1996_Table32"
"Myotis albescens","Bulbus_olfactorius_Vol.mm3",185,"Baron_etal_1996_Table32",2.9,"NCBI_exact",TRUE,"Baron_etal_1996_Table32"
"Myotis albescens","Cerebellum_Vol.mm3",185,"Baron_etal_1996_Table10",24.3,"NCBI_exact",TRUE,"Baron_etal_1996_Table10"
"Myotis albescens","Diencephalon_Vol.mm3",185,"Baron_etal_1996_Table10",10,"NCBI_exact",TRUE,"Baron_etal_1996_Table10"
"Myotis albescens","Hippocampus_Vol.mm3",185,"Baron_etal_1996_Table32",7.59,"NCBI_exact",TRUE,"Baron_etal_1996_Table32"
"Myotis albescens","Medulla_oblongata_Vol.mm3",185,"Baron_etal_1996_Table10",18.1,"NCBI_exact",TRUE,"Baron_etal_1996_Table10"
"Myotis albescens","Mesencephalon_Vol.mm3",185,"Baron_etal_1996_Table10",12.9,"NCBI_exact",TRUE,"Baron_etal_1996_Table10"
"Myotis albescens","Neocortex_Vol.mm3",185,"Baron_etal_1996_Table32",20.5,"NCBI_exact",TRUE,"Baron_etal_1996_Table32"
"Myotis albescens","Palaeocortex_Vol.mm3",185,"Baron_etal_1996_Table32",5.14,"NCBI_exact",TRUE,"Baron_etal_1996_Table32"
"Myotis albescens","Schizo_cortex_Vol.mm3",185,"Baron_etal_1996_Table32",3.75,"NCBI_exact",TRUE,"Baron_etal_1996_Table32"
"Myotis albescens","Septum_Vol.mm3",185,"Baron_etal_1996_Table32",1.66,"NCBI_exact",TRUE,"Baron_etal_1996_Table32"
"Myotis albescens","Striatum_Vol.mm3",185,"Baron_etal_1996_Table32",6.73,"NCBI_exact",TRUE,"Baron_etal_1996_Table32"
"Myotis albescens","Telencephalon_Vol.mm3",185,"Baron_etal_1996_Table10",54.3,"NCBI_exact",TRUE,"Baron_etal_1996_Table10"
"Myotis altarium","Amygdala_Vol.mm3",186,"Baron_etal_1996_Table32",9.28,"NCBI_exact",TRUE,"Baron_etal_1996_Table32"
"Myotis altarium","Bulbus_olfactorius_Vol.mm3",186,"Baron_etal_1996_Table32",4.98,"NCBI_exact",TRUE,"Baron_etal_1996_Table32"
"Myotis altarium","Cerebellum_Vol.mm3",186,"Baron_etal_1996_Table10",44.2,"NCBI_exact",TRUE,"Baron_etal_1996_Table10"
"Myotis altarium","Diencephalon_Vol.mm3",186,"Baron_etal_1996_Table10",18.2,"NCBI_exact",TRUE,"Baron_etal_1996_Table10"
"Myotis altarium","Hippocampus_Vol.mm3",186,"Baron_etal_1996_Table32",21.3,"NCBI_exact",TRUE,"Baron_etal_1996_Table32"
"Myotis altarium","Medulla_oblongata_Vol.mm3",186,"Baron_etal_1996_Table10",34,"NCBI_exact",TRUE,"Baron_etal_1996_Table10"
"Myotis altarium","Mesencephalon_Vol.mm3",186,"Baron_etal_1996_Table10",23.3,"NCBI_exact",TRUE,"Baron_etal_1996_Table10"
"Myotis altarium","Neocortex_Vol.mm3",186,"Baron_etal_1996_Table32",36.9,"NCBI_exact",TRUE,"Baron_etal_1996_Table32"
"Myotis altarium","Palaeocortex_Vol.mm3",186,"Baron_etal_1996_Table32",9.69,"NCBI_exact",TRUE,"Baron_etal_1996_Table32"
"Myotis altarium","Schizo_cortex_Vol.mm3",186,"Baron_etal_1996_Table32",8.75,"NCBI_exact",TRUE,"Baron_etal_1996_Table32"
"Myotis altarium","Septum_Vol.mm3",186,"Baron_etal_1996_Table32",3.68,"NCBI_exact",TRUE,"Baron_etal_1996_Table32"
"Myotis altarium","Striatum_Vol.mm3",186,"Baron_etal_1996_Table32",11.9,"NCBI_exact",TRUE,"Baron_etal_1996_Table32"
"Myotis altarium","Telencephalon_Vol.mm3",186,"Baron_etal_1996_Table10",106.5,"NCBI_exact",TRUE,"Baron_etal_1996_Table10"
"Myotis annectans","Amygdala_Vol.mm3",187,"Baron_etal_1996_Table32",10.4,"NCBI_exact",TRUE,"Baron_etal_1996_Table32"
"Myotis annectans","Bulbus_olfactorius_Vol.mm3",187,"Baron_etal_1996_Table32",5.05,"NCBI_exact",TRUE,"Baron_etal_1996_Table32"
"Myotis annectans","Cerebellum_Vol.mm3",187,"Baron_etal_1996_Table10",36.3,"NCBI_exact",TRUE,"Baron_etal_1996_Table10"
"Myotis annectans","Diencephalon_Vol.mm3",187,"Baron_etal_1996_Table10",17.9,"NCBI_exact",TRUE,"Baron_etal_1996_Table10"
"Myotis annectans","Hippocampus_Vol.mm3",187,"Baron_etal_1996_Table32",17.7,"NCBI_exact",TRUE,"Baron_etal_1996_Table32"
"Myotis annectans","Medulla_oblongata_Vol.mm3",187,"Baron_etal_1996_Table10",30.8,"NCBI_exact",TRUE,"Baron_etal_1996_Table10"
"Myotis annectans","Mesencephalon_Vol.mm3",187,"Baron_etal_1996_Table10",20.4,"NCBI_exact",TRUE,"Baron_etal_1996_Table10"
"Myotis annectans","Neocortex_Vol.mm3",187,"Baron_etal_1996_Table32",37.3,"NCBI_exact",TRUE,"Baron_etal_1996_Table32"
"Myotis annectans","Palaeocortex_Vol.mm3",187,"Baron_etal_1996_Table32",9.25,"NCBI_exact",TRUE,"Baron_etal_1996_Table32"
"Myotis annectans","Schizo_cortex_Vol.mm3",187,"Baron_etal_1996_Table32",8.44,"NCBI_exact",TRUE,"Baron_etal_1996_Table32"
"Myotis annectans","Septum_Vol.mm3",187,"Baron_etal_1996_Table32",3.26,"NCBI_exact",TRUE,"Baron_etal_1996_Table32"
"Myotis annectans","Striatum_Vol.mm3",187,"Baron_etal_1996_Table32",10.7,"NCBI_exact",TRUE,"Baron_etal_1996_Table32"
"Myotis annectans","Telencephalon_Vol.mm3",187,"Baron_etal_1996_Table10",102.1,"NCBI_exact",TRUE,"Baron_etal_1996_Table10"
"Myotis bechsteinii","Amygdala_Vol.mm3",188,"Baron_etal_1996_Table32",11,"NCBI_exact",TRUE,"Baron_etal_1996_Table32"
"Myotis bechsteinii","Bulbus_olfactorius_Vol.mm3",188,"Baron_etal_1996_Table32",7.81,"NCBI_exact",TRUE,"Baron_etal_1996_Table32"
"Myotis bechsteinii","Cerebellum_Vol.mm3",188,"Baron_etal_1996_Table10",42.5,"NCBI_exact",TRUE,"Baron_etal_1996_Table10"
"Myotis bechsteinii","Diencephalon_Vol.mm3",188,"Baron_etal_1996_Table10",22.6,"NCBI_exact",TRUE,"Baron_etal_1996_Table10"
"Myotis bechsteinii","Hippocampus_Vol.mm3",188,"Baron_etal_1996_Table32",25.5,"NCBI_exact",TRUE,"Baron_etal_1996_Table32"
"Myotis bechsteinii","Medulla_oblongata_Vol.mm3",188,"Baron_etal_1996_Table10",39.4,"NCBI_exact",TRUE,"Baron_etal_1996_Table10"
"Myotis bechsteinii","Mesencephalon_Vol.mm3",188,"Baron_etal_1996_Table10",22.8,"NCBI_exact",TRUE,"Baron_etal_1996_Table10"
"Myotis bechsteinii","Neocortex_Vol.mm3",188,"Baron_etal_1996_Table32",36.3,"NCBI_exact",TRUE,"Baron_etal_1996_Table32"
"Myotis bechsteinii","Palaeocortex_Vol.mm3",188,"Baron_etal_1996_Table32",14.1,"NCBI_exact",TRUE,"Baron_etal_1996_Table32"
"Myotis bechsteinii","Schizo_cortex_Vol.mm3",188,"Baron_etal_1996_Table32",9.18,"NCBI_exact",TRUE,"Baron_etal_1996_Table32"
"Myotis bechsteinii","Septum_Vol.mm3",188,"Baron_etal_1996_Table32",4.73,"NCBI_exact",TRUE,"Baron_etal_1996_Table32"
"Myotis bechsteinii","Striatum_Vol.mm3",188,"Baron_etal_1996_Table32",13,"NCBI_exact",TRUE,"Baron_etal_1996_Table32"
"Myotis bechsteinii","Telencephalon_Vol.mm3",188,"Baron_etal_1996_Table10",121.5,"NCBI_exact",TRUE,"Baron_etal_1996_Table10"
"Myotis bocagii","Amygdala_Vol.mm3",189,"Baron_etal_1996_Table32",9.6,"NCBI_exact",TRUE,"Baron_etal_1996_Table32"
"Myotis bocagii","Bulbus_olfactorius_Vol.mm3",189,"Baron_etal_1996_Table32",4.09,"NCBI_exact",TRUE,"Baron_etal_1996_Table32"
"Myotis bocagii","Cerebellum_Vol.mm3",189,"Baron_etal_1996_Table10",33.7,"NCBI_exact",TRUE,"Baron_etal_1996_Table10"
"Myotis bocagii","Diencephalon_Vol.mm3",189,"Baron_etal_1996_Table10",15.8,"NCBI_exact",TRUE,"Baron_etal_1996_Table10"
"Myotis bocagii","Hippocampus_Vol.mm3",189,"Baron_etal_1996_Table32",9.75,"NCBI_exact",TRUE,"Baron_etal_1996_Table32"
"Myotis bocagii","Medulla_oblongata_Vol.mm3",189,"Baron_etal_1996_Table10",24.8,"NCBI_exact",TRUE,"Baron_etal_1996_Table10"
"Myotis bocagii","Mesencephalon_Vol.mm3",189,"Baron_etal_1996_Table10",20.1,"NCBI_exact",TRUE,"Baron_etal_1996_Table10"
"Myotis bocagii","Neocortex_Vol.mm3",189,"Baron_etal_1996_Table32",36,"NCBI_exact",TRUE,"Baron_etal_1996_Table32"
"Myotis bocagii","Palaeocortex_Vol.mm3",189,"Baron_etal_1996_Table32",7.38,"NCBI_exact",TRUE,"Baron_etal_1996_Table32"
"Myotis bocagii","Schizo_cortex_Vol.mm3",189,"Baron_etal_1996_Table32",5.67,"NCBI_exact",TRUE,"Baron_etal_1996_Table32"
"Myotis bocagii","Septum_Vol.mm3",189,"Baron_etal_1996_Table32",2.53,"NCBI_exact",TRUE,"Baron_etal_1996_Table32"
"Myotis bocagii","Striatum_Vol.mm3",189,"Baron_etal_1996_Table32",9.84,"NCBI_exact",TRUE,"Baron_etal_1996_Table32"
"Myotis bocagii","Telencephalon_Vol.mm3",189,"Baron_etal_1996_Table10",84.9,"NCBI_exact",TRUE,"Baron_etal_1996_Table10"
"Myotis dasycneme","Amygdala_Vol.mm3",190,"Baron_etal_1996_Table32",14,"NCBI_exact",TRUE,"Baron_etal_1996_Table32"
"Myotis dasycneme","Bulbus_olfactorius_Vol.mm3",190,"Baron_etal_1996_Table32",6.89,"NCBI_exact",TRUE,"Baron_etal_1996_Table32"
"Myotis dasycneme","Cerebellum_Vol.mm3",190,"Baron_etal_1996_Table10",49.8,"NCBI_exact",TRUE,"Baron_etal_1996_Table10"
"Myotis dasycneme","Diencephalon_Vol.mm3",190,"Baron_etal_1996_Table10",26.4,"NCBI_exact",TRUE,"Baron_etal_1996_Table10"
"Myotis dasycneme","Hippocampus_Vol.mm3",190,"Baron_etal_1996_Table32",25.2,"NCBI_exact",TRUE,"Baron_etal_1996_Table32"
"Myotis dasycneme","Medulla_oblongata_Vol.mm3",190,"Baron_etal_1996_Table10",49.3,"NCBI_exact",TRUE,"Baron_etal_1996_Table10"
"Myotis dasycneme","Mesencephalon_Vol.mm3",190,"Baron_etal_1996_Table10",32.6,"NCBI_exact",TRUE,"Baron_etal_1996_Table10"
"Myotis dasycneme","Neocortex_Vol.mm3",190,"Baron_etal_1996_Table32",46.5,"NCBI_exact",TRUE,"Baron_etal_1996_Table32"
"Myotis dasycneme","Palaeocortex_Vol.mm3",190,"Baron_etal_1996_Table32",11.8,"NCBI_exact",TRUE,"Baron_etal_1996_Table32"
"Myotis dasycneme","Schizo_cortex_Vol.mm3",190,"Baron_etal_1996_Table32",11.2,"NCBI_exact",TRUE,"Baron_etal_1996_Table32"
"Myotis dasycneme","Septum_Vol.mm3",190,"Baron_etal_1996_Table32",4.41,"NCBI_exact",TRUE,"Baron_etal_1996_Table32"
"Myotis dasycneme","Striatum_Vol.mm3",190,"Baron_etal_1996_Table32",13,"NCBI_exact",TRUE,"Baron_etal_1996_Table32"
"Myotis dasycneme","Telencephalon_Vol.mm3",190,"Baron_etal_1996_Table10",133,"NCBI_exact",TRUE,"Baron_etal_1996_Table10"
"Myotis montivagus","Amygdala_Vol.mm3",191,"Baron_etal_1996_Table32",8.39,"NCBI_exact",TRUE,"Baron_etal_1996_Table32"
"Myotis montivagus","Bulbus_olfactorius_Vol.mm3",191,"Baron_etal_1996_Table32",3.55,"NCBI_exact",TRUE,"Baron_etal_1996_Table32"
"Myotis montivagus","Cerebellum_Vol.mm3",191,"Baron_etal_1996_Table10",29.2,"NCBI_exact",TRUE,"Baron_etal_1996_Table10"
"Myotis montivagus","Diencephalon_Vol.mm3",191,"Baron_etal_1996_Table10",13.7,"NCBI_exact",TRUE,"Baron_etal_1996_Table10"
"Myotis montivagus","Hippocampus_Vol.mm3",191,"Baron_etal_1996_Table32",10.3,"NCBI_exact",TRUE,"Baron_etal_1996_Table32"
"Myotis montivagus","Medulla_oblongata_Vol.mm3",191,"Baron_etal_1996_Table10",24.7,"NCBI_exact",TRUE,"Baron_etal_1996_Table10"
"Myotis montivagus","Mesencephalon_Vol.mm3",191,"Baron_etal_1996_Table10",18.1,"NCBI_exact",TRUE,"Baron_etal_1996_Table10"
"Myotis montivagus","Neocortex_Vol.mm3",191,"Baron_etal_1996_Table32",27.8,"NCBI_exact",TRUE,"Baron_etal_1996_Table32"
"Myotis montivagus","Palaeocortex_Vol.mm3",191,"Baron_etal_1996_Table32",6.69,"NCBI_exact",TRUE,"Baron_etal_1996_Table32"
"Myotis montivagus","Schizo_cortex_Vol.mm3",191,"Baron_etal_1996_Table32",4.67,"NCBI_exact",TRUE,"Baron_etal_1996_Table32"
"Myotis montivagus","Septum_Vol.mm3",191,"Baron_etal_1996_Table32",2.16,"NCBI_exact",TRUE,"Baron_etal_1996_Table32"
"Myotis montivagus","Striatum_Vol.mm3",191,"Baron_etal_1996_Table32",8.58,"NCBI_exact",TRUE,"Baron_etal_1996_Table32"
"Myotis montivagus","Telencephalon_Vol.mm3",191,"Baron_etal_1996_Table10",72.1,"NCBI_exact",TRUE,"Baron_etal_1996_Table10"
"Myotis myotis","Amygdala_Vol.mm3",192,"Baron_etal_1996_Table32",18.8,"NCBI_exact",TRUE,"Baron_etal_1996_Table32"
"Myotis myotis","Bulbus_olfactorius_Vol.mm3",192,"Baron_etal_1996_Table32",13.3,"NCBI_exact",TRUE,"Baron_etal_1996_Table32"
"Myotis myotis","Cerebellum_Vol.mm3",192,"Baron_etal_1996_Table10",87.1,"NCBI_exact",TRUE,"Baron_etal_1996_Table10"
"Myotis myotis","Diencephalon_Vol.mm3",192,"Baron_etal_1996_Table10",40.2,"NCBI_exact",TRUE,"Baron_etal_1996_Table10"
"Myotis myotis","Hippocampus_Vol.mm3",192,"Baron_etal_1996_Table32",35.6,"NCBI_exact",TRUE,"Baron_etal_1996_Table32"
"Myotis myotis","Medulla_oblongata_Vol.mm3",192,"Baron_etal_1996_Table10",70.3,"NCBI_exact",TRUE,"Baron_etal_1996_Table10"
"Myotis myotis","Mesencephalon_Vol.mm3",192,"Baron_etal_1996_Table10",46.7,"NCBI_exact",TRUE,"Baron_etal_1996_Table10"
"Myotis myotis","Neocortex_Vol.mm3",192,"Baron_etal_1996_Table32",78.3,"NCBI_exact",TRUE,"Baron_etal_1996_Table32"
"Myotis myotis","Palaeocortex_Vol.mm3",192,"Baron_etal_1996_Table32",18.3,"NCBI_exact",TRUE,"Baron_etal_1996_Table32"
"Myotis myotis","Schizo_cortex_Vol.mm3",192,"Baron_etal_1996_Table32",17.2,"NCBI_exact",TRUE,"Baron_etal_1996_Table32"
"Myotis myotis","Septum_Vol.mm3",192,"Baron_etal_1996_Table32",6.69,"NCBI_exact",TRUE,"Baron_etal_1996_Table32"
"Myotis myotis","Striatum_Vol.mm3",192,"Baron_etal_1996_Table32",23.6,"NCBI_exact",TRUE,"Baron_etal_1996_Table32"
"Myotis myotis","Telencephalon_Vol.mm3",192,"Baron_etal_1996_Table10",211.8,"NCBI_exact",TRUE,"Baron_etal_1996_Table10"
"Myotis nattereri","Amygdala_Vol.mm3",193,"Baron_etal_1996_Table32",10.2,"NCBI_exact",TRUE,"Baron_etal_1996_Table32"
"Myotis nattereri","Bulbus_olfactorius_Vol.mm3",193,"Baron_etal_1996_Table32",4.77,"NCBI_exact",TRUE,"Baron_etal_1996_Table32"
"Myotis nattereri","Cerebellum_Vol.mm3",193,"Baron_etal_1996_Table10",37.4,"NCBI_exact",TRUE,"Baron_etal_1996_Table10"
"Myotis nattereri","Diencephalon_Vol.mm3",193,"Baron_etal_1996_Table10",17.1,"NCBI_exact",TRUE,"Baron_etal_1996_Table10"
"Myotis nattereri","Hippocampus_Vol.mm3",193,"Baron_etal_1996_Table32",21.4,"NCBI_exact",TRUE,"Baron_etal_1996_Table32"
"Myotis nattereri","Medulla_oblongata_Vol.mm3",193,"Baron_etal_1996_Table10",31.6,"NCBI_exact",TRUE,"Baron_etal_1996_Table10"
"Myotis nattereri","Mesencephalon_Vol.mm3",193,"Baron_etal_1996_Table10",20.5,"NCBI_exact",TRUE,"Baron_etal_1996_Table10"
"Myotis nattereri","Neocortex_Vol.mm3",193,"Baron_etal_1996_Table32",34.8,"NCBI_exact",TRUE,"Baron_etal_1996_Table32"
"Myotis nattereri","Palaeocortex_Vol.mm3",193,"Baron_etal_1996_Table32",8.83,"NCBI_exact",TRUE,"Baron_etal_1996_Table32"
"Myotis nattereri","Schizo_cortex_Vol.mm3",193,"Baron_etal_1996_Table32",7.79,"NCBI_exact",TRUE,"Baron_etal_1996_Table32"
"Myotis nattereri","Septum_Vol.mm3",193,"Baron_etal_1996_Table32",3.32,"NCBI_exact",TRUE,"Baron_etal_1996_Table32"
"Myotis nattereri","Striatum_Vol.mm3",193,"Baron_etal_1996_Table32",10.6,"NCBI_exact",TRUE,"Baron_etal_1996_Table32"
"Myotis nattereri","Telencephalon_Vol.mm3",193,"Baron_etal_1996_Table10",101.7,"NCBI_exact",TRUE,"Baron_etal_1996_Table10"
"Myotis nigricans","Amygdala_Vol.mm3",195,"Baron_etal_1996_Table32",8.42,"NCBI_exact",TRUE,"Baron_etal_1996_Table32"
"Myotis nigricans","Amygdala_Vol.mm3",194,"Baron_etal_1996_Table32",7.27,"NCBI_exact",TRUE,"Baron_etal_1996_Table32"
"Myotis nigricans","Bulbus_olfactorius_Vol.mm3",194,"Baron_etal_1996_Table32",2.88,"NCBI_exact",TRUE,"Baron_etal_1996_Table32"
"Myotis nigricans","Bulbus_olfactorius_Vol.mm3",195,"Baron_etal_1996_Table32",4.02,"NCBI_exact",TRUE,"Baron_etal_1996_Table32"
"Myotis nigricans","Cerebellum_Vol.mm3",195,"Baron_etal_1996_Table10",27.7,"NCBI_exact",TRUE,"Baron_etal_1996_Table10"
"Myotis nigricans","Cerebellum_Vol.mm3",194,"Baron_etal_1996_Table10",23.8,"NCBI_exact",TRUE,"Baron_etal_1996_Table10"
"Myotis nigricans","Diencephalon_Vol.mm3",194,"Baron_etal_1996_Table10",10,"NCBI_exact",TRUE,"Baron_etal_1996_Table10"
"Myotis nigricans","Diencephalon_Vol.mm3",195,"Baron_etal_1996_Table10",12.4,"NCBI_exact",TRUE,"Baron_etal_1996_Table10"
"Myotis nigricans","Hippocampus_Vol.mm3",195,"Baron_etal_1996_Table32",7.42,"NCBI_exact",TRUE,"Baron_etal_1996_Table32"
"Myotis nigricans","Hippocampus_Vol.mm3",194,"Baron_etal_1996_Table32",9.03,"NCBI_exact",TRUE,"Baron_etal_1996_Table32"
"Myotis nigricans","Medulla_oblongata_Vol.mm3",194,"Baron_etal_1996_Table10",17.1,"NCBI_exact",TRUE,"Baron_etal_1996_Table10"
"Myotis nigricans","Medulla_oblongata_Vol.mm3",195,"Baron_etal_1996_Table10",20.3,"NCBI_exact",TRUE,"Baron_etal_1996_Table10"
"Myotis nigricans","Mesencephalon_Vol.mm3",195,"Baron_etal_1996_Table10",16.3,"NCBI_exact",TRUE,"Baron_etal_1996_Table10"
"Myotis nigricans","Mesencephalon_Vol.mm3",194,"Baron_etal_1996_Table10",14.9,"NCBI_exact",TRUE,"Baron_etal_1996_Table10"
"Myotis nigricans","Neocortex_Vol.mm3",194,"Baron_etal_1996_Table32",23,"NCBI_exact",TRUE,"Baron_etal_1996_Table32"
"Myotis nigricans","Neocortex_Vol.mm3",195,"Baron_etal_1996_Table32",28.3,"NCBI_exact",TRUE,"Baron_etal_1996_Table32"
"Myotis nigricans","Palaeocortex_Vol.mm3",194,"Baron_etal_1996_Table32",7.03,"NCBI_exact",TRUE,"Baron_etal_1996_Table32"
"Myotis nigricans","Palaeocortex_Vol.mm3",195,"Baron_etal_1996_Table32",7.02,"NCBI_exact",TRUE,"Baron_etal_1996_Table32"
"Myotis nigricans","Schizo_cortex_Vol.mm3",194,"Baron_etal_1996_Table32",4.08,"NCBI_exact",TRUE,"Baron_etal_1996_Table32"
"Myotis nigricans","Schizo_cortex_Vol.mm3",195,"Baron_etal_1996_Table32",4.27,"NCBI_exact",TRUE,"Baron_etal_1996_Table32"
"Myotis nigricans","Septum_Vol.mm3",195,"Baron_etal_1996_Table32",2.16,"NCBI_exact",TRUE,"Baron_etal_1996_Table32"
"Myotis nigricans","Septum_Vol.mm3",194,"Baron_etal_1996_Table32",2.02,"NCBI_exact",TRUE,"Baron_etal_1996_Table32"
"Myotis nigricans","Striatum_Vol.mm3",194,"Baron_etal_1996_Table32",7.95,"NCBI_exact",TRUE,"Baron_etal_1996_Table32"
"Myotis nigricans","Striatum_Vol.mm3",195,"Baron_etal_1996_Table32",8.7,"NCBI_exact",TRUE,"Baron_etal_1996_Table32"
"Myotis nigricans","Telencephalon_Vol.mm3",195,"Baron_etal_1996_Table10",70.3,"NCBI_exact",TRUE,"Baron_etal_1996_Table10"
"Myotis nigricans","Telencephalon_Vol.mm3",194,"Baron_etal_1996_Table10",63.2,"NCBI_exact",TRUE,"Baron_etal_1996_Table10"
"Myotis siligorensis","Amygdala_Vol.mm3",196,"Baron_etal_1996_Table32",4.83,"NCBI_exact",TRUE,"Baron_etal_1996_Table32"
"Myotis siligorensis","Bulbus_olfactorius_Vol.mm3",196,"Baron_etal_1996_Table32",2.17,"NCBI_exact",TRUE,"Baron_etal_1996_Table32"
"Myotis siligorensis","Cerebellum_Vol.mm3",196,"Baron_etal_1996_Table10",17.5,"NCBI_exact",TRUE,"Baron_etal_1996_Table10"
"Myotis siligorensis","Diencephalon_Vol.mm3",196,"Baron_etal_1996_Table10",8.7,"NCBI_exact",TRUE,"Baron_etal_1996_Table10"
"Myotis siligorensis","Hippocampus_Vol.mm3",196,"Baron_etal_1996_Table32",7.14,"NCBI_exact",TRUE,"Baron_etal_1996_Table32"
"Myotis siligorensis","Medulla_oblongata_Vol.mm3",196,"Baron_etal_1996_Table10",15.3,"NCBI_exact",TRUE,"Baron_etal_1996_Table10"
"Myotis siligorensis","Mesencephalon_Vol.mm3",196,"Baron_etal_1996_Table10",11.1,"NCBI_exact",TRUE,"Baron_etal_1996_Table10"
"Myotis siligorensis","Neocortex_Vol.mm3",196,"Baron_etal_1996_Table32",16.2,"NCBI_exact",TRUE,"Baron_etal_1996_Table32"
"Myotis siligorensis","Palaeocortex_Vol.mm3",196,"Baron_etal_1996_Table32",3.74,"NCBI_exact",TRUE,"Baron_etal_1996_Table32"
"Myotis siligorensis","Schizo_cortex_Vol.mm3",196,"Baron_etal_1996_Table32",3.06,"NCBI_exact",TRUE,"Baron_etal_1996_Table32"
"Myotis siligorensis","Septum_Vol.mm3",196,"Baron_etal_1996_Table32",1.42,"NCBI_exact",TRUE,"Baron_etal_1996_Table32"
"Myotis siligorensis","Striatum_Vol.mm3",196,"Baron_etal_1996_Table32",5.54,"NCBI_exact",TRUE,"Baron_etal_1996_Table32"
"Myotis siligorensis","Telencephalon_Vol.mm3",196,"Baron_etal_1996_Table10",44.1,"NCBI_exact",TRUE,"Baron_etal_1996_Table10"
"Natalus tumidirostris","Amygdala_Vol.mm3",182,"Baron_etal_1996_Table32",8.81,"NCBI_exact",TRUE,"Baron_etal_1996_Table32"
"Natalus tumidirostris","Bulbus_olfactorius_Vol.mm3",182,"Baron_etal_1996_Table32",3.58,"NCBI_exact",TRUE,"Baron_etal_1996_Table32"
"Natalus tumidirostris","Cerebellum_Vol.mm3",182,"Baron_etal_1996_Table10",40,"NCBI_exact",TRUE,"Baron_etal_1996_Table10"
"Natalus tumidirostris","Diencephalon_Vol.mm3",182,"Baron_etal_1996_Table10",18.3,"NCBI_exact",TRUE,"Baron_etal_1996_Table10"
"Natalus tumidirostris","Hippocampus_Vol.mm3",182,"Baron_etal_1996_Table32",27.1,"NCBI_exact",TRUE,"Baron_etal_1996_Table32"
"Natalus tumidirostris","Medulla_oblongata_Vol.mm3",182,"Baron_etal_1996_Table10",26.6,"NCBI_exact",TRUE,"Baron_etal_1996_Table10"
"Natalus tumidirostris","Mesencephalon_Vol.mm3",182,"Baron_etal_1996_Table10",19.2,"NCBI_exact",TRUE,"Baron_etal_1996_Table10"
"Natalus tumidirostris","Neocortex_Vol.mm3",182,"Baron_etal_1996_Table32",55.1,"NCBI_exact",TRUE,"Baron_etal_1996_Table32"
"Natalus tumidirostris","Palaeocortex_Vol.mm3",182,"Baron_etal_1996_Table32",8.11,"NCBI_exact",TRUE,"Baron_etal_1996_Table32"
"Natalus tumidirostris","Schizo_cortex_Vol.mm3",182,"Baron_etal_1996_Table32",8.59,"NCBI_exact",TRUE,"Baron_etal_1996_Table32"
"Natalus tumidirostris","Septum_Vol.mm3",182,"Baron_etal_1996_Table32",3.06,"NCBI_exact",TRUE,"Baron_etal_1996_Table32"
"Natalus tumidirostris","Striatum_Vol.mm3",182,"Baron_etal_1996_Table32",14.9,"NCBI_exact",TRUE,"Baron_etal_1996_Table32"
"Natalus tumidirostris","Telencephalon_Vol.mm3",182,"Baron_etal_1996_Table10",129.3,"NCBI_exact",TRUE,"Baron_etal_1996_Table10"
"Noctilio albiventris","Amygdala_Vol.mm3",121,"Baron_etal_1996_Table32",25.5,"NCBI_exact",TRUE,"Baron_etal_1996_Table32"
"Noctilio albiventris","Bulbus_olfactorius_Vol.mm3",121,"Baron_etal_1996_Table32",8.77,"NCBI_exact",TRUE,"Baron_etal_1996_Table32"
"Noctilio albiventris","Cerebellum_Vol.mm3",121,"Baron_etal_1996_Table10",96.9,"NCBI_exact",TRUE,"Baron_etal_1996_Table10"
"Noctilio albiventris","Diencephalon_Vol.mm3",121,"Baron_etal_1996_Table10",46.2,"NCBI_exact",TRUE,"Baron_etal_1996_Table10"
"Noctilio albiventris","Hippocampus_Vol.mm3",121,"Baron_etal_1996_Table32",21.5,"NCBI_exact",TRUE,"Baron_etal_1996_Table32"
"Noctilio albiventris","Medulla_oblongata_Vol.mm3",121,"Baron_etal_1996_Table10",66,"NCBI_exact",TRUE,"Baron_etal_1996_Table10"
"Noctilio albiventris","Mesencephalon_Vol.mm3",121,"Baron_etal_1996_Table10",49,"NCBI_exact",TRUE,"Baron_etal_1996_Table10"
"Noctilio albiventris","Neocortex_Vol.mm3",121,"Baron_etal_1996_Table32",184.2,"NCBI_exact",TRUE,"Baron_etal_1996_Table32"
"Noctilio albiventris","Palaeocortex_Vol.mm3",121,"Baron_etal_1996_Table32",16.5,"NCBI_exact",TRUE,"Baron_etal_1996_Table32"
"Noctilio albiventris","Schizo_cortex_Vol.mm3",121,"Baron_etal_1996_Table32",13,"NCBI_exact",TRUE,"Baron_etal_1996_Table32"
"Noctilio albiventris","Septum_Vol.mm3",121,"Baron_etal_1996_Table32",5.25,"NCBI_exact",TRUE,"Baron_etal_1996_Table32"
"Noctilio albiventris","Striatum_Vol.mm3",121,"Baron_etal_1996_Table32",29.2,"NCBI_exact",TRUE,"Baron_etal_1996_Table32"
"Noctilio albiventris","Telencephalon_Vol.mm3",121,"Baron_etal_1996_Table10",303.9,"NCBI_exact",TRUE,"Baron_etal_1996_Table10"
"Noctilio leporinus","Amygdala_Vol.mm3",122,"Baron_etal_1996_Table32",46.3,"NCBI_exact",TRUE,"Baron_etal_1996_Table32"
"Noctilio leporinus","Bulbus_olfactorius_Vol.mm3",122,"Baron_etal_1996_Table32",18.3,"NCBI_exact",TRUE,"Baron_etal_1996_Table32"
"Noctilio leporinus","Cerebellum_Vol.mm3",122,"Baron_etal_1996_Table10",194.1,"NCBI_exact",TRUE,"Baron_etal_1996_Table10"
"Noctilio leporinus","Diencephalon_Vol.mm3",122,"Baron_etal_1996_Table10",88.5,"NCBI_exact",TRUE,"Baron_etal_1996_Table10"
"Noctilio leporinus","Hippocampus_Vol.mm3",122,"Baron_etal_1996_Table32",50.5,"NCBI_exact",TRUE,"Baron_etal_1996_Table32"
"Noctilio leporinus","Medulla_oblongata_Vol.mm3",122,"Baron_etal_1996_Table10",124.4,"NCBI_exact",TRUE,"Baron_etal_1996_Table10"
"Noctilio leporinus","Mesencephalon_Vol.mm3",122,"Baron_etal_1996_Table10",89.8,"NCBI_exact",TRUE,"Baron_etal_1996_Table10"
"Noctilio leporinus","Neocortex_Vol.mm3",122,"Baron_etal_1996_Table32",361.7,"NCBI_exact",TRUE,"Baron_etal_1996_Table32"
"Noctilio leporinus","Palaeocortex_Vol.mm3",122,"Baron_etal_1996_Table32",31.4,"NCBI_exact",TRUE,"Baron_etal_1996_Table32"
"Noctilio leporinus","Schizo_cortex_Vol.mm3",122,"Baron_etal_1996_Table32",27.8,"NCBI_exact",TRUE,"Baron_etal_1996_Table32"
"Noctilio leporinus","Septum_Vol.mm3",122,"Baron_etal_1996_Table32",10.6,"NCBI_exact",TRUE,"Baron_etal_1996_Table32"
"Noctilio leporinus","Striatum_Vol.mm3",122,"Baron_etal_1996_Table32",62,"NCBI_exact",TRUE,"Baron_etal_1996_Table32"
"Noctilio leporinus","Telencephalon_Vol.mm3",122,"Baron_etal_1996_Table10",608.6,"NCBI_exact",TRUE,"Baron_etal_1996_Table10"
"Notopteris macdonaldi","Amygdala_Vol.mm3",47,"Baron_etal_1996_Table32",39.4,"NCBI_exact",TRUE,"Baron_etal_1996_Table32"
"Notopteris macdonaldi","Bulbus_olfactorius_Vol.mm3",47,"Baron_etal_1996_Table32",63,"NCBI_exact",TRUE,"Baron_etal_1996_Table32"
"Notopteris macdonaldi","Cerebellum_Vol.mm3",47,"Baron_etal_1996_Table10",211.3,"NCBI_exact",TRUE,"Baron_etal_1996_Table10"
"Notopteris macdonaldi","Diencephalon_Vol.mm3",47,"Baron_etal_1996_Table10",118.2,"NCBI_exact",TRUE,"Baron_etal_1996_Table10"
"Notopteris macdonaldi","Hippocampus_Vol.mm3",47,"Baron_etal_1996_Table32",96.6,"NCBI_exact",TRUE,"Baron_etal_1996_Table32"
"Notopteris macdonaldi","Medulla_oblongata_Vol.mm3",47,"Baron_etal_1996_Table10",106.5,"NCBI_exact",TRUE,"Baron_etal_1996_Table10"
"Notopteris macdonaldi","Mesencephalon_Vol.mm3",47,"Baron_etal_1996_Table10",66.2,"NCBI_exact",TRUE,"Baron_etal_1996_Table10"
"Notopteris macdonaldi","Neocortex_Vol.mm3",47,"Baron_etal_1996_Table32",419.9,"NCBI_exact",TRUE,"Baron_etal_1996_Table32"
"Notopteris macdonaldi","Palaeocortex_Vol.mm3",47,"Baron_etal_1996_Table32",93.9,"NCBI_exact",TRUE,"Baron_etal_1996_Table32"
"Notopteris macdonaldi","Schizo_cortex_Vol.mm3",47,"Baron_etal_1996_Table32",52.2,"NCBI_exact",TRUE,"Baron_etal_1996_Table32"
"Notopteris macdonaldi","Septum_Vol.mm3",47,"Baron_etal_1996_Table32",23.6,"NCBI_exact",TRUE,"Baron_etal_1996_Table32"
"Notopteris macdonaldi","Striatum_Vol.mm3",47,"Baron_etal_1996_Table32",94.2,"NCBI_exact",TRUE,"Baron_etal_1996_Table32"
"Notopteris macdonaldi","Telencephalon_Vol.mm3",47,"Baron_etal_1996_Table10",882.9,"NCBI_exact",TRUE,"Baron_etal_1996_Table10"
"Nyctalus noctula","Amygdala_Vol.mm3",209,"Baron_etal_1996_Table32",15.6,"NCBI_exact",TRUE,"Baron_etal_1996_Table32"
"Nyctalus noctula","Bulbus_olfactorius_Vol.mm3",209,"Baron_etal_1996_Table32",7.74,"NCBI_exact",TRUE,"Baron_etal_1996_Table32"
"Nyctalus noctula","Cerebellum_Vol.mm3",209,"Baron_etal_1996_Table10",80.5,"NCBI_exact",TRUE,"Baron_etal_1996_Table10"
"Nyctalus noctula","Diencephalon_Vol.mm3",209,"Baron_etal_1996_Table10",25.4,"NCBI_exact",TRUE,"Baron_etal_1996_Table10"
"Nyctalus noctula","Hippocampus_Vol.mm3",209,"Baron_etal_1996_Table32",19.2,"NCBI_exact",TRUE,"Baron_etal_1996_Table32"
"Nyctalus noctula","Medulla_oblongata_Vol.mm3",209,"Baron_etal_1996_Table10",57.6,"NCBI_exact",TRUE,"Baron_etal_1996_Table10"
"Nyctalus noctula","Mesencephalon_Vol.mm3",209,"Baron_etal_1996_Table10",37.7,"NCBI_exact",TRUE,"Baron_etal_1996_Table10"
"Nyctalus noctula","Neocortex_Vol.mm3",209,"Baron_etal_1996_Table32",54.9,"NCBI_exact",TRUE,"Baron_etal_1996_Table32"
"Nyctalus noctula","Palaeocortex_Vol.mm3",209,"Baron_etal_1996_Table32",12.2,"NCBI_exact",TRUE,"Baron_etal_1996_Table32"
"Nyctalus noctula","Schizo_cortex_Vol.mm3",209,"Baron_etal_1996_Table32",10.5,"NCBI_exact",TRUE,"Baron_etal_1996_Table32"
"Nyctalus noctula","Septum_Vol.mm3",209,"Baron_etal_1996_Table32",4.55,"NCBI_exact",TRUE,"Baron_etal_1996_Table32"
"Nyctalus noctula","Striatum_Vol.mm3",209,"Baron_etal_1996_Table32",12.4,"NCBI_exact",TRUE,"Baron_etal_1996_Table32"
"Nyctalus noctula","Telencephalon_Vol.mm3",209,"Baron_etal_1996_Table10",137.1,"NCBI_exact",TRUE,"Baron_etal_1996_Table10"
"Nycteris arge","Amygdala_Vol.mm3",69,"Baron_etal_1996_Table32",11.8,"NCBI_exact",TRUE,"Baron_etal_1996_Table32"
"Nycteris arge","Bulbus_olfactorius_Vol.mm3",69,"Baron_etal_1996_Table32",3.92,"NCBI_exact",TRUE,"Baron_etal_1996_Table32"
"Nycteris arge","Cerebellum_Vol.mm3",69,"Baron_etal_1996_Table10",62,"NCBI_exact",TRUE,"Baron_etal_1996_Table10"
"Nycteris arge","Diencephalon_Vol.mm3",69,"Baron_etal_1996_Table10",25.3,"NCBI_exact",TRUE,"Baron_etal_1996_Table10"
"Nycteris arge","Hippocampus_Vol.mm3",69,"Baron_etal_1996_Table32",17.9,"NCBI_exact",TRUE,"Baron_etal_1996_Table32"
"Nycteris arge","Medulla_oblongata_Vol.mm3",69,"Baron_etal_1996_Table10",40.9,"NCBI_exact",TRUE,"Baron_etal_1996_Table10"
"Nycteris arge","Mesencephalon_Vol.mm3",69,"Baron_etal_1996_Table10",37.5,"NCBI_exact",TRUE,"Baron_etal_1996_Table10"
"Nycteris arge","Neocortex_Vol.mm3",69,"Baron_etal_1996_Table32",89.8,"NCBI_exact",TRUE,"Baron_etal_1996_Table32"
"Nycteris arge","Palaeocortex_Vol.mm3",69,"Baron_etal_1996_Table32",10.1,"NCBI_exact",TRUE,"Baron_etal_1996_Table32"
"Nycteris arge","Schizo_cortex_Vol.mm3",69,"Baron_etal_1996_Table32",8.75,"NCBI_exact",TRUE,"Baron_etal_1996_Table32"
"Nycteris arge","Septum_Vol.mm3",69,"Baron_etal_1996_Table32",3.57,"NCBI_exact",TRUE,"Baron_etal_1996_Table32"
"Nycteris arge","Striatum_Vol.mm3",69,"Baron_etal_1996_Table32",19.5,"NCBI_exact",TRUE,"Baron_etal_1996_Table32"
"Nycteris arge","Telencephalon_Vol.mm3",69,"Baron_etal_1996_Table10",165.3,"NCBI_exact",TRUE,"Baron_etal_1996_Table10"
"Nycteris grandis","Amygdala_Vol.mm3",70,"Baron_etal_1996_Table32",22.6,"NCBI_exact",TRUE,"Baron_etal_1996_Table32"
"Nycteris grandis","Bulbus_olfactorius_Vol.mm3",70,"Baron_etal_1996_Table32",6.09,"NCBI_exact",TRUE,"Baron_etal_1996_Table32"
"Nycteris grandis","Cerebellum_Vol.mm3",70,"Baron_etal_1996_Table10",139,"NCBI_exact",TRUE,"Baron_etal_1996_Table10"
"Nycteris grandis","Diencephalon_Vol.mm3",70,"Baron_etal_1996_Table10",53.2,"NCBI_exact",TRUE,"Baron_etal_1996_Table10"
"Nycteris grandis","Hippocampus_Vol.mm3",70,"Baron_etal_1996_Table32",36.2,"NCBI_exact",TRUE,"Baron_etal_1996_Table32"
"Nycteris grandis","Medulla_oblongata_Vol.mm3",70,"Baron_etal_1996_Table10",80.3,"NCBI_exact",TRUE,"Baron_etal_1996_Table10"
"Nycteris grandis","Mesencephalon_Vol.mm3",70,"Baron_etal_1996_Table10",72.8,"NCBI_exact",TRUE,"Baron_etal_1996_Table10"
"Nycteris grandis","Neocortex_Vol.mm3",70,"Baron_etal_1996_Table32",187,"NCBI_exact",TRUE,"Baron_etal_1996_Table32"
"Nycteris grandis","Palaeocortex_Vol.mm3",70,"Baron_etal_1996_Table32",16,"NCBI_exact",TRUE,"Baron_etal_1996_Table32"
"Nycteris grandis","Schizo_cortex_Vol.mm3",70,"Baron_etal_1996_Table32",17.2,"NCBI_exact",TRUE,"Baron_etal_1996_Table32"
"Nycteris grandis","Septum_Vol.mm3",70,"Baron_etal_1996_Table32",6.29,"NCBI_exact",TRUE,"Baron_etal_1996_Table32"
"Nycteris grandis","Striatum_Vol.mm3",70,"Baron_etal_1996_Table32",37.4,"NCBI_exact",TRUE,"Baron_etal_1996_Table32"
"Nycteris grandis","Telencephalon_Vol.mm3",70,"Baron_etal_1996_Table10",328.8,"NCBI_exact",TRUE,"Baron_etal_1996_Table10"
"Nycteris hispida","Amygdala_Vol.mm3",71,"Baron_etal_1996_Table32",10.2,"NCBI_exact",TRUE,"Baron_etal_1996_Table32"
"Nycteris hispida","Bulbus_olfactorius_Vol.mm3",71,"Baron_etal_1996_Table32",2.24,"NCBI_exact",TRUE,"Baron_etal_1996_Table32"
"Nycteris hispida","Cerebellum_Vol.mm3",71,"Baron_etal_1996_Table10",55.2,"NCBI_exact",TRUE,"Baron_etal_1996_Table10"
"Nycteris hispida","Diencephalon_Vol.mm3",71,"Baron_etal_1996_Table10",20.8,"NCBI_exact",TRUE,"Baron_etal_1996_Table10"
"Nycteris hispida","Hippocampus_Vol.mm3",71,"Baron_etal_1996_Table32",17.3,"NCBI_exact",TRUE,"Baron_etal_1996_Table32"
"Nycteris hispida","Medulla_oblongata_Vol.mm3",71,"Baron_etal_1996_Table10",30.5,"NCBI_exact",TRUE,"Baron_etal_1996_Table10"
"Nycteris hispida","Mesencephalon_Vol.mm3",71,"Baron_etal_1996_Table10",30.1,"NCBI_exact",TRUE,"Baron_etal_1996_Table10"
"Nycteris hispida","Neocortex_Vol.mm3",71,"Baron_etal_1996_Table32",69.6,"NCBI_exact",TRUE,"Baron_etal_1996_Table32"
"Nycteris hispida","Palaeocortex_Vol.mm3",71,"Baron_etal_1996_Table32",7.58,"NCBI_exact",TRUE,"Baron_etal_1996_Table32"
"Nycteris hispida","Schizo_cortex_Vol.mm3",71,"Baron_etal_1996_Table32",8.06,"NCBI_exact",TRUE,"Baron_etal_1996_Table32"
"Nycteris hispida","Septum_Vol.mm3",71,"Baron_etal_1996_Table32",2.95,"NCBI_exact",TRUE,"Baron_etal_1996_Table32"
"Nycteris hispida","Striatum_Vol.mm3",71,"Baron_etal_1996_Table32",15.9,"NCBI_exact",TRUE,"Baron_etal_1996_Table32"
"Nycteris hispida","Telencephalon_Vol.mm3",71,"Baron_etal_1996_Table10",133.7,"NCBI_exact",TRUE,"Baron_etal_1996_Table10"
"Nycteris javanica","Amygdala_Vol.mm3",72,"Baron_etal_1996_Table32",13.7,"NCBI_exact",TRUE,"Baron_etal_1996_Table32"
"Nycteris javanica","Bulbus_olfactorius_Vol.mm3",72,"Baron_etal_1996_Table32",3.38,"NCBI_exact",TRUE,"Baron_etal_1996_Table32"
"Nycteris javanica","Cerebellum_Vol.mm3",72,"Baron_etal_1996_Table10",90.2,"NCBI_exact",TRUE,"Baron_etal_1996_Table10"
"Nycteris javanica","Diencephalon_Vol.mm3",72,"Baron_etal_1996_Table10",36.3,"NCBI_exact",TRUE,"Baron_etal_1996_Table10"
"Nycteris javanica","Hippocampus_Vol.mm3",72,"Baron_etal_1996_Table32",27.3,"NCBI_exact",TRUE,"Baron_etal_1996_Table32"
"Nycteris javanica","Medulla_oblongata_Vol.mm3",72,"Baron_etal_1996_Table10",55.5,"NCBI_exact",TRUE,"Baron_etal_1996_Table10"
"Nycteris javanica","Mesencephalon_Vol.mm3",72,"Baron_etal_1996_Table10",54.1,"NCBI_exact",TRUE,"Baron_etal_1996_Table10"
"Nycteris javanica","Neocortex_Vol.mm3",72,"Baron_etal_1996_Table32",122.7,"NCBI_exact",TRUE,"Baron_etal_1996_Table32"
"Nycteris javanica","Palaeocortex_Vol.mm3",72,"Baron_etal_1996_Table32",8.82,"NCBI_exact",TRUE,"Baron_etal_1996_Table32"
"Nycteris javanica","Schizo_cortex_Vol.mm3",72,"Baron_etal_1996_Table32",10.3,"NCBI_exact",TRUE,"Baron_etal_1996_Table32"
"Nycteris javanica","Septum_Vol.mm3",72,"Baron_etal_1996_Table32",3.58,"NCBI_exact",TRUE,"Baron_etal_1996_Table32"
"Nycteris javanica","Striatum_Vol.mm3",72,"Baron_etal_1996_Table32",21.4,"NCBI_exact",TRUE,"Baron_etal_1996_Table32"
"Nycteris javanica","Telencephalon_Vol.mm3",72,"Baron_etal_1996_Table10",211.2,"NCBI_exact",TRUE,"Baron_etal_1996_Table10"
"Nycteris macrotis","Amygdala_Vol.mm3",73,"Baron_etal_1996_Table32",14.8,"NCBI_exact",TRUE,"Baron_etal_1996_Table32"
"Nycteris macrotis","Bulbus_olfactorius_Vol.mm3",73,"Baron_etal_1996_Table32",4.15,"NCBI_exact",TRUE,"Baron_etal_1996_Table32"
"Nycteris macrotis","Cerebellum_Vol.mm3",73,"Baron_etal_1996_Table10",70.9,"NCBI_exact",TRUE,"Baron_etal_1996_Table10"
"Nycteris macrotis","Diencephalon_Vol.mm3",73,"Baron_etal_1996_Table10",30.5,"NCBI_exact",TRUE,"Baron_etal_1996_Table10"
"Nycteris macrotis","Hippocampus_Vol.mm3",73,"Baron_etal_1996_Table32",18.5,"NCBI_exact",TRUE,"Baron_etal_1996_Table32"
"Nycteris macrotis","Medulla_oblongata_Vol.mm3",73,"Baron_etal_1996_Table10",47.7,"NCBI_exact",TRUE,"Baron_etal_1996_Table10"
"Nycteris macrotis","Mesencephalon_Vol.mm3",73,"Baron_etal_1996_Table10",38.5,"NCBI_exact",TRUE,"Baron_etal_1996_Table10"
"Nycteris macrotis","Neocortex_Vol.mm3",73,"Baron_etal_1996_Table32",102.1,"NCBI_exact",TRUE,"Baron_etal_1996_Table32"
"Nycteris macrotis","Palaeocortex_Vol.mm3",73,"Baron_etal_1996_Table32",9.42,"NCBI_exact",TRUE,"Baron_etal_1996_Table32"
"Nycteris macrotis","Schizo_cortex_Vol.mm3",73,"Baron_etal_1996_Table32",10.4,"NCBI_exact",TRUE,"Baron_etal_1996_Table32"
"Nycteris macrotis","Septum_Vol.mm3",73,"Baron_etal_1996_Table32",3.49,"NCBI_exact",TRUE,"Baron_etal_1996_Table32"
"Nycteris macrotis","Striatum_Vol.mm3",73,"Baron_etal_1996_Table32",17.4,"NCBI_exact",TRUE,"Baron_etal_1996_Table32"
"Nycteris macrotis","Telencephalon_Vol.mm3",73,"Baron_etal_1996_Table10",180.2,"NCBI_exact",TRUE,"Baron_etal_1996_Table10"
"Nycteris nana","Amygdala_Vol.mm3",74,"Baron_etal_1996_Table32",7.89,"GBIF_frozen_legacy_map",TRUE,"Baron_etal_1996_Table32"
"Nycteris nana","Bulbus_olfactorius_Vol.mm3",74,"Baron_etal_1996_Table32",2.85,"GBIF_frozen_legacy_map",TRUE,"Baron_etal_1996_Table32"
"Nycteris nana","Cerebellum_Vol.mm3",74,"Baron_etal_1996_Table10",47.9,"GBIF_frozen_legacy_map",TRUE,"Baron_etal_1996_Table10"
"Nycteris nana","Diencephalon_Vol.mm3",74,"Baron_etal_1996_Table10",17.9,"GBIF_frozen_legacy_map",TRUE,"Baron_etal_1996_Table10"
"Nycteris nana","Hippocampus_Vol.mm3",74,"Baron_etal_1996_Table32",14.5,"GBIF_frozen_legacy_map",TRUE,"Baron_etal_1996_Table32"
"Nycteris nana","Medulla_oblongata_Vol.mm3",74,"Baron_etal_1996_Table10",27.8,"GBIF_frozen_legacy_map",TRUE,"Baron_etal_1996_Table10"
"Nycteris nana","Mesencephalon_Vol.mm3",74,"Baron_etal_1996_Table10",24.9,"GBIF_frozen_legacy_map",TRUE,"Baron_etal_1996_Table10"
"Nycteris nana","Neocortex_Vol.mm3",74,"Baron_etal_1996_Table32",54.4,"GBIF_frozen_legacy_map",TRUE,"Baron_etal_1996_Table32"
"Nycteris nana","Palaeocortex_Vol.mm3",74,"Baron_etal_1996_Table32",6,"GBIF_frozen_legacy_map",TRUE,"Baron_etal_1996_Table32"
"Nycteris nana","Schizo_cortex_Vol.mm3",74,"Baron_etal_1996_Table32",6.29,"GBIF_frozen_legacy_map",TRUE,"Baron_etal_1996_Table32"
"Nycteris nana","Septum_Vol.mm3",74,"Baron_etal_1996_Table32",2.71,"GBIF_frozen_legacy_map",TRUE,"Baron_etal_1996_Table32"
"Nycteris nana","Striatum_Vol.mm3",74,"Baron_etal_1996_Table32",13.1,"GBIF_frozen_legacy_map",TRUE,"Baron_etal_1996_Table32"
"Nycteris nana","Telencephalon_Vol.mm3",74,"Baron_etal_1996_Table10",107.7,"GBIF_frozen_legacy_map",TRUE,"Baron_etal_1996_Table10"
"Nycteris thebaica","Amygdala_Vol.mm3",75,"Baron_etal_1996_Table32",11.1,"NCBI_exact",TRUE,"Baron_etal_1996_Table32"
"Nycteris thebaica","Bulbus_olfactorius_Vol.mm3",75,"Baron_etal_1996_Table32",2.9,"NCBI_exact",TRUE,"Baron_etal_1996_Table32"
"Nycteris thebaica","Cerebellum_Vol.mm3",75,"Baron_etal_1996_Table10",58,"NCBI_exact",TRUE,"Baron_etal_1996_Table10"
"Nycteris thebaica","Diencephalon_Vol.mm3",75,"Baron_etal_1996_Table10",24.6,"NCBI_exact",TRUE,"Baron_etal_1996_Table10"
"Nycteris thebaica","Hippocampus_Vol.mm3",75,"Baron_etal_1996_Table32",17.4,"NCBI_exact",TRUE,"Baron_etal_1996_Table32"
"Nycteris thebaica","Medulla_oblongata_Vol.mm3",75,"Baron_etal_1996_Table10",39.6,"NCBI_exact",TRUE,"Baron_etal_1996_Table10"
"Nycteris thebaica","Mesencephalon_Vol.mm3",75,"Baron_etal_1996_Table10",32.8,"NCBI_exact",TRUE,"Baron_etal_1996_Table10"
"Nycteris thebaica","Neocortex_Vol.mm3",75,"Baron_etal_1996_Table32",85.7,"NCBI_exact",TRUE,"Baron_etal_1996_Table32"
"Nycteris thebaica","Palaeocortex_Vol.mm3",75,"Baron_etal_1996_Table32",8.42,"NCBI_exact",TRUE,"Baron_etal_1996_Table32"
"Nycteris thebaica","Schizo_cortex_Vol.mm3",75,"Baron_etal_1996_Table32",8.42,"NCBI_exact",TRUE,"Baron_etal_1996_Table32"
"Nycteris thebaica","Septum_Vol.mm3",75,"Baron_etal_1996_Table32",2.89,"NCBI_exact",TRUE,"Baron_etal_1996_Table32"
"Nycteris thebaica","Striatum_Vol.mm3",75,"Baron_etal_1996_Table32",15.8,"NCBI_exact",TRUE,"Baron_etal_1996_Table32"
"Nycteris thebaica","Telencephalon_Vol.mm3",75,"Baron_etal_1996_Table10",152.6,"NCBI_exact",TRUE,"Baron_etal_1996_Table10"
"Nycteris tragata","Amygdala_Vol.mm3",76,"Baron_etal_1996_Table32",13.6,"NCBI_exact",TRUE,"Baron_etal_1996_Table32"
"Nycteris tragata","Bulbus_olfactorius_Vol.mm3",76,"Baron_etal_1996_Table32",3.65,"NCBI_exact",TRUE,"Baron_etal_1996_Table32"
"Nycteris tragata","Cerebellum_Vol.mm3",76,"Baron_etal_1996_Table10",96.2,"NCBI_exact",TRUE,"Baron_etal_1996_Table10"
"Nycteris tragata","Diencephalon_Vol.mm3",76,"Baron_etal_1996_Table10",33.6,"NCBI_exact",TRUE,"Baron_etal_1996_Table10"
"Nycteris tragata","Hippocampus_Vol.mm3",76,"Baron_etal_1996_Table32",24.1,"NCBI_exact",TRUE,"Baron_etal_1996_Table32"
"Nycteris tragata","Medulla_oblongata_Vol.mm3",76,"Baron_etal_1996_Table10",51.1,"NCBI_exact",TRUE,"Baron_etal_1996_Table10"
"Nycteris tragata","Mesencephalon_Vol.mm3",76,"Baron_etal_1996_Table10",45.1,"NCBI_exact",TRUE,"Baron_etal_1996_Table10"
"Nycteris tragata","Neocortex_Vol.mm3",76,"Baron_etal_1996_Table32",124.1,"NCBI_exact",TRUE,"Baron_etal_1996_Table32"
"Nycteris tragata","Palaeocortex_Vol.mm3",76,"Baron_etal_1996_Table32",8.48,"NCBI_exact",TRUE,"Baron_etal_1996_Table32"
"Nycteris tragata","Schizo_cortex_Vol.mm3",76,"Baron_etal_1996_Table32",9.17,"NCBI_exact",TRUE,"Baron_etal_1996_Table32"
"Nycteris tragata","Septum_Vol.mm3",76,"Baron_etal_1996_Table32",3.87,"NCBI_exact",TRUE,"Baron_etal_1996_Table32"
"Nycteris tragata","Striatum_Vol.mm3",76,"Baron_etal_1996_Table32",21.1,"NCBI_exact",TRUE,"Baron_etal_1996_Table32"
"Nycteris tragata","Telencephalon_Vol.mm3",76,"Baron_etal_1996_Table10",208.1,"NCBI_exact",TRUE,"Baron_etal_1996_Table10"
"Nycticeinops crassulus","Amygdala_Vol.mm3",200,"Baron_etal_1996_Table32",7.41,"GBIF_frozen_legacy_map",TRUE,"Baron_etal_1996_Table32"
"Nycticeinops crassulus","Bulbus_olfactorius_Vol.mm3",200,"Baron_etal_1996_Table32",3.56,"GBIF_frozen_legacy_map",TRUE,"Baron_etal_1996_Table32"
"Nycticeinops crassulus","Cerebellum_Vol.mm3",200,"Baron_etal_1996_Table10",21.1,"GBIF_frozen_legacy_map",TRUE,"Baron_etal_1996_Table10"
"Nycticeinops crassulus","Diencephalon_Vol.mm3",200,"Baron_etal_1996_Table10",12,"GBIF_frozen_legacy_map",TRUE,"Baron_etal_1996_Table10"
"Nycticeinops crassulus","Hippocampus_Vol.mm3",200,"Baron_etal_1996_Table32",8.19,"GBIF_frozen_legacy_map",TRUE,"Baron_etal_1996_Table32"
"Nycticeinops crassulus","Medulla_oblongata_Vol.mm3",200,"Baron_etal_1996_Table10",19.9,"GBIF_frozen_legacy_map",TRUE,"Baron_etal_1996_Table10"
"Nycticeinops crassulus","Mesencephalon_Vol.mm3",200,"Baron_etal_1996_Table10",14.6,"GBIF_frozen_legacy_map",TRUE,"Baron_etal_1996_Table10"
"Nycticeinops crassulus","Neocortex_Vol.mm3",200,"Baron_etal_1996_Table32",21.3,"GBIF_frozen_legacy_map",TRUE,"Baron_etal_1996_Table32"
"Nycticeinops crassulus","Palaeocortex_Vol.mm3",200,"Baron_etal_1996_Table32",5.44,"GBIF_frozen_legacy_map",TRUE,"Baron_etal_1996_Table32"
"Nycticeinops crassulus","Schizo_cortex_Vol.mm3",200,"Baron_etal_1996_Table32",3.98,"GBIF_frozen_legacy_map",TRUE,"Baron_etal_1996_Table32"
"Nycticeinops crassulus","Septum_Vol.mm3",200,"Baron_etal_1996_Table32",1.91,"GBIF_frozen_legacy_map",TRUE,"Baron_etal_1996_Table32"
"Nycticeinops crassulus","Striatum_Vol.mm3",200,"Baron_etal_1996_Table32",5.75,"GBIF_frozen_legacy_map",TRUE,"Baron_etal_1996_Table32"
"Nycticeinops crassulus","Telencephalon_Vol.mm3",200,"Baron_etal_1996_Table10",57.5,"GBIF_frozen_legacy_map",TRUE,"Baron_etal_1996_Table10"
"Nyctimene albiventer","Amygdala_Vol.mm3",35,"Baron_etal_1996_Table32",22,"NCBI_exact",TRUE,"Baron_etal_1996_Table32"
"Nyctimene albiventer","Bulbus_olfactorius_Vol.mm3",35,"Baron_etal_1996_Table32",52.5,"NCBI_exact",TRUE,"Baron_etal_1996_Table32"
"Nyctimene albiventer","Cerebellum_Vol.mm3",35,"Baron_etal_1996_Table10",111.9,"NCBI_exact",TRUE,"Baron_etal_1996_Table10"
"Nyctimene albiventer","Diencephalon_Vol.mm3",35,"Baron_etal_1996_Table10",65.6,"NCBI_exact",TRUE,"Baron_etal_1996_Table10"
"Nyctimene albiventer","Hippocampus_Vol.mm3",35,"Baron_etal_1996_Table32",68.5,"NCBI_exact",TRUE,"Baron_etal_1996_Table32"
"Nyctimene albiventer","Medulla_oblongata_Vol.mm3",35,"Baron_etal_1996_Table10",61.2,"NCBI_exact",TRUE,"Baron_etal_1996_Table10"
"Nyctimene albiventer","Mesencephalon_Vol.mm3",35,"Baron_etal_1996_Table10",47.3,"NCBI_exact",TRUE,"Baron_etal_1996_Table10"
"Nyctimene albiventer","Neocortex_Vol.mm3",35,"Baron_etal_1996_Table32",219.1,"NCBI_exact",TRUE,"Baron_etal_1996_Table32"
"Nyctimene albiventer","Palaeocortex_Vol.mm3",35,"Baron_etal_1996_Table32",52.9,"NCBI_exact",TRUE,"Baron_etal_1996_Table32"
"Nyctimene albiventer","Schizo_cortex_Vol.mm3",35,"Baron_etal_1996_Table32",29.8,"NCBI_exact",TRUE,"Baron_etal_1996_Table32"
"Nyctimene albiventer","Septum_Vol.mm3",35,"Baron_etal_1996_Table32",11.8,"NCBI_exact",TRUE,"Baron_etal_1996_Table32"
"Nyctimene albiventer","Striatum_Vol.mm3",35,"Baron_etal_1996_Table32",36.4,"NCBI_exact",TRUE,"Baron_etal_1996_Table32"
"Nyctimene albiventer","Telencephalon_Vol.mm3",35,"Baron_etal_1996_Table10",493,"NCBI_exact",TRUE,"Baron_etal_1996_Table10"
"Nyctimene robinsoni","Amygdala_Vol.mm3",36,"Baron_etal_1996_Table32",33.3,"NCBI_exact",TRUE,"Baron_etal_1996_Table32"
"Nyctimene robinsoni","Bulbus_olfactorius_Vol.mm3",36,"Baron_etal_1996_Table32",81.1,"NCBI_exact",TRUE,"Baron_etal_1996_Table32"
"Nyctimene robinsoni","Cerebellum_Vol.mm3",36,"Baron_etal_1996_Table10",162,"NCBI_exact",TRUE,"Baron_etal_1996_Table10"
"Nyctimene robinsoni","Diencephalon_Vol.mm3",36,"Baron_etal_1996_Table10",94.8,"NCBI_exact",TRUE,"Baron_etal_1996_Table10"
"Nyctimene robinsoni","Hippocampus_Vol.mm3",36,"Baron_etal_1996_Table32",102.7,"NCBI_exact",TRUE,"Baron_etal_1996_Table32"
"Nyctimene robinsoni","Medulla_oblongata_Vol.mm3",36,"Baron_etal_1996_Table10",83.7,"NCBI_exact",TRUE,"Baron_etal_1996_Table10"
"Nyctimene robinsoni","Mesencephalon_Vol.mm3",36,"Baron_etal_1996_Table10",72.3,"NCBI_exact",TRUE,"Baron_etal_1996_Table10"
"Nyctimene robinsoni","Neocortex_Vol.mm3",36,"Baron_etal_1996_Table32",335.1,"NCBI_exact",TRUE,"Baron_etal_1996_Table32"
"Nyctimene robinsoni","Palaeocortex_Vol.mm3",36,"Baron_etal_1996_Table32",77.2,"NCBI_exact",TRUE,"Baron_etal_1996_Table32"
"Nyctimene robinsoni","Schizo_cortex_Vol.mm3",36,"Baron_etal_1996_Table32",43.8,"NCBI_exact",TRUE,"Baron_etal_1996_Table32"
"Nyctimene robinsoni","Septum_Vol.mm3",36,"Baron_etal_1996_Table32",17.2,"NCBI_exact",TRUE,"Baron_etal_1996_Table32"
"Nyctimene robinsoni","Striatum_Vol.mm3",36,"Baron_etal_1996_Table32",58.6,"NCBI_exact",TRUE,"Baron_etal_1996_Table32"
"Nyctimene robinsoni","Telencephalon_Vol.mm3",36,"Baron_etal_1996_Table10",749,"NCBI_exact",TRUE,"Baron_etal_1996_Table10"
"Nyctimene vizcaccia","Amygdala_Vol.mm3",37,"Baron_etal_1996_Table32",26.8,"NCBI_exact",TRUE,"Baron_etal_1996_Table32"
"Nyctimene vizcaccia","Bulbus_olfactorius_Vol.mm3",37,"Baron_etal_1996_Table32",73.2,"NCBI_exact",TRUE,"Baron_etal_1996_Table32"
"Nyctimene vizcaccia","Cerebellum_Vol.mm3",37,"Baron_etal_1996_Table10",135.6,"NCBI_exact",TRUE,"Baron_etal_1996_Table10"
"Nyctimene vizcaccia","Diencephalon_Vol.mm3",37,"Baron_etal_1996_Table10",79.4,"NCBI_exact",TRUE,"Baron_etal_1996_Table10"
"Nyctimene vizcaccia","Hippocampus_Vol.mm3",37,"Baron_etal_1996_Table32",73,"NCBI_exact",TRUE,"Baron_etal_1996_Table32"
"Nyctimene vizcaccia","Medulla_oblongata_Vol.mm3",37,"Baron_etal_1996_Table10",71,"NCBI_exact",TRUE,"Baron_etal_1996_Table10"
"Nyctimene vizcaccia","Mesencephalon_Vol.mm3",37,"Baron_etal_1996_Table10",56,"NCBI_exact",TRUE,"Baron_etal_1996_Table10"
"Nyctimene vizcaccia","Neocortex_Vol.mm3",37,"Baron_etal_1996_Table32",257,"NCBI_exact",TRUE,"Baron_etal_1996_Table32"
"Nyctimene vizcaccia","Palaeocortex_Vol.mm3",37,"Baron_etal_1996_Table32",71,"NCBI_exact",TRUE,"Baron_etal_1996_Table32"
"Nyctimene vizcaccia","Schizo_cortex_Vol.mm3",37,"Baron_etal_1996_Table32",31.7,"NCBI_exact",TRUE,"Baron_etal_1996_Table32"
"Nyctimene vizcaccia","Septum_Vol.mm3",37,"Baron_etal_1996_Table32",14,"NCBI_exact",TRUE,"Baron_etal_1996_Table32"
"Nyctimene vizcaccia","Striatum_Vol.mm3",37,"Baron_etal_1996_Table32",45.1,"NCBI_exact",TRUE,"Baron_etal_1996_Table32"
"Nyctimene vizcaccia","Telencephalon_Vol.mm3",37,"Baron_etal_1996_Table10",591.7,"NCBI_exact",TRUE,"Baron_etal_1996_Table10"
"Nyctophilus geoffroyi","Amygdala_Vol.mm3",252,"Baron_etal_1996_Table32",7.01,"NCBI_exact",TRUE,"Baron_etal_1996_Table32"
"Nyctophilus geoffroyi","Bulbus_olfactorius_Vol.mm3",252,"Baron_etal_1996_Table32",4.49,"NCBI_exact",TRUE,"Baron_etal_1996_Table32"
"Nyctophilus geoffroyi","Cerebellum_Vol.mm3",252,"Baron_etal_1996_Table10",29.2,"NCBI_exact",TRUE,"Baron_etal_1996_Table10"
"Nyctophilus geoffroyi","Diencephalon_Vol.mm3",252,"Baron_etal_1996_Table10",12.6,"NCBI_exact",TRUE,"Baron_etal_1996_Table10"
"Nyctophilus geoffroyi","Hippocampus_Vol.mm3",252,"Baron_etal_1996_Table32",12.3,"NCBI_exact",TRUE,"Baron_etal_1996_Table32"
"Nyctophilus geoffroyi","Medulla_oblongata_Vol.mm3",252,"Baron_etal_1996_Table10",21.6,"NCBI_exact",TRUE,"Baron_etal_1996_Table10"
"Nyctophilus geoffroyi","Mesencephalon_Vol.mm3",252,"Baron_etal_1996_Table10",15.5,"NCBI_exact",TRUE,"Baron_etal_1996_Table10"
"Nyctophilus geoffroyi","Neocortex_Vol.mm3",252,"Baron_etal_1996_Table32",31.8,"NCBI_exact",TRUE,"Baron_etal_1996_Table32"
"Nyctophilus geoffroyi","Palaeocortex_Vol.mm3",252,"Baron_etal_1996_Table32",6.56,"NCBI_exact",TRUE,"Baron_etal_1996_Table32"
"Nyctophilus geoffroyi","Schizo_cortex_Vol.mm3",252,"Baron_etal_1996_Table32",5.68,"NCBI_exact",TRUE,"Baron_etal_1996_Table32"
"Nyctophilus geoffroyi","Septum_Vol.mm3",252,"Baron_etal_1996_Table32",2.13,"NCBI_exact",TRUE,"Baron_etal_1996_Table32"
"Nyctophilus geoffroyi","Striatum_Vol.mm3",252,"Baron_etal_1996_Table32",8.06,"NCBI_exact",TRUE,"Baron_etal_1996_Table32"
"Nyctophilus geoffroyi","Telencephalon_Vol.mm3",252,"Baron_etal_1996_Table10",78.1,"NCBI_exact",TRUE,"Baron_etal_1996_Table10"
"Otomops martiensseni","Amygdala_Vol.mm3",263,"Baron_etal_1996_Table32",28.8,"NCBI_exact",TRUE,"Baron_etal_1996_Table32"
"Otomops martiensseni","Bulbus_olfactorius_Vol.mm3",263,"Baron_etal_1996_Table32",14.3,"NCBI_exact",TRUE,"Baron_etal_1996_Table32"
"Otomops martiensseni","Cerebellum_Vol.mm3",263,"Baron_etal_1996_Table10",201.6,"NCBI_exact",TRUE,"Baron_etal_1996_Table10"
"Otomops martiensseni","Diencephalon_Vol.mm3",263,"Baron_etal_1996_Table10",53.4,"NCBI_exact",TRUE,"Baron_etal_1996_Table10"
"Otomops martiensseni","Hippocampus_Vol.mm3",263,"Baron_etal_1996_Table32",30.6,"NCBI_exact",TRUE,"Baron_etal_1996_Table32"
"Otomops martiensseni","Medulla_oblongata_Vol.mm3",263,"Baron_etal_1996_Table10",89.6,"NCBI_exact",TRUE,"Baron_etal_1996_Table10"
"Otomops martiensseni","Mesencephalon_Vol.mm3",263,"Baron_etal_1996_Table10",59.9,"NCBI_exact",TRUE,"Baron_etal_1996_Table10"
"Otomops martiensseni","Neocortex_Vol.mm3",263,"Baron_etal_1996_Table32",153.6,"NCBI_exact",TRUE,"Baron_etal_1996_Table32"
"Otomops martiensseni","Palaeocortex_Vol.mm3",263,"Baron_etal_1996_Table32",26.2,"NCBI_exact",TRUE,"Baron_etal_1996_Table32"
"Otomops martiensseni","Schizo_cortex_Vol.mm3",263,"Baron_etal_1996_Table32",20.7,"NCBI_exact",TRUE,"Baron_etal_1996_Table32"
"Otomops martiensseni","Septum_Vol.mm3",263,"Baron_etal_1996_Table32",7.07,"NCBI_exact",TRUE,"Baron_etal_1996_Table32"
"Otomops martiensseni","Striatum_Vol.mm3",263,"Baron_etal_1996_Table32",29,"NCBI_exact",TRUE,"Baron_etal_1996_Table32"
"Otomops martiensseni","Telencephalon_Vol.mm3",263,"Baron_etal_1996_Table10",310.4,"NCBI_exact",TRUE,"Baron_etal_1996_Table10"
"Paranyctimene raptor","Amygdala_Vol.mm3",38,"Baron_etal_1996_Table32",17.8,"NCBI_exact",TRUE,"Baron_etal_1996_Table32"
"Paranyctimene raptor","Bulbus_olfactorius_Vol.mm3",38,"Baron_etal_1996_Table32",42,"NCBI_exact",TRUE,"Baron_etal_1996_Table32"
"Paranyctimene raptor","Cerebellum_Vol.mm3",38,"Baron_etal_1996_Table10",101.2,"NCBI_exact",TRUE,"Baron_etal_1996_Table10"
"Paranyctimene raptor","Diencephalon_Vol.mm3",38,"Baron_etal_1996_Table10",57.8,"NCBI_exact",TRUE,"Baron_etal_1996_Table10"
"Paranyctimene raptor","Hippocampus_Vol.mm3",38,"Baron_etal_1996_Table32",62.4,"NCBI_exact",TRUE,"Baron_etal_1996_Table32"
"Paranyctimene raptor","Medulla_oblongata_Vol.mm3",38,"Baron_etal_1996_Table10",51.6,"NCBI_exact",TRUE,"Baron_etal_1996_Table10"
"Paranyctimene raptor","Mesencephalon_Vol.mm3",38,"Baron_etal_1996_Table10",42.3,"NCBI_exact",TRUE,"Baron_etal_1996_Table10"
"Paranyctimene raptor","Neocortex_Vol.mm3",38,"Baron_etal_1996_Table32",198.3,"NCBI_exact",TRUE,"Baron_etal_1996_Table32"
"Paranyctimene raptor","Palaeocortex_Vol.mm3",38,"Baron_etal_1996_Table32",45.8,"NCBI_exact",TRUE,"Baron_etal_1996_Table32"
"Paranyctimene raptor","Schizo_cortex_Vol.mm3",38,"Baron_etal_1996_Table32",27,"NCBI_exact",TRUE,"Baron_etal_1996_Table32"
"Paranyctimene raptor","Septum_Vol.mm3",38,"Baron_etal_1996_Table32",9.45,"NCBI_exact",TRUE,"Baron_etal_1996_Table32"
"Paranyctimene raptor","Striatum_Vol.mm3",38,"Baron_etal_1996_Table32",34.9,"NCBI_exact",TRUE,"Baron_etal_1996_Table32"
"Paranyctimene raptor","Telencephalon_Vol.mm3",38,"Baron_etal_1996_Table10",437.6,"NCBI_exact",TRUE,"Baron_etal_1996_Table10"
"Perimyotis subflavus","Amygdala_Vol.mm3",207,"Baron_etal_1996_Table32",5.27,"NCBI_exact",TRUE,"Baron_etal_1996_Table32"
"Perimyotis subflavus","Bulbus_olfactorius_Vol.mm3",207,"Baron_etal_1996_Table32",3.53,"NCBI_exact",TRUE,"Baron_etal_1996_Table32"
"Perimyotis subflavus","Cerebellum_Vol.mm3",207,"Baron_etal_1996_Table10",21.3,"NCBI_exact",TRUE,"Baron_etal_1996_Table10"
"Perimyotis subflavus","Diencephalon_Vol.mm3",207,"Baron_etal_1996_Table10",10.4,"NCBI_exact",TRUE,"Baron_etal_1996_Table10"
"Perimyotis subflavus","Hippocampus_Vol.mm3",207,"Baron_etal_1996_Table32",10.9,"NCBI_exact",TRUE,"Baron_etal_1996_Table32"
"Perimyotis subflavus","Medulla_oblongata_Vol.mm3",207,"Baron_etal_1996_Table10",18.3,"NCBI_exact",TRUE,"Baron_etal_1996_Table10"
"Perimyotis subflavus","Mesencephalon_Vol.mm3",207,"Baron_etal_1996_Table10",13.1,"NCBI_exact",TRUE,"Baron_etal_1996_Table10"
"Perimyotis subflavus","Neocortex_Vol.mm3",207,"Baron_etal_1996_Table32",16.6,"NCBI_exact",TRUE,"Baron_etal_1996_Table32"
"Perimyotis subflavus","Palaeocortex_Vol.mm3",207,"Baron_etal_1996_Table32",5.72,"NCBI_exact",TRUE,"Baron_etal_1996_Table32"
"Perimyotis subflavus","Schizo_cortex_Vol.mm3",207,"Baron_etal_1996_Table32",4.55,"NCBI_exact",TRUE,"Baron_etal_1996_Table32"
"Perimyotis subflavus","Septum_Vol.mm3",207,"Baron_etal_1996_Table32",2.31,"NCBI_exact",TRUE,"Baron_etal_1996_Table32"
"Perimyotis subflavus","Striatum_Vol.mm3",207,"Baron_etal_1996_Table32",5.32,"NCBI_exact",TRUE,"Baron_etal_1996_Table32"
"Perimyotis subflavus","Telencephalon_Vol.mm3",207,"Baron_etal_1996_Table10",54.2,"NCBI_exact",TRUE,"Baron_etal_1996_Table10"
"Peropteryx macrotis","Amygdala_Vol.mm3",59,"Baron_etal_1996_Table32",10.5,"NCBI_exact",TRUE,"Baron_etal_1996_Table32"
"Peropteryx macrotis","Bulbus_olfactorius_Vol.mm3",59,"Baron_etal_1996_Table32",1.68,"NCBI_exact",TRUE,"Baron_etal_1996_Table32"
"Peropteryx macrotis","Cerebellum_Vol.mm3",59,"Baron_etal_1996_Table10",30.4,"NCBI_exact",TRUE,"Baron_etal_1996_Table10"
"Peropteryx macrotis","Diencephalon_Vol.mm3",59,"Baron_etal_1996_Table10",12.9,"NCBI_exact",TRUE,"Baron_etal_1996_Table10"
"Peropteryx macrotis","Hippocampus_Vol.mm3",59,"Baron_etal_1996_Table32",8.13,"NCBI_exact",TRUE,"Baron_etal_1996_Table32"
"Peropteryx macrotis","Medulla_oblongata_Vol.mm3",59,"Baron_etal_1996_Table10",20.3,"NCBI_exact",TRUE,"Baron_etal_1996_Table10"
"Peropteryx macrotis","Mesencephalon_Vol.mm3",59,"Baron_etal_1996_Table10",19.3,"NCBI_exact",TRUE,"Baron_etal_1996_Table10"
"Peropteryx macrotis","Neocortex_Vol.mm3",59,"Baron_etal_1996_Table32",30.6,"NCBI_exact",TRUE,"Baron_etal_1996_Table32"
"Peropteryx macrotis","Palaeocortex_Vol.mm3",59,"Baron_etal_1996_Table32",4.65,"NCBI_exact",TRUE,"Baron_etal_1996_Table32"
"Peropteryx macrotis","Schizo_cortex_Vol.mm3",59,"Baron_etal_1996_Table32",6.15,"NCBI_exact",TRUE,"Baron_etal_1996_Table32"
"Peropteryx macrotis","Septum_Vol.mm3",59,"Baron_etal_1996_Table32",1.98,"NCBI_exact",TRUE,"Baron_etal_1996_Table32"
"Peropteryx macrotis","Striatum_Vol.mm3",59,"Baron_etal_1996_Table32",7.44,"NCBI_exact",TRUE,"Baron_etal_1996_Table32"
"Peropteryx macrotis","Telencephalon_Vol.mm3",59,"Baron_etal_1996_Table10",71.1,"NCBI_exact",TRUE,"Baron_etal_1996_Table10"
"Peropteryx trinitatis","Amygdala_Vol.mm3",60,"Baron_etal_1996_Table32",6.84,"NCBI_exact",TRUE,"Baron_etal_1996_Table32"
"Peropteryx trinitatis","Bulbus_olfactorius_Vol.mm3",60,"Baron_etal_1996_Table32",1.25,"NCBI_exact",TRUE,"Baron_etal_1996_Table32"
"Peropteryx trinitatis","Cerebellum_Vol.mm3",60,"Baron_etal_1996_Table10",22.8,"NCBI_exact",TRUE,"Baron_etal_1996_Table10"
"Peropteryx trinitatis","Diencephalon_Vol.mm3",60,"Baron_etal_1996_Table10",11.5,"NCBI_exact",TRUE,"Baron_etal_1996_Table10"
"Peropteryx trinitatis","Hippocampus_Vol.mm3",60,"Baron_etal_1996_Table32",6.95,"NCBI_exact",TRUE,"Baron_etal_1996_Table32"
"Peropteryx trinitatis","Medulla_oblongata_Vol.mm3",60,"Baron_etal_1996_Table10",19.4,"NCBI_exact",TRUE,"Baron_etal_1996_Table10"
"Peropteryx trinitatis","Mesencephalon_Vol.mm3",60,"Baron_etal_1996_Table10",17.4,"NCBI_exact",TRUE,"Baron_etal_1996_Table10"
"Peropteryx trinitatis","Neocortex_Vol.mm3",60,"Baron_etal_1996_Table32",25.7,"NCBI_exact",TRUE,"Baron_etal_1996_Table32"
"Peropteryx trinitatis","Palaeocortex_Vol.mm3",60,"Baron_etal_1996_Table32",4.4,"NCBI_exact",TRUE,"Baron_etal_1996_Table32"
"Peropteryx trinitatis","Schizo_cortex_Vol.mm3",60,"Baron_etal_1996_Table32",4.73,"NCBI_exact",TRUE,"Baron_etal_1996_Table32"
"Peropteryx trinitatis","Septum_Vol.mm3",60,"Baron_etal_1996_Table32",1.67,"NCBI_exact",TRUE,"Baron_etal_1996_Table32"
"Peropteryx trinitatis","Striatum_Vol.mm3",60,"Baron_etal_1996_Table32",6.97,"NCBI_exact",TRUE,"Baron_etal_1996_Table32"
"Peropteryx trinitatis","Telencephalon_Vol.mm3",60,"Baron_etal_1996_Table10",58.5,"NCBI_exact",TRUE,"Baron_etal_1996_Table10"
"Phoniscus atrox","Amygdala_Vol.mm3",251,"Baron_etal_1996_Table32",7.08,"GBIF_frozen_legacy_map",TRUE,"Baron_etal_1996_Table32"
"Phoniscus atrox","Bulbus_olfactorius_Vol.mm3",251,"Baron_etal_1996_Table32",2.59,"GBIF_frozen_legacy_map",TRUE,"Baron_etal_1996_Table32"
"Phoniscus atrox","Cerebellum_Vol.mm3",251,"Baron_etal_1996_Table10",29.5,"GBIF_frozen_legacy_map",TRUE,"Baron_etal_1996_Table10"
"Phoniscus atrox","Diencephalon_Vol.mm3",251,"Baron_etal_1996_Table10",12.1,"GBIF_frozen_legacy_map",TRUE,"Baron_etal_1996_Table10"
"Phoniscus atrox","Hippocampus_Vol.mm3",251,"Baron_etal_1996_Table32",24.7,"GBIF_frozen_legacy_map",TRUE,"Baron_etal_1996_Table32"
"Phoniscus atrox","Medulla_oblongata_Vol.mm3",251,"Baron_etal_1996_Table10",18.3,"GBIF_frozen_legacy_map",TRUE,"Baron_etal_1996_Table10"
"Phoniscus atrox","Mesencephalon_Vol.mm3",251,"Baron_etal_1996_Table10",13.3,"GBIF_frozen_legacy_map",TRUE,"Baron_etal_1996_Table10"
"Phoniscus atrox","Neocortex_Vol.mm3",251,"Baron_etal_1996_Table32",45.1,"GBIF_frozen_legacy_map",TRUE,"Baron_etal_1996_Table32"
"Phoniscus atrox","Palaeocortex_Vol.mm3",251,"Baron_etal_1996_Table32",5.54,"GBIF_frozen_legacy_map",TRUE,"Baron_etal_1996_Table32"
"Phoniscus atrox","Schizo_cortex_Vol.mm3",251,"Baron_etal_1996_Table32",9.39,"GBIF_frozen_legacy_map",TRUE,"Baron_etal_1996_Table32"
"Phoniscus atrox","Septum_Vol.mm3",251,"Baron_etal_1996_Table32",1.92,"GBIF_frozen_legacy_map",TRUE,"Baron_etal_1996_Table32"
"Phoniscus atrox","Striatum_Vol.mm3",251,"Baron_etal_1996_Table32",9.35,"GBIF_frozen_legacy_map",TRUE,"Baron_etal_1996_Table32"
"Phoniscus atrox","Telencephalon_Vol.mm3",251,"Baron_etal_1996_Table10",105.6,"GBIF_frozen_legacy_map",TRUE,"Baron_etal_1996_Table10"
"Phylloderma stenops","Amygdala_Vol.mm3",139,"Baron_etal_1996_Table32",36.2,"NCBI_exact",TRUE,"Baron_etal_1996_Table32"
"Phylloderma stenops","Bulbus_olfactorius_Vol.mm3",139,"Baron_etal_1996_Table32",87.4,"NCBI_exact",TRUE,"Baron_etal_1996_Table32"
"Phylloderma stenops","Cerebellum_Vol.mm3",139,"Baron_etal_1996_Table10",204.1,"NCBI_exact",TRUE,"Baron_etal_1996_Table10"
"Phylloderma stenops","Diencephalon_Vol.mm3",139,"Baron_etal_1996_Table10",89.7,"NCBI_exact",TRUE,"Baron_etal_1996_Table10"
"Phylloderma stenops","Hippocampus_Vol.mm3",139,"Baron_etal_1996_Table32",91.7,"NCBI_exact",TRUE,"Baron_etal_1996_Table32"
"Phylloderma stenops","Medulla_oblongata_Vol.mm3",139,"Baron_etal_1996_Table10",98.8,"NCBI_exact",TRUE,"Baron_etal_1996_Table10"
"Phylloderma stenops","Mesencephalon_Vol.mm3",139,"Baron_etal_1996_Table10",71.1,"NCBI_exact",TRUE,"Baron_etal_1996_Table10"
"Phylloderma stenops","Neocortex_Vol.mm3",139,"Baron_etal_1996_Table32",348.3,"NCBI_exact",TRUE,"Baron_etal_1996_Table32"
"Phylloderma stenops","Palaeocortex_Vol.mm3",139,"Baron_etal_1996_Table32",104.5,"NCBI_exact",TRUE,"Baron_etal_1996_Table32"
"Phylloderma stenops","Schizo_cortex_Vol.mm3",139,"Baron_etal_1996_Table32",51,"NCBI_exact",TRUE,"Baron_etal_1996_Table32"
"Phylloderma stenops","Septum_Vol.mm3",139,"Baron_etal_1996_Table32",15.8,"NCBI_exact",TRUE,"Baron_etal_1996_Table32"
"Phylloderma stenops","Striatum_Vol.mm3",139,"Baron_etal_1996_Table32",68.8,"NCBI_exact",TRUE,"Baron_etal_1996_Table32"
"Phylloderma stenops","Telencephalon_Vol.mm3",139,"Baron_etal_1996_Table10",804,"NCBI_exact",TRUE,"Baron_etal_1996_Table10"
"Phyllostomus discolor","Amygdala_Vol.mm3",136,"Baron_etal_1996_Table32",38.8,"NCBI_exact",TRUE,"Baron_etal_1996_Table32"
"Phyllostomus discolor","Bulbus_olfactorius_Vol.mm3",136,"Baron_etal_1996_Table32",39.8,"NCBI_exact",TRUE,"Baron_etal_1996_Table32"
"Phyllostomus discolor","Cerebellum_Vol.mm3",136,"Baron_etal_1996_Table10",170.4,"NCBI_exact",TRUE,"Baron_etal_1996_Table10"
"Phyllostomus discolor","Diencephalon_Vol.mm3",136,"Baron_etal_1996_Table10",82.4,"NCBI_exact",TRUE,"Baron_etal_1996_Table10"
"Phyllostomus discolor","Hippocampus_Vol.mm3",136,"Baron_etal_1996_Table32",67.9,"NCBI_exact",TRUE,"Baron_etal_1996_Table32"
"Phyllostomus discolor","Medulla_oblongata_Vol.mm3",136,"Baron_etal_1996_Table10",91.2,"NCBI_exact",TRUE,"Baron_etal_1996_Table10"
"Phyllostomus discolor","Mesencephalon_Vol.mm3",136,"Baron_etal_1996_Table10",63.4,"NCBI_exact",TRUE,"Baron_etal_1996_Table10"
"Phyllostomus discolor","Neocortex_Vol.mm3",136,"Baron_etal_1996_Table32",312.6,"NCBI_exact",TRUE,"Baron_etal_1996_Table32"
"Phyllostomus discolor","Palaeocortex_Vol.mm3",136,"Baron_etal_1996_Table32",53.3,"NCBI_exact",TRUE,"Baron_etal_1996_Table32"
"Phyllostomus discolor","Schizo_cortex_Vol.mm3",136,"Baron_etal_1996_Table32",39.2,"NCBI_exact",TRUE,"Baron_etal_1996_Table32"
"Phyllostomus discolor","Septum_Vol.mm3",136,"Baron_etal_1996_Table32",13.3,"NCBI_exact",TRUE,"Baron_etal_1996_Table32"
"Phyllostomus discolor","Striatum_Vol.mm3",136,"Baron_etal_1996_Table32",58.1,"NCBI_exact",TRUE,"Baron_etal_1996_Table32"
"Phyllostomus discolor","Telencephalon_Vol.mm3",136,"Baron_etal_1996_Table10",623.6,"NCBI_exact",TRUE,"Baron_etal_1996_Table10"
"Phyllostomus elongatus","Amygdala_Vol.mm3",137,"Baron_etal_1996_Table32",32.9,"NCBI_exact",TRUE,"Baron_etal_1996_Table32"
"Phyllostomus elongatus","Bulbus_olfactorius_Vol.mm3",137,"Baron_etal_1996_Table32",20.4,"NCBI_exact",TRUE,"Baron_etal_1996_Table32"
"Phyllostomus elongatus","Cerebellum_Vol.mm3",137,"Baron_etal_1996_Table10",171.1,"NCBI_exact",TRUE,"Baron_etal_1996_Table10"
"Phyllostomus elongatus","Diencephalon_Vol.mm3",137,"Baron_etal_1996_Table10",64.6,"NCBI_exact",TRUE,"Baron_etal_1996_Table10"
"Phyllostomus elongatus","Hippocampus_Vol.mm3",137,"Baron_etal_1996_Table32",49.1,"NCBI_exact",TRUE,"Baron_etal_1996_Table32"
"Phyllostomus elongatus","Medulla_oblongata_Vol.mm3",137,"Baron_etal_1996_Table10",91.9,"NCBI_exact",TRUE,"Baron_etal_1996_Table10"
"Phyllostomus elongatus","Mesencephalon_Vol.mm3",137,"Baron_etal_1996_Table10",64,"NCBI_exact",TRUE,"Baron_etal_1996_Table10"
"Phyllostomus elongatus","Neocortex_Vol.mm3",137,"Baron_etal_1996_Table32",226.3,"NCBI_exact",TRUE,"Baron_etal_1996_Table32"
"Phyllostomus elongatus","Palaeocortex_Vol.mm3",137,"Baron_etal_1996_Table32",33.9,"NCBI_exact",TRUE,"Baron_etal_1996_Table32"
"Phyllostomus elongatus","Schizo_cortex_Vol.mm3",137,"Baron_etal_1996_Table32",25.2,"NCBI_exact",TRUE,"Baron_etal_1996_Table32"
"Phyllostomus elongatus","Septum_Vol.mm3",137,"Baron_etal_1996_Table32",8.74,"NCBI_exact",TRUE,"Baron_etal_1996_Table32"
"Phyllostomus elongatus","Striatum_Vol.mm3",137,"Baron_etal_1996_Table32",43.1,"NCBI_exact",TRUE,"Baron_etal_1996_Table32"
"Phyllostomus elongatus","Telencephalon_Vol.mm3",137,"Baron_etal_1996_Table10",440,"NCBI_exact",TRUE,"Baron_etal_1996_Table10"
"Phyllostomus hastatus","Amygdala_Vol.mm3",138,"Baron_etal_1996_Table32",46.4,"NCBI_exact",TRUE,"Baron_etal_1996_Table32"
"Phyllostomus hastatus","Bulbus_olfactorius_Vol.mm3",138,"Baron_etal_1996_Table32",42.8,"NCBI_exact",TRUE,"Baron_etal_1996_Table32"
"Phyllostomus hastatus","Cerebellum_Vol.mm3",138,"Baron_etal_1996_Table10",281.3,"NCBI_exact",TRUE,"Baron_etal_1996_Table10"
"Phyllostomus hastatus","Diencephalon_Vol.mm3",138,"Baron_etal_1996_Table10",111,"NCBI_exact",TRUE,"Baron_etal_1996_Table10"
"Phyllostomus hastatus","Hippocampus_Vol.mm3",138,"Baron_etal_1996_Table32",79.8,"NCBI_exact",TRUE,"Baron_etal_1996_Table32"
"Phyllostomus hastatus","Medulla_oblongata_Vol.mm3",138,"Baron_etal_1996_Table10",140.2,"NCBI_exact",TRUE,"Baron_etal_1996_Table10"
"Phyllostomus hastatus","Mesencephalon_Vol.mm3",138,"Baron_etal_1996_Table10",95.7,"NCBI_exact",TRUE,"Baron_etal_1996_Table10"
"Phyllostomus hastatus","Neocortex_Vol.mm3",138,"Baron_etal_1996_Table32",438.9,"NCBI_exact",TRUE,"Baron_etal_1996_Table32"
"Phyllostomus hastatus","Palaeocortex_Vol.mm3",138,"Baron_etal_1996_Table32",65.2,"NCBI_exact",TRUE,"Baron_etal_1996_Table32"
"Phyllostomus hastatus","Schizo_cortex_Vol.mm3",138,"Baron_etal_1996_Table32",48.4,"NCBI_exact",TRUE,"Baron_etal_1996_Table32"
"Phyllostomus hastatus","Septum_Vol.mm3",138,"Baron_etal_1996_Table32",14.7,"NCBI_exact",TRUE,"Baron_etal_1996_Table32"
"Phyllostomus hastatus","Striatum_Vol.mm3",138,"Baron_etal_1996_Table32",73.9,"NCBI_exact",TRUE,"Baron_etal_1996_Table32"
"Phyllostomus hastatus","Telencephalon_Vol.mm3",138,"Baron_etal_1996_Table10",810.4,"NCBI_exact",TRUE,"Baron_etal_1996_Table10"
"Pipistrellus ceylonicus","Amygdala_Vol.mm3",198,"Baron_etal_1996_Table32",10.1,"NCBI_exact",TRUE,"Baron_etal_1996_Table32"
"Pipistrellus ceylonicus","Bulbus_olfactorius_Vol.mm3",198,"Baron_etal_1996_Table32",5.44,"NCBI_exact",TRUE,"Baron_etal_1996_Table32"
"Pipistrellus ceylonicus","Cerebellum_Vol.mm3",198,"Baron_etal_1996_Table10",30.7,"NCBI_exact",TRUE,"Baron_etal_1996_Table10"
"Pipistrellus ceylonicus","Diencephalon_Vol.mm3",198,"Baron_etal_1996_Table10",13.5,"NCBI_exact",TRUE,"Baron_etal_1996_Table10"
"Pipistrellus ceylonicus","Hippocampus_Vol.mm3",198,"Baron_etal_1996_Table32",11.8,"NCBI_exact",TRUE,"Baron_etal_1996_Table32"
"Pipistrellus ceylonicus","Medulla_oblongata_Vol.mm3",198,"Baron_etal_1996_Table10",26.7,"NCBI_exact",TRUE,"Baron_etal_1996_Table10"
"Pipistrellus ceylonicus","Mesencephalon_Vol.mm3",198,"Baron_etal_1996_Table10",19.2,"NCBI_exact",TRUE,"Baron_etal_1996_Table10"
"Pipistrellus ceylonicus","Neocortex_Vol.mm3",198,"Baron_etal_1996_Table32",28.3,"NCBI_exact",TRUE,"Baron_etal_1996_Table32"
"Pipistrellus ceylonicus","Palaeocortex_Vol.mm3",198,"Baron_etal_1996_Table32",8.3,"NCBI_exact",TRUE,"Baron_etal_1996_Table32"
"Pipistrellus ceylonicus","Schizo_cortex_Vol.mm3",198,"Baron_etal_1996_Table32",5.61,"NCBI_exact",TRUE,"Baron_etal_1996_Table32"
"Pipistrellus ceylonicus","Septum_Vol.mm3",198,"Baron_etal_1996_Table32",2.36,"NCBI_exact",TRUE,"Baron_etal_1996_Table32"
"Pipistrellus ceylonicus","Striatum_Vol.mm3",198,"Baron_etal_1996_Table32",6.74,"NCBI_exact",TRUE,"Baron_etal_1996_Table32"
"Pipistrellus ceylonicus","Telencephalon_Vol.mm3",198,"Baron_etal_1996_Table10",78.6,"NCBI_exact",TRUE,"Baron_etal_1996_Table10"
"Pipistrellus javanicus","Amygdala_Vol.mm3",202,"Baron_etal_1996_Table32",6.38,"NCBI_exact",TRUE,"Baron_etal_1996_Table32"
"Pipistrellus javanicus","Bulbus_olfactorius_Vol.mm3",202,"Baron_etal_1996_Table32",3.14,"NCBI_exact",TRUE,"Baron_etal_1996_Table32"
"Pipistrellus javanicus","Cerebellum_Vol.mm3",202,"Baron_etal_1996_Table10",19.5,"NCBI_exact",TRUE,"Baron_etal_1996_Table10"
"Pipistrellus javanicus","Diencephalon_Vol.mm3",202,"Baron_etal_1996_Table10",9.4,"NCBI_exact",TRUE,"Baron_etal_1996_Table10"
"Pipistrellus javanicus","Hippocampus_Vol.mm3",202,"Baron_etal_1996_Table32",8.27,"NCBI_exact",TRUE,"Baron_etal_1996_Table32"
"Pipistrellus javanicus","Medulla_oblongata_Vol.mm3",202,"Baron_etal_1996_Table10",18.2,"NCBI_exact",TRUE,"Baron_etal_1996_Table10"
"Pipistrellus javanicus","Mesencephalon_Vol.mm3",202,"Baron_etal_1996_Table10",13.2,"NCBI_exact",TRUE,"Baron_etal_1996_Table10"
"Pipistrellus javanicus","Neocortex_Vol.mm3",202,"Baron_etal_1996_Table32",18.4,"NCBI_exact",TRUE,"Baron_etal_1996_Table32"
"Pipistrellus javanicus","Palaeocortex_Vol.mm3",202,"Baron_etal_1996_Table32",4.84,"NCBI_exact",TRUE,"Baron_etal_1996_Table32"
"Pipistrellus javanicus","Schizo_cortex_Vol.mm3",202,"Baron_etal_1996_Table32",3.63,"NCBI_exact",TRUE,"Baron_etal_1996_Table32"
"Pipistrellus javanicus","Septum_Vol.mm3",202,"Baron_etal_1996_Table32",1.61,"NCBI_exact",TRUE,"Baron_etal_1996_Table32"
"Pipistrellus javanicus","Striatum_Vol.mm3",202,"Baron_etal_1996_Table32",4.93,"NCBI_exact",TRUE,"Baron_etal_1996_Table32"
"Pipistrellus javanicus","Telencephalon_Vol.mm3",202,"Baron_etal_1996_Table10",51.2,"NCBI_exact",TRUE,"Baron_etal_1996_Table10"
"Pipistrellus javanicus babu","Amygdala_Vol.mm3",197,"Baron_etal_1996_Table32",4.74,"NCBI_exact",TRUE,"Baron_etal_1996_Table32"
"Pipistrellus javanicus babu","Bulbus_olfactorius_Vol.mm3",197,"Baron_etal_1996_Table32",2.42,"NCBI_exact",TRUE,"Baron_etal_1996_Table32"
"Pipistrellus javanicus babu","Cerebellum_Vol.mm3",197,"Baron_etal_1996_Table10",16.8,"NCBI_exact",TRUE,"Baron_etal_1996_Table10"
"Pipistrellus javanicus babu","Diencephalon_Vol.mm3",197,"Baron_etal_1996_Table10",7.7,"NCBI_exact",TRUE,"Baron_etal_1996_Table10"
"Pipistrellus javanicus babu","Hippocampus_Vol.mm3",197,"Baron_etal_1996_Table32",6.42,"NCBI_exact",TRUE,"Baron_etal_1996_Table32"
"Pipistrellus javanicus babu","Medulla_oblongata_Vol.mm3",197,"Baron_etal_1996_Table10",15.7,"NCBI_exact",TRUE,"Baron_etal_1996_Table10"
"Pipistrellus javanicus babu","Mesencephalon_Vol.mm3",197,"Baron_etal_1996_Table10",10.7,"NCBI_exact",TRUE,"Baron_etal_1996_Table10"
"Pipistrellus javanicus babu","Neocortex_Vol.mm3",197,"Baron_etal_1996_Table32",14.2,"NCBI_exact",TRUE,"Baron_etal_1996_Table32"
"Pipistrellus javanicus babu","Palaeocortex_Vol.mm3",197,"Baron_etal_1996_Table32",3.82,"NCBI_exact",TRUE,"Baron_etal_1996_Table32"
"Pipistrellus javanicus babu","Schizo_cortex_Vol.mm3",197,"Baron_etal_1996_Table32",3.02,"NCBI_exact",TRUE,"Baron_etal_1996_Table32"
"Pipistrellus javanicus babu","Septum_Vol.mm3",197,"Baron_etal_1996_Table32",1.33,"NCBI_exact",TRUE,"Baron_etal_1996_Table32"
"Pipistrellus javanicus babu","Striatum_Vol.mm3",197,"Baron_etal_1996_Table32",3.63,"NCBI_exact",TRUE,"Baron_etal_1996_Table32"
"Pipistrellus javanicus babu","Telencephalon_Vol.mm3",197,"Baron_etal_1996_Table10",39.6,"NCBI_exact",TRUE,"Baron_etal_1996_Table10"
"Pipistrellus mimus","Amygdala_Vol.mm3",203,"Baron_etal_1996_Table32",4.28,"NCBI_exact",TRUE,"Baron_etal_1996_Table32"
"Pipistrellus mimus","Bulbus_olfactorius_Vol.mm3",203,"Baron_etal_1996_Table32",2.46,"NCBI_exact",TRUE,"Baron_etal_1996_Table32"
"Pipistrellus mimus","Cerebellum_Vol.mm3",203,"Baron_etal_1996_Table10",15.6,"NCBI_exact",TRUE,"Baron_etal_1996_Table10"
"Pipistrellus mimus","Diencephalon_Vol.mm3",203,"Baron_etal_1996_Table10",7.6,"NCBI_exact",TRUE,"Baron_etal_1996_Table10"
"Pipistrellus mimus","Hippocampus_Vol.mm3",203,"Baron_etal_1996_Table32",6.26,"NCBI_exact",TRUE,"Baron_etal_1996_Table32"
"Pipistrellus mimus","Medulla_oblongata_Vol.mm3",203,"Baron_etal_1996_Table10",15.1,"NCBI_exact",TRUE,"Baron_etal_1996_Table10"
"Pipistrellus mimus","Mesencephalon_Vol.mm3",203,"Baron_etal_1996_Table10",10.4,"NCBI_exact",TRUE,"Baron_etal_1996_Table10"
"Pipistrellus mimus","Neocortex_Vol.mm3",203,"Baron_etal_1996_Table32",14.4,"NCBI_exact",TRUE,"Baron_etal_1996_Table32"
"Pipistrellus mimus","Palaeocortex_Vol.mm3",203,"Baron_etal_1996_Table32",3.85,"NCBI_exact",TRUE,"Baron_etal_1996_Table32"
"Pipistrellus mimus","Schizo_cortex_Vol.mm3",203,"Baron_etal_1996_Table32",2.99,"NCBI_exact",TRUE,"Baron_etal_1996_Table32"
"Pipistrellus mimus","Septum_Vol.mm3",203,"Baron_etal_1996_Table32",1.33,"NCBI_exact",TRUE,"Baron_etal_1996_Table32"
"Pipistrellus mimus","Striatum_Vol.mm3",203,"Baron_etal_1996_Table32",3.75,"NCBI_exact",TRUE,"Baron_etal_1996_Table32"
"Pipistrellus mimus","Telencephalon_Vol.mm3",203,"Baron_etal_1996_Table10",39.3,"NCBI_exact",TRUE,"Baron_etal_1996_Table10"
"Pipistrellus papuanus","Amygdala_Vol.mm3",205,"Baron_etal_1996_Table32",6.14,"GBIF_frozen_legacy_map",TRUE,"Baron_etal_1996_Table32"
"Pipistrellus papuanus","Bulbus_olfactorius_Vol.mm3",205,"Baron_etal_1996_Table32",2.29,"GBIF_frozen_legacy_map",TRUE,"Baron_etal_1996_Table32"
"Pipistrellus papuanus","Cerebellum_Vol.mm3",205,"Baron_etal_1996_Table10",18.3,"GBIF_frozen_legacy_map",TRUE,"Baron_etal_1996_Table10"
"Pipistrellus papuanus","Diencephalon_Vol.mm3",205,"Baron_etal_1996_Table10",9.4,"GBIF_frozen_legacy_map",TRUE,"Baron_etal_1996_Table10"
"Pipistrellus papuanus","Hippocampus_Vol.mm3",205,"Baron_etal_1996_Table32",6.09,"GBIF_frozen_legacy_map",TRUE,"Baron_etal_1996_Table32"
"Pipistrellus papuanus","Medulla_oblongata_Vol.mm3",205,"Baron_etal_1996_Table10",19.3,"GBIF_frozen_legacy_map",TRUE,"Baron_etal_1996_Table10"
"Pipistrellus papuanus","Mesencephalon_Vol.mm3",205,"Baron_etal_1996_Table10",13.6,"GBIF_frozen_legacy_map",TRUE,"Baron_etal_1996_Table10"
"Pipistrellus papuanus","Neocortex_Vol.mm3",205,"Baron_etal_1996_Table32",17.6,"GBIF_frozen_legacy_map",TRUE,"Baron_etal_1996_Table32"
"Pipistrellus papuanus","Palaeocortex_Vol.mm3",205,"Baron_etal_1996_Table32",4.33,"GBIF_frozen_legacy_map",TRUE,"Baron_etal_1996_Table32"
"Pipistrellus papuanus","Schizo_cortex_Vol.mm3",205,"Baron_etal_1996_Table32",2.8,"GBIF_frozen_legacy_map",TRUE,"Baron_etal_1996_Table32"
"Pipistrellus papuanus","Septum_Vol.mm3",205,"Baron_etal_1996_Table32",1.66,"GBIF_frozen_legacy_map",TRUE,"Baron_etal_1996_Table32"
"Pipistrellus papuanus","Striatum_Vol.mm3",205,"Baron_etal_1996_Table32",4.77,"GBIF_frozen_legacy_map",TRUE,"Baron_etal_1996_Table32"
"Pipistrellus papuanus","Telencephalon_Vol.mm3",205,"Baron_etal_1996_Table10",45.7,"GBIF_frozen_legacy_map",TRUE,"Baron_etal_1996_Table10"
"Platyrrhinus brachycephalus","Amygdala_Vol.mm3",160,"Baron_etal_1996_Table32",15.3,"NCBI_exact",TRUE,"Baron_etal_1996_Table32"
"Platyrrhinus brachycephalus","Bulbus_olfactorius_Vol.mm3",160,"Baron_etal_1996_Table32",20.4,"NCBI_exact",TRUE,"Baron_etal_1996_Table32"
"Platyrrhinus brachycephalus","Cerebellum_Vol.mm3",160,"Baron_etal_1996_Table10",116.9,"NCBI_exact",TRUE,"Baron_etal_1996_Table10"
"Platyrrhinus brachycephalus","Diencephalon_Vol.mm3",160,"Baron_etal_1996_Table10",40.2,"NCBI_exact",TRUE,"Baron_etal_1996_Table10"
"Platyrrhinus brachycephalus","Hippocampus_Vol.mm3",160,"Baron_etal_1996_Table32",36,"NCBI_exact",TRUE,"Baron_etal_1996_Table32"
"Platyrrhinus brachycephalus","Medulla_oblongata_Vol.mm3",160,"Baron_etal_1996_Table10",50.5,"NCBI_exact",TRUE,"Baron_etal_1996_Table10"
"Platyrrhinus brachycephalus","Mesencephalon_Vol.mm3",160,"Baron_etal_1996_Table10",39.2,"NCBI_exact",TRUE,"Baron_etal_1996_Table10"
"Platyrrhinus brachycephalus","Neocortex_Vol.mm3",160,"Baron_etal_1996_Table32",158.1,"NCBI_exact",TRUE,"Baron_etal_1996_Table32"
"Platyrrhinus brachycephalus","Palaeocortex_Vol.mm3",160,"Baron_etal_1996_Table32",25,"NCBI_exact",TRUE,"Baron_etal_1996_Table32"
"Platyrrhinus brachycephalus","Schizo_cortex_Vol.mm3",160,"Baron_etal_1996_Table32",20.7,"NCBI_exact",TRUE,"Baron_etal_1996_Table32"
"Platyrrhinus brachycephalus","Septum_Vol.mm3",160,"Baron_etal_1996_Table32",6.01,"NCBI_exact",TRUE,"Baron_etal_1996_Table32"
"Platyrrhinus brachycephalus","Striatum_Vol.mm3",160,"Baron_etal_1996_Table32",25.6,"NCBI_exact",TRUE,"Baron_etal_1996_Table32"
"Platyrrhinus brachycephalus","Telencephalon_Vol.mm3",160,"Baron_etal_1996_Table10",283.4,"NCBI_exact",TRUE,"Baron_etal_1996_Table10"
"Platyrrhinus helleri","Amygdala_Vol.mm3",161,"Baron_etal_1996_Table32",14.1,"NCBI_exact",TRUE,"Baron_etal_1996_Table32"
"Platyrrhinus helleri","Bulbus_olfactorius_Vol.mm3",161,"Baron_etal_1996_Table32",17.2,"NCBI_exact",TRUE,"Baron_etal_1996_Table32"
"Platyrrhinus helleri","Cerebellum_Vol.mm3",161,"Baron_etal_1996_Table10",94.8,"NCBI_exact",TRUE,"Baron_etal_1996_Table10"
"Platyrrhinus helleri","Diencephalon_Vol.mm3",161,"Baron_etal_1996_Table10",35.6,"NCBI_exact",TRUE,"Baron_etal_1996_Table10"
"Platyrrhinus helleri","Hippocampus_Vol.mm3",161,"Baron_etal_1996_Table32",33.6,"NCBI_exact",TRUE,"Baron_etal_1996_Table32"
"Platyrrhinus helleri","Medulla_oblongata_Vol.mm3",161,"Baron_etal_1996_Table10",44.3,"NCBI_exact",TRUE,"Baron_etal_1996_Table10"
"Platyrrhinus helleri","Mesencephalon_Vol.mm3",161,"Baron_etal_1996_Table10",34.5,"NCBI_exact",TRUE,"Baron_etal_1996_Table10"
"Platyrrhinus helleri","Neocortex_Vol.mm3",161,"Baron_etal_1996_Table32",147.1,"NCBI_exact",TRUE,"Baron_etal_1996_Table32"
"Platyrrhinus helleri","Palaeocortex_Vol.mm3",161,"Baron_etal_1996_Table32",22.9,"NCBI_exact",TRUE,"Baron_etal_1996_Table32"
"Platyrrhinus helleri","Schizo_cortex_Vol.mm3",161,"Baron_etal_1996_Table32",19.4,"NCBI_exact",TRUE,"Baron_etal_1996_Table32"
"Platyrrhinus helleri","Septum_Vol.mm3",161,"Baron_etal_1996_Table32",5.62,"NCBI_exact",TRUE,"Baron_etal_1996_Table32"
"Platyrrhinus helleri","Striatum_Vol.mm3",161,"Baron_etal_1996_Table32",23.6,"NCBI_exact",TRUE,"Baron_etal_1996_Table32"
"Platyrrhinus helleri","Telencephalon_Vol.mm3",161,"Baron_etal_1996_Table10",283.4,"NCBI_exact",TRUE,"Baron_etal_1996_Table10"
"Platyrrhinus infuscus","Amygdala_Vol.mm3",162,"Baron_etal_1996_Table32",29.1,"NCBI_exact",TRUE,"Baron_etal_1996_Table32"
"Platyrrhinus infuscus","Bulbus_olfactorius_Vol.mm3",162,"Baron_etal_1996_Table32",40.8,"NCBI_exact",TRUE,"Baron_etal_1996_Table32"
"Platyrrhinus infuscus","Cerebellum_Vol.mm3",162,"Baron_etal_1996_Table10",212.7,"NCBI_exact",TRUE,"Baron_etal_1996_Table10"
"Platyrrhinus infuscus","Diencephalon_Vol.mm3",162,"Baron_etal_1996_Table10",79.2,"NCBI_exact",TRUE,"Baron_etal_1996_Table10"
"Platyrrhinus infuscus","Hippocampus_Vol.mm3",162,"Baron_etal_1996_Table32",75.4,"NCBI_exact",TRUE,"Baron_etal_1996_Table32"
"Platyrrhinus infuscus","Medulla_oblongata_Vol.mm3",162,"Baron_etal_1996_Table10",99.7,"NCBI_exact",TRUE,"Baron_etal_1996_Table10"
"Platyrrhinus infuscus","Mesencephalon_Vol.mm3",162,"Baron_etal_1996_Table10",70.6,"NCBI_exact",TRUE,"Baron_etal_1996_Table10"
"Platyrrhinus infuscus","Neocortex_Vol.mm3",162,"Baron_etal_1996_Table32",284.5,"NCBI_exact",TRUE,"Baron_etal_1996_Table32"
"Platyrrhinus infuscus","Palaeocortex_Vol.mm3",162,"Baron_etal_1996_Table32",52.1,"NCBI_exact",TRUE,"Baron_etal_1996_Table32"
"Platyrrhinus infuscus","Schizo_cortex_Vol.mm3",162,"Baron_etal_1996_Table32",36.4,"NCBI_exact",TRUE,"Baron_etal_1996_Table32"
"Platyrrhinus infuscus","Septum_Vol.mm3",162,"Baron_etal_1996_Table32",13,"NCBI_exact",TRUE,"Baron_etal_1996_Table32"
"Platyrrhinus infuscus","Striatum_Vol.mm3",162,"Baron_etal_1996_Table32",51.5,"NCBI_exact",TRUE,"Baron_etal_1996_Table32"
"Platyrrhinus infuscus","Telencephalon_Vol.mm3",162,"Baron_etal_1996_Table10",583.1,"NCBI_exact",TRUE,"Baron_etal_1996_Table10"
"Platyrrhinus lineatus","Amygdala_Vol.mm3",163,"Baron_etal_1996_Table32",20.5,"GBIF_frozen_legacy_map",TRUE,"Baron_etal_1996_Table32"
"Platyrrhinus lineatus","Bulbus_olfactorius_Vol.mm3",163,"Baron_etal_1996_Table32",26,"GBIF_frozen_legacy_map",TRUE,"Baron_etal_1996_Table32"
"Platyrrhinus lineatus","Cerebellum_Vol.mm3",163,"Baron_etal_1996_Table10",130.8,"GBIF_frozen_legacy_map",TRUE,"Baron_etal_1996_Table10"
"Platyrrhinus lineatus","Diencephalon_Vol.mm3",163,"Baron_etal_1996_Table10",50.7,"GBIF_frozen_legacy_map",TRUE,"Baron_etal_1996_Table10"
"Platyrrhinus lineatus","Hippocampus_Vol.mm3",163,"Baron_etal_1996_Table32",45.4,"GBIF_frozen_legacy_map",TRUE,"Baron_etal_1996_Table32"
"Platyrrhinus lineatus","Medulla_oblongata_Vol.mm3",163,"Baron_etal_1996_Table10",60.8,"GBIF_frozen_legacy_map",TRUE,"Baron_etal_1996_Table10"
"Platyrrhinus lineatus","Mesencephalon_Vol.mm3",163,"Baron_etal_1996_Table10",44.4,"GBIF_frozen_legacy_map",TRUE,"Baron_etal_1996_Table10"
"Platyrrhinus lineatus","Neocortex_Vol.mm3",163,"Baron_etal_1996_Table32",213.9,"GBIF_frozen_legacy_map",TRUE,"Baron_etal_1996_Table32"
"Platyrrhinus lineatus","Palaeocortex_Vol.mm3",163,"Baron_etal_1996_Table32",33.9,"GBIF_frozen_legacy_map",TRUE,"Baron_etal_1996_Table32"
"Platyrrhinus lineatus","Schizo_cortex_Vol.mm3",163,"Baron_etal_1996_Table32",26,"GBIF_frozen_legacy_map",TRUE,"Baron_etal_1996_Table32"
"Platyrrhinus lineatus","Septum_Vol.mm3",163,"Baron_etal_1996_Table32",7.98,"GBIF_frozen_legacy_map",TRUE,"Baron_etal_1996_Table32"
"Platyrrhinus lineatus","Striatum_Vol.mm3",163,"Baron_etal_1996_Table32",32.2,"GBIF_frozen_legacy_map",TRUE,"Baron_etal_1996_Table32"
"Platyrrhinus lineatus","Telencephalon_Vol.mm3",163,"Baron_etal_1996_Table10",406.2,"GBIF_frozen_legacy_map",TRUE,"Baron_etal_1996_Table10"
"Platyrrhinus vittatus","Amygdala_Vol.mm3",164,"Baron_etal_1996_Table32",30.5,"GBIF_frozen_legacy_map",TRUE,"Baron_etal_1996_Table32"
"Platyrrhinus vittatus","Bulbus_olfactorius_Vol.mm3",164,"Baron_etal_1996_Table32",41.7,"GBIF_frozen_legacy_map",TRUE,"Baron_etal_1996_Table32"
"Platyrrhinus vittatus","Cerebellum_Vol.mm3",164,"Baron_etal_1996_Table10",217.4,"GBIF_frozen_legacy_map",TRUE,"Baron_etal_1996_Table10"
"Platyrrhinus vittatus","Diencephalon_Vol.mm3",164,"Baron_etal_1996_Table10",79.5,"GBIF_frozen_legacy_map",TRUE,"Baron_etal_1996_Table10"
"Platyrrhinus vittatus","Hippocampus_Vol.mm3",164,"Baron_etal_1996_Table32",71.9,"GBIF_frozen_legacy_map",TRUE,"Baron_etal_1996_Table32"
"Platyrrhinus vittatus","Medulla_oblongata_Vol.mm3",164,"Baron_etal_1996_Table10",94.1,"GBIF_frozen_legacy_map",TRUE,"Baron_etal_1996_Table10"
"Platyrrhinus vittatus","Mesencephalon_Vol.mm3",164,"Baron_etal_1996_Table10",67.1,"GBIF_frozen_legacy_map",TRUE,"Baron_etal_1996_Table10"
"Platyrrhinus vittatus","Neocortex_Vol.mm3",164,"Baron_etal_1996_Table32",344.4,"GBIF_frozen_legacy_map",TRUE,"Baron_etal_1996_Table32"
"Platyrrhinus vittatus","Palaeocortex_Vol.mm3",164,"Baron_etal_1996_Table32",52.6,"GBIF_frozen_legacy_map",TRUE,"Baron_etal_1996_Table32"
"Platyrrhinus vittatus","Schizo_cortex_Vol.mm3",164,"Baron_etal_1996_Table32",46.8,"GBIF_frozen_legacy_map",TRUE,"Baron_etal_1996_Table32"
"Platyrrhinus vittatus","Septum_Vol.mm3",164,"Baron_etal_1996_Table32",14,"GBIF_frozen_legacy_map",TRUE,"Baron_etal_1996_Table32"
"Platyrrhinus vittatus","Striatum_Vol.mm3",164,"Baron_etal_1996_Table32",55.7,"GBIF_frozen_legacy_map",TRUE,"Baron_etal_1996_Table32"
"Platyrrhinus vittatus","Telencephalon_Vol.mm3",164,"Baron_etal_1996_Table10",657.8,"GBIF_frozen_legacy_map",TRUE,"Baron_etal_1996_Table10"
"Pteronotus gymnonotus","Amygdala_Vol.mm3",123,"Baron_etal_1996_Table32",13.9,"NCBI_exact",TRUE,"Baron_etal_1996_Table32"
"Pteronotus gymnonotus","Bulbus_olfactorius_Vol.mm3",123,"Baron_etal_1996_Table32",7.28,"NCBI_exact",TRUE,"Baron_etal_1996_Table32"
"Pteronotus gymnonotus","Cerebellum_Vol.mm3",123,"Baron_etal_1996_Table10",70.4,"NCBI_exact",TRUE,"Baron_etal_1996_Table10"
"Pteronotus gymnonotus","Diencephalon_Vol.mm3",123,"Baron_etal_1996_Table10",22.9,"NCBI_exact",TRUE,"Baron_etal_1996_Table10"
"Pteronotus gymnonotus","Hippocampus_Vol.mm3",123,"Baron_etal_1996_Table32",19.2,"NCBI_exact",TRUE,"Baron_etal_1996_Table32"
"Pteronotus gymnonotus","Medulla_oblongata_Vol.mm3",123,"Baron_etal_1996_Table10",44.5,"NCBI_exact",TRUE,"Baron_etal_1996_Table10"
"Pteronotus gymnonotus","Mesencephalon_Vol.mm3",123,"Baron_etal_1996_Table10",25.7,"NCBI_exact",TRUE,"Baron_etal_1996_Table10"
"Pteronotus gymnonotus","Neocortex_Vol.mm3",123,"Baron_etal_1996_Table32",77.7,"NCBI_exact",TRUE,"Baron_etal_1996_Table32"
"Pteronotus gymnonotus","Palaeocortex_Vol.mm3",123,"Baron_etal_1996_Table32",11.2,"NCBI_exact",TRUE,"Baron_etal_1996_Table32"
"Pteronotus gymnonotus","Schizo_cortex_Vol.mm3",123,"Baron_etal_1996_Table32",8.9,"NCBI_exact",TRUE,"Baron_etal_1996_Table32"
"Pteronotus gymnonotus","Septum_Vol.mm3",123,"Baron_etal_1996_Table32",3.45,"NCBI_exact",TRUE,"Baron_etal_1996_Table32"
"Pteronotus gymnonotus","Striatum_Vol.mm3",123,"Baron_etal_1996_Table32",17.9,"NCBI_exact",TRUE,"Baron_etal_1996_Table32"
"Pteronotus gymnonotus","Telencephalon_Vol.mm3",123,"Baron_etal_1996_Table10",159.6,"NCBI_exact",TRUE,"Baron_etal_1996_Table10"
"Pteronotus parnellii","Amygdala_Vol.mm3",125,"Baron_etal_1996_Table32",24.3,"GBIF_frozen_legacy_map",TRUE,"Baron_etal_1996_Table32"
"Pteronotus parnellii","Bulbus_olfactorius_Vol.mm3",125,"Baron_etal_1996_Table32",11.8,"GBIF_frozen_legacy_map",TRUE,"Baron_etal_1996_Table32"
"Pteronotus parnellii","Cerebellum_Vol.mm3",125,"Baron_etal_1996_Table10",113,"GBIF_frozen_legacy_map",TRUE,"Baron_etal_1996_Table10"
"Pteronotus parnellii","Diencephalon_Vol.mm3",125,"Baron_etal_1996_Table10",37.4,"GBIF_frozen_legacy_map",TRUE,"Baron_etal_1996_Table10"
"Pteronotus parnellii","Hippocampus_Vol.mm3",125,"Baron_etal_1996_Table32",34.6,"GBIF_frozen_legacy_map",TRUE,"Baron_etal_1996_Table32"
"Pteronotus parnellii","Medulla_oblongata_Vol.mm3",125,"Baron_etal_1996_Table10",62.7,"GBIF_frozen_legacy_map",TRUE,"Baron_etal_1996_Table10"
"Pteronotus parnellii","Mesencephalon_Vol.mm3",125,"Baron_etal_1996_Table10",40.9,"GBIF_frozen_legacy_map",TRUE,"Baron_etal_1996_Table10"
"Pteronotus parnellii","Neocortex_Vol.mm3",125,"Baron_etal_1996_Table32",119.8,"GBIF_frozen_legacy_map",TRUE,"Baron_etal_1996_Table32"
"Pteronotus parnellii","Palaeocortex_Vol.mm3",125,"Baron_etal_1996_Table32",22.3,"GBIF_frozen_legacy_map",TRUE,"Baron_etal_1996_Table32"
"Pteronotus parnellii","Schizo_cortex_Vol.mm3",125,"Baron_etal_1996_Table32",13.6,"GBIF_frozen_legacy_map",TRUE,"Baron_etal_1996_Table32"
"Pteronotus parnellii","Septum_Vol.mm3",125,"Baron_etal_1996_Table32",5.89,"GBIF_frozen_legacy_map",TRUE,"Baron_etal_1996_Table32"
"Pteronotus parnellii","Striatum_Vol.mm3",125,"Baron_etal_1996_Table32",27.6,"GBIF_frozen_legacy_map",TRUE,"Baron_etal_1996_Table32"
"Pteronotus parnellii","Telencephalon_Vol.mm3",125,"Baron_etal_1996_Table10",259.9,"GBIF_frozen_legacy_map",TRUE,"Baron_etal_1996_Table10"
"Pteronotus personatus","Amygdala_Vol.mm3",124,"Baron_etal_1996_Table32",10.4,"NCBI_exact",TRUE,"Baron_etal_1996_Table32"
"Pteronotus personatus","Bulbus_olfactorius_Vol.mm3",124,"Baron_etal_1996_Table32",4.85,"NCBI_exact",TRUE,"Baron_etal_1996_Table32"
"Pteronotus personatus","Cerebellum_Vol.mm3",124,"Baron_etal_1996_Table10",45.3,"NCBI_exact",TRUE,"Baron_etal_1996_Table10"
"Pteronotus personatus","Diencephalon_Vol.mm3",124,"Baron_etal_1996_Table10",15.6,"NCBI_exact",TRUE,"Baron_etal_1996_Table10"
"Pteronotus personatus","Hippocampus_Vol.mm3",124,"Baron_etal_1996_Table32",12.9,"NCBI_exact",TRUE,"Baron_etal_1996_Table32"
"Pteronotus personatus","Medulla_oblongata_Vol.mm3",124,"Baron_etal_1996_Table10",28.7,"NCBI_exact",TRUE,"Baron_etal_1996_Table10"
"Pteronotus personatus","Mesencephalon_Vol.mm3",124,"Baron_etal_1996_Table10",18.9,"NCBI_exact",TRUE,"Baron_etal_1996_Table10"
"Pteronotus personatus","Neocortex_Vol.mm3",124,"Baron_etal_1996_Table32",50,"NCBI_exact",TRUE,"Baron_etal_1996_Table32"
"Pteronotus personatus","Palaeocortex_Vol.mm3",124,"Baron_etal_1996_Table32",8.7,"NCBI_exact",TRUE,"Baron_etal_1996_Table32"
"Pteronotus personatus","Schizo_cortex_Vol.mm3",124,"Baron_etal_1996_Table32",6.07,"NCBI_exact",TRUE,"Baron_etal_1996_Table32"
"Pteronotus personatus","Septum_Vol.mm3",124,"Baron_etal_1996_Table32",2.62,"NCBI_exact",TRUE,"Baron_etal_1996_Table32"
"Pteronotus personatus","Striatum_Vol.mm3",124,"Baron_etal_1996_Table32",11.9,"NCBI_exact",TRUE,"Baron_etal_1996_Table32"
"Pteronotus personatus","Telencephalon_Vol.mm3",124,"Baron_etal_1996_Table10",107.5,"NCBI_exact",TRUE,"Baron_etal_1996_Table10"
"Pteropus alecto","Amygdala_Vol.mm3",6,"Baron_etal_1996_Table32",115.9,"NCBI_exact",TRUE,"Baron_etal_1996_Table32"
"Pteropus alecto","Bulbus_olfactorius_Vol.mm3",6,"Baron_etal_1996_Table32",238.2,"NCBI_exact",TRUE,"Baron_etal_1996_Table32"
"Pteropus alecto","Cerebellum_Vol.mm3",6,"Baron_etal_1996_Table10",843.7,"NCBI_exact",TRUE,"Baron_etal_1996_Table10"
"Pteropus alecto","Diencephalon_Vol.mm3",6,"Baron_etal_1996_Table10",574.1,"NCBI_exact",TRUE,"Baron_etal_1996_Table10"
"Pteropus alecto","Hippocampus_Vol.mm3",6,"Baron_etal_1996_Table32",357.4,"NCBI_exact",TRUE,"Baron_etal_1996_Table32"
"Pteropus alecto","Medulla_oblongata_Vol.mm3",6,"Baron_etal_1996_Table10",392.1,"NCBI_exact",TRUE,"Baron_etal_1996_Table10"
"Pteropus alecto","Mesencephalon_Vol.mm3",6,"Baron_etal_1996_Table10",316.3,"NCBI_exact",TRUE,"Baron_etal_1996_Table10"
"Pteropus alecto","Neocortex_Vol.mm3",6,"Baron_etal_1996_Table32",2716,"NCBI_exact",TRUE,"Baron_etal_1996_Table32"
"Pteropus alecto","Palaeocortex_Vol.mm3",6,"Baron_etal_1996_Table32",312.5,"NCBI_exact",TRUE,"Baron_etal_1996_Table32"
"Pteropus alecto","Schizo_cortex_Vol.mm3",6,"Baron_etal_1996_Table32",220.9,"NCBI_exact",TRUE,"Baron_etal_1996_Table32"
"Pteropus alecto","Septum_Vol.mm3",6,"Baron_etal_1996_Table32",90.3,"NCBI_exact",TRUE,"Baron_etal_1996_Table32"
"Pteropus alecto","Striatum_Vol.mm3",6,"Baron_etal_1996_Table32",440.6,"NCBI_exact",TRUE,"Baron_etal_1996_Table32"
"Pteropus alecto","Telencephalon_Vol.mm3",6,"Baron_etal_1996_Table10",4492,"NCBI_exact",TRUE,"Baron_etal_1996_Table10"
"Pteropus conspicillatus","Amygdala_Vol.mm3",7,"Baron_etal_1996_Table32",141.7,"NCBI_exact",TRUE,"Baron_etal_1996_Table32"
"Pteropus conspicillatus","Bulbus_olfactorius_Vol.mm3",7,"Baron_etal_1996_Table32",306.2,"NCBI_exact",TRUE,"Baron_etal_1996_Table32"
"Pteropus conspicillatus","Cerebellum_Vol.mm3",7,"Baron_etal_1996_Table10",989.4,"NCBI_exact",TRUE,"Baron_etal_1996_Table10"
"Pteropus conspicillatus","Diencephalon_Vol.mm3",7,"Baron_etal_1996_Table10",685.4,"NCBI_exact",TRUE,"Baron_etal_1996_Table10"
"Pteropus conspicillatus","Hippocampus_Vol.mm3",7,"Baron_etal_1996_Table32",394.3,"NCBI_exact",TRUE,"Baron_etal_1996_Table32"
"Pteropus conspicillatus","Medulla_oblongata_Vol.mm3",7,"Baron_etal_1996_Table10",413.1,"NCBI_exact",TRUE,"Baron_etal_1996_Table10"
"Pteropus conspicillatus","Mesencephalon_Vol.mm3",7,"Baron_etal_1996_Table10",334.6,"NCBI_exact",TRUE,"Baron_etal_1996_Table10"
"Pteropus conspicillatus","Neocortex_Vol.mm3",7,"Baron_etal_1996_Table32",3339,"NCBI_exact",TRUE,"Baron_etal_1996_Table32"
"Pteropus conspicillatus","Palaeocortex_Vol.mm3",7,"Baron_etal_1996_Table32",377.1,"NCBI_exact",TRUE,"Baron_etal_1996_Table32"
"Pteropus conspicillatus","Schizo_cortex_Vol.mm3",7,"Baron_etal_1996_Table32",260.4,"NCBI_exact",TRUE,"Baron_etal_1996_Table32"
"Pteropus conspicillatus","Septum_Vol.mm3",7,"Baron_etal_1996_Table32",97,"NCBI_exact",TRUE,"Baron_etal_1996_Table32"
"Pteropus conspicillatus","Striatum_Vol.mm3",7,"Baron_etal_1996_Table32",510.7,"NCBI_exact",TRUE,"Baron_etal_1996_Table32"
"Pteropus conspicillatus","Telencephalon_Vol.mm3",7,"Baron_etal_1996_Table10",5426,"NCBI_exact",TRUE,"Baron_etal_1996_Table10"
"Pteropus hypomelanus","Amygdala_Vol.mm3",8,"Baron_etal_1996_Table32",99.8,"NCBI_exact",TRUE,"Baron_etal_1996_Table32"
"Pteropus hypomelanus","Bulbus_olfactorius_Vol.mm3",8,"Baron_etal_1996_Table32",219.5,"NCBI_exact",TRUE,"Baron_etal_1996_Table32"
"Pteropus hypomelanus","Cerebellum_Vol.mm3",8,"Baron_etal_1996_Table10",614.8,"NCBI_exact",TRUE,"Baron_etal_1996_Table10"
"Pteropus hypomelanus","Diencephalon_Vol.mm3",8,"Baron_etal_1996_Table10",433.2,"NCBI_exact",TRUE,"Baron_etal_1996_Table10"
"Pteropus hypomelanus","Hippocampus_Vol.mm3",8,"Baron_etal_1996_Table32",283.5,"NCBI_exact",TRUE,"Baron_etal_1996_Table32"
"Pteropus hypomelanus","Medulla_oblongata_Vol.mm3",8,"Baron_etal_1996_Table10",317.6,"NCBI_exact",TRUE,"Baron_etal_1996_Table10"
"Pteropus hypomelanus","Mesencephalon_Vol.mm3",8,"Baron_etal_1996_Table10",239.3,"NCBI_exact",TRUE,"Baron_etal_1996_Table10"
"Pteropus hypomelanus","Neocortex_Vol.mm3",8,"Baron_etal_1996_Table32",1906,"NCBI_exact",TRUE,"Baron_etal_1996_Table32"
"Pteropus hypomelanus","Palaeocortex_Vol.mm3",8,"Baron_etal_1996_Table32",277.9,"NCBI_exact",TRUE,"Baron_etal_1996_Table32"
"Pteropus hypomelanus","Schizo_cortex_Vol.mm3",8,"Baron_etal_1996_Table32",196.8,"NCBI_exact",TRUE,"Baron_etal_1996_Table32"
"Pteropus hypomelanus","Septum_Vol.mm3",8,"Baron_etal_1996_Table32",69.8,"NCBI_exact",TRUE,"Baron_etal_1996_Table32"
"Pteropus hypomelanus","Striatum_Vol.mm3",8,"Baron_etal_1996_Table32",320.4,"NCBI_exact",TRUE,"Baron_etal_1996_Table32"
"Pteropus hypomelanus","Telencephalon_Vol.mm3",8,"Baron_etal_1996_Table10",3373,"NCBI_exact",TRUE,"Baron_etal_1996_Table10"
"Pteropus lylei","Amygdala_Vol.mm3",9,"Baron_etal_1996_Table32",102.2,"NCBI_exact",TRUE,"Baron_etal_1996_Table32"
"Pteropus lylei","Bulbus_olfactorius_Vol.mm3",9,"Baron_etal_1996_Table32",207.8,"NCBI_exact",TRUE,"Baron_etal_1996_Table32"
"Pteropus lylei","Cerebellum_Vol.mm3",9,"Baron_etal_1996_Table10",711.4,"NCBI_exact",TRUE,"Baron_etal_1996_Table10"
"Pteropus lylei","Diencephalon_Vol.mm3",9,"Baron_etal_1996_Table10",514.2,"NCBI_exact",TRUE,"Baron_etal_1996_Table10"
"Pteropus lylei","Hippocampus_Vol.mm3",9,"Baron_etal_1996_Table32",288.2,"NCBI_exact",TRUE,"Baron_etal_1996_Table32"
"Pteropus lylei","Medulla_oblongata_Vol.mm3",9,"Baron_etal_1996_Table10",325.9,"NCBI_exact",TRUE,"Baron_etal_1996_Table10"
"Pteropus lylei","Mesencephalon_Vol.mm3",9,"Baron_etal_1996_Table10",240.6,"NCBI_exact",TRUE,"Baron_etal_1996_Table10"
"Pteropus lylei","Neocortex_Vol.mm3",9,"Baron_etal_1996_Table32",2386,"NCBI_exact",TRUE,"Baron_etal_1996_Table32"
"Pteropus lylei","Palaeocortex_Vol.mm3",9,"Baron_etal_1996_Table32",274.5,"NCBI_exact",TRUE,"Baron_etal_1996_Table32"
"Pteropus lylei","Schizo_cortex_Vol.mm3",9,"Baron_etal_1996_Table32",186.4,"NCBI_exact",TRUE,"Baron_etal_1996_Table32"
"Pteropus lylei","Septum_Vol.mm3",9,"Baron_etal_1996_Table32",70,"NCBI_exact",TRUE,"Baron_etal_1996_Table32"
"Pteropus lylei","Striatum_Vol.mm3",9,"Baron_etal_1996_Table32",393,"NCBI_exact",TRUE,"Baron_etal_1996_Table32"
"Pteropus lylei","Telencephalon_Vol.mm3",9,"Baron_etal_1996_Table10",3909,"NCBI_exact",TRUE,"Baron_etal_1996_Table10"
"Pteropus mahaganus","Amygdala_Vol.mm3",10,"Baron_etal_1996_Table32",106.8,"NCBI_exact",TRUE,"Baron_etal_1996_Table32"
"Pteropus mahaganus","Bulbus_olfactorius_Vol.mm3",10,"Baron_etal_1996_Table32",168.1,"NCBI_exact",TRUE,"Baron_etal_1996_Table32"
"Pteropus mahaganus","Cerebellum_Vol.mm3",10,"Baron_etal_1996_Table10",720.5,"NCBI_exact",TRUE,"Baron_etal_1996_Table10"
"Pteropus mahaganus","Diencephalon_Vol.mm3",10,"Baron_etal_1996_Table10",406.5,"NCBI_exact",TRUE,"Baron_etal_1996_Table10"
"Pteropus mahaganus","Hippocampus_Vol.mm3",10,"Baron_etal_1996_Table32",274.5,"NCBI_exact",TRUE,"Baron_etal_1996_Table32"
"Pteropus mahaganus","Medulla_oblongata_Vol.mm3",10,"Baron_etal_1996_Table10",317.2,"NCBI_exact",TRUE,"Baron_etal_1996_Table10"
"Pteropus mahaganus","Mesencephalon_Vol.mm3",10,"Baron_etal_1996_Table10",223.3,"NCBI_exact",TRUE,"Baron_etal_1996_Table10"
"Pteropus mahaganus","Neocortex_Vol.mm3",10,"Baron_etal_1996_Table32",1915,"NCBI_exact",TRUE,"Baron_etal_1996_Table32"
"Pteropus mahaganus","Palaeocortex_Vol.mm3",10,"Baron_etal_1996_Table32",273.6,"NCBI_exact",TRUE,"Baron_etal_1996_Table32"
"Pteropus mahaganus","Schizo_cortex_Vol.mm3",10,"Baron_etal_1996_Table32",171.6,"NCBI_exact",TRUE,"Baron_etal_1996_Table32"
"Pteropus mahaganus","Septum_Vol.mm3",10,"Baron_etal_1996_Table32",67.8,"NCBI_exact",TRUE,"Baron_etal_1996_Table32"
"Pteropus mahaganus","Striatum_Vol.mm3",10,"Baron_etal_1996_Table32",334.8,"NCBI_exact",TRUE,"Baron_etal_1996_Table32"
"Pteropus mahaganus","Telencephalon_Vol.mm3",10,"Baron_etal_1996_Table10",3313,"NCBI_exact",TRUE,"Baron_etal_1996_Table10"
"Pteropus neohibernicus","Amygdala_Vol.mm3",11,"Baron_etal_1996_Table32",139.6,"NCBI_exact",TRUE,"Baron_etal_1996_Table32"
"Pteropus neohibernicus","Bulbus_olfactorius_Vol.mm3",11,"Baron_etal_1996_Table32",344,"NCBI_exact",TRUE,"Baron_etal_1996_Table32"
"Pteropus neohibernicus","Cerebellum_Vol.mm3",11,"Baron_etal_1996_Table10",1007.6,"NCBI_exact",TRUE,"Baron_etal_1996_Table10"
"Pteropus neohibernicus","Diencephalon_Vol.mm3",11,"Baron_etal_1996_Table10",720,"NCBI_exact",TRUE,"Baron_etal_1996_Table10"
"Pteropus neohibernicus","Hippocampus_Vol.mm3",11,"Baron_etal_1996_Table32",400.4,"NCBI_exact",TRUE,"Baron_etal_1996_Table32"
"Pteropus neohibernicus","Medulla_oblongata_Vol.mm3",11,"Baron_etal_1996_Table10",477.2,"NCBI_exact",TRUE,"Baron_etal_1996_Table10"
"Pteropus neohibernicus","Mesencephalon_Vol.mm3",11,"Baron_etal_1996_Table10",361.6,"NCBI_exact",TRUE,"Baron_etal_1996_Table10"
"Pteropus neohibernicus","Neocortex_Vol.mm3",11,"Baron_etal_1996_Table32",3676,"NCBI_exact",TRUE,"Baron_etal_1996_Table32"
"Pteropus neohibernicus","Palaeocortex_Vol.mm3",11,"Baron_etal_1996_Table32",396.7,"NCBI_exact",TRUE,"Baron_etal_1996_Table32"
"Pteropus neohibernicus","Schizo_cortex_Vol.mm3",11,"Baron_etal_1996_Table32",283,"NCBI_exact",TRUE,"Baron_etal_1996_Table32"
"Pteropus neohibernicus","Septum_Vol.mm3",11,"Baron_etal_1996_Table32",96.8,"NCBI_exact",TRUE,"Baron_etal_1996_Table32"
"Pteropus neohibernicus","Striatum_Vol.mm3",11,"Baron_etal_1996_Table32",583.8,"NCBI_exact",TRUE,"Baron_etal_1996_Table32"
"Pteropus neohibernicus","Telencephalon_Vol.mm3",11,"Baron_etal_1996_Table10",5920,"NCBI_exact",TRUE,"Baron_etal_1996_Table10"
"Pteropus poliocephalus","Amygdala_Vol.mm3",12,"Baron_etal_1996_Table32",114.9,"NCBI_exact",TRUE,"Baron_etal_1996_Table32"
"Pteropus poliocephalus","Bulbus_olfactorius_Vol.mm3",12,"Baron_etal_1996_Table32",252.9,"NCBI_exact",TRUE,"Baron_etal_1996_Table32"
"Pteropus poliocephalus","Cerebellum_Vol.mm3",12,"Baron_etal_1996_Table10",880.3,"NCBI_exact",TRUE,"Baron_etal_1996_Table10"
"Pteropus poliocephalus","Diencephalon_Vol.mm3",12,"Baron_etal_1996_Table10",607.8,"NCBI_exact",TRUE,"Baron_etal_1996_Table10"
"Pteropus poliocephalus","Hippocampus_Vol.mm3",12,"Baron_etal_1996_Table32",358.5,"NCBI_exact",TRUE,"Baron_etal_1996_Table32"
"Pteropus poliocephalus","Medulla_oblongata_Vol.mm3",12,"Baron_etal_1996_Table10",431.6,"NCBI_exact",TRUE,"Baron_etal_1996_Table10"
"Pteropus poliocephalus","Mesencephalon_Vol.mm3",12,"Baron_etal_1996_Table10",337.1,"NCBI_exact",TRUE,"Baron_etal_1996_Table10"
"Pteropus poliocephalus","Neocortex_Vol.mm3",12,"Baron_etal_1996_Table32",2710,"NCBI_exact",TRUE,"Baron_etal_1996_Table32"
"Pteropus poliocephalus","Palaeocortex_Vol.mm3",12,"Baron_etal_1996_Table32",309.8,"NCBI_exact",TRUE,"Baron_etal_1996_Table32"
"Pteropus poliocephalus","Schizo_cortex_Vol.mm3",12,"Baron_etal_1996_Table32",225.7,"NCBI_exact",TRUE,"Baron_etal_1996_Table32"
"Pteropus poliocephalus","Septum_Vol.mm3",12,"Baron_etal_1996_Table32",90.1,"NCBI_exact",TRUE,"Baron_etal_1996_Table32"
"Pteropus poliocephalus","Striatum_Vol.mm3",12,"Baron_etal_1996_Table32",444.1,"NCBI_exact",TRUE,"Baron_etal_1996_Table32"
"Pteropus poliocephalus","Telencephalon_Vol.mm3",12,"Baron_etal_1996_Table10",4505,"NCBI_exact",TRUE,"Baron_etal_1996_Table10"
"Pteropus samoensis","Amygdala_Vol.mm3",13,"Baron_etal_1996_Table32",92.8,"NCBI_exact",TRUE,"Baron_etal_1996_Table32"
"Pteropus samoensis","Bulbus_olfactorius_Vol.mm3",13,"Baron_etal_1996_Table32",213.4,"NCBI_exact",TRUE,"Baron_etal_1996_Table32"
"Pteropus samoensis","Cerebellum_Vol.mm3",13,"Baron_etal_1996_Table10",723.8,"NCBI_exact",TRUE,"Baron_etal_1996_Table10"
"Pteropus samoensis","Diencephalon_Vol.mm3",13,"Baron_etal_1996_Table10",468.6,"NCBI_exact",TRUE,"Baron_etal_1996_Table10"
"Pteropus samoensis","Hippocampus_Vol.mm3",13,"Baron_etal_1996_Table32",323.9,"NCBI_exact",TRUE,"Baron_etal_1996_Table32"
"Pteropus samoensis","Medulla_oblongata_Vol.mm3",13,"Baron_etal_1996_Table10",326,"NCBI_exact",TRUE,"Baron_etal_1996_Table10"
"Pteropus samoensis","Mesencephalon_Vol.mm3",13,"Baron_etal_1996_Table10",250.9,"NCBI_exact",TRUE,"Baron_etal_1996_Table10"
"Pteropus samoensis","Neocortex_Vol.mm3",13,"Baron_etal_1996_Table32",2144,"NCBI_exact",TRUE,"Baron_etal_1996_Table32"
"Pteropus samoensis","Palaeocortex_Vol.mm3",13,"Baron_etal_1996_Table32",275.9,"NCBI_exact",TRUE,"Baron_etal_1996_Table32"
"Pteropus samoensis","Schizo_cortex_Vol.mm3",13,"Baron_etal_1996_Table32",216.5,"NCBI_exact",TRUE,"Baron_etal_1996_Table32"
"Pteropus samoensis","Septum_Vol.mm3",13,"Baron_etal_1996_Table32",67.2,"NCBI_exact",TRUE,"Baron_etal_1996_Table32"
"Pteropus samoensis","Striatum_Vol.mm3",13,"Baron_etal_1996_Table32",345.6,"NCBI_exact",TRUE,"Baron_etal_1996_Table32"
"Pteropus samoensis","Telencephalon_Vol.mm3",13,"Baron_etal_1996_Table10",3680,"NCBI_exact",TRUE,"Baron_etal_1996_Table10"
"Pteropus scapulatus","Amygdala_Vol.mm3",14,"Baron_etal_1996_Table32",86.7,"NCBI_exact",TRUE,"Baron_etal_1996_Table32"
"Pteropus scapulatus","Bulbus_olfactorius_Vol.mm3",14,"Baron_etal_1996_Table32",177.5,"NCBI_exact",TRUE,"Baron_etal_1996_Table32"
"Pteropus scapulatus","Cerebellum_Vol.mm3",14,"Baron_etal_1996_Table10",682,"NCBI_exact",TRUE,"Baron_etal_1996_Table10"
"Pteropus scapulatus","Diencephalon_Vol.mm3",14,"Baron_etal_1996_Table10",436.7,"NCBI_exact",TRUE,"Baron_etal_1996_Table10"
"Pteropus scapulatus","Hippocampus_Vol.mm3",14,"Baron_etal_1996_Table32",267.8,"NCBI_exact",TRUE,"Baron_etal_1996_Table32"
"Pteropus scapulatus","Medulla_oblongata_Vol.mm3",14,"Baron_etal_1996_Table10",284.3,"NCBI_exact",TRUE,"Baron_etal_1996_Table10"
"Pteropus scapulatus","Mesencephalon_Vol.mm3",14,"Baron_etal_1996_Table10",236.1,"NCBI_exact",TRUE,"Baron_etal_1996_Table10"
"Pteropus scapulatus","Neocortex_Vol.mm3",14,"Baron_etal_1996_Table32",2078,"NCBI_exact",TRUE,"Baron_etal_1996_Table32"
"Pteropus scapulatus","Palaeocortex_Vol.mm3",14,"Baron_etal_1996_Table32",230.1,"NCBI_exact",TRUE,"Baron_etal_1996_Table32"
"Pteropus scapulatus","Schizo_cortex_Vol.mm3",14,"Baron_etal_1996_Table32",204,"NCBI_exact",TRUE,"Baron_etal_1996_Table32"
"Pteropus scapulatus","Septum_Vol.mm3",14,"Baron_etal_1996_Table32",67.5,"NCBI_exact",TRUE,"Baron_etal_1996_Table32"
"Pteropus scapulatus","Striatum_Vol.mm3",14,"Baron_etal_1996_Table32",322.9,"NCBI_exact",TRUE,"Baron_etal_1996_Table32"
"Pteropus scapulatus","Telencephalon_Vol.mm3",14,"Baron_etal_1996_Table10",3435,"NCBI_exact",TRUE,"Baron_etal_1996_Table10"
"Pteropus temminckii","Amygdala_Vol.mm3",15,"Baron_etal_1996_Table32",92.9,"NCBI_exact",TRUE,"Baron_etal_1996_Table32"
"Pteropus temminckii","Bulbus_olfactorius_Vol.mm3",15,"Baron_etal_1996_Table32",194.3,"NCBI_exact",TRUE,"Baron_etal_1996_Table32"
"Pteropus temminckii","Cerebellum_Vol.mm3",15,"Baron_etal_1996_Table10",578.1,"NCBI_exact",TRUE,"Baron_etal_1996_Table10"
"Pteropus temminckii","Diencephalon_Vol.mm3",15,"Baron_etal_1996_Table10",419,"NCBI_exact",TRUE,"Baron_etal_1996_Table10"
"Pteropus temminckii","Hippocampus_Vol.mm3",15,"Baron_etal_1996_Table32",277.4,"NCBI_exact",TRUE,"Baron_etal_1996_Table32"
"Pteropus temminckii","Medulla_oblongata_Vol.mm3",15,"Baron_etal_1996_Table10",273,"NCBI_exact",TRUE,"Baron_etal_1996_Table10"
"Pteropus temminckii","Mesencephalon_Vol.mm3",15,"Baron_etal_1996_Table10",225.3,"NCBI_exact",TRUE,"Baron_etal_1996_Table10"
"Pteropus temminckii","Neocortex_Vol.mm3",15,"Baron_etal_1996_Table32",1814,"NCBI_exact",TRUE,"Baron_etal_1996_Table32"
"Pteropus temminckii","Palaeocortex_Vol.mm3",15,"Baron_etal_1996_Table32",234.7,"NCBI_exact",TRUE,"Baron_etal_1996_Table32"
"Pteropus temminckii","Schizo_cortex_Vol.mm3",15,"Baron_etal_1996_Table32",165.6,"NCBI_exact",TRUE,"Baron_etal_1996_Table32"
"Pteropus temminckii","Septum_Vol.mm3",15,"Baron_etal_1996_Table32",64.3,"NCBI_exact",TRUE,"Baron_etal_1996_Table32"
"Pteropus temminckii","Striatum_Vol.mm3",15,"Baron_etal_1996_Table32",268.8,"NCBI_exact",TRUE,"Baron_etal_1996_Table32"
"Pteropus temminckii","Telencephalon_Vol.mm3",15,"Baron_etal_1996_Table10",3112,"NCBI_exact",TRUE,"Baron_etal_1996_Table10"
"Pteropus tonganus","Amygdala_Vol.mm3",16,"Baron_etal_1996_Table32",108.3,"NCBI_exact",TRUE,"Baron_etal_1996_Table32"
"Pteropus tonganus","Bulbus_olfactorius_Vol.mm3",16,"Baron_etal_1996_Table32",224.2,"NCBI_exact",TRUE,"Baron_etal_1996_Table32"
"Pteropus tonganus","Cerebellum_Vol.mm3",16,"Baron_etal_1996_Table10",731.8,"NCBI_exact",TRUE,"Baron_etal_1996_Table10"
"Pteropus tonganus","Diencephalon_Vol.mm3",16,"Baron_etal_1996_Table10",516.1,"NCBI_exact",TRUE,"Baron_etal_1996_Table10"
"Pteropus tonganus","Hippocampus_Vol.mm3",16,"Baron_etal_1996_Table32",305.7,"NCBI_exact",TRUE,"Baron_etal_1996_Table32"
"Pteropus tonganus","Medulla_oblongata_Vol.mm3",16,"Baron_etal_1996_Table10",362.9,"NCBI_exact",TRUE,"Baron_etal_1996_Table10"
"Pteropus tonganus","Mesencephalon_Vol.mm3",16,"Baron_etal_1996_Table10",248,"NCBI_exact",TRUE,"Baron_etal_1996_Table10"
"Pteropus tonganus","Neocortex_Vol.mm3",16,"Baron_etal_1996_Table32",2237,"NCBI_exact",TRUE,"Baron_etal_1996_Table32"
"Pteropus tonganus","Palaeocortex_Vol.mm3",16,"Baron_etal_1996_Table32",304.1,"NCBI_exact",TRUE,"Baron_etal_1996_Table32"
"Pteropus tonganus","Schizo_cortex_Vol.mm3",16,"Baron_etal_1996_Table32",200.7,"NCBI_exact",TRUE,"Baron_etal_1996_Table32"
"Pteropus tonganus","Septum_Vol.mm3",16,"Baron_etal_1996_Table32",74.1,"NCBI_exact",TRUE,"Baron_etal_1996_Table32"
"Pteropus tonganus","Striatum_Vol.mm3",16,"Baron_etal_1996_Table32",417.1,"NCBI_exact",TRUE,"Baron_etal_1996_Table32"
"Pteropus tonganus","Telencephalon_Vol.mm3",16,"Baron_etal_1996_Table10",3871,"NCBI_exact",TRUE,"Baron_etal_1996_Table10"
"Pteropus vampyrus","Amygdala_Vol.mm3",17,"Baron_etal_1996_Table32",139.7,"NCBI_exact",TRUE,"Baron_etal_1996_Table32"
"Pteropus vampyrus","Bulbus_olfactorius_Vol.mm3",17,"Baron_etal_1996_Table32",376.4,"NCBI_exact",TRUE,"Baron_etal_1996_Table32"
"Pteropus vampyrus","Cerebellum_Vol.mm3",17,"Baron_etal_1996_Table10",1019.9,"NCBI_exact",TRUE,"Baron_etal_1996_Table10"
"Pteropus vampyrus","Diencephalon_Vol.mm3",17,"Baron_etal_1996_Table10",687.3,"NCBI_exact",TRUE,"Baron_etal_1996_Table10"
"Pteropus vampyrus","Hippocampus_Vol.mm3",17,"Baron_etal_1996_Table32",443.9,"NCBI_exact",TRUE,"Baron_etal_1996_Table32"
"Pteropus vampyrus","Medulla_oblongata_Vol.mm3",17,"Baron_etal_1996_Table10",448.7,"NCBI_exact",TRUE,"Baron_etal_1996_Table10"
"Pteropus vampyrus","Mesencephalon_Vol.mm3",17,"Baron_etal_1996_Table10",380.7,"NCBI_exact",TRUE,"Baron_etal_1996_Table10"
"Pteropus vampyrus","Neocortex_Vol.mm3",17,"Baron_etal_1996_Table32",3610,"NCBI_exact",TRUE,"Baron_etal_1996_Table32"
"Pteropus vampyrus","Palaeocortex_Vol.mm3",17,"Baron_etal_1996_Table32",414.1,"NCBI_exact",TRUE,"Baron_etal_1996_Table32"
"Pteropus vampyrus","Schizo_cortex_Vol.mm3",17,"Baron_etal_1996_Table32",294.9,"NCBI_exact",TRUE,"Baron_etal_1996_Table32"
"Pteropus vampyrus","Septum_Vol.mm3",17,"Baron_etal_1996_Table32",113.5,"NCBI_exact",TRUE,"Baron_etal_1996_Table32"
"Pteropus vampyrus","Striatum_Vol.mm3",17,"Baron_etal_1996_Table32",572,"NCBI_exact",TRUE,"Baron_etal_1996_Table32"
"Pteropus vampyrus","Telencephalon_Vol.mm3",17,"Baron_etal_1996_Table10",5964,"NCBI_exact",TRUE,"Baron_etal_1996_Table10"
"Rhinolophus cornutus","Amygdala_Vol.mm3",82,"Baron_etal_1996_Table32",7.04,"NCBI_exact",TRUE,"Baron_etal_1996_Table32"
"Rhinolophus cornutus","Bulbus_olfactorius_Vol.mm3",82,"Baron_etal_1996_Table32",3.57,"NCBI_exact",TRUE,"Baron_etal_1996_Table32"
"Rhinolophus cornutus","Cerebellum_Vol.mm3",82,"Baron_etal_1996_Table10",40.5,"NCBI_exact",TRUE,"Baron_etal_1996_Table10"
"Rhinolophus cornutus","Diencephalon_Vol.mm3",82,"Baron_etal_1996_Table10",14.1,"NCBI_exact",TRUE,"Baron_etal_1996_Table10"
"Rhinolophus cornutus","Hippocampus_Vol.mm3",82,"Baron_etal_1996_Table32",14.5,"NCBI_exact",TRUE,"Baron_etal_1996_Table32"
"Rhinolophus cornutus","Medulla_oblongata_Vol.mm3",82,"Baron_etal_1996_Table10",23.8,"NCBI_exact",TRUE,"Baron_etal_1996_Table10"
"Rhinolophus cornutus","Mesencephalon_Vol.mm3",82,"Baron_etal_1996_Table10",18,"NCBI_exact",TRUE,"Baron_etal_1996_Table10"
"Rhinolophus cornutus","Neocortex_Vol.mm3",82,"Baron_etal_1996_Table32",37.5,"NCBI_exact",TRUE,"Baron_etal_1996_Table32"
"Rhinolophus cornutus","Palaeocortex_Vol.mm3",82,"Baron_etal_1996_Table32",5.86,"NCBI_exact",TRUE,"Baron_etal_1996_Table32"
"Rhinolophus cornutus","Schizo_cortex_Vol.mm3",82,"Baron_etal_1996_Table32",6.34,"NCBI_exact",TRUE,"Baron_etal_1996_Table32"
"Rhinolophus cornutus","Septum_Vol.mm3",82,"Baron_etal_1996_Table32",2.37,"NCBI_exact",TRUE,"Baron_etal_1996_Table32"
"Rhinolophus cornutus","Striatum_Vol.mm3",82,"Baron_etal_1996_Table32",9.76,"NCBI_exact",TRUE,"Baron_etal_1996_Table32"
"Rhinolophus cornutus","Telencephalon_Vol.mm3",82,"Baron_etal_1996_Table10",87,"NCBI_exact",TRUE,"Baron_etal_1996_Table10"
"Rhinolophus eloquens","Amygdala_Vol.mm3",83,"Baron_etal_1996_Table32",15.8,"NCBI_exact",TRUE,"Baron_etal_1996_Table32"
"Rhinolophus eloquens","Bulbus_olfactorius_Vol.mm3",83,"Baron_etal_1996_Table32",9.38,"NCBI_exact",TRUE,"Baron_etal_1996_Table32"
"Rhinolophus eloquens","Cerebellum_Vol.mm3",83,"Baron_etal_1996_Table10",80.6,"NCBI_exact",TRUE,"Baron_etal_1996_Table10"
"Rhinolophus eloquens","Diencephalon_Vol.mm3",83,"Baron_etal_1996_Table10",29.9,"NCBI_exact",TRUE,"Baron_etal_1996_Table10"
"Rhinolophus eloquens","Hippocampus_Vol.mm3",83,"Baron_etal_1996_Table32",28.8,"NCBI_exact",TRUE,"Baron_etal_1996_Table32"
"Rhinolophus eloquens","Medulla_oblongata_Vol.mm3",83,"Baron_etal_1996_Table10",50,"NCBI_exact",TRUE,"Baron_etal_1996_Table10"
"Rhinolophus eloquens","Mesencephalon_Vol.mm3",83,"Baron_etal_1996_Table10",36.1,"NCBI_exact",TRUE,"Baron_etal_1996_Table10"
"Rhinolophus eloquens","Neocortex_Vol.mm3",83,"Baron_etal_1996_Table32",76.5,"NCBI_exact",TRUE,"Baron_etal_1996_Table32"
"Rhinolophus eloquens","Palaeocortex_Vol.mm3",83,"Baron_etal_1996_Table32",15.8,"NCBI_exact",TRUE,"Baron_etal_1996_Table32"
"Rhinolophus eloquens","Schizo_cortex_Vol.mm3",83,"Baron_etal_1996_Table32",13.6,"NCBI_exact",TRUE,"Baron_etal_1996_Table32"
"Rhinolophus eloquens","Septum_Vol.mm3",83,"Baron_etal_1996_Table32",5.16,"NCBI_exact",TRUE,"Baron_etal_1996_Table32"
"Rhinolophus eloquens","Striatum_Vol.mm3",83,"Baron_etal_1996_Table32",20.5,"NCBI_exact",TRUE,"Baron_etal_1996_Table32"
"Rhinolophus eloquens","Telencephalon_Vol.mm3",83,"Baron_etal_1996_Table10",185.6,"NCBI_exact",TRUE,"Baron_etal_1996_Table10"
"Rhinolophus hipposideros","Amygdala_Vol.mm3",84,"Baron_etal_1996_Table32",4.95,"NCBI_exact",TRUE,"Baron_etal_1996_Table32"
"Rhinolophus hipposideros","Bulbus_olfactorius_Vol.mm3",84,"Baron_etal_1996_Table32",1.97,"NCBI_exact",TRUE,"Baron_etal_1996_Table32"
"Rhinolophus hipposideros","Cerebellum_Vol.mm3",84,"Baron_etal_1996_Table10",30.4,"NCBI_exact",TRUE,"Baron_etal_1996_Table10"
"Rhinolophus hipposideros","Diencephalon_Vol.mm3",84,"Baron_etal_1996_Table10",12.4,"NCBI_exact",TRUE,"Baron_etal_1996_Table10"
"Rhinolophus hipposideros","Hippocampus_Vol.mm3",84,"Baron_etal_1996_Table32",13.6,"NCBI_exact",TRUE,"Baron_etal_1996_Table32"
"Rhinolophus hipposideros","Medulla_oblongata_Vol.mm3",84,"Baron_etal_1996_Table10",23,"NCBI_exact",TRUE,"Baron_etal_1996_Table10"
"Rhinolophus hipposideros","Mesencephalon_Vol.mm3",84,"Baron_etal_1996_Table10",15.2,"NCBI_exact",TRUE,"Baron_etal_1996_Table10"
"Rhinolophus hipposideros","Neocortex_Vol.mm3",84,"Baron_etal_1996_Table32",19,"NCBI_exact",TRUE,"Baron_etal_1996_Table32"
"Rhinolophus hipposideros","Palaeocortex_Vol.mm3",84,"Baron_etal_1996_Table32",5.46,"NCBI_exact",TRUE,"Baron_etal_1996_Table32"
"Rhinolophus hipposideros","Schizo_cortex_Vol.mm3",84,"Baron_etal_1996_Table32",5.48,"NCBI_exact",TRUE,"Baron_etal_1996_Table32"
"Rhinolophus hipposideros","Septum_Vol.mm3",84,"Baron_etal_1996_Table32",2.03,"NCBI_exact",TRUE,"Baron_etal_1996_Table32"
"Rhinolophus hipposideros","Striatum_Vol.mm3",84,"Baron_etal_1996_Table32",6.87,"NCBI_exact",TRUE,"Baron_etal_1996_Table32"
"Rhinolophus hipposideros","Telencephalon_Vol.mm3",84,"Baron_etal_1996_Table10",59.4,"NCBI_exact",TRUE,"Baron_etal_1996_Table10"
"Rhinolophus landeri","Amygdala_Vol.mm3",85,"Baron_etal_1996_Table32",10.7,"NCBI_exact",TRUE,"Baron_etal_1996_Table32"
"Rhinolophus landeri","Bulbus_olfactorius_Vol.mm3",85,"Baron_etal_1996_Table32",5.58,"NCBI_exact",TRUE,"Baron_etal_1996_Table32"
"Rhinolophus landeri","Cerebellum_Vol.mm3",85,"Baron_etal_1996_Table10",56.3,"NCBI_exact",TRUE,"Baron_etal_1996_Table10"
"Rhinolophus landeri","Diencephalon_Vol.mm3",85,"Baron_etal_1996_Table10",21.1,"NCBI_exact",TRUE,"Baron_etal_1996_Table10"
"Rhinolophus landeri","Hippocampus_Vol.mm3",85,"Baron_etal_1996_Table32",19.1,"NCBI_exact",TRUE,"Baron_etal_1996_Table32"
"Rhinolophus landeri","Medulla_oblongata_Vol.mm3",85,"Baron_etal_1996_Table10",35.3,"NCBI_exact",TRUE,"Baron_etal_1996_Table10"
"Rhinolophus landeri","Mesencephalon_Vol.mm3",85,"Baron_etal_1996_Table10",27.9,"NCBI_exact",TRUE,"Baron_etal_1996_Table10"
"Rhinolophus landeri","Neocortex_Vol.mm3",85,"Baron_etal_1996_Table32",50.6,"NCBI_exact",TRUE,"Baron_etal_1996_Table32"
"Rhinolophus landeri","Palaeocortex_Vol.mm3",85,"Baron_etal_1996_Table32",9.99,"NCBI_exact",TRUE,"Baron_etal_1996_Table32"
"Rhinolophus landeri","Schizo_cortex_Vol.mm3",85,"Baron_etal_1996_Table32",8.02,"NCBI_exact",TRUE,"Baron_etal_1996_Table32"
"Rhinolophus landeri","Septum_Vol.mm3",85,"Baron_etal_1996_Table32",3.65,"NCBI_exact",TRUE,"Baron_etal_1996_Table32"
"Rhinolophus landeri","Striatum_Vol.mm3",85,"Baron_etal_1996_Table32",14.3,"NCBI_exact",TRUE,"Baron_etal_1996_Table32"
"Rhinolophus landeri","Telencephalon_Vol.mm3",85,"Baron_etal_1996_Table10",121.9,"NCBI_exact",TRUE,"Baron_etal_1996_Table10"
"Rhinolophus lepidus","Amygdala_Vol.mm3",86,"Baron_etal_1996_Table32",8.32,"NCBI_exact",TRUE,"Baron_etal_1996_Table32"
"Rhinolophus lepidus","Bulbus_olfactorius_Vol.mm3",86,"Baron_etal_1996_Table32",4.19,"NCBI_exact",TRUE,"Baron_etal_1996_Table32"
"Rhinolophus lepidus","Cerebellum_Vol.mm3",86,"Baron_etal_1996_Table10",32,"NCBI_exact",TRUE,"Baron_etal_1996_Table10"
"Rhinolophus lepidus","Diencephalon_Vol.mm3",86,"Baron_etal_1996_Table10",14.1,"NCBI_exact",TRUE,"Baron_etal_1996_Table10"
"Rhinolophus lepidus","Hippocampus_Vol.mm3",86,"Baron_etal_1996_Table32",12.7,"NCBI_exact",TRUE,"Baron_etal_1996_Table32"
"Rhinolophus lepidus","Medulla_oblongata_Vol.mm3",86,"Baron_etal_1996_Table10",25.3,"NCBI_exact",TRUE,"Baron_etal_1996_Table10"
"Rhinolophus lepidus","Mesencephalon_Vol.mm3",86,"Baron_etal_1996_Table10",19.1,"NCBI_exact",TRUE,"Baron_etal_1996_Table10"
"Rhinolophus lepidus","Neocortex_Vol.mm3",86,"Baron_etal_1996_Table32",32.6,"NCBI_exact",TRUE,"Baron_etal_1996_Table32"
"Rhinolophus lepidus","Palaeocortex_Vol.mm3",86,"Baron_etal_1996_Table32",7.86,"NCBI_exact",TRUE,"Baron_etal_1996_Table32"
"Rhinolophus lepidus","Schizo_cortex_Vol.mm3",86,"Baron_etal_1996_Table32",5.95,"NCBI_exact",TRUE,"Baron_etal_1996_Table32"
"Rhinolophus lepidus","Septum_Vol.mm3",86,"Baron_etal_1996_Table32",2.29,"NCBI_exact",TRUE,"Baron_etal_1996_Table32"
"Rhinolophus lepidus","Striatum_Vol.mm3",86,"Baron_etal_1996_Table32",10.4,"NCBI_exact",TRUE,"Baron_etal_1996_Table32"
"Rhinolophus lepidus","Telencephalon_Vol.mm3",86,"Baron_etal_1996_Table10",84.3,"NCBI_exact",TRUE,"Baron_etal_1996_Table10"
"Rhinolophus luctus","Amygdala_Vol.mm3",87,"Baron_etal_1996_Table32",25.7,"NCBI_exact",TRUE,"Baron_etal_1996_Table32"
"Rhinolophus luctus","Bulbus_olfactorius_Vol.mm3",87,"Baron_etal_1996_Table32",6.89,"NCBI_exact",TRUE,"Baron_etal_1996_Table32"
"Rhinolophus luctus","Cerebellum_Vol.mm3",87,"Baron_etal_1996_Table10",141.6,"NCBI_exact",TRUE,"Baron_etal_1996_Table10"
"Rhinolophus luctus","Diencephalon_Vol.mm3",87,"Baron_etal_1996_Table10",46.4,"NCBI_exact",TRUE,"Baron_etal_1996_Table10"
"Rhinolophus luctus","Hippocampus_Vol.mm3",87,"Baron_etal_1996_Table32",34.2,"NCBI_exact",TRUE,"Baron_etal_1996_Table32"
"Rhinolophus luctus","Medulla_oblongata_Vol.mm3",87,"Baron_etal_1996_Table10",67.5,"NCBI_exact",TRUE,"Baron_etal_1996_Table10"
"Rhinolophus luctus","Mesencephalon_Vol.mm3",87,"Baron_etal_1996_Table10",56.5,"NCBI_exact",TRUE,"Baron_etal_1996_Table10"
"Rhinolophus luctus","Neocortex_Vol.mm3",87,"Baron_etal_1996_Table32",135.6,"NCBI_exact",TRUE,"Baron_etal_1996_Table32"
"Rhinolophus luctus","Palaeocortex_Vol.mm3",87,"Baron_etal_1996_Table32",16.7,"NCBI_exact",TRUE,"Baron_etal_1996_Table32"
"Rhinolophus luctus","Schizo_cortex_Vol.mm3",87,"Baron_etal_1996_Table32",21.5,"NCBI_exact",TRUE,"Baron_etal_1996_Table32"
"Rhinolophus luctus","Septum_Vol.mm3",87,"Baron_etal_1996_Table32",5.74,"NCBI_exact",TRUE,"Baron_etal_1996_Table32"
"Rhinolophus luctus","Striatum_Vol.mm3",87,"Baron_etal_1996_Table32",25.1,"NCBI_exact",TRUE,"Baron_etal_1996_Table32"
"Rhinolophus luctus","Telencephalon_Vol.mm3",87,"Baron_etal_1996_Table10",271.5,"NCBI_exact",TRUE,"Baron_etal_1996_Table10"
"Rhinolophus macrotis","Amygdala_Vol.mm3",88,"Baron_etal_1996_Table32",6.57,"NCBI_exact",TRUE,"Baron_etal_1996_Table32"
"Rhinolophus macrotis","Bulbus_olfactorius_Vol.mm3",88,"Baron_etal_1996_Table32",3.93,"NCBI_exact",TRUE,"Baron_etal_1996_Table32"
"Rhinolophus macrotis","Cerebellum_Vol.mm3",88,"Baron_etal_1996_Table10",42.4,"NCBI_exact",TRUE,"Baron_etal_1996_Table10"
"Rhinolophus macrotis","Diencephalon_Vol.mm3",88,"Baron_etal_1996_Table10",14.9,"NCBI_exact",TRUE,"Baron_etal_1996_Table10"
"Rhinolophus macrotis","Hippocampus_Vol.mm3",88,"Baron_etal_1996_Table32",19.3,"NCBI_exact",TRUE,"Baron_etal_1996_Table32"
"Rhinolophus macrotis","Medulla_oblongata_Vol.mm3",88,"Baron_etal_1996_Table10",28.6,"NCBI_exact",TRUE,"Baron_etal_1996_Table10"
"Rhinolophus macrotis","Mesencephalon_Vol.mm3",88,"Baron_etal_1996_Table10",20.2,"NCBI_exact",TRUE,"Baron_etal_1996_Table10"
"Rhinolophus macrotis","Neocortex_Vol.mm3",88,"Baron_etal_1996_Table32",32.4,"NCBI_exact",TRUE,"Baron_etal_1996_Table32"
"Rhinolophus macrotis","Palaeocortex_Vol.mm3",88,"Baron_etal_1996_Table32",7.27,"NCBI_exact",TRUE,"Baron_etal_1996_Table32"
"Rhinolophus macrotis","Schizo_cortex_Vol.mm3",88,"Baron_etal_1996_Table32",7.41,"NCBI_exact",TRUE,"Baron_etal_1996_Table32"
"Rhinolophus macrotis","Septum_Vol.mm3",88,"Baron_etal_1996_Table32",2.71,"NCBI_exact",TRUE,"Baron_etal_1996_Table32"
"Rhinolophus macrotis","Striatum_Vol.mm3",88,"Baron_etal_1996_Table32",10.3,"NCBI_exact",TRUE,"Baron_etal_1996_Table32"
"Rhinolophus macrotis","Telencephalon_Vol.mm3",88,"Baron_etal_1996_Table10",89.9,"NCBI_exact",TRUE,"Baron_etal_1996_Table10"
"Rhinolophus malayanus","Amygdala_Vol.mm3",89,"Baron_etal_1996_Table32",9.79,"NCBI_exact",TRUE,"Baron_etal_1996_Table32"
"Rhinolophus malayanus","Bulbus_olfactorius_Vol.mm3",89,"Baron_etal_1996_Table32",3.96,"NCBI_exact",TRUE,"Baron_etal_1996_Table32"
"Rhinolophus malayanus","Cerebellum_Vol.mm3",89,"Baron_etal_1996_Table10",40.2,"NCBI_exact",TRUE,"Baron_etal_1996_Table10"
"Rhinolophus malayanus","Diencephalon_Vol.mm3",89,"Baron_etal_1996_Table10",14.7,"NCBI_exact",TRUE,"Baron_etal_1996_Table10"
"Rhinolophus malayanus","Hippocampus_Vol.mm3",89,"Baron_etal_1996_Table32",14.3,"NCBI_exact",TRUE,"Baron_etal_1996_Table32"
"Rhinolophus malayanus","Medulla_oblongata_Vol.mm3",89,"Baron_etal_1996_Table10",27.3,"NCBI_exact",TRUE,"Baron_etal_1996_Table10"
"Rhinolophus malayanus","Mesencephalon_Vol.mm3",89,"Baron_etal_1996_Table10",20.4,"NCBI_exact",TRUE,"Baron_etal_1996_Table10"
"Rhinolophus malayanus","Neocortex_Vol.mm3",89,"Baron_etal_1996_Table32",34.5,"NCBI_exact",TRUE,"Baron_etal_1996_Table32"
"Rhinolophus malayanus","Palaeocortex_Vol.mm3",89,"Baron_etal_1996_Table32",7.27,"NCBI_exact",TRUE,"Baron_etal_1996_Table32"
"Rhinolophus malayanus","Schizo_cortex_Vol.mm3",89,"Baron_etal_1996_Table32",5.92,"NCBI_exact",TRUE,"Baron_etal_1996_Table32"
"Rhinolophus malayanus","Septum_Vol.mm3",89,"Baron_etal_1996_Table32",2.73,"NCBI_exact",TRUE,"Baron_etal_1996_Table32"
"Rhinolophus malayanus","Striatum_Vol.mm3",89,"Baron_etal_1996_Table32",9.74,"NCBI_exact",TRUE,"Baron_etal_1996_Table32"
"Rhinolophus malayanus","Telencephalon_Vol.mm3",89,"Baron_etal_1996_Table10",88.2,"NCBI_exact",TRUE,"Baron_etal_1996_Table10"
"Rhinolophus megaphyllus","Amygdala_Vol.mm3",91,"Baron_etal_1996_Table32",9.42,"NCBI_exact",TRUE,"Baron_etal_1996_Table32"
"Rhinolophus megaphyllus","Amygdala_Vol.mm3",90,"Baron_etal_1996_Table32",11.2,"NCBI_exact",TRUE,"Baron_etal_1996_Table32"
"Rhinolophus megaphyllus","Bulbus_olfactorius_Vol.mm3",90,"Baron_etal_1996_Table32",4.57,"NCBI_exact",TRUE,"Baron_etal_1996_Table32"
"Rhinolophus megaphyllus","Bulbus_olfactorius_Vol.mm3",91,"Baron_etal_1996_Table32",3.06,"NCBI_exact",TRUE,"Baron_etal_1996_Table32"
"Rhinolophus megaphyllus","Cerebellum_Vol.mm3",90,"Baron_etal_1996_Table10",52.4,"NCBI_exact",TRUE,"Baron_etal_1996_Table10"
"Rhinolophus megaphyllus","Cerebellum_Vol.mm3",91,"Baron_etal_1996_Table10",43.4,"NCBI_exact",TRUE,"Baron_etal_1996_Table10"
"Rhinolophus megaphyllus","Diencephalon_Vol.mm3",90,"Baron_etal_1996_Table10",17.9,"NCBI_exact",TRUE,"Baron_etal_1996_Table10"
"Rhinolophus megaphyllus","Diencephalon_Vol.mm3",91,"Baron_etal_1996_Table10",18.4,"NCBI_exact",TRUE,"Baron_etal_1996_Table10"
"Rhinolophus megaphyllus","Hippocampus_Vol.mm3",90,"Baron_etal_1996_Table32",21,"NCBI_exact",TRUE,"Baron_etal_1996_Table32"
"Rhinolophus megaphyllus","Hippocampus_Vol.mm3",91,"Baron_etal_1996_Table32",17.9,"NCBI_exact",TRUE,"Baron_etal_1996_Table32"
"Rhinolophus megaphyllus","Medulla_oblongata_Vol.mm3",91,"Baron_etal_1996_Table10",28.2,"NCBI_exact",TRUE,"Baron_etal_1996_Table10"
"Rhinolophus megaphyllus","Medulla_oblongata_Vol.mm3",90,"Baron_etal_1996_Table10",32,"NCBI_exact",TRUE,"Baron_etal_1996_Table10"
"Rhinolophus megaphyllus","Mesencephalon_Vol.mm3",90,"Baron_etal_1996_Table10",24.1,"NCBI_exact",TRUE,"Baron_etal_1996_Table10"
"Rhinolophus megaphyllus","Mesencephalon_Vol.mm3",91,"Baron_etal_1996_Table10",22.1,"NCBI_exact",TRUE,"Baron_etal_1996_Table10"
"Rhinolophus megaphyllus","Neocortex_Vol.mm3",90,"Baron_etal_1996_Table32",49.6,"NCBI_exact",TRUE,"Baron_etal_1996_Table32"
"Rhinolophus megaphyllus","Neocortex_Vol.mm3",91,"Baron_etal_1996_Table32",44.4,"NCBI_exact",TRUE,"Baron_etal_1996_Table32"
"Rhinolophus megaphyllus","Palaeocortex_Vol.mm3",91,"Baron_etal_1996_Table32",8.24,"NCBI_exact",TRUE,"Baron_etal_1996_Table32"
"Rhinolophus megaphyllus","Palaeocortex_Vol.mm3",90,"Baron_etal_1996_Table32",8.67,"NCBI_exact",TRUE,"Baron_etal_1996_Table32"
"Rhinolophus megaphyllus","Schizo_cortex_Vol.mm3",91,"Baron_etal_1996_Table32",7.55,"NCBI_exact",TRUE,"Baron_etal_1996_Table32"
"Rhinolophus megaphyllus","Schizo_cortex_Vol.mm3",90,"Baron_etal_1996_Table32",8.77,"NCBI_exact",TRUE,"Baron_etal_1996_Table32"
"Rhinolophus megaphyllus","Septum_Vol.mm3",91,"Baron_etal_1996_Table32",2.86,"NCBI_exact",TRUE,"Baron_etal_1996_Table32"
"Rhinolophus megaphyllus","Septum_Vol.mm3",90,"Baron_etal_1996_Table32",3.08,"NCBI_exact",TRUE,"Baron_etal_1996_Table32"
"Rhinolophus megaphyllus","Striatum_Vol.mm3",90,"Baron_etal_1996_Table32",13.9,"NCBI_exact",TRUE,"Baron_etal_1996_Table32"
"Rhinolophus megaphyllus","Striatum_Vol.mm3",91,"Baron_etal_1996_Table32",12.2,"NCBI_exact",TRUE,"Baron_etal_1996_Table32"
"Rhinolophus megaphyllus","Telencephalon_Vol.mm3",91,"Baron_etal_1996_Table10",105.6,"NCBI_exact",TRUE,"Baron_etal_1996_Table10"
"Rhinolophus megaphyllus","Telencephalon_Vol.mm3",90,"Baron_etal_1996_Table10",120.8,"NCBI_exact",TRUE,"Baron_etal_1996_Table10"
"Rhinolophus paradoxolophus","Amygdala_Vol.mm3",92,"Baron_etal_1996_Table32",7.98,"NCBI_exact",TRUE,"Baron_etal_1996_Table32"
"Rhinolophus paradoxolophus","Bulbus_olfactorius_Vol.mm3",92,"Baron_etal_1996_Table32",5.41,"NCBI_exact",TRUE,"Baron_etal_1996_Table32"
"Rhinolophus paradoxolophus","Cerebellum_Vol.mm3",92,"Baron_etal_1996_Table10",53.1,"NCBI_exact",TRUE,"Baron_etal_1996_Table10"
"Rhinolophus paradoxolophus","Diencephalon_Vol.mm3",92,"Baron_etal_1996_Table10",18.5,"NCBI_exact",TRUE,"Baron_etal_1996_Table10"
"Rhinolophus paradoxolophus","Hippocampus_Vol.mm3",92,"Baron_etal_1996_Table32",24.3,"NCBI_exact",TRUE,"Baron_etal_1996_Table32"
"Rhinolophus paradoxolophus","Medulla_oblongata_Vol.mm3",92,"Baron_etal_1996_Table10",34.4,"NCBI_exact",TRUE,"Baron_etal_1996_Table10"
"Rhinolophus paradoxolophus","Mesencephalon_Vol.mm3",92,"Baron_etal_1996_Table10",25.1,"NCBI_exact",TRUE,"Baron_etal_1996_Table10"
"Rhinolophus paradoxolophus","Neocortex_Vol.mm3",92,"Baron_etal_1996_Table32",46.9,"NCBI_exact",TRUE,"Baron_etal_1996_Table32"
"Rhinolophus paradoxolophus","Palaeocortex_Vol.mm3",92,"Baron_etal_1996_Table32",9.51,"NCBI_exact",TRUE,"Baron_etal_1996_Table32"
"Rhinolophus paradoxolophus","Schizo_cortex_Vol.mm3",92,"Baron_etal_1996_Table32",8.9,"NCBI_exact",TRUE,"Baron_etal_1996_Table32"
"Rhinolophus paradoxolophus","Septum_Vol.mm3",92,"Baron_etal_1996_Table32",3.13,"NCBI_exact",TRUE,"Baron_etal_1996_Table32"
"Rhinolophus paradoxolophus","Striatum_Vol.mm3",92,"Baron_etal_1996_Table32",12.8,"NCBI_exact",TRUE,"Baron_etal_1996_Table32"
"Rhinolophus paradoxolophus","Telencephalon_Vol.mm3",92,"Baron_etal_1996_Table10",119,"NCBI_exact",TRUE,"Baron_etal_1996_Table10"
"Rhinolophus pearsonii","Amygdala_Vol.mm3",93,"Baron_etal_1996_Table32",13.9,"NCBI_exact",TRUE,"Baron_etal_1996_Table32"
"Rhinolophus pearsonii","Bulbus_olfactorius_Vol.mm3",93,"Baron_etal_1996_Table32",4.38,"NCBI_exact",TRUE,"Baron_etal_1996_Table32"
"Rhinolophus pearsonii","Cerebellum_Vol.mm3",93,"Baron_etal_1996_Table10",63.9,"NCBI_exact",TRUE,"Baron_etal_1996_Table10"
"Rhinolophus pearsonii","Diencephalon_Vol.mm3",93,"Baron_etal_1996_Table10",25.5,"NCBI_exact",TRUE,"Baron_etal_1996_Table10"
"Rhinolophus pearsonii","Hippocampus_Vol.mm3",93,"Baron_etal_1996_Table32",25.4,"NCBI_exact",TRUE,"Baron_etal_1996_Table32"
"Rhinolophus pearsonii","Medulla_oblongata_Vol.mm3",93,"Baron_etal_1996_Table10",38.9,"NCBI_exact",TRUE,"Baron_etal_1996_Table10"
"Rhinolophus pearsonii","Mesencephalon_Vol.mm3",93,"Baron_etal_1996_Table10",29.8,"NCBI_exact",TRUE,"Baron_etal_1996_Table10"
"Rhinolophus pearsonii","Neocortex_Vol.mm3",93,"Baron_etal_1996_Table32",70.9,"NCBI_exact",TRUE,"Baron_etal_1996_Table32"
"Rhinolophus pearsonii","Palaeocortex_Vol.mm3",93,"Baron_etal_1996_Table32",10.1,"NCBI_exact",TRUE,"Baron_etal_1996_Table32"
"Rhinolophus pearsonii","Schizo_cortex_Vol.mm3",93,"Baron_etal_1996_Table32",11.6,"NCBI_exact",TRUE,"Baron_etal_1996_Table32"
"Rhinolophus pearsonii","Septum_Vol.mm3",93,"Baron_etal_1996_Table32",3.8,"NCBI_exact",TRUE,"Baron_etal_1996_Table32"
"Rhinolophus pearsonii","Striatum_Vol.mm3",93,"Baron_etal_1996_Table32",15.6,"NCBI_exact",TRUE,"Baron_etal_1996_Table32"
"Rhinolophus pearsonii","Telencephalon_Vol.mm3",93,"Baron_etal_1996_Table10",155.6,"NCBI_exact",TRUE,"Baron_etal_1996_Table10"
"Rhinolophus pusillus","Amygdala_Vol.mm3",94,"Baron_etal_1996_Table32",7.18,"NCBI_exact",TRUE,"Baron_etal_1996_Table32"
"Rhinolophus pusillus","Bulbus_olfactorius_Vol.mm3",94,"Baron_etal_1996_Table32",3.41,"NCBI_exact",TRUE,"Baron_etal_1996_Table32"
"Rhinolophus pusillus","Cerebellum_Vol.mm3",94,"Baron_etal_1996_Table10",29.9,"NCBI_exact",TRUE,"Baron_etal_1996_Table10"
"Rhinolophus pusillus","Diencephalon_Vol.mm3",94,"Baron_etal_1996_Table10",12.4,"NCBI_exact",TRUE,"Baron_etal_1996_Table10"
"Rhinolophus pusillus","Hippocampus_Vol.mm3",94,"Baron_etal_1996_Table32",12.5,"NCBI_exact",TRUE,"Baron_etal_1996_Table32"
"Rhinolophus pusillus","Medulla_oblongata_Vol.mm3",94,"Baron_etal_1996_Table10",21.7,"NCBI_exact",TRUE,"Baron_etal_1996_Table10"
"Rhinolophus pusillus","Mesencephalon_Vol.mm3",94,"Baron_etal_1996_Table10",16,"NCBI_exact",TRUE,"Baron_etal_1996_Table10"
"Rhinolophus pusillus","Neocortex_Vol.mm3",94,"Baron_etal_1996_Table32",29.6,"NCBI_exact",TRUE,"Baron_etal_1996_Table32"
"Rhinolophus pusillus","Palaeocortex_Vol.mm3",94,"Baron_etal_1996_Table32",6.32,"NCBI_exact",TRUE,"Baron_etal_1996_Table32"
"Rhinolophus pusillus","Schizo_cortex_Vol.mm3",94,"Baron_etal_1996_Table32",5.24,"NCBI_exact",TRUE,"Baron_etal_1996_Table32"
"Rhinolophus pusillus","Septum_Vol.mm3",94,"Baron_etal_1996_Table32",1.87,"NCBI_exact",TRUE,"Baron_etal_1996_Table32"
"Rhinolophus pusillus","Striatum_Vol.mm3",94,"Baron_etal_1996_Table32",8.94,"NCBI_exact",TRUE,"Baron_etal_1996_Table32"
"Rhinolophus pusillus","Telencephalon_Vol.mm3",94,"Baron_etal_1996_Table10",75.1,"NCBI_exact",TRUE,"Baron_etal_1996_Table10"
"Rhinolophus trifoliatus","Amygdala_Vol.mm3",95,"Baron_etal_1996_Table32",15.9,"NCBI_exact",TRUE,"Baron_etal_1996_Table32"
"Rhinolophus trifoliatus","Bulbus_olfactorius_Vol.mm3",95,"Baron_etal_1996_Table32",3.26,"NCBI_exact",TRUE,"Baron_etal_1996_Table32"
"Rhinolophus trifoliatus","Cerebellum_Vol.mm3",95,"Baron_etal_1996_Table10",70,"NCBI_exact",TRUE,"Baron_etal_1996_Table10"
"Rhinolophus trifoliatus","Diencephalon_Vol.mm3",95,"Baron_etal_1996_Table10",28.1,"NCBI_exact",TRUE,"Baron_etal_1996_Table10"
"Rhinolophus trifoliatus","Hippocampus_Vol.mm3",95,"Baron_etal_1996_Table32",23,"NCBI_exact",TRUE,"Baron_etal_1996_Table32"
"Rhinolophus trifoliatus","Medulla_oblongata_Vol.mm3",95,"Baron_etal_1996_Table10",42.8,"NCBI_exact",TRUE,"Baron_etal_1996_Table10"
"Rhinolophus trifoliatus","Mesencephalon_Vol.mm3",95,"Baron_etal_1996_Table10",38.7,"NCBI_exact",TRUE,"Baron_etal_1996_Table10"
"Rhinolophus trifoliatus","Neocortex_Vol.mm3",95,"Baron_etal_1996_Table32",71.6,"NCBI_exact",TRUE,"Baron_etal_1996_Table32"
"Rhinolophus trifoliatus","Palaeocortex_Vol.mm3",95,"Baron_etal_1996_Table32",9.57,"NCBI_exact",TRUE,"Baron_etal_1996_Table32"
"Rhinolophus trifoliatus","Schizo_cortex_Vol.mm3",95,"Baron_etal_1996_Table32",10.8,"NCBI_exact",TRUE,"Baron_etal_1996_Table32"
"Rhinolophus trifoliatus","Septum_Vol.mm3",95,"Baron_etal_1996_Table32",3.34,"NCBI_exact",TRUE,"Baron_etal_1996_Table32"
"Rhinolophus trifoliatus","Striatum_Vol.mm3",95,"Baron_etal_1996_Table32",13.7,"NCBI_exact",TRUE,"Baron_etal_1996_Table32"
"Rhinolophus trifoliatus","Telencephalon_Vol.mm3",95,"Baron_etal_1996_Table10",151.1,"NCBI_exact",TRUE,"Baron_etal_1996_Table10"
"Rhinolophus yunanensis","Amygdala_Vol.mm3",96,"Baron_etal_1996_Table32",19.2,"GBIF_frozen_legacy_map",TRUE,"Baron_etal_1996_Table32"
"Rhinolophus yunanensis","Bulbus_olfactorius_Vol.mm3",96,"Baron_etal_1996_Table32",8.84,"GBIF_frozen_legacy_map",TRUE,"Baron_etal_1996_Table32"
"Rhinolophus yunanensis","Cerebellum_Vol.mm3",96,"Baron_etal_1996_Table10",80.3,"GBIF_frozen_legacy_map",TRUE,"Baron_etal_1996_Table10"
"Rhinolophus yunanensis","Diencephalon_Vol.mm3",96,"Baron_etal_1996_Table10",32.8,"GBIF_frozen_legacy_map",TRUE,"Baron_etal_1996_Table10"
"Rhinolophus yunanensis","Hippocampus_Vol.mm3",96,"Baron_etal_1996_Table32",32.7,"GBIF_frozen_legacy_map",TRUE,"Baron_etal_1996_Table32"
"Rhinolophus yunanensis","Medulla_oblongata_Vol.mm3",96,"Baron_etal_1996_Table10",51.5,"GBIF_frozen_legacy_map",TRUE,"Baron_etal_1996_Table10"
"Rhinolophus yunanensis","Mesencephalon_Vol.mm3",96,"Baron_etal_1996_Table10",41.1,"GBIF_frozen_legacy_map",TRUE,"Baron_etal_1996_Table10"
"Rhinolophus yunanensis","Neocortex_Vol.mm3",96,"Baron_etal_1996_Table32",90.6,"GBIF_frozen_legacy_map",TRUE,"Baron_etal_1996_Table32"
"Rhinolophus yunanensis","Palaeocortex_Vol.mm3",96,"Baron_etal_1996_Table32",14.5,"GBIF_frozen_legacy_map",TRUE,"Baron_etal_1996_Table32"
"Rhinolophus yunanensis","Schizo_cortex_Vol.mm3",96,"Baron_etal_1996_Table32",16.2,"GBIF_frozen_legacy_map",TRUE,"Baron_etal_1996_Table32"
"Rhinolophus yunanensis","Septum_Vol.mm3",96,"Baron_etal_1996_Table32",4.84,"GBIF_frozen_legacy_map",TRUE,"Baron_etal_1996_Table32"
"Rhinolophus yunanensis","Striatum_Vol.mm3",96,"Baron_etal_1996_Table32",20.4,"GBIF_frozen_legacy_map",TRUE,"Baron_etal_1996_Table32"
"Rhinolophus yunanensis","Telencephalon_Vol.mm3",96,"Baron_etal_1996_Table10",207.3,"GBIF_frozen_legacy_map",TRUE,"Baron_etal_1996_Table10"
"Rhinonicteris aurantia","Amygdala_Vol.mm3",119,"Baron_etal_1996_Table32",8.73,"NCBI_exact",TRUE,"Baron_etal_1996_Table32"
"Rhinonicteris aurantia","Bulbus_olfactorius_Vol.mm3",119,"Baron_etal_1996_Table32",3.87,"NCBI_exact",TRUE,"Baron_etal_1996_Table32"
"Rhinonicteris aurantia","Cerebellum_Vol.mm3",119,"Baron_etal_1996_Table10",50.2,"NCBI_exact",TRUE,"Baron_etal_1996_Table10"
"Rhinonicteris aurantia","Diencephalon_Vol.mm3",119,"Baron_etal_1996_Table10",17.7,"NCBI_exact",TRUE,"Baron_etal_1996_Table10"
"Rhinonicteris aurantia","Hippocampus_Vol.mm3",119,"Baron_etal_1996_Table32",19.2,"NCBI_exact",TRUE,"Baron_etal_1996_Table32"
"Rhinonicteris aurantia","Medulla_oblongata_Vol.mm3",119,"Baron_etal_1996_Table10",31.1,"NCBI_exact",TRUE,"Baron_etal_1996_Table10"
"Rhinonicteris aurantia","Mesencephalon_Vol.mm3",119,"Baron_etal_1996_Table10",25.3,"NCBI_exact",TRUE,"Baron_etal_1996_Table10"
"Rhinonicteris aurantia","Neocortex_Vol.mm3",119,"Baron_etal_1996_Table32",47.3,"NCBI_exact",TRUE,"Baron_etal_1996_Table32"
"Rhinonicteris aurantia","Palaeocortex_Vol.mm3",119,"Baron_etal_1996_Table32",7.7,"NCBI_exact",TRUE,"Baron_etal_1996_Table32"
"Rhinonicteris aurantia","Schizo_cortex_Vol.mm3",119,"Baron_etal_1996_Table32",7.31,"NCBI_exact",TRUE,"Baron_etal_1996_Table32"
"Rhinonicteris aurantia","Septum_Vol.mm3",119,"Baron_etal_1996_Table32",3.15,"NCBI_exact",TRUE,"Baron_etal_1996_Table32"
"Rhinonicteris aurantia","Striatum_Vol.mm3",119,"Baron_etal_1996_Table32",12.7,"NCBI_exact",TRUE,"Baron_etal_1996_Table32"
"Rhinonicteris aurantia","Telencephalon_Vol.mm3",119,"Baron_etal_1996_Table10",110,"NCBI_exact",TRUE,"Baron_etal_1996_Table10"
"Rhinophylla pumilio","Amygdala_Vol.mm3",155,"Baron_etal_1996_Table32",13.2,"NCBI_exact",TRUE,"Baron_etal_1996_Table32"
"Rhinophylla pumilio","Bulbus_olfactorius_Vol.mm3",155,"Baron_etal_1996_Table32",18.8,"NCBI_exact",TRUE,"Baron_etal_1996_Table32"
"Rhinophylla pumilio","Cerebellum_Vol.mm3",155,"Baron_etal_1996_Table10",52,"NCBI_exact",TRUE,"Baron_etal_1996_Table10"
"Rhinophylla pumilio","Diencephalon_Vol.mm3",155,"Baron_etal_1996_Table10",23.7,"NCBI_exact",TRUE,"Baron_etal_1996_Table10"
"Rhinophylla pumilio","Hippocampus_Vol.mm3",155,"Baron_etal_1996_Table32",30.3,"NCBI_exact",TRUE,"Baron_etal_1996_Table32"
"Rhinophylla pumilio","Medulla_oblongata_Vol.mm3",155,"Baron_etal_1996_Table10",31.8,"NCBI_exact",TRUE,"Baron_etal_1996_Table10"
"Rhinophylla pumilio","Mesencephalon_Vol.mm3",155,"Baron_etal_1996_Table10",22.7,"NCBI_exact",TRUE,"Baron_etal_1996_Table10"
"Rhinophylla pumilio","Neocortex_Vol.mm3",155,"Baron_etal_1996_Table32",85.6,"NCBI_exact",TRUE,"Baron_etal_1996_Table32"
"Rhinophylla pumilio","Palaeocortex_Vol.mm3",155,"Baron_etal_1996_Table32",21.9,"NCBI_exact",TRUE,"Baron_etal_1996_Table32"
"Rhinophylla pumilio","Schizo_cortex_Vol.mm3",155,"Baron_etal_1996_Table32",12.7,"NCBI_exact",TRUE,"Baron_etal_1996_Table32"
"Rhinophylla pumilio","Septum_Vol.mm3",155,"Baron_etal_1996_Table32",4.42,"NCBI_exact",TRUE,"Baron_etal_1996_Table32"
"Rhinophylla pumilio","Striatum_Vol.mm3",155,"Baron_etal_1996_Table32",17.1,"NCBI_exact",TRUE,"Baron_etal_1996_Table32"
"Rhinophylla pumilio","Telencephalon_Vol.mm3",155,"Baron_etal_1996_Table10",204,"NCBI_exact",TRUE,"Baron_etal_1996_Table10"
"Rhinopoma hardwickii","Amygdala_Vol.mm3",48,"Baron_etal_1996_Table32",13.8,"GBIF_frozen_legacy_map",TRUE,"Baron_etal_1996_Table32"
"Rhinopoma hardwickii","Bulbus_olfactorius_Vol.mm3",48,"Baron_etal_1996_Table32",6.15,"GBIF_frozen_legacy_map",TRUE,"Baron_etal_1996_Table32"
"Rhinopoma hardwickii","Cerebellum_Vol.mm3",48,"Baron_etal_1996_Table10",42.6,"GBIF_frozen_legacy_map",TRUE,"Baron_etal_1996_Table10"
"Rhinopoma hardwickii","Diencephalon_Vol.mm3",48,"Baron_etal_1996_Table10",24.6,"GBIF_frozen_legacy_map",TRUE,"Baron_etal_1996_Table10"
"Rhinopoma hardwickii","Hippocampus_Vol.mm3",48,"Baron_etal_1996_Table32",16.1,"GBIF_frozen_legacy_map",TRUE,"Baron_etal_1996_Table32"
"Rhinopoma hardwickii","Medulla_oblongata_Vol.mm3",48,"Baron_etal_1996_Table10",35.8,"GBIF_frozen_legacy_map",TRUE,"Baron_etal_1996_Table10"
"Rhinopoma hardwickii","Mesencephalon_Vol.mm3",48,"Baron_etal_1996_Table10",30.3,"GBIF_frozen_legacy_map",TRUE,"Baron_etal_1996_Table10"
"Rhinopoma hardwickii","Neocortex_Vol.mm3",48,"Baron_etal_1996_Table32",54,"GBIF_frozen_legacy_map",TRUE,"Baron_etal_1996_Table32"
"Rhinopoma hardwickii","Palaeocortex_Vol.mm3",48,"Baron_etal_1996_Table32",10.8,"GBIF_frozen_legacy_map",TRUE,"Baron_etal_1996_Table32"
"Rhinopoma hardwickii","Schizo_cortex_Vol.mm3",48,"Baron_etal_1996_Table32",9.68,"GBIF_frozen_legacy_map",TRUE,"Baron_etal_1996_Table32"
"Rhinopoma hardwickii","Septum_Vol.mm3",48,"Baron_etal_1996_Table32",3.86,"GBIF_frozen_legacy_map",TRUE,"Baron_etal_1996_Table32"
"Rhinopoma hardwickii","Striatum_Vol.mm3",48,"Baron_etal_1996_Table32",12.5,"GBIF_frozen_legacy_map",TRUE,"Baron_etal_1996_Table32"
"Rhinopoma hardwickii","Telencephalon_Vol.mm3",48,"Baron_etal_1996_Table10",126.8,"GBIF_frozen_legacy_map",TRUE,"Baron_etal_1996_Table10"
"Rhinopoma microphyllum","Amygdala_Vol.mm3",49,"Baron_etal_1996_Table32",15.4,"NCBI_exact",TRUE,"Baron_etal_1996_Table32"
"Rhinopoma microphyllum","Bulbus_olfactorius_Vol.mm3",49,"Baron_etal_1996_Table32",8.8,"NCBI_exact",TRUE,"Baron_etal_1996_Table32"
"Rhinopoma microphyllum","Cerebellum_Vol.mm3",49,"Baron_etal_1996_Table10",60.4,"NCBI_exact",TRUE,"Baron_etal_1996_Table10"
"Rhinopoma microphyllum","Diencephalon_Vol.mm3",49,"Baron_etal_1996_Table10",32.1,"NCBI_exact",TRUE,"Baron_etal_1996_Table10"
"Rhinopoma microphyllum","Hippocampus_Vol.mm3",49,"Baron_etal_1996_Table32",25.8,"NCBI_exact",TRUE,"Baron_etal_1996_Table32"
"Rhinopoma microphyllum","Medulla_oblongata_Vol.mm3",49,"Baron_etal_1996_Table10",51.3,"NCBI_exact",TRUE,"Baron_etal_1996_Table10"
"Rhinopoma microphyllum","Mesencephalon_Vol.mm3",49,"Baron_etal_1996_Table10",40.3,"NCBI_exact",TRUE,"Baron_etal_1996_Table10"
"Rhinopoma microphyllum","Neocortex_Vol.mm3",49,"Baron_etal_1996_Table32",77.5,"NCBI_exact",TRUE,"Baron_etal_1996_Table32"
"Rhinopoma microphyllum","Palaeocortex_Vol.mm3",49,"Baron_etal_1996_Table32",16.9,"NCBI_exact",TRUE,"Baron_etal_1996_Table32"
"Rhinopoma microphyllum","Schizo_cortex_Vol.mm3",49,"Baron_etal_1996_Table32",13.9,"NCBI_exact",TRUE,"Baron_etal_1996_Table32"
"Rhinopoma microphyllum","Septum_Vol.mm3",49,"Baron_etal_1996_Table32",5.03,"NCBI_exact",TRUE,"Baron_etal_1996_Table32"
"Rhinopoma microphyllum","Striatum_Vol.mm3",49,"Baron_etal_1996_Table32",17.1,"NCBI_exact",TRUE,"Baron_etal_1996_Table32"
"Rhinopoma microphyllum","Telencephalon_Vol.mm3",49,"Baron_etal_1996_Table10",180.5,"NCBI_exact",TRUE,"Baron_etal_1996_Table10"
"Rhogeessa parvula","Amygdala_Vol.mm3",227,"Baron_etal_1996_Table32",5.78,"NCBI_exact",TRUE,"Baron_etal_1996_Table32"
"Rhogeessa parvula","Bulbus_olfactorius_Vol.mm3",227,"Baron_etal_1996_Table32",2.8,"NCBI_exact",TRUE,"Baron_etal_1996_Table32"
"Rhogeessa parvula","Cerebellum_Vol.mm3",227,"Baron_etal_1996_Table10",18,"NCBI_exact",TRUE,"Baron_etal_1996_Table10"
"Rhogeessa parvula","Diencephalon_Vol.mm3",227,"Baron_etal_1996_Table10",9.3,"NCBI_exact",TRUE,"Baron_etal_1996_Table10"
"Rhogeessa parvula","Hippocampus_Vol.mm3",227,"Baron_etal_1996_Table32",6.48,"NCBI_exact",TRUE,"Baron_etal_1996_Table32"
"Rhogeessa parvula","Medulla_oblongata_Vol.mm3",227,"Baron_etal_1996_Table10",17.3,"NCBI_exact",TRUE,"Baron_etal_1996_Table10"
"Rhogeessa parvula","Mesencephalon_Vol.mm3",227,"Baron_etal_1996_Table10",12.9,"NCBI_exact",TRUE,"Baron_etal_1996_Table10"
"Rhogeessa parvula","Neocortex_Vol.mm3",227,"Baron_etal_1996_Table32",18.2,"NCBI_exact",TRUE,"Baron_etal_1996_Table32"
"Rhogeessa parvula","Palaeocortex_Vol.mm3",227,"Baron_etal_1996_Table32",4.9,"NCBI_exact",TRUE,"Baron_etal_1996_Table32"
"Rhogeessa parvula","Schizo_cortex_Vol.mm3",227,"Baron_etal_1996_Table32",3.44,"NCBI_exact",TRUE,"Baron_etal_1996_Table32"
"Rhogeessa parvula","Septum_Vol.mm3",227,"Baron_etal_1996_Table32",1.62,"NCBI_exact",TRUE,"Baron_etal_1996_Table32"
"Rhogeessa parvula","Striatum_Vol.mm3",227,"Baron_etal_1996_Table32",5.31,"NCBI_exact",TRUE,"Baron_etal_1996_Table32"
"Rhogeessa parvula","Telencephalon_Vol.mm3",227,"Baron_etal_1996_Table10",48.6,"NCBI_exact",TRUE,"Baron_etal_1996_Table10"
"Rhynchonycteris naso","Amygdala_Vol.mm3",54,"Baron_etal_1996_Table32",6.79,"NCBI_exact",TRUE,"Baron_etal_1996_Table32"
"Rhynchonycteris naso","Bulbus_olfactorius_Vol.mm3",54,"Baron_etal_1996_Table32",0.91,"NCBI_exact",TRUE,"Baron_etal_1996_Table32"
"Rhynchonycteris naso","Cerebellum_Vol.mm3",54,"Baron_etal_1996_Table10",22.6,"NCBI_exact",TRUE,"Baron_etal_1996_Table10"
"Rhynchonycteris naso","Diencephalon_Vol.mm3",54,"Baron_etal_1996_Table10",9.4,"NCBI_exact",TRUE,"Baron_etal_1996_Table10"
"Rhynchonycteris naso","Hippocampus_Vol.mm3",54,"Baron_etal_1996_Table32",5.48,"NCBI_exact",TRUE,"Baron_etal_1996_Table32"
"Rhynchonycteris naso","Medulla_oblongata_Vol.mm3",54,"Baron_etal_1996_Table10",15.7,"NCBI_exact",TRUE,"Baron_etal_1996_Table10"
"Rhynchonycteris naso","Mesencephalon_Vol.mm3",54,"Baron_etal_1996_Table10",14.6,"NCBI_exact",TRUE,"Baron_etal_1996_Table10"
"Rhynchonycteris naso","Neocortex_Vol.mm3",54,"Baron_etal_1996_Table32",22.1,"NCBI_exact",TRUE,"Baron_etal_1996_Table32"
"Rhynchonycteris naso","Palaeocortex_Vol.mm3",54,"Baron_etal_1996_Table32",3.62,"NCBI_exact",TRUE,"Baron_etal_1996_Table32"
"Rhynchonycteris naso","Schizo_cortex_Vol.mm3",54,"Baron_etal_1996_Table32",3.01,"NCBI_exact",TRUE,"Baron_etal_1996_Table32"
"Rhynchonycteris naso","Septum_Vol.mm3",54,"Baron_etal_1996_Table32",1.4,"NCBI_exact",TRUE,"Baron_etal_1996_Table32"
"Rhynchonycteris naso","Striatum_Vol.mm3",54,"Baron_etal_1996_Table32",5.91,"NCBI_exact",TRUE,"Baron_etal_1996_Table32"
"Rhynchonycteris naso","Telencephalon_Vol.mm3",54,"Baron_etal_1996_Table10",49.3,"NCBI_exact",TRUE,"Baron_etal_1996_Table10"
"Rousettus aegyptiacus","Amygdala_Vol.mm3",2,"Baron_etal_1996_Table32",50.8,"NCBI_exact",TRUE,"Baron_etal_1996_Table32"
"Rousettus aegyptiacus","Bulbus_olfactorius_Vol.mm3",2,"Baron_etal_1996_Table32",114.5,"NCBI_exact",TRUE,"Baron_etal_1996_Table32"
"Rousettus aegyptiacus","Cerebellum_Vol.mm3",2,"Baron_etal_1996_Table10",288.2,"NCBI_exact",TRUE,"Baron_etal_1996_Table10"
"Rousettus aegyptiacus","Diencephalon_Vol.mm3",2,"Baron_etal_1996_Table10",192.4,"NCBI_exact",TRUE,"Baron_etal_1996_Table10"
"Rousettus aegyptiacus","Hippocampus_Vol.mm3",2,"Baron_etal_1996_Table32",145.4,"NCBI_exact",TRUE,"Baron_etal_1996_Table32"
"Rousettus aegyptiacus","Medulla_oblongata_Vol.mm3",2,"Baron_etal_1996_Table10",152.1,"NCBI_exact",TRUE,"Baron_etal_1996_Table10"
"Rousettus aegyptiacus","Mesencephalon_Vol.mm3",2,"Baron_etal_1996_Table10",109.1,"NCBI_exact",TRUE,"Baron_etal_1996_Table10"
"Rousettus aegyptiacus","Neocortex_Vol.mm3",2,"Baron_etal_1996_Table32",687.4,"NCBI_exact",TRUE,"Baron_etal_1996_Table32"
"Rousettus aegyptiacus","Palaeocortex_Vol.mm3",2,"Baron_etal_1996_Table32",127.7,"NCBI_exact",TRUE,"Baron_etal_1996_Table32"
"Rousettus aegyptiacus","Schizo_cortex_Vol.mm3",2,"Baron_etal_1996_Table32",82.9,"NCBI_exact",TRUE,"Baron_etal_1996_Table32"
"Rousettus aegyptiacus","Septum_Vol.mm3",2,"Baron_etal_1996_Table32",32,"NCBI_exact",TRUE,"Baron_etal_1996_Table32"
"Rousettus aegyptiacus","Striatum_Vol.mm3",2,"Baron_etal_1996_Table32",130.2,"NCBI_exact",TRUE,"Baron_etal_1996_Table32"
"Rousettus aegyptiacus","Telencephalon_Vol.mm3",2,"Baron_etal_1996_Table10",1371,"NCBI_exact",TRUE,"Baron_etal_1996_Table10"
"Rousettus amplexicaudatus","Amygdala_Vol.mm3",4,"Baron_etal_1996_Table32",45.5,"NCBI_exact",TRUE,"Baron_etal_1996_Table32"
"Rousettus amplexicaudatus","Amygdala_Vol.mm3",3,"Baron_etal_1996_Table32",35.2,"NCBI_exact",TRUE,"Baron_etal_1996_Table32"
"Rousettus amplexicaudatus","Bulbus_olfactorius_Vol.mm3",4,"Baron_etal_1996_Table32",117.1,"NCBI_exact",TRUE,"Baron_etal_1996_Table32"
"Rousettus amplexicaudatus","Bulbus_olfactorius_Vol.mm3",3,"Baron_etal_1996_Table32",85.7,"NCBI_exact",TRUE,"Baron_etal_1996_Table32"
"Rousettus amplexicaudatus","Cerebellum_Vol.mm3",4,"Baron_etal_1996_Table10",215.2,"NCBI_exact",TRUE,"Baron_etal_1996_Table10"
"Rousettus amplexicaudatus","Cerebellum_Vol.mm3",3,"Baron_etal_1996_Table10",164.2,"NCBI_exact",TRUE,"Baron_etal_1996_Table10"
"Rousettus amplexicaudatus","Diencephalon_Vol.mm3",3,"Baron_etal_1996_Table10",110.7,"NCBI_exact",TRUE,"Baron_etal_1996_Table10"
"Rousettus amplexicaudatus","Diencephalon_Vol.mm3",4,"Baron_etal_1996_Table10",137.1,"NCBI_exact",TRUE,"Baron_etal_1996_Table10"
"Rousettus amplexicaudatus","Hippocampus_Vol.mm3",3,"Baron_etal_1996_Table32",101.4,"NCBI_exact",TRUE,"Baron_etal_1996_Table32"
"Rousettus amplexicaudatus","Hippocampus_Vol.mm3",4,"Baron_etal_1996_Table32",131.1,"NCBI_exact",TRUE,"Baron_etal_1996_Table32"
"Rousettus amplexicaudatus","Medulla_oblongata_Vol.mm3",3,"Baron_etal_1996_Table10",93.3,"NCBI_exact",TRUE,"Baron_etal_1996_Table10"
"Rousettus amplexicaudatus","Medulla_oblongata_Vol.mm3",4,"Baron_etal_1996_Table10",126.9,"NCBI_exact",TRUE,"Baron_etal_1996_Table10"
"Rousettus amplexicaudatus","Mesencephalon_Vol.mm3",4,"Baron_etal_1996_Table10",95.9,"NCBI_exact",TRUE,"Baron_etal_1996_Table10"
"Rousettus amplexicaudatus","Mesencephalon_Vol.mm3",3,"Baron_etal_1996_Table10",68,"NCBI_exact",TRUE,"Baron_etal_1996_Table10"
"Rousettus amplexicaudatus","Neocortex_Vol.mm3",4,"Baron_etal_1996_Table32",469.6,"NCBI_exact",TRUE,"Baron_etal_1996_Table32"
"Rousettus amplexicaudatus","Neocortex_Vol.mm3",3,"Baron_etal_1996_Table32",396.4,"NCBI_exact",TRUE,"Baron_etal_1996_Table32"
"Rousettus amplexicaudatus","Palaeocortex_Vol.mm3",4,"Baron_etal_1996_Table32",116,"NCBI_exact",TRUE,"Baron_etal_1996_Table32"
"Rousettus amplexicaudatus","Palaeocortex_Vol.mm3",3,"Baron_etal_1996_Table32",93.4,"NCBI_exact",TRUE,"Baron_etal_1996_Table32"
"Rousettus amplexicaudatus","Schizo_cortex_Vol.mm3",4,"Baron_etal_1996_Table32",59.6,"NCBI_exact",TRUE,"Baron_etal_1996_Table32"
"Rousettus amplexicaudatus","Schizo_cortex_Vol.mm3",3,"Baron_etal_1996_Table32",35.8,"NCBI_exact",TRUE,"Baron_etal_1996_Table32"
"Rousettus amplexicaudatus","Septum_Vol.mm3",4,"Baron_etal_1996_Table32",25.8,"NCBI_exact",TRUE,"Baron_etal_1996_Table32"
"Rousettus amplexicaudatus","Septum_Vol.mm3",3,"Baron_etal_1996_Table32",20,"NCBI_exact",TRUE,"Baron_etal_1996_Table32"
"Rousettus amplexicaudatus","Striatum_Vol.mm3",3,"Baron_etal_1996_Table32",74.9,"NCBI_exact",TRUE,"Baron_etal_1996_Table32"
"Rousettus amplexicaudatus","Striatum_Vol.mm3",4,"Baron_etal_1996_Table32",84.9,"NCBI_exact",TRUE,"Baron_etal_1996_Table32"
"Rousettus amplexicaudatus","Telencephalon_Vol.mm3",4,"Baron_etal_1996_Table10",1050,"NCBI_exact",TRUE,"Baron_etal_1996_Table10"
"Rousettus amplexicaudatus","Telencephalon_Vol.mm3",3,"Baron_etal_1996_Table10",842.7,"NCBI_exact",TRUE,"Baron_etal_1996_Table10"
"Saccolaimus saccolaimus","Amygdala_Vol.mm3",66,"Baron_etal_1996_Table32",33,"NCBI_exact",TRUE,"Baron_etal_1996_Table32"
"Saccolaimus saccolaimus","Bulbus_olfactorius_Vol.mm3",66,"Baron_etal_1996_Table32",13.3,"NCBI_exact",TRUE,"Baron_etal_1996_Table32"
"Saccolaimus saccolaimus","Cerebellum_Vol.mm3",66,"Baron_etal_1996_Table10",130.6,"NCBI_exact",TRUE,"Baron_etal_1996_Table10"
"Saccolaimus saccolaimus","Diencephalon_Vol.mm3",66,"Baron_etal_1996_Table10",51.6,"NCBI_exact",TRUE,"Baron_etal_1996_Table10"
"Saccolaimus saccolaimus","Hippocampus_Vol.mm3",66,"Baron_etal_1996_Table32",30.1,"NCBI_exact",TRUE,"Baron_etal_1996_Table32"
"Saccolaimus saccolaimus","Medulla_oblongata_Vol.mm3",66,"Baron_etal_1996_Table10",78.7,"NCBI_exact",TRUE,"Baron_etal_1996_Table10"
"Saccolaimus saccolaimus","Mesencephalon_Vol.mm3",66,"Baron_etal_1996_Table10",72.9,"NCBI_exact",TRUE,"Baron_etal_1996_Table10"
"Saccolaimus saccolaimus","Neocortex_Vol.mm3",66,"Baron_etal_1996_Table32",144.2,"NCBI_exact",TRUE,"Baron_etal_1996_Table32"
"Saccolaimus saccolaimus","Palaeocortex_Vol.mm3",66,"Baron_etal_1996_Table32",20.8,"NCBI_exact",TRUE,"Baron_etal_1996_Table32"
"Saccolaimus saccolaimus","Schizo_cortex_Vol.mm3",66,"Baron_etal_1996_Table32",21.3,"NCBI_exact",TRUE,"Baron_etal_1996_Table32"
"Saccolaimus saccolaimus","Septum_Vol.mm3",66,"Baron_etal_1996_Table32",7.35,"NCBI_exact",TRUE,"Baron_etal_1996_Table32"
"Saccolaimus saccolaimus","Striatum_Vol.mm3",66,"Baron_etal_1996_Table32",27.4,"NCBI_exact",TRUE,"Baron_etal_1996_Table32"
"Saccolaimus saccolaimus","Telencephalon_Vol.mm3",66,"Baron_etal_1996_Table10",297.4,"NCBI_exact",TRUE,"Baron_etal_1996_Table10"
"Saccopteryx bilineata","Amygdala_Vol.mm3",55,"Baron_etal_1996_Table32",15.7,"NCBI_exact",TRUE,"Baron_etal_1996_Table32"
"Saccopteryx bilineata","Bulbus_olfactorius_Vol.mm3",55,"Baron_etal_1996_Table32",1.99,"NCBI_exact",TRUE,"Baron_etal_1996_Table32"
"Saccopteryx bilineata","Cerebellum_Vol.mm3",55,"Baron_etal_1996_Table10",37.8,"NCBI_exact",TRUE,"Baron_etal_1996_Table10"
"Saccopteryx bilineata","Diencephalon_Vol.mm3",55,"Baron_etal_1996_Table10",18.6,"NCBI_exact",TRUE,"Baron_etal_1996_Table10"
"Saccopteryx bilineata","Hippocampus_Vol.mm3",55,"Baron_etal_1996_Table32",12.2,"NCBI_exact",TRUE,"Baron_etal_1996_Table32"
"Saccopteryx bilineata","Medulla_oblongata_Vol.mm3",55,"Baron_etal_1996_Table10",27.2,"NCBI_exact",TRUE,"Baron_etal_1996_Table10"
"Saccopteryx bilineata","Mesencephalon_Vol.mm3",55,"Baron_etal_1996_Table10",28.6,"NCBI_exact",TRUE,"Baron_etal_1996_Table10"
"Saccopteryx bilineata","Neocortex_Vol.mm3",55,"Baron_etal_1996_Table32",43.9,"NCBI_exact",TRUE,"Baron_etal_1996_Table32"
"Saccopteryx bilineata","Palaeocortex_Vol.mm3",55,"Baron_etal_1996_Table32",7.53,"NCBI_exact",TRUE,"Baron_etal_1996_Table32"
"Saccopteryx bilineata","Schizo_cortex_Vol.mm3",55,"Baron_etal_1996_Table32",8.96,"NCBI_exact",TRUE,"Baron_etal_1996_Table32"
"Saccopteryx bilineata","Septum_Vol.mm3",55,"Baron_etal_1996_Table32",2.7,"NCBI_exact",TRUE,"Baron_etal_1996_Table32"
"Saccopteryx bilineata","Striatum_Vol.mm3",55,"Baron_etal_1996_Table32",11.1,"NCBI_exact",TRUE,"Baron_etal_1996_Table32"
"Saccopteryx bilineata","Telencephalon_Vol.mm3",55,"Baron_etal_1996_Table10",104.2,"NCBI_exact",TRUE,"Baron_etal_1996_Table10"
"Saccopteryx canescens","Amygdala_Vol.mm3",56,"Baron_etal_1996_Table32",8.37,"NCBI_exact",TRUE,"Baron_etal_1996_Table32"
"Saccopteryx canescens","Bulbus_olfactorius_Vol.mm3",56,"Baron_etal_1996_Table32",1.11,"NCBI_exact",TRUE,"Baron_etal_1996_Table32"
"Saccopteryx canescens","Cerebellum_Vol.mm3",56,"Baron_etal_1996_Table10",21.4,"NCBI_exact",TRUE,"Baron_etal_1996_Table10"
"Saccopteryx canescens","Diencephalon_Vol.mm3",56,"Baron_etal_1996_Table10",11,"NCBI_exact",TRUE,"Baron_etal_1996_Table10"
"Saccopteryx canescens","Hippocampus_Vol.mm3",56,"Baron_etal_1996_Table32",6.79,"NCBI_exact",TRUE,"Baron_etal_1996_Table32"
"Saccopteryx canescens","Medulla_oblongata_Vol.mm3",56,"Baron_etal_1996_Table10",17.3,"NCBI_exact",TRUE,"Baron_etal_1996_Table10"
"Saccopteryx canescens","Mesencephalon_Vol.mm3",56,"Baron_etal_1996_Table10",17.6,"NCBI_exact",TRUE,"Baron_etal_1996_Table10"
"Saccopteryx canescens","Neocortex_Vol.mm3",56,"Baron_etal_1996_Table32",23.7,"NCBI_exact",TRUE,"Baron_etal_1996_Table32"
"Saccopteryx canescens","Palaeocortex_Vol.mm3",56,"Baron_etal_1996_Table32",3.71,"NCBI_exact",TRUE,"Baron_etal_1996_Table32"
"Saccopteryx canescens","Schizo_cortex_Vol.mm3",56,"Baron_etal_1996_Table32",4.08,"NCBI_exact",TRUE,"Baron_etal_1996_Table32"
"Saccopteryx canescens","Septum_Vol.mm3",56,"Baron_etal_1996_Table32",1.61,"NCBI_exact",TRUE,"Baron_etal_1996_Table32"
"Saccopteryx canescens","Striatum_Vol.mm3",56,"Baron_etal_1996_Table32",6.15,"NCBI_exact",TRUE,"Baron_etal_1996_Table32"
"Saccopteryx canescens","Telencephalon_Vol.mm3",56,"Baron_etal_1996_Table10",55.5,"NCBI_exact",TRUE,"Baron_etal_1996_Table10"
"Saccopteryx leptura","Amygdala_Vol.mm3",57,"Baron_etal_1996_Table32",9.64,"NCBI_exact",TRUE,"Baron_etal_1996_Table32"
"Saccopteryx leptura","Bulbus_olfactorius_Vol.mm3",57,"Baron_etal_1996_Table32",1.36,"NCBI_exact",TRUE,"Baron_etal_1996_Table32"
"Saccopteryx leptura","Cerebellum_Vol.mm3",57,"Baron_etal_1996_Table10",27.4,"NCBI_exact",TRUE,"Baron_etal_1996_Table10"
"Saccopteryx leptura","Diencephalon_Vol.mm3",57,"Baron_etal_1996_Table10",13.3,"NCBI_exact",TRUE,"Baron_etal_1996_Table10"
"Saccopteryx leptura","Hippocampus_Vol.mm3",57,"Baron_etal_1996_Table32",8.65,"NCBI_exact",TRUE,"Baron_etal_1996_Table32"
"Saccopteryx leptura","Medulla_oblongata_Vol.mm3",57,"Baron_etal_1996_Table10",21.1,"NCBI_exact",TRUE,"Baron_etal_1996_Table10"
"Saccopteryx leptura","Mesencephalon_Vol.mm3",57,"Baron_etal_1996_Table10",22.2,"NCBI_exact",TRUE,"Baron_etal_1996_Table10"
"Saccopteryx leptura","Neocortex_Vol.mm3",57,"Baron_etal_1996_Table32",30,"NCBI_exact",TRUE,"Baron_etal_1996_Table32"
"Saccopteryx leptura","Palaeocortex_Vol.mm3",57,"Baron_etal_1996_Table32",5.06,"NCBI_exact",TRUE,"Baron_etal_1996_Table32"
"Saccopteryx leptura","Schizo_cortex_Vol.mm3",57,"Baron_etal_1996_Table32",4.92,"NCBI_exact",TRUE,"Baron_etal_1996_Table32"
"Saccopteryx leptura","Septum_Vol.mm3",57,"Baron_etal_1996_Table32",1.71,"NCBI_exact",TRUE,"Baron_etal_1996_Table32"
"Saccopteryx leptura","Striatum_Vol.mm3",57,"Baron_etal_1996_Table32",7.17,"NCBI_exact",TRUE,"Baron_etal_1996_Table32"
"Saccopteryx leptura","Telencephalon_Vol.mm3",57,"Baron_etal_1996_Table10",68.5,"NCBI_exact",TRUE,"Baron_etal_1996_Table10"
"Scotomanes ornatus","Amygdala_Vol.mm3",228,"Baron_etal_1996_Table32",18.1,"NCBI_exact",TRUE,"Baron_etal_1996_Table32"
"Scotomanes ornatus","Bulbus_olfactorius_Vol.mm3",228,"Baron_etal_1996_Table32",8.21,"NCBI_exact",TRUE,"Baron_etal_1996_Table32"
"Scotomanes ornatus","Cerebellum_Vol.mm3",228,"Baron_etal_1996_Table10",55,"NCBI_exact",TRUE,"Baron_etal_1996_Table10"
"Scotomanes ornatus","Diencephalon_Vol.mm3",228,"Baron_etal_1996_Table10",33,"NCBI_exact",TRUE,"Baron_etal_1996_Table10"
"Scotomanes ornatus","Hippocampus_Vol.mm3",228,"Baron_etal_1996_Table32",27.4,"NCBI_exact",TRUE,"Baron_etal_1996_Table32"
"Scotomanes ornatus","Medulla_oblongata_Vol.mm3",228,"Baron_etal_1996_Table10",55,"NCBI_exact",TRUE,"Baron_etal_1996_Table10"
"Scotomanes ornatus","Mesencephalon_Vol.mm3",228,"Baron_etal_1996_Table10",43.4,"NCBI_exact",TRUE,"Baron_etal_1996_Table10"
"Scotomanes ornatus","Neocortex_Vol.mm3",228,"Baron_etal_1996_Table32",65,"NCBI_exact",TRUE,"Baron_etal_1996_Table32"
"Scotomanes ornatus","Palaeocortex_Vol.mm3",228,"Baron_etal_1996_Table32",15.9,"NCBI_exact",TRUE,"Baron_etal_1996_Table32"
"Scotomanes ornatus","Schizo_cortex_Vol.mm3",228,"Baron_etal_1996_Table32",13.3,"NCBI_exact",TRUE,"Baron_etal_1996_Table32"
"Scotomanes ornatus","Septum_Vol.mm3",228,"Baron_etal_1996_Table32",5.99,"NCBI_exact",TRUE,"Baron_etal_1996_Table32"
"Scotomanes ornatus","Striatum_Vol.mm3",228,"Baron_etal_1996_Table32",18.6,"NCBI_exact",TRUE,"Baron_etal_1996_Table32"
"Scotomanes ornatus","Telencephalon_Vol.mm3",228,"Baron_etal_1996_Table10",172.3,"NCBI_exact",TRUE,"Baron_etal_1996_Table10"
"Scotonycteris zenkeri","Amygdala_Vol.mm3",26,"Baron_etal_1996_Table32",16.8,"NCBI_exact",TRUE,"Baron_etal_1996_Table32"
"Scotonycteris zenkeri","Bulbus_olfactorius_Vol.mm3",26,"Baron_etal_1996_Table32",37,"NCBI_exact",TRUE,"Baron_etal_1996_Table32"
"Scotonycteris zenkeri","Cerebellum_Vol.mm3",26,"Baron_etal_1996_Table10",89.3,"NCBI_exact",TRUE,"Baron_etal_1996_Table10"
"Scotonycteris zenkeri","Diencephalon_Vol.mm3",26,"Baron_etal_1996_Table10",58.1,"NCBI_exact",TRUE,"Baron_etal_1996_Table10"
"Scotonycteris zenkeri","Hippocampus_Vol.mm3",26,"Baron_etal_1996_Table32",73.8,"NCBI_exact",TRUE,"Baron_etal_1996_Table32"
"Scotonycteris zenkeri","Medulla_oblongata_Vol.mm3",26,"Baron_etal_1996_Table10",56.4,"NCBI_exact",TRUE,"Baron_etal_1996_Table10"
"Scotonycteris zenkeri","Mesencephalon_Vol.mm3",26,"Baron_etal_1996_Table10",42,"NCBI_exact",TRUE,"Baron_etal_1996_Table10"
"Scotonycteris zenkeri","Neocortex_Vol.mm3",26,"Baron_etal_1996_Table32",182.5,"NCBI_exact",TRUE,"Baron_etal_1996_Table32"
"Scotonycteris zenkeri","Palaeocortex_Vol.mm3",26,"Baron_etal_1996_Table32",39.9,"NCBI_exact",TRUE,"Baron_etal_1996_Table32"
"Scotonycteris zenkeri","Schizo_cortex_Vol.mm3",26,"Baron_etal_1996_Table32",31.6,"NCBI_exact",TRUE,"Baron_etal_1996_Table32"
"Scotonycteris zenkeri","Septum_Vol.mm3",26,"Baron_etal_1996_Table32",9.23,"NCBI_exact",TRUE,"Baron_etal_1996_Table32"
"Scotonycteris zenkeri","Striatum_Vol.mm3",26,"Baron_etal_1996_Table32",33,"NCBI_exact",TRUE,"Baron_etal_1996_Table32"
"Scotonycteris zenkeri","Telencephalon_Vol.mm3",26,"Baron_etal_1996_Table10",423.8,"NCBI_exact",TRUE,"Baron_etal_1996_Table10"
"Scotophilus dinganii","Amygdala_Vol.mm3",230,"Baron_etal_1996_Table32",20.3,"GBIF_frozen_legacy_map",TRUE,"Baron_etal_1996_Table32"
"Scotophilus dinganii","Bulbus_olfactorius_Vol.mm3",230,"Baron_etal_1996_Table32",11,"GBIF_frozen_legacy_map",TRUE,"Baron_etal_1996_Table32"
"Scotophilus dinganii","Cerebellum_Vol.mm3",230,"Baron_etal_1996_Table10",81.5,"GBIF_frozen_legacy_map",TRUE,"Baron_etal_1996_Table10"
"Scotophilus dinganii","Diencephalon_Vol.mm3",230,"Baron_etal_1996_Table10",35,"GBIF_frozen_legacy_map",TRUE,"Baron_etal_1996_Table10"
"Scotophilus dinganii","Hippocampus_Vol.mm3",230,"Baron_etal_1996_Table32",22.7,"GBIF_frozen_legacy_map",TRUE,"Baron_etal_1996_Table32"
"Scotophilus dinganii","Medulla_oblongata_Vol.mm3",230,"Baron_etal_1996_Table10",58.2,"GBIF_frozen_legacy_map",TRUE,"Baron_etal_1996_Table10"
"Scotophilus dinganii","Mesencephalon_Vol.mm3",230,"Baron_etal_1996_Table10",45.5,"GBIF_frozen_legacy_map",TRUE,"Baron_etal_1996_Table10"
"Scotophilus dinganii","Neocortex_Vol.mm3",230,"Baron_etal_1996_Table32",87.2,"GBIF_frozen_legacy_map",TRUE,"Baron_etal_1996_Table32"
"Scotophilus dinganii","Palaeocortex_Vol.mm3",230,"Baron_etal_1996_Table32",15.3,"GBIF_frozen_legacy_map",TRUE,"Baron_etal_1996_Table32"
"Scotophilus dinganii","Schizo_cortex_Vol.mm3",230,"Baron_etal_1996_Table32",12.6,"GBIF_frozen_legacy_map",TRUE,"Baron_etal_1996_Table32"
"Scotophilus dinganii","Septum_Vol.mm3",230,"Baron_etal_1996_Table32",4.47,"GBIF_frozen_legacy_map",TRUE,"Baron_etal_1996_Table32"
"Scotophilus dinganii","Striatum_Vol.mm3",230,"Baron_etal_1996_Table32",18.5,"GBIF_frozen_legacy_map",TRUE,"Baron_etal_1996_Table32"
"Scotophilus dinganii","Telencephalon_Vol.mm3",230,"Baron_etal_1996_Table10",192.1,"GBIF_frozen_legacy_map",TRUE,"Baron_etal_1996_Table10"
"Scotophilus heathii","Amygdala_Vol.mm3",231,"Baron_etal_1996_Table32",21.1,"NCBI_exact",TRUE,"Baron_etal_1996_Table32"
"Scotophilus heathii","Bulbus_olfactorius_Vol.mm3",231,"Baron_etal_1996_Table32",11.2,"NCBI_exact",TRUE,"Baron_etal_1996_Table32"
"Scotophilus heathii","Cerebellum_Vol.mm3",231,"Baron_etal_1996_Table10",89,"NCBI_exact",TRUE,"Baron_etal_1996_Table10"
"Scotophilus heathii","Diencephalon_Vol.mm3",231,"Baron_etal_1996_Table10",36.4,"NCBI_exact",TRUE,"Baron_etal_1996_Table10"
"Scotophilus heathii","Hippocampus_Vol.mm3",231,"Baron_etal_1996_Table32",25.1,"NCBI_exact",TRUE,"Baron_etal_1996_Table32"
"Scotophilus heathii","Medulla_oblongata_Vol.mm3",231,"Baron_etal_1996_Table10",65.6,"NCBI_exact",TRUE,"Baron_etal_1996_Table10"
"Scotophilus heathii","Mesencephalon_Vol.mm3",231,"Baron_etal_1996_Table10",49.9,"NCBI_exact",TRUE,"Baron_etal_1996_Table10"
"Scotophilus heathii","Neocortex_Vol.mm3",231,"Baron_etal_1996_Table32",93.6,"NCBI_exact",TRUE,"Baron_etal_1996_Table32"
"Scotophilus heathii","Palaeocortex_Vol.mm3",231,"Baron_etal_1996_Table32",16.8,"NCBI_exact",TRUE,"Baron_etal_1996_Table32"
"Scotophilus heathii","Schizo_cortex_Vol.mm3",231,"Baron_etal_1996_Table32",11.7,"NCBI_exact",TRUE,"Baron_etal_1996_Table32"
"Scotophilus heathii","Septum_Vol.mm3",231,"Baron_etal_1996_Table32",5.53,"NCBI_exact",TRUE,"Baron_etal_1996_Table32"
"Scotophilus heathii","Striatum_Vol.mm3",231,"Baron_etal_1996_Table32",18.9,"NCBI_exact",TRUE,"Baron_etal_1996_Table32"
"Scotophilus heathii","Telencephalon_Vol.mm3",231,"Baron_etal_1996_Table10",203.9,"NCBI_exact",TRUE,"Baron_etal_1996_Table10"
"Scotophilus kuhlii","Amygdala_Vol.mm3",232,"Baron_etal_1996_Table32",16.5,"GBIF_frozen_legacy_map",TRUE,"Baron_etal_1996_Table32"
"Scotophilus kuhlii","Bulbus_olfactorius_Vol.mm3",232,"Baron_etal_1996_Table32",6.76,"GBIF_frozen_legacy_map",TRUE,"Baron_etal_1996_Table32"
"Scotophilus kuhlii","Cerebellum_Vol.mm3",232,"Baron_etal_1996_Table10",58.2,"GBIF_frozen_legacy_map",TRUE,"Baron_etal_1996_Table10"
"Scotophilus kuhlii","Diencephalon_Vol.mm3",232,"Baron_etal_1996_Table10",28.7,"GBIF_frozen_legacy_map",TRUE,"Baron_etal_1996_Table10"
"Scotophilus kuhlii","Hippocampus_Vol.mm3",232,"Baron_etal_1996_Table32",18.6,"GBIF_frozen_legacy_map",TRUE,"Baron_etal_1996_Table32"
"Scotophilus kuhlii","Medulla_oblongata_Vol.mm3",232,"Baron_etal_1996_Table10",48.8,"GBIF_frozen_legacy_map",TRUE,"Baron_etal_1996_Table10"
"Scotophilus kuhlii","Mesencephalon_Vol.mm3",232,"Baron_etal_1996_Table10",37.6,"GBIF_frozen_legacy_map",TRUE,"Baron_etal_1996_Table10"
"Scotophilus kuhlii","Neocortex_Vol.mm3",232,"Baron_etal_1996_Table32",66.8,"GBIF_frozen_legacy_map",TRUE,"Baron_etal_1996_Table32"
"Scotophilus kuhlii","Palaeocortex_Vol.mm3",232,"Baron_etal_1996_Table32",11.4,"GBIF_frozen_legacy_map",TRUE,"Baron_etal_1996_Table32"
"Scotophilus kuhlii","Schizo_cortex_Vol.mm3",232,"Baron_etal_1996_Table32",9.76,"GBIF_frozen_legacy_map",TRUE,"Baron_etal_1996_Table32"
"Scotophilus kuhlii","Septum_Vol.mm3",232,"Baron_etal_1996_Table32",4.11,"GBIF_frozen_legacy_map",TRUE,"Baron_etal_1996_Table32"
"Scotophilus kuhlii","Striatum_Vol.mm3",232,"Baron_etal_1996_Table32",13.5,"GBIF_frozen_legacy_map",TRUE,"Baron_etal_1996_Table32"
"Scotophilus kuhlii","Telencephalon_Vol.mm3",232,"Baron_etal_1996_Table10",147.4,"GBIF_frozen_legacy_map",TRUE,"Baron_etal_1996_Table10"
"Scotorepens sanborni","Amygdala_Vol.mm3",226,"Baron_etal_1996_Table32",7.57,"GBIF_frozen_legacy_map",TRUE,"Baron_etal_1996_Table32"
"Scotorepens sanborni","Bulbus_olfactorius_Vol.mm3",226,"Baron_etal_1996_Table32",4.09,"GBIF_frozen_legacy_map",TRUE,"Baron_etal_1996_Table32"
"Scotorepens sanborni","Cerebellum_Vol.mm3",226,"Baron_etal_1996_Table10",27,"GBIF_frozen_legacy_map",TRUE,"Baron_etal_1996_Table10"
"Scotorepens sanborni","Diencephalon_Vol.mm3",226,"Baron_etal_1996_Table10",13.8,"GBIF_frozen_legacy_map",TRUE,"Baron_etal_1996_Table10"
"Scotorepens sanborni","Hippocampus_Vol.mm3",226,"Baron_etal_1996_Table32",10.2,"GBIF_frozen_legacy_map",TRUE,"Baron_etal_1996_Table32"
"Scotorepens sanborni","Medulla_oblongata_Vol.mm3",226,"Baron_etal_1996_Table10",23.6,"GBIF_frozen_legacy_map",TRUE,"Baron_etal_1996_Table10"
"Scotorepens sanborni","Mesencephalon_Vol.mm3",226,"Baron_etal_1996_Table10",16.8,"GBIF_frozen_legacy_map",TRUE,"Baron_etal_1996_Table10"
"Scotorepens sanborni","Neocortex_Vol.mm3",226,"Baron_etal_1996_Table32",25.7,"GBIF_frozen_legacy_map",TRUE,"Baron_etal_1996_Table32"
"Scotorepens sanborni","Palaeocortex_Vol.mm3",226,"Baron_etal_1996_Table32",6.86,"GBIF_frozen_legacy_map",TRUE,"Baron_etal_1996_Table32"
"Scotorepens sanborni","Schizo_cortex_Vol.mm3",226,"Baron_etal_1996_Table32",5.03,"GBIF_frozen_legacy_map",TRUE,"Baron_etal_1996_Table32"
"Scotorepens sanborni","Septum_Vol.mm3",226,"Baron_etal_1996_Table32",1.99,"GBIF_frozen_legacy_map",TRUE,"Baron_etal_1996_Table32"
"Scotorepens sanborni","Striatum_Vol.mm3",226,"Baron_etal_1996_Table32",6.56,"GBIF_frozen_legacy_map",TRUE,"Baron_etal_1996_Table32"
"Scotorepens sanborni","Telencephalon_Vol.mm3",226,"Baron_etal_1996_Table10",68,"GBIF_frozen_legacy_map",TRUE,"Baron_etal_1996_Table10"
"Scotozous dormeri","Amygdala_Vol.mm3",208,"Baron_etal_1996_Table32",7.09,"NCBI_exact",TRUE,"Baron_etal_1996_Table32"
"Scotozous dormeri","Bulbus_olfactorius_Vol.mm3",208,"Baron_etal_1996_Table32",3.76,"NCBI_exact",TRUE,"Baron_etal_1996_Table32"
"Scotozous dormeri","Cerebellum_Vol.mm3",208,"Baron_etal_1996_Table10",22.9,"NCBI_exact",TRUE,"Baron_etal_1996_Table10"
"Scotozous dormeri","Diencephalon_Vol.mm3",208,"Baron_etal_1996_Table10",11.7,"NCBI_exact",TRUE,"Baron_etal_1996_Table10"
"Scotozous dormeri","Hippocampus_Vol.mm3",208,"Baron_etal_1996_Table32",7.95,"NCBI_exact",TRUE,"Baron_etal_1996_Table32"
"Scotozous dormeri","Medulla_oblongata_Vol.mm3",208,"Baron_etal_1996_Table10",25.3,"NCBI_exact",TRUE,"Baron_etal_1996_Table10"
"Scotozous dormeri","Mesencephalon_Vol.mm3",208,"Baron_etal_1996_Table10",15.2,"NCBI_exact",TRUE,"Baron_etal_1996_Table10"
"Scotozous dormeri","Neocortex_Vol.mm3",208,"Baron_etal_1996_Table32",21.4,"NCBI_exact",TRUE,"Baron_etal_1996_Table32"
"Scotozous dormeri","Palaeocortex_Vol.mm3",208,"Baron_etal_1996_Table32",6.67,"NCBI_exact",TRUE,"Baron_etal_1996_Table32"
"Scotozous dormeri","Schizo_cortex_Vol.mm3",208,"Baron_etal_1996_Table32",3.93,"NCBI_exact",TRUE,"Baron_etal_1996_Table32"
"Scotozous dormeri","Septum_Vol.mm3",208,"Baron_etal_1996_Table32",1.85,"NCBI_exact",TRUE,"Baron_etal_1996_Table32"
"Scotozous dormeri","Striatum_Vol.mm3",208,"Baron_etal_1996_Table32",5.71,"NCBI_exact",TRUE,"Baron_etal_1996_Table32"
"Scotozous dormeri","Telencephalon_Vol.mm3",208,"Baron_etal_1996_Table10",58.4,"NCBI_exact",TRUE,"Baron_etal_1996_Table10"
"Sphaerias blanfordi","Amygdala_Vol.mm3",33,"Baron_etal_1996_Table32",19.7,"NCBI_exact",TRUE,"Baron_etal_1996_Table32"
"Sphaerias blanfordi","Bulbus_olfactorius_Vol.mm3",33,"Baron_etal_1996_Table32",33.5,"NCBI_exact",TRUE,"Baron_etal_1996_Table32"
"Sphaerias blanfordi","Cerebellum_Vol.mm3",33,"Baron_etal_1996_Table10",114.8,"NCBI_exact",TRUE,"Baron_etal_1996_Table10"
"Sphaerias blanfordi","Diencephalon_Vol.mm3",33,"Baron_etal_1996_Table10",67.9,"NCBI_exact",TRUE,"Baron_etal_1996_Table10"
"Sphaerias blanfordi","Hippocampus_Vol.mm3",33,"Baron_etal_1996_Table32",68.6,"NCBI_exact",TRUE,"Baron_etal_1996_Table32"
"Sphaerias blanfordi","Medulla_oblongata_Vol.mm3",33,"Baron_etal_1996_Table10",69.2,"NCBI_exact",TRUE,"Baron_etal_1996_Table10"
"Sphaerias blanfordi","Mesencephalon_Vol.mm3",33,"Baron_etal_1996_Table10",49.4,"NCBI_exact",TRUE,"Baron_etal_1996_Table10"
"Sphaerias blanfordi","Neocortex_Vol.mm3",33,"Baron_etal_1996_Table32",223.8,"NCBI_exact",TRUE,"Baron_etal_1996_Table32"
"Sphaerias blanfordi","Palaeocortex_Vol.mm3",33,"Baron_etal_1996_Table32",42.7,"NCBI_exact",TRUE,"Baron_etal_1996_Table32"
"Sphaerias blanfordi","Schizo_cortex_Vol.mm3",33,"Baron_etal_1996_Table32",33.6,"NCBI_exact",TRUE,"Baron_etal_1996_Table32"
"Sphaerias blanfordi","Septum_Vol.mm3",33,"Baron_etal_1996_Table32",14.5,"NCBI_exact",TRUE,"Baron_etal_1996_Table32"
"Sphaerias blanfordi","Striatum_Vol.mm3",33,"Baron_etal_1996_Table32",39.8,"NCBI_exact",TRUE,"Baron_etal_1996_Table32"
"Sphaerias blanfordi","Telencephalon_Vol.mm3",33,"Baron_etal_1996_Table10",476.2,"NCBI_exact",TRUE,"Baron_etal_1996_Table10"
"Sphaeronycteris toxophyllum","Amygdala_Vol.mm3",178,"Baron_etal_1996_Table32",12,"NCBI_exact",TRUE,"Baron_etal_1996_Table32"
"Sphaeronycteris toxophyllum","Bulbus_olfactorius_Vol.mm3",178,"Baron_etal_1996_Table32",11.8,"NCBI_exact",TRUE,"Baron_etal_1996_Table32"
"Sphaeronycteris toxophyllum","Cerebellum_Vol.mm3",178,"Baron_etal_1996_Table10",82.7,"NCBI_exact",TRUE,"Baron_etal_1996_Table10"
"Sphaeronycteris toxophyllum","Diencephalon_Vol.mm3",178,"Baron_etal_1996_Table10",41.2,"NCBI_exact",TRUE,"Baron_etal_1996_Table10"
"Sphaeronycteris toxophyllum","Hippocampus_Vol.mm3",178,"Baron_etal_1996_Table32",32.3,"NCBI_exact",TRUE,"Baron_etal_1996_Table32"
"Sphaeronycteris toxophyllum","Medulla_oblongata_Vol.mm3",178,"Baron_etal_1996_Table10",66.6,"NCBI_exact",TRUE,"Baron_etal_1996_Table10"
"Sphaeronycteris toxophyllum","Mesencephalon_Vol.mm3",178,"Baron_etal_1996_Table10",41.7,"NCBI_exact",TRUE,"Baron_etal_1996_Table10"
"Sphaeronycteris toxophyllum","Neocortex_Vol.mm3",178,"Baron_etal_1996_Table32",135.2,"NCBI_exact",TRUE,"Baron_etal_1996_Table32"
"Sphaeronycteris toxophyllum","Palaeocortex_Vol.mm3",178,"Baron_etal_1996_Table32",24.1,"NCBI_exact",TRUE,"Baron_etal_1996_Table32"
"Sphaeronycteris toxophyllum","Schizo_cortex_Vol.mm3",178,"Baron_etal_1996_Table32",20.5,"NCBI_exact",TRUE,"Baron_etal_1996_Table32"
"Sphaeronycteris toxophyllum","Septum_Vol.mm3",178,"Baron_etal_1996_Table32",6.63,"NCBI_exact",TRUE,"Baron_etal_1996_Table32"
"Sphaeronycteris toxophyllum","Striatum_Vol.mm3",178,"Baron_etal_1996_Table32",21.2,"NCBI_exact",TRUE,"Baron_etal_1996_Table32"
"Sphaeronycteris toxophyllum","Telencephalon_Vol.mm3",178,"Baron_etal_1996_Table10",263.8,"NCBI_exact",TRUE,"Baron_etal_1996_Table10"
"Sturnira lilium","Amygdala_Vol.mm3",156,"Baron_etal_1996_Table32",18,"NCBI_exact",TRUE,"Baron_etal_1996_Table32"
"Sturnira lilium","Bulbus_olfactorius_Vol.mm3",156,"Baron_etal_1996_Table32",28.4,"NCBI_exact",TRUE,"Baron_etal_1996_Table32"
"Sturnira lilium","Cerebellum_Vol.mm3",156,"Baron_etal_1996_Table10",96.1,"NCBI_exact",TRUE,"Baron_etal_1996_Table10"
"Sturnira lilium","Diencephalon_Vol.mm3",156,"Baron_etal_1996_Table10",45.4,"NCBI_exact",TRUE,"Baron_etal_1996_Table10"
"Sturnira lilium","Hippocampus_Vol.mm3",156,"Baron_etal_1996_Table32",45.7,"NCBI_exact",TRUE,"Baron_etal_1996_Table32"
"Sturnira lilium","Medulla_oblongata_Vol.mm3",156,"Baron_etal_1996_Table10",50.9,"NCBI_exact",TRUE,"Baron_etal_1996_Table10"
"Sturnira lilium","Mesencephalon_Vol.mm3",156,"Baron_etal_1996_Table10",33.2,"NCBI_exact",TRUE,"Baron_etal_1996_Table10"
"Sturnira lilium","Neocortex_Vol.mm3",156,"Baron_etal_1996_Table32",161.4,"NCBI_exact",TRUE,"Baron_etal_1996_Table32"
"Sturnira lilium","Palaeocortex_Vol.mm3",156,"Baron_etal_1996_Table32",37.9,"NCBI_exact",TRUE,"Baron_etal_1996_Table32"
"Sturnira lilium","Schizo_cortex_Vol.mm3",156,"Baron_etal_1996_Table32",23.2,"NCBI_exact",TRUE,"Baron_etal_1996_Table32"
"Sturnira lilium","Septum_Vol.mm3",156,"Baron_etal_1996_Table32",8.82,"NCBI_exact",TRUE,"Baron_etal_1996_Table32"
"Sturnira lilium","Striatum_Vol.mm3",156,"Baron_etal_1996_Table32",34.8,"NCBI_exact",TRUE,"Baron_etal_1996_Table32"
"Sturnira lilium","Telencephalon_Vol.mm3",156,"Baron_etal_1996_Table10",358.4,"NCBI_exact",TRUE,"Baron_etal_1996_Table10"
"Sturnira ludovici","Amygdala_Vol.mm3",157,"Baron_etal_1996_Table32",22.4,"NCBI_exact",TRUE,"Baron_etal_1996_Table32"
"Sturnira ludovici","Bulbus_olfactorius_Vol.mm3",157,"Baron_etal_1996_Table32",31.3,"NCBI_exact",TRUE,"Baron_etal_1996_Table32"
"Sturnira ludovici","Cerebellum_Vol.mm3",157,"Baron_etal_1996_Table10",108.4,"NCBI_exact",TRUE,"Baron_etal_1996_Table10"
"Sturnira ludovici","Diencephalon_Vol.mm3",157,"Baron_etal_1996_Table10",50.4,"NCBI_exact",TRUE,"Baron_etal_1996_Table10"
"Sturnira ludovici","Hippocampus_Vol.mm3",157,"Baron_etal_1996_Table32",49.4,"NCBI_exact",TRUE,"Baron_etal_1996_Table32"
"Sturnira ludovici","Medulla_oblongata_Vol.mm3",157,"Baron_etal_1996_Table10",63.4,"NCBI_exact",TRUE,"Baron_etal_1996_Table10"
"Sturnira ludovici","Mesencephalon_Vol.mm3",157,"Baron_etal_1996_Table10",40.1,"NCBI_exact",TRUE,"Baron_etal_1996_Table10"
"Sturnira ludovici","Neocortex_Vol.mm3",157,"Baron_etal_1996_Table32",159.7,"NCBI_exact",TRUE,"Baron_etal_1996_Table32"
"Sturnira ludovici","Palaeocortex_Vol.mm3",157,"Baron_etal_1996_Table32",37.2,"NCBI_exact",TRUE,"Baron_etal_1996_Table32"
"Sturnira ludovici","Schizo_cortex_Vol.mm3",157,"Baron_etal_1996_Table32",24.3,"NCBI_exact",TRUE,"Baron_etal_1996_Table32"
"Sturnira ludovici","Septum_Vol.mm3",157,"Baron_etal_1996_Table32",8.68,"NCBI_exact",TRUE,"Baron_etal_1996_Table32"
"Sturnira ludovici","Striatum_Vol.mm3",157,"Baron_etal_1996_Table32",35.3,"NCBI_exact",TRUE,"Baron_etal_1996_Table32"
"Sturnira ludovici","Telencephalon_Vol.mm3",157,"Baron_etal_1996_Table10",368.6,"NCBI_exact",TRUE,"Baron_etal_1996_Table10"
"Sturnira tildae","Amygdala_Vol.mm3",158,"Baron_etal_1996_Table32",21.5,"NCBI_exact",TRUE,"Baron_etal_1996_Table32"
"Sturnira tildae","Bulbus_olfactorius_Vol.mm3",158,"Baron_etal_1996_Table32",32.6,"NCBI_exact",TRUE,"Baron_etal_1996_Table32"
"Sturnira tildae","Cerebellum_Vol.mm3",158,"Baron_etal_1996_Table10",103.6,"NCBI_exact",TRUE,"Baron_etal_1996_Table10"
"Sturnira tildae","Diencephalon_Vol.mm3",158,"Baron_etal_1996_Table10",50.5,"NCBI_exact",TRUE,"Baron_etal_1996_Table10"
"Sturnira tildae","Hippocampus_Vol.mm3",158,"Baron_etal_1996_Table32",54.1,"NCBI_exact",TRUE,"Baron_etal_1996_Table32"
"Sturnira tildae","Medulla_oblongata_Vol.mm3",158,"Baron_etal_1996_Table10",54.2,"NCBI_exact",TRUE,"Baron_etal_1996_Table10"
"Sturnira tildae","Mesencephalon_Vol.mm3",158,"Baron_etal_1996_Table10",36.5,"NCBI_exact",TRUE,"Baron_etal_1996_Table10"
"Sturnira tildae","Neocortex_Vol.mm3",158,"Baron_etal_1996_Table32",190,"NCBI_exact",TRUE,"Baron_etal_1996_Table32"
"Sturnira tildae","Palaeocortex_Vol.mm3",158,"Baron_etal_1996_Table32",41.1,"NCBI_exact",TRUE,"Baron_etal_1996_Table32"
"Sturnira tildae","Schizo_cortex_Vol.mm3",158,"Baron_etal_1996_Table32",27.8,"NCBI_exact",TRUE,"Baron_etal_1996_Table32"
"Sturnira tildae","Septum_Vol.mm3",158,"Baron_etal_1996_Table32",8.97,"NCBI_exact",TRUE,"Baron_etal_1996_Table32"
"Sturnira tildae","Striatum_Vol.mm3",158,"Baron_etal_1996_Table32",40.8,"NCBI_exact",TRUE,"Baron_etal_1996_Table32"
"Sturnira tildae","Telencephalon_Vol.mm3",158,"Baron_etal_1996_Table10",417,"NCBI_exact",TRUE,"Baron_etal_1996_Table10"
"Syconycteris australis","Amygdala_Vol.mm3",44,"Baron_etal_1996_Table32",15.7,"NCBI_exact",TRUE,"Baron_etal_1996_Table32"
"Syconycteris australis","Amygdala_Vol.mm3",43,"Baron_etal_1996_Table32",12.5,"NCBI_exact",TRUE,"Baron_etal_1996_Table32"
"Syconycteris australis","Bulbus_olfactorius_Vol.mm3",43,"Baron_etal_1996_Table32",29.5,"NCBI_exact",TRUE,"Baron_etal_1996_Table32"
"Syconycteris australis","Bulbus_olfactorius_Vol.mm3",44,"Baron_etal_1996_Table32",33.3,"NCBI_exact",TRUE,"Baron_etal_1996_Table32"
"Syconycteris australis","Cerebellum_Vol.mm3",43,"Baron_etal_1996_Table10",64.9,"NCBI_exact",TRUE,"Baron_etal_1996_Table10"
"Syconycteris australis","Cerebellum_Vol.mm3",44,"Baron_etal_1996_Table10",69.3,"NCBI_exact",TRUE,"Baron_etal_1996_Table10"
"Syconycteris australis","Diencephalon_Vol.mm3",44,"Baron_etal_1996_Table10",51.5,"NCBI_exact",TRUE,"Baron_etal_1996_Table10"
"Syconycteris australis","Diencephalon_Vol.mm3",43,"Baron_etal_1996_Table10",45.2,"NCBI_exact",TRUE,"Baron_etal_1996_Table10"
"Syconycteris australis","Hippocampus_Vol.mm3",44,"Baron_etal_1996_Table32",57.8,"NCBI_exact",TRUE,"Baron_etal_1996_Table32"
"Syconycteris australis","Hippocampus_Vol.mm3",43,"Baron_etal_1996_Table32",48.4,"NCBI_exact",TRUE,"Baron_etal_1996_Table32"
"Syconycteris australis","Medulla_oblongata_Vol.mm3",43,"Baron_etal_1996_Table10",37.9,"NCBI_exact",TRUE,"Baron_etal_1996_Table10"
"Syconycteris australis","Medulla_oblongata_Vol.mm3",44,"Baron_etal_1996_Table10",46.1,"NCBI_exact",TRUE,"Baron_etal_1996_Table10"
"Syconycteris australis","Mesencephalon_Vol.mm3",43,"Baron_etal_1996_Table10",31.4,"NCBI_exact",TRUE,"Baron_etal_1996_Table10"
"Syconycteris australis","Mesencephalon_Vol.mm3",44,"Baron_etal_1996_Table10",34.3,"NCBI_exact",TRUE,"Baron_etal_1996_Table10"
"Syconycteris australis","Neocortex_Vol.mm3",43,"Baron_etal_1996_Table32",170,"NCBI_exact",TRUE,"Baron_etal_1996_Table32"
"Syconycteris australis","Neocortex_Vol.mm3",44,"Baron_etal_1996_Table32",180.2,"NCBI_exact",TRUE,"Baron_etal_1996_Table32"
"Syconycteris australis","Palaeocortex_Vol.mm3",43,"Baron_etal_1996_Table32",34.8,"NCBI_exact",TRUE,"Baron_etal_1996_Table32"
"Syconycteris australis","Palaeocortex_Vol.mm3",44,"Baron_etal_1996_Table32",36.3,"NCBI_exact",TRUE,"Baron_etal_1996_Table32"
"Syconycteris australis","Schizo_cortex_Vol.mm3",44,"Baron_etal_1996_Table32",24.9,"NCBI_exact",TRUE,"Baron_etal_1996_Table32"
"Syconycteris australis","Schizo_cortex_Vol.mm3",43,"Baron_etal_1996_Table32",23.7,"NCBI_exact",TRUE,"Baron_etal_1996_Table32"
"Syconycteris australis","Septum_Vol.mm3",44,"Baron_etal_1996_Table32",9.92,"NCBI_exact",TRUE,"Baron_etal_1996_Table32"
"Syconycteris australis","Septum_Vol.mm3",43,"Baron_etal_1996_Table32",9.74,"NCBI_exact",TRUE,"Baron_etal_1996_Table32"
"Syconycteris australis","Striatum_Vol.mm3",43,"Baron_etal_1996_Table32",33,"NCBI_exact",TRUE,"Baron_etal_1996_Table32"
"Syconycteris australis","Striatum_Vol.mm3",44,"Baron_etal_1996_Table32",35.9,"NCBI_exact",TRUE,"Baron_etal_1996_Table32"
"Syconycteris australis","Telencephalon_Vol.mm3",43,"Baron_etal_1996_Table10",361.6,"NCBI_exact",TRUE,"Baron_etal_1996_Table10"
"Syconycteris australis","Telencephalon_Vol.mm3",44,"Baron_etal_1996_Table10",394,"NCBI_exact",TRUE,"Baron_etal_1996_Table10"
"Tadarida aegyptiaca","Amygdala_Vol.mm3",254,"Baron_etal_1996_Table32",18.4,"NCBI_exact",TRUE,"Baron_etal_1996_Table32"
"Tadarida aegyptiaca","Bulbus_olfactorius_Vol.mm3",254,"Baron_etal_1996_Table32",10,"NCBI_exact",TRUE,"Baron_etal_1996_Table32"
"Tadarida aegyptiaca","Cerebellum_Vol.mm3",254,"Baron_etal_1996_Table10",70.3,"NCBI_exact",TRUE,"Baron_etal_1996_Table10"
"Tadarida aegyptiaca","Diencephalon_Vol.mm3",254,"Baron_etal_1996_Table10",30.4,"NCBI_exact",TRUE,"Baron_etal_1996_Table10"
"Tadarida aegyptiaca","Hippocampus_Vol.mm3",254,"Baron_etal_1996_Table32",22.9,"NCBI_exact",TRUE,"Baron_etal_1996_Table32"
"Tadarida aegyptiaca","Medulla_oblongata_Vol.mm3",254,"Baron_etal_1996_Table10",54,"NCBI_exact",TRUE,"Baron_etal_1996_Table10"
"Tadarida aegyptiaca","Mesencephalon_Vol.mm3",254,"Baron_etal_1996_Table10",35.1,"NCBI_exact",TRUE,"Baron_etal_1996_Table10"
"Tadarida aegyptiaca","Neocortex_Vol.mm3",254,"Baron_etal_1996_Table32",77.3,"NCBI_exact",TRUE,"Baron_etal_1996_Table32"
"Tadarida aegyptiaca","Palaeocortex_Vol.mm3",254,"Baron_etal_1996_Table32",16.1,"NCBI_exact",TRUE,"Baron_etal_1996_Table32"
"Tadarida aegyptiaca","Schizo_cortex_Vol.mm3",254,"Baron_etal_1996_Table32",13.6,"NCBI_exact",TRUE,"Baron_etal_1996_Table32"
"Tadarida aegyptiaca","Septum_Vol.mm3",254,"Baron_etal_1996_Table32",5.66,"NCBI_exact",TRUE,"Baron_etal_1996_Table32"
"Tadarida aegyptiaca","Striatum_Vol.mm3",254,"Baron_etal_1996_Table32",15.8,"NCBI_exact",TRUE,"Baron_etal_1996_Table32"
"Tadarida aegyptiaca","Telencephalon_Vol.mm3",254,"Baron_etal_1996_Table10",179.9,"NCBI_exact",TRUE,"Baron_etal_1996_Table10"
"Taphozous australis","Amygdala_Vol.mm3",61,"Baron_etal_1996_Table32",26.3,"NCBI_exact",TRUE,"Baron_etal_1996_Table32"
"Taphozous australis","Bulbus_olfactorius_Vol.mm3",61,"Baron_etal_1996_Table32",8.62,"NCBI_exact",TRUE,"Baron_etal_1996_Table32"
"Taphozous australis","Cerebellum_Vol.mm3",61,"Baron_etal_1996_Table10",104.1,"NCBI_exact",TRUE,"Baron_etal_1996_Table10"
"Taphozous australis","Diencephalon_Vol.mm3",61,"Baron_etal_1996_Table10",36.8,"NCBI_exact",TRUE,"Baron_etal_1996_Table10"
"Taphozous australis","Hippocampus_Vol.mm3",61,"Baron_etal_1996_Table32",25.5,"NCBI_exact",TRUE,"Baron_etal_1996_Table32"
"Taphozous australis","Medulla_oblongata_Vol.mm3",61,"Baron_etal_1996_Table10",65.8,"NCBI_exact",TRUE,"Baron_etal_1996_Table10"
"Taphozous australis","Mesencephalon_Vol.mm3",61,"Baron_etal_1996_Table10",54.6,"NCBI_exact",TRUE,"Baron_etal_1996_Table10"
"Taphozous australis","Neocortex_Vol.mm3",61,"Baron_etal_1996_Table32",101.8,"NCBI_exact",TRUE,"Baron_etal_1996_Table32"
"Taphozous australis","Palaeocortex_Vol.mm3",61,"Baron_etal_1996_Table32",16.2,"NCBI_exact",TRUE,"Baron_etal_1996_Table32"
"Taphozous australis","Schizo_cortex_Vol.mm3",61,"Baron_etal_1996_Table32",17.6,"NCBI_exact",TRUE,"Baron_etal_1996_Table32"
"Taphozous australis","Septum_Vol.mm3",61,"Baron_etal_1996_Table32",6.82,"NCBI_exact",TRUE,"Baron_etal_1996_Table32"
"Taphozous australis","Striatum_Vol.mm3",61,"Baron_etal_1996_Table32",24.7,"NCBI_exact",TRUE,"Baron_etal_1996_Table32"
"Taphozous australis","Telencephalon_Vol.mm3",61,"Baron_etal_1996_Table10",227.6,"NCBI_exact",TRUE,"Baron_etal_1996_Table10"
"Taphozous hildegardeae","Amygdala_Vol.mm3",62,"Baron_etal_1996_Table32",27.6,"NCBI_exact",TRUE,"Baron_etal_1996_Table32"
"Taphozous hildegardeae","Bulbus_olfactorius_Vol.mm3",62,"Baron_etal_1996_Table32",11,"NCBI_exact",TRUE,"Baron_etal_1996_Table32"
"Taphozous hildegardeae","Cerebellum_Vol.mm3",62,"Baron_etal_1996_Table10",114.9,"NCBI_exact",TRUE,"Baron_etal_1996_Table10"
"Taphozous hildegardeae","Diencephalon_Vol.mm3",62,"Baron_etal_1996_Table10",37.9,"NCBI_exact",TRUE,"Baron_etal_1996_Table10"
"Taphozous hildegardeae","Hippocampus_Vol.mm3",62,"Baron_etal_1996_Table32",25.4,"NCBI_exact",TRUE,"Baron_etal_1996_Table32"
"Taphozous hildegardeae","Medulla_oblongata_Vol.mm3",62,"Baron_etal_1996_Table10",68.5,"NCBI_exact",TRUE,"Baron_etal_1996_Table10"
"Taphozous hildegardeae","Mesencephalon_Vol.mm3",62,"Baron_etal_1996_Table10",53.1,"NCBI_exact",TRUE,"Baron_etal_1996_Table10"
"Taphozous hildegardeae","Neocortex_Vol.mm3",62,"Baron_etal_1996_Table32",111.3,"NCBI_exact",TRUE,"Baron_etal_1996_Table32"
"Taphozous hildegardeae","Palaeocortex_Vol.mm3",62,"Baron_etal_1996_Table32",20.1,"NCBI_exact",TRUE,"Baron_etal_1996_Table32"
"Taphozous hildegardeae","Schizo_cortex_Vol.mm3",62,"Baron_etal_1996_Table32",16,"NCBI_exact",TRUE,"Baron_etal_1996_Table32"
"Taphozous hildegardeae","Septum_Vol.mm3",62,"Baron_etal_1996_Table32",6.28,"NCBI_exact",TRUE,"Baron_etal_1996_Table32"
"Taphozous hildegardeae","Striatum_Vol.mm3",62,"Baron_etal_1996_Table32",22.5,"NCBI_exact",TRUE,"Baron_etal_1996_Table32"
"Taphozous hildegardeae","Telencephalon_Vol.mm3",62,"Baron_etal_1996_Table10",240.2,"NCBI_exact",TRUE,"Baron_etal_1996_Table10"
"Taphozous mauritianus","Amygdala_Vol.mm3",63,"Baron_etal_1996_Table32",27.5,"NCBI_exact",TRUE,"Baron_etal_1996_Table32"
"Taphozous mauritianus","Bulbus_olfactorius_Vol.mm3",63,"Baron_etal_1996_Table32",9.82,"NCBI_exact",TRUE,"Baron_etal_1996_Table32"
"Taphozous mauritianus","Cerebellum_Vol.mm3",63,"Baron_etal_1996_Table10",114,"NCBI_exact",TRUE,"Baron_etal_1996_Table10"
"Taphozous mauritianus","Diencephalon_Vol.mm3",63,"Baron_etal_1996_Table10",42.3,"NCBI_exact",TRUE,"Baron_etal_1996_Table10"
"Taphozous mauritianus","Hippocampus_Vol.mm3",63,"Baron_etal_1996_Table32",25.4,"NCBI_exact",TRUE,"Baron_etal_1996_Table32"
"Taphozous mauritianus","Medulla_oblongata_Vol.mm3",63,"Baron_etal_1996_Table10",70.4,"NCBI_exact",TRUE,"Baron_etal_1996_Table10"
"Taphozous mauritianus","Mesencephalon_Vol.mm3",63,"Baron_etal_1996_Table10",64.7,"NCBI_exact",TRUE,"Baron_etal_1996_Table10"
"Taphozous mauritianus","Neocortex_Vol.mm3",63,"Baron_etal_1996_Table32",105.9,"NCBI_exact",TRUE,"Baron_etal_1996_Table32"
"Taphozous mauritianus","Palaeocortex_Vol.mm3",63,"Baron_etal_1996_Table32",17.8,"NCBI_exact",TRUE,"Baron_etal_1996_Table32"
"Taphozous mauritianus","Schizo_cortex_Vol.mm3",63,"Baron_etal_1996_Table32",18,"NCBI_exact",TRUE,"Baron_etal_1996_Table32"
"Taphozous mauritianus","Septum_Vol.mm3",63,"Baron_etal_1996_Table32",6.3,"NCBI_exact",TRUE,"Baron_etal_1996_Table32"
"Taphozous mauritianus","Striatum_Vol.mm3",63,"Baron_etal_1996_Table32",20.2,"NCBI_exact",TRUE,"Baron_etal_1996_Table32"
"Taphozous mauritianus","Telencephalon_Vol.mm3",63,"Baron_etal_1996_Table10",230.9,"NCBI_exact",TRUE,"Baron_etal_1996_Table10"
"Taphozous melanopogon","Amygdala_Vol.mm3",64,"Baron_etal_1996_Table32",24.7,"NCBI_exact",TRUE,"Baron_etal_1996_Table32"
"Taphozous melanopogon","Bulbus_olfactorius_Vol.mm3",64,"Baron_etal_1996_Table32",10.1,"NCBI_exact",TRUE,"Baron_etal_1996_Table32"
"Taphozous melanopogon","Cerebellum_Vol.mm3",64,"Baron_etal_1996_Table10",112.7,"NCBI_exact",TRUE,"Baron_etal_1996_Table10"
"Taphozous melanopogon","Diencephalon_Vol.mm3",64,"Baron_etal_1996_Table10",38.3,"NCBI_exact",TRUE,"Baron_etal_1996_Table10"
"Taphozous melanopogon","Hippocampus_Vol.mm3",64,"Baron_etal_1996_Table32",23.7,"NCBI_exact",TRUE,"Baron_etal_1996_Table32"
"Taphozous melanopogon","Medulla_oblongata_Vol.mm3",64,"Baron_etal_1996_Table10",67,"NCBI_exact",TRUE,"Baron_etal_1996_Table10"
"Taphozous melanopogon","Mesencephalon_Vol.mm3",64,"Baron_etal_1996_Table10",51.9,"NCBI_exact",TRUE,"Baron_etal_1996_Table10"
"Taphozous melanopogon","Neocortex_Vol.mm3",64,"Baron_etal_1996_Table32",113.2,"NCBI_exact",TRUE,"Baron_etal_1996_Table32"
"Taphozous melanopogon","Palaeocortex_Vol.mm3",64,"Baron_etal_1996_Table32",20.3,"NCBI_exact",TRUE,"Baron_etal_1996_Table32"
"Taphozous melanopogon","Schizo_cortex_Vol.mm3",64,"Baron_etal_1996_Table32",16.2,"NCBI_exact",TRUE,"Baron_etal_1996_Table32"
"Taphozous melanopogon","Septum_Vol.mm3",64,"Baron_etal_1996_Table32",5.58,"NCBI_exact",TRUE,"Baron_etal_1996_Table32"
"Taphozous melanopogon","Striatum_Vol.mm3",64,"Baron_etal_1996_Table32",23,"NCBI_exact",TRUE,"Baron_etal_1996_Table32"
"Taphozous melanopogon","Telencephalon_Vol.mm3",64,"Baron_etal_1996_Table10",236.7,"NCBI_exact",TRUE,"Baron_etal_1996_Table10"
"Taphozous theobaldi","Amygdala_Vol.mm3",65,"Baron_etal_1996_Table32",29.2,"NCBI_exact",TRUE,"Baron_etal_1996_Table32"
"Taphozous theobaldi","Bulbus_olfactorius_Vol.mm3",65,"Baron_etal_1996_Table32",12.7,"NCBI_exact",TRUE,"Baron_etal_1996_Table32"
"Taphozous theobaldi","Cerebellum_Vol.mm3",65,"Baron_etal_1996_Table10",152.7,"NCBI_exact",TRUE,"Baron_etal_1996_Table10"
"Taphozous theobaldi","Diencephalon_Vol.mm3",65,"Baron_etal_1996_Table10",48.2,"NCBI_exact",TRUE,"Baron_etal_1996_Table10"
"Taphozous theobaldi","Hippocampus_Vol.mm3",65,"Baron_etal_1996_Table32",28.2,"NCBI_exact",TRUE,"Baron_etal_1996_Table32"
"Taphozous theobaldi","Medulla_oblongata_Vol.mm3",65,"Baron_etal_1996_Table10",96.5,"NCBI_exact",TRUE,"Baron_etal_1996_Table10"
"Taphozous theobaldi","Mesencephalon_Vol.mm3",65,"Baron_etal_1996_Table10",66.5,"NCBI_exact",TRUE,"Baron_etal_1996_Table10"
"Taphozous theobaldi","Neocortex_Vol.mm3",65,"Baron_etal_1996_Table32",130.6,"NCBI_exact",TRUE,"Baron_etal_1996_Table32"
"Taphozous theobaldi","Palaeocortex_Vol.mm3",65,"Baron_etal_1996_Table32",23.3,"NCBI_exact",TRUE,"Baron_etal_1996_Table32"
"Taphozous theobaldi","Schizo_cortex_Vol.mm3",65,"Baron_etal_1996_Table32",19.5,"NCBI_exact",TRUE,"Baron_etal_1996_Table32"
"Taphozous theobaldi","Septum_Vol.mm3",65,"Baron_etal_1996_Table32",7,"NCBI_exact",TRUE,"Baron_etal_1996_Table32"
"Taphozous theobaldi","Striatum_Vol.mm3",65,"Baron_etal_1996_Table32",27.9,"NCBI_exact",TRUE,"Baron_etal_1996_Table32"
"Taphozous theobaldi","Telencephalon_Vol.mm3",65,"Baron_etal_1996_Table10",278.4,"NCBI_exact",TRUE,"Baron_etal_1996_Table10"
"Tonatia bidens","Amygdala_Vol.mm3",132,"Baron_etal_1996_Table32",28.9,"NCBI_exact",TRUE,"Baron_etal_1996_Table32"
"Tonatia bidens","Bulbus_olfactorius_Vol.mm3",132,"Baron_etal_1996_Table32",30.3,"NCBI_exact",TRUE,"Baron_etal_1996_Table32"
"Tonatia bidens","Cerebellum_Vol.mm3",132,"Baron_etal_1996_Table10",133.6,"NCBI_exact",TRUE,"Baron_etal_1996_Table10"
"Tonatia bidens","Diencephalon_Vol.mm3",132,"Baron_etal_1996_Table10",53.7,"NCBI_exact",TRUE,"Baron_etal_1996_Table10"
"Tonatia bidens","Hippocampus_Vol.mm3",132,"Baron_etal_1996_Table32",41.7,"NCBI_exact",TRUE,"Baron_etal_1996_Table32"
"Tonatia bidens","Medulla_oblongata_Vol.mm3",132,"Baron_etal_1996_Table10",78.8,"NCBI_exact",TRUE,"Baron_etal_1996_Table10"
"Tonatia bidens","Mesencephalon_Vol.mm3",132,"Baron_etal_1996_Table10",63.3,"NCBI_exact",TRUE,"Baron_etal_1996_Table10"
"Tonatia bidens","Neocortex_Vol.mm3",132,"Baron_etal_1996_Table32",206.6,"NCBI_exact",TRUE,"Baron_etal_1996_Table32"
"Tonatia bidens","Palaeocortex_Vol.mm3",132,"Baron_etal_1996_Table32",42,"NCBI_exact",TRUE,"Baron_etal_1996_Table32"
"Tonatia bidens","Schizo_cortex_Vol.mm3",132,"Baron_etal_1996_Table32",22.4,"NCBI_exact",TRUE,"Baron_etal_1996_Table32"
"Tonatia bidens","Septum_Vol.mm3",132,"Baron_etal_1996_Table32",8.05,"NCBI_exact",TRUE,"Baron_etal_1996_Table32"
"Tonatia bidens","Striatum_Vol.mm3",132,"Baron_etal_1996_Table32",35.6,"NCBI_exact",TRUE,"Baron_etal_1996_Table32"
"Tonatia bidens","Telencephalon_Vol.mm3",132,"Baron_etal_1996_Table10",415.7,"NCBI_exact",TRUE,"Baron_etal_1996_Table10"
"Trachops cirrhosus","Amygdala_Vol.mm3",140,"Baron_etal_1996_Table32",27.5,"NCBI_exact",TRUE,"Baron_etal_1996_Table32"
"Trachops cirrhosus","Bulbus_olfactorius_Vol.mm3",140,"Baron_etal_1996_Table32",23.5,"NCBI_exact",TRUE,"Baron_etal_1996_Table32"
"Trachops cirrhosus","Cerebellum_Vol.mm3",140,"Baron_etal_1996_Table10",181.3,"NCBI_exact",TRUE,"Baron_etal_1996_Table10"
"Trachops cirrhosus","Diencephalon_Vol.mm3",140,"Baron_etal_1996_Table10",67.4,"NCBI_exact",TRUE,"Baron_etal_1996_Table10"
"Trachops cirrhosus","Hippocampus_Vol.mm3",140,"Baron_etal_1996_Table32",50.6,"NCBI_exact",TRUE,"Baron_etal_1996_Table32"
"Trachops cirrhosus","Medulla_oblongata_Vol.mm3",140,"Baron_etal_1996_Table10",97.4,"NCBI_exact",TRUE,"Baron_etal_1996_Table10"
"Trachops cirrhosus","Mesencephalon_Vol.mm3",140,"Baron_etal_1996_Table10",81.6,"NCBI_exact",TRUE,"Baron_etal_1996_Table10"
"Trachops cirrhosus","Neocortex_Vol.mm3",140,"Baron_etal_1996_Table32",296.4,"NCBI_exact",TRUE,"Baron_etal_1996_Table32"
"Trachops cirrhosus","Palaeocortex_Vol.mm3",140,"Baron_etal_1996_Table32",36,"NCBI_exact",TRUE,"Baron_etal_1996_Table32"
"Trachops cirrhosus","Schizo_cortex_Vol.mm3",140,"Baron_etal_1996_Table32",28.4,"NCBI_exact",TRUE,"Baron_etal_1996_Table32"
"Trachops cirrhosus","Septum_Vol.mm3",140,"Baron_etal_1996_Table32",8.78,"NCBI_exact",TRUE,"Baron_etal_1996_Table32"
"Trachops cirrhosus","Striatum_Vol.mm3",140,"Baron_etal_1996_Table32",50,"NCBI_exact",TRUE,"Baron_etal_1996_Table32"
"Trachops cirrhosus","Telencephalon_Vol.mm3",140,"Baron_etal_1996_Table10",521.4,"NCBI_exact",TRUE,"Baron_etal_1996_Table10"
"Triaenops persicus","Amygdala_Vol.mm3",120,"Baron_etal_1996_Table32",9.61,"NCBI_exact",TRUE,"Baron_etal_1996_Table32"
"Triaenops persicus","Bulbus_olfactorius_Vol.mm3",120,"Baron_etal_1996_Table32",5.22,"NCBI_exact",TRUE,"Baron_etal_1996_Table32"
"Triaenops persicus","Cerebellum_Vol.mm3",120,"Baron_etal_1996_Table10",66.1,"NCBI_exact",TRUE,"Baron_etal_1996_Table10"
"Triaenops persicus","Diencephalon_Vol.mm3",120,"Baron_etal_1996_Table10",17.8,"NCBI_exact",TRUE,"Baron_etal_1996_Table10"
"Triaenops persicus","Hippocampus_Vol.mm3",120,"Baron_etal_1996_Table32",17.4,"NCBI_exact",TRUE,"Baron_etal_1996_Table32"
"Triaenops persicus","Medulla_oblongata_Vol.mm3",120,"Baron_etal_1996_Table10",38.7,"NCBI_exact",TRUE,"Baron_etal_1996_Table10"
"Triaenops persicus","Mesencephalon_Vol.mm3",120,"Baron_etal_1996_Table10",26,"NCBI_exact",TRUE,"Baron_etal_1996_Table10"
"Triaenops persicus","Neocortex_Vol.mm3",120,"Baron_etal_1996_Table32",48.1,"NCBI_exact",TRUE,"Baron_etal_1996_Table32"
"Triaenops persicus","Palaeocortex_Vol.mm3",120,"Baron_etal_1996_Table32",7.3,"NCBI_exact",TRUE,"Baron_etal_1996_Table32"
"Triaenops persicus","Schizo_cortex_Vol.mm3",120,"Baron_etal_1996_Table32",6.66,"NCBI_exact",TRUE,"Baron_etal_1996_Table32"
"Triaenops persicus","Septum_Vol.mm3",120,"Baron_etal_1996_Table32",2.62,"NCBI_exact",TRUE,"Baron_etal_1996_Table32"
"Triaenops persicus","Striatum_Vol.mm3",120,"Baron_etal_1996_Table32",11.7,"NCBI_exact",TRUE,"Baron_etal_1996_Table32"
"Triaenops persicus","Telencephalon_Vol.mm3",120,"Baron_etal_1996_Table10",108.7,"NCBI_exact",TRUE,"Baron_etal_1996_Table10"
"Tylonycteris pachypus","Amygdala_Vol.mm3",219,"Baron_etal_1996_Table32",4.19,"NCBI_exact",TRUE,"Baron_etal_1996_Table32"
"Tylonycteris pachypus","Bulbus_olfactorius_Vol.mm3",219,"Baron_etal_1996_Table32",1.78,"NCBI_exact",TRUE,"Baron_etal_1996_Table32"
"Tylonycteris pachypus","Cerebellum_Vol.mm3",219,"Baron_etal_1996_Table10",11.7,"NCBI_exact",TRUE,"Baron_etal_1996_Table10"
"Tylonycteris pachypus","Diencephalon_Vol.mm3",219,"Baron_etal_1996_Table10",6.7,"NCBI_exact",TRUE,"Baron_etal_1996_Table10"
"Tylonycteris pachypus","Hippocampus_Vol.mm3",219,"Baron_etal_1996_Table32",4.4,"NCBI_exact",TRUE,"Baron_etal_1996_Table32"
"Tylonycteris pachypus","Medulla_oblongata_Vol.mm3",219,"Baron_etal_1996_Table10",14.9,"NCBI_exact",TRUE,"Baron_etal_1996_Table10"
"Tylonycteris pachypus","Mesencephalon_Vol.mm3",219,"Baron_etal_1996_Table10",9.7,"NCBI_exact",TRUE,"Baron_etal_1996_Table10"
"Tylonycteris pachypus","Neocortex_Vol.mm3",219,"Baron_etal_1996_Table32",12.3,"NCBI_exact",TRUE,"Baron_etal_1996_Table32"
"Tylonycteris pachypus","Palaeocortex_Vol.mm3",219,"Baron_etal_1996_Table32",3.34,"NCBI_exact",TRUE,"Baron_etal_1996_Table32"
"Tylonycteris pachypus","Schizo_cortex_Vol.mm3",219,"Baron_etal_1996_Table32",2.29,"NCBI_exact",TRUE,"Baron_etal_1996_Table32"
"Tylonycteris pachypus","Septum_Vol.mm3",219,"Baron_etal_1996_Table32",1.14,"NCBI_exact",TRUE,"Baron_etal_1996_Table32"
"Tylonycteris pachypus","Striatum_Vol.mm3",219,"Baron_etal_1996_Table32",3.15,"NCBI_exact",TRUE,"Baron_etal_1996_Table32"
"Tylonycteris pachypus","Telencephalon_Vol.mm3",219,"Baron_etal_1996_Table10",32.6,"NCBI_exact",TRUE,"Baron_etal_1996_Table10"
"Tylonycteris robustula","Amygdala_Vol.mm3",220,"Baron_etal_1996_Table32",5.53,"NCBI_exact",TRUE,"Baron_etal_1996_Table32"
"Tylonycteris robustula","Bulbus_olfactorius_Vol.mm3",220,"Baron_etal_1996_Table32",2.88,"NCBI_exact",TRUE,"Baron_etal_1996_Table32"
"Tylonycteris robustula","Cerebellum_Vol.mm3",220,"Baron_etal_1996_Table10",20.6,"NCBI_exact",TRUE,"Baron_etal_1996_Table10"
"Tylonycteris robustula","Diencephalon_Vol.mm3",220,"Baron_etal_1996_Table10",9.2,"NCBI_exact",TRUE,"Baron_etal_1996_Table10"
"Tylonycteris robustula","Hippocampus_Vol.mm3",220,"Baron_etal_1996_Table32",6.21,"NCBI_exact",TRUE,"Baron_etal_1996_Table32"
"Tylonycteris robustula","Medulla_oblongata_Vol.mm3",220,"Baron_etal_1996_Table10",19.8,"NCBI_exact",TRUE,"Baron_etal_1996_Table10"
"Tylonycteris robustula","Mesencephalon_Vol.mm3",220,"Baron_etal_1996_Table10",13.4,"NCBI_exact",TRUE,"Baron_etal_1996_Table10"
"Tylonycteris robustula","Neocortex_Vol.mm3",220,"Baron_etal_1996_Table32",16.7,"NCBI_exact",TRUE,"Baron_etal_1996_Table32"
"Tylonycteris robustula","Palaeocortex_Vol.mm3",220,"Baron_etal_1996_Table32",4.6,"NCBI_exact",TRUE,"Baron_etal_1996_Table32"
"Tylonycteris robustula","Schizo_cortex_Vol.mm3",220,"Baron_etal_1996_Table32",3.6,"NCBI_exact",TRUE,"Baron_etal_1996_Table32"
"Tylonycteris robustula","Septum_Vol.mm3",220,"Baron_etal_1996_Table32",1.44,"NCBI_exact",TRUE,"Baron_etal_1996_Table32"
"Tylonycteris robustula","Striatum_Vol.mm3",220,"Baron_etal_1996_Table32",4.25,"NCBI_exact",TRUE,"Baron_etal_1996_Table32"
"Tylonycteris robustula","Telencephalon_Vol.mm3",220,"Baron_etal_1996_Table10",45.4,"NCBI_exact",TRUE,"Baron_etal_1996_Table10"
"Uroderma bilobatum","Amygdala_Vol.mm3",159,"Baron_etal_1996_Table32",17.6,"NCBI_exact",TRUE,"Baron_etal_1996_Table32"
"Uroderma bilobatum","Bulbus_olfactorius_Vol.mm3",159,"Baron_etal_1996_Table32",28.7,"NCBI_exact",TRUE,"Baron_etal_1996_Table32"
"Uroderma bilobatum","Cerebellum_Vol.mm3",159,"Baron_etal_1996_Table10",103,"NCBI_exact",TRUE,"Baron_etal_1996_Table10"
"Uroderma bilobatum","Diencephalon_Vol.mm3",159,"Baron_etal_1996_Table10",43.2,"NCBI_exact",TRUE,"Baron_etal_1996_Table10"
"Uroderma bilobatum","Hippocampus_Vol.mm3",159,"Baron_etal_1996_Table32",42.7,"NCBI_exact",TRUE,"Baron_etal_1996_Table32"
"Uroderma bilobatum","Medulla_oblongata_Vol.mm3",159,"Baron_etal_1996_Table10",50.9,"NCBI_exact",TRUE,"Baron_etal_1996_Table10"
"Uroderma bilobatum","Mesencephalon_Vol.mm3",159,"Baron_etal_1996_Table10",41.1,"NCBI_exact",TRUE,"Baron_etal_1996_Table10"
"Uroderma bilobatum","Neocortex_Vol.mm3",159,"Baron_etal_1996_Table32",155.8,"NCBI_exact",TRUE,"Baron_etal_1996_Table32"
"Uroderma bilobatum","Palaeocortex_Vol.mm3",159,"Baron_etal_1996_Table32",32,"NCBI_exact",TRUE,"Baron_etal_1996_Table32"
"Uroderma bilobatum","Schizo_cortex_Vol.mm3",159,"Baron_etal_1996_Table32",28.4,"NCBI_exact",TRUE,"Baron_etal_1996_Table32"
"Uroderma bilobatum","Septum_Vol.mm3",159,"Baron_etal_1996_Table32",8.57,"NCBI_exact",TRUE,"Baron_etal_1996_Table32"
"Uroderma bilobatum","Striatum_Vol.mm3",159,"Baron_etal_1996_Table32",27.9,"NCBI_exact",TRUE,"Baron_etal_1996_Table32"
"Uroderma bilobatum","Telencephalon_Vol.mm3",159,"Baron_etal_1996_Table10",341.9,"NCBI_exact",TRUE,"Baron_etal_1996_Table10"
"Vampyressa pusilla","Amygdala_Vol.mm3",166,"Baron_etal_1996_Table32",10.7,"NCBI_exact",TRUE,"Baron_etal_1996_Table32"
"Vampyressa pusilla","Bulbus_olfactorius_Vol.mm3",166,"Baron_etal_1996_Table32",14.6,"NCBI_exact",TRUE,"Baron_etal_1996_Table32"
"Vampyressa pusilla","Cerebellum_Vol.mm3",166,"Baron_etal_1996_Table10",66.5,"NCBI_exact",TRUE,"Baron_etal_1996_Table10"
"Vampyressa pusilla","Diencephalon_Vol.mm3",166,"Baron_etal_1996_Table10",27,"NCBI_exact",TRUE,"Baron_etal_1996_Table10"
"Vampyressa pusilla","Hippocampus_Vol.mm3",166,"Baron_etal_1996_Table32",27.4,"NCBI_exact",TRUE,"Baron_etal_1996_Table32"
"Vampyressa pusilla","Medulla_oblongata_Vol.mm3",166,"Baron_etal_1996_Table10",32.4,"NCBI_exact",TRUE,"Baron_etal_1996_Table10"
"Vampyressa pusilla","Mesencephalon_Vol.mm3",166,"Baron_etal_1996_Table10",25.9,"NCBI_exact",TRUE,"Baron_etal_1996_Table10"
"Vampyressa pusilla","Neocortex_Vol.mm3",166,"Baron_etal_1996_Table32",98.3,"NCBI_exact",TRUE,"Baron_etal_1996_Table32"
"Vampyressa pusilla","Palaeocortex_Vol.mm3",166,"Baron_etal_1996_Table32",19.7,"NCBI_exact",TRUE,"Baron_etal_1996_Table32"
"Vampyressa pusilla","Schizo_cortex_Vol.mm3",166,"Baron_etal_1996_Table32",14.9,"NCBI_exact",TRUE,"Baron_etal_1996_Table32"
"Vampyressa pusilla","Septum_Vol.mm3",166,"Baron_etal_1996_Table32",5.22,"NCBI_exact",TRUE,"Baron_etal_1996_Table32"
"Vampyressa pusilla","Striatum_Vol.mm3",166,"Baron_etal_1996_Table32",16.8,"NCBI_exact",TRUE,"Baron_etal_1996_Table32"
"Vampyressa pusilla","Telencephalon_Vol.mm3",166,"Baron_etal_1996_Table10",207.9,"NCBI_exact",TRUE,"Baron_etal_1996_Table10"
"Vampyrodes caraccioli","Amygdala_Vol.mm3",165,"Baron_etal_1996_Table32",27,"GBIF_frozen_legacy_map",TRUE,"Baron_etal_1996_Table32"
"Vampyrodes caraccioli","Bulbus_olfactorius_Vol.mm3",165,"Baron_etal_1996_Table32",35.3,"GBIF_frozen_legacy_map",TRUE,"Baron_etal_1996_Table32"
"Vampyrodes caraccioli","Cerebellum_Vol.mm3",165,"Baron_etal_1996_Table10",164.5,"GBIF_frozen_legacy_map",TRUE,"Baron_etal_1996_Table10"
"Vampyrodes caraccioli","Diencephalon_Vol.mm3",165,"Baron_etal_1996_Table10",71.3,"GBIF_frozen_legacy_map",TRUE,"Baron_etal_1996_Table10"
"Vampyrodes caraccioli","Hippocampus_Vol.mm3",165,"Baron_etal_1996_Table32",58.3,"GBIF_frozen_legacy_map",TRUE,"Baron_etal_1996_Table32"
"Vampyrodes caraccioli","Medulla_oblongata_Vol.mm3",165,"Baron_etal_1996_Table10",90.3,"GBIF_frozen_legacy_map",TRUE,"Baron_etal_1996_Table10"
"Vampyrodes caraccioli","Mesencephalon_Vol.mm3",165,"Baron_etal_1996_Table10",70.8,"GBIF_frozen_legacy_map",TRUE,"Baron_etal_1996_Table10"
"Vampyrodes caraccioli","Neocortex_Vol.mm3",165,"Baron_etal_1996_Table32",248.6,"GBIF_frozen_legacy_map",TRUE,"Baron_etal_1996_Table32"
"Vampyrodes caraccioli","Palaeocortex_Vol.mm3",165,"Baron_etal_1996_Table32",43.1,"GBIF_frozen_legacy_map",TRUE,"Baron_etal_1996_Table32"
"Vampyrodes caraccioli","Schizo_cortex_Vol.mm3",165,"Baron_etal_1996_Table32",30.2,"GBIF_frozen_legacy_map",TRUE,"Baron_etal_1996_Table32"
"Vampyrodes caraccioli","Septum_Vol.mm3",165,"Baron_etal_1996_Table32",11.2,"GBIF_frozen_legacy_map",TRUE,"Baron_etal_1996_Table32"
"Vampyrodes caraccioli","Striatum_Vol.mm3",165,"Baron_etal_1996_Table32",36.9,"GBIF_frozen_legacy_map",TRUE,"Baron_etal_1996_Table32"
"Vampyrodes caraccioli","Telencephalon_Vol.mm3",165,"Baron_etal_1996_Table10",491.1,"GBIF_frozen_legacy_map",TRUE,"Baron_etal_1996_Table10"
"Vampyrum spectrum","Amygdala_Vol.mm3",141,"Baron_etal_1996_Table32",50.7,"NCBI_exact",TRUE,"Baron_etal_1996_Table32"
"Vampyrum spectrum","Bulbus_olfactorius_Vol.mm3",141,"Baron_etal_1996_Table32",92,"NCBI_exact",TRUE,"Baron_etal_1996_Table32"
"Vampyrum spectrum","Cerebellum_Vol.mm3",141,"Baron_etal_1996_Table10",532.7,"NCBI_exact",TRUE,"Baron_etal_1996_Table10"
"Vampyrum spectrum","Diencephalon_Vol.mm3",141,"Baron_etal_1996_Table10",196.7,"NCBI_exact",TRUE,"Baron_etal_1996_Table10"
"Vampyrum spectrum","Hippocampus_Vol.mm3",141,"Baron_etal_1996_Table32",110.4,"NCBI_exact",TRUE,"Baron_etal_1996_Table32"
"Vampyrum spectrum","Medulla_oblongata_Vol.mm3",141,"Baron_etal_1996_Table10",233.5,"NCBI_exact",TRUE,"Baron_etal_1996_Table10"
"Vampyrum spectrum","Mesencephalon_Vol.mm3",141,"Baron_etal_1996_Table10",154.9,"NCBI_exact",TRUE,"Baron_etal_1996_Table10"
"Vampyrum spectrum","Neocortex_Vol.mm3",141,"Baron_etal_1996_Table32",757.7,"NCBI_exact",TRUE,"Baron_etal_1996_Table32"
"Vampyrum spectrum","Palaeocortex_Vol.mm3",141,"Baron_etal_1996_Table32",121.3,"NCBI_exact",TRUE,"Baron_etal_1996_Table32"
"Vampyrum spectrum","Schizo_cortex_Vol.mm3",141,"Baron_etal_1996_Table32",65.4,"NCBI_exact",TRUE,"Baron_etal_1996_Table32"
"Vampyrum spectrum","Septum_Vol.mm3",141,"Baron_etal_1996_Table32",19.8,"NCBI_exact",TRUE,"Baron_etal_1996_Table32"
"Vampyrum spectrum","Striatum_Vol.mm3",141,"Baron_etal_1996_Table32",114.2,"NCBI_exact",TRUE,"Baron_etal_1996_Table32"
"Vampyrum spectrum","Telencephalon_Vol.mm3",141,"Baron_etal_1996_Table10",1331.6,"NCBI_exact",TRUE,"Baron_etal_1996_Table10"
"Vespadelus pumilus","Amygdala_Vol.mm3",216,"Baron_etal_1996_Table32",5.97,"NCBI_exact",TRUE,"Baron_etal_1996_Table32"
"Vespadelus pumilus","Bulbus_olfactorius_Vol.mm3",216,"Baron_etal_1996_Table32",2.6,"NCBI_exact",TRUE,"Baron_etal_1996_Table32"
"Vespadelus pumilus","Cerebellum_Vol.mm3",216,"Baron_etal_1996_Table10",21.5,"NCBI_exact",TRUE,"Baron_etal_1996_Table10"
"Vespadelus pumilus","Diencephalon_Vol.mm3",216,"Baron_etal_1996_Table10",9.7,"NCBI_exact",TRUE,"Baron_etal_1996_Table10"
"Vespadelus pumilus","Hippocampus_Vol.mm3",216,"Baron_etal_1996_Table32",9.65,"NCBI_exact",TRUE,"Baron_etal_1996_Table32"
"Vespadelus pumilus","Medulla_oblongata_Vol.mm3",216,"Baron_etal_1996_Table10",18.8,"NCBI_exact",TRUE,"Baron_etal_1996_Table10"
"Vespadelus pumilus","Mesencephalon_Vol.mm3",216,"Baron_etal_1996_Table10",12.7,"NCBI_exact",TRUE,"Baron_etal_1996_Table10"
"Vespadelus pumilus","Neocortex_Vol.mm3",216,"Baron_etal_1996_Table32",18.3,"NCBI_exact",TRUE,"Baron_etal_1996_Table32"
"Vespadelus pumilus","Palaeocortex_Vol.mm3",216,"Baron_etal_1996_Table32",4.6,"NCBI_exact",TRUE,"Baron_etal_1996_Table32"
"Vespadelus pumilus","Schizo_cortex_Vol.mm3",216,"Baron_etal_1996_Table32",3.83,"NCBI_exact",TRUE,"Baron_etal_1996_Table32"
"Vespadelus pumilus","Septum_Vol.mm3",216,"Baron_etal_1996_Table32",1.85,"NCBI_exact",TRUE,"Baron_etal_1996_Table32"
"Vespadelus pumilus","Striatum_Vol.mm3",216,"Baron_etal_1996_Table32",5.52,"NCBI_exact",TRUE,"Baron_etal_1996_Table32"
"Vespadelus pumilus","Telencephalon_Vol.mm3",216,"Baron_etal_1996_Table10",52.4,"NCBI_exact",TRUE,"Baron_etal_1996_Table10"
