Species,Variable,Source,Cited_as,DOI_or_ISBN,Team,Year,source_Value,merged_Value,pct_diff_from_merged,role,n_rows_in_source,Teams,n_teams,n_sources,Year_used
Alouatta caraya,Agranular_insular_cortex_Vol.mm3,Bauernfeind_etal_2013_Table1,Bauernfeind et al. (2013) Table 1,10.1016/j.jhevol.2012.12.003,NA,NA,NA,84,NA,"derived both-hemisphere value (step 7: left+right, or 2x a one-side measurement); cite this source for the one-side figure",NA,Selected_collection,1,1,2013
Alouatta caraya,Agranular_insular_cortex_left_Vol.mm3,Bauernfeind_etal_2013_Table1,Bauernfeind et al. (2013) Table 1,10.1016/j.jhevol.2012.12.003,Selected_collection,2013,42,42,0,sole source,1,Selected_collection,1,1,2013
Alouatta caraya,Body_Mass.g,Bauernfeind_etal_2013_Table1,Bauernfeind et al. (2013) Table 1,10.1016/j.jhevol.2012.12.003,Selected_collection,2013,6420,6420,0,reference table used (mass rule: other sources not averaged in),1,Selected_collection,1,1,2013
Alouatta caraya,Brain_Mass.mg,Bauernfeind_etal_2013_Table1,Bauernfeind et al. (2013) Table 1,10.1016/j.jhevol.2012.12.003,Selected_collection,2013,55.8,55.8,0,reference table used (mass rule: other sources not averaged in),1,Selected_collection,1,1,2013
Alouatta caraya,Dysgranular_insular_cortex_Vol.mm3,Bauernfeind_etal_2013_Table1,Bauernfeind et al. (2013) Table 1,10.1016/j.jhevol.2012.12.003,NA,NA,NA,282,NA,"derived both-hemisphere value (step 7: left+right, or 2x a one-side measurement); cite this source for the one-side figure",NA,Selected_collection,1,1,2013
Alouatta caraya,Dysgranular_insular_cortex_left_Vol.mm3,Bauernfeind_etal_2013_Table1,Bauernfeind et al. (2013) Table 1,10.1016/j.jhevol.2012.12.003,Selected_collection,2013,141,141,0,sole source,1,Selected_collection,1,1,2013
Alouatta caraya,Granular_insular_cortex_Vol.mm3,Bauernfeind_etal_2013_Table1,Bauernfeind et al. (2013) Table 1,10.1016/j.jhevol.2012.12.003,NA,NA,NA,178,NA,"derived both-hemisphere value (step 7: left+right, or 2x a one-side measurement); cite this source for the one-side figure",NA,Selected_collection,1,1,2013
Alouatta caraya,Granular_insular_cortex_left_Vol.mm3,Bauernfeind_etal_2013_Table1,Bauernfeind et al. (2013) Table 1,10.1016/j.jhevol.2012.12.003,Selected_collection,2013,89,89,0,sole source,1,Selected_collection,1,1,2013
Alouatta caraya,Insula_Vol.mm3,Bauernfeind_etal_2013_Table1,Bauernfeind et al. (2013) Table 1,10.1016/j.jhevol.2012.12.003,NA,NA,NA,544,NA,"derived both-hemisphere value (step 7: left+right, or 2x a one-side measurement); cite this source for the one-side figure",NA,Selected_collection,1,1,2013
Alouatta caraya,Insula_left_Vol.mm3,Bauernfeind_etal_2013_Table1,Bauernfeind et al. (2013) Table 1,10.1016/j.jhevol.2012.12.003,Selected_collection,2013,272,272,0,sole source,1,Selected_collection,1,1,2013
Alouatta caraya,Total_brain_net_volume_Vol.mm3,Bauernfeind_etal_2013_Table1,Bauernfeind et al. (2013) Table 1,10.1016/j.jhevol.2012.12.003,Selected_collection,2013,53861,53861,0,sole source,1,Selected_collection,1,1,2013
Alouatta seniculus,Amygdala_Vol.mm3,Stephan_etal_1981_TableXI,Stephan et al. (1981) Table XI,10.1159/000155963,Selected_collection,1981,413,413,0,sole source,1,Selected_collection,1,1,1981
Alouatta seniculus,Area_striata_Vol.mm3,Frahm_etal_1984_Table1,Frahm et al. (1984) Table 1,PMID:6501869,Selected_collection,1984,2461,2461,0,sole source,1,Selected_collection,1,1,1984
Alouatta seniculus,Area_striata_grey_matter_Vol.mm3,Frahm_etal_1984_Table1,Frahm et al. (1984) Table 1,PMID:6501869,Selected_collection,1984,1918,1918,0,sole source,1,Selected_collection,1,1,1984
Alouatta seniculus,Area_striata_lamina_1_Vol.mm3,Frahm_etal_1984_Table1,Frahm et al. (1984) Table 1,PMID:6501869,Selected_collection,1984,220,220,0,sole source,1,Selected_collection,1,1,1984
Alouatta seniculus,Area_striata_laminae_2_6_Vol.mm3,Frahm_etal_1984_Table1,Frahm et al. (1984) Table 1,PMID:6501869,Selected_collection,1984,1698,1698,0,sole source,1,Selected_collection,1,1,1984
Alouatta seniculus,Area_striata_white_matter_Vol.mm3,Frahm_etal_1984_Table1,Frahm et al. (1984) Table 1,PMID:6501869,Selected_collection,1984,543,543,0,sole source,1,Selected_collection,1,1,1984
Alouatta seniculus,Body_Mass.g,Stephan_etal_1981_TableIII,Stephan et al. (1981) Table III,10.1159/000155963,Selected_collection,1981,6400,6400,0,reference table used (mass rule: other sources not averaged in),1,Selected_collection,1,1,1981
Alouatta seniculus,Brain_Mass.mg,Stephan_etal_1981_TableIII,Stephan et al. (1981) Table III,10.1159/000155963,Selected_collection,1981,52000,52000,0,reference table used (mass rule: other sources not averaged in),1,Selected_collection,1,1,1981
Alouatta seniculus,Bulbus_olfactorius_Vol.mm3,Stephan_etal_1981_TableVI,Stephan et al. (1981) Table VI,10.1159/000155963,Selected_collection,1981,41.4,41.4,0,sole source,1,Selected_collection,1,1,1981
Alouatta seniculus,Bulbus_olfactorius_accessorius_Vol.mm3,Stephan_etal_1981_TableVI,Stephan et al. (1981) Table VI,10.1159/000155963,Selected_collection,1981,0.595,0.595,0,sole source,1,Selected_collection,1,1,1981
Alouatta seniculus,Cerebellar_nuclei_total_Vol.mm3,Matano_etal_1985_a_Table1,Matano et al. (1985) Table 1,10.1159/000156212,Selected_collection,1985,113.79,113.79,0,sole source,1,Selected_collection,1,1,1985
Alouatta seniculus,Cerebellum_Vol.mm3,Stephan_etal_1981_TableIII,Stephan et al. (1981) Table III,10.1159/000155963,Selected_collection,1981,5699,5699,0,sole source,1,Selected_collection,1,1,1981
Alouatta seniculus,Complexus_centromedialis_Vol.mm3,Stephan_etal_1981_TableXI,Stephan et al. (1981) Table XI,10.1159/000155963,Selected_collection,1981,94.9,94.9,0,sole source,1,Selected_collection,1,1,1981
Alouatta seniculus,Complexus_corticobasolateralis_Vol.mm3,Stephan_etal_1981_TableXI,Stephan et al. (1981) Table XI,10.1159/000155963,Selected_collection,1981,318,318,0,sole source,1,Selected_collection,1,1,1981
Alouatta seniculus,Complexus_vestibularis_Vol.mm3,Matano__1986_TableI,Matano (1986) Table I,10.1159/000156277,NA,NA,NA,91.8,NA,"derived both-hemisphere value (step 7: left+right, or 2x a one-side measurement); cite this source for the one-side figure",NA,Selected_collection,1,1,1986
Alouatta seniculus,Complexus_vestibularis_unilateral_Vol.mm3,Matano__1986_TableI,Matano (1986) Table I,10.1159/000156277,Selected_collection,1986,45.9,45.9,0,sole source,1,Selected_collection,1,1,1986
Alouatta seniculus,Corpus_geniculatum_laterale_Vol.mm3,Stephan_etal_1984_Table1,Stephan et al. (1984) Table 1,PMID:6481154,Selected_collection,1984,87.4,87.4,0,sole source,1,Selected_collection,1,1,1984
Alouatta seniculus,Corpus_pineal_Vol.mm3,Stephan_etal_1981_TableXVI,Stephan et al. (1981) Table XVI,10.1159/000155963,Selected_collection,1981,0.254,0.254,0,sole source,1,Selected_collection,1,1,1981
Alouatta seniculus,Corpus_subcommissurale_Vol.mm3,Stephan_etal_1981_TableXVI,Stephan et al. (1981) Table XVI,10.1159/000155963,Selected_collection,1981,0.402,0.402,0,sole source,1,Selected_collection,1,1,1981
Alouatta seniculus,Corpus_subfornicale_Vol.mm3,Stephan_etal_1981_TableXVI,Stephan et al. (1981) Table XVI,10.1159/000155963,Selected_collection,1981,0.372,0.372,0,sole source,1,Selected_collection,1,1,1981
Alouatta seniculus,Diencephalon_Vol.mm3,Stephan_etal_1981_TableIII,Stephan et al. (1981) Table III,10.1159/000155963,Selected_collection,1981,3344,3344,0,sole source,1,Selected_collection,1,1,1981
Alouatta seniculus,Hippocampus_Vol.mm3,Stephan_etal_1981_TableVI,Stephan et al. (1981) Table VI,10.1159/000155963,Selected_collection,1981,1320,1320,0,sole source,1,Selected_collection,1,1,1981
Alouatta seniculus,Interpositus_cerebellar_nuclei_Vol.mm3,Matano_etal_1985_a_Table1,Matano et al. (1985) Table 1,10.1159/000156212,Selected_collection,1985,26.57,26.57,0,sole source,1,Selected_collection,1,1,1985
Alouatta seniculus,Lateral_cerebellar_nuclei_Vol.mm3,Matano_etal_1985_a_Table1,Matano et al. (1985) Table 1,10.1159/000156212,Selected_collection,1985,59.75,59.75,0,sole source,1,Selected_collection,1,1,1985
Alouatta seniculus,Lobus_piriformis_Vol.mm3,Stephan_etal_1981_TableVI,Stephan et al. (1981) Table VI,10.1159/000155963,Selected_collection,1981,827,827,0,sole source,1,Selected_collection,1,1,1981
Alouatta seniculus,Medial_cerebellar_nuclei_Vol.mm3,Matano_etal_1985_a_Table1,Matano et al. (1985) Table 1,10.1159/000156212,Selected_collection,1985,27.47,27.47,0,sole source,1,Selected_collection,1,1,1985
Alouatta seniculus,Medulla_oblongata_Vol.mm3,Stephan_etal_1981_TableIII,Stephan et al. (1981) Table III,10.1159/000155963,Selected_collection,1981,1593,1593,0,sole source,1,Selected_collection,1,1,1981
Alouatta seniculus,Mesencephalon_Vol.mm3,Stephan_etal_1981_TableIII,Stephan et al. (1981) Table III,10.1159/000155963,Selected_collection,1981,986,986,0,sole source,1,Selected_collection,1,1,1981
Alouatta seniculus,Neocortex_Vol.mm3,Frahm_etal_1982_Table2,Frahm et al. (1982) Table 2,PMID:7161477,Selected_collection,1982,31660,31660,0,sole source,1,Selected_collection,1,1,1982
Alouatta seniculus,Neocortex_grey_matter_Vol.mm3,Frahm_etal_1982_Table2,Frahm et al. (1982) Table 2,PMID:7161477,Selected_collection,1982,21791,21791,0,sole source,1,Selected_collection,1,1,1982
Alouatta seniculus,Neocortex_lamina_1_Vol.mm3,Frahm_etal_1982_Table2,Frahm et al. (1982) Table 2,PMID:7161477,Selected_collection,1982,2918,2918,0,sole source,1,Selected_collection,1,1,1982
Alouatta seniculus,Neocortex_laminae_2_6_Vol.mm3,Frahm_etal_1982_Table2,Frahm et al. (1982) Table 2,PMID:7161477,Selected_collection,1982,18874,18874,0,sole source,1,Selected_collection,1,1,1982
Alouatta seniculus,Neocortex_white_matter_Vol.mm3,Frahm_etal_1982_Table2,Frahm et al. (1982) Table 2,PMID:7161477,Selected_collection,1982,9869,9869,0,sole source,1,Selected_collection,1,1,1982
Alouatta seniculus,Nucleus_amygdalae_basalis_pars_magnocellularis_Vol.mm3,Stephan_etal_1981_TableXI,Stephan et al. (1981) Table XI,10.1159/000155963,Selected_collection,1981,30.7,30.7,0,sole source,1,Selected_collection,1,1,1981
Alouatta seniculus,Nucleus_habenularis_medialis_Vol.mm3,Stephan_etal_1981_TableXVI,Stephan et al. (1981) Table XVI,10.1159/000155963,Selected_collection,1981,3.3,3.3,0,sole source,1,Selected_collection,1,1,1981
Alouatta seniculus,Nucleus_septalis_triangularis_Vol.mm3,Stephan_etal_1981_TableXVI,Stephan et al. (1981) Table XVI,10.1159/000155963,Selected_collection,1981,1.72,1.72,0,sole source,1,Selected_collection,1,1,1981
Alouatta seniculus,Nucleus_tractus_olfactorius_Vol.mm3,Stephan_etal_1981_TableXI,Stephan et al. (1981) Table XI,10.1159/000155963,Selected_collection,1981,0,0,NA,sole source,1,Selected_collection,1,1,1981
Alouatta seniculus,Nucleus_vestibularis_descendens_Vol.mm3,Matano__1986_TableI,Matano (1986) Table I,10.1159/000156277,NA,NA,NA,22.4,NA,"derived both-hemisphere value (step 7: left+right, or 2x a one-side measurement); cite this source for the one-side figure",NA,Selected_collection,1,1,1986
Alouatta seniculus,Nucleus_vestibularis_descendens_unilateral_Vol.mm3,Matano__1986_TableI,Matano (1986) Table I,10.1159/000156277,Selected_collection,1986,11.2,11.2,0,sole source,1,Selected_collection,1,1,1986
Alouatta seniculus,Nucleus_vestibularis_lateralis_Vol.mm3,Matano__1986_TableI,Matano (1986) Table I,10.1159/000156277,NA,NA,NA,18.54,NA,"derived both-hemisphere value (step 7: left+right, or 2x a one-side measurement); cite this source for the one-side figure",NA,Selected_collection,1,1,1986
Alouatta seniculus,Nucleus_vestibularis_lateralis_unilateral_Vol.mm3,Matano__1986_TableI,Matano (1986) Table I,10.1159/000156277,Selected_collection,1986,9.27,9.27,0,sole source,1,Selected_collection,1,1,1986
Alouatta seniculus,Nucleus_vestibularis_medialis_Vol.mm3,Matano__1986_TableI,Matano (1986) Table I,10.1159/000156277,NA,NA,NA,32.6,NA,"derived both-hemisphere value (step 7: left+right, or 2x a one-side measurement); cite this source for the one-side figure",NA,Selected_collection,1,1,1986
Alouatta seniculus,Nucleus_vestibularis_medialis_unilateral_Vol.mm3,Matano__1986_TableI,Matano (1986) Table I,10.1159/000156277,Selected_collection,1986,16.3,16.3,0,sole source,1,Selected_collection,1,1,1986
Alouatta seniculus,Nucleus_vestibularis_superior_Vol.mm3,Matano__1986_TableI,Matano (1986) Table I,10.1159/000156277,NA,NA,NA,18.18,NA,"derived both-hemisphere value (step 7: left+right, or 2x a one-side measurement); cite this source for the one-side figure",NA,Selected_collection,1,1,1986
Alouatta seniculus,Nucleus_vestibularis_superior_unilateral_Vol.mm3,Matano__1986_TableI,Matano (1986) Table I,10.1159/000156277,Selected_collection,1986,9.09,9.09,0,sole source,1,Selected_collection,1,1,1986
Alouatta seniculus,Palaeocortex_Vol.mm3,Stephan_etal_1981_TableXI,Stephan et al. (1981) Table XI,10.1159/000155963,Selected_collection,1981,488,488,0,sole source,1,Selected_collection,1,1,1981
Alouatta seniculus,Schizo_cortex_Vol.mm3,Stephan_etal_1981_TableVI,Stephan et al. (1981) Table VI,10.1159/000155963,Selected_collection,1981,510,510,0,sole source,1,Selected_collection,1,1,1981
Alouatta seniculus,Septum_Vol.mm3,Stephan_etal_1981_TableVI,Stephan et al. (1981) Table VI,10.1159/000155963,Selected_collection,1981,200,200,0,sole source,1,Selected_collection,1,1,1981
Alouatta seniculus,Striatum_Vol.mm3,Stephan_etal_1981_TableVI,Stephan et al. (1981) Table VI,10.1159/000155963,Selected_collection,1981,2829,2829,0,sole source,1,Selected_collection,1,1,1981
Alouatta seniculus,Telencephalon_Vol.mm3,Stephan_etal_1981_TableIII,Stephan et al. (1981) Table III,10.1159/000155963,Selected_collection,1981,37388,37388,0,sole source,1,Selected_collection,1,1,1981
Alouatta seniculus,Total_brain_net_volume_Vol.mm3,Stephan_etal_1981_TableIII,Stephan et al. (1981) Table III,10.1159/000155963,Selected_collection,1981,49009,49009,0,sole source,1,Selected_collection,1,1,1981
Alouatta seniculus,Ventral_pons_Vol.mm3,Matano_etal_1985_b_Table1,Matano et al. (1985) Table 1,10.1159/000156211,Selected_collection,1985,394.3,394.3,0,sole source,1,Selected_collection,1,1,1985
Alouatta seniculus,Ventricles_Vol.mm3,Stephan_etal_1981_TableIII,Stephan et al. (1981) Table III,10.1159/000155963,Selected_collection,1981,616,616,0,sole source,1,Selected_collection,1,1,1981
Aotus trivirgatus,Amygdala_Vol.mm3,Stephan_etal_1981_TableXI,Stephan et al. (1981) Table XI,10.1159/000155963,Selected_collection,1981,201,201,0,sole source,1,Selected_collection,1,1,1981
Aotus trivirgatus,Area_striata_Vol.mm3,Frahm_etal_1984_Table1,Frahm et al. (1984) Table 1,PMID:6501869,Selected_collection,1984,1203,1203,0,sole source,1,Selected_collection,1,1,1984
Aotus trivirgatus,Area_striata_grey_matter_Vol.mm3,Frahm_etal_1984_Table1,Frahm et al. (1984) Table 1,PMID:6501869,Selected_collection,1984,996,996,0,sole source,1,Selected_collection,1,1,1984
Aotus trivirgatus,Area_striata_lamina_1_Vol.mm3,Frahm_etal_1984_Table1,Frahm et al. (1984) Table 1,PMID:6501869,Selected_collection,1984,113,113,0,sole source,1,Selected_collection,1,1,1984
Aotus trivirgatus,Area_striata_laminae_2_6_Vol.mm3,Frahm_etal_1984_Table1,Frahm et al. (1984) Table 1,PMID:6501869,Selected_collection,1984,883,883,0,sole source,1,Selected_collection,1,1,1984
Aotus trivirgatus,Area_striata_white_matter_Vol.mm3,Frahm_etal_1984_Table1,Frahm et al. (1984) Table 1,PMID:6501869,Selected_collection,1984,207,207,0,sole source,1,Selected_collection,1,1,1984
Aotus trivirgatus,Body_Mass.g,Stephan_etal_1981_TableIII,Stephan et al. (1981) Table III,10.1159/000155963,Selected_collection,1981,830,830,0,reference table used (mass rule: other sources not averaged in),1,Selected_collection,1,1,1981
Aotus trivirgatus,Brain_Mass.mg,Stephan_etal_1981_TableIII,Stephan et al. (1981) Table III,10.1159/000155963,Selected_collection,1981,17100,17100,0,reference table used (mass rule: other sources not averaged in),1,Selected_collection,1,1,1981
Aotus trivirgatus,Bulbus_olfactorius_Vol.mm3,Stephan_etal_1981_TableVI,Stephan et al. (1981) Table VI,10.1159/000155963,Selected_collection,1981,56,56,0,sole source,1,Selected_collection,1,1,1981
Aotus trivirgatus,Bulbus_olfactorius_accessorius_Vol.mm3,Stephan_etal_1981_TableVI,Stephan et al. (1981) Table VI,10.1159/000155963,Selected_collection,1981,0.222,0.222,0,sole source,1,Selected_collection,1,1,1981
Aotus trivirgatus,Cerebellar_nuclei_total_Vol.mm3,Matano_etal_1985_a_Table1,Matano et al. (1985) Table 1,10.1159/000156212,Selected_collection,1985,41.45,41.45,0,sole source,1,Selected_collection,1,1,1985
Aotus trivirgatus,Cerebellum_Vol.mm3,Stephan_etal_1981_TableIII,Stephan et al. (1981) Table III,10.1159/000155963,Selected_collection,1981,1873,1873,0,sole source,1,Selected_collection,1,1,1981
Aotus trivirgatus,Complexus_centromedialis_Vol.mm3,Stephan_etal_1981_TableXI,Stephan et al. (1981) Table XI,10.1159/000155963,Selected_collection,1981,54.5,54.5,0,sole source,1,Selected_collection,1,1,1981
Aotus trivirgatus,Complexus_corticobasolateralis_Vol.mm3,Stephan_etal_1981_TableXI,Stephan et al. (1981) Table XI,10.1159/000155963,Selected_collection,1981,147,147,0,sole source,1,Selected_collection,1,1,1981
Aotus trivirgatus,Complexus_vestibularis_Vol.mm3,Matano__1986_TableI,Matano (1986) Table I,10.1159/000156277,NA,NA,NA,56.2,NA,"derived both-hemisphere value (step 7: left+right, or 2x a one-side measurement); cite this source for the one-side figure",NA,Selected_collection,1,1,1986
Aotus trivirgatus,Complexus_vestibularis_unilateral_Vol.mm3,Matano__1986_TableI,Matano (1986) Table I,10.1159/000156277,Selected_collection,1986,28.1,28.1,0,sole source,1,Selected_collection,1,1,1986
Aotus trivirgatus,Corpus_geniculatum_laterale_Vol.mm3,Stephan_etal_1984_Table1,Stephan et al. (1984) Table 1,PMID:6481154,Selected_collection,1984,32.9,32.9,0,sole source,1,Selected_collection,1,1,1984
Aotus trivirgatus,Corpus_pineal_Vol.mm3,Stephan_etal_1981_TableXVI,Stephan et al. (1981) Table XVI,10.1159/000155963,Selected_collection,1981,1.55,1.55,0,sole source,1,Selected_collection,1,1,1981
Aotus trivirgatus,Corpus_subcommissurale_Vol.mm3,Stephan_etal_1981_TableXVI,Stephan et al. (1981) Table XVI,10.1159/000155963,Selected_collection,1981,0.14,0.14,0,sole source,1,Selected_collection,1,1,1981
Aotus trivirgatus,Corpus_subfornicale_Vol.mm3,Stephan_etal_1981_TableXVI,Stephan et al. (1981) Table XVI,10.1159/000155963,Selected_collection,1981,0.162,0.162,0,sole source,1,Selected_collection,1,1,1981
Aotus trivirgatus,Diencephalon_Vol.mm3,Stephan_etal_1981_TableIII,Stephan et al. (1981) Table III,10.1159/000155963,Selected_collection,1981,1098,1098,0,sole source,1,Selected_collection,1,1,1981
Aotus trivirgatus,Hippocampus_Vol.mm3,Stephan_etal_1981_TableVI,Stephan et al. (1981) Table VI,10.1159/000155963,Selected_collection,1981,539,539,0,sole source,1,Selected_collection,1,1,1981
Aotus trivirgatus,Interpositus_cerebellar_nuclei_Vol.mm3,Matano_etal_1985_a_Table1,Matano et al. (1985) Table 1,10.1159/000156212,Selected_collection,1985,11.42,11.42,0,sole source,1,Selected_collection,1,1,1985
Aotus trivirgatus,Lateral_cerebellar_nuclei_Vol.mm3,Matano_etal_1985_a_Table1,Matano et al. (1985) Table 1,10.1159/000156212,Selected_collection,1985,17.02,17.02,0,sole source,1,Selected_collection,1,1,1985
Aotus trivirgatus,Lobus_piriformis_Vol.mm3,Stephan_etal_1981_TableVI,Stephan et al. (1981) Table VI,10.1159/000155963,Selected_collection,1981,394,394,0,sole source,1,Selected_collection,1,1,1981
Aotus trivirgatus,Medial_cerebellar_nuclei_Vol.mm3,Matano_etal_1985_a_Table1,Matano et al. (1985) Table 1,10.1159/000156212,Selected_collection,1985,13.01,13.01,0,sole source,1,Selected_collection,1,1,1985
Aotus trivirgatus,Medulla_oblongata_Vol.mm3,Stephan_etal_1981_TableIII,Stephan et al. (1981) Table III,10.1159/000155963,Selected_collection,1981,686,686,0,sole source,1,Selected_collection,1,1,1981
Aotus trivirgatus,Mesencephalon_Vol.mm3,Stephan_etal_1981_TableIII,Stephan et al. (1981) Table III,10.1159/000155963,Selected_collection,1981,409,409,0,sole source,1,Selected_collection,1,1,1981
Aotus trivirgatus,Neocortex_Vol.mm3,Frahm_etal_1982_Table2,Frahm et al. (1982) Table 2,PMID:7161477,Selected_collection,1982,9950,9950,0,sole source,1,Selected_collection,1,1,1982
Aotus trivirgatus,Neocortex_grey_matter_Vol.mm3,Frahm_etal_1982_Table2,Frahm et al. (1982) Table 2,PMID:7161477,Selected_collection,1982,7776,7776,0,sole source,1,Selected_collection,1,1,1982
Aotus trivirgatus,Neocortex_lamina_1_Vol.mm3,Frahm_etal_1982_Table2,Frahm et al. (1982) Table 2,PMID:7161477,Selected_collection,1982,1039,1039,0,sole source,1,Selected_collection,1,1,1982
Aotus trivirgatus,Neocortex_laminae_2_6_Vol.mm3,Frahm_etal_1982_Table2,Frahm et al. (1982) Table 2,PMID:7161477,Selected_collection,1982,6737,6737,0,sole source,1,Selected_collection,1,1,1982
Aotus trivirgatus,Neocortex_white_matter_Vol.mm3,Frahm_etal_1982_Table2,Frahm et al. (1982) Table 2,PMID:7161477,Selected_collection,1982,2174,2174,0,sole source,1,Selected_collection,1,1,1982
Aotus trivirgatus,Nucleus_amygdalae_basalis_pars_magnocellularis_Vol.mm3,Stephan_etal_1981_TableXI,Stephan et al. (1981) Table XI,10.1159/000155963,Selected_collection,1981,15.7,15.7,0,sole source,1,Selected_collection,1,1,1981
Aotus trivirgatus,Nucleus_habenularis_medialis_Vol.mm3,Stephan_etal_1981_TableXVI,Stephan et al. (1981) Table XVI,10.1159/000155963,Selected_collection,1981,3.21,3.21,0,sole source,1,Selected_collection,1,1,1981
Aotus trivirgatus,Nucleus_septalis_triangularis_Vol.mm3,Stephan_etal_1981_TableXVI,Stephan et al. (1981) Table XVI,10.1159/000155963,Selected_collection,1981,0.964,0.964,0,sole source,1,Selected_collection,1,1,1981
Aotus trivirgatus,Nucleus_tractus_olfactorius_Vol.mm3,Stephan_etal_1981_TableXI,Stephan et al. (1981) Table XI,10.1159/000155963,Selected_collection,1981,0.201,0.201,0,sole source,1,Selected_collection,1,1,1981
Aotus trivirgatus,Nucleus_vestibularis_descendens_Vol.mm3,Matano__1986_TableI,Matano (1986) Table I,10.1159/000156277,NA,NA,NA,11.62,NA,"derived both-hemisphere value (step 7: left+right, or 2x a one-side measurement); cite this source for the one-side figure",NA,Selected_collection,1,1,1986
Aotus trivirgatus,Nucleus_vestibularis_descendens_unilateral_Vol.mm3,Matano__1986_TableI,Matano (1986) Table I,10.1159/000156277,Selected_collection,1986,5.81,5.81,0,sole source,1,Selected_collection,1,1,1986
Aotus trivirgatus,Nucleus_vestibularis_lateralis_Vol.mm3,Matano__1986_TableI,Matano (1986) Table I,10.1159/000156277,NA,NA,NA,10.28,NA,"derived both-hemisphere value (step 7: left+right, or 2x a one-side measurement); cite this source for the one-side figure",NA,Selected_collection,1,1,1986
Aotus trivirgatus,Nucleus_vestibularis_lateralis_unilateral_Vol.mm3,Matano__1986_TableI,Matano (1986) Table I,10.1159/000156277,Selected_collection,1986,5.14,5.14,0,sole source,1,Selected_collection,1,1,1986
Aotus trivirgatus,Nucleus_vestibularis_medialis_Vol.mm3,Matano__1986_TableI,Matano (1986) Table I,10.1159/000156277,NA,NA,NA,22.2,NA,"derived both-hemisphere value (step 7: left+right, or 2x a one-side measurement); cite this source for the one-side figure",NA,Selected_collection,1,1,1986
Aotus trivirgatus,Nucleus_vestibularis_medialis_unilateral_Vol.mm3,Matano__1986_TableI,Matano (1986) Table I,10.1159/000156277,Selected_collection,1986,11.1,11.1,0,sole source,1,Selected_collection,1,1,1986
Aotus trivirgatus,Nucleus_vestibularis_superior_Vol.mm3,Matano__1986_TableI,Matano (1986) Table I,10.1159/000156277,NA,NA,NA,12.14,NA,"derived both-hemisphere value (step 7: left+right, or 2x a one-side measurement); cite this source for the one-side figure",NA,Selected_collection,1,1,1986
Aotus trivirgatus,Nucleus_vestibularis_superior_unilateral_Vol.mm3,Matano__1986_TableI,Matano (1986) Table I,10.1159/000156277,Selected_collection,1986,6.07,6.07,0,sole source,1,Selected_collection,1,1,1986
Aotus trivirgatus,Palaeocortex_Vol.mm3,Stephan_etal_1981_TableXI,Stephan et al. (1981) Table XI,10.1159/000155963,Selected_collection,1981,203,203,0,sole source,1,Selected_collection,1,1,1981
Aotus trivirgatus,Schizo_cortex_Vol.mm3,Stephan_etal_1981_TableVI,Stephan et al. (1981) Table VI,10.1159/000155963,Selected_collection,1981,243,243,0,sole source,1,Selected_collection,1,1,1981
Aotus trivirgatus,Septum_Vol.mm3,Stephan_etal_1981_TableVI,Stephan et al. (1981) Table VI,10.1159/000155963,Selected_collection,1981,83.8,83.8,0,sole source,1,Selected_collection,1,1,1981
Aotus trivirgatus,Striatum_Vol.mm3,Stephan_etal_1981_TableVI,Stephan et al. (1981) Table VI,10.1159/000155963,Selected_collection,1981,862,862,0,sole source,1,Selected_collection,1,1,1981
Aotus trivirgatus,Telencephalon_Vol.mm3,Stephan_etal_1981_TableIII,Stephan et al. (1981) Table III,10.1159/000155963,Selected_collection,1981,12128,12128,0,sole source,1,Selected_collection,1,1,1981
Aotus trivirgatus,Total_brain_net_volume_Vol.mm3,Stephan_etal_1981_TableIII,Stephan et al. (1981) Table III,10.1159/000155963,Selected_collection,1981,16195,16195,0,sole source,1,Selected_collection,1,1,1981
Aotus trivirgatus,Ventral_pons_Vol.mm3,Matano_etal_1985_b_Table1,Matano et al. (1985) Table 1,10.1159/000156211,Selected_collection,1985,112.1,112.1,0,sole source,1,Selected_collection,1,1,1985
Aotus trivirgatus,Ventricles_Vol.mm3,Stephan_etal_1981_TableIII,Stephan et al. (1981) Table III,10.1159/000155963,Selected_collection,1981,105,105,0,sole source,1,Selected_collection,1,1,1981
Ateles geoffroyi,Agranular_insular_cortex_Vol.mm3,Bauernfeind_etal_2013_Table1,Bauernfeind et al. (2013) Table 1,10.1016/j.jhevol.2012.12.003,NA,NA,NA,270,NA,"derived both-hemisphere value (step 7: left+right, or 2x a one-side measurement); cite this source for the one-side figure",NA,Selected_collection,1,1,2013
Ateles geoffroyi,Agranular_insular_cortex_left_Vol.mm3,Bauernfeind_etal_2013_Table1,Bauernfeind et al. (2013) Table 1,10.1016/j.jhevol.2012.12.003,Selected_collection,2013,135,135,0,sole source,1,Selected_collection,1,1,2013
Ateles geoffroyi,Area_striata_Vol.mm3,Frahm_etal_1984_Table1,Frahm et al. (1984) Table 1,PMID:6501869,Selected_collection,1984,4738,4738,0,sole source,1,Selected_collection,1,1,1984
Ateles geoffroyi,Area_striata_grey_matter_Vol.mm3,Frahm_etal_1984_Table1,Frahm et al. (1984) Table 1,PMID:6501869,Selected_collection,1984,3753,3753,0,sole source,1,Selected_collection,1,1,1984
Ateles geoffroyi,Area_striata_white_matter_Vol.mm3,Frahm_etal_1984_Table1,Frahm et al. (1984) Table 1,PMID:6501869,Selected_collection,1984,985,985,0,sole source,1,Selected_collection,1,1,1984
Ateles geoffroyi,Body_Mass.g,Stephan_etal_1981_TableIII,Stephan et al. (1981) Table III,10.1159/000155963,Selected_collection,1981,8000,8000,0,reference table used (mass rule: other sources not averaged in),1,Selected_collection,1,1,1981
Ateles geoffroyi,Brain_Mass.mg,Stephan_etal_1981_TableIII,Stephan et al. (1981) Table III,10.1159/000155963,Selected_collection,1981,108000,108000,0,reference table used (mass rule: other sources not averaged in),1,Selected_collection,1,1,1981
Ateles geoffroyi,Bulbus_olfactorius_Vol.mm3,Stephan_etal_1981_TableVI,Stephan et al. (1981) Table VI,10.1159/000155963,Selected_collection,1981,90.4,90.4,0,sole source,1,Selected_collection,1,1,1981
Ateles geoffroyi,Bulbus_olfactorius_accessorius_Vol.mm3,Stephan_etal_1981_TableVI,Stephan et al. (1981) Table VI,10.1159/000155963,Selected_collection,1981,2.19,2.19,0,sole source,1,Selected_collection,1,1,1981
Ateles geoffroyi,Capsula_interna_Vol.mm3,Stephan_etal_1981_TableVIII,Stephan et al. (1981) Table VIII,10.1159/000155963,Selected_collection,1981,570,570,0,sole source,1,Selected_collection,1,1,1981
Ateles geoffroyi,Cerebellar_nuclei_total_Vol.mm3,Matano_etal_1985_a_Table1,Matano et al. (1985) Table 1,10.1159/000156212,Selected_collection,1985,209.17,209.17,0,sole source,1,Selected_collection,1,1,1985
Ateles geoffroyi,Cerebellum_Vol.mm3,Stephan_etal_1981_TableIII,Stephan et al. (1981) Table III,10.1159/000155963,Selected_collection,1981,12438,12438,0,sole source,1,Selected_collection,1,1,1981
Ateles geoffroyi,Complexus_vestibularis_Vol.mm3,Matano__1986_TableI,Matano (1986) Table I,10.1159/000156277,NA,NA,NA,99.4,NA,"derived both-hemisphere value (step 7: left+right, or 2x a one-side measurement); cite this source for the one-side figure",NA,Selected_collection,1,1,1986
Ateles geoffroyi,Complexus_vestibularis_unilateral_Vol.mm3,Matano__1986_TableI,Matano (1986) Table I,10.1159/000156277,Selected_collection,1986,49.7,49.7,0,sole source,1,Selected_collection,1,1,1986
Ateles geoffroyi,Corpus_geniculatum_laterale_Vol.mm3,Stephan_etal_1984_Table1,Stephan et al. (1984) Table 1,PMID:6481154,Selected_collection,1984,151,151,0,sole source,1,Selected_collection,1,1,1984
Ateles geoffroyi,Corpus_pineal_Vol.mm3,Stephan_etal_1981_TableXVI,Stephan et al. (1981) Table XVI,10.1159/000155963,Selected_collection,1981,3.1,3.1,0,sole source,1,Selected_collection,1,1,1981
Ateles geoffroyi,Corpus_subcommissurale_Vol.mm3,Stephan_etal_1981_TableXVI,Stephan et al. (1981) Table XVI,10.1159/000155963,Selected_collection,1981,0.608,0.608,0,sole source,1,Selected_collection,1,1,1981
Ateles geoffroyi,Corpus_subfornicale_Vol.mm3,Stephan_etal_1981_TableXVI,Stephan et al. (1981) Table XVI,10.1159/000155963,Selected_collection,1981,0.443,0.443,0,sole source,1,Selected_collection,1,1,1981
Ateles geoffroyi,Diencephalon_Vol.mm3,Stephan_etal_1981_TableIII,Stephan et al. (1981) Table III,10.1159/000155963,Selected_collection,1981,5334,5334,0,sole source,1,Selected_collection,1,1,1981
Ateles geoffroyi,Dysgranular_insular_cortex_Vol.mm3,Bauernfeind_etal_2013_Table1,Bauernfeind et al. (2013) Table 1,10.1016/j.jhevol.2012.12.003,NA,NA,NA,362,NA,"derived both-hemisphere value (step 7: left+right, or 2x a one-side measurement); cite this source for the one-side figure",NA,Selected_collection,1,1,2013
Ateles geoffroyi,Dysgranular_insular_cortex_left_Vol.mm3,Bauernfeind_etal_2013_Table1,Bauernfeind et al. (2013) Table 1,10.1016/j.jhevol.2012.12.003,Selected_collection,2013,181,181,0,sole source,1,Selected_collection,1,1,2013
Ateles geoffroyi,Epithalamus_Vol.mm3,Stephan_etal_1981_TableVIII,Stephan et al. (1981) Table VIII,10.1159/000155963,Selected_collection,1981,30.5,30.5,0,sole source,1,Selected_collection,1,1,1981
Ateles geoffroyi,Granular_insular_cortex_Vol.mm3,Bauernfeind_etal_2013_Table1,Bauernfeind et al. (2013) Table 1,10.1016/j.jhevol.2012.12.003,NA,NA,NA,200,NA,"derived both-hemisphere value (step 7: left+right, or 2x a one-side measurement); cite this source for the one-side figure",NA,Selected_collection,1,1,2013
Ateles geoffroyi,Granular_insular_cortex_left_Vol.mm3,Bauernfeind_etal_2013_Table1,Bauernfeind et al. (2013) Table 1,10.1016/j.jhevol.2012.12.003,Selected_collection,2013,100,100,0,sole source,1,Selected_collection,1,1,2013
Ateles geoffroyi,Hippocampus_Vol.mm3,Stephan_etal_1981_TableVI,Stephan et al. (1981) Table VI,10.1159/000155963,Selected_collection,1981,1366,1366,0,sole source,1,Selected_collection,1,1,1981
Ateles geoffroyi,Hypothalamus_Vol.mm3,Stephan_etal_1981_TableVIII,Stephan et al. (1981) Table VIII,10.1159/000155963,Selected_collection,1981,629,629,0,sole source,1,Selected_collection,1,1,1981
Ateles geoffroyi,Insula_Vol.mm3,Bauernfeind_etal_2013_Table1,Bauernfeind et al. (2013) Table 1,10.1016/j.jhevol.2012.12.003,NA,NA,NA,832,NA,"derived both-hemisphere value (step 7: left+right, or 2x a one-side measurement); cite this source for the one-side figure",NA,Selected_collection,1,1,2013
Ateles geoffroyi,Insula_left_Vol.mm3,Bauernfeind_etal_2013_Table1,Bauernfeind et al. (2013) Table 1,10.1016/j.jhevol.2012.12.003,Selected_collection,2013,416,416,0,sole source,1,Selected_collection,1,1,2013
Ateles geoffroyi,Interpositus_cerebellar_nuclei_Vol.mm3,Matano_etal_1985_a_Table1,Matano et al. (1985) Table 1,10.1159/000156212,Selected_collection,1985,59.75,59.75,0,sole source,1,Selected_collection,1,1,1985
Ateles geoffroyi,Lateral_cerebellar_nuclei_Vol.mm3,Matano_etal_1985_a_Table1,Matano et al. (1985) Table 1,10.1159/000156212,Selected_collection,1985,114.79,114.79,0,sole source,1,Selected_collection,1,1,1985
Ateles geoffroyi,Lobus_piriformis_Vol.mm3,Stephan_etal_1981_TableVI,Stephan et al. (1981) Table VI,10.1159/000155963,Selected_collection,1981,1625,1625,0,sole source,1,Selected_collection,1,1,1981
Ateles geoffroyi,Medial_cerebellar_nuclei_Vol.mm3,Matano_etal_1985_a_Table1,Matano et al. (1985) Table 1,10.1159/000156212,Selected_collection,1985,34.63,34.63,0,sole source,1,Selected_collection,1,1,1985
Ateles geoffroyi,Medulla_oblongata_Vol.mm3,Stephan_etal_1981_TableIII,Stephan et al. (1981) Table III,10.1159/000155963,Selected_collection,1981,1834,1834,0,sole source,1,Selected_collection,1,1,1981
Ateles geoffroyi,Mesencephalon_Vol.mm3,Stephan_etal_1981_TableIII,Stephan et al. (1981) Table III,10.1159/000155963,Selected_collection,1981,1482,1482,0,sole source,1,Selected_collection,1,1,1981
Ateles geoffroyi,Neocortex_Vol.mm3,Stephan_etal_1981_TableVI,Stephan et al. (1981) Table VI,10.1159/000155963,Selected_collection,1981,70856,70856,0,sole source,1,Selected_collection,1,1,1981
Ateles geoffroyi,Nucleus_habenularis_medialis_Vol.mm3,Stephan_etal_1981_TableXVI,Stephan et al. (1981) Table XVI,10.1159/000155963,Selected_collection,1981,7.29,7.29,0,sole source,1,Selected_collection,1,1,1981
Ateles geoffroyi,Nucleus_septalis_triangularis_Vol.mm3,Stephan_etal_1981_TableXVI,Stephan et al. (1981) Table XVI,10.1159/000155963,Selected_collection,1981,3.18,3.18,0,sole source,1,Selected_collection,1,1,1981
Ateles geoffroyi,Nucleus_subthalamicus_Vol.mm3,Stephan_etal_1981_TableVIII,Stephan et al. (1981) Table VIII,10.1159/000155963,Selected_collection,1981,52.8,52.8,0,sole source,1,Selected_collection,1,1,1981
Ateles geoffroyi,Nucleus_vestibularis_descendens_Vol.mm3,Matano__1986_TableI,Matano (1986) Table I,10.1159/000156277,NA,NA,NA,23.8,NA,"derived both-hemisphere value (step 7: left+right, or 2x a one-side measurement); cite this source for the one-side figure",NA,Selected_collection,1,1,1986
Ateles geoffroyi,Nucleus_vestibularis_descendens_unilateral_Vol.mm3,Matano__1986_TableI,Matano (1986) Table I,10.1159/000156277,Selected_collection,1986,11.9,11.9,0,sole source,1,Selected_collection,1,1,1986
Ateles geoffroyi,Nucleus_vestibularis_lateralis_Vol.mm3,Matano__1986_TableI,Matano (1986) Table I,10.1159/000156277,NA,NA,NA,13.62,NA,"derived both-hemisphere value (step 7: left+right, or 2x a one-side measurement); cite this source for the one-side figure",NA,Selected_collection,1,1,1986
Ateles geoffroyi,Nucleus_vestibularis_lateralis_unilateral_Vol.mm3,Matano__1986_TableI,Matano (1986) Table I,10.1159/000156277,Selected_collection,1986,6.81,6.81,0,sole source,1,Selected_collection,1,1,1986
Ateles geoffroyi,Nucleus_vestibularis_medialis_Vol.mm3,Matano__1986_TableI,Matano (1986) Table I,10.1159/000156277,NA,NA,NA,47.6,NA,"derived both-hemisphere value (step 7: left+right, or 2x a one-side measurement); cite this source for the one-side figure",NA,Selected_collection,1,1,1986
Ateles geoffroyi,Nucleus_vestibularis_medialis_unilateral_Vol.mm3,Matano__1986_TableI,Matano (1986) Table I,10.1159/000156277,Selected_collection,1986,23.8,23.8,0,sole source,1,Selected_collection,1,1,1986
Ateles geoffroyi,Nucleus_vestibularis_superior_Vol.mm3,Matano__1986_TableI,Matano (1986) Table I,10.1159/000156277,NA,NA,NA,14.4,NA,"derived both-hemisphere value (step 7: left+right, or 2x a one-side measurement); cite this source for the one-side figure",NA,Selected_collection,1,1,1986
Ateles geoffroyi,Nucleus_vestibularis_superior_unilateral_Vol.mm3,Matano__1986_TableI,Matano (1986) Table I,10.1159/000156277,Selected_collection,1986,7.2,7.2,0,sole source,1,Selected_collection,1,1,1986
Ateles geoffroyi,Pallidum_Vol.mm3,Stephan_etal_1981_TableVIII,Stephan et al. (1981) Table VIII,10.1159/000155963,Selected_collection,1981,807,807,0,sole source,1,Selected_collection,1,1,1981
Ateles geoffroyi,Schizo_cortex_Vol.mm3,Stephan_etal_1981_TableVI,Stephan et al. (1981) Table VI,10.1159/000155963,Selected_collection,1981,732,732,0,sole source,1,Selected_collection,1,1,1981
Ateles geoffroyi,Septum_Vol.mm3,Stephan_etal_1981_TableVI,Stephan et al. (1981) Table VI,10.1159/000155963,Selected_collection,1981,324,324,0,sole source,1,Selected_collection,1,1,1981
Ateles geoffroyi,Striatum_Vol.mm3,Stephan_etal_1981_TableVI,Stephan et al. (1981) Table VI,10.1159/000155963,Selected_collection,1981,4950,4950,0,sole source,1,Selected_collection,1,1,1981
Ateles geoffroyi,Subthalamus_Vol.mm3,Stephan_etal_1981_TableVIII,Stephan et al. (1981) Table VIII,10.1159/000155963,Selected_collection,1981,860,860,0,sole source,1,Selected_collection,1,1,1981
Ateles geoffroyi,Telencephalon_Vol.mm3,Stephan_etal_1981_TableIII,Stephan et al. (1981) Table III,10.1159/000155963,Selected_collection,1981,79946,79946,0,sole source,1,Selected_collection,1,1,1981
Ateles geoffroyi,Thalamus_Vol.mm3,Stephan_etal_1981_TableVIII,Stephan et al. (1981) Table VIII,10.1159/000155963,Selected_collection,1981,2930,2930,0,sole source,1,Selected_collection,1,1,1981
Ateles geoffroyi,Total_brain_net_volume_Vol.mm3,Bauernfeind_etal_2013_Table1,Bauernfeind et al. (2013) Table 1,10.1016/j.jhevol.2012.12.003,Selected_collection,2013,102700,102700,0,sole source,1,Selected_collection,1,1,2013
Ateles geoffroyi,Tractus_opticus_Vol.mm3,Stephan_etal_1981_TableVIII,Stephan et al. (1981) Table VIII,10.1159/000155963,Selected_collection,1981,204,204,0,sole source,1,Selected_collection,1,1,1981
Ateles geoffroyi,Ventral_pons_Vol.mm3,Matano_etal_1985_b_Table1,Matano et al. (1985) Table 1,10.1159/000156211,Selected_collection,1985,813.3,813.3,0,sole source,1,Selected_collection,1,1,1985
Ateles geoffroyi,Ventricles_Vol.mm3,Stephan_etal_1981_TableIII,Stephan et al. (1981) Table III,10.1159/000155963,Selected_collection,1981,1389,1389,0,sole source,1,Selected_collection,1,1,1981
Avahi laniger,Area_striata_Vol.mm3,Frahm_etal_1984_Table1,Frahm et al. (1984) Table 1,PMID:6501869,Selected_collection,1984,542,542,0,sole source,1,Selected_collection,1,1,1984
Avahi laniger,Area_striata_grey_matter_Vol.mm3,Frahm_etal_1984_Table1,Frahm et al. (1984) Table 1,PMID:6501869,Selected_collection,1984,475,475,0,sole source,1,Selected_collection,1,1,1984
Avahi laniger,Area_striata_white_matter_Vol.mm3,Frahm_etal_1984_Table1,Frahm et al. (1984) Table 1,PMID:6501869,Selected_collection,1984,66.5,66.5,0,sole source,1,Selected_collection,1,1,1984
Avahi laniger,Body_Mass.g,Stephan_etal_1981_TableII,Stephan et al. (1981) Table II,10.1159/000155963,Selected_collection,1981,1285,1285,0,reference table used (mass rule: other sources not averaged in),1,Selected_collection,1,1,1981
Avahi laniger,Brain_Mass.mg,Stephan_etal_1981_TableII,Stephan et al. (1981) Table II,10.1159/000155963,Selected_collection,1981,10490,10490,0,reference table used (mass rule: other sources not averaged in),1,Selected_collection,1,1,1981
Avahi laniger,Bulbus_olfactorius_Vol.mm3,Stephan_etal_1981_TableV,Stephan et al. (1981) Table V,10.1159/000155963,Selected_collection,1981,89.2,89.2,0,sole source,1,Selected_collection,1,1,1981
Avahi laniger,Bulbus_olfactorius_accessorius_Vol.mm3,Stephan_etal_1981_TableV,Stephan et al. (1981) Table V,10.1159/000155963,Selected_collection,1981,3.01,3.01,0,sole source,1,Selected_collection,1,1,1981
Avahi laniger,Cerebellar_nuclei_total_Vol.mm3,Matano_etal_1985_a_Table1,Matano et al. (1985) Table 1,10.1159/000156212,Selected_collection,1985,37.89,37.89,0,sole source,1,Selected_collection,1,1,1985
Avahi laniger,Cerebellum_Vol.mm3,Stephan_etal_1981_TableII,Stephan et al. (1981) Table II,10.1159/000155963,Selected_collection,1981,1489,1489,0,sole source,1,Selected_collection,1,1,1981
Avahi laniger,Complexus_vestibularis_Vol.mm3,Matano__1986_TableI,Matano (1986) Table I,10.1159/000156277,NA,NA,NA,47.4,NA,"derived both-hemisphere value (step 7: left+right, or 2x a one-side measurement); cite this source for the one-side figure",NA,Selected_collection,1,1,1986
Avahi laniger,Complexus_vestibularis_unilateral_Vol.mm3,Matano__1986_TableI,Matano (1986) Table I,10.1159/000156277,Selected_collection,1986,23.7,23.7,0,sole source,1,Selected_collection,1,1,1986
Avahi laniger,Corpus_geniculatum_laterale_Vol.mm3,Stephan_etal_1984_Table1,Stephan et al. (1984) Table 1,PMID:6481154,Selected_collection,1984,27.6,27.6,0,sole source,1,Selected_collection,1,1,1984
Avahi laniger,Corpus_pineal_Vol.mm3,Stephan_etal_1981_TableXV,Stephan et al. (1981) Table XV,10.1159/000155963,Selected_collection,1981,0.7,0.7,0,sole source,1,Selected_collection,1,1,1981
Avahi laniger,Corpus_subcommissurale_Vol.mm3,Stephan_etal_1981_TableXV,Stephan et al. (1981) Table XV,10.1159/000155963,Selected_collection,1981,0.14,0.14,0,sole source,1,Selected_collection,1,1,1981
Avahi laniger,Corpus_subfornicale_Vol.mm3,Stephan_etal_1981_TableXV,Stephan et al. (1981) Table XV,10.1159/000155963,Selected_collection,1981,0.116,0.116,0,sole source,1,Selected_collection,1,1,1981
Avahi laniger,Diencephalon_Vol.mm3,Stephan_etal_1981_TableII,Stephan et al. (1981) Table II,10.1159/000155963,Selected_collection,1981,862,862,0,sole source,1,Selected_collection,1,1,1981
Avahi laniger,Hippocampus_Vol.mm3,Stephan_etal_1981_TableV,Stephan et al. (1981) Table V,10.1159/000155963,Selected_collection,1981,526,526,0,sole source,1,Selected_collection,1,1,1981
Avahi laniger,Interpositus_cerebellar_nuclei_Vol.mm3,Matano_etal_1985_a_Table1,Matano et al. (1985) Table 1,10.1159/000156212,Selected_collection,1985,11.28,11.28,0,sole source,1,Selected_collection,1,1,1985
Avahi laniger,Lateral_cerebellar_nuclei_Vol.mm3,Matano_etal_1985_a_Table1,Matano et al. (1985) Table 1,10.1159/000156212,Selected_collection,1985,14.46,14.46,0,sole source,1,Selected_collection,1,1,1985
Avahi laniger,Lobus_piriformis_Vol.mm3,Stephan_etal_1981_TableV,Stephan et al. (1981) Table V,10.1159/000155963,Selected_collection,1981,284,284,0,sole source,1,Selected_collection,1,1,1981
Avahi laniger,Medial_cerebellar_nuclei_Vol.mm3,Matano_etal_1985_a_Table1,Matano et al. (1985) Table 1,10.1159/000156212,Selected_collection,1985,12.15,12.15,0,sole source,1,Selected_collection,1,1,1985
Avahi laniger,Medulla_oblongata_Vol.mm3,Stephan_etal_1981_TableII,Stephan et al. (1981) Table II,10.1159/000155963,Selected_collection,1981,553,553,0,sole source,1,Selected_collection,1,1,1981
Avahi laniger,Mesencephalon_Vol.mm3,Stephan_etal_1981_TableII,Stephan et al. (1981) Table II,10.1159/000155963,Selected_collection,1981,343,343,0,sole source,1,Selected_collection,1,1,1981
Avahi laniger,Neocortex_Vol.mm3,Stephan_etal_1981_TableV,Stephan et al. (1981) Table V,10.1159/000155963,Selected_collection,1981,4813,4813,0,sole source,1,Selected_collection,1,1,1981
Avahi laniger,Nucleus_habenularis_medialis_Vol.mm3,Stephan_etal_1981_TableXV,Stephan et al. (1981) Table XV,10.1159/000155963,Selected_collection,1981,2.21,2.21,0,sole source,1,Selected_collection,1,1,1981
Avahi laniger,Nucleus_septalis_triangularis_Vol.mm3,Stephan_etal_1981_TableXV,Stephan et al. (1981) Table XV,10.1159/000155963,Selected_collection,1981,1.29,1.29,0,sole source,1,Selected_collection,1,1,1981
Avahi laniger,Nucleus_vestibularis_descendens_Vol.mm3,Matano__1986_TableI,Matano (1986) Table I,10.1159/000156277,NA,NA,NA,10.38,NA,"derived both-hemisphere value (step 7: left+right, or 2x a one-side measurement); cite this source for the one-side figure",NA,Selected_collection,1,1,1986
Avahi laniger,Nucleus_vestibularis_descendens_unilateral_Vol.mm3,Matano__1986_TableI,Matano (1986) Table I,10.1159/000156277,Selected_collection,1986,5.19,5.19,0,sole source,1,Selected_collection,1,1,1986
Avahi laniger,Nucleus_vestibularis_lateralis_Vol.mm3,Matano__1986_TableI,Matano (1986) Table I,10.1159/000156277,NA,NA,NA,10.04,NA,"derived both-hemisphere value (step 7: left+right, or 2x a one-side measurement); cite this source for the one-side figure",NA,Selected_collection,1,1,1986
Avahi laniger,Nucleus_vestibularis_lateralis_unilateral_Vol.mm3,Matano__1986_TableI,Matano (1986) Table I,10.1159/000156277,Selected_collection,1986,5.02,5.02,0,sole source,1,Selected_collection,1,1,1986
Avahi laniger,Nucleus_vestibularis_medialis_Vol.mm3,Matano__1986_TableI,Matano (1986) Table I,10.1159/000156277,NA,NA,NA,18.42,NA,"derived both-hemisphere value (step 7: left+right, or 2x a one-side measurement); cite this source for the one-side figure",NA,Selected_collection,1,1,1986
Avahi laniger,Nucleus_vestibularis_medialis_unilateral_Vol.mm3,Matano__1986_TableI,Matano (1986) Table I,10.1159/000156277,Selected_collection,1986,9.21,9.21,0,sole source,1,Selected_collection,1,1,1986
Avahi laniger,Nucleus_vestibularis_superior_Vol.mm3,Matano__1986_TableI,Matano (1986) Table I,10.1159/000156277,NA,NA,NA,8.54,NA,"derived both-hemisphere value (step 7: left+right, or 2x a one-side measurement); cite this source for the one-side figure",NA,Selected_collection,1,1,1986
Avahi laniger,Nucleus_vestibularis_superior_unilateral_Vol.mm3,Matano__1986_TableI,Matano (1986) Table I,10.1159/000156277,Selected_collection,1986,4.27,4.27,0,sole source,1,Selected_collection,1,1,1986
Avahi laniger,Schizo_cortex_Vol.mm3,Stephan_etal_1981_TableV,Stephan et al. (1981) Table V,10.1159/000155963,Selected_collection,1981,241,241,0,sole source,1,Selected_collection,1,1,1981
Avahi laniger,Septum_Vol.mm3,Stephan_etal_1981_TableV,Stephan et al. (1981) Table V,10.1159/000155963,Selected_collection,1981,69.7,69.7,0,sole source,1,Selected_collection,1,1,1981
Avahi laniger,Striatum_Vol.mm3,Stephan_etal_1981_TableV,Stephan et al. (1981) Table V,10.1159/000155963,Selected_collection,1981,524,524,0,sole source,1,Selected_collection,1,1,1981
Avahi laniger,Telencephalon_Vol.mm3,Stephan_etal_1981_TableII,Stephan et al. (1981) Table II,10.1159/000155963,Selected_collection,1981,6550,6550,0,sole source,1,Selected_collection,1,1,1981
Avahi laniger,Total_brain_net_volume_Vol.mm3,Stephan_etal_1981_TableII,Stephan et al. (1981) Table II,10.1159/000155963,Selected_collection,1981,9798,9798,0,sole source,1,Selected_collection,1,1,1981
Avahi laniger,Ventral_pons_Vol.mm3,Matano_etal_1985_b_Table1,Matano et al. (1985) Table 1,10.1159/000156211,Selected_collection,1985,60.9,60.9,0,sole source,1,Selected_collection,1,1,1985
Avahi laniger,Ventricles_Vol.mm3,Stephan_etal_1981_TableII,Stephan et al. (1981) Table II,10.1159/000155963,Selected_collection,1981,172,172,0,sole source,1,Selected_collection,1,1,1981
Avahi occidentalis,Agranular_insular_cortex_Vol.mm3,Bauernfeind_etal_2013_Table1,Bauernfeind et al. (2013) Table 1,10.1016/j.jhevol.2012.12.003,NA,NA,NA,14,NA,"derived both-hemisphere value (step 7: left+right, or 2x a one-side measurement); cite this source for the one-side figure",NA,Selected_collection,1,1,2013
Avahi occidentalis,Agranular_insular_cortex_left_Vol.mm3,Bauernfeind_etal_2013_Table1,Bauernfeind et al. (2013) Table 1,10.1016/j.jhevol.2012.12.003,Selected_collection,2013,7,7,0,sole source,1,Selected_collection,1,1,2013
Avahi occidentalis,Area_striata_Vol.mm3,Frahm_etal_1984_Table1,Frahm et al. (1984) Table 1,PMID:6501869,Selected_collection,1984,527,527,0,sole source,1,Selected_collection,1,1,1984
Avahi occidentalis,Area_striata_grey_matter_Vol.mm3,Frahm_etal_1984_Table1,Frahm et al. (1984) Table 1,PMID:6501869,Selected_collection,1984,450,450,0,sole source,1,Selected_collection,1,1,1984
Avahi occidentalis,Area_striata_lamina_1_Vol.mm3,Frahm_etal_1984_Table1,Frahm et al. (1984) Table 1,PMID:6501869,Selected_collection,1984,64.6,64.6,0,sole source,1,Selected_collection,1,1,1984
Avahi occidentalis,Area_striata_laminae_2_6_Vol.mm3,Frahm_etal_1984_Table1,Frahm et al. (1984) Table 1,PMID:6501869,Selected_collection,1984,385,385,0,sole source,1,Selected_collection,1,1,1984
Avahi occidentalis,Area_striata_white_matter_Vol.mm3,Frahm_etal_1984_Table1,Frahm et al. (1984) Table 1,PMID:6501869,Selected_collection,1984,77.2,77.2,0,sole source,1,Selected_collection,1,1,1984
Avahi occidentalis,Body_Mass.g,Stephan_etal_1981_TableII,Stephan et al. (1981) Table II,10.1159/000155963,Selected_collection,1981,860,860,0,reference table used (mass rule: other sources not averaged in),1,Selected_collection,1,1,1981
Avahi occidentalis,Brain_Mass.mg,Stephan_etal_1981_TableII,Stephan et al. (1981) Table II,10.1159/000155963,Selected_collection,1981,9670,9670,0,reference table used (mass rule: other sources not averaged in),1,Selected_collection,1,1,1981
Avahi occidentalis,Bulbus_olfactorius_Vol.mm3,Stephan_etal_1981_TableV,Stephan et al. (1981) Table V,10.1159/000155963,Selected_collection,1981,70.1,70.1,0,sole source,1,Selected_collection,1,1,1981
Avahi occidentalis,Bulbus_olfactorius_accessorius_Vol.mm3,Stephan_etal_1981_TableV,Stephan et al. (1981) Table V,10.1159/000155963,Selected_collection,1981,2.55,2.55,0,sole source,1,Selected_collection,1,1,1981
Avahi occidentalis,Capsula_interna_Vol.mm3,Stephan_etal_1981_TableVIII,Stephan et al. (1981) Table VIII,10.1159/000155963,Selected_collection,1981,105,105,0,sole source,1,Selected_collection,1,1,1981
Avahi occidentalis,Cerebellar_nuclei_total_Vol.mm3,Matano_etal_1985_a_Table1,Matano et al. (1985) Table 1,10.1159/000156212,Selected_collection,1985,29.66,29.66,0,sole source,1,Selected_collection,1,1,1985
Avahi occidentalis,Cerebellum_Vol.mm3,Stephan_etal_1981_TableII,Stephan et al. (1981) Table II,10.1159/000155963,Selected_collection,1981,1383,1383,0,sole source,1,Selected_collection,1,1,1981
Avahi occidentalis,Complexus_vestibularis_Vol.mm3,Matano__1986_TableI,Matano (1986) Table I,10.1159/000156277,NA,NA,NA,36.2,NA,"derived both-hemisphere value (step 7: left+right, or 2x a one-side measurement); cite this source for the one-side figure",NA,Selected_collection,1,1,1986
Avahi occidentalis,Complexus_vestibularis_unilateral_Vol.mm3,Matano__1986_TableI,Matano (1986) Table I,10.1159/000156277,Selected_collection,1986,18.1,18.1,0,sole source,1,Selected_collection,1,1,1986
Avahi occidentalis,Corpus_geniculatum_laterale_Vol.mm3,Stephan_etal_1984_Table1,Stephan et al. (1984) Table 1,PMID:6481154,Selected_collection,1984,29.3,29.3,0,sole source,1,Selected_collection,1,1,1984
Avahi occidentalis,Corpus_pineal_Vol.mm3,Stephan_etal_1981_TableXV,Stephan et al. (1981) Table XV,10.1159/000155963,Selected_collection,1981,0.652,0.652,0,sole source,1,Selected_collection,1,1,1981
Avahi occidentalis,Corpus_subcommissurale_Vol.mm3,Stephan_etal_1981_TableXV,Stephan et al. (1981) Table XV,10.1159/000155963,Selected_collection,1981,0.0942,0.0942,0,sole source,1,Selected_collection,1,1,1981
Avahi occidentalis,Corpus_subfornicale_Vol.mm3,Stephan_etal_1981_TableXV,Stephan et al. (1981) Table XV,10.1159/000155963,Selected_collection,1981,0.188,0.188,0,sole source,1,Selected_collection,1,1,1981
Avahi occidentalis,Diencephalon_Vol.mm3,Stephan_etal_1981_TableII,Stephan et al. (1981) Table II,10.1159/000155963,Selected_collection,1981,861,861,0,sole source,1,Selected_collection,1,1,1981
Avahi occidentalis,Dysgranular_insular_cortex_Vol.mm3,Bauernfeind_etal_2013_Table1,Bauernfeind et al. (2013) Table 1,10.1016/j.jhevol.2012.12.003,NA,NA,NA,36,NA,"derived both-hemisphere value (step 7: left+right, or 2x a one-side measurement); cite this source for the one-side figure",NA,Selected_collection,1,1,2013
Avahi occidentalis,Dysgranular_insular_cortex_left_Vol.mm3,Bauernfeind_etal_2013_Table1,Bauernfeind et al. (2013) Table 1,10.1016/j.jhevol.2012.12.003,Selected_collection,2013,18,18,0,sole source,1,Selected_collection,1,1,2013
Avahi occidentalis,Epithalamus_Vol.mm3,Stephan_etal_1981_TableVIII,Stephan et al. (1981) Table VIII,10.1159/000155963,Selected_collection,1981,6.52,6.52,0,sole source,1,Selected_collection,1,1,1981
Avahi occidentalis,Granular_insular_cortex_Vol.mm3,Bauernfeind_etal_2013_Table1,Bauernfeind et al. (2013) Table 1,10.1016/j.jhevol.2012.12.003,NA,NA,NA,26,NA,"derived both-hemisphere value (step 7: left+right, or 2x a one-side measurement); cite this source for the one-side figure",NA,Selected_collection,1,1,2013
Avahi occidentalis,Granular_insular_cortex_left_Vol.mm3,Bauernfeind_etal_2013_Table1,Bauernfeind et al. (2013) Table 1,10.1016/j.jhevol.2012.12.003,Selected_collection,2013,13,13,0,sole source,1,Selected_collection,1,1,2013
Avahi occidentalis,Hippocampus_Vol.mm3,Stephan_etal_1981_TableV,Stephan et al. (1981) Table V,10.1159/000155963,Selected_collection,1981,476,476,0,sole source,1,Selected_collection,1,1,1981
Avahi occidentalis,Hypothalamus_Vol.mm3,Stephan_etal_1981_TableVIII,Stephan et al. (1981) Table VIII,10.1159/000155963,Selected_collection,1981,137,137,0,sole source,1,Selected_collection,1,1,1981
Avahi occidentalis,Insula_Vol.mm3,Bauernfeind_etal_2013_Table1,Bauernfeind et al. (2013) Table 1,10.1016/j.jhevol.2012.12.003,NA,NA,NA,76,NA,"derived both-hemisphere value (step 7: left+right, or 2x a one-side measurement); cite this source for the one-side figure",NA,Selected_collection,1,1,2013
Avahi occidentalis,Insula_left_Vol.mm3,Bauernfeind_etal_2013_Table1,Bauernfeind et al. (2013) Table 1,10.1016/j.jhevol.2012.12.003,Selected_collection,2013,38,38,0,sole source,1,Selected_collection,1,1,2013
Avahi occidentalis,Interpositus_cerebellar_nuclei_Vol.mm3,Matano_etal_1985_a_Table1,Matano et al. (1985) Table 1,10.1159/000156212,Selected_collection,1985,10.18,10.18,0,sole source,1,Selected_collection,1,1,1985
Avahi occidentalis,Lateral_cerebellar_nuclei_Vol.mm3,Matano_etal_1985_a_Table1,Matano et al. (1985) Table 1,10.1159/000156212,Selected_collection,1985,11.3,11.3,0,sole source,1,Selected_collection,1,1,1985
Avahi occidentalis,Lobus_piriformis_Vol.mm3,Stephan_etal_1981_TableV,Stephan et al. (1981) Table V,10.1159/000155963,Selected_collection,1981,265,265,0,sole source,1,Selected_collection,1,1,1981
Avahi occidentalis,Medial_cerebellar_nuclei_Vol.mm3,Matano_etal_1985_a_Table1,Matano et al. (1985) Table 1,10.1159/000156212,Selected_collection,1985,8.18,8.18,0,sole source,1,Selected_collection,1,1,1985
Avahi occidentalis,Medulla_oblongata_Vol.mm3,Stephan_etal_1981_TableII,Stephan et al. (1981) Table II,10.1159/000155963,Selected_collection,1981,508,508,0,sole source,1,Selected_collection,1,1,1981
Avahi occidentalis,Mesencephalon_Vol.mm3,Stephan_etal_1981_TableII,Stephan et al. (1981) Table II,10.1159/000155963,Selected_collection,1981,345,345,0,sole source,1,Selected_collection,1,1,1981
Avahi occidentalis,Neocortex_Vol.mm3,Frahm_etal_1982_Table2,Frahm et al. (1982) Table 2,PMID:7161477,Selected_collection,1982,4443,4443,0,sole source,1,Selected_collection,1,1,1982
Avahi occidentalis,Neocortex_grey_matter_Vol.mm3,Frahm_etal_1982_Table2,Frahm et al. (1982) Table 2,PMID:7161477,Selected_collection,1982,3666,3666,0,sole source,1,Selected_collection,1,1,1982
Avahi occidentalis,Neocortex_lamina_1_Vol.mm3,Frahm_etal_1982_Table2,Frahm et al. (1982) Table 2,PMID:7161477,Selected_collection,1982,582.7,582.7,0,sole source,1,Selected_collection,1,1,1982
Avahi occidentalis,Neocortex_laminae_2_6_Vol.mm3,Frahm_etal_1982_Table2,Frahm et al. (1982) Table 2,PMID:7161477,Selected_collection,1982,3083,3083,0,sole source,1,Selected_collection,1,1,1982
Avahi occidentalis,Neocortex_white_matter_Vol.mm3,Frahm_etal_1982_Table2,Frahm et al. (1982) Table 2,PMID:7161477,Selected_collection,1982,777,777,0,sole source,1,Selected_collection,1,1,1982
Avahi occidentalis,Nucleus_habenularis_medialis_Vol.mm3,Stephan_etal_1981_TableXV,Stephan et al. (1981) Table XV,10.1159/000155963,Selected_collection,1981,2.04,2.04,0,sole source,1,Selected_collection,1,1,1981
Avahi occidentalis,Nucleus_septalis_triangularis_Vol.mm3,Stephan_etal_1981_TableXV,Stephan et al. (1981) Table XV,10.1159/000155963,Selected_collection,1981,0.988,0.988,0,sole source,1,Selected_collection,1,1,1981
Avahi occidentalis,Nucleus_subthalamicus_Vol.mm3,Stephan_etal_1981_TableVIII,Stephan et al. (1981) Table VIII,10.1159/000155963,Selected_collection,1981,5.94,5.94,0,sole source,1,Selected_collection,1,1,1981
Avahi occidentalis,Nucleus_vestibularis_descendens_Vol.mm3,Matano__1986_TableI,Matano (1986) Table I,10.1159/000156277,NA,NA,NA,9.62,NA,"derived both-hemisphere value (step 7: left+right, or 2x a one-side measurement); cite this source for the one-side figure",NA,Selected_collection,1,1,1986
Avahi occidentalis,Nucleus_vestibularis_descendens_unilateral_Vol.mm3,Matano__1986_TableI,Matano (1986) Table I,10.1159/000156277,Selected_collection,1986,4.81,4.81,0,sole source,1,Selected_collection,1,1,1986
Avahi occidentalis,Nucleus_vestibularis_lateralis_Vol.mm3,Matano__1986_TableI,Matano (1986) Table I,10.1159/000156277,NA,NA,NA,6.64,NA,"derived both-hemisphere value (step 7: left+right, or 2x a one-side measurement); cite this source for the one-side figure",NA,Selected_collection,1,1,1986
Avahi occidentalis,Nucleus_vestibularis_lateralis_unilateral_Vol.mm3,Matano__1986_TableI,Matano (1986) Table I,10.1159/000156277,Selected_collection,1986,3.32,3.32,0,sole source,1,Selected_collection,1,1,1986
Avahi occidentalis,Nucleus_vestibularis_medialis_Vol.mm3,Matano__1986_TableI,Matano (1986) Table I,10.1159/000156277,NA,NA,NA,13.72,NA,"derived both-hemisphere value (step 7: left+right, or 2x a one-side measurement); cite this source for the one-side figure",NA,Selected_collection,1,1,1986
Avahi occidentalis,Nucleus_vestibularis_medialis_unilateral_Vol.mm3,Matano__1986_TableI,Matano (1986) Table I,10.1159/000156277,Selected_collection,1986,6.86,6.86,0,sole source,1,Selected_collection,1,1,1986
Avahi occidentalis,Nucleus_vestibularis_superior_Vol.mm3,Matano__1986_TableI,Matano (1986) Table I,10.1159/000156277,NA,NA,NA,6.2,NA,"derived both-hemisphere value (step 7: left+right, or 2x a one-side measurement); cite this source for the one-side figure",NA,Selected_collection,1,1,1986
Avahi occidentalis,Nucleus_vestibularis_superior_unilateral_Vol.mm3,Matano__1986_TableI,Matano (1986) Table I,10.1159/000156277,Selected_collection,1986,3.1,3.1,0,sole source,1,Selected_collection,1,1,1986
Avahi occidentalis,Pallidum_Vol.mm3,Stephan_etal_1981_TableVIII,Stephan et al. (1981) Table VIII,10.1159/000155963,Selected_collection,1981,74.5,74.5,0,sole source,1,Selected_collection,1,1,1981
Avahi occidentalis,Schizo_cortex_Vol.mm3,Stephan_etal_1981_TableV,Stephan et al. (1981) Table V,10.1159/000155963,Selected_collection,1981,222,222,0,sole source,1,Selected_collection,1,1,1981
Avahi occidentalis,Septum_Vol.mm3,Stephan_etal_1981_TableV,Stephan et al. (1981) Table V,10.1159/000155963,Selected_collection,1981,69.3,69.3,0,sole source,1,Selected_collection,1,1,1981
Avahi occidentalis,Striatum_Vol.mm3,Stephan_etal_1981_TableV,Stephan et al. (1981) Table V,10.1159/000155963,Selected_collection,1981,478,478,0,sole source,1,Selected_collection,1,1,1981
Avahi occidentalis,Subthalamus_Vol.mm3,Stephan_etal_1981_TableVIII,Stephan et al. (1981) Table VIII,10.1159/000155963,Selected_collection,1981,80.5,80.5,0,sole source,1,Selected_collection,1,1,1981
Avahi occidentalis,Telencephalon_Vol.mm3,Stephan_etal_1981_TableII,Stephan et al. (1981) Table II,10.1159/000155963,Selected_collection,1981,6026,6026,0,sole source,1,Selected_collection,1,1,1981
Avahi occidentalis,Thalamus_Vol.mm3,Stephan_etal_1981_TableVIII,Stephan et al. (1981) Table VIII,10.1159/000155963,Selected_collection,1981,489,489,0,sole source,1,Selected_collection,1,1,1981
Avahi occidentalis,Total_brain_net_volume_Vol.mm3,Bauernfeind_etal_2013_Table1,Bauernfeind et al. (2013) Table 1,10.1016/j.jhevol.2012.12.003,Selected_collection,2013,9256.8,9256.8,0,sole source,1,Selected_collection,1,1,2013
Avahi occidentalis,Tractus_opticus_Vol.mm3,Stephan_etal_1981_TableVIII,Stephan et al. (1981) Table VIII,10.1159/000155963,Selected_collection,1981,38.3,38.3,0,sole source,1,Selected_collection,1,1,1981
Avahi occidentalis,Ventral_pons_Vol.mm3,Matano_etal_1985_b_Table1,Matano et al. (1985) Table 1,10.1159/000156211,Selected_collection,1985,60.3,60.3,0,sole source,1,Selected_collection,1,1,1985
Avahi occidentalis,Ventricles_Vol.mm3,Stephan_etal_1981_TableII,Stephan et al. (1981) Table II,10.1159/000155963,Selected_collection,1981,73.7,73.7,0,sole source,1,Selected_collection,1,1,1981
Callicebus moloch,Area_striata_Vol.mm3,Frahm_etal_1984_Table1,Frahm et al. (1984) Table 1,PMID:6501869,Selected_collection,1984,1524,1524,0,sole source,1,Selected_collection,1,1,1984
Callicebus moloch,Area_striata_grey_matter_Vol.mm3,Frahm_etal_1984_Table1,Frahm et al. (1984) Table 1,PMID:6501869,Selected_collection,1984,1201,1201,0,sole source,1,Selected_collection,1,1,1984
Callicebus moloch,Area_striata_white_matter_Vol.mm3,Frahm_etal_1984_Table1,Frahm et al. (1984) Table 1,PMID:6501869,Selected_collection,1984,324,324,0,sole source,1,Selected_collection,1,1,1984
Callicebus moloch,Body_Mass.g,Stephan_etal_1981_TableIII,Stephan et al. (1981) Table III,10.1159/000155963,Selected_collection,1981,900,900,0,reference table used (mass rule: other sources not averaged in),1,Selected_collection,1,1,1981
Callicebus moloch,Brain_Mass.mg,Stephan_etal_1981_TableIII,Stephan et al. (1981) Table III,10.1159/000155963,Selected_collection,1981,19000,19000,0,reference table used (mass rule: other sources not averaged in),1,Selected_collection,1,1,1981
Callicebus moloch,Bulbus_olfactorius_Vol.mm3,Stephan_etal_1981_TableVI,Stephan et al. (1981) Table VI,10.1159/000155963,Selected_collection,1981,19.2,19.2,0,sole source,1,Selected_collection,1,1,1981
Callicebus moloch,Bulbus_olfactorius_accessorius_Vol.mm3,Stephan_etal_1981_TableVI,Stephan et al. (1981) Table VI,10.1159/000155963,Selected_collection,1981,0.325,0.325,0,sole source,1,Selected_collection,1,1,1981
Callicebus moloch,Cerebellar_nuclei_total_Vol.mm3,Matano_etal_1985_a_Table1,Matano et al. (1985) Table 1,10.1159/000156212,Selected_collection,1985,61.41,61.41,0,sole source,1,Selected_collection,1,1,1985
Callicebus moloch,Cerebellum_Vol.mm3,Stephan_etal_1981_TableIII,Stephan et al. (1981) Table III,10.1159/000155963,Selected_collection,1981,1622,1622,0,sole source,1,Selected_collection,1,1,1981
Callicebus moloch,Complexus_vestibularis_Vol.mm3,Matano__1986_TableI,Matano (1986) Table I,10.1159/000156277,NA,NA,NA,66.2,NA,"derived both-hemisphere value (step 7: left+right, or 2x a one-side measurement); cite this source for the one-side figure",NA,Selected_collection,1,1,1986
Callicebus moloch,Complexus_vestibularis_unilateral_Vol.mm3,Matano__1986_TableI,Matano (1986) Table I,10.1159/000156277,Selected_collection,1986,33.1,33.1,0,sole source,1,Selected_collection,1,1,1986
Callicebus moloch,Corpus_geniculatum_laterale_Vol.mm3,Stephan_etal_1984_Table1,Stephan et al. (1984) Table 1,PMID:6481154,Selected_collection,1984,54.2,54.2,0,sole source,1,Selected_collection,1,1,1984
Callicebus moloch,Corpus_pineal_Vol.mm3,Stephan_etal_1981_TableXVI,Stephan et al. (1981) Table XVI,10.1159/000155963,Selected_collection,1981,2.9,2.9,0,sole source,1,Selected_collection,1,1,1981
Callicebus moloch,Corpus_subcommissurale_Vol.mm3,Stephan_etal_1981_TableXVI,Stephan et al. (1981) Table XVI,10.1159/000155963,Selected_collection,1981,0.154,0.154,0,sole source,1,Selected_collection,1,1,1981
Callicebus moloch,Corpus_subfornicale_Vol.mm3,Stephan_etal_1981_TableXVI,Stephan et al. (1981) Table XVI,10.1159/000155963,Selected_collection,1981,0.135,0.135,0,sole source,1,Selected_collection,1,1,1981
Callicebus moloch,Diencephalon_Vol.mm3,Stephan_etal_1981_TableIII,Stephan et al. (1981) Table III,10.1159/000155963,Selected_collection,1981,1375,1375,0,sole source,1,Selected_collection,1,1,1981
Callicebus moloch,Hippocampus_Vol.mm3,Stephan_etal_1981_TableVI,Stephan et al. (1981) Table VI,10.1159/000155963,Selected_collection,1981,588,588,0,sole source,1,Selected_collection,1,1,1981
Callicebus moloch,Interpositus_cerebellar_nuclei_Vol.mm3,Matano_etal_1985_a_Table1,Matano et al. (1985) Table 1,10.1159/000156212,Selected_collection,1985,19.47,19.47,0,sole source,1,Selected_collection,1,1,1985
Callicebus moloch,Lateral_cerebellar_nuclei_Vol.mm3,Matano_etal_1985_a_Table1,Matano et al. (1985) Table 1,10.1159/000156212,Selected_collection,1985,21.24,21.24,0,sole source,1,Selected_collection,1,1,1985
Callicebus moloch,Lobus_piriformis_Vol.mm3,Stephan_etal_1981_TableVI,Stephan et al. (1981) Table VI,10.1159/000155963,Selected_collection,1981,454,454,0,sole source,1,Selected_collection,1,1,1981
Callicebus moloch,Medial_cerebellar_nuclei_Vol.mm3,Matano_etal_1985_a_Table1,Matano et al. (1985) Table 1,10.1159/000156212,Selected_collection,1985,20.7,20.7,0,sole source,1,Selected_collection,1,1,1985
Callicebus moloch,Medulla_oblongata_Vol.mm3,Stephan_etal_1981_TableIII,Stephan et al. (1981) Table III,10.1159/000155963,Selected_collection,1981,787,787,0,sole source,1,Selected_collection,1,1,1981
Callicebus moloch,Mesencephalon_Vol.mm3,Stephan_etal_1981_TableIII,Stephan et al. (1981) Table III,10.1159/000155963,Selected_collection,1981,530,530,0,sole source,1,Selected_collection,1,1,1981
Callicebus moloch,Neocortex_Vol.mm3,Stephan_etal_1981_TableVI,Stephan et al. (1981) Table VI,10.1159/000155963,Selected_collection,1981,11163,11163,0,sole source,1,Selected_collection,1,1,1981
Callicebus moloch,Nucleus_habenularis_medialis_Vol.mm3,Stephan_etal_1981_TableXVI,Stephan et al. (1981) Table XVI,10.1159/000155963,Selected_collection,1981,2.66,2.66,0,sole source,1,Selected_collection,1,1,1981
Callicebus moloch,Nucleus_septalis_triangularis_Vol.mm3,Stephan_etal_1981_TableXVI,Stephan et al. (1981) Table XVI,10.1159/000155963,Selected_collection,1981,0.89,0.89,0,sole source,1,Selected_collection,1,1,1981
Callicebus moloch,Nucleus_vestibularis_descendens_Vol.mm3,Matano__1986_TableI,Matano (1986) Table I,10.1159/000156277,NA,NA,NA,17.04,NA,"derived both-hemisphere value (step 7: left+right, or 2x a one-side measurement); cite this source for the one-side figure",NA,Selected_collection,1,1,1986
Callicebus moloch,Nucleus_vestibularis_descendens_unilateral_Vol.mm3,Matano__1986_TableI,Matano (1986) Table I,10.1159/000156277,Selected_collection,1986,8.52,8.52,0,sole source,1,Selected_collection,1,1,1986
Callicebus moloch,Nucleus_vestibularis_lateralis_Vol.mm3,Matano__1986_TableI,Matano (1986) Table I,10.1159/000156277,NA,NA,NA,10.58,NA,"derived both-hemisphere value (step 7: left+right, or 2x a one-side measurement); cite this source for the one-side figure",NA,Selected_collection,1,1,1986
Callicebus moloch,Nucleus_vestibularis_lateralis_unilateral_Vol.mm3,Matano__1986_TableI,Matano (1986) Table I,10.1159/000156277,Selected_collection,1986,5.29,5.29,0,sole source,1,Selected_collection,1,1,1986
Callicebus moloch,Nucleus_vestibularis_medialis_Vol.mm3,Matano__1986_TableI,Matano (1986) Table I,10.1159/000156277,NA,NA,NA,26.2,NA,"derived both-hemisphere value (step 7: left+right, or 2x a one-side measurement); cite this source for the one-side figure",NA,Selected_collection,1,1,1986
Callicebus moloch,Nucleus_vestibularis_medialis_unilateral_Vol.mm3,Matano__1986_TableI,Matano (1986) Table I,10.1159/000156277,Selected_collection,1986,13.1,13.1,0,sole source,1,Selected_collection,1,1,1986
Callicebus moloch,Nucleus_vestibularis_superior_Vol.mm3,Matano__1986_TableI,Matano (1986) Table I,10.1159/000156277,NA,NA,NA,12.34,NA,"derived both-hemisphere value (step 7: left+right, or 2x a one-side measurement); cite this source for the one-side figure",NA,Selected_collection,1,1,1986
Callicebus moloch,Nucleus_vestibularis_superior_unilateral_Vol.mm3,Matano__1986_TableI,Matano (1986) Table I,10.1159/000156277,Selected_collection,1986,6.17,6.17,0,sole source,1,Selected_collection,1,1,1986
Callicebus moloch,Schizo_cortex_Vol.mm3,Stephan_etal_1981_TableVI,Stephan et al. (1981) Table VI,10.1159/000155963,Selected_collection,1981,234,234,0,sole source,1,Selected_collection,1,1,1981
Callicebus moloch,Septum_Vol.mm3,Stephan_etal_1981_TableVI,Stephan et al. (1981) Table VI,10.1159/000155963,Selected_collection,1981,86.4,86.4,0,sole source,1,Selected_collection,1,1,1981
Callicebus moloch,Striatum_Vol.mm3,Stephan_etal_1981_TableVI,Stephan et al. (1981) Table VI,10.1159/000155963,Selected_collection,1981,920,920,0,sole source,1,Selected_collection,1,1,1981
Callicebus moloch,Telencephalon_Vol.mm3,Stephan_etal_1981_TableIII,Stephan et al. (1981) Table III,10.1159/000155963,Selected_collection,1981,13465,13465,0,sole source,1,Selected_collection,1,1,1981
Callicebus moloch,Total_brain_net_volume_Vol.mm3,Stephan_etal_1981_TableIII,Stephan et al. (1981) Table III,10.1159/000155963,Selected_collection,1981,17944,17944,0,sole source,1,Selected_collection,1,1,1981
Callicebus moloch,Ventral_pons_Vol.mm3,Matano_etal_1985_b_Table1,Matano et al. (1985) Table 1,10.1159/000156211,Selected_collection,1985,105.9,105.9,0,sole source,1,Selected_collection,1,1,1985
Callicebus moloch,Ventricles_Vol.mm3,Stephan_etal_1981_TableIII,Stephan et al. (1981) Table III,10.1159/000155963,Selected_collection,1981,279,279,0,sole source,1,Selected_collection,1,1,1981
Callimico goeldii,Body_Mass.g,Stephan_etal_1981_TableIII,Stephan et al. (1981) Table III,10.1159/000155963,Selected_collection,1981,480,480,0,reference table used (mass rule: other sources not averaged in),1,Selected_collection,1,1,1981
Callimico goeldii,Brain_Mass.mg,Stephan_etal_1981_TableIII,Stephan et al. (1981) Table III,10.1159/000155963,Selected_collection,1981,11000,11000,0,reference table used (mass rule: other sources not averaged in),1,Selected_collection,1,1,1981
Callimico goeldii,Bulbus_olfactorius_Vol.mm3,Stephan_etal_1981_TableVI,Stephan et al. (1981) Table VI,10.1159/000155963,Selected_collection,1981,27,27,0,sole source,1,Selected_collection,1,1,1981
Callimico goeldii,Bulbus_olfactorius_accessorius_Vol.mm3,Stephan_etal_1981_TableVI,Stephan et al. (1981) Table VI,10.1159/000155963,Selected_collection,1981,0.512,0.512,0,sole source,1,Selected_collection,1,1,1981
Callimico goeldii,Cerebellum_Vol.mm3,Stephan_etal_1981_TableIII,Stephan et al. (1981) Table III,10.1159/000155963,Selected_collection,1981,1240,1240,0,sole source,1,Selected_collection,1,1,1981
Callimico goeldii,Diencephalon_Vol.mm3,Stephan_etal_1981_TableIII,Stephan et al. (1981) Table III,10.1159/000155963,Selected_collection,1981,739,739,0,sole source,1,Selected_collection,1,1,1981
Callimico goeldii,Hippocampus_Vol.mm3,Stephan_etal_1981_TableVI,Stephan et al. (1981) Table VI,10.1159/000155963,Selected_collection,1981,281,281,0,sole source,1,Selected_collection,1,1,1981
Callimico goeldii,Lobus_piriformis_Vol.mm3,Stephan_etal_1981_TableVI,Stephan et al. (1981) Table VI,10.1159/000155963,Selected_collection,1981,253,253,0,sole source,1,Selected_collection,1,1,1981
Callimico goeldii,Medulla_oblongata_Vol.mm3,Stephan_etal_1981_TableIII,Stephan et al. (1981) Table III,10.1159/000155963,Selected_collection,1981,460,460,0,sole source,1,Selected_collection,1,1,1981
Callimico goeldii,Mesencephalon_Vol.mm3,Stephan_etal_1981_TableIII,Stephan et al. (1981) Table III,10.1159/000155963,Selected_collection,1981,340,340,0,sole source,1,Selected_collection,1,1,1981
Callimico goeldii,Neocortex_Vol.mm3,Stephan_etal_1981_TableVI,Stephan et al. (1981) Table VI,10.1159/000155963,Selected_collection,1981,6476,6476,0,sole source,1,Selected_collection,1,1,1981
Callimico goeldii,Schizo_cortex_Vol.mm3,Stephan_etal_1981_TableVI,Stephan et al. (1981) Table VI,10.1159/000155963,Selected_collection,1981,138,138,0,sole source,1,Selected_collection,1,1,1981
Callimico goeldii,Septum_Vol.mm3,Stephan_etal_1981_TableVI,Stephan et al. (1981) Table VI,10.1159/000155963,Selected_collection,1981,63.5,63.5,0,sole source,1,Selected_collection,1,1,1981
Callimico goeldii,Striatum_Vol.mm3,Stephan_etal_1981_TableVI,Stephan et al. (1981) Table VI,10.1159/000155963,Selected_collection,1981,493,493,0,sole source,1,Selected_collection,1,1,1981
Callimico goeldii,Telencephalon_Vol.mm3,Stephan_etal_1981_TableIII,Stephan et al. (1981) Table III,10.1159/000155963,Selected_collection,1981,7733,7733,0,sole source,1,Selected_collection,1,1,1981
Callimico goeldii,Total_brain_net_volume_Vol.mm3,Stephan_etal_1981_TableIII,Stephan et al. (1981) Table III,10.1159/000155963,Selected_collection,1981,10510,10510,0,sole source,1,Selected_collection,1,1,1981
Callimico goeldii,Ventricles_Vol.mm3,Stephan_etal_1981_TableIII,Stephan et al. (1981) Table III,10.1159/000155963,Selected_collection,1981,47.9,47.9,0,sole source,1,Selected_collection,1,1,1981
Callithrix jacchus,Amygdala_Vol.mm3,Stephan_etal_1981_TableXI,Stephan et al. (1981) Table XI,10.1159/000155963,Selected_collection,1981,113,113,0,sole source,1,Selected_collection,1,1,1981
Callithrix jacchus,Area_striata_Vol.mm3,Frahm_etal_1984_Table1,Frahm et al. (1984) Table 1,PMID:6501869,Selected_collection,1984,685,685,0,sole source,1,Selected_collection,1,1,1984
Callithrix jacchus,Area_striata_grey_matter_Vol.mm3,Frahm_etal_1984_Table1,Frahm et al. (1984) Table 1,PMID:6501869,Selected_collection,1984,566,566,0,sole source,1,Selected_collection,1,1,1984
Callithrix jacchus,Area_striata_lamina_1_Vol.mm3,Frahm_etal_1984_Table1,Frahm et al. (1984) Table 1,PMID:6501869,Selected_collection,1984,57.8,57.8,0,sole source,1,Selected_collection,1,1,1984
Callithrix jacchus,Area_striata_laminae_2_6_Vol.mm3,Frahm_etal_1984_Table1,Frahm et al. (1984) Table 1,PMID:6501869,Selected_collection,1984,508,508,0,sole source,1,Selected_collection,1,1,1984
Callithrix jacchus,Area_striata_white_matter_Vol.mm3,Frahm_etal_1984_Table1,Frahm et al. (1984) Table 1,PMID:6501869,Selected_collection,1984,119,119,0,sole source,1,Selected_collection,1,1,1984
Callithrix jacchus,Body_Mass.g,Stephan_etal_1981_TableIII,Stephan et al. (1981) Table III,10.1159/000155963,Selected_collection,1981,280,280,0,reference table used (mass rule: other sources not averaged in),1,Selected_collection,1,1,1981
Callithrix jacchus,Brain_Mass.mg,Stephan_etal_1981_TableIII,Stephan et al. (1981) Table III,10.1159/000155963,Selected_collection,1981,7600,7600,0,reference table used (mass rule: other sources not averaged in),1,Selected_collection,1,1,1981
Callithrix jacchus,Bulbus_olfactorius_Vol.mm3,Stephan_etal_1981_TableVI,Stephan et al. (1981) Table VI,10.1159/000155963,Selected_collection,1981,22.8,22.8,0,sole source,1,Selected_collection,1,1,1981
Callithrix jacchus,Bulbus_olfactorius_accessorius_Vol.mm3,Stephan_etal_1981_TableVI,Stephan et al. (1981) Table VI,10.1159/000155963,Selected_collection,1981,0.326,0.326,0,sole source,1,Selected_collection,1,1,1981
Callithrix jacchus,Cerebellar_nuclei_total_Vol.mm3,Matano_etal_1985_a_Table1,Matano et al. (1985) Table 1,10.1159/000156212,Selected_collection,1985,20.96,20.96,0,sole source,1,Selected_collection,1,1,1985
Callithrix jacchus,Cerebellum_Vol.mm3,Stephan_etal_1981_TableIII,Stephan et al. (1981) Table III,10.1159/000155963,Selected_collection,1981,757,757,0,sole source,1,Selected_collection,1,1,1981
Callithrix jacchus,Complexus_centromedialis_Vol.mm3,Stephan_etal_1981_TableXI,Stephan et al. (1981) Table XI,10.1159/000155963,Selected_collection,1981,28.3,28.3,0,sole source,1,Selected_collection,1,1,1981
Callithrix jacchus,Complexus_corticobasolateralis_Vol.mm3,Stephan_etal_1981_TableXI,Stephan et al. (1981) Table XI,10.1159/000155963,Selected_collection,1981,84.6,84.6,0,sole source,1,Selected_collection,1,1,1981
Callithrix jacchus,Complexus_vestibularis_Vol.mm3,Matano__1986_TableI,Matano (1986) Table I,10.1159/000156277,NA,NA,NA,30.4,NA,"derived both-hemisphere value (step 7: left+right, or 2x a one-side measurement); cite this source for the one-side figure",NA,Selected_collection,1,1,1986
Callithrix jacchus,Complexus_vestibularis_unilateral_Vol.mm3,Matano__1986_TableI,Matano (1986) Table I,10.1159/000156277,Selected_collection,1986,15.2,15.2,0,sole source,1,Selected_collection,1,1,1986
Callithrix jacchus,Corpus_geniculatum_laterale_Vol.mm3,Stephan_etal_1984_Table1,Stephan et al. (1984) Table 1,PMID:6481154,Selected_collection,1984,25.1,25.1,0,sole source,1,Selected_collection,1,1,1984
Callithrix jacchus,Corpus_pineal_Vol.mm3,Stephan_etal_1981_TableXVI,Stephan et al. (1981) Table XVI,10.1159/000155963,Selected_collection,1981,0.486,0.486,0,sole source,1,Selected_collection,1,1,1981
Callithrix jacchus,Corpus_subcommissurale_Vol.mm3,Stephan_etal_1981_TableXVI,Stephan et al. (1981) Table XVI,10.1159/000155963,Selected_collection,1981,0.0789,0.0789,0,sole source,1,Selected_collection,1,1,1981
Callithrix jacchus,Corpus_subfornicale_Vol.mm3,Stephan_etal_1981_TableXVI,Stephan et al. (1981) Table XVI,10.1159/000155963,Selected_collection,1981,0.133,0.133,0,sole source,1,Selected_collection,1,1,1981
Callithrix jacchus,Diencephalon_Vol.mm3,Stephan_etal_1981_TableIII,Stephan et al. (1981) Table III,10.1159/000155963,Selected_collection,1981,554,554,0,sole source,1,Selected_collection,1,1,1981
Callithrix jacchus,Hippocampus_Vol.mm3,Stephan_etal_1981_TableVI,Stephan et al. (1981) Table VI,10.1159/000155963,Selected_collection,1981,221,221,0,sole source,1,Selected_collection,1,1,1981
Callithrix jacchus,Interpositus_cerebellar_nuclei_Vol.mm3,Matano_etal_1985_a_Table1,Matano et al. (1985) Table 1,10.1159/000156212,Selected_collection,1985,5.44,5.44,0,sole source,1,Selected_collection,1,1,1985
Callithrix jacchus,Lateral_cerebellar_nuclei_Vol.mm3,Matano_etal_1985_a_Table1,Matano et al. (1985) Table 1,10.1159/000156212,Selected_collection,1985,7.93,7.93,0,sole source,1,Selected_collection,1,1,1985
Callithrix jacchus,Lobus_piriformis_Vol.mm3,Stephan_etal_1981_TableVI,Stephan et al. (1981) Table VI,10.1159/000155963,Selected_collection,1981,191,191,0,sole source,1,Selected_collection,1,1,1981
Callithrix jacchus,Medial_cerebellar_nuclei_Vol.mm3,Matano_etal_1985_a_Table1,Matano et al. (1985) Table 1,10.1159/000156212,Selected_collection,1985,7.59,7.59,0,sole source,1,Selected_collection,1,1,1985
Callithrix jacchus,Medulla_oblongata_Vol.mm3,Stephan_etal_1981_TableIII,Stephan et al. (1981) Table III,10.1159/000155963,Selected_collection,1981,318,318,0,sole source,1,Selected_collection,1,1,1981
Callithrix jacchus,Mesencephalon_Vol.mm3,Stephan_etal_1981_TableIII,Stephan et al. (1981) Table III,10.1159/000155963,Selected_collection,1981,295,295,0,sole source,1,Selected_collection,1,1,1981
Callithrix jacchus,Neocortex_Vol.mm3,Frahm_etal_1982_Table2,Frahm et al. (1982) Table 2,PMID:7161477,Selected_collection,1982,4371,4371,0,sole source,1,Selected_collection,1,1,1982
Callithrix jacchus,Neocortex_grey_matter_Vol.mm3,Frahm_etal_1982_Table2,Frahm et al. (1982) Table 2,PMID:7161477,Selected_collection,1982,3564,3564,0,sole source,1,Selected_collection,1,1,1982
Callithrix jacchus,Neocortex_lamina_1_Vol.mm3,Frahm_etal_1982_Table2,Frahm et al. (1982) Table 2,PMID:7161477,Selected_collection,1982,441.8,441.8,0,sole source,1,Selected_collection,1,1,1982
Callithrix jacchus,Neocortex_laminae_2_6_Vol.mm3,Frahm_etal_1982_Table2,Frahm et al. (1982) Table 2,PMID:7161477,Selected_collection,1982,3122,3122,0,sole source,1,Selected_collection,1,1,1982
Callithrix jacchus,Neocortex_white_matter_Vol.mm3,Frahm_etal_1982_Table2,Frahm et al. (1982) Table 2,PMID:7161477,Selected_collection,1982,807.1,807.1,0,sole source,1,Selected_collection,1,1,1982
Callithrix jacchus,Nucleus_amygdalae_basalis_pars_magnocellularis_Vol.mm3,Stephan_etal_1981_TableXI,Stephan et al. (1981) Table XI,10.1159/000155963,Selected_collection,1981,8.57,8.57,0,sole source,1,Selected_collection,1,1,1981
Callithrix jacchus,Nucleus_habenularis_medialis_Vol.mm3,Stephan_etal_1981_TableXVI,Stephan et al. (1981) Table XVI,10.1159/000155963,Selected_collection,1981,1.63,1.63,0,sole source,1,Selected_collection,1,1,1981
Callithrix jacchus,Nucleus_septalis_triangularis_Vol.mm3,Stephan_etal_1981_TableXVI,Stephan et al. (1981) Table XVI,10.1159/000155963,Selected_collection,1981,0.44,0.44,0,sole source,1,Selected_collection,1,1,1981
Callithrix jacchus,Nucleus_tractus_olfactorius_Vol.mm3,Stephan_etal_1981_TableXI,Stephan et al. (1981) Table XI,10.1159/000155963,Selected_collection,1981,0.195,0.195,0,sole source,1,Selected_collection,1,1,1981
Callithrix jacchus,Nucleus_vestibularis_descendens_Vol.mm3,Matano__1986_TableI,Matano (1986) Table I,10.1159/000156277,NA,NA,NA,5.2,NA,"derived both-hemisphere value (step 7: left+right, or 2x a one-side measurement); cite this source for the one-side figure",NA,Selected_collection,1,1,1986
Callithrix jacchus,Nucleus_vestibularis_descendens_unilateral_Vol.mm3,Matano__1986_TableI,Matano (1986) Table I,10.1159/000156277,Selected_collection,1986,2.6,2.6,0,sole source,1,Selected_collection,1,1,1986
Callithrix jacchus,Nucleus_vestibularis_lateralis_Vol.mm3,Matano__1986_TableI,Matano (1986) Table I,10.1159/000156277,NA,NA,NA,8.14,NA,"derived both-hemisphere value (step 7: left+right, or 2x a one-side measurement); cite this source for the one-side figure",NA,Selected_collection,1,1,1986
Callithrix jacchus,Nucleus_vestibularis_lateralis_unilateral_Vol.mm3,Matano__1986_TableI,Matano (1986) Table I,10.1159/000156277,Selected_collection,1986,4.07,4.07,0,sole source,1,Selected_collection,1,1,1986
Callithrix jacchus,Nucleus_vestibularis_medialis_Vol.mm3,Matano__1986_TableI,Matano (1986) Table I,10.1159/000156277,NA,NA,NA,11.6,NA,"derived both-hemisphere value (step 7: left+right, or 2x a one-side measurement); cite this source for the one-side figure",NA,Selected_collection,1,1,1986
Callithrix jacchus,Nucleus_vestibularis_medialis_unilateral_Vol.mm3,Matano__1986_TableI,Matano (1986) Table I,10.1159/000156277,Selected_collection,1986,5.8,5.8,0,sole source,1,Selected_collection,1,1,1986
Callithrix jacchus,Nucleus_vestibularis_superior_Vol.mm3,Matano__1986_TableI,Matano (1986) Table I,10.1159/000156277,NA,NA,NA,5.38,NA,"derived both-hemisphere value (step 7: left+right, or 2x a one-side measurement); cite this source for the one-side figure",NA,Selected_collection,1,1,1986
Callithrix jacchus,Nucleus_vestibularis_superior_unilateral_Vol.mm3,Matano__1986_TableI,Matano (1986) Table I,10.1159/000156277,Selected_collection,1986,2.69,2.69,0,sole source,1,Selected_collection,1,1,1986
Callithrix jacchus,Palaeocortex_Vol.mm3,Stephan_etal_1981_TableXI,Stephan et al. (1981) Table XI,10.1159/000155963,Selected_collection,1981,99.3,99.3,0,sole source,1,Selected_collection,1,1,1981
Callithrix jacchus,Schizo_cortex_Vol.mm3,Stephan_etal_1981_TableVI,Stephan et al. (1981) Table VI,10.1159/000155963,Selected_collection,1981,90,90,0,sole source,1,Selected_collection,1,1,1981
Callithrix jacchus,Septum_Vol.mm3,Stephan_etal_1981_TableVI,Stephan et al. (1981) Table VI,10.1159/000155963,Selected_collection,1981,49.8,49.8,0,sole source,1,Selected_collection,1,1,1981
Callithrix jacchus,Striatum_Vol.mm3,Stephan_etal_1981_TableVI,Stephan et al. (1981) Table VI,10.1159/000155963,Selected_collection,1981,372,372,0,sole source,1,Selected_collection,1,1,1981
Callithrix jacchus,Telencephalon_Vol.mm3,Stephan_etal_1981_TableIII,Stephan et al. (1981) Table III,10.1159/000155963,Selected_collection,1981,5318,5318,0,sole source,1,Selected_collection,1,1,1981
Callithrix jacchus,Total_brain_net_volume_Vol.mm3,Stephan_etal_1981_TableIII,Stephan et al. (1981) Table III,10.1159/000155963,Selected_collection,1981,7241,7241,0,sole source,1,Selected_collection,1,1,1981
Callithrix jacchus,Ventral_pons_Vol.mm3,Matano_etal_1985_b_Table1,Matano et al. (1985) Table 1,10.1159/000156211,Selected_collection,1985,38.8,38.8,0,sole source,1,Selected_collection,1,1,1985
Callithrix jacchus,Ventricles_Vol.mm3,Stephan_etal_1981_TableIII,Stephan et al. (1981) Table III,10.1159/000155963,Selected_collection,1981,52,52,0,sole source,1,Selected_collection,1,1,1981
Callithrix pygmaea,Area_striata_Vol.mm3,Frahm_etal_1984_Table1,Frahm et al. (1984) Table 1,PMID:6501869,Selected_collection,1984,415,415,0,sole source,1,Selected_collection,1,1,1984
Callithrix pygmaea,Area_striata_grey_matter_Vol.mm3,Frahm_etal_1984_Table1,Frahm et al. (1984) Table 1,PMID:6501869,Selected_collection,1984,363,363,0,sole source,1,Selected_collection,1,1,1984
Callithrix pygmaea,Area_striata_lamina_1_Vol.mm3,Frahm_etal_1984_Table1,Frahm et al. (1984) Table 1,PMID:6501869,Selected_collection,1984,29.7,29.7,0,sole source,1,Selected_collection,1,1,1984
Callithrix pygmaea,Area_striata_laminae_2_6_Vol.mm3,Frahm_etal_1984_Table1,Frahm et al. (1984) Table 1,PMID:6501869,Selected_collection,1984,334,334,0,sole source,1,Selected_collection,1,1,1984
Callithrix pygmaea,Area_striata_white_matter_Vol.mm3,Frahm_etal_1984_Table1,Frahm et al. (1984) Table 1,PMID:6501869,Selected_collection,1984,51.4,51.4,0,sole source,1,Selected_collection,1,1,1984
Callithrix pygmaea,Body_Mass.g,Stephan_etal_1981_TableIII,Stephan et al. (1981) Table III,10.1159/000155963,Selected_collection,1981,140,140,0,reference table used (mass rule: other sources not averaged in),1,Selected_collection,1,1,1981
Callithrix pygmaea,Brain_Mass.mg,Stephan_etal_1981_TableIII,Stephan et al. (1981) Table III,10.1159/000155963,Selected_collection,1981,4500,4500,0,reference table used (mass rule: other sources not averaged in),1,Selected_collection,1,1,1981
Callithrix pygmaea,Bulbus_olfactorius_Vol.mm3,Stephan_etal_1981_TableVI,Stephan et al. (1981) Table VI,10.1159/000155963,Selected_collection,1981,12.3,12.3,0,sole source,1,Selected_collection,1,1,1981
Callithrix pygmaea,Bulbus_olfactorius_accessorius_Vol.mm3,Stephan_etal_1981_TableVI,Stephan et al. (1981) Table VI,10.1159/000155963,Selected_collection,1981,0.386,0.386,0,sole source,1,Selected_collection,1,1,1981
Callithrix pygmaea,Capsula_interna_Vol.mm3,Stephan_etal_1981_TableVIII,Stephan et al. (1981) Table VIII,10.1159/000155963,Selected_collection,1981,21.8,21.8,0,sole source,1,Selected_collection,1,1,1981
Callithrix pygmaea,Cerebellar_nuclei_total_Vol.mm3,Matano_etal_1985_a_Table1,Matano et al. (1985) Table 1,10.1159/000156212,Selected_collection,1985,11.48,11.48,0,sole source,1,Selected_collection,1,1,1985
Callithrix pygmaea,Cerebellum_Vol.mm3,Stephan_etal_1981_TableIII,Stephan et al. (1981) Table III,10.1159/000155963,Selected_collection,1981,468,468,0,sole source,1,Selected_collection,1,1,1981
Callithrix pygmaea,Complexus_vestibularis_Vol.mm3,Matano__1986_TableI,Matano (1986) Table I,10.1159/000156277,NA,NA,NA,22.2,NA,"derived both-hemisphere value (step 7: left+right, or 2x a one-side measurement); cite this source for the one-side figure",NA,Selected_collection,1,1,1986
Callithrix pygmaea,Complexus_vestibularis_unilateral_Vol.mm3,Matano__1986_TableI,Matano (1986) Table I,10.1159/000156277,Selected_collection,1986,11.1,11.1,0,sole source,1,Selected_collection,1,1,1986
Callithrix pygmaea,Diencephalon_Vol.mm3,Stephan_etal_1981_TableIII,Stephan et al. (1981) Table III,10.1159/000155963,Selected_collection,1981,342,342,0,sole source,1,Selected_collection,1,1,1981
Callithrix pygmaea,Epithalamus_Vol.mm3,Stephan_etal_1981_TableVIII,Stephan et al. (1981) Table VIII,10.1159/000155963,Selected_collection,1981,3.68,3.68,0,sole source,1,Selected_collection,1,1,1981
Callithrix pygmaea,Hippocampus_Vol.mm3,Stephan_etal_1981_TableVI,Stephan et al. (1981) Table VI,10.1159/000155963,Selected_collection,1981,133,133,0,sole source,1,Selected_collection,1,1,1981
Callithrix pygmaea,Hypothalamus_Vol.mm3,Stephan_etal_1981_TableVIII,Stephan et al. (1981) Table VIII,10.1159/000155963,Selected_collection,1981,69.2,69.2,0,sole source,1,Selected_collection,1,1,1981
Callithrix pygmaea,Interpositus_cerebellar_nuclei_Vol.mm3,Matano_etal_1985_a_Table1,Matano et al. (1985) Table 1,10.1159/000156212,Selected_collection,1985,3.2,3.2,0,sole source,1,Selected_collection,1,1,1985
Callithrix pygmaea,Lateral_cerebellar_nuclei_Vol.mm3,Matano_etal_1985_a_Table1,Matano et al. (1985) Table 1,10.1159/000156212,Selected_collection,1985,4.35,4.35,0,sole source,1,Selected_collection,1,1,1985
Callithrix pygmaea,Lobus_piriformis_Vol.mm3,Stephan_etal_1981_TableVI,Stephan et al. (1981) Table VI,10.1159/000155963,Selected_collection,1981,133,133,0,sole source,1,Selected_collection,1,1,1981
Callithrix pygmaea,Medial_cerebellar_nuclei_Vol.mm3,Matano_etal_1985_a_Table1,Matano et al. (1985) Table 1,10.1159/000156212,Selected_collection,1985,3.93,3.93,0,sole source,1,Selected_collection,1,1,1985
Callithrix pygmaea,Medulla_oblongata_Vol.mm3,Stephan_etal_1981_TableIII,Stephan et al. (1981) Table III,10.1159/000155963,Selected_collection,1981,201,201,0,sole source,1,Selected_collection,1,1,1981
Callithrix pygmaea,Mesencephalon_Vol.mm3,Stephan_etal_1981_TableIII,Stephan et al. (1981) Table III,10.1159/000155963,Selected_collection,1981,192,192,0,sole source,1,Selected_collection,1,1,1981
Callithrix pygmaea,Neocortex_Vol.mm3,Frahm_etal_1982_Table2,Frahm et al. (1982) Table 2,PMID:7161477,Selected_collection,1982,2534,2534,0,sole source,1,Selected_collection,1,1,1982
Callithrix pygmaea,Neocortex_grey_matter_Vol.mm3,Frahm_etal_1982_Table2,Frahm et al. (1982) Table 2,PMID:7161477,Selected_collection,1982,2139,2139,0,sole source,1,Selected_collection,1,1,1982
Callithrix pygmaea,Neocortex_lamina_1_Vol.mm3,Frahm_etal_1982_Table2,Frahm et al. (1982) Table 2,PMID:7161477,Selected_collection,1982,223.7,223.7,0,sole source,1,Selected_collection,1,1,1982
Callithrix pygmaea,Neocortex_laminae_2_6_Vol.mm3,Frahm_etal_1982_Table2,Frahm et al. (1982) Table 2,PMID:7161477,Selected_collection,1982,1915,1915,0,sole source,1,Selected_collection,1,1,1982
Callithrix pygmaea,Neocortex_white_matter_Vol.mm3,Frahm_etal_1982_Table2,Frahm et al. (1982) Table 2,PMID:7161477,Selected_collection,1982,395.3,395.3,0,sole source,1,Selected_collection,1,1,1982
Callithrix pygmaea,Nucleus_subthalamicus_Vol.mm3,Stephan_etal_1981_TableVIII,Stephan et al. (1981) Table VIII,10.1159/000155963,Selected_collection,1981,1.95,1.95,0,sole source,1,Selected_collection,1,1,1981
Callithrix pygmaea,Nucleus_vestibularis_descendens_Vol.mm3,Matano__1986_TableI,Matano (1986) Table I,10.1159/000156277,NA,NA,NA,3.92,NA,"derived both-hemisphere value (step 7: left+right, or 2x a one-side measurement); cite this source for the one-side figure",NA,Selected_collection,1,1,1986
Callithrix pygmaea,Nucleus_vestibularis_descendens_unilateral_Vol.mm3,Matano__1986_TableI,Matano (1986) Table I,10.1159/000156277,Selected_collection,1986,1.96,1.96,0,sole source,1,Selected_collection,1,1,1986
Callithrix pygmaea,Nucleus_vestibularis_lateralis_Vol.mm3,Matano__1986_TableI,Matano (1986) Table I,10.1159/000156277,NA,NA,NA,5.88,NA,"derived both-hemisphere value (step 7: left+right, or 2x a one-side measurement); cite this source for the one-side figure",NA,Selected_collection,1,1,1986
Callithrix pygmaea,Nucleus_vestibularis_lateralis_unilateral_Vol.mm3,Matano__1986_TableI,Matano (1986) Table I,10.1159/000156277,Selected_collection,1986,2.94,2.94,0,sole source,1,Selected_collection,1,1,1986
Callithrix pygmaea,Nucleus_vestibularis_medialis_Vol.mm3,Matano__1986_TableI,Matano (1986) Table I,10.1159/000156277,NA,NA,NA,8.22,NA,"derived both-hemisphere value (step 7: left+right, or 2x a one-side measurement); cite this source for the one-side figure",NA,Selected_collection,1,1,1986
Callithrix pygmaea,Nucleus_vestibularis_medialis_unilateral_Vol.mm3,Matano__1986_TableI,Matano (1986) Table I,10.1159/000156277,Selected_collection,1986,4.11,4.11,0,sole source,1,Selected_collection,1,1,1986
Callithrix pygmaea,Nucleus_vestibularis_superior_Vol.mm3,Matano__1986_TableI,Matano (1986) Table I,10.1159/000156277,NA,NA,NA,4.2,NA,"derived both-hemisphere value (step 7: left+right, or 2x a one-side measurement); cite this source for the one-side figure",NA,Selected_collection,1,1,1986
Callithrix pygmaea,Nucleus_vestibularis_superior_unilateral_Vol.mm3,Matano__1986_TableI,Matano (1986) Table I,10.1159/000156277,Selected_collection,1986,2.1,2.1,0,sole source,1,Selected_collection,1,1,1986
Callithrix pygmaea,Pallidum_Vol.mm3,Stephan_etal_1981_TableVIII,Stephan et al. (1981) Table VIII,10.1159/000155963,Selected_collection,1981,25.8,25.8,0,sole source,1,Selected_collection,1,1,1981
Callithrix pygmaea,Schizo_cortex_Vol.mm3,Stephan_etal_1981_TableVI,Stephan et al. (1981) Table VI,10.1159/000155963,Selected_collection,1981,81.8,81.8,0,sole source,1,Selected_collection,1,1,1981
Callithrix pygmaea,Septum_Vol.mm3,Stephan_etal_1981_TableVI,Stephan et al. (1981) Table VI,10.1159/000155963,Selected_collection,1981,29.2,29.2,0,sole source,1,Selected_collection,1,1,1981
Callithrix pygmaea,Striatum_Vol.mm3,Stephan_etal_1981_TableVI,Stephan et al. (1981) Table VI,10.1159/000155963,Selected_collection,1981,174,174,0,sole source,1,Selected_collection,1,1,1981
Callithrix pygmaea,Subthalamus_Vol.mm3,Stephan_etal_1981_TableVIII,Stephan et al. (1981) Table VIII,10.1159/000155963,Selected_collection,1981,27.7,27.7,0,sole source,1,Selected_collection,1,1,1981
Callithrix pygmaea,Telencephalon_Vol.mm3,Stephan_etal_1981_TableIII,Stephan et al. (1981) Table III,10.1159/000155963,Selected_collection,1981,3099,3099,0,sole source,1,Selected_collection,1,1,1981
Callithrix pygmaea,Thalamus_Vol.mm3,Stephan_etal_1981_TableVIII,Stephan et al. (1981) Table VIII,10.1159/000155963,Selected_collection,1981,190,190,0,sole source,1,Selected_collection,1,1,1981
Callithrix pygmaea,Total_brain_net_volume_Vol.mm3,Stephan_etal_1981_TableIII,Stephan et al. (1981) Table III,10.1159/000155963,Selected_collection,1981,4302,4302,0,sole source,1,Selected_collection,1,1,1981
Callithrix pygmaea,Tractus_opticus_Vol.mm3,Stephan_etal_1981_TableVIII,Stephan et al. (1981) Table VIII,10.1159/000155963,Selected_collection,1981,23.8,23.8,0,sole source,1,Selected_collection,1,1,1981
Callithrix pygmaea,Ventral_pons_Vol.mm3,Matano_etal_1985_b_Table1,Matano et al. (1985) Table 1,10.1159/000156211,Selected_collection,1985,17.5,17.5,0,sole source,1,Selected_collection,1,1,1985
Callithrix pygmaea,Ventricles_Vol.mm3,Stephan_etal_1981_TableIII,Stephan et al. (1981) Table III,10.1159/000155963,Selected_collection,1981,24.5,24.5,0,sole source,1,Selected_collection,1,1,1981
Cebuella pygmaea,Agranular_insular_cortex_Vol.mm3,Bauernfeind_etal_2013_Table1,Bauernfeind et al. (2013) Table 1,10.1016/j.jhevol.2012.12.003,NA,NA,NA,2,NA,"derived both-hemisphere value (step 7: left+right, or 2x a one-side measurement); cite this source for the one-side figure",NA,Selected_collection,1,1,2013
Cebuella pygmaea,Agranular_insular_cortex_left_Vol.mm3,Bauernfeind_etal_2013_Table1,Bauernfeind et al. (2013) Table 1,10.1016/j.jhevol.2012.12.003,Selected_collection,2013,1,1,0,sole source,1,Selected_collection,1,1,2013
Cebuella pygmaea,Body_Mass.g,Bauernfeind_etal_2013_Table1,Bauernfeind et al. (2013) Table 1,10.1016/j.jhevol.2012.12.003,Selected_collection,2013,110,110,0,reference table used (mass rule: other sources not averaged in),1,Selected_collection,1,1,2013
Cebuella pygmaea,Brain_Mass.mg,Bauernfeind_etal_2013_Table1,Bauernfeind et al. (2013) Table 1,10.1016/j.jhevol.2012.12.003,Selected_collection,2013,4.2,4.2,0,reference table used (mass rule: other sources not averaged in),1,Selected_collection,1,1,2013
Cebuella pygmaea,Dysgranular_insular_cortex_Vol.mm3,Bauernfeind_etal_2013_Table1,Bauernfeind et al. (2013) Table 1,10.1016/j.jhevol.2012.12.003,NA,NA,NA,14,NA,"derived both-hemisphere value (step 7: left+right, or 2x a one-side measurement); cite this source for the one-side figure",NA,Selected_collection,1,1,2013
Cebuella pygmaea,Dysgranular_insular_cortex_left_Vol.mm3,Bauernfeind_etal_2013_Table1,Bauernfeind et al. (2013) Table 1,10.1016/j.jhevol.2012.12.003,Selected_collection,2013,7,7,0,sole source,1,Selected_collection,1,1,2013
Cebuella pygmaea,Granular_insular_cortex_Vol.mm3,Bauernfeind_etal_2013_Table1,Bauernfeind et al. (2013) Table 1,10.1016/j.jhevol.2012.12.003,NA,NA,NA,6,NA,"derived both-hemisphere value (step 7: left+right, or 2x a one-side measurement); cite this source for the one-side figure",NA,Selected_collection,1,1,2013
Cebuella pygmaea,Granular_insular_cortex_left_Vol.mm3,Bauernfeind_etal_2013_Table1,Bauernfeind et al. (2013) Table 1,10.1016/j.jhevol.2012.12.003,Selected_collection,2013,3,3,0,sole source,1,Selected_collection,1,1,2013
Cebuella pygmaea,Insula_Vol.mm3,Bauernfeind_etal_2013_Table1,Bauernfeind et al. (2013) Table 1,10.1016/j.jhevol.2012.12.003,NA,NA,NA,22,NA,"derived both-hemisphere value (step 7: left+right, or 2x a one-side measurement); cite this source for the one-side figure",NA,Selected_collection,1,1,2013
Cebuella pygmaea,Insula_left_Vol.mm3,Bauernfeind_etal_2013_Table1,Bauernfeind et al. (2013) Table 1,10.1016/j.jhevol.2012.12.003,Selected_collection,2013,11,11,0,sole source,1,Selected_collection,1,1,2013
Cebuella pygmaea,Total_brain_net_volume_Vol.mm3,Bauernfeind_etal_2013_Table1,Bauernfeind et al. (2013) Table 1,10.1016/j.jhevol.2012.12.003,Selected_collection,2013,4005.8,4005.8,0,sole source,1,Selected_collection,1,1,2013
Cebus albifrons,Agranular_insular_cortex_Vol.mm3,Bauernfeind_etal_2013_Table1,Bauernfeind et al. (2013) Table 1,10.1016/j.jhevol.2012.12.003,NA,NA,NA,68,NA,"derived both-hemisphere value (step 7: left+right, or 2x a one-side measurement); cite this source for the one-side figure",NA,Selected_collection,1,1,2013
Cebus albifrons,Agranular_insular_cortex_left_Vol.mm3,Bauernfeind_etal_2013_Table1,Bauernfeind et al. (2013) Table 1,10.1016/j.jhevol.2012.12.003,Selected_collection,2013,34,34,0,sole source,1,Selected_collection,1,1,2013
Cebus albifrons,Amygdala_Vol.mm3,Stephan_etal_1981_TableXI,Stephan et al. (1981) Table XI,10.1159/000155963,Selected_collection,1981,502,502,0,sole source,1,Selected_collection,1,1,1981
Cebus albifrons,Area_striata_Vol.mm3,Frahm_etal_1984_Table1,Frahm et al. (1984) Table 1,PMID:6501869,Selected_collection,1984,4703,4703,0,sole source,1,Selected_collection,1,1,1984
Cebus albifrons,Area_striata_grey_matter_Vol.mm3,Frahm_etal_1984_Table1,Frahm et al. (1984) Table 1,PMID:6501869,Selected_collection,1984,3764,3764,0,sole source,1,Selected_collection,1,1,1984
Cebus albifrons,Area_striata_lamina_1_Vol.mm3,Frahm_etal_1984_Table1,Frahm et al. (1984) Table 1,PMID:6501869,Selected_collection,1984,365,365,0,sole source,1,Selected_collection,1,1,1984
Cebus albifrons,Area_striata_laminae_2_6_Vol.mm3,Frahm_etal_1984_Table1,Frahm et al. (1984) Table 1,PMID:6501869,Selected_collection,1984,3399,3399,0,sole source,1,Selected_collection,1,1,1984
Cebus albifrons,Area_striata_white_matter_Vol.mm3,Frahm_etal_1984_Table1,Frahm et al. (1984) Table 1,PMID:6501869,Selected_collection,1984,939,939,0,sole source,1,Selected_collection,1,1,1984
Cebus albifrons,Body_Mass.g,Stephan_etal_1981_TableIII,Stephan et al. (1981) Table III,10.1159/000155963,Selected_collection,1981,3100,3100,0,reference table used (mass rule: other sources not averaged in),1,Selected_collection,1,1,1981
Cebus albifrons,Brain_Mass.mg,Stephan_etal_1981_TableIII,Stephan et al. (1981) Table III,10.1159/000155963,Selected_collection,1981,71000,71000,0,reference table used (mass rule: other sources not averaged in),1,Selected_collection,1,1,1981
Cebus albifrons,Bulbus_olfactorius_Vol.mm3,Stephan_etal_1981_TableVI,Stephan et al. (1981) Table VI,10.1159/000155963,Selected_collection,1981,39.9,39.9,0,sole source,1,Selected_collection,1,1,1981
Cebus albifrons,Bulbus_olfactorius_accessorius_Vol.mm3,Stephan_etal_1981_TableVI,Stephan et al. (1981) Table VI,10.1159/000155963,Selected_collection,1981,0.667,0.667,0,sole source,1,Selected_collection,1,1,1981
Cebus albifrons,Capsula_interna_Vol.mm3,Stephan_etal_1981_TableVIII,Stephan et al. (1981) Table VIII,10.1159/000155963,Selected_collection,1981,549,549,0,sole source,1,Selected_collection,1,1,1981
Cebus albifrons,Cerebellar_nuclei_total_Vol.mm3,Matano_etal_1985_a_Table1,Matano et al. (1985) Table 1,10.1159/000156212,Selected_collection,1985,173.18,173.18,0,sole source,1,Selected_collection,1,1,1985
Cebus albifrons,Cerebellum_Vol.mm3,Stephan_etal_1981_TableIII,Stephan et al. (1981) Table III,10.1159/000155963,Selected_collection,1981,7871,7871,0,sole source,1,Selected_collection,1,1,1981
Cebus albifrons,Complexus_centromedialis_Vol.mm3,Stephan_etal_1981_TableXI,Stephan et al. (1981) Table XI,10.1159/000155963,Selected_collection,1981,118,118,0,sole source,1,Selected_collection,1,1,1981
Cebus albifrons,Complexus_corticobasolateralis_Vol.mm3,Stephan_etal_1981_TableXI,Stephan et al. (1981) Table XI,10.1159/000155963,Selected_collection,1981,384,384,0,sole source,1,Selected_collection,1,1,1981
Cebus albifrons,Complexus_vestibularis_Vol.mm3,Matano__1986_TableI,Matano (1986) Table I,10.1159/000156277,NA,NA,NA,100.4,NA,"derived both-hemisphere value (step 7: left+right, or 2x a one-side measurement); cite this source for the one-side figure",NA,Selected_collection,1,1,1986
Cebus albifrons,Complexus_vestibularis_unilateral_Vol.mm3,Matano__1986_TableI,Matano (1986) Table I,10.1159/000156277,Selected_collection,1986,50.2,50.2,0,sole source,1,Selected_collection,1,1,1986
Cebus albifrons,Corpus_geniculatum_laterale_Vol.mm3,Stephan_etal_1984_Table1,Stephan et al. (1984) Table 1,PMID:6481154,Selected_collection,1984,137,137,0,sole source,1,Selected_collection,1,1,1984
Cebus albifrons,Corpus_pineal_Vol.mm3,Stephan_etal_1981_TableXVI,Stephan et al. (1981) Table XVI,10.1159/000155963,Selected_collection,1981,3.8,3.8,0,sole source,1,Selected_collection,1,1,1981
Cebus albifrons,Corpus_subcommissurale_Vol.mm3,Stephan_etal_1981_TableXVI,Stephan et al. (1981) Table XVI,10.1159/000155963,Selected_collection,1981,0.425,0.425,0,sole source,1,Selected_collection,1,1,1981
Cebus albifrons,Corpus_subfornicale_Vol.mm3,Stephan_etal_1981_TableXVI,Stephan et al. (1981) Table XVI,10.1159/000155963,Selected_collection,1981,0.41,0.41,0,sole source,1,Selected_collection,1,1,1981
Cebus albifrons,Diencephalon_Vol.mm3,Stephan_etal_1981_TableIII,Stephan et al. (1981) Table III,10.1159/000155963,Selected_collection,1981,3996,3996,0,sole source,1,Selected_collection,1,1,1981
Cebus albifrons,Dysgranular_insular_cortex_Vol.mm3,Bauernfeind_etal_2013_Table1,Bauernfeind et al. (2013) Table 1,10.1016/j.jhevol.2012.12.003,NA,NA,NA,310,NA,"derived both-hemisphere value (step 7: left+right, or 2x a one-side measurement); cite this source for the one-side figure",NA,Selected_collection,1,1,2013
Cebus albifrons,Dysgranular_insular_cortex_left_Vol.mm3,Bauernfeind_etal_2013_Table1,Bauernfeind et al. (2013) Table 1,10.1016/j.jhevol.2012.12.003,Selected_collection,2013,155,155,0,sole source,1,Selected_collection,1,1,2013
Cebus albifrons,Epithalamus_Vol.mm3,Stephan_etal_1981_TableVIII,Stephan et al. (1981) Table VIII,10.1159/000155963,Selected_collection,1981,23.7,23.7,0,sole source,1,Selected_collection,1,1,1981
Cebus albifrons,Granular_insular_cortex_Vol.mm3,Bauernfeind_etal_2013_Table1,Bauernfeind et al. (2013) Table 1,10.1016/j.jhevol.2012.12.003,NA,NA,NA,216,NA,"derived both-hemisphere value (step 7: left+right, or 2x a one-side measurement); cite this source for the one-side figure",NA,Selected_collection,1,1,2013
Cebus albifrons,Granular_insular_cortex_left_Vol.mm3,Bauernfeind_etal_2013_Table1,Bauernfeind et al. (2013) Table 1,10.1016/j.jhevol.2012.12.003,Selected_collection,2013,108,108,0,sole source,1,Selected_collection,1,1,2013
Cebus albifrons,Hippocampus_Vol.mm3,Stephan_etal_1981_TableVI,Stephan et al. (1981) Table VI,10.1159/000155963,Selected_collection,1981,890,890,0,sole source,1,Selected_collection,1,1,1981
Cebus albifrons,Hypothalamus_Vol.mm3,Stephan_etal_1981_TableVIII,Stephan et al. (1981) Table VIII,10.1159/000155963,Selected_collection,1981,418,418,0,sole source,1,Selected_collection,1,1,1981
Cebus albifrons,Insula_Vol.mm3,Bauernfeind_etal_2013_Table1,Bauernfeind et al. (2013) Table 1,10.1016/j.jhevol.2012.12.003,NA,NA,NA,594,NA,"derived both-hemisphere value (step 7: left+right, or 2x a one-side measurement); cite this source for the one-side figure",NA,Selected_collection,1,1,2013
Cebus albifrons,Insula_left_Vol.mm3,Bauernfeind_etal_2013_Table1,Bauernfeind et al. (2013) Table 1,10.1016/j.jhevol.2012.12.003,Selected_collection,2013,297,297,0,sole source,1,Selected_collection,1,1,2013
Cebus albifrons,Interpositus_cerebellar_nuclei_Vol.mm3,Matano_etal_1985_a_Table1,Matano et al. (1985) Table 1,10.1159/000156212,Selected_collection,1985,38.98,38.98,0,sole source,1,Selected_collection,1,1,1985
Cebus albifrons,Lateral_cerebellar_nuclei_Vol.mm3,Matano_etal_1985_a_Table1,Matano et al. (1985) Table 1,10.1159/000156212,Selected_collection,1985,99.52,99.52,0,sole source,1,Selected_collection,1,1,1985
Cebus albifrons,Lobus_piriformis_Vol.mm3,Stephan_etal_1981_TableVI,Stephan et al. (1981) Table VI,10.1159/000155963,Selected_collection,1981,931,931,0,sole source,1,Selected_collection,1,1,1981
Cebus albifrons,Medial_cerebellar_nuclei_Vol.mm3,Matano_etal_1985_a_Table1,Matano et al. (1985) Table 1,10.1159/000156212,Selected_collection,1985,34.68,34.68,0,sole source,1,Selected_collection,1,1,1985
Cebus albifrons,Medulla_oblongata_Vol.mm3,Stephan_etal_1981_TableIII,Stephan et al. (1981) Table III,10.1159/000155963,Selected_collection,1981,1738,1738,0,sole source,1,Selected_collection,1,1,1981
Cebus albifrons,Mesencephalon_Vol.mm3,Stephan_etal_1981_TableIII,Stephan et al. (1981) Table III,10.1159/000155963,Selected_collection,1981,1221,1221,0,sole source,1,Selected_collection,1,1,1981
Cebus albifrons,Neocortex_Vol.mm3,Frahm_etal_1982_Table2,Frahm et al. (1982) Table 2,PMID:7161477,Selected_collection,1982,46429,46429,0,sole source,1,Selected_collection,1,1,1982
Cebus albifrons,Neocortex_grey_matter_Vol.mm3,Frahm_etal_1982_Table2,Frahm et al. (1982) Table 2,PMID:7161477,Selected_collection,1982,30630,30630,0,sole source,1,Selected_collection,1,1,1982
Cebus albifrons,Neocortex_lamina_1_Vol.mm3,Frahm_etal_1982_Table2,Frahm et al. (1982) Table 2,PMID:7161477,Selected_collection,1982,3607,3607,0,sole source,1,Selected_collection,1,1,1982
Cebus albifrons,Neocortex_laminae_2_6_Vol.mm3,Frahm_etal_1982_Table2,Frahm et al. (1982) Table 2,PMID:7161477,Selected_collection,1982,27023,27023,0,sole source,1,Selected_collection,1,1,1982
Cebus albifrons,Neocortex_white_matter_Vol.mm3,Frahm_etal_1982_Table2,Frahm et al. (1982) Table 2,PMID:7161477,Selected_collection,1982,15799,15799,0,sole source,1,Selected_collection,1,1,1982
Cebus albifrons,Nucleus_amygdalae_basalis_pars_magnocellularis_Vol.mm3,Stephan_etal_1981_TableXI,Stephan et al. (1981) Table XI,10.1159/000155963,Selected_collection,1981,41,41,0,sole source,1,Selected_collection,1,1,1981
Cebus albifrons,Nucleus_habenularis_medialis_Vol.mm3,Stephan_etal_1981_TableXVI,Stephan et al. (1981) Table XVI,10.1159/000155963,Selected_collection,1981,4.9,4.9,0,sole source,1,Selected_collection,1,1,1981
Cebus albifrons,Nucleus_septalis_triangularis_Vol.mm3,Stephan_etal_1981_TableXVI,Stephan et al. (1981) Table XVI,10.1159/000155963,Selected_collection,1981,1.5,1.5,0,sole source,1,Selected_collection,1,1,1981
Cebus albifrons,Nucleus_subthalamicus_Vol.mm3,Stephan_etal_1981_TableVIII,Stephan et al. (1981) Table VIII,10.1159/000155963,Selected_collection,1981,41.7,41.7,0,sole source,1,Selected_collection,1,1,1981
Cebus albifrons,Nucleus_tractus_olfactorius_Vol.mm3,Stephan_etal_1981_TableXI,Stephan et al. (1981) Table XI,10.1159/000155963,Selected_collection,1981,0,0,NA,sole source,1,Selected_collection,1,1,1981
Cebus albifrons,Nucleus_vestibularis_descendens_Vol.mm3,Matano__1986_TableI,Matano (1986) Table I,10.1159/000156277,NA,NA,NA,24.6,NA,"derived both-hemisphere value (step 7: left+right, or 2x a one-side measurement); cite this source for the one-side figure",NA,Selected_collection,1,1,1986
Cebus albifrons,Nucleus_vestibularis_descendens_unilateral_Vol.mm3,Matano__1986_TableI,Matano (1986) Table I,10.1159/000156277,Selected_collection,1986,12.3,12.3,0,sole source,1,Selected_collection,1,1,1986
Cebus albifrons,Nucleus_vestibularis_lateralis_Vol.mm3,Matano__1986_TableI,Matano (1986) Table I,10.1159/000156277,NA,NA,NA,14.9,NA,"derived both-hemisphere value (step 7: left+right, or 2x a one-side measurement); cite this source for the one-side figure",NA,Selected_collection,1,1,1986
Cebus albifrons,Nucleus_vestibularis_lateralis_unilateral_Vol.mm3,Matano__1986_TableI,Matano (1986) Table I,10.1159/000156277,Selected_collection,1986,7.45,7.45,0,sole source,1,Selected_collection,1,1,1986
Cebus albifrons,Nucleus_vestibularis_medialis_Vol.mm3,Matano__1986_TableI,Matano (1986) Table I,10.1159/000156277,NA,NA,NA,38.4,NA,"derived both-hemisphere value (step 7: left+right, or 2x a one-side measurement); cite this source for the one-side figure",NA,Selected_collection,1,1,1986
Cebus albifrons,Nucleus_vestibularis_medialis_unilateral_Vol.mm3,Matano__1986_TableI,Matano (1986) Table I,10.1159/000156277,Selected_collection,1986,19.2,19.2,0,sole source,1,Selected_collection,1,1,1986
Cebus albifrons,Nucleus_vestibularis_superior_Vol.mm3,Matano__1986_TableI,Matano (1986) Table I,10.1159/000156277,NA,NA,NA,22.4,NA,"derived both-hemisphere value (step 7: left+right, or 2x a one-side measurement); cite this source for the one-side figure",NA,Selected_collection,1,1,1986
Cebus albifrons,Nucleus_vestibularis_superior_unilateral_Vol.mm3,Matano__1986_TableI,Matano (1986) Table I,10.1159/000156277,Selected_collection,1986,11.2,11.2,0,sole source,1,Selected_collection,1,1,1986
Cebus albifrons,Palaeocortex_Vol.mm3,Stephan_etal_1981_TableXI,Stephan et al. (1981) Table XI,10.1159/000155963,Selected_collection,1981,567,567,0,sole source,1,Selected_collection,1,1,1981
Cebus albifrons,Pallidum_Vol.mm3,Stephan_etal_1981_TableVIII,Stephan et al. (1981) Table VIII,10.1159/000155963,Selected_collection,1981,567,567,0,sole source,1,Selected_collection,1,1,1981
Cebus albifrons,Schizo_cortex_Vol.mm3,Stephan_etal_1981_TableVI,Stephan et al. (1981) Table VI,10.1159/000155963,Selected_collection,1981,390,390,0,sole source,1,Selected_collection,1,1,1981
Cebus albifrons,Septum_Vol.mm3,Stephan_etal_1981_TableVI,Stephan et al. (1981) Table VI,10.1159/000155963,Selected_collection,1981,174,174,0,sole source,1,Selected_collection,1,1,1981
Cebus albifrons,Striatum_Vol.mm3,Stephan_etal_1981_TableVI,Stephan et al. (1981) Table VI,10.1159/000155963,Selected_collection,1981,3258,3258,0,sole source,1,Selected_collection,1,1,1981
Cebus albifrons,Subthalamus_Vol.mm3,Stephan_etal_1981_TableVIII,Stephan et al. (1981) Table VIII,10.1159/000155963,Selected_collection,1981,609,609,0,sole source,1,Selected_collection,1,1,1981
Cebus albifrons,Telencephalon_Vol.mm3,Stephan_etal_1981_TableIII,Stephan et al. (1981) Table III,10.1159/000155963,Selected_collection,1981,52113,52113,0,sole source,1,Selected_collection,1,1,1981
Cebus albifrons,Thalamus_Vol.mm3,Stephan_etal_1981_TableVIII,Stephan et al. (1981) Table VIII,10.1159/000155963,Selected_collection,1981,2163,2163,0,sole source,1,Selected_collection,1,1,1981
Cebus albifrons,Total_brain_net_volume_Vol.mm3,Bauernfeind_etal_2013_Table1,Bauernfeind et al. (2013) Table 1,10.1016/j.jhevol.2012.12.003,Selected_collection,2013,77027,77027,0,sole source,1,Selected_collection,1,1,2013
Cebus albifrons,Tractus_opticus_Vol.mm3,Stephan_etal_1981_TableVIII,Stephan et al. (1981) Table VIII,10.1159/000155963,Selected_collection,1981,207,207,0,sole source,1,Selected_collection,1,1,1981
Cebus albifrons,Ventral_pons_Vol.mm3,Matano_etal_1985_b_Table1,Matano et al. (1985) Table 1,10.1159/000156211,Selected_collection,1985,682.2,682.2,0,sole source,1,Selected_collection,1,1,1985
Cebus albifrons,Ventricles_Vol.mm3,Stephan_etal_1981_TableIII,Stephan et al. (1981) Table III,10.1159/000155963,Selected_collection,1981,729,729,0,sole source,1,Selected_collection,1,1,1981
Cercocebus agilis,Agranular_insular_cortex_Vol.mm3,Bauernfeind_etal_2013_Table1,Bauernfeind et al. (2013) Table 1,10.1016/j.jhevol.2012.12.003,NA,NA,NA,210,NA,"derived both-hemisphere value (step 7: left+right, or 2x a one-side measurement); cite this source for the one-side figure",NA,Selected_collection,1,1,2013
Cercocebus agilis,Agranular_insular_cortex_left_Vol.mm3,Bauernfeind_etal_2013_Table1,Bauernfeind et al. (2013) Table 1,10.1016/j.jhevol.2012.12.003,Selected_collection,2013,105,105,0,sole source,1,Selected_collection,1,1,2013
Cercocebus agilis,Body_Mass.g,Bauernfeind_etal_2013_Table1,Bauernfeind et al. (2013) Table 1,10.1016/j.jhevol.2012.12.003,Selected_collection,2013,5660,5660,0,reference table used (mass rule: other sources not averaged in),1,Selected_collection,1,1,2013
Cercocebus agilis,Brain_Mass.mg,Bauernfeind_etal_2013_Table1,Bauernfeind et al. (2013) Table 1,10.1016/j.jhevol.2012.12.003,Selected_collection,2013,95.3,95.3,0,reference table used (mass rule: other sources not averaged in),1,Selected_collection,1,1,2013
Cercocebus agilis,Dysgranular_insular_cortex_Vol.mm3,Bauernfeind_etal_2013_Table1,Bauernfeind et al. (2013) Table 1,10.1016/j.jhevol.2012.12.003,NA,NA,NA,232,NA,"derived both-hemisphere value (step 7: left+right, or 2x a one-side measurement); cite this source for the one-side figure",NA,Selected_collection,1,1,2013
Cercocebus agilis,Dysgranular_insular_cortex_left_Vol.mm3,Bauernfeind_etal_2013_Table1,Bauernfeind et al. (2013) Table 1,10.1016/j.jhevol.2012.12.003,Selected_collection,2013,116,116,0,sole source,1,Selected_collection,1,1,2013
Cercocebus agilis,Granular_insular_cortex_Vol.mm3,Bauernfeind_etal_2013_Table1,Bauernfeind et al. (2013) Table 1,10.1016/j.jhevol.2012.12.003,NA,NA,NA,316,NA,"derived both-hemisphere value (step 7: left+right, or 2x a one-side measurement); cite this source for the one-side figure",NA,Selected_collection,1,1,2013
Cercocebus agilis,Granular_insular_cortex_left_Vol.mm3,Bauernfeind_etal_2013_Table1,Bauernfeind et al. (2013) Table 1,10.1016/j.jhevol.2012.12.003,Selected_collection,2013,158,158,0,sole source,1,Selected_collection,1,1,2013
Cercocebus agilis,Insula_Vol.mm3,Bauernfeind_etal_2013_Table1,Bauernfeind et al. (2013) Table 1,10.1016/j.jhevol.2012.12.003,NA,NA,NA,758,NA,"derived both-hemisphere value (step 7: left+right, or 2x a one-side measurement); cite this source for the one-side figure",NA,Selected_collection,1,1,2013
Cercocebus agilis,Insula_left_Vol.mm3,Bauernfeind_etal_2013_Table1,Bauernfeind et al. (2013) Table 1,10.1016/j.jhevol.2012.12.003,Selected_collection,2013,379,379,0,sole source,1,Selected_collection,1,1,2013
Cercocebus agilis,Total_brain_net_volume_Vol.mm3,Bauernfeind_etal_2013_Table1,Bauernfeind et al. (2013) Table 1,10.1016/j.jhevol.2012.12.003,Selected_collection,2013,91988,91988,0,sole source,1,Selected_collection,1,1,2013
Cercopithecus ascanius,Amygdala_Vol.mm3,Stephan_etal_1981_TableXI,Stephan et al. (1981) Table XI,10.1159/000155963,Selected_collection,1981,601,601,0,sole source,1,Selected_collection,1,1,1981
Cercopithecus ascanius,Area_striata_Vol.mm3,Frahm_etal_1984_Table1,Frahm et al. (1984) Table 1,PMID:6501869,Selected_collection,1984,5106,5106,0,sole source,1,Selected_collection,1,1,1984
Cercopithecus ascanius,Area_striata_grey_matter_Vol.mm3,Frahm_etal_1984_Table1,Frahm et al. (1984) Table 1,PMID:6501869,Selected_collection,1984,4272,4272,0,sole source,1,Selected_collection,1,1,1984
Cercopithecus ascanius,Area_striata_lamina_1_Vol.mm3,Frahm_etal_1984_Table1,Frahm et al. (1984) Table 1,PMID:6501869,Selected_collection,1984,416,416,0,sole source,1,Selected_collection,1,1,1984
Cercopithecus ascanius,Area_striata_laminae_2_6_Vol.mm3,Frahm_etal_1984_Table1,Frahm et al. (1984) Table 1,PMID:6501869,Selected_collection,1984,3855,3855,0,sole source,1,Selected_collection,1,1,1984
Cercopithecus ascanius,Area_striata_white_matter_Vol.mm3,Frahm_etal_1984_Table1,Frahm et al. (1984) Table 1,PMID:6501869,Selected_collection,1984,834,834,0,sole source,1,Selected_collection,1,1,1984
Cercopithecus ascanius,Body_Mass.g,Stephan_etal_1981_TableIII,Stephan et al. (1981) Table III,10.1159/000155963,Selected_collection,1981,3400,3400,0,reference table used (mass rule: other sources not averaged in),1,Selected_collection,1,1,1981
Cercopithecus ascanius,Brain_Mass.mg,Stephan_etal_1981_TableIII,Stephan et al. (1981) Table III,10.1159/000155963,Selected_collection,1981,67000,67000,0,reference table used (mass rule: other sources not averaged in),1,Selected_collection,1,1,1981
Cercopithecus ascanius,Bulbus_olfactorius_Vol.mm3,Stephan_etal_1981_TableVI,Stephan et al. (1981) Table VI,10.1159/000155963,Selected_collection,1981,99.5,99.5,0,sole source,1,Selected_collection,1,1,1981
Cercopithecus ascanius,Bulbus_olfactorius_accessorius_Vol.mm3,Stephan_etal_1981_TableVI,Stephan et al. (1981) Table VI,10.1159/000155963,Selected_collection,1981,0,0,NA,sole source,1,Selected_collection,1,1,1981
Cercopithecus ascanius,Capsula_interna_Vol.mm3,Stephan_etal_1981_TableVIII,Stephan et al. (1981) Table VIII,10.1159/000155963,Selected_collection,1981,421,421,0,sole source,1,Selected_collection,1,1,1981
Cercopithecus ascanius,Cerebellar_nuclei_total_Vol.mm3,Matano_etal_1985_a_Table1,Matano et al. (1985) Table 1,10.1159/000156212,Selected_collection,1985,143.98,143.98,0,sole source,1,Selected_collection,1,1,1985
Cercopithecus ascanius,Cerebellum_Vol.mm3,Stephan_etal_1981_TableIII,Stephan et al. (1981) Table III,10.1159/000155963,Selected_collection,1981,5828,5828,0,sole source,1,Selected_collection,1,1,1981
Cercopithecus ascanius,Complexus_centromedialis_Vol.mm3,Stephan_etal_1981_TableXI,Stephan et al. (1981) Table XI,10.1159/000155963,Selected_collection,1981,136,136,0,sole source,1,Selected_collection,1,1,1981
Cercopithecus ascanius,Complexus_corticobasolateralis_Vol.mm3,Stephan_etal_1981_TableXI,Stephan et al. (1981) Table XI,10.1159/000155963,Selected_collection,1981,465,465,0,sole source,1,Selected_collection,1,1,1981
Cercopithecus ascanius,Complexus_vestibularis_Vol.mm3,Matano__1986_TableI,Matano (1986) Table I,10.1159/000156277,NA,NA,NA,104.2,NA,"derived both-hemisphere value (step 7: left+right, or 2x a one-side measurement); cite this source for the one-side figure",NA,Selected_collection,1,1,1986
Cercopithecus ascanius,Complexus_vestibularis_unilateral_Vol.mm3,Matano__1986_TableI,Matano (1986) Table I,10.1159/000156277,Selected_collection,1986,52.1,52.1,0,sole source,1,Selected_collection,1,1,1986
Cercopithecus ascanius,Corpus_geniculatum_laterale_Vol.mm3,deSousa_etal_2013_Table1,deSousa et al. (2013) Table 1,10.1159/000346495,Selected_collection,2013,147,147,0,sole source,1,Selected_collection,1,1,2013
Cercopithecus ascanius,Corpus_pineal_Vol.mm3,Stephan_etal_1981_TableXVI,Stephan et al. (1981) Table XVI,10.1159/000155963,Selected_collection,1981,4.66,4.66,0,sole source,1,Selected_collection,1,1,1981
Cercopithecus ascanius,Corpus_subcommissurale_Vol.mm3,Stephan_etal_1981_TableXVI,Stephan et al. (1981) Table XVI,10.1159/000155963,Selected_collection,1981,0.217,0.217,0,sole source,1,Selected_collection,1,1,1981
Cercopithecus ascanius,Corpus_subfornicale_Vol.mm3,Stephan_etal_1981_TableXVI,Stephan et al. (1981) Table XVI,10.1159/000155963,Selected_collection,1981,0.509,0.509,0,sole source,1,Selected_collection,1,1,1981
Cercopithecus ascanius,Diencephalon_Vol.mm3,Stephan_etal_1981_TableIII,Stephan et al. (1981) Table III,10.1159/000155963,Selected_collection,1981,3605,3605,0,sole source,1,Selected_collection,1,1,1981
Cercopithecus ascanius,Epithalamus_Vol.mm3,Stephan_etal_1981_TableVIII,Stephan et al. (1981) Table VIII,10.1159/000155963,Selected_collection,1981,17.9,17.9,0,sole source,1,Selected_collection,1,1,1981
Cercopithecus ascanius,Hippocampus_Vol.mm3,Stephan_etal_1981_TableVI,Stephan et al. (1981) Table VI,10.1159/000155963,Selected_collection,1981,1189,1189,0,sole source,1,Selected_collection,1,1,1981
Cercopithecus ascanius,Hypothalamus_Vol.mm3,Stephan_etal_1981_TableVIII,Stephan et al. (1981) Table VIII,10.1159/000155963,Selected_collection,1981,410,410,0,sole source,1,Selected_collection,1,1,1981
Cercopithecus ascanius,Interpositus_cerebellar_nuclei_Vol.mm3,Matano_etal_1985_a_Table1,Matano et al. (1985) Table 1,10.1159/000156212,Selected_collection,1985,41.7,41.7,0,sole source,1,Selected_collection,1,1,1985
Cercopithecus ascanius,Lateral_cerebellar_nuclei_Vol.mm3,Matano_etal_1985_a_Table1,Matano et al. (1985) Table 1,10.1159/000156212,Selected_collection,1985,67.67,67.67,0,sole source,1,Selected_collection,1,1,1985
Cercopithecus ascanius,Lobus_piriformis_Vol.mm3,Stephan_etal_1981_TableVI,Stephan et al. (1981) Table VI,10.1159/000155963,Selected_collection,1981,1052,1052,0,sole source,1,Selected_collection,1,1,1981
Cercopithecus ascanius,Medial_cerebellar_nuclei_Vol.mm3,Matano_etal_1985_a_Table1,Matano et al. (1985) Table 1,10.1159/000156212,Selected_collection,1985,34.61,34.61,0,sole source,1,Selected_collection,1,1,1985
Cercopithecus ascanius,Medulla_oblongata_Vol.mm3,Stephan_etal_1981_TableIII,Stephan et al. (1981) Table III,10.1159/000155963,Selected_collection,1981,1632,1632,0,sole source,1,Selected_collection,1,1,1981
Cercopithecus ascanius,Mesencephalon_Vol.mm3,Stephan_etal_1981_TableIII,Stephan et al. (1981) Table III,10.1159/000155963,Selected_collection,1981,1162,1162,0,sole source,1,Selected_collection,1,1,1981
Cercopithecus ascanius,Neocortex_Vol.mm3,Frahm_etal_1982_Table2,Frahm et al. (1982) Table 2,PMID:7161477,Selected_collection,1982,45166,45166,0,sole source,1,Selected_collection,1,1,1982
Cercopithecus ascanius,Neocortex_grey_matter_Vol.mm3,Frahm_etal_1982_Table2,Frahm et al. (1982) Table 2,PMID:7161477,Selected_collection,1982,32114,32114,0,sole source,1,Selected_collection,1,1,1982
Cercopithecus ascanius,Neocortex_lamina_1_Vol.mm3,Frahm_etal_1982_Table2,Frahm et al. (1982) Table 2,PMID:7161477,Selected_collection,1982,4009,4009,0,sole source,1,Selected_collection,1,1,1982
Cercopithecus ascanius,Neocortex_laminae_2_6_Vol.mm3,Frahm_etal_1982_Table2,Frahm et al. (1982) Table 2,PMID:7161477,Selected_collection,1982,28104,28104,0,sole source,1,Selected_collection,1,1,1982
Cercopithecus ascanius,Neocortex_white_matter_Vol.mm3,Frahm_etal_1982_Table2,Frahm et al. (1982) Table 2,PMID:7161477,Selected_collection,1982,13052,13052,0,sole source,1,Selected_collection,1,1,1982
Cercopithecus ascanius,Nucleus_amygdalae_basalis_pars_magnocellularis_Vol.mm3,Stephan_etal_1981_TableXI,Stephan et al. (1981) Table XI,10.1159/000155963,Selected_collection,1981,48.9,48.9,0,sole source,1,Selected_collection,1,1,1981
Cercopithecus ascanius,Nucleus_habenularis_medialis_Vol.mm3,Stephan_etal_1981_TableXVI,Stephan et al. (1981) Table XVI,10.1159/000155963,Selected_collection,1981,4.23,4.23,0,sole source,1,Selected_collection,1,1,1981
Cercopithecus ascanius,Nucleus_septalis_triangularis_Vol.mm3,Stephan_etal_1981_TableXVI,Stephan et al. (1981) Table XVI,10.1159/000155963,Selected_collection,1981,2.13,2.13,0,sole source,1,Selected_collection,1,1,1981
Cercopithecus ascanius,Nucleus_subthalamicus_Vol.mm3,Stephan_etal_1981_TableVIII,Stephan et al. (1981) Table VIII,10.1159/000155963,Selected_collection,1981,25.7,25.7,0,sole source,1,Selected_collection,1,1,1981
Cercopithecus ascanius,Nucleus_tractus_olfactorius_Vol.mm3,Stephan_etal_1981_TableXI,Stephan et al. (1981) Table XI,10.1159/000155963,Selected_collection,1981,0,0,NA,sole source,1,Selected_collection,1,1,1981
Cercopithecus ascanius,Nucleus_vestibularis_descendens_Vol.mm3,Matano__1986_TableI,Matano (1986) Table I,10.1159/000156277,NA,NA,NA,34.4,NA,"derived both-hemisphere value (step 7: left+right, or 2x a one-side measurement); cite this source for the one-side figure",NA,Selected_collection,1,1,1986
Cercopithecus ascanius,Nucleus_vestibularis_descendens_unilateral_Vol.mm3,Matano__1986_TableI,Matano (1986) Table I,10.1159/000156277,Selected_collection,1986,17.2,17.2,0,sole source,1,Selected_collection,1,1,1986
Cercopithecus ascanius,Nucleus_vestibularis_lateralis_Vol.mm3,Matano__1986_TableI,Matano (1986) Table I,10.1159/000156277,NA,NA,NA,11.76,NA,"derived both-hemisphere value (step 7: left+right, or 2x a one-side measurement); cite this source for the one-side figure",NA,Selected_collection,1,1,1986
Cercopithecus ascanius,Nucleus_vestibularis_lateralis_unilateral_Vol.mm3,Matano__1986_TableI,Matano (1986) Table I,10.1159/000156277,Selected_collection,1986,5.88,5.88,0,sole source,1,Selected_collection,1,1,1986
Cercopithecus ascanius,Nucleus_vestibularis_medialis_Vol.mm3,Matano__1986_TableI,Matano (1986) Table I,10.1159/000156277,NA,NA,NA,41.6,NA,"derived both-hemisphere value (step 7: left+right, or 2x a one-side measurement); cite this source for the one-side figure",NA,Selected_collection,1,1,1986
Cercopithecus ascanius,Nucleus_vestibularis_medialis_unilateral_Vol.mm3,Matano__1986_TableI,Matano (1986) Table I,10.1159/000156277,Selected_collection,1986,20.8,20.8,0,sole source,1,Selected_collection,1,1,1986
Cercopithecus ascanius,Nucleus_vestibularis_superior_Vol.mm3,Matano__1986_TableI,Matano (1986) Table I,10.1159/000156277,NA,NA,NA,16.42,NA,"derived both-hemisphere value (step 7: left+right, or 2x a one-side measurement); cite this source for the one-side figure",NA,Selected_collection,1,1,1986
Cercopithecus ascanius,Nucleus_vestibularis_superior_unilateral_Vol.mm3,Matano__1986_TableI,Matano (1986) Table I,10.1159/000156277,Selected_collection,1986,8.21,8.21,0,sole source,1,Selected_collection,1,1,1986
Cercopithecus ascanius,Palaeocortex_Vol.mm3,Stephan_etal_1981_TableXI,Stephan et al. (1981) Table XI,10.1159/000155963,Selected_collection,1981,450,450,0,sole source,1,Selected_collection,1,1,1981
Cercopithecus ascanius,Pallidum_Vol.mm3,Stephan_etal_1981_TableVIII,Stephan et al. (1981) Table VIII,10.1159/000155963,Selected_collection,1981,405,405,0,sole source,1,Selected_collection,1,1,1981
Cercopithecus ascanius,Schizo_cortex_Vol.mm3,Stephan_etal_1981_TableVI,Stephan et al. (1981) Table VI,10.1159/000155963,Selected_collection,1981,694,694,0,sole source,1,Selected_collection,1,1,1981
Cercopithecus ascanius,Septum_Vol.mm3,Stephan_etal_1981_TableVI,Stephan et al. (1981) Table VI,10.1159/000155963,Selected_collection,1981,251,251,0,sole source,1,Selected_collection,1,1,1981
Cercopithecus ascanius,Striatum_Vol.mm3,Stephan_etal_1981_TableVI,Stephan et al. (1981) Table VI,10.1159/000155963,Selected_collection,1981,2827,2827,0,sole source,1,Selected_collection,1,1,1981
Cercopithecus ascanius,Subthalamus_Vol.mm3,Stephan_etal_1981_TableVIII,Stephan et al. (1981) Table VIII,10.1159/000155963,Selected_collection,1981,431,431,0,sole source,1,Selected_collection,1,1,1981
Cercopithecus ascanius,Telencephalon_Vol.mm3,Stephan_etal_1981_TableIII,Stephan et al. (1981) Table III,10.1159/000155963,Selected_collection,1981,51279,51279,0,sole source,1,Selected_collection,1,1,1981
Cercopithecus ascanius,Thalamus_Vol.mm3,Stephan_etal_1981_TableVIII,Stephan et al. (1981) Table VIII,10.1159/000155963,Selected_collection,1981,1916,1916,0,sole source,1,Selected_collection,1,1,1981
Cercopithecus ascanius,Total_brain_net_volume_Vol.mm3,Stephan_etal_1981_TableIII,Stephan et al. (1981) Table III,10.1159/000155963,Selected_collection,1981,63505,63505,0,sole source,1,Selected_collection,1,1,1981
Cercopithecus ascanius,Tractus_opticus_Vol.mm3,Stephan_etal_1981_TableVIII,Stephan et al. (1981) Table VIII,10.1159/000155963,Selected_collection,1981,320,320,0,sole source,1,Selected_collection,1,1,1981
Cercopithecus ascanius,Ventral_pons_Vol.mm3,Matano_etal_1985_b_Table1,Matano et al. (1985) Table 1,10.1159/000156211,Selected_collection,1985,520.2,520.2,0,sole source,1,Selected_collection,1,1,1985
Cercopithecus ascanius,Ventricles_Vol.mm3,Stephan_etal_1981_TableIII,Stephan et al. (1981) Table III,10.1159/000155963,Selected_collection,1981,240,240,0,sole source,1,Selected_collection,1,1,1981
Cercopithecus mitis,Agranular_insular_cortex_Vol.mm3,Bauernfeind_etal_2013_Table1,Bauernfeind et al. (2013) Table 1,10.1016/j.jhevol.2012.12.003,NA,NA,NA,178,NA,"derived both-hemisphere value (step 7: left+right, or 2x a one-side measurement); cite this source for the one-side figure",NA,Selected_collection,1,1,2013
Cercopithecus mitis,Agranular_insular_cortex_left_Vol.mm3,Bauernfeind_etal_2013_Table1,Bauernfeind et al. (2013) Table 1,10.1016/j.jhevol.2012.12.003,Selected_collection,2013,89,89,0,sole source,1,Selected_collection,1,1,2013
Cercopithecus mitis,Area_striata_Vol.mm3,Frahm_etal_1984_Table1,Frahm et al. (1984) Table 1,PMID:6501869,Selected_collection,1984,5275,5275,0,sole source,1,Selected_collection,1,1,1984
Cercopithecus mitis,Area_striata_grey_matter_Vol.mm3,Frahm_etal_1984_Table1,Frahm et al. (1984) Table 1,PMID:6501869,Selected_collection,1984,4232,4232,0,sole source,1,Selected_collection,1,1,1984
Cercopithecus mitis,Area_striata_white_matter_Vol.mm3,Frahm_etal_1984_Table1,Frahm et al. (1984) Table 1,PMID:6501869,Selected_collection,1984,1042,1042,0,sole source,1,Selected_collection,1,1,1984
Cercopithecus mitis,Body_Mass.g,Stephan_etal_1981_TableIII,Stephan et al. (1981) Table III,10.1159/000155963,Selected_collection,1981,6300,6300,0,reference table used (mass rule: other sources not averaged in),1,Selected_collection,1,1,1981
Cercopithecus mitis,Brain_Mass.mg,Stephan_etal_1981_TableIII,Stephan et al. (1981) Table III,10.1159/000155963,Selected_collection,1981,75000,75000,0,reference table used (mass rule: other sources not averaged in),1,Selected_collection,1,1,1981
Cercopithecus mitis,Bulbus_olfactorius_Vol.mm3,Stephan_etal_1981_TableVI,Stephan et al. (1981) Table VI,10.1159/000155963,Selected_collection,1981,117,117,0,sole source,1,Selected_collection,1,1,1981
Cercopithecus mitis,Bulbus_olfactorius_accessorius_Vol.mm3,Stephan_etal_1981_TableVI,Stephan et al. (1981) Table VI,10.1159/000155963,Selected_collection,1981,0,0,NA,sole source,1,Selected_collection,1,1,1981
Cercopithecus mitis,Cerebellar_nuclei_total_Vol.mm3,Matano_etal_1985_a_Table1,Matano et al. (1985) Table 1,10.1159/000156212,Selected_collection,1985,171.16,171.16,0,sole source,1,Selected_collection,1,1,1985
Cercopithecus mitis,Cerebellum_Vol.mm3,Stephan_etal_1981_TableIII,Stephan et al. (1981) Table III,10.1159/000155963,Selected_collection,1981,6758,6758,0,sole source,1,Selected_collection,1,1,1981
Cercopithecus mitis,Complexus_vestibularis_Vol.mm3,Matano__1986_TableI,Matano (1986) Table I,10.1159/000156277,NA,NA,NA,161,NA,"derived both-hemisphere value (step 7: left+right, or 2x a one-side measurement); cite this source for the one-side figure",NA,Selected_collection,1,1,1986
Cercopithecus mitis,Complexus_vestibularis_unilateral_Vol.mm3,Matano__1986_TableI,Matano (1986) Table I,10.1159/000156277,Selected_collection,1986,80.5,80.5,0,sole source,1,Selected_collection,1,1,1986
Cercopithecus mitis,Corpus_geniculatum_laterale_Vol.mm3,deSousa_etal_2013_Table1,deSousa et al. (2013) Table 1,10.1159/000346495,Selected_collection,2013,167.2,167.2,0,sole source,1,Selected_collection,1,1,2013
Cercopithecus mitis,Corpus_pineal_Vol.mm3,Stephan_etal_1981_TableXVI,Stephan et al. (1981) Table XVI,10.1159/000155963,Selected_collection,1981,15.3,15.3,0,sole source,1,Selected_collection,1,1,1981
Cercopithecus mitis,Corpus_subcommissurale_Vol.mm3,Stephan_etal_1981_TableXVI,Stephan et al. (1981) Table XVI,10.1159/000155963,Selected_collection,1981,0.258,0.258,0,sole source,1,Selected_collection,1,1,1981
Cercopithecus mitis,Corpus_subfornicale_Vol.mm3,Stephan_etal_1981_TableXVI,Stephan et al. (1981) Table XVI,10.1159/000155963,Selected_collection,1981,0.432,0.432,0,sole source,1,Selected_collection,1,1,1981
Cercopithecus mitis,Diencephalon_Vol.mm3,Stephan_etal_1981_TableIII,Stephan et al. (1981) Table III,10.1159/000155963,Selected_collection,1981,4176,4176,0,sole source,1,Selected_collection,1,1,1981
Cercopithecus mitis,Dysgranular_insular_cortex_Vol.mm3,Bauernfeind_etal_2013_Table1,Bauernfeind et al. (2013) Table 1,10.1016/j.jhevol.2012.12.003,NA,NA,NA,782,NA,"derived both-hemisphere value (step 7: left+right, or 2x a one-side measurement); cite this source for the one-side figure",NA,Selected_collection,1,1,2013
Cercopithecus mitis,Dysgranular_insular_cortex_left_Vol.mm3,Bauernfeind_etal_2013_Table1,Bauernfeind et al. (2013) Table 1,10.1016/j.jhevol.2012.12.003,Selected_collection,2013,391,391,0,sole source,1,Selected_collection,1,1,2013
Cercopithecus mitis,Granular_insular_cortex_Vol.mm3,Bauernfeind_etal_2013_Table1,Bauernfeind et al. (2013) Table 1,10.1016/j.jhevol.2012.12.003,NA,NA,NA,268,NA,"derived both-hemisphere value (step 7: left+right, or 2x a one-side measurement); cite this source for the one-side figure",NA,Selected_collection,1,1,2013
Cercopithecus mitis,Granular_insular_cortex_left_Vol.mm3,Bauernfeind_etal_2013_Table1,Bauernfeind et al. (2013) Table 1,10.1016/j.jhevol.2012.12.003,Selected_collection,2013,134,134,0,sole source,1,Selected_collection,1,1,2013
Cercopithecus mitis,Hippocampus_Vol.mm3,Stephan_etal_1981_TableVI,Stephan et al. (1981) Table VI,10.1159/000155963,Selected_collection,1981,1366,1366,0,sole source,1,Selected_collection,1,1,1981
Cercopithecus mitis,Insula_Vol.mm3,Bauernfeind_etal_2013_Table1,Bauernfeind et al. (2013) Table 1,10.1016/j.jhevol.2012.12.003,NA,NA,NA,1228,NA,"derived both-hemisphere value (step 7: left+right, or 2x a one-side measurement); cite this source for the one-side figure",NA,Selected_collection,1,1,2013
Cercopithecus mitis,Insula_left_Vol.mm3,Bauernfeind_etal_2013_Table1,Bauernfeind et al. (2013) Table 1,10.1016/j.jhevol.2012.12.003,Selected_collection,2013,614,614,0,sole source,1,Selected_collection,1,1,2013
Cercopithecus mitis,Interpositus_cerebellar_nuclei_Vol.mm3,Matano_etal_1985_a_Table1,Matano et al. (1985) Table 1,10.1159/000156212,Selected_collection,1985,54.55,54.55,0,sole source,1,Selected_collection,1,1,1985
Cercopithecus mitis,Lateral_cerebellar_nuclei_Vol.mm3,Matano_etal_1985_a_Table1,Matano et al. (1985) Table 1,10.1159/000156212,Selected_collection,1985,82.38,82.38,0,sole source,1,Selected_collection,1,1,1985
Cercopithecus mitis,Lobus_piriformis_Vol.mm3,Stephan_etal_1981_TableVI,Stephan et al. (1981) Table VI,10.1159/000155963,Selected_collection,1981,1265,1265,0,sole source,1,Selected_collection,1,1,1981
Cercopithecus mitis,Medial_cerebellar_nuclei_Vol.mm3,Matano_etal_1985_a_Table1,Matano et al. (1985) Table 1,10.1159/000156212,Selected_collection,1985,34.23,34.23,0,sole source,1,Selected_collection,1,1,1985
Cercopithecus mitis,Medulla_oblongata_Vol.mm3,Stephan_etal_1981_TableIII,Stephan et al. (1981) Table III,10.1159/000155963,Selected_collection,1981,1999,1999,0,sole source,1,Selected_collection,1,1,1981
Cercopithecus mitis,Mesencephalon_Vol.mm3,Stephan_etal_1981_TableIII,Stephan et al. (1981) Table III,10.1159/000155963,Selected_collection,1981,1354,1354,0,sole source,1,Selected_collection,1,1,1981
Cercopithecus mitis,Neocortex_Vol.mm3,Stephan_etal_1981_TableVI,Stephan et al. (1981) Table VI,10.1159/000155963,Selected_collection,1981,49933,49933,0,sole source,1,Selected_collection,1,1,1981
Cercopithecus mitis,Nucleus_habenularis_medialis_Vol.mm3,Stephan_etal_1981_TableXVI,Stephan et al. (1981) Table XVI,10.1159/000155963,Selected_collection,1981,5.38,5.38,0,sole source,1,Selected_collection,1,1,1981
Cercopithecus mitis,Nucleus_septalis_triangularis_Vol.mm3,Stephan_etal_1981_TableXVI,Stephan et al. (1981) Table XVI,10.1159/000155963,Selected_collection,1981,1.96,1.96,0,sole source,1,Selected_collection,1,1,1981
Cercopithecus mitis,Nucleus_vestibularis_descendens_Vol.mm3,Matano__1986_TableI,Matano (1986) Table I,10.1159/000156277,NA,NA,NA,48.6,NA,"derived both-hemisphere value (step 7: left+right, or 2x a one-side measurement); cite this source for the one-side figure",NA,Selected_collection,1,1,1986
Cercopithecus mitis,Nucleus_vestibularis_descendens_unilateral_Vol.mm3,Matano__1986_TableI,Matano (1986) Table I,10.1159/000156277,Selected_collection,1986,24.3,24.3,0,sole source,1,Selected_collection,1,1,1986
Cercopithecus mitis,Nucleus_vestibularis_lateralis_Vol.mm3,Matano__1986_TableI,Matano (1986) Table I,10.1159/000156277,NA,NA,NA,21,NA,"derived both-hemisphere value (step 7: left+right, or 2x a one-side measurement); cite this source for the one-side figure",NA,Selected_collection,1,1,1986
Cercopithecus mitis,Nucleus_vestibularis_lateralis_unilateral_Vol.mm3,Matano__1986_TableI,Matano (1986) Table I,10.1159/000156277,Selected_collection,1986,10.5,10.5,0,sole source,1,Selected_collection,1,1,1986
Cercopithecus mitis,Nucleus_vestibularis_medialis_Vol.mm3,Matano__1986_TableI,Matano (1986) Table I,10.1159/000156277,NA,NA,NA,61.4,NA,"derived both-hemisphere value (step 7: left+right, or 2x a one-side measurement); cite this source for the one-side figure",NA,Selected_collection,1,1,1986
Cercopithecus mitis,Nucleus_vestibularis_medialis_unilateral_Vol.mm3,Matano__1986_TableI,Matano (1986) Table I,10.1159/000156277,Selected_collection,1986,30.7,30.7,0,sole source,1,Selected_collection,1,1,1986
Cercopithecus mitis,Nucleus_vestibularis_superior_Vol.mm3,Matano__1986_TableI,Matano (1986) Table I,10.1159/000156277,NA,NA,NA,30,NA,"derived both-hemisphere value (step 7: left+right, or 2x a one-side measurement); cite this source for the one-side figure",NA,Selected_collection,1,1,1986
Cercopithecus mitis,Nucleus_vestibularis_superior_unilateral_Vol.mm3,Matano__1986_TableI,Matano (1986) Table I,10.1159/000156277,Selected_collection,1986,15,15,0,sole source,1,Selected_collection,1,1,1986
Cercopithecus mitis,Schizo_cortex_Vol.mm3,Stephan_etal_1981_TableVI,Stephan et al. (1981) Table VI,10.1159/000155963,Selected_collection,1981,617,617,0,sole source,1,Selected_collection,1,1,1981
Cercopithecus mitis,Septum_Vol.mm3,Stephan_etal_1981_TableVI,Stephan et al. (1981) Table VI,10.1159/000155963,Selected_collection,1981,246,246,0,sole source,1,Selected_collection,1,1,1981
Cercopithecus mitis,Striatum_Vol.mm3,Stephan_etal_1981_TableVI,Stephan et al. (1981) Table VI,10.1159/000155963,Selected_collection,1981,2733,2733,0,sole source,1,Selected_collection,1,1,1981
Cercopithecus mitis,Telencephalon_Vol.mm3,Stephan_etal_1981_TableIII,Stephan et al. (1981) Table III,10.1159/000155963,Selected_collection,1981,56277,56277,0,sole source,1,Selected_collection,1,1,1981
Cercopithecus mitis,Total_brain_net_volume_Vol.mm3,Bauernfeind_etal_2013_Table1,Bauernfeind et al. (2013) Table 1,10.1016/j.jhevol.2012.12.003,Selected_collection,2013,69112,69112,0,sole source,1,Selected_collection,1,1,2013
Cercopithecus mitis,Ventral_pons_Vol.mm3,Matano_etal_1985_b_Table1,Matano et al. (1985) Table 1,10.1159/000156211,Selected_collection,1985,517.6,517.6,0,sole source,1,Selected_collection,1,1,1985
Cercopithecus mitis,Ventricles_Vol.mm3,Stephan_etal_1981_TableIII,Stephan et al. (1981) Table III,10.1159/000155963,Selected_collection,1981,467,467,0,sole source,1,Selected_collection,1,1,1981
Cheirogaleus major,Amygdala_Vol.mm3,Stephan_etal_1981_TableXI,Stephan et al. (1981) Table XI,10.1159/000155963,Selected_collection,1981,99.4,99.4,0,sole source,1,Selected_collection,1,1,1981
Cheirogaleus major,Area_striata_Vol.mm3,Frahm_etal_1984_Table1,Frahm et al. (1984) Table 1,PMID:6501869,Selected_collection,1984,477,477,0,sole source,1,Selected_collection,1,1,1984
Cheirogaleus major,Area_striata_grey_matter_Vol.mm3,Frahm_etal_1984_Table1,Frahm et al. (1984) Table 1,PMID:6501869,Selected_collection,1984,433,433,0,sole source,1,Selected_collection,1,1,1984
Cheirogaleus major,Area_striata_white_matter_Vol.mm3,Frahm_etal_1984_Table1,Frahm et al. (1984) Table 1,PMID:6501869,Selected_collection,1984,44.8,44.8,0,sole source,1,Selected_collection,1,1,1984
Cheirogaleus major,Body_Mass.g,Stephan_etal_1981_TableII,Stephan et al. (1981) Table II,10.1159/000155963,Selected_collection,1981,450,450,0,reference table used (mass rule: other sources not averaged in),1,Selected_collection,1,1,1981
Cheirogaleus major,Brain_Mass.mg,Stephan_etal_1981_TableII,Stephan et al. (1981) Table II,10.1159/000155963,Selected_collection,1981,6800,6800,0,reference table used (mass rule: other sources not averaged in),1,Selected_collection,1,1,1981
Cheirogaleus major,Bulbus_olfactorius_Vol.mm3,Stephan_etal_1981_TableV,Stephan et al. (1981) Table V,10.1159/000155963,Selected_collection,1981,158,158,0,sole source,1,Selected_collection,1,1,1981
Cheirogaleus major,Bulbus_olfactorius_accessorius_Vol.mm3,Stephan_etal_1981_TableV,Stephan et al. (1981) Table V,10.1159/000155963,Selected_collection,1981,4.04,4.04,0,sole source,1,Selected_collection,1,1,1981
Cheirogaleus major,Capsula_interna_Vol.mm3,Stephan_etal_1981_TableVIII,Stephan et al. (1981) Table VIII,10.1159/000155963,Selected_collection,1981,48.6,48.6,0,sole source,1,Selected_collection,1,1,1981
Cheirogaleus major,Cerebellar_nuclei_total_Vol.mm3,Matano_etal_1985_a_Table1,Matano et al. (1985) Table 1,10.1159/000156212,Selected_collection,1985,19.45,19.45,0,sole source,1,Selected_collection,1,1,1985
Cheirogaleus major,Cerebellum_Vol.mm3,Stephan_etal_1981_TableII,Stephan et al. (1981) Table II,10.1159/000155963,Selected_collection,1981,947,947,0,sole source,1,Selected_collection,1,1,1981
Cheirogaleus major,Complexus_centromedialis_Vol.mm3,Stephan_etal_1981_TableXI,Stephan et al. (1981) Table XI,10.1159/000155963,Selected_collection,1981,34.1,34.1,0,sole source,1,Selected_collection,1,1,1981
Cheirogaleus major,Complexus_corticobasolateralis_Vol.mm3,Stephan_etal_1981_TableXI,Stephan et al. (1981) Table XI,10.1159/000155963,Selected_collection,1981,65.3,65.3,0,sole source,1,Selected_collection,1,1,1981
Cheirogaleus major,Complexus_vestibularis_Vol.mm3,Matano__1986_TableI,Matano (1986) Table I,10.1159/000156277,NA,NA,NA,22.2,NA,"derived both-hemisphere value (step 7: left+right, or 2x a one-side measurement); cite this source for the one-side figure",NA,Selected_collection,1,1,1986
Cheirogaleus major,Complexus_vestibularis_unilateral_Vol.mm3,Matano__1986_TableI,Matano (1986) Table I,10.1159/000156277,Selected_collection,1986,11.1,11.1,0,sole source,1,Selected_collection,1,1,1986
Cheirogaleus major,Corpus_geniculatum_laterale_Vol.mm3,Stephan_etal_1984_Table1,Stephan et al. (1984) Table 1,PMID:6481154,Selected_collection,1984,21.5,21.5,0,sole source,1,Selected_collection,1,1,1984
Cheirogaleus major,Corpus_pineal_Vol.mm3,Stephan_etal_1981_TableXV,Stephan et al. (1981) Table XV,10.1159/000155963,Selected_collection,1981,0.789,0.789,0,sole source,1,Selected_collection,1,1,1981
Cheirogaleus major,Corpus_subcommissurale_Vol.mm3,Stephan_etal_1981_TableXV,Stephan et al. (1981) Table XV,10.1159/000155963,Selected_collection,1981,0.032,0.032,0,sole source,1,Selected_collection,1,1,1981
Cheirogaleus major,Corpus_subfornicale_Vol.mm3,Stephan_etal_1981_TableXV,Stephan et al. (1981) Table XV,10.1159/000155963,Selected_collection,1981,0.256,0.256,0,sole source,1,Selected_collection,1,1,1981
Cheirogaleus major,Diencephalon_Vol.mm3,Stephan_etal_1981_TableII,Stephan et al. (1981) Table II,10.1159/000155963,Selected_collection,1981,489,489,0,sole source,1,Selected_collection,1,1,1981
Cheirogaleus major,Epithalamus_Vol.mm3,Stephan_etal_1981_TableVIII,Stephan et al. (1981) Table VIII,10.1159/000155963,Selected_collection,1981,4.83,4.83,0,sole source,1,Selected_collection,1,1,1981
Cheirogaleus major,Hippocampus_Vol.mm3,Stephan_etal_1981_TableV,Stephan et al. (1981) Table V,10.1159/000155963,Selected_collection,1981,347,347,0,sole source,1,Selected_collection,1,1,1981
Cheirogaleus major,Hypothalamus_Vol.mm3,Stephan_etal_1981_TableVIII,Stephan et al. (1981) Table VIII,10.1159/000155963,Selected_collection,1981,101,101,0,sole source,1,Selected_collection,1,1,1981
Cheirogaleus major,Interpositus_cerebellar_nuclei_Vol.mm3,Matano_etal_1985_a_Table1,Matano et al. (1985) Table 1,10.1159/000156212,Selected_collection,1985,3.85,3.85,0,sole source,1,Selected_collection,1,1,1985
Cheirogaleus major,Lateral_cerebellar_nuclei_Vol.mm3,Matano_etal_1985_a_Table1,Matano et al. (1985) Table 1,10.1159/000156212,Selected_collection,1985,9.95,9.95,0,sole source,1,Selected_collection,1,1,1985
Cheirogaleus major,Lobus_piriformis_Vol.mm3,Stephan_etal_1981_TableV,Stephan et al. (1981) Table V,10.1159/000155963,Selected_collection,1981,332,332,0,sole source,1,Selected_collection,1,1,1981
Cheirogaleus major,Medial_cerebellar_nuclei_Vol.mm3,Matano_etal_1985_a_Table1,Matano et al. (1985) Table 1,10.1159/000156212,Selected_collection,1985,5.65,5.65,0,sole source,1,Selected_collection,1,1,1985
Cheirogaleus major,Medulla_oblongata_Vol.mm3,Stephan_etal_1981_TableII,Stephan et al. (1981) Table II,10.1159/000155963,Selected_collection,1981,382,382,0,sole source,1,Selected_collection,1,1,1981
Cheirogaleus major,Mesencephalon_Vol.mm3,Stephan_etal_1981_TableII,Stephan et al. (1981) Table II,10.1159/000155963,Selected_collection,1981,241,241,0,sole source,1,Selected_collection,1,1,1981
Cheirogaleus major,Neocortex_Vol.mm3,Stephan_etal_1981_TableV,Stephan et al. (1981) Table V,10.1159/000155963,Selected_collection,1981,2938,2938,0,sole source,1,Selected_collection,1,1,1981
Cheirogaleus major,Nucleus_amygdalae_basalis_pars_magnocellularis_Vol.mm3,Stephan_etal_1981_TableXI,Stephan et al. (1981) Table XI,10.1159/000155963,Selected_collection,1981,7.32,7.32,0,sole source,1,Selected_collection,1,1,1981
Cheirogaleus major,Nucleus_habenularis_medialis_Vol.mm3,Stephan_etal_1981_TableXV,Stephan et al. (1981) Table XV,10.1159/000155963,Selected_collection,1981,1.75,1.75,0,sole source,1,Selected_collection,1,1,1981
Cheirogaleus major,Nucleus_septalis_triangularis_Vol.mm3,Stephan_etal_1981_TableXV,Stephan et al. (1981) Table XV,10.1159/000155963,Selected_collection,1981,0.917,0.917,0,sole source,1,Selected_collection,1,1,1981
Cheirogaleus major,Nucleus_subthalamicus_Vol.mm3,Stephan_etal_1981_TableVIII,Stephan et al. (1981) Table VIII,10.1159/000155963,Selected_collection,1981,2.27,2.27,0,sole source,1,Selected_collection,1,1,1981
Cheirogaleus major,Nucleus_tractus_olfactorius_Vol.mm3,Stephan_etal_1981_TableXI,Stephan et al. (1981) Table XI,10.1159/000155963,Selected_collection,1981,0.851,0.851,0,sole source,1,Selected_collection,1,1,1981
Cheirogaleus major,Nucleus_vestibularis_descendens_Vol.mm3,Matano__1986_TableI,Matano (1986) Table I,10.1159/000156277,NA,NA,NA,6.54,NA,"derived both-hemisphere value (step 7: left+right, or 2x a one-side measurement); cite this source for the one-side figure",NA,Selected_collection,1,1,1986
Cheirogaleus major,Nucleus_vestibularis_descendens_unilateral_Vol.mm3,Matano__1986_TableI,Matano (1986) Table I,10.1159/000156277,Selected_collection,1986,3.27,3.27,0,sole source,1,Selected_collection,1,1,1986
Cheirogaleus major,Nucleus_vestibularis_lateralis_Vol.mm3,Matano__1986_TableI,Matano (1986) Table I,10.1159/000156277,NA,NA,NA,3.56,NA,"derived both-hemisphere value (step 7: left+right, or 2x a one-side measurement); cite this source for the one-side figure",NA,Selected_collection,1,1,1986
Cheirogaleus major,Nucleus_vestibularis_lateralis_unilateral_Vol.mm3,Matano__1986_TableI,Matano (1986) Table I,10.1159/000156277,Selected_collection,1986,1.78,1.78,0,sole source,1,Selected_collection,1,1,1986
Cheirogaleus major,Nucleus_vestibularis_medialis_Vol.mm3,Matano__1986_TableI,Matano (1986) Table I,10.1159/000156277,NA,NA,NA,8.36,NA,"derived both-hemisphere value (step 7: left+right, or 2x a one-side measurement); cite this source for the one-side figure",NA,Selected_collection,1,1,1986
Cheirogaleus major,Nucleus_vestibularis_medialis_unilateral_Vol.mm3,Matano__1986_TableI,Matano (1986) Table I,10.1159/000156277,Selected_collection,1986,4.18,4.18,0,sole source,1,Selected_collection,1,1,1986
Cheirogaleus major,Nucleus_vestibularis_superior_Vol.mm3,Matano__1986_TableI,Matano (1986) Table I,10.1159/000156277,NA,NA,NA,3.72,NA,"derived both-hemisphere value (step 7: left+right, or 2x a one-side measurement); cite this source for the one-side figure",NA,Selected_collection,1,1,1986
Cheirogaleus major,Nucleus_vestibularis_superior_unilateral_Vol.mm3,Matano__1986_TableI,Matano (1986) Table I,10.1159/000156277,Selected_collection,1986,1.86,1.86,0,sole source,1,Selected_collection,1,1,1986
Cheirogaleus major,Palaeocortex_Vol.mm3,Stephan_etal_1981_TableXI,Stephan et al. (1981) Table XI,10.1159/000155963,Selected_collection,1981,233,233,0,sole source,1,Selected_collection,1,1,1981
Cheirogaleus major,Pallidum_Vol.mm3,Stephan_etal_1981_TableVIII,Stephan et al. (1981) Table VIII,10.1159/000155963,Selected_collection,1981,31.6,31.6,0,sole source,1,Selected_collection,1,1,1981
Cheirogaleus major,Schizo_cortex_Vol.mm3,Stephan_etal_1981_TableV,Stephan et al. (1981) Table V,10.1159/000155963,Selected_collection,1981,149,149,0,sole source,1,Selected_collection,1,1,1981
Cheirogaleus major,Septum_Vol.mm3,Stephan_etal_1981_TableV,Stephan et al. (1981) Table V,10.1159/000155963,Selected_collection,1981,58.9,58.9,0,sole source,1,Selected_collection,1,1,1981
Cheirogaleus major,Striatum_Vol.mm3,Stephan_etal_1981_TableV,Stephan et al. (1981) Table V,10.1159/000155963,Selected_collection,1981,327,327,0,sole source,1,Selected_collection,1,1,1981
Cheirogaleus major,Subthalamus_Vol.mm3,Stephan_etal_1981_TableVIII,Stephan et al. (1981) Table VIII,10.1159/000155963,Selected_collection,1981,33.8,33.8,0,sole source,1,Selected_collection,1,1,1981
Cheirogaleus major,Telencephalon_Vol.mm3,Stephan_etal_1981_TableII,Stephan et al. (1981) Table II,10.1159/000155963,Selected_collection,1981,4314,4314,0,sole source,1,Selected_collection,1,1,1981
Cheirogaleus major,Thalamus_Vol.mm3,Stephan_etal_1981_TableVIII,Stephan et al. (1981) Table VIII,10.1159/000155963,Selected_collection,1981,271,271,0,sole source,1,Selected_collection,1,1,1981
Cheirogaleus major,Total_brain_net_volume_Vol.mm3,Stephan_etal_1981_TableII,Stephan et al. (1981) Table II,10.1159/000155963,Selected_collection,1981,6373,6373,0,sole source,1,Selected_collection,1,1,1981
Cheirogaleus major,Tractus_opticus_Vol.mm3,Stephan_etal_1981_TableVIII,Stephan et al. (1981) Table VIII,10.1159/000155963,Selected_collection,1981,18,18,0,sole source,1,Selected_collection,1,1,1981
Cheirogaleus major,Ventral_pons_Vol.mm3,Matano_etal_1985_b_Table1,Matano et al. (1985) Table 1,10.1159/000156211,Selected_collection,1985,27.4,27.4,0,sole source,1,Selected_collection,1,1,1985
Cheirogaleus major,Ventricles_Vol.mm3,Stephan_etal_1981_TableII,Stephan et al. (1981) Table II,10.1159/000155963,Selected_collection,1981,83.4,83.4,0,sole source,1,Selected_collection,1,1,1981
Cheirogaleus medius,Amygdala_Vol.mm3,Stephan_etal_1981_TableXI,Stephan et al. (1981) Table XI,10.1159/000155963,Selected_collection,1981,63.2,63.2,0,sole source,1,Selected_collection,1,1,1981
Cheirogaleus medius,Area_striata_Vol.mm3,Frahm_etal_1984_Table1,Frahm et al. (1984) Table 1,PMID:6501869,Selected_collection,1984,216,216,0,sole source,1,Selected_collection,1,1,1984
Cheirogaleus medius,Area_striata_grey_matter_Vol.mm3,Frahm_etal_1984_Table1,Frahm et al. (1984) Table 1,PMID:6501869,Selected_collection,1984,199,199,0,sole source,1,Selected_collection,1,1,1984
Cheirogaleus medius,Area_striata_white_matter_Vol.mm3,Frahm_etal_1984_Table1,Frahm et al. (1984) Table 1,PMID:6501869,Selected_collection,1984,17.6,17.6,0,sole source,1,Selected_collection,1,1,1984
Cheirogaleus medius,Body_Mass.g,Stephan_etal_1981_TableII,Stephan et al. (1981) Table II,10.1159/000155963,Selected_collection,1981,177,177,0,reference table used (mass rule: other sources not averaged in),1,Selected_collection,1,1,1981
Cheirogaleus medius,Brain_Mass.mg,Stephan_etal_1981_TableII,Stephan et al. (1981) Table II,10.1159/000155963,Selected_collection,1981,3140,3140,0,reference table used (mass rule: other sources not averaged in),1,Selected_collection,1,1,1981
Cheirogaleus medius,Bulbus_olfactorius_Vol.mm3,Stephan_etal_1981_TableV,Stephan et al. (1981) Table V,10.1159/000155963,Selected_collection,1981,102,102,0,sole source,1,Selected_collection,1,1,1981
Cheirogaleus medius,Bulbus_olfactorius_accessorius_Vol.mm3,Stephan_etal_1981_TableV,Stephan et al. (1981) Table V,10.1159/000155963,Selected_collection,1981,2.66,2.66,0,sole source,1,Selected_collection,1,1,1981
Cheirogaleus medius,Cerebellar_nuclei_total_Vol.mm3,Matano_etal_1985_a_Table1,Matano et al. (1985) Table 1,10.1159/000156212,Selected_collection,1985,9.45,9.45,0,sole source,1,Selected_collection,1,1,1985
Cheirogaleus medius,Cerebellum_Vol.mm3,Stephan_etal_1981_TableII,Stephan et al. (1981) Table II,10.1159/000155963,Selected_collection,1981,437,437,0,sole source,1,Selected_collection,1,1,1981
Cheirogaleus medius,Complexus_centromedialis_Vol.mm3,Stephan_etal_1981_TableXI,Stephan et al. (1981) Table XI,10.1159/000155963,Selected_collection,1981,23.3,23.3,0,sole source,1,Selected_collection,1,1,1981
Cheirogaleus medius,Complexus_corticobasolateralis_Vol.mm3,Stephan_etal_1981_TableXI,Stephan et al. (1981) Table XI,10.1159/000155963,Selected_collection,1981,39.8,39.8,0,sole source,1,Selected_collection,1,1,1981
Cheirogaleus medius,Complexus_vestibularis_Vol.mm3,Matano__1986_TableI,Matano (1986) Table I,10.1159/000156277,NA,NA,NA,12,NA,"derived both-hemisphere value (step 7: left+right, or 2x a one-side measurement); cite this source for the one-side figure",NA,Selected_collection,1,1,1986
Cheirogaleus medius,Complexus_vestibularis_unilateral_Vol.mm3,Matano__1986_TableI,Matano (1986) Table I,10.1159/000156277,Selected_collection,1986,6,6,0,sole source,1,Selected_collection,1,1,1986
Cheirogaleus medius,Corpus_geniculatum_laterale_Vol.mm3,Stephan_etal_1984_Table1,Stephan et al. (1984) Table 1,PMID:6481154,Selected_collection,1984,10.8,10.8,0,sole source,1,Selected_collection,1,1,1984
Cheirogaleus medius,Corpus_pineal_Vol.mm3,Stephan_etal_1981_TableXV,Stephan et al. (1981) Table XV,10.1159/000155963,Selected_collection,1981,0.691,0.691,0,sole source,1,Selected_collection,1,1,1981
Cheirogaleus medius,Corpus_subcommissurale_Vol.mm3,Stephan_etal_1981_TableXV,Stephan et al. (1981) Table XV,10.1159/000155963,Selected_collection,1981,0.0432,0.0432,0,sole source,1,Selected_collection,1,1,1981
Cheirogaleus medius,Corpus_subfornicale_Vol.mm3,Stephan_etal_1981_TableXV,Stephan et al. (1981) Table XV,10.1159/000155963,Selected_collection,1981,0.171,0.171,0,sole source,1,Selected_collection,1,1,1981
Cheirogaleus medius,Diencephalon_Vol.mm3,Stephan_etal_1981_TableII,Stephan et al. (1981) Table II,10.1159/000155963,Selected_collection,1981,235,235,0,sole source,1,Selected_collection,1,1,1981
Cheirogaleus medius,Hippocampus_Vol.mm3,Stephan_etal_1981_TableV,Stephan et al. (1981) Table V,10.1159/000155963,Selected_collection,1981,174,174,0,sole source,1,Selected_collection,1,1,1981
Cheirogaleus medius,Interpositus_cerebellar_nuclei_Vol.mm3,Matano_etal_1985_a_Table1,Matano et al. (1985) Table 1,10.1159/000156212,Selected_collection,1985,1.94,1.94,0,sole source,1,Selected_collection,1,1,1985
Cheirogaleus medius,Lateral_cerebellar_nuclei_Vol.mm3,Matano_etal_1985_a_Table1,Matano et al. (1985) Table 1,10.1159/000156212,Selected_collection,1985,4.27,4.27,0,sole source,1,Selected_collection,1,1,1985
Cheirogaleus medius,Lobus_piriformis_Vol.mm3,Stephan_etal_1981_TableV,Stephan et al. (1981) Table V,10.1159/000155963,Selected_collection,1981,198,198,0,sole source,1,Selected_collection,1,1,1981
Cheirogaleus medius,Medial_cerebellar_nuclei_Vol.mm3,Matano_etal_1985_a_Table1,Matano et al. (1985) Table 1,10.1159/000156212,Selected_collection,1985,3.24,3.24,0,sole source,1,Selected_collection,1,1,1985
Cheirogaleus medius,Medulla_oblongata_Vol.mm3,Stephan_etal_1981_TableII,Stephan et al. (1981) Table II,10.1159/000155963,Selected_collection,1981,202,202,0,sole source,1,Selected_collection,1,1,1981
Cheirogaleus medius,Mesencephalon_Vol.mm3,Stephan_etal_1981_TableII,Stephan et al. (1981) Table II,10.1159/000155963,Selected_collection,1981,145,145,0,sole source,1,Selected_collection,1,1,1981
Cheirogaleus medius,Neocortex_Vol.mm3,Stephan_etal_1981_TableV,Stephan et al. (1981) Table V,10.1159/000155963,Selected_collection,1981,1221,1221,0,sole source,1,Selected_collection,1,1,1981
Cheirogaleus medius,Nucleus_habenularis_medialis_Vol.mm3,Stephan_etal_1981_TableXV,Stephan et al. (1981) Table XV,10.1159/000155963,Selected_collection,1981,1.06,1.06,0,sole source,1,Selected_collection,1,1,1981
Cheirogaleus medius,Nucleus_septalis_triangularis_Vol.mm3,Stephan_etal_1981_TableXV,Stephan et al. (1981) Table XV,10.1159/000155963,Selected_collection,1981,0.385,0.385,0,sole source,1,Selected_collection,1,1,1981
Cheirogaleus medius,Nucleus_tractus_olfactorius_Vol.mm3,Stephan_etal_1981_TableXI,Stephan et al. (1981) Table XI,10.1159/000155963,Selected_collection,1981,0.472,0.472,0,sole source,1,Selected_collection,1,1,1981
Cheirogaleus medius,Nucleus_vestibularis_descendens_Vol.mm3,Matano__1986_TableI,Matano (1986) Table I,10.1159/000156277,NA,NA,NA,3.22,NA,"derived both-hemisphere value (step 7: left+right, or 2x a one-side measurement); cite this source for the one-side figure",NA,Selected_collection,1,1,1986
Cheirogaleus medius,Nucleus_vestibularis_descendens_unilateral_Vol.mm3,Matano__1986_TableI,Matano (1986) Table I,10.1159/000156277,Selected_collection,1986,1.61,1.61,0,sole source,1,Selected_collection,1,1,1986
Cheirogaleus medius,Nucleus_vestibularis_lateralis_Vol.mm3,Matano__1986_TableI,Matano (1986) Table I,10.1159/000156277,NA,NA,NA,2,NA,"derived both-hemisphere value (step 7: left+right, or 2x a one-side measurement); cite this source for the one-side figure",NA,Selected_collection,1,1,1986
Cheirogaleus medius,Nucleus_vestibularis_lateralis_unilateral_Vol.mm3,Matano__1986_TableI,Matano (1986) Table I,10.1159/000156277,Selected_collection,1986,1,1,0,sole source,1,Selected_collection,1,1,1986
Cheirogaleus medius,Nucleus_vestibularis_medialis_Vol.mm3,Matano__1986_TableI,Matano (1986) Table I,10.1159/000156277,NA,NA,NA,4.06,NA,"derived both-hemisphere value (step 7: left+right, or 2x a one-side measurement); cite this source for the one-side figure",NA,Selected_collection,1,1,1986
Cheirogaleus medius,Nucleus_vestibularis_medialis_unilateral_Vol.mm3,Matano__1986_TableI,Matano (1986) Table I,10.1159/000156277,Selected_collection,1986,2.03,2.03,0,sole source,1,Selected_collection,1,1,1986
Cheirogaleus medius,Nucleus_vestibularis_superior_Vol.mm3,Matano__1986_TableI,Matano (1986) Table I,10.1159/000156277,NA,NA,NA,2.72,NA,"derived both-hemisphere value (step 7: left+right, or 2x a one-side measurement); cite this source for the one-side figure",NA,Selected_collection,1,1,1986
Cheirogaleus medius,Nucleus_vestibularis_superior_unilateral_Vol.mm3,Matano__1986_TableI,Matano (1986) Table I,10.1159/000156277,Selected_collection,1986,1.36,1.36,0,sole source,1,Selected_collection,1,1,1986
Cheirogaleus medius,Palaeocortex_Vol.mm3,Stephan_etal_1981_TableXI,Stephan et al. (1981) Table XI,10.1159/000155963,Selected_collection,1981,135,135,0,sole source,1,Selected_collection,1,1,1981
Cheirogaleus medius,Schizo_cortex_Vol.mm3,Stephan_etal_1981_TableV,Stephan et al. (1981) Table V,10.1159/000155963,Selected_collection,1981,65.3,65.3,0,sole source,1,Selected_collection,1,1,1981
Cheirogaleus medius,Septum_Vol.mm3,Stephan_etal_1981_TableV,Stephan et al. (1981) Table V,10.1159/000155963,Selected_collection,1981,32.5,32.5,0,sole source,1,Selected_collection,1,1,1981
Cheirogaleus medius,Striatum_Vol.mm3,Stephan_etal_1981_TableV,Stephan et al. (1981) Table V,10.1159/000155963,Selected_collection,1981,145,145,0,sole source,1,Selected_collection,1,1,1981
Cheirogaleus medius,Telencephalon_Vol.mm3,Stephan_etal_1981_TableII,Stephan et al. (1981) Table II,10.1159/000155963,Selected_collection,1981,1941,1941,0,sole source,1,Selected_collection,1,1,1981
Cheirogaleus medius,Total_brain_net_volume_Vol.mm3,Stephan_etal_1981_TableII,Stephan et al. (1981) Table II,10.1159/000155963,Selected_collection,1981,2961,2961,0,sole source,1,Selected_collection,1,1,1981
Cheirogaleus medius,Ventral_pons_Vol.mm3,Matano_etal_1985_b_Table1,Matano et al. (1985) Table 1,10.1159/000156211,Selected_collection,1985,13,13,0,sole source,1,Selected_collection,1,1,1985
Cheirogaleus medius,Ventricles_Vol.mm3,Stephan_etal_1981_TableII,Stephan et al. (1981) Table II,10.1159/000155963,Selected_collection,1981,24.6,24.6,0,sole source,1,Selected_collection,1,1,1981
Colobus angolensis,Agranular_insular_cortex_Vol.mm3,Bauernfeind_etal_2013_Table1,Bauernfeind et al. (2013) Table 1,10.1016/j.jhevol.2012.12.003,NA,NA,NA,64,NA,"derived both-hemisphere value (step 7: left+right, or 2x a one-side measurement); cite this source for the one-side figure",NA,Selected_collection,1,1,2013
Colobus angolensis,Agranular_insular_cortex_left_Vol.mm3,Bauernfeind_etal_2013_Table1,Bauernfeind et al. (2013) Table 1,10.1016/j.jhevol.2012.12.003,Selected_collection,2013,32,32,0,sole source,1,Selected_collection,1,1,2013
Colobus angolensis,Body_Mass.g,Bauernfeind_etal_2013_Table1,Bauernfeind et al. (2013) Table 1,10.1016/j.jhevol.2012.12.003,Selected_collection,2013,9680,9680,0,reference table used (mass rule: other sources not averaged in),1,Selected_collection,1,1,2013
Colobus angolensis,Brain_Mass.mg,Bauernfeind_etal_2013_Table1,Bauernfeind et al. (2013) Table 1,10.1016/j.jhevol.2012.12.003,Selected_collection,2013,74.4,74.4,0,reference table used (mass rule: other sources not averaged in),1,Selected_collection,1,1,2013
Colobus angolensis,Corpus_geniculatum_laterale_Vol.mm3,deSousa_etal_2013_Table1,deSousa et al. (2013) Table 1,10.1159/000346495,Selected_collection,2013,103,103,0,sole source,1,Selected_collection,1,1,2013
Colobus angolensis,Dysgranular_insular_cortex_Vol.mm3,Bauernfeind_etal_2013_Table1,Bauernfeind et al. (2013) Table 1,10.1016/j.jhevol.2012.12.003,NA,NA,NA,304,NA,"derived both-hemisphere value (step 7: left+right, or 2x a one-side measurement); cite this source for the one-side figure",NA,Selected_collection,1,1,2013
Colobus angolensis,Dysgranular_insular_cortex_left_Vol.mm3,Bauernfeind_etal_2013_Table1,Bauernfeind et al. (2013) Table 1,10.1016/j.jhevol.2012.12.003,Selected_collection,2013,152,152,0,sole source,1,Selected_collection,1,1,2013
Colobus angolensis,Granular_insular_cortex_Vol.mm3,Bauernfeind_etal_2013_Table1,Bauernfeind et al. (2013) Table 1,10.1016/j.jhevol.2012.12.003,NA,NA,NA,76,NA,"derived both-hemisphere value (step 7: left+right, or 2x a one-side measurement); cite this source for the one-side figure",NA,Selected_collection,1,1,2013
Colobus angolensis,Granular_insular_cortex_left_Vol.mm3,Bauernfeind_etal_2013_Table1,Bauernfeind et al. (2013) Table 1,10.1016/j.jhevol.2012.12.003,Selected_collection,2013,38,38,0,sole source,1,Selected_collection,1,1,2013
Colobus angolensis,Insula_Vol.mm3,Bauernfeind_etal_2013_Table1,Bauernfeind et al. (2013) Table 1,10.1016/j.jhevol.2012.12.003,NA,NA,NA,444,NA,"derived both-hemisphere value (step 7: left+right, or 2x a one-side measurement); cite this source for the one-side figure",NA,Selected_collection,1,1,2013
Colobus angolensis,Insula_left_Vol.mm3,Bauernfeind_etal_2013_Table1,Bauernfeind et al. (2013) Table 1,10.1016/j.jhevol.2012.12.003,Selected_collection,2013,222,222,0,sole source,1,Selected_collection,1,1,2013
Colobus angolensis,Total_brain_net_volume_Vol.mm3,Bauernfeind_etal_2013_Table1,Bauernfeind et al. (2013) Table 1,10.1016/j.jhevol.2012.12.003,Selected_collection,2013,71815,71815,0,sole source,1,Selected_collection,1,1,2013
Daubentonia madagascariensis,Amygdala_Vol.mm3,Stephan_etal_1981_TableXI,Stephan et al. (1981) Table XI,10.1159/000155963,Selected_collection,1981,473,473,0,sole source,1,Selected_collection,1,1,1981
Daubentonia madagascariensis,Area_striata_Vol.mm3,Frahm_etal_1984_Table1,Frahm et al. (1984) Table 1,PMID:6501869,Selected_collection,1984,1355,1355,0,sole source,1,Selected_collection,1,1,1984
Daubentonia madagascariensis,Area_striata_grey_matter_Vol.mm3,Frahm_etal_1984_Table1,Frahm et al. (1984) Table 1,PMID:6501869,Selected_collection,1984,1113,1113,0,sole source,1,Selected_collection,1,1,1984
Daubentonia madagascariensis,Area_striata_lamina_1_Vol.mm3,Frahm_etal_1984_Table1,Frahm et al. (1984) Table 1,PMID:6501869,Selected_collection,1984,189,189,0,sole source,1,Selected_collection,1,1,1984
Daubentonia madagascariensis,Area_striata_laminae_2_6_Vol.mm3,Frahm_etal_1984_Table1,Frahm et al. (1984) Table 1,PMID:6501869,Selected_collection,1984,923,923,0,sole source,1,Selected_collection,1,1,1984
Daubentonia madagascariensis,Area_striata_white_matter_Vol.mm3,Frahm_etal_1984_Table1,Frahm et al. (1984) Table 1,PMID:6501869,Selected_collection,1984,242,242,0,sole source,1,Selected_collection,1,1,1984
Daubentonia madagascariensis,Body_Mass.g,Stephan_etal_1981_TableII,Stephan et al. (1981) Table II,10.1159/000155963,Selected_collection,1981,2800,2800,0,reference table used (mass rule: other sources not averaged in),1,Selected_collection,1,1,1981
Daubentonia madagascariensis,Brain_Mass.mg,Stephan_etal_1981_TableII,Stephan et al. (1981) Table II,10.1159/000155963,Selected_collection,1981,45150,45150,0,reference table used (mass rule: other sources not averaged in),1,Selected_collection,1,1,1981
Daubentonia madagascariensis,Bulbus_olfactorius_Vol.mm3,Stephan_etal_1981_TableV,Stephan et al. (1981) Table V,10.1159/000155963,Selected_collection,1981,685,685,0,sole source,1,Selected_collection,1,1,1981
Daubentonia madagascariensis,Bulbus_olfactorius_accessorius_Vol.mm3,Stephan_etal_1981_TableV,Stephan et al. (1981) Table V,10.1159/000155963,Selected_collection,1981,8.31,8.31,0,sole source,1,Selected_collection,1,1,1981
Daubentonia madagascariensis,Cerebellar_nuclei_total_Vol.mm3,Matano_etal_1985_a_Table1,Matano et al. (1985) Table 1,10.1159/000156212,Selected_collection,1985,126.08,126.08,0,sole source,1,Selected_collection,1,1,1985
Daubentonia madagascariensis,Cerebellum_Vol.mm3,Stephan_etal_1981_TableII,Stephan et al. (1981) Table II,10.1159/000155963,Selected_collection,1981,6461,6461,0,sole source,1,Selected_collection,1,1,1981
Daubentonia madagascariensis,Complexus_centromedialis_Vol.mm3,Stephan_etal_1981_TableXI,Stephan et al. (1981) Table XI,10.1159/000155963,Selected_collection,1981,122,122,0,sole source,1,Selected_collection,1,1,1981
Daubentonia madagascariensis,Complexus_corticobasolateralis_Vol.mm3,Stephan_etal_1981_TableXI,Stephan et al. (1981) Table XI,10.1159/000155963,Selected_collection,1981,351,351,0,sole source,1,Selected_collection,1,1,1981
Daubentonia madagascariensis,Complexus_vestibularis_Vol.mm3,Matano__1986_TableI,Matano (1986) Table I,10.1159/000156277,NA,NA,NA,94.6,NA,"derived both-hemisphere value (step 7: left+right, or 2x a one-side measurement); cite this source for the one-side figure",NA,Selected_collection,1,1,1986
Daubentonia madagascariensis,Complexus_vestibularis_unilateral_Vol.mm3,Matano__1986_TableI,Matano (1986) Table I,10.1159/000156277,Selected_collection,1986,47.3,47.3,0,sole source,1,Selected_collection,1,1,1986
Daubentonia madagascariensis,Corpus_geniculatum_laterale_Vol.mm3,Stephan_etal_1984_Table1,Stephan et al. (1984) Table 1,PMID:6481154,Selected_collection,1984,58.5,58.5,0,sole source,1,Selected_collection,1,1,1984
Daubentonia madagascariensis,Corpus_pineal_Vol.mm3,Stephan_etal_1981_TableXV,Stephan et al. (1981) Table XV,10.1159/000155963,Selected_collection,1981,3.32,3.32,0,sole source,1,Selected_collection,1,1,1981
Daubentonia madagascariensis,Corpus_subcommissurale_Vol.mm3,Stephan_etal_1981_TableXV,Stephan et al. (1981) Table XV,10.1159/000155963,Selected_collection,1981,1.83,1.83,0,sole source,1,Selected_collection,1,1,1981
Daubentonia madagascariensis,Corpus_subfornicale_Vol.mm3,Stephan_etal_1981_TableXV,Stephan et al. (1981) Table XV,10.1159/000155963,Selected_collection,1981,0.593,0.593,0,sole source,1,Selected_collection,1,1,1981
Daubentonia madagascariensis,Diencephalon_Vol.mm3,Stephan_etal_1981_TableII,Stephan et al. (1981) Table II,10.1159/000155963,Selected_collection,1981,3539,3539,0,sole source,1,Selected_collection,1,1,1981
Daubentonia madagascariensis,Hippocampus_Vol.mm3,Stephan_etal_1981_TableV,Stephan et al. (1981) Table V,10.1159/000155963,Selected_collection,1981,1776,1776,0,sole source,1,Selected_collection,1,1,1981
Daubentonia madagascariensis,Interpositus_cerebellar_nuclei_Vol.mm3,Matano_etal_1985_a_Table1,Matano et al. (1985) Table 1,10.1159/000156212,Selected_collection,1985,36.11,36.11,0,sole source,1,Selected_collection,1,1,1985
Daubentonia madagascariensis,Lateral_cerebellar_nuclei_Vol.mm3,Matano_etal_1985_a_Table1,Matano et al. (1985) Table 1,10.1159/000156212,Selected_collection,1985,61.03,61.03,0,sole source,1,Selected_collection,1,1,1985
Daubentonia madagascariensis,Lobus_piriformis_Vol.mm3,Stephan_etal_1981_TableV,Stephan et al. (1981) Table V,10.1159/000155963,Selected_collection,1981,1538,1538,0,sole source,1,Selected_collection,1,1,1981
Daubentonia madagascariensis,Medial_cerebellar_nuclei_Vol.mm3,Matano_etal_1985_a_Table1,Matano et al. (1985) Table 1,10.1159/000156212,Selected_collection,1985,28.94,28.94,0,sole source,1,Selected_collection,1,1,1985
Daubentonia madagascariensis,Medulla_oblongata_Vol.mm3,Stephan_etal_1981_TableII,Stephan et al. (1981) Table II,10.1159/000155963,Selected_collection,1981,1517,1517,0,sole source,1,Selected_collection,1,1,1981
Daubentonia madagascariensis,Mesencephalon_Vol.mm3,Stephan_etal_1981_TableII,Stephan et al. (1981) Table II,10.1159/000155963,Selected_collection,1981,897,897,0,sole source,1,Selected_collection,1,1,1981
Daubentonia madagascariensis,Neocortex_Vol.mm3,Frahm_etal_1982_Table2,Frahm et al. (1982) Table 2,PMID:7161477,Selected_collection,1982,22127,22127,0,sole source,1,Selected_collection,1,1,1982
Daubentonia madagascariensis,Neocortex_grey_matter_Vol.mm3,Frahm_etal_1982_Table2,Frahm et al. (1982) Table 2,PMID:7161477,Selected_collection,1982,17074,17074,0,sole source,1,Selected_collection,1,1,1982
Daubentonia madagascariensis,Neocortex_lamina_1_Vol.mm3,Frahm_etal_1982_Table2,Frahm et al. (1982) Table 2,PMID:7161477,Selected_collection,1982,2738,2738,0,sole source,1,Selected_collection,1,1,1982
Daubentonia madagascariensis,Neocortex_laminae_2_6_Vol.mm3,Frahm_etal_1982_Table2,Frahm et al. (1982) Table 2,PMID:7161477,Selected_collection,1982,14336,14336,0,sole source,1,Selected_collection,1,1,1982
Daubentonia madagascariensis,Neocortex_white_matter_Vol.mm3,Frahm_etal_1982_Table2,Frahm et al. (1982) Table 2,PMID:7161477,Selected_collection,1982,5053,5053,0,sole source,1,Selected_collection,1,1,1982
Daubentonia madagascariensis,Nucleus_amygdalae_basalis_pars_magnocellularis_Vol.mm3,Stephan_etal_1981_TableXI,Stephan et al. (1981) Table XI,10.1159/000155963,Selected_collection,1981,24.9,24.9,0,sole source,1,Selected_collection,1,1,1981
Daubentonia madagascariensis,Nucleus_habenularis_medialis_Vol.mm3,Stephan_etal_1981_TableXV,Stephan et al. (1981) Table XV,10.1159/000155963,Selected_collection,1981,7.75,7.75,0,sole source,1,Selected_collection,1,1,1981
Daubentonia madagascariensis,Nucleus_septalis_triangularis_Vol.mm3,Stephan_etal_1981_TableXV,Stephan et al. (1981) Table XV,10.1159/000155963,Selected_collection,1981,2.65,2.65,0,sole source,1,Selected_collection,1,1,1981
Daubentonia madagascariensis,Nucleus_tractus_olfactorius_Vol.mm3,Stephan_etal_1981_TableXI,Stephan et al. (1981) Table XI,10.1159/000155963,Selected_collection,1981,3.53,3.53,0,sole source,1,Selected_collection,1,1,1981
Daubentonia madagascariensis,Nucleus_vestibularis_descendens_Vol.mm3,Matano__1986_TableI,Matano (1986) Table I,10.1159/000156277,NA,NA,NA,25.4,NA,"derived both-hemisphere value (step 7: left+right, or 2x a one-side measurement); cite this source for the one-side figure",NA,Selected_collection,1,1,1986
Daubentonia madagascariensis,Nucleus_vestibularis_descendens_unilateral_Vol.mm3,Matano__1986_TableI,Matano (1986) Table I,10.1159/000156277,Selected_collection,1986,12.7,12.7,0,sole source,1,Selected_collection,1,1,1986
Daubentonia madagascariensis,Nucleus_vestibularis_lateralis_Vol.mm3,Matano__1986_TableI,Matano (1986) Table I,10.1159/000156277,NA,NA,NA,16.26,NA,"derived both-hemisphere value (step 7: left+right, or 2x a one-side measurement); cite this source for the one-side figure",NA,Selected_collection,1,1,1986
Daubentonia madagascariensis,Nucleus_vestibularis_lateralis_unilateral_Vol.mm3,Matano__1986_TableI,Matano (1986) Table I,10.1159/000156277,Selected_collection,1986,8.13,8.13,0,sole source,1,Selected_collection,1,1,1986
Daubentonia madagascariensis,Nucleus_vestibularis_medialis_Vol.mm3,Matano__1986_TableI,Matano (1986) Table I,10.1159/000156277,NA,NA,NA,36,NA,"derived both-hemisphere value (step 7: left+right, or 2x a one-side measurement); cite this source for the one-side figure",NA,Selected_collection,1,1,1986
Daubentonia madagascariensis,Nucleus_vestibularis_medialis_unilateral_Vol.mm3,Matano__1986_TableI,Matano (1986) Table I,10.1159/000156277,Selected_collection,1986,18,18,0,sole source,1,Selected_collection,1,1,1986
Daubentonia madagascariensis,Nucleus_vestibularis_superior_Vol.mm3,Matano__1986_TableI,Matano (1986) Table I,10.1159/000156277,NA,NA,NA,16.9,NA,"derived both-hemisphere value (step 7: left+right, or 2x a one-side measurement); cite this source for the one-side figure",NA,Selected_collection,1,1,1986
Daubentonia madagascariensis,Nucleus_vestibularis_superior_unilateral_Vol.mm3,Matano__1986_TableI,Matano (1986) Table I,10.1159/000156277,Selected_collection,1986,8.45,8.45,0,sole source,1,Selected_collection,1,1,1986
Daubentonia madagascariensis,Palaeocortex_Vol.mm3,Stephan_etal_1981_TableXI,Stephan et al. (1981) Table XI,10.1159/000155963,Selected_collection,1981,1065,1065,0,sole source,1,Selected_collection,1,1,1981
Daubentonia madagascariensis,Schizo_cortex_Vol.mm3,Stephan_etal_1981_TableV,Stephan et al. (1981) Table V,10.1159/000155963,Selected_collection,1981,1044,1044,0,sole source,1,Selected_collection,1,1,1981
Daubentonia madagascariensis,Septum_Vol.mm3,Stephan_etal_1981_TableV,Stephan et al. (1981) Table V,10.1159/000155963,Selected_collection,1981,254,254,0,sole source,1,Selected_collection,1,1,1981
Daubentonia madagascariensis,Striatum_Vol.mm3,Stephan_etal_1981_TableV,Stephan et al. (1981) Table V,10.1159/000155963,Selected_collection,1981,2765,2765,0,sole source,1,Selected_collection,1,1,1981
Daubentonia madagascariensis,Telencephalon_Vol.mm3,Stephan_etal_1981_TableII,Stephan et al. (1981) Table II,10.1159/000155963,Selected_collection,1981,30196,30196,0,sole source,1,Selected_collection,1,1,1981
Daubentonia madagascariensis,Total_brain_net_volume_Vol.mm3,Stephan_etal_1981_TableII,Stephan et al. (1981) Table II,10.1159/000155963,Selected_collection,1981,42611,42611,0,sole source,1,Selected_collection,1,1,1981
Daubentonia madagascariensis,Ventral_pons_Vol.mm3,Matano_etal_1985_b_Table1,Matano et al. (1985) Table 1,10.1159/000156211,Selected_collection,1985,304.8,304.8,0,sole source,1,Selected_collection,1,1,1985
Daubentonia madagascariensis,Ventricles_Vol.mm3,Stephan_etal_1981_TableII,Stephan et al. (1981) Table II,10.1159/000155963,Selected_collection,1981,392,392,0,sole source,1,Selected_collection,1,1,1981
Erythrocebus patas,Body_Mass.g,Stephan_etal_1981_TableIII,Stephan et al. (1981) Table III,10.1159/000155963,Selected_collection,1981,7800,7800,0,reference table used (mass rule: other sources not averaged in),1,Selected_collection,1,1,1981
Erythrocebus patas,Brain_Mass.mg,Stephan_etal_1981_TableIII,Stephan et al. (1981) Table III,10.1159/000155963,Selected_collection,1981,108000,108000,0,reference table used (mass rule: other sources not averaged in),1,Selected_collection,1,1,1981
Erythrocebus patas,Bulbus_olfactorius_Vol.mm3,Stephan_etal_1981_TableVI,Stephan et al. (1981) Table VI,10.1159/000155963,Selected_collection,1981,51.8,51.8,0,sole source,1,Selected_collection,1,1,1981
Erythrocebus patas,Bulbus_olfactorius_accessorius_Vol.mm3,Stephan_etal_1981_TableVI,Stephan et al. (1981) Table VI,10.1159/000155963,Selected_collection,1981,0,0,NA,sole source,1,Selected_collection,1,1,1981
Erythrocebus patas,Cerebellar_nuclei_total_Vol.mm3,Matano_etal_1985_a_Table1,Matano et al. (1985) Table 1,10.1159/000156212,Selected_collection,1985,295.09,295.09,0,sole source,1,Selected_collection,1,1,1985
Erythrocebus patas,Cerebellum_Vol.mm3,Stephan_etal_1981_TableIII,Stephan et al. (1981) Table III,10.1159/000155963,Selected_collection,1981,8738,8738,0,sole source,1,Selected_collection,1,1,1981
Erythrocebus patas,Complexus_vestibularis_Vol.mm3,Matano__1986_TableI,Matano (1986) Table I,10.1159/000156277,NA,NA,NA,178,NA,"derived both-hemisphere value (step 7: left+right, or 2x a one-side measurement); cite this source for the one-side figure",NA,Selected_collection,1,1,1986
Erythrocebus patas,Complexus_vestibularis_unilateral_Vol.mm3,Matano__1986_TableI,Matano (1986) Table I,10.1159/000156277,Selected_collection,1986,89,89,0,sole source,1,Selected_collection,1,1,1986
Erythrocebus patas,Corpus_geniculatum_laterale_Vol.mm3,deSousa_etal_2013_Table1,deSousa et al. (2013) Table 1,10.1159/000346495,Selected_collection,2013,266.8,266.8,0,sole source,1,Selected_collection,1,1,2013
Erythrocebus patas,Diencephalon_Vol.mm3,Stephan_etal_1981_TableIII,Stephan et al. (1981) Table III,10.1159/000155963,Selected_collection,1981,5423,5423,0,sole source,1,Selected_collection,1,1,1981
Erythrocebus patas,Hippocampus_Vol.mm3,Stephan_etal_1981_TableVI,Stephan et al. (1981) Table VI,10.1159/000155963,Selected_collection,1981,1591,1591,0,sole source,1,Selected_collection,1,1,1981
Erythrocebus patas,Interpositus_cerebellar_nuclei_Vol.mm3,Matano_etal_1985_a_Table1,Matano et al. (1985) Table 1,10.1159/000156212,Selected_collection,1985,95.07,95.07,0,sole source,1,Selected_collection,1,1,1985
Erythrocebus patas,Lateral_cerebellar_nuclei_Vol.mm3,Matano_etal_1985_a_Table1,Matano et al. (1985) Table 1,10.1159/000156212,Selected_collection,1985,126.31,126.31,0,sole source,1,Selected_collection,1,1,1985
Erythrocebus patas,Lobus_piriformis_Vol.mm3,Stephan_etal_1981_TableVI,Stephan et al. (1981) Table VI,10.1159/000155963,Selected_collection,1981,1339,1339,0,sole source,1,Selected_collection,1,1,1981
Erythrocebus patas,Medial_cerebellar_nuclei_Vol.mm3,Matano_etal_1985_a_Table1,Matano et al. (1985) Table 1,10.1159/000156212,Selected_collection,1985,73.71,73.71,0,sole source,1,Selected_collection,1,1,1985
Erythrocebus patas,Medulla_oblongata_Vol.mm3,Stephan_etal_1981_TableIII,Stephan et al. (1981) Table III,10.1159/000155963,Selected_collection,1981,2616,2616,0,sole source,1,Selected_collection,1,1,1981
Erythrocebus patas,Mesencephalon_Vol.mm3,Stephan_etal_1981_TableIII,Stephan et al. (1981) Table III,10.1159/000155963,Selected_collection,1981,1621,1621,0,sole source,1,Selected_collection,1,1,1981
Erythrocebus patas,Neocortex_Vol.mm3,Stephan_etal_1981_TableVI,Stephan et al. (1981) Table VI,10.1159/000155963,Selected_collection,1981,77141,77141,0,sole source,1,Selected_collection,1,1,1981
Erythrocebus patas,Nucleus_vestibularis_descendens_Vol.mm3,Matano__1986_TableI,Matano (1986) Table I,10.1159/000156277,NA,NA,NA,31.2,NA,"derived both-hemisphere value (step 7: left+right, or 2x a one-side measurement); cite this source for the one-side figure",NA,Selected_collection,1,1,1986
Erythrocebus patas,Nucleus_vestibularis_descendens_unilateral_Vol.mm3,Matano__1986_TableI,Matano (1986) Table I,10.1159/000156277,Selected_collection,1986,15.6,15.6,0,sole source,1,Selected_collection,1,1,1986
Erythrocebus patas,Nucleus_vestibularis_lateralis_Vol.mm3,Matano__1986_TableI,Matano (1986) Table I,10.1159/000156277,NA,NA,NA,35.8,NA,"derived both-hemisphere value (step 7: left+right, or 2x a one-side measurement); cite this source for the one-side figure",NA,Selected_collection,1,1,1986
Erythrocebus patas,Nucleus_vestibularis_lateralis_unilateral_Vol.mm3,Matano__1986_TableI,Matano (1986) Table I,10.1159/000156277,Selected_collection,1986,17.9,17.9,0,sole source,1,Selected_collection,1,1,1986
Erythrocebus patas,Nucleus_vestibularis_medialis_Vol.mm3,Matano__1986_TableI,Matano (1986) Table I,10.1159/000156277,NA,NA,NA,80.6,NA,"derived both-hemisphere value (step 7: left+right, or 2x a one-side measurement); cite this source for the one-side figure",NA,Selected_collection,1,1,1986
Erythrocebus patas,Nucleus_vestibularis_medialis_unilateral_Vol.mm3,Matano__1986_TableI,Matano (1986) Table I,10.1159/000156277,Selected_collection,1986,40.3,40.3,0,sole source,1,Selected_collection,1,1,1986
Erythrocebus patas,Nucleus_vestibularis_superior_Vol.mm3,Matano__1986_TableI,Matano (1986) Table I,10.1159/000156277,NA,NA,NA,30.4,NA,"derived both-hemisphere value (step 7: left+right, or 2x a one-side measurement); cite this source for the one-side figure",NA,Selected_collection,1,1,1986
Erythrocebus patas,Nucleus_vestibularis_superior_unilateral_Vol.mm3,Matano__1986_TableI,Matano (1986) Table I,10.1159/000156277,Selected_collection,1986,15.2,15.2,0,sole source,1,Selected_collection,1,1,1986
Erythrocebus patas,Schizo_cortex_Vol.mm3,Stephan_etal_1981_TableVI,Stephan et al. (1981) Table VI,10.1159/000155963,Selected_collection,1981,693,693,0,sole source,1,Selected_collection,1,1,1981
Erythrocebus patas,Septum_Vol.mm3,Stephan_etal_1981_TableVI,Stephan et al. (1981) Table VI,10.1159/000155963,Selected_collection,1981,330,330,0,sole source,1,Selected_collection,1,1,1981
Erythrocebus patas,Striatum_Vol.mm3,Stephan_etal_1981_TableVI,Stephan et al. (1981) Table VI,10.1159/000155963,Selected_collection,1981,3624,3624,0,sole source,1,Selected_collection,1,1,1981
Erythrocebus patas,Telencephalon_Vol.mm3,Stephan_etal_1981_TableIII,Stephan et al. (1981) Table III,10.1159/000155963,Selected_collection,1981,84770,84770,0,sole source,1,Selected_collection,1,1,1981
Erythrocebus patas,Total_brain_net_volume_Vol.mm3,Stephan_etal_1981_TableIII,Stephan et al. (1981) Table III,10.1159/000155963,Selected_collection,1981,103167,103167,0,sole source,1,Selected_collection,1,1,1981
Erythrocebus patas,Ventral_pons_Vol.mm3,Matano_etal_1985_b_Table1,Matano et al. (1985) Table 1,10.1159/000156211,Selected_collection,1985,814.5,814.5,0,sole source,1,Selected_collection,1,1,1985
Erythrocebus patas,Ventricles_Vol.mm3,Stephan_etal_1981_TableIII,Stephan et al. (1981) Table III,10.1159/000155963,Selected_collection,1981,561,561,0,sole source,1,Selected_collection,1,1,1981
Eulemur fulvus,Amygdala_Vol.mm3,Stephan_etal_1981_TableXI,Stephan et al. (1981) Table XI,10.1159/000155963,Selected_collection,1981,251,251,0,sole source,1,Selected_collection,1,1,1981
Eulemur fulvus,Area_striata_Vol.mm3,Frahm_etal_1984_Table1,Frahm et al. (1984) Table 1,PMID:6501869,Selected_collection,1984,1519,1519,0,sole source,1,Selected_collection,1,1,1984
Eulemur fulvus,Area_striata_grey_matter_Vol.mm3,Frahm_etal_1984_Table1,Frahm et al. (1984) Table 1,PMID:6501869,Selected_collection,1984,1253,1253,0,sole source,1,Selected_collection,1,1,1984
Eulemur fulvus,Area_striata_lamina_1_Vol.mm3,Frahm_etal_1984_Table1,Frahm et al. (1984) Table 1,PMID:6501869,Selected_collection,1984,138,138,0,sole source,1,Selected_collection,1,1,1984
Eulemur fulvus,Area_striata_laminae_2_6_Vol.mm3,Frahm_etal_1984_Table1,Frahm et al. (1984) Table 1,PMID:6501869,Selected_collection,1984,1114,1114,0,sole source,1,Selected_collection,1,1,1984
Eulemur fulvus,Area_striata_white_matter_Vol.mm3,Frahm_etal_1984_Table1,Frahm et al. (1984) Table 1,PMID:6501869,Selected_collection,1984,267,267,0,sole source,1,Selected_collection,1,1,1984
Eulemur fulvus,Body_Mass.g,Stephan_etal_1981_TableII,Stephan et al. (1981) Table II,10.1159/000155963,Selected_collection,1981,1400,1400,0,reference table used (mass rule: other sources not averaged in),1,Selected_collection,1,1,1981
Eulemur fulvus,Brain_Mass.mg,Stephan_etal_1981_TableII,Stephan et al. (1981) Table II,10.1159/000155963,Selected_collection,1981,23300,23300,0,reference table used (mass rule: other sources not averaged in),1,Selected_collection,1,1,1981
Eulemur fulvus,Bulbus_olfactorius_Vol.mm3,Stephan_etal_1981_TableV,Stephan et al. (1981) Table V,10.1159/000155963,Selected_collection,1981,207,207,0,sole source,1,Selected_collection,1,1,1981
Eulemur fulvus,Bulbus_olfactorius_accessorius_Vol.mm3,Stephan_etal_1981_TableV,Stephan et al. (1981) Table V,10.1159/000155963,Selected_collection,1981,3.21,3.21,0,sole source,1,Selected_collection,1,1,1981
Eulemur fulvus,Capsula_interna_Vol.mm3,Stephan_etal_1981_TableVIII,Stephan et al. (1981) Table VIII,10.1159/000155963,Selected_collection,1981,248,248,0,sole source,1,Selected_collection,1,1,1981
Eulemur fulvus,Cerebellar_nuclei_total_Vol.mm3,Matano_etal_1985_a_Table1,Matano et al. (1985) Table 1,10.1159/000156212,Selected_collection,1985,86.28,86.28,0,sole source,1,Selected_collection,1,1,1985
Eulemur fulvus,Cerebellum_Vol.mm3,Stephan_etal_1981_TableII,Stephan et al. (1981) Table II,10.1159/000155963,Selected_collection,1981,3328,3328,0,sole source,1,Selected_collection,1,1,1981
Eulemur fulvus,Complexus_centromedialis_Vol.mm3,Stephan_etal_1981_TableXI,Stephan et al. (1981) Table XI,10.1159/000155963,Selected_collection,1981,71.7,71.7,0,sole source,1,Selected_collection,1,1,1981
Eulemur fulvus,Complexus_corticobasolateralis_Vol.mm3,Stephan_etal_1981_TableXI,Stephan et al. (1981) Table XI,10.1159/000155963,Selected_collection,1981,179,179,0,sole source,1,Selected_collection,1,1,1981
Eulemur fulvus,Complexus_vestibularis_Vol.mm3,Matano__1986_TableI,Matano (1986) Table I,10.1159/000156277,NA,NA,NA,62.2,NA,"derived both-hemisphere value (step 7: left+right, or 2x a one-side measurement); cite this source for the one-side figure",NA,Selected_collection,1,1,1986
Eulemur fulvus,Complexus_vestibularis_unilateral_Vol.mm3,Matano__1986_TableI,Matano (1986) Table I,10.1159/000156277,Selected_collection,1986,31.1,31.1,0,sole source,1,Selected_collection,1,1,1986
Eulemur fulvus,Corpus_geniculatum_laterale_Vol.mm3,Stephan_etal_1984_Table1,Stephan et al. (1984) Table 1,PMID:6481154,Selected_collection,1984,51.8,51.8,0,sole source,1,Selected_collection,1,1,1984
Eulemur fulvus,Corpus_pineal_Vol.mm3,Stephan_etal_1981_TableXV,Stephan et al. (1981) Table XV,10.1159/000155963,Selected_collection,1981,1.85,1.85,0,sole source,1,Selected_collection,1,1,1981
Eulemur fulvus,Corpus_subcommissurale_Vol.mm3,Stephan_etal_1981_TableXV,Stephan et al. (1981) Table XV,10.1159/000155963,Selected_collection,1981,0.174,0.174,0,sole source,1,Selected_collection,1,1,1981
Eulemur fulvus,Corpus_subfornicale_Vol.mm3,Stephan_etal_1981_TableXV,Stephan et al. (1981) Table XV,10.1159/000155963,Selected_collection,1981,0.527,0.527,0,sole source,1,Selected_collection,1,1,1981
Eulemur fulvus,Diencephalon_Vol.mm3,Stephan_etal_1981_TableII,Stephan et al. (1981) Table II,10.1159/000155963,Selected_collection,1981,1713,1713,0,sole source,1,Selected_collection,1,1,1981
Eulemur fulvus,Epithalamus_Vol.mm3,Stephan_etal_1981_TableVIII,Stephan et al. (1981) Table VIII,10.1159/000155963,Selected_collection,1981,12.2,12.2,0,sole source,1,Selected_collection,1,1,1981
Eulemur fulvus,Hippocampus_Vol.mm3,Stephan_etal_1981_TableV,Stephan et al. (1981) Table V,10.1159/000155963,Selected_collection,1981,752,752,0,sole source,1,Selected_collection,1,1,1981
Eulemur fulvus,Hypothalamus_Vol.mm3,Stephan_etal_1981_TableVIII,Stephan et al. (1981) Table VIII,10.1159/000155963,Selected_collection,1981,239,239,0,sole source,1,Selected_collection,1,1,1981
Eulemur fulvus,Interpositus_cerebellar_nuclei_Vol.mm3,Matano_etal_1985_a_Table1,Matano et al. (1985) Table 1,10.1159/000156212,Selected_collection,1985,27.58,27.58,0,sole source,1,Selected_collection,1,1,1985
Eulemur fulvus,Lateral_cerebellar_nuclei_Vol.mm3,Matano_etal_1985_a_Table1,Matano et al. (1985) Table 1,10.1159/000156212,Selected_collection,1985,32.05,32.05,0,sole source,1,Selected_collection,1,1,1985
Eulemur fulvus,Lobus_piriformis_Vol.mm3,Stephan_etal_1981_TableV,Stephan et al. (1981) Table V,10.1159/000155963,Selected_collection,1981,641,641,0,sole source,1,Selected_collection,1,1,1981
Eulemur fulvus,Medial_cerebellar_nuclei_Vol.mm3,Matano_etal_1985_a_Table1,Matano et al. (1985) Table 1,10.1159/000156212,Selected_collection,1985,26.65,26.65,0,sole source,1,Selected_collection,1,1,1985
Eulemur fulvus,Medulla_oblongata_Vol.mm3,Stephan_etal_1981_TableII,Stephan et al. (1981) Table II,10.1159/000155963,Selected_collection,1981,909,909,0,sole source,1,Selected_collection,1,1,1981
Eulemur fulvus,Mesencephalon_Vol.mm3,Stephan_etal_1981_TableII,Stephan et al. (1981) Table II,10.1159/000155963,Selected_collection,1981,590,590,0,sole source,1,Selected_collection,1,1,1981
Eulemur fulvus,Neocortex_Vol.mm3,Frahm_etal_1982_Table2,Frahm et al. (1982) Table 2,PMID:7161477,Selected_collection,1982,12207,12207,0,sole source,1,Selected_collection,1,1,1982
Eulemur fulvus,Neocortex_grey_matter_Vol.mm3,Frahm_etal_1982_Table2,Frahm et al. (1982) Table 2,PMID:7161477,Selected_collection,1982,9172,9172,0,sole source,1,Selected_collection,1,1,1982
Eulemur fulvus,Neocortex_lamina_1_Vol.mm3,Frahm_etal_1982_Table2,Frahm et al. (1982) Table 2,PMID:7161477,Selected_collection,1982,1298,1298,0,sole source,1,Selected_collection,1,1,1982
Eulemur fulvus,Neocortex_laminae_2_6_Vol.mm3,Frahm_etal_1982_Table2,Frahm et al. (1982) Table 2,PMID:7161477,Selected_collection,1982,7874,7874,0,sole source,1,Selected_collection,1,1,1982
Eulemur fulvus,Neocortex_white_matter_Vol.mm3,Frahm_etal_1982_Table2,Frahm et al. (1982) Table 2,PMID:7161477,Selected_collection,1982,3035,3035,0,sole source,1,Selected_collection,1,1,1982
Eulemur fulvus,Nucleus_amygdalae_basalis_pars_magnocellularis_Vol.mm3,Stephan_etal_1981_TableXI,Stephan et al. (1981) Table XI,10.1159/000155963,Selected_collection,1981,19.6,19.6,0,sole source,1,Selected_collection,1,1,1981
Eulemur fulvus,Nucleus_habenularis_medialis_Vol.mm3,Stephan_etal_1981_TableXV,Stephan et al. (1981) Table XV,10.1159/000155963,Selected_collection,1981,4.02,4.02,0,sole source,1,Selected_collection,1,1,1981
Eulemur fulvus,Nucleus_septalis_triangularis_Vol.mm3,Stephan_etal_1981_TableXV,Stephan et al. (1981) Table XV,10.1159/000155963,Selected_collection,1981,1.4,1.4,0,sole source,1,Selected_collection,1,1,1981
Eulemur fulvus,Nucleus_subthalamicus_Vol.mm3,Stephan_etal_1981_TableVIII,Stephan et al. (1981) Table VIII,10.1159/000155963,Selected_collection,1981,13.9,13.9,0,sole source,1,Selected_collection,1,1,1981
Eulemur fulvus,Nucleus_tractus_olfactorius_Vol.mm3,Stephan_etal_1981_TableXI,Stephan et al. (1981) Table XI,10.1159/000155963,Selected_collection,1981,1.37,1.37,0,sole source,1,Selected_collection,1,1,1981
Eulemur fulvus,Nucleus_vestibularis_descendens_Vol.mm3,Matano__1986_TableI,Matano (1986) Table I,10.1159/000156277,NA,NA,NA,18.54,NA,"derived both-hemisphere value (step 7: left+right, or 2x a one-side measurement); cite this source for the one-side figure",NA,Selected_collection,1,1,1986
Eulemur fulvus,Nucleus_vestibularis_descendens_unilateral_Vol.mm3,Matano__1986_TableI,Matano (1986) Table I,10.1159/000156277,Selected_collection,1986,9.27,9.27,0,sole source,1,Selected_collection,1,1,1986
Eulemur fulvus,Nucleus_vestibularis_lateralis_Vol.mm3,Matano__1986_TableI,Matano (1986) Table I,10.1159/000156277,NA,NA,NA,11.8,NA,"derived both-hemisphere value (step 7: left+right, or 2x a one-side measurement); cite this source for the one-side figure",NA,Selected_collection,1,1,1986
Eulemur fulvus,Nucleus_vestibularis_lateralis_unilateral_Vol.mm3,Matano__1986_TableI,Matano (1986) Table I,10.1159/000156277,Selected_collection,1986,5.9,5.9,0,sole source,1,Selected_collection,1,1,1986
Eulemur fulvus,Nucleus_vestibularis_medialis_Vol.mm3,Matano__1986_TableI,Matano (1986) Table I,10.1159/000156277,NA,NA,NA,19.5,NA,"derived both-hemisphere value (step 7: left+right, or 2x a one-side measurement); cite this source for the one-side figure",NA,Selected_collection,1,1,1986
Eulemur fulvus,Nucleus_vestibularis_medialis_unilateral_Vol.mm3,Matano__1986_TableI,Matano (1986) Table I,10.1159/000156277,Selected_collection,1986,9.75,9.75,0,sole source,1,Selected_collection,1,1,1986
Eulemur fulvus,Nucleus_vestibularis_superior_Vol.mm3,Matano__1986_TableI,Matano (1986) Table I,10.1159/000156277,NA,NA,NA,12.44,NA,"derived both-hemisphere value (step 7: left+right, or 2x a one-side measurement); cite this source for the one-side figure",NA,Selected_collection,1,1,1986
Eulemur fulvus,Nucleus_vestibularis_superior_unilateral_Vol.mm3,Matano__1986_TableI,Matano (1986) Table I,10.1159/000156277,Selected_collection,1986,6.22,6.22,0,sole source,1,Selected_collection,1,1,1986
Eulemur fulvus,Palaeocortex_Vol.mm3,Stephan_etal_1981_TableXI,Stephan et al. (1981) Table XI,10.1159/000155963,Selected_collection,1981,389,389,0,sole source,1,Selected_collection,1,1,1981
Eulemur fulvus,Pallidum_Vol.mm3,Stephan_etal_1981_TableVIII,Stephan et al. (1981) Table VIII,10.1159/000155963,Selected_collection,1981,212,212,0,sole source,1,Selected_collection,1,1,1981
Eulemur fulvus,Schizo_cortex_Vol.mm3,Stephan_etal_1981_TableV,Stephan et al. (1981) Table V,10.1159/000155963,Selected_collection,1981,422,422,0,sole source,1,Selected_collection,1,1,1981
Eulemur fulvus,Septum_Vol.mm3,Stephan_etal_1981_TableV,Stephan et al. (1981) Table V,10.1159/000155963,Selected_collection,1981,119,119,0,sole source,1,Selected_collection,1,1,1981
Eulemur fulvus,Striatum_Vol.mm3,Stephan_etal_1981_TableV,Stephan et al. (1981) Table V,10.1159/000155963,Selected_collection,1981,1215,1215,0,sole source,1,Selected_collection,1,1,1981
Eulemur fulvus,Subthalamus_Vol.mm3,Stephan_etal_1981_TableVIII,Stephan et al. (1981) Table VIII,10.1159/000155963,Selected_collection,1981,225,225,0,sole source,1,Selected_collection,1,1,1981
Eulemur fulvus,Telencephalon_Vol.mm3,Stephan_etal_1981_TableII,Stephan et al. (1981) Table II,10.1159/000155963,Selected_collection,1981,15566,15566,0,sole source,1,Selected_collection,1,1,1981
Eulemur fulvus,Thalamus_Vol.mm3,Stephan_etal_1981_TableVIII,Stephan et al. (1981) Table VIII,10.1159/000155963,Selected_collection,1981,1028,1028,0,sole source,1,Selected_collection,1,1,1981
Eulemur fulvus,Total_brain_net_volume_Vol.mm3,Stephan_etal_1981_TableII,Stephan et al. (1981) Table II,10.1159/000155963,Selected_collection,1981,22106,22106,0,sole source,1,Selected_collection,1,1,1981
Eulemur fulvus,Tractus_opticus_Vol.mm3,Stephan_etal_1981_TableVIII,Stephan et al. (1981) Table VIII,10.1159/000155963,Selected_collection,1981,108,108,0,sole source,1,Selected_collection,1,1,1981
Eulemur fulvus,Ventral_pons_Vol.mm3,Matano_etal_1985_b_Table1,Matano et al. (1985) Table 1,10.1159/000156211,Selected_collection,1985,136.9,136.9,0,sole source,1,Selected_collection,1,1,1985
Eulemur fulvus,Ventricles_Vol.mm3,Stephan_etal_1981_TableII,Stephan et al. (1981) Table II,10.1159/000155963,Selected_collection,1981,194,194,0,sole source,1,Selected_collection,1,1,1981
Galago senegalensis,Area_striata_Vol.mm3,Frahm_etal_1984_Table1,Frahm et al. (1984) Table 1,PMID:6501869,Selected_collection,1984,334,334,0,sole source,1,Selected_collection,1,1,1984
Galago senegalensis,Area_striata_grey_matter_Vol.mm3,Frahm_etal_1984_Table1,Frahm et al. (1984) Table 1,PMID:6501869,Selected_collection,1984,301,301,0,sole source,1,Selected_collection,1,1,1984
Galago senegalensis,Area_striata_white_matter_Vol.mm3,Frahm_etal_1984_Table1,Frahm et al. (1984) Table 1,PMID:6501869,Selected_collection,1984,32.6,32.6,0,sole source,1,Selected_collection,1,1,1984
Galago senegalensis,Body_Mass.g,Stephan_etal_1981_TableII,Stephan et al. (1981) Table II,10.1159/000155963,Selected_collection,1981,186,186,0,reference table used (mass rule: other sources not averaged in),1,Selected_collection,1,1,1981
Galago senegalensis,Brain_Mass.mg,Stephan_etal_1981_TableII,Stephan et al. (1981) Table II,10.1159/000155963,Selected_collection,1981,4800,4800,0,reference table used (mass rule: other sources not averaged in),1,Selected_collection,1,1,1981
Galago senegalensis,Bulbus_olfactorius_Vol.mm3,Stephan_etal_1981_TableV,Stephan et al. (1981) Table V,10.1159/000155963,Selected_collection,1981,79.2,79.2,0,sole source,1,Selected_collection,1,1,1981
Galago senegalensis,Bulbus_olfactorius_accessorius_Vol.mm3,Stephan_etal_1981_TableV,Stephan et al. (1981) Table V,10.1159/000155963,Selected_collection,1981,2.58,2.58,0,sole source,1,Selected_collection,1,1,1981
Galago senegalensis,Cerebellar_nuclei_total_Vol.mm3,Matano_etal_1985_a_Table1,Matano et al. (1985) Table 1,10.1159/000156212,Selected_collection,1985,12.6,12.6,0,sole source,1,Selected_collection,1,1,1985
Galago senegalensis,Cerebellum_Vol.mm3,Stephan_etal_1981_TableII,Stephan et al. (1981) Table II,10.1159/000155963,Selected_collection,1981,672,672,0,sole source,1,Selected_collection,1,1,1981
Galago senegalensis,Complexus_vestibularis_Vol.mm3,Matano__1986_TableI,Matano (1986) Table I,10.1159/000156277,NA,NA,NA,18.28,NA,"derived both-hemisphere value (step 7: left+right, or 2x a one-side measurement); cite this source for the one-side figure",NA,Selected_collection,1,1,1986
Galago senegalensis,Complexus_vestibularis_unilateral_Vol.mm3,Matano__1986_TableI,Matano (1986) Table I,10.1159/000156277,Selected_collection,1986,9.14,9.14,0,sole source,1,Selected_collection,1,1,1986
Galago senegalensis,Corpus_geniculatum_laterale_Vol.mm3,Stephan_etal_1984_Table1,Stephan et al. (1984) Table 1,PMID:6481154,Selected_collection,1984,16,16,0,sole source,1,Selected_collection,1,1,1984
Galago senegalensis,Corpus_pineal_Vol.mm3,Stephan_etal_1981_TableXV,Stephan et al. (1981) Table XV,10.1159/000155963,Selected_collection,1981,0.741,0.741,0,sole source,1,Selected_collection,1,1,1981
Galago senegalensis,Corpus_subcommissurale_Vol.mm3,Stephan_etal_1981_TableXV,Stephan et al. (1981) Table XV,10.1159/000155963,Selected_collection,1981,0.0382,0.0382,0,sole source,1,Selected_collection,1,1,1981
Galago senegalensis,Corpus_subfornicale_Vol.mm3,Stephan_etal_1981_TableXV,Stephan et al. (1981) Table XV,10.1159/000155963,Selected_collection,1981,0.0668,0.0668,0,sole source,1,Selected_collection,1,1,1981
Galago senegalensis,Diencephalon_Vol.mm3,Stephan_etal_1981_TableII,Stephan et al. (1981) Table II,10.1159/000155963,Selected_collection,1981,382,382,0,sole source,1,Selected_collection,1,1,1981
Galago senegalensis,Hippocampus_Vol.mm3,Stephan_etal_1981_TableV,Stephan et al. (1981) Table V,10.1159/000155963,Selected_collection,1981,261,261,0,sole source,1,Selected_collection,1,1,1981
Galago senegalensis,Interpositus_cerebellar_nuclei_Vol.mm3,Matano_etal_1985_a_Table1,Matano et al. (1985) Table 1,10.1159/000156212,Selected_collection,1985,3.77,3.77,0,sole source,1,Selected_collection,1,1,1985
Galago senegalensis,Lateral_cerebellar_nuclei_Vol.mm3,Matano_etal_1985_a_Table1,Matano et al. (1985) Table 1,10.1159/000156212,Selected_collection,1985,4.4,4.4,0,sole source,1,Selected_collection,1,1,1985
Galago senegalensis,Lobus_piriformis_Vol.mm3,Stephan_etal_1981_TableV,Stephan et al. (1981) Table V,10.1159/000155963,Selected_collection,1981,163,163,0,sole source,1,Selected_collection,1,1,1981
Galago senegalensis,Medial_cerebellar_nuclei_Vol.mm3,Matano_etal_1985_a_Table1,Matano et al. (1985) Table 1,10.1159/000156212,Selected_collection,1985,4.43,4.43,0,sole source,1,Selected_collection,1,1,1985
Galago senegalensis,Medulla_oblongata_Vol.mm3,Stephan_etal_1981_TableII,Stephan et al. (1981) Table II,10.1159/000155963,Selected_collection,1981,254,254,0,sole source,1,Selected_collection,1,1,1981
Galago senegalensis,Mesencephalon_Vol.mm3,Stephan_etal_1981_TableII,Stephan et al. (1981) Table II,10.1159/000155963,Selected_collection,1981,205,205,0,sole source,1,Selected_collection,1,1,1981
Galago senegalensis,Neocortex_Vol.mm3,Stephan_etal_1981_TableV,Stephan et al. (1981) Table V,10.1159/000155963,Selected_collection,1981,2139,2139,0,sole source,1,Selected_collection,1,1,1981
Galago senegalensis,Nucleus_habenularis_medialis_Vol.mm3,Stephan_etal_1981_TableXV,Stephan et al. (1981) Table XV,10.1159/000155963,Selected_collection,1981,0.998,0.998,0,sole source,1,Selected_collection,1,1,1981
Galago senegalensis,Nucleus_septalis_triangularis_Vol.mm3,Stephan_etal_1981_TableXV,Stephan et al. (1981) Table XV,10.1159/000155963,Selected_collection,1981,0.588,0.588,0,sole source,1,Selected_collection,1,1,1981
Galago senegalensis,Nucleus_vestibularis_descendens_Vol.mm3,Matano__1986_TableI,Matano (1986) Table I,10.1159/000156277,NA,NA,NA,5.86,NA,"derived both-hemisphere value (step 7: left+right, or 2x a one-side measurement); cite this source for the one-side figure",NA,Selected_collection,1,1,1986
Galago senegalensis,Nucleus_vestibularis_descendens_unilateral_Vol.mm3,Matano__1986_TableI,Matano (1986) Table I,10.1159/000156277,Selected_collection,1986,2.93,2.93,0,sole source,1,Selected_collection,1,1,1986
Galago senegalensis,Nucleus_vestibularis_lateralis_Vol.mm3,Matano__1986_TableI,Matano (1986) Table I,10.1159/000156277,NA,NA,NA,2.86,NA,"derived both-hemisphere value (step 7: left+right, or 2x a one-side measurement); cite this source for the one-side figure",NA,Selected_collection,1,1,1986
Galago senegalensis,Nucleus_vestibularis_lateralis_unilateral_Vol.mm3,Matano__1986_TableI,Matano (1986) Table I,10.1159/000156277,Selected_collection,1986,1.43,1.43,0,sole source,1,Selected_collection,1,1,1986
Galago senegalensis,Nucleus_vestibularis_medialis_Vol.mm3,Matano__1986_TableI,Matano (1986) Table I,10.1159/000156277,NA,NA,NA,6.84,NA,"derived both-hemisphere value (step 7: left+right, or 2x a one-side measurement); cite this source for the one-side figure",NA,Selected_collection,1,1,1986
Galago senegalensis,Nucleus_vestibularis_medialis_unilateral_Vol.mm3,Matano__1986_TableI,Matano (1986) Table I,10.1159/000156277,Selected_collection,1986,3.42,3.42,0,sole source,1,Selected_collection,1,1,1986
Galago senegalensis,Nucleus_vestibularis_superior_Vol.mm3,Matano__1986_TableI,Matano (1986) Table I,10.1159/000156277,NA,NA,NA,2.72,NA,"derived both-hemisphere value (step 7: left+right, or 2x a one-side measurement); cite this source for the one-side figure",NA,Selected_collection,1,1,1986
Galago senegalensis,Nucleus_vestibularis_superior_unilateral_Vol.mm3,Matano__1986_TableI,Matano (1986) Table I,10.1159/000156277,Selected_collection,1986,1.36,1.36,0,sole source,1,Selected_collection,1,1,1986
Galago senegalensis,Schizo_cortex_Vol.mm3,Stephan_etal_1981_TableV,Stephan et al. (1981) Table V,10.1159/000155963,Selected_collection,1981,107,107,0,sole source,1,Selected_collection,1,1,1981
Galago senegalensis,Septum_Vol.mm3,Stephan_etal_1981_TableV,Stephan et al. (1981) Table V,10.1159/000155963,Selected_collection,1981,35.7,35.7,0,sole source,1,Selected_collection,1,1,1981
Galago senegalensis,Striatum_Vol.mm3,Stephan_etal_1981_TableV,Stephan et al. (1981) Table V,10.1159/000155963,Selected_collection,1981,210,210,0,sole source,1,Selected_collection,1,1,1981
Galago senegalensis,Telencephalon_Vol.mm3,Stephan_etal_1981_TableII,Stephan et al. (1981) Table II,10.1159/000155963,Selected_collection,1981,2997,2997,0,sole source,1,Selected_collection,1,1,1981
Galago senegalensis,Total_brain_net_volume_Vol.mm3,Stephan_etal_1981_TableII,Stephan et al. (1981) Table II,10.1159/000155963,Selected_collection,1981,4512,4512,0,sole source,1,Selected_collection,1,1,1981
Galago senegalensis,Ventral_pons_Vol.mm3,Matano_etal_1985_b_Table1,Matano et al. (1985) Table 1,10.1159/000156211,Selected_collection,1985,21,21,0,sole source,1,Selected_collection,1,1,1985
Galago senegalensis,Ventricles_Vol.mm3,Stephan_etal_1981_TableII,Stephan et al. (1981) Table II,10.1159/000155963,Selected_collection,1981,40.2,40.2,0,sole source,1,Selected_collection,1,1,1981
Galagoides demidoff,Agranular_insular_cortex_Vol.mm3,Bauernfeind_etal_2013_Table1,Bauernfeind et al. (2013) Table 1,10.1016/j.jhevol.2012.12.003,NA,NA,NA,4,NA,"derived both-hemisphere value (step 7: left+right, or 2x a one-side measurement); cite this source for the one-side figure",NA,Selected_collection,1,1,2013
Galagoides demidoff,Agranular_insular_cortex_left_Vol.mm3,Bauernfeind_etal_2013_Table1,Bauernfeind et al. (2013) Table 1,10.1016/j.jhevol.2012.12.003,Selected_collection,2013,2,2,0,sole source,1,Selected_collection,1,1,2013
Galagoides demidoff,Amygdala_Vol.mm3,Stephan_etal_1981_TableXI,Stephan et al. (1981) Table XI,10.1159/000155963,Selected_collection,1981,50.2,50.2,0,sole source,1,Selected_collection,1,1,1981
Galagoides demidoff,Area_striata_Vol.mm3,Frahm_etal_1984_Table1,Frahm et al. (1984) Table 1,PMID:6501869,Selected_collection,1984,237,237,0,sole source,1,Selected_collection,1,1,1984
Galagoides demidoff,Area_striata_grey_matter_Vol.mm3,Frahm_etal_1984_Table1,Frahm et al. (1984) Table 1,PMID:6501869,Selected_collection,1984,214,214,0,sole source,1,Selected_collection,1,1,1984
Galagoides demidoff,Area_striata_lamina_1_Vol.mm3,Frahm_etal_1984_Table1,Frahm et al. (1984) Table 1,PMID:6501869,Selected_collection,1984,25.6,25.6,0,sole source,1,Selected_collection,1,1,1984
Galagoides demidoff,Area_striata_laminae_2_6_Vol.mm3,Frahm_etal_1984_Table1,Frahm et al. (1984) Table 1,PMID:6501869,Selected_collection,1984,189,189,0,sole source,1,Selected_collection,1,1,1984
Galagoides demidoff,Area_striata_white_matter_Vol.mm3,Frahm_etal_1984_Table1,Frahm et al. (1984) Table 1,PMID:6501869,Selected_collection,1984,22.4,22.4,0,sole source,1,Selected_collection,1,1,1984
Galagoides demidoff,Body_Mass.g,Stephan_etal_1981_TableII,Stephan et al. (1981) Table II,10.1159/000155963,Selected_collection,1981,81,81,0,reference table used (mass rule: other sources not averaged in),1,Selected_collection,1,1,1981
Galagoides demidoff,Brain_Mass.mg,Stephan_etal_1981_TableII,Stephan et al. (1981) Table II,10.1159/000155963,Selected_collection,1981,3380,3380,0,reference table used (mass rule: other sources not averaged in),1,Selected_collection,1,1,1981
Galagoides demidoff,Bulbus_olfactorius_Vol.mm3,Stephan_etal_1981_TableV,Stephan et al. (1981) Table V,10.1159/000155963,Selected_collection,1981,83.1,83.1,0,sole source,1,Selected_collection,1,1,1981
Galagoides demidoff,Bulbus_olfactorius_accessorius_Vol.mm3,Stephan_etal_1981_TableV,Stephan et al. (1981) Table V,10.1159/000155963,Selected_collection,1981,1.26,1.26,0,sole source,1,Selected_collection,1,1,1981
Galagoides demidoff,Capsula_interna_Vol.mm3,Stephan_etal_1981_TableVIII,Stephan et al. (1981) Table VIII,10.1159/000155963,Selected_collection,1981,18.4,18.4,0,sole source,1,Selected_collection,1,1,1981
Galagoides demidoff,Cerebellar_nuclei_total_Vol.mm3,Matano_etal_1985_a_Table1,Matano et al. (1985) Table 1,10.1159/000156212,Selected_collection,1985,8.22,8.22,0,sole source,1,Selected_collection,1,1,1985
Galagoides demidoff,Cerebellum_Vol.mm3,Stephan_etal_1981_TableII,Stephan et al. (1981) Table II,10.1159/000155963,Selected_collection,1981,413,413,0,sole source,1,Selected_collection,1,1,1981
Galagoides demidoff,Complexus_centromedialis_Vol.mm3,Stephan_etal_1981_TableXI,Stephan et al. (1981) Table XI,10.1159/000155963,Selected_collection,1981,14.9,14.9,0,sole source,1,Selected_collection,1,1,1981
Galagoides demidoff,Complexus_corticobasolateralis_Vol.mm3,Stephan_etal_1981_TableXI,Stephan et al. (1981) Table XI,10.1159/000155963,Selected_collection,1981,35.3,35.3,0,sole source,1,Selected_collection,1,1,1981
Galagoides demidoff,Complexus_vestibularis_Vol.mm3,Matano__1986_TableI,Matano (1986) Table I,10.1159/000156277,NA,NA,NA,13.3,NA,"derived both-hemisphere value (step 7: left+right, or 2x a one-side measurement); cite this source for the one-side figure",NA,Selected_collection,1,1,1986
Galagoides demidoff,Complexus_vestibularis_unilateral_Vol.mm3,Matano__1986_TableI,Matano (1986) Table I,10.1159/000156277,Selected_collection,1986,6.65,6.65,0,sole source,1,Selected_collection,1,1,1986
Galagoides demidoff,Corpus_geniculatum_laterale_Vol.mm3,Stephan_etal_1984_Table1,Stephan et al. (1984) Table 1,PMID:6481154,Selected_collection,1984,10.9,10.9,0,sole source,1,Selected_collection,1,1,1984
Galagoides demidoff,Corpus_pineal_Vol.mm3,Stephan_etal_1981_TableXV,Stephan et al. (1981) Table XV,10.1159/000155963,Selected_collection,1981,0.375,0.375,0,sole source,1,Selected_collection,1,1,1981
Galagoides demidoff,Corpus_subcommissurale_Vol.mm3,Stephan_etal_1981_TableXV,Stephan et al. (1981) Table XV,10.1159/000155963,Selected_collection,1981,0.0266,0.0266,0,sole source,1,Selected_collection,1,1,1981
Galagoides demidoff,Corpus_subfornicale_Vol.mm3,Stephan_etal_1981_TableXV,Stephan et al. (1981) Table XV,10.1159/000155963,Selected_collection,1981,0.024,0.024,0,sole source,1,Selected_collection,1,1,1981
Galagoides demidoff,Diencephalon_Vol.mm3,Stephan_etal_1981_TableII,Stephan et al. (1981) Table II,10.1159/000155963,Selected_collection,1981,246,246,0,sole source,1,Selected_collection,1,1,1981
Galagoides demidoff,Dysgranular_insular_cortex_Vol.mm3,Bauernfeind_etal_2013_Table1,Bauernfeind et al. (2013) Table 1,10.1016/j.jhevol.2012.12.003,NA,NA,NA,10,NA,"derived both-hemisphere value (step 7: left+right, or 2x a one-side measurement); cite this source for the one-side figure",NA,Selected_collection,1,1,2013
Galagoides demidoff,Dysgranular_insular_cortex_left_Vol.mm3,Bauernfeind_etal_2013_Table1,Bauernfeind et al. (2013) Table 1,10.1016/j.jhevol.2012.12.003,Selected_collection,2013,5,5,0,sole source,1,Selected_collection,1,1,2013
Galagoides demidoff,Epithalamus_Vol.mm3,Stephan_etal_1981_TableVIII,Stephan et al. (1981) Table VIII,10.1159/000155963,Selected_collection,1981,2.09,2.09,0,sole source,1,Selected_collection,1,1,1981
Galagoides demidoff,Granular_insular_cortex_Vol.mm3,Bauernfeind_etal_2013_Table1,Bauernfeind et al. (2013) Table 1,10.1016/j.jhevol.2012.12.003,NA,NA,NA,10,NA,"derived both-hemisphere value (step 7: left+right, or 2x a one-side measurement); cite this source for the one-side figure",NA,Selected_collection,1,1,2013
Galagoides demidoff,Granular_insular_cortex_left_Vol.mm3,Bauernfeind_etal_2013_Table1,Bauernfeind et al. (2013) Table 1,10.1016/j.jhevol.2012.12.003,Selected_collection,2013,5,5,0,sole source,1,Selected_collection,1,1,2013
Galagoides demidoff,Hippocampus_Vol.mm3,Stephan_etal_1981_TableV,Stephan et al. (1981) Table V,10.1159/000155963,Selected_collection,1981,152,152,0,sole source,1,Selected_collection,1,1,1981
Galagoides demidoff,Hypothalamus_Vol.mm3,Stephan_etal_1981_TableVIII,Stephan et al. (1981) Table VIII,10.1159/000155963,Selected_collection,1981,45.1,45.1,0,sole source,1,Selected_collection,1,1,1981
Galagoides demidoff,Insula_Vol.mm3,Bauernfeind_etal_2013_Table1,Bauernfeind et al. (2013) Table 1,10.1016/j.jhevol.2012.12.003,NA,NA,NA,24,NA,"derived both-hemisphere value (step 7: left+right, or 2x a one-side measurement); cite this source for the one-side figure",NA,Selected_collection,1,1,2013
Galagoides demidoff,Insula_left_Vol.mm3,Bauernfeind_etal_2013_Table1,Bauernfeind et al. (2013) Table 1,10.1016/j.jhevol.2012.12.003,Selected_collection,2013,12,12,0,sole source,1,Selected_collection,1,1,2013
Galagoides demidoff,Interpositus_cerebellar_nuclei_Vol.mm3,Matano_etal_1985_a_Table1,Matano et al. (1985) Table 1,10.1159/000156212,Selected_collection,1985,2.08,2.08,0,sole source,1,Selected_collection,1,1,1985
Galagoides demidoff,Lateral_cerebellar_nuclei_Vol.mm3,Matano_etal_1985_a_Table1,Matano et al. (1985) Table 1,10.1159/000156212,Selected_collection,1985,3.06,3.06,0,sole source,1,Selected_collection,1,1,1985
Galagoides demidoff,Lobus_piriformis_Vol.mm3,Stephan_etal_1981_TableV,Stephan et al. (1981) Table V,10.1159/000155963,Selected_collection,1981,181,181,0,sole source,1,Selected_collection,1,1,1981
Galagoides demidoff,Medial_cerebellar_nuclei_Vol.mm3,Matano_etal_1985_a_Table1,Matano et al. (1985) Table 1,10.1159/000156212,Selected_collection,1985,3.08,3.08,0,sole source,1,Selected_collection,1,1,1985
Galagoides demidoff,Medulla_oblongata_Vol.mm3,Stephan_etal_1981_TableII,Stephan et al. (1981) Table II,10.1159/000155963,Selected_collection,1981,169,169,0,sole source,1,Selected_collection,1,1,1981
Galagoides demidoff,Mesencephalon_Vol.mm3,Stephan_etal_1981_TableII,Stephan et al. (1981) Table II,10.1159/000155963,Selected_collection,1981,135,135,0,sole source,1,Selected_collection,1,1,1981
Galagoides demidoff,Neocortex_Vol.mm3,Frahm_etal_1982_Table2,Frahm et al. (1982) Table 2,PMID:7161477,Selected_collection,1982,1568,1568,0,sole source,1,Selected_collection,1,1,1982
Galagoides demidoff,Neocortex_grey_matter_Vol.mm3,Frahm_etal_1982_Table2,Frahm et al. (1982) Table 2,PMID:7161477,Selected_collection,1982,1417,1417,0,sole source,1,Selected_collection,1,1,1982
Galagoides demidoff,Neocortex_lamina_1_Vol.mm3,Frahm_etal_1982_Table2,Frahm et al. (1982) Table 2,PMID:7161477,Selected_collection,1982,202.2,202.2,0,sole source,1,Selected_collection,1,1,1982
Galagoides demidoff,Neocortex_laminae_2_6_Vol.mm3,Frahm_etal_1982_Table2,Frahm et al. (1982) Table 2,PMID:7161477,Selected_collection,1982,1215,1215,0,sole source,1,Selected_collection,1,1,1982
Galagoides demidoff,Neocortex_white_matter_Vol.mm3,Frahm_etal_1982_Table2,Frahm et al. (1982) Table 2,PMID:7161477,Selected_collection,1982,150.6,150.6,0,sole source,1,Selected_collection,1,1,1982
Galagoides demidoff,Nucleus_amygdalae_basalis_pars_magnocellularis_Vol.mm3,Stephan_etal_1981_TableXI,Stephan et al. (1981) Table XI,10.1159/000155963,Selected_collection,1981,2.82,2.82,0,sole source,1,Selected_collection,1,1,1981
Galagoides demidoff,Nucleus_habenularis_medialis_Vol.mm3,Stephan_etal_1981_TableXV,Stephan et al. (1981) Table XV,10.1159/000155963,Selected_collection,1981,0.78,0.78,0,sole source,1,Selected_collection,1,1,1981
Galagoides demidoff,Nucleus_septalis_triangularis_Vol.mm3,Stephan_etal_1981_TableXV,Stephan et al. (1981) Table XV,10.1159/000155963,Selected_collection,1981,0.45,0.45,0,sole source,1,Selected_collection,1,1,1981
Galagoides demidoff,Nucleus_subthalamicus_Vol.mm3,Stephan_etal_1981_TableVIII,Stephan et al. (1981) Table VIII,10.1159/000155963,Selected_collection,1981,1.4,1.4,0,sole source,1,Selected_collection,1,1,1981
Galagoides demidoff,Nucleus_tractus_olfactorius_Vol.mm3,Stephan_etal_1981_TableXI,Stephan et al. (1981) Table XI,10.1159/000155963,Selected_collection,1981,0.62,0.62,0,sole source,1,Selected_collection,1,1,1981
Galagoides demidoff,Nucleus_vestibularis_descendens_Vol.mm3,Matano__1986_TableI,Matano (1986) Table I,10.1159/000156277,NA,NA,NA,3.8,NA,"derived both-hemisphere value (step 7: left+right, or 2x a one-side measurement); cite this source for the one-side figure",NA,Selected_collection,1,1,1986
Galagoides demidoff,Nucleus_vestibularis_descendens_unilateral_Vol.mm3,Matano__1986_TableI,Matano (1986) Table I,10.1159/000156277,Selected_collection,1986,1.9,1.9,0,sole source,1,Selected_collection,1,1,1986
Galagoides demidoff,Nucleus_vestibularis_lateralis_Vol.mm3,Matano__1986_TableI,Matano (1986) Table I,10.1159/000156277,NA,NA,NA,2.02,NA,"derived both-hemisphere value (step 7: left+right, or 2x a one-side measurement); cite this source for the one-side figure",NA,Selected_collection,1,1,1986
Galagoides demidoff,Nucleus_vestibularis_lateralis_unilateral_Vol.mm3,Matano__1986_TableI,Matano (1986) Table I,10.1159/000156277,Selected_collection,1986,1.01,1.01,0,sole source,1,Selected_collection,1,1,1986
Galagoides demidoff,Nucleus_vestibularis_medialis_Vol.mm3,Matano__1986_TableI,Matano (1986) Table I,10.1159/000156277,NA,NA,NA,5.44,NA,"derived both-hemisphere value (step 7: left+right, or 2x a one-side measurement); cite this source for the one-side figure",NA,Selected_collection,1,1,1986
Galagoides demidoff,Nucleus_vestibularis_medialis_unilateral_Vol.mm3,Matano__1986_TableI,Matano (1986) Table I,10.1159/000156277,Selected_collection,1986,2.72,2.72,0,sole source,1,Selected_collection,1,1,1986
Galagoides demidoff,Nucleus_vestibularis_superior_Vol.mm3,Matano__1986_TableI,Matano (1986) Table I,10.1159/000156277,NA,NA,NA,2.04,NA,"derived both-hemisphere value (step 7: left+right, or 2x a one-side measurement); cite this source for the one-side figure",NA,Selected_collection,1,1,1986
Galagoides demidoff,Nucleus_vestibularis_superior_unilateral_Vol.mm3,Matano__1986_TableI,Matano (1986) Table I,10.1159/000156277,Selected_collection,1986,1.02,1.02,0,sole source,1,Selected_collection,1,1,1986
Galagoides demidoff,Palaeocortex_Vol.mm3,Stephan_etal_1981_TableXI,Stephan et al. (1981) Table XI,10.1159/000155963,Selected_collection,1981,122,122,0,sole source,1,Selected_collection,1,1,1981
Galagoides demidoff,Pallidum_Vol.mm3,Stephan_etal_1981_TableVIII,Stephan et al. (1981) Table VIII,10.1159/000155963,Selected_collection,1981,17,17,0,sole source,1,Selected_collection,1,1,1981
Galagoides demidoff,Schizo_cortex_Vol.mm3,Stephan_etal_1981_TableV,Stephan et al. (1981) Table V,10.1159/000155963,Selected_collection,1981,59.9,59.9,0,sole source,1,Selected_collection,1,1,1981
Galagoides demidoff,Septum_Vol.mm3,Stephan_etal_1981_TableV,Stephan et al. (1981) Table V,10.1159/000155963,Selected_collection,1981,25.7,25.7,0,sole source,1,Selected_collection,1,1,1981
Galagoides demidoff,Striatum_Vol.mm3,Stephan_etal_1981_TableV,Stephan et al. (1981) Table V,10.1159/000155963,Selected_collection,1981,169,169,0,sole source,1,Selected_collection,1,1,1981
Galagoides demidoff,Subthalamus_Vol.mm3,Stephan_etal_1981_TableVIII,Stephan et al. (1981) Table VIII,10.1159/000155963,Selected_collection,1981,18.3,18.3,0,sole source,1,Selected_collection,1,1,1981
Galagoides demidoff,Telencephalon_Vol.mm3,Stephan_etal_1981_TableII,Stephan et al. (1981) Table II,10.1159/000155963,Selected_collection,1981,2240,2240,0,sole source,1,Selected_collection,1,1,1981
Galagoides demidoff,Thalamus_Vol.mm3,Stephan_etal_1981_TableVIII,Stephan et al. (1981) Table VIII,10.1159/000155963,Selected_collection,1981,153,153,0,sole source,1,Selected_collection,1,1,1981
Galagoides demidoff,Total_brain_net_volume_Vol.mm3,Bauernfeind_etal_2013_Table1,Bauernfeind et al. (2013) Table 1,10.1016/j.jhevol.2012.12.003,Selected_collection,2013,3185.3,3185.3,0,sole source,1,Selected_collection,1,1,2013
Galagoides demidoff,Tractus_opticus_Vol.mm3,Stephan_etal_1981_TableVIII,Stephan et al. (1981) Table VIII,10.1159/000155963,Selected_collection,1981,11.5,11.5,0,sole source,1,Selected_collection,1,1,1981
Galagoides demidoff,Ventral_pons_Vol.mm3,Matano_etal_1985_b_Table1,Matano et al. (1985) Table 1,10.1159/000156211,Selected_collection,1985,13.6,13.6,0,sole source,1,Selected_collection,1,1,1985
Galagoides demidoff,Ventricles_Vol.mm3,Stephan_etal_1981_TableII,Stephan et al. (1981) Table II,10.1159/000155963,Selected_collection,1981,30.4,30.4,0,sole source,1,Selected_collection,1,1,1981
Gorilla sp.,Agranular_insular_cortex_Vol.mm3,Bauernfeind_etal_2013_Table1,Bauernfeind et al. (2013) Table 1,10.1016/j.jhevol.2012.12.003,NA,NA,NA,1107,NA,"derived both-hemisphere value (step 7: left+right, or 2x a one-side measurement); cite this source for the one-side figure",NA,Selected_collection,1,1,2013
Gorilla sp.,Agranular_insular_cortex_left_Vol.mm3,Bauernfeind_etal_2013_Table1,Bauernfeind et al. (2013) Table 1,10.1016/j.jhevol.2012.12.003,Selected_collection,2013,570,570,0,sole source,1,Selected_collection,1,1,2013
Gorilla sp.,Agranular_insular_cortex_right_Vol.mm3,Bauernfeind_etal_2013_Table2,Bauernfeind et al. (2013) Table 2,10.1016/j.jhevol.2012.12.003,Selected_collection,2013,537,537,0,sole source,1,Selected_collection,1,1,2013
Gorilla sp.,Area_striata_Vol.mm3,Frahm_etal_1984_Table1,Frahm et al. (1984) Table 1,PMID:6501869,Selected_collection,1984,15185,15185,0,sole source,1,Selected_collection,1,1,1984
Gorilla sp.,Area_striata_grey_matter_Vol.mm3,Frahm_etal_1984_Table1,Frahm et al. (1984) Table 1,PMID:6501869,Selected_collection,1984,12062,12062,0,sole source,1,Selected_collection,1,1,1984
Gorilla sp.,Area_striata_grey_matter_left_Vol.mm3,deSousa_etal_2010_Table1,deSousa et al. (2010) Table 1,10.1016/j.jhevol.2009.11.011,Selected_collection,2010,4550,4550,0,sole source,2,Selected_collection,1,1,2010
Gorilla sp.,Area_striata_white_matter_Vol.mm3,Frahm_etal_1984_Table1,Frahm et al. (1984) Table 1,PMID:6501869,Selected_collection,1984,3123,3123,0,sole source,1,Selected_collection,1,1,1984
Gorilla sp.,Body_Mass.g,Stephan_etal_1981_TableIII,Stephan et al. (1981) Table III,10.1159/000155963,Selected_collection,1981,105000,105000,0,reference table used (mass rule: other sources not averaged in),1,Selected_collection,1,1,1981
Gorilla sp.,Brain_Mass.mg,Stephan_etal_1981_TableIII,Stephan et al. (1981) Table III,10.1159/000155963,Selected_collection,1981,500000,500000,0,reference table used (mass rule: other sources not averaged in),1,Selected_collection,1,1,1981
Gorilla sp.,Bulbus_olfactorius_Vol.mm3,Stephan_etal_1981_TableVI,Stephan et al. (1981) Table VI,10.1159/000155963,Selected_collection,1981,316,316,0,sole source,1,Selected_collection,1,1,1981
Gorilla sp.,Bulbus_olfactorius_accessorius_Vol.mm3,Stephan_etal_1981_TableVI,Stephan et al. (1981) Table VI,10.1159/000155963,Selected_collection,1981,0,0,NA,sole source,1,Selected_collection,1,1,1981
Gorilla sp.,Capsula_interna_Vol.mm3,Stephan_etal_1981_TableVIII,Stephan et al. (1981) Table VIII,10.1159/000155963,Selected_collection,1981,2471,2471,0,sole source,1,Selected_collection,1,1,1981
Gorilla sp.,Cerebellar_nuclei_total_Vol.mm3,Matano_etal_1985_a_Table1,Matano et al. (1985) Table 1,10.1159/000156212,Selected_collection,1985,740.4,740.4,0,sole source,1,Selected_collection,1,1,1985
Gorilla sp.,Cerebellum_Vol.mm3,Stephan_etal_1981_TableIII,Stephan et al. (1981) Table III,10.1159/000155963,Selected_collection,1981,69249,69249,0,sole source,1,Selected_collection,1,1,1981
Gorilla sp.,Complexus_vestibularis_Vol.mm3,Matano__1986_TableI,Matano (1986) Table I,10.1159/000156277,NA,NA,NA,272,NA,"derived both-hemisphere value (step 7: left+right, or 2x a one-side measurement); cite this source for the one-side figure",NA,Selected_collection,1,1,1986
Gorilla sp.,Complexus_vestibularis_unilateral_Vol.mm3,Matano__1986_TableI,Matano (1986) Table I,10.1159/000156277,Selected_collection,1986,136,136,0,sole source,1,Selected_collection,1,1,1986
Gorilla sp.,Corpus_geniculatum_laterale_Vol.mm3,deSousa_etal_2013_Table1,deSousa et al. (2013) Table 1,10.1159/000346495,Selected_collection,2013,300.1,300.1,0,sole source,1,Selected_collection,1,1,2013
Gorilla sp.,Corpus_geniculatum_laterale_left_Vol.mm3,deSousa_etal_2010_Table1,deSousa et al. (2010) Table 1,10.1016/j.jhevol.2009.11.011,Selected_collection,2010,200,200,0,sole source,2,Selected_collection,1,1,2010
Gorilla sp.,Corpus_pineal_Vol.mm3,Stephan_etal_1981_TableXVI,Stephan et al. (1981) Table XVI,10.1159/000155963,Selected_collection,1981,7.96,7.96,0,sole source,1,Selected_collection,1,1,1981
Gorilla sp.,Corpus_subcommissurale_Vol.mm3,Stephan_etal_1981_TableXVI,Stephan et al. (1981) Table XVI,10.1159/000155963,Selected_collection,1981,1.41,1.41,0,sole source,1,Selected_collection,1,1,1981
Gorilla sp.,Corpus_subfornicale_Vol.mm3,Stephan_etal_1981_TableXVI,Stephan et al. (1981) Table XVI,10.1159/000155963,Selected_collection,1981,1.3,1.3,0,sole source,1,Selected_collection,1,1,1981
Gorilla sp.,Diencephalon_Vol.mm3,Stephan_etal_1981_TableIII,Stephan et al. (1981) Table III,10.1159/000155963,Selected_collection,1981,19370,19370,0,sole source,1,Selected_collection,1,1,1981
Gorilla sp.,Dysgranular_insular_cortex_Vol.mm3,Bauernfeind_etal_2013_Table1,Bauernfeind et al. (2013) Table 1,10.1016/j.jhevol.2012.12.003,NA,NA,NA,1913.25,NA,"derived both-hemisphere value (step 7: left+right, or 2x a one-side measurement); cite this source for the one-side figure",NA,Selected_collection,1,1,2013
Gorilla sp.,Dysgranular_insular_cortex_left_Vol.mm3,Bauernfeind_etal_2013_Table1,Bauernfeind et al. (2013) Table 1,10.1016/j.jhevol.2012.12.003,Selected_collection,2013,948.75,948.75,0,sole source,1,Selected_collection,1,1,2013
Gorilla sp.,Dysgranular_insular_cortex_right_Vol.mm3,Bauernfeind_etal_2013_Table2,Bauernfeind et al. (2013) Table 2,10.1016/j.jhevol.2012.12.003,Selected_collection,2013,964.5,964.5,0,sole source,1,Selected_collection,1,1,2013
Gorilla sp.,Epithalamus_Vol.mm3,Stephan_etal_1981_TableVIII,Stephan et al. (1981) Table VIII,10.1159/000155963,Selected_collection,1981,106,106,0,sole source,1,Selected_collection,1,1,1981
Gorilla sp.,Granular_insular_cortex_Vol.mm3,Bauernfeind_etal_2013_Table1,Bauernfeind et al. (2013) Table 1,10.1016/j.jhevol.2012.12.003,NA,NA,NA,710,NA,"derived both-hemisphere value (step 7: left+right, or 2x a one-side measurement); cite this source for the one-side figure",NA,Selected_collection,1,1,2013
Gorilla sp.,Granular_insular_cortex_left_Vol.mm3,Bauernfeind_etal_2013_Table1,Bauernfeind et al. (2013) Table 1,10.1016/j.jhevol.2012.12.003,Selected_collection,2013,394.5,394.5,0,sole source,1,Selected_collection,1,1,2013
Gorilla sp.,Granular_insular_cortex_right_Vol.mm3,Bauernfeind_etal_2013_Table2,Bauernfeind et al. (2013) Table 2,10.1016/j.jhevol.2012.12.003,Selected_collection,2013,315.5,315.5,0,sole source,1,Selected_collection,1,1,2013
Gorilla sp.,Hippocampus_Vol.mm3,Stephan_etal_1981_TableVI,Stephan et al. (1981) Table VI,10.1159/000155963,Selected_collection,1981,4781,4781,0,sole source,1,Selected_collection,1,1,1981
Gorilla sp.,Hypothalamus_Vol.mm3,Stephan_etal_1981_TableVIII,Stephan et al. (1981) Table VIII,10.1159/000155963,Selected_collection,1981,2215,2215,0,sole source,1,Selected_collection,1,1,1981
Gorilla sp.,Insula_Vol.mm3,Bauernfeind_etal_2013_Table1,Bauernfeind et al. (2013) Table 1,10.1016/j.jhevol.2012.12.003,NA,NA,NA,4066,NA,"derived both-hemisphere value (step 7: left+right, or 2x a one-side measurement); cite this source for the one-side figure",NA,Selected_collection,1,1,2013
Gorilla sp.,Insula_left_Vol.mm3,Bauernfeind_etal_2013_Table1,Bauernfeind et al. (2013) Table 1,10.1016/j.jhevol.2012.12.003,Selected_collection,2013,2145.5,2145.5,0,sole source,1,Selected_collection,1,1,2013
Gorilla sp.,Insula_right_Vol.mm3,Bauernfeind_etal_2013_Table2,Bauernfeind et al. (2013) Table 2,10.1016/j.jhevol.2012.12.003,Selected_collection,2013,1920.5,1920.5,0,sole source,1,Selected_collection,1,1,2013
Gorilla sp.,Interpositus_cerebellar_nuclei_Vol.mm3,Matano_etal_1985_a_Table1,Matano et al. (1985) Table 1,10.1159/000156212,Selected_collection,1985,112.36,112.36,0,sole source,1,Selected_collection,1,1,1985
Gorilla sp.,Lateral_cerebellar_nuclei_Vol.mm3,Matano_etal_1985_a_Table1,Matano et al. (1985) Table 1,10.1159/000156212,Selected_collection,1985,534.6,534.6,0,sole source,1,Selected_collection,1,1,1985
Gorilla sp.,Lobus_piriformis_Vol.mm3,Stephan_etal_1981_TableVI,Stephan et al. (1981) Table VI,10.1159/000155963,Selected_collection,1981,4871,4871,0,sole source,1,Selected_collection,1,1,1981
Gorilla sp.,Medial_cerebellar_nuclei_Vol.mm3,Matano_etal_1985_a_Table1,Matano et al. (1985) Table 1,10.1159/000156212,Selected_collection,1985,93.44,93.44,0,sole source,1,Selected_collection,1,1,1985
Gorilla sp.,Medulla_oblongata_Vol.mm3,Stephan_etal_1981_TableIII,Stephan et al. (1981) Table III,10.1159/000155963,Selected_collection,1981,7509,7509,0,sole source,1,Selected_collection,1,1,1981
Gorilla sp.,Mesencephalon_Vol.mm3,Stephan_etal_1981_TableIII,Stephan et al. (1981) Table III,10.1159/000155963,Selected_collection,1981,4352,4352,0,sole source,1,Selected_collection,1,1,1981
Gorilla sp.,Neocortex_Vol.mm3,deSousa_etal_2010_Table1,deSousa et al. (2010) Table 1,10.1016/j.jhevol.2009.11.011,Selected_collection,2010,283700,283700,0,sole source,2,Selected_collection,1,1,2010
Gorilla sp.,Nucleus_habenularis_medialis_Vol.mm3,Stephan_etal_1981_TableXVI,Stephan et al. (1981) Table XVI,10.1159/000155963,Selected_collection,1981,23.9,23.9,0,sole source,1,Selected_collection,1,1,1981
Gorilla sp.,Nucleus_septalis_triangularis_Vol.mm3,Stephan_etal_1981_TableXVI,Stephan et al. (1981) Table XVI,10.1159/000155963,Selected_collection,1981,5.79,5.79,0,sole source,1,Selected_collection,1,1,1981
Gorilla sp.,Nucleus_subthalamicus_Vol.mm3,Stephan_etal_1981_TableVIII,Stephan et al. (1981) Table VIII,10.1159/000155963,Selected_collection,1981,178,178,0,sole source,1,Selected_collection,1,1,1981
Gorilla sp.,Nucleus_vestibularis_descendens_Vol.mm3,Matano__1986_TableI,Matano (1986) Table I,10.1159/000156277,NA,NA,NA,47.2,NA,"derived both-hemisphere value (step 7: left+right, or 2x a one-side measurement); cite this source for the one-side figure",NA,Selected_collection,1,1,1986
Gorilla sp.,Nucleus_vestibularis_descendens_unilateral_Vol.mm3,Matano__1986_TableI,Matano (1986) Table I,10.1159/000156277,Selected_collection,1986,23.6,23.6,0,sole source,1,Selected_collection,1,1,1986
Gorilla sp.,Nucleus_vestibularis_lateralis_Vol.mm3,Matano__1986_TableI,Matano (1986) Table I,10.1159/000156277,NA,NA,NA,39,NA,"derived both-hemisphere value (step 7: left+right, or 2x a one-side measurement); cite this source for the one-side figure",NA,Selected_collection,1,1,1986
Gorilla sp.,Nucleus_vestibularis_lateralis_unilateral_Vol.mm3,Matano__1986_TableI,Matano (1986) Table I,10.1159/000156277,Selected_collection,1986,19.5,19.5,0,sole source,1,Selected_collection,1,1,1986
Gorilla sp.,Nucleus_vestibularis_medialis_Vol.mm3,Matano__1986_TableI,Matano (1986) Table I,10.1159/000156277,NA,NA,NA,116.8,NA,"derived both-hemisphere value (step 7: left+right, or 2x a one-side measurement); cite this source for the one-side figure",NA,Selected_collection,1,1,1986
Gorilla sp.,Nucleus_vestibularis_medialis_unilateral_Vol.mm3,Matano__1986_TableI,Matano (1986) Table I,10.1159/000156277,Selected_collection,1986,58.4,58.4,0,sole source,1,Selected_collection,1,1,1986
Gorilla sp.,Nucleus_vestibularis_superior_Vol.mm3,Matano__1986_TableI,Matano (1986) Table I,10.1159/000156277,NA,NA,NA,69.4,NA,"derived both-hemisphere value (step 7: left+right, or 2x a one-side measurement); cite this source for the one-side figure",NA,Selected_collection,1,1,1986
Gorilla sp.,Nucleus_vestibularis_superior_unilateral_Vol.mm3,Matano__1986_TableI,Matano (1986) Table I,10.1159/000156277,Selected_collection,1986,34.7,34.7,0,sole source,1,Selected_collection,1,1,1986
Gorilla sp.,Pallidum_Vol.mm3,Stephan_etal_1981_TableVIII,Stephan et al. (1981) Table VIII,10.1159/000155963,Selected_collection,1981,2604,2604,0,sole source,1,Selected_collection,1,1,1981
Gorilla sp.,Schizo_cortex_Vol.mm3,Stephan_etal_1981_TableVI,Stephan et al. (1981) Table VI,10.1159/000155963,Selected_collection,1981,2729,2729,0,sole source,1,Selected_collection,1,1,1981
Gorilla sp.,Septum_Vol.mm3,Stephan_etal_1981_TableVI,Stephan et al. (1981) Table VI,10.1159/000155963,Selected_collection,1981,1173,1173,0,sole source,1,Selected_collection,1,1,1981
Gorilla sp.,Striatum_Vol.mm3,Stephan_etal_1981_TableVI,Stephan et al. (1981) Table VI,10.1159/000155963,Selected_collection,1981,14567,14567,0,sole source,1,Selected_collection,1,1,1981
Gorilla sp.,Subthalamus_Vol.mm3,Stephan_etal_1981_TableVIII,Stephan et al. (1981) Table VIII,10.1159/000155963,Selected_collection,1981,2782,2782,0,sole source,1,Selected_collection,1,1,1981
Gorilla sp.,Telencephalon_Vol.mm3,Stephan_etal_1981_TableIII,Stephan et al. (1981) Table III,10.1159/000155963,Selected_collection,1981,369878,369878,0,sole source,1,Selected_collection,1,1,1981
Gorilla sp.,Thalamus_Vol.mm3,Stephan_etal_1981_TableVIII,Stephan et al. (1981) Table VIII,10.1159/000155963,Selected_collection,1981,10547,10547,0,sole source,1,Selected_collection,1,1,1981
Gorilla sp.,Total_brain_net_volume_Vol.mm3,Bauernfeind_etal_2013_Table1,Bauernfeind et al. (2013) Table 1,10.1016/j.jhevol.2012.12.003,Selected_collection,2013,401785,401785,0,sole source,1,Selected_collection,1,1,2013
Gorilla sp.,Tractus_opticus_Vol.mm3,Stephan_etal_1981_TableVIII,Stephan et al. (1981) Table VIII,10.1159/000155963,Selected_collection,1981,671,671,0,sole source,1,Selected_collection,1,1,1981
Gorilla sp.,Ventral_pons_Vol.mm3,Matano_etal_1985_b_Table1,Matano et al. (1985) Table 1,10.1159/000156211,Selected_collection,1985,5400.6,5400.6,0,sole source,1,Selected_collection,1,1,1985
Gorilla sp.,Ventricles_Vol.mm3,Stephan_etal_1981_TableIII,Stephan et al. (1981) Table III,10.1159/000155963,Selected_collection,1981,3608,3608,0,sole source,1,Selected_collection,1,1,1981
Gorilla sp.,fronto_insular_cortex_Vol.mm3,Bauernfeind_etal_2013_Table1,Bauernfeind et al. (2013) Table 1,10.1016/j.jhevol.2012.12.003,NA,NA,NA,335.5,NA,"derived both-hemisphere value (step 7: left+right, or 2x a one-side measurement); cite this source for the one-side figure",NA,Selected_collection,1,1,2013
Gorilla sp.,fronto_insular_cortex_left_Vol.mm3,Bauernfeind_etal_2013_Table1,Bauernfeind et al. (2013) Table 1,10.1016/j.jhevol.2012.12.003,Selected_collection,2013,232,232,0,sole source,1,Selected_collection,1,1,2013
Gorilla sp.,fronto_insular_cortex_right_Vol.mm3,Bauernfeind_etal_2013_Table2,Bauernfeind et al. (2013) Table 2,10.1016/j.jhevol.2012.12.003,Selected_collection,2013,103.5,103.5,0,sole source,1,Selected_collection,1,1,2013
Homo sapiens,Agranular_insular_cortex_Vol.mm3,Bauernfeind_etal_2013_Table1,Bauernfeind et al. (2013) Table 1,10.1016/j.jhevol.2012.12.003,NA,NA,NA,2777.2,NA,"derived both-hemisphere value (step 7: left+right, or 2x a one-side measurement); cite this source for the one-side figure",NA,Selected_collection,1,1,2013
Homo sapiens,Agranular_insular_cortex_left_Vol.mm3,Bauernfeind_etal_2013_Table1,Bauernfeind et al. (2013) Table 1,10.1016/j.jhevol.2012.12.003,Selected_collection,2013,1200.6,1200.6,0,sole source,1,Selected_collection,1,1,2013
Homo sapiens,Agranular_insular_cortex_right_Vol.mm3,Bauernfeind_etal_2013_Table2,Bauernfeind et al. (2013) Table 2,10.1016/j.jhevol.2012.12.003,Selected_collection,2013,1576.6,1576.6,0,sole source,1,Selected_collection,1,1,2013
Homo sapiens,Amygdala_Vol.mm3,Stephan_etal_1981_TableXI,Stephan et al. (1981) Table XI,10.1159/000155963,Selected_collection,1981,3015,3015,0,sole source,1,Selected_collection,1,1,1981
Homo sapiens,Area_striata_Vol.mm3,Frahm_etal_1984_Table1,Frahm et al. (1984) Table 1,PMID:6501869,Selected_collection,1984,20226,20226,0,sole source,1,Selected_collection,1,1,1984
Homo sapiens,Area_striata_grey_matter_Vol.mm3,Frahm_etal_1984_Table1,Frahm et al. (1984) Table 1,PMID:6501869,Selected_collection,1984,14787,14787,0,sole source,1,Selected_collection,1,1,1984
Homo sapiens,Area_striata_grey_matter_left_Vol.mm3,deSousa_etal_2010_Table1,deSousa et al. (2010) Table 1,10.1016/j.jhevol.2009.11.011,Selected_collection,2010,7630,7630,0,sole source,10,Selected_collection,1,1,2010
Homo sapiens,Area_striata_lamina_1_Vol.mm3,Frahm_etal_1984_Table1,Frahm et al. (1984) Table 1,PMID:6501869,Selected_collection,1984,1704,1704,0,sole source,1,Selected_collection,1,1,1984
Homo sapiens,Area_striata_laminae_2_6_Vol.mm3,Frahm_etal_1984_Table1,Frahm et al. (1984) Table 1,PMID:6501869,Selected_collection,1984,13083,13083,0,sole source,1,Selected_collection,1,1,1984
Homo sapiens,Area_striata_white_matter_Vol.mm3,Frahm_etal_1984_Table1,Frahm et al. (1984) Table 1,PMID:6501869,Selected_collection,1984,5439,5439,0,sole source,1,Selected_collection,1,1,1984
Homo sapiens,Body_Mass.g,Stephan_etal_1981_TableIII,Stephan et al. (1981) Table III,10.1159/000155963,Selected_collection,1981,65000,65000,0,reference table used (mass rule: other sources not averaged in),1,Selected_collection,1,1,1981
Homo sapiens,Brain_Mass.mg,Stephan_etal_1981_TableIII,Stephan et al. (1981) Table III,10.1159/000155963,Selected_collection,1981,1330000,1330000,0,reference table used (mass rule: other sources not averaged in),1,Selected_collection,1,1,1981
Homo sapiens,Bulbus_olfactorius_Vol.mm3,Stephan_etal_1981_TableVI,Stephan et al. (1981) Table VI,10.1159/000155963,Selected_collection,1981,114,114,0,sole source,1,Selected_collection,1,1,1981
Homo sapiens,Bulbus_olfactorius_accessorius_Vol.mm3,Stephan_etal_1981_TableVI,Stephan et al. (1981) Table VI,10.1159/000155963,Selected_collection,1981,0,0,NA,sole source,1,Selected_collection,1,1,1981
Homo sapiens,Capsula_interna_Vol.mm3,Stephan_etal_1981_TableVIII,Stephan et al. (1981) Table VIII,10.1159/000155963,Selected_collection,1981,7008,7008,0,sole source,1,Selected_collection,1,1,1981
Homo sapiens,Cerebellar_nuclei_total_Vol.mm3,Matano_etal_1985_a_Table1,Matano et al. (1985) Table 1,10.1159/000156212,Selected_collection,1985,1513.78,1513.78,0,sole source,1,Selected_collection,1,1,1985
Homo sapiens,Cerebellum_Vol.mm3,Stephan_etal_1981_TableIII,Stephan et al. (1981) Table III,10.1159/000155963,Selected_collection,1981,137421,137421,0,sole source,1,Selected_collection,1,1,1981
Homo sapiens,Complexus_centromedialis_Vol.mm3,Stephan_etal_1981_TableXI,Stephan et al. (1981) Table XI,10.1159/000155963,Selected_collection,1981,592,592,0,sole source,1,Selected_collection,1,1,1981
Homo sapiens,Complexus_corticobasolateralis_Vol.mm3,Stephan_etal_1981_TableXI,Stephan et al. (1981) Table XI,10.1159/000155963,Selected_collection,1981,2424,2424,0,sole source,1,Selected_collection,1,1,1981
Homo sapiens,Complexus_vestibularis_Vol.mm3,Matano__1986_TableI,Matano (1986) Table I,10.1159/000156277,NA,NA,NA,354,NA,"derived both-hemisphere value (step 7: left+right, or 2x a one-side measurement); cite this source for the one-side figure",NA,Selected_collection,1,1,1986
Homo sapiens,Complexus_vestibularis_unilateral_Vol.mm3,Matano__1986_TableI,Matano (1986) Table I,10.1159/000156277,Selected_collection,1986,177,177,0,sole source,1,Selected_collection,1,1,1986
Homo sapiens,Corpus_geniculatum_laterale_Vol.mm3,deSousa_etal_2013_Table1,deSousa et al. (2013) Table 1,10.1159/000346495,Selected_collection,2013,335,335,0,sole source,1,Selected_collection,1,1,2013
Homo sapiens,Corpus_geniculatum_laterale_left_Vol.mm3,deSousa_etal_2010_Table1,deSousa et al. (2010) Table 1,10.1016/j.jhevol.2009.11.011,Selected_collection,2010,180,180,0,sole source,10,Selected_collection,1,1,2010
Homo sapiens,Corpus_pineal_Vol.mm3,Stephan_etal_1981_TableXVI,Stephan et al. (1981) Table XVI,10.1159/000155963,Selected_collection,1981,142,142,0,sole source,1,Selected_collection,1,1,1981
Homo sapiens,Corpus_subcommissurale_Vol.mm3,Stephan_etal_1981_TableXVI,Stephan et al. (1981) Table XVI,10.1159/000155963,Selected_collection,1981,0.0203,0.0203,0,sole source,1,Selected_collection,1,1,1981
Homo sapiens,Corpus_subfornicale_Vol.mm3,Stephan_etal_1981_TableXVI,Stephan et al. (1981) Table XVI,10.1159/000155963,Selected_collection,1981,0.508,0.508,0,sole source,1,Selected_collection,1,1,1981
Homo sapiens,Diencephalon_Vol.mm3,Stephan_etal_1981_TableIII,Stephan et al. (1981) Table III,10.1159/000155963,Selected_collection,1981,33319,33319,0,sole source,1,Selected_collection,1,1,1981
Homo sapiens,Dysgranular_insular_cortex_Vol.mm3,Bauernfeind_etal_2013_Table1,Bauernfeind et al. (2013) Table 1,10.1016/j.jhevol.2012.12.003,NA,NA,NA,5733.2,NA,"derived both-hemisphere value (step 7: left+right, or 2x a one-side measurement); cite this source for the one-side figure",NA,Selected_collection,1,1,2013
Homo sapiens,Dysgranular_insular_cortex_left_Vol.mm3,Bauernfeind_etal_2013_Table1,Bauernfeind et al. (2013) Table 1,10.1016/j.jhevol.2012.12.003,Selected_collection,2013,2960.2,2960.2,0,sole source,1,Selected_collection,1,1,2013
Homo sapiens,Dysgranular_insular_cortex_right_Vol.mm3,Bauernfeind_etal_2013_Table2,Bauernfeind et al. (2013) Table 2,10.1016/j.jhevol.2012.12.003,Selected_collection,2013,2773,2773,0,sole source,1,Selected_collection,1,1,2013
Homo sapiens,Epithalamus_Vol.mm3,Stephan_etal_1981_TableVIII,Stephan et al. (1981) Table VIII,10.1159/000155963,Selected_collection,1981,133,133,0,sole source,1,Selected_collection,1,1,1981
Homo sapiens,Granular_insular_cortex_Vol.mm3,Bauernfeind_etal_2013_Table1,Bauernfeind et al. (2013) Table 1,10.1016/j.jhevol.2012.12.003,NA,NA,NA,3306.3999999999996,NA,"derived both-hemisphere value (step 7: left+right, or 2x a one-side measurement); cite this source for the one-side figure",NA,Selected_collection,1,1,2013
Homo sapiens,Granular_insular_cortex_left_Vol.mm3,Bauernfeind_etal_2013_Table1,Bauernfeind et al. (2013) Table 1,10.1016/j.jhevol.2012.12.003,Selected_collection,2013,1873.8,1873.8,0,sole source,1,Selected_collection,1,1,2013
Homo sapiens,Granular_insular_cortex_right_Vol.mm3,Bauernfeind_etal_2013_Table2,Bauernfeind et al. (2013) Table 2,10.1016/j.jhevol.2012.12.003,Selected_collection,2013,1432.6,1432.6,0,sole source,1,Selected_collection,1,1,2013
Homo sapiens,Hippocampus_Vol.mm3,Stephan_etal_1981_TableVI,Stephan et al. (1981) Table VI,10.1159/000155963,Selected_collection,1981,10287,10287,0,sole source,1,Selected_collection,1,1,1981
Homo sapiens,Hypothalamus_Vol.mm3,Stephan_etal_1981_TableVIII,Stephan et al. (1981) Table VIII,10.1159/000155963,Selected_collection,1981,3555,3555,0,sole source,1,Selected_collection,1,1,1981
Homo sapiens,Insula_Vol.mm3,Bauernfeind_etal_2013_Table1,Bauernfeind et al. (2013) Table 1,10.1016/j.jhevol.2012.12.003,NA,NA,NA,12629.2,NA,"derived both-hemisphere value (step 7: left+right, or 2x a one-side measurement); cite this source for the one-side figure",NA,Selected_collection,1,1,2013
Homo sapiens,Insula_left_Vol.mm3,Bauernfeind_etal_2013_Table1,Bauernfeind et al. (2013) Table 1,10.1016/j.jhevol.2012.12.003,Selected_collection,2013,6479,6479,0,sole source,1,Selected_collection,1,1,2013
Homo sapiens,Insula_right_Vol.mm3,Bauernfeind_etal_2013_Table2,Bauernfeind et al. (2013) Table 2,10.1016/j.jhevol.2012.12.003,Selected_collection,2013,6150.2,6150.2,0,sole source,1,Selected_collection,1,1,2013
Homo sapiens,Interpositus_cerebellar_nuclei_Vol.mm3,Matano_etal_1985_a_Table1,Matano et al. (1985) Table 1,10.1159/000156212,Selected_collection,1985,190.48,190.48,0,sole source,1,Selected_collection,1,1,1985
Homo sapiens,Lateral_cerebellar_nuclei_Vol.mm3,Matano_etal_1985_a_Table1,Matano et al. (1985) Table 1,10.1159/000156212,Selected_collection,1985,1166.9,1166.9,0,sole source,1,Selected_collection,1,1,1985
Homo sapiens,Lobus_piriformis_Vol.mm3,Stephan_etal_1981_TableVI,Stephan et al. (1981) Table VI,10.1159/000155963,Selected_collection,1981,9032,9032,0,sole source,1,Selected_collection,1,1,1981
Homo sapiens,Medial_cerebellar_nuclei_Vol.mm3,Matano_etal_1985_a_Table1,Matano et al. (1985) Table 1,10.1159/000156212,Selected_collection,1985,156.4,156.4,0,sole source,1,Selected_collection,1,1,1985
Homo sapiens,Medulla_oblongata_Vol.mm3,Stephan_etal_1981_TableIII,Stephan et al. (1981) Table III,10.1159/000155963,Selected_collection,1981,9622,9622,0,sole source,1,Selected_collection,1,1,1981
Homo sapiens,Mesencephalon_Vol.mm3,Stephan_etal_1981_TableIII,Stephan et al. (1981) Table III,10.1159/000155963,Selected_collection,1981,8087,8087,0,sole source,1,Selected_collection,1,1,1981
Homo sapiens,Neocortex_Vol.mm3,deSousa_etal_2010_Table1,deSousa et al. (2010) Table 1,10.1016/j.jhevol.2009.11.011,Selected_collection,2010,991000,991000,0,sole source,2,Selected_collection,1,1,2010
Homo sapiens,Neocortex_grey_matter_Vol.mm3,Frahm_etal_1982_Table2,Frahm et al. (1982) Table 2,PMID:7161477,Selected_collection,1982,584706,584706,0,sole source,1,Selected_collection,1,1,1982
Homo sapiens,Neocortex_lamina_1_Vol.mm3,Frahm_etal_1982_Table2,Frahm et al. (1982) Table 2,PMID:7161477,Selected_collection,1982,75316,75316,0,sole source,1,Selected_collection,1,1,1982
Homo sapiens,Neocortex_laminae_2_6_Vol.mm3,Frahm_etal_1982_Table2,Frahm et al. (1982) Table 2,PMID:7161477,Selected_collection,1982,509391,509391,0,sole source,1,Selected_collection,1,1,1982
Homo sapiens,Neocortex_white_matter_Vol.mm3,Frahm_etal_1982_Table2,Frahm et al. (1982) Table 2,PMID:7161477,Selected_collection,1982,421819,421819,0,sole source,1,Selected_collection,1,1,1982
Homo sapiens,Nucleus_amygdalae_basalis_pars_magnocellularis_Vol.mm3,Stephan_etal_1981_TableXI,Stephan et al. (1981) Table XI,10.1159/000155963,Selected_collection,1981,246,246,0,sole source,1,Selected_collection,1,1,1981
Homo sapiens,Nucleus_habenularis_medialis_Vol.mm3,Stephan_etal_1981_TableXVI,Stephan et al. (1981) Table XVI,10.1159/000155963,Selected_collection,1981,17,17,0,sole source,1,Selected_collection,1,1,1981
Homo sapiens,Nucleus_septalis_triangularis_Vol.mm3,Stephan_etal_1981_TableXVI,Stephan et al. (1981) Table XVI,10.1159/000155963,Selected_collection,1981,0.524,0.524,0,sole source,1,Selected_collection,1,1,1981
Homo sapiens,Nucleus_subthalamicus_Vol.mm3,Stephan_etal_1981_TableVIII,Stephan et al. (1981) Table VIII,10.1159/000155963,Selected_collection,1981,469,469,0,sole source,1,Selected_collection,1,1,1981
Homo sapiens,Nucleus_tractus_olfactorius_Vol.mm3,Stephan_etal_1981_TableXI,Stephan et al. (1981) Table XI,10.1159/000155963,Selected_collection,1981,0,0,NA,sole source,1,Selected_collection,1,1,1981
Homo sapiens,Nucleus_vestibularis_descendens_Vol.mm3,Matano__1986_TableI,Matano (1986) Table I,10.1159/000156277,NA,NA,NA,91.8,NA,"derived both-hemisphere value (step 7: left+right, or 2x a one-side measurement); cite this source for the one-side figure",NA,Selected_collection,1,1,1986
Homo sapiens,Nucleus_vestibularis_descendens_unilateral_Vol.mm3,Matano__1986_TableI,Matano (1986) Table I,10.1159/000156277,Selected_collection,1986,45.9,45.9,0,sole source,1,Selected_collection,1,1,1986
Homo sapiens,Nucleus_vestibularis_lateralis_Vol.mm3,Matano__1986_TableI,Matano (1986) Table I,10.1159/000156277,NA,NA,NA,44.8,NA,"derived both-hemisphere value (step 7: left+right, or 2x a one-side measurement); cite this source for the one-side figure",NA,Selected_collection,1,1,1986
Homo sapiens,Nucleus_vestibularis_lateralis_unilateral_Vol.mm3,Matano__1986_TableI,Matano (1986) Table I,10.1159/000156277,Selected_collection,1986,22.4,22.4,0,sole source,1,Selected_collection,1,1,1986
Homo sapiens,Nucleus_vestibularis_medialis_Vol.mm3,Matano__1986_TableI,Matano (1986) Table I,10.1159/000156277,NA,NA,NA,145.6,NA,"derived both-hemisphere value (step 7: left+right, or 2x a one-side measurement); cite this source for the one-side figure",NA,Selected_collection,1,1,1986
Homo sapiens,Nucleus_vestibularis_medialis_unilateral_Vol.mm3,Matano__1986_TableI,Matano (1986) Table I,10.1159/000156277,Selected_collection,1986,72.8,72.8,0,sole source,1,Selected_collection,1,1,1986
Homo sapiens,Nucleus_vestibularis_superior_Vol.mm3,Matano__1986_TableI,Matano (1986) Table I,10.1159/000156277,NA,NA,NA,71.6,NA,"derived both-hemisphere value (step 7: left+right, or 2x a one-side measurement); cite this source for the one-side figure",NA,Selected_collection,1,1,1986
Homo sapiens,Nucleus_vestibularis_superior_unilateral_Vol.mm3,Matano__1986_TableI,Matano (1986) Table I,10.1159/000156277,Selected_collection,1986,35.8,35.8,0,sole source,1,Selected_collection,1,1,1986
Homo sapiens,Palaeocortex_Vol.mm3,Stephan_etal_1981_TableXI,Stephan et al. (1981) Table XI,10.1159/000155963,Selected_collection,1981,6016,6016,0,sole source,1,Selected_collection,1,1,1981
Homo sapiens,Pallidum_Vol.mm3,Stephan_etal_1981_TableVIII,Stephan et al. (1981) Table VIII,10.1159/000155963,Selected_collection,1981,4711,4711,0,sole source,1,Selected_collection,1,1,1981
Homo sapiens,Schizo_cortex_Vol.mm3,Stephan_etal_1981_TableVI,Stephan et al. (1981) Table VI,10.1159/000155963,Selected_collection,1981,6142,6142,0,sole source,1,Selected_collection,1,1,1981
Homo sapiens,Septum_Vol.mm3,Stephan_etal_1981_TableVI,Stephan et al. (1981) Table VI,10.1159/000155963,Selected_collection,1981,2610,2610,0,sole source,1,Selected_collection,1,1,1981
Homo sapiens,Striatum_Vol.mm3,Stephan_etal_1981_TableVI,Stephan et al. (1981) Table VI,10.1159/000155963,Selected_collection,1981,28689,28689,0,sole source,1,Selected_collection,1,1,1981
Homo sapiens,Subthalamus_Vol.mm3,Stephan_etal_1981_TableVIII,Stephan et al. (1981) Table VIII,10.1159/000155963,Selected_collection,1981,5180,5180,0,sole source,1,Selected_collection,1,1,1981
Homo sapiens,Telencephalon_Vol.mm3,Stephan_etal_1981_TableIII,Stephan et al. (1981) Table III,10.1159/000155963,Selected_collection,1981,1063399,1063399,0,sole source,1,Selected_collection,1,1,1981
Homo sapiens,Thalamus_Vol.mm3,Stephan_etal_1981_TableVIII,Stephan et al. (1981) Table VIII,10.1159/000155963,Selected_collection,1981,18222,18222,0,sole source,1,Selected_collection,1,1,1981
Homo sapiens,Total_brain_net_volume_Vol.mm3,Bauernfeind_etal_2013_Table1,Bauernfeind et al. (2013) Table 1,10.1016/j.jhevol.2012.12.003,Selected_collection,2013,1357820,1357820,0,sole source,1,Selected_collection,1,1,2013
Homo sapiens,Tractus_opticus_Vol.mm3,Stephan_etal_1981_TableVIII,Stephan et al. (1981) Table VIII,10.1159/000155963,Selected_collection,1981,823,823,0,sole source,1,Selected_collection,1,1,1981
Homo sapiens,Ventral_pons_Vol.mm3,Matano_etal_1985_b_Table1,Matano et al. (1985) Table 1,10.1159/000156211,Selected_collection,1985,10477.9,10477.9,0,sole source,1,Selected_collection,1,1,1985
Homo sapiens,Ventricles_Vol.mm3,Stephan_etal_1981_TableIII,Stephan et al. (1981) Table III,10.1159/000155963,Selected_collection,1981,18732,18732,0,sole source,1,Selected_collection,1,1,1981
Homo sapiens,fronto_insular_cortex_Vol.mm3,Bauernfeind_etal_2013_Table1,Bauernfeind et al. (2013) Table 1,10.1016/j.jhevol.2012.12.003,NA,NA,NA,812.6,NA,"derived both-hemisphere value (step 7: left+right, or 2x a one-side measurement); cite this source for the one-side figure",NA,Selected_collection,1,1,2013
Homo sapiens,fronto_insular_cortex_left_Vol.mm3,Bauernfeind_etal_2013_Table1,Bauernfeind et al. (2013) Table 1,10.1016/j.jhevol.2012.12.003,Selected_collection,2013,444.6,444.6,0,sole source,1,Selected_collection,1,1,2013
Homo sapiens,fronto_insular_cortex_right_Vol.mm3,Bauernfeind_etal_2013_Table2,Bauernfeind et al. (2013) Table 2,10.1016/j.jhevol.2012.12.003,Selected_collection,2013,368,368,0,sole source,1,Selected_collection,1,1,2013
Hylobates lar,Agranular_insular_cortex_Vol.mm3,Bauernfeind_etal_2013_Table1,Bauernfeind et al. (2013) Table 1,10.1016/j.jhevol.2012.12.003,NA,NA,NA,80,NA,"derived both-hemisphere value (step 7: left+right, or 2x a one-side measurement); cite this source for the one-side figure",NA,Selected_collection,1,1,2013
Hylobates lar,Agranular_insular_cortex_left_Vol.mm3,Bauernfeind_etal_2013_Table1,Bauernfeind et al. (2013) Table 1,10.1016/j.jhevol.2012.12.003,Selected_collection,2013,40,40,0,sole source,1,Selected_collection,1,1,2013
Hylobates lar,Area_striata_Vol.mm3,Frahm_etal_1984_Table1,Frahm et al. (1984) Table 1,PMID:6501869,Selected_collection,1984,5750,5750,0,sole source,1,Selected_collection,1,1,1984
Hylobates lar,Area_striata_grey_matter_Vol.mm3,Frahm_etal_1984_Table1,Frahm et al. (1984) Table 1,PMID:6501869,Selected_collection,1984,4574,4574,0,sole source,1,Selected_collection,1,1,1984
Hylobates lar,Area_striata_grey_matter_left_Vol.mm3,deSousa_etal_2010_Table1,deSousa et al. (2010) Table 1,10.1016/j.jhevol.2009.11.011,Selected_collection,2010,2050,2050,0,sole source,2,Selected_collection,1,1,2010
Hylobates lar,Area_striata_lamina_1_Vol.mm3,Frahm_etal_1984_Table1,Frahm et al. (1984) Table 1,PMID:6501869,Selected_collection,1984,562,562,0,sole source,1,Selected_collection,1,1,1984
Hylobates lar,Area_striata_laminae_2_6_Vol.mm3,Frahm_etal_1984_Table1,Frahm et al. (1984) Table 1,PMID:6501869,Selected_collection,1984,4012,4012,0,sole source,1,Selected_collection,1,1,1984
Hylobates lar,Area_striata_white_matter_Vol.mm3,Frahm_etal_1984_Table1,Frahm et al. (1984) Table 1,PMID:6501869,Selected_collection,1984,1176,1176,0,sole source,1,Selected_collection,1,1,1984
Hylobates lar,Body_Mass.g,Stephan_etal_1981_TableIII,Stephan et al. (1981) Table III,10.1159/000155963,Selected_collection,1981,5700,5700,0,reference table used (mass rule: other sources not averaged in),1,Selected_collection,1,1,1981
Hylobates lar,Brain_Mass.mg,Stephan_etal_1981_TableIII,Stephan et al. (1981) Table III,10.1159/000155963,Selected_collection,1981,102000,102000,0,reference table used (mass rule: other sources not averaged in),1,Selected_collection,1,1,1981
Hylobates lar,Bulbus_olfactorius_Vol.mm3,Stephan_etal_1981_TableVI,Stephan et al. (1981) Table VI,10.1159/000155963,Selected_collection,1981,43.9,43.9,0,sole source,1,Selected_collection,1,1,1981
Hylobates lar,Bulbus_olfactorius_accessorius_Vol.mm3,Stephan_etal_1981_TableVI,Stephan et al. (1981) Table VI,10.1159/000155963,Selected_collection,1981,0,0,NA,sole source,1,Selected_collection,1,1,1981
Hylobates lar,Capsula_interna_Vol.mm3,Stephan_etal_1981_TableVIII,Stephan et al. (1981) Table VIII,10.1159/000155963,Selected_collection,1981,693,693,0,sole source,1,Selected_collection,1,1,1981
Hylobates lar,Cerebellar_nuclei_total_Vol.mm3,Matano_etal_1985_a_Table1,Matano et al. (1985) Table 1,10.1159/000156212,Selected_collection,1985,242.09,242.09,0,sole source,1,Selected_collection,1,1,1985
Hylobates lar,Cerebellum_Vol.mm3,Stephan_etal_1981_TableIII,Stephan et al. (1981) Table III,10.1159/000155963,Selected_collection,1981,12078,12078,0,sole source,1,Selected_collection,1,1,1981
Hylobates lar,Complexus_vestibularis_Vol.mm3,Matano__1986_TableI,Matano (1986) Table I,10.1159/000156277,NA,NA,NA,118.8,NA,"derived both-hemisphere value (step 7: left+right, or 2x a one-side measurement); cite this source for the one-side figure",NA,Selected_collection,1,1,1986
Hylobates lar,Complexus_vestibularis_unilateral_Vol.mm3,Matano__1986_TableI,Matano (1986) Table I,10.1159/000156277,Selected_collection,1986,59.4,59.4,0,sole source,1,Selected_collection,1,1,1986
Hylobates lar,Corpus_geniculatum_laterale_Vol.mm3,deSousa_etal_2013_Table1,deSousa et al. (2013) Table 1,10.1159/000346495,Selected_collection,2013,166.2,166.2,0,sole source,1,Selected_collection,1,1,2013
Hylobates lar,Corpus_geniculatum_laterale_left_Vol.mm3,deSousa_etal_2010_Table1,deSousa et al. (2010) Table 1,10.1016/j.jhevol.2009.11.011,Selected_collection,2010,100,100,0,sole source,2,Selected_collection,1,1,2010
Hylobates lar,Diencephalon_Vol.mm3,Stephan_etal_1981_TableIII,Stephan et al. (1981) Table III,10.1159/000155963,Selected_collection,1981,5716,5716,0,sole source,1,Selected_collection,1,1,1981
Hylobates lar,Dysgranular_insular_cortex_Vol.mm3,Bauernfeind_etal_2013_Table1,Bauernfeind et al. (2013) Table 1,10.1016/j.jhevol.2012.12.003,NA,NA,NA,262,NA,"derived both-hemisphere value (step 7: left+right, or 2x a one-side measurement); cite this source for the one-side figure",NA,Selected_collection,1,1,2013
Hylobates lar,Dysgranular_insular_cortex_left_Vol.mm3,Bauernfeind_etal_2013_Table1,Bauernfeind et al. (2013) Table 1,10.1016/j.jhevol.2012.12.003,Selected_collection,2013,131,131,0,sole source,1,Selected_collection,1,1,2013
Hylobates lar,Epithalamus_Vol.mm3,Stephan_etal_1981_TableVIII,Stephan et al. (1981) Table VIII,10.1159/000155963,Selected_collection,1981,31.2,31.2,0,sole source,1,Selected_collection,1,1,1981
Hylobates lar,Granular_insular_cortex_Vol.mm3,Bauernfeind_etal_2013_Table1,Bauernfeind et al. (2013) Table 1,10.1016/j.jhevol.2012.12.003,NA,NA,NA,234,NA,"derived both-hemisphere value (step 7: left+right, or 2x a one-side measurement); cite this source for the one-side figure",NA,Selected_collection,1,1,2013
Hylobates lar,Granular_insular_cortex_left_Vol.mm3,Bauernfeind_etal_2013_Table1,Bauernfeind et al. (2013) Table 1,10.1016/j.jhevol.2012.12.003,Selected_collection,2013,117,117,0,sole source,1,Selected_collection,1,1,2013
Hylobates lar,Hippocampus_Vol.mm3,Stephan_etal_1981_TableVI,Stephan et al. (1981) Table VI,10.1159/000155963,Selected_collection,1981,2673,2673,0,sole source,1,Selected_collection,1,1,1981
Hylobates lar,Hypothalamus_Vol.mm3,Stephan_etal_1981_TableVIII,Stephan et al. (1981) Table VIII,10.1159/000155963,Selected_collection,1981,629,629,0,sole source,1,Selected_collection,1,1,1981
Hylobates lar,Insula_Vol.mm3,Bauernfeind_etal_2013_Table1,Bauernfeind et al. (2013) Table 1,10.1016/j.jhevol.2012.12.003,NA,NA,NA,578,NA,"derived both-hemisphere value (step 7: left+right, or 2x a one-side measurement); cite this source for the one-side figure",NA,Selected_collection,1,1,2013
Hylobates lar,Insula_left_Vol.mm3,Bauernfeind_etal_2013_Table1,Bauernfeind et al. (2013) Table 1,10.1016/j.jhevol.2012.12.003,Selected_collection,2013,289,289,0,sole source,1,Selected_collection,1,1,2013
Hylobates lar,Interpositus_cerebellar_nuclei_Vol.mm3,Matano_etal_1985_a_Table1,Matano et al. (1985) Table 1,10.1159/000156212,Selected_collection,1985,65.6,65.6,0,sole source,1,Selected_collection,1,1,1985
Hylobates lar,Lateral_cerebellar_nuclei_Vol.mm3,Matano_etal_1985_a_Table1,Matano et al. (1985) Table 1,10.1159/000156212,Selected_collection,1985,141.08,141.08,0,sole source,1,Selected_collection,1,1,1985
Hylobates lar,Lobus_piriformis_Vol.mm3,Stephan_etal_1981_TableVI,Stephan et al. (1981) Table VI,10.1159/000155963,Selected_collection,1981,1264,1264,0,sole source,1,Selected_collection,1,1,1981
Hylobates lar,Medial_cerebellar_nuclei_Vol.mm3,Matano_etal_1985_a_Table1,Matano et al. (1985) Table 1,10.1159/000156212,Selected_collection,1985,35.41,35.41,0,sole source,1,Selected_collection,1,1,1985
Hylobates lar,Medulla_oblongata_Vol.mm3,Stephan_etal_1981_TableIII,Stephan et al. (1981) Table III,10.1159/000155963,Selected_collection,1981,2251,2251,0,sole source,1,Selected_collection,1,1,1981
Hylobates lar,Mesencephalon_Vol.mm3,Stephan_etal_1981_TableIII,Stephan et al. (1981) Table III,10.1159/000155963,Selected_collection,1981,1459,1459,0,sole source,1,Selected_collection,1,1,1981
Hylobates lar,Neocortex_Vol.mm3,deSousa_etal_2010_Table1,deSousa et al. (2010) Table 1,10.1016/j.jhevol.2009.11.011,Selected_collection,2010,68300,68300,0,sole source,2,Selected_collection,1,1,2010
Hylobates lar,Neocortex_grey_matter_Vol.mm3,Frahm_etal_1982_Table2,Frahm et al. (1982) Table 2,PMID:7161477,Selected_collection,1982,46646,46646,0,sole source,1,Selected_collection,1,1,1982
Hylobates lar,Neocortex_lamina_1_Vol.mm3,Frahm_etal_1982_Table2,Frahm et al. (1982) Table 2,PMID:7161477,Selected_collection,1982,6279,6279,0,sole source,1,Selected_collection,1,1,1982
Hylobates lar,Neocortex_laminae_2_6_Vol.mm3,Frahm_etal_1982_Table2,Frahm et al. (1982) Table 2,PMID:7161477,Selected_collection,1982,40367,40367,0,sole source,1,Selected_collection,1,1,1982
Hylobates lar,Neocortex_white_matter_Vol.mm3,Frahm_etal_1982_Table2,Frahm et al. (1982) Table 2,PMID:7161477,Selected_collection,1982,19154,19154,0,sole source,1,Selected_collection,1,1,1982
Hylobates lar,Nucleus_subthalamicus_Vol.mm3,Stephan_etal_1981_TableVIII,Stephan et al. (1981) Table VIII,10.1159/000155963,Selected_collection,1981,61.6,61.6,0,sole source,1,Selected_collection,1,1,1981
Hylobates lar,Nucleus_vestibularis_descendens_Vol.mm3,Matano__1986_TableI,Matano (1986) Table I,10.1159/000156277,NA,NA,NA,29,NA,"derived both-hemisphere value (step 7: left+right, or 2x a one-side measurement); cite this source for the one-side figure",NA,Selected_collection,1,1,1986
Hylobates lar,Nucleus_vestibularis_descendens_unilateral_Vol.mm3,Matano__1986_TableI,Matano (1986) Table I,10.1159/000156277,Selected_collection,1986,14.5,14.5,0,sole source,1,Selected_collection,1,1,1986
Hylobates lar,Nucleus_vestibularis_lateralis_Vol.mm3,Matano__1986_TableI,Matano (1986) Table I,10.1159/000156277,NA,NA,NA,11.06,NA,"derived both-hemisphere value (step 7: left+right, or 2x a one-side measurement); cite this source for the one-side figure",NA,Selected_collection,1,1,1986
Hylobates lar,Nucleus_vestibularis_lateralis_unilateral_Vol.mm3,Matano__1986_TableI,Matano (1986) Table I,10.1159/000156277,Selected_collection,1986,5.53,5.53,0,sole source,1,Selected_collection,1,1,1986
Hylobates lar,Nucleus_vestibularis_medialis_Vol.mm3,Matano__1986_TableI,Matano (1986) Table I,10.1159/000156277,NA,NA,NA,49,NA,"derived both-hemisphere value (step 7: left+right, or 2x a one-side measurement); cite this source for the one-side figure",NA,Selected_collection,1,1,1986
Hylobates lar,Nucleus_vestibularis_medialis_unilateral_Vol.mm3,Matano__1986_TableI,Matano (1986) Table I,10.1159/000156277,Selected_collection,1986,24.5,24.5,0,sole source,1,Selected_collection,1,1,1986
Hylobates lar,Nucleus_vestibularis_superior_Vol.mm3,Matano__1986_TableI,Matano (1986) Table I,10.1159/000156277,NA,NA,NA,29.8,NA,"derived both-hemisphere value (step 7: left+right, or 2x a one-side measurement); cite this source for the one-side figure",NA,Selected_collection,1,1,1986
Hylobates lar,Nucleus_vestibularis_superior_unilateral_Vol.mm3,Matano__1986_TableI,Matano (1986) Table I,10.1159/000156277,Selected_collection,1986,14.9,14.9,0,sole source,1,Selected_collection,1,1,1986
Hylobates lar,Pallidum_Vol.mm3,Stephan_etal_1981_TableVIII,Stephan et al. (1981) Table VIII,10.1159/000155963,Selected_collection,1981,715,715,0,sole source,1,Selected_collection,1,1,1981
Hylobates lar,Schizo_cortex_Vol.mm3,Stephan_etal_1981_TableVI,Stephan et al. (1981) Table VI,10.1159/000155963,Selected_collection,1981,1136,1136,0,sole source,1,Selected_collection,1,1,1981
Hylobates lar,Septum_Vol.mm3,Stephan_etal_1981_TableVI,Stephan et al. (1981) Table VI,10.1159/000155963,Selected_collection,1981,302,302,0,sole source,1,Selected_collection,1,1,1981
Hylobates lar,Striatum_Vol.mm3,Stephan_etal_1981_TableVI,Stephan et al. (1981) Table VI,10.1159/000155963,Selected_collection,1981,4784,4784,0,sole source,1,Selected_collection,1,1,1981
Hylobates lar,Subthalamus_Vol.mm3,Stephan_etal_1981_TableVIII,Stephan et al. (1981) Table VIII,10.1159/000155963,Selected_collection,1981,777,777,0,sole source,1,Selected_collection,1,1,1981
Hylobates lar,Telencephalon_Vol.mm3,Stephan_etal_1981_TableIII,Stephan et al. (1981) Table III,10.1159/000155963,Selected_collection,1981,76001,76001,0,sole source,1,Selected_collection,1,1,1981
Hylobates lar,Thalamus_Vol.mm3,Stephan_etal_1981_TableVIII,Stephan et al. (1981) Table VIII,10.1159/000155963,Selected_collection,1981,3226,3226,0,sole source,1,Selected_collection,1,1,1981
Hylobates lar,Total_brain_net_volume_Vol.mm3,Bauernfeind_etal_2013_Table1,Bauernfeind et al. (2013) Table 1,10.1016/j.jhevol.2012.12.003,Selected_collection,2013,88803,88803,0,sole source,1,Selected_collection,1,1,2013
Hylobates lar,Tractus_opticus_Vol.mm3,Stephan_etal_1981_TableVIII,Stephan et al. (1981) Table VIII,10.1159/000155963,Selected_collection,1981,302,302,0,sole source,1,Selected_collection,1,1,1981
Hylobates lar,Ventral_pons_Vol.mm3,Matano_etal_1985_b_Table1,Matano et al. (1985) Table 1,10.1159/000156211,Selected_collection,1985,1167.9,1167.9,0,sole source,1,Selected_collection,1,1,1985
Hylobates lar,Ventricles_Vol.mm3,Stephan_etal_1981_TableIII,Stephan et al. (1981) Table III,10.1159/000155963,Selected_collection,1981,555,555,0,sole source,1,Selected_collection,1,1,1981
Hylobates muelleri,Agranular_insular_cortex_Vol.mm3,Bauernfeind_etal_2013_Table1,Bauernfeind et al. (2013) Table 1,10.1016/j.jhevol.2012.12.003,NA,NA,NA,284,NA,"derived both-hemisphere value (step 7: left+right, or 2x a one-side measurement); cite this source for the one-side figure",NA,Selected_collection,1,1,2013
Hylobates muelleri,Agranular_insular_cortex_left_Vol.mm3,Bauernfeind_etal_2013_Table1,Bauernfeind et al. (2013) Table 1,10.1016/j.jhevol.2012.12.003,Selected_collection,2013,142,142,0,sole source,1,Selected_collection,1,1,2013
Hylobates muelleri,Body_Mass.g,Bauernfeind_etal_2013_Table1,Bauernfeind et al. (2013) Table 1,10.1016/j.jhevol.2012.12.003,Selected_collection,2013,5710,5710,0,reference table used (mass rule: other sources not averaged in),1,Selected_collection,1,1,2013
Hylobates muelleri,Brain_Mass.mg,Bauernfeind_etal_2013_Table1,Bauernfeind et al. (2013) Table 1,10.1016/j.jhevol.2012.12.003,Selected_collection,2013,101.8,101.8,0,reference table used (mass rule: other sources not averaged in),1,Selected_collection,1,1,2013
Hylobates muelleri,Corpus_geniculatum_laterale_Vol.mm3,deSousa_etal_2013_Table1,deSousa et al. (2013) Table 1,10.1159/000346495,Selected_collection,2013,161.6,161.6,0,sole source,1,Selected_collection,1,1,2013
Hylobates muelleri,Dysgranular_insular_cortex_Vol.mm3,Bauernfeind_etal_2013_Table1,Bauernfeind et al. (2013) Table 1,10.1016/j.jhevol.2012.12.003,NA,NA,NA,572,NA,"derived both-hemisphere value (step 7: left+right, or 2x a one-side measurement); cite this source for the one-side figure",NA,Selected_collection,1,1,2013
Hylobates muelleri,Dysgranular_insular_cortex_left_Vol.mm3,Bauernfeind_etal_2013_Table1,Bauernfeind et al. (2013) Table 1,10.1016/j.jhevol.2012.12.003,Selected_collection,2013,286,286,0,sole source,1,Selected_collection,1,1,2013
Hylobates muelleri,Granular_insular_cortex_Vol.mm3,Bauernfeind_etal_2013_Table1,Bauernfeind et al. (2013) Table 1,10.1016/j.jhevol.2012.12.003,NA,NA,NA,222,NA,"derived both-hemisphere value (step 7: left+right, or 2x a one-side measurement); cite this source for the one-side figure",NA,Selected_collection,1,1,2013
Hylobates muelleri,Granular_insular_cortex_left_Vol.mm3,Bauernfeind_etal_2013_Table1,Bauernfeind et al. (2013) Table 1,10.1016/j.jhevol.2012.12.003,Selected_collection,2013,111,111,0,sole source,1,Selected_collection,1,1,2013
Hylobates muelleri,Insula_Vol.mm3,Bauernfeind_etal_2013_Table1,Bauernfeind et al. (2013) Table 1,10.1016/j.jhevol.2012.12.003,NA,NA,NA,1078,NA,"derived both-hemisphere value (step 7: left+right, or 2x a one-side measurement); cite this source for the one-side figure",NA,Selected_collection,1,1,2013
Hylobates muelleri,Insula_left_Vol.mm3,Bauernfeind_etal_2013_Table1,Bauernfeind et al. (2013) Table 1,10.1016/j.jhevol.2012.12.003,Selected_collection,2013,539,539,0,sole source,1,Selected_collection,1,1,2013
Hylobates muelleri,Total_brain_net_volume_Vol.mm3,Bauernfeind_etal_2013_Table1,Bauernfeind et al. (2013) Table 1,10.1016/j.jhevol.2012.12.003,Selected_collection,2013,98263,98263,0,sole source,1,Selected_collection,1,1,2013
Indri indri,Agranular_insular_cortex_Vol.mm3,Bauernfeind_etal_2013_Table1,Bauernfeind et al. (2013) Table 1,10.1016/j.jhevol.2012.12.003,NA,NA,NA,66,NA,"derived both-hemisphere value (step 7: left+right, or 2x a one-side measurement); cite this source for the one-side figure",NA,Selected_collection,1,1,2013
Indri indri,Agranular_insular_cortex_left_Vol.mm3,Bauernfeind_etal_2013_Table1,Bauernfeind et al. (2013) Table 1,10.1016/j.jhevol.2012.12.003,Selected_collection,2013,33,33,0,sole source,1,Selected_collection,1,1,2013
Indri indri,Area_striata_Vol.mm3,Frahm_etal_1984_Table1,Frahm et al. (1984) Table 1,PMID:6501869,Selected_collection,1984,1961,1961,0,sole source,1,Selected_collection,1,1,1984
Indri indri,Area_striata_grey_matter_Vol.mm3,Frahm_etal_1984_Table1,Frahm et al. (1984) Table 1,PMID:6501869,Selected_collection,1984,1648,1648,0,sole source,1,Selected_collection,1,1,1984
Indri indri,Area_striata_lamina_1_Vol.mm3,Frahm_etal_1984_Table1,Frahm et al. (1984) Table 1,PMID:6501869,Selected_collection,1984,279,279,0,sole source,1,Selected_collection,1,1,1984
Indri indri,Area_striata_laminae_2_6_Vol.mm3,Frahm_etal_1984_Table1,Frahm et al. (1984) Table 1,PMID:6501869,Selected_collection,1984,1369,1369,0,sole source,1,Selected_collection,1,1,1984
Indri indri,Area_striata_white_matter_Vol.mm3,Frahm_etal_1984_Table1,Frahm et al. (1984) Table 1,PMID:6501869,Selected_collection,1984,313,313,0,sole source,1,Selected_collection,1,1,1984
Indri indri,Body_Mass.g,Stephan_etal_1981_TableII,Stephan et al. (1981) Table II,10.1159/000155963,Selected_collection,1981,6250,6250,0,reference table used (mass rule: other sources not averaged in),1,Selected_collection,1,1,1981
Indri indri,Brain_Mass.mg,Stephan_etal_1981_TableII,Stephan et al. (1981) Table II,10.1159/000155963,Selected_collection,1981,38300,38300,0,reference table used (mass rule: other sources not averaged in),1,Selected_collection,1,1,1981
Indri indri,Bulbus_olfactorius_Vol.mm3,Stephan_etal_1981_TableV,Stephan et al. (1981) Table V,10.1159/000155963,Selected_collection,1981,168,168,0,sole source,1,Selected_collection,1,1,1981
Indri indri,Bulbus_olfactorius_accessorius_Vol.mm3,Stephan_etal_1981_TableV,Stephan et al. (1981) Table V,10.1159/000155963,Selected_collection,1981,2.32,2.32,0,sole source,1,Selected_collection,1,1,1981
Indri indri,Cerebellar_nuclei_total_Vol.mm3,Matano_etal_1985_a_Table1,Matano et al. (1985) Table 1,10.1159/000156212,Selected_collection,1985,141.3,141.3,0,sole source,1,Selected_collection,1,1,1985
Indri indri,Cerebellum_Vol.mm3,Stephan_etal_1981_TableII,Stephan et al. (1981) Table II,10.1159/000155963,Selected_collection,1981,5504,5504,0,sole source,1,Selected_collection,1,1,1981
Indri indri,Complexus_vestibularis_Vol.mm3,Matano__1986_TableI,Matano (1986) Table I,10.1159/000156277,NA,NA,NA,102.6,NA,"derived both-hemisphere value (step 7: left+right, or 2x a one-side measurement); cite this source for the one-side figure",NA,Selected_collection,1,1,1986
Indri indri,Complexus_vestibularis_unilateral_Vol.mm3,Matano__1986_TableI,Matano (1986) Table I,10.1159/000156277,Selected_collection,1986,51.3,51.3,0,sole source,1,Selected_collection,1,1,1986
Indri indri,Corpus_geniculatum_laterale_Vol.mm3,Stephan_etal_1984_Table1,Stephan et al. (1984) Table 1,PMID:6481154,Selected_collection,1984,94.5,94.5,0,sole source,1,Selected_collection,1,1,1984
Indri indri,Corpus_pineal_Vol.mm3,Stephan_etal_1981_TableXV,Stephan et al. (1981) Table XV,10.1159/000155963,Selected_collection,1981,5.63,5.63,0,sole source,1,Selected_collection,1,1,1981
Indri indri,Corpus_subcommissurale_Vol.mm3,Stephan_etal_1981_TableXV,Stephan et al. (1981) Table XV,10.1159/000155963,Selected_collection,1981,0.366,0.366,0,sole source,1,Selected_collection,1,1,1981
Indri indri,Corpus_subfornicale_Vol.mm3,Stephan_etal_1981_TableXV,Stephan et al. (1981) Table XV,10.1159/000155963,Selected_collection,1981,0.553,0.553,0,sole source,1,Selected_collection,1,1,1981
Indri indri,Diencephalon_Vol.mm3,Stephan_etal_1981_TableII,Stephan et al. (1981) Table II,10.1159/000155963,Selected_collection,1981,2911,2911,0,sole source,1,Selected_collection,1,1,1981
Indri indri,Dysgranular_insular_cortex_Vol.mm3,Bauernfeind_etal_2013_Table1,Bauernfeind et al. (2013) Table 1,10.1016/j.jhevol.2012.12.003,NA,NA,NA,170,NA,"derived both-hemisphere value (step 7: left+right, or 2x a one-side measurement); cite this source for the one-side figure",NA,Selected_collection,1,1,2013
Indri indri,Dysgranular_insular_cortex_left_Vol.mm3,Bauernfeind_etal_2013_Table1,Bauernfeind et al. (2013) Table 1,10.1016/j.jhevol.2012.12.003,Selected_collection,2013,85,85,0,sole source,1,Selected_collection,1,1,2013
Indri indri,Granular_insular_cortex_Vol.mm3,Bauernfeind_etal_2013_Table1,Bauernfeind et al. (2013) Table 1,10.1016/j.jhevol.2012.12.003,NA,NA,NA,100,NA,"derived both-hemisphere value (step 7: left+right, or 2x a one-side measurement); cite this source for the one-side figure",NA,Selected_collection,1,1,2013
Indri indri,Granular_insular_cortex_left_Vol.mm3,Bauernfeind_etal_2013_Table1,Bauernfeind et al. (2013) Table 1,10.1016/j.jhevol.2012.12.003,Selected_collection,2013,50,50,0,sole source,1,Selected_collection,1,1,2013
Indri indri,Hippocampus_Vol.mm3,Stephan_etal_1981_TableV,Stephan et al. (1981) Table V,10.1159/000155963,Selected_collection,1981,1520,1520,0,sole source,1,Selected_collection,1,1,1981
Indri indri,Insula_Vol.mm3,Bauernfeind_etal_2013_Table1,Bauernfeind et al. (2013) Table 1,10.1016/j.jhevol.2012.12.003,NA,NA,NA,334,NA,"derived both-hemisphere value (step 7: left+right, or 2x a one-side measurement); cite this source for the one-side figure",NA,Selected_collection,1,1,2013
Indri indri,Insula_left_Vol.mm3,Bauernfeind_etal_2013_Table1,Bauernfeind et al. (2013) Table 1,10.1016/j.jhevol.2012.12.003,Selected_collection,2013,167,167,0,sole source,1,Selected_collection,1,1,2013
Indri indri,Interpositus_cerebellar_nuclei_Vol.mm3,Matano_etal_1985_a_Table1,Matano et al. (1985) Table 1,10.1159/000156212,Selected_collection,1985,46.96,46.96,0,sole source,1,Selected_collection,1,1,1985
Indri indri,Lateral_cerebellar_nuclei_Vol.mm3,Matano_etal_1985_a_Table1,Matano et al. (1985) Table 1,10.1159/000156212,Selected_collection,1985,56.31,56.31,0,sole source,1,Selected_collection,1,1,1985
Indri indri,Lobus_piriformis_Vol.mm3,Stephan_etal_1981_TableV,Stephan et al. (1981) Table V,10.1159/000155963,Selected_collection,1981,838,838,0,sole source,1,Selected_collection,1,1,1981
Indri indri,Medial_cerebellar_nuclei_Vol.mm3,Matano_etal_1985_a_Table1,Matano et al. (1985) Table 1,10.1159/000156212,Selected_collection,1985,38.03,38.03,0,sole source,1,Selected_collection,1,1,1985
Indri indri,Medulla_oblongata_Vol.mm3,Stephan_etal_1981_TableII,Stephan et al. (1981) Table II,10.1159/000155963,Selected_collection,1981,1342,1342,0,sole source,1,Selected_collection,1,1,1981
Indri indri,Mesencephalon_Vol.mm3,Stephan_etal_1981_TableII,Stephan et al. (1981) Table II,10.1159/000155963,Selected_collection,1981,978,978,0,sole source,1,Selected_collection,1,1,1981
Indri indri,Neocortex_Vol.mm3,Frahm_etal_1982_Table2,Frahm et al. (1982) Table 2,PMID:7161477,Selected_collection,1982,20114,20114,0,sole source,1,Selected_collection,1,1,1982
Indri indri,Neocortex_grey_matter_Vol.mm3,Frahm_etal_1982_Table2,Frahm et al. (1982) Table 2,PMID:7161477,Selected_collection,1982,15891,15891,0,sole source,1,Selected_collection,1,1,1982
Indri indri,Neocortex_lamina_1_Vol.mm3,Frahm_etal_1982_Table2,Frahm et al. (1982) Table 2,PMID:7161477,Selected_collection,1982,2702,2702,0,sole source,1,Selected_collection,1,1,1982
Indri indri,Neocortex_laminae_2_6_Vol.mm3,Frahm_etal_1982_Table2,Frahm et al. (1982) Table 2,PMID:7161477,Selected_collection,1982,13189,13189,0,sole source,1,Selected_collection,1,1,1982
Indri indri,Neocortex_white_matter_Vol.mm3,Frahm_etal_1982_Table2,Frahm et al. (1982) Table 2,PMID:7161477,Selected_collection,1982,4223,4223,0,sole source,1,Selected_collection,1,1,1982
Indri indri,Nucleus_habenularis_medialis_Vol.mm3,Stephan_etal_1981_TableXV,Stephan et al. (1981) Table XV,10.1159/000155963,Selected_collection,1981,7.15,7.15,0,sole source,1,Selected_collection,1,1,1981
Indri indri,Nucleus_septalis_triangularis_Vol.mm3,Stephan_etal_1981_TableXV,Stephan et al. (1981) Table XV,10.1159/000155963,Selected_collection,1981,4.96,4.96,0,sole source,1,Selected_collection,1,1,1981
Indri indri,Nucleus_vestibularis_descendens_Vol.mm3,Matano__1986_TableI,Matano (1986) Table I,10.1159/000156277,NA,NA,NA,23.6,NA,"derived both-hemisphere value (step 7: left+right, or 2x a one-side measurement); cite this source for the one-side figure",NA,Selected_collection,1,1,1986
Indri indri,Nucleus_vestibularis_descendens_unilateral_Vol.mm3,Matano__1986_TableI,Matano (1986) Table I,10.1159/000156277,Selected_collection,1986,11.8,11.8,0,sole source,1,Selected_collection,1,1,1986
Indri indri,Nucleus_vestibularis_lateralis_Vol.mm3,Matano__1986_TableI,Matano (1986) Table I,10.1159/000156277,NA,NA,NA,19.02,NA,"derived both-hemisphere value (step 7: left+right, or 2x a one-side measurement); cite this source for the one-side figure",NA,Selected_collection,1,1,1986
Indri indri,Nucleus_vestibularis_lateralis_unilateral_Vol.mm3,Matano__1986_TableI,Matano (1986) Table I,10.1159/000156277,Selected_collection,1986,9.51,9.51,0,sole source,1,Selected_collection,1,1,1986
Indri indri,Nucleus_vestibularis_medialis_Vol.mm3,Matano__1986_TableI,Matano (1986) Table I,10.1159/000156277,NA,NA,NA,44.4,NA,"derived both-hemisphere value (step 7: left+right, or 2x a one-side measurement); cite this source for the one-side figure",NA,Selected_collection,1,1,1986
Indri indri,Nucleus_vestibularis_medialis_unilateral_Vol.mm3,Matano__1986_TableI,Matano (1986) Table I,10.1159/000156277,Selected_collection,1986,22.2,22.2,0,sole source,1,Selected_collection,1,1,1986
Indri indri,Nucleus_vestibularis_superior_Vol.mm3,Matano__1986_TableI,Matano (1986) Table I,10.1159/000156277,NA,NA,NA,15.6,NA,"derived both-hemisphere value (step 7: left+right, or 2x a one-side measurement); cite this source for the one-side figure",NA,Selected_collection,1,1,1986
Indri indri,Nucleus_vestibularis_superior_unilateral_Vol.mm3,Matano__1986_TableI,Matano (1986) Table I,10.1159/000156277,Selected_collection,1986,7.8,7.8,0,sole source,1,Selected_collection,1,1,1986
Indri indri,Schizo_cortex_Vol.mm3,Stephan_etal_1981_TableV,Stephan et al. (1981) Table V,10.1159/000155963,Selected_collection,1981,848,848,0,sole source,1,Selected_collection,1,1,1981
Indri indri,Septum_Vol.mm3,Stephan_etal_1981_TableV,Stephan et al. (1981) Table V,10.1159/000155963,Selected_collection,1981,205,205,0,sole source,1,Selected_collection,1,1,1981
Indri indri,Striatum_Vol.mm3,Stephan_etal_1981_TableV,Stephan et al. (1981) Table V,10.1159/000155963,Selected_collection,1981,1855,1855,0,sole source,1,Selected_collection,1,1,1981
Indri indri,Telencephalon_Vol.mm3,Stephan_etal_1981_TableII,Stephan et al. (1981) Table II,10.1159/000155963,Selected_collection,1981,25551,25551,0,sole source,1,Selected_collection,1,1,1981
Indri indri,Total_brain_net_volume_Vol.mm3,Bauernfeind_etal_2013_Table1,Bauernfeind et al. (2013) Table 1,10.1016/j.jhevol.2012.12.003,Selected_collection,2013,32481,32481,0,sole source,1,Selected_collection,1,1,2013
Indri indri,Ventral_pons_Vol.mm3,Matano_etal_1985_b_Table1,Matano et al. (1985) Table 1,10.1159/000156211,Selected_collection,1985,186.3,186.3,0,sole source,1,Selected_collection,1,1,1985
Indri indri,Ventricles_Vol.mm3,Stephan_etal_1981_TableII,Stephan et al. (1981) Table II,10.1159/000155963,Selected_collection,1981,330,330,0,sole source,1,Selected_collection,1,1,1981
Lagothrix lagothricha,Area_striata_Vol.mm3,Frahm_etal_1984_Table1,Frahm et al. (1984) Table 1,PMID:6501869,Selected_collection,1984,6082,6082,0,sole source,1,Selected_collection,1,1,1984
Lagothrix lagothricha,Area_striata_grey_matter_Vol.mm3,Frahm_etal_1984_Table1,Frahm et al. (1984) Table 1,PMID:6501869,Selected_collection,1984,4856,4856,0,sole source,1,Selected_collection,1,1,1984
Lagothrix lagothricha,Area_striata_lamina_1_Vol.mm3,Frahm_etal_1984_Table1,Frahm et al. (1984) Table 1,PMID:6501869,Selected_collection,1984,604,604,0,sole source,1,Selected_collection,1,1,1984
Lagothrix lagothricha,Area_striata_laminae_2_6_Vol.mm3,Frahm_etal_1984_Table1,Frahm et al. (1984) Table 1,PMID:6501869,Selected_collection,1984,4252,4252,0,sole source,1,Selected_collection,1,1,1984
Lagothrix lagothricha,Area_striata_white_matter_Vol.mm3,Frahm_etal_1984_Table1,Frahm et al. (1984) Table 1,PMID:6501869,Selected_collection,1984,1226,1226,0,sole source,1,Selected_collection,1,1,1984
Lagothrix lagothricha,Body_Mass.g,Stephan_etal_1981_TableIII,Stephan et al. (1981) Table III,10.1159/000155963,Selected_collection,1981,5200,5200,0,reference table used (mass rule: other sources not averaged in),1,Selected_collection,1,1,1981
Lagothrix lagothricha,Brain_Mass.mg,Stephan_etal_1981_TableIII,Stephan et al. (1981) Table III,10.1159/000155963,Selected_collection,1981,101000,101000,0,reference table used (mass rule: other sources not averaged in),1,Selected_collection,1,1,1981
Lagothrix lagothricha,Bulbus_olfactorius_Vol.mm3,Stephan_etal_1981_TableVI,Stephan et al. (1981) Table VI,10.1159/000155963,Selected_collection,1981,73.4,73.4,0,sole source,1,Selected_collection,1,1,1981
Lagothrix lagothricha,Bulbus_olfactorius_accessorius_Vol.mm3,Stephan_etal_1981_TableVI,Stephan et al. (1981) Table VI,10.1159/000155963,Selected_collection,1981,1.43,1.43,0,sole source,1,Selected_collection,1,1,1981
Lagothrix lagothricha,Capsula_interna_Vol.mm3,Stephan_etal_1981_TableVIII,Stephan et al. (1981) Table VIII,10.1159/000155963,Selected_collection,1981,612,612,0,sole source,1,Selected_collection,1,1,1981
Lagothrix lagothricha,Cerebellar_nuclei_total_Vol.mm3,Matano_etal_1985_a_Table1,Matano et al. (1985) Table 1,10.1159/000156212,Selected_collection,1985,212.95,212.95,0,sole source,1,Selected_collection,1,1,1985
Lagothrix lagothricha,Cerebellum_Vol.mm3,Stephan_etal_1981_TableIII,Stephan et al. (1981) Table III,10.1159/000155963,Selected_collection,1981,11268,11268,0,sole source,1,Selected_collection,1,1,1981
Lagothrix lagothricha,Complexus_vestibularis_Vol.mm3,Matano__1986_TableI,Matano (1986) Table I,10.1159/000156277,NA,NA,NA,106.2,NA,"derived both-hemisphere value (step 7: left+right, or 2x a one-side measurement); cite this source for the one-side figure",NA,Selected_collection,1,1,1986
Lagothrix lagothricha,Complexus_vestibularis_unilateral_Vol.mm3,Matano__1986_TableI,Matano (1986) Table I,10.1159/000156277,Selected_collection,1986,53.1,53.1,0,sole source,1,Selected_collection,1,1,1986
Lagothrix lagothricha,Corpus_geniculatum_laterale_Vol.mm3,Stephan_etal_1984_Table1,Stephan et al. (1984) Table 1,PMID:6481154,Selected_collection,1984,164,164,0,sole source,1,Selected_collection,1,1,1984
Lagothrix lagothricha,Corpus_pineal_Vol.mm3,Stephan_etal_1981_TableXVI,Stephan et al. (1981) Table XVI,10.1159/000155963,Selected_collection,1981,10.6,10.6,0,sole source,1,Selected_collection,1,1,1981
Lagothrix lagothricha,Corpus_subcommissurale_Vol.mm3,Stephan_etal_1981_TableXVI,Stephan et al. (1981) Table XVI,10.1159/000155963,Selected_collection,1981,0.885,0.885,0,sole source,1,Selected_collection,1,1,1981
Lagothrix lagothricha,Corpus_subfornicale_Vol.mm3,Stephan_etal_1981_TableXVI,Stephan et al. (1981) Table XVI,10.1159/000155963,Selected_collection,1981,0.583,0.583,0,sole source,1,Selected_collection,1,1,1981
Lagothrix lagothricha,Diencephalon_Vol.mm3,Stephan_etal_1981_TableIII,Stephan et al. (1981) Table III,10.1159/000155963,Selected_collection,1981,5721,5721,0,sole source,1,Selected_collection,1,1,1981
Lagothrix lagothricha,Epithalamus_Vol.mm3,Stephan_etal_1981_TableVIII,Stephan et al. (1981) Table VIII,10.1159/000155963,Selected_collection,1981,31,31,0,sole source,1,Selected_collection,1,1,1981
Lagothrix lagothricha,Hippocampus_Vol.mm3,Stephan_etal_1981_TableVI,Stephan et al. (1981) Table VI,10.1159/000155963,Selected_collection,1981,1586,1586,0,sole source,1,Selected_collection,1,1,1981
Lagothrix lagothricha,Hypothalamus_Vol.mm3,Stephan_etal_1981_TableVIII,Stephan et al. (1981) Table VIII,10.1159/000155963,Selected_collection,1981,624,624,0,sole source,1,Selected_collection,1,1,1981
Lagothrix lagothricha,Interpositus_cerebellar_nuclei_Vol.mm3,Matano_etal_1985_a_Table1,Matano et al. (1985) Table 1,10.1159/000156212,Selected_collection,1985,60.23,60.23,0,sole source,1,Selected_collection,1,1,1985
Lagothrix lagothricha,Lateral_cerebellar_nuclei_Vol.mm3,Matano_etal_1985_a_Table1,Matano et al. (1985) Table 1,10.1159/000156212,Selected_collection,1985,108.57,108.57,0,sole source,1,Selected_collection,1,1,1985
Lagothrix lagothricha,Lobus_piriformis_Vol.mm3,Stephan_etal_1981_TableVI,Stephan et al. (1981) Table VI,10.1159/000155963,Selected_collection,1981,1395,1395,0,sole source,1,Selected_collection,1,1,1981
Lagothrix lagothricha,Medial_cerebellar_nuclei_Vol.mm3,Matano_etal_1985_a_Table1,Matano et al. (1985) Table 1,10.1159/000156212,Selected_collection,1985,44.15,44.15,0,sole source,1,Selected_collection,1,1,1985
Lagothrix lagothricha,Medulla_oblongata_Vol.mm3,Stephan_etal_1981_TableIII,Stephan et al. (1981) Table III,10.1159/000155963,Selected_collection,1981,2110,2110,0,sole source,1,Selected_collection,1,1,1981
Lagothrix lagothricha,Mesencephalon_Vol.mm3,Stephan_etal_1981_TableIII,Stephan et al. (1981) Table III,10.1159/000155963,Selected_collection,1981,1582,1582,0,sole source,1,Selected_collection,1,1,1981
Lagothrix lagothricha,Neocortex_Vol.mm3,Frahm_etal_1982_Table2,Frahm et al. (1982) Table 2,PMID:7161477,Selected_collection,1982,65873,65873,0,sole source,1,Selected_collection,1,1,1982
Lagothrix lagothricha,Neocortex_grey_matter_Vol.mm3,Frahm_etal_1982_Table2,Frahm et al. (1982) Table 2,PMID:7161477,Selected_collection,1982,49147,49147,0,sole source,1,Selected_collection,1,1,1982
Lagothrix lagothricha,Neocortex_lamina_1_Vol.mm3,Frahm_etal_1982_Table2,Frahm et al. (1982) Table 2,PMID:7161477,Selected_collection,1982,7664,7664,0,sole source,1,Selected_collection,1,1,1982
Lagothrix lagothricha,Neocortex_laminae_2_6_Vol.mm3,Frahm_etal_1982_Table2,Frahm et al. (1982) Table 2,PMID:7161477,Selected_collection,1982,41483,41483,0,sole source,1,Selected_collection,1,1,1982
Lagothrix lagothricha,Neocortex_white_matter_Vol.mm3,Frahm_etal_1982_Table2,Frahm et al. (1982) Table 2,PMID:7161477,Selected_collection,1982,16727,16727,0,sole source,1,Selected_collection,1,1,1982
Lagothrix lagothricha,Nucleus_habenularis_medialis_Vol.mm3,Stephan_etal_1981_TableXVI,Stephan et al. (1981) Table XVI,10.1159/000155963,Selected_collection,1981,7.01,7.01,0,sole source,1,Selected_collection,1,1,1981
Lagothrix lagothricha,Nucleus_septalis_triangularis_Vol.mm3,Stephan_etal_1981_TableXVI,Stephan et al. (1981) Table XVI,10.1159/000155963,Selected_collection,1981,2.6,2.6,0,sole source,1,Selected_collection,1,1,1981
Lagothrix lagothricha,Nucleus_subthalamicus_Vol.mm3,Stephan_etal_1981_TableVIII,Stephan et al. (1981) Table VIII,10.1159/000155963,Selected_collection,1981,63.8,63.8,0,sole source,1,Selected_collection,1,1,1981
Lagothrix lagothricha,Nucleus_vestibularis_descendens_Vol.mm3,Matano__1986_TableI,Matano (1986) Table I,10.1159/000156277,NA,NA,NA,28.2,NA,"derived both-hemisphere value (step 7: left+right, or 2x a one-side measurement); cite this source for the one-side figure",NA,Selected_collection,1,1,1986
Lagothrix lagothricha,Nucleus_vestibularis_descendens_unilateral_Vol.mm3,Matano__1986_TableI,Matano (1986) Table I,10.1159/000156277,Selected_collection,1986,14.1,14.1,0,sole source,1,Selected_collection,1,1,1986
Lagothrix lagothricha,Nucleus_vestibularis_lateralis_Vol.mm3,Matano__1986_TableI,Matano (1986) Table I,10.1159/000156277,NA,NA,NA,13.88,NA,"derived both-hemisphere value (step 7: left+right, or 2x a one-side measurement); cite this source for the one-side figure",NA,Selected_collection,1,1,1986
Lagothrix lagothricha,Nucleus_vestibularis_lateralis_unilateral_Vol.mm3,Matano__1986_TableI,Matano (1986) Table I,10.1159/000156277,Selected_collection,1986,6.94,6.94,0,sole source,1,Selected_collection,1,1,1986
Lagothrix lagothricha,Nucleus_vestibularis_medialis_Vol.mm3,Matano__1986_TableI,Matano (1986) Table I,10.1159/000156277,NA,NA,NA,46,NA,"derived both-hemisphere value (step 7: left+right, or 2x a one-side measurement); cite this source for the one-side figure",NA,Selected_collection,1,1,1986
Lagothrix lagothricha,Nucleus_vestibularis_medialis_unilateral_Vol.mm3,Matano__1986_TableI,Matano (1986) Table I,10.1159/000156277,Selected_collection,1986,23,23,0,sole source,1,Selected_collection,1,1,1986
Lagothrix lagothricha,Nucleus_vestibularis_superior_Vol.mm3,Matano__1986_TableI,Matano (1986) Table I,10.1159/000156277,NA,NA,NA,18.14,NA,"derived both-hemisphere value (step 7: left+right, or 2x a one-side measurement); cite this source for the one-side figure",NA,Selected_collection,1,1,1986
Lagothrix lagothricha,Nucleus_vestibularis_superior_unilateral_Vol.mm3,Matano__1986_TableI,Matano (1986) Table I,10.1159/000156277,Selected_collection,1986,9.07,9.07,0,sole source,1,Selected_collection,1,1,1986
Lagothrix lagothricha,Pallidum_Vol.mm3,Stephan_etal_1981_TableVIII,Stephan et al. (1981) Table VIII,10.1159/000155963,Selected_collection,1981,845,845,0,sole source,1,Selected_collection,1,1,1981
Lagothrix lagothricha,Schizo_cortex_Vol.mm3,Stephan_etal_1981_TableVI,Stephan et al. (1981) Table VI,10.1159/000155963,Selected_collection,1981,680,680,0,sole source,1,Selected_collection,1,1,1981
Lagothrix lagothricha,Septum_Vol.mm3,Stephan_etal_1981_TableVI,Stephan et al. (1981) Table VI,10.1159/000155963,Selected_collection,1981,266,266,0,sole source,1,Selected_collection,1,1,1981
Lagothrix lagothricha,Striatum_Vol.mm3,Stephan_etal_1981_TableVI,Stephan et al. (1981) Table VI,10.1159/000155963,Selected_collection,1981,4947,4947,0,sole source,1,Selected_collection,1,1,1981
Lagothrix lagothricha,Subthalamus_Vol.mm3,Stephan_etal_1981_TableVIII,Stephan et al. (1981) Table VIII,10.1159/000155963,Selected_collection,1981,909,909,0,sole source,1,Selected_collection,1,1,1981
Lagothrix lagothricha,Telencephalon_Vol.mm3,Stephan_etal_1981_TableIII,Stephan et al. (1981) Table III,10.1159/000155963,Selected_collection,1981,74822,74822,0,sole source,1,Selected_collection,1,1,1981
Lagothrix lagothricha,Thalamus_Vol.mm3,Stephan_etal_1981_TableVIII,Stephan et al. (1981) Table VIII,10.1159/000155963,Selected_collection,1981,2959,2959,0,sole source,1,Selected_collection,1,1,1981
Lagothrix lagothricha,Total_brain_net_volume_Vol.mm3,Stephan_etal_1981_TableIII,Stephan et al. (1981) Table III,10.1159/000155963,Selected_collection,1981,95503,95503,0,sole source,1,Selected_collection,1,1,1981
Lagothrix lagothricha,Tractus_opticus_Vol.mm3,Stephan_etal_1981_TableVIII,Stephan et al. (1981) Table VIII,10.1159/000155963,Selected_collection,1981,203,203,0,sole source,1,Selected_collection,1,1,1981
Lagothrix lagothricha,Ventral_pons_Vol.mm3,Matano_etal_1985_b_Table1,Matano et al. (1985) Table 1,10.1159/000156211,Selected_collection,1985,725.6,725.6,0,sole source,1,Selected_collection,1,1,1985
Lagothrix lagothricha,Ventricles_Vol.mm3,Stephan_etal_1981_TableIII,Stephan et al. (1981) Table III,10.1159/000155963,Selected_collection,1981,1090,1090,0,sole source,1,Selected_collection,1,1,1981
Leontopithecus rosalia,Agranular_insular_cortex_Vol.mm3,Bauernfeind_etal_2013_Table1,Bauernfeind et al. (2013) Table 1,10.1016/j.jhevol.2012.12.003,NA,NA,NA,24,NA,"derived both-hemisphere value (step 7: left+right, or 2x a one-side measurement); cite this source for the one-side figure",NA,Selected_collection,1,1,2013
Leontopithecus rosalia,Agranular_insular_cortex_left_Vol.mm3,Bauernfeind_etal_2013_Table1,Bauernfeind et al. (2013) Table 1,10.1016/j.jhevol.2012.12.003,Selected_collection,2013,12,12,0,sole source,1,Selected_collection,1,1,2013
Leontopithecus rosalia,Body_Mass.g,Bauernfeind_etal_2013_Table1,Bauernfeind et al. (2013) Table 1,10.1016/j.jhevol.2012.12.003,Selected_collection,2013,598,598,0,reference table used (mass rule: other sources not averaged in),1,Selected_collection,1,1,2013
Leontopithecus rosalia,Brain_Mass.mg,Bauernfeind_etal_2013_Table1,Bauernfeind et al. (2013) Table 1,10.1016/j.jhevol.2012.12.003,Selected_collection,2013,12.7,12.7,0,reference table used (mass rule: other sources not averaged in),1,Selected_collection,1,1,2013
Leontopithecus rosalia,Dysgranular_insular_cortex_Vol.mm3,Bauernfeind_etal_2013_Table1,Bauernfeind et al. (2013) Table 1,10.1016/j.jhevol.2012.12.003,NA,NA,NA,42,NA,"derived both-hemisphere value (step 7: left+right, or 2x a one-side measurement); cite this source for the one-side figure",NA,Selected_collection,1,1,2013
Leontopithecus rosalia,Dysgranular_insular_cortex_left_Vol.mm3,Bauernfeind_etal_2013_Table1,Bauernfeind et al. (2013) Table 1,10.1016/j.jhevol.2012.12.003,Selected_collection,2013,21,21,0,sole source,1,Selected_collection,1,1,2013
Leontopithecus rosalia,Granular_insular_cortex_Vol.mm3,Bauernfeind_etal_2013_Table1,Bauernfeind et al. (2013) Table 1,10.1016/j.jhevol.2012.12.003,NA,NA,NA,8,NA,"derived both-hemisphere value (step 7: left+right, or 2x a one-side measurement); cite this source for the one-side figure",NA,Selected_collection,1,1,2013
Leontopithecus rosalia,Granular_insular_cortex_left_Vol.mm3,Bauernfeind_etal_2013_Table1,Bauernfeind et al. (2013) Table 1,10.1016/j.jhevol.2012.12.003,Selected_collection,2013,4,4,0,sole source,1,Selected_collection,1,1,2013
Leontopithecus rosalia,Insula_Vol.mm3,Bauernfeind_etal_2013_Table1,Bauernfeind et al. (2013) Table 1,10.1016/j.jhevol.2012.12.003,NA,NA,NA,74,NA,"derived both-hemisphere value (step 7: left+right, or 2x a one-side measurement); cite this source for the one-side figure",NA,Selected_collection,1,1,2013
Leontopithecus rosalia,Insula_left_Vol.mm3,Bauernfeind_etal_2013_Table1,Bauernfeind et al. (2013) Table 1,10.1016/j.jhevol.2012.12.003,Selected_collection,2013,37,37,0,sole source,1,Selected_collection,1,1,2013
Leontopithecus rosalia,Total_brain_net_volume_Vol.mm3,Bauernfeind_etal_2013_Table1,Bauernfeind et al. (2013) Table 1,10.1016/j.jhevol.2012.12.003,Selected_collection,2013,12259,12259,0,sole source,1,Selected_collection,1,1,2013
Lepilemur ruficaudatus,Amygdala_Vol.mm3,Stephan_etal_1981_TableXI,Stephan et al. (1981) Table XI,10.1159/000155963,Selected_collection,1981,133,133,0,sole source,1,Selected_collection,1,1,1981
Lepilemur ruficaudatus,Area_striata_Vol.mm3,Frahm_etal_1984_Table1,Frahm et al. (1984) Table 1,PMID:6501869,Selected_collection,1984,358,358,0,sole source,1,Selected_collection,1,1,1984
Lepilemur ruficaudatus,Area_striata_grey_matter_Vol.mm3,Frahm_etal_1984_Table1,Frahm et al. (1984) Table 1,PMID:6501869,Selected_collection,1984,326,326,0,sole source,1,Selected_collection,1,1,1984
Lepilemur ruficaudatus,Area_striata_lamina_1_Vol.mm3,Frahm_etal_1984_Table1,Frahm et al. (1984) Table 1,PMID:6501869,Selected_collection,1984,52.5,52.5,0,sole source,1,Selected_collection,1,1,1984
Lepilemur ruficaudatus,Area_striata_laminae_2_6_Vol.mm3,Frahm_etal_1984_Table1,Frahm et al. (1984) Table 1,PMID:6501869,Selected_collection,1984,274,274,0,sole source,1,Selected_collection,1,1,1984
Lepilemur ruficaudatus,Area_striata_white_matter_Vol.mm3,Frahm_etal_1984_Table1,Frahm et al. (1984) Table 1,PMID:6501869,Selected_collection,1984,31.4,31.4,0,sole source,1,Selected_collection,1,1,1984
Lepilemur ruficaudatus,Body_Mass.g,Stephan_etal_1981_TableII,Stephan et al. (1981) Table II,10.1159/000155963,Selected_collection,1981,915,915,0,reference table used (mass rule: other sources not averaged in),1,Selected_collection,1,1,1981
Lepilemur ruficaudatus,Brain_Mass.mg,Stephan_etal_1981_TableII,Stephan et al. (1981) Table II,10.1159/000155963,Selected_collection,1981,7600,7600,0,reference table used (mass rule: other sources not averaged in),1,Selected_collection,1,1,1981
Lepilemur ruficaudatus,Bulbus_olfactorius_Vol.mm3,Stephan_etal_1981_TableV,Stephan et al. (1981) Table V,10.1159/000155963,Selected_collection,1981,113,113,0,sole source,1,Selected_collection,1,1,1981
Lepilemur ruficaudatus,Bulbus_olfactorius_accessorius_Vol.mm3,Stephan_etal_1981_TableV,Stephan et al. (1981) Table V,10.1159/000155963,Selected_collection,1981,2.72,2.72,0,sole source,1,Selected_collection,1,1,1981
Lepilemur ruficaudatus,Capsula_interna_Vol.mm3,Stephan_etal_1981_TableVIII,Stephan et al. (1981) Table VIII,10.1159/000155963,Selected_collection,1981,63,63,0,sole source,1,Selected_collection,1,1,1981
Lepilemur ruficaudatus,Cerebellar_nuclei_total_Vol.mm3,Matano_etal_1985_a_Table1,Matano et al. (1985) Table 1,10.1159/000156212,Selected_collection,1985,23.07,23.07,0,sole source,1,Selected_collection,1,1,1985
Lepilemur ruficaudatus,Cerebellum_Vol.mm3,Stephan_etal_1981_TableII,Stephan et al. (1981) Table II,10.1159/000155963,Selected_collection,1981,1165,1165,0,sole source,1,Selected_collection,1,1,1981
Lepilemur ruficaudatus,Complexus_centromedialis_Vol.mm3,Stephan_etal_1981_TableXI,Stephan et al. (1981) Table XI,10.1159/000155963,Selected_collection,1981,42.5,42.5,0,sole source,1,Selected_collection,1,1,1981
Lepilemur ruficaudatus,Complexus_corticobasolateralis_Vol.mm3,Stephan_etal_1981_TableXI,Stephan et al. (1981) Table XI,10.1159/000155963,Selected_collection,1981,90.4,90.4,0,sole source,1,Selected_collection,1,1,1981
Lepilemur ruficaudatus,Complexus_vestibularis_Vol.mm3,Matano__1986_TableI,Matano (1986) Table I,10.1159/000156277,NA,NA,NA,29.8,NA,"derived both-hemisphere value (step 7: left+right, or 2x a one-side measurement); cite this source for the one-side figure",NA,Selected_collection,1,1,1986
Lepilemur ruficaudatus,Complexus_vestibularis_unilateral_Vol.mm3,Matano__1986_TableI,Matano (1986) Table I,10.1159/000156277,Selected_collection,1986,14.9,14.9,0,sole source,1,Selected_collection,1,1,1986
Lepilemur ruficaudatus,Corpus_geniculatum_laterale_Vol.mm3,Stephan_etal_1984_Table1,Stephan et al. (1984) Table 1,PMID:6481154,Selected_collection,1984,15.6,15.6,0,sole source,1,Selected_collection,1,1,1984
Lepilemur ruficaudatus,Corpus_pineal_Vol.mm3,Stephan_etal_1981_TableXV,Stephan et al. (1981) Table XV,10.1159/000155963,Selected_collection,1981,0.731,0.731,0,sole source,1,Selected_collection,1,1,1981
Lepilemur ruficaudatus,Corpus_subcommissurale_Vol.mm3,Stephan_etal_1981_TableXV,Stephan et al. (1981) Table XV,10.1159/000155963,Selected_collection,1981,0.132,0.132,0,sole source,1,Selected_collection,1,1,1981
Lepilemur ruficaudatus,Corpus_subfornicale_Vol.mm3,Stephan_etal_1981_TableXV,Stephan et al. (1981) Table XV,10.1159/000155963,Selected_collection,1981,0.121,0.121,0,sole source,1,Selected_collection,1,1,1981
Lepilemur ruficaudatus,Diencephalon_Vol.mm3,Stephan_etal_1981_TableII,Stephan et al. (1981) Table II,10.1159/000155963,Selected_collection,1981,593,593,0,sole source,1,Selected_collection,1,1,1981
Lepilemur ruficaudatus,Epithalamus_Vol.mm3,Stephan_etal_1981_TableVIII,Stephan et al. (1981) Table VIII,10.1159/000155963,Selected_collection,1981,4.89,4.89,0,sole source,1,Selected_collection,1,1,1981
Lepilemur ruficaudatus,Hippocampus_Vol.mm3,Stephan_etal_1981_TableV,Stephan et al. (1981) Table V,10.1159/000155963,Selected_collection,1981,392,392,0,sole source,1,Selected_collection,1,1,1981
Lepilemur ruficaudatus,Hypothalamus_Vol.mm3,Stephan_etal_1981_TableVIII,Stephan et al. (1981) Table VIII,10.1159/000155963,Selected_collection,1981,114,114,0,sole source,1,Selected_collection,1,1,1981
Lepilemur ruficaudatus,Interpositus_cerebellar_nuclei_Vol.mm3,Matano_etal_1985_a_Table1,Matano et al. (1985) Table 1,10.1159/000156212,Selected_collection,1985,6.41,6.41,0,sole source,1,Selected_collection,1,1,1985
Lepilemur ruficaudatus,Lateral_cerebellar_nuclei_Vol.mm3,Matano_etal_1985_a_Table1,Matano et al. (1985) Table 1,10.1159/000156212,Selected_collection,1985,9.35,9.35,0,sole source,1,Selected_collection,1,1,1985
Lepilemur ruficaudatus,Lobus_piriformis_Vol.mm3,Stephan_etal_1981_TableV,Stephan et al. (1981) Table V,10.1159/000155963,Selected_collection,1981,302,302,0,sole source,1,Selected_collection,1,1,1981
Lepilemur ruficaudatus,Medial_cerebellar_nuclei_Vol.mm3,Matano_etal_1985_a_Table1,Matano et al. (1985) Table 1,10.1159/000156212,Selected_collection,1985,7.31,7.31,0,sole source,1,Selected_collection,1,1,1985
Lepilemur ruficaudatus,Medulla_oblongata_Vol.mm3,Stephan_etal_1981_TableII,Stephan et al. (1981) Table II,10.1159/000155963,Selected_collection,1981,449,449,0,sole source,1,Selected_collection,1,1,1981
Lepilemur ruficaudatus,Mesencephalon_Vol.mm3,Stephan_etal_1981_TableII,Stephan et al. (1981) Table II,10.1159/000155963,Selected_collection,1981,260,260,0,sole source,1,Selected_collection,1,1,1981
Lepilemur ruficaudatus,Neocortex_Vol.mm3,Frahm_etal_1982_Table2,Frahm et al. (1982) Table 2,PMID:7161477,Selected_collection,1982,3282,3282,0,sole source,1,Selected_collection,1,1,1982
Lepilemur ruficaudatus,Neocortex_grey_matter_Vol.mm3,Frahm_etal_1982_Table2,Frahm et al. (1982) Table 2,PMID:7161477,Selected_collection,1982,2805,2805,0,sole source,1,Selected_collection,1,1,1982
Lepilemur ruficaudatus,Neocortex_lamina_1_Vol.mm3,Frahm_etal_1982_Table2,Frahm et al. (1982) Table 2,PMID:7161477,Selected_collection,1982,488.6,488.6,0,sole source,1,Selected_collection,1,1,1982
Lepilemur ruficaudatus,Neocortex_laminae_2_6_Vol.mm3,Frahm_etal_1982_Table2,Frahm et al. (1982) Table 2,PMID:7161477,Selected_collection,1982,2317,2317,0,sole source,1,Selected_collection,1,1,1982
Lepilemur ruficaudatus,Neocortex_white_matter_Vol.mm3,Frahm_etal_1982_Table2,Frahm et al. (1982) Table 2,PMID:7161477,Selected_collection,1982,476.6,476.6,0,sole source,1,Selected_collection,1,1,1982
Lepilemur ruficaudatus,Nucleus_amygdalae_basalis_pars_magnocellularis_Vol.mm3,Stephan_etal_1981_TableXI,Stephan et al. (1981) Table XI,10.1159/000155963,Selected_collection,1981,7.18,7.18,0,sole source,1,Selected_collection,1,1,1981
Lepilemur ruficaudatus,Nucleus_habenularis_medialis_Vol.mm3,Stephan_etal_1981_TableXV,Stephan et al. (1981) Table XV,10.1159/000155963,Selected_collection,1981,1.75,1.75,0,sole source,1,Selected_collection,1,1,1981
Lepilemur ruficaudatus,Nucleus_septalis_triangularis_Vol.mm3,Stephan_etal_1981_TableXV,Stephan et al. (1981) Table XV,10.1159/000155963,Selected_collection,1981,0.888,0.888,0,sole source,1,Selected_collection,1,1,1981
Lepilemur ruficaudatus,Nucleus_subthalamicus_Vol.mm3,Stephan_etal_1981_TableVIII,Stephan et al. (1981) Table VIII,10.1159/000155963,Selected_collection,1981,2.91,2.91,0,sole source,1,Selected_collection,1,1,1981
Lepilemur ruficaudatus,Nucleus_tractus_olfactorius_Vol.mm3,Stephan_etal_1981_TableXI,Stephan et al. (1981) Table XI,10.1159/000155963,Selected_collection,1981,0.624,0.624,0,sole source,1,Selected_collection,1,1,1981
Lepilemur ruficaudatus,Nucleus_vestibularis_descendens_Vol.mm3,Matano__1986_TableI,Matano (1986) Table I,10.1159/000156277,NA,NA,NA,8.94,NA,"derived both-hemisphere value (step 7: left+right, or 2x a one-side measurement); cite this source for the one-side figure",NA,Selected_collection,1,1,1986
Lepilemur ruficaudatus,Nucleus_vestibularis_descendens_unilateral_Vol.mm3,Matano__1986_TableI,Matano (1986) Table I,10.1159/000156277,Selected_collection,1986,4.47,4.47,0,sole source,1,Selected_collection,1,1,1986
Lepilemur ruficaudatus,Nucleus_vestibularis_lateralis_Vol.mm3,Matano__1986_TableI,Matano (1986) Table I,10.1159/000156277,NA,NA,NA,4.76,NA,"derived both-hemisphere value (step 7: left+right, or 2x a one-side measurement); cite this source for the one-side figure",NA,Selected_collection,1,1,1986
Lepilemur ruficaudatus,Nucleus_vestibularis_lateralis_unilateral_Vol.mm3,Matano__1986_TableI,Matano (1986) Table I,10.1159/000156277,Selected_collection,1986,2.38,2.38,0,sole source,1,Selected_collection,1,1,1986
Lepilemur ruficaudatus,Nucleus_vestibularis_medialis_Vol.mm3,Matano__1986_TableI,Matano (1986) Table I,10.1159/000156277,NA,NA,NA,11.84,NA,"derived both-hemisphere value (step 7: left+right, or 2x a one-side measurement); cite this source for the one-side figure",NA,Selected_collection,1,1,1986
Lepilemur ruficaudatus,Nucleus_vestibularis_medialis_unilateral_Vol.mm3,Matano__1986_TableI,Matano (1986) Table I,10.1159/000156277,Selected_collection,1986,5.92,5.92,0,sole source,1,Selected_collection,1,1,1986
Lepilemur ruficaudatus,Nucleus_vestibularis_superior_Vol.mm3,Matano__1986_TableI,Matano (1986) Table I,10.1159/000156277,NA,NA,NA,4.22,NA,"derived both-hemisphere value (step 7: left+right, or 2x a one-side measurement); cite this source for the one-side figure",NA,Selected_collection,1,1,1986
Lepilemur ruficaudatus,Nucleus_vestibularis_superior_unilateral_Vol.mm3,Matano__1986_TableI,Matano (1986) Table I,10.1159/000156277,Selected_collection,1986,2.11,2.11,0,sole source,1,Selected_collection,1,1,1986
Lepilemur ruficaudatus,Palaeocortex_Vol.mm3,Stephan_etal_1981_TableXI,Stephan et al. (1981) Table XI,10.1159/000155963,Selected_collection,1981,170,170,0,sole source,1,Selected_collection,1,1,1981
Lepilemur ruficaudatus,Pallidum_Vol.mm3,Stephan_etal_1981_TableVIII,Stephan et al. (1981) Table VIII,10.1159/000155963,Selected_collection,1981,55.2,55.2,0,sole source,1,Selected_collection,1,1,1981
Lepilemur ruficaudatus,Schizo_cortex_Vol.mm3,Stephan_etal_1981_TableV,Stephan et al. (1981) Table V,10.1159/000155963,Selected_collection,1981,194,194,0,sole source,1,Selected_collection,1,1,1981
Lepilemur ruficaudatus,Septum_Vol.mm3,Stephan_etal_1981_TableV,Stephan et al. (1981) Table V,10.1159/000155963,Selected_collection,1981,56.7,56.7,0,sole source,1,Selected_collection,1,1,1981
Lepilemur ruficaudatus,Striatum_Vol.mm3,Stephan_etal_1981_TableV,Stephan et al. (1981) Table V,10.1159/000155963,Selected_collection,1981,366,366,0,sole source,1,Selected_collection,1,1,1981
Lepilemur ruficaudatus,Subthalamus_Vol.mm3,Stephan_etal_1981_TableVIII,Stephan et al. (1981) Table VIII,10.1159/000155963,Selected_collection,1981,58.1,58.1,0,sole source,1,Selected_collection,1,1,1981
Lepilemur ruficaudatus,Telencephalon_Vol.mm3,Stephan_etal_1981_TableII,Stephan et al. (1981) Table II,10.1159/000155963,Selected_collection,1981,4708,4708,0,sole source,1,Selected_collection,1,1,1981
Lepilemur ruficaudatus,Thalamus_Vol.mm3,Stephan_etal_1981_TableVIII,Stephan et al. (1981) Table VIII,10.1159/000155963,Selected_collection,1981,337,337,0,sole source,1,Selected_collection,1,1,1981
Lepilemur ruficaudatus,Total_brain_net_volume_Vol.mm3,Stephan_etal_1981_TableII,Stephan et al. (1981) Table II,10.1159/000155963,Selected_collection,1981,7175,7175,0,sole source,1,Selected_collection,1,1,1981
Lepilemur ruficaudatus,Tractus_opticus_Vol.mm3,Stephan_etal_1981_TableVIII,Stephan et al. (1981) Table VIII,10.1159/000155963,Selected_collection,1981,20.7,20.7,0,sole source,1,Selected_collection,1,1,1981
Lepilemur ruficaudatus,Ventral_pons_Vol.mm3,Matano_etal_1985_b_Table1,Matano et al. (1985) Table 1,10.1159/000156211,Selected_collection,1985,26.2,26.2,0,sole source,1,Selected_collection,1,1,1985
Lepilemur ruficaudatus,Ventricles_Vol.mm3,Stephan_etal_1981_TableII,Stephan et al. (1981) Table II,10.1159/000155963,Selected_collection,1981,76.5,76.5,0,sole source,1,Selected_collection,1,1,1981
Lophocebus albigena,Agranular_insular_cortex_Vol.mm3,Bauernfeind_etal_2013_Table1,Bauernfeind et al. (2013) Table 1,10.1016/j.jhevol.2012.12.003,NA,NA,NA,190,NA,"derived both-hemisphere value (step 7: left+right, or 2x a one-side measurement); cite this source for the one-side figure",NA,Selected_collection,1,1,2013
Lophocebus albigena,Agranular_insular_cortex_left_Vol.mm3,Bauernfeind_etal_2013_Table1,Bauernfeind et al. (2013) Table 1,10.1016/j.jhevol.2012.12.003,Selected_collection,2013,95,95,0,sole source,1,Selected_collection,1,1,2013
Lophocebus albigena,Area_striata_Vol.mm3,Frahm_etal_1984_Table1,Frahm et al. (1984) Table 1,PMID:6501869,Selected_collection,1984,6831,6831,0,sole source,1,Selected_collection,1,1,1984
Lophocebus albigena,Area_striata_grey_matter_Vol.mm3,Frahm_etal_1984_Table1,Frahm et al. (1984) Table 1,PMID:6501869,Selected_collection,1984,5420,5420,0,sole source,1,Selected_collection,1,1,1984
Lophocebus albigena,Area_striata_white_matter_Vol.mm3,Frahm_etal_1984_Table1,Frahm et al. (1984) Table 1,PMID:6501869,Selected_collection,1984,1411,1411,0,sole source,1,Selected_collection,1,1,1984
Lophocebus albigena,Body_Mass.g,Stephan_etal_1981_TableIII,Stephan et al. (1981) Table III,10.1159/000155963,Selected_collection,1981,7900,7900,0,reference table used (mass rule: other sources not averaged in),1,Selected_collection,1,1,1981
Lophocebus albigena,Brain_Mass.mg,Stephan_etal_1981_TableIII,Stephan et al. (1981) Table III,10.1159/000155963,Selected_collection,1981,104000,104000,0,reference table used (mass rule: other sources not averaged in),1,Selected_collection,1,1,1981
Lophocebus albigena,Bulbus_olfactorius_Vol.mm3,Stephan_etal_1981_TableVI,Stephan et al. (1981) Table VI,10.1159/000155963,Selected_collection,1981,121,121,0,sole source,1,Selected_collection,1,1,1981
Lophocebus albigena,Bulbus_olfactorius_accessorius_Vol.mm3,Stephan_etal_1981_TableVI,Stephan et al. (1981) Table VI,10.1159/000155963,Selected_collection,1981,0,0,NA,sole source,1,Selected_collection,1,1,1981
Lophocebus albigena,Capsula_interna_Vol.mm3,Stephan_etal_1981_TableVIII,Stephan et al. (1981) Table VIII,10.1159/000155963,Selected_collection,1981,708,708,0,sole source,1,Selected_collection,1,1,1981
Lophocebus albigena,Cerebellar_nuclei_total_Vol.mm3,Matano_etal_1985_a_Table1,Matano et al. (1985) Table 1,10.1159/000156212,Selected_collection,1985,232.63,232.63,0,sole source,1,Selected_collection,1,1,1985
Lophocebus albigena,Cerebellum_Vol.mm3,Stephan_etal_1981_TableIII,Stephan et al. (1981) Table III,10.1159/000155963,Selected_collection,1981,10726,10726,0,sole source,1,Selected_collection,1,1,1981
Lophocebus albigena,Complexus_vestibularis_Vol.mm3,Matano__1986_TableI,Matano (1986) Table I,10.1159/000156277,NA,NA,NA,174,NA,"derived both-hemisphere value (step 7: left+right, or 2x a one-side measurement); cite this source for the one-side figure",NA,Selected_collection,1,1,1986
Lophocebus albigena,Complexus_vestibularis_unilateral_Vol.mm3,Matano__1986_TableI,Matano (1986) Table I,10.1159/000156277,Selected_collection,1986,87,87,0,sole source,1,Selected_collection,1,1,1986
Lophocebus albigena,Corpus_geniculatum_laterale_Vol.mm3,deSousa_etal_2013_Table1,deSousa et al. (2013) Table 1,10.1159/000346495,Selected_collection,2013,182,182,0,sole source,1,Selected_collection,1,1,2013
Lophocebus albigena,Corpus_pineal_Vol.mm3,Stephan_etal_1981_TableXVI,Stephan et al. (1981) Table XVI,10.1159/000155963,Selected_collection,1981,11.9,11.9,0,sole source,1,Selected_collection,1,1,1981
Lophocebus albigena,Corpus_subcommissurale_Vol.mm3,Stephan_etal_1981_TableXVI,Stephan et al. (1981) Table XVI,10.1159/000155963,Selected_collection,1981,0.233,0.233,0,sole source,1,Selected_collection,1,1,1981
Lophocebus albigena,Corpus_subfornicale_Vol.mm3,Stephan_etal_1981_TableXVI,Stephan et al. (1981) Table XVI,10.1159/000155963,Selected_collection,1981,0.658,0.658,0,sole source,1,Selected_collection,1,1,1981
Lophocebus albigena,Diencephalon_Vol.mm3,Stephan_etal_1981_TableIII,Stephan et al. (1981) Table III,10.1159/000155963,Selected_collection,1981,5351,5351,0,sole source,1,Selected_collection,1,1,1981
Lophocebus albigena,Dysgranular_insular_cortex_Vol.mm3,Bauernfeind_etal_2013_Table1,Bauernfeind et al. (2013) Table 1,10.1016/j.jhevol.2012.12.003,NA,NA,NA,540,NA,"derived both-hemisphere value (step 7: left+right, or 2x a one-side measurement); cite this source for the one-side figure",NA,Selected_collection,1,1,2013
Lophocebus albigena,Dysgranular_insular_cortex_left_Vol.mm3,Bauernfeind_etal_2013_Table1,Bauernfeind et al. (2013) Table 1,10.1016/j.jhevol.2012.12.003,Selected_collection,2013,270,270,0,sole source,1,Selected_collection,1,1,2013
Lophocebus albigena,Epithalamus_Vol.mm3,Stephan_etal_1981_TableVIII,Stephan et al. (1981) Table VIII,10.1159/000155963,Selected_collection,1981,27.9,27.9,0,sole source,1,Selected_collection,1,1,1981
Lophocebus albigena,Granular_insular_cortex_Vol.mm3,Bauernfeind_etal_2013_Table1,Bauernfeind et al. (2013) Table 1,10.1016/j.jhevol.2012.12.003,NA,NA,NA,342,NA,"derived both-hemisphere value (step 7: left+right, or 2x a one-side measurement); cite this source for the one-side figure",NA,Selected_collection,1,1,2013
Lophocebus albigena,Granular_insular_cortex_left_Vol.mm3,Bauernfeind_etal_2013_Table1,Bauernfeind et al. (2013) Table 1,10.1016/j.jhevol.2012.12.003,Selected_collection,2013,171,171,0,sole source,1,Selected_collection,1,1,2013
Lophocebus albigena,Hippocampus_Vol.mm3,Stephan_etal_1981_TableVI,Stephan et al. (1981) Table VI,10.1159/000155963,Selected_collection,1981,1485,1485,0,sole source,1,Selected_collection,1,1,1981
Lophocebus albigena,Hypothalamus_Vol.mm3,Stephan_etal_1981_TableVIII,Stephan et al. (1981) Table VIII,10.1159/000155963,Selected_collection,1981,681,681,0,sole source,1,Selected_collection,1,1,1981
Lophocebus albigena,Insula_Vol.mm3,Bauernfeind_etal_2013_Table1,Bauernfeind et al. (2013) Table 1,10.1016/j.jhevol.2012.12.003,NA,NA,NA,1072,NA,"derived both-hemisphere value (step 7: left+right, or 2x a one-side measurement); cite this source for the one-side figure",NA,Selected_collection,1,1,2013
Lophocebus albigena,Insula_left_Vol.mm3,Bauernfeind_etal_2013_Table1,Bauernfeind et al. (2013) Table 1,10.1016/j.jhevol.2012.12.003,Selected_collection,2013,536,536,0,sole source,1,Selected_collection,1,1,2013
Lophocebus albigena,Interpositus_cerebellar_nuclei_Vol.mm3,Matano_etal_1985_a_Table1,Matano et al. (1985) Table 1,10.1159/000156212,Selected_collection,1985,74.6,74.6,0,sole source,1,Selected_collection,1,1,1985
Lophocebus albigena,Lateral_cerebellar_nuclei_Vol.mm3,Matano_etal_1985_a_Table1,Matano et al. (1985) Table 1,10.1159/000156212,Selected_collection,1985,113.33,113.33,0,sole source,1,Selected_collection,1,1,1985
Lophocebus albigena,Lobus_piriformis_Vol.mm3,Stephan_etal_1981_TableVI,Stephan et al. (1981) Table VI,10.1159/000155963,Selected_collection,1981,1639,1639,0,sole source,1,Selected_collection,1,1,1981
Lophocebus albigena,Medial_cerebellar_nuclei_Vol.mm3,Matano_etal_1985_a_Table1,Matano et al. (1985) Table 1,10.1159/000156212,Selected_collection,1985,44.7,44.7,0,sole source,1,Selected_collection,1,1,1985
Lophocebus albigena,Medulla_oblongata_Vol.mm3,Stephan_etal_1981_TableIII,Stephan et al. (1981) Table III,10.1159/000155963,Selected_collection,1981,2708,2708,0,sole source,1,Selected_collection,1,1,1981
Lophocebus albigena,Mesencephalon_Vol.mm3,Stephan_etal_1981_TableIII,Stephan et al. (1981) Table III,10.1159/000155963,Selected_collection,1981,1770,1770,0,sole source,1,Selected_collection,1,1,1981
Lophocebus albigena,Neocortex_Vol.mm3,Stephan_etal_1981_TableVI,Stephan et al. (1981) Table VI,10.1159/000155963,Selected_collection,1981,68733,68733,0,sole source,1,Selected_collection,1,1,1981
Lophocebus albigena,Nucleus_habenularis_medialis_Vol.mm3,Stephan_etal_1981_TableXVI,Stephan et al. (1981) Table XVI,10.1159/000155963,Selected_collection,1981,6,6,0,sole source,1,Selected_collection,1,1,1981
Lophocebus albigena,Nucleus_septalis_triangularis_Vol.mm3,Stephan_etal_1981_TableXVI,Stephan et al. (1981) Table XVI,10.1159/000155963,Selected_collection,1981,1.69,1.69,0,sole source,1,Selected_collection,1,1,1981
Lophocebus albigena,Nucleus_subthalamicus_Vol.mm3,Stephan_etal_1981_TableVIII,Stephan et al. (1981) Table VIII,10.1159/000155963,Selected_collection,1981,52.4,52.4,0,sole source,1,Selected_collection,1,1,1981
Lophocebus albigena,Nucleus_vestibularis_descendens_Vol.mm3,Matano__1986_TableI,Matano (1986) Table I,10.1159/000156277,NA,NA,NA,50.4,NA,"derived both-hemisphere value (step 7: left+right, or 2x a one-side measurement); cite this source for the one-side figure",NA,Selected_collection,1,1,1986
Lophocebus albigena,Nucleus_vestibularis_descendens_unilateral_Vol.mm3,Matano__1986_TableI,Matano (1986) Table I,10.1159/000156277,Selected_collection,1986,25.2,25.2,0,sole source,1,Selected_collection,1,1,1986
Lophocebus albigena,Nucleus_vestibularis_lateralis_Vol.mm3,Matano__1986_TableI,Matano (1986) Table I,10.1159/000156277,NA,NA,NA,20,NA,"derived both-hemisphere value (step 7: left+right, or 2x a one-side measurement); cite this source for the one-side figure",NA,Selected_collection,1,1,1986
Lophocebus albigena,Nucleus_vestibularis_lateralis_unilateral_Vol.mm3,Matano__1986_TableI,Matano (1986) Table I,10.1159/000156277,Selected_collection,1986,10,10,0,sole source,1,Selected_collection,1,1,1986
Lophocebus albigena,Nucleus_vestibularis_medialis_Vol.mm3,Matano__1986_TableI,Matano (1986) Table I,10.1159/000156277,NA,NA,NA,71.2,NA,"derived both-hemisphere value (step 7: left+right, or 2x a one-side measurement); cite this source for the one-side figure",NA,Selected_collection,1,1,1986
Lophocebus albigena,Nucleus_vestibularis_medialis_unilateral_Vol.mm3,Matano__1986_TableI,Matano (1986) Table I,10.1159/000156277,Selected_collection,1986,35.6,35.6,0,sole source,1,Selected_collection,1,1,1986
Lophocebus albigena,Nucleus_vestibularis_superior_Vol.mm3,Matano__1986_TableI,Matano (1986) Table I,10.1159/000156277,NA,NA,NA,32.4,NA,"derived both-hemisphere value (step 7: left+right, or 2x a one-side measurement); cite this source for the one-side figure",NA,Selected_collection,1,1,1986
Lophocebus albigena,Nucleus_vestibularis_superior_unilateral_Vol.mm3,Matano__1986_TableI,Matano (1986) Table I,10.1159/000156277,Selected_collection,1986,16.2,16.2,0,sole source,1,Selected_collection,1,1,1986
Lophocebus albigena,Pallidum_Vol.mm3,Stephan_etal_1981_TableVIII,Stephan et al. (1981) Table VIII,10.1159/000155963,Selected_collection,1981,674,674,0,sole source,1,Selected_collection,1,1,1981
Lophocebus albigena,Schizo_cortex_Vol.mm3,Stephan_etal_1981_TableVI,Stephan et al. (1981) Table VI,10.1159/000155963,Selected_collection,1981,630,630,0,sole source,1,Selected_collection,1,1,1981
Lophocebus albigena,Septum_Vol.mm3,Stephan_etal_1981_TableVI,Stephan et al. (1981) Table VI,10.1159/000155963,Selected_collection,1981,294,294,0,sole source,1,Selected_collection,1,1,1981
Lophocebus albigena,Striatum_Vol.mm3,Stephan_etal_1981_TableVI,Stephan et al. (1981) Table VI,10.1159/000155963,Selected_collection,1981,4146,4146,0,sole source,1,Selected_collection,1,1,1981
Lophocebus albigena,Subthalamus_Vol.mm3,Stephan_etal_1981_TableVIII,Stephan et al. (1981) Table VIII,10.1159/000155963,Selected_collection,1981,726,726,0,sole source,1,Selected_collection,1,1,1981
Lophocebus albigena,Telencephalon_Vol.mm3,Stephan_etal_1981_TableIII,Stephan et al. (1981) Table III,10.1159/000155963,Selected_collection,1981,77049,77049,0,sole source,1,Selected_collection,1,1,1981
Lophocebus albigena,Thalamus_Vol.mm3,Stephan_etal_1981_TableVIII,Stephan et al. (1981) Table VIII,10.1159/000155963,Selected_collection,1981,2933,2933,0,sole source,1,Selected_collection,1,1,1981
Lophocebus albigena,Total_brain_net_volume_Vol.mm3,Bauernfeind_etal_2013_Table1,Bauernfeind et al. (2013) Table 1,10.1016/j.jhevol.2012.12.003,Selected_collection,2013,106660,106660,0,sole source,1,Selected_collection,1,1,2013
Lophocebus albigena,Tractus_opticus_Vol.mm3,Stephan_etal_1981_TableVIII,Stephan et al. (1981) Table VIII,10.1159/000155963,Selected_collection,1981,308,308,0,sole source,1,Selected_collection,1,1,1981
Lophocebus albigena,Ventral_pons_Vol.mm3,Matano_etal_1985_b_Table1,Matano et al. (1985) Table 1,10.1159/000156211,Selected_collection,1985,873.3,873.3,0,sole source,1,Selected_collection,1,1,1985
Lophocebus albigena,Ventricles_Vol.mm3,Stephan_etal_1981_TableIII,Stephan et al. (1981) Table III,10.1159/000155963,Selected_collection,1981,742,742,0,sole source,1,Selected_collection,1,1,1981
Loris tardigradus,Agranular_insular_cortex_Vol.mm3,Bauernfeind_etal_2013_Table1,Bauernfeind et al. (2013) Table 1,10.1016/j.jhevol.2012.12.003,NA,NA,NA,6,NA,"derived both-hemisphere value (step 7: left+right, or 2x a one-side measurement); cite this source for the one-side figure",NA,Selected_collection,1,1,2013
Loris tardigradus,Agranular_insular_cortex_left_Vol.mm3,Bauernfeind_etal_2013_Table1,Bauernfeind et al. (2013) Table 1,10.1016/j.jhevol.2012.12.003,Selected_collection,2013,3,3,0,sole source,1,Selected_collection,1,1,2013
Loris tardigradus,Area_striata_Vol.mm3,Frahm_etal_1984_Table1,Frahm et al. (1984) Table 1,PMID:6501869,Selected_collection,1984,588,588,0,sole source,1,Selected_collection,1,1,1984
Loris tardigradus,Area_striata_grey_matter_Vol.mm3,Frahm_etal_1984_Table1,Frahm et al. (1984) Table 1,PMID:6501869,Selected_collection,1984,529,529,0,sole source,1,Selected_collection,1,1,1984
Loris tardigradus,Area_striata_white_matter_Vol.mm3,Frahm_etal_1984_Table1,Frahm et al. (1984) Table 1,PMID:6501869,Selected_collection,1984,59.6,59.6,0,sole source,1,Selected_collection,1,1,1984
Loris tardigradus,Body_Mass.g,Stephan_etal_1981_TableII,Stephan et al. (1981) Table II,10.1159/000155963,Selected_collection,1981,322,322,0,reference table used (mass rule: other sources not averaged in),1,Selected_collection,1,1,1981
Loris tardigradus,Brain_Mass.mg,Stephan_etal_1981_TableII,Stephan et al. (1981) Table II,10.1159/000155963,Selected_collection,1981,6600,6600,0,reference table used (mass rule: other sources not averaged in),1,Selected_collection,1,1,1981
Loris tardigradus,Bulbus_olfactorius_Vol.mm3,Stephan_etal_1981_TableV,Stephan et al. (1981) Table V,10.1159/000155963,Selected_collection,1981,85.8,85.8,0,sole source,1,Selected_collection,1,1,1981
Loris tardigradus,Bulbus_olfactorius_accessorius_Vol.mm3,Stephan_etal_1981_TableV,Stephan et al. (1981) Table V,10.1159/000155963,Selected_collection,1981,2.3,2.3,0,sole source,1,Selected_collection,1,1,1981
Loris tardigradus,Capsula_interna_Vol.mm3,Stephan_etal_1981_TableVIII,Stephan et al. (1981) Table VIII,10.1159/000155963,Selected_collection,1981,46.3,46.3,0,sole source,1,Selected_collection,1,1,1981
Loris tardigradus,Cerebellar_nuclei_total_Vol.mm3,Matano_etal_1985_a_Table1,Matano et al. (1985) Table 1,10.1159/000156212,Selected_collection,1985,17.99,17.99,0,sole source,1,Selected_collection,1,1,1985
Loris tardigradus,Cerebellum_Vol.mm3,Stephan_etal_1981_TableII,Stephan et al. (1981) Table II,10.1159/000155963,Selected_collection,1981,728,728,0,sole source,1,Selected_collection,1,1,1981
Loris tardigradus,Complexus_vestibularis_Vol.mm3,Matano__1986_TableI,Matano (1986) Table I,10.1159/000156277,NA,NA,NA,16.92,NA,"derived both-hemisphere value (step 7: left+right, or 2x a one-side measurement); cite this source for the one-side figure",NA,Selected_collection,1,1,1986
Loris tardigradus,Complexus_vestibularis_unilateral_Vol.mm3,Matano__1986_TableI,Matano (1986) Table I,10.1159/000156277,Selected_collection,1986,8.46,8.46,0,sole source,1,Selected_collection,1,1,1986
Loris tardigradus,Corpus_geniculatum_laterale_Vol.mm3,Stephan_etal_1984_Table1,Stephan et al. (1984) Table 1,PMID:6481154,Selected_collection,1984,24.6,24.6,0,sole source,1,Selected_collection,1,1,1984
Loris tardigradus,Corpus_pineal_Vol.mm3,Stephan_etal_1981_TableXV,Stephan et al. (1981) Table XV,10.1159/000155963,Selected_collection,1981,0.335,0.335,0,sole source,1,Selected_collection,1,1,1981
Loris tardigradus,Corpus_subcommissurale_Vol.mm3,Stephan_etal_1981_TableXV,Stephan et al. (1981) Table XV,10.1159/000155963,Selected_collection,1981,0.103,0.103,0,sole source,1,Selected_collection,1,1,1981
Loris tardigradus,Corpus_subfornicale_Vol.mm3,Stephan_etal_1981_TableXV,Stephan et al. (1981) Table XV,10.1159/000155963,Selected_collection,1981,0.207,0.207,0,sole source,1,Selected_collection,1,1,1981
Loris tardigradus,Diencephalon_Vol.mm3,Stephan_etal_1981_TableII,Stephan et al. (1981) Table II,10.1159/000155963,Selected_collection,1981,538,538,0,sole source,1,Selected_collection,1,1,1981
Loris tardigradus,Dysgranular_insular_cortex_Vol.mm3,Bauernfeind_etal_2013_Table1,Bauernfeind et al. (2013) Table 1,10.1016/j.jhevol.2012.12.003,NA,NA,NA,12,NA,"derived both-hemisphere value (step 7: left+right, or 2x a one-side measurement); cite this source for the one-side figure",NA,Selected_collection,1,1,2013
Loris tardigradus,Dysgranular_insular_cortex_left_Vol.mm3,Bauernfeind_etal_2013_Table1,Bauernfeind et al. (2013) Table 1,10.1016/j.jhevol.2012.12.003,Selected_collection,2013,6,6,0,sole source,1,Selected_collection,1,1,2013
Loris tardigradus,Epithalamus_Vol.mm3,Stephan_etal_1981_TableVIII,Stephan et al. (1981) Table VIII,10.1159/000155963,Selected_collection,1981,3.21,3.21,0,sole source,1,Selected_collection,1,1,1981
Loris tardigradus,Granular_insular_cortex_Vol.mm3,Bauernfeind_etal_2013_Table1,Bauernfeind et al. (2013) Table 1,10.1016/j.jhevol.2012.12.003,NA,NA,NA,6,NA,"derived both-hemisphere value (step 7: left+right, or 2x a one-side measurement); cite this source for the one-side figure",NA,Selected_collection,1,1,2013
Loris tardigradus,Granular_insular_cortex_left_Vol.mm3,Bauernfeind_etal_2013_Table1,Bauernfeind et al. (2013) Table 1,10.1016/j.jhevol.2012.12.003,Selected_collection,2013,3,3,0,sole source,1,Selected_collection,1,1,2013
Loris tardigradus,Hippocampus_Vol.mm3,Stephan_etal_1981_TableV,Stephan et al. (1981) Table V,10.1159/000155963,Selected_collection,1981,191,191,0,sole source,1,Selected_collection,1,1,1981
Loris tardigradus,Hypothalamus_Vol.mm3,Stephan_etal_1981_TableVIII,Stephan et al. (1981) Table VIII,10.1159/000155963,Selected_collection,1981,80.9,80.9,0,sole source,1,Selected_collection,1,1,1981
Loris tardigradus,Insula_Vol.mm3,Bauernfeind_etal_2013_Table1,Bauernfeind et al. (2013) Table 1,10.1016/j.jhevol.2012.12.003,NA,NA,NA,24,NA,"derived both-hemisphere value (step 7: left+right, or 2x a one-side measurement); cite this source for the one-side figure",NA,Selected_collection,1,1,2013
Loris tardigradus,Insula_left_Vol.mm3,Bauernfeind_etal_2013_Table1,Bauernfeind et al. (2013) Table 1,10.1016/j.jhevol.2012.12.003,Selected_collection,2013,12,12,0,sole source,1,Selected_collection,1,1,2013
Loris tardigradus,Interpositus_cerebellar_nuclei_Vol.mm3,Matano_etal_1985_a_Table1,Matano et al. (1985) Table 1,10.1159/000156212,Selected_collection,1985,5.58,5.58,0,sole source,1,Selected_collection,1,1,1985
Loris tardigradus,Lateral_cerebellar_nuclei_Vol.mm3,Matano_etal_1985_a_Table1,Matano et al. (1985) Table 1,10.1159/000156212,Selected_collection,1985,5.76,5.76,0,sole source,1,Selected_collection,1,1,1985
Loris tardigradus,Lobus_piriformis_Vol.mm3,Stephan_etal_1981_TableV,Stephan et al. (1981) Table V,10.1159/000155963,Selected_collection,1981,256,256,0,sole source,1,Selected_collection,1,1,1981
Loris tardigradus,Medial_cerebellar_nuclei_Vol.mm3,Matano_etal_1985_a_Table1,Matano et al. (1985) Table 1,10.1159/000156212,Selected_collection,1985,6.65,6.65,0,sole source,1,Selected_collection,1,1,1985
Loris tardigradus,Medulla_oblongata_Vol.mm3,Stephan_etal_1981_TableII,Stephan et al. (1981) Table II,10.1159/000155963,Selected_collection,1981,233,233,0,sole source,1,Selected_collection,1,1,1981
Loris tardigradus,Mesencephalon_Vol.mm3,Stephan_etal_1981_TableII,Stephan et al. (1981) Table II,10.1159/000155963,Selected_collection,1981,220,220,0,sole source,1,Selected_collection,1,1,1981
Loris tardigradus,Neocortex_Vol.mm3,Stephan_etal_1981_TableV,Stephan et al. (1981) Table V,10.1159/000155963,Selected_collection,1981,3524,3524,0,sole source,1,Selected_collection,1,1,1981
Loris tardigradus,Nucleus_habenularis_medialis_Vol.mm3,Stephan_etal_1981_TableXV,Stephan et al. (1981) Table XV,10.1159/000155963,Selected_collection,1981,1.15,1.15,0,sole source,1,Selected_collection,1,1,1981
Loris tardigradus,Nucleus_septalis_triangularis_Vol.mm3,Stephan_etal_1981_TableXV,Stephan et al. (1981) Table XV,10.1159/000155963,Selected_collection,1981,0.822,0.822,0,sole source,1,Selected_collection,1,1,1981
Loris tardigradus,Nucleus_subthalamicus_Vol.mm3,Stephan_etal_1981_TableVIII,Stephan et al. (1981) Table VIII,10.1159/000155963,Selected_collection,1981,3.79,3.79,0,sole source,1,Selected_collection,1,1,1981
Loris tardigradus,Nucleus_vestibularis_descendens_Vol.mm3,Matano__1986_TableI,Matano (1986) Table I,10.1159/000156277,NA,NA,NA,4.16,NA,"derived both-hemisphere value (step 7: left+right, or 2x a one-side measurement); cite this source for the one-side figure",NA,Selected_collection,1,1,1986
Loris tardigradus,Nucleus_vestibularis_descendens_unilateral_Vol.mm3,Matano__1986_TableI,Matano (1986) Table I,10.1159/000156277,Selected_collection,1986,2.08,2.08,0,sole source,1,Selected_collection,1,1,1986
Loris tardigradus,Nucleus_vestibularis_lateralis_Vol.mm3,Matano__1986_TableI,Matano (1986) Table I,10.1159/000156277,NA,NA,NA,2.44,NA,"derived both-hemisphere value (step 7: left+right, or 2x a one-side measurement); cite this source for the one-side figure",NA,Selected_collection,1,1,1986
Loris tardigradus,Nucleus_vestibularis_lateralis_unilateral_Vol.mm3,Matano__1986_TableI,Matano (1986) Table I,10.1159/000156277,Selected_collection,1986,1.22,1.22,0,sole source,1,Selected_collection,1,1,1986
Loris tardigradus,Nucleus_vestibularis_medialis_Vol.mm3,Matano__1986_TableI,Matano (1986) Table I,10.1159/000156277,NA,NA,NA,7.1,NA,"derived both-hemisphere value (step 7: left+right, or 2x a one-side measurement); cite this source for the one-side figure",NA,Selected_collection,1,1,1986
Loris tardigradus,Nucleus_vestibularis_medialis_unilateral_Vol.mm3,Matano__1986_TableI,Matano (1986) Table I,10.1159/000156277,Selected_collection,1986,3.55,3.55,0,sole source,1,Selected_collection,1,1,1986
Loris tardigradus,Nucleus_vestibularis_superior_Vol.mm3,Matano__1986_TableI,Matano (1986) Table I,10.1159/000156277,NA,NA,NA,3.22,NA,"derived both-hemisphere value (step 7: left+right, or 2x a one-side measurement); cite this source for the one-side figure",NA,Selected_collection,1,1,1986
Loris tardigradus,Nucleus_vestibularis_superior_unilateral_Vol.mm3,Matano__1986_TableI,Matano (1986) Table I,10.1159/000156277,Selected_collection,1986,1.61,1.61,0,sole source,1,Selected_collection,1,1,1986
Loris tardigradus,Pallidum_Vol.mm3,Stephan_etal_1981_TableVIII,Stephan et al. (1981) Table VIII,10.1159/000155963,Selected_collection,1981,41.4,41.4,0,sole source,1,Selected_collection,1,1,1981
Loris tardigradus,Schizo_cortex_Vol.mm3,Stephan_etal_1981_TableV,Stephan et al. (1981) Table V,10.1159/000155963,Selected_collection,1981,99.7,99.7,0,sole source,1,Selected_collection,1,1,1981
Loris tardigradus,Septum_Vol.mm3,Stephan_etal_1981_TableV,Stephan et al. (1981) Table V,10.1159/000155963,Selected_collection,1981,41.1,41.1,0,sole source,1,Selected_collection,1,1,1981
Loris tardigradus,Striatum_Vol.mm3,Stephan_etal_1981_TableV,Stephan et al. (1981) Table V,10.1159/000155963,Selected_collection,1981,351,351,0,sole source,1,Selected_collection,1,1,1981
Loris tardigradus,Subthalamus_Vol.mm3,Stephan_etal_1981_TableVIII,Stephan et al. (1981) Table VIII,10.1159/000155963,Selected_collection,1981,45.2,45.2,0,sole source,1,Selected_collection,1,1,1981
Loris tardigradus,Telencephalon_Vol.mm3,Stephan_etal_1981_TableII,Stephan et al. (1981) Table II,10.1159/000155963,Selected_collection,1981,4551,4551,0,sole source,1,Selected_collection,1,1,1981
Loris tardigradus,Thalamus_Vol.mm3,Stephan_etal_1981_TableVIII,Stephan et al. (1981) Table VIII,10.1159/000155963,Selected_collection,1981,348,348,0,sole source,1,Selected_collection,1,1,1981
Loris tardigradus,Total_brain_net_volume_Vol.mm3,Bauernfeind_etal_2013_Table1,Bauernfeind et al. (2013) Table 1,10.1016/j.jhevol.2012.12.003,Selected_collection,2013,6612,6612,0,sole source,1,Selected_collection,1,1,2013
Loris tardigradus,Tractus_opticus_Vol.mm3,Stephan_etal_1981_TableVIII,Stephan et al. (1981) Table VIII,10.1159/000155963,Selected_collection,1981,15.7,15.7,0,sole source,1,Selected_collection,1,1,1981
Loris tardigradus,Ventral_pons_Vol.mm3,Matano_etal_1985_b_Table1,Matano et al. (1985) Table 1,10.1159/000156211,Selected_collection,1985,28.9,28.9,0,sole source,1,Selected_collection,1,1,1985
Loris tardigradus,Ventricles_Vol.mm3,Stephan_etal_1981_TableII,Stephan et al. (1981) Table II,10.1159/000155963,Selected_collection,1981,51.6,51.6,0,sole source,1,Selected_collection,1,1,1981
Macaca fascicularis,Area_striata_grey_matter_left_Vol.mm3,deSousa_etal_2010_Table1,deSousa et al. (2010) Table 1,10.1016/j.jhevol.2009.11.011,Selected_collection,2010,1400,1400,0,sole source,1,Selected_collection,1,1,2010
Macaca fascicularis,Brain_Mass.mg,deSousa_etal_2013_Table1,deSousa et al. (2013) Table 1,10.1159/000346495,Selected_collection,2013,57600,57600,0,reference table used (mass rule: other sources not averaged in),1,Selected_collection,1,1,2013
Macaca fascicularis,Corpus_geniculatum_laterale_Vol.mm3,deSousa_etal_2013_Table1,deSousa et al. (2013) Table 1,10.1159/000346495,Selected_collection,2013,91.9,91.9,0,sole source,1,Selected_collection,1,1,2013
Macaca fascicularis,Corpus_geniculatum_laterale_left_Vol.mm3,deSousa_etal_2010_Table1,deSousa et al. (2010) Table 1,10.1016/j.jhevol.2009.11.011,Selected_collection,2010,46,46,0,sole source,1,Selected_collection,1,1,2010
Macaca fascicularis,Total_brain_net_volume_Vol.mm3,deSousa_etal_2010_Table1,deSousa et al. (2010) Table 1,10.1016/j.jhevol.2009.11.011,Selected_collection,2010,55600,55600,0,sole source,1,Selected_collection,1,1,2010
Macaca maura,Agranular_insular_cortex_Vol.mm3,Bauernfeind_etal_2013_Table1,Bauernfeind et al. (2013) Table 1,10.1016/j.jhevol.2012.12.003,NA,NA,NA,142,NA,"derived both-hemisphere value (step 7: left+right, or 2x a one-side measurement); cite this source for the one-side figure",NA,Selected_collection,1,1,2013
Macaca maura,Agranular_insular_cortex_left_Vol.mm3,Bauernfeind_etal_2013_Table1,Bauernfeind et al. (2013) Table 1,10.1016/j.jhevol.2012.12.003,Selected_collection,2013,71,71,0,sole source,1,Selected_collection,1,1,2013
Macaca maura,Body_Mass.g,Bauernfeind_etal_2013_Table1,Bauernfeind et al. (2013) Table 1,10.1016/j.jhevol.2012.12.003,Selected_collection,2013,6050,6050,0,reference table used (mass rule: other sources not averaged in),1,Selected_collection,1,1,2013
Macaca maura,Brain_Mass.mg,Bauernfeind_etal_2013_Table1,Bauernfeind et al. (2013) Table 1,10.1016/j.jhevol.2012.12.003,Selected_collection,2013,83.3,83.3,0,reference table used (mass rule: other sources not averaged in),1,Selected_collection,1,1,2013
Macaca maura,Dysgranular_insular_cortex_Vol.mm3,Bauernfeind_etal_2013_Table1,Bauernfeind et al. (2013) Table 1,10.1016/j.jhevol.2012.12.003,NA,NA,NA,480,NA,"derived both-hemisphere value (step 7: left+right, or 2x a one-side measurement); cite this source for the one-side figure",NA,Selected_collection,1,1,2013
Macaca maura,Dysgranular_insular_cortex_left_Vol.mm3,Bauernfeind_etal_2013_Table1,Bauernfeind et al. (2013) Table 1,10.1016/j.jhevol.2012.12.003,Selected_collection,2013,240,240,0,sole source,1,Selected_collection,1,1,2013
Macaca maura,Granular_insular_cortex_Vol.mm3,Bauernfeind_etal_2013_Table1,Bauernfeind et al. (2013) Table 1,10.1016/j.jhevol.2012.12.003,NA,NA,NA,362,NA,"derived both-hemisphere value (step 7: left+right, or 2x a one-side measurement); cite this source for the one-side figure",NA,Selected_collection,1,1,2013
Macaca maura,Granular_insular_cortex_left_Vol.mm3,Bauernfeind_etal_2013_Table1,Bauernfeind et al. (2013) Table 1,10.1016/j.jhevol.2012.12.003,Selected_collection,2013,181,181,0,sole source,1,Selected_collection,1,1,2013
Macaca maura,Insula_Vol.mm3,Bauernfeind_etal_2013_Table1,Bauernfeind et al. (2013) Table 1,10.1016/j.jhevol.2012.12.003,NA,NA,NA,984,NA,"derived both-hemisphere value (step 7: left+right, or 2x a one-side measurement); cite this source for the one-side figure",NA,Selected_collection,1,1,2013
Macaca maura,Insula_left_Vol.mm3,Bauernfeind_etal_2013_Table1,Bauernfeind et al. (2013) Table 1,10.1016/j.jhevol.2012.12.003,Selected_collection,2013,492,492,0,sole source,1,Selected_collection,1,1,2013
Macaca maura,Total_brain_net_volume_Vol.mm3,Bauernfeind_etal_2013_Table1,Bauernfeind et al. (2013) Table 1,10.1016/j.jhevol.2012.12.003,Selected_collection,2013,80405,80405,0,sole source,1,Selected_collection,1,1,2013
Macaca mulatta,Area_striata_Vol.mm3,Frahm_etal_1984_Table1,Frahm et al. (1984) Table 1,PMID:6501869,Selected_collection,1984,6586,6586,0,sole source,1,Selected_collection,1,1,1984
Macaca mulatta,Area_striata_grey_matter_Vol.mm3,Frahm_etal_1984_Table1,Frahm et al. (1984) Table 1,PMID:6501869,Selected_collection,1984,5343,5343,0,sole source,1,Selected_collection,1,1,1984
Macaca mulatta,Area_striata_white_matter_Vol.mm3,Frahm_etal_1984_Table1,Frahm et al. (1984) Table 1,PMID:6501869,Selected_collection,1984,1243,1243,0,sole source,1,Selected_collection,1,1,1984
Macaca mulatta,Body_Mass.g,Stephan_etal_1981_TableIII,Stephan et al. (1981) Table III,10.1159/000155963,Selected_collection,1981,7800,7800,0,reference table used (mass rule: other sources not averaged in),1,Selected_collection,1,1,1981
Macaca mulatta,Brain_Mass.mg,Stephan_etal_1981_TableIII,Stephan et al. (1981) Table III,10.1159/000155963,Selected_collection,1981,93000,93000,0,reference table used (mass rule: other sources not averaged in),1,Selected_collection,1,1,1981
Macaca mulatta,Bulbus_olfactorius_Vol.mm3,Stephan_etal_1981_TableVI,Stephan et al. (1981) Table VI,10.1159/000155963,Selected_collection,1981,84.3,84.3,0,sole source,1,Selected_collection,1,1,1981
Macaca mulatta,Bulbus_olfactorius_accessorius_Vol.mm3,Stephan_etal_1981_TableVI,Stephan et al. (1981) Table VI,10.1159/000155963,Selected_collection,1981,0,0,NA,sole source,1,Selected_collection,1,1,1981
Macaca mulatta,Cerebellar_nuclei_total_Vol.mm3,Matano_etal_1985_a_Table1,Matano et al. (1985) Table 1,10.1159/000156212,Selected_collection,1985,235.31,235.31,0,sole source,1,Selected_collection,1,1,1985
Macaca mulatta,Cerebellum_Vol.mm3,Stephan_etal_1981_TableIII,Stephan et al. (1981) Table III,10.1159/000155963,Selected_collection,1981,8965,8965,0,sole source,1,Selected_collection,1,1,1981
Macaca mulatta,Complexus_vestibularis_Vol.mm3,Matano__1986_TableI,Matano (1986) Table I,10.1159/000156277,NA,NA,NA,165,NA,"derived both-hemisphere value (step 7: left+right, or 2x a one-side measurement); cite this source for the one-side figure",NA,Selected_collection,1,1,1986
Macaca mulatta,Complexus_vestibularis_unilateral_Vol.mm3,Matano__1986_TableI,Matano (1986) Table I,10.1159/000156277,Selected_collection,1986,82.5,82.5,0,sole source,1,Selected_collection,1,1,1986
Macaca mulatta,Corpus_geniculatum_laterale_Vol.mm3,deSousa_etal_2013_Table1,deSousa et al. (2013) Table 1,10.1159/000346495,Selected_collection,2013,158,158,0,sole source,1,Selected_collection,1,1,2013
Macaca mulatta,Corpus_pineal_Vol.mm3,Stephan_etal_1981_TableXVI,Stephan et al. (1981) Table XVI,10.1159/000155963,Selected_collection,1981,12.4,12.4,0,sole source,1,Selected_collection,1,1,1981
Macaca mulatta,Corpus_subcommissurale_Vol.mm3,Stephan_etal_1981_TableXVI,Stephan et al. (1981) Table XVI,10.1159/000155963,Selected_collection,1981,0.27,0.27,0,sole source,1,Selected_collection,1,1,1981
Macaca mulatta,Corpus_subfornicale_Vol.mm3,Stephan_etal_1981_TableXVI,Stephan et al. (1981) Table XVI,10.1159/000155963,Selected_collection,1981,0.36,0.36,0,sole source,1,Selected_collection,1,1,1981
Macaca mulatta,Diencephalon_Vol.mm3,Stephan_etal_1981_TableIII,Stephan et al. (1981) Table III,10.1159/000155963,Selected_collection,1981,4480,4480,0,sole source,1,Selected_collection,1,1,1981
Macaca mulatta,Hippocampus_Vol.mm3,Stephan_etal_1981_TableVI,Stephan et al. (1981) Table VI,10.1159/000155963,Selected_collection,1981,1353,1353,0,sole source,1,Selected_collection,1,1,1981
Macaca mulatta,Interpositus_cerebellar_nuclei_Vol.mm3,Matano_etal_1985_a_Table1,Matano et al. (1985) Table 1,10.1159/000156212,Selected_collection,1985,75.13,75.13,0,sole source,1,Selected_collection,1,1,1985
Macaca mulatta,Lateral_cerebellar_nuclei_Vol.mm3,Matano_etal_1985_a_Table1,Matano et al. (1985) Table 1,10.1159/000156212,Selected_collection,1985,106.94,106.94,0,sole source,1,Selected_collection,1,1,1985
Macaca mulatta,Lobus_piriformis_Vol.mm3,Stephan_etal_1981_TableVI,Stephan et al. (1981) Table VI,10.1159/000155963,Selected_collection,1981,1220,1220,0,sole source,1,Selected_collection,1,1,1981
Macaca mulatta,Medial_cerebellar_nuclei_Vol.mm3,Matano_etal_1985_a_Table1,Matano et al. (1985) Table 1,10.1159/000156212,Selected_collection,1985,53.24,53.24,0,sole source,1,Selected_collection,1,1,1985
Macaca mulatta,Medulla_oblongata_Vol.mm3,Stephan_etal_1981_TableIII,Stephan et al. (1981) Table III,10.1159/000155963,Selected_collection,1981,1992,1992,0,sole source,1,Selected_collection,1,1,1981
Macaca mulatta,Mesencephalon_Vol.mm3,Stephan_etal_1981_TableIII,Stephan et al. (1981) Table III,10.1159/000155963,Selected_collection,1981,1380,1380,0,sole source,1,Selected_collection,1,1,1981
Macaca mulatta,Neocortex_Vol.mm3,Stephan_etal_1981_TableVI,Stephan et al. (1981) Table VI,10.1159/000155963,Selected_collection,1981,63482,63482,0,sole source,1,Selected_collection,1,1,1981
Macaca mulatta,Nucleus_habenularis_medialis_Vol.mm3,Stephan_etal_1981_TableXVI,Stephan et al. (1981) Table XVI,10.1159/000155963,Selected_collection,1981,7.66,7.66,0,sole source,1,Selected_collection,1,1,1981
Macaca mulatta,Nucleus_septalis_triangularis_Vol.mm3,Stephan_etal_1981_TableXVI,Stephan et al. (1981) Table XVI,10.1159/000155963,Selected_collection,1981,2.83,2.83,0,sole source,1,Selected_collection,1,1,1981
Macaca mulatta,Nucleus_vestibularis_descendens_Vol.mm3,Matano__1986_TableI,Matano (1986) Table I,10.1159/000156277,NA,NA,NA,31,NA,"derived both-hemisphere value (step 7: left+right, or 2x a one-side measurement); cite this source for the one-side figure",NA,Selected_collection,1,1,1986
Macaca mulatta,Nucleus_vestibularis_descendens_unilateral_Vol.mm3,Matano__1986_TableI,Matano (1986) Table I,10.1159/000156277,Selected_collection,1986,15.5,15.5,0,sole source,1,Selected_collection,1,1,1986
Macaca mulatta,Nucleus_vestibularis_lateralis_Vol.mm3,Matano__1986_TableI,Matano (1986) Table I,10.1159/000156277,NA,NA,NA,33.8,NA,"derived both-hemisphere value (step 7: left+right, or 2x a one-side measurement); cite this source for the one-side figure",NA,Selected_collection,1,1,1986
Macaca mulatta,Nucleus_vestibularis_lateralis_unilateral_Vol.mm3,Matano__1986_TableI,Matano (1986) Table I,10.1159/000156277,Selected_collection,1986,16.9,16.9,0,sole source,1,Selected_collection,1,1,1986
Macaca mulatta,Nucleus_vestibularis_medialis_Vol.mm3,Matano__1986_TableI,Matano (1986) Table I,10.1159/000156277,NA,NA,NA,67.4,NA,"derived both-hemisphere value (step 7: left+right, or 2x a one-side measurement); cite this source for the one-side figure",NA,Selected_collection,1,1,1986
Macaca mulatta,Nucleus_vestibularis_medialis_unilateral_Vol.mm3,Matano__1986_TableI,Matano (1986) Table I,10.1159/000156277,Selected_collection,1986,33.7,33.7,0,sole source,1,Selected_collection,1,1,1986
Macaca mulatta,Nucleus_vestibularis_superior_Vol.mm3,Matano__1986_TableI,Matano (1986) Table I,10.1159/000156277,NA,NA,NA,32.8,NA,"derived both-hemisphere value (step 7: left+right, or 2x a one-side measurement); cite this source for the one-side figure",NA,Selected_collection,1,1,1986
Macaca mulatta,Nucleus_vestibularis_superior_unilateral_Vol.mm3,Matano__1986_TableI,Matano (1986) Table I,10.1159/000156277,Selected_collection,1986,16.4,16.4,0,sole source,1,Selected_collection,1,1,1986
Macaca mulatta,Schizo_cortex_Vol.mm3,Stephan_etal_1981_TableVI,Stephan et al. (1981) Table VI,10.1159/000155963,Selected_collection,1981,639,639,0,sole source,1,Selected_collection,1,1,1981
Macaca mulatta,Septum_Vol.mm3,Stephan_etal_1981_TableVI,Stephan et al. (1981) Table VI,10.1159/000155963,Selected_collection,1981,271,271,0,sole source,1,Selected_collection,1,1,1981
Macaca mulatta,Striatum_Vol.mm3,Stephan_etal_1981_TableVI,Stephan et al. (1981) Table VI,10.1159/000155963,Selected_collection,1981,4032,4032,0,sole source,1,Selected_collection,1,1,1981
Macaca mulatta,Telencephalon_Vol.mm3,Stephan_etal_1981_TableIII,Stephan et al. (1981) Table III,10.1159/000155963,Selected_collection,1981,71080,71080,0,sole source,1,Selected_collection,1,1,1981
Macaca mulatta,Total_brain_net_volume_Vol.mm3,Stephan_etal_1981_TableIII,Stephan et al. (1981) Table III,10.1159/000155963,Selected_collection,1981,87896,87896,0,sole source,1,Selected_collection,1,1,1981
Macaca mulatta,Ventral_pons_Vol.mm3,Matano_etal_1985_b_Table1,Matano et al. (1985) Table 1,10.1159/000156211,Selected_collection,1985,639.2,639.2,0,sole source,1,Selected_collection,1,1,1985
Macaca mulatta,Ventricles_Vol.mm3,Stephan_etal_1981_TableIII,Stephan et al. (1981) Table III,10.1159/000155963,Selected_collection,1981,834,834,0,sole source,1,Selected_collection,1,1,1981
Microcebus murinus,Amygdala_Vol.mm3,Stephan_etal_1981_TableXI,Stephan et al. (1981) Table XI,10.1159/000155963,Selected_collection,1981,36.4,36.4,0,sole source,1,Selected_collection,1,1,1981
Microcebus murinus,Area_striata_Vol.mm3,Frahm_etal_1984_Table1,Frahm et al. (1984) Table 1,PMID:6501869,Selected_collection,1984,144,144,0,sole source,1,Selected_collection,1,1,1984
Microcebus murinus,Area_striata_grey_matter_Vol.mm3,Frahm_etal_1984_Table1,Frahm et al. (1984) Table 1,PMID:6501869,Selected_collection,1984,136,136,0,sole source,1,Selected_collection,1,1,1984
Microcebus murinus,Area_striata_lamina_1_Vol.mm3,Frahm_etal_1984_Table1,Frahm et al. (1984) Table 1,PMID:6501869,Selected_collection,1984,15,15,0,sole source,1,Selected_collection,1,1,1984
Microcebus murinus,Area_striata_laminae_2_6_Vol.mm3,Frahm_etal_1984_Table1,Frahm et al. (1984) Table 1,PMID:6501869,Selected_collection,1984,121,121,0,sole source,1,Selected_collection,1,1,1984
Microcebus murinus,Area_striata_white_matter_Vol.mm3,Frahm_etal_1984_Table1,Frahm et al. (1984) Table 1,PMID:6501869,Selected_collection,1984,8.24,8.24,0,sole source,1,Selected_collection,1,1,1984
Microcebus murinus,Body_Mass.g,Stephan_etal_1981_TableII,Stephan et al. (1981) Table II,10.1159/000155963,Selected_collection,1981,54,54,0,reference table used (mass rule: other sources not averaged in),1,Selected_collection,1,1,1981
Microcebus murinus,Brain_Mass.mg,Stephan_etal_1981_TableII,Stephan et al. (1981) Table II,10.1159/000155963,Selected_collection,1981,1780,1780,0,reference table used (mass rule: other sources not averaged in),1,Selected_collection,1,1,1981
Microcebus murinus,Bulbus_olfactorius_Vol.mm3,Stephan_etal_1981_TableV,Stephan et al. (1981) Table V,10.1159/000155963,Selected_collection,1981,43,43,0,sole source,1,Selected_collection,1,1,1981
Microcebus murinus,Bulbus_olfactorius_accessorius_Vol.mm3,Stephan_etal_1981_TableV,Stephan et al. (1981) Table V,10.1159/000155963,Selected_collection,1981,1.62,1.62,0,sole source,1,Selected_collection,1,1,1981
Microcebus murinus,Capsula_interna_Vol.mm3,Stephan_etal_1981_TableVIII,Stephan et al. (1981) Table VIII,10.1159/000155963,Selected_collection,1981,9.08,9.08,0,sole source,1,Selected_collection,1,1,1981
Microcebus murinus,Cerebellar_nuclei_total_Vol.mm3,Matano_etal_1985_a_Table1,Matano et al. (1985) Table 1,10.1159/000156212,Selected_collection,1985,4.74,4.74,0,sole source,1,Selected_collection,1,1,1985
Microcebus murinus,Cerebellum_Vol.mm3,Stephan_etal_1981_TableII,Stephan et al. (1981) Table II,10.1159/000155963,Selected_collection,1981,234,234,0,sole source,1,Selected_collection,1,1,1981
Microcebus murinus,Complexus_centromedialis_Vol.mm3,Stephan_etal_1981_TableXI,Stephan et al. (1981) Table XI,10.1159/000155963,Selected_collection,1981,12.1,12.1,0,sole source,1,Selected_collection,1,1,1981
Microcebus murinus,Complexus_corticobasolateralis_Vol.mm3,Stephan_etal_1981_TableXI,Stephan et al. (1981) Table XI,10.1159/000155963,Selected_collection,1981,24.3,24.3,0,sole source,1,Selected_collection,1,1,1981
Microcebus murinus,Complexus_vestibularis_Vol.mm3,Matano__1986_TableI,Matano (1986) Table I,10.1159/000156277,NA,NA,NA,8.04,NA,"derived both-hemisphere value (step 7: left+right, or 2x a one-side measurement); cite this source for the one-side figure",NA,Selected_collection,1,1,1986
Microcebus murinus,Complexus_vestibularis_unilateral_Vol.mm3,Matano__1986_TableI,Matano (1986) Table I,10.1159/000156277,Selected_collection,1986,4.02,4.02,0,sole source,1,Selected_collection,1,1,1986
Microcebus murinus,Corpus_geniculatum_laterale_Vol.mm3,Stephan_etal_1984_Table1,Stephan et al. (1984) Table 1,PMID:6481154,Selected_collection,1984,7.07,7.07,0,sole source,1,Selected_collection,1,1,1984
Microcebus murinus,Corpus_pineal_Vol.mm3,Stephan_etal_1981_TableXV,Stephan et al. (1981) Table XV,10.1159/000155963,Selected_collection,1981,0.14,0.14,0,sole source,1,Selected_collection,1,1,1981
Microcebus murinus,Corpus_subcommissurale_Vol.mm3,Stephan_etal_1981_TableXV,Stephan et al. (1981) Table XV,10.1159/000155963,Selected_collection,1981,0.0233,0.0233,0,sole source,1,Selected_collection,1,1,1981
Microcebus murinus,Corpus_subfornicale_Vol.mm3,Stephan_etal_1981_TableXV,Stephan et al. (1981) Table XV,10.1159/000155963,Selected_collection,1981,0.0556,0.0556,0,sole source,1,Selected_collection,1,1,1981
Microcebus murinus,Diencephalon_Vol.mm3,Stephan_etal_1981_TableII,Stephan et al. (1981) Table II,10.1159/000155963,Selected_collection,1981,134,134,0,sole source,1,Selected_collection,1,1,1981
Microcebus murinus,Epithalamus_Vol.mm3,Stephan_etal_1981_TableVIII,Stephan et al. (1981) Table VIII,10.1159/000155963,Selected_collection,1981,1.44,1.44,0,sole source,1,Selected_collection,1,1,1981
Microcebus murinus,Hippocampus_Vol.mm3,Stephan_etal_1981_TableV,Stephan et al. (1981) Table V,10.1159/000155963,Selected_collection,1981,100,100,0,sole source,1,Selected_collection,1,1,1981
Microcebus murinus,Hypothalamus_Vol.mm3,Stephan_etal_1981_TableVIII,Stephan et al. (1981) Table VIII,10.1159/000155963,Selected_collection,1981,29.8,29.8,0,sole source,1,Selected_collection,1,1,1981
Microcebus murinus,Interpositus_cerebellar_nuclei_Vol.mm3,Matano_etal_1985_a_Table1,Matano et al. (1985) Table 1,10.1159/000156212,Selected_collection,1985,1.14,1.14,0,sole source,1,Selected_collection,1,1,1985
Microcebus murinus,Lateral_cerebellar_nuclei_Vol.mm3,Matano_etal_1985_a_Table1,Matano et al. (1985) Table 1,10.1159/000156212,Selected_collection,1985,2.11,2.11,0,sole source,1,Selected_collection,1,1,1985
Microcebus murinus,Lobus_piriformis_Vol.mm3,Stephan_etal_1981_TableV,Stephan et al. (1981) Table V,10.1159/000155963,Selected_collection,1981,103,103,0,sole source,1,Selected_collection,1,1,1981
Microcebus murinus,Medial_cerebellar_nuclei_Vol.mm3,Matano_etal_1985_a_Table1,Matano et al. (1985) Table 1,10.1159/000156212,Selected_collection,1985,1.49,1.49,0,sole source,1,Selected_collection,1,1,1985
Microcebus murinus,Medulla_oblongata_Vol.mm3,Stephan_etal_1981_TableII,Stephan et al. (1981) Table II,10.1159/000155963,Selected_collection,1981,99.1,99.1,0,sole source,1,Selected_collection,1,1,1981
Microcebus murinus,Mesencephalon_Vol.mm3,Stephan_etal_1981_TableII,Stephan et al. (1981) Table II,10.1159/000155963,Selected_collection,1981,85.2,85.2,0,sole source,1,Selected_collection,1,1,1981
Microcebus murinus,Neocortex_Vol.mm3,Frahm_etal_1982_Table2,Frahm et al. (1982) Table 2,PMID:7161477,Selected_collection,1982,739.5,739.5,0,sole source,1,Selected_collection,1,1,1982
Microcebus murinus,Neocortex_grey_matter_Vol.mm3,Frahm_etal_1982_Table2,Frahm et al. (1982) Table 2,PMID:7161477,Selected_collection,1982,674.2,674.2,0,sole source,1,Selected_collection,1,1,1982
Microcebus murinus,Neocortex_lamina_1_Vol.mm3,Frahm_etal_1982_Table2,Frahm et al. (1982) Table 2,PMID:7161477,Selected_collection,1982,94.97,94.97,0,sole source,1,Selected_collection,1,1,1982
Microcebus murinus,Neocortex_laminae_2_6_Vol.mm3,Frahm_etal_1982_Table2,Frahm et al. (1982) Table 2,PMID:7161477,Selected_collection,1982,579.3,579.3,0,sole source,1,Selected_collection,1,1,1982
Microcebus murinus,Neocortex_white_matter_Vol.mm3,Frahm_etal_1982_Table2,Frahm et al. (1982) Table 2,PMID:7161477,Selected_collection,1982,65.31,65.31,0,sole source,1,Selected_collection,1,1,1982
Microcebus murinus,Nucleus_habenularis_medialis_Vol.mm3,Stephan_etal_1981_TableXV,Stephan et al. (1981) Table XV,10.1159/000155963,Selected_collection,1981,0.461,0.461,0,sole source,1,Selected_collection,1,1,1981
Microcebus murinus,Nucleus_septalis_triangularis_Vol.mm3,Stephan_etal_1981_TableXV,Stephan et al. (1981) Table XV,10.1159/000155963,Selected_collection,1981,0.274,0.274,0,sole source,1,Selected_collection,1,1,1981
Microcebus murinus,Nucleus_subthalamicus_Vol.mm3,Stephan_etal_1981_TableVIII,Stephan et al. (1981) Table VIII,10.1159/000155963,Selected_collection,1981,0.65,0.65,0,sole source,1,Selected_collection,1,1,1981
Microcebus murinus,Nucleus_tractus_olfactorius_Vol.mm3,Stephan_etal_1981_TableXI,Stephan et al. (1981) Table XI,10.1159/000155963,Selected_collection,1981,0.264,0.264,0,sole source,1,Selected_collection,1,1,1981
Microcebus murinus,Nucleus_vestibularis_descendens_Vol.mm3,Matano__1986_TableI,Matano (1986) Table I,10.1159/000156277,NA,NA,NA,2.16,NA,"derived both-hemisphere value (step 7: left+right, or 2x a one-side measurement); cite this source for the one-side figure",NA,Selected_collection,1,1,1986
Microcebus murinus,Nucleus_vestibularis_descendens_unilateral_Vol.mm3,Matano__1986_TableI,Matano (1986) Table I,10.1159/000156277,Selected_collection,1986,1.08,1.08,0,sole source,1,Selected_collection,1,1,1986
Microcebus murinus,Nucleus_vestibularis_lateralis_Vol.mm3,Matano__1986_TableI,Matano (1986) Table I,10.1159/000156277,NA,NA,NA,1.52,NA,"derived both-hemisphere value (step 7: left+right, or 2x a one-side measurement); cite this source for the one-side figure",NA,Selected_collection,1,1,1986
Microcebus murinus,Nucleus_vestibularis_lateralis_unilateral_Vol.mm3,Matano__1986_TableI,Matano (1986) Table I,10.1159/000156277,Selected_collection,1986,0.76,0.76,0,sole source,1,Selected_collection,1,1,1986
Microcebus murinus,Nucleus_vestibularis_medialis_Vol.mm3,Matano__1986_TableI,Matano (1986) Table I,10.1159/000156277,NA,NA,NA,3,NA,"derived both-hemisphere value (step 7: left+right, or 2x a one-side measurement); cite this source for the one-side figure",NA,Selected_collection,1,1,1986
Microcebus murinus,Nucleus_vestibularis_medialis_unilateral_Vol.mm3,Matano__1986_TableI,Matano (1986) Table I,10.1159/000156277,Selected_collection,1986,1.5,1.5,0,sole source,1,Selected_collection,1,1,1986
Microcebus murinus,Nucleus_vestibularis_superior_Vol.mm3,Matano__1986_TableI,Matano (1986) Table I,10.1159/000156277,NA,NA,NA,1.358,NA,"derived both-hemisphere value (step 7: left+right, or 2x a one-side measurement); cite this source for the one-side figure",NA,Selected_collection,1,1,1986
Microcebus murinus,Nucleus_vestibularis_superior_unilateral_Vol.mm3,Matano__1986_TableI,Matano (1986) Table I,10.1159/000156277,Selected_collection,1986,0.679,0.679,0,sole source,1,Selected_collection,1,1,1986
Microcebus murinus,Palaeocortex_Vol.mm3,Stephan_etal_1981_TableXI,Stephan et al. (1981) Table XI,10.1159/000155963,Selected_collection,1981,66.8,66.8,0,sole source,1,Selected_collection,1,1,1981
Microcebus murinus,Pallidum_Vol.mm3,Stephan_etal_1981_TableVIII,Stephan et al. (1981) Table VIII,10.1159/000155963,Selected_collection,1981,10.7,10.7,0,sole source,1,Selected_collection,1,1,1981
Microcebus murinus,Schizo_cortex_Vol.mm3,Stephan_etal_1981_TableV,Stephan et al. (1981) Table V,10.1159/000155963,Selected_collection,1981,40.1,40.1,0,sole source,1,Selected_collection,1,1,1981
Microcebus murinus,Septum_Vol.mm3,Stephan_etal_1981_TableV,Stephan et al. (1981) Table V,10.1159/000155963,Selected_collection,1981,15.3,15.3,0,sole source,1,Selected_collection,1,1,1981
Microcebus murinus,Striatum_Vol.mm3,Stephan_etal_1981_TableV,Stephan et al. (1981) Table V,10.1159/000155963,Selected_collection,1981,85.7,85.7,0,sole source,1,Selected_collection,1,1,1981
Microcebus murinus,Subthalamus_Vol.mm3,Stephan_etal_1981_TableVIII,Stephan et al. (1981) Table VIII,10.1159/000155963,Selected_collection,1981,11.4,11.4,0,sole source,1,Selected_collection,1,1,1981
Microcebus murinus,Telencephalon_Vol.mm3,Stephan_etal_1981_TableII,Stephan et al. (1981) Table II,10.1159/000155963,Selected_collection,1981,1129,1129,0,sole source,1,Selected_collection,1,1,1981
Microcebus murinus,Thalamus_Vol.mm3,Stephan_etal_1981_TableVIII,Stephan et al. (1981) Table VIII,10.1159/000155963,Selected_collection,1981,78.3,78.3,0,sole source,1,Selected_collection,1,1,1981
Microcebus murinus,Total_brain_net_volume_Vol.mm3,Stephan_etal_1981_TableII,Stephan et al. (1981) Table II,10.1159/000155963,Selected_collection,1981,1680,1680,0,sole source,1,Selected_collection,1,1,1981
Microcebus murinus,Tractus_opticus_Vol.mm3,Stephan_etal_1981_TableVIII,Stephan et al. (1981) Table VIII,10.1159/000155963,Selected_collection,1981,6.17,6.17,0,sole source,1,Selected_collection,1,1,1981
Microcebus murinus,Ventral_pons_Vol.mm3,Matano_etal_1985_b_Table1,Matano et al. (1985) Table 1,10.1159/000156211,Selected_collection,1985,5.9,5.9,0,sole source,1,Selected_collection,1,1,1985
Microcebus murinus,Ventricles_Vol.mm3,Stephan_etal_1981_TableII,Stephan et al. (1981) Table II,10.1159/000155963,Selected_collection,1981,11.3,11.3,0,sole source,1,Selected_collection,1,1,1981
Miopithecus talapoin,Area_striata_Vol.mm3,Frahm_etal_1984_Table1,Frahm et al. (1984) Table 1,PMID:6501869,Selected_collection,1984,3048,3048,0,sole source,1,Selected_collection,1,1,1984
Miopithecus talapoin,Area_striata_grey_matter_Vol.mm3,Frahm_etal_1984_Table1,Frahm et al. (1984) Table 1,PMID:6501869,Selected_collection,1984,2339,2339,0,sole source,1,Selected_collection,1,1,1984
Miopithecus talapoin,Area_striata_white_matter_Vol.mm3,Frahm_etal_1984_Table1,Frahm et al. (1984) Table 1,PMID:6501869,Selected_collection,1984,709,709,0,sole source,1,Selected_collection,1,1,1984
Miopithecus talapoin,Body_Mass.g,Stephan_etal_1981_TableIII,Stephan et al. (1981) Table III,10.1159/000155963,Selected_collection,1981,1200,1200,0,reference table used (mass rule: other sources not averaged in),1,Selected_collection,1,1,1981
Miopithecus talapoin,Brain_Mass.mg,Stephan_etal_1981_TableIII,Stephan et al. (1981) Table III,10.1159/000155963,Selected_collection,1981,40000,40000,0,reference table used (mass rule: other sources not averaged in),1,Selected_collection,1,1,1981
Miopithecus talapoin,Bulbus_olfactorius_Vol.mm3,Stephan_etal_1981_TableVI,Stephan et al. (1981) Table VI,10.1159/000155963,Selected_collection,1981,27.8,27.8,0,sole source,1,Selected_collection,1,1,1981
Miopithecus talapoin,Bulbus_olfactorius_accessorius_Vol.mm3,Stephan_etal_1981_TableVI,Stephan et al. (1981) Table VI,10.1159/000155963,Selected_collection,1981,0,0,NA,sole source,1,Selected_collection,1,1,1981
Miopithecus talapoin,Cerebellar_nuclei_total_Vol.mm3,Matano_etal_1985_a_Table1,Matano et al. (1985) Table 1,10.1159/000156212,Selected_collection,1985,78.95,78.95,0,sole source,1,Selected_collection,1,1,1985
Miopithecus talapoin,Cerebellum_Vol.mm3,Stephan_etal_1981_TableIII,Stephan et al. (1981) Table III,10.1159/000155963,Selected_collection,1981,3374,3374,0,sole source,1,Selected_collection,1,1,1981
Miopithecus talapoin,Complexus_vestibularis_Vol.mm3,Matano__1986_TableI,Matano (1986) Table I,10.1159/000156277,NA,NA,NA,79.6,NA,"derived both-hemisphere value (step 7: left+right, or 2x a one-side measurement); cite this source for the one-side figure",NA,Selected_collection,1,1,1986
Miopithecus talapoin,Complexus_vestibularis_unilateral_Vol.mm3,Matano__1986_TableI,Matano (1986) Table I,10.1159/000156277,Selected_collection,1986,39.8,39.8,0,sole source,1,Selected_collection,1,1,1986
Miopithecus talapoin,Corpus_geniculatum_laterale_Vol.mm3,deSousa_etal_2013_Table1,deSousa et al. (2013) Table 1,10.1159/000346495,Selected_collection,2013,109,109,0,sole source,1,Selected_collection,1,1,2013
Miopithecus talapoin,Corpus_pineal_Vol.mm3,Stephan_etal_1981_TableXVI,Stephan et al. (1981) Table XVI,10.1159/000155963,Selected_collection,1981,2.03,2.03,0,sole source,1,Selected_collection,1,1,1981
Miopithecus talapoin,Corpus_subcommissurale_Vol.mm3,Stephan_etal_1981_TableXVI,Stephan et al. (1981) Table XVI,10.1159/000155963,Selected_collection,1981,0.22,0.22,0,sole source,1,Selected_collection,1,1,1981
Miopithecus talapoin,Corpus_subfornicale_Vol.mm3,Stephan_etal_1981_TableXVI,Stephan et al. (1981) Table XVI,10.1159/000155963,Selected_collection,1981,0.192,0.192,0,sole source,1,Selected_collection,1,1,1981
Miopithecus talapoin,Diencephalon_Vol.mm3,Stephan_etal_1981_TableIII,Stephan et al. (1981) Table III,10.1159/000155963,Selected_collection,1981,2375,2375,0,sole source,1,Selected_collection,1,1,1981
Miopithecus talapoin,Hippocampus_Vol.mm3,Stephan_etal_1981_TableVI,Stephan et al. (1981) Table VI,10.1159/000155963,Selected_collection,1981,705,705,0,sole source,1,Selected_collection,1,1,1981
Miopithecus talapoin,Interpositus_cerebellar_nuclei_Vol.mm3,Matano_etal_1985_a_Table1,Matano et al. (1985) Table 1,10.1159/000156212,Selected_collection,1985,26.42,26.42,0,sole source,1,Selected_collection,1,1,1985
Miopithecus talapoin,Lateral_cerebellar_nuclei_Vol.mm3,Matano_etal_1985_a_Table1,Matano et al. (1985) Table 1,10.1159/000156212,Selected_collection,1985,33.84,33.84,0,sole source,1,Selected_collection,1,1,1985
Miopithecus talapoin,Lobus_piriformis_Vol.mm3,Stephan_etal_1981_TableVI,Stephan et al. (1981) Table VI,10.1159/000155963,Selected_collection,1981,706,706,0,sole source,1,Selected_collection,1,1,1981
Miopithecus talapoin,Medial_cerebellar_nuclei_Vol.mm3,Matano_etal_1985_a_Table1,Matano et al. (1985) Table 1,10.1159/000156212,Selected_collection,1985,18.69,18.69,0,sole source,1,Selected_collection,1,1,1985
Miopithecus talapoin,Medulla_oblongata_Vol.mm3,Stephan_etal_1981_TableIII,Stephan et al. (1981) Table III,10.1159/000155963,Selected_collection,1981,1035,1035,0,sole source,1,Selected_collection,1,1,1981
Miopithecus talapoin,Mesencephalon_Vol.mm3,Stephan_etal_1981_TableIII,Stephan et al. (1981) Table III,10.1159/000155963,Selected_collection,1981,826,826,0,sole source,1,Selected_collection,1,1,1981
Miopithecus talapoin,Neocortex_Vol.mm3,Stephan_etal_1981_TableVI,Stephan et al. (1981) Table VI,10.1159/000155963,Selected_collection,1981,26427,26427,0,sole source,1,Selected_collection,1,1,1981
Miopithecus talapoin,Nucleus_habenularis_medialis_Vol.mm3,Stephan_etal_1981_TableXVI,Stephan et al. (1981) Table XVI,10.1159/000155963,Selected_collection,1981,2.07,2.07,0,sole source,1,Selected_collection,1,1,1981
Miopithecus talapoin,Nucleus_septalis_triangularis_Vol.mm3,Stephan_etal_1981_TableXVI,Stephan et al. (1981) Table XVI,10.1159/000155963,Selected_collection,1981,0.866,0.866,0,sole source,1,Selected_collection,1,1,1981
Miopithecus talapoin,Nucleus_vestibularis_descendens_Vol.mm3,Matano__1986_TableI,Matano (1986) Table I,10.1159/000156277,NA,NA,NA,18.48,NA,"derived both-hemisphere value (step 7: left+right, or 2x a one-side measurement); cite this source for the one-side figure",NA,Selected_collection,1,1,1986
Miopithecus talapoin,Nucleus_vestibularis_descendens_unilateral_Vol.mm3,Matano__1986_TableI,Matano (1986) Table I,10.1159/000156277,Selected_collection,1986,9.24,9.24,0,sole source,1,Selected_collection,1,1,1986
Miopithecus talapoin,Nucleus_vestibularis_lateralis_Vol.mm3,Matano__1986_TableI,Matano (1986) Table I,10.1159/000156277,NA,NA,NA,14.5,NA,"derived both-hemisphere value (step 7: left+right, or 2x a one-side measurement); cite this source for the one-side figure",NA,Selected_collection,1,1,1986
Miopithecus talapoin,Nucleus_vestibularis_lateralis_unilateral_Vol.mm3,Matano__1986_TableI,Matano (1986) Table I,10.1159/000156277,Selected_collection,1986,7.25,7.25,0,sole source,1,Selected_collection,1,1,1986
Miopithecus talapoin,Nucleus_vestibularis_medialis_Vol.mm3,Matano__1986_TableI,Matano (1986) Table I,10.1159/000156277,NA,NA,NA,31.4,NA,"derived both-hemisphere value (step 7: left+right, or 2x a one-side measurement); cite this source for the one-side figure",NA,Selected_collection,1,1,1986
Miopithecus talapoin,Nucleus_vestibularis_medialis_unilateral_Vol.mm3,Matano__1986_TableI,Matano (1986) Table I,10.1159/000156277,Selected_collection,1986,15.7,15.7,0,sole source,1,Selected_collection,1,1,1986
Miopithecus talapoin,Nucleus_vestibularis_superior_Vol.mm3,Matano__1986_TableI,Matano (1986) Table I,10.1159/000156277,NA,NA,NA,15.22,NA,"derived both-hemisphere value (step 7: left+right, or 2x a one-side measurement); cite this source for the one-side figure",NA,Selected_collection,1,1,1986
Miopithecus talapoin,Nucleus_vestibularis_superior_unilateral_Vol.mm3,Matano__1986_TableI,Matano (1986) Table I,10.1159/000156277,Selected_collection,1986,7.61,7.61,0,sole source,1,Selected_collection,1,1,1986
Miopithecus talapoin,Schizo_cortex_Vol.mm3,Stephan_etal_1981_TableVI,Stephan et al. (1981) Table VI,10.1159/000155963,Selected_collection,1981,259,259,0,sole source,1,Selected_collection,1,1,1981
Miopithecus talapoin,Septum_Vol.mm3,Stephan_etal_1981_TableVI,Stephan et al. (1981) Table VI,10.1159/000155963,Selected_collection,1981,133,133,0,sole source,1,Selected_collection,1,1,1981
Miopithecus talapoin,Striatum_Vol.mm3,Stephan_etal_1981_TableVI,Stephan et al. (1981) Table VI,10.1159/000155963,Selected_collection,1981,1908,1908,0,sole source,1,Selected_collection,1,1,1981
Miopithecus talapoin,Telencephalon_Vol.mm3,Stephan_etal_1981_TableIII,Stephan et al. (1981) Table III,10.1159/000155963,Selected_collection,1981,30166,30166,0,sole source,1,Selected_collection,1,1,1981
Miopithecus talapoin,Total_brain_net_volume_Vol.mm3,Stephan_etal_1981_TableIII,Stephan et al. (1981) Table III,10.1159/000155963,Selected_collection,1981,37776,37776,0,sole source,1,Selected_collection,1,1,1981
Miopithecus talapoin,Ventral_pons_Vol.mm3,Matano_etal_1985_b_Table1,Matano et al. (1985) Table 1,10.1159/000156211,Selected_collection,1985,273.7,273.7,0,sole source,1,Selected_collection,1,1,1985
Miopithecus talapoin,Ventricles_Vol.mm3,Stephan_etal_1981_TableIII,Stephan et al. (1981) Table III,10.1159/000155963,Selected_collection,1981,262,262,0,sole source,1,Selected_collection,1,1,1981
Nasalis larvatus,Body_Mass.g,Stephan_etal_1981_TableIII,Stephan et al. (1981) Table III,10.1159/000155963,Selected_collection,1981,14000,14000,0,reference table used (mass rule: other sources not averaged in),1,Selected_collection,1,1,1981
Nasalis larvatus,Brain_Mass.mg,Stephan_etal_1981_TableIII,Stephan et al. (1981) Table III,10.1159/000155963,Selected_collection,1981,97000,97000,0,reference table used (mass rule: other sources not averaged in),1,Selected_collection,1,1,1981
Nasalis larvatus,Bulbus_olfactorius_Vol.mm3,Stephan_etal_1981_TableVI,Stephan et al. (1981) Table VI,10.1159/000155963,Selected_collection,1981,30.3,30.3,0,sole source,1,Selected_collection,1,1,1981
Nasalis larvatus,Bulbus_olfactorius_accessorius_Vol.mm3,Stephan_etal_1981_TableVI,Stephan et al. (1981) Table VI,10.1159/000155963,Selected_collection,1981,0,0,NA,sole source,1,Selected_collection,1,1,1981
Nasalis larvatus,Capsula_interna_Vol.mm3,Stephan_etal_1981_TableVIII,Stephan et al. (1981) Table VIII,10.1159/000155963,Selected_collection,1981,564,564,0,sole source,1,Selected_collection,1,1,1981
Nasalis larvatus,Cerebellar_nuclei_total_Vol.mm3,Matano_etal_1985_a_Table1,Matano et al. (1985) Table 1,10.1159/000156212,Selected_collection,1985,340.36,340.36,0,sole source,1,Selected_collection,1,1,1985
Nasalis larvatus,Cerebellum_Vol.mm3,Stephan_etal_1981_TableIII,Stephan et al. (1981) Table III,10.1159/000155963,Selected_collection,1981,12113,12113,0,sole source,1,Selected_collection,1,1,1981
Nasalis larvatus,Complexus_vestibularis_Vol.mm3,Matano__1986_TableI,Matano (1986) Table I,10.1159/000156277,NA,NA,NA,172.4,NA,"derived both-hemisphere value (step 7: left+right, or 2x a one-side measurement); cite this source for the one-side figure",NA,Selected_collection,1,1,1986
Nasalis larvatus,Complexus_vestibularis_unilateral_Vol.mm3,Matano__1986_TableI,Matano (1986) Table I,10.1159/000156277,Selected_collection,1986,86.2,86.2,0,sole source,1,Selected_collection,1,1,1986
Nasalis larvatus,Corpus_geniculatum_laterale_Vol.mm3,deSousa_etal_2013_Table1,deSousa et al. (2013) Table 1,10.1159/000346495,Selected_collection,2013,156.6,156.6,0,sole source,1,Selected_collection,1,1,2013
Nasalis larvatus,Diencephalon_Vol.mm3,Stephan_etal_1981_TableIII,Stephan et al. (1981) Table III,10.1159/000155963,Selected_collection,1981,5310,5310,0,sole source,1,Selected_collection,1,1,1981
Nasalis larvatus,Epithalamus_Vol.mm3,Stephan_etal_1981_TableVIII,Stephan et al. (1981) Table VIII,10.1159/000155963,Selected_collection,1981,29.6,29.6,0,sole source,1,Selected_collection,1,1,1981
Nasalis larvatus,Hippocampus_Vol.mm3,Stephan_etal_1981_TableVI,Stephan et al. (1981) Table VI,10.1159/000155963,Selected_collection,1981,1966,1966,0,sole source,1,Selected_collection,1,1,1981
Nasalis larvatus,Hypothalamus_Vol.mm3,Stephan_etal_1981_TableVIII,Stephan et al. (1981) Table VIII,10.1159/000155963,Selected_collection,1981,671,671,0,sole source,1,Selected_collection,1,1,1981
Nasalis larvatus,Interpositus_cerebellar_nuclei_Vol.mm3,Matano_etal_1985_a_Table1,Matano et al. (1985) Table 1,10.1159/000156212,Selected_collection,1985,105.48,105.48,0,sole source,1,Selected_collection,1,1,1985
Nasalis larvatus,Lateral_cerebellar_nuclei_Vol.mm3,Matano_etal_1985_a_Table1,Matano et al. (1985) Table 1,10.1159/000156212,Selected_collection,1985,149.33,149.33,0,sole source,1,Selected_collection,1,1,1985
Nasalis larvatus,Lobus_piriformis_Vol.mm3,Stephan_etal_1981_TableVI,Stephan et al. (1981) Table VI,10.1159/000155963,Selected_collection,1981,1268,1268,0,sole source,1,Selected_collection,1,1,1981
Nasalis larvatus,Medial_cerebellar_nuclei_Vol.mm3,Matano_etal_1985_a_Table1,Matano et al. (1985) Table 1,10.1159/000156212,Selected_collection,1985,85.55,85.55,0,sole source,1,Selected_collection,1,1,1985
Nasalis larvatus,Medulla_oblongata_Vol.mm3,Stephan_etal_1981_TableIII,Stephan et al. (1981) Table III,10.1159/000155963,Selected_collection,1981,2945,2945,0,sole source,1,Selected_collection,1,1,1981
Nasalis larvatus,Mesencephalon_Vol.mm3,Stephan_etal_1981_TableIII,Stephan et al. (1981) Table III,10.1159/000155963,Selected_collection,1981,1556,1556,0,sole source,1,Selected_collection,1,1,1981
Nasalis larvatus,Neocortex_Vol.mm3,Stephan_etal_1981_TableVI,Stephan et al. (1981) Table VI,10.1159/000155963,Selected_collection,1981,62685,62685,0,sole source,1,Selected_collection,1,1,1981
Nasalis larvatus,Nucleus_subthalamicus_Vol.mm3,Stephan_etal_1981_TableVIII,Stephan et al. (1981) Table VIII,10.1159/000155963,Selected_collection,1981,37.2,37.2,0,sole source,1,Selected_collection,1,1,1981
Nasalis larvatus,Nucleus_vestibularis_descendens_Vol.mm3,Matano__1986_TableI,Matano (1986) Table I,10.1159/000156277,NA,NA,NA,50.4,NA,"derived both-hemisphere value (step 7: left+right, or 2x a one-side measurement); cite this source for the one-side figure",NA,Selected_collection,1,1,1986
Nasalis larvatus,Nucleus_vestibularis_descendens_unilateral_Vol.mm3,Matano__1986_TableI,Matano (1986) Table I,10.1159/000156277,Selected_collection,1986,25.2,25.2,0,sole source,1,Selected_collection,1,1,1986
Nasalis larvatus,Nucleus_vestibularis_lateralis_Vol.mm3,Matano__1986_TableI,Matano (1986) Table I,10.1159/000156277,NA,NA,NA,29.6,NA,"derived both-hemisphere value (step 7: left+right, or 2x a one-side measurement); cite this source for the one-side figure",NA,Selected_collection,1,1,1986
Nasalis larvatus,Nucleus_vestibularis_lateralis_unilateral_Vol.mm3,Matano__1986_TableI,Matano (1986) Table I,10.1159/000156277,Selected_collection,1986,14.8,14.8,0,sole source,1,Selected_collection,1,1,1986
Nasalis larvatus,Nucleus_vestibularis_medialis_Vol.mm3,Matano__1986_TableI,Matano (1986) Table I,10.1159/000156277,NA,NA,NA,67.2,NA,"derived both-hemisphere value (step 7: left+right, or 2x a one-side measurement); cite this source for the one-side figure",NA,Selected_collection,1,1,1986
Nasalis larvatus,Nucleus_vestibularis_medialis_unilateral_Vol.mm3,Matano__1986_TableI,Matano (1986) Table I,10.1159/000156277,Selected_collection,1986,33.6,33.6,0,sole source,1,Selected_collection,1,1,1986
Nasalis larvatus,Nucleus_vestibularis_superior_Vol.mm3,Matano__1986_TableI,Matano (1986) Table I,10.1159/000156277,NA,NA,NA,25.2,NA,"derived both-hemisphere value (step 7: left+right, or 2x a one-side measurement); cite this source for the one-side figure",NA,Selected_collection,1,1,1986
Nasalis larvatus,Nucleus_vestibularis_superior_unilateral_Vol.mm3,Matano__1986_TableI,Matano (1986) Table I,10.1159/000156277,Selected_collection,1986,12.6,12.6,0,sole source,1,Selected_collection,1,1,1986
Nasalis larvatus,Pallidum_Vol.mm3,Stephan_etal_1981_TableVIII,Stephan et al. (1981) Table VIII,10.1159/000155963,Selected_collection,1981,550,550,0,sole source,1,Selected_collection,1,1,1981
Nasalis larvatus,Schizo_cortex_Vol.mm3,Stephan_etal_1981_TableVI,Stephan et al. (1981) Table VI,10.1159/000155963,Selected_collection,1981,855,855,0,sole source,1,Selected_collection,1,1,1981
Nasalis larvatus,Septum_Vol.mm3,Stephan_etal_1981_TableVI,Stephan et al. (1981) Table VI,10.1159/000155963,Selected_collection,1981,333,333,0,sole source,1,Selected_collection,1,1,1981
Nasalis larvatus,Striatum_Vol.mm3,Stephan_etal_1981_TableVI,Stephan et al. (1981) Table VI,10.1159/000155963,Selected_collection,1981,3735,3735,0,sole source,1,Selected_collection,1,1,1981
Nasalis larvatus,Subthalamus_Vol.mm3,Stephan_etal_1981_TableVIII,Stephan et al. (1981) Table VIII,10.1159/000155963,Selected_collection,1981,587,587,0,sole source,1,Selected_collection,1,1,1981
Nasalis larvatus,Telencephalon_Vol.mm3,Stephan_etal_1981_TableIII,Stephan et al. (1981) Table III,10.1159/000155963,Selected_collection,1981,70873,70873,0,sole source,1,Selected_collection,1,1,1981
Nasalis larvatus,Thalamus_Vol.mm3,Stephan_etal_1981_TableVIII,Stephan et al. (1981) Table VIII,10.1159/000155963,Selected_collection,1981,3036,3036,0,sole source,1,Selected_collection,1,1,1981
Nasalis larvatus,Total_brain_net_volume_Vol.mm3,Stephan_etal_1981_TableIII,Stephan et al. (1981) Table III,10.1159/000155963,Selected_collection,1981,92797,92797,0,sole source,1,Selected_collection,1,1,1981
Nasalis larvatus,Tractus_opticus_Vol.mm3,Stephan_etal_1981_TableVIII,Stephan et al. (1981) Table VIII,10.1159/000155963,Selected_collection,1981,304,304,0,sole source,1,Selected_collection,1,1,1981
Nasalis larvatus,Ventral_pons_Vol.mm3,Matano_etal_1985_b_Table1,Matano et al. (1985) Table 1,10.1159/000156211,Selected_collection,1985,967.4,967.4,0,sole source,1,Selected_collection,1,1,1985
Nasalis larvatus,Ventricles_Vol.mm3,Stephan_etal_1981_TableIII,Stephan et al. (1981) Table III,10.1159/000155963,Selected_collection,1981,591,591,0,sole source,1,Selected_collection,1,1,1981
Nycticebus coucang,Area_striata_Vol.mm3,Frahm_etal_1984_Table1,Frahm et al. (1984) Table 1,PMID:6501869,Selected_collection,1984,828,828,0,sole source,1,Selected_collection,1,1,1984
Nycticebus coucang,Area_striata_grey_matter_Vol.mm3,Frahm_etal_1984_Table1,Frahm et al. (1984) Table 1,PMID:6501869,Selected_collection,1984,696,696,0,sole source,1,Selected_collection,1,1,1984
Nycticebus coucang,Area_striata_lamina_1_Vol.mm3,Frahm_etal_1984_Table1,Frahm et al. (1984) Table 1,PMID:6501869,Selected_collection,1984,93.8,93.8,0,sole source,1,Selected_collection,1,1,1984
Nycticebus coucang,Area_striata_laminae_2_6_Vol.mm3,Frahm_etal_1984_Table1,Frahm et al. (1984) Table 1,PMID:6501869,Selected_collection,1984,603,603,0,sole source,1,Selected_collection,1,1,1984
Nycticebus coucang,Area_striata_white_matter_Vol.mm3,Frahm_etal_1984_Table1,Frahm et al. (1984) Table 1,PMID:6501869,Selected_collection,1984,132,132,0,sole source,1,Selected_collection,1,1,1984
Nycticebus coucang,Body_Mass.g,Stephan_etal_1981_TableII,Stephan et al. (1981) Table II,10.1159/000155963,Selected_collection,1981,800,800,0,reference table used (mass rule: other sources not averaged in),1,Selected_collection,1,1,1981
Nycticebus coucang,Brain_Mass.mg,Stephan_etal_1981_TableII,Stephan et al. (1981) Table II,10.1159/000155963,Selected_collection,1981,12500,12500,0,reference table used (mass rule: other sources not averaged in),1,Selected_collection,1,1,1981
Nycticebus coucang,Bulbus_olfactorius_Vol.mm3,Stephan_etal_1981_TableV,Stephan et al. (1981) Table V,10.1159/000155963,Selected_collection,1981,159,159,0,sole source,1,Selected_collection,1,1,1981
Nycticebus coucang,Bulbus_olfactorius_accessorius_Vol.mm3,Stephan_etal_1981_TableV,Stephan et al. (1981) Table V,10.1159/000155963,Selected_collection,1981,4.28,4.28,0,sole source,1,Selected_collection,1,1,1981
Nycticebus coucang,Cerebellar_nuclei_total_Vol.mm3,Matano_etal_1985_a_Table1,Matano et al. (1985) Table 1,10.1159/000156212,Selected_collection,1985,33.75,33.75,0,sole source,1,Selected_collection,1,1,1985
Nycticebus coucang,Cerebellum_Vol.mm3,Stephan_etal_1981_TableII,Stephan et al. (1981) Table II,10.1159/000155963,Selected_collection,1981,1310,1310,0,sole source,1,Selected_collection,1,1,1981
Nycticebus coucang,Complexus_vestibularis_Vol.mm3,Matano__1986_TableI,Matano (1986) Table I,10.1159/000156277,NA,NA,NA,37,NA,"derived both-hemisphere value (step 7: left+right, or 2x a one-side measurement); cite this source for the one-side figure",NA,Selected_collection,1,1,1986
Nycticebus coucang,Complexus_vestibularis_unilateral_Vol.mm3,Matano__1986_TableI,Matano (1986) Table I,10.1159/000156277,Selected_collection,1986,18.5,18.5,0,sole source,1,Selected_collection,1,1,1986
Nycticebus coucang,Corpus_geniculatum_laterale_Vol.mm3,Stephan_etal_1984_Table1,Stephan et al. (1984) Table 1,PMID:6481154,Selected_collection,1984,35.9,35.9,0,sole source,1,Selected_collection,1,1,1984
Nycticebus coucang,Corpus_pineal_Vol.mm3,Stephan_etal_1981_TableXV,Stephan et al. (1981) Table XV,10.1159/000155963,Selected_collection,1981,1.83,1.83,0,sole source,1,Selected_collection,1,1,1981
Nycticebus coucang,Corpus_subcommissurale_Vol.mm3,Stephan_etal_1981_TableXV,Stephan et al. (1981) Table XV,10.1159/000155963,Selected_collection,1981,0.154,0.154,0,sole source,1,Selected_collection,1,1,1981
Nycticebus coucang,Corpus_subfornicale_Vol.mm3,Stephan_etal_1981_TableXV,Stephan et al. (1981) Table XV,10.1159/000155963,Selected_collection,1981,0.175,0.175,0,sole source,1,Selected_collection,1,1,1981
Nycticebus coucang,Diencephalon_Vol.mm3,Stephan_etal_1981_TableII,Stephan et al. (1981) Table II,10.1159/000155963,Selected_collection,1981,1077,1077,0,sole source,1,Selected_collection,1,1,1981
Nycticebus coucang,Hippocampus_Vol.mm3,Stephan_etal_1981_TableV,Stephan et al. (1981) Table V,10.1159/000155963,Selected_collection,1981,566,566,0,sole source,1,Selected_collection,1,1,1981
Nycticebus coucang,Interpositus_cerebellar_nuclei_Vol.mm3,Matano_etal_1985_a_Table1,Matano et al. (1985) Table 1,10.1159/000156212,Selected_collection,1985,8.76,8.76,0,sole source,1,Selected_collection,1,1,1985
Nycticebus coucang,Lateral_cerebellar_nuclei_Vol.mm3,Matano_etal_1985_a_Table1,Matano et al. (1985) Table 1,10.1159/000156212,Selected_collection,1985,14.03,14.03,0,sole source,1,Selected_collection,1,1,1985
Nycticebus coucang,Lobus_piriformis_Vol.mm3,Stephan_etal_1981_TableV,Stephan et al. (1981) Table V,10.1159/000155963,Selected_collection,1981,510,510,0,sole source,1,Selected_collection,1,1,1981
Nycticebus coucang,Medial_cerebellar_nuclei_Vol.mm3,Matano_etal_1985_a_Table1,Matano et al. (1985) Table 1,10.1159/000156212,Selected_collection,1985,10.96,10.96,0,sole source,1,Selected_collection,1,1,1985
Nycticebus coucang,Medulla_oblongata_Vol.mm3,Stephan_etal_1981_TableII,Stephan et al. (1981) Table II,10.1159/000155963,Selected_collection,1981,528,528,0,sole source,1,Selected_collection,1,1,1981
Nycticebus coucang,Mesencephalon_Vol.mm3,Stephan_etal_1981_TableII,Stephan et al. (1981) Table II,10.1159/000155963,Selected_collection,1981,345,345,0,sole source,1,Selected_collection,1,1,1981
Nycticebus coucang,Neocortex_Vol.mm3,Frahm_etal_1982_Table2,Frahm et al. (1982) Table 2,PMID:7161477,Selected_collection,1982,6192,6192,0,sole source,1,Selected_collection,1,1,1982
Nycticebus coucang,Neocortex_grey_matter_Vol.mm3,Frahm_etal_1982_Table2,Frahm et al. (1982) Table 2,PMID:7161477,Selected_collection,1982,4952,4952,0,sole source,1,Selected_collection,1,1,1982
Nycticebus coucang,Neocortex_lamina_1_Vol.mm3,Frahm_etal_1982_Table2,Frahm et al. (1982) Table 2,PMID:7161477,Selected_collection,1982,712.7,712.7,0,sole source,1,Selected_collection,1,1,1982
Nycticebus coucang,Neocortex_laminae_2_6_Vol.mm3,Frahm_etal_1982_Table2,Frahm et al. (1982) Table 2,PMID:7161477,Selected_collection,1982,4240,4240,0,sole source,1,Selected_collection,1,1,1982
Nycticebus coucang,Neocortex_white_matter_Vol.mm3,Frahm_etal_1982_Table2,Frahm et al. (1982) Table 2,PMID:7161477,Selected_collection,1982,1240,1240,0,sole source,1,Selected_collection,1,1,1982
Nycticebus coucang,Nucleus_habenularis_medialis_Vol.mm3,Stephan_etal_1981_TableXV,Stephan et al. (1981) Table XV,10.1159/000155963,Selected_collection,1981,2.04,2.04,0,sole source,1,Selected_collection,1,1,1981
Nycticebus coucang,Nucleus_septalis_triangularis_Vol.mm3,Stephan_etal_1981_TableXV,Stephan et al. (1981) Table XV,10.1159/000155963,Selected_collection,1981,1.34,1.34,0,sole source,1,Selected_collection,1,1,1981
Nycticebus coucang,Nucleus_vestibularis_descendens_Vol.mm3,Matano__1986_TableI,Matano (1986) Table I,10.1159/000156277,NA,NA,NA,10.28,NA,"derived both-hemisphere value (step 7: left+right, or 2x a one-side measurement); cite this source for the one-side figure",NA,Selected_collection,1,1,1986
Nycticebus coucang,Nucleus_vestibularis_descendens_unilateral_Vol.mm3,Matano__1986_TableI,Matano (1986) Table I,10.1159/000156277,Selected_collection,1986,5.14,5.14,0,sole source,1,Selected_collection,1,1,1986
Nycticebus coucang,Nucleus_vestibularis_lateralis_Vol.mm3,Matano__1986_TableI,Matano (1986) Table I,10.1159/000156277,NA,NA,NA,6.1,NA,"derived both-hemisphere value (step 7: left+right, or 2x a one-side measurement); cite this source for the one-side figure",NA,Selected_collection,1,1,1986
Nycticebus coucang,Nucleus_vestibularis_lateralis_unilateral_Vol.mm3,Matano__1986_TableI,Matano (1986) Table I,10.1159/000156277,Selected_collection,1986,3.05,3.05,0,sole source,1,Selected_collection,1,1,1986
Nycticebus coucang,Nucleus_vestibularis_medialis_Vol.mm3,Matano__1986_TableI,Matano (1986) Table I,10.1159/000156277,NA,NA,NA,14.64,NA,"derived both-hemisphere value (step 7: left+right, or 2x a one-side measurement); cite this source for the one-side figure",NA,Selected_collection,1,1,1986
Nycticebus coucang,Nucleus_vestibularis_medialis_unilateral_Vol.mm3,Matano__1986_TableI,Matano (1986) Table I,10.1159/000156277,Selected_collection,1986,7.32,7.32,0,sole source,1,Selected_collection,1,1,1986
Nycticebus coucang,Nucleus_vestibularis_superior_Vol.mm3,Matano__1986_TableI,Matano (1986) Table I,10.1159/000156277,NA,NA,NA,6.06,NA,"derived both-hemisphere value (step 7: left+right, or 2x a one-side measurement); cite this source for the one-side figure",NA,Selected_collection,1,1,1986
Nycticebus coucang,Nucleus_vestibularis_superior_unilateral_Vol.mm3,Matano__1986_TableI,Matano (1986) Table I,10.1159/000156277,Selected_collection,1986,3.03,3.03,0,sole source,1,Selected_collection,1,1,1986
Nycticebus coucang,Schizo_cortex_Vol.mm3,Stephan_etal_1981_TableV,Stephan et al. (1981) Table V,10.1159/000155963,Selected_collection,1981,212,212,0,sole source,1,Selected_collection,1,1,1981
Nycticebus coucang,Septum_Vol.mm3,Stephan_etal_1981_TableV,Stephan et al. (1981) Table V,10.1159/000155963,Selected_collection,1981,92,92,0,sole source,1,Selected_collection,1,1,1981
Nycticebus coucang,Striatum_Vol.mm3,Stephan_etal_1981_TableV,Stephan et al. (1981) Table V,10.1159/000155963,Selected_collection,1981,760,760,0,sole source,1,Selected_collection,1,1,1981
Nycticebus coucang,Telencephalon_Vol.mm3,Stephan_etal_1981_TableII,Stephan et al. (1981) Table II,10.1159/000155963,Selected_collection,1981,8495,8495,0,sole source,1,Selected_collection,1,1,1981
Nycticebus coucang,Total_brain_net_volume_Vol.mm3,Stephan_etal_1981_TableII,Stephan et al. (1981) Table II,10.1159/000155963,Selected_collection,1981,11755,11755,0,sole source,1,Selected_collection,1,1,1981
Nycticebus coucang,Ventral_pons_Vol.mm3,Matano_etal_1985_b_Table1,Matano et al. (1985) Table 1,10.1159/000156211,Selected_collection,1985,63.8,63.8,0,sole source,1,Selected_collection,1,1,1985
Nycticebus coucang,Ventricles_Vol.mm3,Stephan_etal_1981_TableII,Stephan et al. (1981) Table II,10.1159/000155963,Selected_collection,1981,142,142,0,sole source,1,Selected_collection,1,1,1981
Otolemur crassicaudatus,Area_striata_Vol.mm3,Frahm_etal_1984_Table1,Frahm et al. (1984) Table 1,PMID:6501869,Selected_collection,1984,548,548,0,sole source,1,Selected_collection,1,1,1984
Otolemur crassicaudatus,Area_striata_grey_matter_Vol.mm3,Frahm_etal_1984_Table1,Frahm et al. (1984) Table 1,PMID:6501869,Selected_collection,1984,479,479,0,sole source,1,Selected_collection,1,1,1984
Otolemur crassicaudatus,Area_striata_white_matter_Vol.mm3,Frahm_etal_1984_Table1,Frahm et al. (1984) Table 1,PMID:6501869,Selected_collection,1984,68.4,68.4,0,sole source,1,Selected_collection,1,1,1984
Otolemur crassicaudatus,Body_Mass.g,Stephan_etal_1981_TableII,Stephan et al. (1981) Table II,10.1159/000155963,Selected_collection,1981,850,850,0,reference table used (mass rule: other sources not averaged in),1,Selected_collection,1,1,1981
Otolemur crassicaudatus,Brain_Mass.mg,Stephan_etal_1981_TableII,Stephan et al. (1981) Table II,10.1159/000155963,Selected_collection,1981,10300,10300,0,reference table used (mass rule: other sources not averaged in),1,Selected_collection,1,1,1981
Otolemur crassicaudatus,Bulbus_olfactorius_Vol.mm3,Stephan_etal_1981_TableV,Stephan et al. (1981) Table V,10.1159/000155963,Selected_collection,1981,166,166,0,sole source,1,Selected_collection,1,1,1981
Otolemur crassicaudatus,Bulbus_olfactorius_accessorius_Vol.mm3,Stephan_etal_1981_TableV,Stephan et al. (1981) Table V,10.1159/000155963,Selected_collection,1981,2.52,2.52,0,sole source,1,Selected_collection,1,1,1981
Otolemur crassicaudatus,Capsula_interna_Vol.mm3,Stephan_etal_1981_TableVIII,Stephan et al. (1981) Table VIII,10.1159/000155963,Selected_collection,1981,74.6,74.6,0,sole source,1,Selected_collection,1,1,1981
Otolemur crassicaudatus,Cerebellar_nuclei_total_Vol.mm3,Matano_etal_1985_a_Table1,Matano et al. (1985) Table 1,10.1159/000156212,Selected_collection,1985,25.9,25.9,0,sole source,1,Selected_collection,1,1,1985
Otolemur crassicaudatus,Cerebellum_Vol.mm3,Stephan_etal_1981_TableII,Stephan et al. (1981) Table II,10.1159/000155963,Selected_collection,1981,1414,1414,0,sole source,1,Selected_collection,1,1,1981
Otolemur crassicaudatus,Complexus_vestibularis_Vol.mm3,Matano__1986_TableI,Matano (1986) Table I,10.1159/000156277,NA,NA,NA,39.8,NA,"derived both-hemisphere value (step 7: left+right, or 2x a one-side measurement); cite this source for the one-side figure",NA,Selected_collection,1,1,1986
Otolemur crassicaudatus,Complexus_vestibularis_unilateral_Vol.mm3,Matano__1986_TableI,Matano (1986) Table I,10.1159/000156277,Selected_collection,1986,19.9,19.9,0,sole source,1,Selected_collection,1,1,1986
Otolemur crassicaudatus,Corpus_geniculatum_laterale_Vol.mm3,Stephan_etal_1984_Table1,Stephan et al. (1984) Table 1,PMID:6481154,Selected_collection,1984,23.2,23.2,0,sole source,1,Selected_collection,1,1,1984
Otolemur crassicaudatus,Corpus_pineal_Vol.mm3,Stephan_etal_1981_TableXV,Stephan et al. (1981) Table XV,10.1159/000155963,Selected_collection,1981,1.02,1.02,0,sole source,1,Selected_collection,1,1,1981
Otolemur crassicaudatus,Corpus_subcommissurale_Vol.mm3,Stephan_etal_1981_TableXV,Stephan et al. (1981) Table XV,10.1159/000155963,Selected_collection,1981,0.102,0.102,0,sole source,1,Selected_collection,1,1,1981
Otolemur crassicaudatus,Corpus_subfornicale_Vol.mm3,Stephan_etal_1981_TableXV,Stephan et al. (1981) Table XV,10.1159/000155963,Selected_collection,1981,0.0948,0.0948,0,sole source,1,Selected_collection,1,1,1981
Otolemur crassicaudatus,Diencephalon_Vol.mm3,Stephan_etal_1981_TableII,Stephan et al. (1981) Table II,10.1159/000155963,Selected_collection,1981,785,785,0,sole source,1,Selected_collection,1,1,1981
Otolemur crassicaudatus,Epithalamus_Vol.mm3,Stephan_etal_1981_TableVIII,Stephan et al. (1981) Table VIII,10.1159/000155963,Selected_collection,1981,5.71,5.71,0,sole source,1,Selected_collection,1,1,1981
Otolemur crassicaudatus,Hippocampus_Vol.mm3,Stephan_etal_1981_TableV,Stephan et al. (1981) Table V,10.1159/000155963,Selected_collection,1981,461,461,0,sole source,1,Selected_collection,1,1,1981
Otolemur crassicaudatus,Hypothalamus_Vol.mm3,Stephan_etal_1981_TableVIII,Stephan et al. (1981) Table VIII,10.1159/000155963,Selected_collection,1981,127,127,0,sole source,1,Selected_collection,1,1,1981
Otolemur crassicaudatus,Interpositus_cerebellar_nuclei_Vol.mm3,Matano_etal_1985_a_Table1,Matano et al. (1985) Table 1,10.1159/000156212,Selected_collection,1985,6.63,6.63,0,sole source,1,Selected_collection,1,1,1985
Otolemur crassicaudatus,Lateral_cerebellar_nuclei_Vol.mm3,Matano_etal_1985_a_Table1,Matano et al. (1985) Table 1,10.1159/000156212,Selected_collection,1985,9.64,9.64,0,sole source,1,Selected_collection,1,1,1985
Otolemur crassicaudatus,Lobus_piriformis_Vol.mm3,Stephan_etal_1981_TableV,Stephan et al. (1981) Table V,10.1159/000155963,Selected_collection,1981,386,386,0,sole source,1,Selected_collection,1,1,1981
Otolemur crassicaudatus,Medial_cerebellar_nuclei_Vol.mm3,Matano_etal_1985_a_Table1,Matano et al. (1985) Table 1,10.1159/000156212,Selected_collection,1985,9.63,9.63,0,sole source,1,Selected_collection,1,1,1985
Otolemur crassicaudatus,Medulla_oblongata_Vol.mm3,Stephan_etal_1981_TableII,Stephan et al. (1981) Table II,10.1159/000155963,Selected_collection,1981,540,540,0,sole source,1,Selected_collection,1,1,1981
Otolemur crassicaudatus,Mesencephalon_Vol.mm3,Stephan_etal_1981_TableII,Stephan et al. (1981) Table II,10.1159/000155963,Selected_collection,1981,384,384,0,sole source,1,Selected_collection,1,1,1981
Otolemur crassicaudatus,Neocortex_Vol.mm3,Stephan_etal_1981_TableV,Stephan et al. (1981) Table V,10.1159/000155963,Selected_collection,1981,4723,4723,0,sole source,1,Selected_collection,1,1,1981
Otolemur crassicaudatus,Nucleus_habenularis_medialis_Vol.mm3,Stephan_etal_1981_TableXV,Stephan et al. (1981) Table XV,10.1159/000155963,Selected_collection,1981,1.64,1.64,0,sole source,1,Selected_collection,1,1,1981
Otolemur crassicaudatus,Nucleus_septalis_triangularis_Vol.mm3,Stephan_etal_1981_TableXV,Stephan et al. (1981) Table XV,10.1159/000155963,Selected_collection,1981,0.695,0.695,0,sole source,1,Selected_collection,1,1,1981
Otolemur crassicaudatus,Nucleus_subthalamicus_Vol.mm3,Stephan_etal_1981_TableVIII,Stephan et al. (1981) Table VIII,10.1159/000155963,Selected_collection,1981,4.1,4.1,0,sole source,1,Selected_collection,1,1,1981
Otolemur crassicaudatus,Nucleus_vestibularis_descendens_Vol.mm3,Matano__1986_TableI,Matano (1986) Table I,10.1159/000156277,NA,NA,NA,14.02,NA,"derived both-hemisphere value (step 7: left+right, or 2x a one-side measurement); cite this source for the one-side figure",NA,Selected_collection,1,1,1986
Otolemur crassicaudatus,Nucleus_vestibularis_descendens_unilateral_Vol.mm3,Matano__1986_TableI,Matano (1986) Table I,10.1159/000156277,Selected_collection,1986,7.01,7.01,0,sole source,1,Selected_collection,1,1,1986
Otolemur crassicaudatus,Nucleus_vestibularis_lateralis_Vol.mm3,Matano__1986_TableI,Matano (1986) Table I,10.1159/000156277,NA,NA,NA,5.74,NA,"derived both-hemisphere value (step 7: left+right, or 2x a one-side measurement); cite this source for the one-side figure",NA,Selected_collection,1,1,1986
Otolemur crassicaudatus,Nucleus_vestibularis_lateralis_unilateral_Vol.mm3,Matano__1986_TableI,Matano (1986) Table I,10.1159/000156277,Selected_collection,1986,2.87,2.87,0,sole source,1,Selected_collection,1,1,1986
Otolemur crassicaudatus,Nucleus_vestibularis_medialis_Vol.mm3,Matano__1986_TableI,Matano (1986) Table I,10.1159/000156277,NA,NA,NA,14.32,NA,"derived both-hemisphere value (step 7: left+right, or 2x a one-side measurement); cite this source for the one-side figure",NA,Selected_collection,1,1,1986
Otolemur crassicaudatus,Nucleus_vestibularis_medialis_unilateral_Vol.mm3,Matano__1986_TableI,Matano (1986) Table I,10.1159/000156277,Selected_collection,1986,7.16,7.16,0,sole source,1,Selected_collection,1,1,1986
Otolemur crassicaudatus,Nucleus_vestibularis_superior_Vol.mm3,Matano__1986_TableI,Matano (1986) Table I,10.1159/000156277,NA,NA,NA,5.7,NA,"derived both-hemisphere value (step 7: left+right, or 2x a one-side measurement); cite this source for the one-side figure",NA,Selected_collection,1,1,1986
Otolemur crassicaudatus,Nucleus_vestibularis_superior_unilateral_Vol.mm3,Matano__1986_TableI,Matano (1986) Table I,10.1159/000156277,Selected_collection,1986,2.85,2.85,0,sole source,1,Selected_collection,1,1,1986
Otolemur crassicaudatus,Pallidum_Vol.mm3,Stephan_etal_1981_TableVIII,Stephan et al. (1981) Table VIII,10.1159/000155963,Selected_collection,1981,63.3,63.3,0,sole source,1,Selected_collection,1,1,1981
Otolemur crassicaudatus,Schizo_cortex_Vol.mm3,Stephan_etal_1981_TableV,Stephan et al. (1981) Table V,10.1159/000155963,Selected_collection,1981,181,181,0,sole source,1,Selected_collection,1,1,1981
Otolemur crassicaudatus,Septum_Vol.mm3,Stephan_etal_1981_TableV,Stephan et al. (1981) Table V,10.1159/000155963,Selected_collection,1981,70,70,0,sole source,1,Selected_collection,1,1,1981
Otolemur crassicaudatus,Striatum_Vol.mm3,Stephan_etal_1981_TableV,Stephan et al. (1981) Table V,10.1159/000155963,Selected_collection,1981,556,556,0,sole source,1,Selected_collection,1,1,1981
Otolemur crassicaudatus,Subthalamus_Vol.mm3,Stephan_etal_1981_TableVIII,Stephan et al. (1981) Table VIII,10.1159/000155963,Selected_collection,1981,67.4,67.4,0,sole source,1,Selected_collection,1,1,1981
Otolemur crassicaudatus,Telencephalon_Vol.mm3,Stephan_etal_1981_TableII,Stephan et al. (1981) Table II,10.1159/000155963,Selected_collection,1981,6545,6545,0,sole source,1,Selected_collection,1,1,1981
Otolemur crassicaudatus,Thalamus_Vol.mm3,Stephan_etal_1981_TableVIII,Stephan et al. (1981) Table VIII,10.1159/000155963,Selected_collection,1981,437,437,0,sole source,1,Selected_collection,1,1,1981
Otolemur crassicaudatus,Total_brain_net_volume_Vol.mm3,Stephan_etal_1981_TableII,Stephan et al. (1981) Table II,10.1159/000155963,Selected_collection,1981,9668,9668,0,sole source,1,Selected_collection,1,1,1981
Otolemur crassicaudatus,Tractus_opticus_Vol.mm3,Stephan_etal_1981_TableVIII,Stephan et al. (1981) Table VIII,10.1159/000155963,Selected_collection,1981,33.9,33.9,0,sole source,1,Selected_collection,1,1,1981
Otolemur crassicaudatus,Ventral_pons_Vol.mm3,Matano_etal_1985_b_Table1,Matano et al. (1985) Table 1,10.1159/000156211,Selected_collection,1985,54.5,54.5,0,sole source,1,Selected_collection,1,1,1985
Otolemur crassicaudatus,Ventricles_Vol.mm3,Stephan_etal_1981_TableII,Stephan et al. (1981) Table II,10.1159/000155963,Selected_collection,1981,147,147,0,sole source,1,Selected_collection,1,1,1981
Pan paniscus,Agranular_insular_cortex_Vol.mm3,Bauernfeind_etal_2013_Table1,Bauernfeind et al. (2013) Table 1,10.1016/j.jhevol.2012.12.003,NA,NA,NA,719,NA,"derived both-hemisphere value (step 7: left+right, or 2x a one-side measurement); cite this source for the one-side figure",NA,Selected_collection,1,1,2013
Pan paniscus,Agranular_insular_cortex_left_Vol.mm3,Bauernfeind_etal_2013_Table1,Bauernfeind et al. (2013) Table 1,10.1016/j.jhevol.2012.12.003,Selected_collection,2013,351,351,0,sole source,1,Selected_collection,1,1,2013
Pan paniscus,Agranular_insular_cortex_right_Vol.mm3,Bauernfeind_etal_2013_Table2,Bauernfeind et al. (2013) Table 2,10.1016/j.jhevol.2012.12.003,Selected_collection,2013,368,368,0,sole source,1,Selected_collection,1,1,2013
Pan paniscus,Area_striata_grey_matter_left_Vol.mm3,deSousa_etal_2010_Table1,deSousa et al. (2010) Table 1,10.1016/j.jhevol.2009.11.011,Selected_collection,2010,5800,5800,0,sole source,3,Selected_collection,1,1,2010
Pan paniscus,Body_Mass.g,Bauernfeind_etal_2013_Table1,Bauernfeind et al. (2013) Table 1,10.1016/j.jhevol.2012.12.003,Selected_collection,2013,37133.3333333333,37133.3333333333,0,reference table used (mass rule: other sources not averaged in),1,Selected_collection,1,1,2013
Pan paniscus,Brain_Mass.mg,Bauernfeind_etal_2013_Table1,Bauernfeind et al. (2013) Table 1,10.1016/j.jhevol.2012.12.003,Selected_collection,2013,352,352,0,reference table used (mass rule: other sources not averaged in),1,Selected_collection,1,1,2013
Pan paniscus,Corpus_geniculatum_laterale_Vol.mm3,deSousa_etal_2013_Table1,deSousa et al. (2013) Table 1,10.1159/000346495,Selected_collection,2013,282.3,282.3,0,sole source,1,Selected_collection,1,1,2013
Pan paniscus,Corpus_geniculatum_laterale_left_Vol.mm3,deSousa_etal_2010_Table1,deSousa et al. (2010) Table 1,10.1016/j.jhevol.2009.11.011,Selected_collection,2010,133.33333333333334,133.33333333333334,0,sole source,3,Selected_collection,1,1,2010
Pan paniscus,Dysgranular_insular_cortex_Vol.mm3,Bauernfeind_etal_2013_Table1,Bauernfeind et al. (2013) Table 1,10.1016/j.jhevol.2012.12.003,NA,NA,NA,1729.666666666666,NA,"derived both-hemisphere value (step 7: left+right, or 2x a one-side measurement); cite this source for the one-side figure",NA,Selected_collection,1,1,2013
Pan paniscus,Dysgranular_insular_cortex_left_Vol.mm3,Bauernfeind_etal_2013_Table1,Bauernfeind et al. (2013) Table 1,10.1016/j.jhevol.2012.12.003,Selected_collection,2013,934.333333333333,934.333333333333,0,sole source,1,Selected_collection,1,1,2013
Pan paniscus,Dysgranular_insular_cortex_right_Vol.mm3,Bauernfeind_etal_2013_Table2,Bauernfeind et al. (2013) Table 2,10.1016/j.jhevol.2012.12.003,Selected_collection,2013,795.333333333333,795.333333333333,0,sole source,1,Selected_collection,1,1,2013
Pan paniscus,Granular_insular_cortex_Vol.mm3,Bauernfeind_etal_2013_Table1,Bauernfeind et al. (2013) Table 1,10.1016/j.jhevol.2012.12.003,NA,NA,NA,531.333333333334,NA,"derived both-hemisphere value (step 7: left+right, or 2x a one-side measurement); cite this source for the one-side figure",NA,Selected_collection,1,1,2013
Pan paniscus,Granular_insular_cortex_left_Vol.mm3,Bauernfeind_etal_2013_Table1,Bauernfeind et al. (2013) Table 1,10.1016/j.jhevol.2012.12.003,Selected_collection,2013,260.666666666667,260.666666666667,0,sole source,1,Selected_collection,1,1,2013
Pan paniscus,Granular_insular_cortex_right_Vol.mm3,Bauernfeind_etal_2013_Table2,Bauernfeind et al. (2013) Table 2,10.1016/j.jhevol.2012.12.003,Selected_collection,2013,270.666666666667,270.666666666667,0,sole source,1,Selected_collection,1,1,2013
Pan paniscus,Insula_Vol.mm3,Bauernfeind_etal_2013_Table1,Bauernfeind et al. (2013) Table 1,10.1016/j.jhevol.2012.12.003,NA,NA,NA,3279,NA,"derived both-hemisphere value (step 7: left+right, or 2x a one-side measurement); cite this source for the one-side figure",NA,Selected_collection,1,1,2013
Pan paniscus,Insula_left_Vol.mm3,Bauernfeind_etal_2013_Table1,Bauernfeind et al. (2013) Table 1,10.1016/j.jhevol.2012.12.003,Selected_collection,2013,1690.33333333333,1690.33333333333,0,sole source,1,Selected_collection,1,1,2013
Pan paniscus,Insula_right_Vol.mm3,Bauernfeind_etal_2013_Table2,Bauernfeind et al. (2013) Table 2,10.1016/j.jhevol.2012.12.003,Selected_collection,2013,1588.66666666667,1588.66666666667,0,sole source,1,Selected_collection,1,1,2013
Pan paniscus,Neocortex_Vol.mm3,deSousa_etal_2010_Table1,deSousa et al. (2010) Table 1,10.1016/j.jhevol.2009.11.011,Selected_collection,2010,246700,246700,0,sole source,2,Selected_collection,1,1,2010
Pan paniscus,Total_brain_net_volume_Vol.mm3,Bauernfeind_etal_2013_Table1,Bauernfeind et al. (2013) Table 1,10.1016/j.jhevol.2012.12.003,Selected_collection,2013,339766.666666667,339766.666666667,0,sole source,1,Selected_collection,1,1,2013
Pan paniscus,fronto_insular_cortex_Vol.mm3,Bauernfeind_etal_2013_Table1,Bauernfeind et al. (2013) Table 1,10.1016/j.jhevol.2012.12.003,NA,NA,NA,299.66666666666697,NA,"derived both-hemisphere value (step 7: left+right, or 2x a one-side measurement); cite this source for the one-side figure",NA,Selected_collection,1,1,2013
Pan paniscus,fronto_insular_cortex_left_Vol.mm3,Bauernfeind_etal_2013_Table1,Bauernfeind et al. (2013) Table 1,10.1016/j.jhevol.2012.12.003,Selected_collection,2013,144.666666666667,144.666666666667,0,sole source,1,Selected_collection,1,1,2013
Pan paniscus,fronto_insular_cortex_right_Vol.mm3,Bauernfeind_etal_2013_Table2,Bauernfeind et al. (2013) Table 2,10.1016/j.jhevol.2012.12.003,Selected_collection,2013,155,155,0,sole source,1,Selected_collection,1,1,2013
Pan troglodytes,Agranular_insular_cortex_Vol.mm3,Bauernfeind_etal_2013_Table1,Bauernfeind et al. (2013) Table 1,10.1016/j.jhevol.2012.12.003,NA,NA,NA,322.16666666666697,NA,"derived both-hemisphere value (step 7: left+right, or 2x a one-side measurement); cite this source for the one-side figure",NA,Selected_collection,1,1,2013
Pan troglodytes,Agranular_insular_cortex_left_Vol.mm3,Bauernfeind_etal_2013_Table1,Bauernfeind et al. (2013) Table 1,10.1016/j.jhevol.2012.12.003,Selected_collection,2013,164.666666666667,164.666666666667,0,sole source,1,Selected_collection,1,1,2013
Pan troglodytes,Agranular_insular_cortex_right_Vol.mm3,Bauernfeind_etal_2013_Table2,Bauernfeind et al. (2013) Table 2,10.1016/j.jhevol.2012.12.003,Selected_collection,2013,157.5,157.5,0,sole source,1,Selected_collection,1,1,2013
Pan troglodytes,Area_striata_Vol.mm3,Frahm_etal_1984_Table1,Frahm et al. (1984) Table 1,PMID:6501869,Selected_collection,1984,14597,14597,0,sole source,1,Selected_collection,1,1,1984
Pan troglodytes,Area_striata_grey_matter_Vol.mm3,Frahm_etal_1984_Table1,Frahm et al. (1984) Table 1,PMID:6501869,Selected_collection,1984,10593,10593,0,sole source,1,Selected_collection,1,1,1984
Pan troglodytes,Area_striata_grey_matter_left_Vol.mm3,deSousa_etal_2010_Table1,deSousa et al. (2010) Table 1,10.1016/j.jhevol.2009.11.011,Selected_collection,2010,4142.857142857143,4142.857142857143,0,sole source,7,Selected_collection,1,1,2010
Pan troglodytes,Area_striata_lamina_1_Vol.mm3,Frahm_etal_1984_Table1,Frahm et al. (1984) Table 1,PMID:6501869,Selected_collection,1984,1156,1156,0,sole source,1,Selected_collection,1,1,1984
Pan troglodytes,Area_striata_laminae_2_6_Vol.mm3,Frahm_etal_1984_Table1,Frahm et al. (1984) Table 1,PMID:6501869,Selected_collection,1984,9437,9437,0,sole source,1,Selected_collection,1,1,1984
Pan troglodytes,Area_striata_white_matter_Vol.mm3,Frahm_etal_1984_Table1,Frahm et al. (1984) Table 1,PMID:6501869,Selected_collection,1984,4004,4004,0,sole source,1,Selected_collection,1,1,1984
Pan troglodytes,Body_Mass.g,Stephan_etal_1981_TableIII,Stephan et al. (1981) Table III,10.1159/000155963,Selected_collection,1981,46000,46000,0,reference table used (mass rule: other sources not averaged in),1,Selected_collection,1,1,1981
Pan troglodytes,Brain_Mass.mg,Stephan_etal_1981_TableIII,Stephan et al. (1981) Table III,10.1159/000155963,Selected_collection,1981,405000,405000,0,reference table used (mass rule: other sources not averaged in),1,Selected_collection,1,1,1981
Pan troglodytes,Bulbus_olfactorius_Vol.mm3,Stephan_etal_1981_TableVI,Stephan et al. (1981) Table VI,10.1159/000155963,Selected_collection,1981,257,257,0,sole source,1,Selected_collection,1,1,1981
Pan troglodytes,Bulbus_olfactorius_accessorius_Vol.mm3,Stephan_etal_1981_TableVI,Stephan et al. (1981) Table VI,10.1159/000155963,Selected_collection,1981,0,0,NA,sole source,1,Selected_collection,1,1,1981
Pan troglodytes,Capsula_interna_Vol.mm3,Stephan_etal_1981_TableVIII,Stephan et al. (1981) Table VIII,10.1159/000155963,Selected_collection,1981,2510,2510,0,sole source,1,Selected_collection,1,1,1981
Pan troglodytes,Cerebellar_nuclei_total_Vol.mm3,Matano_etal_1985_a_Table1,Matano et al. (1985) Table 1,10.1159/000156212,Selected_collection,1985,601.42,601.42,0,sole source,1,Selected_collection,1,1,1985
Pan troglodytes,Cerebellum_Vol.mm3,Stephan_etal_1981_TableIII,Stephan et al. (1981) Table III,10.1159/000155963,Selected_collection,1981,43663,43663,0,sole source,1,Selected_collection,1,1,1981
Pan troglodytes,Complexus_vestibularis_Vol.mm3,Matano__1986_TableI,Matano (1986) Table I,10.1159/000156277,NA,NA,NA,236,NA,"derived both-hemisphere value (step 7: left+right, or 2x a one-side measurement); cite this source for the one-side figure",NA,Selected_collection,1,1,1986
Pan troglodytes,Complexus_vestibularis_unilateral_Vol.mm3,Matano__1986_TableI,Matano (1986) Table I,10.1159/000156277,Selected_collection,1986,118,118,0,sole source,1,Selected_collection,1,1,1986
Pan troglodytes,Corpus_geniculatum_laterale_Vol.mm3,deSousa_etal_2013_Table1,deSousa et al. (2013) Table 1,10.1159/000346495,Selected_collection,2013,344,344,0,sole source,1,Selected_collection,1,1,2013
Pan troglodytes,Corpus_geniculatum_laterale_left_Vol.mm3,deSousa_etal_2010_Table1,deSousa et al. (2010) Table 1,10.1016/j.jhevol.2009.11.011,Selected_collection,2010,150,150,0,sole source,6,Selected_collection,1,1,2010
Pan troglodytes,Corpus_pineal_Vol.mm3,Stephan_etal_1981_TableXVI,Stephan et al. (1981) Table XVI,10.1159/000155963,Selected_collection,1981,38,38,0,sole source,1,Selected_collection,1,1,1981
Pan troglodytes,Corpus_subcommissurale_Vol.mm3,Stephan_etal_1981_TableXVI,Stephan et al. (1981) Table XVI,10.1159/000155963,Selected_collection,1981,0.387,0.387,0,sole source,1,Selected_collection,1,1,1981
Pan troglodytes,Corpus_subfornicale_Vol.mm3,Stephan_etal_1981_TableXVI,Stephan et al. (1981) Table XVI,10.1159/000155963,Selected_collection,1981,0.606,0.606,0,sole source,1,Selected_collection,1,1,1981
Pan troglodytes,Diencephalon_Vol.mm3,Stephan_etal_1981_TableIII,Stephan et al. (1981) Table III,10.1159/000155963,Selected_collection,1981,15392,15392,0,sole source,1,Selected_collection,1,1,1981
Pan troglodytes,Dysgranular_insular_cortex_Vol.mm3,Bauernfeind_etal_2013_Table1,Bauernfeind et al. (2013) Table 1,10.1016/j.jhevol.2012.12.003,NA,NA,NA,1294.666666666667,NA,"derived both-hemisphere value (step 7: left+right, or 2x a one-side measurement); cite this source for the one-side figure",NA,Selected_collection,1,1,2013
Pan troglodytes,Dysgranular_insular_cortex_left_Vol.mm3,Bauernfeind_etal_2013_Table1,Bauernfeind et al. (2013) Table 1,10.1016/j.jhevol.2012.12.003,Selected_collection,2013,703.666666666667,703.666666666667,0,sole source,1,Selected_collection,1,1,2013
Pan troglodytes,Dysgranular_insular_cortex_right_Vol.mm3,Bauernfeind_etal_2013_Table2,Bauernfeind et al. (2013) Table 2,10.1016/j.jhevol.2012.12.003,Selected_collection,2013,591,591,0,sole source,1,Selected_collection,1,1,2013
Pan troglodytes,Epithalamus_Vol.mm3,Stephan_etal_1981_TableVIII,Stephan et al. (1981) Table VIII,10.1159/000155963,Selected_collection,1981,53.6,53.6,0,sole source,1,Selected_collection,1,1,1981
Pan troglodytes,Granular_insular_cortex_Vol.mm3,Bauernfeind_etal_2013_Table1,Bauernfeind et al. (2013) Table 1,10.1016/j.jhevol.2012.12.003,NA,NA,NA,1132.833333333333,NA,"derived both-hemisphere value (step 7: left+right, or 2x a one-side measurement); cite this source for the one-side figure",NA,Selected_collection,1,1,2013
Pan troglodytes,Granular_insular_cortex_left_Vol.mm3,Bauernfeind_etal_2013_Table1,Bauernfeind et al. (2013) Table 1,10.1016/j.jhevol.2012.12.003,Selected_collection,2013,667.333333333333,667.333333333333,0,sole source,1,Selected_collection,1,1,2013
Pan troglodytes,Granular_insular_cortex_right_Vol.mm3,Bauernfeind_etal_2013_Table2,Bauernfeind et al. (2013) Table 2,10.1016/j.jhevol.2012.12.003,Selected_collection,2013,465.5,465.5,0,sole source,1,Selected_collection,1,1,2013
Pan troglodytes,Hippocampus_Vol.mm3,Stephan_etal_1981_TableVI,Stephan et al. (1981) Table VI,10.1159/000155963,Selected_collection,1981,3779,3779,0,sole source,1,Selected_collection,1,1,1981
Pan troglodytes,Hypothalamus_Vol.mm3,Stephan_etal_1981_TableVIII,Stephan et al. (1981) Table VIII,10.1159/000155963,Selected_collection,1981,1739,1739,0,sole source,1,Selected_collection,1,1,1981
Pan troglodytes,Insula_Vol.mm3,Bauernfeind_etal_2013_Table1,Bauernfeind et al. (2013) Table 1,10.1016/j.jhevol.2012.12.003,NA,NA,NA,2928.6666666666697,NA,"derived both-hemisphere value (step 7: left+right, or 2x a one-side measurement); cite this source for the one-side figure",NA,Selected_collection,1,1,2013
Pan troglodytes,Insula_left_Vol.mm3,Bauernfeind_etal_2013_Table1,Bauernfeind et al. (2013) Table 1,10.1016/j.jhevol.2012.12.003,Selected_collection,2013,1600.66666666667,1600.66666666667,0,sole source,1,Selected_collection,1,1,2013
Pan troglodytes,Insula_right_Vol.mm3,Bauernfeind_etal_2013_Table2,Bauernfeind et al. (2013) Table 2,10.1016/j.jhevol.2012.12.003,Selected_collection,2013,1328,1328,0,sole source,1,Selected_collection,1,1,2013
Pan troglodytes,Interpositus_cerebellar_nuclei_Vol.mm3,Matano_etal_1985_a_Table1,Matano et al. (1985) Table 1,10.1159/000156212,Selected_collection,1985,87.27,87.27,0,sole source,1,Selected_collection,1,1,1985
Pan troglodytes,Lateral_cerebellar_nuclei_Vol.mm3,Matano_etal_1985_a_Table1,Matano et al. (1985) Table 1,10.1159/000156212,Selected_collection,1985,455.83,455.83,0,sole source,1,Selected_collection,1,1,1985
Pan troglodytes,Lobus_piriformis_Vol.mm3,Stephan_etal_1981_TableVI,Stephan et al. (1981) Table VI,10.1159/000155963,Selected_collection,1981,2750,2750,0,sole source,1,Selected_collection,1,1,1981
Pan troglodytes,Medial_cerebellar_nuclei_Vol.mm3,Matano_etal_1985_a_Table1,Matano et al. (1985) Table 1,10.1159/000156212,Selected_collection,1985,58.32,58.32,0,sole source,1,Selected_collection,1,1,1985
Pan troglodytes,Medulla_oblongata_Vol.mm3,Stephan_etal_1981_TableIII,Stephan et al. (1981) Table III,10.1159/000155963,Selected_collection,1981,5817,5817,0,sole source,1,Selected_collection,1,1,1981
Pan troglodytes,Mesencephalon_Vol.mm3,Stephan_etal_1981_TableIII,Stephan et al. (1981) Table III,10.1159/000155963,Selected_collection,1981,3739,3739,0,sole source,1,Selected_collection,1,1,1981
Pan troglodytes,Neocortex_Vol.mm3,deSousa_etal_2010_Table1,deSousa et al. (2010) Table 1,10.1016/j.jhevol.2009.11.011,Selected_collection,2010,264650,264650,0,sole source,4,Selected_collection,1,1,2010
Pan troglodytes,Neocortex_grey_matter_Vol.mm3,Frahm_etal_1982_Table2,Frahm et al. (1982) Table 2,PMID:7161477,Selected_collection,1982,172597,172597,0,sole source,1,Selected_collection,1,1,1982
Pan troglodytes,Neocortex_lamina_1_Vol.mm3,Frahm_etal_1982_Table2,Frahm et al. (1982) Table 2,PMID:7161477,Selected_collection,1982,21960,21960,0,sole source,1,Selected_collection,1,1,1982
Pan troglodytes,Neocortex_laminae_2_6_Vol.mm3,Frahm_etal_1982_Table2,Frahm et al. (1982) Table 2,PMID:7161477,Selected_collection,1982,150637,150637,0,sole source,1,Selected_collection,1,1,1982
Pan troglodytes,Neocortex_white_matter_Vol.mm3,Frahm_etal_1982_Table2,Frahm et al. (1982) Table 2,PMID:7161477,Selected_collection,1982,118996,118996,0,sole source,1,Selected_collection,1,1,1982
Pan troglodytes,Nucleus_habenularis_medialis_Vol.mm3,Stephan_etal_1981_TableXVI,Stephan et al. (1981) Table XVI,10.1159/000155963,Selected_collection,1981,9.4,9.4,0,sole source,1,Selected_collection,1,1,1981
Pan troglodytes,Nucleus_septalis_triangularis_Vol.mm3,Stephan_etal_1981_TableXVI,Stephan et al. (1981) Table XVI,10.1159/000155963,Selected_collection,1981,2.7,2.7,0,sole source,1,Selected_collection,1,1,1981
Pan troglodytes,Nucleus_subthalamicus_Vol.mm3,Stephan_etal_1981_TableVIII,Stephan et al. (1981) Table VIII,10.1159/000155963,Selected_collection,1981,127,127,0,sole source,1,Selected_collection,1,1,1981
Pan troglodytes,Nucleus_vestibularis_descendens_Vol.mm3,Matano__1986_TableI,Matano (1986) Table I,10.1159/000156277,NA,NA,NA,59.6,NA,"derived both-hemisphere value (step 7: left+right, or 2x a one-side measurement); cite this source for the one-side figure",NA,Selected_collection,1,1,1986
Pan troglodytes,Nucleus_vestibularis_descendens_unilateral_Vol.mm3,Matano__1986_TableI,Matano (1986) Table I,10.1159/000156277,Selected_collection,1986,29.8,29.8,0,sole source,1,Selected_collection,1,1,1986
Pan troglodytes,Nucleus_vestibularis_lateralis_Vol.mm3,Matano__1986_TableI,Matano (1986) Table I,10.1159/000156277,NA,NA,NA,19.3,NA,"derived both-hemisphere value (step 7: left+right, or 2x a one-side measurement); cite this source for the one-side figure",NA,Selected_collection,1,1,1986
Pan troglodytes,Nucleus_vestibularis_lateralis_unilateral_Vol.mm3,Matano__1986_TableI,Matano (1986) Table I,10.1159/000156277,Selected_collection,1986,9.65,9.65,0,sole source,1,Selected_collection,1,1,1986
Pan troglodytes,Nucleus_vestibularis_medialis_Vol.mm3,Matano__1986_TableI,Matano (1986) Table I,10.1159/000156277,NA,NA,NA,109.4,NA,"derived both-hemisphere value (step 7: left+right, or 2x a one-side measurement); cite this source for the one-side figure",NA,Selected_collection,1,1,1986
Pan troglodytes,Nucleus_vestibularis_medialis_unilateral_Vol.mm3,Matano__1986_TableI,Matano (1986) Table I,10.1159/000156277,Selected_collection,1986,54.7,54.7,0,sole source,1,Selected_collection,1,1,1986
Pan troglodytes,Nucleus_vestibularis_superior_Vol.mm3,Matano__1986_TableI,Matano (1986) Table I,10.1159/000156277,NA,NA,NA,47,NA,"derived both-hemisphere value (step 7: left+right, or 2x a one-side measurement); cite this source for the one-side figure",NA,Selected_collection,1,1,1986
Pan troglodytes,Nucleus_vestibularis_superior_unilateral_Vol.mm3,Matano__1986_TableI,Matano (1986) Table I,10.1159/000156277,Selected_collection,1986,23.5,23.5,0,sole source,1,Selected_collection,1,1,1986
Pan troglodytes,Pallidum_Vol.mm3,Stephan_etal_1981_TableVIII,Stephan et al. (1981) Table VIII,10.1159/000155963,Selected_collection,1981,1951,1951,0,sole source,1,Selected_collection,1,1,1981
Pan troglodytes,Schizo_cortex_Vol.mm3,Stephan_etal_1981_TableVI,Stephan et al. (1981) Table VI,10.1159/000155963,Selected_collection,1981,2018,2018,0,sole source,1,Selected_collection,1,1,1981
Pan troglodytes,Septum_Vol.mm3,Stephan_etal_1981_TableVI,Stephan et al. (1981) Table VI,10.1159/000155963,Selected_collection,1981,851,851,0,sole source,1,Selected_collection,1,1,1981
Pan troglodytes,Striatum_Vol.mm3,Stephan_etal_1981_TableVI,Stephan et al. (1981) Table VI,10.1159/000155963,Selected_collection,1981,12246,12246,0,sole source,1,Selected_collection,1,1,1981
Pan troglodytes,Subthalamus_Vol.mm3,Stephan_etal_1981_TableVIII,Stephan et al. (1981) Table VIII,10.1159/000155963,Selected_collection,1981,2078,2078,0,sole source,1,Selected_collection,1,1,1981
Pan troglodytes,Telencephalon_Vol.mm3,Stephan_etal_1981_TableIII,Stephan et al. (1981) Table III,10.1159/000155963,Selected_collection,1981,313493,313493,0,sole source,1,Selected_collection,1,1,1981
Pan troglodytes,Thalamus_Vol.mm3,Stephan_etal_1981_TableVIII,Stephan et al. (1981) Table VIII,10.1159/000155963,Selected_collection,1981,7987,7987,0,sole source,1,Selected_collection,1,1,1981
Pan troglodytes,Total_brain_net_volume_Vol.mm3,Bauernfeind_etal_2013_Table1,Bauernfeind et al. (2013) Table 1,10.1016/j.jhevol.2012.12.003,Selected_collection,2013,330790,330790,0,sole source,1,Selected_collection,1,1,2013
Pan troglodytes,Tractus_opticus_Vol.mm3,Stephan_etal_1981_TableVIII,Stephan et al. (1981) Table VIII,10.1159/000155963,Selected_collection,1981,630,630,0,sole source,1,Selected_collection,1,1,1981
Pan troglodytes,Ventral_pons_Vol.mm3,Matano_etal_1985_b_Table1,Matano et al. (1985) Table 1,10.1159/000156211,Selected_collection,1985,3990.6,3990.6,0,sole source,1,Selected_collection,1,1,1985
Pan troglodytes,Ventricles_Vol.mm3,Stephan_etal_1981_TableIII,Stephan et al. (1981) Table III,10.1159/000155963,Selected_collection,1981,1899,1899,0,sole source,1,Selected_collection,1,1,1981
Pan troglodytes,fronto_insular_cortex_Vol.mm3,Bauernfeind_etal_2013_Table1,Bauernfeind et al. (2013) Table 1,10.1016/j.jhevol.2012.12.003,NA,NA,NA,179.66666666666669,NA,"derived both-hemisphere value (step 7: left+right, or 2x a one-side measurement); cite this source for the one-side figure",NA,Selected_collection,1,1,2013
Pan troglodytes,fronto_insular_cortex_left_Vol.mm3,Bauernfeind_etal_2013_Table1,Bauernfeind et al. (2013) Table 1,10.1016/j.jhevol.2012.12.003,Selected_collection,2013,65.6666666666667,65.6666666666667,0,sole source,1,Selected_collection,1,1,2013
Pan troglodytes,fronto_insular_cortex_right_Vol.mm3,Bauernfeind_etal_2013_Table2,Bauernfeind et al. (2013) Table 2,10.1016/j.jhevol.2012.12.003,Selected_collection,2013,114,114,0,sole source,1,Selected_collection,1,1,2013
Papio anubis,Area_striata_Vol.mm3,Frahm_etal_1984_Table1,Frahm et al. (1984) Table 1,PMID:6501869,Selected_collection,1984,13741,13741,0,sole source,1,Selected_collection,1,1,1984
Papio anubis,Area_striata_grey_matter_Vol.mm3,Frahm_etal_1984_Table1,Frahm et al. (1984) Table 1,PMID:6501869,Selected_collection,1984,10001,10001,0,sole source,1,Selected_collection,1,1,1984
Papio anubis,Area_striata_lamina_1_Vol.mm3,Frahm_etal_1984_Table1,Frahm et al. (1984) Table 1,PMID:6501869,Selected_collection,1984,919,919,0,sole source,1,Selected_collection,1,1,1984
Papio anubis,Area_striata_laminae_2_6_Vol.mm3,Frahm_etal_1984_Table1,Frahm et al. (1984) Table 1,PMID:6501869,Selected_collection,1984,9082,9082,0,sole source,1,Selected_collection,1,1,1984
Papio anubis,Area_striata_white_matter_Vol.mm3,Frahm_etal_1984_Table1,Frahm et al. (1984) Table 1,PMID:6501869,Selected_collection,1984,3740,3740,0,sole source,1,Selected_collection,1,1,1984
Papio anubis,Body_Mass.g,Stephan_etal_1981_TableIII,Stephan et al. (1981) Table III,10.1159/000155963,Selected_collection,1981,25000,25000,0,reference table used (mass rule: other sources not averaged in),1,Selected_collection,1,1,1981
Papio anubis,Brain_Mass.mg,Stephan_etal_1981_TableIII,Stephan et al. (1981) Table III,10.1159/000155963,Selected_collection,1981,201000,201000,0,reference table used (mass rule: other sources not averaged in),1,Selected_collection,1,1,1981
Papio anubis,Bulbus_olfactorius_Vol.mm3,Stephan_etal_1981_TableVI,Stephan et al. (1981) Table VI,10.1159/000155963,Selected_collection,1981,287,287,0,sole source,1,Selected_collection,1,1,1981
Papio anubis,Bulbus_olfactorius_accessorius_Vol.mm3,Stephan_etal_1981_TableVI,Stephan et al. (1981) Table VI,10.1159/000155963,Selected_collection,1981,0,0,NA,sole source,1,Selected_collection,1,1,1981
Papio anubis,Capsula_interna_Vol.mm3,Stephan_etal_1981_TableVIII,Stephan et al. (1981) Table VIII,10.1159/000155963,Selected_collection,1981,1257,1257,0,sole source,1,Selected_collection,1,1,1981
Papio anubis,Cerebellar_nuclei_total_Vol.mm3,Matano_etal_1985_a_Table1,Matano et al. (1985) Table 1,10.1159/000156212,Selected_collection,1985,379.04,379.04,0,sole source,1,Selected_collection,1,1,1985
Papio anubis,Cerebellum_Vol.mm3,Stephan_etal_1981_TableIII,Stephan et al. (1981) Table III,10.1159/000155963,Selected_collection,1981,18683,18683,0,sole source,1,Selected_collection,1,1,1981
Papio anubis,Complexus_vestibularis_Vol.mm3,Matano__1986_TableI,Matano (1986) Table I,10.1159/000156277,NA,NA,NA,214,NA,"derived both-hemisphere value (step 7: left+right, or 2x a one-side measurement); cite this source for the one-side figure",NA,Selected_collection,1,1,1986
Papio anubis,Complexus_vestibularis_unilateral_Vol.mm3,Matano__1986_TableI,Matano (1986) Table I,10.1159/000156277,Selected_collection,1986,107,107,0,sole source,1,Selected_collection,1,1,1986
Papio anubis,Corpus_geniculatum_laterale_Vol.mm3,deSousa_etal_2013_Table1,deSousa et al. (2013) Table 1,10.1159/000346495,Selected_collection,2013,395,395,0,sole source,1,Selected_collection,1,1,2013
Papio anubis,Corpus_pineal_Vol.mm3,Stephan_etal_1981_TableXVI,Stephan et al. (1981) Table XVI,10.1159/000155963,Selected_collection,1981,51.1,51.1,0,sole source,1,Selected_collection,1,1,1981
Papio anubis,Corpus_subcommissurale_Vol.mm3,Stephan_etal_1981_TableXVI,Stephan et al. (1981) Table XVI,10.1159/000155963,Selected_collection,1981,0.347,0.347,0,sole source,1,Selected_collection,1,1,1981
Papio anubis,Corpus_subfornicale_Vol.mm3,Stephan_etal_1981_TableXVI,Stephan et al. (1981) Table XVI,10.1159/000155963,Selected_collection,1981,0.405,0.405,0,sole source,1,Selected_collection,1,1,1981
Papio anubis,Diencephalon_Vol.mm3,Stephan_etal_1981_TableIII,Stephan et al. (1981) Table III,10.1159/000155963,Selected_collection,1981,9280,9280,0,sole source,1,Selected_collection,1,1,1981
Papio anubis,Epithalamus_Vol.mm3,Stephan_etal_1981_TableVIII,Stephan et al. (1981) Table VIII,10.1159/000155963,Selected_collection,1981,65.4,65.4,0,sole source,1,Selected_collection,1,1,1981
Papio anubis,Hippocampus_Vol.mm3,Stephan_etal_1981_TableVI,Stephan et al. (1981) Table VI,10.1159/000155963,Selected_collection,1981,3398,3398,0,sole source,1,Selected_collection,1,1,1981
Papio anubis,Hypothalamus_Vol.mm3,Stephan_etal_1981_TableVIII,Stephan et al. (1981) Table VIII,10.1159/000155963,Selected_collection,1981,1076,1076,0,sole source,1,Selected_collection,1,1,1981
Papio anubis,Interpositus_cerebellar_nuclei_Vol.mm3,Matano_etal_1985_a_Table1,Matano et al. (1985) Table 1,10.1159/000156212,Selected_collection,1985,99.91,99.91,0,sole source,1,Selected_collection,1,1,1985
Papio anubis,Lateral_cerebellar_nuclei_Vol.mm3,Matano_etal_1985_a_Table1,Matano et al. (1985) Table 1,10.1159/000156212,Selected_collection,1985,220.35,220.35,0,sole source,1,Selected_collection,1,1,1985
Papio anubis,Lobus_piriformis_Vol.mm3,Stephan_etal_1981_TableVI,Stephan et al. (1981) Table VI,10.1159/000155963,Selected_collection,1981,2111,2111,0,sole source,1,Selected_collection,1,1,1981
Papio anubis,Medial_cerebellar_nuclei_Vol.mm3,Matano_etal_1985_a_Table1,Matano et al. (1985) Table 1,10.1159/000156212,Selected_collection,1985,58.78,58.78,0,sole source,1,Selected_collection,1,1,1985
Papio anubis,Medulla_oblongata_Vol.mm3,Stephan_etal_1981_TableIII,Stephan et al. (1981) Table III,10.1159/000155963,Selected_collection,1981,5297,5297,0,sole source,1,Selected_collection,1,1,1981
Papio anubis,Mesencephalon_Vol.mm3,Stephan_etal_1981_TableIII,Stephan et al. (1981) Table III,10.1159/000155963,Selected_collection,1981,2711,2711,0,sole source,1,Selected_collection,1,1,1981
Papio anubis,Neocortex_Vol.mm3,Frahm_etal_1982_Table2,Frahm et al. (1982) Table 2,PMID:7161477,Selected_collection,1982,140142,140142,0,sole source,1,Selected_collection,1,1,1982
Papio anubis,Neocortex_grey_matter_Vol.mm3,Frahm_etal_1982_Table2,Frahm et al. (1982) Table 2,PMID:7161477,Selected_collection,1982,85726,85726,0,sole source,1,Selected_collection,1,1,1982
Papio anubis,Neocortex_lamina_1_Vol.mm3,Frahm_etal_1982_Table2,Frahm et al. (1982) Table 2,PMID:7161477,Selected_collection,1982,10642,10642,0,sole source,1,Selected_collection,1,1,1982
Papio anubis,Neocortex_laminae_2_6_Vol.mm3,Frahm_etal_1982_Table2,Frahm et al. (1982) Table 2,PMID:7161477,Selected_collection,1982,75084,75084,0,sole source,1,Selected_collection,1,1,1982
Papio anubis,Neocortex_white_matter_Vol.mm3,Frahm_etal_1982_Table2,Frahm et al. (1982) Table 2,PMID:7161477,Selected_collection,1982,54416,54416,0,sole source,1,Selected_collection,1,1,1982
Papio anubis,Nucleus_habenularis_medialis_Vol.mm3,Stephan_etal_1981_TableXVI,Stephan et al. (1981) Table XVI,10.1159/000155963,Selected_collection,1981,12.7,12.7,0,sole source,1,Selected_collection,1,1,1981
Papio anubis,Nucleus_septalis_triangularis_Vol.mm3,Stephan_etal_1981_TableXVI,Stephan et al. (1981) Table XVI,10.1159/000155963,Selected_collection,1981,1.86,1.86,0,sole source,1,Selected_collection,1,1,1981
Papio anubis,Nucleus_subthalamicus_Vol.mm3,Stephan_etal_1981_TableVIII,Stephan et al. (1981) Table VIII,10.1159/000155963,Selected_collection,1981,94.7,94.7,0,sole source,1,Selected_collection,1,1,1981
Papio anubis,Nucleus_vestibularis_descendens_Vol.mm3,Matano__1986_TableI,Matano (1986) Table I,10.1159/000156277,NA,NA,NA,67.8,NA,"derived both-hemisphere value (step 7: left+right, or 2x a one-side measurement); cite this source for the one-side figure",NA,Selected_collection,1,1,1986
Papio anubis,Nucleus_vestibularis_descendens_unilateral_Vol.mm3,Matano__1986_TableI,Matano (1986) Table I,10.1159/000156277,Selected_collection,1986,33.9,33.9,0,sole source,1,Selected_collection,1,1,1986
Papio anubis,Nucleus_vestibularis_lateralis_Vol.mm3,Matano__1986_TableI,Matano (1986) Table I,10.1159/000156277,NA,NA,NA,21,NA,"derived both-hemisphere value (step 7: left+right, or 2x a one-side measurement); cite this source for the one-side figure",NA,Selected_collection,1,1,1986
Papio anubis,Nucleus_vestibularis_lateralis_unilateral_Vol.mm3,Matano__1986_TableI,Matano (1986) Table I,10.1159/000156277,Selected_collection,1986,10.5,10.5,0,sole source,1,Selected_collection,1,1,1986
Papio anubis,Nucleus_vestibularis_medialis_Vol.mm3,Matano__1986_TableI,Matano (1986) Table I,10.1159/000156277,NA,NA,NA,96.2,NA,"derived both-hemisphere value (step 7: left+right, or 2x a one-side measurement); cite this source for the one-side figure",NA,Selected_collection,1,1,1986
Papio anubis,Nucleus_vestibularis_medialis_unilateral_Vol.mm3,Matano__1986_TableI,Matano (1986) Table I,10.1159/000156277,Selected_collection,1986,48.1,48.1,0,sole source,1,Selected_collection,1,1,1986
Papio anubis,Nucleus_vestibularis_superior_Vol.mm3,Matano__1986_TableI,Matano (1986) Table I,10.1159/000156277,NA,NA,NA,28.8,NA,"derived both-hemisphere value (step 7: left+right, or 2x a one-side measurement); cite this source for the one-side figure",NA,Selected_collection,1,1,1986
Papio anubis,Nucleus_vestibularis_superior_unilateral_Vol.mm3,Matano__1986_TableI,Matano (1986) Table I,10.1159/000156277,Selected_collection,1986,14.4,14.4,0,sole source,1,Selected_collection,1,1,1986
Papio anubis,Pallidum_Vol.mm3,Stephan_etal_1981_TableVIII,Stephan et al. (1981) Table VIII,10.1159/000155963,Selected_collection,1981,1147,1147,0,sole source,1,Selected_collection,1,1,1981
Papio anubis,Schizo_cortex_Vol.mm3,Stephan_etal_1981_TableVI,Stephan et al. (1981) Table VI,10.1159/000155963,Selected_collection,1981,1309,1309,0,sole source,1,Selected_collection,1,1,1981
Papio anubis,Septum_Vol.mm3,Stephan_etal_1981_TableVI,Stephan et al. (1981) Table VI,10.1159/000155963,Selected_collection,1981,559,559,0,sole source,1,Selected_collection,1,1,1981
Papio anubis,Striatum_Vol.mm3,Stephan_etal_1981_TableVI,Stephan et al. (1981) Table VI,10.1159/000155963,Selected_collection,1981,7182,7182,0,sole source,1,Selected_collection,1,1,1981
Papio anubis,Subthalamus_Vol.mm3,Stephan_etal_1981_TableVIII,Stephan et al. (1981) Table VIII,10.1159/000155963,Selected_collection,1981,1241,1241,0,sole source,1,Selected_collection,1,1,1981
Papio anubis,Telencephalon_Vol.mm3,Stephan_etal_1981_TableIII,Stephan et al. (1981) Table III,10.1159/000155963,Selected_collection,1981,154987,154987,0,sole source,1,Selected_collection,1,1,1981
Papio anubis,Thalamus_Vol.mm3,Stephan_etal_1981_TableVIII,Stephan et al. (1981) Table VIII,10.1159/000155963,Selected_collection,1981,4788,4788,0,sole source,1,Selected_collection,1,1,1981
Papio anubis,Total_brain_net_volume_Vol.mm3,Stephan_etal_1981_TableIII,Stephan et al. (1981) Table III,10.1159/000155963,Selected_collection,1981,190957,190957,0,sole source,1,Selected_collection,1,1,1981
Papio anubis,Tractus_opticus_Vol.mm3,Stephan_etal_1981_TableVIII,Stephan et al. (1981) Table VIII,10.1159/000155963,Selected_collection,1981,601,601,0,sole source,1,Selected_collection,1,1,1981
Papio anubis,Ventral_pons_Vol.mm3,Matano_etal_1985_b_Table1,Matano et al. (1985) Table 1,10.1159/000156211,Selected_collection,1985,2177.7,2177.7,0,sole source,1,Selected_collection,1,1,1985
Papio anubis,Ventricles_Vol.mm3,Stephan_etal_1981_TableIII,Stephan et al. (1981) Table III,10.1159/000155963,Selected_collection,1981,1081,1081,0,sole source,1,Selected_collection,1,1,1981
Perodicticus potto,Agranular_insular_cortex_Vol.mm3,Bauernfeind_etal_2013_Table1,Bauernfeind et al. (2013) Table 1,10.1016/j.jhevol.2012.12.003,NA,NA,NA,8,NA,"derived both-hemisphere value (step 7: left+right, or 2x a one-side measurement); cite this source for the one-side figure",NA,Selected_collection,1,1,2013
Perodicticus potto,Agranular_insular_cortex_left_Vol.mm3,Bauernfeind_etal_2013_Table1,Bauernfeind et al. (2013) Table 1,10.1016/j.jhevol.2012.12.003,Selected_collection,2013,4,4,0,sole source,1,Selected_collection,1,1,2013
Perodicticus potto,Area_striata_Vol.mm3,Frahm_etal_1984_Table1,Frahm et al. (1984) Table 1,PMID:6501869,Selected_collection,1984,552,552,0,sole source,1,Selected_collection,1,1,1984
Perodicticus potto,Area_striata_grey_matter_Vol.mm3,Frahm_etal_1984_Table1,Frahm et al. (1984) Table 1,PMID:6501869,Selected_collection,1984,495,495,0,sole source,1,Selected_collection,1,1,1984
Perodicticus potto,Area_striata_white_matter_Vol.mm3,Frahm_etal_1984_Table1,Frahm et al. (1984) Table 1,PMID:6501869,Selected_collection,1984,57.7,57.7,0,sole source,1,Selected_collection,1,1,1984
Perodicticus potto,Body_Mass.g,Stephan_etal_1981_TableII,Stephan et al. (1981) Table II,10.1159/000155963,Selected_collection,1981,1150,1150,0,reference table used (mass rule: other sources not averaged in),1,Selected_collection,1,1,1981
Perodicticus potto,Brain_Mass.mg,Stephan_etal_1981_TableII,Stephan et al. (1981) Table II,10.1159/000155963,Selected_collection,1981,14000,14000,0,reference table used (mass rule: other sources not averaged in),1,Selected_collection,1,1,1981
Perodicticus potto,Bulbus_olfactorius_Vol.mm3,Stephan_etal_1981_TableV,Stephan et al. (1981) Table V,10.1159/000155963,Selected_collection,1981,310,310,0,sole source,1,Selected_collection,1,1,1981
Perodicticus potto,Bulbus_olfactorius_accessorius_Vol.mm3,Stephan_etal_1981_TableV,Stephan et al. (1981) Table V,10.1159/000155963,Selected_collection,1981,2.74,2.74,0,sole source,1,Selected_collection,1,1,1981
Perodicticus potto,Capsula_interna_Vol.mm3,Stephan_etal_1981_TableVIII,Stephan et al. (1981) Table VIII,10.1159/000155963,Selected_collection,1981,107,107,0,sole source,1,Selected_collection,1,1,1981
Perodicticus potto,Cerebellar_nuclei_total_Vol.mm3,Matano_etal_1985_a_Table1,Matano et al. (1985) Table 1,10.1159/000156212,Selected_collection,1985,29.44,29.44,0,sole source,1,Selected_collection,1,1,1985
Perodicticus potto,Cerebellum_Vol.mm3,Stephan_etal_1981_TableII,Stephan et al. (1981) Table II,10.1159/000155963,Selected_collection,1981,1699,1699,0,sole source,1,Selected_collection,1,1,1981
Perodicticus potto,Complexus_vestibularis_Vol.mm3,Matano__1986_TableI,Matano (1986) Table I,10.1159/000156277,NA,NA,NA,34.6,NA,"derived both-hemisphere value (step 7: left+right, or 2x a one-side measurement); cite this source for the one-side figure",NA,Selected_collection,1,1,1986
Perodicticus potto,Complexus_vestibularis_unilateral_Vol.mm3,Matano__1986_TableI,Matano (1986) Table I,10.1159/000156277,Selected_collection,1986,17.3,17.3,0,sole source,1,Selected_collection,1,1,1986
Perodicticus potto,Corpus_geniculatum_laterale_Vol.mm3,Stephan_etal_1984_Table1,Stephan et al. (1984) Table 1,PMID:6481154,Selected_collection,1984,24.3,24.3,0,sole source,1,Selected_collection,1,1,1984
Perodicticus potto,Corpus_pineal_Vol.mm3,Stephan_etal_1981_TableXV,Stephan et al. (1981) Table XV,10.1159/000155963,Selected_collection,1981,1.76,1.76,0,sole source,1,Selected_collection,1,1,1981
Perodicticus potto,Corpus_subcommissurale_Vol.mm3,Stephan_etal_1981_TableXV,Stephan et al. (1981) Table XV,10.1159/000155963,Selected_collection,1981,0.264,0.264,0,sole source,1,Selected_collection,1,1,1981
Perodicticus potto,Corpus_subfornicale_Vol.mm3,Stephan_etal_1981_TableXV,Stephan et al. (1981) Table XV,10.1159/000155963,Selected_collection,1981,0.216,0.216,0,sole source,1,Selected_collection,1,1,1981
Perodicticus potto,Diencephalon_Vol.mm3,Stephan_etal_1981_TableII,Stephan et al. (1981) Table II,10.1159/000155963,Selected_collection,1981,1024,1024,0,sole source,1,Selected_collection,1,1,1981
Perodicticus potto,Dysgranular_insular_cortex_Vol.mm3,Bauernfeind_etal_2013_Table1,Bauernfeind et al. (2013) Table 1,10.1016/j.jhevol.2012.12.003,NA,NA,NA,20,NA,"derived both-hemisphere value (step 7: left+right, or 2x a one-side measurement); cite this source for the one-side figure",NA,Selected_collection,1,1,2013
Perodicticus potto,Dysgranular_insular_cortex_left_Vol.mm3,Bauernfeind_etal_2013_Table1,Bauernfeind et al. (2013) Table 1,10.1016/j.jhevol.2012.12.003,Selected_collection,2013,10,10,0,sole source,1,Selected_collection,1,1,2013
Perodicticus potto,Epithalamus_Vol.mm3,Stephan_etal_1981_TableVIII,Stephan et al. (1981) Table VIII,10.1159/000155963,Selected_collection,1981,10.4,10.4,0,sole source,1,Selected_collection,1,1,1981
Perodicticus potto,Granular_insular_cortex_Vol.mm3,Bauernfeind_etal_2013_Table1,Bauernfeind et al. (2013) Table 1,10.1016/j.jhevol.2012.12.003,NA,NA,NA,32,NA,"derived both-hemisphere value (step 7: left+right, or 2x a one-side measurement); cite this source for the one-side figure",NA,Selected_collection,1,1,2013
Perodicticus potto,Granular_insular_cortex_left_Vol.mm3,Bauernfeind_etal_2013_Table1,Bauernfeind et al. (2013) Table 1,10.1016/j.jhevol.2012.12.003,Selected_collection,2013,16,16,0,sole source,1,Selected_collection,1,1,2013
Perodicticus potto,Hippocampus_Vol.mm3,Stephan_etal_1981_TableV,Stephan et al. (1981) Table V,10.1159/000155963,Selected_collection,1981,607,607,0,sole source,1,Selected_collection,1,1,1981
Perodicticus potto,Hypothalamus_Vol.mm3,Stephan_etal_1981_TableVIII,Stephan et al. (1981) Table VIII,10.1159/000155963,Selected_collection,1981,160,160,0,sole source,1,Selected_collection,1,1,1981
Perodicticus potto,Insula_Vol.mm3,Bauernfeind_etal_2013_Table1,Bauernfeind et al. (2013) Table 1,10.1016/j.jhevol.2012.12.003,NA,NA,NA,62,NA,"derived both-hemisphere value (step 7: left+right, or 2x a one-side measurement); cite this source for the one-side figure",NA,Selected_collection,1,1,2013
Perodicticus potto,Insula_left_Vol.mm3,Bauernfeind_etal_2013_Table1,Bauernfeind et al. (2013) Table 1,10.1016/j.jhevol.2012.12.003,Selected_collection,2013,31,31,0,sole source,1,Selected_collection,1,1,2013
Perodicticus potto,Interpositus_cerebellar_nuclei_Vol.mm3,Matano_etal_1985_a_Table1,Matano et al. (1985) Table 1,10.1159/000156212,Selected_collection,1985,8.43,8.43,0,sole source,1,Selected_collection,1,1,1985
Perodicticus potto,Lateral_cerebellar_nuclei_Vol.mm3,Matano_etal_1985_a_Table1,Matano et al. (1985) Table 1,10.1159/000156212,Selected_collection,1985,12.25,12.25,0,sole source,1,Selected_collection,1,1,1985
Perodicticus potto,Lobus_piriformis_Vol.mm3,Stephan_etal_1981_TableV,Stephan et al. (1981) Table V,10.1159/000155963,Selected_collection,1981,661,661,0,sole source,1,Selected_collection,1,1,1981
Perodicticus potto,Medial_cerebellar_nuclei_Vol.mm3,Matano_etal_1985_a_Table1,Matano et al. (1985) Table 1,10.1159/000156212,Selected_collection,1985,8.76,8.76,0,sole source,1,Selected_collection,1,1,1985
Perodicticus potto,Medulla_oblongata_Vol.mm3,Stephan_etal_1981_TableII,Stephan et al. (1981) Table II,10.1159/000155963,Selected_collection,1981,680,680,0,sole source,1,Selected_collection,1,1,1981
Perodicticus potto,Mesencephalon_Vol.mm3,Stephan_etal_1981_TableII,Stephan et al. (1981) Table II,10.1159/000155963,Selected_collection,1981,391,391,0,sole source,1,Selected_collection,1,1,1981
Perodicticus potto,Neocortex_Vol.mm3,Stephan_etal_1981_TableV,Stephan et al. (1981) Table V,10.1159/000155963,Selected_collection,1981,6683,6683,0,sole source,1,Selected_collection,1,1,1981
Perodicticus potto,Nucleus_habenularis_medialis_Vol.mm3,Stephan_etal_1981_TableXV,Stephan et al. (1981) Table XV,10.1159/000155963,Selected_collection,1981,3.77,3.77,0,sole source,1,Selected_collection,1,1,1981
Perodicticus potto,Nucleus_septalis_triangularis_Vol.mm3,Stephan_etal_1981_TableXV,Stephan et al. (1981) Table XV,10.1159/000155963,Selected_collection,1981,2.27,2.27,0,sole source,1,Selected_collection,1,1,1981
Perodicticus potto,Nucleus_subthalamicus_Vol.mm3,Stephan_etal_1981_TableVIII,Stephan et al. (1981) Table VIII,10.1159/000155963,Selected_collection,1981,8.19,8.19,0,sole source,1,Selected_collection,1,1,1981
Perodicticus potto,Nucleus_vestibularis_descendens_Vol.mm3,Matano__1986_TableI,Matano (1986) Table I,10.1159/000156277,NA,NA,NA,7.76,NA,"derived both-hemisphere value (step 7: left+right, or 2x a one-side measurement); cite this source for the one-side figure",NA,Selected_collection,1,1,1986
Perodicticus potto,Nucleus_vestibularis_descendens_unilateral_Vol.mm3,Matano__1986_TableI,Matano (1986) Table I,10.1159/000156277,Selected_collection,1986,3.88,3.88,0,sole source,1,Selected_collection,1,1,1986
Perodicticus potto,Nucleus_vestibularis_lateralis_Vol.mm3,Matano__1986_TableI,Matano (1986) Table I,10.1159/000156277,NA,NA,NA,5.32,NA,"derived both-hemisphere value (step 7: left+right, or 2x a one-side measurement); cite this source for the one-side figure",NA,Selected_collection,1,1,1986
Perodicticus potto,Nucleus_vestibularis_lateralis_unilateral_Vol.mm3,Matano__1986_TableI,Matano (1986) Table I,10.1159/000156277,Selected_collection,1986,2.66,2.66,0,sole source,1,Selected_collection,1,1,1986
Perodicticus potto,Nucleus_vestibularis_medialis_Vol.mm3,Matano__1986_TableI,Matano (1986) Table I,10.1159/000156277,NA,NA,NA,15.74,NA,"derived both-hemisphere value (step 7: left+right, or 2x a one-side measurement); cite this source for the one-side figure",NA,Selected_collection,1,1,1986
Perodicticus potto,Nucleus_vestibularis_medialis_unilateral_Vol.mm3,Matano__1986_TableI,Matano (1986) Table I,10.1159/000156277,Selected_collection,1986,7.87,7.87,0,sole source,1,Selected_collection,1,1,1986
Perodicticus potto,Nucleus_vestibularis_superior_Vol.mm3,Matano__1986_TableI,Matano (1986) Table I,10.1159/000156277,NA,NA,NA,5.72,NA,"derived both-hemisphere value (step 7: left+right, or 2x a one-side measurement); cite this source for the one-side figure",NA,Selected_collection,1,1,1986
Perodicticus potto,Nucleus_vestibularis_superior_unilateral_Vol.mm3,Matano__1986_TableI,Matano (1986) Table I,10.1159/000156277,Selected_collection,1986,2.86,2.86,0,sole source,1,Selected_collection,1,1,1986
Perodicticus potto,Pallidum_Vol.mm3,Stephan_etal_1981_TableVIII,Stephan et al. (1981) Table VIII,10.1159/000155963,Selected_collection,1981,107,107,0,sole source,1,Selected_collection,1,1,1981
Perodicticus potto,Schizo_cortex_Vol.mm3,Stephan_etal_1981_TableV,Stephan et al. (1981) Table V,10.1159/000155963,Selected_collection,1981,328,328,0,sole source,1,Selected_collection,1,1,1981
Perodicticus potto,Septum_Vol.mm3,Stephan_etal_1981_TableV,Stephan et al. (1981) Table V,10.1159/000155963,Selected_collection,1981,114,114,0,sole source,1,Selected_collection,1,1,1981
Perodicticus potto,Striatum_Vol.mm3,Stephan_etal_1981_TableV,Stephan et al. (1981) Table V,10.1159/000155963,Selected_collection,1981,712,712,0,sole source,1,Selected_collection,1,1,1981
Perodicticus potto,Subthalamus_Vol.mm3,Stephan_etal_1981_TableVIII,Stephan et al. (1981) Table VIII,10.1159/000155963,Selected_collection,1981,116,116,0,sole source,1,Selected_collection,1,1,1981
Perodicticus potto,Telencephalon_Vol.mm3,Stephan_etal_1981_TableII,Stephan et al. (1981) Table II,10.1159/000155963,Selected_collection,1981,9418,9418,0,sole source,1,Selected_collection,1,1,1981
Perodicticus potto,Thalamus_Vol.mm3,Stephan_etal_1981_TableVIII,Stephan et al. (1981) Table VIII,10.1159/000155963,Selected_collection,1981,587,587,0,sole source,1,Selected_collection,1,1,1981
Perodicticus potto,Total_brain_net_volume_Vol.mm3,Bauernfeind_etal_2013_Table1,Bauernfeind et al. (2013) Table 1,10.1016/j.jhevol.2012.12.003,Selected_collection,2013,11100,11100,0,sole source,1,Selected_collection,1,1,2013
Perodicticus potto,Tractus_opticus_Vol.mm3,Stephan_etal_1981_TableVIII,Stephan et al. (1981) Table VIII,10.1159/000155963,Selected_collection,1981,19.5,19.5,0,sole source,1,Selected_collection,1,1,1981
Perodicticus potto,Ventral_pons_Vol.mm3,Matano_etal_1985_b_Table1,Matano et al. (1985) Table 1,10.1159/000156211,Selected_collection,1985,77.7,77.7,0,sole source,1,Selected_collection,1,1,1985
Perodicticus potto,Ventricles_Vol.mm3,Stephan_etal_1981_TableII,Stephan et al. (1981) Table II,10.1159/000155963,Selected_collection,1981,127,127,0,sole source,1,Selected_collection,1,1,1981
Piliocolobus badius,Agranular_insular_cortex_Vol.mm3,Bauernfeind_etal_2013_Table1,Bauernfeind et al. (2013) Table 1,10.1016/j.jhevol.2012.12.003,NA,NA,NA,106,NA,"derived both-hemisphere value (step 7: left+right, or 2x a one-side measurement); cite this source for the one-side figure",NA,Selected_collection,1,1,2013
Piliocolobus badius,Agranular_insular_cortex_left_Vol.mm3,Bauernfeind_etal_2013_Table1,Bauernfeind et al. (2013) Table 1,10.1016/j.jhevol.2012.12.003,Selected_collection,2013,53,53,0,sole source,1,Selected_collection,1,1,2013
Piliocolobus badius,Amygdala_Vol.mm3,Stephan_etal_1981_TableXI,Stephan et al. (1981) Table XI,10.1159/000155963,Selected_collection,1981,479,479,0,sole source,1,Selected_collection,1,1,1981
Piliocolobus badius,Area_striata_Vol.mm3,Frahm_etal_1984_Table1,Frahm et al. (1984) Table 1,PMID:6501869,Selected_collection,1984,3979,3979,0,sole source,1,Selected_collection,1,1,1984
Piliocolobus badius,Area_striata_grey_matter_Vol.mm3,Frahm_etal_1984_Table1,Frahm et al. (1984) Table 1,PMID:6501869,Selected_collection,1984,3053,3053,0,sole source,1,Selected_collection,1,1,1984
Piliocolobus badius,Area_striata_lamina_1_Vol.mm3,Frahm_etal_1984_Table1,Frahm et al. (1984) Table 1,PMID:6501869,Selected_collection,1984,360,360,0,sole source,1,Selected_collection,1,1,1984
Piliocolobus badius,Area_striata_laminae_2_6_Vol.mm3,Frahm_etal_1984_Table1,Frahm et al. (1984) Table 1,PMID:6501869,Selected_collection,1984,2693,2693,0,sole source,1,Selected_collection,1,1,1984
Piliocolobus badius,Area_striata_white_matter_Vol.mm3,Frahm_etal_1984_Table1,Frahm et al. (1984) Table 1,PMID:6501869,Selected_collection,1984,926,926,0,sole source,1,Selected_collection,1,1,1984
Piliocolobus badius,Body_Mass.g,Stephan_etal_1981_TableIII,Stephan et al. (1981) Table III,10.1159/000155963,Selected_collection,1981,7000,7000,0,reference table used (mass rule: other sources not averaged in),1,Selected_collection,1,1,1981
Piliocolobus badius,Brain_Mass.mg,Stephan_etal_1981_TableIII,Stephan et al. (1981) Table III,10.1159/000155963,Selected_collection,1981,78000,78000,0,reference table used (mass rule: other sources not averaged in),1,Selected_collection,1,1,1981
Piliocolobus badius,Bulbus_olfactorius_Vol.mm3,Stephan_etal_1981_TableVI,Stephan et al. (1981) Table VI,10.1159/000155963,Selected_collection,1981,51.3,51.3,0,sole source,1,Selected_collection,1,1,1981
Piliocolobus badius,Bulbus_olfactorius_accessorius_Vol.mm3,Stephan_etal_1981_TableVI,Stephan et al. (1981) Table VI,10.1159/000155963,Selected_collection,1981,0,0,NA,sole source,1,Selected_collection,1,1,1981
Piliocolobus badius,Capsula_interna_Vol.mm3,Stephan_etal_1981_TableVIII,Stephan et al. (1981) Table VIII,10.1159/000155963,Selected_collection,1981,460,460,0,sole source,1,Selected_collection,1,1,1981
Piliocolobus badius,Cerebellar_nuclei_total_Vol.mm3,Matano_etal_1985_a_Table1,Matano et al. (1985) Table 1,10.1159/000156212,Selected_collection,1985,190.92,190.92,0,sole source,1,Selected_collection,1,1,1985
Piliocolobus badius,Cerebellum_Vol.mm3,Stephan_etal_1981_TableIII,Stephan et al. (1981) Table III,10.1159/000155963,Selected_collection,1981,8648,8648,0,sole source,1,Selected_collection,1,1,1981
Piliocolobus badius,Complexus_centromedialis_Vol.mm3,Stephan_etal_1981_TableXI,Stephan et al. (1981) Table XI,10.1159/000155963,Selected_collection,1981,114,114,0,sole source,1,Selected_collection,1,1,1981
Piliocolobus badius,Complexus_corticobasolateralis_Vol.mm3,Stephan_etal_1981_TableXI,Stephan et al. (1981) Table XI,10.1159/000155963,Selected_collection,1981,365,365,0,sole source,1,Selected_collection,1,1,1981
Piliocolobus badius,Complexus_vestibularis_Vol.mm3,Matano__1986_TableI,Matano (1986) Table I,10.1159/000156277,NA,NA,NA,114.6,NA,"derived both-hemisphere value (step 7: left+right, or 2x a one-side measurement); cite this source for the one-side figure",NA,Selected_collection,1,1,1986
Piliocolobus badius,Complexus_vestibularis_unilateral_Vol.mm3,Matano__1986_TableI,Matano (1986) Table I,10.1159/000156277,Selected_collection,1986,57.3,57.3,0,sole source,1,Selected_collection,1,1,1986
Piliocolobus badius,Corpus_geniculatum_laterale_Vol.mm3,deSousa_etal_2013_Table1,deSousa et al. (2013) Table 1,10.1159/000346495,Selected_collection,2013,128,128,0,sole source,1,Selected_collection,1,1,2013
Piliocolobus badius,Corpus_pineal_Vol.mm3,Stephan_etal_1981_TableXVI,Stephan et al. (1981) Table XVI,10.1159/000155963,Selected_collection,1981,7.31,7.31,0,sole source,1,Selected_collection,1,1,1981
Piliocolobus badius,Corpus_subcommissurale_Vol.mm3,Stephan_etal_1981_TableXVI,Stephan et al. (1981) Table XVI,10.1159/000155963,Selected_collection,1981,0.265,0.265,0,sole source,1,Selected_collection,1,1,1981
Piliocolobus badius,Corpus_subfornicale_Vol.mm3,Stephan_etal_1981_TableXVI,Stephan et al. (1981) Table XVI,10.1159/000155963,Selected_collection,1981,0.454,0.454,0,sole source,1,Selected_collection,1,1,1981
Piliocolobus badius,Diencephalon_Vol.mm3,Stephan_etal_1981_TableIII,Stephan et al. (1981) Table III,10.1159/000155963,Selected_collection,1981,3945,3945,0,sole source,1,Selected_collection,1,1,1981
Piliocolobus badius,Dysgranular_insular_cortex_Vol.mm3,Bauernfeind_etal_2013_Table1,Bauernfeind et al. (2013) Table 1,10.1016/j.jhevol.2012.12.003,NA,NA,NA,232,NA,"derived both-hemisphere value (step 7: left+right, or 2x a one-side measurement); cite this source for the one-side figure",NA,Selected_collection,1,1,2013
Piliocolobus badius,Dysgranular_insular_cortex_left_Vol.mm3,Bauernfeind_etal_2013_Table1,Bauernfeind et al. (2013) Table 1,10.1016/j.jhevol.2012.12.003,Selected_collection,2013,116,116,0,sole source,1,Selected_collection,1,1,2013
Piliocolobus badius,Epithalamus_Vol.mm3,Stephan_etal_1981_TableVIII,Stephan et al. (1981) Table VIII,10.1159/000155963,Selected_collection,1981,22.3,22.3,0,sole source,1,Selected_collection,1,1,1981
Piliocolobus badius,Granular_insular_cortex_Vol.mm3,Bauernfeind_etal_2013_Table1,Bauernfeind et al. (2013) Table 1,10.1016/j.jhevol.2012.12.003,NA,NA,NA,144,NA,"derived both-hemisphere value (step 7: left+right, or 2x a one-side measurement); cite this source for the one-side figure",NA,Selected_collection,1,1,2013
Piliocolobus badius,Granular_insular_cortex_left_Vol.mm3,Bauernfeind_etal_2013_Table1,Bauernfeind et al. (2013) Table 1,10.1016/j.jhevol.2012.12.003,Selected_collection,2013,72,72,0,sole source,1,Selected_collection,1,1,2013
Piliocolobus badius,Hippocampus_Vol.mm3,Stephan_etal_1981_TableVI,Stephan et al. (1981) Table VI,10.1159/000155963,Selected_collection,1981,1671,1671,0,sole source,1,Selected_collection,1,1,1981
Piliocolobus badius,Hypothalamus_Vol.mm3,Stephan_etal_1981_TableVIII,Stephan et al. (1981) Table VIII,10.1159/000155963,Selected_collection,1981,484,484,0,sole source,1,Selected_collection,1,1,1981
Piliocolobus badius,Insula_Vol.mm3,Bauernfeind_etal_2013_Table1,Bauernfeind et al. (2013) Table 1,10.1016/j.jhevol.2012.12.003,NA,NA,NA,482,NA,"derived both-hemisphere value (step 7: left+right, or 2x a one-side measurement); cite this source for the one-side figure",NA,Selected_collection,1,1,2013
Piliocolobus badius,Insula_left_Vol.mm3,Bauernfeind_etal_2013_Table1,Bauernfeind et al. (2013) Table 1,10.1016/j.jhevol.2012.12.003,Selected_collection,2013,241,241,0,sole source,1,Selected_collection,1,1,2013
Piliocolobus badius,Interpositus_cerebellar_nuclei_Vol.mm3,Matano_etal_1985_a_Table1,Matano et al. (1985) Table 1,10.1159/000156212,Selected_collection,1985,57.76,57.76,0,sole source,1,Selected_collection,1,1,1985
Piliocolobus badius,Lateral_cerebellar_nuclei_Vol.mm3,Matano_etal_1985_a_Table1,Matano et al. (1985) Table 1,10.1159/000156212,Selected_collection,1985,98.52,98.52,0,sole source,1,Selected_collection,1,1,1985
Piliocolobus badius,Lobus_piriformis_Vol.mm3,Stephan_etal_1981_TableVI,Stephan et al. (1981) Table VI,10.1159/000155963,Selected_collection,1981,937,937,0,sole source,1,Selected_collection,1,1,1981
Piliocolobus badius,Medial_cerebellar_nuclei_Vol.mm3,Matano_etal_1985_a_Table1,Matano et al. (1985) Table 1,10.1159/000156212,Selected_collection,1985,34.64,34.64,0,sole source,1,Selected_collection,1,1,1985
Piliocolobus badius,Medulla_oblongata_Vol.mm3,Stephan_etal_1981_TableIII,Stephan et al. (1981) Table III,10.1159/000155963,Selected_collection,1981,2007,2007,0,sole source,1,Selected_collection,1,1,1981
Piliocolobus badius,Mesencephalon_Vol.mm3,Stephan_etal_1981_TableIII,Stephan et al. (1981) Table III,10.1159/000155963,Selected_collection,1981,1333,1333,0,sole source,1,Selected_collection,1,1,1981
Piliocolobus badius,Neocortex_Vol.mm3,Frahm_etal_1982_Table2,Frahm et al. (1982) Table 2,PMID:7161477,Selected_collection,1982,50906,50906,0,sole source,1,Selected_collection,1,1,1982
Piliocolobus badius,Neocortex_grey_matter_Vol.mm3,Frahm_etal_1982_Table2,Frahm et al. (1982) Table 2,PMID:7161477,Selected_collection,1982,36575,36575,0,sole source,1,Selected_collection,1,1,1982
Piliocolobus badius,Neocortex_lamina_1_Vol.mm3,Frahm_etal_1982_Table2,Frahm et al. (1982) Table 2,PMID:7161477,Selected_collection,1982,5130,5130,0,sole source,1,Selected_collection,1,1,1982
Piliocolobus badius,Neocortex_laminae_2_6_Vol.mm3,Frahm_etal_1982_Table2,Frahm et al. (1982) Table 2,PMID:7161477,Selected_collection,1982,31444,31444,0,sole source,1,Selected_collection,1,1,1982
Piliocolobus badius,Neocortex_white_matter_Vol.mm3,Frahm_etal_1982_Table2,Frahm et al. (1982) Table 2,PMID:7161477,Selected_collection,1982,14331,14331,0,sole source,1,Selected_collection,1,1,1982
Piliocolobus badius,Nucleus_amygdalae_basalis_pars_magnocellularis_Vol.mm3,Stephan_etal_1981_TableXI,Stephan et al. (1981) Table XI,10.1159/000155963,Selected_collection,1981,45.5,45.5,0,sole source,1,Selected_collection,1,1,1981
Piliocolobus badius,Nucleus_habenularis_medialis_Vol.mm3,Stephan_etal_1981_TableXVI,Stephan et al. (1981) Table XVI,10.1159/000155963,Selected_collection,1981,4.54,4.54,0,sole source,1,Selected_collection,1,1,1981
Piliocolobus badius,Nucleus_septalis_triangularis_Vol.mm3,Stephan_etal_1981_TableXVI,Stephan et al. (1981) Table XVI,10.1159/000155963,Selected_collection,1981,2.26,2.26,0,sole source,1,Selected_collection,1,1,1981
Piliocolobus badius,Nucleus_subthalamicus_Vol.mm3,Stephan_etal_1981_TableVIII,Stephan et al. (1981) Table VIII,10.1159/000155963,Selected_collection,1981,31.9,31.9,0,sole source,1,Selected_collection,1,1,1981
Piliocolobus badius,Nucleus_tractus_olfactorius_Vol.mm3,Stephan_etal_1981_TableXI,Stephan et al. (1981) Table XI,10.1159/000155963,Selected_collection,1981,0,0,NA,sole source,1,Selected_collection,1,1,1981
Piliocolobus badius,Nucleus_vestibularis_descendens_Vol.mm3,Matano__1986_TableI,Matano (1986) Table I,10.1159/000156277,NA,NA,NA,29,NA,"derived both-hemisphere value (step 7: left+right, or 2x a one-side measurement); cite this source for the one-side figure",NA,Selected_collection,1,1,1986
Piliocolobus badius,Nucleus_vestibularis_descendens_unilateral_Vol.mm3,Matano__1986_TableI,Matano (1986) Table I,10.1159/000156277,Selected_collection,1986,14.5,14.5,0,sole source,1,Selected_collection,1,1,1986
Piliocolobus badius,Nucleus_vestibularis_lateralis_Vol.mm3,Matano__1986_TableI,Matano (1986) Table I,10.1159/000156277,NA,NA,NA,20,NA,"derived both-hemisphere value (step 7: left+right, or 2x a one-side measurement); cite this source for the one-side figure",NA,Selected_collection,1,1,1986
Piliocolobus badius,Nucleus_vestibularis_lateralis_unilateral_Vol.mm3,Matano__1986_TableI,Matano (1986) Table I,10.1159/000156277,Selected_collection,1986,10,10,0,sole source,1,Selected_collection,1,1,1986
Piliocolobus badius,Nucleus_vestibularis_medialis_Vol.mm3,Matano__1986_TableI,Matano (1986) Table I,10.1159/000156277,NA,NA,NA,48.2,NA,"derived both-hemisphere value (step 7: left+right, or 2x a one-side measurement); cite this source for the one-side figure",NA,Selected_collection,1,1,1986
Piliocolobus badius,Nucleus_vestibularis_medialis_unilateral_Vol.mm3,Matano__1986_TableI,Matano (1986) Table I,10.1159/000156277,Selected_collection,1986,24.1,24.1,0,sole source,1,Selected_collection,1,1,1986
Piliocolobus badius,Nucleus_vestibularis_superior_Vol.mm3,Matano__1986_TableI,Matano (1986) Table I,10.1159/000156277,NA,NA,NA,17.36,NA,"derived both-hemisphere value (step 7: left+right, or 2x a one-side measurement); cite this source for the one-side figure",NA,Selected_collection,1,1,1986
Piliocolobus badius,Nucleus_vestibularis_superior_unilateral_Vol.mm3,Matano__1986_TableI,Matano (1986) Table I,10.1159/000156277,Selected_collection,1986,8.68,8.68,0,sole source,1,Selected_collection,1,1,1986
Piliocolobus badius,Palaeocortex_Vol.mm3,Stephan_etal_1981_TableXI,Stephan et al. (1981) Table XI,10.1159/000155963,Selected_collection,1981,458,458,0,sole source,1,Selected_collection,1,1,1981
Piliocolobus badius,Pallidum_Vol.mm3,Stephan_etal_1981_TableVIII,Stephan et al. (1981) Table VIII,10.1159/000155963,Selected_collection,1981,521,521,0,sole source,1,Selected_collection,1,1,1981
Piliocolobus badius,Schizo_cortex_Vol.mm3,Stephan_etal_1981_TableVI,Stephan et al. (1981) Table VI,10.1159/000155963,Selected_collection,1981,814,814,0,sole source,1,Selected_collection,1,1,1981
Piliocolobus badius,Septum_Vol.mm3,Stephan_etal_1981_TableVI,Stephan et al. (1981) Table VI,10.1159/000155963,Selected_collection,1981,288,288,0,sole source,1,Selected_collection,1,1,1981
Piliocolobus badius,Striatum_Vol.mm3,Stephan_etal_1981_TableVI,Stephan et al. (1981) Table VI,10.1159/000155963,Selected_collection,1981,3217,3217,0,sole source,1,Selected_collection,1,1,1981
Piliocolobus badius,Subthalamus_Vol.mm3,Stephan_etal_1981_TableVIII,Stephan et al. (1981) Table VIII,10.1159/000155963,Selected_collection,1981,553,553,0,sole source,1,Selected_collection,1,1,1981
Piliocolobus badius,Telencephalon_Vol.mm3,Stephan_etal_1981_TableIII,Stephan et al. (1981) Table III,10.1159/000155963,Selected_collection,1981,57885,57885,0,sole source,1,Selected_collection,1,1,1981
Piliocolobus badius,Thalamus_Vol.mm3,Stephan_etal_1981_TableVIII,Stephan et al. (1981) Table VIII,10.1159/000155963,Selected_collection,1981,2164,2164,0,sole source,1,Selected_collection,1,1,1981
Piliocolobus badius,Total_brain_net_volume_Vol.mm3,Bauernfeind_etal_2013_Table1,Bauernfeind et al. (2013) Table 1,10.1016/j.jhevol.2012.12.003,Selected_collection,2013,72394,72394,0,sole source,1,Selected_collection,1,1,2013
Piliocolobus badius,Tractus_opticus_Vol.mm3,Stephan_etal_1981_TableVIII,Stephan et al. (1981) Table VIII,10.1159/000155963,Selected_collection,1981,201,201,0,sole source,1,Selected_collection,1,1,1981
Piliocolobus badius,Ventral_pons_Vol.mm3,Matano_etal_1985_b_Table1,Matano et al. (1985) Table 1,10.1159/000156211,Selected_collection,1985,646.4,646.4,0,sole source,1,Selected_collection,1,1,1985
Piliocolobus badius,Ventricles_Vol.mm3,Stephan_etal_1981_TableIII,Stephan et al. (1981) Table III,10.1159/000155963,Selected_collection,1981,455,455,0,sole source,1,Selected_collection,1,1,1981
Pithecia monachus,Area_striata_Vol.mm3,Frahm_etal_1984_Table1,Frahm et al. (1984) Table 1,PMID:6501869,Selected_collection,1984,2130,2130,0,sole source,1,Selected_collection,1,1,1984
Pithecia monachus,Area_striata_grey_matter_Vol.mm3,Frahm_etal_1984_Table1,Frahm et al. (1984) Table 1,PMID:6501869,Selected_collection,1984,1679,1679,0,sole source,1,Selected_collection,1,1,1984
Pithecia monachus,Area_striata_white_matter_Vol.mm3,Frahm_etal_1984_Table1,Frahm et al. (1984) Table 1,PMID:6501869,Selected_collection,1984,451,451,0,sole source,1,Selected_collection,1,1,1984
Pithecia monachus,Body_Mass.g,Stephan_etal_1981_TableIII,Stephan et al. (1981) Table III,10.1159/000155963,Selected_collection,1981,1500,1500,0,reference table used (mass rule: other sources not averaged in),1,Selected_collection,1,1,1981
Pithecia monachus,Brain_Mass.mg,Stephan_etal_1981_TableIII,Stephan et al. (1981) Table III,10.1159/000155963,Selected_collection,1981,35000,35000,0,reference table used (mass rule: other sources not averaged in),1,Selected_collection,1,1,1981
Pithecia monachus,Bulbus_olfactorius_Vol.mm3,Stephan_etal_1981_TableVI,Stephan et al. (1981) Table VI,10.1159/000155963,Selected_collection,1981,34.8,34.8,0,sole source,1,Selected_collection,1,1,1981
Pithecia monachus,Bulbus_olfactorius_accessorius_Vol.mm3,Stephan_etal_1981_TableVI,Stephan et al. (1981) Table VI,10.1159/000155963,Selected_collection,1981,0.846,0.846,0,sole source,1,Selected_collection,1,1,1981
Pithecia monachus,Cerebellar_nuclei_total_Vol.mm3,Matano_etal_1985_a_Table1,Matano et al. (1985) Table 1,10.1159/000156212,Selected_collection,1985,109.36,109.36,0,sole source,1,Selected_collection,1,1,1985
Pithecia monachus,Cerebellum_Vol.mm3,Stephan_etal_1981_TableIII,Stephan et al. (1981) Table III,10.1159/000155963,Selected_collection,1981,3908,3908,0,sole source,1,Selected_collection,1,1,1981
Pithecia monachus,Complexus_vestibularis_Vol.mm3,Matano__1986_TableI,Matano (1986) Table I,10.1159/000156277,NA,NA,NA,77.6,NA,"derived both-hemisphere value (step 7: left+right, or 2x a one-side measurement); cite this source for the one-side figure",NA,Selected_collection,1,1,1986
Pithecia monachus,Complexus_vestibularis_unilateral_Vol.mm3,Matano__1986_TableI,Matano (1986) Table I,10.1159/000156277,Selected_collection,1986,38.8,38.8,0,sole source,1,Selected_collection,1,1,1986
Pithecia monachus,Corpus_geniculatum_laterale_Vol.mm3,Stephan_etal_1984_Table1,Stephan et al. (1984) Table 1,PMID:6481154,Selected_collection,1984,76.3,76.3,0,sole source,1,Selected_collection,1,1,1984
Pithecia monachus,Corpus_pineal_Vol.mm3,Stephan_etal_1981_TableXVI,Stephan et al. (1981) Table XVI,10.1159/000155963,Selected_collection,1981,0.0623,0.0623,0,sole source,1,Selected_collection,1,1,1981
Pithecia monachus,Corpus_subcommissurale_Vol.mm3,Stephan_etal_1981_TableXVI,Stephan et al. (1981) Table XVI,10.1159/000155963,Selected_collection,1981,0.189,0.189,0,sole source,1,Selected_collection,1,1,1981
Pithecia monachus,Corpus_subfornicale_Vol.mm3,Stephan_etal_1981_TableXVI,Stephan et al. (1981) Table XVI,10.1159/000155963,Selected_collection,1981,0.3,0.3,0,sole source,1,Selected_collection,1,1,1981
Pithecia monachus,Diencephalon_Vol.mm3,Stephan_etal_1981_TableIII,Stephan et al. (1981) Table III,10.1159/000155963,Selected_collection,1981,2285,2285,0,sole source,1,Selected_collection,1,1,1981
Pithecia monachus,Hippocampus_Vol.mm3,Stephan_etal_1981_TableVI,Stephan et al. (1981) Table VI,10.1159/000155963,Selected_collection,1981,834,834,0,sole source,1,Selected_collection,1,1,1981
Pithecia monachus,Interpositus_cerebellar_nuclei_Vol.mm3,Matano_etal_1985_a_Table1,Matano et al. (1985) Table 1,10.1159/000156212,Selected_collection,1985,31.78,31.78,0,sole source,1,Selected_collection,1,1,1985
Pithecia monachus,Lateral_cerebellar_nuclei_Vol.mm3,Matano_etal_1985_a_Table1,Matano et al. (1985) Table 1,10.1159/000156212,Selected_collection,1985,53.67,53.67,0,sole source,1,Selected_collection,1,1,1985
Pithecia monachus,Lobus_piriformis_Vol.mm3,Stephan_etal_1981_TableVI,Stephan et al. (1981) Table VI,10.1159/000155963,Selected_collection,1981,675,675,0,sole source,1,Selected_collection,1,1,1981
Pithecia monachus,Medial_cerebellar_nuclei_Vol.mm3,Matano_etal_1985_a_Table1,Matano et al. (1985) Table 1,10.1159/000156212,Selected_collection,1985,23.91,23.91,0,sole source,1,Selected_collection,1,1,1985
Pithecia monachus,Medulla_oblongata_Vol.mm3,Stephan_etal_1981_TableIII,Stephan et al. (1981) Table III,10.1159/000155963,Selected_collection,1981,1009,1009,0,sole source,1,Selected_collection,1,1,1981
Pithecia monachus,Mesencephalon_Vol.mm3,Stephan_etal_1981_TableIII,Stephan et al. (1981) Table III,10.1159/000155963,Selected_collection,1981,745,745,0,sole source,1,Selected_collection,1,1,1981
Pithecia monachus,Neocortex_Vol.mm3,Stephan_etal_1981_TableVI,Stephan et al. (1981) Table VI,10.1159/000155963,Selected_collection,1981,21028,21028,0,sole source,1,Selected_collection,1,1,1981
Pithecia monachus,Nucleus_habenularis_medialis_Vol.mm3,Stephan_etal_1981_TableXVI,Stephan et al. (1981) Table XVI,10.1159/000155963,Selected_collection,1981,2.53,2.53,0,sole source,1,Selected_collection,1,1,1981
Pithecia monachus,Nucleus_septalis_triangularis_Vol.mm3,Stephan_etal_1981_TableXVI,Stephan et al. (1981) Table XVI,10.1159/000155963,Selected_collection,1981,1.31,1.31,0,sole source,1,Selected_collection,1,1,1981
Pithecia monachus,Nucleus_vestibularis_descendens_Vol.mm3,Matano__1986_TableI,Matano (1986) Table I,10.1159/000156277,NA,NA,NA,20.2,NA,"derived both-hemisphere value (step 7: left+right, or 2x a one-side measurement); cite this source for the one-side figure",NA,Selected_collection,1,1,1986
Pithecia monachus,Nucleus_vestibularis_descendens_unilateral_Vol.mm3,Matano__1986_TableI,Matano (1986) Table I,10.1159/000156277,Selected_collection,1986,10.1,10.1,0,sole source,1,Selected_collection,1,1,1986
Pithecia monachus,Nucleus_vestibularis_lateralis_Vol.mm3,Matano__1986_TableI,Matano (1986) Table I,10.1159/000156277,NA,NA,NA,17.16,NA,"derived both-hemisphere value (step 7: left+right, or 2x a one-side measurement); cite this source for the one-side figure",NA,Selected_collection,1,1,1986
Pithecia monachus,Nucleus_vestibularis_lateralis_unilateral_Vol.mm3,Matano__1986_TableI,Matano (1986) Table I,10.1159/000156277,Selected_collection,1986,8.58,8.58,0,sole source,1,Selected_collection,1,1,1986
Pithecia monachus,Nucleus_vestibularis_medialis_Vol.mm3,Matano__1986_TableI,Matano (1986) Table I,10.1159/000156277,NA,NA,NA,24,NA,"derived both-hemisphere value (step 7: left+right, or 2x a one-side measurement); cite this source for the one-side figure",NA,Selected_collection,1,1,1986
Pithecia monachus,Nucleus_vestibularis_medialis_unilateral_Vol.mm3,Matano__1986_TableI,Matano (1986) Table I,10.1159/000156277,Selected_collection,1986,12,12,0,sole source,1,Selected_collection,1,1,1986
Pithecia monachus,Nucleus_vestibularis_superior_Vol.mm3,Matano__1986_TableI,Matano (1986) Table I,10.1159/000156277,NA,NA,NA,16.14,NA,"derived both-hemisphere value (step 7: left+right, or 2x a one-side measurement); cite this source for the one-side figure",NA,Selected_collection,1,1,1986
Pithecia monachus,Nucleus_vestibularis_superior_unilateral_Vol.mm3,Matano__1986_TableI,Matano (1986) Table I,10.1159/000156277,Selected_collection,1986,8.07,8.07,0,sole source,1,Selected_collection,1,1,1986
Pithecia monachus,Schizo_cortex_Vol.mm3,Stephan_etal_1981_TableVI,Stephan et al. (1981) Table VI,10.1159/000155963,Selected_collection,1981,289,289,0,sole source,1,Selected_collection,1,1,1981
Pithecia monachus,Septum_Vol.mm3,Stephan_etal_1981_TableVI,Stephan et al. (1981) Table VI,10.1159/000155963,Selected_collection,1981,140,140,0,sole source,1,Selected_collection,1,1,1981
Pithecia monachus,Striatum_Vol.mm3,Stephan_etal_1981_TableVI,Stephan et al. (1981) Table VI,10.1159/000155963,Selected_collection,1981,1918,1918,0,sole source,1,Selected_collection,1,1,1981
Pithecia monachus,Telencephalon_Vol.mm3,Stephan_etal_1981_TableIII,Stephan et al. (1981) Table III,10.1159/000155963,Selected_collection,1981,24920,24920,0,sole source,1,Selected_collection,1,1,1981
Pithecia monachus,Total_brain_net_volume_Vol.mm3,Stephan_etal_1981_TableIII,Stephan et al. (1981) Table III,10.1159/000155963,Selected_collection,1981,32867,32867,0,sole source,1,Selected_collection,1,1,1981
Pithecia monachus,Ventral_pons_Vol.mm3,Matano_etal_1985_b_Table1,Matano et al. (1985) Table 1,10.1159/000156211,Selected_collection,1985,211.8,211.8,0,sole source,1,Selected_collection,1,1,1985
Pithecia monachus,Ventricles_Vol.mm3,Stephan_etal_1981_TableIII,Stephan et al. (1981) Table III,10.1159/000155963,Selected_collection,1981,631,631,0,sole source,1,Selected_collection,1,1,1981
Pithecia pithecia,Agranular_insular_cortex_Vol.mm3,Bauernfeind_etal_2013_Table1,Bauernfeind et al. (2013) Table 1,10.1016/j.jhevol.2012.12.003,NA,NA,NA,208,NA,"derived both-hemisphere value (step 7: left+right, or 2x a one-side measurement); cite this source for the one-side figure",NA,Selected_collection,1,1,2013
Pithecia pithecia,Agranular_insular_cortex_left_Vol.mm3,Bauernfeind_etal_2013_Table1,Bauernfeind et al. (2013) Table 1,10.1016/j.jhevol.2012.12.003,Selected_collection,2013,104,104,0,sole source,1,Selected_collection,1,1,2013
Pithecia pithecia,Body_Mass.g,Bauernfeind_etal_2013_Table1,Bauernfeind et al. (2013) Table 1,10.1016/j.jhevol.2012.12.003,Selected_collection,2013,1580,1580,0,reference table used (mass rule: other sources not averaged in),1,Selected_collection,1,1,2013
Pithecia pithecia,Brain_Mass.mg,Bauernfeind_etal_2013_Table1,Bauernfeind et al. (2013) Table 1,10.1016/j.jhevol.2012.12.003,Selected_collection,2013,30,30,0,reference table used (mass rule: other sources not averaged in),1,Selected_collection,1,1,2013
Pithecia pithecia,Dysgranular_insular_cortex_Vol.mm3,Bauernfeind_etal_2013_Table1,Bauernfeind et al. (2013) Table 1,10.1016/j.jhevol.2012.12.003,NA,NA,NA,270,NA,"derived both-hemisphere value (step 7: left+right, or 2x a one-side measurement); cite this source for the one-side figure",NA,Selected_collection,1,1,2013
Pithecia pithecia,Dysgranular_insular_cortex_left_Vol.mm3,Bauernfeind_etal_2013_Table1,Bauernfeind et al. (2013) Table 1,10.1016/j.jhevol.2012.12.003,Selected_collection,2013,135,135,0,sole source,1,Selected_collection,1,1,2013
Pithecia pithecia,Granular_insular_cortex_Vol.mm3,Bauernfeind_etal_2013_Table1,Bauernfeind et al. (2013) Table 1,10.1016/j.jhevol.2012.12.003,NA,NA,NA,80,NA,"derived both-hemisphere value (step 7: left+right, or 2x a one-side measurement); cite this source for the one-side figure",NA,Selected_collection,1,1,2013
Pithecia pithecia,Granular_insular_cortex_left_Vol.mm3,Bauernfeind_etal_2013_Table1,Bauernfeind et al. (2013) Table 1,10.1016/j.jhevol.2012.12.003,Selected_collection,2013,40,40,0,sole source,1,Selected_collection,1,1,2013
Pithecia pithecia,Insula_Vol.mm3,Bauernfeind_etal_2013_Table1,Bauernfeind et al. (2013) Table 1,10.1016/j.jhevol.2012.12.003,NA,NA,NA,558,NA,"derived both-hemisphere value (step 7: left+right, or 2x a one-side measurement); cite this source for the one-side figure",NA,Selected_collection,1,1,2013
Pithecia pithecia,Insula_left_Vol.mm3,Bauernfeind_etal_2013_Table1,Bauernfeind et al. (2013) Table 1,10.1016/j.jhevol.2012.12.003,Selected_collection,2013,279,279,0,sole source,1,Selected_collection,1,1,2013
Pithecia pithecia,Total_brain_net_volume_Vol.mm3,Bauernfeind_etal_2013_Table1,Bauernfeind et al. (2013) Table 1,10.1016/j.jhevol.2012.12.003,Selected_collection,2013,28958,28958,0,sole source,1,Selected_collection,1,1,2013
Pongo sp.,Agranular_insular_cortex_Vol.mm3,Bauernfeind_etal_2013_Table1,Bauernfeind et al. (2013) Table 1,10.1016/j.jhevol.2012.12.003,NA,NA,NA,717.25,NA,"derived both-hemisphere value (step 7: left+right, or 2x a one-side measurement); cite this source for the one-side figure",NA,Selected_collection,1,1,2013
Pongo sp.,Agranular_insular_cortex_left_Vol.mm3,Bauernfeind_etal_2013_Table1,Bauernfeind et al. (2013) Table 1,10.1016/j.jhevol.2012.12.003,Selected_collection,2013,254.75,254.75,0,sole source,1,Selected_collection,1,1,2013
Pongo sp.,Agranular_insular_cortex_right_Vol.mm3,Bauernfeind_etal_2013_Table2,Bauernfeind et al. (2013) Table 2,10.1016/j.jhevol.2012.12.003,Selected_collection,2013,462.5,462.5,0,sole source,1,Selected_collection,1,1,2013
Pongo sp.,Amygdala_Vol.mm3,Zilles_Rehkämper_1988_Table12-2,Zilles & Rehkämper (1988) Table 12-2,ISBN:9780195043716,Selected_collection,1988,1400,1400,0,sole source,1,Selected_collection,1,1,1988
Pongo sp.,Area_striata_grey_matter_Vol.mm3,Zilles_Rehkämper_1988_Table12-2,Zilles & Rehkämper (1988) Table 12-2,ISBN:9780195043716,Selected_collection,1988,8400,8400,0,sole source,1,Selected_collection,1,1,1988
Pongo sp.,Area_striata_grey_matter_left_Vol.mm3,deSousa_etal_2010_Table1,deSousa et al. (2010) Table 1,10.1016/j.jhevol.2009.11.011,Selected_collection,2010,4133.333333333333,4133.333333333333,0,sole source,3,Selected_collection,1,1,2010
Pongo sp.,Body_Mass.g,Bauernfeind_etal_2013_Table1,Bauernfeind et al. (2013) Table 1,10.1016/j.jhevol.2012.12.003,Selected_collection,2013,46325,46325,0,reference table used (mass rule: other sources not averaged in),1,Selected_collection,1,1,2013
Pongo sp.,Brain_Mass.mg,Bauernfeind_etal_2013_Table1,Bauernfeind et al. (2013) Table 1,10.1016/j.jhevol.2012.12.003,Selected_collection,2013,353.2,353.2,0,reference table used (mass rule: other sources not averaged in),1,Selected_collection,1,1,2013
Pongo sp.,Cerebellum_Vol.mm3,Zilles_Rehkämper_1988_Table12-2,Zilles & Rehkämper (1988) Table 12-2,ISBN:9780195043716,Selected_collection,1988,42900,42900,0,sole source,1,Selected_collection,1,1,1988
Pongo sp.,Corpus_geniculatum_laterale_Vol.mm3,deSousa_etal_2013_Table1,deSousa et al. (2013) Table 1,10.1159/000346495,Selected_collection,2013,259.1,259.1,0,sole source,1,Selected_collection,1,1,2013
Pongo sp.,Corpus_geniculatum_laterale_left_Vol.mm3,deSousa_etal_2010_Table1,deSousa et al. (2010) Table 1,10.1016/j.jhevol.2009.11.011,Selected_collection,2010,133.33333333333334,133.33333333333334,0,sole source,3,Selected_collection,1,1,2010
Pongo sp.,Diencephalon_Vol.mm3,Zilles_Rehkämper_1988_Table12-2,Zilles & Rehkämper (1988) Table 12-2,ISBN:9780195043716,Selected_collection,1988,13500,13500,0,sole source,1,Selected_collection,1,1,1988
Pongo sp.,Dysgranular_insular_cortex_Vol.mm3,Bauernfeind_etal_2013_Table1,Bauernfeind et al. (2013) Table 1,10.1016/j.jhevol.2012.12.003,NA,NA,NA,1562.75,NA,"derived both-hemisphere value (step 7: left+right, or 2x a one-side measurement); cite this source for the one-side figure",NA,Selected_collection,1,1,2013
Pongo sp.,Dysgranular_insular_cortex_left_Vol.mm3,Bauernfeind_etal_2013_Table1,Bauernfeind et al. (2013) Table 1,10.1016/j.jhevol.2012.12.003,Selected_collection,2013,828.25,828.25,0,sole source,1,Selected_collection,1,1,2013
Pongo sp.,Dysgranular_insular_cortex_right_Vol.mm3,Bauernfeind_etal_2013_Table2,Bauernfeind et al. (2013) Table 2,10.1016/j.jhevol.2012.12.003,Selected_collection,2013,734.5,734.5,0,sole source,1,Selected_collection,1,1,2013
Pongo sp.,EntorhinalCortex_Vol.mm3,Zilles_Rehkämper_1988_Table12-2,Zilles & Rehkämper (1988) Table 12-2,ISBN:9780195043716,Selected_collection,1988,1300,1300,0,sole source,1,Selected_collection,1,1,1988
Pongo sp.,Granular_insular_cortex_Vol.mm3,Bauernfeind_etal_2013_Table1,Bauernfeind et al. (2013) Table 1,10.1016/j.jhevol.2012.12.003,NA,NA,NA,400.75,NA,"derived both-hemisphere value (step 7: left+right, or 2x a one-side measurement); cite this source for the one-side figure",NA,Selected_collection,1,1,2013
Pongo sp.,Granular_insular_cortex_left_Vol.mm3,Bauernfeind_etal_2013_Table1,Bauernfeind et al. (2013) Table 1,10.1016/j.jhevol.2012.12.003,Selected_collection,2013,208.75,208.75,0,sole source,1,Selected_collection,1,1,2013
Pongo sp.,Granular_insular_cortex_right_Vol.mm3,Bauernfeind_etal_2013_Table2,Bauernfeind et al. (2013) Table 2,10.1016/j.jhevol.2012.12.003,Selected_collection,2013,192,192,0,sole source,1,Selected_collection,1,1,2013
Pongo sp.,Hippocampus_Vol.mm3,Zilles_Rehkämper_1988_Table12-2,Zilles & Rehkämper (1988) Table 12-2,ISBN:9780195043716,Selected_collection,1988,2700,2700,0,sole source,1,Selected_collection,1,1,1988
Pongo sp.,Insula_Vol.mm3,Bauernfeind_etal_2013_Table1,Bauernfeind et al. (2013) Table 1,10.1016/j.jhevol.2012.12.003,NA,NA,NA,2738.5,NA,"derived both-hemisphere value (step 7: left+right, or 2x a one-side measurement); cite this source for the one-side figure",NA,Selected_collection,1,1,2013
Pongo sp.,Insula_left_Vol.mm3,Bauernfeind_etal_2013_Table1,Bauernfeind et al. (2013) Table 1,10.1016/j.jhevol.2012.12.003,Selected_collection,2013,1331.5,1331.5,0,sole source,1,Selected_collection,1,1,2013
Pongo sp.,Insula_right_Vol.mm3,Bauernfeind_etal_2013_Table2,Bauernfeind et al. (2013) Table 2,10.1016/j.jhevol.2012.12.003,Selected_collection,2013,1407,1407,0,sole source,1,Selected_collection,1,1,2013
Pongo sp.,Medulla_oblongata_Vol.mm3,Zilles_Rehkämper_1988_Table12-2,Zilles & Rehkämper (1988) Table 12-2,ISBN:9780195043716,Selected_collection,1988,5500,5500,0,sole source,1,Selected_collection,1,1,1988
Pongo sp.,Mesencephalon_Vol.mm3,Zilles_Rehkämper_1988_Table12-2,Zilles & Rehkämper (1988) Table 12-2,ISBN:9780195043716,Selected_collection,1988,4000,4000,0,sole source,1,Selected_collection,1,1,1988
Pongo sp.,Neocortex_Vol.mm3,deSousa_etal_2010_Table1,deSousa et al. (2010) Table 1,10.1016/j.jhevol.2009.11.011,Selected_collection,2010,269233.3333333333,269233.3333333333,0,sole source,3,Selected_collection,1,1,2010
Pongo sp.,Neocortex_grey_matter_Vol.mm3,Zilles_Rehkämper_1988_Table12-2,Zilles & Rehkämper (1988) Table 12-2,ISBN:9780195043716,Selected_collection,1988,129900,129900,0,sole source,1,Selected_collection,1,1,1988
Pongo sp.,Neocortex_white_matter_Vol.mm3,Zilles_Rehkämper_1988_Table12-2,Zilles & Rehkämper (1988) Table 12-2,ISBN:9780195043716,Selected_collection,1988,81500,81500,0,sole source,1,Selected_collection,1,1,1988
Pongo sp.,Palaeocortex_Vol.mm3,Zilles_Rehkämper_1988_Table12-2,Zilles & Rehkämper (1988) Table 12-2,ISBN:9780195043716,Selected_collection,1988,2400,2400,0,sole source,1,Selected_collection,1,1,1988
Pongo sp.,Pallidum_Vol.mm3,Zilles_Rehkämper_1988_Table12-2,Zilles & Rehkämper (1988) Table 12-2,ISBN:9780195043716,Selected_collection,1988,1800,1800,0,sole source,1,Selected_collection,1,1,1988
Pongo sp.,Pons_Vol.mm3,Zilles_Rehkämper_1988_Table12-2,Zilles & Rehkämper (1988) Table 12-2,ISBN:9780195043716,Selected_collection,1988,4300,4300,0,sole source,1,Selected_collection,1,1,1988
Pongo sp.,Prepiriform_cortex_Vol.mm3,Zilles_Rehkämper_1988_Table12-2,Zilles & Rehkämper (1988) Table 12-2,ISBN:9780195043716,Selected_collection,1988,1000,1000,0,sole source,1,Selected_collection,1,1,1988
Pongo sp.,Septum_Vol.mm3,Zilles_Rehkämper_1988_Table12-2,Zilles & Rehkämper (1988) Table 12-2,ISBN:9780195043716,Selected_collection,1988,600,600,0,sole source,1,Selected_collection,1,1,1988
Pongo sp.,Striatum_Vol.mm3,Zilles_Rehkämper_1988_Table12-2,Zilles & Rehkämper (1988) Table 12-2,ISBN:9780195043716,Selected_collection,1988,11500,11500,0,sole source,1,Selected_collection,1,1,1988
Pongo sp.,Telencephalon_Vol.mm3,Zilles_Rehkämper_1988_Table12-2,Zilles & Rehkämper (1988) Table 12-2,ISBN:9780195043716,Selected_collection,1988,238300,238300,0,sole source,1,Selected_collection,1,1,1988
Pongo sp.,Total_brain_net_volume_Vol.mm3,Bauernfeind_etal_2013_Table1,Bauernfeind et al. (2013) Table 1,10.1016/j.jhevol.2012.12.003,Selected_collection,2013,340925,340925,0,sole source,1,Selected_collection,1,1,2013
Pongo sp.,fronto_insular_cortex_Vol.mm3,Bauernfeind_etal_2013_Table1,Bauernfeind et al. (2013) Table 1,10.1016/j.jhevol.2012.12.003,NA,NA,NA,57.75,NA,"derived both-hemisphere value (step 7: left+right, or 2x a one-side measurement); cite this source for the one-side figure",NA,Selected_collection,1,1,2013
Pongo sp.,fronto_insular_cortex_left_Vol.mm3,Bauernfeind_etal_2013_Table1,Bauernfeind et al. (2013) Table 1,10.1016/j.jhevol.2012.12.003,Selected_collection,2013,39.75,39.75,0,sole source,1,Selected_collection,1,1,2013
Pongo sp.,fronto_insular_cortex_right_Vol.mm3,Bauernfeind_etal_2013_Table2,Bauernfeind et al. (2013) Table 2,10.1016/j.jhevol.2012.12.003,Selected_collection,2013,18,18,0,sole source,1,Selected_collection,1,1,2013
Propithecus verreauxi,Amygdala_Vol.mm3,Stephan_etal_1981_TableXI,Stephan et al. (1981) Table XI,10.1159/000155963,Selected_collection,1981,251,251,0,sole source,1,Selected_collection,1,1,1981
Propithecus verreauxi,Area_striata_Vol.mm3,Frahm_etal_1984_Table1,Frahm et al. (1984) Table 1,PMID:6501869,Selected_collection,1984,1355,1355,0,sole source,1,Selected_collection,1,1,1984
Propithecus verreauxi,Area_striata_grey_matter_Vol.mm3,Frahm_etal_1984_Table1,Frahm et al. (1984) Table 1,PMID:6501869,Selected_collection,1984,1106,1106,0,sole source,1,Selected_collection,1,1,1984
Propithecus verreauxi,Area_striata_lamina_1_Vol.mm3,Frahm_etal_1984_Table1,Frahm et al. (1984) Table 1,PMID:6501869,Selected_collection,1984,131,131,0,sole source,1,Selected_collection,1,1,1984
Propithecus verreauxi,Area_striata_laminae_2_6_Vol.mm3,Frahm_etal_1984_Table1,Frahm et al. (1984) Table 1,PMID:6501869,Selected_collection,1984,974,974,0,sole source,1,Selected_collection,1,1,1984
Propithecus verreauxi,Area_striata_white_matter_Vol.mm3,Frahm_etal_1984_Table1,Frahm et al. (1984) Table 1,PMID:6501869,Selected_collection,1984,249,249,0,sole source,1,Selected_collection,1,1,1984
Propithecus verreauxi,Body_Mass.g,Stephan_etal_1981_TableII,Stephan et al. (1981) Table II,10.1159/000155963,Selected_collection,1981,3480,3480,0,reference table used (mass rule: other sources not averaged in),1,Selected_collection,1,1,1981
Propithecus verreauxi,Brain_Mass.mg,Stephan_etal_1981_TableII,Stephan et al. (1981) Table II,10.1159/000155963,Selected_collection,1981,26700,26700,0,reference table used (mass rule: other sources not averaged in),1,Selected_collection,1,1,1981
Propithecus verreauxi,Bulbus_olfactorius_Vol.mm3,Stephan_etal_1981_TableV,Stephan et al. (1981) Table V,10.1159/000155963,Selected_collection,1981,147,147,0,sole source,1,Selected_collection,1,1,1981
Propithecus verreauxi,Bulbus_olfactorius_accessorius_Vol.mm3,Stephan_etal_1981_TableV,Stephan et al. (1981) Table V,10.1159/000155963,Selected_collection,1981,3.4,3.4,0,sole source,1,Selected_collection,1,1,1981
Propithecus verreauxi,Capsula_interna_Vol.mm3,Stephan_etal_1981_TableVIII,Stephan et al. (1981) Table VIII,10.1159/000155963,Selected_collection,1981,324,324,0,sole source,1,Selected_collection,1,1,1981
Propithecus verreauxi,Cerebellar_nuclei_total_Vol.mm3,Matano_etal_1985_a_Table1,Matano et al. (1985) Table 1,10.1159/000156212,Selected_collection,1985,97.12,97.12,0,sole source,1,Selected_collection,1,1,1985
Propithecus verreauxi,Cerebellum_Vol.mm3,Stephan_etal_1981_TableII,Stephan et al. (1981) Table II,10.1159/000155963,Selected_collection,1981,3957,3957,0,sole source,1,Selected_collection,1,1,1981
Propithecus verreauxi,Complexus_centromedialis_Vol.mm3,Stephan_etal_1981_TableXI,Stephan et al. (1981) Table XI,10.1159/000155963,Selected_collection,1981,78.7,78.7,0,sole source,1,Selected_collection,1,1,1981
Propithecus verreauxi,Complexus_corticobasolateralis_Vol.mm3,Stephan_etal_1981_TableXI,Stephan et al. (1981) Table XI,10.1159/000155963,Selected_collection,1981,172,172,0,sole source,1,Selected_collection,1,1,1981
Propithecus verreauxi,Complexus_vestibularis_Vol.mm3,Matano__1986_TableI,Matano (1986) Table I,10.1159/000156277,NA,NA,NA,86.6,NA,"derived both-hemisphere value (step 7: left+right, or 2x a one-side measurement); cite this source for the one-side figure",NA,Selected_collection,1,1,1986
Propithecus verreauxi,Complexus_vestibularis_unilateral_Vol.mm3,Matano__1986_TableI,Matano (1986) Table I,10.1159/000156277,Selected_collection,1986,43.3,43.3,0,sole source,1,Selected_collection,1,1,1986
Propithecus verreauxi,Corpus_geniculatum_laterale_Vol.mm3,Stephan_etal_1984_Table1,Stephan et al. (1984) Table 1,PMID:6481154,Selected_collection,1984,64.5,64.5,0,sole source,1,Selected_collection,1,1,1984
Propithecus verreauxi,Corpus_pineal_Vol.mm3,Stephan_etal_1981_TableXV,Stephan et al. (1981) Table XV,10.1159/000155963,Selected_collection,1981,3.26,3.26,0,sole source,1,Selected_collection,1,1,1981
Propithecus verreauxi,Corpus_subcommissurale_Vol.mm3,Stephan_etal_1981_TableXV,Stephan et al. (1981) Table XV,10.1159/000155963,Selected_collection,1981,0.357,0.357,0,sole source,1,Selected_collection,1,1,1981
Propithecus verreauxi,Corpus_subfornicale_Vol.mm3,Stephan_etal_1981_TableXV,Stephan et al. (1981) Table XV,10.1159/000155963,Selected_collection,1981,0.507,0.507,0,sole source,1,Selected_collection,1,1,1981
Propithecus verreauxi,Diencephalon_Vol.mm3,Stephan_etal_1981_TableII,Stephan et al. (1981) Table II,10.1159/000155963,Selected_collection,1981,2195,2195,0,sole source,1,Selected_collection,1,1,1981
Propithecus verreauxi,Epithalamus_Vol.mm3,Stephan_etal_1981_TableVIII,Stephan et al. (1981) Table VIII,10.1159/000155963,Selected_collection,1981,14.6,14.6,0,sole source,1,Selected_collection,1,1,1981
Propithecus verreauxi,Hippocampus_Vol.mm3,Stephan_etal_1981_TableV,Stephan et al. (1981) Table V,10.1159/000155963,Selected_collection,1981,1043,1043,0,sole source,1,Selected_collection,1,1,1981
Propithecus verreauxi,Hypothalamus_Vol.mm3,Stephan_etal_1981_TableVIII,Stephan et al. (1981) Table VIII,10.1159/000155963,Selected_collection,1981,328,328,0,sole source,1,Selected_collection,1,1,1981
Propithecus verreauxi,Interpositus_cerebellar_nuclei_Vol.mm3,Matano_etal_1985_a_Table1,Matano et al. (1985) Table 1,10.1159/000156212,Selected_collection,1985,30.94,30.94,0,sole source,1,Selected_collection,1,1,1985
Propithecus verreauxi,Lateral_cerebellar_nuclei_Vol.mm3,Matano_etal_1985_a_Table1,Matano et al. (1985) Table 1,10.1159/000156212,Selected_collection,1985,39.46,39.46,0,sole source,1,Selected_collection,1,1,1985
Propithecus verreauxi,Lobus_piriformis_Vol.mm3,Stephan_etal_1981_TableV,Stephan et al. (1981) Table V,10.1159/000155963,Selected_collection,1981,664,664,0,sole source,1,Selected_collection,1,1,1981
Propithecus verreauxi,Medial_cerebellar_nuclei_Vol.mm3,Matano_etal_1985_a_Table1,Matano et al. (1985) Table 1,10.1159/000156212,Selected_collection,1985,26.72,26.72,0,sole source,1,Selected_collection,1,1,1985
Propithecus verreauxi,Medulla_oblongata_Vol.mm3,Stephan_etal_1981_TableII,Stephan et al. (1981) Table II,10.1159/000155963,Selected_collection,1981,1223,1223,0,sole source,1,Selected_collection,1,1,1981
Propithecus verreauxi,Mesencephalon_Vol.mm3,Stephan_etal_1981_TableII,Stephan et al. (1981) Table II,10.1159/000155963,Selected_collection,1981,780,780,0,sole source,1,Selected_collection,1,1,1981
Propithecus verreauxi,Neocortex_Vol.mm3,Frahm_etal_1982_Table2,Frahm et al. (1982) Table 2,PMID:7161477,Selected_collection,1982,13170,13170,0,sole source,1,Selected_collection,1,1,1982
Propithecus verreauxi,Neocortex_grey_matter_Vol.mm3,Frahm_etal_1982_Table2,Frahm et al. (1982) Table 2,PMID:7161477,Selected_collection,1982,9835,9835,0,sole source,1,Selected_collection,1,1,1982
Propithecus verreauxi,Neocortex_lamina_1_Vol.mm3,Frahm_etal_1982_Table2,Frahm et al. (1982) Table 2,PMID:7161477,Selected_collection,1982,1428,1428,0,sole source,1,Selected_collection,1,1,1982
Propithecus verreauxi,Neocortex_laminae_2_6_Vol.mm3,Frahm_etal_1982_Table2,Frahm et al. (1982) Table 2,PMID:7161477,Selected_collection,1982,8407,8407,0,sole source,1,Selected_collection,1,1,1982
Propithecus verreauxi,Neocortex_white_matter_Vol.mm3,Frahm_etal_1982_Table2,Frahm et al. (1982) Table 2,PMID:7161477,Selected_collection,1982,3335,3335,0,sole source,1,Selected_collection,1,1,1982
Propithecus verreauxi,Nucleus_amygdalae_basalis_pars_magnocellularis_Vol.mm3,Stephan_etal_1981_TableXI,Stephan et al. (1981) Table XI,10.1159/000155963,Selected_collection,1981,18.8,18.8,0,sole source,1,Selected_collection,1,1,1981
Propithecus verreauxi,Nucleus_habenularis_medialis_Vol.mm3,Stephan_etal_1981_TableXV,Stephan et al. (1981) Table XV,10.1159/000155963,Selected_collection,1981,3.65,3.65,0,sole source,1,Selected_collection,1,1,1981
Propithecus verreauxi,Nucleus_septalis_triangularis_Vol.mm3,Stephan_etal_1981_TableXV,Stephan et al. (1981) Table XV,10.1159/000155963,Selected_collection,1981,1.6,1.6,0,sole source,1,Selected_collection,1,1,1981
Propithecus verreauxi,Nucleus_subthalamicus_Vol.mm3,Stephan_etal_1981_TableVIII,Stephan et al. (1981) Table VIII,10.1159/000155963,Selected_collection,1981,20,20,0,sole source,1,Selected_collection,1,1,1981
Propithecus verreauxi,Nucleus_tractus_olfactorius_Vol.mm3,Stephan_etal_1981_TableXI,Stephan et al. (1981) Table XI,10.1159/000155963,Selected_collection,1981,0.921,0.921,0,sole source,1,Selected_collection,1,1,1981
Propithecus verreauxi,Nucleus_vestibularis_descendens_Vol.mm3,Matano__1986_TableI,Matano (1986) Table I,10.1159/000156277,NA,NA,NA,24.8,NA,"derived both-hemisphere value (step 7: left+right, or 2x a one-side measurement); cite this source for the one-side figure",NA,Selected_collection,1,1,1986
Propithecus verreauxi,Nucleus_vestibularis_descendens_unilateral_Vol.mm3,Matano__1986_TableI,Matano (1986) Table I,10.1159/000156277,Selected_collection,1986,12.4,12.4,0,sole source,1,Selected_collection,1,1,1986
Propithecus verreauxi,Nucleus_vestibularis_lateralis_Vol.mm3,Matano__1986_TableI,Matano (1986) Table I,10.1159/000156277,NA,NA,NA,14.74,NA,"derived both-hemisphere value (step 7: left+right, or 2x a one-side measurement); cite this source for the one-side figure",NA,Selected_collection,1,1,1986
Propithecus verreauxi,Nucleus_vestibularis_lateralis_unilateral_Vol.mm3,Matano__1986_TableI,Matano (1986) Table I,10.1159/000156277,Selected_collection,1986,7.37,7.37,0,sole source,1,Selected_collection,1,1,1986
Propithecus verreauxi,Nucleus_vestibularis_medialis_Vol.mm3,Matano__1986_TableI,Matano (1986) Table I,10.1159/000156277,NA,NA,NA,30.6,NA,"derived both-hemisphere value (step 7: left+right, or 2x a one-side measurement); cite this source for the one-side figure",NA,Selected_collection,1,1,1986
Propithecus verreauxi,Nucleus_vestibularis_medialis_unilateral_Vol.mm3,Matano__1986_TableI,Matano (1986) Table I,10.1159/000156277,Selected_collection,1986,15.3,15.3,0,sole source,1,Selected_collection,1,1,1986
Propithecus verreauxi,Nucleus_vestibularis_superior_Vol.mm3,Matano__1986_TableI,Matano (1986) Table I,10.1159/000156277,NA,NA,NA,16.36,NA,"derived both-hemisphere value (step 7: left+right, or 2x a one-side measurement); cite this source for the one-side figure",NA,Selected_collection,1,1,1986
Propithecus verreauxi,Nucleus_vestibularis_superior_unilateral_Vol.mm3,Matano__1986_TableI,Matano (1986) Table I,10.1159/000156277,Selected_collection,1986,8.18,8.18,0,sole source,1,Selected_collection,1,1,1986
Propithecus verreauxi,Palaeocortex_Vol.mm3,Stephan_etal_1981_TableXI,Stephan et al. (1981) Table XI,10.1159/000155963,Selected_collection,1981,292,292,0,sole source,1,Selected_collection,1,1,1981
Propithecus verreauxi,Pallidum_Vol.mm3,Stephan_etal_1981_TableVIII,Stephan et al. (1981) Table VIII,10.1159/000155963,Selected_collection,1981,263,263,0,sole source,1,Selected_collection,1,1,1981
Propithecus verreauxi,Schizo_cortex_Vol.mm3,Stephan_etal_1981_TableV,Stephan et al. (1981) Table V,10.1159/000155963,Selected_collection,1981,443,443,0,sole source,1,Selected_collection,1,1,1981
Propithecus verreauxi,Septum_Vol.mm3,Stephan_etal_1981_TableV,Stephan et al. (1981) Table V,10.1159/000155963,Selected_collection,1981,159,159,0,sole source,1,Selected_collection,1,1,1981
Propithecus verreauxi,Striatum_Vol.mm3,Stephan_etal_1981_TableV,Stephan et al. (1981) Table V,10.1159/000155963,Selected_collection,1981,1411,1411,0,sole source,1,Selected_collection,1,1,1981
Propithecus verreauxi,Subthalamus_Vol.mm3,Stephan_etal_1981_TableVIII,Stephan et al. (1981) Table VIII,10.1159/000155963,Selected_collection,1981,283,283,0,sole source,1,Selected_collection,1,1,1981
Propithecus verreauxi,Telencephalon_Vol.mm3,Stephan_etal_1981_TableII,Stephan et al. (1981) Table II,10.1159/000155963,Selected_collection,1981,17040,17040,0,sole source,1,Selected_collection,1,1,1981
Propithecus verreauxi,Thalamus_Vol.mm3,Stephan_etal_1981_TableVIII,Stephan et al. (1981) Table VIII,10.1159/000155963,Selected_collection,1981,1341,1341,0,sole source,1,Selected_collection,1,1,1981
Propithecus verreauxi,Total_brain_net_volume_Vol.mm3,Stephan_etal_1981_TableII,Stephan et al. (1981) Table II,10.1159/000155963,Selected_collection,1981,25194,25194,0,sole source,1,Selected_collection,1,1,1981
Propithecus verreauxi,Tractus_opticus_Vol.mm3,Stephan_etal_1981_TableVIII,Stephan et al. (1981) Table VIII,10.1159/000155963,Selected_collection,1981,125,125,0,sole source,1,Selected_collection,1,1,1981
Propithecus verreauxi,Ventral_pons_Vol.mm3,Matano_etal_1985_b_Table1,Matano et al. (1985) Table 1,10.1159/000156211,Selected_collection,1985,169.3,169.3,0,sole source,1,Selected_collection,1,1,1985
Propithecus verreauxi,Ventricles_Vol.mm3,Stephan_etal_1981_TableII,Stephan et al. (1981) Table II,10.1159/000155963,Selected_collection,1981,231,231,0,sole source,1,Selected_collection,1,1,1981
Pygathrix nemaeus,Body_Mass.g,Stephan_etal_1981_TableIII,Stephan et al. (1981) Table III,10.1159/000155963,Selected_collection,1981,7500,7500,0,reference table used (mass rule: other sources not averaged in),1,Selected_collection,1,1,1981
Pygathrix nemaeus,Brain_Mass.mg,Stephan_etal_1981_TableIII,Stephan et al. (1981) Table III,10.1159/000155963,Selected_collection,1981,77000,77000,0,reference table used (mass rule: other sources not averaged in),1,Selected_collection,1,1,1981
Pygathrix nemaeus,Bulbus_olfactorius_Vol.mm3,Stephan_etal_1981_TableVI,Stephan et al. (1981) Table VI,10.1159/000155963,Selected_collection,1981,10.7,10.7,0,sole source,1,Selected_collection,1,1,1981
Pygathrix nemaeus,Bulbus_olfactorius_accessorius_Vol.mm3,Stephan_etal_1981_TableVI,Stephan et al. (1981) Table VI,10.1159/000155963,Selected_collection,1981,0,0,NA,sole source,1,Selected_collection,1,1,1981
Pygathrix nemaeus,Cerebellar_nuclei_total_Vol.mm3,Matano_etal_1985_a_Table1,Matano et al. (1985) Table 1,10.1159/000156212,Selected_collection,1985,265.75,265.75,0,sole source,1,Selected_collection,1,1,1985
Pygathrix nemaeus,Cerebellum_Vol.mm3,Stephan_etal_1981_TableIII,Stephan et al. (1981) Table III,10.1159/000155963,Selected_collection,1981,8063,8063,0,sole source,1,Selected_collection,1,1,1981
Pygathrix nemaeus,Complexus_vestibularis_Vol.mm3,Matano__1986_TableI,Matano (1986) Table I,10.1159/000156277,NA,NA,NA,125,NA,"derived both-hemisphere value (step 7: left+right, or 2x a one-side measurement); cite this source for the one-side figure",NA,Selected_collection,1,1,1986
Pygathrix nemaeus,Complexus_vestibularis_unilateral_Vol.mm3,Matano__1986_TableI,Matano (1986) Table I,10.1159/000156277,Selected_collection,1986,62.5,62.5,0,sole source,1,Selected_collection,1,1,1986
Pygathrix nemaeus,Corpus_geniculatum_laterale_Vol.mm3,deSousa_etal_2013_Table1,deSousa et al. (2013) Table 1,10.1159/000346495,Selected_collection,2013,114.8,114.8,0,sole source,1,Selected_collection,1,1,2013
Pygathrix nemaeus,Diencephalon_Vol.mm3,Stephan_etal_1981_TableIII,Stephan et al. (1981) Table III,10.1159/000155963,Selected_collection,1981,4727,4727,0,sole source,1,Selected_collection,1,1,1981
Pygathrix nemaeus,Hippocampus_Vol.mm3,Stephan_etal_1981_TableVI,Stephan et al. (1981) Table VI,10.1159/000155963,Selected_collection,1981,2295,2295,0,sole source,1,Selected_collection,1,1,1981
Pygathrix nemaeus,Interpositus_cerebellar_nuclei_Vol.mm3,Matano_etal_1985_a_Table1,Matano et al. (1985) Table 1,10.1159/000156212,Selected_collection,1985,80.76,80.76,0,sole source,1,Selected_collection,1,1,1985
Pygathrix nemaeus,Lateral_cerebellar_nuclei_Vol.mm3,Matano_etal_1985_a_Table1,Matano et al. (1985) Table 1,10.1159/000156212,Selected_collection,1985,137.05,137.05,0,sole source,1,Selected_collection,1,1,1985
Pygathrix nemaeus,Lobus_piriformis_Vol.mm3,Stephan_etal_1981_TableVI,Stephan et al. (1981) Table VI,10.1159/000155963,Selected_collection,1981,942,942,0,sole source,1,Selected_collection,1,1,1981
Pygathrix nemaeus,Medial_cerebellar_nuclei_Vol.mm3,Matano_etal_1985_a_Table1,Matano et al. (1985) Table 1,10.1159/000156212,Selected_collection,1985,47.94,47.94,0,sole source,1,Selected_collection,1,1,1985
Pygathrix nemaeus,Medulla_oblongata_Vol.mm3,Stephan_etal_1981_TableIII,Stephan et al. (1981) Table III,10.1159/000155963,Selected_collection,1981,2206,2206,0,sole source,1,Selected_collection,1,1,1981
Pygathrix nemaeus,Mesencephalon_Vol.mm3,Stephan_etal_1981_TableIII,Stephan et al. (1981) Table III,10.1159/000155963,Selected_collection,1981,1345,1345,0,sole source,1,Selected_collection,1,1,1981
Pygathrix nemaeus,Neocortex_Vol.mm3,Stephan_etal_1981_TableVI,Stephan et al. (1981) Table VI,10.1159/000155963,Selected_collection,1981,48763,48763,0,sole source,1,Selected_collection,1,1,1981
Pygathrix nemaeus,Nucleus_vestibularis_descendens_Vol.mm3,Matano__1986_TableI,Matano (1986) Table I,10.1159/000156277,NA,NA,NA,36.4,NA,"derived both-hemisphere value (step 7: left+right, or 2x a one-side measurement); cite this source for the one-side figure",NA,Selected_collection,1,1,1986
Pygathrix nemaeus,Nucleus_vestibularis_descendens_unilateral_Vol.mm3,Matano__1986_TableI,Matano (1986) Table I,10.1159/000156277,Selected_collection,1986,18.2,18.2,0,sole source,1,Selected_collection,1,1,1986
Pygathrix nemaeus,Nucleus_vestibularis_lateralis_Vol.mm3,Matano__1986_TableI,Matano (1986) Table I,10.1159/000156277,NA,NA,NA,24.4,NA,"derived both-hemisphere value (step 7: left+right, or 2x a one-side measurement); cite this source for the one-side figure",NA,Selected_collection,1,1,1986
Pygathrix nemaeus,Nucleus_vestibularis_lateralis_unilateral_Vol.mm3,Matano__1986_TableI,Matano (1986) Table I,10.1159/000156277,Selected_collection,1986,12.2,12.2,0,sole source,1,Selected_collection,1,1,1986
Pygathrix nemaeus,Nucleus_vestibularis_medialis_Vol.mm3,Matano__1986_TableI,Matano (1986) Table I,10.1159/000156277,NA,NA,NA,36.2,NA,"derived both-hemisphere value (step 7: left+right, or 2x a one-side measurement); cite this source for the one-side figure",NA,Selected_collection,1,1,1986
Pygathrix nemaeus,Nucleus_vestibularis_medialis_unilateral_Vol.mm3,Matano__1986_TableI,Matano (1986) Table I,10.1159/000156277,Selected_collection,1986,18.1,18.1,0,sole source,1,Selected_collection,1,1,1986
Pygathrix nemaeus,Nucleus_vestibularis_superior_Vol.mm3,Matano__1986_TableI,Matano (1986) Table I,10.1159/000156277,NA,NA,NA,28,NA,"derived both-hemisphere value (step 7: left+right, or 2x a one-side measurement); cite this source for the one-side figure",NA,Selected_collection,1,1,1986
Pygathrix nemaeus,Nucleus_vestibularis_superior_unilateral_Vol.mm3,Matano__1986_TableI,Matano (1986) Table I,10.1159/000156277,Selected_collection,1986,14,14,0,sole source,1,Selected_collection,1,1,1986
Pygathrix nemaeus,Schizo_cortex_Vol.mm3,Stephan_etal_1981_TableVI,Stephan et al. (1981) Table VI,10.1159/000155963,Selected_collection,1981,723,723,0,sole source,1,Selected_collection,1,1,1981
Pygathrix nemaeus,Septum_Vol.mm3,Stephan_etal_1981_TableVI,Stephan et al. (1981) Table VI,10.1159/000155963,Selected_collection,1981,290,290,0,sole source,1,Selected_collection,1,1,1981
Pygathrix nemaeus,Striatum_Vol.mm3,Stephan_etal_1981_TableVI,Stephan et al. (1981) Table VI,10.1159/000155963,Selected_collection,1981,3166,3166,0,sole source,1,Selected_collection,1,1,1981
Pygathrix nemaeus,Telencephalon_Vol.mm3,Stephan_etal_1981_TableIII,Stephan et al. (1981) Table III,10.1159/000155963,Selected_collection,1981,56189,56189,0,sole source,1,Selected_collection,1,1,1981
Pygathrix nemaeus,Total_brain_net_volume_Vol.mm3,Stephan_etal_1981_TableIII,Stephan et al. (1981) Table III,10.1159/000155963,Selected_collection,1981,72530,72530,0,sole source,1,Selected_collection,1,1,1981
Pygathrix nemaeus,Ventral_pons_Vol.mm3,Matano_etal_1985_b_Table1,Matano et al. (1985) Table 1,10.1159/000156211,Selected_collection,1985,708.5,708.5,0,sole source,1,Selected_collection,1,1,1985
Pygathrix nemaeus,Ventricles_Vol.mm3,Stephan_etal_1981_TableIII,Stephan et al. (1981) Table III,10.1159/000155963,Selected_collection,1981,911,911,0,sole source,1,Selected_collection,1,1,1981
Saguinus geoffroyi,Agranular_insular_cortex_Vol.mm3,Bauernfeind_etal_2013_Table1,Bauernfeind et al. (2013) Table 1,10.1016/j.jhevol.2012.12.003,NA,NA,NA,12,NA,"derived both-hemisphere value (step 7: left+right, or 2x a one-side measurement); cite this source for the one-side figure",NA,Selected_collection,1,1,2013
Saguinus geoffroyi,Agranular_insular_cortex_left_Vol.mm3,Bauernfeind_etal_2013_Table1,Bauernfeind et al. (2013) Table 1,10.1016/j.jhevol.2012.12.003,Selected_collection,2013,6,6,0,sole source,1,Selected_collection,1,1,2013
Saguinus geoffroyi,Body_Mass.g,Bauernfeind_etal_2013_Table1,Bauernfeind et al. (2013) Table 1,10.1016/j.jhevol.2012.12.003,Selected_collection,2013,482,482,0,reference table used (mass rule: other sources not averaged in),1,Selected_collection,1,1,2013
Saguinus geoffroyi,Brain_Mass.mg,Bauernfeind_etal_2013_Table1,Bauernfeind et al. (2013) Table 1,10.1016/j.jhevol.2012.12.003,Selected_collection,2013,10.5,10.5,0,reference table used (mass rule: other sources not averaged in),1,Selected_collection,1,1,2013
Saguinus geoffroyi,Dysgranular_insular_cortex_Vol.mm3,Bauernfeind_etal_2013_Table1,Bauernfeind et al. (2013) Table 1,10.1016/j.jhevol.2012.12.003,NA,NA,NA,18,NA,"derived both-hemisphere value (step 7: left+right, or 2x a one-side measurement); cite this source for the one-side figure",NA,Selected_collection,1,1,2013
Saguinus geoffroyi,Dysgranular_insular_cortex_left_Vol.mm3,Bauernfeind_etal_2013_Table1,Bauernfeind et al. (2013) Table 1,10.1016/j.jhevol.2012.12.003,Selected_collection,2013,9,9,0,sole source,1,Selected_collection,1,1,2013
Saguinus geoffroyi,Granular_insular_cortex_Vol.mm3,Bauernfeind_etal_2013_Table1,Bauernfeind et al. (2013) Table 1,10.1016/j.jhevol.2012.12.003,NA,NA,NA,18,NA,"derived both-hemisphere value (step 7: left+right, or 2x a one-side measurement); cite this source for the one-side figure",NA,Selected_collection,1,1,2013
Saguinus geoffroyi,Granular_insular_cortex_left_Vol.mm3,Bauernfeind_etal_2013_Table1,Bauernfeind et al. (2013) Table 1,10.1016/j.jhevol.2012.12.003,Selected_collection,2013,9,9,0,sole source,1,Selected_collection,1,1,2013
Saguinus geoffroyi,Insula_Vol.mm3,Bauernfeind_etal_2013_Table1,Bauernfeind et al. (2013) Table 1,10.1016/j.jhevol.2012.12.003,NA,NA,NA,46,NA,"derived both-hemisphere value (step 7: left+right, or 2x a one-side measurement); cite this source for the one-side figure",NA,Selected_collection,1,1,2013
Saguinus geoffroyi,Insula_left_Vol.mm3,Bauernfeind_etal_2013_Table1,Bauernfeind et al. (2013) Table 1,10.1016/j.jhevol.2012.12.003,Selected_collection,2013,23,23,0,sole source,1,Selected_collection,1,1,2013
Saguinus geoffroyi,Total_brain_net_volume_Vol.mm3,Bauernfeind_etal_2013_Table1,Bauernfeind et al. (2013) Table 1,10.1016/j.jhevol.2012.12.003,Selected_collection,2013,10135,10135,0,sole source,1,Selected_collection,1,1,2013
Saguinus midas,Area_striata_Vol.mm3,Frahm_etal_1984_Table1,Frahm et al. (1984) Table 1,PMID:6501869,Selected_collection,1984,1061,1061,0,sole source,1,Selected_collection,1,1,1984
Saguinus midas,Area_striata_grey_matter_Vol.mm3,Frahm_etal_1984_Table1,Frahm et al. (1984) Table 1,PMID:6501869,Selected_collection,1984,841,841,0,sole source,1,Selected_collection,1,1,1984
Saguinus midas,Area_striata_white_matter_Vol.mm3,Frahm_etal_1984_Table1,Frahm et al. (1984) Table 1,PMID:6501869,Selected_collection,1984,220,220,0,sole source,1,Selected_collection,1,1,1984
Saguinus midas,Body_Mass.g,Stephan_etal_1981_TableIII,Stephan et al. (1981) Table III,10.1159/000155963,Selected_collection,1981,340,340,0,reference table used (mass rule: other sources not averaged in),1,Selected_collection,1,1,1981
Saguinus midas,Brain_Mass.mg,Stephan_etal_1981_TableIII,Stephan et al. (1981) Table III,10.1159/000155963,Selected_collection,1981,10300,10300,0,reference table used (mass rule: other sources not averaged in),1,Selected_collection,1,1,1981
Saguinus midas,Bulbus_olfactorius_Vol.mm3,Stephan_etal_1981_TableVI,Stephan et al. (1981) Table VI,10.1159/000155963,Selected_collection,1981,17.3,17.3,0,sole source,1,Selected_collection,1,1,1981
Saguinus midas,Bulbus_olfactorius_accessorius_Vol.mm3,Stephan_etal_1981_TableVI,Stephan et al. (1981) Table VI,10.1159/000155963,Selected_collection,1981,0.29,0.29,0,sole source,1,Selected_collection,1,1,1981
Saguinus midas,Cerebellar_nuclei_total_Vol.mm3,Matano_etal_1985_a_Table1,Matano et al. (1985) Table 1,10.1159/000156212,Selected_collection,1985,21.57,21.57,0,sole source,1,Selected_collection,1,1,1985
Saguinus midas,Cerebellum_Vol.mm3,Stephan_etal_1981_TableIII,Stephan et al. (1981) Table III,10.1159/000155963,Selected_collection,1981,1061,1061,0,sole source,1,Selected_collection,1,1,1981
Saguinus midas,Complexus_vestibularis_Vol.mm3,Matano__1986_TableI,Matano (1986) Table I,10.1159/000156277,NA,NA,NA,31.6,NA,"derived both-hemisphere value (step 7: left+right, or 2x a one-side measurement); cite this source for the one-side figure",NA,Selected_collection,1,1,1986
Saguinus midas,Complexus_vestibularis_unilateral_Vol.mm3,Matano__1986_TableI,Matano (1986) Table I,10.1159/000156277,Selected_collection,1986,15.8,15.8,0,sole source,1,Selected_collection,1,1,1986
Saguinus midas,Corpus_geniculatum_laterale_Vol.mm3,Stephan_etal_1981_TableIX,Stephan et al. (1981) Table IX,10.1159/000155963,Selected_collection,1981,36.8,36.8,0,sole source,1,Selected_collection,1,1,1981
Saguinus midas,Corpus_pineal_Vol.mm3,Stephan_etal_1981_TableXVI,Stephan et al. (1981) Table XVI,10.1159/000155963,Selected_collection,1981,0.216,0.216,0,sole source,1,Selected_collection,1,1,1981
Saguinus midas,Corpus_subcommissurale_Vol.mm3,Stephan_etal_1981_TableXVI,Stephan et al. (1981) Table XVI,10.1159/000155963,Selected_collection,1981,0.0994,0.0994,0,sole source,1,Selected_collection,1,1,1981
Saguinus midas,Corpus_subfornicale_Vol.mm3,Stephan_etal_1981_TableXVI,Stephan et al. (1981) Table XVI,10.1159/000155963,Selected_collection,1981,0.0795,0.0795,0,sole source,1,Selected_collection,1,1,1981
Saguinus midas,Diencephalon_Vol.mm3,Stephan_etal_1981_TableIII,Stephan et al. (1981) Table III,10.1159/000155963,Selected_collection,1981,692,692,0,sole source,1,Selected_collection,1,1,1981
Saguinus midas,Hippocampus_Vol.mm3,Stephan_etal_1981_TableVI,Stephan et al. (1981) Table VI,10.1159/000155963,Selected_collection,1981,280,280,0,sole source,1,Selected_collection,1,1,1981
Saguinus midas,Interpositus_cerebellar_nuclei_Vol.mm3,Matano_etal_1985_a_Table1,Matano et al. (1985) Table 1,10.1159/000156212,Selected_collection,1985,6.94,6.94,0,sole source,1,Selected_collection,1,1,1985
Saguinus midas,Lateral_cerebellar_nuclei_Vol.mm3,Matano_etal_1985_a_Table1,Matano et al. (1985) Table 1,10.1159/000156212,Selected_collection,1985,7.75,7.75,0,sole source,1,Selected_collection,1,1,1985
Saguinus midas,Lobus_piriformis_Vol.mm3,Stephan_etal_1981_TableVI,Stephan et al. (1981) Table VI,10.1159/000155963,Selected_collection,1981,243,243,0,sole source,1,Selected_collection,1,1,1981
Saguinus midas,Medial_cerebellar_nuclei_Vol.mm3,Matano_etal_1985_a_Table1,Matano et al. (1985) Table 1,10.1159/000156212,Selected_collection,1985,6.88,6.88,0,sole source,1,Selected_collection,1,1,1985
Saguinus midas,Medulla_oblongata_Vol.mm3,Stephan_etal_1981_TableIII,Stephan et al. (1981) Table III,10.1159/000155963,Selected_collection,1981,428,428,0,sole source,1,Selected_collection,1,1,1981
Saguinus midas,Mesencephalon_Vol.mm3,Stephan_etal_1981_TableIII,Stephan et al. (1981) Table III,10.1159/000155963,Selected_collection,1981,332,332,0,sole source,1,Selected_collection,1,1,1981
Saguinus midas,Neocortex_Vol.mm3,Stephan_etal_1981_TableVI,Stephan et al. (1981) Table VI,10.1159/000155963,Selected_collection,1981,5883,5883,0,sole source,1,Selected_collection,1,1,1981
Saguinus midas,Nucleus_habenularis_medialis_Vol.mm3,Stephan_etal_1981_TableXVI,Stephan et al. (1981) Table XVI,10.1159/000155963,Selected_collection,1981,1.18,1.18,0,sole source,1,Selected_collection,1,1,1981
Saguinus midas,Nucleus_septalis_triangularis_Vol.mm3,Stephan_etal_1981_TableXVI,Stephan et al. (1981) Table XVI,10.1159/000155963,Selected_collection,1981,0.559,0.559,0,sole source,1,Selected_collection,1,1,1981
Saguinus midas,Nucleus_vestibularis_descendens_Vol.mm3,Matano__1986_TableI,Matano (1986) Table I,10.1159/000156277,NA,NA,NA,7.2,NA,"derived both-hemisphere value (step 7: left+right, or 2x a one-side measurement); cite this source for the one-side figure",NA,Selected_collection,1,1,1986
Saguinus midas,Nucleus_vestibularis_descendens_unilateral_Vol.mm3,Matano__1986_TableI,Matano (1986) Table I,10.1159/000156277,Selected_collection,1986,3.6,3.6,0,sole source,1,Selected_collection,1,1,1986
Saguinus midas,Nucleus_vestibularis_lateralis_Vol.mm3,Matano__1986_TableI,Matano (1986) Table I,10.1159/000156277,NA,NA,NA,6.56,NA,"derived both-hemisphere value (step 7: left+right, or 2x a one-side measurement); cite this source for the one-side figure",NA,Selected_collection,1,1,1986
Saguinus midas,Nucleus_vestibularis_lateralis_unilateral_Vol.mm3,Matano__1986_TableI,Matano (1986) Table I,10.1159/000156277,Selected_collection,1986,3.28,3.28,0,sole source,1,Selected_collection,1,1,1986
Saguinus midas,Nucleus_vestibularis_medialis_Vol.mm3,Matano__1986_TableI,Matano (1986) Table I,10.1159/000156277,NA,NA,NA,11.4,NA,"derived both-hemisphere value (step 7: left+right, or 2x a one-side measurement); cite this source for the one-side figure",NA,Selected_collection,1,1,1986
Saguinus midas,Nucleus_vestibularis_medialis_unilateral_Vol.mm3,Matano__1986_TableI,Matano (1986) Table I,10.1159/000156277,Selected_collection,1986,5.7,5.7,0,sole source,1,Selected_collection,1,1,1986
Saguinus midas,Nucleus_vestibularis_superior_Vol.mm3,Matano__1986_TableI,Matano (1986) Table I,10.1159/000156277,NA,NA,NA,6.42,NA,"derived both-hemisphere value (step 7: left+right, or 2x a one-side measurement); cite this source for the one-side figure",NA,Selected_collection,1,1,1986
Saguinus midas,Nucleus_vestibularis_superior_unilateral_Vol.mm3,Matano__1986_TableI,Matano (1986) Table I,10.1159/000156277,Selected_collection,1986,3.21,3.21,0,sole source,1,Selected_collection,1,1,1986
Saguinus midas,Schizo_cortex_Vol.mm3,Stephan_etal_1981_TableVI,Stephan et al. (1981) Table VI,10.1159/000155963,Selected_collection,1981,120,120,0,sole source,1,Selected_collection,1,1,1981
Saguinus midas,Septum_Vol.mm3,Stephan_etal_1981_TableVI,Stephan et al. (1981) Table VI,10.1159/000155963,Selected_collection,1981,40.9,40.9,0,sole source,1,Selected_collection,1,1,1981
Saguinus midas,Striatum_Vol.mm3,Stephan_etal_1981_TableVI,Stephan et al. (1981) Table VI,10.1159/000155963,Selected_collection,1981,471,471,0,sole source,1,Selected_collection,1,1,1981
Saguinus midas,Telencephalon_Vol.mm3,Stephan_etal_1981_TableIII,Stephan et al. (1981) Table III,10.1159/000155963,Selected_collection,1981,7055,7055,0,sole source,1,Selected_collection,1,1,1981
Saguinus midas,Total_brain_net_volume_Vol.mm3,Stephan_etal_1981_TableIII,Stephan et al. (1981) Table III,10.1159/000155963,Selected_collection,1981,9569,9569,0,sole source,1,Selected_collection,1,1,1981
Saguinus midas,Ventral_pons_Vol.mm3,Matano_etal_1985_b_Table1,Matano et al. (1985) Table 1,10.1159/000156211,Selected_collection,1985,45.7,45.7,0,sole source,1,Selected_collection,1,1,1985
Saguinus midas,Ventricles_Vol.mm3,Stephan_etal_1981_TableIII,Stephan et al. (1981) Table III,10.1159/000155963,Selected_collection,1981,251,251,0,sole source,1,Selected_collection,1,1,1981
Saguinus oedipus,Agranular_insular_cortex_Vol.mm3,Bauernfeind_etal_2013_Table1,Bauernfeind et al. (2013) Table 1,10.1016/j.jhevol.2012.12.003,NA,NA,NA,12,NA,"derived both-hemisphere value (step 7: left+right, or 2x a one-side measurement); cite this source for the one-side figure",NA,Selected_collection,1,1,2013
Saguinus oedipus,Agranular_insular_cortex_left_Vol.mm3,Bauernfeind_etal_2013_Table1,Bauernfeind et al. (2013) Table 1,10.1016/j.jhevol.2012.12.003,Selected_collection,2013,6,6,0,sole source,1,Selected_collection,1,1,2013
Saguinus oedipus,Area_striata_Vol.mm3,Frahm_etal_1984_Table1,Frahm et al. (1984) Table 1,PMID:6501869,Selected_collection,1984,977,977,0,sole source,1,Selected_collection,1,1,1984
Saguinus oedipus,Area_striata_grey_matter_Vol.mm3,Frahm_etal_1984_Table1,Frahm et al. (1984) Table 1,PMID:6501869,Selected_collection,1984,807,807,0,sole source,1,Selected_collection,1,1,1984
Saguinus oedipus,Area_striata_white_matter_Vol.mm3,Frahm_etal_1984_Table1,Frahm et al. (1984) Table 1,PMID:6501869,Selected_collection,1984,170,170,0,sole source,1,Selected_collection,1,1,1984
Saguinus oedipus,Body_Mass.g,Stephan_etal_1981_TableIII,Stephan et al. (1981) Table III,10.1159/000155963,Selected_collection,1981,380,380,0,reference table used (mass rule: other sources not averaged in),1,Selected_collection,1,1,1981
Saguinus oedipus,Brain_Mass.mg,Stephan_etal_1981_TableIII,Stephan et al. (1981) Table III,10.1159/000155963,Selected_collection,1981,10000,10000,0,reference table used (mass rule: other sources not averaged in),1,Selected_collection,1,1,1981
Saguinus oedipus,Bulbus_olfactorius_Vol.mm3,Stephan_etal_1981_TableVI,Stephan et al. (1981) Table VI,10.1159/000155963,Selected_collection,1981,19.1,19.1,0,sole source,1,Selected_collection,1,1,1981
Saguinus oedipus,Bulbus_olfactorius_accessorius_Vol.mm3,Stephan_etal_1981_TableVI,Stephan et al. (1981) Table VI,10.1159/000155963,Selected_collection,1981,0.406,0.406,0,sole source,1,Selected_collection,1,1,1981
Saguinus oedipus,Capsula_interna_Vol.mm3,Stephan_etal_1981_TableVIII,Stephan et al. (1981) Table VIII,10.1159/000155963,Selected_collection,1981,62.7,62.7,0,sole source,1,Selected_collection,1,1,1981
Saguinus oedipus,Cerebellar_nuclei_total_Vol.mm3,Matano_etal_1985_a_Table1,Matano et al. (1985) Table 1,10.1159/000156212,Selected_collection,1985,24.6,24.6,0,sole source,1,Selected_collection,1,1,1985
Saguinus oedipus,Cerebellum_Vol.mm3,Stephan_etal_1981_TableIII,Stephan et al. (1981) Table III,10.1159/000155963,Selected_collection,1981,984,984,0,sole source,1,Selected_collection,1,1,1981
Saguinus oedipus,Complexus_vestibularis_Vol.mm3,Matano__1986_TableI,Matano (1986) Table I,10.1159/000156277,NA,NA,NA,36.8,NA,"derived both-hemisphere value (step 7: left+right, or 2x a one-side measurement); cite this source for the one-side figure",NA,Selected_collection,1,1,1986
Saguinus oedipus,Complexus_vestibularis_unilateral_Vol.mm3,Matano__1986_TableI,Matano (1986) Table I,10.1159/000156277,Selected_collection,1986,18.4,18.4,0,sole source,1,Selected_collection,1,1,1986
Saguinus oedipus,Corpus_geniculatum_laterale_Vol.mm3,Stephan_etal_1984_Table1,Stephan et al. (1984) Table 1,PMID:6481154,Selected_collection,1984,34.2,34.2,0,sole source,1,Selected_collection,1,1,1984
Saguinus oedipus,Corpus_pineal_Vol.mm3,Stephan_etal_1981_TableXVI,Stephan et al. (1981) Table XVI,10.1159/000155963,Selected_collection,1981,0.392,0.392,0,sole source,1,Selected_collection,1,1,1981
Saguinus oedipus,Corpus_subcommissurale_Vol.mm3,Stephan_etal_1981_TableXVI,Stephan et al. (1981) Table XVI,10.1159/000155963,Selected_collection,1981,0.0921,0.0921,0,sole source,1,Selected_collection,1,1,1981
Saguinus oedipus,Corpus_subfornicale_Vol.mm3,Stephan_etal_1981_TableXVI,Stephan et al. (1981) Table XVI,10.1159/000155963,Selected_collection,1981,0.167,0.167,0,sole source,1,Selected_collection,1,1,1981
Saguinus oedipus,Diencephalon_Vol.mm3,Stephan_etal_1981_TableIII,Stephan et al. (1981) Table III,10.1159/000155963,Selected_collection,1981,754,754,0,sole source,1,Selected_collection,1,1,1981
Saguinus oedipus,Dysgranular_insular_cortex_Vol.mm3,Bauernfeind_etal_2013_Table1,Bauernfeind et al. (2013) Table 1,10.1016/j.jhevol.2012.12.003,NA,NA,NA,26,NA,"derived both-hemisphere value (step 7: left+right, or 2x a one-side measurement); cite this source for the one-side figure",NA,Selected_collection,1,1,2013
Saguinus oedipus,Dysgranular_insular_cortex_left_Vol.mm3,Bauernfeind_etal_2013_Table1,Bauernfeind et al. (2013) Table 1,10.1016/j.jhevol.2012.12.003,Selected_collection,2013,13,13,0,sole source,1,Selected_collection,1,1,2013
Saguinus oedipus,Epithalamus_Vol.mm3,Stephan_etal_1981_TableVIII,Stephan et al. (1981) Table VIII,10.1159/000155963,Selected_collection,1981,4.93,4.93,0,sole source,1,Selected_collection,1,1,1981
Saguinus oedipus,Granular_insular_cortex_Vol.mm3,Bauernfeind_etal_2013_Table1,Bauernfeind et al. (2013) Table 1,10.1016/j.jhevol.2012.12.003,NA,NA,NA,14,NA,"derived both-hemisphere value (step 7: left+right, or 2x a one-side measurement); cite this source for the one-side figure",NA,Selected_collection,1,1,2013
Saguinus oedipus,Granular_insular_cortex_left_Vol.mm3,Bauernfeind_etal_2013_Table1,Bauernfeind et al. (2013) Table 1,10.1016/j.jhevol.2012.12.003,Selected_collection,2013,7,7,0,sole source,1,Selected_collection,1,1,2013
Saguinus oedipus,Hippocampus_Vol.mm3,Stephan_etal_1981_TableVI,Stephan et al. (1981) Table VI,10.1159/000155963,Selected_collection,1981,262,262,0,sole source,1,Selected_collection,1,1,1981
Saguinus oedipus,Hypothalamus_Vol.mm3,Stephan_etal_1981_TableVIII,Stephan et al. (1981) Table VIII,10.1159/000155963,Selected_collection,1981,152,152,0,sole source,1,Selected_collection,1,1,1981
Saguinus oedipus,Insula_Vol.mm3,Bauernfeind_etal_2013_Table1,Bauernfeind et al. (2013) Table 1,10.1016/j.jhevol.2012.12.003,NA,NA,NA,52,NA,"derived both-hemisphere value (step 7: left+right, or 2x a one-side measurement); cite this source for the one-side figure",NA,Selected_collection,1,1,2013
Saguinus oedipus,Insula_left_Vol.mm3,Bauernfeind_etal_2013_Table1,Bauernfeind et al. (2013) Table 1,10.1016/j.jhevol.2012.12.003,Selected_collection,2013,26,26,0,sole source,1,Selected_collection,1,1,2013
Saguinus oedipus,Interpositus_cerebellar_nuclei_Vol.mm3,Matano_etal_1985_a_Table1,Matano et al. (1985) Table 1,10.1159/000156212,Selected_collection,1985,7.19,7.19,0,sole source,1,Selected_collection,1,1,1985
Saguinus oedipus,Lateral_cerebellar_nuclei_Vol.mm3,Matano_etal_1985_a_Table1,Matano et al. (1985) Table 1,10.1159/000156212,Selected_collection,1985,8.8,8.8,0,sole source,1,Selected_collection,1,1,1985
Saguinus oedipus,Lobus_piriformis_Vol.mm3,Stephan_etal_1981_TableVI,Stephan et al. (1981) Table VI,10.1159/000155963,Selected_collection,1981,256,256,0,sole source,1,Selected_collection,1,1,1981
Saguinus oedipus,Medial_cerebellar_nuclei_Vol.mm3,Matano_etal_1985_a_Table1,Matano et al. (1985) Table 1,10.1159/000156212,Selected_collection,1985,8.61,8.61,0,sole source,1,Selected_collection,1,1,1985
Saguinus oedipus,Medulla_oblongata_Vol.mm3,Stephan_etal_1981_TableIII,Stephan et al. (1981) Table III,10.1159/000155963,Selected_collection,1981,413,413,0,sole source,1,Selected_collection,1,1,1981
Saguinus oedipus,Mesencephalon_Vol.mm3,Stephan_etal_1981_TableIII,Stephan et al. (1981) Table III,10.1159/000155963,Selected_collection,1981,333,333,0,sole source,1,Selected_collection,1,1,1981
Saguinus oedipus,Neocortex_Vol.mm3,Stephan_etal_1981_TableVI,Stephan et al. (1981) Table VI,10.1159/000155963,Selected_collection,1981,5894,5894,0,sole source,1,Selected_collection,1,1,1981
Saguinus oedipus,Nucleus_habenularis_medialis_Vol.mm3,Stephan_etal_1981_TableXVI,Stephan et al. (1981) Table XVI,10.1159/000155963,Selected_collection,1981,1.55,1.55,0,sole source,1,Selected_collection,1,1,1981
Saguinus oedipus,Nucleus_septalis_triangularis_Vol.mm3,Stephan_etal_1981_TableXVI,Stephan et al. (1981) Table XVI,10.1159/000155963,Selected_collection,1981,1.08,1.08,0,sole source,1,Selected_collection,1,1,1981
Saguinus oedipus,Nucleus_subthalamicus_Vol.mm3,Stephan_etal_1981_TableVIII,Stephan et al. (1981) Table VIII,10.1159/000155963,Selected_collection,1981,4.45,4.45,0,sole source,1,Selected_collection,1,1,1981
Saguinus oedipus,Nucleus_vestibularis_descendens_Vol.mm3,Matano__1986_TableI,Matano (1986) Table I,10.1159/000156277,NA,NA,NA,8.98,NA,"derived both-hemisphere value (step 7: left+right, or 2x a one-side measurement); cite this source for the one-side figure",NA,Selected_collection,1,1,1986
Saguinus oedipus,Nucleus_vestibularis_descendens_unilateral_Vol.mm3,Matano__1986_TableI,Matano (1986) Table I,10.1159/000156277,Selected_collection,1986,4.49,4.49,0,sole source,1,Selected_collection,1,1,1986
Saguinus oedipus,Nucleus_vestibularis_lateralis_Vol.mm3,Matano__1986_TableI,Matano (1986) Table I,10.1159/000156277,NA,NA,NA,7.26,NA,"derived both-hemisphere value (step 7: left+right, or 2x a one-side measurement); cite this source for the one-side figure",NA,Selected_collection,1,1,1986
Saguinus oedipus,Nucleus_vestibularis_lateralis_unilateral_Vol.mm3,Matano__1986_TableI,Matano (1986) Table I,10.1159/000156277,Selected_collection,1986,3.63,3.63,0,sole source,1,Selected_collection,1,1,1986
Saguinus oedipus,Nucleus_vestibularis_medialis_Vol.mm3,Matano__1986_TableI,Matano (1986) Table I,10.1159/000156277,NA,NA,NA,14.5,NA,"derived both-hemisphere value (step 7: left+right, or 2x a one-side measurement); cite this source for the one-side figure",NA,Selected_collection,1,1,1986
Saguinus oedipus,Nucleus_vestibularis_medialis_unilateral_Vol.mm3,Matano__1986_TableI,Matano (1986) Table I,10.1159/000156277,Selected_collection,1986,7.25,7.25,0,sole source,1,Selected_collection,1,1,1986
Saguinus oedipus,Nucleus_vestibularis_superior_Vol.mm3,Matano__1986_TableI,Matano (1986) Table I,10.1159/000156277,NA,NA,NA,5.96,NA,"derived both-hemisphere value (step 7: left+right, or 2x a one-side measurement); cite this source for the one-side figure",NA,Selected_collection,1,1,1986
Saguinus oedipus,Nucleus_vestibularis_superior_unilateral_Vol.mm3,Matano__1986_TableI,Matano (1986) Table I,10.1159/000156277,Selected_collection,1986,2.98,2.98,0,sole source,1,Selected_collection,1,1,1986
Saguinus oedipus,Pallidum_Vol.mm3,Stephan_etal_1981_TableVIII,Stephan et al. (1981) Table VIII,10.1159/000155963,Selected_collection,1981,73.2,73.2,0,sole source,1,Selected_collection,1,1,1981
Saguinus oedipus,Schizo_cortex_Vol.mm3,Stephan_etal_1981_TableVI,Stephan et al. (1981) Table VI,10.1159/000155963,Selected_collection,1981,107,107,0,sole source,1,Selected_collection,1,1,1981
Saguinus oedipus,Septum_Vol.mm3,Stephan_etal_1981_TableVI,Stephan et al. (1981) Table VI,10.1159/000155963,Selected_collection,1981,60.5,60.5,0,sole source,1,Selected_collection,1,1,1981
Saguinus oedipus,Striatum_Vol.mm3,Stephan_etal_1981_TableVI,Stephan et al. (1981) Table VI,10.1159/000155963,Selected_collection,1981,453,453,0,sole source,1,Selected_collection,1,1,1981
Saguinus oedipus,Subthalamus_Vol.mm3,Stephan_etal_1981_TableVIII,Stephan et al. (1981) Table VIII,10.1159/000155963,Selected_collection,1981,77.6,77.6,0,sole source,1,Selected_collection,1,1,1981
Saguinus oedipus,Telencephalon_Vol.mm3,Stephan_etal_1981_TableIII,Stephan et al. (1981) Table III,10.1159/000155963,Selected_collection,1981,7052,7052,0,sole source,1,Selected_collection,1,1,1981
Saguinus oedipus,Thalamus_Vol.mm3,Stephan_etal_1981_TableVIII,Stephan et al. (1981) Table VIII,10.1159/000155963,Selected_collection,1981,410,410,0,sole source,1,Selected_collection,1,1,1981
Saguinus oedipus,Total_brain_net_volume_Vol.mm3,Bauernfeind_etal_2013_Table1,Bauernfeind et al. (2013) Table 1,10.1016/j.jhevol.2012.12.003,Selected_collection,2013,8938.2,8938.2,0,sole source,1,Selected_collection,1,1,2013
Saguinus oedipus,Tractus_opticus_Vol.mm3,Stephan_etal_1981_TableVIII,Stephan et al. (1981) Table VIII,10.1159/000155963,Selected_collection,1981,50.5,50.5,0,sole source,1,Selected_collection,1,1,1981
Saguinus oedipus,Ventral_pons_Vol.mm3,Matano_etal_1985_b_Table1,Matano et al. (1985) Table 1,10.1159/000156211,Selected_collection,1985,50.9,50.9,0,sole source,1,Selected_collection,1,1,1985
Saguinus oedipus,Ventricles_Vol.mm3,Stephan_etal_1981_TableIII,Stephan et al. (1981) Table III,10.1159/000155963,Selected_collection,1981,62.6,62.6,0,sole source,1,Selected_collection,1,1,1981
Saimiri sciureus,Amygdala_Vol.mm3,Stephan_etal_1981_TableXI,Stephan et al. (1981) Table XI,10.1159/000155963,Selected_collection,1981,227,227,0,sole source,1,Selected_collection,1,1,1981
Saimiri sciureus,Area_striata_Vol.mm3,Frahm_etal_1984_Table1,Frahm et al. (1984) Table 1,PMID:6501869,Selected_collection,1984,2326,2326,0,sole source,1,Selected_collection,1,1,1984
Saimiri sciureus,Area_striata_grey_matter_Vol.mm3,Frahm_etal_1984_Table1,Frahm et al. (1984) Table 1,PMID:6501869,Selected_collection,1984,1884,1884,0,sole source,1,Selected_collection,1,1,1984
Saimiri sciureus,Area_striata_lamina_1_Vol.mm3,Frahm_etal_1984_Table1,Frahm et al. (1984) Table 1,PMID:6501869,Selected_collection,1984,175,175,0,sole source,1,Selected_collection,1,1,1984
Saimiri sciureus,Area_striata_laminae_2_6_Vol.mm3,Frahm_etal_1984_Table1,Frahm et al. (1984) Table 1,PMID:6501869,Selected_collection,1984,1709,1709,0,sole source,1,Selected_collection,1,1,1984
Saimiri sciureus,Area_striata_white_matter_Vol.mm3,Frahm_etal_1984_Table1,Frahm et al. (1984) Table 1,PMID:6501869,Selected_collection,1984,442,442,0,sole source,1,Selected_collection,1,1,1984
Saimiri sciureus,Body_Mass.g,Stephan_etal_1981_TableIII,Stephan et al. (1981) Table III,10.1159/000155963,Selected_collection,1981,660,660,0,reference table used (mass rule: other sources not averaged in),1,Selected_collection,1,1,1981
Saimiri sciureus,Brain_Mass.mg,Stephan_etal_1981_TableIII,Stephan et al. (1981) Table III,10.1159/000155963,Selected_collection,1981,24000,24000,0,reference table used (mass rule: other sources not averaged in),1,Selected_collection,1,1,1981
Saimiri sciureus,Bulbus_olfactorius_Vol.mm3,Stephan_etal_1981_TableVI,Stephan et al. (1981) Table VI,10.1159/000155963,Selected_collection,1981,26.8,26.8,0,sole source,1,Selected_collection,1,1,1981
Saimiri sciureus,Bulbus_olfactorius_accessorius_Vol.mm3,Stephan_etal_1981_TableVI,Stephan et al. (1981) Table VI,10.1159/000155963,Selected_collection,1981,0.985,0.985,0,sole source,1,Selected_collection,1,1,1981
Saimiri sciureus,Capsula_interna_Vol.mm3,Stephan_etal_1981_TableVIII,Stephan et al. (1981) Table VIII,10.1159/000155963,Selected_collection,1981,132,132,0,sole source,1,Selected_collection,1,1,1981
Saimiri sciureus,Cerebellar_nuclei_total_Vol.mm3,Matano_etal_1985_a_Table1,Matano et al. (1985) Table 1,10.1159/000156212,Selected_collection,1985,73.22,73.22,0,sole source,1,Selected_collection,1,1,1985
Saimiri sciureus,Cerebellum_Vol.mm3,Stephan_etal_1981_TableIII,Stephan et al. (1981) Table III,10.1159/000155963,Selected_collection,1981,2260,2260,0,sole source,1,Selected_collection,1,1,1981
Saimiri sciureus,Complexus_centromedialis_Vol.mm3,Stephan_etal_1981_TableXI,Stephan et al. (1981) Table XI,10.1159/000155963,Selected_collection,1981,45.9,45.9,0,sole source,1,Selected_collection,1,1,1981
Saimiri sciureus,Complexus_corticobasolateralis_Vol.mm3,Stephan_etal_1981_TableXI,Stephan et al. (1981) Table XI,10.1159/000155963,Selected_collection,1981,181,181,0,sole source,1,Selected_collection,1,1,1981
Saimiri sciureus,Complexus_vestibularis_Vol.mm3,Matano__1986_TableI,Matano (1986) Table I,10.1159/000156277,NA,NA,NA,58.8,NA,"derived both-hemisphere value (step 7: left+right, or 2x a one-side measurement); cite this source for the one-side figure",NA,Selected_collection,1,1,1986
Saimiri sciureus,Complexus_vestibularis_unilateral_Vol.mm3,Matano__1986_TableI,Matano (1986) Table I,10.1159/000156277,Selected_collection,1986,29.4,29.4,0,sole source,1,Selected_collection,1,1,1986
Saimiri sciureus,Corpus_geniculatum_laterale_Vol.mm3,Stephan_etal_1984_Table1,Stephan et al. (1984) Table 1,PMID:6481154,Selected_collection,1984,62.9,62.9,0,sole source,1,Selected_collection,1,1,1984
Saimiri sciureus,Corpus_pineal_Vol.mm3,Stephan_etal_1981_TableXVI,Stephan et al. (1981) Table XVI,10.1159/000155963,Selected_collection,1981,2.71,2.71,0,sole source,1,Selected_collection,1,1,1981
Saimiri sciureus,Corpus_subcommissurale_Vol.mm3,Stephan_etal_1981_TableXVI,Stephan et al. (1981) Table XVI,10.1159/000155963,Selected_collection,1981,0.143,0.143,0,sole source,1,Selected_collection,1,1,1981
Saimiri sciureus,Corpus_subfornicale_Vol.mm3,Stephan_etal_1981_TableXVI,Stephan et al. (1981) Table XVI,10.1159/000155963,Selected_collection,1981,0.255,0.255,0,sole source,1,Selected_collection,1,1,1981
Saimiri sciureus,Diencephalon_Vol.mm3,Stephan_etal_1981_TableIII,Stephan et al. (1981) Table III,10.1159/000155963,Selected_collection,1981,1430,1430,0,sole source,1,Selected_collection,1,1,1981
Saimiri sciureus,Epithalamus_Vol.mm3,Stephan_etal_1981_TableVIII,Stephan et al. (1981) Table VIII,10.1159/000155963,Selected_collection,1981,8.86,8.86,0,sole source,1,Selected_collection,1,1,1981
Saimiri sciureus,Hippocampus_Vol.mm3,Stephan_etal_1981_TableVI,Stephan et al. (1981) Table VI,10.1159/000155963,Selected_collection,1981,352,352,0,sole source,1,Selected_collection,1,1,1981
Saimiri sciureus,Hypothalamus_Vol.mm3,Stephan_etal_1981_TableVIII,Stephan et al. (1981) Table VIII,10.1159/000155963,Selected_collection,1981,207,207,0,sole source,1,Selected_collection,1,1,1981
Saimiri sciureus,Interpositus_cerebellar_nuclei_Vol.mm3,Matano_etal_1985_a_Table1,Matano et al. (1985) Table 1,10.1159/000156212,Selected_collection,1985,21.93,21.93,0,sole source,1,Selected_collection,1,1,1985
Saimiri sciureus,Lateral_cerebellar_nuclei_Vol.mm3,Matano_etal_1985_a_Table1,Matano et al. (1985) Table 1,10.1159/000156212,Selected_collection,1985,27.2,27.2,0,sole source,1,Selected_collection,1,1,1985
Saimiri sciureus,Lobus_piriformis_Vol.mm3,Stephan_etal_1981_TableVI,Stephan et al. (1981) Table VI,10.1159/000155963,Selected_collection,1981,413,413,0,sole source,1,Selected_collection,1,1,1981
Saimiri sciureus,Medial_cerebellar_nuclei_Vol.mm3,Matano_etal_1985_a_Table1,Matano et al. (1985) Table 1,10.1159/000156212,Selected_collection,1985,24.09,24.09,0,sole source,1,Selected_collection,1,1,1985
Saimiri sciureus,Medulla_oblongata_Vol.mm3,Stephan_etal_1981_TableIII,Stephan et al. (1981) Table III,10.1159/000155963,Selected_collection,1981,722,722,0,sole source,1,Selected_collection,1,1,1981
Saimiri sciureus,Mesencephalon_Vol.mm3,Stephan_etal_1981_TableIII,Stephan et al. (1981) Table III,10.1159/000155963,Selected_collection,1981,526,526,0,sole source,1,Selected_collection,1,1,1981
Saimiri sciureus,Neocortex_Vol.mm3,Frahm_etal_1982_Table2,Frahm et al. (1982) Table 2,PMID:7161477,Selected_collection,1982,15541,15541,0,sole source,1,Selected_collection,1,1,1982
Saimiri sciureus,Neocortex_grey_matter_Vol.mm3,Frahm_etal_1982_Table2,Frahm et al. (1982) Table 2,PMID:7161477,Selected_collection,1982,11832,11832,0,sole source,1,Selected_collection,1,1,1982
Saimiri sciureus,Neocortex_lamina_1_Vol.mm3,Frahm_etal_1982_Table2,Frahm et al. (1982) Table 2,PMID:7161477,Selected_collection,1982,1275,1275,0,sole source,1,Selected_collection,1,1,1982
Saimiri sciureus,Neocortex_laminae_2_6_Vol.mm3,Frahm_etal_1982_Table2,Frahm et al. (1982) Table 2,PMID:7161477,Selected_collection,1982,10557,10557,0,sole source,1,Selected_collection,1,1,1982
Saimiri sciureus,Neocortex_white_matter_Vol.mm3,Frahm_etal_1982_Table2,Frahm et al. (1982) Table 2,PMID:7161477,Selected_collection,1982,3710,3710,0,sole source,1,Selected_collection,1,1,1982
Saimiri sciureus,Nucleus_amygdalae_basalis_pars_magnocellularis_Vol.mm3,Stephan_etal_1981_TableXI,Stephan et al. (1981) Table XI,10.1159/000155963,Selected_collection,1981,15,15,0,sole source,1,Selected_collection,1,1,1981
Saimiri sciureus,Nucleus_habenularis_medialis_Vol.mm3,Stephan_etal_1981_TableXVI,Stephan et al. (1981) Table XVI,10.1159/000155963,Selected_collection,1981,2.77,2.77,0,sole source,1,Selected_collection,1,1,1981
Saimiri sciureus,Nucleus_septalis_triangularis_Vol.mm3,Stephan_etal_1981_TableXVI,Stephan et al. (1981) Table XVI,10.1159/000155963,Selected_collection,1981,0.598,0.598,0,sole source,1,Selected_collection,1,1,1981
Saimiri sciureus,Nucleus_subthalamicus_Vol.mm3,Stephan_etal_1981_TableVIII,Stephan et al. (1981) Table VIII,10.1159/000155963,Selected_collection,1981,11.5,11.5,0,sole source,1,Selected_collection,1,1,1981
Saimiri sciureus,Nucleus_tractus_olfactorius_Vol.mm3,Stephan_etal_1981_TableXI,Stephan et al. (1981) Table XI,10.1159/000155963,Selected_collection,1981,0,0,NA,sole source,1,Selected_collection,1,1,1981
Saimiri sciureus,Nucleus_vestibularis_descendens_Vol.mm3,Matano__1986_TableI,Matano (1986) Table I,10.1159/000156277,NA,NA,NA,14.62,NA,"derived both-hemisphere value (step 7: left+right, or 2x a one-side measurement); cite this source for the one-side figure",NA,Selected_collection,1,1,1986
Saimiri sciureus,Nucleus_vestibularis_descendens_unilateral_Vol.mm3,Matano__1986_TableI,Matano (1986) Table I,10.1159/000156277,Selected_collection,1986,7.31,7.31,0,sole source,1,Selected_collection,1,1,1986
Saimiri sciureus,Nucleus_vestibularis_lateralis_Vol.mm3,Matano__1986_TableI,Matano (1986) Table I,10.1159/000156277,NA,NA,NA,12.52,NA,"derived both-hemisphere value (step 7: left+right, or 2x a one-side measurement); cite this source for the one-side figure",NA,Selected_collection,1,1,1986
Saimiri sciureus,Nucleus_vestibularis_lateralis_unilateral_Vol.mm3,Matano__1986_TableI,Matano (1986) Table I,10.1159/000156277,Selected_collection,1986,6.26,6.26,0,sole source,1,Selected_collection,1,1,1986
Saimiri sciureus,Nucleus_vestibularis_medialis_Vol.mm3,Matano__1986_TableI,Matano (1986) Table I,10.1159/000156277,NA,NA,NA,22.8,NA,"derived both-hemisphere value (step 7: left+right, or 2x a one-side measurement); cite this source for the one-side figure",NA,Selected_collection,1,1,1986
Saimiri sciureus,Nucleus_vestibularis_medialis_unilateral_Vol.mm3,Matano__1986_TableI,Matano (1986) Table I,10.1159/000156277,Selected_collection,1986,11.4,11.4,0,sole source,1,Selected_collection,1,1,1986
Saimiri sciureus,Nucleus_vestibularis_superior_Vol.mm3,Matano__1986_TableI,Matano (1986) Table I,10.1159/000156277,NA,NA,NA,8.86,NA,"derived both-hemisphere value (step 7: left+right, or 2x a one-side measurement); cite this source for the one-side figure",NA,Selected_collection,1,1,1986
Saimiri sciureus,Nucleus_vestibularis_superior_unilateral_Vol.mm3,Matano__1986_TableI,Matano (1986) Table I,10.1159/000156277,Selected_collection,1986,4.43,4.43,0,sole source,1,Selected_collection,1,1,1986
Saimiri sciureus,Palaeocortex_Vol.mm3,Stephan_etal_1981_TableXI,Stephan et al. (1981) Table XI,10.1159/000155963,Selected_collection,1981,186,186,0,sole source,1,Selected_collection,1,1,1981
Saimiri sciureus,Pallidum_Vol.mm3,Stephan_etal_1981_TableVIII,Stephan et al. (1981) Table VIII,10.1159/000155963,Selected_collection,1981,169,169,0,sole source,1,Selected_collection,1,1,1981
Saimiri sciureus,Schizo_cortex_Vol.mm3,Stephan_etal_1981_TableVI,Stephan et al. (1981) Table VI,10.1159/000155963,Selected_collection,1981,168,168,0,sole source,1,Selected_collection,1,1,1981
Saimiri sciureus,Septum_Vol.mm3,Stephan_etal_1981_TableVI,Stephan et al. (1981) Table VI,10.1159/000155963,Selected_collection,1981,90.6,90.6,0,sole source,1,Selected_collection,1,1,1981
Saimiri sciureus,Striatum_Vol.mm3,Stephan_etal_1981_TableVI,Stephan et al. (1981) Table VI,10.1159/000155963,Selected_collection,1981,1042,1042,0,sole source,1,Selected_collection,1,1,1981
Saimiri sciureus,Subthalamus_Vol.mm3,Stephan_etal_1981_TableVIII,Stephan et al. (1981) Table VIII,10.1159/000155963,Selected_collection,1981,180,180,0,sole source,1,Selected_collection,1,1,1981
Saimiri sciureus,Telencephalon_Vol.mm3,Stephan_etal_1981_TableIII,Stephan et al. (1981) Table III,10.1159/000155963,Selected_collection,1981,17635,17635,0,sole source,1,Selected_collection,1,1,1981
Saimiri sciureus,Thalamus_Vol.mm3,Stephan_etal_1981_TableVIII,Stephan et al. (1981) Table VIII,10.1159/000155963,Selected_collection,1981,731,731,0,sole source,1,Selected_collection,1,1,1981
Saimiri sciureus,Total_brain_net_volume_Vol.mm3,Stephan_etal_1981_TableIII,Stephan et al. (1981) Table III,10.1159/000155963,Selected_collection,1981,22572,22572,0,sole source,1,Selected_collection,1,1,1981
Saimiri sciureus,Tractus_opticus_Vol.mm3,Stephan_etal_1981_TableVIII,Stephan et al. (1981) Table VIII,10.1159/000155963,Selected_collection,1981,117,117,0,sole source,1,Selected_collection,1,1,1981
Saimiri sciureus,Ventral_pons_Vol.mm3,Matano_etal_1985_b_Table1,Matano et al. (1985) Table 1,10.1159/000156211,Selected_collection,1985,135.2,135.2,0,sole source,1,Selected_collection,1,1,1985
Saimiri sciureus,Ventricles_Vol.mm3,Stephan_etal_1981_TableIII,Stephan et al. (1981) Table III,10.1159/000155963,Selected_collection,1981,299,299,0,sole source,1,Selected_collection,1,1,1981
Symphalangus syndactylus,Agranular_insular_cortex_Vol.mm3,Bauernfeind_etal_2013_Table1,Bauernfeind et al. (2013) Table 1,10.1016/j.jhevol.2012.12.003,NA,NA,NA,142,NA,"derived both-hemisphere value (step 7: left+right, or 2x a one-side measurement); cite this source for the one-side figure",NA,Selected_collection,1,1,2013
Symphalangus syndactylus,Agranular_insular_cortex_left_Vol.mm3,Bauernfeind_etal_2013_Table1,Bauernfeind et al. (2013) Table 1,10.1016/j.jhevol.2012.12.003,Selected_collection,2013,71,71,0,sole source,1,Selected_collection,1,1,2013
Symphalangus syndactylus,Area_striata_grey_matter_left_Vol.mm3,deSousa_etal_2010_Table1,deSousa et al. (2010) Table 1,10.1016/j.jhevol.2009.11.011,Selected_collection,2010,2700,2700,0,sole source,1,Selected_collection,1,1,2010
Symphalangus syndactylus,Body_Mass.g,Bauernfeind_etal_2013_Table1,Bauernfeind et al. (2013) Table 1,10.1016/j.jhevol.2012.12.003,Selected_collection,2013,11900,11900,0,reference table used (mass rule: other sources not averaged in),1,Selected_collection,1,1,2013
Symphalangus syndactylus,Brain_Mass.mg,Bauernfeind_etal_2013_Table1,Bauernfeind et al. (2013) Table 1,10.1016/j.jhevol.2012.12.003,Selected_collection,2013,138.7,138.7,0,reference table used (mass rule: other sources not averaged in),1,Selected_collection,1,1,2013
Symphalangus syndactylus,Dysgranular_insular_cortex_Vol.mm3,Bauernfeind_etal_2013_Table1,Bauernfeind et al. (2013) Table 1,10.1016/j.jhevol.2012.12.003,NA,NA,NA,294,NA,"derived both-hemisphere value (step 7: left+right, or 2x a one-side measurement); cite this source for the one-side figure",NA,Selected_collection,1,1,2013
Symphalangus syndactylus,Dysgranular_insular_cortex_left_Vol.mm3,Bauernfeind_etal_2013_Table1,Bauernfeind et al. (2013) Table 1,10.1016/j.jhevol.2012.12.003,Selected_collection,2013,147,147,0,sole source,1,Selected_collection,1,1,2013
Symphalangus syndactylus,Granular_insular_cortex_Vol.mm3,Bauernfeind_etal_2013_Table1,Bauernfeind et al. (2013) Table 1,10.1016/j.jhevol.2012.12.003,NA,NA,NA,396,NA,"derived both-hemisphere value (step 7: left+right, or 2x a one-side measurement); cite this source for the one-side figure",NA,Selected_collection,1,1,2013
Symphalangus syndactylus,Granular_insular_cortex_left_Vol.mm3,Bauernfeind_etal_2013_Table1,Bauernfeind et al. (2013) Table 1,10.1016/j.jhevol.2012.12.003,Selected_collection,2013,198,198,0,sole source,1,Selected_collection,1,1,2013
Symphalangus syndactylus,Insula_Vol.mm3,Bauernfeind_etal_2013_Table1,Bauernfeind et al. (2013) Table 1,10.1016/j.jhevol.2012.12.003,NA,NA,NA,832,NA,"derived both-hemisphere value (step 7: left+right, or 2x a one-side measurement); cite this source for the one-side figure",NA,Selected_collection,1,1,2013
Symphalangus syndactylus,Insula_left_Vol.mm3,Bauernfeind_etal_2013_Table1,Bauernfeind et al. (2013) Table 1,10.1016/j.jhevol.2012.12.003,Selected_collection,2013,416,416,0,sole source,1,Selected_collection,1,1,2013
Symphalangus syndactylus,Total_brain_net_volume_Vol.mm3,Bauernfeind_etal_2013_Table1,Bauernfeind et al. (2013) Table 1,10.1016/j.jhevol.2012.12.003,Selected_collection,2013,133880,133880,0,sole source,1,Selected_collection,1,1,2013
Tarsius sp.,Amygdala_Vol.mm3,Stephan_etal_1981_TableXI,Stephan et al. (1981) Table XI,10.1159/000155963,Selected_collection,1981,49.8,49.8,0,sole source,1,Selected_collection,1,1,1981
Tarsius sp.,Area_striata_Vol.mm3,Frahm_etal_1984_Table1,Frahm et al. (1984) Table 1,PMID:6501869,Selected_collection,1984,370,370,0,sole source,1,Selected_collection,1,1,1984
Tarsius sp.,Area_striata_grey_matter_Vol.mm3,Frahm_etal_1984_Table1,Frahm et al. (1984) Table 1,PMID:6501869,Selected_collection,1984,349,349,0,sole source,1,Selected_collection,1,1,1984
Tarsius sp.,Area_striata_lamina_1_Vol.mm3,Frahm_etal_1984_Table1,Frahm et al. (1984) Table 1,PMID:6501869,Selected_collection,1984,41.2,41.2,0,sole source,1,Selected_collection,1,1,1984
Tarsius sp.,Area_striata_laminae_2_6_Vol.mm3,Frahm_etal_1984_Table1,Frahm et al. (1984) Table 1,PMID:6501869,Selected_collection,1984,307,307,0,sole source,1,Selected_collection,1,1,1984
Tarsius sp.,Area_striata_white_matter_Vol.mm3,Frahm_etal_1984_Table1,Frahm et al. (1984) Table 1,PMID:6501869,Selected_collection,1984,21.3,21.3,0,sole source,1,Selected_collection,1,1,1984
Tarsius sp.,Body_Mass.g,Stephan_etal_1981_TableII,Stephan et al. (1981) Table II,10.1159/000155963,Selected_collection,1981,125,125,0,reference table used (mass rule: other sources not averaged in),1,Selected_collection,1,1,1981
Tarsius sp.,Brain_Mass.mg,Stephan_etal_1981_TableII,Stephan et al. (1981) Table II,10.1159/000155963,Selected_collection,1981,3600,3600,0,reference table used (mass rule: other sources not averaged in),1,Selected_collection,1,1,1981
Tarsius sp.,Bulbus_olfactorius_Vol.mm3,Stephan_etal_1981_TableV,Stephan et al. (1981) Table V,10.1159/000155963,Selected_collection,1981,18.8,18.8,0,sole source,1,Selected_collection,1,1,1981
Tarsius sp.,Bulbus_olfactorius_accessorius_Vol.mm3,Stephan_etal_1981_TableV,Stephan et al. (1981) Table V,10.1159/000155963,Selected_collection,1981,0.82,0.82,0,sole source,1,Selected_collection,1,1,1981
Tarsius sp.,Capsula_interna_Vol.mm3,Stephan_etal_1981_TableVIII,Stephan et al. (1981) Table VIII,10.1159/000155963,Selected_collection,1981,16.7,16.7,0,sole source,1,Selected_collection,1,1,1981
Tarsius sp.,Cerebellar_nuclei_total_Vol.mm3,Matano_etal_1985_a_Table1,Matano et al. (1985) Table 1,10.1159/000156212,Selected_collection,1985,8.06,8.06,0,sole source,1,Selected_collection,1,1,1985
Tarsius sp.,Cerebellum_Vol.mm3,Stephan_etal_1981_TableII,Stephan et al. (1981) Table II,10.1159/000155963,Selected_collection,1981,428,428,0,sole source,1,Selected_collection,1,1,1981
Tarsius sp.,Complexus_centromedialis_Vol.mm3,Stephan_etal_1981_TableXI,Stephan et al. (1981) Table XI,10.1159/000155963,Selected_collection,1981,11.1,11.1,0,sole source,1,Selected_collection,1,1,1981
Tarsius sp.,Complexus_corticobasolateralis_Vol.mm3,Stephan_etal_1981_TableXI,Stephan et al. (1981) Table XI,10.1159/000155963,Selected_collection,1981,38.7,38.7,0,sole source,1,Selected_collection,1,1,1981
Tarsius sp.,Complexus_vestibularis_Vol.mm3,Matano__1986_TableI,Matano (1986) Table I,10.1159/000156277,NA,NA,NA,15.38,NA,"derived both-hemisphere value (step 7: left+right, or 2x a one-side measurement); cite this source for the one-side figure",NA,Selected_collection,1,1,1986
Tarsius sp.,Complexus_vestibularis_unilateral_Vol.mm3,Matano__1986_TableI,Matano (1986) Table I,10.1159/000156277,Selected_collection,1986,7.69,7.69,0,sole source,1,Selected_collection,1,1,1986
Tarsius sp.,Corpus_geniculatum_laterale_Vol.mm3,Stephan_etal_1984_Table1,Stephan et al. (1984) Table 1,PMID:6481154,Selected_collection,1984,20.8,20.8,0,sole source,1,Selected_collection,1,1,1984
Tarsius sp.,Corpus_pineal_Vol.mm3,Stephan_etal_1981_TableXV,Stephan et al. (1981) Table XV,10.1159/000155963,Selected_collection,1981,2.03,2.03,0,sole source,1,Selected_collection,1,1,1981
Tarsius sp.,Corpus_subcommissurale_Vol.mm3,Stephan_etal_1981_TableXV,Stephan et al. (1981) Table XV,10.1159/000155963,Selected_collection,1981,0.114,0.114,0,sole source,1,Selected_collection,1,1,1981
Tarsius sp.,Corpus_subfornicale_Vol.mm3,Stephan_etal_1981_TableXV,Stephan et al. (1981) Table XV,10.1159/000155963,Selected_collection,1981,0.0482,0.0482,0,sole source,1,Selected_collection,1,1,1981
Tarsius sp.,Diencephalon_Vol.mm3,Stephan_etal_1981_TableII,Stephan et al. (1981) Table II,10.1159/000155963,Selected_collection,1981,303,303,0,sole source,1,Selected_collection,1,1,1981
Tarsius sp.,Epithalamus_Vol.mm3,Stephan_etal_1981_TableVIII,Stephan et al. (1981) Table VIII,10.1159/000155963,Selected_collection,1981,2.53,2.53,0,sole source,1,Selected_collection,1,1,1981
Tarsius sp.,Hippocampus_Vol.mm3,Stephan_etal_1981_TableV,Stephan et al. (1981) Table V,10.1159/000155963,Selected_collection,1981,153,153,0,sole source,1,Selected_collection,1,1,1981
Tarsius sp.,Hypothalamus_Vol.mm3,Stephan_etal_1981_TableVIII,Stephan et al. (1981) Table VIII,10.1159/000155963,Selected_collection,1981,42.5,42.5,0,sole source,1,Selected_collection,1,1,1981
Tarsius sp.,Interpositus_cerebellar_nuclei_Vol.mm3,Matano_etal_1985_a_Table1,Matano et al. (1985) Table 1,10.1159/000156212,Selected_collection,1985,1.82,1.82,0,sole source,1,Selected_collection,1,1,1985
Tarsius sp.,Lateral_cerebellar_nuclei_Vol.mm3,Matano_etal_1985_a_Table1,Matano et al. (1985) Table 1,10.1159/000156212,Selected_collection,1985,3.37,3.37,0,sole source,1,Selected_collection,1,1,1985
Tarsius sp.,Lobus_piriformis_Vol.mm3,Stephan_etal_1981_TableV,Stephan et al. (1981) Table V,10.1159/000155963,Selected_collection,1981,92.7,92.7,0,sole source,1,Selected_collection,1,1,1981
Tarsius sp.,Medial_cerebellar_nuclei_Vol.mm3,Matano_etal_1985_a_Table1,Matano et al. (1985) Table 1,10.1159/000156212,Selected_collection,1985,2.87,2.87,0,sole source,1,Selected_collection,1,1,1985
Tarsius sp.,Medulla_oblongata_Vol.mm3,Stephan_etal_1981_TableII,Stephan et al. (1981) Table II,10.1159/000155963,Selected_collection,1981,207,207,0,sole source,1,Selected_collection,1,1,1981
Tarsius sp.,Mesencephalon_Vol.mm3,Stephan_etal_1981_TableII,Stephan et al. (1981) Table II,10.1159/000155963,Selected_collection,1981,197,197,0,sole source,1,Selected_collection,1,1,1981
Tarsius sp.,Neocortex_Vol.mm3,Frahm_etal_1982_Table2,Frahm et al. (1982) Table 2,PMID:7161477,Selected_collection,1982,1768,1768,0,sole source,1,Selected_collection,1,1,1982
Tarsius sp.,Neocortex_grey_matter_Vol.mm3,Frahm_etal_1982_Table2,Frahm et al. (1982) Table 2,PMID:7161477,Selected_collection,1982,1631,1631,0,sole source,1,Selected_collection,1,1,1982
Tarsius sp.,Neocortex_lamina_1_Vol.mm3,Frahm_etal_1982_Table2,Frahm et al. (1982) Table 2,PMID:7161477,Selected_collection,1982,236.3,236.3,0,sole source,1,Selected_collection,1,1,1982
Tarsius sp.,Neocortex_laminae_2_6_Vol.mm3,Frahm_etal_1982_Table2,Frahm et al. (1982) Table 2,PMID:7161477,Selected_collection,1982,1395,1395,0,sole source,1,Selected_collection,1,1,1982
Tarsius sp.,Neocortex_white_matter_Vol.mm3,Frahm_etal_1982_Table2,Frahm et al. (1982) Table 2,PMID:7161477,Selected_collection,1982,137,137,0,sole source,1,Selected_collection,1,1,1982
Tarsius sp.,Nucleus_amygdalae_basalis_pars_magnocellularis_Vol.mm3,Stephan_etal_1981_TableXI,Stephan et al. (1981) Table XI,10.1159/000155963,Selected_collection,1981,5.35,5.35,0,sole source,1,Selected_collection,1,1,1981
Tarsius sp.,Nucleus_habenularis_medialis_Vol.mm3,Stephan_etal_1981_TableXV,Stephan et al. (1981) Table XV,10.1159/000155963,Selected_collection,1981,1.13,1.13,0,sole source,1,Selected_collection,1,1,1981
Tarsius sp.,Nucleus_septalis_triangularis_Vol.mm3,Stephan_etal_1981_TableXV,Stephan et al. (1981) Table XV,10.1159/000155963,Selected_collection,1981,0.405,0.405,0,sole source,1,Selected_collection,1,1,1981
Tarsius sp.,Nucleus_subthalamicus_Vol.mm3,Stephan_etal_1981_TableVIII,Stephan et al. (1981) Table VIII,10.1159/000155963,Selected_collection,1981,1.09,1.09,0,sole source,1,Selected_collection,1,1,1981
Tarsius sp.,Nucleus_tractus_olfactorius_Vol.mm3,Stephan_etal_1981_TableXI,Stephan et al. (1981) Table XI,10.1159/000155963,Selected_collection,1981,0.0752,0.0752,0,sole source,1,Selected_collection,1,1,1981
Tarsius sp.,Nucleus_vestibularis_descendens_Vol.mm3,Matano__1986_TableI,Matano (1986) Table I,10.1159/000156277,NA,NA,NA,4.82,NA,"derived both-hemisphere value (step 7: left+right, or 2x a one-side measurement); cite this source for the one-side figure",NA,Selected_collection,1,1,1986
Tarsius sp.,Nucleus_vestibularis_descendens_unilateral_Vol.mm3,Matano__1986_TableI,Matano (1986) Table I,10.1159/000156277,Selected_collection,1986,2.41,2.41,0,sole source,1,Selected_collection,1,1,1986
Tarsius sp.,Nucleus_vestibularis_lateralis_Vol.mm3,Matano__1986_TableI,Matano (1986) Table I,10.1159/000156277,NA,NA,NA,2.32,NA,"derived both-hemisphere value (step 7: left+right, or 2x a one-side measurement); cite this source for the one-side figure",NA,Selected_collection,1,1,1986
Tarsius sp.,Nucleus_vestibularis_lateralis_unilateral_Vol.mm3,Matano__1986_TableI,Matano (1986) Table I,10.1159/000156277,Selected_collection,1986,1.16,1.16,0,sole source,1,Selected_collection,1,1,1986
Tarsius sp.,Nucleus_vestibularis_medialis_Vol.mm3,Matano__1986_TableI,Matano (1986) Table I,10.1159/000156277,NA,NA,NA,6.72,NA,"derived both-hemisphere value (step 7: left+right, or 2x a one-side measurement); cite this source for the one-side figure",NA,Selected_collection,1,1,1986
Tarsius sp.,Nucleus_vestibularis_medialis_unilateral_Vol.mm3,Matano__1986_TableI,Matano (1986) Table I,10.1159/000156277,Selected_collection,1986,3.36,3.36,0,sole source,1,Selected_collection,1,1,1986
Tarsius sp.,Nucleus_vestibularis_superior_Vol.mm3,Matano__1986_TableI,Matano (1986) Table I,10.1159/000156277,NA,NA,NA,1.518,NA,"derived both-hemisphere value (step 7: left+right, or 2x a one-side measurement); cite this source for the one-side figure",NA,Selected_collection,1,1,1986
Tarsius sp.,Nucleus_vestibularis_superior_unilateral_Vol.mm3,Matano__1986_TableI,Matano (1986) Table I,10.1159/000156277,Selected_collection,1986,0.759,0.759,0,sole source,1,Selected_collection,1,1,1986
Tarsius sp.,Palaeocortex_Vol.mm3,Stephan_etal_1981_TableXI,Stephan et al. (1981) Table XI,10.1159/000155963,Selected_collection,1981,39.1,39.1,0,sole source,1,Selected_collection,1,1,1981
Tarsius sp.,Pallidum_Vol.mm3,Stephan_etal_1981_TableVIII,Stephan et al. (1981) Table VIII,10.1159/000155963,Selected_collection,1981,16.1,16.1,0,sole source,1,Selected_collection,1,1,1981
Tarsius sp.,Schizo_cortex_Vol.mm3,Stephan_etal_1981_TableV,Stephan et al. (1981) Table V,10.1159/000155963,Selected_collection,1981,69,69,0,sole source,1,Selected_collection,1,1,1981
Tarsius sp.,Septum_Vol.mm3,Stephan_etal_1981_TableV,Stephan et al. (1981) Table V,10.1159/000155963,Selected_collection,1981,23.3,23.3,0,sole source,1,Selected_collection,1,1,1981
Tarsius sp.,Striatum_Vol.mm3,Stephan_etal_1981_TableV,Stephan et al. (1981) Table V,10.1159/000155963,Selected_collection,1981,133,133,0,sole source,1,Selected_collection,1,1,1981
Tarsius sp.,Subthalamus_Vol.mm3,Stephan_etal_1981_TableVIII,Stephan et al. (1981) Table VIII,10.1159/000155963,Selected_collection,1981,17.1,17.1,0,sole source,1,Selected_collection,1,1,1981
Tarsius sp.,Telencephalon_Vol.mm3,Stephan_etal_1981_TableII,Stephan et al. (1981) Table II,10.1159/000155963,Selected_collection,1981,2258,2258,0,sole source,1,Selected_collection,1,1,1981
Tarsius sp.,Thalamus_Vol.mm3,Stephan_etal_1981_TableVIII,Stephan et al. (1981) Table VIII,10.1159/000155963,Selected_collection,1981,175,175,0,sole source,1,Selected_collection,1,1,1981
Tarsius sp.,Total_brain_net_volume_Vol.mm3,Stephan_etal_1981_TableII,Stephan et al. (1981) Table II,10.1159/000155963,Selected_collection,1981,3393,3393,0,sole source,1,Selected_collection,1,1,1981
Tarsius sp.,Tractus_opticus_Vol.mm3,Stephan_etal_1981_TableVIII,Stephan et al. (1981) Table VIII,10.1159/000155963,Selected_collection,1981,15.5,15.5,0,sole source,1,Selected_collection,1,1,1981
Tarsius sp.,Ventral_pons_Vol.mm3,Matano_etal_1985_b_Table1,Matano et al. (1985) Table 1,10.1159/000156211,Selected_collection,1985,16.5,16.5,0,sole source,1,Selected_collection,1,1,1985
Tarsius sp.,Ventricles_Vol.mm3,Stephan_etal_1981_TableII,Stephan et al. (1981) Table II,10.1159/000155963,Selected_collection,1981,24.1,24.1,0,sole source,1,Selected_collection,1,1,1981
Trachypithecus francoisi,Agranular_insular_cortex_Vol.mm3,Bauernfeind_etal_2013_Table1,Bauernfeind et al. (2013) Table 1,10.1016/j.jhevol.2012.12.003,NA,NA,NA,320,NA,"derived both-hemisphere value (step 7: left+right, or 2x a one-side measurement); cite this source for the one-side figure",NA,Selected_collection,1,1,2013
Trachypithecus francoisi,Agranular_insular_cortex_left_Vol.mm3,Bauernfeind_etal_2013_Table1,Bauernfeind et al. (2013) Table 1,10.1016/j.jhevol.2012.12.003,Selected_collection,2013,160,160,0,sole source,1,Selected_collection,1,1,2013
Trachypithecus francoisi,Body_Mass.g,Bauernfeind_etal_2013_Table1,Bauernfeind et al. (2013) Table 1,10.1016/j.jhevol.2012.12.003,Selected_collection,2013,7700,7700,0,reference table used (mass rule: other sources not averaged in),1,Selected_collection,1,1,2013
Trachypithecus francoisi,Brain_Mass.mg,Bauernfeind_etal_2013_Table1,Bauernfeind et al. (2013) Table 1,10.1016/j.jhevol.2012.12.003,Selected_collection,2013,102.1,102.1,0,reference table used (mass rule: other sources not averaged in),1,Selected_collection,1,1,2013
Trachypithecus francoisi,Dysgranular_insular_cortex_Vol.mm3,Bauernfeind_etal_2013_Table1,Bauernfeind et al. (2013) Table 1,10.1016/j.jhevol.2012.12.003,NA,NA,NA,434,NA,"derived both-hemisphere value (step 7: left+right, or 2x a one-side measurement); cite this source for the one-side figure",NA,Selected_collection,1,1,2013
Trachypithecus francoisi,Dysgranular_insular_cortex_left_Vol.mm3,Bauernfeind_etal_2013_Table1,Bauernfeind et al. (2013) Table 1,10.1016/j.jhevol.2012.12.003,Selected_collection,2013,217,217,0,sole source,1,Selected_collection,1,1,2013
Trachypithecus francoisi,Granular_insular_cortex_Vol.mm3,Bauernfeind_etal_2013_Table1,Bauernfeind et al. (2013) Table 1,10.1016/j.jhevol.2012.12.003,NA,NA,NA,498,NA,"derived both-hemisphere value (step 7: left+right, or 2x a one-side measurement); cite this source for the one-side figure",NA,Selected_collection,1,1,2013
Trachypithecus francoisi,Granular_insular_cortex_left_Vol.mm3,Bauernfeind_etal_2013_Table1,Bauernfeind et al. (2013) Table 1,10.1016/j.jhevol.2012.12.003,Selected_collection,2013,249,249,0,sole source,1,Selected_collection,1,1,2013
Trachypithecus francoisi,Insula_Vol.mm3,Bauernfeind_etal_2013_Table1,Bauernfeind et al. (2013) Table 1,10.1016/j.jhevol.2012.12.003,NA,NA,NA,1250,NA,"derived both-hemisphere value (step 7: left+right, or 2x a one-side measurement); cite this source for the one-side figure",NA,Selected_collection,1,1,2013
Trachypithecus francoisi,Insula_left_Vol.mm3,Bauernfeind_etal_2013_Table1,Bauernfeind et al. (2013) Table 1,10.1016/j.jhevol.2012.12.003,Selected_collection,2013,625,625,0,sole source,1,Selected_collection,1,1,2013
Trachypithecus francoisi,Total_brain_net_volume_Vol.mm3,Bauernfeind_etal_2013_Table1,Bauernfeind et al. (2013) Table 1,10.1016/j.jhevol.2012.12.003,Selected_collection,2013,98552,98552,0,sole source,1,Selected_collection,1,1,2013
Varecia variegata,Agranular_insular_cortex_Vol.mm3,Bauernfeind_etal_2013_Table1,Bauernfeind et al. (2013) Table 1,10.1016/j.jhevol.2012.12.003,NA,NA,NA,24,NA,"derived both-hemisphere value (step 7: left+right, or 2x a one-side measurement); cite this source for the one-side figure",NA,Selected_collection,1,1,2013
Varecia variegata,Agranular_insular_cortex_left_Vol.mm3,Bauernfeind_etal_2013_Table1,Bauernfeind et al. (2013) Table 1,10.1016/j.jhevol.2012.12.003,Selected_collection,2013,12,12,0,sole source,1,Selected_collection,1,1,2013
Varecia variegata,Area_striata_Vol.mm3,Frahm_etal_1984_Table1,Frahm et al. (1984) Table 1,PMID:6501869,Selected_collection,1984,2112,2112,0,sole source,1,Selected_collection,1,1,1984
Varecia variegata,Area_striata_grey_matter_Vol.mm3,Frahm_etal_1984_Table1,Frahm et al. (1984) Table 1,PMID:6501869,Selected_collection,1984,1745,1745,0,sole source,1,Selected_collection,1,1,1984
Varecia variegata,Area_striata_white_matter_Vol.mm3,Frahm_etal_1984_Table1,Frahm et al. (1984) Table 1,PMID:6501869,Selected_collection,1984,367,367,0,sole source,1,Selected_collection,1,1,1984
Varecia variegata,Body_Mass.g,Stephan_etal_1981_TableII,Stephan et al. (1981) Table II,10.1159/000155963,Selected_collection,1981,3000,3000,0,reference table used (mass rule: other sources not averaged in),1,Selected_collection,1,1,1981
Varecia variegata,Brain_Mass.mg,Stephan_etal_1981_TableII,Stephan et al. (1981) Table II,10.1159/000155963,Selected_collection,1981,31500,31500,0,reference table used (mass rule: other sources not averaged in),1,Selected_collection,1,1,1981
Varecia variegata,Bulbus_olfactorius_Vol.mm3,Stephan_etal_1981_TableV,Stephan et al. (1981) Table V,10.1159/000155963,Selected_collection,1981,369,369,0,sole source,1,Selected_collection,1,1,1981
Varecia variegata,Bulbus_olfactorius_accessorius_Vol.mm3,Stephan_etal_1981_TableV,Stephan et al. (1981) Table V,10.1159/000155963,Selected_collection,1981,5.27,5.27,0,sole source,1,Selected_collection,1,1,1981
Varecia variegata,Cerebellar_nuclei_total_Vol.mm3,Matano_etal_1985_a_Table1,Matano et al. (1985) Table 1,10.1159/000156212,Selected_collection,1985,94.67,94.67,0,sole source,1,Selected_collection,1,1,1985
Varecia variegata,Cerebellum_Vol.mm3,Stephan_etal_1981_TableII,Stephan et al. (1981) Table II,10.1159/000155963,Selected_collection,1981,4286,4286,0,sole source,1,Selected_collection,1,1,1981
Varecia variegata,Complexus_vestibularis_Vol.mm3,Matano__1986_TableI,Matano (1986) Table I,10.1159/000156277,NA,NA,NA,86.8,NA,"derived both-hemisphere value (step 7: left+right, or 2x a one-side measurement); cite this source for the one-side figure",NA,Selected_collection,1,1,1986
Varecia variegata,Complexus_vestibularis_unilateral_Vol.mm3,Matano__1986_TableI,Matano (1986) Table I,10.1159/000156277,Selected_collection,1986,43.4,43.4,0,sole source,1,Selected_collection,1,1,1986
Varecia variegata,Corpus_geniculatum_laterale_Vol.mm3,Stephan_etal_1984_Table1,Stephan et al. (1984) Table 1,PMID:6481154,Selected_collection,1984,68.9,68.9,0,sole source,1,Selected_collection,1,1,1984
Varecia variegata,Corpus_pineal_Vol.mm3,Stephan_etal_1981_TableXV,Stephan et al. (1981) Table XV,10.1159/000155963,Selected_collection,1981,4.46,4.46,0,sole source,1,Selected_collection,1,1,1981
Varecia variegata,Corpus_subcommissurale_Vol.mm3,Stephan_etal_1981_TableXV,Stephan et al. (1981) Table XV,10.1159/000155963,Selected_collection,1981,0.197,0.197,0,sole source,1,Selected_collection,1,1,1981
Varecia variegata,Corpus_subfornicale_Vol.mm3,Stephan_etal_1981_TableXV,Stephan et al. (1981) Table XV,10.1159/000155963,Selected_collection,1981,0.741,0.741,0,sole source,1,Selected_collection,1,1,1981
Varecia variegata,Diencephalon_Vol.mm3,Stephan_etal_1981_TableII,Stephan et al. (1981) Table II,10.1159/000155963,Selected_collection,1981,2529,2529,0,sole source,1,Selected_collection,1,1,1981
Varecia variegata,Dysgranular_insular_cortex_Vol.mm3,Bauernfeind_etal_2013_Table1,Bauernfeind et al. (2013) Table 1,10.1016/j.jhevol.2012.12.003,NA,NA,NA,88,NA,"derived both-hemisphere value (step 7: left+right, or 2x a one-side measurement); cite this source for the one-side figure",NA,Selected_collection,1,1,2013
Varecia variegata,Dysgranular_insular_cortex_left_Vol.mm3,Bauernfeind_etal_2013_Table1,Bauernfeind et al. (2013) Table 1,10.1016/j.jhevol.2012.12.003,Selected_collection,2013,44,44,0,sole source,1,Selected_collection,1,1,2013
Varecia variegata,Granular_insular_cortex_Vol.mm3,Bauernfeind_etal_2013_Table1,Bauernfeind et al. (2013) Table 1,10.1016/j.jhevol.2012.12.003,NA,NA,NA,88,NA,"derived both-hemisphere value (step 7: left+right, or 2x a one-side measurement); cite this source for the one-side figure",NA,Selected_collection,1,1,2013
Varecia variegata,Granular_insular_cortex_left_Vol.mm3,Bauernfeind_etal_2013_Table1,Bauernfeind et al. (2013) Table 1,10.1016/j.jhevol.2012.12.003,Selected_collection,2013,44,44,0,sole source,1,Selected_collection,1,1,2013
Varecia variegata,Hippocampus_Vol.mm3,Stephan_etal_1981_TableV,Stephan et al. (1981) Table V,10.1159/000155963,Selected_collection,1981,1404,1404,0,sole source,1,Selected_collection,1,1,1981
Varecia variegata,Insula_Vol.mm3,Bauernfeind_etal_2013_Table1,Bauernfeind et al. (2013) Table 1,10.1016/j.jhevol.2012.12.003,NA,NA,NA,200,NA,"derived both-hemisphere value (step 7: left+right, or 2x a one-side measurement); cite this source for the one-side figure",NA,Selected_collection,1,1,2013
Varecia variegata,Insula_left_Vol.mm3,Bauernfeind_etal_2013_Table1,Bauernfeind et al. (2013) Table 1,10.1016/j.jhevol.2012.12.003,Selected_collection,2013,100,100,0,sole source,1,Selected_collection,1,1,2013
Varecia variegata,Interpositus_cerebellar_nuclei_Vol.mm3,Matano_etal_1985_a_Table1,Matano et al. (1985) Table 1,10.1159/000156212,Selected_collection,1985,28.83,28.83,0,sole source,1,Selected_collection,1,1,1985
Varecia variegata,Lateral_cerebellar_nuclei_Vol.mm3,Matano_etal_1985_a_Table1,Matano et al. (1985) Table 1,10.1159/000156212,Selected_collection,1985,37.45,37.45,0,sole source,1,Selected_collection,1,1,1985
Varecia variegata,Lobus_piriformis_Vol.mm3,Stephan_etal_1981_TableV,Stephan et al. (1981) Table V,10.1159/000155963,Selected_collection,1981,985,985,0,sole source,1,Selected_collection,1,1,1981
Varecia variegata,Medial_cerebellar_nuclei_Vol.mm3,Matano_etal_1985_a_Table1,Matano et al. (1985) Table 1,10.1159/000156212,Selected_collection,1985,28.39,28.39,0,sole source,1,Selected_collection,1,1,1985
Varecia variegata,Medulla_oblongata_Vol.mm3,Stephan_etal_1981_TableII,Stephan et al. (1981) Table II,10.1159/000155963,Selected_collection,1981,1420,1420,0,sole source,1,Selected_collection,1,1,1981
Varecia variegata,Mesencephalon_Vol.mm3,Stephan_etal_1981_TableII,Stephan et al. (1981) Table II,10.1159/000155963,Selected_collection,1981,1018,1018,0,sole source,1,Selected_collection,1,1,1981
Varecia variegata,Neocortex_Vol.mm3,Stephan_etal_1981_TableV,Stephan et al. (1981) Table V,10.1159/000155963,Selected_collection,1981,15293,15293,0,sole source,1,Selected_collection,1,1,1981
Varecia variegata,Nucleus_habenularis_medialis_Vol.mm3,Stephan_etal_1981_TableXV,Stephan et al. (1981) Table XV,10.1159/000155963,Selected_collection,1981,5.35,5.35,0,sole source,1,Selected_collection,1,1,1981
Varecia variegata,Nucleus_septalis_triangularis_Vol.mm3,Stephan_etal_1981_TableXV,Stephan et al. (1981) Table XV,10.1159/000155963,Selected_collection,1981,3.51,3.51,0,sole source,1,Selected_collection,1,1,1981
Varecia variegata,Nucleus_vestibularis_descendens_Vol.mm3,Matano__1986_TableI,Matano (1986) Table I,10.1159/000156277,NA,NA,NA,27.6,NA,"derived both-hemisphere value (step 7: left+right, or 2x a one-side measurement); cite this source for the one-side figure",NA,Selected_collection,1,1,1986
Varecia variegata,Nucleus_vestibularis_descendens_unilateral_Vol.mm3,Matano__1986_TableI,Matano (1986) Table I,10.1159/000156277,Selected_collection,1986,13.8,13.8,0,sole source,1,Selected_collection,1,1,1986
Varecia variegata,Nucleus_vestibularis_lateralis_Vol.mm3,Matano__1986_TableI,Matano (1986) Table I,10.1159/000156277,NA,NA,NA,15.72,NA,"derived both-hemisphere value (step 7: left+right, or 2x a one-side measurement); cite this source for the one-side figure",NA,Selected_collection,1,1,1986
Varecia variegata,Nucleus_vestibularis_lateralis_unilateral_Vol.mm3,Matano__1986_TableI,Matano (1986) Table I,10.1159/000156277,Selected_collection,1986,7.86,7.86,0,sole source,1,Selected_collection,1,1,1986
Varecia variegata,Nucleus_vestibularis_medialis_Vol.mm3,Matano__1986_TableI,Matano (1986) Table I,10.1159/000156277,NA,NA,NA,29.6,NA,"derived both-hemisphere value (step 7: left+right, or 2x a one-side measurement); cite this source for the one-side figure",NA,Selected_collection,1,1,1986
Varecia variegata,Nucleus_vestibularis_medialis_unilateral_Vol.mm3,Matano__1986_TableI,Matano (1986) Table I,10.1159/000156277,Selected_collection,1986,14.8,14.8,0,sole source,1,Selected_collection,1,1,1986
Varecia variegata,Nucleus_vestibularis_superior_Vol.mm3,Matano__1986_TableI,Matano (1986) Table I,10.1159/000156277,NA,NA,NA,13.84,NA,"derived both-hemisphere value (step 7: left+right, or 2x a one-side measurement); cite this source for the one-side figure",NA,Selected_collection,1,1,1986
Varecia variegata,Nucleus_vestibularis_superior_unilateral_Vol.mm3,Matano__1986_TableI,Matano (1986) Table I,10.1159/000156277,Selected_collection,1986,6.92,6.92,0,sole source,1,Selected_collection,1,1,1986
Varecia variegata,Schizo_cortex_Vol.mm3,Stephan_etal_1981_TableV,Stephan et al. (1981) Table V,10.1159/000155963,Selected_collection,1981,608,608,0,sole source,1,Selected_collection,1,1,1981
Varecia variegata,Septum_Vol.mm3,Stephan_etal_1981_TableV,Stephan et al. (1981) Table V,10.1159/000155963,Selected_collection,1981,206,206,0,sole source,1,Selected_collection,1,1,1981
Varecia variegata,Striatum_Vol.mm3,Stephan_etal_1981_TableV,Stephan et al. (1981) Table V,10.1159/000155963,Selected_collection,1981,1591,1591,0,sole source,1,Selected_collection,1,1,1981
Varecia variegata,Telencephalon_Vol.mm3,Stephan_etal_1981_TableII,Stephan et al. (1981) Table II,10.1159/000155963,Selected_collection,1981,20461,20461,0,sole source,1,Selected_collection,1,1,1981
Varecia variegata,Total_brain_net_volume_Vol.mm3,Bauernfeind_etal_2013_Table1,Bauernfeind et al. (2013) Table 1,10.1016/j.jhevol.2012.12.003,Selected_collection,2013,30405,30405,0,sole source,1,Selected_collection,1,1,2013
Varecia variegata,Ventral_pons_Vol.mm3,Matano_etal_1985_b_Table1,Matano et al. (1985) Table 1,10.1159/000156211,Selected_collection,1985,168.8,168.8,0,sole source,1,Selected_collection,1,1,1985
Varecia variegata,Ventricles_Vol.mm3,Stephan_etal_1981_TableII,Stephan et al. (1981) Table II,10.1159/000155963,Selected_collection,1981,299,299,0,sole source,1,Selected_collection,1,1,1981
