"Species","Variable","status","issue","n_candidates","n_retained","Value","N_independent","Sources","sample_ids","definition_code","method"
"Alouatta caraya","Agranular_insular_cortex_left_Vol.mm3","needs_review","unresolved candidate; no retained candidate",1,0,,,"","","",""
"Alouatta caraya","Dysgranular_insular_cortex_left_Vol.mm3","needs_review","unresolved candidate; no retained candidate",1,0,,,"","","",""
"Alouatta caraya","Granular_insular_cortex_left_Vol.mm3","needs_review","unresolved candidate; no retained candidate",1,0,,,"","","",""
"Alouatta caraya","Insula_left_Vol.mm3","needs_review","unresolved candidate; no retained candidate",1,0,,,"","","",""
"Alouatta caraya","Total_brain_net_volume_Vol.mm3","needs_review","unresolved candidate; no retained candidate",1,0,,,"","","",""
"Alouatta seniculus","Amygdala_Vol.mm3","needs_review","unresolved candidate; no retained candidate",1,0,,,"","","",""
"Alouatta seniculus","Area_striata_grey_matter_Vol.mm3","needs_review","unresolved candidate; no retained candidate",1,0,,,"","","",""
"Alouatta seniculus","Area_striata_lamina_1_Vol.mm3","needs_review","unresolved candidate; no retained candidate",1,0,,,"","","",""
"Alouatta seniculus","Area_striata_laminae_2_6_Vol.mm3","needs_review","unresolved candidate; no retained candidate",1,0,,,"","","",""
"Alouatta seniculus","Area_striata_Vol.mm3","needs_review","unresolved candidate; no retained candidate",2,0,,,"","","",""
"Alouatta seniculus","Area_striata_white_matter_Vol.mm3","needs_review","unresolved candidate; no retained candidate",1,0,,,"","","",""
"Alouatta seniculus","Bulbus_olfactorius_accessorius_Vol.mm3","needs_review","unresolved candidate; no retained candidate",1,0,,,"","","",""
"Alouatta seniculus","Bulbus_olfactorius_Vol.mm3","needs_review","unresolved candidate; no retained candidate",1,0,,,"","","",""
"Alouatta seniculus","Cerebellar_nuclei_total_Vol.mm3","needs_review","unresolved candidate; no retained candidate",1,0,,,"","","",""
"Alouatta seniculus","Cerebellum_Vol.mm3","needs_review","unresolved candidate; no retained candidate",1,0,,,"","","",""
"Alouatta seniculus","Complexus_centromedialis_Vol.mm3","needs_review","unresolved candidate; no retained candidate",1,0,,,"","","",""
"Alouatta seniculus","Complexus_corticobasolateralis_Vol.mm3","needs_review","unresolved candidate; no retained candidate",1,0,,,"","","",""
"Alouatta seniculus","Complexus_vestibularis_unilateral_Vol.mm3","needs_review","unresolved candidate; no retained candidate",1,0,,,"","","",""
"Alouatta seniculus","Corpus_geniculatum_laterale_Vol.mm3","needs_review","unresolved candidate; no retained candidate",2,0,,,"","","",""
"Alouatta seniculus","Corpus_pineal_Vol.mm3","needs_review","unresolved candidate; no retained candidate",1,0,,,"","","",""
"Alouatta seniculus","Corpus_subcommissurale_Vol.mm3","needs_review","unresolved candidate; no retained candidate",1,0,,,"","","",""
"Alouatta seniculus","Corpus_subfornicale_Vol.mm3","needs_review","unresolved candidate; no retained candidate",1,0,,,"","","",""
"Alouatta seniculus","Diencephalon_Vol.mm3","needs_review","unresolved candidate; no retained candidate",1,0,,,"","","",""
"Alouatta seniculus","Hippocampus_Vol.mm3","needs_review","unresolved candidate; no retained candidate",1,0,,,"","","",""
"Alouatta seniculus","Interpositus_cerebellar_nuclei_Vol.mm3","needs_review","unresolved candidate; no retained candidate",1,0,,,"","","",""
"Alouatta seniculus","Lateral_cerebellar_nuclei_Vol.mm3","needs_review","unresolved candidate; no retained candidate",1,0,,,"","","",""
"Alouatta seniculus","Lobus_piriformis_Vol.mm3","needs_review","unresolved candidate; no retained candidate",1,0,,,"","","",""
"Alouatta seniculus","Medial_cerebellar_nuclei_Vol.mm3","needs_review","unresolved candidate; no retained candidate",1,0,,,"","","",""
"Alouatta seniculus","Medulla_oblongata_Vol.mm3","needs_review","unresolved candidate; no retained candidate",1,0,,,"","","",""
"Alouatta seniculus","Mesencephalon_Vol.mm3","needs_review","unresolved candidate; no retained candidate",1,0,,,"","","",""
"Alouatta seniculus","Neocortex_grey_matter_Vol.mm3","needs_review","unresolved candidate; no retained candidate",1,0,,,"","","",""
"Alouatta seniculus","Neocortex_lamina_1_Vol.mm3","needs_review","unresolved candidate; no retained candidate",1,0,,,"","","",""
"Alouatta seniculus","Neocortex_laminae_2_6_Vol.mm3","needs_review","unresolved candidate; no retained candidate",1,0,,,"","","",""
"Alouatta seniculus","Neocortex_Vol.mm3","needs_review","unresolved candidate; no retained candidate",2,0,,,"","","",""
"Alouatta seniculus","Neocortex_white_matter_Vol.mm3","needs_review","unresolved candidate; no retained candidate",1,0,,,"","","",""
"Alouatta seniculus","Nucleus_amygdalae_basalis_pars_magnocellularis_Vol.mm3","needs_review","unresolved candidate; no retained candidate",1,0,,,"","","",""
"Alouatta seniculus","Nucleus_habenularis_medialis_Vol.mm3","needs_review","unresolved candidate; no retained candidate",1,0,,,"","","",""
"Alouatta seniculus","Nucleus_septalis_triangularis_Vol.mm3","needs_review","unresolved candidate; no retained candidate",1,0,,,"","","",""
"Alouatta seniculus","Nucleus_tractus_olfactorius_Vol.mm3","needs_review","unresolved candidate; no retained candidate",1,0,,,"","","",""
"Alouatta seniculus","Nucleus_vestibularis_descendens_unilateral_Vol.mm3","needs_review","unresolved candidate; no retained candidate",1,0,,,"","","",""
"Alouatta seniculus","Nucleus_vestibularis_lateralis_unilateral_Vol.mm3","needs_review","unresolved candidate; no retained candidate",1,0,,,"","","",""
"Alouatta seniculus","Nucleus_vestibularis_medialis_unilateral_Vol.mm3","needs_review","unresolved candidate; no retained candidate",1,0,,,"","","",""
"Alouatta seniculus","Nucleus_vestibularis_superior_unilateral_Vol.mm3","needs_review","unresolved candidate; no retained candidate",1,0,,,"","","",""
"Alouatta seniculus","Palaeocortex_Vol.mm3","needs_review","unresolved candidate; no retained candidate",1,0,,,"","","",""
"Alouatta seniculus","Schizo_cortex_Vol.mm3","needs_review","unresolved candidate; no retained candidate",1,0,,,"","","",""
"Alouatta seniculus","Septum_Vol.mm3","needs_review","unresolved candidate; no retained candidate",1,0,,,"","","",""
"Alouatta seniculus","Striatum_Vol.mm3","needs_review","unresolved candidate; no retained candidate",1,0,,,"","","",""
"Alouatta seniculus","Telencephalon_Vol.mm3","needs_review","unresolved candidate; no retained candidate",1,0,,,"","","",""
"Alouatta seniculus","Total_brain_net_volume_Vol.mm3","needs_review","unresolved candidate; no retained candidate",1,0,,,"","","",""
"Alouatta seniculus","Ventral_pons_Vol.mm3","needs_review","unresolved candidate; no retained candidate",1,0,,,"","","",""
"Alouatta seniculus","Ventricles_Vol.mm3","needs_review","unresolved candidate; no retained candidate",1,0,,,"","","",""
"Aotus trivirgatus","Amygdala_Vol.mm3","needs_review","unresolved candidate; no retained candidate",1,0,,,"","","",""
"Aotus trivirgatus","Area_striata_grey_matter_Vol.mm3","needs_review","unresolved candidate; no retained candidate",1,0,,,"","","",""
"Aotus trivirgatus","Area_striata_lamina_1_Vol.mm3","needs_review","unresolved candidate; no retained candidate",1,0,,,"","","",""
"Aotus trivirgatus","Area_striata_laminae_2_6_Vol.mm3","needs_review","unresolved candidate; no retained candidate",1,0,,,"","","",""
"Aotus trivirgatus","Area_striata_Vol.mm3","needs_review","unresolved candidate; no retained candidate",2,0,,,"","","",""
"Aotus trivirgatus","Area_striata_white_matter_Vol.mm3","needs_review","unresolved candidate; no retained candidate",1,0,,,"","","",""
"Aotus trivirgatus","Bulbus_olfactorius_accessorius_Vol.mm3","needs_review","unresolved candidate; no retained candidate",1,0,,,"","","",""
"Aotus trivirgatus","Bulbus_olfactorius_Vol.mm3","needs_review","unresolved candidate; no retained candidate",1,0,,,"","","",""
"Aotus trivirgatus","Cerebellar_nuclei_total_Vol.mm3","needs_review","unresolved candidate; no retained candidate",1,0,,,"","","",""
"Aotus trivirgatus","Cerebellum_Vol.mm3","needs_review","unresolved candidate; no retained candidate",1,0,,,"","","",""
"Aotus trivirgatus","Complexus_centromedialis_Vol.mm3","needs_review","unresolved candidate; no retained candidate",1,0,,,"","","",""
"Aotus trivirgatus","Complexus_corticobasolateralis_Vol.mm3","needs_review","unresolved candidate; no retained candidate",1,0,,,"","","",""
"Aotus trivirgatus","Complexus_vestibularis_unilateral_Vol.mm3","needs_review","unresolved candidate; no retained candidate",1,0,,,"","","",""
"Aotus trivirgatus","Corpus_geniculatum_laterale_Vol.mm3","needs_review","unresolved candidate; no retained candidate",2,0,,,"","","",""
"Aotus trivirgatus","Corpus_pineal_Vol.mm3","needs_review","unresolved candidate; no retained candidate",1,0,,,"","","",""
"Aotus trivirgatus","Corpus_subcommissurale_Vol.mm3","needs_review","unresolved candidate; no retained candidate",1,0,,,"","","",""
"Aotus trivirgatus","Corpus_subfornicale_Vol.mm3","needs_review","unresolved candidate; no retained candidate",1,0,,,"","","",""
"Aotus trivirgatus","Diencephalon_Vol.mm3","needs_review","unresolved candidate; no retained candidate",1,0,,,"","","",""
"Aotus trivirgatus","Hippocampus_Vol.mm3","needs_review","unresolved candidate; no retained candidate",1,0,,,"","","",""
"Aotus trivirgatus","Interpositus_cerebellar_nuclei_Vol.mm3","needs_review","unresolved candidate; no retained candidate",1,0,,,"","","",""
"Aotus trivirgatus","Lateral_cerebellar_nuclei_Vol.mm3","needs_review","unresolved candidate; no retained candidate",1,0,,,"","","",""
"Aotus trivirgatus","Lobus_piriformis_Vol.mm3","needs_review","unresolved candidate; no retained candidate",1,0,,,"","","",""
"Aotus trivirgatus","Medial_cerebellar_nuclei_Vol.mm3","needs_review","unresolved candidate; no retained candidate",1,0,,,"","","",""
"Aotus trivirgatus","Medulla_oblongata_Vol.mm3","needs_review","unresolved candidate; no retained candidate",1,0,,,"","","",""
"Aotus trivirgatus","Mesencephalon_Vol.mm3","needs_review","unresolved candidate; no retained candidate",1,0,,,"","","",""
"Aotus trivirgatus","Neocortex_grey_matter_Vol.mm3","needs_review","unresolved candidate; no retained candidate",1,0,,,"","","",""
"Aotus trivirgatus","Neocortex_lamina_1_Vol.mm3","needs_review","unresolved candidate; no retained candidate",1,0,,,"","","",""
"Aotus trivirgatus","Neocortex_laminae_2_6_Vol.mm3","needs_review","unresolved candidate; no retained candidate",1,0,,,"","","",""
"Aotus trivirgatus","Neocortex_Vol.mm3","needs_review","unresolved candidate; no retained candidate",2,0,,,"","","",""
"Aotus trivirgatus","Neocortex_white_matter_Vol.mm3","needs_review","unresolved candidate; no retained candidate",1,0,,,"","","",""
"Aotus trivirgatus","Nucleus_amygdalae_basalis_pars_magnocellularis_Vol.mm3","needs_review","unresolved candidate; no retained candidate",1,0,,,"","","",""
"Aotus trivirgatus","Nucleus_habenularis_medialis_Vol.mm3","needs_review","unresolved candidate; no retained candidate",1,0,,,"","","",""
"Aotus trivirgatus","Nucleus_septalis_triangularis_Vol.mm3","needs_review","unresolved candidate; no retained candidate",1,0,,,"","","",""
"Aotus trivirgatus","Nucleus_tractus_olfactorius_Vol.mm3","needs_review","unresolved candidate; no retained candidate",1,0,,,"","","",""
"Aotus trivirgatus","Nucleus_vestibularis_descendens_unilateral_Vol.mm3","needs_review","unresolved candidate; no retained candidate",1,0,,,"","","",""
"Aotus trivirgatus","Nucleus_vestibularis_lateralis_unilateral_Vol.mm3","needs_review","unresolved candidate; no retained candidate",1,0,,,"","","",""
"Aotus trivirgatus","Nucleus_vestibularis_medialis_unilateral_Vol.mm3","needs_review","unresolved candidate; no retained candidate",1,0,,,"","","",""
"Aotus trivirgatus","Nucleus_vestibularis_superior_unilateral_Vol.mm3","needs_review","unresolved candidate; no retained candidate",1,0,,,"","","",""
"Aotus trivirgatus","Palaeocortex_Vol.mm3","needs_review","unresolved candidate; no retained candidate",1,0,,,"","","",""
"Aotus trivirgatus","Schizo_cortex_Vol.mm3","needs_review","unresolved candidate; no retained candidate",1,0,,,"","","",""
"Aotus trivirgatus","Septum_Vol.mm3","needs_review","unresolved candidate; no retained candidate",1,0,,,"","","",""
"Aotus trivirgatus","Striatum_Vol.mm3","needs_review","unresolved candidate; no retained candidate",1,0,,,"","","",""
"Aotus trivirgatus","Telencephalon_Vol.mm3","needs_review","unresolved candidate; no retained candidate",1,0,,,"","","",""
"Aotus trivirgatus","Total_brain_net_volume_Vol.mm3","needs_review","unresolved candidate; no retained candidate",1,0,,,"","","",""
"Aotus trivirgatus","Ventral_pons_Vol.mm3","needs_review","unresolved candidate; no retained candidate",1,0,,,"","","",""
"Aotus trivirgatus","Ventricles_Vol.mm3","needs_review","unresolved candidate; no retained candidate",1,0,,,"","","",""
"Ateles geoffroyi","Agranular_insular_cortex_left_Vol.mm3","needs_review","unresolved candidate; no retained candidate",1,0,,,"","","",""
"Ateles geoffroyi","Area_striata_grey_matter_Vol.mm3","needs_review","unresolved candidate; no retained candidate",1,0,,,"","","",""
"Ateles geoffroyi","Area_striata_Vol.mm3","needs_review","unresolved candidate; no retained candidate",2,0,,,"","","",""
"Ateles geoffroyi","Area_striata_white_matter_Vol.mm3","needs_review","unresolved candidate; no retained candidate",1,0,,,"","","",""
"Ateles geoffroyi","Bulbus_olfactorius_accessorius_Vol.mm3","needs_review","unresolved candidate; no retained candidate",1,0,,,"","","",""
"Ateles geoffroyi","Bulbus_olfactorius_Vol.mm3","needs_review","unresolved candidate; no retained candidate",1,0,,,"","","",""
"Ateles geoffroyi","Capsula_interna_Vol.mm3","needs_review","unresolved candidate; no retained candidate",1,0,,,"","","",""
"Ateles geoffroyi","Cerebellar_nuclei_total_Vol.mm3","needs_review","unresolved candidate; no retained candidate",1,0,,,"","","",""
"Ateles geoffroyi","Cerebellum_Vol.mm3","needs_review","unresolved candidate; no retained candidate",1,0,,,"","","",""
"Ateles geoffroyi","Complexus_vestibularis_unilateral_Vol.mm3","needs_review","unresolved candidate; no retained candidate",2,0,,,"","","",""
"Ateles geoffroyi","Corpus_geniculatum_laterale_Vol.mm3","needs_review","unresolved candidate; no retained candidate",2,0,,,"","","",""
"Ateles geoffroyi","Corpus_pineal_Vol.mm3","needs_review","unresolved candidate; no retained candidate",1,0,,,"","","",""
"Ateles geoffroyi","Corpus_subcommissurale_Vol.mm3","needs_review","unresolved candidate; no retained candidate",1,0,,,"","","",""
"Ateles geoffroyi","Corpus_subfornicale_Vol.mm3","needs_review","unresolved candidate; no retained candidate",1,0,,,"","","",""
"Ateles geoffroyi","Diencephalon_Vol.mm3","needs_review","unresolved candidate; no retained candidate",1,0,,,"","","",""
"Ateles geoffroyi","Dysgranular_insular_cortex_left_Vol.mm3","needs_review","unresolved candidate; no retained candidate",1,0,,,"","","",""
"Ateles geoffroyi","Epithalamus_Vol.mm3","needs_review","unresolved candidate; no retained candidate",1,0,,,"","","",""
"Ateles geoffroyi","Granular_insular_cortex_left_Vol.mm3","needs_review","unresolved candidate; no retained candidate",1,0,,,"","","",""
"Ateles geoffroyi","Hippocampus_Vol.mm3","needs_review","unresolved candidate; no retained candidate",1,0,,,"","","",""
"Ateles geoffroyi","Hypothalamus_Vol.mm3","needs_review","unresolved candidate; no retained candidate",1,0,,,"","","",""
"Ateles geoffroyi","Insula_left_Vol.mm3","needs_review","unresolved candidate; no retained candidate",1,0,,,"","","",""
"Ateles geoffroyi","Interpositus_cerebellar_nuclei_Vol.mm3","needs_review","unresolved candidate; no retained candidate",1,0,,,"","","",""
"Ateles geoffroyi","Lateral_cerebellar_nuclei_Vol.mm3","needs_review","unresolved candidate; no retained candidate",1,0,,,"","","",""
"Ateles geoffroyi","Lobus_piriformis_Vol.mm3","needs_review","unresolved candidate; no retained candidate",1,0,,,"","","",""
"Ateles geoffroyi","Medial_cerebellar_nuclei_Vol.mm3","needs_review","unresolved candidate; no retained candidate",1,0,,,"","","",""
"Ateles geoffroyi","Medulla_oblongata_Vol.mm3","needs_review","unresolved candidate; no retained candidate",1,0,,,"","","",""
"Ateles geoffroyi","Mesencephalon_Vol.mm3","needs_review","unresolved candidate; no retained candidate",1,0,,,"","","",""
"Ateles geoffroyi","Neocortex_Vol.mm3","needs_review","unresolved candidate; no retained candidate",1,0,,,"","","",""
"Ateles geoffroyi","Nucleus_habenularis_medialis_Vol.mm3","needs_review","unresolved candidate; no retained candidate",1,0,,,"","","",""
"Ateles geoffroyi","Nucleus_septalis_triangularis_Vol.mm3","needs_review","unresolved candidate; no retained candidate",1,0,,,"","","",""
"Ateles geoffroyi","Nucleus_subthalamicus_Vol.mm3","needs_review","unresolved candidate; no retained candidate",1,0,,,"","","",""
"Ateles geoffroyi","Nucleus_vestibularis_descendens_unilateral_Vol.mm3","needs_review","unresolved candidate; no retained candidate",2,0,,,"","","",""
"Ateles geoffroyi","Nucleus_vestibularis_lateralis_unilateral_Vol.mm3","needs_review","unresolved candidate; no retained candidate",2,0,,,"","","",""
"Ateles geoffroyi","Nucleus_vestibularis_medialis_unilateral_Vol.mm3","needs_review","unresolved candidate; no retained candidate",2,0,,,"","","",""
"Ateles geoffroyi","Nucleus_vestibularis_superior_unilateral_Vol.mm3","needs_review","unresolved candidate; no retained candidate",2,0,,,"","","",""
"Ateles geoffroyi","Pallidum_Vol.mm3","needs_review","unresolved candidate; no retained candidate",1,0,,,"","","",""
"Ateles geoffroyi","Schizo_cortex_Vol.mm3","needs_review","unresolved candidate; no retained candidate",1,0,,,"","","",""
"Ateles geoffroyi","Septum_Vol.mm3","needs_review","unresolved candidate; no retained candidate",1,0,,,"","","",""
"Ateles geoffroyi","Striatum_Vol.mm3","needs_review","unresolved candidate; no retained candidate",1,0,,,"","","",""
"Ateles geoffroyi","Subthalamus_Vol.mm3","needs_review","unresolved candidate; no retained candidate",1,0,,,"","","",""
"Ateles geoffroyi","Telencephalon_Vol.mm3","needs_review","unresolved candidate; no retained candidate",1,0,,,"","","",""
"Ateles geoffroyi","Thalamus_Vol.mm3","needs_review","unresolved candidate; no retained candidate",1,0,,,"","","",""
"Ateles geoffroyi","Total_brain_net_volume_Vol.mm3","needs_review","unresolved candidate; no retained candidate",2,0,,,"","","",""
"Ateles geoffroyi","Tractus_opticus_Vol.mm3","needs_review","unresolved candidate; no retained candidate",1,0,,,"","","",""
"Ateles geoffroyi","Ventral_pons_Vol.mm3","needs_review","unresolved candidate; no retained candidate",1,0,,,"","","",""
"Ateles geoffroyi","Ventricles_Vol.mm3","needs_review","unresolved candidate; no retained candidate",1,0,,,"","","",""
"Avahi laniger","Area_striata_grey_matter_Vol.mm3","needs_review","unresolved candidate; no retained candidate",1,0,,,"","","",""
"Avahi laniger","Area_striata_Vol.mm3","needs_review","unresolved candidate; no retained candidate",2,0,,,"","","",""
"Avahi laniger","Area_striata_white_matter_Vol.mm3","needs_review","unresolved candidate; no retained candidate",1,0,,,"","","",""
"Avahi laniger","Bulbus_olfactorius_accessorius_Vol.mm3","needs_review","unresolved candidate; no retained candidate",1,0,,,"","","",""
"Avahi laniger","Bulbus_olfactorius_Vol.mm3","needs_review","unresolved candidate; no retained candidate",1,0,,,"","","",""
"Avahi laniger","Cerebellar_nuclei_total_Vol.mm3","needs_review","unresolved candidate; no retained candidate",1,0,,,"","","",""
"Avahi laniger","Cerebellum_Vol.mm3","needs_review","unresolved candidate; no retained candidate",1,0,,,"","","",""
"Avahi laniger","Complexus_vestibularis_unilateral_Vol.mm3","needs_review","unresolved candidate; no retained candidate",1,0,,,"","","",""
"Avahi laniger","Corpus_geniculatum_laterale_Vol.mm3","needs_review","unresolved candidate; no retained candidate",2,0,,,"","","",""
"Avahi laniger","Corpus_pineal_Vol.mm3","needs_review","unresolved candidate; no retained candidate",1,0,,,"","","",""
"Avahi laniger","Corpus_subcommissurale_Vol.mm3","needs_review","unresolved candidate; no retained candidate",1,0,,,"","","",""
"Avahi laniger","Corpus_subfornicale_Vol.mm3","needs_review","unresolved candidate; no retained candidate",1,0,,,"","","",""
"Avahi laniger","Diencephalon_Vol.mm3","needs_review","unresolved candidate; no retained candidate",1,0,,,"","","",""
"Avahi laniger","Hippocampus_Vol.mm3","needs_review","unresolved candidate; no retained candidate",1,0,,,"","","",""
"Avahi laniger","Interpositus_cerebellar_nuclei_Vol.mm3","needs_review","unresolved candidate; no retained candidate",1,0,,,"","","",""
"Avahi laniger","Lateral_cerebellar_nuclei_Vol.mm3","needs_review","unresolved candidate; no retained candidate",1,0,,,"","","",""
"Avahi laniger","Lobus_piriformis_Vol.mm3","needs_review","unresolved candidate; no retained candidate",1,0,,,"","","",""
"Avahi laniger","Medial_cerebellar_nuclei_Vol.mm3","needs_review","unresolved candidate; no retained candidate",1,0,,,"","","",""
"Avahi laniger","Medulla_oblongata_Vol.mm3","needs_review","unresolved candidate; no retained candidate",1,0,,,"","","",""
"Avahi laniger","Mesencephalon_Vol.mm3","needs_review","unresolved candidate; no retained candidate",1,0,,,"","","",""
"Avahi laniger","Neocortex_Vol.mm3","needs_review","unresolved candidate; no retained candidate",1,0,,,"","","",""
"Avahi laniger","Nucleus_habenularis_medialis_Vol.mm3","needs_review","unresolved candidate; no retained candidate",1,0,,,"","","",""
"Avahi laniger","Nucleus_septalis_triangularis_Vol.mm3","needs_review","unresolved candidate; no retained candidate",1,0,,,"","","",""
"Avahi laniger","Nucleus_vestibularis_descendens_unilateral_Vol.mm3","needs_review","unresolved candidate; no retained candidate",1,0,,,"","","",""
"Avahi laniger","Nucleus_vestibularis_lateralis_unilateral_Vol.mm3","needs_review","unresolved candidate; no retained candidate",1,0,,,"","","",""
"Avahi laniger","Nucleus_vestibularis_medialis_unilateral_Vol.mm3","needs_review","unresolved candidate; no retained candidate",1,0,,,"","","",""
"Avahi laniger","Nucleus_vestibularis_superior_unilateral_Vol.mm3","needs_review","unresolved candidate; no retained candidate",1,0,,,"","","",""
"Avahi laniger","Schizo_cortex_Vol.mm3","needs_review","unresolved candidate; no retained candidate",1,0,,,"","","",""
"Avahi laniger","Septum_Vol.mm3","needs_review","unresolved candidate; no retained candidate",1,0,,,"","","",""
"Avahi laniger","Striatum_Vol.mm3","needs_review","unresolved candidate; no retained candidate",1,0,,,"","","",""
"Avahi laniger","Telencephalon_Vol.mm3","needs_review","unresolved candidate; no retained candidate",1,0,,,"","","",""
"Avahi laniger","Total_brain_net_volume_Vol.mm3","needs_review","unresolved candidate; no retained candidate",1,0,,,"","","",""
"Avahi laniger","Ventral_pons_Vol.mm3","needs_review","unresolved candidate; no retained candidate",1,0,,,"","","",""
"Avahi laniger","Ventricles_Vol.mm3","needs_review","unresolved candidate; no retained candidate",1,0,,,"","","",""
"Avahi occidentalis","Agranular_insular_cortex_left_Vol.mm3","needs_review","unresolved candidate; no retained candidate",1,0,,,"","","",""
"Avahi occidentalis","Area_striata_grey_matter_Vol.mm3","needs_review","unresolved candidate; no retained candidate",1,0,,,"","","",""
"Avahi occidentalis","Area_striata_lamina_1_Vol.mm3","needs_review","unresolved candidate; no retained candidate",1,0,,,"","","",""
"Avahi occidentalis","Area_striata_laminae_2_6_Vol.mm3","needs_review","unresolved candidate; no retained candidate",1,0,,,"","","",""
"Avahi occidentalis","Area_striata_Vol.mm3","needs_review","unresolved candidate; no retained candidate",2,0,,,"","","",""
"Avahi occidentalis","Area_striata_white_matter_Vol.mm3","needs_review","unresolved candidate; no retained candidate",1,0,,,"","","",""
"Avahi occidentalis","Bulbus_olfactorius_accessorius_Vol.mm3","needs_review","unresolved candidate; no retained candidate",1,0,,,"","","",""
"Avahi occidentalis","Bulbus_olfactorius_Vol.mm3","needs_review","unresolved candidate; no retained candidate",1,0,,,"","","",""
"Avahi occidentalis","Capsula_interna_Vol.mm3","needs_review","unresolved candidate; no retained candidate",1,0,,,"","","",""
"Avahi occidentalis","Cerebellar_nuclei_total_Vol.mm3","needs_review","unresolved candidate; no retained candidate",1,0,,,"","","",""
"Avahi occidentalis","Cerebellum_Vol.mm3","needs_review","unresolved candidate; no retained candidate",1,0,,,"","","",""
"Avahi occidentalis","Complexus_vestibularis_unilateral_Vol.mm3","needs_review","unresolved candidate; no retained candidate",2,0,,,"","","",""
"Avahi occidentalis","Corpus_geniculatum_laterale_Vol.mm3","needs_review","unresolved candidate; no retained candidate",2,0,,,"","","",""
"Avahi occidentalis","Corpus_pineal_Vol.mm3","needs_review","unresolved candidate; no retained candidate",1,0,,,"","","",""
"Avahi occidentalis","Corpus_subcommissurale_Vol.mm3","needs_review","unresolved candidate; no retained candidate",1,0,,,"","","",""
"Avahi occidentalis","Corpus_subfornicale_Vol.mm3","needs_review","unresolved candidate; no retained candidate",1,0,,,"","","",""
"Avahi occidentalis","Diencephalon_Vol.mm3","needs_review","unresolved candidate; no retained candidate",1,0,,,"","","",""
"Avahi occidentalis","Dysgranular_insular_cortex_left_Vol.mm3","needs_review","unresolved candidate; no retained candidate",1,0,,,"","","",""
"Avahi occidentalis","Epithalamus_Vol.mm3","needs_review","unresolved candidate; no retained candidate",1,0,,,"","","",""
"Avahi occidentalis","Granular_insular_cortex_left_Vol.mm3","needs_review","unresolved candidate; no retained candidate",1,0,,,"","","",""
"Avahi occidentalis","Hippocampus_Vol.mm3","needs_review","unresolved candidate; no retained candidate",1,0,,,"","","",""
"Avahi occidentalis","Hypothalamus_Vol.mm3","needs_review","unresolved candidate; no retained candidate",1,0,,,"","","",""
"Avahi occidentalis","Insula_left_Vol.mm3","needs_review","unresolved candidate; no retained candidate",1,0,,,"","","",""
"Avahi occidentalis","Interpositus_cerebellar_nuclei_Vol.mm3","needs_review","unresolved candidate; no retained candidate",1,0,,,"","","",""
"Avahi occidentalis","Lateral_cerebellar_nuclei_Vol.mm3","needs_review","unresolved candidate; no retained candidate",1,0,,,"","","",""
"Avahi occidentalis","Lobus_piriformis_Vol.mm3","needs_review","unresolved candidate; no retained candidate",1,0,,,"","","",""
"Avahi occidentalis","Medial_cerebellar_nuclei_Vol.mm3","needs_review","unresolved candidate; no retained candidate",1,0,,,"","","",""
"Avahi occidentalis","Medulla_oblongata_Vol.mm3","needs_review","unresolved candidate; no retained candidate",1,0,,,"","","",""
"Avahi occidentalis","Mesencephalon_Vol.mm3","needs_review","unresolved candidate; no retained candidate",1,0,,,"","","",""
"Avahi occidentalis","Neocortex_grey_matter_Vol.mm3","needs_review","unresolved candidate; no retained candidate",1,0,,,"","","",""
"Avahi occidentalis","Neocortex_lamina_1_Vol.mm3","needs_review","unresolved candidate; no retained candidate",1,0,,,"","","",""
"Avahi occidentalis","Neocortex_laminae_2_6_Vol.mm3","needs_review","unresolved candidate; no retained candidate",1,0,,,"","","",""
"Avahi occidentalis","Neocortex_Vol.mm3","needs_review","unresolved candidate; no retained candidate",2,0,,,"","","",""
"Avahi occidentalis","Neocortex_white_matter_Vol.mm3","needs_review","unresolved candidate; no retained candidate",1,0,,,"","","",""
"Avahi occidentalis","Nucleus_habenularis_medialis_Vol.mm3","needs_review","unresolved candidate; no retained candidate",1,0,,,"","","",""
"Avahi occidentalis","Nucleus_septalis_triangularis_Vol.mm3","needs_review","unresolved candidate; no retained candidate",1,0,,,"","","",""
"Avahi occidentalis","Nucleus_subthalamicus_Vol.mm3","needs_review","unresolved candidate; no retained candidate",1,0,,,"","","",""
"Avahi occidentalis","Nucleus_vestibularis_descendens_unilateral_Vol.mm3","needs_review","unresolved candidate; no retained candidate",2,0,,,"","","",""
"Avahi occidentalis","Nucleus_vestibularis_lateralis_unilateral_Vol.mm3","needs_review","unresolved candidate; no retained candidate",2,0,,,"","","",""
"Avahi occidentalis","Nucleus_vestibularis_medialis_unilateral_Vol.mm3","needs_review","unresolved candidate; no retained candidate",2,0,,,"","","",""
"Avahi occidentalis","Nucleus_vestibularis_superior_unilateral_Vol.mm3","needs_review","unresolved candidate; no retained candidate",2,0,,,"","","",""
"Avahi occidentalis","Pallidum_Vol.mm3","needs_review","unresolved candidate; no retained candidate",1,0,,,"","","",""
"Avahi occidentalis","Schizo_cortex_Vol.mm3","needs_review","unresolved candidate; no retained candidate",1,0,,,"","","",""
"Avahi occidentalis","Septum_Vol.mm3","needs_review","unresolved candidate; no retained candidate",1,0,,,"","","",""
"Avahi occidentalis","Striatum_Vol.mm3","needs_review","unresolved candidate; no retained candidate",1,0,,,"","","",""
"Avahi occidentalis","Subthalamus_Vol.mm3","needs_review","unresolved candidate; no retained candidate",1,0,,,"","","",""
"Avahi occidentalis","Telencephalon_Vol.mm3","needs_review","unresolved candidate; no retained candidate",1,0,,,"","","",""
"Avahi occidentalis","Thalamus_Vol.mm3","needs_review","unresolved candidate; no retained candidate",1,0,,,"","","",""
"Avahi occidentalis","Total_brain_net_volume_Vol.mm3","needs_review","unresolved candidate; no retained candidate",2,0,,,"","","",""
"Avahi occidentalis","Tractus_opticus_Vol.mm3","needs_review","unresolved candidate; no retained candidate",1,0,,,"","","",""
"Avahi occidentalis","Ventral_pons_Vol.mm3","needs_review","unresolved candidate; no retained candidate",1,0,,,"","","",""
"Avahi occidentalis","Ventricles_Vol.mm3","needs_review","unresolved candidate; no retained candidate",1,0,,,"","","",""
"Callicebus moloch","Area_striata_grey_matter_Vol.mm3","needs_review","unresolved candidate; no retained candidate",1,0,,,"","","",""
"Callicebus moloch","Area_striata_Vol.mm3","needs_review","unresolved candidate; no retained candidate",2,0,,,"","","",""
"Callicebus moloch","Area_striata_white_matter_Vol.mm3","needs_review","unresolved candidate; no retained candidate",1,0,,,"","","",""
"Callicebus moloch","Bulbus_olfactorius_accessorius_Vol.mm3","needs_review","unresolved candidate; no retained candidate",1,0,,,"","","",""
"Callicebus moloch","Bulbus_olfactorius_Vol.mm3","needs_review","unresolved candidate; no retained candidate",1,0,,,"","","",""
"Callicebus moloch","Cerebellar_nuclei_total_Vol.mm3","needs_review","unresolved candidate; no retained candidate",1,0,,,"","","",""
"Callicebus moloch","Cerebellum_Vol.mm3","needs_review","unresolved candidate; no retained candidate",1,0,,,"","","",""
"Callicebus moloch","Complexus_vestibularis_unilateral_Vol.mm3","needs_review","unresolved candidate; no retained candidate",1,0,,,"","","",""
"Callicebus moloch","Corpus_geniculatum_laterale_Vol.mm3","needs_review","unresolved candidate; no retained candidate",2,0,,,"","","",""
"Callicebus moloch","Corpus_pineal_Vol.mm3","needs_review","unresolved candidate; no retained candidate",1,0,,,"","","",""
"Callicebus moloch","Corpus_subcommissurale_Vol.mm3","needs_review","unresolved candidate; no retained candidate",1,0,,,"","","",""
"Callicebus moloch","Corpus_subfornicale_Vol.mm3","needs_review","unresolved candidate; no retained candidate",1,0,,,"","","",""
"Callicebus moloch","Diencephalon_Vol.mm3","needs_review","unresolved candidate; no retained candidate",1,0,,,"","","",""
"Callicebus moloch","Hippocampus_Vol.mm3","needs_review","unresolved candidate; no retained candidate",1,0,,,"","","",""
"Callicebus moloch","Interpositus_cerebellar_nuclei_Vol.mm3","needs_review","unresolved candidate; no retained candidate",1,0,,,"","","",""
"Callicebus moloch","Lateral_cerebellar_nuclei_Vol.mm3","needs_review","unresolved candidate; no retained candidate",1,0,,,"","","",""
"Callicebus moloch","Lobus_piriformis_Vol.mm3","needs_review","unresolved candidate; no retained candidate",1,0,,,"","","",""
"Callicebus moloch","Medial_cerebellar_nuclei_Vol.mm3","needs_review","unresolved candidate; no retained candidate",1,0,,,"","","",""
"Callicebus moloch","Medulla_oblongata_Vol.mm3","needs_review","unresolved candidate; no retained candidate",1,0,,,"","","",""
"Callicebus moloch","Mesencephalon_Vol.mm3","needs_review","unresolved candidate; no retained candidate",1,0,,,"","","",""
"Callicebus moloch","Neocortex_Vol.mm3","needs_review","unresolved candidate; no retained candidate",1,0,,,"","","",""
"Callicebus moloch","Nucleus_habenularis_medialis_Vol.mm3","needs_review","unresolved candidate; no retained candidate",1,0,,,"","","",""
"Callicebus moloch","Nucleus_septalis_triangularis_Vol.mm3","needs_review","unresolved candidate; no retained candidate",1,0,,,"","","",""
"Callicebus moloch","Nucleus_vestibularis_descendens_unilateral_Vol.mm3","needs_review","unresolved candidate; no retained candidate",1,0,,,"","","",""
"Callicebus moloch","Nucleus_vestibularis_lateralis_unilateral_Vol.mm3","needs_review","unresolved candidate; no retained candidate",1,0,,,"","","",""
"Callicebus moloch","Nucleus_vestibularis_medialis_unilateral_Vol.mm3","needs_review","unresolved candidate; no retained candidate",1,0,,,"","","",""
"Callicebus moloch","Nucleus_vestibularis_superior_unilateral_Vol.mm3","needs_review","unresolved candidate; no retained candidate",1,0,,,"","","",""
"Callicebus moloch","Schizo_cortex_Vol.mm3","needs_review","unresolved candidate; no retained candidate",1,0,,,"","","",""
"Callicebus moloch","Septum_Vol.mm3","needs_review","unresolved candidate; no retained candidate",1,0,,,"","","",""
"Callicebus moloch","Striatum_Vol.mm3","needs_review","unresolved candidate; no retained candidate",1,0,,,"","","",""
"Callicebus moloch","Telencephalon_Vol.mm3","needs_review","unresolved candidate; no retained candidate",1,0,,,"","","",""
"Callicebus moloch","Total_brain_net_volume_Vol.mm3","needs_review","unresolved candidate; no retained candidate",1,0,,,"","","",""
"Callicebus moloch","Ventral_pons_Vol.mm3","needs_review","unresolved candidate; no retained candidate",1,0,,,"","","",""
"Callicebus moloch","Ventricles_Vol.mm3","needs_review","unresolved candidate; no retained candidate",1,0,,,"","","",""
"Callimico goeldii","Bulbus_olfactorius_accessorius_Vol.mm3","needs_review","unresolved candidate; no retained candidate",1,0,,,"","","",""
"Callimico goeldii","Bulbus_olfactorius_Vol.mm3","needs_review","unresolved candidate; no retained candidate",1,0,,,"","","",""
"Callimico goeldii","Cerebellum_Vol.mm3","needs_review","unresolved candidate; no retained candidate",1,0,,,"","","",""
"Callimico goeldii","Diencephalon_Vol.mm3","needs_review","unresolved candidate; no retained candidate",1,0,,,"","","",""
"Callimico goeldii","Hippocampus_Vol.mm3","needs_review","unresolved candidate; no retained candidate",1,0,,,"","","",""
"Callimico goeldii","Lobus_piriformis_Vol.mm3","needs_review","unresolved candidate; no retained candidate",1,0,,,"","","",""
"Callimico goeldii","Medulla_oblongata_Vol.mm3","needs_review","unresolved candidate; no retained candidate",1,0,,,"","","",""
"Callimico goeldii","Mesencephalon_Vol.mm3","needs_review","unresolved candidate; no retained candidate",1,0,,,"","","",""
"Callimico goeldii","Neocortex_Vol.mm3","needs_review","unresolved candidate; no retained candidate",1,0,,,"","","",""
"Callimico goeldii","Schizo_cortex_Vol.mm3","needs_review","unresolved candidate; no retained candidate",1,0,,,"","","",""
"Callimico goeldii","Septum_Vol.mm3","needs_review","unresolved candidate; no retained candidate",1,0,,,"","","",""
"Callimico goeldii","Striatum_Vol.mm3","needs_review","unresolved candidate; no retained candidate",1,0,,,"","","",""
"Callimico goeldii","Telencephalon_Vol.mm3","needs_review","unresolved candidate; no retained candidate",1,0,,,"","","",""
"Callimico goeldii","Total_brain_net_volume_Vol.mm3","needs_review","unresolved candidate; no retained candidate",1,0,,,"","","",""
"Callimico goeldii","Ventricles_Vol.mm3","needs_review","unresolved candidate; no retained candidate",1,0,,,"","","",""
"Callithrix jacchus","Amygdala_Vol.mm3","needs_review","unresolved candidate; no retained candidate",1,0,,,"","","",""
"Callithrix jacchus","Area_striata_grey_matter_Vol.mm3","needs_review","unresolved candidate; no retained candidate",1,0,,,"","","",""
"Callithrix jacchus","Area_striata_lamina_1_Vol.mm3","needs_review","unresolved candidate; no retained candidate",1,0,,,"","","",""
"Callithrix jacchus","Area_striata_laminae_2_6_Vol.mm3","needs_review","unresolved candidate; no retained candidate",1,0,,,"","","",""
"Callithrix jacchus","Area_striata_Vol.mm3","needs_review","unresolved candidate; no retained candidate",2,0,,,"","","",""
"Callithrix jacchus","Area_striata_white_matter_Vol.mm3","needs_review","unresolved candidate; no retained candidate",1,0,,,"","","",""
"Callithrix jacchus","Bulbus_olfactorius_accessorius_Vol.mm3","needs_review","unresolved candidate; no retained candidate",1,0,,,"","","",""
"Callithrix jacchus","Bulbus_olfactorius_Vol.mm3","needs_review","unresolved candidate; no retained candidate",1,0,,,"","","",""
"Callithrix jacchus","Cerebellar_nuclei_total_Vol.mm3","needs_review","unresolved candidate; no retained candidate",1,0,,,"","","",""
"Callithrix jacchus","Cerebellum_Vol.mm3","needs_review","unresolved candidate; no retained candidate",1,0,,,"","","",""
"Callithrix jacchus","Complexus_centromedialis_Vol.mm3","needs_review","unresolved candidate; no retained candidate",1,0,,,"","","",""
"Callithrix jacchus","Complexus_corticobasolateralis_Vol.mm3","needs_review","unresolved candidate; no retained candidate",1,0,,,"","","",""
"Callithrix jacchus","Complexus_vestibularis_unilateral_Vol.mm3","needs_review","unresolved candidate; no retained candidate",1,0,,,"","","",""
"Callithrix jacchus","Corpus_geniculatum_laterale_Vol.mm3","needs_review","unresolved candidate; no retained candidate",2,0,,,"","","",""
"Callithrix jacchus","Corpus_pineal_Vol.mm3","needs_review","unresolved candidate; no retained candidate",1,0,,,"","","",""
"Callithrix jacchus","Corpus_subcommissurale_Vol.mm3","needs_review","unresolved candidate; no retained candidate",1,0,,,"","","",""
"Callithrix jacchus","Corpus_subfornicale_Vol.mm3","needs_review","unresolved candidate; no retained candidate",1,0,,,"","","",""
"Callithrix jacchus","Diencephalon_Vol.mm3","needs_review","unresolved candidate; no retained candidate",1,0,,,"","","",""
"Callithrix jacchus","Hippocampus_Vol.mm3","needs_review","unresolved candidate; no retained candidate",1,0,,,"","","",""
"Callithrix jacchus","Interpositus_cerebellar_nuclei_Vol.mm3","needs_review","unresolved candidate; no retained candidate",1,0,,,"","","",""
"Callithrix jacchus","Lateral_cerebellar_nuclei_Vol.mm3","needs_review","unresolved candidate; no retained candidate",1,0,,,"","","",""
"Callithrix jacchus","Lobus_piriformis_Vol.mm3","needs_review","unresolved candidate; no retained candidate",1,0,,,"","","",""
"Callithrix jacchus","Medial_cerebellar_nuclei_Vol.mm3","needs_review","unresolved candidate; no retained candidate",1,0,,,"","","",""
"Callithrix jacchus","Medulla_oblongata_Vol.mm3","needs_review","unresolved candidate; no retained candidate",1,0,,,"","","",""
"Callithrix jacchus","Mesencephalon_Vol.mm3","needs_review","unresolved candidate; no retained candidate",1,0,,,"","","",""
"Callithrix jacchus","Neocortex_grey_matter_Vol.mm3","needs_review","unresolved candidate; no retained candidate",1,0,,,"","","",""
"Callithrix jacchus","Neocortex_lamina_1_Vol.mm3","needs_review","unresolved candidate; no retained candidate",1,0,,,"","","",""
"Callithrix jacchus","Neocortex_laminae_2_6_Vol.mm3","needs_review","unresolved candidate; no retained candidate",1,0,,,"","","",""
"Callithrix jacchus","Neocortex_Vol.mm3","needs_review","unresolved candidate; no retained candidate",2,0,,,"","","",""
"Callithrix jacchus","Neocortex_white_matter_Vol.mm3","needs_review","unresolved candidate; no retained candidate",1,0,,,"","","",""
"Callithrix jacchus","Nucleus_amygdalae_basalis_pars_magnocellularis_Vol.mm3","needs_review","unresolved candidate; no retained candidate",1,0,,,"","","",""
"Callithrix jacchus","Nucleus_habenularis_medialis_Vol.mm3","needs_review","unresolved candidate; no retained candidate",1,0,,,"","","",""
"Callithrix jacchus","Nucleus_septalis_triangularis_Vol.mm3","needs_review","unresolved candidate; no retained candidate",1,0,,,"","","",""
"Callithrix jacchus","Nucleus_tractus_olfactorius_Vol.mm3","needs_review","unresolved candidate; no retained candidate",1,0,,,"","","",""
"Callithrix jacchus","Nucleus_vestibularis_descendens_unilateral_Vol.mm3","needs_review","unresolved candidate; no retained candidate",1,0,,,"","","",""
"Callithrix jacchus","Nucleus_vestibularis_lateralis_unilateral_Vol.mm3","needs_review","unresolved candidate; no retained candidate",1,0,,,"","","",""
"Callithrix jacchus","Nucleus_vestibularis_medialis_unilateral_Vol.mm3","needs_review","unresolved candidate; no retained candidate",1,0,,,"","","",""
"Callithrix jacchus","Nucleus_vestibularis_superior_unilateral_Vol.mm3","needs_review","unresolved candidate; no retained candidate",1,0,,,"","","",""
"Callithrix jacchus","Palaeocortex_Vol.mm3","needs_review","unresolved candidate; no retained candidate",1,0,,,"","","",""
"Callithrix jacchus","Schizo_cortex_Vol.mm3","needs_review","unresolved candidate; no retained candidate",1,0,,,"","","",""
"Callithrix jacchus","Septum_Vol.mm3","needs_review","unresolved candidate; no retained candidate",1,0,,,"","","",""
"Callithrix jacchus","Striatum_Vol.mm3","needs_review","unresolved candidate; no retained candidate",1,0,,,"","","",""
"Callithrix jacchus","Telencephalon_Vol.mm3","needs_review","unresolved candidate; no retained candidate",1,0,,,"","","",""
"Callithrix jacchus","Total_brain_net_volume_Vol.mm3","needs_review","unresolved candidate; no retained candidate",1,0,,,"","","",""
"Callithrix jacchus","Ventral_pons_Vol.mm3","needs_review","unresolved candidate; no retained candidate",1,0,,,"","","",""
"Callithrix jacchus","Ventricles_Vol.mm3","needs_review","unresolved candidate; no retained candidate",1,0,,,"","","",""
"Callithrix pygmaea","Area_striata_grey_matter_Vol.mm3","needs_review","unresolved candidate; no retained candidate",1,0,,,"","","",""
"Callithrix pygmaea","Area_striata_lamina_1_Vol.mm3","needs_review","unresolved candidate; no retained candidate",1,0,,,"","","",""
"Callithrix pygmaea","Area_striata_laminae_2_6_Vol.mm3","needs_review","unresolved candidate; no retained candidate",1,0,,,"","","",""
"Callithrix pygmaea","Area_striata_Vol.mm3","needs_review","unresolved candidate; no retained candidate",1,0,,,"","","",""
"Callithrix pygmaea","Area_striata_white_matter_Vol.mm3","needs_review","unresolved candidate; no retained candidate",1,0,,,"","","",""
"Callithrix pygmaea","Bulbus_olfactorius_accessorius_Vol.mm3","needs_review","unresolved candidate; no retained candidate",1,0,,,"","","",""
"Callithrix pygmaea","Bulbus_olfactorius_Vol.mm3","needs_review","unresolved candidate; no retained candidate",1,0,,,"","","",""
"Callithrix pygmaea","Capsula_interna_Vol.mm3","needs_review","unresolved candidate; no retained candidate",1,0,,,"","","",""
"Callithrix pygmaea","Cerebellar_nuclei_total_Vol.mm3","needs_review","unresolved candidate; no retained candidate",1,0,,,"","","",""
"Callithrix pygmaea","Cerebellum_Vol.mm3","needs_review","unresolved candidate; no retained candidate",1,0,,,"","","",""
"Callithrix pygmaea","Complexus_vestibularis_unilateral_Vol.mm3","needs_review","unresolved candidate; no retained candidate",2,0,,,"","","",""
"Callithrix pygmaea","Diencephalon_Vol.mm3","needs_review","unresolved candidate; no retained candidate",1,0,,,"","","",""
"Callithrix pygmaea","Epithalamus_Vol.mm3","needs_review","unresolved candidate; no retained candidate",1,0,,,"","","",""
"Callithrix pygmaea","Hippocampus_Vol.mm3","needs_review","unresolved candidate; no retained candidate",1,0,,,"","","",""
"Callithrix pygmaea","Hypothalamus_Vol.mm3","needs_review","unresolved candidate; no retained candidate",1,0,,,"","","",""
"Callithrix pygmaea","Interpositus_cerebellar_nuclei_Vol.mm3","needs_review","unresolved candidate; no retained candidate",1,0,,,"","","",""
"Callithrix pygmaea","Lateral_cerebellar_nuclei_Vol.mm3","needs_review","unresolved candidate; no retained candidate",1,0,,,"","","",""
"Callithrix pygmaea","Lobus_piriformis_Vol.mm3","needs_review","unresolved candidate; no retained candidate",1,0,,,"","","",""
"Callithrix pygmaea","Medial_cerebellar_nuclei_Vol.mm3","needs_review","unresolved candidate; no retained candidate",1,0,,,"","","",""
"Callithrix pygmaea","Medulla_oblongata_Vol.mm3","needs_review","unresolved candidate; no retained candidate",1,0,,,"","","",""
"Callithrix pygmaea","Mesencephalon_Vol.mm3","needs_review","unresolved candidate; no retained candidate",1,0,,,"","","",""
"Callithrix pygmaea","Neocortex_grey_matter_Vol.mm3","needs_review","unresolved candidate; no retained candidate",1,0,,,"","","",""
"Callithrix pygmaea","Neocortex_lamina_1_Vol.mm3","needs_review","unresolved candidate; no retained candidate",1,0,,,"","","",""
"Callithrix pygmaea","Neocortex_laminae_2_6_Vol.mm3","needs_review","unresolved candidate; no retained candidate",1,0,,,"","","",""
"Callithrix pygmaea","Neocortex_Vol.mm3","needs_review","unresolved candidate; no retained candidate",2,0,,,"","","",""
"Callithrix pygmaea","Neocortex_white_matter_Vol.mm3","needs_review","unresolved candidate; no retained candidate",1,0,,,"","","",""
"Callithrix pygmaea","Nucleus_subthalamicus_Vol.mm3","needs_review","unresolved candidate; no retained candidate",1,0,,,"","","",""
"Callithrix pygmaea","Nucleus_vestibularis_descendens_unilateral_Vol.mm3","needs_review","unresolved candidate; no retained candidate",2,0,,,"","","",""
"Callithrix pygmaea","Nucleus_vestibularis_lateralis_unilateral_Vol.mm3","needs_review","unresolved candidate; no retained candidate",2,0,,,"","","",""
"Callithrix pygmaea","Nucleus_vestibularis_medialis_unilateral_Vol.mm3","needs_review","unresolved candidate; no retained candidate",2,0,,,"","","",""
"Callithrix pygmaea","Nucleus_vestibularis_superior_unilateral_Vol.mm3","needs_review","unresolved candidate; no retained candidate",2,0,,,"","","",""
"Callithrix pygmaea","Pallidum_Vol.mm3","needs_review","unresolved candidate; no retained candidate",1,0,,,"","","",""
"Callithrix pygmaea","Schizo_cortex_Vol.mm3","needs_review","unresolved candidate; no retained candidate",1,0,,,"","","",""
"Callithrix pygmaea","Septum_Vol.mm3","needs_review","unresolved candidate; no retained candidate",1,0,,,"","","",""
"Callithrix pygmaea","Striatum_Vol.mm3","needs_review","unresolved candidate; no retained candidate",1,0,,,"","","",""
"Callithrix pygmaea","Subthalamus_Vol.mm3","needs_review","unresolved candidate; no retained candidate",1,0,,,"","","",""
"Callithrix pygmaea","Telencephalon_Vol.mm3","needs_review","unresolved candidate; no retained candidate",1,0,,,"","","",""
"Callithrix pygmaea","Thalamus_Vol.mm3","needs_review","unresolved candidate; no retained candidate",1,0,,,"","","",""
"Callithrix pygmaea","Total_brain_net_volume_Vol.mm3","needs_review","unresolved candidate; no retained candidate",1,0,,,"","","",""
"Callithrix pygmaea","Tractus_opticus_Vol.mm3","needs_review","unresolved candidate; no retained candidate",1,0,,,"","","",""
"Callithrix pygmaea","Ventral_pons_Vol.mm3","needs_review","unresolved candidate; no retained candidate",1,0,,,"","","",""
"Callithrix pygmaea","Ventricles_Vol.mm3","needs_review","unresolved candidate; no retained candidate",1,0,,,"","","",""
"Cebuella pygmaea","Agranular_insular_cortex_left_Vol.mm3","needs_review","unresolved candidate; no retained candidate",1,0,,,"","","",""
"Cebuella pygmaea","Dysgranular_insular_cortex_left_Vol.mm3","needs_review","unresolved candidate; no retained candidate",1,0,,,"","","",""
"Cebuella pygmaea","Granular_insular_cortex_left_Vol.mm3","needs_review","unresolved candidate; no retained candidate",1,0,,,"","","",""
"Cebuella pygmaea","Insula_left_Vol.mm3","needs_review","unresolved candidate; no retained candidate",1,0,,,"","","",""
"Cebuella pygmaea","Total_brain_net_volume_Vol.mm3","needs_review","unresolved candidate; no retained candidate",1,0,,,"","","",""
"Cebus albifrons","Agranular_insular_cortex_left_Vol.mm3","needs_review","unresolved candidate; no retained candidate",1,0,,,"","","",""
"Cebus albifrons","Amygdala_Vol.mm3","needs_review","unresolved candidate; no retained candidate",1,0,,,"","","",""
"Cebus albifrons","Area_striata_grey_matter_Vol.mm3","needs_review","unresolved candidate; no retained candidate",1,0,,,"","","",""
"Cebus albifrons","Area_striata_lamina_1_Vol.mm3","needs_review","unresolved candidate; no retained candidate",1,0,,,"","","",""
"Cebus albifrons","Area_striata_laminae_2_6_Vol.mm3","needs_review","unresolved candidate; no retained candidate",1,0,,,"","","",""
"Cebus albifrons","Area_striata_Vol.mm3","needs_review","unresolved candidate; no retained candidate",2,0,,,"","","",""
"Cebus albifrons","Area_striata_white_matter_Vol.mm3","needs_review","unresolved candidate; no retained candidate",1,0,,,"","","",""
"Cebus albifrons","Bulbus_olfactorius_accessorius_Vol.mm3","needs_review","unresolved candidate; no retained candidate",1,0,,,"","","",""
"Cebus albifrons","Bulbus_olfactorius_Vol.mm3","needs_review","unresolved candidate; no retained candidate",1,0,,,"","","",""
"Cebus albifrons","Capsula_interna_Vol.mm3","needs_review","unresolved candidate; no retained candidate",1,0,,,"","","",""
"Cebus albifrons","Cerebellar_nuclei_total_Vol.mm3","needs_review","unresolved candidate; no retained candidate",1,0,,,"","","",""
"Cebus albifrons","Cerebellum_Vol.mm3","needs_review","unresolved candidate; no retained candidate",1,0,,,"","","",""
"Cebus albifrons","Complexus_centromedialis_Vol.mm3","needs_review","unresolved candidate; no retained candidate",1,0,,,"","","",""
"Cebus albifrons","Complexus_corticobasolateralis_Vol.mm3","needs_review","unresolved candidate; no retained candidate",1,0,,,"","","",""
"Cebus albifrons","Complexus_vestibularis_unilateral_Vol.mm3","needs_review","unresolved candidate; no retained candidate",2,0,,,"","","",""
"Cebus albifrons","Corpus_geniculatum_laterale_Vol.mm3","needs_review","unresolved candidate; no retained candidate",2,0,,,"","","",""
"Cebus albifrons","Corpus_pineal_Vol.mm3","needs_review","unresolved candidate; no retained candidate",1,0,,,"","","",""
"Cebus albifrons","Corpus_subcommissurale_Vol.mm3","needs_review","unresolved candidate; no retained candidate",1,0,,,"","","",""
"Cebus albifrons","Corpus_subfornicale_Vol.mm3","needs_review","unresolved candidate; no retained candidate",1,0,,,"","","",""
"Cebus albifrons","Diencephalon_Vol.mm3","needs_review","unresolved candidate; no retained candidate",1,0,,,"","","",""
"Cebus albifrons","Dysgranular_insular_cortex_left_Vol.mm3","needs_review","unresolved candidate; no retained candidate",1,0,,,"","","",""
"Cebus albifrons","Epithalamus_Vol.mm3","needs_review","unresolved candidate; no retained candidate",1,0,,,"","","",""
"Cebus albifrons","Granular_insular_cortex_left_Vol.mm3","needs_review","unresolved candidate; no retained candidate",1,0,,,"","","",""
"Cebus albifrons","Hippocampus_Vol.mm3","needs_review","unresolved candidate; no retained candidate",1,0,,,"","","",""
"Cebus albifrons","Hypothalamus_Vol.mm3","needs_review","unresolved candidate; no retained candidate",1,0,,,"","","",""
"Cebus albifrons","Insula_left_Vol.mm3","needs_review","unresolved candidate; no retained candidate",1,0,,,"","","",""
"Cebus albifrons","Interpositus_cerebellar_nuclei_Vol.mm3","needs_review","unresolved candidate; no retained candidate",1,0,,,"","","",""
"Cebus albifrons","Lateral_cerebellar_nuclei_Vol.mm3","needs_review","unresolved candidate; no retained candidate",1,0,,,"","","",""
"Cebus albifrons","Lobus_piriformis_Vol.mm3","needs_review","unresolved candidate; no retained candidate",1,0,,,"","","",""
"Cebus albifrons","Medial_cerebellar_nuclei_Vol.mm3","needs_review","unresolved candidate; no retained candidate",1,0,,,"","","",""
"Cebus albifrons","Medulla_oblongata_Vol.mm3","needs_review","unresolved candidate; no retained candidate",1,0,,,"","","",""
"Cebus albifrons","Mesencephalon_Vol.mm3","needs_review","unresolved candidate; no retained candidate",1,0,,,"","","",""
"Cebus albifrons","Neocortex_grey_matter_Vol.mm3","needs_review","unresolved candidate; no retained candidate",1,0,,,"","","",""
"Cebus albifrons","Neocortex_lamina_1_Vol.mm3","needs_review","unresolved candidate; no retained candidate",1,0,,,"","","",""
"Cebus albifrons","Neocortex_laminae_2_6_Vol.mm3","needs_review","unresolved candidate; no retained candidate",1,0,,,"","","",""
"Cebus albifrons","Neocortex_Vol.mm3","needs_review","unresolved candidate; no retained candidate",2,0,,,"","","",""
"Cebus albifrons","Neocortex_white_matter_Vol.mm3","needs_review","unresolved candidate; no retained candidate",1,0,,,"","","",""
"Cebus albifrons","Nucleus_amygdalae_basalis_pars_magnocellularis_Vol.mm3","needs_review","unresolved candidate; no retained candidate",1,0,,,"","","",""
"Cebus albifrons","Nucleus_habenularis_medialis_Vol.mm3","needs_review","unresolved candidate; no retained candidate",1,0,,,"","","",""
"Cebus albifrons","Nucleus_septalis_triangularis_Vol.mm3","needs_review","unresolved candidate; no retained candidate",1,0,,,"","","",""
"Cebus albifrons","Nucleus_subthalamicus_Vol.mm3","needs_review","unresolved candidate; no retained candidate",1,0,,,"","","",""
"Cebus albifrons","Nucleus_tractus_olfactorius_Vol.mm3","needs_review","unresolved candidate; no retained candidate",1,0,,,"","","",""
"Cebus albifrons","Nucleus_vestibularis_descendens_unilateral_Vol.mm3","needs_review","unresolved candidate; no retained candidate",2,0,,,"","","",""
"Cebus albifrons","Nucleus_vestibularis_lateralis_unilateral_Vol.mm3","needs_review","unresolved candidate; no retained candidate",2,0,,,"","","",""
"Cebus albifrons","Nucleus_vestibularis_medialis_unilateral_Vol.mm3","needs_review","unresolved candidate; no retained candidate",2,0,,,"","","",""
"Cebus albifrons","Nucleus_vestibularis_superior_unilateral_Vol.mm3","needs_review","unresolved candidate; no retained candidate",2,0,,,"","","",""
"Cebus albifrons","Palaeocortex_Vol.mm3","needs_review","unresolved candidate; no retained candidate",1,0,,,"","","",""
"Cebus albifrons","Pallidum_Vol.mm3","needs_review","unresolved candidate; no retained candidate",1,0,,,"","","",""
"Cebus albifrons","Schizo_cortex_Vol.mm3","needs_review","unresolved candidate; no retained candidate",1,0,,,"","","",""
"Cebus albifrons","Septum_Vol.mm3","needs_review","unresolved candidate; no retained candidate",1,0,,,"","","",""
"Cebus albifrons","Striatum_Vol.mm3","needs_review","unresolved candidate; no retained candidate",1,0,,,"","","",""
"Cebus albifrons","Subthalamus_Vol.mm3","needs_review","unresolved candidate; no retained candidate",1,0,,,"","","",""
"Cebus albifrons","Telencephalon_Vol.mm3","needs_review","unresolved candidate; no retained candidate",1,0,,,"","","",""
"Cebus albifrons","Thalamus_Vol.mm3","needs_review","unresolved candidate; no retained candidate",1,0,,,"","","",""
"Cebus albifrons","Total_brain_net_volume_Vol.mm3","needs_review","unresolved candidate; no retained candidate",2,0,,,"","","",""
"Cebus albifrons","Tractus_opticus_Vol.mm3","needs_review","unresolved candidate; no retained candidate",1,0,,,"","","",""
"Cebus albifrons","Ventral_pons_Vol.mm3","needs_review","unresolved candidate; no retained candidate",1,0,,,"","","",""
"Cebus albifrons","Ventricles_Vol.mm3","needs_review","unresolved candidate; no retained candidate",1,0,,,"","","",""
"Cercocebus agilis","Agranular_insular_cortex_left_Vol.mm3","needs_review","unresolved candidate; no retained candidate",1,0,,,"","","",""
"Cercocebus agilis","Dysgranular_insular_cortex_left_Vol.mm3","needs_review","unresolved candidate; no retained candidate",1,0,,,"","","",""
"Cercocebus agilis","Granular_insular_cortex_left_Vol.mm3","needs_review","unresolved candidate; no retained candidate",1,0,,,"","","",""
"Cercocebus agilis","Insula_left_Vol.mm3","needs_review","unresolved candidate; no retained candidate",1,0,,,"","","",""
"Cercocebus agilis","Total_brain_net_volume_Vol.mm3","needs_review","unresolved candidate; no retained candidate",1,0,,,"","","",""
"Cercopithecus ascanius","Amygdala_Vol.mm3","needs_review","unresolved candidate; no retained candidate",1,0,,,"","","",""
"Cercopithecus ascanius","Area_striata_grey_matter_Vol.mm3","needs_review","unresolved candidate; no retained candidate",1,0,,,"","","",""
"Cercopithecus ascanius","Area_striata_lamina_1_Vol.mm3","needs_review","unresolved candidate; no retained candidate",1,0,,,"","","",""
"Cercopithecus ascanius","Area_striata_laminae_2_6_Vol.mm3","needs_review","unresolved candidate; no retained candidate",1,0,,,"","","",""
"Cercopithecus ascanius","Area_striata_Vol.mm3","needs_review","unresolved candidate; no retained candidate",2,0,,,"","","",""
"Cercopithecus ascanius","Area_striata_white_matter_Vol.mm3","needs_review","unresolved candidate; no retained candidate",1,0,,,"","","",""
"Cercopithecus ascanius","Bulbus_olfactorius_accessorius_Vol.mm3","needs_review","unresolved candidate; no retained candidate",1,0,,,"","","",""
"Cercopithecus ascanius","Bulbus_olfactorius_Vol.mm3","needs_review","unresolved candidate; no retained candidate",1,0,,,"","","",""
"Cercopithecus ascanius","Capsula_interna_Vol.mm3","needs_review","unresolved candidate; no retained candidate",1,0,,,"","","",""
"Cercopithecus ascanius","Cerebellar_nuclei_total_Vol.mm3","needs_review","unresolved candidate; no retained candidate",1,0,,,"","","",""
"Cercopithecus ascanius","Cerebellum_Vol.mm3","needs_review","unresolved candidate; no retained candidate",1,0,,,"","","",""
"Cercopithecus ascanius","Complexus_centromedialis_Vol.mm3","needs_review","unresolved candidate; no retained candidate",1,0,,,"","","",""
"Cercopithecus ascanius","Complexus_corticobasolateralis_Vol.mm3","needs_review","unresolved candidate; no retained candidate",1,0,,,"","","",""
"Cercopithecus ascanius","Complexus_vestibularis_unilateral_Vol.mm3","needs_review","unresolved candidate; no retained candidate",2,0,,,"","","",""
"Cercopithecus ascanius","Corpus_geniculatum_laterale_Vol.mm3","needs_review","unresolved candidate; no retained candidate",3,0,,,"","","",""
"Cercopithecus ascanius","Corpus_pineal_Vol.mm3","needs_review","unresolved candidate; no retained candidate",1,0,,,"","","",""
"Cercopithecus ascanius","Corpus_subcommissurale_Vol.mm3","needs_review","unresolved candidate; no retained candidate",1,0,,,"","","",""
"Cercopithecus ascanius","Corpus_subfornicale_Vol.mm3","needs_review","unresolved candidate; no retained candidate",1,0,,,"","","",""
"Cercopithecus ascanius","Diencephalon_Vol.mm3","needs_review","unresolved candidate; no retained candidate",1,0,,,"","","",""
"Cercopithecus ascanius","Epithalamus_Vol.mm3","needs_review","unresolved candidate; no retained candidate",1,0,,,"","","",""
"Cercopithecus ascanius","Hippocampus_Vol.mm3","needs_review","unresolved candidate; no retained candidate",1,0,,,"","","",""
"Cercopithecus ascanius","Hypothalamus_Vol.mm3","needs_review","unresolved candidate; no retained candidate",1,0,,,"","","",""
"Cercopithecus ascanius","Interpositus_cerebellar_nuclei_Vol.mm3","needs_review","unresolved candidate; no retained candidate",1,0,,,"","","",""
"Cercopithecus ascanius","Lateral_cerebellar_nuclei_Vol.mm3","needs_review","unresolved candidate; no retained candidate",1,0,,,"","","",""
"Cercopithecus ascanius","Lobus_piriformis_Vol.mm3","needs_review","unresolved candidate; no retained candidate",1,0,,,"","","",""
"Cercopithecus ascanius","Medial_cerebellar_nuclei_Vol.mm3","needs_review","unresolved candidate; no retained candidate",1,0,,,"","","",""
"Cercopithecus ascanius","Medulla_oblongata_Vol.mm3","needs_review","unresolved candidate; no retained candidate",1,0,,,"","","",""
"Cercopithecus ascanius","Mesencephalon_Vol.mm3","needs_review","unresolved candidate; no retained candidate",1,0,,,"","","",""
"Cercopithecus ascanius","Neocortex_grey_matter_Vol.mm3","needs_review","unresolved candidate; no retained candidate",1,0,,,"","","",""
"Cercopithecus ascanius","Neocortex_lamina_1_Vol.mm3","needs_review","unresolved candidate; no retained candidate",1,0,,,"","","",""
"Cercopithecus ascanius","Neocortex_laminae_2_6_Vol.mm3","needs_review","unresolved candidate; no retained candidate",1,0,,,"","","",""
"Cercopithecus ascanius","Neocortex_Vol.mm3","needs_review","unresolved candidate; no retained candidate",2,0,,,"","","",""
"Cercopithecus ascanius","Neocortex_white_matter_Vol.mm3","needs_review","unresolved candidate; no retained candidate",1,0,,,"","","",""
"Cercopithecus ascanius","Nucleus_amygdalae_basalis_pars_magnocellularis_Vol.mm3","needs_review","unresolved candidate; no retained candidate",1,0,,,"","","",""
"Cercopithecus ascanius","Nucleus_habenularis_medialis_Vol.mm3","needs_review","unresolved candidate; no retained candidate",1,0,,,"","","",""
"Cercopithecus ascanius","Nucleus_septalis_triangularis_Vol.mm3","needs_review","unresolved candidate; no retained candidate",1,0,,,"","","",""
"Cercopithecus ascanius","Nucleus_subthalamicus_Vol.mm3","needs_review","unresolved candidate; no retained candidate",1,0,,,"","","",""
"Cercopithecus ascanius","Nucleus_tractus_olfactorius_Vol.mm3","needs_review","unresolved candidate; no retained candidate",1,0,,,"","","",""
"Cercopithecus ascanius","Nucleus_vestibularis_descendens_unilateral_Vol.mm3","needs_review","unresolved candidate; no retained candidate",2,0,,,"","","",""
"Cercopithecus ascanius","Nucleus_vestibularis_lateralis_unilateral_Vol.mm3","needs_review","unresolved candidate; no retained candidate",2,0,,,"","","",""
"Cercopithecus ascanius","Nucleus_vestibularis_medialis_unilateral_Vol.mm3","needs_review","unresolved candidate; no retained candidate",2,0,,,"","","",""
"Cercopithecus ascanius","Nucleus_vestibularis_superior_unilateral_Vol.mm3","needs_review","unresolved candidate; no retained candidate",2,0,,,"","","",""
"Cercopithecus ascanius","Palaeocortex_Vol.mm3","needs_review","unresolved candidate; no retained candidate",1,0,,,"","","",""
"Cercopithecus ascanius","Pallidum_Vol.mm3","needs_review","unresolved candidate; no retained candidate",1,0,,,"","","",""
"Cercopithecus ascanius","Schizo_cortex_Vol.mm3","needs_review","unresolved candidate; no retained candidate",1,0,,,"","","",""
"Cercopithecus ascanius","Septum_Vol.mm3","needs_review","unresolved candidate; no retained candidate",1,0,,,"","","",""
"Cercopithecus ascanius","Striatum_Vol.mm3","needs_review","unresolved candidate; no retained candidate",1,0,,,"","","",""
"Cercopithecus ascanius","Subthalamus_Vol.mm3","needs_review","unresolved candidate; no retained candidate",1,0,,,"","","",""
"Cercopithecus ascanius","Telencephalon_Vol.mm3","needs_review","unresolved candidate; no retained candidate",1,0,,,"","","",""
"Cercopithecus ascanius","Thalamus_Vol.mm3","needs_review","unresolved candidate; no retained candidate",1,0,,,"","","",""
"Cercopithecus ascanius","Total_brain_net_volume_Vol.mm3","needs_review","unresolved candidate; no retained candidate",1,0,,,"","","",""
"Cercopithecus ascanius","Tractus_opticus_Vol.mm3","needs_review","unresolved candidate; no retained candidate",1,0,,,"","","",""
"Cercopithecus ascanius","Ventral_pons_Vol.mm3","needs_review","unresolved candidate; no retained candidate",1,0,,,"","","",""
"Cercopithecus ascanius","Ventricles_Vol.mm3","needs_review","unresolved candidate; no retained candidate",1,0,,,"","","",""
"Cercopithecus mitis","Agranular_insular_cortex_left_Vol.mm3","needs_review","unresolved candidate; no retained candidate",1,0,,,"","","",""
"Cercopithecus mitis","Area_striata_grey_matter_Vol.mm3","needs_review","unresolved candidate; no retained candidate",1,0,,,"","","",""
"Cercopithecus mitis","Area_striata_Vol.mm3","needs_review","unresolved candidate; no retained candidate",2,0,,,"","","",""
"Cercopithecus mitis","Area_striata_white_matter_Vol.mm3","needs_review","unresolved candidate; no retained candidate",1,0,,,"","","",""
"Cercopithecus mitis","Bulbus_olfactorius_accessorius_Vol.mm3","needs_review","unresolved candidate; no retained candidate",1,0,,,"","","",""
"Cercopithecus mitis","Bulbus_olfactorius_Vol.mm3","needs_review","unresolved candidate; no retained candidate",1,0,,,"","","",""
"Cercopithecus mitis","Cerebellar_nuclei_total_Vol.mm3","needs_review","unresolved candidate; no retained candidate",1,0,,,"","","",""
"Cercopithecus mitis","Cerebellum_Vol.mm3","needs_review","unresolved candidate; no retained candidate",1,0,,,"","","",""
"Cercopithecus mitis","Complexus_vestibularis_unilateral_Vol.mm3","needs_review","unresolved candidate; no retained candidate",1,0,,,"","","",""
"Cercopithecus mitis","Corpus_geniculatum_laterale_Vol.mm3","needs_review","unresolved candidate; no retained candidate",3,0,,,"","","",""
"Cercopithecus mitis","Corpus_pineal_Vol.mm3","needs_review","unresolved candidate; no retained candidate",1,0,,,"","","",""
"Cercopithecus mitis","Corpus_subcommissurale_Vol.mm3","needs_review","unresolved candidate; no retained candidate",1,0,,,"","","",""
"Cercopithecus mitis","Corpus_subfornicale_Vol.mm3","needs_review","unresolved candidate; no retained candidate",1,0,,,"","","",""
"Cercopithecus mitis","Diencephalon_Vol.mm3","needs_review","unresolved candidate; no retained candidate",1,0,,,"","","",""
"Cercopithecus mitis","Dysgranular_insular_cortex_left_Vol.mm3","needs_review","unresolved candidate; no retained candidate",1,0,,,"","","",""
"Cercopithecus mitis","Granular_insular_cortex_left_Vol.mm3","needs_review","unresolved candidate; no retained candidate",1,0,,,"","","",""
"Cercopithecus mitis","Hippocampus_Vol.mm3","needs_review","unresolved candidate; no retained candidate",1,0,,,"","","",""
"Cercopithecus mitis","Insula_left_Vol.mm3","needs_review","unresolved candidate; no retained candidate",1,0,,,"","","",""
"Cercopithecus mitis","Interpositus_cerebellar_nuclei_Vol.mm3","needs_review","unresolved candidate; no retained candidate",1,0,,,"","","",""
"Cercopithecus mitis","Lateral_cerebellar_nuclei_Vol.mm3","needs_review","unresolved candidate; no retained candidate",1,0,,,"","","",""
"Cercopithecus mitis","Lobus_piriformis_Vol.mm3","needs_review","unresolved candidate; no retained candidate",1,0,,,"","","",""
"Cercopithecus mitis","Medial_cerebellar_nuclei_Vol.mm3","needs_review","unresolved candidate; no retained candidate",1,0,,,"","","",""
"Cercopithecus mitis","Medulla_oblongata_Vol.mm3","needs_review","unresolved candidate; no retained candidate",1,0,,,"","","",""
"Cercopithecus mitis","Mesencephalon_Vol.mm3","needs_review","unresolved candidate; no retained candidate",1,0,,,"","","",""
"Cercopithecus mitis","Neocortex_Vol.mm3","needs_review","unresolved candidate; no retained candidate",1,0,,,"","","",""
"Cercopithecus mitis","Nucleus_habenularis_medialis_Vol.mm3","needs_review","unresolved candidate; no retained candidate",1,0,,,"","","",""
"Cercopithecus mitis","Nucleus_septalis_triangularis_Vol.mm3","needs_review","unresolved candidate; no retained candidate",1,0,,,"","","",""
"Cercopithecus mitis","Nucleus_vestibularis_descendens_unilateral_Vol.mm3","needs_review","unresolved candidate; no retained candidate",1,0,,,"","","",""
"Cercopithecus mitis","Nucleus_vestibularis_lateralis_unilateral_Vol.mm3","needs_review","unresolved candidate; no retained candidate",1,0,,,"","","",""
"Cercopithecus mitis","Nucleus_vestibularis_medialis_unilateral_Vol.mm3","needs_review","unresolved candidate; no retained candidate",1,0,,,"","","",""
"Cercopithecus mitis","Nucleus_vestibularis_superior_unilateral_Vol.mm3","needs_review","unresolved candidate; no retained candidate",1,0,,,"","","",""
"Cercopithecus mitis","Schizo_cortex_Vol.mm3","needs_review","unresolved candidate; no retained candidate",1,0,,,"","","",""
"Cercopithecus mitis","Septum_Vol.mm3","needs_review","unresolved candidate; no retained candidate",1,0,,,"","","",""
"Cercopithecus mitis","Striatum_Vol.mm3","needs_review","unresolved candidate; no retained candidate",1,0,,,"","","",""
"Cercopithecus mitis","Telencephalon_Vol.mm3","needs_review","unresolved candidate; no retained candidate",1,0,,,"","","",""
"Cercopithecus mitis","Total_brain_net_volume_Vol.mm3","needs_review","unresolved candidate; no retained candidate",2,0,,,"","","",""
"Cercopithecus mitis","Ventral_pons_Vol.mm3","needs_review","unresolved candidate; no retained candidate",1,0,,,"","","",""
"Cercopithecus mitis","Ventricles_Vol.mm3","needs_review","unresolved candidate; no retained candidate",1,0,,,"","","",""
"Cheirogaleus major","Amygdala_Vol.mm3","needs_review","unresolved candidate; no retained candidate",1,0,,,"","","",""
"Cheirogaleus major","Area_striata_grey_matter_Vol.mm3","needs_review","unresolved candidate; no retained candidate",1,0,,,"","","",""
"Cheirogaleus major","Area_striata_Vol.mm3","needs_review","unresolved candidate; no retained candidate",2,0,,,"","","",""
"Cheirogaleus major","Area_striata_white_matter_Vol.mm3","needs_review","unresolved candidate; no retained candidate",1,0,,,"","","",""
"Cheirogaleus major","Bulbus_olfactorius_accessorius_Vol.mm3","needs_review","unresolved candidate; no retained candidate",1,0,,,"","","",""
"Cheirogaleus major","Bulbus_olfactorius_Vol.mm3","needs_review","unresolved candidate; no retained candidate",1,0,,,"","","",""
"Cheirogaleus major","Capsula_interna_Vol.mm3","needs_review","unresolved candidate; no retained candidate",1,0,,,"","","",""
"Cheirogaleus major","Cerebellar_nuclei_total_Vol.mm3","needs_review","unresolved candidate; no retained candidate",1,0,,,"","","",""
"Cheirogaleus major","Cerebellum_Vol.mm3","needs_review","unresolved candidate; no retained candidate",1,0,,,"","","",""
"Cheirogaleus major","Complexus_centromedialis_Vol.mm3","needs_review","unresolved candidate; no retained candidate",1,0,,,"","","",""
"Cheirogaleus major","Complexus_corticobasolateralis_Vol.mm3","needs_review","unresolved candidate; no retained candidate",1,0,,,"","","",""
"Cheirogaleus major","Complexus_vestibularis_unilateral_Vol.mm3","needs_review","unresolved candidate; no retained candidate",2,0,,,"","","",""
"Cheirogaleus major","Corpus_geniculatum_laterale_Vol.mm3","needs_review","unresolved candidate; no retained candidate",2,0,,,"","","",""
"Cheirogaleus major","Corpus_pineal_Vol.mm3","needs_review","unresolved candidate; no retained candidate",1,0,,,"","","",""
"Cheirogaleus major","Corpus_subcommissurale_Vol.mm3","needs_review","unresolved candidate; no retained candidate",1,0,,,"","","",""
"Cheirogaleus major","Corpus_subfornicale_Vol.mm3","needs_review","unresolved candidate; no retained candidate",1,0,,,"","","",""
"Cheirogaleus major","Diencephalon_Vol.mm3","needs_review","unresolved candidate; no retained candidate",1,0,,,"","","",""
"Cheirogaleus major","Epithalamus_Vol.mm3","needs_review","unresolved candidate; no retained candidate",1,0,,,"","","",""
"Cheirogaleus major","Hippocampus_Vol.mm3","needs_review","unresolved candidate; no retained candidate",1,0,,,"","","",""
"Cheirogaleus major","Hypothalamus_Vol.mm3","needs_review","unresolved candidate; no retained candidate",1,0,,,"","","",""
"Cheirogaleus major","Interpositus_cerebellar_nuclei_Vol.mm3","needs_review","unresolved candidate; no retained candidate",1,0,,,"","","",""
"Cheirogaleus major","Lateral_cerebellar_nuclei_Vol.mm3","needs_review","unresolved candidate; no retained candidate",1,0,,,"","","",""
"Cheirogaleus major","Lobus_piriformis_Vol.mm3","needs_review","unresolved candidate; no retained candidate",1,0,,,"","","",""
"Cheirogaleus major","Medial_cerebellar_nuclei_Vol.mm3","needs_review","unresolved candidate; no retained candidate",1,0,,,"","","",""
"Cheirogaleus major","Medulla_oblongata_Vol.mm3","needs_review","unresolved candidate; no retained candidate",1,0,,,"","","",""
"Cheirogaleus major","Mesencephalon_Vol.mm3","needs_review","unresolved candidate; no retained candidate",1,0,,,"","","",""
"Cheirogaleus major","Neocortex_Vol.mm3","needs_review","unresolved candidate; no retained candidate",1,0,,,"","","",""
"Cheirogaleus major","Nucleus_amygdalae_basalis_pars_magnocellularis_Vol.mm3","needs_review","unresolved candidate; no retained candidate",1,0,,,"","","",""
"Cheirogaleus major","Nucleus_habenularis_medialis_Vol.mm3","needs_review","unresolved candidate; no retained candidate",1,0,,,"","","",""
"Cheirogaleus major","Nucleus_septalis_triangularis_Vol.mm3","needs_review","unresolved candidate; no retained candidate",1,0,,,"","","",""
"Cheirogaleus major","Nucleus_subthalamicus_Vol.mm3","needs_review","unresolved candidate; no retained candidate",1,0,,,"","","",""
"Cheirogaleus major","Nucleus_tractus_olfactorius_Vol.mm3","needs_review","unresolved candidate; no retained candidate",1,0,,,"","","",""
"Cheirogaleus major","Nucleus_vestibularis_descendens_unilateral_Vol.mm3","needs_review","unresolved candidate; no retained candidate",2,0,,,"","","",""
"Cheirogaleus major","Nucleus_vestibularis_lateralis_unilateral_Vol.mm3","needs_review","unresolved candidate; no retained candidate",2,0,,,"","","",""
"Cheirogaleus major","Nucleus_vestibularis_medialis_unilateral_Vol.mm3","needs_review","unresolved candidate; no retained candidate",2,0,,,"","","",""
"Cheirogaleus major","Nucleus_vestibularis_superior_unilateral_Vol.mm3","needs_review","unresolved candidate; no retained candidate",2,0,,,"","","",""
"Cheirogaleus major","Palaeocortex_Vol.mm3","needs_review","unresolved candidate; no retained candidate",1,0,,,"","","",""
"Cheirogaleus major","Pallidum_Vol.mm3","needs_review","unresolved candidate; no retained candidate",1,0,,,"","","",""
"Cheirogaleus major","Schizo_cortex_Vol.mm3","needs_review","unresolved candidate; no retained candidate",1,0,,,"","","",""
"Cheirogaleus major","Septum_Vol.mm3","needs_review","unresolved candidate; no retained candidate",1,0,,,"","","",""
"Cheirogaleus major","Striatum_Vol.mm3","needs_review","unresolved candidate; no retained candidate",1,0,,,"","","",""
"Cheirogaleus major","Subthalamus_Vol.mm3","needs_review","unresolved candidate; no retained candidate",1,0,,,"","","",""
"Cheirogaleus major","Telencephalon_Vol.mm3","needs_review","unresolved candidate; no retained candidate",1,0,,,"","","",""
"Cheirogaleus major","Thalamus_Vol.mm3","needs_review","unresolved candidate; no retained candidate",1,0,,,"","","",""
"Cheirogaleus major","Total_brain_net_volume_Vol.mm3","needs_review","unresolved candidate; no retained candidate",1,0,,,"","","",""
"Cheirogaleus major","Tractus_opticus_Vol.mm3","needs_review","unresolved candidate; no retained candidate",1,0,,,"","","",""
"Cheirogaleus major","Ventral_pons_Vol.mm3","needs_review","unresolved candidate; no retained candidate",1,0,,,"","","",""
"Cheirogaleus major","Ventricles_Vol.mm3","needs_review","unresolved candidate; no retained candidate",1,0,,,"","","",""
"Cheirogaleus medius","Amygdala_Vol.mm3","needs_review","unresolved candidate; no retained candidate",1,0,,,"","","",""
"Cheirogaleus medius","Area_striata_grey_matter_Vol.mm3","needs_review","unresolved candidate; no retained candidate",1,0,,,"","","",""
"Cheirogaleus medius","Area_striata_Vol.mm3","needs_review","unresolved candidate; no retained candidate",2,0,,,"","","",""
"Cheirogaleus medius","Area_striata_white_matter_Vol.mm3","needs_review","unresolved candidate; no retained candidate",1,0,,,"","","",""
"Cheirogaleus medius","Bulbus_olfactorius_accessorius_Vol.mm3","needs_review","unresolved candidate; no retained candidate",1,0,,,"","","",""
"Cheirogaleus medius","Bulbus_olfactorius_Vol.mm3","needs_review","unresolved candidate; no retained candidate",1,0,,,"","","",""
"Cheirogaleus medius","Cerebellar_nuclei_total_Vol.mm3","needs_review","unresolved candidate; no retained candidate",1,0,,,"","","",""
"Cheirogaleus medius","Cerebellum_Vol.mm3","needs_review","unresolved candidate; no retained candidate",1,0,,,"","","",""
"Cheirogaleus medius","Complexus_centromedialis_Vol.mm3","needs_review","unresolved candidate; no retained candidate",1,0,,,"","","",""
"Cheirogaleus medius","Complexus_corticobasolateralis_Vol.mm3","needs_review","unresolved candidate; no retained candidate",1,0,,,"","","",""
"Cheirogaleus medius","Complexus_vestibularis_unilateral_Vol.mm3","needs_review","unresolved candidate; no retained candidate",1,0,,,"","","",""
"Cheirogaleus medius","Corpus_geniculatum_laterale_Vol.mm3","needs_review","unresolved candidate; no retained candidate",2,0,,,"","","",""
"Cheirogaleus medius","Corpus_pineal_Vol.mm3","needs_review","unresolved candidate; no retained candidate",1,0,,,"","","",""
"Cheirogaleus medius","Corpus_subcommissurale_Vol.mm3","needs_review","unresolved candidate; no retained candidate",1,0,,,"","","",""
"Cheirogaleus medius","Corpus_subfornicale_Vol.mm3","needs_review","unresolved candidate; no retained candidate",1,0,,,"","","",""
"Cheirogaleus medius","Diencephalon_Vol.mm3","needs_review","unresolved candidate; no retained candidate",1,0,,,"","","",""
"Cheirogaleus medius","Hippocampus_Vol.mm3","needs_review","unresolved candidate; no retained candidate",1,0,,,"","","",""
"Cheirogaleus medius","Interpositus_cerebellar_nuclei_Vol.mm3","needs_review","unresolved candidate; no retained candidate",1,0,,,"","","",""
"Cheirogaleus medius","Lateral_cerebellar_nuclei_Vol.mm3","needs_review","unresolved candidate; no retained candidate",1,0,,,"","","",""
"Cheirogaleus medius","Lobus_piriformis_Vol.mm3","needs_review","unresolved candidate; no retained candidate",1,0,,,"","","",""
"Cheirogaleus medius","Medial_cerebellar_nuclei_Vol.mm3","needs_review","unresolved candidate; no retained candidate",1,0,,,"","","",""
"Cheirogaleus medius","Medulla_oblongata_Vol.mm3","needs_review","unresolved candidate; no retained candidate",1,0,,,"","","",""
"Cheirogaleus medius","Mesencephalon_Vol.mm3","needs_review","unresolved candidate; no retained candidate",1,0,,,"","","",""
"Cheirogaleus medius","Neocortex_Vol.mm3","needs_review","unresolved candidate; no retained candidate",1,0,,,"","","",""
"Cheirogaleus medius","Nucleus_habenularis_medialis_Vol.mm3","needs_review","unresolved candidate; no retained candidate",1,0,,,"","","",""
"Cheirogaleus medius","Nucleus_septalis_triangularis_Vol.mm3","needs_review","unresolved candidate; no retained candidate",1,0,,,"","","",""
"Cheirogaleus medius","Nucleus_tractus_olfactorius_Vol.mm3","needs_review","unresolved candidate; no retained candidate",1,0,,,"","","",""
"Cheirogaleus medius","Nucleus_vestibularis_descendens_unilateral_Vol.mm3","needs_review","unresolved candidate; no retained candidate",1,0,,,"","","",""
"Cheirogaleus medius","Nucleus_vestibularis_lateralis_unilateral_Vol.mm3","needs_review","unresolved candidate; no retained candidate",1,0,,,"","","",""
"Cheirogaleus medius","Nucleus_vestibularis_medialis_unilateral_Vol.mm3","needs_review","unresolved candidate; no retained candidate",1,0,,,"","","",""
"Cheirogaleus medius","Nucleus_vestibularis_superior_unilateral_Vol.mm3","needs_review","unresolved candidate; no retained candidate",1,0,,,"","","",""
"Cheirogaleus medius","Palaeocortex_Vol.mm3","needs_review","unresolved candidate; no retained candidate",1,0,,,"","","",""
"Cheirogaleus medius","Schizo_cortex_Vol.mm3","needs_review","unresolved candidate; no retained candidate",1,0,,,"","","",""
"Cheirogaleus medius","Septum_Vol.mm3","needs_review","unresolved candidate; no retained candidate",1,0,,,"","","",""
"Cheirogaleus medius","Striatum_Vol.mm3","needs_review","unresolved candidate; no retained candidate",1,0,,,"","","",""
"Cheirogaleus medius","Telencephalon_Vol.mm3","needs_review","unresolved candidate; no retained candidate",1,0,,,"","","",""
"Cheirogaleus medius","Total_brain_net_volume_Vol.mm3","needs_review","unresolved candidate; no retained candidate",1,0,,,"","","",""
"Cheirogaleus medius","Ventral_pons_Vol.mm3","needs_review","unresolved candidate; no retained candidate",1,0,,,"","","",""
"Cheirogaleus medius","Ventricles_Vol.mm3","needs_review","unresolved candidate; no retained candidate",1,0,,,"","","",""
"Colobus angolensis","Agranular_insular_cortex_left_Vol.mm3","needs_review","unresolved candidate; no retained candidate",1,0,,,"","","",""
"Colobus angolensis","Corpus_geniculatum_laterale_Vol.mm3","needs_review","unresolved candidate; no retained candidate",1,0,,,"","","",""
"Colobus angolensis","Dysgranular_insular_cortex_left_Vol.mm3","needs_review","unresolved candidate; no retained candidate",1,0,,,"","","",""
"Colobus angolensis","Granular_insular_cortex_left_Vol.mm3","needs_review","unresolved candidate; no retained candidate",1,0,,,"","","",""
"Colobus angolensis","Insula_left_Vol.mm3","needs_review","unresolved candidate; no retained candidate",1,0,,,"","","",""
"Colobus angolensis","Total_brain_net_volume_Vol.mm3","needs_review","unresolved candidate; no retained candidate",1,0,,,"","","",""
"Daubentonia madagascariensis","Amygdala_Vol.mm3","needs_review","unresolved candidate; no retained candidate",1,0,,,"","","",""
"Daubentonia madagascariensis","Area_striata_grey_matter_Vol.mm3","needs_review","unresolved candidate; no retained candidate",1,0,,,"","","",""
"Daubentonia madagascariensis","Area_striata_lamina_1_Vol.mm3","needs_review","unresolved candidate; no retained candidate",1,0,,,"","","",""
"Daubentonia madagascariensis","Area_striata_laminae_2_6_Vol.mm3","needs_review","unresolved candidate; no retained candidate",1,0,,,"","","",""
"Daubentonia madagascariensis","Area_striata_Vol.mm3","needs_review","unresolved candidate; no retained candidate",2,0,,,"","","",""
"Daubentonia madagascariensis","Area_striata_white_matter_Vol.mm3","needs_review","unresolved candidate; no retained candidate",1,0,,,"","","",""
"Daubentonia madagascariensis","Bulbus_olfactorius_accessorius_Vol.mm3","needs_review","unresolved candidate; no retained candidate",1,0,,,"","","",""
"Daubentonia madagascariensis","Bulbus_olfactorius_Vol.mm3","needs_review","unresolved candidate; no retained candidate",1,0,,,"","","",""
"Daubentonia madagascariensis","Cerebellar_nuclei_total_Vol.mm3","needs_review","unresolved candidate; no retained candidate",1,0,,,"","","",""
"Daubentonia madagascariensis","Cerebellum_Vol.mm3","needs_review","unresolved candidate; no retained candidate",1,0,,,"","","",""
"Daubentonia madagascariensis","Complexus_centromedialis_Vol.mm3","needs_review","unresolved candidate; no retained candidate",1,0,,,"","","",""
"Daubentonia madagascariensis","Complexus_corticobasolateralis_Vol.mm3","needs_review","unresolved candidate; no retained candidate",1,0,,,"","","",""
"Daubentonia madagascariensis","Complexus_vestibularis_unilateral_Vol.mm3","needs_review","unresolved candidate; no retained candidate",1,0,,,"","","",""
"Daubentonia madagascariensis","Corpus_geniculatum_laterale_Vol.mm3","needs_review","unresolved candidate; no retained candidate",2,0,,,"","","",""
"Daubentonia madagascariensis","Corpus_pineal_Vol.mm3","needs_review","unresolved candidate; no retained candidate",1,0,,,"","","",""
"Daubentonia madagascariensis","Corpus_subcommissurale_Vol.mm3","needs_review","unresolved candidate; no retained candidate",1,0,,,"","","",""
"Daubentonia madagascariensis","Corpus_subfornicale_Vol.mm3","needs_review","unresolved candidate; no retained candidate",1,0,,,"","","",""
"Daubentonia madagascariensis","Diencephalon_Vol.mm3","needs_review","unresolved candidate; no retained candidate",1,0,,,"","","",""
"Daubentonia madagascariensis","Hippocampus_Vol.mm3","needs_review","unresolved candidate; no retained candidate",1,0,,,"","","",""
"Daubentonia madagascariensis","Interpositus_cerebellar_nuclei_Vol.mm3","needs_review","unresolved candidate; no retained candidate",1,0,,,"","","",""
"Daubentonia madagascariensis","Lateral_cerebellar_nuclei_Vol.mm3","needs_review","unresolved candidate; no retained candidate",1,0,,,"","","",""
"Daubentonia madagascariensis","Lobus_piriformis_Vol.mm3","needs_review","unresolved candidate; no retained candidate",1,0,,,"","","",""
"Daubentonia madagascariensis","Medial_cerebellar_nuclei_Vol.mm3","needs_review","unresolved candidate; no retained candidate",1,0,,,"","","",""
"Daubentonia madagascariensis","Medulla_oblongata_Vol.mm3","needs_review","unresolved candidate; no retained candidate",1,0,,,"","","",""
"Daubentonia madagascariensis","Mesencephalon_Vol.mm3","needs_review","unresolved candidate; no retained candidate",1,0,,,"","","",""
"Daubentonia madagascariensis","Neocortex_grey_matter_Vol.mm3","needs_review","unresolved candidate; no retained candidate",1,0,,,"","","",""
"Daubentonia madagascariensis","Neocortex_lamina_1_Vol.mm3","needs_review","unresolved candidate; no retained candidate",1,0,,,"","","",""
"Daubentonia madagascariensis","Neocortex_laminae_2_6_Vol.mm3","needs_review","unresolved candidate; no retained candidate",1,0,,,"","","",""
"Daubentonia madagascariensis","Neocortex_Vol.mm3","needs_review","unresolved candidate; no retained candidate",2,0,,,"","","",""
"Daubentonia madagascariensis","Neocortex_white_matter_Vol.mm3","needs_review","unresolved candidate; no retained candidate",1,0,,,"","","",""
"Daubentonia madagascariensis","Nucleus_amygdalae_basalis_pars_magnocellularis_Vol.mm3","needs_review","unresolved candidate; no retained candidate",1,0,,,"","","",""
"Daubentonia madagascariensis","Nucleus_habenularis_medialis_Vol.mm3","needs_review","unresolved candidate; no retained candidate",1,0,,,"","","",""
"Daubentonia madagascariensis","Nucleus_septalis_triangularis_Vol.mm3","needs_review","unresolved candidate; no retained candidate",1,0,,,"","","",""
"Daubentonia madagascariensis","Nucleus_tractus_olfactorius_Vol.mm3","needs_review","unresolved candidate; no retained candidate",1,0,,,"","","",""
"Daubentonia madagascariensis","Nucleus_vestibularis_descendens_unilateral_Vol.mm3","needs_review","unresolved candidate; no retained candidate",1,0,,,"","","",""
"Daubentonia madagascariensis","Nucleus_vestibularis_lateralis_unilateral_Vol.mm3","needs_review","unresolved candidate; no retained candidate",1,0,,,"","","",""
"Daubentonia madagascariensis","Nucleus_vestibularis_medialis_unilateral_Vol.mm3","needs_review","unresolved candidate; no retained candidate",1,0,,,"","","",""
"Daubentonia madagascariensis","Nucleus_vestibularis_superior_unilateral_Vol.mm3","needs_review","unresolved candidate; no retained candidate",1,0,,,"","","",""
"Daubentonia madagascariensis","Palaeocortex_Vol.mm3","needs_review","unresolved candidate; no retained candidate",1,0,,,"","","",""
"Daubentonia madagascariensis","Schizo_cortex_Vol.mm3","needs_review","unresolved candidate; no retained candidate",1,0,,,"","","",""
"Daubentonia madagascariensis","Septum_Vol.mm3","needs_review","unresolved candidate; no retained candidate",1,0,,,"","","",""
"Daubentonia madagascariensis","Striatum_Vol.mm3","needs_review","unresolved candidate; no retained candidate",1,0,,,"","","",""
"Daubentonia madagascariensis","Telencephalon_Vol.mm3","needs_review","unresolved candidate; no retained candidate",1,0,,,"","","",""
"Daubentonia madagascariensis","Total_brain_net_volume_Vol.mm3","needs_review","unresolved candidate; no retained candidate",1,0,,,"","","",""
"Daubentonia madagascariensis","Ventral_pons_Vol.mm3","needs_review","unresolved candidate; no retained candidate",1,0,,,"","","",""
"Daubentonia madagascariensis","Ventricles_Vol.mm3","needs_review","unresolved candidate; no retained candidate",1,0,,,"","","",""
"Erythrocebus patas","Bulbus_olfactorius_accessorius_Vol.mm3","needs_review","unresolved candidate; no retained candidate",1,0,,,"","","",""
"Erythrocebus patas","Bulbus_olfactorius_Vol.mm3","needs_review","unresolved candidate; no retained candidate",1,0,,,"","","",""
"Erythrocebus patas","Cerebellar_nuclei_total_Vol.mm3","needs_review","unresolved candidate; no retained candidate",1,0,,,"","","",""
"Erythrocebus patas","Cerebellum_Vol.mm3","needs_review","unresolved candidate; no retained candidate",1,0,,,"","","",""
"Erythrocebus patas","Complexus_vestibularis_unilateral_Vol.mm3","needs_review","unresolved candidate; no retained candidate",1,0,,,"","","",""
"Erythrocebus patas","Corpus_geniculatum_laterale_Vol.mm3","needs_review","unresolved candidate; no retained candidate",1,0,,,"","","",""
"Erythrocebus patas","Diencephalon_Vol.mm3","needs_review","unresolved candidate; no retained candidate",1,0,,,"","","",""
"Erythrocebus patas","Hippocampus_Vol.mm3","needs_review","unresolved candidate; no retained candidate",1,0,,,"","","",""
"Erythrocebus patas","Interpositus_cerebellar_nuclei_Vol.mm3","needs_review","unresolved candidate; no retained candidate",1,0,,,"","","",""
"Erythrocebus patas","Lateral_cerebellar_nuclei_Vol.mm3","needs_review","unresolved candidate; no retained candidate",1,0,,,"","","",""
"Erythrocebus patas","Lobus_piriformis_Vol.mm3","needs_review","unresolved candidate; no retained candidate",1,0,,,"","","",""
"Erythrocebus patas","Medial_cerebellar_nuclei_Vol.mm3","needs_review","unresolved candidate; no retained candidate",1,0,,,"","","",""
"Erythrocebus patas","Medulla_oblongata_Vol.mm3","needs_review","unresolved candidate; no retained candidate",1,0,,,"","","",""
"Erythrocebus patas","Mesencephalon_Vol.mm3","needs_review","unresolved candidate; no retained candidate",1,0,,,"","","",""
"Erythrocebus patas","Neocortex_Vol.mm3","needs_review","unresolved candidate; no retained candidate",1,0,,,"","","",""
"Erythrocebus patas","Nucleus_vestibularis_descendens_unilateral_Vol.mm3","needs_review","unresolved candidate; no retained candidate",1,0,,,"","","",""
"Erythrocebus patas","Nucleus_vestibularis_lateralis_unilateral_Vol.mm3","needs_review","unresolved candidate; no retained candidate",1,0,,,"","","",""
"Erythrocebus patas","Nucleus_vestibularis_medialis_unilateral_Vol.mm3","needs_review","unresolved candidate; no retained candidate",1,0,,,"","","",""
"Erythrocebus patas","Nucleus_vestibularis_superior_unilateral_Vol.mm3","needs_review","unresolved candidate; no retained candidate",1,0,,,"","","",""
"Erythrocebus patas","Schizo_cortex_Vol.mm3","needs_review","unresolved candidate; no retained candidate",1,0,,,"","","",""
"Erythrocebus patas","Septum_Vol.mm3","needs_review","unresolved candidate; no retained candidate",1,0,,,"","","",""
"Erythrocebus patas","Striatum_Vol.mm3","needs_review","unresolved candidate; no retained candidate",1,0,,,"","","",""
"Erythrocebus patas","Telencephalon_Vol.mm3","needs_review","unresolved candidate; no retained candidate",1,0,,,"","","",""
"Erythrocebus patas","Total_brain_net_volume_Vol.mm3","needs_review","unresolved candidate; no retained candidate",1,0,,,"","","",""
"Erythrocebus patas","Ventral_pons_Vol.mm3","needs_review","unresolved candidate; no retained candidate",1,0,,,"","","",""
"Erythrocebus patas","Ventricles_Vol.mm3","needs_review","unresolved candidate; no retained candidate",1,0,,,"","","",""
"Eulemur fulvus","Amygdala_Vol.mm3","needs_review","unresolved candidate; no retained candidate",1,0,,,"","","",""
"Eulemur fulvus","Area_striata_grey_matter_Vol.mm3","needs_review","unresolved candidate; no retained candidate",1,0,,,"","","",""
"Eulemur fulvus","Area_striata_lamina_1_Vol.mm3","needs_review","unresolved candidate; no retained candidate",1,0,,,"","","",""
"Eulemur fulvus","Area_striata_laminae_2_6_Vol.mm3","needs_review","unresolved candidate; no retained candidate",1,0,,,"","","",""
"Eulemur fulvus","Area_striata_Vol.mm3","needs_review","unresolved candidate; no retained candidate",2,0,,,"","","",""
"Eulemur fulvus","Area_striata_white_matter_Vol.mm3","needs_review","unresolved candidate; no retained candidate",1,0,,,"","","",""
"Eulemur fulvus","Bulbus_olfactorius_accessorius_Vol.mm3","needs_review","unresolved candidate; no retained candidate",1,0,,,"","","",""
"Eulemur fulvus","Bulbus_olfactorius_Vol.mm3","needs_review","unresolved candidate; no retained candidate",1,0,,,"","","",""
"Eulemur fulvus","Capsula_interna_Vol.mm3","needs_review","unresolved candidate; no retained candidate",1,0,,,"","","",""
"Eulemur fulvus","Cerebellar_nuclei_total_Vol.mm3","needs_review","unresolved candidate; no retained candidate",1,0,,,"","","",""
"Eulemur fulvus","Cerebellum_Vol.mm3","needs_review","unresolved candidate; no retained candidate",1,0,,,"","","",""
"Eulemur fulvus","Complexus_centromedialis_Vol.mm3","needs_review","unresolved candidate; no retained candidate",1,0,,,"","","",""
"Eulemur fulvus","Complexus_corticobasolateralis_Vol.mm3","needs_review","unresolved candidate; no retained candidate",1,0,,,"","","",""
"Eulemur fulvus","Complexus_vestibularis_unilateral_Vol.mm3","needs_review","unresolved candidate; no retained candidate",2,0,,,"","","",""
"Eulemur fulvus","Corpus_geniculatum_laterale_Vol.mm3","needs_review","unresolved candidate; no retained candidate",2,0,,,"","","",""
"Eulemur fulvus","Corpus_pineal_Vol.mm3","needs_review","unresolved candidate; no retained candidate",1,0,,,"","","",""
"Eulemur fulvus","Corpus_subcommissurale_Vol.mm3","needs_review","unresolved candidate; no retained candidate",1,0,,,"","","",""
"Eulemur fulvus","Corpus_subfornicale_Vol.mm3","needs_review","unresolved candidate; no retained candidate",1,0,,,"","","",""
"Eulemur fulvus","Diencephalon_Vol.mm3","needs_review","unresolved candidate; no retained candidate",1,0,,,"","","",""
"Eulemur fulvus","Epithalamus_Vol.mm3","needs_review","unresolved candidate; no retained candidate",1,0,,,"","","",""
"Eulemur fulvus","Hippocampus_Vol.mm3","needs_review","unresolved candidate; no retained candidate",1,0,,,"","","",""
"Eulemur fulvus","Hypothalamus_Vol.mm3","needs_review","unresolved candidate; no retained candidate",1,0,,,"","","",""
"Eulemur fulvus","Interpositus_cerebellar_nuclei_Vol.mm3","needs_review","unresolved candidate; no retained candidate",1,0,,,"","","",""
"Eulemur fulvus","Lateral_cerebellar_nuclei_Vol.mm3","needs_review","unresolved candidate; no retained candidate",1,0,,,"","","",""
"Eulemur fulvus","Lobus_piriformis_Vol.mm3","needs_review","unresolved candidate; no retained candidate",1,0,,,"","","",""
"Eulemur fulvus","Medial_cerebellar_nuclei_Vol.mm3","needs_review","unresolved candidate; no retained candidate",1,0,,,"","","",""
"Eulemur fulvus","Medulla_oblongata_Vol.mm3","needs_review","unresolved candidate; no retained candidate",1,0,,,"","","",""
"Eulemur fulvus","Mesencephalon_Vol.mm3","needs_review","unresolved candidate; no retained candidate",1,0,,,"","","",""
"Eulemur fulvus","Neocortex_grey_matter_Vol.mm3","needs_review","unresolved candidate; no retained candidate",1,0,,,"","","",""
"Eulemur fulvus","Neocortex_lamina_1_Vol.mm3","needs_review","unresolved candidate; no retained candidate",1,0,,,"","","",""
"Eulemur fulvus","Neocortex_laminae_2_6_Vol.mm3","needs_review","unresolved candidate; no retained candidate",1,0,,,"","","",""
"Eulemur fulvus","Neocortex_Vol.mm3","needs_review","unresolved candidate; no retained candidate",2,0,,,"","","",""
"Eulemur fulvus","Neocortex_white_matter_Vol.mm3","needs_review","unresolved candidate; no retained candidate",1,0,,,"","","",""
"Eulemur fulvus","Nucleus_amygdalae_basalis_pars_magnocellularis_Vol.mm3","needs_review","unresolved candidate; no retained candidate",1,0,,,"","","",""
"Eulemur fulvus","Nucleus_habenularis_medialis_Vol.mm3","needs_review","unresolved candidate; no retained candidate",1,0,,,"","","",""
"Eulemur fulvus","Nucleus_septalis_triangularis_Vol.mm3","needs_review","unresolved candidate; no retained candidate",1,0,,,"","","",""
"Eulemur fulvus","Nucleus_subthalamicus_Vol.mm3","needs_review","unresolved candidate; no retained candidate",1,0,,,"","","",""
"Eulemur fulvus","Nucleus_tractus_olfactorius_Vol.mm3","needs_review","unresolved candidate; no retained candidate",1,0,,,"","","",""
"Eulemur fulvus","Nucleus_vestibularis_descendens_unilateral_Vol.mm3","needs_review","unresolved candidate; no retained candidate",2,0,,,"","","",""
"Eulemur fulvus","Nucleus_vestibularis_lateralis_unilateral_Vol.mm3","needs_review","unresolved candidate; no retained candidate",2,0,,,"","","",""
"Eulemur fulvus","Nucleus_vestibularis_medialis_unilateral_Vol.mm3","needs_review","unresolved candidate; no retained candidate",2,0,,,"","","",""
"Eulemur fulvus","Nucleus_vestibularis_superior_unilateral_Vol.mm3","needs_review","unresolved candidate; no retained candidate",2,0,,,"","","",""
"Eulemur fulvus","Palaeocortex_Vol.mm3","needs_review","unresolved candidate; no retained candidate",1,0,,,"","","",""
"Eulemur fulvus","Pallidum_Vol.mm3","needs_review","unresolved candidate; no retained candidate",1,0,,,"","","",""
"Eulemur fulvus","Schizo_cortex_Vol.mm3","needs_review","unresolved candidate; no retained candidate",1,0,,,"","","",""
"Eulemur fulvus","Septum_Vol.mm3","needs_review","unresolved candidate; no retained candidate",1,0,,,"","","",""
"Eulemur fulvus","Striatum_Vol.mm3","needs_review","unresolved candidate; no retained candidate",1,0,,,"","","",""
"Eulemur fulvus","Subthalamus_Vol.mm3","needs_review","unresolved candidate; no retained candidate",1,0,,,"","","",""
"Eulemur fulvus","Telencephalon_Vol.mm3","needs_review","unresolved candidate; no retained candidate",1,0,,,"","","",""
"Eulemur fulvus","Thalamus_Vol.mm3","needs_review","unresolved candidate; no retained candidate",1,0,,,"","","",""
"Eulemur fulvus","Total_brain_net_volume_Vol.mm3","needs_review","unresolved candidate; no retained candidate",1,0,,,"","","",""
"Eulemur fulvus","Tractus_opticus_Vol.mm3","needs_review","unresolved candidate; no retained candidate",1,0,,,"","","",""
"Eulemur fulvus","Ventral_pons_Vol.mm3","needs_review","unresolved candidate; no retained candidate",1,0,,,"","","",""
"Eulemur fulvus","Ventricles_Vol.mm3","needs_review","unresolved candidate; no retained candidate",1,0,,,"","","",""
"Galago senegalensis","Area_striata_grey_matter_Vol.mm3","needs_review","unresolved candidate; no retained candidate",1,0,,,"","","",""
"Galago senegalensis","Area_striata_Vol.mm3","needs_review","unresolved candidate; no retained candidate",2,0,,,"","","",""
"Galago senegalensis","Area_striata_white_matter_Vol.mm3","needs_review","unresolved candidate; no retained candidate",1,0,,,"","","",""
"Galago senegalensis","Bulbus_olfactorius_accessorius_Vol.mm3","needs_review","unresolved candidate; no retained candidate",1,0,,,"","","",""
"Galago senegalensis","Bulbus_olfactorius_Vol.mm3","needs_review","unresolved candidate; no retained candidate",1,0,,,"","","",""
"Galago senegalensis","Cerebellar_nuclei_total_Vol.mm3","needs_review","unresolved candidate; no retained candidate",1,0,,,"","","",""
"Galago senegalensis","Cerebellum_Vol.mm3","needs_review","unresolved candidate; no retained candidate",1,0,,,"","","",""
"Galago senegalensis","Complexus_vestibularis_unilateral_Vol.mm3","needs_review","unresolved candidate; no retained candidate",1,0,,,"","","",""
"Galago senegalensis","Corpus_geniculatum_laterale_Vol.mm3","needs_review","unresolved candidate; no retained candidate",2,0,,,"","","",""
"Galago senegalensis","Corpus_pineal_Vol.mm3","needs_review","unresolved candidate; no retained candidate",1,0,,,"","","",""
"Galago senegalensis","Corpus_subcommissurale_Vol.mm3","needs_review","unresolved candidate; no retained candidate",1,0,,,"","","",""
"Galago senegalensis","Corpus_subfornicale_Vol.mm3","needs_review","unresolved candidate; no retained candidate",1,0,,,"","","",""
"Galago senegalensis","Diencephalon_Vol.mm3","needs_review","unresolved candidate; no retained candidate",1,0,,,"","","",""
"Galago senegalensis","Hippocampus_Vol.mm3","needs_review","unresolved candidate; no retained candidate",1,0,,,"","","",""
"Galago senegalensis","Interpositus_cerebellar_nuclei_Vol.mm3","needs_review","unresolved candidate; no retained candidate",1,0,,,"","","",""
"Galago senegalensis","Lateral_cerebellar_nuclei_Vol.mm3","needs_review","unresolved candidate; no retained candidate",1,0,,,"","","",""
"Galago senegalensis","Lobus_piriformis_Vol.mm3","needs_review","unresolved candidate; no retained candidate",1,0,,,"","","",""
"Galago senegalensis","Medial_cerebellar_nuclei_Vol.mm3","needs_review","unresolved candidate; no retained candidate",1,0,,,"","","",""
"Galago senegalensis","Medulla_oblongata_Vol.mm3","needs_review","unresolved candidate; no retained candidate",1,0,,,"","","",""
"Galago senegalensis","Mesencephalon_Vol.mm3","needs_review","unresolved candidate; no retained candidate",1,0,,,"","","",""
"Galago senegalensis","Neocortex_Vol.mm3","needs_review","unresolved candidate; no retained candidate",1,0,,,"","","",""
"Galago senegalensis","Nucleus_habenularis_medialis_Vol.mm3","needs_review","unresolved candidate; no retained candidate",1,0,,,"","","",""
"Galago senegalensis","Nucleus_septalis_triangularis_Vol.mm3","needs_review","unresolved candidate; no retained candidate",1,0,,,"","","",""
"Galago senegalensis","Nucleus_vestibularis_descendens_unilateral_Vol.mm3","needs_review","unresolved candidate; no retained candidate",1,0,,,"","","",""
"Galago senegalensis","Nucleus_vestibularis_lateralis_unilateral_Vol.mm3","needs_review","unresolved candidate; no retained candidate",1,0,,,"","","",""
"Galago senegalensis","Nucleus_vestibularis_medialis_unilateral_Vol.mm3","needs_review","unresolved candidate; no retained candidate",1,0,,,"","","",""
"Galago senegalensis","Nucleus_vestibularis_superior_unilateral_Vol.mm3","needs_review","unresolved candidate; no retained candidate",1,0,,,"","","",""
"Galago senegalensis","Schizo_cortex_Vol.mm3","needs_review","unresolved candidate; no retained candidate",1,0,,,"","","",""
"Galago senegalensis","Septum_Vol.mm3","needs_review","unresolved candidate; no retained candidate",1,0,,,"","","",""
"Galago senegalensis","Striatum_Vol.mm3","needs_review","unresolved candidate; no retained candidate",1,0,,,"","","",""
"Galago senegalensis","Telencephalon_Vol.mm3","needs_review","unresolved candidate; no retained candidate",1,0,,,"","","",""
"Galago senegalensis","Total_brain_net_volume_Vol.mm3","needs_review","unresolved candidate; no retained candidate",1,0,,,"","","",""
"Galago senegalensis","Ventral_pons_Vol.mm3","needs_review","unresolved candidate; no retained candidate",1,0,,,"","","",""
"Galago senegalensis","Ventricles_Vol.mm3","needs_review","unresolved candidate; no retained candidate",1,0,,,"","","",""
"Galagoides demidoff","Agranular_insular_cortex_left_Vol.mm3","needs_review","unresolved candidate; no retained candidate",1,0,,,"","","",""
"Galagoides demidoff","Amygdala_Vol.mm3","needs_review","unresolved candidate; no retained candidate",1,0,,,"","","",""
"Galagoides demidoff","Area_striata_grey_matter_Vol.mm3","needs_review","unresolved candidate; no retained candidate",1,0,,,"","","",""
"Galagoides demidoff","Area_striata_lamina_1_Vol.mm3","needs_review","unresolved candidate; no retained candidate",1,0,,,"","","",""
"Galagoides demidoff","Area_striata_laminae_2_6_Vol.mm3","needs_review","unresolved candidate; no retained candidate",1,0,,,"","","",""
"Galagoides demidoff","Area_striata_Vol.mm3","needs_review","unresolved candidate; no retained candidate",2,0,,,"","","",""
"Galagoides demidoff","Area_striata_white_matter_Vol.mm3","needs_review","unresolved candidate; no retained candidate",1,0,,,"","","",""
"Galagoides demidoff","Bulbus_olfactorius_accessorius_Vol.mm3","needs_review","unresolved candidate; no retained candidate",1,0,,,"","","",""
"Galagoides demidoff","Bulbus_olfactorius_Vol.mm3","needs_review","unresolved candidate; no retained candidate",1,0,,,"","","",""
"Galagoides demidoff","Capsula_interna_Vol.mm3","needs_review","unresolved candidate; no retained candidate",1,0,,,"","","",""
"Galagoides demidoff","Cerebellar_nuclei_total_Vol.mm3","needs_review","unresolved candidate; no retained candidate",1,0,,,"","","",""
"Galagoides demidoff","Cerebellum_Vol.mm3","needs_review","unresolved candidate; no retained candidate",1,0,,,"","","",""
"Galagoides demidoff","Complexus_centromedialis_Vol.mm3","needs_review","unresolved candidate; no retained candidate",1,0,,,"","","",""
"Galagoides demidoff","Complexus_corticobasolateralis_Vol.mm3","needs_review","unresolved candidate; no retained candidate",1,0,,,"","","",""
"Galagoides demidoff","Complexus_vestibularis_unilateral_Vol.mm3","needs_review","unresolved candidate; no retained candidate",2,0,,,"","","",""
"Galagoides demidoff","Corpus_geniculatum_laterale_Vol.mm3","needs_review","unresolved candidate; no retained candidate",2,0,,,"","","",""
"Galagoides demidoff","Corpus_pineal_Vol.mm3","needs_review","unresolved candidate; no retained candidate",1,0,,,"","","",""
"Galagoides demidoff","Corpus_subcommissurale_Vol.mm3","needs_review","unresolved candidate; no retained candidate",1,0,,,"","","",""
"Galagoides demidoff","Corpus_subfornicale_Vol.mm3","needs_review","unresolved candidate; no retained candidate",1,0,,,"","","",""
"Galagoides demidoff","Diencephalon_Vol.mm3","needs_review","unresolved candidate; no retained candidate",1,0,,,"","","",""
"Galagoides demidoff","Dysgranular_insular_cortex_left_Vol.mm3","needs_review","unresolved candidate; no retained candidate",1,0,,,"","","",""
"Galagoides demidoff","Epithalamus_Vol.mm3","needs_review","unresolved candidate; no retained candidate",1,0,,,"","","",""
"Galagoides demidoff","Granular_insular_cortex_left_Vol.mm3","needs_review","unresolved candidate; no retained candidate",1,0,,,"","","",""
"Galagoides demidoff","Hippocampus_Vol.mm3","needs_review","unresolved candidate; no retained candidate",1,0,,,"","","",""
"Galagoides demidoff","Hypothalamus_Vol.mm3","needs_review","unresolved candidate; no retained candidate",1,0,,,"","","",""
"Galagoides demidoff","Insula_left_Vol.mm3","needs_review","unresolved candidate; no retained candidate",1,0,,,"","","",""
"Galagoides demidoff","Interpositus_cerebellar_nuclei_Vol.mm3","needs_review","unresolved candidate; no retained candidate",1,0,,,"","","",""
"Galagoides demidoff","Lateral_cerebellar_nuclei_Vol.mm3","needs_review","unresolved candidate; no retained candidate",1,0,,,"","","",""
"Galagoides demidoff","Lobus_piriformis_Vol.mm3","needs_review","unresolved candidate; no retained candidate",1,0,,,"","","",""
"Galagoides demidoff","Medial_cerebellar_nuclei_Vol.mm3","needs_review","unresolved candidate; no retained candidate",1,0,,,"","","",""
"Galagoides demidoff","Medulla_oblongata_Vol.mm3","needs_review","unresolved candidate; no retained candidate",1,0,,,"","","",""
"Galagoides demidoff","Mesencephalon_Vol.mm3","needs_review","unresolved candidate; no retained candidate",1,0,,,"","","",""
"Galagoides demidoff","Neocortex_grey_matter_Vol.mm3","needs_review","unresolved candidate; no retained candidate",1,0,,,"","","",""
"Galagoides demidoff","Neocortex_lamina_1_Vol.mm3","needs_review","unresolved candidate; no retained candidate",1,0,,,"","","",""
"Galagoides demidoff","Neocortex_laminae_2_6_Vol.mm3","needs_review","unresolved candidate; no retained candidate",1,0,,,"","","",""
"Galagoides demidoff","Neocortex_Vol.mm3","needs_review","unresolved candidate; no retained candidate",2,0,,,"","","",""
"Galagoides demidoff","Neocortex_white_matter_Vol.mm3","needs_review","unresolved candidate; no retained candidate",1,0,,,"","","",""
"Galagoides demidoff","Nucleus_amygdalae_basalis_pars_magnocellularis_Vol.mm3","needs_review","unresolved candidate; no retained candidate",1,0,,,"","","",""
"Galagoides demidoff","Nucleus_habenularis_medialis_Vol.mm3","needs_review","unresolved candidate; no retained candidate",1,0,,,"","","",""
"Galagoides demidoff","Nucleus_septalis_triangularis_Vol.mm3","needs_review","unresolved candidate; no retained candidate",1,0,,,"","","",""
"Galagoides demidoff","Nucleus_subthalamicus_Vol.mm3","needs_review","unresolved candidate; no retained candidate",1,0,,,"","","",""
"Galagoides demidoff","Nucleus_tractus_olfactorius_Vol.mm3","needs_review","unresolved candidate; no retained candidate",1,0,,,"","","",""
"Galagoides demidoff","Nucleus_vestibularis_descendens_unilateral_Vol.mm3","needs_review","unresolved candidate; no retained candidate",2,0,,,"","","",""
"Galagoides demidoff","Nucleus_vestibularis_lateralis_unilateral_Vol.mm3","needs_review","unresolved candidate; no retained candidate",2,0,,,"","","",""
"Galagoides demidoff","Nucleus_vestibularis_medialis_unilateral_Vol.mm3","needs_review","unresolved candidate; no retained candidate",2,0,,,"","","",""
"Galagoides demidoff","Nucleus_vestibularis_superior_unilateral_Vol.mm3","needs_review","unresolved candidate; no retained candidate",2,0,,,"","","",""
"Galagoides demidoff","Palaeocortex_Vol.mm3","needs_review","unresolved candidate; no retained candidate",1,0,,,"","","",""
"Galagoides demidoff","Pallidum_Vol.mm3","needs_review","unresolved candidate; no retained candidate",1,0,,,"","","",""
"Galagoides demidoff","Schizo_cortex_Vol.mm3","needs_review","unresolved candidate; no retained candidate",1,0,,,"","","",""
"Galagoides demidoff","Septum_Vol.mm3","needs_review","unresolved candidate; no retained candidate",1,0,,,"","","",""
"Galagoides demidoff","Striatum_Vol.mm3","needs_review","unresolved candidate; no retained candidate",1,0,,,"","","",""
"Galagoides demidoff","Subthalamus_Vol.mm3","needs_review","unresolved candidate; no retained candidate",1,0,,,"","","",""
"Galagoides demidoff","Telencephalon_Vol.mm3","needs_review","unresolved candidate; no retained candidate",1,0,,,"","","",""
"Galagoides demidoff","Thalamus_Vol.mm3","needs_review","unresolved candidate; no retained candidate",1,0,,,"","","",""
"Galagoides demidoff","Total_brain_net_volume_Vol.mm3","needs_review","unresolved candidate; no retained candidate",2,0,,,"","","",""
"Galagoides demidoff","Tractus_opticus_Vol.mm3","needs_review","unresolved candidate; no retained candidate",1,0,,,"","","",""
"Galagoides demidoff","Ventral_pons_Vol.mm3","needs_review","unresolved candidate; no retained candidate",1,0,,,"","","",""
"Galagoides demidoff","Ventricles_Vol.mm3","needs_review","unresolved candidate; no retained candidate",1,0,,,"","","",""
"Gorilla sp.","Agranular_insular_cortex_left_Vol.mm3","needs_review","unresolved candidate; no retained candidate",1,0,,,"","","",""
"Gorilla sp.","Agranular_insular_cortex_right_Vol.mm3","needs_review","unresolved candidate; no retained candidate",1,0,,,"","","",""
"Gorilla sp.","Area_striata_grey_matter_left_Vol.mm3","needs_review","unresolved candidate; no retained candidate",1,0,,,"","","",""
"Gorilla sp.","Area_striata_grey_matter_Vol.mm3","needs_review","unresolved candidate; no retained candidate",1,0,,,"","","",""
"Gorilla sp.","Area_striata_Vol.mm3","needs_review","unresolved candidate; no retained candidate",2,0,,,"","","",""
"Gorilla sp.","Area_striata_white_matter_Vol.mm3","needs_review","unresolved candidate; no retained candidate",1,0,,,"","","",""
"Gorilla sp.","Bulbus_olfactorius_accessorius_Vol.mm3","needs_review","unresolved candidate; no retained candidate",1,0,,,"","","",""
"Gorilla sp.","Bulbus_olfactorius_Vol.mm3","needs_review","unresolved candidate; no retained candidate",1,0,,,"","","",""
"Gorilla sp.","Capsula_interna_Vol.mm3","needs_review","unresolved candidate; no retained candidate",1,0,,,"","","",""
"Gorilla sp.","Cerebellar_nuclei_total_Vol.mm3","needs_review","unresolved candidate; no retained candidate",1,0,,,"","","",""
"Gorilla sp.","Cerebellum_Vol.mm3","needs_review","unresolved candidate; no retained candidate",1,0,,,"","","",""
"Gorilla sp.","Complexus_vestibularis_unilateral_Vol.mm3","needs_review","unresolved candidate; no retained candidate",2,0,,,"","","",""
"Gorilla sp.","Corpus_geniculatum_laterale_left_Vol.mm3","needs_review","unresolved candidate; no retained candidate",1,0,,,"","","",""
"Gorilla sp.","Corpus_geniculatum_laterale_Vol.mm3","needs_review","unresolved candidate; no retained candidate",3,0,,,"","","",""
"Gorilla sp.","Corpus_pineal_Vol.mm3","needs_review","unresolved candidate; no retained candidate",1,0,,,"","","",""
"Gorilla sp.","Corpus_subcommissurale_Vol.mm3","needs_review","unresolved candidate; no retained candidate",1,0,,,"","","",""
"Gorilla sp.","Corpus_subfornicale_Vol.mm3","needs_review","unresolved candidate; no retained candidate",1,0,,,"","","",""
"Gorilla sp.","Diencephalon_Vol.mm3","needs_review","unresolved candidate; no retained candidate",1,0,,,"","","",""
"Gorilla sp.","Dysgranular_insular_cortex_left_Vol.mm3","needs_review","unresolved candidate; no retained candidate",1,0,,,"","","",""
"Gorilla sp.","Dysgranular_insular_cortex_right_Vol.mm3","needs_review","unresolved candidate; no retained candidate",1,0,,,"","","",""
"Gorilla sp.","Epithalamus_Vol.mm3","needs_review","unresolved candidate; no retained candidate",1,0,,,"","","",""
"Gorilla sp.","fronto_insular_cortex_left_Vol.mm3","needs_review","unresolved candidate; no retained candidate",1,0,,,"","","",""
"Gorilla sp.","fronto_insular_cortex_right_Vol.mm3","needs_review","unresolved candidate; no retained candidate",1,0,,,"","","",""
"Gorilla sp.","Granular_insular_cortex_left_Vol.mm3","needs_review","unresolved candidate; no retained candidate",1,0,,,"","","",""
"Gorilla sp.","Granular_insular_cortex_right_Vol.mm3","needs_review","unresolved candidate; no retained candidate",1,0,,,"","","",""
"Gorilla sp.","Hippocampus_Vol.mm3","needs_review","unresolved candidate; no retained candidate",1,0,,,"","","",""
"Gorilla sp.","Hypothalamus_Vol.mm3","needs_review","unresolved candidate; no retained candidate",1,0,,,"","","",""
"Gorilla sp.","Insula_left_Vol.mm3","needs_review","unresolved candidate; no retained candidate",1,0,,,"","","",""
"Gorilla sp.","Insula_right_Vol.mm3","needs_review","unresolved candidate; no retained candidate",1,0,,,"","","",""
"Gorilla sp.","Interpositus_cerebellar_nuclei_Vol.mm3","needs_review","unresolved candidate; no retained candidate",1,0,,,"","","",""
"Gorilla sp.","Lateral_cerebellar_nuclei_Vol.mm3","needs_review","unresolved candidate; no retained candidate",1,0,,,"","","",""
"Gorilla sp.","Lobus_piriformis_Vol.mm3","needs_review","unresolved candidate; no retained candidate",1,0,,,"","","",""
"Gorilla sp.","Medial_cerebellar_nuclei_Vol.mm3","needs_review","unresolved candidate; no retained candidate",1,0,,,"","","",""
"Gorilla sp.","Medulla_oblongata_Vol.mm3","needs_review","unresolved candidate; no retained candidate",1,0,,,"","","",""
"Gorilla sp.","Mesencephalon_Vol.mm3","needs_review","unresolved candidate; no retained candidate",1,0,,,"","","",""
"Gorilla sp.","Neocortex_Vol.mm3","needs_review","unresolved candidate; no retained candidate",2,0,,,"","","",""
"Gorilla sp.","Nucleus_habenularis_medialis_Vol.mm3","needs_review","unresolved candidate; no retained candidate",1,0,,,"","","",""
"Gorilla sp.","Nucleus_septalis_triangularis_Vol.mm3","needs_review","unresolved candidate; no retained candidate",1,0,,,"","","",""
"Gorilla sp.","Nucleus_subthalamicus_Vol.mm3","needs_review","unresolved candidate; no retained candidate",1,0,,,"","","",""
"Gorilla sp.","Nucleus_vestibularis_descendens_unilateral_Vol.mm3","needs_review","unresolved candidate; no retained candidate",2,0,,,"","","",""
"Gorilla sp.","Nucleus_vestibularis_lateralis_unilateral_Vol.mm3","needs_review","unresolved candidate; no retained candidate",2,0,,,"","","",""
"Gorilla sp.","Nucleus_vestibularis_medialis_unilateral_Vol.mm3","needs_review","unresolved candidate; no retained candidate",2,0,,,"","","",""
"Gorilla sp.","Nucleus_vestibularis_superior_unilateral_Vol.mm3","needs_review","unresolved candidate; no retained candidate",2,0,,,"","","",""
"Gorilla sp.","Pallidum_Vol.mm3","needs_review","unresolved candidate; no retained candidate",1,0,,,"","","",""
"Gorilla sp.","Schizo_cortex_Vol.mm3","needs_review","unresolved candidate; no retained candidate",1,0,,,"","","",""
"Gorilla sp.","Septum_Vol.mm3","needs_review","unresolved candidate; no retained candidate",1,0,,,"","","",""
"Gorilla sp.","Striatum_Vol.mm3","needs_review","unresolved candidate; no retained candidate",1,0,,,"","","",""
"Gorilla sp.","Subthalamus_Vol.mm3","needs_review","unresolved candidate; no retained candidate",1,0,,,"","","",""
"Gorilla sp.","Telencephalon_Vol.mm3","needs_review","unresolved candidate; no retained candidate",1,0,,,"","","",""
"Gorilla sp.","Thalamus_Vol.mm3","needs_review","unresolved candidate; no retained candidate",1,0,,,"","","",""
"Gorilla sp.","Total_brain_net_volume_Vol.mm3","needs_review","unresolved candidate; no retained candidate",3,0,,,"","","",""
"Gorilla sp.","Tractus_opticus_Vol.mm3","needs_review","unresolved candidate; no retained candidate",1,0,,,"","","",""
"Gorilla sp.","Ventral_pons_Vol.mm3","needs_review","unresolved candidate; no retained candidate",1,0,,,"","","",""
"Gorilla sp.","Ventricles_Vol.mm3","needs_review","unresolved candidate; no retained candidate",1,0,,,"","","",""
"Homo sapiens","Agranular_insular_cortex_left_Vol.mm3","needs_review","unresolved candidate; no retained candidate",1,0,,,"","","",""
"Homo sapiens","Agranular_insular_cortex_right_Vol.mm3","needs_review","unresolved candidate; no retained candidate",1,0,,,"","","",""
"Homo sapiens","Amygdala_Vol.mm3","needs_review","unresolved candidate; no retained candidate",1,0,,,"","","",""
"Homo sapiens","Area_striata_grey_matter_left_Vol.mm3","needs_review","unresolved candidate; no retained candidate",1,0,,,"","","",""
"Homo sapiens","Area_striata_grey_matter_Vol.mm3","needs_review","unresolved candidate; no retained candidate",1,0,,,"","","",""
"Homo sapiens","Area_striata_lamina_1_Vol.mm3","needs_review","unresolved candidate; no retained candidate",1,0,,,"","","",""
"Homo sapiens","Area_striata_laminae_2_6_Vol.mm3","needs_review","unresolved candidate; no retained candidate",1,0,,,"","","",""
"Homo sapiens","Area_striata_Vol.mm3","needs_review","unresolved candidate; no retained candidate",2,0,,,"","","",""
"Homo sapiens","Area_striata_white_matter_Vol.mm3","needs_review","unresolved candidate; no retained candidate",1,0,,,"","","",""
"Homo sapiens","Bulbus_olfactorius_accessorius_Vol.mm3","needs_review","unresolved candidate; no retained candidate",1,0,,,"","","",""
"Homo sapiens","Bulbus_olfactorius_Vol.mm3","needs_review","unresolved candidate; no retained candidate",1,0,,,"","","",""
"Homo sapiens","Capsula_interna_Vol.mm3","needs_review","unresolved candidate; no retained candidate",1,0,,,"","","",""
"Homo sapiens","Cerebellar_nuclei_total_Vol.mm3","needs_review","unresolved candidate; no retained candidate",1,0,,,"","","",""
"Homo sapiens","Cerebellum_Vol.mm3","needs_review","unresolved candidate; no retained candidate",1,0,,,"","","",""
"Homo sapiens","Complexus_centromedialis_Vol.mm3","needs_review","unresolved candidate; no retained candidate",1,0,,,"","","",""
"Homo sapiens","Complexus_corticobasolateralis_Vol.mm3","needs_review","unresolved candidate; no retained candidate",1,0,,,"","","",""
"Homo sapiens","Complexus_vestibularis_unilateral_Vol.mm3","needs_review","unresolved candidate; no retained candidate",2,0,,,"","","",""
"Homo sapiens","Corpus_geniculatum_laterale_left_Vol.mm3","needs_review","unresolved candidate; no retained candidate",1,0,,,"","","",""
"Homo sapiens","Corpus_geniculatum_laterale_Vol.mm3","needs_review","unresolved candidate; no retained candidate",3,0,,,"","","",""
"Homo sapiens","Corpus_pineal_Vol.mm3","needs_review","unresolved candidate; no retained candidate",1,0,,,"","","",""
"Homo sapiens","Corpus_subcommissurale_Vol.mm3","needs_review","unresolved candidate; no retained candidate",1,0,,,"","","",""
"Homo sapiens","Corpus_subfornicale_Vol.mm3","needs_review","unresolved candidate; no retained candidate",1,0,,,"","","",""
"Homo sapiens","Diencephalon_Vol.mm3","needs_review","unresolved candidate; no retained candidate",1,0,,,"","","",""
"Homo sapiens","Dysgranular_insular_cortex_left_Vol.mm3","needs_review","unresolved candidate; no retained candidate",1,0,,,"","","",""
"Homo sapiens","Dysgranular_insular_cortex_right_Vol.mm3","needs_review","unresolved candidate; no retained candidate",1,0,,,"","","",""
"Homo sapiens","Epithalamus_Vol.mm3","needs_review","unresolved candidate; no retained candidate",1,0,,,"","","",""
"Homo sapiens","fronto_insular_cortex_left_Vol.mm3","needs_review","unresolved candidate; no retained candidate",1,0,,,"","","",""
"Homo sapiens","fronto_insular_cortex_right_Vol.mm3","needs_review","unresolved candidate; no retained candidate",1,0,,,"","","",""
"Homo sapiens","Granular_insular_cortex_left_Vol.mm3","needs_review","unresolved candidate; no retained candidate",1,0,,,"","","",""
"Homo sapiens","Granular_insular_cortex_right_Vol.mm3","needs_review","unresolved candidate; no retained candidate",1,0,,,"","","",""
"Homo sapiens","Hippocampus_Vol.mm3","needs_review","unresolved candidate; no retained candidate",1,0,,,"","","",""
"Homo sapiens","Hypothalamus_Vol.mm3","needs_review","unresolved candidate; no retained candidate",1,0,,,"","","",""
"Homo sapiens","Insula_left_Vol.mm3","needs_review","unresolved candidate; no retained candidate",1,0,,,"","","",""
"Homo sapiens","Insula_right_Vol.mm3","needs_review","unresolved candidate; no retained candidate",1,0,,,"","","",""
"Homo sapiens","Interpositus_cerebellar_nuclei_Vol.mm3","needs_review","unresolved candidate; no retained candidate",1,0,,,"","","",""
"Homo sapiens","Lateral_cerebellar_nuclei_Vol.mm3","needs_review","unresolved candidate; no retained candidate",1,0,,,"","","",""
"Homo sapiens","Lobus_piriformis_Vol.mm3","needs_review","unresolved candidate; no retained candidate",1,0,,,"","","",""
"Homo sapiens","Medial_cerebellar_nuclei_Vol.mm3","needs_review","unresolved candidate; no retained candidate",1,0,,,"","","",""
"Homo sapiens","Medulla_oblongata_Vol.mm3","needs_review","unresolved candidate; no retained candidate",1,0,,,"","","",""
"Homo sapiens","Mesencephalon_Vol.mm3","needs_review","unresolved candidate; no retained candidate",1,0,,,"","","",""
"Homo sapiens","Neocortex_grey_matter_Vol.mm3","needs_review","unresolved candidate; no retained candidate",1,0,,,"","","",""
"Homo sapiens","Neocortex_lamina_1_Vol.mm3","needs_review","unresolved candidate; no retained candidate",1,0,,,"","","",""
"Homo sapiens","Neocortex_laminae_2_6_Vol.mm3","needs_review","unresolved candidate; no retained candidate",1,0,,,"","","",""
"Homo sapiens","Neocortex_Vol.mm3","needs_review","unresolved candidate; no retained candidate",3,0,,,"","","",""
"Homo sapiens","Neocortex_white_matter_Vol.mm3","needs_review","unresolved candidate; no retained candidate",1,0,,,"","","",""
"Homo sapiens","Nucleus_amygdalae_basalis_pars_magnocellularis_Vol.mm3","needs_review","unresolved candidate; no retained candidate",1,0,,,"","","",""
"Homo sapiens","Nucleus_habenularis_medialis_Vol.mm3","needs_review","unresolved candidate; no retained candidate",1,0,,,"","","",""
"Homo sapiens","Nucleus_septalis_triangularis_Vol.mm3","needs_review","unresolved candidate; no retained candidate",1,0,,,"","","",""
"Homo sapiens","Nucleus_subthalamicus_Vol.mm3","needs_review","unresolved candidate; no retained candidate",1,0,,,"","","",""
"Homo sapiens","Nucleus_tractus_olfactorius_Vol.mm3","needs_review","unresolved candidate; no retained candidate",1,0,,,"","","",""
"Homo sapiens","Nucleus_vestibularis_descendens_unilateral_Vol.mm3","needs_review","unresolved candidate; no retained candidate",2,0,,,"","","",""
"Homo sapiens","Nucleus_vestibularis_lateralis_unilateral_Vol.mm3","needs_review","unresolved candidate; no retained candidate",2,0,,,"","","",""
"Homo sapiens","Nucleus_vestibularis_medialis_unilateral_Vol.mm3","needs_review","unresolved candidate; no retained candidate",2,0,,,"","","",""
"Homo sapiens","Nucleus_vestibularis_superior_unilateral_Vol.mm3","needs_review","unresolved candidate; no retained candidate",2,0,,,"","","",""
"Homo sapiens","Palaeocortex_Vol.mm3","needs_review","unresolved candidate; no retained candidate",1,0,,,"","","",""
"Homo sapiens","Pallidum_Vol.mm3","needs_review","unresolved candidate; no retained candidate",1,0,,,"","","",""
"Homo sapiens","Schizo_cortex_Vol.mm3","needs_review","unresolved candidate; no retained candidate",1,0,,,"","","",""
"Homo sapiens","Septum_Vol.mm3","needs_review","unresolved candidate; no retained candidate",1,0,,,"","","",""
"Homo sapiens","Striatum_Vol.mm3","needs_review","unresolved candidate; no retained candidate",1,0,,,"","","",""
"Homo sapiens","Subthalamus_Vol.mm3","needs_review","unresolved candidate; no retained candidate",1,0,,,"","","",""
"Homo sapiens","Telencephalon_Vol.mm3","needs_review","unresolved candidate; no retained candidate",1,0,,,"","","",""
"Homo sapiens","Thalamus_Vol.mm3","needs_review","unresolved candidate; no retained candidate",1,0,,,"","","",""
"Homo sapiens","Total_brain_net_volume_Vol.mm3","needs_review","unresolved candidate; no retained candidate",3,0,,,"","","",""
"Homo sapiens","Tractus_opticus_Vol.mm3","needs_review","unresolved candidate; no retained candidate",1,0,,,"","","",""
"Homo sapiens","Ventral_pons_Vol.mm3","needs_review","unresolved candidate; no retained candidate",1,0,,,"","","",""
"Homo sapiens","Ventricles_Vol.mm3","needs_review","unresolved candidate; no retained candidate",1,0,,,"","","",""
"Hylobates lar","Agranular_insular_cortex_left_Vol.mm3","needs_review","unresolved candidate; no retained candidate",1,0,,,"","","",""
"Hylobates lar","Area_striata_grey_matter_left_Vol.mm3","needs_review","unresolved candidate; no retained candidate",1,0,,,"","","",""
"Hylobates lar","Area_striata_grey_matter_Vol.mm3","needs_review","unresolved candidate; no retained candidate",1,0,,,"","","",""
"Hylobates lar","Area_striata_lamina_1_Vol.mm3","needs_review","unresolved candidate; no retained candidate",1,0,,,"","","",""
"Hylobates lar","Area_striata_laminae_2_6_Vol.mm3","needs_review","unresolved candidate; no retained candidate",1,0,,,"","","",""
"Hylobates lar","Area_striata_Vol.mm3","needs_review","unresolved candidate; no retained candidate",1,0,,,"","","",""
"Hylobates lar","Area_striata_white_matter_Vol.mm3","needs_review","unresolved candidate; no retained candidate",1,0,,,"","","",""
"Hylobates lar","Bulbus_olfactorius_accessorius_Vol.mm3","needs_review","unresolved candidate; no retained candidate",1,0,,,"","","",""
"Hylobates lar","Bulbus_olfactorius_Vol.mm3","needs_review","unresolved candidate; no retained candidate",1,0,,,"","","",""
"Hylobates lar","Capsula_interna_Vol.mm3","needs_review","unresolved candidate; no retained candidate",1,0,,,"","","",""
"Hylobates lar","Cerebellar_nuclei_total_Vol.mm3","needs_review","unresolved candidate; no retained candidate",1,0,,,"","","",""
"Hylobates lar","Cerebellum_Vol.mm3","needs_review","unresolved candidate; no retained candidate",1,0,,,"","","",""
"Hylobates lar","Complexus_vestibularis_unilateral_Vol.mm3","needs_review","unresolved candidate; no retained candidate",2,0,,,"","","",""
"Hylobates lar","Corpus_geniculatum_laterale_left_Vol.mm3","needs_review","unresolved candidate; no retained candidate",1,0,,,"","","",""
"Hylobates lar","Corpus_geniculatum_laterale_Vol.mm3","needs_review","unresolved candidate; no retained candidate",2,0,,,"","","",""
"Hylobates lar","Diencephalon_Vol.mm3","needs_review","unresolved candidate; no retained candidate",1,0,,,"","","",""
"Hylobates lar","Dysgranular_insular_cortex_left_Vol.mm3","needs_review","unresolved candidate; no retained candidate",1,0,,,"","","",""
"Hylobates lar","Epithalamus_Vol.mm3","needs_review","unresolved candidate; no retained candidate",1,0,,,"","","",""
"Hylobates lar","Granular_insular_cortex_left_Vol.mm3","needs_review","unresolved candidate; no retained candidate",1,0,,,"","","",""
"Hylobates lar","Hippocampus_Vol.mm3","needs_review","unresolved candidate; no retained candidate",1,0,,,"","","",""
"Hylobates lar","Hypothalamus_Vol.mm3","needs_review","unresolved candidate; no retained candidate",1,0,,,"","","",""
"Hylobates lar","Insula_left_Vol.mm3","needs_review","unresolved candidate; no retained candidate",1,0,,,"","","",""
"Hylobates lar","Interpositus_cerebellar_nuclei_Vol.mm3","needs_review","unresolved candidate; no retained candidate",1,0,,,"","","",""
"Hylobates lar","Lateral_cerebellar_nuclei_Vol.mm3","needs_review","unresolved candidate; no retained candidate",1,0,,,"","","",""
"Hylobates lar","Lobus_piriformis_Vol.mm3","needs_review","unresolved candidate; no retained candidate",1,0,,,"","","",""
"Hylobates lar","Medial_cerebellar_nuclei_Vol.mm3","needs_review","unresolved candidate; no retained candidate",1,0,,,"","","",""
"Hylobates lar","Medulla_oblongata_Vol.mm3","needs_review","unresolved candidate; no retained candidate",1,0,,,"","","",""
"Hylobates lar","Mesencephalon_Vol.mm3","needs_review","unresolved candidate; no retained candidate",1,0,,,"","","",""
"Hylobates lar","Neocortex_grey_matter_Vol.mm3","needs_review","unresolved candidate; no retained candidate",1,0,,,"","","",""
"Hylobates lar","Neocortex_lamina_1_Vol.mm3","needs_review","unresolved candidate; no retained candidate",1,0,,,"","","",""
"Hylobates lar","Neocortex_laminae_2_6_Vol.mm3","needs_review","unresolved candidate; no retained candidate",1,0,,,"","","",""
"Hylobates lar","Neocortex_Vol.mm3","needs_review","unresolved candidate; no retained candidate",3,0,,,"","","",""
"Hylobates lar","Neocortex_white_matter_Vol.mm3","needs_review","unresolved candidate; no retained candidate",1,0,,,"","","",""
"Hylobates lar","Nucleus_subthalamicus_Vol.mm3","needs_review","unresolved candidate; no retained candidate",1,0,,,"","","",""
"Hylobates lar","Nucleus_vestibularis_descendens_unilateral_Vol.mm3","needs_review","unresolved candidate; no retained candidate",2,0,,,"","","",""
"Hylobates lar","Nucleus_vestibularis_lateralis_unilateral_Vol.mm3","needs_review","unresolved candidate; no retained candidate",2,0,,,"","","",""
"Hylobates lar","Nucleus_vestibularis_medialis_unilateral_Vol.mm3","needs_review","unresolved candidate; no retained candidate",2,0,,,"","","",""
"Hylobates lar","Nucleus_vestibularis_superior_unilateral_Vol.mm3","needs_review","unresolved candidate; no retained candidate",2,0,,,"","","",""
"Hylobates lar","Pallidum_Vol.mm3","needs_review","unresolved candidate; no retained candidate",1,0,,,"","","",""
"Hylobates lar","Schizo_cortex_Vol.mm3","needs_review","unresolved candidate; no retained candidate",1,0,,,"","","",""
"Hylobates lar","Septum_Vol.mm3","needs_review","unresolved candidate; no retained candidate",1,0,,,"","","",""
"Hylobates lar","Striatum_Vol.mm3","needs_review","unresolved candidate; no retained candidate",1,0,,,"","","",""
"Hylobates lar","Subthalamus_Vol.mm3","needs_review","unresolved candidate; no retained candidate",1,0,,,"","","",""
"Hylobates lar","Telencephalon_Vol.mm3","needs_review","unresolved candidate; no retained candidate",1,0,,,"","","",""
"Hylobates lar","Thalamus_Vol.mm3","needs_review","unresolved candidate; no retained candidate",1,0,,,"","","",""
"Hylobates lar","Total_brain_net_volume_Vol.mm3","needs_review","unresolved candidate; no retained candidate",3,0,,,"","","",""
"Hylobates lar","Tractus_opticus_Vol.mm3","needs_review","unresolved candidate; no retained candidate",1,0,,,"","","",""
"Hylobates lar","Ventral_pons_Vol.mm3","needs_review","unresolved candidate; no retained candidate",1,0,,,"","","",""
"Hylobates lar","Ventricles_Vol.mm3","needs_review","unresolved candidate; no retained candidate",1,0,,,"","","",""
"Hylobates muelleri","Agranular_insular_cortex_left_Vol.mm3","needs_review","unresolved candidate; no retained candidate",1,0,,,"","","",""
"Hylobates muelleri","Corpus_geniculatum_laterale_Vol.mm3","needs_review","unresolved candidate; no retained candidate",1,0,,,"","","",""
"Hylobates muelleri","Dysgranular_insular_cortex_left_Vol.mm3","needs_review","unresolved candidate; no retained candidate",1,0,,,"","","",""
"Hylobates muelleri","Granular_insular_cortex_left_Vol.mm3","needs_review","unresolved candidate; no retained candidate",1,0,,,"","","",""
"Hylobates muelleri","Insula_left_Vol.mm3","needs_review","unresolved candidate; no retained candidate",1,0,,,"","","",""
"Hylobates muelleri","Total_brain_net_volume_Vol.mm3","needs_review","unresolved candidate; no retained candidate",1,0,,,"","","",""
"Indri indri","Agranular_insular_cortex_left_Vol.mm3","needs_review","unresolved candidate; no retained candidate",1,0,,,"","","",""
"Indri indri","Area_striata_grey_matter_Vol.mm3","needs_review","unresolved candidate; no retained candidate",1,0,,,"","","",""
"Indri indri","Area_striata_lamina_1_Vol.mm3","needs_review","unresolved candidate; no retained candidate",1,0,,,"","","",""
"Indri indri","Area_striata_laminae_2_6_Vol.mm3","needs_review","unresolved candidate; no retained candidate",1,0,,,"","","",""
"Indri indri","Area_striata_Vol.mm3","needs_review","unresolved candidate; no retained candidate",2,0,,,"","","",""
"Indri indri","Area_striata_white_matter_Vol.mm3","needs_review","unresolved candidate; no retained candidate",1,0,,,"","","",""
"Indri indri","Bulbus_olfactorius_accessorius_Vol.mm3","needs_review","unresolved candidate; no retained candidate",1,0,,,"","","",""
"Indri indri","Bulbus_olfactorius_Vol.mm3","needs_review","unresolved candidate; no retained candidate",1,0,,,"","","",""
"Indri indri","Cerebellar_nuclei_total_Vol.mm3","needs_review","unresolved candidate; no retained candidate",1,0,,,"","","",""
"Indri indri","Cerebellum_Vol.mm3","needs_review","unresolved candidate; no retained candidate",1,0,,,"","","",""
"Indri indri","Complexus_vestibularis_unilateral_Vol.mm3","needs_review","unresolved candidate; no retained candidate",1,0,,,"","","",""
"Indri indri","Corpus_geniculatum_laterale_Vol.mm3","needs_review","unresolved candidate; no retained candidate",2,0,,,"","","",""
"Indri indri","Corpus_pineal_Vol.mm3","needs_review","unresolved candidate; no retained candidate",1,0,,,"","","",""
"Indri indri","Corpus_subcommissurale_Vol.mm3","needs_review","unresolved candidate; no retained candidate",1,0,,,"","","",""
"Indri indri","Corpus_subfornicale_Vol.mm3","needs_review","unresolved candidate; no retained candidate",1,0,,,"","","",""
"Indri indri","Diencephalon_Vol.mm3","needs_review","unresolved candidate; no retained candidate",1,0,,,"","","",""
"Indri indri","Dysgranular_insular_cortex_left_Vol.mm3","needs_review","unresolved candidate; no retained candidate",1,0,,,"","","",""
"Indri indri","Granular_insular_cortex_left_Vol.mm3","needs_review","unresolved candidate; no retained candidate",1,0,,,"","","",""
"Indri indri","Hippocampus_Vol.mm3","needs_review","unresolved candidate; no retained candidate",1,0,,,"","","",""
"Indri indri","Insula_left_Vol.mm3","needs_review","unresolved candidate; no retained candidate",1,0,,,"","","",""
"Indri indri","Interpositus_cerebellar_nuclei_Vol.mm3","needs_review","unresolved candidate; no retained candidate",1,0,,,"","","",""
"Indri indri","Lateral_cerebellar_nuclei_Vol.mm3","needs_review","unresolved candidate; no retained candidate",1,0,,,"","","",""
"Indri indri","Lobus_piriformis_Vol.mm3","needs_review","unresolved candidate; no retained candidate",1,0,,,"","","",""
"Indri indri","Medial_cerebellar_nuclei_Vol.mm3","needs_review","unresolved candidate; no retained candidate",1,0,,,"","","",""
"Indri indri","Medulla_oblongata_Vol.mm3","needs_review","unresolved candidate; no retained candidate",1,0,,,"","","",""
"Indri indri","Mesencephalon_Vol.mm3","needs_review","unresolved candidate; no retained candidate",1,0,,,"","","",""
"Indri indri","Neocortex_grey_matter_Vol.mm3","needs_review","unresolved candidate; no retained candidate",1,0,,,"","","",""
"Indri indri","Neocortex_lamina_1_Vol.mm3","needs_review","unresolved candidate; no retained candidate",1,0,,,"","","",""
"Indri indri","Neocortex_laminae_2_6_Vol.mm3","needs_review","unresolved candidate; no retained candidate",1,0,,,"","","",""
"Indri indri","Neocortex_Vol.mm3","needs_review","unresolved candidate; no retained candidate",2,0,,,"","","",""
"Indri indri","Neocortex_white_matter_Vol.mm3","needs_review","unresolved candidate; no retained candidate",1,0,,,"","","",""
"Indri indri","Nucleus_habenularis_medialis_Vol.mm3","needs_review","unresolved candidate; no retained candidate",1,0,,,"","","",""
"Indri indri","Nucleus_septalis_triangularis_Vol.mm3","needs_review","unresolved candidate; no retained candidate",1,0,,,"","","",""
"Indri indri","Nucleus_vestibularis_descendens_unilateral_Vol.mm3","needs_review","unresolved candidate; no retained candidate",1,0,,,"","","",""
"Indri indri","Nucleus_vestibularis_lateralis_unilateral_Vol.mm3","needs_review","unresolved candidate; no retained candidate",1,0,,,"","","",""
"Indri indri","Nucleus_vestibularis_medialis_unilateral_Vol.mm3","needs_review","unresolved candidate; no retained candidate",1,0,,,"","","",""
"Indri indri","Nucleus_vestibularis_superior_unilateral_Vol.mm3","needs_review","unresolved candidate; no retained candidate",1,0,,,"","","",""
"Indri indri","Schizo_cortex_Vol.mm3","needs_review","unresolved candidate; no retained candidate",1,0,,,"","","",""
"Indri indri","Septum_Vol.mm3","needs_review","unresolved candidate; no retained candidate",1,0,,,"","","",""
"Indri indri","Striatum_Vol.mm3","needs_review","unresolved candidate; no retained candidate",1,0,,,"","","",""
"Indri indri","Telencephalon_Vol.mm3","needs_review","unresolved candidate; no retained candidate",1,0,,,"","","",""
"Indri indri","Total_brain_net_volume_Vol.mm3","needs_review","unresolved candidate; no retained candidate",2,0,,,"","","",""
"Indri indri","Ventral_pons_Vol.mm3","needs_review","unresolved candidate; no retained candidate",1,0,,,"","","",""
"Indri indri","Ventricles_Vol.mm3","needs_review","unresolved candidate; no retained candidate",1,0,,,"","","",""
"Lagothrix lagothricha","Area_striata_grey_matter_Vol.mm3","needs_review","unresolved candidate; no retained candidate",1,0,,,"","","",""
"Lagothrix lagothricha","Area_striata_lamina_1_Vol.mm3","needs_review","unresolved candidate; no retained candidate",1,0,,,"","","",""
"Lagothrix lagothricha","Area_striata_laminae_2_6_Vol.mm3","needs_review","unresolved candidate; no retained candidate",1,0,,,"","","",""
"Lagothrix lagothricha","Area_striata_Vol.mm3","needs_review","unresolved candidate; no retained candidate",2,0,,,"","","",""
"Lagothrix lagothricha","Area_striata_white_matter_Vol.mm3","needs_review","unresolved candidate; no retained candidate",1,0,,,"","","",""
"Lagothrix lagothricha","Bulbus_olfactorius_accessorius_Vol.mm3","needs_review","unresolved candidate; no retained candidate",1,0,,,"","","",""
"Lagothrix lagothricha","Bulbus_olfactorius_Vol.mm3","needs_review","unresolved candidate; no retained candidate",1,0,,,"","","",""
"Lagothrix lagothricha","Capsula_interna_Vol.mm3","needs_review","unresolved candidate; no retained candidate",1,0,,,"","","",""
"Lagothrix lagothricha","Cerebellar_nuclei_total_Vol.mm3","needs_review","unresolved candidate; no retained candidate",1,0,,,"","","",""
"Lagothrix lagothricha","Cerebellum_Vol.mm3","needs_review","unresolved candidate; no retained candidate",1,0,,,"","","",""
"Lagothrix lagothricha","Complexus_vestibularis_unilateral_Vol.mm3","needs_review","unresolved candidate; no retained candidate",2,0,,,"","","",""
"Lagothrix lagothricha","Corpus_geniculatum_laterale_Vol.mm3","needs_review","unresolved candidate; no retained candidate",2,0,,,"","","",""
"Lagothrix lagothricha","Corpus_pineal_Vol.mm3","needs_review","unresolved candidate; no retained candidate",1,0,,,"","","",""
"Lagothrix lagothricha","Corpus_subcommissurale_Vol.mm3","needs_review","unresolved candidate; no retained candidate",1,0,,,"","","",""
"Lagothrix lagothricha","Corpus_subfornicale_Vol.mm3","needs_review","unresolved candidate; no retained candidate",1,0,,,"","","",""
"Lagothrix lagothricha","Diencephalon_Vol.mm3","needs_review","unresolved candidate; no retained candidate",1,0,,,"","","",""
"Lagothrix lagothricha","Epithalamus_Vol.mm3","needs_review","unresolved candidate; no retained candidate",1,0,,,"","","",""
"Lagothrix lagothricha","Hippocampus_Vol.mm3","needs_review","unresolved candidate; no retained candidate",1,0,,,"","","",""
"Lagothrix lagothricha","Hypothalamus_Vol.mm3","needs_review","unresolved candidate; no retained candidate",1,0,,,"","","",""
"Lagothrix lagothricha","Interpositus_cerebellar_nuclei_Vol.mm3","needs_review","unresolved candidate; no retained candidate",1,0,,,"","","",""
"Lagothrix lagothricha","Lateral_cerebellar_nuclei_Vol.mm3","needs_review","unresolved candidate; no retained candidate",1,0,,,"","","",""
"Lagothrix lagothricha","Lobus_piriformis_Vol.mm3","needs_review","unresolved candidate; no retained candidate",1,0,,,"","","",""
"Lagothrix lagothricha","Medial_cerebellar_nuclei_Vol.mm3","needs_review","unresolved candidate; no retained candidate",1,0,,,"","","",""
"Lagothrix lagothricha","Medulla_oblongata_Vol.mm3","needs_review","unresolved candidate; no retained candidate",1,0,,,"","","",""
"Lagothrix lagothricha","Mesencephalon_Vol.mm3","needs_review","unresolved candidate; no retained candidate",1,0,,,"","","",""
"Lagothrix lagothricha","Neocortex_grey_matter_Vol.mm3","needs_review","unresolved candidate; no retained candidate",1,0,,,"","","",""
"Lagothrix lagothricha","Neocortex_lamina_1_Vol.mm3","needs_review","unresolved candidate; no retained candidate",1,0,,,"","","",""
"Lagothrix lagothricha","Neocortex_laminae_2_6_Vol.mm3","needs_review","unresolved candidate; no retained candidate",1,0,,,"","","",""
"Lagothrix lagothricha","Neocortex_Vol.mm3","needs_review","unresolved candidate; no retained candidate",2,0,,,"","","",""
"Lagothrix lagothricha","Neocortex_white_matter_Vol.mm3","needs_review","unresolved candidate; no retained candidate",1,0,,,"","","",""
"Lagothrix lagothricha","Nucleus_habenularis_medialis_Vol.mm3","needs_review","unresolved candidate; no retained candidate",1,0,,,"","","",""
"Lagothrix lagothricha","Nucleus_septalis_triangularis_Vol.mm3","needs_review","unresolved candidate; no retained candidate",1,0,,,"","","",""
"Lagothrix lagothricha","Nucleus_subthalamicus_Vol.mm3","needs_review","unresolved candidate; no retained candidate",1,0,,,"","","",""
"Lagothrix lagothricha","Nucleus_vestibularis_descendens_unilateral_Vol.mm3","needs_review","unresolved candidate; no retained candidate",2,0,,,"","","",""
"Lagothrix lagothricha","Nucleus_vestibularis_lateralis_unilateral_Vol.mm3","needs_review","unresolved candidate; no retained candidate",2,0,,,"","","",""
"Lagothrix lagothricha","Nucleus_vestibularis_medialis_unilateral_Vol.mm3","needs_review","unresolved candidate; no retained candidate",2,0,,,"","","",""
"Lagothrix lagothricha","Nucleus_vestibularis_superior_unilateral_Vol.mm3","needs_review","unresolved candidate; no retained candidate",2,0,,,"","","",""
"Lagothrix lagothricha","Pallidum_Vol.mm3","needs_review","unresolved candidate; no retained candidate",1,0,,,"","","",""
"Lagothrix lagothricha","Schizo_cortex_Vol.mm3","needs_review","unresolved candidate; no retained candidate",1,0,,,"","","",""
"Lagothrix lagothricha","Septum_Vol.mm3","needs_review","unresolved candidate; no retained candidate",1,0,,,"","","",""
"Lagothrix lagothricha","Striatum_Vol.mm3","needs_review","unresolved candidate; no retained candidate",1,0,,,"","","",""
"Lagothrix lagothricha","Subthalamus_Vol.mm3","needs_review","unresolved candidate; no retained candidate",1,0,,,"","","",""
"Lagothrix lagothricha","Telencephalon_Vol.mm3","needs_review","unresolved candidate; no retained candidate",1,0,,,"","","",""
"Lagothrix lagothricha","Thalamus_Vol.mm3","needs_review","unresolved candidate; no retained candidate",1,0,,,"","","",""
"Lagothrix lagothricha","Total_brain_net_volume_Vol.mm3","needs_review","unresolved candidate; no retained candidate",1,0,,,"","","",""
"Lagothrix lagothricha","Tractus_opticus_Vol.mm3","needs_review","unresolved candidate; no retained candidate",1,0,,,"","","",""
"Lagothrix lagothricha","Ventral_pons_Vol.mm3","needs_review","unresolved candidate; no retained candidate",1,0,,,"","","",""
"Lagothrix lagothricha","Ventricles_Vol.mm3","needs_review","unresolved candidate; no retained candidate",1,0,,,"","","",""
"Leontopithecus rosalia","Agranular_insular_cortex_left_Vol.mm3","needs_review","unresolved candidate; no retained candidate",1,0,,,"","","",""
"Leontopithecus rosalia","Dysgranular_insular_cortex_left_Vol.mm3","needs_review","unresolved candidate; no retained candidate",1,0,,,"","","",""
"Leontopithecus rosalia","Granular_insular_cortex_left_Vol.mm3","needs_review","unresolved candidate; no retained candidate",1,0,,,"","","",""
"Leontopithecus rosalia","Insula_left_Vol.mm3","needs_review","unresolved candidate; no retained candidate",1,0,,,"","","",""
"Leontopithecus rosalia","Total_brain_net_volume_Vol.mm3","needs_review","unresolved candidate; no retained candidate",1,0,,,"","","",""
"Lepilemur ruficaudatus","Amygdala_Vol.mm3","needs_review","unresolved candidate; no retained candidate",1,0,,,"","","",""
"Lepilemur ruficaudatus","Area_striata_grey_matter_Vol.mm3","needs_review","unresolved candidate; no retained candidate",1,0,,,"","","",""
"Lepilemur ruficaudatus","Area_striata_lamina_1_Vol.mm3","needs_review","unresolved candidate; no retained candidate",1,0,,,"","","",""
"Lepilemur ruficaudatus","Area_striata_laminae_2_6_Vol.mm3","needs_review","unresolved candidate; no retained candidate",1,0,,,"","","",""
"Lepilemur ruficaudatus","Area_striata_Vol.mm3","needs_review","unresolved candidate; no retained candidate",2,0,,,"","","",""
"Lepilemur ruficaudatus","Area_striata_white_matter_Vol.mm3","needs_review","unresolved candidate; no retained candidate",1,0,,,"","","",""
"Lepilemur ruficaudatus","Bulbus_olfactorius_accessorius_Vol.mm3","needs_review","unresolved candidate; no retained candidate",1,0,,,"","","",""
"Lepilemur ruficaudatus","Bulbus_olfactorius_Vol.mm3","needs_review","unresolved candidate; no retained candidate",1,0,,,"","","",""
"Lepilemur ruficaudatus","Capsula_interna_Vol.mm3","needs_review","unresolved candidate; no retained candidate",1,0,,,"","","",""
"Lepilemur ruficaudatus","Cerebellar_nuclei_total_Vol.mm3","needs_review","unresolved candidate; no retained candidate",1,0,,,"","","",""
"Lepilemur ruficaudatus","Cerebellum_Vol.mm3","needs_review","unresolved candidate; no retained candidate",1,0,,,"","","",""
"Lepilemur ruficaudatus","Complexus_centromedialis_Vol.mm3","needs_review","unresolved candidate; no retained candidate",1,0,,,"","","",""
"Lepilemur ruficaudatus","Complexus_corticobasolateralis_Vol.mm3","needs_review","unresolved candidate; no retained candidate",1,0,,,"","","",""
"Lepilemur ruficaudatus","Complexus_vestibularis_unilateral_Vol.mm3","needs_review","unresolved candidate; no retained candidate",2,0,,,"","","",""
"Lepilemur ruficaudatus","Corpus_geniculatum_laterale_Vol.mm3","needs_review","unresolved candidate; no retained candidate",2,0,,,"","","",""
"Lepilemur ruficaudatus","Corpus_pineal_Vol.mm3","needs_review","unresolved candidate; no retained candidate",1,0,,,"","","",""
"Lepilemur ruficaudatus","Corpus_subcommissurale_Vol.mm3","needs_review","unresolved candidate; no retained candidate",1,0,,,"","","",""
"Lepilemur ruficaudatus","Corpus_subfornicale_Vol.mm3","needs_review","unresolved candidate; no retained candidate",1,0,,,"","","",""
"Lepilemur ruficaudatus","Diencephalon_Vol.mm3","needs_review","unresolved candidate; no retained candidate",1,0,,,"","","",""
"Lepilemur ruficaudatus","Epithalamus_Vol.mm3","needs_review","unresolved candidate; no retained candidate",1,0,,,"","","",""
"Lepilemur ruficaudatus","Hippocampus_Vol.mm3","needs_review","unresolved candidate; no retained candidate",1,0,,,"","","",""
"Lepilemur ruficaudatus","Hypothalamus_Vol.mm3","needs_review","unresolved candidate; no retained candidate",1,0,,,"","","",""
"Lepilemur ruficaudatus","Interpositus_cerebellar_nuclei_Vol.mm3","needs_review","unresolved candidate; no retained candidate",1,0,,,"","","",""
"Lepilemur ruficaudatus","Lateral_cerebellar_nuclei_Vol.mm3","needs_review","unresolved candidate; no retained candidate",1,0,,,"","","",""
"Lepilemur ruficaudatus","Lobus_piriformis_Vol.mm3","needs_review","unresolved candidate; no retained candidate",1,0,,,"","","",""
"Lepilemur ruficaudatus","Medial_cerebellar_nuclei_Vol.mm3","needs_review","unresolved candidate; no retained candidate",1,0,,,"","","",""
"Lepilemur ruficaudatus","Medulla_oblongata_Vol.mm3","needs_review","unresolved candidate; no retained candidate",1,0,,,"","","",""
"Lepilemur ruficaudatus","Mesencephalon_Vol.mm3","needs_review","unresolved candidate; no retained candidate",1,0,,,"","","",""
"Lepilemur ruficaudatus","Neocortex_grey_matter_Vol.mm3","needs_review","unresolved candidate; no retained candidate",1,0,,,"","","",""
"Lepilemur ruficaudatus","Neocortex_lamina_1_Vol.mm3","needs_review","unresolved candidate; no retained candidate",1,0,,,"","","",""
"Lepilemur ruficaudatus","Neocortex_laminae_2_6_Vol.mm3","needs_review","unresolved candidate; no retained candidate",1,0,,,"","","",""
"Lepilemur ruficaudatus","Neocortex_Vol.mm3","needs_review","unresolved candidate; no retained candidate",2,0,,,"","","",""
"Lepilemur ruficaudatus","Neocortex_white_matter_Vol.mm3","needs_review","unresolved candidate; no retained candidate",1,0,,,"","","",""
"Lepilemur ruficaudatus","Nucleus_amygdalae_basalis_pars_magnocellularis_Vol.mm3","needs_review","unresolved candidate; no retained candidate",1,0,,,"","","",""
"Lepilemur ruficaudatus","Nucleus_habenularis_medialis_Vol.mm3","needs_review","unresolved candidate; no retained candidate",1,0,,,"","","",""
"Lepilemur ruficaudatus","Nucleus_septalis_triangularis_Vol.mm3","needs_review","unresolved candidate; no retained candidate",1,0,,,"","","",""
"Lepilemur ruficaudatus","Nucleus_subthalamicus_Vol.mm3","needs_review","unresolved candidate; no retained candidate",1,0,,,"","","",""
"Lepilemur ruficaudatus","Nucleus_tractus_olfactorius_Vol.mm3","needs_review","unresolved candidate; no retained candidate",1,0,,,"","","",""
"Lepilemur ruficaudatus","Nucleus_vestibularis_descendens_unilateral_Vol.mm3","needs_review","unresolved candidate; no retained candidate",2,0,,,"","","",""
"Lepilemur ruficaudatus","Nucleus_vestibularis_lateralis_unilateral_Vol.mm3","needs_review","unresolved candidate; no retained candidate",2,0,,,"","","",""
"Lepilemur ruficaudatus","Nucleus_vestibularis_medialis_unilateral_Vol.mm3","needs_review","unresolved candidate; no retained candidate",2,0,,,"","","",""
"Lepilemur ruficaudatus","Nucleus_vestibularis_superior_unilateral_Vol.mm3","needs_review","unresolved candidate; no retained candidate",2,0,,,"","","",""
"Lepilemur ruficaudatus","Palaeocortex_Vol.mm3","needs_review","unresolved candidate; no retained candidate",1,0,,,"","","",""
"Lepilemur ruficaudatus","Pallidum_Vol.mm3","needs_review","unresolved candidate; no retained candidate",1,0,,,"","","",""
"Lepilemur ruficaudatus","Schizo_cortex_Vol.mm3","needs_review","unresolved candidate; no retained candidate",1,0,,,"","","",""
"Lepilemur ruficaudatus","Septum_Vol.mm3","needs_review","unresolved candidate; no retained candidate",1,0,,,"","","",""
"Lepilemur ruficaudatus","Striatum_Vol.mm3","needs_review","unresolved candidate; no retained candidate",1,0,,,"","","",""
"Lepilemur ruficaudatus","Subthalamus_Vol.mm3","needs_review","unresolved candidate; no retained candidate",1,0,,,"","","",""
"Lepilemur ruficaudatus","Telencephalon_Vol.mm3","needs_review","unresolved candidate; no retained candidate",1,0,,,"","","",""
"Lepilemur ruficaudatus","Thalamus_Vol.mm3","needs_review","unresolved candidate; no retained candidate",1,0,,,"","","",""
"Lepilemur ruficaudatus","Total_brain_net_volume_Vol.mm3","needs_review","unresolved candidate; no retained candidate",1,0,,,"","","",""
"Lepilemur ruficaudatus","Tractus_opticus_Vol.mm3","needs_review","unresolved candidate; no retained candidate",1,0,,,"","","",""
"Lepilemur ruficaudatus","Ventral_pons_Vol.mm3","needs_review","unresolved candidate; no retained candidate",1,0,,,"","","",""
"Lepilemur ruficaudatus","Ventricles_Vol.mm3","needs_review","unresolved candidate; no retained candidate",1,0,,,"","","",""
"Lophocebus albigena","Agranular_insular_cortex_left_Vol.mm3","needs_review","unresolved candidate; no retained candidate",1,0,,,"","","",""
"Lophocebus albigena","Area_striata_grey_matter_Vol.mm3","needs_review","unresolved candidate; no retained candidate",1,0,,,"","","",""
"Lophocebus albigena","Area_striata_Vol.mm3","needs_review","unresolved candidate; no retained candidate",2,0,,,"","","",""
"Lophocebus albigena","Area_striata_white_matter_Vol.mm3","needs_review","unresolved candidate; no retained candidate",1,0,,,"","","",""
"Lophocebus albigena","Bulbus_olfactorius_accessorius_Vol.mm3","needs_review","unresolved candidate; no retained candidate",1,0,,,"","","",""
"Lophocebus albigena","Bulbus_olfactorius_Vol.mm3","needs_review","unresolved candidate; no retained candidate",1,0,,,"","","",""
"Lophocebus albigena","Capsula_interna_Vol.mm3","needs_review","unresolved candidate; no retained candidate",1,0,,,"","","",""
"Lophocebus albigena","Cerebellar_nuclei_total_Vol.mm3","needs_review","unresolved candidate; no retained candidate",1,0,,,"","","",""
"Lophocebus albigena","Cerebellum_Vol.mm3","needs_review","unresolved candidate; no retained candidate",1,0,,,"","","",""
"Lophocebus albigena","Complexus_vestibularis_unilateral_Vol.mm3","needs_review","unresolved candidate; no retained candidate",2,0,,,"","","",""
"Lophocebus albigena","Corpus_geniculatum_laterale_Vol.mm3","needs_review","unresolved candidate; no retained candidate",3,0,,,"","","",""
"Lophocebus albigena","Corpus_pineal_Vol.mm3","needs_review","unresolved candidate; no retained candidate",1,0,,,"","","",""
"Lophocebus albigena","Corpus_subcommissurale_Vol.mm3","needs_review","unresolved candidate; no retained candidate",1,0,,,"","","",""
"Lophocebus albigena","Corpus_subfornicale_Vol.mm3","needs_review","unresolved candidate; no retained candidate",1,0,,,"","","",""
"Lophocebus albigena","Diencephalon_Vol.mm3","needs_review","unresolved candidate; no retained candidate",1,0,,,"","","",""
"Lophocebus albigena","Dysgranular_insular_cortex_left_Vol.mm3","needs_review","unresolved candidate; no retained candidate",1,0,,,"","","",""
"Lophocebus albigena","Epithalamus_Vol.mm3","needs_review","unresolved candidate; no retained candidate",1,0,,,"","","",""
"Lophocebus albigena","Granular_insular_cortex_left_Vol.mm3","needs_review","unresolved candidate; no retained candidate",1,0,,,"","","",""
"Lophocebus albigena","Hippocampus_Vol.mm3","needs_review","unresolved candidate; no retained candidate",1,0,,,"","","",""
"Lophocebus albigena","Hypothalamus_Vol.mm3","needs_review","unresolved candidate; no retained candidate",1,0,,,"","","",""
"Lophocebus albigena","Insula_left_Vol.mm3","needs_review","unresolved candidate; no retained candidate",1,0,,,"","","",""
"Lophocebus albigena","Interpositus_cerebellar_nuclei_Vol.mm3","needs_review","unresolved candidate; no retained candidate",1,0,,,"","","",""
"Lophocebus albigena","Lateral_cerebellar_nuclei_Vol.mm3","needs_review","unresolved candidate; no retained candidate",1,0,,,"","","",""
"Lophocebus albigena","Lobus_piriformis_Vol.mm3","needs_review","unresolved candidate; no retained candidate",1,0,,,"","","",""
"Lophocebus albigena","Medial_cerebellar_nuclei_Vol.mm3","needs_review","unresolved candidate; no retained candidate",1,0,,,"","","",""
"Lophocebus albigena","Medulla_oblongata_Vol.mm3","needs_review","unresolved candidate; no retained candidate",1,0,,,"","","",""
"Lophocebus albigena","Mesencephalon_Vol.mm3","needs_review","unresolved candidate; no retained candidate",1,0,,,"","","",""
"Lophocebus albigena","Neocortex_Vol.mm3","needs_review","unresolved candidate; no retained candidate",1,0,,,"","","",""
"Lophocebus albigena","Nucleus_habenularis_medialis_Vol.mm3","needs_review","unresolved candidate; no retained candidate",1,0,,,"","","",""
"Lophocebus albigena","Nucleus_septalis_triangularis_Vol.mm3","needs_review","unresolved candidate; no retained candidate",1,0,,,"","","",""
"Lophocebus albigena","Nucleus_subthalamicus_Vol.mm3","needs_review","unresolved candidate; no retained candidate",1,0,,,"","","",""
"Lophocebus albigena","Nucleus_vestibularis_descendens_unilateral_Vol.mm3","needs_review","unresolved candidate; no retained candidate",2,0,,,"","","",""
"Lophocebus albigena","Nucleus_vestibularis_lateralis_unilateral_Vol.mm3","needs_review","unresolved candidate; no retained candidate",2,0,,,"","","",""
"Lophocebus albigena","Nucleus_vestibularis_medialis_unilateral_Vol.mm3","needs_review","unresolved candidate; no retained candidate",2,0,,,"","","",""
"Lophocebus albigena","Nucleus_vestibularis_superior_unilateral_Vol.mm3","needs_review","unresolved candidate; no retained candidate",2,0,,,"","","",""
"Lophocebus albigena","Pallidum_Vol.mm3","needs_review","unresolved candidate; no retained candidate",1,0,,,"","","",""
"Lophocebus albigena","Schizo_cortex_Vol.mm3","needs_review","unresolved candidate; no retained candidate",1,0,,,"","","",""
"Lophocebus albigena","Septum_Vol.mm3","needs_review","unresolved candidate; no retained candidate",1,0,,,"","","",""
"Lophocebus albigena","Striatum_Vol.mm3","needs_review","unresolved candidate; no retained candidate",1,0,,,"","","",""
"Lophocebus albigena","Subthalamus_Vol.mm3","needs_review","unresolved candidate; no retained candidate",1,0,,,"","","",""
"Lophocebus albigena","Telencephalon_Vol.mm3","needs_review","unresolved candidate; no retained candidate",1,0,,,"","","",""
"Lophocebus albigena","Thalamus_Vol.mm3","needs_review","unresolved candidate; no retained candidate",1,0,,,"","","",""
"Lophocebus albigena","Total_brain_net_volume_Vol.mm3","needs_review","unresolved candidate; no retained candidate",2,0,,,"","","",""
"Lophocebus albigena","Tractus_opticus_Vol.mm3","needs_review","unresolved candidate; no retained candidate",1,0,,,"","","",""
"Lophocebus albigena","Ventral_pons_Vol.mm3","needs_review","unresolved candidate; no retained candidate",1,0,,,"","","",""
"Lophocebus albigena","Ventricles_Vol.mm3","needs_review","unresolved candidate; no retained candidate",1,0,,,"","","",""
"Loris tardigradus","Agranular_insular_cortex_left_Vol.mm3","needs_review","unresolved candidate; no retained candidate",1,0,,,"","","",""
"Loris tardigradus","Area_striata_grey_matter_Vol.mm3","needs_review","unresolved candidate; no retained candidate",1,0,,,"","","",""
"Loris tardigradus","Area_striata_Vol.mm3","needs_review","unresolved candidate; no retained candidate",2,0,,,"","","",""
"Loris tardigradus","Area_striata_white_matter_Vol.mm3","needs_review","unresolved candidate; no retained candidate",1,0,,,"","","",""
"Loris tardigradus","Bulbus_olfactorius_accessorius_Vol.mm3","needs_review","unresolved candidate; no retained candidate",1,0,,,"","","",""
"Loris tardigradus","Bulbus_olfactorius_Vol.mm3","needs_review","unresolved candidate; no retained candidate",1,0,,,"","","",""
"Loris tardigradus","Capsula_interna_Vol.mm3","needs_review","unresolved candidate; no retained candidate",1,0,,,"","","",""
"Loris tardigradus","Cerebellar_nuclei_total_Vol.mm3","needs_review","unresolved candidate; no retained candidate",1,0,,,"","","",""
"Loris tardigradus","Cerebellum_Vol.mm3","needs_review","unresolved candidate; no retained candidate",1,0,,,"","","",""
"Loris tardigradus","Complexus_vestibularis_unilateral_Vol.mm3","needs_review","unresolved candidate; no retained candidate",2,0,,,"","","",""
"Loris tardigradus","Corpus_geniculatum_laterale_Vol.mm3","needs_review","unresolved candidate; no retained candidate",2,0,,,"","","",""
"Loris tardigradus","Corpus_pineal_Vol.mm3","needs_review","unresolved candidate; no retained candidate",1,0,,,"","","",""
"Loris tardigradus","Corpus_subcommissurale_Vol.mm3","needs_review","unresolved candidate; no retained candidate",1,0,,,"","","",""
"Loris tardigradus","Corpus_subfornicale_Vol.mm3","needs_review","unresolved candidate; no retained candidate",1,0,,,"","","",""
"Loris tardigradus","Diencephalon_Vol.mm3","needs_review","unresolved candidate; no retained candidate",1,0,,,"","","",""
"Loris tardigradus","Dysgranular_insular_cortex_left_Vol.mm3","needs_review","unresolved candidate; no retained candidate",1,0,,,"","","",""
"Loris tardigradus","Epithalamus_Vol.mm3","needs_review","unresolved candidate; no retained candidate",1,0,,,"","","",""
"Loris tardigradus","Granular_insular_cortex_left_Vol.mm3","needs_review","unresolved candidate; no retained candidate",1,0,,,"","","",""
"Loris tardigradus","Hippocampus_Vol.mm3","needs_review","unresolved candidate; no retained candidate",1,0,,,"","","",""
"Loris tardigradus","Hypothalamus_Vol.mm3","needs_review","unresolved candidate; no retained candidate",1,0,,,"","","",""
"Loris tardigradus","Insula_left_Vol.mm3","needs_review","unresolved candidate; no retained candidate",1,0,,,"","","",""
"Loris tardigradus","Interpositus_cerebellar_nuclei_Vol.mm3","needs_review","unresolved candidate; no retained candidate",1,0,,,"","","",""
"Loris tardigradus","Lateral_cerebellar_nuclei_Vol.mm3","needs_review","unresolved candidate; no retained candidate",1,0,,,"","","",""
"Loris tardigradus","Lobus_piriformis_Vol.mm3","needs_review","unresolved candidate; no retained candidate",1,0,,,"","","",""
"Loris tardigradus","Medial_cerebellar_nuclei_Vol.mm3","needs_review","unresolved candidate; no retained candidate",1,0,,,"","","",""
"Loris tardigradus","Medulla_oblongata_Vol.mm3","needs_review","unresolved candidate; no retained candidate",1,0,,,"","","",""
"Loris tardigradus","Mesencephalon_Vol.mm3","needs_review","unresolved candidate; no retained candidate",1,0,,,"","","",""
"Loris tardigradus","Neocortex_Vol.mm3","needs_review","unresolved candidate; no retained candidate",1,0,,,"","","",""
"Loris tardigradus","Nucleus_habenularis_medialis_Vol.mm3","needs_review","unresolved candidate; no retained candidate",1,0,,,"","","",""
"Loris tardigradus","Nucleus_septalis_triangularis_Vol.mm3","needs_review","unresolved candidate; no retained candidate",1,0,,,"","","",""
"Loris tardigradus","Nucleus_subthalamicus_Vol.mm3","needs_review","unresolved candidate; no retained candidate",1,0,,,"","","",""
"Loris tardigradus","Nucleus_vestibularis_descendens_unilateral_Vol.mm3","needs_review","unresolved candidate; no retained candidate",2,0,,,"","","",""
"Loris tardigradus","Nucleus_vestibularis_lateralis_unilateral_Vol.mm3","needs_review","unresolved candidate; no retained candidate",2,0,,,"","","",""
"Loris tardigradus","Nucleus_vestibularis_medialis_unilateral_Vol.mm3","needs_review","unresolved candidate; no retained candidate",2,0,,,"","","",""
"Loris tardigradus","Nucleus_vestibularis_superior_unilateral_Vol.mm3","needs_review","unresolved candidate; no retained candidate",2,0,,,"","","",""
"Loris tardigradus","Pallidum_Vol.mm3","needs_review","unresolved candidate; no retained candidate",1,0,,,"","","",""
"Loris tardigradus","Schizo_cortex_Vol.mm3","needs_review","unresolved candidate; no retained candidate",1,0,,,"","","",""
"Loris tardigradus","Septum_Vol.mm3","needs_review","unresolved candidate; no retained candidate",1,0,,,"","","",""
"Loris tardigradus","Striatum_Vol.mm3","needs_review","unresolved candidate; no retained candidate",1,0,,,"","","",""
"Loris tardigradus","Subthalamus_Vol.mm3","needs_review","unresolved candidate; no retained candidate",1,0,,,"","","",""
"Loris tardigradus","Telencephalon_Vol.mm3","needs_review","unresolved candidate; no retained candidate",1,0,,,"","","",""
"Loris tardigradus","Thalamus_Vol.mm3","needs_review","unresolved candidate; no retained candidate",1,0,,,"","","",""
"Loris tardigradus","Total_brain_net_volume_Vol.mm3","needs_review","unresolved candidate; no retained candidate",2,0,,,"","","",""
"Loris tardigradus","Tractus_opticus_Vol.mm3","needs_review","unresolved candidate; no retained candidate",1,0,,,"","","",""
"Loris tardigradus","Ventral_pons_Vol.mm3","needs_review","unresolved candidate; no retained candidate",1,0,,,"","","",""
"Loris tardigradus","Ventricles_Vol.mm3","needs_review","unresolved candidate; no retained candidate",1,0,,,"","","",""
"Macaca fascicularis","Area_striata_grey_matter_left_Vol.mm3","needs_review","unresolved candidate; no retained candidate",1,0,,,"","","",""
"Macaca fascicularis","Corpus_geniculatum_laterale_left_Vol.mm3","needs_review","unresolved candidate; no retained candidate",1,0,,,"","","",""
"Macaca fascicularis","Corpus_geniculatum_laterale_Vol.mm3","needs_review","unresolved candidate; no retained candidate",1,0,,,"","","",""
"Macaca fascicularis","Total_brain_net_volume_Vol.mm3","needs_review","unresolved candidate; no retained candidate",1,0,,,"","","",""
"Macaca maura","Agranular_insular_cortex_left_Vol.mm3","needs_review","unresolved candidate; no retained candidate",1,0,,,"","","",""
"Macaca maura","Dysgranular_insular_cortex_left_Vol.mm3","needs_review","unresolved candidate; no retained candidate",1,0,,,"","","",""
"Macaca maura","Granular_insular_cortex_left_Vol.mm3","needs_review","unresolved candidate; no retained candidate",1,0,,,"","","",""
"Macaca maura","Insula_left_Vol.mm3","needs_review","unresolved candidate; no retained candidate",1,0,,,"","","",""
"Macaca maura","Total_brain_net_volume_Vol.mm3","needs_review","unresolved candidate; no retained candidate",1,0,,,"","","",""
"Macaca mulatta","Area_striata_grey_matter_Vol.mm3","needs_review","unresolved candidate; no retained candidate",1,0,,,"","","",""
"Macaca mulatta","Area_striata_Vol.mm3","needs_review","unresolved candidate; no retained candidate",2,0,,,"","","",""
"Macaca mulatta","Area_striata_white_matter_Vol.mm3","needs_review","unresolved candidate; no retained candidate",1,0,,,"","","",""
"Macaca mulatta","Bulbus_olfactorius_accessorius_Vol.mm3","needs_review","unresolved candidate; no retained candidate",1,0,,,"","","",""
"Macaca mulatta","Bulbus_olfactorius_Vol.mm3","needs_review","unresolved candidate; no retained candidate",1,0,,,"","","",""
"Macaca mulatta","Cerebellar_nuclei_total_Vol.mm3","needs_review","unresolved candidate; no retained candidate",1,0,,,"","","",""
"Macaca mulatta","Cerebellum_Vol.mm3","needs_review","unresolved candidate; no retained candidate",1,0,,,"","","",""
"Macaca mulatta","Complexus_vestibularis_unilateral_Vol.mm3","needs_review","unresolved candidate; no retained candidate",1,0,,,"","","",""
"Macaca mulatta","Corpus_geniculatum_laterale_Vol.mm3","needs_review","unresolved candidate; no retained candidate",3,0,,,"","","",""
"Macaca mulatta","Corpus_pineal_Vol.mm3","needs_review","unresolved candidate; no retained candidate",1,0,,,"","","",""
"Macaca mulatta","Corpus_subcommissurale_Vol.mm3","needs_review","unresolved candidate; no retained candidate",1,0,,,"","","",""
"Macaca mulatta","Corpus_subfornicale_Vol.mm3","needs_review","unresolved candidate; no retained candidate",1,0,,,"","","",""
"Macaca mulatta","Diencephalon_Vol.mm3","needs_review","unresolved candidate; no retained candidate",1,0,,,"","","",""
"Macaca mulatta","Hippocampus_Vol.mm3","needs_review","unresolved candidate; no retained candidate",1,0,,,"","","",""
"Macaca mulatta","Interpositus_cerebellar_nuclei_Vol.mm3","needs_review","unresolved candidate; no retained candidate",1,0,,,"","","",""
"Macaca mulatta","Lateral_cerebellar_nuclei_Vol.mm3","needs_review","unresolved candidate; no retained candidate",1,0,,,"","","",""
"Macaca mulatta","Lobus_piriformis_Vol.mm3","needs_review","unresolved candidate; no retained candidate",1,0,,,"","","",""
"Macaca mulatta","Medial_cerebellar_nuclei_Vol.mm3","needs_review","unresolved candidate; no retained candidate",1,0,,,"","","",""
"Macaca mulatta","Medulla_oblongata_Vol.mm3","needs_review","unresolved candidate; no retained candidate",1,0,,,"","","",""
"Macaca mulatta","Mesencephalon_Vol.mm3","needs_review","unresolved candidate; no retained candidate",1,0,,,"","","",""
"Macaca mulatta","Neocortex_Vol.mm3","needs_review","unresolved candidate; no retained candidate",1,0,,,"","","",""
"Macaca mulatta","Nucleus_habenularis_medialis_Vol.mm3","needs_review","unresolved candidate; no retained candidate",1,0,,,"","","",""
"Macaca mulatta","Nucleus_septalis_triangularis_Vol.mm3","needs_review","unresolved candidate; no retained candidate",1,0,,,"","","",""
"Macaca mulatta","Nucleus_vestibularis_descendens_unilateral_Vol.mm3","needs_review","unresolved candidate; no retained candidate",1,0,,,"","","",""
"Macaca mulatta","Nucleus_vestibularis_lateralis_unilateral_Vol.mm3","needs_review","unresolved candidate; no retained candidate",1,0,,,"","","",""
"Macaca mulatta","Nucleus_vestibularis_medialis_unilateral_Vol.mm3","needs_review","unresolved candidate; no retained candidate",1,0,,,"","","",""
"Macaca mulatta","Nucleus_vestibularis_superior_unilateral_Vol.mm3","needs_review","unresolved candidate; no retained candidate",1,0,,,"","","",""
"Macaca mulatta","Schizo_cortex_Vol.mm3","needs_review","unresolved candidate; no retained candidate",1,0,,,"","","",""
"Macaca mulatta","Septum_Vol.mm3","needs_review","unresolved candidate; no retained candidate",1,0,,,"","","",""
"Macaca mulatta","Striatum_Vol.mm3","needs_review","unresolved candidate; no retained candidate",1,0,,,"","","",""
"Macaca mulatta","Telencephalon_Vol.mm3","needs_review","unresolved candidate; no retained candidate",1,0,,,"","","",""
"Macaca mulatta","Total_brain_net_volume_Vol.mm3","needs_review","unresolved candidate; no retained candidate",1,0,,,"","","",""
"Macaca mulatta","Ventral_pons_Vol.mm3","needs_review","unresolved candidate; no retained candidate",1,0,,,"","","",""
"Macaca mulatta","Ventricles_Vol.mm3","needs_review","unresolved candidate; no retained candidate",1,0,,,"","","",""
"Microcebus murinus","Amygdala_Vol.mm3","needs_review","unresolved candidate; no retained candidate",1,0,,,"","","",""
"Microcebus murinus","Area_striata_grey_matter_Vol.mm3","needs_review","unresolved candidate; no retained candidate",1,0,,,"","","",""
"Microcebus murinus","Area_striata_lamina_1_Vol.mm3","needs_review","unresolved candidate; no retained candidate",1,0,,,"","","",""
"Microcebus murinus","Area_striata_laminae_2_6_Vol.mm3","needs_review","unresolved candidate; no retained candidate",1,0,,,"","","",""
"Microcebus murinus","Area_striata_Vol.mm3","needs_review","unresolved candidate; no retained candidate",2,0,,,"","","",""
"Microcebus murinus","Area_striata_white_matter_Vol.mm3","needs_review","unresolved candidate; no retained candidate",1,0,,,"","","",""
"Microcebus murinus","Bulbus_olfactorius_accessorius_Vol.mm3","needs_review","unresolved candidate; no retained candidate",1,0,,,"","","",""
"Microcebus murinus","Bulbus_olfactorius_Vol.mm3","needs_review","unresolved candidate; no retained candidate",1,0,,,"","","",""
"Microcebus murinus","Capsula_interna_Vol.mm3","needs_review","unresolved candidate; no retained candidate",1,0,,,"","","",""
"Microcebus murinus","Cerebellar_nuclei_total_Vol.mm3","needs_review","unresolved candidate; no retained candidate",1,0,,,"","","",""
"Microcebus murinus","Cerebellum_Vol.mm3","needs_review","unresolved candidate; no retained candidate",1,0,,,"","","",""
"Microcebus murinus","Complexus_centromedialis_Vol.mm3","needs_review","unresolved candidate; no retained candidate",1,0,,,"","","",""
"Microcebus murinus","Complexus_corticobasolateralis_Vol.mm3","needs_review","unresolved candidate; no retained candidate",1,0,,,"","","",""
"Microcebus murinus","Complexus_vestibularis_unilateral_Vol.mm3","needs_review","unresolved candidate; no retained candidate",2,0,,,"","","",""
"Microcebus murinus","Corpus_geniculatum_laterale_Vol.mm3","needs_review","unresolved candidate; no retained candidate",2,0,,,"","","",""
"Microcebus murinus","Corpus_pineal_Vol.mm3","needs_review","unresolved candidate; no retained candidate",1,0,,,"","","",""
"Microcebus murinus","Corpus_subcommissurale_Vol.mm3","needs_review","unresolved candidate; no retained candidate",1,0,,,"","","",""
"Microcebus murinus","Corpus_subfornicale_Vol.mm3","needs_review","unresolved candidate; no retained candidate",1,0,,,"","","",""
"Microcebus murinus","Diencephalon_Vol.mm3","needs_review","unresolved candidate; no retained candidate",1,0,,,"","","",""
"Microcebus murinus","Epithalamus_Vol.mm3","needs_review","unresolved candidate; no retained candidate",1,0,,,"","","",""
"Microcebus murinus","Hippocampus_Vol.mm3","needs_review","unresolved candidate; no retained candidate",1,0,,,"","","",""
"Microcebus murinus","Hypothalamus_Vol.mm3","needs_review","unresolved candidate; no retained candidate",1,0,,,"","","",""
"Microcebus murinus","Interpositus_cerebellar_nuclei_Vol.mm3","needs_review","unresolved candidate; no retained candidate",1,0,,,"","","",""
"Microcebus murinus","Lateral_cerebellar_nuclei_Vol.mm3","needs_review","unresolved candidate; no retained candidate",1,0,,,"","","",""
"Microcebus murinus","Lobus_piriformis_Vol.mm3","needs_review","unresolved candidate; no retained candidate",1,0,,,"","","",""
"Microcebus murinus","Medial_cerebellar_nuclei_Vol.mm3","needs_review","unresolved candidate; no retained candidate",1,0,,,"","","",""
"Microcebus murinus","Medulla_oblongata_Vol.mm3","needs_review","unresolved candidate; no retained candidate",1,0,,,"","","",""
"Microcebus murinus","Mesencephalon_Vol.mm3","needs_review","unresolved candidate; no retained candidate",1,0,,,"","","",""
"Microcebus murinus","Neocortex_grey_matter_Vol.mm3","needs_review","unresolved candidate; no retained candidate",1,0,,,"","","",""
"Microcebus murinus","Neocortex_lamina_1_Vol.mm3","needs_review","unresolved candidate; no retained candidate",1,0,,,"","","",""
"Microcebus murinus","Neocortex_laminae_2_6_Vol.mm3","needs_review","unresolved candidate; no retained candidate",1,0,,,"","","",""
"Microcebus murinus","Neocortex_Vol.mm3","needs_review","unresolved candidate; no retained candidate",2,0,,,"","","",""
"Microcebus murinus","Neocortex_white_matter_Vol.mm3","needs_review","unresolved candidate; no retained candidate",1,0,,,"","","",""
"Microcebus murinus","Nucleus_habenularis_medialis_Vol.mm3","needs_review","unresolved candidate; no retained candidate",1,0,,,"","","",""
"Microcebus murinus","Nucleus_septalis_triangularis_Vol.mm3","needs_review","unresolved candidate; no retained candidate",1,0,,,"","","",""
"Microcebus murinus","Nucleus_subthalamicus_Vol.mm3","needs_review","unresolved candidate; no retained candidate",1,0,,,"","","",""
"Microcebus murinus","Nucleus_tractus_olfactorius_Vol.mm3","needs_review","unresolved candidate; no retained candidate",1,0,,,"","","",""
"Microcebus murinus","Nucleus_vestibularis_descendens_unilateral_Vol.mm3","needs_review","unresolved candidate; no retained candidate",2,0,,,"","","",""
"Microcebus murinus","Nucleus_vestibularis_lateralis_unilateral_Vol.mm3","needs_review","unresolved candidate; no retained candidate",2,0,,,"","","",""
"Microcebus murinus","Nucleus_vestibularis_medialis_unilateral_Vol.mm3","needs_review","unresolved candidate; no retained candidate",2,0,,,"","","",""
"Microcebus murinus","Nucleus_vestibularis_superior_unilateral_Vol.mm3","needs_review","unresolved candidate; no retained candidate",2,0,,,"","","",""
"Microcebus murinus","Palaeocortex_Vol.mm3","needs_review","unresolved candidate; no retained candidate",1,0,,,"","","",""
"Microcebus murinus","Pallidum_Vol.mm3","needs_review","unresolved candidate; no retained candidate",1,0,,,"","","",""
"Microcebus murinus","Schizo_cortex_Vol.mm3","needs_review","unresolved candidate; no retained candidate",1,0,,,"","","",""
"Microcebus murinus","Septum_Vol.mm3","needs_review","unresolved candidate; no retained candidate",1,0,,,"","","",""
"Microcebus murinus","Striatum_Vol.mm3","needs_review","unresolved candidate; no retained candidate",1,0,,,"","","",""
"Microcebus murinus","Subthalamus_Vol.mm3","needs_review","unresolved candidate; no retained candidate",1,0,,,"","","",""
"Microcebus murinus","Telencephalon_Vol.mm3","needs_review","unresolved candidate; no retained candidate",1,0,,,"","","",""
"Microcebus murinus","Thalamus_Vol.mm3","needs_review","unresolved candidate; no retained candidate",1,0,,,"","","",""
"Microcebus murinus","Total_brain_net_volume_Vol.mm3","needs_review","unresolved candidate; no retained candidate",1,0,,,"","","",""
"Microcebus murinus","Tractus_opticus_Vol.mm3","needs_review","unresolved candidate; no retained candidate",1,0,,,"","","",""
"Microcebus murinus","Ventral_pons_Vol.mm3","needs_review","unresolved candidate; no retained candidate",1,0,,,"","","",""
"Microcebus murinus","Ventricles_Vol.mm3","needs_review","unresolved candidate; no retained candidate",1,0,,,"","","",""
"Miopithecus talapoin","Area_striata_grey_matter_Vol.mm3","needs_review","unresolved candidate; no retained candidate",1,0,,,"","","",""
"Miopithecus talapoin","Area_striata_Vol.mm3","needs_review","unresolved candidate; no retained candidate",2,0,,,"","","",""
"Miopithecus talapoin","Area_striata_white_matter_Vol.mm3","needs_review","unresolved candidate; no retained candidate",1,0,,,"","","",""
"Miopithecus talapoin","Bulbus_olfactorius_accessorius_Vol.mm3","needs_review","unresolved candidate; no retained candidate",1,0,,,"","","",""
"Miopithecus talapoin","Bulbus_olfactorius_Vol.mm3","needs_review","unresolved candidate; no retained candidate",1,0,,,"","","",""
"Miopithecus talapoin","Cerebellar_nuclei_total_Vol.mm3","needs_review","unresolved candidate; no retained candidate",1,0,,,"","","",""
"Miopithecus talapoin","Cerebellum_Vol.mm3","needs_review","unresolved candidate; no retained candidate",1,0,,,"","","",""
"Miopithecus talapoin","Complexus_vestibularis_unilateral_Vol.mm3","needs_review","unresolved candidate; no retained candidate",1,0,,,"","","",""
"Miopithecus talapoin","Corpus_geniculatum_laterale_Vol.mm3","needs_review","unresolved candidate; no retained candidate",3,0,,,"","","",""
"Miopithecus talapoin","Corpus_pineal_Vol.mm3","needs_review","unresolved candidate; no retained candidate",1,0,,,"","","",""
"Miopithecus talapoin","Corpus_subcommissurale_Vol.mm3","needs_review","unresolved candidate; no retained candidate",1,0,,,"","","",""
"Miopithecus talapoin","Corpus_subfornicale_Vol.mm3","needs_review","unresolved candidate; no retained candidate",1,0,,,"","","",""
"Miopithecus talapoin","Diencephalon_Vol.mm3","needs_review","unresolved candidate; no retained candidate",1,0,,,"","","",""
"Miopithecus talapoin","Hippocampus_Vol.mm3","needs_review","unresolved candidate; no retained candidate",1,0,,,"","","",""
"Miopithecus talapoin","Interpositus_cerebellar_nuclei_Vol.mm3","needs_review","unresolved candidate; no retained candidate",1,0,,,"","","",""
"Miopithecus talapoin","Lateral_cerebellar_nuclei_Vol.mm3","needs_review","unresolved candidate; no retained candidate",1,0,,,"","","",""
"Miopithecus talapoin","Lobus_piriformis_Vol.mm3","needs_review","unresolved candidate; no retained candidate",1,0,,,"","","",""
"Miopithecus talapoin","Medial_cerebellar_nuclei_Vol.mm3","needs_review","unresolved candidate; no retained candidate",1,0,,,"","","",""
"Miopithecus talapoin","Medulla_oblongata_Vol.mm3","needs_review","unresolved candidate; no retained candidate",1,0,,,"","","",""
"Miopithecus talapoin","Mesencephalon_Vol.mm3","needs_review","unresolved candidate; no retained candidate",1,0,,,"","","",""
"Miopithecus talapoin","Neocortex_Vol.mm3","needs_review","unresolved candidate; no retained candidate",1,0,,,"","","",""
"Miopithecus talapoin","Nucleus_habenularis_medialis_Vol.mm3","needs_review","unresolved candidate; no retained candidate",1,0,,,"","","",""
"Miopithecus talapoin","Nucleus_septalis_triangularis_Vol.mm3","needs_review","unresolved candidate; no retained candidate",1,0,,,"","","",""
"Miopithecus talapoin","Nucleus_vestibularis_descendens_unilateral_Vol.mm3","needs_review","unresolved candidate; no retained candidate",1,0,,,"","","",""
"Miopithecus talapoin","Nucleus_vestibularis_lateralis_unilateral_Vol.mm3","needs_review","unresolved candidate; no retained candidate",1,0,,,"","","",""
"Miopithecus talapoin","Nucleus_vestibularis_medialis_unilateral_Vol.mm3","needs_review","unresolved candidate; no retained candidate",1,0,,,"","","",""
"Miopithecus talapoin","Nucleus_vestibularis_superior_unilateral_Vol.mm3","needs_review","unresolved candidate; no retained candidate",1,0,,,"","","",""
"Miopithecus talapoin","Schizo_cortex_Vol.mm3","needs_review","unresolved candidate; no retained candidate",1,0,,,"","","",""
"Miopithecus talapoin","Septum_Vol.mm3","needs_review","unresolved candidate; no retained candidate",1,0,,,"","","",""
"Miopithecus talapoin","Striatum_Vol.mm3","needs_review","unresolved candidate; no retained candidate",1,0,,,"","","",""
"Miopithecus talapoin","Telencephalon_Vol.mm3","needs_review","unresolved candidate; no retained candidate",1,0,,,"","","",""
"Miopithecus talapoin","Total_brain_net_volume_Vol.mm3","needs_review","unresolved candidate; no retained candidate",1,0,,,"","","",""
"Miopithecus talapoin","Ventral_pons_Vol.mm3","needs_review","unresolved candidate; no retained candidate",1,0,,,"","","",""
"Miopithecus talapoin","Ventricles_Vol.mm3","needs_review","unresolved candidate; no retained candidate",1,0,,,"","","",""
"Nasalis larvatus","Bulbus_olfactorius_accessorius_Vol.mm3","needs_review","unresolved candidate; no retained candidate",1,0,,,"","","",""
"Nasalis larvatus","Bulbus_olfactorius_Vol.mm3","needs_review","unresolved candidate; no retained candidate",1,0,,,"","","",""
"Nasalis larvatus","Capsula_interna_Vol.mm3","needs_review","unresolved candidate; no retained candidate",1,0,,,"","","",""
"Nasalis larvatus","Cerebellar_nuclei_total_Vol.mm3","needs_review","unresolved candidate; no retained candidate",1,0,,,"","","",""
"Nasalis larvatus","Cerebellum_Vol.mm3","needs_review","unresolved candidate; no retained candidate",1,0,,,"","","",""
"Nasalis larvatus","Complexus_vestibularis_unilateral_Vol.mm3","needs_review","unresolved candidate; no retained candidate",2,0,,,"","","",""
"Nasalis larvatus","Corpus_geniculatum_laterale_Vol.mm3","needs_review","unresolved candidate; no retained candidate",1,0,,,"","","",""
"Nasalis larvatus","Diencephalon_Vol.mm3","needs_review","unresolved candidate; no retained candidate",1,0,,,"","","",""
"Nasalis larvatus","Epithalamus_Vol.mm3","needs_review","unresolved candidate; no retained candidate",1,0,,,"","","",""
"Nasalis larvatus","Hippocampus_Vol.mm3","needs_review","unresolved candidate; no retained candidate",1,0,,,"","","",""
"Nasalis larvatus","Hypothalamus_Vol.mm3","needs_review","unresolved candidate; no retained candidate",1,0,,,"","","",""
"Nasalis larvatus","Interpositus_cerebellar_nuclei_Vol.mm3","needs_review","unresolved candidate; no retained candidate",1,0,,,"","","",""
"Nasalis larvatus","Lateral_cerebellar_nuclei_Vol.mm3","needs_review","unresolved candidate; no retained candidate",1,0,,,"","","",""
"Nasalis larvatus","Lobus_piriformis_Vol.mm3","needs_review","unresolved candidate; no retained candidate",1,0,,,"","","",""
"Nasalis larvatus","Medial_cerebellar_nuclei_Vol.mm3","needs_review","unresolved candidate; no retained candidate",1,0,,,"","","",""
"Nasalis larvatus","Medulla_oblongata_Vol.mm3","needs_review","unresolved candidate; no retained candidate",1,0,,,"","","",""
"Nasalis larvatus","Mesencephalon_Vol.mm3","needs_review","unresolved candidate; no retained candidate",1,0,,,"","","",""
"Nasalis larvatus","Neocortex_Vol.mm3","needs_review","unresolved candidate; no retained candidate",1,0,,,"","","",""
"Nasalis larvatus","Nucleus_subthalamicus_Vol.mm3","needs_review","unresolved candidate; no retained candidate",1,0,,,"","","",""
"Nasalis larvatus","Nucleus_vestibularis_descendens_unilateral_Vol.mm3","needs_review","unresolved candidate; no retained candidate",2,0,,,"","","",""
"Nasalis larvatus","Nucleus_vestibularis_lateralis_unilateral_Vol.mm3","needs_review","unresolved candidate; no retained candidate",2,0,,,"","","",""
"Nasalis larvatus","Nucleus_vestibularis_medialis_unilateral_Vol.mm3","needs_review","unresolved candidate; no retained candidate",2,0,,,"","","",""
"Nasalis larvatus","Nucleus_vestibularis_superior_unilateral_Vol.mm3","needs_review","unresolved candidate; no retained candidate",2,0,,,"","","",""
"Nasalis larvatus","Pallidum_Vol.mm3","needs_review","unresolved candidate; no retained candidate",1,0,,,"","","",""
"Nasalis larvatus","Schizo_cortex_Vol.mm3","needs_review","unresolved candidate; no retained candidate",1,0,,,"","","",""
"Nasalis larvatus","Septum_Vol.mm3","needs_review","unresolved candidate; no retained candidate",1,0,,,"","","",""
"Nasalis larvatus","Striatum_Vol.mm3","needs_review","unresolved candidate; no retained candidate",1,0,,,"","","",""
"Nasalis larvatus","Subthalamus_Vol.mm3","needs_review","unresolved candidate; no retained candidate",1,0,,,"","","",""
"Nasalis larvatus","Telencephalon_Vol.mm3","needs_review","unresolved candidate; no retained candidate",1,0,,,"","","",""
"Nasalis larvatus","Thalamus_Vol.mm3","needs_review","unresolved candidate; no retained candidate",1,0,,,"","","",""
"Nasalis larvatus","Total_brain_net_volume_Vol.mm3","needs_review","unresolved candidate; no retained candidate",1,0,,,"","","",""
"Nasalis larvatus","Tractus_opticus_Vol.mm3","needs_review","unresolved candidate; no retained candidate",1,0,,,"","","",""
"Nasalis larvatus","Ventral_pons_Vol.mm3","needs_review","unresolved candidate; no retained candidate",1,0,,,"","","",""
"Nasalis larvatus","Ventricles_Vol.mm3","needs_review","unresolved candidate; no retained candidate",1,0,,,"","","",""
"Nycticebus coucang","Area_striata_grey_matter_Vol.mm3","needs_review","unresolved candidate; no retained candidate",1,0,,,"","","",""
"Nycticebus coucang","Area_striata_lamina_1_Vol.mm3","needs_review","unresolved candidate; no retained candidate",1,0,,,"","","",""
"Nycticebus coucang","Area_striata_laminae_2_6_Vol.mm3","needs_review","unresolved candidate; no retained candidate",1,0,,,"","","",""
"Nycticebus coucang","Area_striata_Vol.mm3","needs_review","unresolved candidate; no retained candidate",2,0,,,"","","",""
"Nycticebus coucang","Area_striata_white_matter_Vol.mm3","needs_review","unresolved candidate; no retained candidate",1,0,,,"","","",""
"Nycticebus coucang","Bulbus_olfactorius_accessorius_Vol.mm3","needs_review","unresolved candidate; no retained candidate",1,0,,,"","","",""
"Nycticebus coucang","Bulbus_olfactorius_Vol.mm3","needs_review","unresolved candidate; no retained candidate",1,0,,,"","","",""
"Nycticebus coucang","Cerebellar_nuclei_total_Vol.mm3","needs_review","unresolved candidate; no retained candidate",1,0,,,"","","",""
"Nycticebus coucang","Cerebellum_Vol.mm3","needs_review","unresolved candidate; no retained candidate",1,0,,,"","","",""
"Nycticebus coucang","Complexus_vestibularis_unilateral_Vol.mm3","needs_review","unresolved candidate; no retained candidate",1,0,,,"","","",""
"Nycticebus coucang","Corpus_geniculatum_laterale_Vol.mm3","needs_review","unresolved candidate; no retained candidate",2,0,,,"","","",""
"Nycticebus coucang","Corpus_pineal_Vol.mm3","needs_review","unresolved candidate; no retained candidate",1,0,,,"","","",""
"Nycticebus coucang","Corpus_subcommissurale_Vol.mm3","needs_review","unresolved candidate; no retained candidate",1,0,,,"","","",""
"Nycticebus coucang","Corpus_subfornicale_Vol.mm3","needs_review","unresolved candidate; no retained candidate",1,0,,,"","","",""
"Nycticebus coucang","Diencephalon_Vol.mm3","needs_review","unresolved candidate; no retained candidate",1,0,,,"","","",""
"Nycticebus coucang","Hippocampus_Vol.mm3","needs_review","unresolved candidate; no retained candidate",1,0,,,"","","",""
"Nycticebus coucang","Interpositus_cerebellar_nuclei_Vol.mm3","needs_review","unresolved candidate; no retained candidate",1,0,,,"","","",""
"Nycticebus coucang","Lateral_cerebellar_nuclei_Vol.mm3","needs_review","unresolved candidate; no retained candidate",1,0,,,"","","",""
"Nycticebus coucang","Lobus_piriformis_Vol.mm3","needs_review","unresolved candidate; no retained candidate",1,0,,,"","","",""
"Nycticebus coucang","Medial_cerebellar_nuclei_Vol.mm3","needs_review","unresolved candidate; no retained candidate",1,0,,,"","","",""
"Nycticebus coucang","Medulla_oblongata_Vol.mm3","needs_review","unresolved candidate; no retained candidate",1,0,,,"","","",""
"Nycticebus coucang","Mesencephalon_Vol.mm3","needs_review","unresolved candidate; no retained candidate",1,0,,,"","","",""
"Nycticebus coucang","Neocortex_grey_matter_Vol.mm3","needs_review","unresolved candidate; no retained candidate",1,0,,,"","","",""
"Nycticebus coucang","Neocortex_lamina_1_Vol.mm3","needs_review","unresolved candidate; no retained candidate",1,0,,,"","","",""
"Nycticebus coucang","Neocortex_laminae_2_6_Vol.mm3","needs_review","unresolved candidate; no retained candidate",1,0,,,"","","",""
"Nycticebus coucang","Neocortex_Vol.mm3","needs_review","unresolved candidate; no retained candidate",2,0,,,"","","",""
"Nycticebus coucang","Neocortex_white_matter_Vol.mm3","needs_review","unresolved candidate; no retained candidate",1,0,,,"","","",""
"Nycticebus coucang","Nucleus_habenularis_medialis_Vol.mm3","needs_review","unresolved candidate; no retained candidate",1,0,,,"","","",""
"Nycticebus coucang","Nucleus_septalis_triangularis_Vol.mm3","needs_review","unresolved candidate; no retained candidate",1,0,,,"","","",""
"Nycticebus coucang","Nucleus_vestibularis_descendens_unilateral_Vol.mm3","needs_review","unresolved candidate; no retained candidate",1,0,,,"","","",""
"Nycticebus coucang","Nucleus_vestibularis_lateralis_unilateral_Vol.mm3","needs_review","unresolved candidate; no retained candidate",1,0,,,"","","",""
"Nycticebus coucang","Nucleus_vestibularis_medialis_unilateral_Vol.mm3","needs_review","unresolved candidate; no retained candidate",1,0,,,"","","",""
"Nycticebus coucang","Nucleus_vestibularis_superior_unilateral_Vol.mm3","needs_review","unresolved candidate; no retained candidate",1,0,,,"","","",""
"Nycticebus coucang","Schizo_cortex_Vol.mm3","needs_review","unresolved candidate; no retained candidate",1,0,,,"","","",""
"Nycticebus coucang","Septum_Vol.mm3","needs_review","unresolved candidate; no retained candidate",1,0,,,"","","",""
"Nycticebus coucang","Striatum_Vol.mm3","needs_review","unresolved candidate; no retained candidate",1,0,,,"","","",""
"Nycticebus coucang","Telencephalon_Vol.mm3","needs_review","unresolved candidate; no retained candidate",1,0,,,"","","",""
"Nycticebus coucang","Total_brain_net_volume_Vol.mm3","needs_review","unresolved candidate; no retained candidate",1,0,,,"","","",""
"Nycticebus coucang","Ventral_pons_Vol.mm3","needs_review","unresolved candidate; no retained candidate",1,0,,,"","","",""
"Nycticebus coucang","Ventricles_Vol.mm3","needs_review","unresolved candidate; no retained candidate",1,0,,,"","","",""
"Otolemur crassicaudatus","Area_striata_grey_matter_Vol.mm3","needs_review","unresolved candidate; no retained candidate",1,0,,,"","","",""
"Otolemur crassicaudatus","Area_striata_Vol.mm3","needs_review","unresolved candidate; no retained candidate",2,0,,,"","","",""
"Otolemur crassicaudatus","Area_striata_white_matter_Vol.mm3","needs_review","unresolved candidate; no retained candidate",1,0,,,"","","",""
"Otolemur crassicaudatus","Bulbus_olfactorius_accessorius_Vol.mm3","needs_review","unresolved candidate; no retained candidate",1,0,,,"","","",""
"Otolemur crassicaudatus","Bulbus_olfactorius_Vol.mm3","needs_review","unresolved candidate; no retained candidate",1,0,,,"","","",""
"Otolemur crassicaudatus","Capsula_interna_Vol.mm3","needs_review","unresolved candidate; no retained candidate",1,0,,,"","","",""
"Otolemur crassicaudatus","Cerebellar_nuclei_total_Vol.mm3","needs_review","unresolved candidate; no retained candidate",1,0,,,"","","",""
"Otolemur crassicaudatus","Cerebellum_Vol.mm3","needs_review","unresolved candidate; no retained candidate",1,0,,,"","","",""
"Otolemur crassicaudatus","Complexus_vestibularis_unilateral_Vol.mm3","needs_review","unresolved candidate; no retained candidate",2,0,,,"","","",""
"Otolemur crassicaudatus","Corpus_geniculatum_laterale_Vol.mm3","needs_review","unresolved candidate; no retained candidate",2,0,,,"","","",""
"Otolemur crassicaudatus","Corpus_pineal_Vol.mm3","needs_review","unresolved candidate; no retained candidate",1,0,,,"","","",""
"Otolemur crassicaudatus","Corpus_subcommissurale_Vol.mm3","needs_review","unresolved candidate; no retained candidate",1,0,,,"","","",""
"Otolemur crassicaudatus","Corpus_subfornicale_Vol.mm3","needs_review","unresolved candidate; no retained candidate",1,0,,,"","","",""
"Otolemur crassicaudatus","Diencephalon_Vol.mm3","needs_review","unresolved candidate; no retained candidate",1,0,,,"","","",""
"Otolemur crassicaudatus","Epithalamus_Vol.mm3","needs_review","unresolved candidate; no retained candidate",1,0,,,"","","",""
"Otolemur crassicaudatus","Hippocampus_Vol.mm3","needs_review","unresolved candidate; no retained candidate",1,0,,,"","","",""
"Otolemur crassicaudatus","Hypothalamus_Vol.mm3","needs_review","unresolved candidate; no retained candidate",1,0,,,"","","",""
"Otolemur crassicaudatus","Interpositus_cerebellar_nuclei_Vol.mm3","needs_review","unresolved candidate; no retained candidate",1,0,,,"","","",""
"Otolemur crassicaudatus","Lateral_cerebellar_nuclei_Vol.mm3","needs_review","unresolved candidate; no retained candidate",1,0,,,"","","",""
"Otolemur crassicaudatus","Lobus_piriformis_Vol.mm3","needs_review","unresolved candidate; no retained candidate",1,0,,,"","","",""
"Otolemur crassicaudatus","Medial_cerebellar_nuclei_Vol.mm3","needs_review","unresolved candidate; no retained candidate",1,0,,,"","","",""
"Otolemur crassicaudatus","Medulla_oblongata_Vol.mm3","needs_review","unresolved candidate; no retained candidate",1,0,,,"","","",""
"Otolemur crassicaudatus","Mesencephalon_Vol.mm3","needs_review","unresolved candidate; no retained candidate",1,0,,,"","","",""
"Otolemur crassicaudatus","Neocortex_Vol.mm3","needs_review","unresolved candidate; no retained candidate",1,0,,,"","","",""
"Otolemur crassicaudatus","Nucleus_habenularis_medialis_Vol.mm3","needs_review","unresolved candidate; no retained candidate",1,0,,,"","","",""
"Otolemur crassicaudatus","Nucleus_septalis_triangularis_Vol.mm3","needs_review","unresolved candidate; no retained candidate",1,0,,,"","","",""
"Otolemur crassicaudatus","Nucleus_subthalamicus_Vol.mm3","needs_review","unresolved candidate; no retained candidate",1,0,,,"","","",""
"Otolemur crassicaudatus","Nucleus_vestibularis_descendens_unilateral_Vol.mm3","needs_review","unresolved candidate; no retained candidate",2,0,,,"","","",""
"Otolemur crassicaudatus","Nucleus_vestibularis_lateralis_unilateral_Vol.mm3","needs_review","unresolved candidate; no retained candidate",2,0,,,"","","",""
"Otolemur crassicaudatus","Nucleus_vestibularis_medialis_unilateral_Vol.mm3","needs_review","unresolved candidate; no retained candidate",2,0,,,"","","",""
"Otolemur crassicaudatus","Nucleus_vestibularis_superior_unilateral_Vol.mm3","needs_review","unresolved candidate; no retained candidate",2,0,,,"","","",""
"Otolemur crassicaudatus","Pallidum_Vol.mm3","needs_review","unresolved candidate; no retained candidate",1,0,,,"","","",""
"Otolemur crassicaudatus","Schizo_cortex_Vol.mm3","needs_review","unresolved candidate; no retained candidate",1,0,,,"","","",""
"Otolemur crassicaudatus","Septum_Vol.mm3","needs_review","unresolved candidate; no retained candidate",1,0,,,"","","",""
"Otolemur crassicaudatus","Striatum_Vol.mm3","needs_review","unresolved candidate; no retained candidate",1,0,,,"","","",""
"Otolemur crassicaudatus","Subthalamus_Vol.mm3","needs_review","unresolved candidate; no retained candidate",1,0,,,"","","",""
"Otolemur crassicaudatus","Telencephalon_Vol.mm3","needs_review","unresolved candidate; no retained candidate",1,0,,,"","","",""
"Otolemur crassicaudatus","Thalamus_Vol.mm3","needs_review","unresolved candidate; no retained candidate",1,0,,,"","","",""
"Otolemur crassicaudatus","Total_brain_net_volume_Vol.mm3","needs_review","unresolved candidate; no retained candidate",1,0,,,"","","",""
"Otolemur crassicaudatus","Tractus_opticus_Vol.mm3","needs_review","unresolved candidate; no retained candidate",1,0,,,"","","",""
"Otolemur crassicaudatus","Ventral_pons_Vol.mm3","needs_review","unresolved candidate; no retained candidate",1,0,,,"","","",""
"Otolemur crassicaudatus","Ventricles_Vol.mm3","needs_review","unresolved candidate; no retained candidate",1,0,,,"","","",""
"Pan paniscus","Agranular_insular_cortex_left_Vol.mm3","needs_review","unresolved candidate; no retained candidate",1,0,,,"","","",""
"Pan paniscus","Agranular_insular_cortex_right_Vol.mm3","needs_review","unresolved candidate; no retained candidate",1,0,,,"","","",""
"Pan paniscus","Area_striata_grey_matter_left_Vol.mm3","needs_review","unresolved candidate; no retained candidate",1,0,,,"","","",""
"Pan paniscus","Corpus_geniculatum_laterale_left_Vol.mm3","needs_review","unresolved candidate; no retained candidate",1,0,,,"","","",""
"Pan paniscus","Corpus_geniculatum_laterale_Vol.mm3","needs_review","unresolved candidate; no retained candidate",1,0,,,"","","",""
"Pan paniscus","Dysgranular_insular_cortex_left_Vol.mm3","needs_review","unresolved candidate; no retained candidate",1,0,,,"","","",""
"Pan paniscus","Dysgranular_insular_cortex_right_Vol.mm3","needs_review","unresolved candidate; no retained candidate",1,0,,,"","","",""
"Pan paniscus","fronto_insular_cortex_left_Vol.mm3","needs_review","unresolved candidate; no retained candidate",1,0,,,"","","",""
"Pan paniscus","fronto_insular_cortex_right_Vol.mm3","needs_review","unresolved candidate; no retained candidate",1,0,,,"","","",""
"Pan paniscus","Granular_insular_cortex_left_Vol.mm3","needs_review","unresolved candidate; no retained candidate",1,0,,,"","","",""
"Pan paniscus","Granular_insular_cortex_right_Vol.mm3","needs_review","unresolved candidate; no retained candidate",1,0,,,"","","",""
"Pan paniscus","Insula_left_Vol.mm3","needs_review","unresolved candidate; no retained candidate",1,0,,,"","","",""
"Pan paniscus","Insula_right_Vol.mm3","needs_review","unresolved candidate; no retained candidate",1,0,,,"","","",""
"Pan paniscus","Neocortex_Vol.mm3","needs_review","unresolved candidate; no retained candidate",1,0,,,"","","",""
"Pan paniscus","Total_brain_net_volume_Vol.mm3","needs_review","unresolved candidate; no retained candidate",2,0,,,"","","",""
"Pan troglodytes","Agranular_insular_cortex_left_Vol.mm3","needs_review","unresolved candidate; no retained candidate",1,0,,,"","","",""
"Pan troglodytes","Agranular_insular_cortex_right_Vol.mm3","needs_review","unresolved candidate; no retained candidate",1,0,,,"","","",""
"Pan troglodytes","Area_striata_grey_matter_left_Vol.mm3","needs_review","unresolved candidate; no retained candidate",1,0,,,"","","",""
"Pan troglodytes","Area_striata_grey_matter_Vol.mm3","needs_review","unresolved candidate; no retained candidate",1,0,,,"","","",""
"Pan troglodytes","Area_striata_lamina_1_Vol.mm3","needs_review","unresolved candidate; no retained candidate",1,0,,,"","","",""
"Pan troglodytes","Area_striata_laminae_2_6_Vol.mm3","needs_review","unresolved candidate; no retained candidate",1,0,,,"","","",""
"Pan troglodytes","Area_striata_Vol.mm3","needs_review","unresolved candidate; no retained candidate",2,0,,,"","","",""
"Pan troglodytes","Area_striata_white_matter_Vol.mm3","needs_review","unresolved candidate; no retained candidate",1,0,,,"","","",""
"Pan troglodytes","Bulbus_olfactorius_accessorius_Vol.mm3","needs_review","unresolved candidate; no retained candidate",1,0,,,"","","",""
"Pan troglodytes","Bulbus_olfactorius_Vol.mm3","needs_review","unresolved candidate; no retained candidate",1,0,,,"","","",""
"Pan troglodytes","Capsula_interna_Vol.mm3","needs_review","unresolved candidate; no retained candidate",1,0,,,"","","",""
"Pan troglodytes","Cerebellar_nuclei_total_Vol.mm3","needs_review","unresolved candidate; no retained candidate",1,0,,,"","","",""
"Pan troglodytes","Cerebellum_Vol.mm3","needs_review","unresolved candidate; no retained candidate",1,0,,,"","","",""
"Pan troglodytes","Complexus_vestibularis_unilateral_Vol.mm3","needs_review","unresolved candidate; no retained candidate",2,0,,,"","","",""
"Pan troglodytes","Corpus_geniculatum_laterale_left_Vol.mm3","needs_review","unresolved candidate; no retained candidate",1,0,,,"","","",""
"Pan troglodytes","Corpus_geniculatum_laterale_Vol.mm3","needs_review","unresolved candidate; no retained candidate",3,0,,,"","","",""
"Pan troglodytes","Corpus_pineal_Vol.mm3","needs_review","unresolved candidate; no retained candidate",1,0,,,"","","",""
"Pan troglodytes","Corpus_subcommissurale_Vol.mm3","needs_review","unresolved candidate; no retained candidate",1,0,,,"","","",""
"Pan troglodytes","Corpus_subfornicale_Vol.mm3","needs_review","unresolved candidate; no retained candidate",1,0,,,"","","",""
"Pan troglodytes","Diencephalon_Vol.mm3","needs_review","unresolved candidate; no retained candidate",1,0,,,"","","",""
"Pan troglodytes","Dysgranular_insular_cortex_left_Vol.mm3","needs_review","unresolved candidate; no retained candidate",1,0,,,"","","",""
"Pan troglodytes","Dysgranular_insular_cortex_right_Vol.mm3","needs_review","unresolved candidate; no retained candidate",1,0,,,"","","",""
"Pan troglodytes","Epithalamus_Vol.mm3","needs_review","unresolved candidate; no retained candidate",1,0,,,"","","",""
"Pan troglodytes","fronto_insular_cortex_left_Vol.mm3","needs_review","unresolved candidate; no retained candidate",1,0,,,"","","",""
"Pan troglodytes","fronto_insular_cortex_right_Vol.mm3","needs_review","unresolved candidate; no retained candidate",1,0,,,"","","",""
"Pan troglodytes","Granular_insular_cortex_left_Vol.mm3","needs_review","unresolved candidate; no retained candidate",1,0,,,"","","",""
"Pan troglodytes","Granular_insular_cortex_right_Vol.mm3","needs_review","unresolved candidate; no retained candidate",1,0,,,"","","",""
"Pan troglodytes","Hippocampus_Vol.mm3","needs_review","unresolved candidate; no retained candidate",1,0,,,"","","",""
"Pan troglodytes","Hypothalamus_Vol.mm3","needs_review","unresolved candidate; no retained candidate",1,0,,,"","","",""
"Pan troglodytes","Insula_left_Vol.mm3","needs_review","unresolved candidate; no retained candidate",1,0,,,"","","",""
"Pan troglodytes","Insula_right_Vol.mm3","needs_review","unresolved candidate; no retained candidate",1,0,,,"","","",""
"Pan troglodytes","Interpositus_cerebellar_nuclei_Vol.mm3","needs_review","unresolved candidate; no retained candidate",1,0,,,"","","",""
"Pan troglodytes","Lateral_cerebellar_nuclei_Vol.mm3","needs_review","unresolved candidate; no retained candidate",1,0,,,"","","",""
"Pan troglodytes","Lobus_piriformis_Vol.mm3","needs_review","unresolved candidate; no retained candidate",1,0,,,"","","",""
"Pan troglodytes","Medial_cerebellar_nuclei_Vol.mm3","needs_review","unresolved candidate; no retained candidate",1,0,,,"","","",""
"Pan troglodytes","Medulla_oblongata_Vol.mm3","needs_review","unresolved candidate; no retained candidate",1,0,,,"","","",""
"Pan troglodytes","Mesencephalon_Vol.mm3","needs_review","unresolved candidate; no retained candidate",1,0,,,"","","",""
"Pan troglodytes","Neocortex_grey_matter_Vol.mm3","needs_review","unresolved candidate; no retained candidate",1,0,,,"","","",""
"Pan troglodytes","Neocortex_lamina_1_Vol.mm3","needs_review","unresolved candidate; no retained candidate",1,0,,,"","","",""
"Pan troglodytes","Neocortex_laminae_2_6_Vol.mm3","needs_review","unresolved candidate; no retained candidate",1,0,,,"","","",""
"Pan troglodytes","Neocortex_Vol.mm3","needs_review","unresolved candidate; no retained candidate",3,0,,,"","","",""
"Pan troglodytes","Neocortex_white_matter_Vol.mm3","needs_review","unresolved candidate; no retained candidate",1,0,,,"","","",""
"Pan troglodytes","Nucleus_habenularis_medialis_Vol.mm3","needs_review","unresolved candidate; no retained candidate",1,0,,,"","","",""
"Pan troglodytes","Nucleus_septalis_triangularis_Vol.mm3","needs_review","unresolved candidate; no retained candidate",1,0,,,"","","",""
"Pan troglodytes","Nucleus_subthalamicus_Vol.mm3","needs_review","unresolved candidate; no retained candidate",1,0,,,"","","",""
"Pan troglodytes","Nucleus_vestibularis_descendens_unilateral_Vol.mm3","needs_review","unresolved candidate; no retained candidate",2,0,,,"","","",""
"Pan troglodytes","Nucleus_vestibularis_lateralis_unilateral_Vol.mm3","needs_review","unresolved candidate; no retained candidate",2,0,,,"","","",""
"Pan troglodytes","Nucleus_vestibularis_medialis_unilateral_Vol.mm3","needs_review","unresolved candidate; no retained candidate",2,0,,,"","","",""
"Pan troglodytes","Nucleus_vestibularis_superior_unilateral_Vol.mm3","needs_review","unresolved candidate; no retained candidate",2,0,,,"","","",""
"Pan troglodytes","Pallidum_Vol.mm3","needs_review","unresolved candidate; no retained candidate",1,0,,,"","","",""
"Pan troglodytes","Schizo_cortex_Vol.mm3","needs_review","unresolved candidate; no retained candidate",1,0,,,"","","",""
"Pan troglodytes","Septum_Vol.mm3","needs_review","unresolved candidate; no retained candidate",1,0,,,"","","",""
"Pan troglodytes","Striatum_Vol.mm3","needs_review","unresolved candidate; no retained candidate",1,0,,,"","","",""
"Pan troglodytes","Subthalamus_Vol.mm3","needs_review","unresolved candidate; no retained candidate",1,0,,,"","","",""
"Pan troglodytes","Telencephalon_Vol.mm3","needs_review","unresolved candidate; no retained candidate",1,0,,,"","","",""
"Pan troglodytes","Thalamus_Vol.mm3","needs_review","unresolved candidate; no retained candidate",1,0,,,"","","",""
"Pan troglodytes","Total_brain_net_volume_Vol.mm3","needs_review","unresolved candidate; no retained candidate",3,0,,,"","","",""
"Pan troglodytes","Tractus_opticus_Vol.mm3","needs_review","unresolved candidate; no retained candidate",1,0,,,"","","",""
"Pan troglodytes","Ventral_pons_Vol.mm3","needs_review","unresolved candidate; no retained candidate",1,0,,,"","","",""
"Pan troglodytes","Ventricles_Vol.mm3","needs_review","unresolved candidate; no retained candidate",1,0,,,"","","",""
"Papio anubis","Area_striata_grey_matter_Vol.mm3","needs_review","unresolved candidate; no retained candidate",1,0,,,"","","",""
"Papio anubis","Area_striata_lamina_1_Vol.mm3","needs_review","unresolved candidate; no retained candidate",1,0,,,"","","",""
"Papio anubis","Area_striata_laminae_2_6_Vol.mm3","needs_review","unresolved candidate; no retained candidate",1,0,,,"","","",""
"Papio anubis","Area_striata_Vol.mm3","needs_review","unresolved candidate; no retained candidate",1,0,,,"","","",""
"Papio anubis","Area_striata_white_matter_Vol.mm3","needs_review","unresolved candidate; no retained candidate",1,0,,,"","","",""
"Papio anubis","Bulbus_olfactorius_accessorius_Vol.mm3","needs_review","unresolved candidate; no retained candidate",1,0,,,"","","",""
"Papio anubis","Bulbus_olfactorius_Vol.mm3","needs_review","unresolved candidate; no retained candidate",1,0,,,"","","",""
"Papio anubis","Capsula_interna_Vol.mm3","needs_review","unresolved candidate; no retained candidate",1,0,,,"","","",""
"Papio anubis","Cerebellar_nuclei_total_Vol.mm3","needs_review","unresolved candidate; no retained candidate",1,0,,,"","","",""
"Papio anubis","Cerebellum_Vol.mm3","needs_review","unresolved candidate; no retained candidate",1,0,,,"","","",""
"Papio anubis","Complexus_vestibularis_unilateral_Vol.mm3","needs_review","unresolved candidate; no retained candidate",2,0,,,"","","",""
"Papio anubis","Corpus_geniculatum_laterale_Vol.mm3","needs_review","unresolved candidate; no retained candidate",2,0,,,"","","",""
"Papio anubis","Corpus_pineal_Vol.mm3","needs_review","unresolved candidate; no retained candidate",1,0,,,"","","",""
"Papio anubis","Corpus_subcommissurale_Vol.mm3","needs_review","unresolved candidate; no retained candidate",1,0,,,"","","",""
"Papio anubis","Corpus_subfornicale_Vol.mm3","needs_review","unresolved candidate; no retained candidate",1,0,,,"","","",""
"Papio anubis","Diencephalon_Vol.mm3","needs_review","unresolved candidate; no retained candidate",1,0,,,"","","",""
"Papio anubis","Epithalamus_Vol.mm3","needs_review","unresolved candidate; no retained candidate",1,0,,,"","","",""
"Papio anubis","Hippocampus_Vol.mm3","needs_review","unresolved candidate; no retained candidate",1,0,,,"","","",""
"Papio anubis","Hypothalamus_Vol.mm3","needs_review","unresolved candidate; no retained candidate",1,0,,,"","","",""
"Papio anubis","Interpositus_cerebellar_nuclei_Vol.mm3","needs_review","unresolved candidate; no retained candidate",1,0,,,"","","",""
"Papio anubis","Lateral_cerebellar_nuclei_Vol.mm3","needs_review","unresolved candidate; no retained candidate",1,0,,,"","","",""
"Papio anubis","Lobus_piriformis_Vol.mm3","needs_review","unresolved candidate; no retained candidate",1,0,,,"","","",""
"Papio anubis","Medial_cerebellar_nuclei_Vol.mm3","needs_review","unresolved candidate; no retained candidate",1,0,,,"","","",""
"Papio anubis","Medulla_oblongata_Vol.mm3","needs_review","unresolved candidate; no retained candidate",1,0,,,"","","",""
"Papio anubis","Mesencephalon_Vol.mm3","needs_review","unresolved candidate; no retained candidate",1,0,,,"","","",""
"Papio anubis","Neocortex_grey_matter_Vol.mm3","needs_review","unresolved candidate; no retained candidate",1,0,,,"","","",""
"Papio anubis","Neocortex_lamina_1_Vol.mm3","needs_review","unresolved candidate; no retained candidate",1,0,,,"","","",""
"Papio anubis","Neocortex_laminae_2_6_Vol.mm3","needs_review","unresolved candidate; no retained candidate",1,0,,,"","","",""
"Papio anubis","Neocortex_Vol.mm3","needs_review","unresolved candidate; no retained candidate",2,0,,,"","","",""
"Papio anubis","Neocortex_white_matter_Vol.mm3","needs_review","unresolved candidate; no retained candidate",1,0,,,"","","",""
"Papio anubis","Nucleus_habenularis_medialis_Vol.mm3","needs_review","unresolved candidate; no retained candidate",1,0,,,"","","",""
"Papio anubis","Nucleus_septalis_triangularis_Vol.mm3","needs_review","unresolved candidate; no retained candidate",1,0,,,"","","",""
"Papio anubis","Nucleus_subthalamicus_Vol.mm3","needs_review","unresolved candidate; no retained candidate",1,0,,,"","","",""
"Papio anubis","Nucleus_vestibularis_descendens_unilateral_Vol.mm3","needs_review","unresolved candidate; no retained candidate",2,0,,,"","","",""
"Papio anubis","Nucleus_vestibularis_lateralis_unilateral_Vol.mm3","needs_review","unresolved candidate; no retained candidate",2,0,,,"","","",""
"Papio anubis","Nucleus_vestibularis_medialis_unilateral_Vol.mm3","needs_review","unresolved candidate; no retained candidate",2,0,,,"","","",""
"Papio anubis","Nucleus_vestibularis_superior_unilateral_Vol.mm3","needs_review","unresolved candidate; no retained candidate",2,0,,,"","","",""
"Papio anubis","Pallidum_Vol.mm3","needs_review","unresolved candidate; no retained candidate",1,0,,,"","","",""
"Papio anubis","Schizo_cortex_Vol.mm3","needs_review","unresolved candidate; no retained candidate",1,0,,,"","","",""
"Papio anubis","Septum_Vol.mm3","needs_review","unresolved candidate; no retained candidate",1,0,,,"","","",""
"Papio anubis","Striatum_Vol.mm3","needs_review","unresolved candidate; no retained candidate",1,0,,,"","","",""
"Papio anubis","Subthalamus_Vol.mm3","needs_review","unresolved candidate; no retained candidate",1,0,,,"","","",""
"Papio anubis","Telencephalon_Vol.mm3","needs_review","unresolved candidate; no retained candidate",1,0,,,"","","",""
"Papio anubis","Thalamus_Vol.mm3","needs_review","unresolved candidate; no retained candidate",1,0,,,"","","",""
"Papio anubis","Total_brain_net_volume_Vol.mm3","needs_review","unresolved candidate; no retained candidate",1,0,,,"","","",""
"Papio anubis","Tractus_opticus_Vol.mm3","needs_review","unresolved candidate; no retained candidate",1,0,,,"","","",""
"Papio anubis","Ventral_pons_Vol.mm3","needs_review","unresolved candidate; no retained candidate",1,0,,,"","","",""
"Papio anubis","Ventricles_Vol.mm3","needs_review","unresolved candidate; no retained candidate",1,0,,,"","","",""
"Perodicticus potto","Agranular_insular_cortex_left_Vol.mm3","needs_review","unresolved candidate; no retained candidate",1,0,,,"","","",""
"Perodicticus potto","Area_striata_grey_matter_Vol.mm3","needs_review","unresolved candidate; no retained candidate",1,0,,,"","","",""
"Perodicticus potto","Area_striata_Vol.mm3","needs_review","unresolved candidate; no retained candidate",2,0,,,"","","",""
"Perodicticus potto","Area_striata_white_matter_Vol.mm3","needs_review","unresolved candidate; no retained candidate",1,0,,,"","","",""
"Perodicticus potto","Bulbus_olfactorius_accessorius_Vol.mm3","needs_review","unresolved candidate; no retained candidate",1,0,,,"","","",""
"Perodicticus potto","Bulbus_olfactorius_Vol.mm3","needs_review","unresolved candidate; no retained candidate",1,0,,,"","","",""
"Perodicticus potto","Capsula_interna_Vol.mm3","needs_review","unresolved candidate; no retained candidate",1,0,,,"","","",""
"Perodicticus potto","Cerebellar_nuclei_total_Vol.mm3","needs_review","unresolved candidate; no retained candidate",1,0,,,"","","",""
"Perodicticus potto","Cerebellum_Vol.mm3","needs_review","unresolved candidate; no retained candidate",1,0,,,"","","",""
"Perodicticus potto","Complexus_vestibularis_unilateral_Vol.mm3","needs_review","unresolved candidate; no retained candidate",2,0,,,"","","",""
"Perodicticus potto","Corpus_geniculatum_laterale_Vol.mm3","needs_review","unresolved candidate; no retained candidate",2,0,,,"","","",""
"Perodicticus potto","Corpus_pineal_Vol.mm3","needs_review","unresolved candidate; no retained candidate",1,0,,,"","","",""
"Perodicticus potto","Corpus_subcommissurale_Vol.mm3","needs_review","unresolved candidate; no retained candidate",1,0,,,"","","",""
"Perodicticus potto","Corpus_subfornicale_Vol.mm3","needs_review","unresolved candidate; no retained candidate",1,0,,,"","","",""
"Perodicticus potto","Diencephalon_Vol.mm3","needs_review","unresolved candidate; no retained candidate",1,0,,,"","","",""
"Perodicticus potto","Dysgranular_insular_cortex_left_Vol.mm3","needs_review","unresolved candidate; no retained candidate",1,0,,,"","","",""
"Perodicticus potto","Epithalamus_Vol.mm3","needs_review","unresolved candidate; no retained candidate",1,0,,,"","","",""
"Perodicticus potto","Granular_insular_cortex_left_Vol.mm3","needs_review","unresolved candidate; no retained candidate",1,0,,,"","","",""
"Perodicticus potto","Hippocampus_Vol.mm3","needs_review","unresolved candidate; no retained candidate",1,0,,,"","","",""
"Perodicticus potto","Hypothalamus_Vol.mm3","needs_review","unresolved candidate; no retained candidate",1,0,,,"","","",""
"Perodicticus potto","Insula_left_Vol.mm3","needs_review","unresolved candidate; no retained candidate",1,0,,,"","","",""
"Perodicticus potto","Interpositus_cerebellar_nuclei_Vol.mm3","needs_review","unresolved candidate; no retained candidate",1,0,,,"","","",""
"Perodicticus potto","Lateral_cerebellar_nuclei_Vol.mm3","needs_review","unresolved candidate; no retained candidate",1,0,,,"","","",""
"Perodicticus potto","Lobus_piriformis_Vol.mm3","needs_review","unresolved candidate; no retained candidate",1,0,,,"","","",""
"Perodicticus potto","Medial_cerebellar_nuclei_Vol.mm3","needs_review","unresolved candidate; no retained candidate",1,0,,,"","","",""
"Perodicticus potto","Medulla_oblongata_Vol.mm3","needs_review","unresolved candidate; no retained candidate",1,0,,,"","","",""
"Perodicticus potto","Mesencephalon_Vol.mm3","needs_review","unresolved candidate; no retained candidate",1,0,,,"","","",""
"Perodicticus potto","Neocortex_Vol.mm3","needs_review","unresolved candidate; no retained candidate",1,0,,,"","","",""
"Perodicticus potto","Nucleus_habenularis_medialis_Vol.mm3","needs_review","unresolved candidate; no retained candidate",1,0,,,"","","",""
"Perodicticus potto","Nucleus_septalis_triangularis_Vol.mm3","needs_review","unresolved candidate; no retained candidate",1,0,,,"","","",""
"Perodicticus potto","Nucleus_subthalamicus_Vol.mm3","needs_review","unresolved candidate; no retained candidate",1,0,,,"","","",""
"Perodicticus potto","Nucleus_vestibularis_descendens_unilateral_Vol.mm3","needs_review","unresolved candidate; no retained candidate",2,0,,,"","","",""
"Perodicticus potto","Nucleus_vestibularis_lateralis_unilateral_Vol.mm3","needs_review","unresolved candidate; no retained candidate",2,0,,,"","","",""
"Perodicticus potto","Nucleus_vestibularis_medialis_unilateral_Vol.mm3","needs_review","unresolved candidate; no retained candidate",2,0,,,"","","",""
"Perodicticus potto","Nucleus_vestibularis_superior_unilateral_Vol.mm3","needs_review","unresolved candidate; no retained candidate",2,0,,,"","","",""
"Perodicticus potto","Pallidum_Vol.mm3","needs_review","unresolved candidate; no retained candidate",1,0,,,"","","",""
"Perodicticus potto","Schizo_cortex_Vol.mm3","needs_review","unresolved candidate; no retained candidate",1,0,,,"","","",""
"Perodicticus potto","Septum_Vol.mm3","needs_review","unresolved candidate; no retained candidate",1,0,,,"","","",""
"Perodicticus potto","Striatum_Vol.mm3","needs_review","unresolved candidate; no retained candidate",1,0,,,"","","",""
"Perodicticus potto","Subthalamus_Vol.mm3","needs_review","unresolved candidate; no retained candidate",1,0,,,"","","",""
"Perodicticus potto","Telencephalon_Vol.mm3","needs_review","unresolved candidate; no retained candidate",1,0,,,"","","",""
"Perodicticus potto","Thalamus_Vol.mm3","needs_review","unresolved candidate; no retained candidate",1,0,,,"","","",""
"Perodicticus potto","Total_brain_net_volume_Vol.mm3","needs_review","unresolved candidate; no retained candidate",2,0,,,"","","",""
"Perodicticus potto","Tractus_opticus_Vol.mm3","needs_review","unresolved candidate; no retained candidate",1,0,,,"","","",""
"Perodicticus potto","Ventral_pons_Vol.mm3","needs_review","unresolved candidate; no retained candidate",1,0,,,"","","",""
"Perodicticus potto","Ventricles_Vol.mm3","needs_review","unresolved candidate; no retained candidate",1,0,,,"","","",""
"Piliocolobus badius","Agranular_insular_cortex_left_Vol.mm3","needs_review","unresolved candidate; no retained candidate",1,0,,,"","","",""
"Piliocolobus badius","Amygdala_Vol.mm3","needs_review","unresolved candidate; no retained candidate",1,0,,,"","","",""
"Piliocolobus badius","Area_striata_grey_matter_Vol.mm3","needs_review","unresolved candidate; no retained candidate",1,0,,,"","","",""
"Piliocolobus badius","Area_striata_lamina_1_Vol.mm3","needs_review","unresolved candidate; no retained candidate",1,0,,,"","","",""
"Piliocolobus badius","Area_striata_laminae_2_6_Vol.mm3","needs_review","unresolved candidate; no retained candidate",1,0,,,"","","",""
"Piliocolobus badius","Area_striata_Vol.mm3","needs_review","unresolved candidate; no retained candidate",2,0,,,"","","",""
"Piliocolobus badius","Area_striata_white_matter_Vol.mm3","needs_review","unresolved candidate; no retained candidate",1,0,,,"","","",""
"Piliocolobus badius","Bulbus_olfactorius_accessorius_Vol.mm3","needs_review","unresolved candidate; no retained candidate",1,0,,,"","","",""
"Piliocolobus badius","Bulbus_olfactorius_Vol.mm3","needs_review","unresolved candidate; no retained candidate",1,0,,,"","","",""
"Piliocolobus badius","Capsula_interna_Vol.mm3","needs_review","unresolved candidate; no retained candidate",1,0,,,"","","",""
"Piliocolobus badius","Cerebellar_nuclei_total_Vol.mm3","needs_review","unresolved candidate; no retained candidate",1,0,,,"","","",""
"Piliocolobus badius","Cerebellum_Vol.mm3","needs_review","unresolved candidate; no retained candidate",1,0,,,"","","",""
"Piliocolobus badius","Complexus_centromedialis_Vol.mm3","needs_review","unresolved candidate; no retained candidate",1,0,,,"","","",""
"Piliocolobus badius","Complexus_corticobasolateralis_Vol.mm3","needs_review","unresolved candidate; no retained candidate",1,0,,,"","","",""
"Piliocolobus badius","Complexus_vestibularis_unilateral_Vol.mm3","needs_review","unresolved candidate; no retained candidate",2,0,,,"","","",""
"Piliocolobus badius","Corpus_geniculatum_laterale_Vol.mm3","needs_review","unresolved candidate; no retained candidate",3,0,,,"","","",""
"Piliocolobus badius","Corpus_pineal_Vol.mm3","needs_review","unresolved candidate; no retained candidate",1,0,,,"","","",""
"Piliocolobus badius","Corpus_subcommissurale_Vol.mm3","needs_review","unresolved candidate; no retained candidate",1,0,,,"","","",""
"Piliocolobus badius","Corpus_subfornicale_Vol.mm3","needs_review","unresolved candidate; no retained candidate",1,0,,,"","","",""
"Piliocolobus badius","Diencephalon_Vol.mm3","needs_review","unresolved candidate; no retained candidate",1,0,,,"","","",""
"Piliocolobus badius","Dysgranular_insular_cortex_left_Vol.mm3","needs_review","unresolved candidate; no retained candidate",1,0,,,"","","",""
"Piliocolobus badius","Epithalamus_Vol.mm3","needs_review","unresolved candidate; no retained candidate",1,0,,,"","","",""
"Piliocolobus badius","Granular_insular_cortex_left_Vol.mm3","needs_review","unresolved candidate; no retained candidate",1,0,,,"","","",""
"Piliocolobus badius","Hippocampus_Vol.mm3","needs_review","unresolved candidate; no retained candidate",1,0,,,"","","",""
"Piliocolobus badius","Hypothalamus_Vol.mm3","needs_review","unresolved candidate; no retained candidate",1,0,,,"","","",""
"Piliocolobus badius","Insula_left_Vol.mm3","needs_review","unresolved candidate; no retained candidate",1,0,,,"","","",""
"Piliocolobus badius","Interpositus_cerebellar_nuclei_Vol.mm3","needs_review","unresolved candidate; no retained candidate",1,0,,,"","","",""
"Piliocolobus badius","Lateral_cerebellar_nuclei_Vol.mm3","needs_review","unresolved candidate; no retained candidate",1,0,,,"","","",""
"Piliocolobus badius","Lobus_piriformis_Vol.mm3","needs_review","unresolved candidate; no retained candidate",1,0,,,"","","",""
"Piliocolobus badius","Medial_cerebellar_nuclei_Vol.mm3","needs_review","unresolved candidate; no retained candidate",1,0,,,"","","",""
"Piliocolobus badius","Medulla_oblongata_Vol.mm3","needs_review","unresolved candidate; no retained candidate",1,0,,,"","","",""
"Piliocolobus badius","Mesencephalon_Vol.mm3","needs_review","unresolved candidate; no retained candidate",1,0,,,"","","",""
"Piliocolobus badius","Neocortex_grey_matter_Vol.mm3","needs_review","unresolved candidate; no retained candidate",1,0,,,"","","",""
"Piliocolobus badius","Neocortex_lamina_1_Vol.mm3","needs_review","unresolved candidate; no retained candidate",1,0,,,"","","",""
"Piliocolobus badius","Neocortex_laminae_2_6_Vol.mm3","needs_review","unresolved candidate; no retained candidate",1,0,,,"","","",""
"Piliocolobus badius","Neocortex_Vol.mm3","needs_review","unresolved candidate; no retained candidate",2,0,,,"","","",""
"Piliocolobus badius","Neocortex_white_matter_Vol.mm3","needs_review","unresolved candidate; no retained candidate",1,0,,,"","","",""
"Piliocolobus badius","Nucleus_amygdalae_basalis_pars_magnocellularis_Vol.mm3","needs_review","unresolved candidate; no retained candidate",1,0,,,"","","",""
"Piliocolobus badius","Nucleus_habenularis_medialis_Vol.mm3","needs_review","unresolved candidate; no retained candidate",1,0,,,"","","",""
"Piliocolobus badius","Nucleus_septalis_triangularis_Vol.mm3","needs_review","unresolved candidate; no retained candidate",1,0,,,"","","",""
"Piliocolobus badius","Nucleus_subthalamicus_Vol.mm3","needs_review","unresolved candidate; no retained candidate",1,0,,,"","","",""
"Piliocolobus badius","Nucleus_tractus_olfactorius_Vol.mm3","needs_review","unresolved candidate; no retained candidate",1,0,,,"","","",""
"Piliocolobus badius","Nucleus_vestibularis_descendens_unilateral_Vol.mm3","needs_review","unresolved candidate; no retained candidate",2,0,,,"","","",""
"Piliocolobus badius","Nucleus_vestibularis_lateralis_unilateral_Vol.mm3","needs_review","unresolved candidate; no retained candidate",2,0,,,"","","",""
"Piliocolobus badius","Nucleus_vestibularis_medialis_unilateral_Vol.mm3","needs_review","unresolved candidate; no retained candidate",2,0,,,"","","",""
"Piliocolobus badius","Nucleus_vestibularis_superior_unilateral_Vol.mm3","needs_review","unresolved candidate; no retained candidate",2,0,,,"","","",""
"Piliocolobus badius","Palaeocortex_Vol.mm3","needs_review","unresolved candidate; no retained candidate",1,0,,,"","","",""
"Piliocolobus badius","Pallidum_Vol.mm3","needs_review","unresolved candidate; no retained candidate",1,0,,,"","","",""
"Piliocolobus badius","Schizo_cortex_Vol.mm3","needs_review","unresolved candidate; no retained candidate",1,0,,,"","","",""
"Piliocolobus badius","Septum_Vol.mm3","needs_review","unresolved candidate; no retained candidate",1,0,,,"","","",""
"Piliocolobus badius","Striatum_Vol.mm3","needs_review","unresolved candidate; no retained candidate",1,0,,,"","","",""
"Piliocolobus badius","Subthalamus_Vol.mm3","needs_review","unresolved candidate; no retained candidate",1,0,,,"","","",""
"Piliocolobus badius","Telencephalon_Vol.mm3","needs_review","unresolved candidate; no retained candidate",1,0,,,"","","",""
"Piliocolobus badius","Thalamus_Vol.mm3","needs_review","unresolved candidate; no retained candidate",1,0,,,"","","",""
"Piliocolobus badius","Total_brain_net_volume_Vol.mm3","needs_review","unresolved candidate; no retained candidate",2,0,,,"","","",""
"Piliocolobus badius","Tractus_opticus_Vol.mm3","needs_review","unresolved candidate; no retained candidate",1,0,,,"","","",""
"Piliocolobus badius","Ventral_pons_Vol.mm3","needs_review","unresolved candidate; no retained candidate",1,0,,,"","","",""
"Piliocolobus badius","Ventricles_Vol.mm3","needs_review","unresolved candidate; no retained candidate",1,0,,,"","","",""
"Pithecia monachus","Area_striata_grey_matter_Vol.mm3","needs_review","unresolved candidate; no retained candidate",1,0,,,"","","",""
"Pithecia monachus","Area_striata_Vol.mm3","needs_review","unresolved candidate; no retained candidate",2,0,,,"","","",""
"Pithecia monachus","Area_striata_white_matter_Vol.mm3","needs_review","unresolved candidate; no retained candidate",1,0,,,"","","",""
"Pithecia monachus","Bulbus_olfactorius_accessorius_Vol.mm3","needs_review","unresolved candidate; no retained candidate",1,0,,,"","","",""
"Pithecia monachus","Bulbus_olfactorius_Vol.mm3","needs_review","unresolved candidate; no retained candidate",1,0,,,"","","",""
"Pithecia monachus","Cerebellar_nuclei_total_Vol.mm3","needs_review","unresolved candidate; no retained candidate",1,0,,,"","","",""
"Pithecia monachus","Cerebellum_Vol.mm3","needs_review","unresolved candidate; no retained candidate",1,0,,,"","","",""
"Pithecia monachus","Complexus_vestibularis_unilateral_Vol.mm3","needs_review","unresolved candidate; no retained candidate",1,0,,,"","","",""
"Pithecia monachus","Corpus_geniculatum_laterale_Vol.mm3","needs_review","unresolved candidate; no retained candidate",2,0,,,"","","",""
"Pithecia monachus","Corpus_pineal_Vol.mm3","needs_review","unresolved candidate; no retained candidate",1,0,,,"","","",""
"Pithecia monachus","Corpus_subcommissurale_Vol.mm3","needs_review","unresolved candidate; no retained candidate",1,0,,,"","","",""
"Pithecia monachus","Corpus_subfornicale_Vol.mm3","needs_review","unresolved candidate; no retained candidate",1,0,,,"","","",""
"Pithecia monachus","Diencephalon_Vol.mm3","needs_review","unresolved candidate; no retained candidate",1,0,,,"","","",""
"Pithecia monachus","Hippocampus_Vol.mm3","needs_review","unresolved candidate; no retained candidate",1,0,,,"","","",""
"Pithecia monachus","Interpositus_cerebellar_nuclei_Vol.mm3","needs_review","unresolved candidate; no retained candidate",1,0,,,"","","",""
"Pithecia monachus","Lateral_cerebellar_nuclei_Vol.mm3","needs_review","unresolved candidate; no retained candidate",1,0,,,"","","",""
"Pithecia monachus","Lobus_piriformis_Vol.mm3","needs_review","unresolved candidate; no retained candidate",1,0,,,"","","",""
"Pithecia monachus","Medial_cerebellar_nuclei_Vol.mm3","needs_review","unresolved candidate; no retained candidate",1,0,,,"","","",""
"Pithecia monachus","Medulla_oblongata_Vol.mm3","needs_review","unresolved candidate; no retained candidate",1,0,,,"","","",""
"Pithecia monachus","Mesencephalon_Vol.mm3","needs_review","unresolved candidate; no retained candidate",1,0,,,"","","",""
"Pithecia monachus","Neocortex_Vol.mm3","needs_review","unresolved candidate; no retained candidate",1,0,,,"","","",""
"Pithecia monachus","Nucleus_habenularis_medialis_Vol.mm3","needs_review","unresolved candidate; no retained candidate",1,0,,,"","","",""
"Pithecia monachus","Nucleus_septalis_triangularis_Vol.mm3","needs_review","unresolved candidate; no retained candidate",1,0,,,"","","",""
"Pithecia monachus","Nucleus_vestibularis_descendens_unilateral_Vol.mm3","needs_review","unresolved candidate; no retained candidate",1,0,,,"","","",""
"Pithecia monachus","Nucleus_vestibularis_lateralis_unilateral_Vol.mm3","needs_review","unresolved candidate; no retained candidate",1,0,,,"","","",""
"Pithecia monachus","Nucleus_vestibularis_medialis_unilateral_Vol.mm3","needs_review","unresolved candidate; no retained candidate",1,0,,,"","","",""
"Pithecia monachus","Nucleus_vestibularis_superior_unilateral_Vol.mm3","needs_review","unresolved candidate; no retained candidate",1,0,,,"","","",""
"Pithecia monachus","Schizo_cortex_Vol.mm3","needs_review","unresolved candidate; no retained candidate",1,0,,,"","","",""
"Pithecia monachus","Septum_Vol.mm3","needs_review","unresolved candidate; no retained candidate",1,0,,,"","","",""
"Pithecia monachus","Striatum_Vol.mm3","needs_review","unresolved candidate; no retained candidate",1,0,,,"","","",""
"Pithecia monachus","Telencephalon_Vol.mm3","needs_review","unresolved candidate; no retained candidate",1,0,,,"","","",""
"Pithecia monachus","Total_brain_net_volume_Vol.mm3","needs_review","unresolved candidate; no retained candidate",1,0,,,"","","",""
"Pithecia monachus","Ventral_pons_Vol.mm3","needs_review","unresolved candidate; no retained candidate",1,0,,,"","","",""
"Pithecia monachus","Ventricles_Vol.mm3","needs_review","unresolved candidate; no retained candidate",1,0,,,"","","",""
"Pithecia pithecia","Agranular_insular_cortex_left_Vol.mm3","needs_review","unresolved candidate; no retained candidate",1,0,,,"","","",""
"Pithecia pithecia","Dysgranular_insular_cortex_left_Vol.mm3","needs_review","unresolved candidate; no retained candidate",1,0,,,"","","",""
"Pithecia pithecia","Granular_insular_cortex_left_Vol.mm3","needs_review","unresolved candidate; no retained candidate",1,0,,,"","","",""
"Pithecia pithecia","Insula_left_Vol.mm3","needs_review","unresolved candidate; no retained candidate",1,0,,,"","","",""
"Pithecia pithecia","Total_brain_net_volume_Vol.mm3","needs_review","unresolved candidate; no retained candidate",1,0,,,"","","",""
"Pongo sp.","Agranular_insular_cortex_left_Vol.mm3","needs_review","unresolved candidate; no retained candidate",1,0,,,"","","",""
"Pongo sp.","Agranular_insular_cortex_right_Vol.mm3","needs_review","unresolved candidate; no retained candidate",1,0,,,"","","",""
"Pongo sp.","Amygdala_Vol.mm3","needs_review","unresolved candidate; no retained candidate",1,0,,,"","","",""
"Pongo sp.","Area_striata_grey_matter_left_Vol.mm3","needs_review","unresolved candidate; no retained candidate",1,0,,,"","","",""
"Pongo sp.","Area_striata_grey_matter_Vol.mm3","needs_review","unresolved candidate; no retained candidate",1,0,,,"","","",""
"Pongo sp.","Cerebellum_Vol.mm3","needs_review","unresolved candidate; no retained candidate",1,0,,,"","","",""
"Pongo sp.","Corpus_geniculatum_laterale_left_Vol.mm3","needs_review","unresolved candidate; no retained candidate",1,0,,,"","","",""
"Pongo sp.","Corpus_geniculatum_laterale_Vol.mm3","needs_review","unresolved candidate; no retained candidate",1,0,,,"","","",""
"Pongo sp.","Diencephalon_Vol.mm3","needs_review","unresolved candidate; no retained candidate",1,0,,,"","","",""
"Pongo sp.","Dysgranular_insular_cortex_left_Vol.mm3","needs_review","unresolved candidate; no retained candidate",1,0,,,"","","",""
"Pongo sp.","Dysgranular_insular_cortex_right_Vol.mm3","needs_review","unresolved candidate; no retained candidate",1,0,,,"","","",""
"Pongo sp.","EntorhinalCortex_Vol.mm3","needs_review","unresolved candidate; no retained candidate",1,0,,,"","","",""
"Pongo sp.","fronto_insular_cortex_left_Vol.mm3","needs_review","unresolved candidate; no retained candidate",1,0,,,"","","",""
"Pongo sp.","fronto_insular_cortex_right_Vol.mm3","needs_review","unresolved candidate; no retained candidate",1,0,,,"","","",""
"Pongo sp.","Granular_insular_cortex_left_Vol.mm3","needs_review","unresolved candidate; no retained candidate",1,0,,,"","","",""
"Pongo sp.","Granular_insular_cortex_right_Vol.mm3","needs_review","unresolved candidate; no retained candidate",1,0,,,"","","",""
"Pongo sp.","Hippocampus_Vol.mm3","needs_review","unresolved candidate; no retained candidate",1,0,,,"","","",""
"Pongo sp.","Insula_left_Vol.mm3","needs_review","unresolved candidate; no retained candidate",1,0,,,"","","",""
"Pongo sp.","Insula_right_Vol.mm3","needs_review","unresolved candidate; no retained candidate",1,0,,,"","","",""
"Pongo sp.","Medulla_oblongata_Vol.mm3","needs_review","unresolved candidate; no retained candidate",1,0,,,"","","",""
"Pongo sp.","Mesencephalon_Vol.mm3","needs_review","unresolved candidate; no retained candidate",1,0,,,"","","",""
"Pongo sp.","Neocortex_grey_matter_Vol.mm3","needs_review","unresolved candidate; no retained candidate",1,0,,,"","","",""
"Pongo sp.","Neocortex_Vol.mm3","needs_review","unresolved candidate; no retained candidate",2,0,,,"","","",""
"Pongo sp.","Neocortex_white_matter_Vol.mm3","needs_review","unresolved candidate; no retained candidate",1,0,,,"","","",""
"Pongo sp.","Palaeocortex_Vol.mm3","needs_review","unresolved candidate; no retained candidate",1,0,,,"","","",""
"Pongo sp.","Pallidum_Vol.mm3","needs_review","unresolved candidate; no retained candidate",1,0,,,"","","",""
"Pongo sp.","Pons_Vol.mm3","needs_review","unresolved candidate; no retained candidate",1,0,,,"","","",""
"Pongo sp.","Prepiriform_cortex_Vol.mm3","needs_review","unresolved candidate; no retained candidate",1,0,,,"","","",""
"Pongo sp.","Septum_Vol.mm3","needs_review","unresolved candidate; no retained candidate",1,0,,,"","","",""
"Pongo sp.","Striatum_Vol.mm3","needs_review","unresolved candidate; no retained candidate",1,0,,,"","","",""
"Pongo sp.","Telencephalon_Vol.mm3","needs_review","unresolved candidate; no retained candidate",1,0,,,"","","",""
"Pongo sp.","Total_brain_net_volume_Vol.mm3","needs_review","unresolved candidate; no retained candidate",2,0,,,"","","",""
"Propithecus verreauxi","Amygdala_Vol.mm3","needs_review","unresolved candidate; no retained candidate",1,0,,,"","","",""
"Propithecus verreauxi","Area_striata_grey_matter_Vol.mm3","needs_review","unresolved candidate; no retained candidate",1,0,,,"","","",""
"Propithecus verreauxi","Area_striata_lamina_1_Vol.mm3","needs_review","unresolved candidate; no retained candidate",1,0,,,"","","",""
"Propithecus verreauxi","Area_striata_laminae_2_6_Vol.mm3","needs_review","unresolved candidate; no retained candidate",1,0,,,"","","",""
"Propithecus verreauxi","Area_striata_Vol.mm3","needs_review","unresolved candidate; no retained candidate",2,0,,,"","","",""
"Propithecus verreauxi","Area_striata_white_matter_Vol.mm3","needs_review","unresolved candidate; no retained candidate",1,0,,,"","","",""
"Propithecus verreauxi","Bulbus_olfactorius_accessorius_Vol.mm3","needs_review","unresolved candidate; no retained candidate",1,0,,,"","","",""
"Propithecus verreauxi","Bulbus_olfactorius_Vol.mm3","needs_review","unresolved candidate; no retained candidate",1,0,,,"","","",""
"Propithecus verreauxi","Capsula_interna_Vol.mm3","needs_review","unresolved candidate; no retained candidate",1,0,,,"","","",""
"Propithecus verreauxi","Cerebellar_nuclei_total_Vol.mm3","needs_review","unresolved candidate; no retained candidate",1,0,,,"","","",""
"Propithecus verreauxi","Cerebellum_Vol.mm3","needs_review","unresolved candidate; no retained candidate",1,0,,,"","","",""
"Propithecus verreauxi","Complexus_centromedialis_Vol.mm3","needs_review","unresolved candidate; no retained candidate",1,0,,,"","","",""
"Propithecus verreauxi","Complexus_corticobasolateralis_Vol.mm3","needs_review","unresolved candidate; no retained candidate",1,0,,,"","","",""
"Propithecus verreauxi","Complexus_vestibularis_unilateral_Vol.mm3","needs_review","unresolved candidate; no retained candidate",2,0,,,"","","",""
"Propithecus verreauxi","Corpus_geniculatum_laterale_Vol.mm3","needs_review","unresolved candidate; no retained candidate",2,0,,,"","","",""
"Propithecus verreauxi","Corpus_pineal_Vol.mm3","needs_review","unresolved candidate; no retained candidate",1,0,,,"","","",""
"Propithecus verreauxi","Corpus_subcommissurale_Vol.mm3","needs_review","unresolved candidate; no retained candidate",1,0,,,"","","",""
"Propithecus verreauxi","Corpus_subfornicale_Vol.mm3","needs_review","unresolved candidate; no retained candidate",1,0,,,"","","",""
"Propithecus verreauxi","Diencephalon_Vol.mm3","needs_review","unresolved candidate; no retained candidate",1,0,,,"","","",""
"Propithecus verreauxi","Epithalamus_Vol.mm3","needs_review","unresolved candidate; no retained candidate",1,0,,,"","","",""
"Propithecus verreauxi","Hippocampus_Vol.mm3","needs_review","unresolved candidate; no retained candidate",1,0,,,"","","",""
"Propithecus verreauxi","Hypothalamus_Vol.mm3","needs_review","unresolved candidate; no retained candidate",1,0,,,"","","",""
"Propithecus verreauxi","Interpositus_cerebellar_nuclei_Vol.mm3","needs_review","unresolved candidate; no retained candidate",1,0,,,"","","",""
"Propithecus verreauxi","Lateral_cerebellar_nuclei_Vol.mm3","needs_review","unresolved candidate; no retained candidate",1,0,,,"","","",""
"Propithecus verreauxi","Lobus_piriformis_Vol.mm3","needs_review","unresolved candidate; no retained candidate",1,0,,,"","","",""
"Propithecus verreauxi","Medial_cerebellar_nuclei_Vol.mm3","needs_review","unresolved candidate; no retained candidate",1,0,,,"","","",""
"Propithecus verreauxi","Medulla_oblongata_Vol.mm3","needs_review","unresolved candidate; no retained candidate",1,0,,,"","","",""
"Propithecus verreauxi","Mesencephalon_Vol.mm3","needs_review","unresolved candidate; no retained candidate",1,0,,,"","","",""
"Propithecus verreauxi","Neocortex_grey_matter_Vol.mm3","needs_review","unresolved candidate; no retained candidate",1,0,,,"","","",""
"Propithecus verreauxi","Neocortex_lamina_1_Vol.mm3","needs_review","unresolved candidate; no retained candidate",1,0,,,"","","",""
"Propithecus verreauxi","Neocortex_laminae_2_6_Vol.mm3","needs_review","unresolved candidate; no retained candidate",1,0,,,"","","",""
"Propithecus verreauxi","Neocortex_Vol.mm3","needs_review","unresolved candidate; no retained candidate",2,0,,,"","","",""
"Propithecus verreauxi","Neocortex_white_matter_Vol.mm3","needs_review","unresolved candidate; no retained candidate",1,0,,,"","","",""
"Propithecus verreauxi","Nucleus_amygdalae_basalis_pars_magnocellularis_Vol.mm3","needs_review","unresolved candidate; no retained candidate",1,0,,,"","","",""
"Propithecus verreauxi","Nucleus_habenularis_medialis_Vol.mm3","needs_review","unresolved candidate; no retained candidate",1,0,,,"","","",""
"Propithecus verreauxi","Nucleus_septalis_triangularis_Vol.mm3","needs_review","unresolved candidate; no retained candidate",1,0,,,"","","",""
"Propithecus verreauxi","Nucleus_subthalamicus_Vol.mm3","needs_review","unresolved candidate; no retained candidate",1,0,,,"","","",""
"Propithecus verreauxi","Nucleus_tractus_olfactorius_Vol.mm3","needs_review","unresolved candidate; no retained candidate",1,0,,,"","","",""
"Propithecus verreauxi","Nucleus_vestibularis_descendens_unilateral_Vol.mm3","needs_review","unresolved candidate; no retained candidate",2,0,,,"","","",""
"Propithecus verreauxi","Nucleus_vestibularis_lateralis_unilateral_Vol.mm3","needs_review","unresolved candidate; no retained candidate",2,0,,,"","","",""
"Propithecus verreauxi","Nucleus_vestibularis_medialis_unilateral_Vol.mm3","needs_review","unresolved candidate; no retained candidate",2,0,,,"","","",""
"Propithecus verreauxi","Nucleus_vestibularis_superior_unilateral_Vol.mm3","needs_review","unresolved candidate; no retained candidate",2,0,,,"","","",""
"Propithecus verreauxi","Palaeocortex_Vol.mm3","needs_review","unresolved candidate; no retained candidate",1,0,,,"","","",""
"Propithecus verreauxi","Pallidum_Vol.mm3","needs_review","unresolved candidate; no retained candidate",1,0,,,"","","",""
"Propithecus verreauxi","Schizo_cortex_Vol.mm3","needs_review","unresolved candidate; no retained candidate",1,0,,,"","","",""
"Propithecus verreauxi","Septum_Vol.mm3","needs_review","unresolved candidate; no retained candidate",1,0,,,"","","",""
"Propithecus verreauxi","Striatum_Vol.mm3","needs_review","unresolved candidate; no retained candidate",1,0,,,"","","",""
"Propithecus verreauxi","Subthalamus_Vol.mm3","needs_review","unresolved candidate; no retained candidate",1,0,,,"","","",""
"Propithecus verreauxi","Telencephalon_Vol.mm3","needs_review","unresolved candidate; no retained candidate",1,0,,,"","","",""
"Propithecus verreauxi","Thalamus_Vol.mm3","needs_review","unresolved candidate; no retained candidate",1,0,,,"","","",""
"Propithecus verreauxi","Total_brain_net_volume_Vol.mm3","needs_review","unresolved candidate; no retained candidate",1,0,,,"","","",""
"Propithecus verreauxi","Tractus_opticus_Vol.mm3","needs_review","unresolved candidate; no retained candidate",1,0,,,"","","",""
"Propithecus verreauxi","Ventral_pons_Vol.mm3","needs_review","unresolved candidate; no retained candidate",1,0,,,"","","",""
"Propithecus verreauxi","Ventricles_Vol.mm3","needs_review","unresolved candidate; no retained candidate",1,0,,,"","","",""
"Pygathrix nemaeus","Bulbus_olfactorius_accessorius_Vol.mm3","needs_review","unresolved candidate; no retained candidate",1,0,,,"","","",""
"Pygathrix nemaeus","Bulbus_olfactorius_Vol.mm3","needs_review","unresolved candidate; no retained candidate",1,0,,,"","","",""
"Pygathrix nemaeus","Cerebellar_nuclei_total_Vol.mm3","needs_review","unresolved candidate; no retained candidate",1,0,,,"","","",""
"Pygathrix nemaeus","Cerebellum_Vol.mm3","needs_review","unresolved candidate; no retained candidate",1,0,,,"","","",""
"Pygathrix nemaeus","Complexus_vestibularis_unilateral_Vol.mm3","needs_review","unresolved candidate; no retained candidate",1,0,,,"","","",""
"Pygathrix nemaeus","Corpus_geniculatum_laterale_Vol.mm3","needs_review","unresolved candidate; no retained candidate",1,0,,,"","","",""
"Pygathrix nemaeus","Diencephalon_Vol.mm3","needs_review","unresolved candidate; no retained candidate",1,0,,,"","","",""
"Pygathrix nemaeus","Hippocampus_Vol.mm3","needs_review","unresolved candidate; no retained candidate",1,0,,,"","","",""
"Pygathrix nemaeus","Interpositus_cerebellar_nuclei_Vol.mm3","needs_review","unresolved candidate; no retained candidate",1,0,,,"","","",""
"Pygathrix nemaeus","Lateral_cerebellar_nuclei_Vol.mm3","needs_review","unresolved candidate; no retained candidate",1,0,,,"","","",""
"Pygathrix nemaeus","Lobus_piriformis_Vol.mm3","needs_review","unresolved candidate; no retained candidate",1,0,,,"","","",""
"Pygathrix nemaeus","Medial_cerebellar_nuclei_Vol.mm3","needs_review","unresolved candidate; no retained candidate",1,0,,,"","","",""
"Pygathrix nemaeus","Medulla_oblongata_Vol.mm3","needs_review","unresolved candidate; no retained candidate",1,0,,,"","","",""
"Pygathrix nemaeus","Mesencephalon_Vol.mm3","needs_review","unresolved candidate; no retained candidate",1,0,,,"","","",""
"Pygathrix nemaeus","Neocortex_Vol.mm3","needs_review","unresolved candidate; no retained candidate",1,0,,,"","","",""
"Pygathrix nemaeus","Nucleus_vestibularis_descendens_unilateral_Vol.mm3","needs_review","unresolved candidate; no retained candidate",1,0,,,"","","",""
"Pygathrix nemaeus","Nucleus_vestibularis_lateralis_unilateral_Vol.mm3","needs_review","unresolved candidate; no retained candidate",1,0,,,"","","",""
"Pygathrix nemaeus","Nucleus_vestibularis_medialis_unilateral_Vol.mm3","needs_review","unresolved candidate; no retained candidate",1,0,,,"","","",""
"Pygathrix nemaeus","Nucleus_vestibularis_superior_unilateral_Vol.mm3","needs_review","unresolved candidate; no retained candidate",1,0,,,"","","",""
"Pygathrix nemaeus","Schizo_cortex_Vol.mm3","needs_review","unresolved candidate; no retained candidate",1,0,,,"","","",""
"Pygathrix nemaeus","Septum_Vol.mm3","needs_review","unresolved candidate; no retained candidate",1,0,,,"","","",""
"Pygathrix nemaeus","Striatum_Vol.mm3","needs_review","unresolved candidate; no retained candidate",1,0,,,"","","",""
"Pygathrix nemaeus","Telencephalon_Vol.mm3","needs_review","unresolved candidate; no retained candidate",1,0,,,"","","",""
"Pygathrix nemaeus","Total_brain_net_volume_Vol.mm3","needs_review","unresolved candidate; no retained candidate",1,0,,,"","","",""
"Pygathrix nemaeus","Ventral_pons_Vol.mm3","needs_review","unresolved candidate; no retained candidate",1,0,,,"","","",""
"Pygathrix nemaeus","Ventricles_Vol.mm3","needs_review","unresolved candidate; no retained candidate",1,0,,,"","","",""
"Saguinus geoffroyi","Agranular_insular_cortex_left_Vol.mm3","needs_review","unresolved candidate; no retained candidate",1,0,,,"","","",""
"Saguinus geoffroyi","Dysgranular_insular_cortex_left_Vol.mm3","needs_review","unresolved candidate; no retained candidate",1,0,,,"","","",""
"Saguinus geoffroyi","Granular_insular_cortex_left_Vol.mm3","needs_review","unresolved candidate; no retained candidate",1,0,,,"","","",""
"Saguinus geoffroyi","Insula_left_Vol.mm3","needs_review","unresolved candidate; no retained candidate",1,0,,,"","","",""
"Saguinus geoffroyi","Total_brain_net_volume_Vol.mm3","needs_review","unresolved candidate; no retained candidate",1,0,,,"","","",""
"Saguinus midas","Area_striata_grey_matter_Vol.mm3","needs_review","unresolved candidate; no retained candidate",1,0,,,"","","",""
"Saguinus midas","Area_striata_Vol.mm3","needs_review","unresolved candidate; no retained candidate",2,0,,,"","","",""
"Saguinus midas","Area_striata_white_matter_Vol.mm3","needs_review","unresolved candidate; no retained candidate",1,0,,,"","","",""
"Saguinus midas","Bulbus_olfactorius_accessorius_Vol.mm3","needs_review","unresolved candidate; no retained candidate",1,0,,,"","","",""
"Saguinus midas","Bulbus_olfactorius_Vol.mm3","needs_review","unresolved candidate; no retained candidate",1,0,,,"","","",""
"Saguinus midas","Cerebellar_nuclei_total_Vol.mm3","needs_review","unresolved candidate; no retained candidate",1,0,,,"","","",""
"Saguinus midas","Cerebellum_Vol.mm3","needs_review","unresolved candidate; no retained candidate",1,0,,,"","","",""
"Saguinus midas","Complexus_vestibularis_unilateral_Vol.mm3","needs_review","unresolved candidate; no retained candidate",1,0,,,"","","",""
"Saguinus midas","Corpus_geniculatum_laterale_Vol.mm3","needs_review","unresolved candidate; no retained candidate",1,0,,,"","","",""
"Saguinus midas","Corpus_pineal_Vol.mm3","needs_review","unresolved candidate; no retained candidate",1,0,,,"","","",""
"Saguinus midas","Corpus_subcommissurale_Vol.mm3","needs_review","unresolved candidate; no retained candidate",1,0,,,"","","",""
"Saguinus midas","Corpus_subfornicale_Vol.mm3","needs_review","unresolved candidate; no retained candidate",1,0,,,"","","",""
"Saguinus midas","Diencephalon_Vol.mm3","needs_review","unresolved candidate; no retained candidate",1,0,,,"","","",""
"Saguinus midas","Hippocampus_Vol.mm3","needs_review","unresolved candidate; no retained candidate",1,0,,,"","","",""
"Saguinus midas","Interpositus_cerebellar_nuclei_Vol.mm3","needs_review","unresolved candidate; no retained candidate",1,0,,,"","","",""
"Saguinus midas","Lateral_cerebellar_nuclei_Vol.mm3","needs_review","unresolved candidate; no retained candidate",1,0,,,"","","",""
"Saguinus midas","Lobus_piriformis_Vol.mm3","needs_review","unresolved candidate; no retained candidate",1,0,,,"","","",""
"Saguinus midas","Medial_cerebellar_nuclei_Vol.mm3","needs_review","unresolved candidate; no retained candidate",1,0,,,"","","",""
"Saguinus midas","Medulla_oblongata_Vol.mm3","needs_review","unresolved candidate; no retained candidate",1,0,,,"","","",""
"Saguinus midas","Mesencephalon_Vol.mm3","needs_review","unresolved candidate; no retained candidate",1,0,,,"","","",""
"Saguinus midas","Neocortex_Vol.mm3","needs_review","unresolved candidate; no retained candidate",1,0,,,"","","",""
"Saguinus midas","Nucleus_habenularis_medialis_Vol.mm3","needs_review","unresolved candidate; no retained candidate",1,0,,,"","","",""
"Saguinus midas","Nucleus_septalis_triangularis_Vol.mm3","needs_review","unresolved candidate; no retained candidate",1,0,,,"","","",""
"Saguinus midas","Nucleus_vestibularis_descendens_unilateral_Vol.mm3","needs_review","unresolved candidate; no retained candidate",1,0,,,"","","",""
"Saguinus midas","Nucleus_vestibularis_lateralis_unilateral_Vol.mm3","needs_review","unresolved candidate; no retained candidate",1,0,,,"","","",""
"Saguinus midas","Nucleus_vestibularis_medialis_unilateral_Vol.mm3","needs_review","unresolved candidate; no retained candidate",1,0,,,"","","",""
"Saguinus midas","Nucleus_vestibularis_superior_unilateral_Vol.mm3","needs_review","unresolved candidate; no retained candidate",1,0,,,"","","",""
"Saguinus midas","Schizo_cortex_Vol.mm3","needs_review","unresolved candidate; no retained candidate",1,0,,,"","","",""
"Saguinus midas","Septum_Vol.mm3","needs_review","unresolved candidate; no retained candidate",1,0,,,"","","",""
"Saguinus midas","Striatum_Vol.mm3","needs_review","unresolved candidate; no retained candidate",1,0,,,"","","",""
"Saguinus midas","Telencephalon_Vol.mm3","needs_review","unresolved candidate; no retained candidate",1,0,,,"","","",""
"Saguinus midas","Total_brain_net_volume_Vol.mm3","needs_review","unresolved candidate; no retained candidate",1,0,,,"","","",""
"Saguinus midas","Ventral_pons_Vol.mm3","needs_review","unresolved candidate; no retained candidate",1,0,,,"","","",""
"Saguinus midas","Ventricles_Vol.mm3","needs_review","unresolved candidate; no retained candidate",1,0,,,"","","",""
"Saguinus oedipus","Agranular_insular_cortex_left_Vol.mm3","needs_review","unresolved candidate; no retained candidate",1,0,,,"","","",""
"Saguinus oedipus","Area_striata_grey_matter_Vol.mm3","needs_review","unresolved candidate; no retained candidate",1,0,,,"","","",""
"Saguinus oedipus","Area_striata_Vol.mm3","needs_review","unresolved candidate; no retained candidate",2,0,,,"","","",""
"Saguinus oedipus","Area_striata_white_matter_Vol.mm3","needs_review","unresolved candidate; no retained candidate",1,0,,,"","","",""
"Saguinus oedipus","Bulbus_olfactorius_accessorius_Vol.mm3","needs_review","unresolved candidate; no retained candidate",1,0,,,"","","",""
"Saguinus oedipus","Bulbus_olfactorius_Vol.mm3","needs_review","unresolved candidate; no retained candidate",1,0,,,"","","",""
"Saguinus oedipus","Capsula_interna_Vol.mm3","needs_review","unresolved candidate; no retained candidate",1,0,,,"","","",""
"Saguinus oedipus","Cerebellar_nuclei_total_Vol.mm3","needs_review","unresolved candidate; no retained candidate",1,0,,,"","","",""
"Saguinus oedipus","Cerebellum_Vol.mm3","needs_review","unresolved candidate; no retained candidate",1,0,,,"","","",""
"Saguinus oedipus","Complexus_vestibularis_unilateral_Vol.mm3","needs_review","unresolved candidate; no retained candidate",2,0,,,"","","",""
"Saguinus oedipus","Corpus_geniculatum_laterale_Vol.mm3","needs_review","unresolved candidate; no retained candidate",2,0,,,"","","",""
"Saguinus oedipus","Corpus_pineal_Vol.mm3","needs_review","unresolved candidate; no retained candidate",1,0,,,"","","",""
"Saguinus oedipus","Corpus_subcommissurale_Vol.mm3","needs_review","unresolved candidate; no retained candidate",1,0,,,"","","",""
"Saguinus oedipus","Corpus_subfornicale_Vol.mm3","needs_review","unresolved candidate; no retained candidate",1,0,,,"","","",""
"Saguinus oedipus","Diencephalon_Vol.mm3","needs_review","unresolved candidate; no retained candidate",1,0,,,"","","",""
"Saguinus oedipus","Dysgranular_insular_cortex_left_Vol.mm3","needs_review","unresolved candidate; no retained candidate",1,0,,,"","","",""
"Saguinus oedipus","Epithalamus_Vol.mm3","needs_review","unresolved candidate; no retained candidate",1,0,,,"","","",""
"Saguinus oedipus","Granular_insular_cortex_left_Vol.mm3","needs_review","unresolved candidate; no retained candidate",1,0,,,"","","",""
"Saguinus oedipus","Hippocampus_Vol.mm3","needs_review","unresolved candidate; no retained candidate",1,0,,,"","","",""
"Saguinus oedipus","Hypothalamus_Vol.mm3","needs_review","unresolved candidate; no retained candidate",1,0,,,"","","",""
"Saguinus oedipus","Insula_left_Vol.mm3","needs_review","unresolved candidate; no retained candidate",1,0,,,"","","",""
"Saguinus oedipus","Interpositus_cerebellar_nuclei_Vol.mm3","needs_review","unresolved candidate; no retained candidate",1,0,,,"","","",""
"Saguinus oedipus","Lateral_cerebellar_nuclei_Vol.mm3","needs_review","unresolved candidate; no retained candidate",1,0,,,"","","",""
"Saguinus oedipus","Lobus_piriformis_Vol.mm3","needs_review","unresolved candidate; no retained candidate",1,0,,,"","","",""
"Saguinus oedipus","Medial_cerebellar_nuclei_Vol.mm3","needs_review","unresolved candidate; no retained candidate",1,0,,,"","","",""
"Saguinus oedipus","Medulla_oblongata_Vol.mm3","needs_review","unresolved candidate; no retained candidate",1,0,,,"","","",""
"Saguinus oedipus","Mesencephalon_Vol.mm3","needs_review","unresolved candidate; no retained candidate",1,0,,,"","","",""
"Saguinus oedipus","Neocortex_Vol.mm3","needs_review","unresolved candidate; no retained candidate",1,0,,,"","","",""
"Saguinus oedipus","Nucleus_habenularis_medialis_Vol.mm3","needs_review","unresolved candidate; no retained candidate",1,0,,,"","","",""
"Saguinus oedipus","Nucleus_septalis_triangularis_Vol.mm3","needs_review","unresolved candidate; no retained candidate",1,0,,,"","","",""
"Saguinus oedipus","Nucleus_subthalamicus_Vol.mm3","needs_review","unresolved candidate; no retained candidate",1,0,,,"","","",""
"Saguinus oedipus","Nucleus_vestibularis_descendens_unilateral_Vol.mm3","needs_review","unresolved candidate; no retained candidate",2,0,,,"","","",""
"Saguinus oedipus","Nucleus_vestibularis_lateralis_unilateral_Vol.mm3","needs_review","unresolved candidate; no retained candidate",2,0,,,"","","",""
"Saguinus oedipus","Nucleus_vestibularis_medialis_unilateral_Vol.mm3","needs_review","unresolved candidate; no retained candidate",2,0,,,"","","",""
"Saguinus oedipus","Nucleus_vestibularis_superior_unilateral_Vol.mm3","needs_review","unresolved candidate; no retained candidate",2,0,,,"","","",""
"Saguinus oedipus","Pallidum_Vol.mm3","needs_review","unresolved candidate; no retained candidate",1,0,,,"","","",""
"Saguinus oedipus","Schizo_cortex_Vol.mm3","needs_review","unresolved candidate; no retained candidate",1,0,,,"","","",""
"Saguinus oedipus","Septum_Vol.mm3","needs_review","unresolved candidate; no retained candidate",1,0,,,"","","",""
"Saguinus oedipus","Striatum_Vol.mm3","needs_review","unresolved candidate; no retained candidate",1,0,,,"","","",""
"Saguinus oedipus","Subthalamus_Vol.mm3","needs_review","unresolved candidate; no retained candidate",1,0,,,"","","",""
"Saguinus oedipus","Telencephalon_Vol.mm3","needs_review","unresolved candidate; no retained candidate",1,0,,,"","","",""
"Saguinus oedipus","Thalamus_Vol.mm3","needs_review","unresolved candidate; no retained candidate",1,0,,,"","","",""
"Saguinus oedipus","Total_brain_net_volume_Vol.mm3","needs_review","unresolved candidate; no retained candidate",2,0,,,"","","",""
"Saguinus oedipus","Tractus_opticus_Vol.mm3","needs_review","unresolved candidate; no retained candidate",1,0,,,"","","",""
"Saguinus oedipus","Ventral_pons_Vol.mm3","needs_review","unresolved candidate; no retained candidate",1,0,,,"","","",""
"Saguinus oedipus","Ventricles_Vol.mm3","needs_review","unresolved candidate; no retained candidate",1,0,,,"","","",""
"Saimiri sciureus","Amygdala_Vol.mm3","needs_review","unresolved candidate; no retained candidate",1,0,,,"","","",""
"Saimiri sciureus","Area_striata_grey_matter_Vol.mm3","needs_review","unresolved candidate; no retained candidate",1,0,,,"","","",""
"Saimiri sciureus","Area_striata_lamina_1_Vol.mm3","needs_review","unresolved candidate; no retained candidate",1,0,,,"","","",""
"Saimiri sciureus","Area_striata_laminae_2_6_Vol.mm3","needs_review","unresolved candidate; no retained candidate",1,0,,,"","","",""
"Saimiri sciureus","Area_striata_Vol.mm3","needs_review","unresolved candidate; no retained candidate",2,0,,,"","","",""
"Saimiri sciureus","Area_striata_white_matter_Vol.mm3","needs_review","unresolved candidate; no retained candidate",1,0,,,"","","",""
"Saimiri sciureus","Bulbus_olfactorius_accessorius_Vol.mm3","needs_review","unresolved candidate; no retained candidate",1,0,,,"","","",""
"Saimiri sciureus","Bulbus_olfactorius_Vol.mm3","needs_review","unresolved candidate; no retained candidate",1,0,,,"","","",""
"Saimiri sciureus","Capsula_interna_Vol.mm3","needs_review","unresolved candidate; no retained candidate",1,0,,,"","","",""
"Saimiri sciureus","Cerebellar_nuclei_total_Vol.mm3","needs_review","unresolved candidate; no retained candidate",1,0,,,"","","",""
"Saimiri sciureus","Cerebellum_Vol.mm3","needs_review","unresolved candidate; no retained candidate",1,0,,,"","","",""
"Saimiri sciureus","Complexus_centromedialis_Vol.mm3","needs_review","unresolved candidate; no retained candidate",1,0,,,"","","",""
"Saimiri sciureus","Complexus_corticobasolateralis_Vol.mm3","needs_review","unresolved candidate; no retained candidate",1,0,,,"","","",""
"Saimiri sciureus","Complexus_vestibularis_unilateral_Vol.mm3","needs_review","unresolved candidate; no retained candidate",2,0,,,"","","",""
"Saimiri sciureus","Corpus_geniculatum_laterale_Vol.mm3","needs_review","unresolved candidate; no retained candidate",2,0,,,"","","",""
"Saimiri sciureus","Corpus_pineal_Vol.mm3","needs_review","unresolved candidate; no retained candidate",1,0,,,"","","",""
"Saimiri sciureus","Corpus_subcommissurale_Vol.mm3","needs_review","unresolved candidate; no retained candidate",1,0,,,"","","",""
"Saimiri sciureus","Corpus_subfornicale_Vol.mm3","needs_review","unresolved candidate; no retained candidate",1,0,,,"","","",""
"Saimiri sciureus","Diencephalon_Vol.mm3","needs_review","unresolved candidate; no retained candidate",1,0,,,"","","",""
"Saimiri sciureus","Epithalamus_Vol.mm3","needs_review","unresolved candidate; no retained candidate",1,0,,,"","","",""
"Saimiri sciureus","Hippocampus_Vol.mm3","needs_review","unresolved candidate; no retained candidate",1,0,,,"","","",""
"Saimiri sciureus","Hypothalamus_Vol.mm3","needs_review","unresolved candidate; no retained candidate",1,0,,,"","","",""
"Saimiri sciureus","Interpositus_cerebellar_nuclei_Vol.mm3","needs_review","unresolved candidate; no retained candidate",1,0,,,"","","",""
"Saimiri sciureus","Lateral_cerebellar_nuclei_Vol.mm3","needs_review","unresolved candidate; no retained candidate",1,0,,,"","","",""
"Saimiri sciureus","Lobus_piriformis_Vol.mm3","needs_review","unresolved candidate; no retained candidate",1,0,,,"","","",""
"Saimiri sciureus","Medial_cerebellar_nuclei_Vol.mm3","needs_review","unresolved candidate; no retained candidate",1,0,,,"","","",""
"Saimiri sciureus","Medulla_oblongata_Vol.mm3","needs_review","unresolved candidate; no retained candidate",1,0,,,"","","",""
"Saimiri sciureus","Mesencephalon_Vol.mm3","needs_review","unresolved candidate; no retained candidate",1,0,,,"","","",""
"Saimiri sciureus","Neocortex_grey_matter_Vol.mm3","needs_review","unresolved candidate; no retained candidate",1,0,,,"","","",""
"Saimiri sciureus","Neocortex_lamina_1_Vol.mm3","needs_review","unresolved candidate; no retained candidate",1,0,,,"","","",""
"Saimiri sciureus","Neocortex_laminae_2_6_Vol.mm3","needs_review","unresolved candidate; no retained candidate",1,0,,,"","","",""
"Saimiri sciureus","Neocortex_Vol.mm3","needs_review","unresolved candidate; no retained candidate",2,0,,,"","","",""
"Saimiri sciureus","Neocortex_white_matter_Vol.mm3","needs_review","unresolved candidate; no retained candidate",1,0,,,"","","",""
"Saimiri sciureus","Nucleus_amygdalae_basalis_pars_magnocellularis_Vol.mm3","needs_review","unresolved candidate; no retained candidate",1,0,,,"","","",""
"Saimiri sciureus","Nucleus_habenularis_medialis_Vol.mm3","needs_review","unresolved candidate; no retained candidate",1,0,,,"","","",""
"Saimiri sciureus","Nucleus_septalis_triangularis_Vol.mm3","needs_review","unresolved candidate; no retained candidate",1,0,,,"","","",""
"Saimiri sciureus","Nucleus_subthalamicus_Vol.mm3","needs_review","unresolved candidate; no retained candidate",1,0,,,"","","",""
"Saimiri sciureus","Nucleus_tractus_olfactorius_Vol.mm3","needs_review","unresolved candidate; no retained candidate",1,0,,,"","","",""
"Saimiri sciureus","Nucleus_vestibularis_descendens_unilateral_Vol.mm3","needs_review","unresolved candidate; no retained candidate",2,0,,,"","","",""
"Saimiri sciureus","Nucleus_vestibularis_lateralis_unilateral_Vol.mm3","needs_review","unresolved candidate; no retained candidate",2,0,,,"","","",""
"Saimiri sciureus","Nucleus_vestibularis_medialis_unilateral_Vol.mm3","needs_review","unresolved candidate; no retained candidate",2,0,,,"","","",""
"Saimiri sciureus","Nucleus_vestibularis_superior_unilateral_Vol.mm3","needs_review","unresolved candidate; no retained candidate",2,0,,,"","","",""
"Saimiri sciureus","Palaeocortex_Vol.mm3","needs_review","unresolved candidate; no retained candidate",1,0,,,"","","",""
"Saimiri sciureus","Pallidum_Vol.mm3","needs_review","unresolved candidate; no retained candidate",1,0,,,"","","",""
"Saimiri sciureus","Schizo_cortex_Vol.mm3","needs_review","unresolved candidate; no retained candidate",1,0,,,"","","",""
"Saimiri sciureus","Septum_Vol.mm3","needs_review","unresolved candidate; no retained candidate",1,0,,,"","","",""
"Saimiri sciureus","Striatum_Vol.mm3","needs_review","unresolved candidate; no retained candidate",1,0,,,"","","",""
"Saimiri sciureus","Subthalamus_Vol.mm3","needs_review","unresolved candidate; no retained candidate",1,0,,,"","","",""
"Saimiri sciureus","Telencephalon_Vol.mm3","needs_review","unresolved candidate; no retained candidate",1,0,,,"","","",""
"Saimiri sciureus","Thalamus_Vol.mm3","needs_review","unresolved candidate; no retained candidate",1,0,,,"","","",""
"Saimiri sciureus","Total_brain_net_volume_Vol.mm3","needs_review","unresolved candidate; no retained candidate",1,0,,,"","","",""
"Saimiri sciureus","Tractus_opticus_Vol.mm3","needs_review","unresolved candidate; no retained candidate",1,0,,,"","","",""
"Saimiri sciureus","Ventral_pons_Vol.mm3","needs_review","unresolved candidate; no retained candidate",1,0,,,"","","",""
"Saimiri sciureus","Ventricles_Vol.mm3","needs_review","unresolved candidate; no retained candidate",1,0,,,"","","",""
"Symphalangus syndactylus","Agranular_insular_cortex_left_Vol.mm3","needs_review","unresolved candidate; no retained candidate",1,0,,,"","","",""
"Symphalangus syndactylus","Area_striata_grey_matter_left_Vol.mm3","needs_review","unresolved candidate; no retained candidate",1,0,,,"","","",""
"Symphalangus syndactylus","Dysgranular_insular_cortex_left_Vol.mm3","needs_review","unresolved candidate; no retained candidate",1,0,,,"","","",""
"Symphalangus syndactylus","Granular_insular_cortex_left_Vol.mm3","needs_review","unresolved candidate; no retained candidate",1,0,,,"","","",""
"Symphalangus syndactylus","Insula_left_Vol.mm3","needs_review","unresolved candidate; no retained candidate",1,0,,,"","","",""
"Symphalangus syndactylus","Total_brain_net_volume_Vol.mm3","needs_review","unresolved candidate; no retained candidate",2,0,,,"","","",""
"Tarsius sp.","Amygdala_Vol.mm3","needs_review","unresolved candidate; no retained candidate",1,0,,,"","","",""
"Tarsius sp.","Area_striata_grey_matter_Vol.mm3","needs_review","unresolved candidate; no retained candidate",1,0,,,"","","",""
"Tarsius sp.","Area_striata_lamina_1_Vol.mm3","needs_review","unresolved candidate; no retained candidate",1,0,,,"","","",""
"Tarsius sp.","Area_striata_laminae_2_6_Vol.mm3","needs_review","unresolved candidate; no retained candidate",1,0,,,"","","",""
"Tarsius sp.","Area_striata_Vol.mm3","needs_review","unresolved candidate; no retained candidate",2,0,,,"","","",""
"Tarsius sp.","Area_striata_white_matter_Vol.mm3","needs_review","unresolved candidate; no retained candidate",1,0,,,"","","",""
"Tarsius sp.","Bulbus_olfactorius_accessorius_Vol.mm3","needs_review","unresolved candidate; no retained candidate",1,0,,,"","","",""
"Tarsius sp.","Bulbus_olfactorius_Vol.mm3","needs_review","unresolved candidate; no retained candidate",1,0,,,"","","",""
"Tarsius sp.","Capsula_interna_Vol.mm3","needs_review","unresolved candidate; no retained candidate",1,0,,,"","","",""
"Tarsius sp.","Cerebellar_nuclei_total_Vol.mm3","needs_review","unresolved candidate; no retained candidate",1,0,,,"","","",""
"Tarsius sp.","Cerebellum_Vol.mm3","needs_review","unresolved candidate; no retained candidate",1,0,,,"","","",""
"Tarsius sp.","Complexus_centromedialis_Vol.mm3","needs_review","unresolved candidate; no retained candidate",1,0,,,"","","",""
"Tarsius sp.","Complexus_corticobasolateralis_Vol.mm3","needs_review","unresolved candidate; no retained candidate",1,0,,,"","","",""
"Tarsius sp.","Complexus_vestibularis_unilateral_Vol.mm3","needs_review","unresolved candidate; no retained candidate",2,0,,,"","","",""
"Tarsius sp.","Corpus_geniculatum_laterale_Vol.mm3","needs_review","unresolved candidate; no retained candidate",2,0,,,"","","",""
"Tarsius sp.","Corpus_pineal_Vol.mm3","needs_review","unresolved candidate; no retained candidate",1,0,,,"","","",""
"Tarsius sp.","Corpus_subcommissurale_Vol.mm3","needs_review","unresolved candidate; no retained candidate",1,0,,,"","","",""
"Tarsius sp.","Corpus_subfornicale_Vol.mm3","needs_review","unresolved candidate; no retained candidate",1,0,,,"","","",""
"Tarsius sp.","Diencephalon_Vol.mm3","needs_review","unresolved candidate; no retained candidate",1,0,,,"","","",""
"Tarsius sp.","Epithalamus_Vol.mm3","needs_review","unresolved candidate; no retained candidate",1,0,,,"","","",""
"Tarsius sp.","Hippocampus_Vol.mm3","needs_review","unresolved candidate; no retained candidate",1,0,,,"","","",""
"Tarsius sp.","Hypothalamus_Vol.mm3","needs_review","unresolved candidate; no retained candidate",1,0,,,"","","",""
"Tarsius sp.","Interpositus_cerebellar_nuclei_Vol.mm3","needs_review","unresolved candidate; no retained candidate",1,0,,,"","","",""
"Tarsius sp.","Lateral_cerebellar_nuclei_Vol.mm3","needs_review","unresolved candidate; no retained candidate",1,0,,,"","","",""
"Tarsius sp.","Lobus_piriformis_Vol.mm3","needs_review","unresolved candidate; no retained candidate",1,0,,,"","","",""
"Tarsius sp.","Medial_cerebellar_nuclei_Vol.mm3","needs_review","unresolved candidate; no retained candidate",1,0,,,"","","",""
"Tarsius sp.","Medulla_oblongata_Vol.mm3","needs_review","unresolved candidate; no retained candidate",1,0,,,"","","",""
"Tarsius sp.","Mesencephalon_Vol.mm3","needs_review","unresolved candidate; no retained candidate",1,0,,,"","","",""
"Tarsius sp.","Neocortex_grey_matter_Vol.mm3","needs_review","unresolved candidate; no retained candidate",1,0,,,"","","",""
"Tarsius sp.","Neocortex_lamina_1_Vol.mm3","needs_review","unresolved candidate; no retained candidate",1,0,,,"","","",""
"Tarsius sp.","Neocortex_laminae_2_6_Vol.mm3","needs_review","unresolved candidate; no retained candidate",1,0,,,"","","",""
"Tarsius sp.","Neocortex_Vol.mm3","needs_review","unresolved candidate; no retained candidate",2,0,,,"","","",""
"Tarsius sp.","Neocortex_white_matter_Vol.mm3","needs_review","unresolved candidate; no retained candidate",1,0,,,"","","",""
"Tarsius sp.","Nucleus_amygdalae_basalis_pars_magnocellularis_Vol.mm3","needs_review","unresolved candidate; no retained candidate",1,0,,,"","","",""
"Tarsius sp.","Nucleus_habenularis_medialis_Vol.mm3","needs_review","unresolved candidate; no retained candidate",1,0,,,"","","",""
"Tarsius sp.","Nucleus_septalis_triangularis_Vol.mm3","needs_review","unresolved candidate; no retained candidate",1,0,,,"","","",""
"Tarsius sp.","Nucleus_subthalamicus_Vol.mm3","needs_review","unresolved candidate; no retained candidate",1,0,,,"","","",""
"Tarsius sp.","Nucleus_tractus_olfactorius_Vol.mm3","needs_review","unresolved candidate; no retained candidate",1,0,,,"","","",""
"Tarsius sp.","Nucleus_vestibularis_descendens_unilateral_Vol.mm3","needs_review","unresolved candidate; no retained candidate",2,0,,,"","","",""
"Tarsius sp.","Nucleus_vestibularis_lateralis_unilateral_Vol.mm3","needs_review","unresolved candidate; no retained candidate",2,0,,,"","","",""
"Tarsius sp.","Nucleus_vestibularis_medialis_unilateral_Vol.mm3","needs_review","unresolved candidate; no retained candidate",2,0,,,"","","",""
"Tarsius sp.","Nucleus_vestibularis_superior_unilateral_Vol.mm3","needs_review","unresolved candidate; no retained candidate",2,0,,,"","","",""
"Tarsius sp.","Palaeocortex_Vol.mm3","needs_review","unresolved candidate; no retained candidate",1,0,,,"","","",""
"Tarsius sp.","Pallidum_Vol.mm3","needs_review","unresolved candidate; no retained candidate",1,0,,,"","","",""
"Tarsius sp.","Schizo_cortex_Vol.mm3","needs_review","unresolved candidate; no retained candidate",1,0,,,"","","",""
"Tarsius sp.","Septum_Vol.mm3","needs_review","unresolved candidate; no retained candidate",1,0,,,"","","",""
"Tarsius sp.","Striatum_Vol.mm3","needs_review","unresolved candidate; no retained candidate",1,0,,,"","","",""
"Tarsius sp.","Subthalamus_Vol.mm3","needs_review","unresolved candidate; no retained candidate",1,0,,,"","","",""
"Tarsius sp.","Telencephalon_Vol.mm3","needs_review","unresolved candidate; no retained candidate",1,0,,,"","","",""
"Tarsius sp.","Thalamus_Vol.mm3","needs_review","unresolved candidate; no retained candidate",1,0,,,"","","",""
"Tarsius sp.","Total_brain_net_volume_Vol.mm3","needs_review","unresolved candidate; no retained candidate",1,0,,,"","","",""
"Tarsius sp.","Tractus_opticus_Vol.mm3","needs_review","unresolved candidate; no retained candidate",1,0,,,"","","",""
"Tarsius sp.","Ventral_pons_Vol.mm3","needs_review","unresolved candidate; no retained candidate",1,0,,,"","","",""
"Tarsius sp.","Ventricles_Vol.mm3","needs_review","unresolved candidate; no retained candidate",1,0,,,"","","",""
"Trachypithecus francoisi","Agranular_insular_cortex_left_Vol.mm3","needs_review","unresolved candidate; no retained candidate",1,0,,,"","","",""
"Trachypithecus francoisi","Dysgranular_insular_cortex_left_Vol.mm3","needs_review","unresolved candidate; no retained candidate",1,0,,,"","","",""
"Trachypithecus francoisi","Granular_insular_cortex_left_Vol.mm3","needs_review","unresolved candidate; no retained candidate",1,0,,,"","","",""
"Trachypithecus francoisi","Insula_left_Vol.mm3","needs_review","unresolved candidate; no retained candidate",1,0,,,"","","",""
"Trachypithecus francoisi","Total_brain_net_volume_Vol.mm3","needs_review","unresolved candidate; no retained candidate",1,0,,,"","","",""
"Varecia variegata","Agranular_insular_cortex_left_Vol.mm3","needs_review","unresolved candidate; no retained candidate",1,0,,,"","","",""
"Varecia variegata","Area_striata_grey_matter_Vol.mm3","needs_review","unresolved candidate; no retained candidate",1,0,,,"","","",""
"Varecia variegata","Area_striata_Vol.mm3","needs_review","unresolved candidate; no retained candidate",2,0,,,"","","",""
"Varecia variegata","Area_striata_white_matter_Vol.mm3","needs_review","unresolved candidate; no retained candidate",1,0,,,"","","",""
"Varecia variegata","Bulbus_olfactorius_accessorius_Vol.mm3","needs_review","unresolved candidate; no retained candidate",1,0,,,"","","",""
"Varecia variegata","Bulbus_olfactorius_Vol.mm3","needs_review","unresolved candidate; no retained candidate",1,0,,,"","","",""
"Varecia variegata","Cerebellar_nuclei_total_Vol.mm3","needs_review","unresolved candidate; no retained candidate",1,0,,,"","","",""
"Varecia variegata","Cerebellum_Vol.mm3","needs_review","unresolved candidate; no retained candidate",1,0,,,"","","",""
"Varecia variegata","Complexus_vestibularis_unilateral_Vol.mm3","needs_review","unresolved candidate; no retained candidate",1,0,,,"","","",""
"Varecia variegata","Corpus_geniculatum_laterale_Vol.mm3","needs_review","unresolved candidate; no retained candidate",2,0,,,"","","",""
"Varecia variegata","Corpus_pineal_Vol.mm3","needs_review","unresolved candidate; no retained candidate",1,0,,,"","","",""
"Varecia variegata","Corpus_subcommissurale_Vol.mm3","needs_review","unresolved candidate; no retained candidate",1,0,,,"","","",""
"Varecia variegata","Corpus_subfornicale_Vol.mm3","needs_review","unresolved candidate; no retained candidate",1,0,,,"","","",""
"Varecia variegata","Diencephalon_Vol.mm3","needs_review","unresolved candidate; no retained candidate",1,0,,,"","","",""
"Varecia variegata","Dysgranular_insular_cortex_left_Vol.mm3","needs_review","unresolved candidate; no retained candidate",1,0,,,"","","",""
"Varecia variegata","Granular_insular_cortex_left_Vol.mm3","needs_review","unresolved candidate; no retained candidate",1,0,,,"","","",""
"Varecia variegata","Hippocampus_Vol.mm3","needs_review","unresolved candidate; no retained candidate",1,0,,,"","","",""
"Varecia variegata","Insula_left_Vol.mm3","needs_review","unresolved candidate; no retained candidate",1,0,,,"","","",""
"Varecia variegata","Interpositus_cerebellar_nuclei_Vol.mm3","needs_review","unresolved candidate; no retained candidate",1,0,,,"","","",""
"Varecia variegata","Lateral_cerebellar_nuclei_Vol.mm3","needs_review","unresolved candidate; no retained candidate",1,0,,,"","","",""
"Varecia variegata","Lobus_piriformis_Vol.mm3","needs_review","unresolved candidate; no retained candidate",1,0,,,"","","",""
"Varecia variegata","Medial_cerebellar_nuclei_Vol.mm3","needs_review","unresolved candidate; no retained candidate",1,0,,,"","","",""
"Varecia variegata","Medulla_oblongata_Vol.mm3","needs_review","unresolved candidate; no retained candidate",1,0,,,"","","",""
"Varecia variegata","Mesencephalon_Vol.mm3","needs_review","unresolved candidate; no retained candidate",1,0,,,"","","",""
"Varecia variegata","Neocortex_Vol.mm3","needs_review","unresolved candidate; no retained candidate",1,0,,,"","","",""
"Varecia variegata","Nucleus_habenularis_medialis_Vol.mm3","needs_review","unresolved candidate; no retained candidate",1,0,,,"","","",""
"Varecia variegata","Nucleus_septalis_triangularis_Vol.mm3","needs_review","unresolved candidate; no retained candidate",1,0,,,"","","",""
"Varecia variegata","Nucleus_vestibularis_descendens_unilateral_Vol.mm3","needs_review","unresolved candidate; no retained candidate",1,0,,,"","","",""
"Varecia variegata","Nucleus_vestibularis_lateralis_unilateral_Vol.mm3","needs_review","unresolved candidate; no retained candidate",1,0,,,"","","",""
"Varecia variegata","Nucleus_vestibularis_medialis_unilateral_Vol.mm3","needs_review","unresolved candidate; no retained candidate",1,0,,,"","","",""
"Varecia variegata","Nucleus_vestibularis_superior_unilateral_Vol.mm3","needs_review","unresolved candidate; no retained candidate",1,0,,,"","","",""
"Varecia variegata","Schizo_cortex_Vol.mm3","needs_review","unresolved candidate; no retained candidate",1,0,,,"","","",""
"Varecia variegata","Septum_Vol.mm3","needs_review","unresolved candidate; no retained candidate",1,0,,,"","","",""
"Varecia variegata","Striatum_Vol.mm3","needs_review","unresolved candidate; no retained candidate",1,0,,,"","","",""
"Varecia variegata","Telencephalon_Vol.mm3","needs_review","unresolved candidate; no retained candidate",1,0,,,"","","",""
"Varecia variegata","Total_brain_net_volume_Vol.mm3","needs_review","unresolved candidate; no retained candidate",2,0,,,"","","",""
"Varecia variegata","Ventral_pons_Vol.mm3","needs_review","unresolved candidate; no retained candidate",1,0,,,"","","",""
"Varecia variegata","Ventricles_Vol.mm3","needs_review","unresolved candidate; no retained candidate",1,0,,,"","","",""
